"query_id","class_id","true_gallery_id","true_rank","top01_gallery_id","top02_gallery_id","top03_gallery_id","top04_gallery_id","top05_gallery_id","top06_gallery_id","top07_gallery_id","top08_gallery_id","top09_gallery_id","top10_gallery_id","top11_gallery_id","top12_gallery_id","top13_gallery_id","top14_gallery_id","top15_gallery_id","top16_gallery_id","top17_gallery_id","top18_gallery_id","top19_gallery_id","top20_gallery_id"
"fq000001","vx_6ddeac381ea9502a","fg0001","351","fg0888","fg0123","fg0545","fg0617","fg0763","fg0739","fg0180","fg0871","fg0781","fg0839","fg0036","fg0807","fg0638","fg0882","fg0311","fg0601","fg0420","fg0705","fg0221","fg0256"
"fq000002","vx_6ddeac381ea9502a","fg0001","396","fg0888","fg0545","fg0617","fg0781","fg0705","fg0691","fg0036","fg0807","fg0256","fg0638","fg0839","fg0681","fg0123","fg0398","fg0763","fg0857","fg0739","fg0789","fg0601","fg0180"
"fq000003","vx_6ddeac381ea9502a","fg0001","416","fg0705","fg0617","fg0545","fg0888","fg0781","fg0691","fg0311","fg0857","fg0681","fg0638","fg0036","fg0123","fg0601","fg0256","fg0807","fg0206","fg0183","fg0789","fg0451","fg0998"
"fq000004","vx_6ddeac381ea9502a","fg0001","467","fg0888","fg0781","fg0617","fg0601","fg0681","fg0705","fg0691","fg0545","fg0256","fg0857","fg0789","fg0807","fg0148","fg0246","fg0311","fg0638","fg0262","fg0871","fg0451","fg0687"
"fq000005","vx_7987aeee0fad32f4","fg0002","1","fg0002","fg0141","fg0175","fg0240","fg0134","fg0745","fg0901","fg0783","fg0554","fg0586","fg0587","fg0689","fg0337","fg0391","fg0870","fg0363","fg0245","fg0115","fg0540","fg0128"
"fq000006","vx_b809225e843d525d","fg0003","1","fg0003","fg0975","fg0808","fg0773","fg0712","fg0606","fg0703","fg0850","fg0587","fg0598","fg0986","fg0937","fg0384","fg0203","fg0642","fg0669","fg0286","fg0473","fg0965","fg0973"
"fq000007","vx_b809225e843d525d","fg0003","1","fg0003","fg0808","fg0975","fg0703","fg0712","fg0773","fg0606","fg0986","fg0850","fg0384","fg0937","fg0676","fg0286","fg0598","fg0587","fg0218","fg0965","fg0446","fg0956","fg0382"
"fq000008","vx_500a69b74f502c18","fg0004","1","fg0004","fg0266","fg0608","fg0443","fg0105","fg0309","fg0887","fg0694","fg0541","fg0290","fg0546","fg0934","fg0168","fg0269","fg0236","fg0338","fg0111","fg0838","fg0394","fg0416"
"fq000009","vx_1792aa550c914d7c","fg0005","1","fg0005","fg0009","fg0232","fg0757","fg0918","fg0705","fg0181","fg0727","fg0776","fg0546","fg0032","fg0929","fg0381","fg0833","fg0986","fg0188","fg0088","fg0483","fg1000","fg0715"
"fq000010","vx_4f89938d5bda39f5","fg0006","1","fg0006","fg0850","fg0851","fg0370","fg0996","fg0799","fg0692","fg0642","fg0753","fg0660","fg0158","fg0870","fg0024","fg0578","fg0845","fg0494","fg0830","fg0553","fg0867","fg0946"
"fq000011","vx_4f89938d5bda39f5","fg0006","1","fg0006","fg0850","fg0606","fg0660","fg0851","fg0578","fg0867","fg0642","fg0323","fg0370","fg0494","fg0973","fg0539","fg0996","fg0595","fg0288","fg0081","fg0084","fg0845","fg0799"
"fq000012","vx_bfdcbd83893aa36b","fg0007","1","fg0007","fg0030","fg0788","fg0960","fg0212","fg0085","fg0924","fg0330","fg0974","fg0473","fg0979","fg0829","fg0647","fg0819","fg0975","fg0603","fg0483","fg0605","fg0806","fg0040"
"fq000013","vx_bfdcbd83893aa36b","fg0007","1","fg0007","fg0960","fg0788","fg0330","fg0472","fg0030","fg0085","fg0107","fg0891","fg0530","fg0082","fg0564","fg0096","fg0371","fg0974","fg0924","fg0473","fg0862","fg0146","fg0829"
"fq000014","vx_bfdcbd83893aa36b","fg0007","1","fg0007","fg0960","fg0330","fg0788","fg0030","fg0085","fg0974","fg0530","fg0082","fg0663","fg0146","fg0107","fg0891","fg0472","fg0371","fg0260","fg0829","fg0167","fg0924","fg0862"
"fq000015","vx_3fa41f8a36512a76","fg0008","1","fg0008","fg0063","fg0516","fg0765","fg0601","fg0873","fg0550","fg0264","fg0166","fg0822","fg0072","fg0558","fg0007","fg0839","fg0859","fg0738","fg0890","fg0348","fg0698","fg0432"
"fq000016","vx_3fa41f8a36512a76","fg0008","1","fg0008","fg0063","fg0516","fg0558","fg0765","fg0873","fg0550","fg0072","fg0545","fg0432","fg0601","fg0264","fg0822","fg0166","fg0021","fg0839","fg0994","fg0287","fg0859","fg0707"
"fq000017","vx_3fa41f8a36512a76","fg0008","1","fg0008","fg0063","fg0516","fg0550","fg0072","fg0601","fg0765","fg0873","fg0166","fg0558","fg0545","fg0264","fg0432","fg0839","fg0822","fg0890","fg0859","fg0845","fg0007","fg0531"
"fq000018","vx_3fa41f8a36512a76","fg0008","1","fg0008","fg0063","fg0516","fg0550","fg0873","fg0072","fg0264","fg0601","fg0765","fg0166","fg0558","fg0432","fg0545","fg0822","fg0839","fg0890","fg0845","fg0859","fg0385","fg0994"
"fq000019","vx_3fa41f8a36512a76","fg0008","1","fg0008","fg0063","fg0516","fg0550","fg0558","fg0873","fg0765","fg0432","fg0264","fg0545","fg0822","fg0072","fg0890","fg0845","fg0707","fg0775","fg0166","fg0283","fg0994","fg0021"
"fq000020","vx_8c0604923ebcd6fa","fg0009","1","fg0009","fg0776","fg0918","fg0581","fg0797","fg0232","fg0741","fg0074","fg0005","fg0198","fg0699","fg0116","fg0674","fg0718","fg0871","fg0834","fg0766","fg0666","fg0295","fg0021"
"fq000021","vx_8c0604923ebcd6fa","fg0009","1","fg0009","fg0776","fg0918","fg0797","fg0581","fg0116","fg0834","fg0295","fg0232","fg0074","fg0005","fg0198","fg0741","fg0674","fg0766","fg0718","fg0021","fg0174","fg0900","fg0013"
"fq000022","vx_8c0604923ebcd6fa","fg0009","1","fg0009","fg0776","fg0918","fg0797","fg0581","fg0666","fg0074","fg0710","fg0720","fg0741","fg0005","fg0810","fg0116","fg0774","fg0674","fg0198","fg0871","fg0718","fg0699","fg0834"
"fq000023","vx_8c0604923ebcd6fa","fg0009","1","fg0009","fg0776","fg0918","fg0710","fg0581","fg0797","fg0666","fg0741","fg0718","fg0074","fg0005","fg0198","fg0232","fg0720","fg0699","fg0810","fg0674","fg0021","fg0116","fg0871"
"fq000024","vx_a7bc2a885fed382c","fg0010","13","fg0201","fg0784","fg0259","fg0713","fg0482","fg0539","fg0345","fg0839","fg0767","fg0426","fg0421","fg0087","fg0010","fg0400","fg0600","fg0062","fg0690","fg0968","fg0823","fg0620"
"fq000025","vx_5ec210ab740422d8","fg0011","1","fg0011","fg0215","fg0657","fg0347","fg0520","fg0365","fg0168","fg0020","fg0015","fg0345","fg0111","fg0325","fg0990","fg0406","fg0211","fg0380","fg0976","fg0312","fg0330","fg0328"
"fq000026","vx_3a040e0d9e5d03bd","fg0012","1","fg0012","fg0951","fg0676","fg0038","fg0795","fg0911","fg0599","fg0630","fg0027","fg0947","fg0156","fg0293","fg0407","fg0738","fg0611","fg0345","fg0304","fg0463","fg0981","fg0026"
"fq000027","vx_8a33e7c9a670ddc8","fg0013","1","fg0013","fg0853","fg0861","fg0626","fg0101","fg0116","fg0145","fg0264","fg0750","fg0514","fg0033","fg0776","fg0009","fg0044","fg0196","fg0074","fg0572","fg0295","fg0151","fg0961"
"fq000028","vx_ec8e411bbe12bbca","fg0014","1","fg0014","fg0514","fg0044","fg0650","fg0711","fg0441","fg0629","fg0823","fg0360","fg0508","fg0199","fg0964","fg0582","fg0089","fg0425","fg0127","fg0538","fg0369","fg0423","fg0550"
"fq000029","vx_ec8e411bbe12bbca","fg0014","1","fg0014","fg0483","fg0773","fg0369","fg0975","fg0471","fg0956","fg0276","fg0203","fg0522","fg0200","fg0920","fg0314","fg0538","fg0218","fg0643","fg0950","fg0441","fg0032","fg0514"
"fq000030","vx_ec8e411bbe12bbca","fg0014","1","fg0014","fg0514","fg0650","fg0089","fg0441","fg0199","fg0360","fg0044","fg0823","fg0508","fg0711","fg0920","fg0423","fg0629","fg0349","fg0582","fg0964","fg0369","fg0314","fg0887"
"fq000031","vx_0715cc56a731bc04","fg0015","1","fg0015","fg0916","fg0312","fg0573","fg0039","fg0082","fg0215","fg0211","fg0941","fg0843","fg0778","fg0942","fg0397","fg0427","fg0811","fg0307","fg0106","fg0960","fg0976","fg0732"
"fq000032","vx_0715cc56a731bc04","fg0015","1","fg0015","fg0039","fg0307","fg0843","fg0916","fg0082","fg0852","fg0594","fg0855","fg0211","fg0960","fg0941","fg0573","fg0490","fg0397","fg0778","fg0513","fg0732","fg0106","fg0663"
"fq000033","vx_68d6c21266d0a622","fg0016","1","fg0016","fg0281","fg0944","fg0634","fg0751","fg0277","fg0148","fg0702","fg0735","fg0560","fg0212","fg0177","fg0978","fg0829","fg0552","fg0770","fg0524","fg0584","fg0663","fg0864"
"fq000034","vx_68d6c21266d0a622","fg0016","1","fg0016","fg0944","fg0277","fg0148","fg0560","fg0524","fg0133","fg0552","fg0281","fg0634","fg0364","fg0599","fg0165","fg0761","fg0967","fg0826","fg0751","fg0582","fg0892","fg0829"
"fq000035","vx_45b7f4872fdcb1f7","fg0017","1","fg0017","fg0820","fg0373","fg0802","fg0687","fg0043","fg0242","fg0547","fg0711","fg0092","fg0423","fg0904","fg0853","fg0884","fg0216","fg0462","fg0653","fg0927","fg0734","fg0523"
"fq000036","vx_4ded9ff03c69df6c","fg0018","1","fg0018","fg0895","fg0835","fg0847","fg0469","fg1000","fg0334","fg0781","fg0536","fg0711","fg0541","fg0584","fg0887","fg0757","fg0809","fg0411","fg0749","fg0684","fg0681","fg0973"
"fq000037","vx_4ded9ff03c69df6c","fg0018","1","fg0018","fg0469","fg0895","fg1000","fg0835","fg0541","fg0970","fg0934","fg0847","fg0589","fg0536","fg0747","fg0681","fg0809","fg0186","fg0843","fg0859","fg0910","fg0272","fg0768"
"fq000038","vx_4ded9ff03c69df6c","fg0018","1","fg0018","fg0469","fg0895","fg1000","fg0541","fg0847","fg0835","fg0536","fg0922","fg0934","fg0970","fg0681","fg0809","fg0186","fg0589","fg0747","fg0749","fg0783","fg0579","fg0584"
"fq000039","vx_4ded9ff03c69df6c","fg0018","2","fg0469","fg0018","fg0270","fg0895","fg0584","fg0910","fg0835","fg0681","fg0847","fg0690","fg0749","fg0825","fg1000","fg0121","fg0684","fg0430","fg0300","fg0719","fg0569","fg0885"
"fq000040","vx_4ded9ff03c69df6c","fg0018","1","fg0018","fg0469","fg0895","fg0835","fg0781","fg0847","fg0334","fg1000","fg0536","fg0825","fg0541","fg0584","fg0681","fg0809","fg0938","fg0973","fg0522","fg0411","fg0398","fg0538"
"fq000041","vx_4ded9ff03c69df6c","fg0018","2","fg0835","fg0018","fg0895","fg0781","fg0334","fg0469","fg0398","fg0847","fg0681","fg0411","fg0536","fg0809","fg1000","fg0973","fg0825","fg0967","fg0584","fg0938","fg0262","fg0789"
"fq000042","vx_4ded9ff03c69df6c","fg0018","1","fg0018","fg0895","fg0469","fg0541","fg0847","fg0809","fg0536","fg0835","fg1000","fg0747","fg0970","fg0922","fg0681","fg0934","fg0584","fg0153","fg0749","fg0121","fg0843","fg0783"
"fq000043","vx_4ded9ff03c69df6c","fg0018","1","fg0018","fg0469","fg0895","fg0186","fg0835","fg1000","fg0536","fg0910","fg0847","fg0970","fg0809","fg0541","fg0584","fg0747","fg0270","fg0749","fg0922","fg0934","fg0843","fg0589"
"fq000044","vx_4ded9ff03c69df6c","fg0018","1","fg0018","fg0895","fg0541","fg0922","fg0749","fg0469","fg0270","fg0167","fg0783","fg0197","fg1000","fg0584","fg0835","fg0847","fg0772","fg0579","fg0859","fg0681","fg0630","fg0934"
"fq000045","vx_39e0f69bf8c56f18","fg0019","1","fg0019","fg0147","fg0505","fg0392","fg0914","fg0323","fg0574","fg0626","fg0095","fg0291","fg0661","fg0677","fg0450","fg0389","fg0163","fg0714","fg0149","fg0345","fg0144","fg0008"
"fq000046","vx_39e0f69bf8c56f18","fg0019","1","fg0019","fg0505","fg0147","fg0323","fg0392","fg0095","fg0291","fg0661","fg0389","fg0626","fg0345","fg0677","fg0086","fg0156","fg0714","fg0771","fg0399","fg0660","fg0057","fg0574"
"fq000047","vx_39e0f69bf8c56f18","fg0019","1","fg0019","fg0392","fg0291","fg0505","fg0574","fg0147","fg0661","fg0399","fg0095","fg0389","fg0057","fg0323","fg0677","fg0771","fg0626","fg0293","fg0421","fg0182","fg0762","fg0714"
"fq000048","vx_5de36348ded97b9c","fg0020","1","fg0020","fg0375","fg0325","fg0067","fg0657","fg0030","fg0750","fg0401","fg0837","fg0290","fg0239","fg0101","fg0842","fg0335","fg0391","fg0235","fg0386","fg0708","fg0111","fg0614"
"fq000049","vx_5de36348ded97b9c","fg0020","1","fg0020","fg0325","fg0375","fg0067","fg0030","fg0290","fg0837","fg0842","fg0239","fg0750","fg0391","fg0101","fg0657","fg0386","fg0335","fg0174","fg0235","fg0111","fg0401","fg0058"
"fq000050","vx_5de36348ded97b9c","fg0020","1","fg0020","fg0030","fg0325","fg0067","fg0375","fg0401","fg0239","fg0657","fg0842","fg0750","fg0837","fg0058","fg0149","fg0290","fg0964","fg0708","fg0111","fg0386","fg0957","fg0391"
"fq000051","vx_5de36348ded97b9c","fg0020","1","fg0020","fg0325","fg0067","fg0375","fg0657","fg0401","fg0030","fg0842","fg0750","fg0239","fg0290","fg0386","fg0111","fg0391","fg0837","fg0335","fg0101","fg0957","fg0149","fg0235"
"fq000052","vx_c1e16691c2b19cb2","fg0021","1","fg0021","fg0888","fg0938","fg0558","fg0283","fg0461","fg0198","fg0262","fg0668","fg0351","fg0434","fg0834","fg0967","fg0823","fg0551","fg0617","fg0789","fg0493","fg0235","fg0375"
"fq000053","vx_c1e16691c2b19cb2","fg0021","1","fg0021","fg0558","fg0888","fg0938","fg0283","fg0198","fg0461","fg0262","fg0668","fg0696","fg0954","fg0235","fg0967","fg0493","fg0375","fg0789","fg0351","fg0797","fg0837","fg0256"
"fq000054","vx_c1e16691c2b19cb2","fg0021","1","fg0021","fg0558","fg0938","fg0888","fg0198","fg0283","fg0797","fg0617","fg0351","fg0461","fg0668","fg0262","fg0493","fg0954","fg0582","fg0967","fg0837","fg0375","fg0148","fg0834"
"fq000055","vx_c1e16691c2b19cb2","fg0021","1","fg0021","fg0888","fg0938","fg0558","fg0283","fg0493","fg0198","fg0668","fg0797","fg0351","fg0262","fg0967","fg0789","fg0235","fg0571","fg0461","fg0696","fg0241","fg0619","fg0375"
"fq000056","vx_c1e16691c2b19cb2","fg0021","1","fg0021","fg0558","fg0283","fg0954","fg0198","fg0797","fg0888","fg0873","fg0582","fg0668","fg0235","fg0876","fg0938","fg0290","fg0140","fg0621","fg0351","fg0696","fg0335","fg0665"
"fq000057","vx_c1e16691c2b19cb2","fg0021","1","fg0021","fg0558","fg0283","fg0198","fg0938","fg0873","fg0888","fg0954","fg0797","fg0668","fg0351","fg0665","fg0493","fg0617","fg0140","fg0008","fg0108","fg0335","fg0582","fg0621"
"fq000058","vx_c1e16691c2b19cb2","fg0021","1","fg0021","fg0938","fg0888","fg0558","fg0283","fg0797","fg0823","fg0198","fg0461","fg0375","fg0668","fg0837","fg0262","fg0351","fg0617","fg0235","fg0582","fg0696","fg0967","fg0493"
"fq000059","vx_c1e16691c2b19cb2","fg0021","1","fg0021","fg0888","fg0558","fg0668","fg0938","fg0283","fg0696","fg0198","fg0434","fg0837","fg0823","fg0375","fg0351","fg0954","fg0551","fg0461","fg0797","fg0235","fg0665","fg0967"
"fq000060","vx_e2296b287bc7a304","fg0022","1","fg0022","fg0782","fg0489","fg0216","fg0100","fg0346","fg0662","fg0649","fg0584","fg0508","fg0033","fg0314","fg0196","fg0936","fg0588","fg0168","fg0528","fg0396","fg0475","fg0860"
"fq000061","vx_e2296b287bc7a304","fg0022","1","fg0022","fg0782","fg0489","fg0216","fg0346","fg0801","fg0649","fg0989","fg0662","fg0100","fg0508","fg0528","fg0584","fg0004","fg0168","fg0588","fg0001","fg0475","fg0936","fg0130"
"fq000062","vx_e2296b287bc7a304","fg0022","1","fg0022","fg0782","fg0489","fg0216","fg0508","fg0346","fg0584","fg0801","fg0100","fg0649","fg0936","fg0528","fg0287","fg0860","fg0124","fg0314","fg0475","fg0588","fg0196","fg0989"
"fq000063","vx_663d96ed96fc602f","fg0023","1","fg0023","fg0727","fg0756","fg0417","fg0419","fg0529","fg0634","fg0099","fg0644","fg0327","fg0131","fg0865","fg0394","fg0281","fg0476","fg0659","fg0381","fg0536","fg0458","fg0742"
"fq000064","vx_663d96ed96fc602f","fg0023","1","fg0023","fg0756","fg0417","fg0419","fg0727","fg0529","fg0099","fg0327","fg0634","fg0714","fg0668","fg0131","fg0394","fg0381","fg0865","fg0458","fg0644","fg0029","fg0476","fg0627"
"fq000065","vx_c263d2029971d40e","fg0024","1","fg0024","fg0946","fg0890","fg0100","fg0753","fg0949","fg0315","fg0462","fg0070","fg0609","fg0755","fg0006","fg0259","fg0752","fg0202","fg0658","fg0190","fg0370","fg0179","fg0928"
"fq000066","vx_c263d2029971d40e","fg0024","1","fg0024","fg0946","fg0890","fg0100","fg0949","fg0753","fg0609","fg0752","fg0755","fg0070","fg0658","fg0259","fg0190","fg0196","fg0202","fg0238","fg0980","fg0326","fg0887","fg0006"
"fq000067","vx_84402e63f17ae5e8","fg0025","13","fg0305","fg0074","fg0766","fg0009","fg0895","fg0198","fg0803","fg0335","fg0077","fg0748","fg0720","fg0581","fg0025","fg0210","fg0666","fg0417","fg0488","fg0776","fg0635","fg0970"
"fq000068","vx_c407836609a41b13","fg0026","1","fg0026","fg0787","fg0175","fg0991","fg0134","fg0745","fg0089","fg0396","fg0640","fg0141","fg0199","fg0346","fg0935","fg0014","fg0125","fg0952","fg0394","fg0699","fg0647","fg0678"
"fq000069","vx_60e538c4d5533ce2","fg0027","1","fg0027","fg0716","fg0085","fg0156","fg0601","fg0143","fg0773","fg0338","fg0669","fg0911","fg0279","fg0307","fg0590","fg0532","fg0081","fg0822","fg0404","fg0011","fg0950","fg0252"
"fq000070","vx_60e538c4d5533ce2","fg0027","1","fg0027","fg0716","fg0085","fg0620","fg0307","fg0338","fg0279","fg0156","fg0601","fg0630","fg0590","fg0843","fg0657","fg0181","fg0732","fg0404","fg0490","fg0669","fg0177","fg0911"
"fq000071","vx_60e538c4d5533ce2","fg0027","1","fg0027","fg0716","fg0307","fg0156","fg0338","fg0085","fg0843","fg0490","fg0397","fg0404","fg0431","fg0911","fg0279","fg0620","fg0143","fg0039","fg0513","fg0601","fg0852","fg0657"
"fq000072","vx_60e538c4d5533ce2","fg0027","1","fg0027","fg0716","fg0307","fg0338","fg0085","fg0156","fg0620","fg0143","fg0404","fg0279","fg0935","fg0911","fg0431","fg0513","fg0590","fg0347","fg0712","fg0601","fg0669","fg0603"
"fq000073","vx_60e538c4d5533ce2","fg0027","1","fg0027","fg0716","fg0338","fg0085","fg0156","fg0590","fg0279","fg0143","fg0620","fg0307","fg0601","fg0911","fg0532","fg0404","fg0630","fg0011","fg0181","fg0347","fg0773","fg0669"
"fq000074","vx_60e538c4d5533ce2","fg0027","1","fg0027","fg0716","fg0085","fg0338","fg0307","fg0156","fg0279","fg0630","fg0397","fg0843","fg0404","fg0431","fg0948","fg0039","fg0911","fg0620","fg0490","fg0601","fg0657","fg0347"
"fq000075","vx_60e538c4d5533ce2","fg0027","119","fg0990","fg0673","fg0769","fg0047","fg0667","fg0416","fg0512","fg0868","fg0302","fg0318","fg0965","fg0993","fg0554","fg0598","fg0481","fg0296","fg0559","fg0444","fg0671","fg0659"
"fq000076","vx_60e538c4d5533ce2","fg0027","1","fg0027","fg0716","fg0620","fg0085","fg0307","fg0156","fg0338","fg0279","fg0601","fg0630","fg0404","fg0911","fg0431","fg0590","fg0143","fg0015","fg0732","fg0490","fg0843","fg0532"
"fq000077","vx_60e538c4d5533ce2","fg0027","1","fg0027","fg0716","fg0338","fg0307","fg0156","fg0085","fg0431","fg0532","fg0911","fg0347","fg0404","fg0143","fg0630","fg0314","fg0490","fg0279","fg0948","fg0935","fg0657","fg0603"
"fq000078","vx_60e538c4d5533ce2","fg0027","1","fg0027","fg0716","fg0279","fg0431","fg0948","fg0156","fg0490","fg0161","fg0620","fg0601","fg0657","fg0972","fg0129","fg0169","fg0085","fg0911","fg0139","fg0630","fg0590","fg0397"
"fq000079","vx_60e538c4d5533ce2","fg0027","1","fg0027","fg0716","fg0085","fg0338","fg0307","fg0620","fg0911","fg0156","fg0404","fg0630","fg0431","fg0601","fg0852","fg0177","fg0143","fg0590","fg0532","fg0603","fg0935","fg0633"
"fq000080","vx_60e538c4d5533ce2","fg0027","1","fg0027","fg0716","fg0307","fg0338","fg0156","fg0404","fg0085","fg0712","fg0143","fg0279","fg0620","fg0347","fg0601","fg0911","fg0843","fg0562","fg0669","fg0015","fg0515","fg0513"
"fq000081","vx_60e538c4d5533ce2","fg0027","1","fg0027","fg0716","fg0338","fg0307","fg0156","fg0143","fg0431","fg0620","fg0085","fg0279","fg0404","fg0513","fg0712","fg0347","fg0843","fg0630","fg0314","fg0490","fg0847","fg0532"
"fq000082","vx_60e538c4d5533ce2","fg0027","1","fg0027","fg0716","fg0085","fg0307","fg0338","fg0620","fg0404","fg0601","fg0911","fg0156","fg0431","fg0590","fg0279","fg0143","fg0630","fg0177","fg0852","fg0732","fg0330","fg0948"
"fq000083","vx_60e538c4d5533ce2","fg0027","2","fg0716","fg0027","fg0620","fg0307","fg0338","fg0404","fg0712","fg0143","fg0081","fg0177","fg0207","fg0532","fg0513","fg0085","fg0791","fg0475","fg0039","fg0323","fg0773","fg0494"
"fq000084","vx_60e538c4d5533ce2","fg0027","1","fg0027","fg0716","fg0338","fg0404","fg0307","fg0620","fg0143","fg0081","fg0085","fg0712","fg0177","fg0515","fg0011","fg0532","fg0603","fg0015","fg0935","fg0606","fg0207","fg0722"
"fq000085","vx_ac90af8f71c3602b","fg0028","1","fg0028","fg0343","fg0273","fg0178","fg0755","fg0355","fg0162","fg0417","fg0154","fg0718","fg0276","fg0172","fg0313","fg0849","fg0114","fg0957","fg0135","fg0203","fg0570","fg0877"
"fq000086","vx_ac90af8f71c3602b","fg0028","1","fg0028","fg0343","fg0178","fg0273","fg0755","fg0355","fg0162","fg0172","fg0417","fg0154","fg0276","fg0718","fg0313","fg0849","fg0957","fg0114","fg0152","fg0570","fg0229","fg0203"
"fq000087","vx_1d07568b488db971","fg0029","1","fg0029","fg0417","fg0419","fg0718","fg0138","fg0757","fg0390","fg0322","fg0163","fg0570","fg0174","fg0635","fg0032","fg0945","fg0519","fg0436","fg0069","fg0232","fg0154","fg0865"
"fq000088","vx_dbefafeb5aedff5b","fg0030","1","fg0030","fg0639","fg0007","fg0397","fg0976","fg0982","fg0255","fg0085","fg0042","fg0118","fg0806","fg0983","fg0637","fg0371","fg0974","fg0129","fg0039","fg0560","fg0563","fg0790"
"fq000089","vx_dbefafeb5aedff5b","fg0030","1","fg0030","fg0639","fg0129","fg0130","fg0397","fg0118","fg0983","fg0007","fg0255","fg0085","fg0207","fg0976","fg0527","fg0969","fg0297","fg0673","fg0533","fg0560","fg0569","fg0404"
"fq000090","vx_dbefafeb5aedff5b","fg0030","1","fg0030","fg0790","fg0976","fg0255","fg0129","fg0983","fg0639","fg0047","fg0397","fg0604","fg0125","fg0118","fg0067","fg0297","fg0673","fg0990","fg0907","fg0747","fg0332","fg0039"
"fq000091","vx_dbefafeb5aedff5b","fg0030","1","fg0030","fg0639","fg0976","fg0129","fg0806","fg0790","fg0255","fg0007","fg0983","fg0969","fg0397","fg0074","fg0118","fg0297","fg0085","fg0371","fg0560","fg0563","fg0982","fg0673"
"fq000092","vx_d2e7883530cc75ae","fg0031","1","fg0031","fg0301","fg0817","fg0970","fg0590","fg0579","fg0549","fg0121","fg0804","fg0690","fg0617","fg0150","fg0112","fg0498","fg0486","fg0809","fg0776","fg0271","fg0998","fg1000"
"fq000093","vx_d2e7883530cc75ae","fg0031","2","fg0301","fg0031","fg0876","fg0549","fg0501","fg0140","fg0150","fg0087","fg0804","fg0428","fg0112","fg0822","fg0679","fg0986","fg0590","fg0961","fg0548","fg0817","fg0621","fg0345"
"fq000094","vx_0a43881d1be86e91","fg0032","1","fg0032","fg0887","fg0396","fg0406","fg0718","fg0050","fg0483","fg0014","fg0443","fg0934","fg0300","fg0875","fg0628","fg0309","fg0029","fg0004","fg0846","fg0957","fg0168","fg0506"
"fq000095","vx_1ebbf5a122b43998","fg0033","1","fg0033","fg0715","fg0181","fg0662","fg0479","fg0174","fg0742","fg0358","fg0750","fg0824","fg0419","fg0996","fg0627","fg0425","fg0013","fg0756","fg0757","fg0580","fg0734","fg0776"
"fq000096","vx_98efccdda5083b7d","fg0034","1","fg0034","fg0615","fg0168","fg0957","fg0991","fg0760","fg0262","fg0508","fg0405","fg0398","fg0273","fg0619","fg0254","fg0787","fg0928","fg0396","fg0343","fg0380","fg0089","fg0610"
"fq000097","vx_bd0c31d8c3ee7ad6","fg0035","1","fg0035","fg0627","fg0099","fg0331","fg0650","fg0271","fg0362","fg0262","fg0576","fg0260","fg0069","fg0092","fg0509","fg0888","fg0789","fg0151","fg0417","fg0010","fg0056","fg0029"
"fq000098","vx_bd0c31d8c3ee7ad6","fg0035","1","fg0035","fg0627","fg0099","fg0331","fg0650","fg0251","fg0362","fg0271","fg0260","fg0576","fg0262","fg0450","fg0092","fg0888","fg0509","fg0133","fg0029","fg0010","fg0376","fg0417"
"fq000099","vx_bd0c31d8c3ee7ad6","fg0035","1","fg0035","fg0627","fg0650","fg0099","fg0331","fg0888","fg0262","fg0789","fg0576","fg0246","fg0224","fg0271","fg0619","fg0774","fg0362","fg0092","fg0256","fg0014","fg0375","fg0781"
"fq000100","vx_bd0c31d8c3ee7ad6","fg0035","1","fg0035","fg0627","fg0650","fg0331","fg0099","fg0262","fg0789","fg0251","fg0362","fg0888","fg0271","fg0246","fg0092","fg0010","fg0576","fg0711","fg0221","fg0375","fg0151","fg0206"
"fq000101","vx_1a9a2dfb70dcd14d","fg0036","1","fg0036","fg0673","fg0915","fg0047","fg0769","fg0990","fg0576","fg0385","fg0541","fg0926","fg0789","fg0688","fg0260","fg0037","fg0895","fg0035","fg0455","fg0153","fg0949","fg0416"
"fq000102","vx_1a9a2dfb70dcd14d","fg0036","1","fg0036","fg0616","fg0896","fg0796","fg0572","fg0455","fg0261","fg0759","fg0287","fg0035","fg0824","fg0688","fg0789","fg0774","fg0209","fg0072","fg0762","fg0626","fg0385","fg0646"
"fq000103","vx_1a9a2dfb70dcd14d","fg0036","1","fg0036","fg0616","fg0896","fg0789","fg0455","fg0035","fg0688","fg0385","fg0572","fg0926","fg0037","fg0072","fg0915","fg0261","fg0774","fg0964","fg0160","fg0895","fg0824","fg0646"
"fq000104","vx_1a9a2dfb70dcd14d","fg0036","3","fg0301","fg0876","fg0036","fg0196","fg0031","fg0074","fg0822","fg0383","fg0246","fg0063","fg0744","fg0385","fg0308","fg0782","fg0845","fg0482","fg0805","fg0531","fg0071","fg0316"
"fq000105","vx_1a9a2dfb70dcd14d","fg0036","1","fg0036","fg0616","fg0896","fg0455","fg0759","fg0796","fg0035","fg0824","fg0572","fg0789","fg0287","fg0072","fg0049","fg0646","fg0160","fg0774","fg0261","fg1000","fg0762","fg0816"
"fq000106","vx_1a9a2dfb70dcd14d","fg0036","1","fg0036","fg0616","fg0455","fg0037","fg0896","fg0688","fg0915","fg0572","fg0789","fg0035","fg0180","fg0385","fg0895","fg0926","fg0072","fg0646","fg0949","fg0626","fg0576","fg0839"
"fq000107","vx_1a9a2dfb70dcd14d","fg0036","1","fg0036","fg0616","fg0915","fg0789","fg0896","fg0926","fg0688","fg0385","fg0037","fg0455","fg0072","fg0261","fg0035","fg0576","fg0180","fg0572","fg0895","fg0160","fg0731","fg0287"
"fq000108","vx_0fa56c8dea8e548f","fg0037","1","fg0037","fg0915","fg0036","fg0688","fg0455","fg0874","fg0848","fg0926","fg0576","fg0385","fg0701","fg0180","fg0775","fg0264","fg0160","fg0529","fg0956","fg0963","fg0604","fg0610"
"fq000109","vx_df588b67c458e308","fg0038","1","fg0038","fg0111","fg0040","fg0215","fg0856","fg0441","fg0384","fg0387","fg0814","fg0345","fg0912","fg0012","fg0349","fg0304","fg0285","fg0168","fg0784","fg0698","fg0217","fg0926"
"fq000110","vx_687f6b3987873f80","fg0039","1","fg0039","fg0397","fg0573","fg0843","fg0106","fg0214","fg0126","fg0350","fg0307","fg0211","fg0015","fg0388","fg0778","fg0155","fg0811","fg0490","fg0942","fg0475","fg0025","fg0474"
"fq000111","vx_fde9a75eedeca234","fg0040","1","fg0040","fg0121","fg0038","fg0697","fg0045","fg0851","fg0658","fg0564","fg0770","fg0208","fg0207","fg0926","fg0251","fg0024","fg0829","fg0254","fg0751","fg0978","fg0814","fg0441"
"fq000112","vx_fde9a75eedeca234","fg0040","1","fg0040","fg0851","fg0697","fg0038","fg0926","fg0208","fg0829","fg0121","fg0007","fg0789","fg0045","fg0765","fg0024","fg0254","fg0658","fg0784","fg0094","fg0814","fg0770","fg0340"
"fq000113","vx_a3e1a2e87eedcdb5","fg0041","1","fg0041","fg0236","fg0237","fg0189","fg0075","fg0996","fg0213","fg0366","fg0523","fg0439","fg0443","fg0193","fg0775","fg0799","fg0428","fg0100","fg0988","fg0065","fg0608","fg0278"
"fq000114","vx_89cf29367292f0b1","fg0042","1","fg0042","fg0388","fg0123","fg0298","fg0001","fg0533","fg0713","fg0885","fg0228","fg0714","fg0527","fg0241","fg0503","fg0959","fg0525","fg0367","fg0910","fg0656","fg0500","fg0682"
"fq000115","vx_1c5e145a118e3437","fg0043","1","fg0043","fg0802","fg0687","fg0995","fg0242","fg0017","fg0092","fg0373","fg0521","fg0559","fg0486","fg0199","fg0201","fg0820","fg0108","fg0991","fg0787","fg0957","fg0812","fg0579"
"fq000116","vx_1c5e145a118e3437","fg0043","1","fg0043","fg0802","fg0687","fg0995","fg0242","fg0017","fg0373","fg0521","fg0092","fg0199","fg0486","fg0820","fg0559","fg0991","fg0108","fg0787","fg0904","fg0957","fg0201","fg0812"
"fq000117","vx_1c5e145a118e3437","fg0043","1","fg0043","fg0802","fg0687","fg0995","fg0242","fg0017","fg0820","fg0092","fg0199","fg0521","fg0373","fg0559","fg0904","fg0486","fg0991","fg0201","fg0787","fg0927","fg0508","fg0522"
"fq000118","vx_ff2da3c4350dc934","fg0044","1","fg0044","fg0514","fg0091","fg0014","fg0477","fg0101","fg0824","fg0465","fg0720","fg0961","fg0127","fg0064","fg0896","fg0368","fg0455","fg0499","fg0420","fg0701","fg0145","fg0748"
"fq000119","vx_555255e04ec862e6","fg0045","1","fg0045","fg0702","fg0217","fg0260","fg0984","fg0924","fg0770","fg0813","fg0634","fg0281","fg0978","fg0496","fg0534","fg0829","fg0658","fg0390","fg0836","fg0462","fg0040","fg0851"
"fq000120","vx_f296725c1525169a","fg0046","1","fg0046","fg0310","fg0897","fg0283","fg0108","fg0428","fg0892","fg0929","fg0229","fg0986","fg0172","fg0988","fg0722","fg0860","fg0089","fg0589","fg0214","fg0021","fg0873","fg0608"
"fq000121","vx_f296725c1525169a","fg0046","1","fg0046","fg0897","fg0310","fg0181","fg0283","fg0358","fg0108","fg0608","fg0892","fg0428","fg0229","fg0742","fg0143","fg0479","fg0172","fg0988","fg0662","fg0722","fg0715","fg0089"
"fq000122","vx_f296725c1525169a","fg0046","1","fg0046","fg0310","fg0897","fg0108","fg0283","fg0892","fg0181","fg0120","fg0608","fg0929","fg0722","fg0268","fg0428","fg0139","fg0229","fg0243","fg0986","fg0988","fg0662","fg0172"
"fq000123","vx_f296725c1525169a","fg0046","1","fg0046","fg0897","fg0310","fg0722","fg0892","fg0283","fg0108","fg0214","fg0988","fg0229","fg0428","fg0181","fg0172","fg0929","fg0143","fg0589","fg0986","fg0358","fg0775","fg0063"
"fq000124","vx_f296725c1525169a","fg0046","1","fg0046","fg0897","fg0310","fg0283","fg0108","fg0892","fg0722","fg0988","fg0608","fg0181","fg0214","fg0589","fg0428","fg0143","fg0929","fg0883","fg0229","fg0425","fg0986","fg0479"
"fq000125","vx_c1e833d742a14d73","fg0047","1","fg0047","fg0260","fg0509","fg0979","fg0990","fg0673","fg0708","fg0416","fg0960","fg0365","fg0070","fg0659","fg0030","fg0592","fg0007","fg0978","fg0167","fg0243","fg0803","fg0769"
"fq000126","vx_d5a8443d2cc630a1","fg0048","1","fg0048","fg0464","fg0989","fg0893","fg0560","fg0528","fg0304","fg0920","fg0364","fg0863","fg0947","fg0980","fg0648","fg0017","fg0381","fg0095","fg0148","fg0599","fg0277","fg0353"
"fq000127","vx_68e0261cf94de795","fg0049","1","fg0049","fg0400","fg0482","fg0087","fg0062","fg0839","fg0478","fg0486","fg0345","fg0709","fg0555","fg0286","fg0912","fg0111","fg0201","fg0370","fg0577","fg0119","fg0828","fg0713"
"fq000128","vx_68e0261cf94de795","fg0049","1","fg0049","fg0482","fg0400","fg0087","fg0839","fg0062","fg0486","fg0345","fg0478","fg0201","fg0912","fg0111","fg0555","fg0286","fg0259","fg0713","fg0812","fg0370","fg0744","fg0709"
"fq000129","vx_17550a64af3b1505","fg0050","1","fg0050","fg0410","fg0102","fg0309","fg0170","fg0300","fg0032","fg0457","fg0844","fg0396","fg0957","fg0704","fg0437","fg0075","fg0443","fg0099","fg0004","fg0887","fg0931","fg0792"
"fq000130","vx_17550a64af3b1505","fg0050","1","fg0050","fg0410","fg0309","fg0102","fg0170","fg0300","fg0032","fg0457","fg0266","fg0844","fg0263","fg0443","fg0792","fg0099","fg0075","fg0437","fg0459","fg0236","fg0501","fg0957"
"fq000131","vx_17550a64af3b1505","fg0050","1","fg0050","fg0410","fg0309","fg0102","fg0170","fg0437","fg0032","fg0300","fg0459","fg0457","fg0501","fg0263","fg0931","fg0844","fg0075","fg0366","fg0443","fg0237","fg0957","fg0236"
"fq000132","vx_17550a64af3b1505","fg0050","1","fg0050","fg0410","fg0437","fg0309","fg0170","fg0102","fg0792","fg0745","fg0704","fg0032","fg0443","fg0844","fg0798","fg0300","fg0457","fg0263","fg0957","fg0099","fg0396","fg0459"
"fq000133","vx_17550a64af3b1505","fg0050","1","fg0050","fg0102","fg0309","fg0170","fg0410","fg0300","fg0457","fg0032","fg0263","fg0931","fg0459","fg0266","fg0437","fg0844","fg0792","fg0099","fg0501","fg0817","fg0957","fg0665"
"fq000134","vx_17550a64af3b1505","fg0050","1","fg0050","fg0102","fg0410","fg0309","fg0170","fg0457","fg0032","fg0459","fg0300","fg0237","fg0931","fg0437","fg0236","fg0075","fg0844","fg0263","fg0266","fg0004","fg0957","fg0792"
"fq000135","vx_17550a64af3b1505","fg0050","1","fg0050","fg0410","fg0102","fg0309","fg0437","fg0170","fg0300","fg0032","fg0457","fg0075","fg0792","fg0844","fg0263","fg0459","fg0366","fg0501","fg0957","fg0236","fg0931","fg0443"
"fq000136","vx_17550a64af3b1505","fg0050","1","fg0050","fg0410","fg0309","fg0102","fg0170","fg0300","fg0457","fg0437","fg0844","fg0443","fg0032","fg0075","fg0931","fg0957","fg0099","fg0459","fg0792","fg0236","fg0704","fg0396"
"fq000137","vx_17550a64af3b1505","fg0050","1","fg0050","fg0102","fg0410","fg0170","fg0309","fg0457","fg0032","fg0844","fg0300","fg0263","fg0523","fg0931","fg0075","fg0236","fg0459","fg0501","fg0406","fg0792","fg0817","fg0266"
"fq000138","vx_17550a64af3b1505","fg0050","1","fg0050","fg0410","fg0102","fg0170","fg0309","fg0844","fg0457","fg0300","fg0704","fg0032","fg0792","fg0443","fg0957","fg0931","fg0075","fg0099","fg0437","fg0817","fg0958","fg0266"
"fq000139","vx_17550a64af3b1505","fg0050","1","fg0050","fg0410","fg0102","fg0309","fg0300","fg0170","fg0032","fg0443","fg0457","fg0844","fg0792","fg0459","fg0957","fg0075","fg0266","fg0263","fg0931","fg0437","fg0704","fg0817"
"fq000140","vx_e8a90fbf90e63f0a","fg0051","1","fg0051","fg0825","fg0276","fg0419","fg0742","fg0779","fg0676","fg0625","fg0981","fg0401","fg0756","fg0738","fg0181","fg0023","fg0436","fg0672","fg0143","fg0560","fg0668","fg0164"
"fq000141","vx_e8a90fbf90e63f0a","fg0051","1","fg0051","fg0825","fg0276","fg0742","fg0625","fg0701","fg0939","fg0181","fg0471","fg0248","fg0738","fg0662","fg0450","fg0227","fg0676","fg0981","fg0401","fg0773","fg0937","fg0956"
"fq000142","vx_cfebb52cd40cd4d0","fg0052","1","fg0052","fg0104","fg0194","fg0300","fg0289","fg0041","fg0636","fg0449","fg0077","fg0243","fg0830","fg0886","fg0795","fg0522","fg0467","fg0608","fg0457","fg0270","fg0983","fg0996"
"fq000143","vx_df75f3907385171e","fg0053","1","fg0053","fg0664","fg0608","fg0512","fg0935","fg0543","fg0596","fg0438","fg0645","fg0366","fg0998","fg0920","fg0199","fg0185","fg0963","fg0700","fg0354","fg0571","fg0580","fg0492"
"fq000144","vx_e06f5d7e70e30c02","fg0054","1","fg0054","fg0588","fg0703","fg0528","fg0001","fg0742","fg0736","fg0170","fg0578","fg0793","fg0657","fg0962","fg0117","fg0358","fg0381","fg0584","fg0440","fg0552","fg0192","fg0835"
"fq000145","vx_e06f5d7e70e30c02","fg0054","1","fg0054","fg0588","fg0657","fg0703","fg0117","fg0578","fg0528","fg0440","fg0358","fg0170","fg0001","fg0598","fg0334","fg0936","fg0279","fg0227","fg0381","fg0398","fg0948","fg0742"
"fq000146","vx_e06f5d7e70e30c02","fg0054","1","fg0054","fg0358","fg0192","fg0588","fg0001","fg0962","fg0584","fg0381","fg0173","fg0742","fg0703","fg0594","fg0793","fg0944","fg0398","fg0528","fg0552","fg0973","fg0464","fg0117"
"fq000147","vx_e06f5d7e70e30c02","fg0054","1","fg0054","fg0588","fg0001","fg0528","fg0703","fg0358","fg0793","fg0117","fg0381","fg0736","fg0440","fg0962","fg0192","fg0742","fg0584","fg0304","fg0936","fg0676","fg0947","fg0552"
"fq000148","vx_e06f5d7e70e30c02","fg0054","1","fg0054","fg0588","fg0657","fg0440","fg0703","fg0117","fg0578","fg0398","fg0742","fg0528","fg0358","fg0001","fg0381","fg0584","fg0304","fg0227","fg0167","fg0334","fg0411","fg0948"
"fq000149","vx_e06f5d7e70e30c02","fg0054","1","fg0054","fg0588","fg0528","fg0703","fg0001","fg0578","fg0676","fg0117","fg0440","fg0948","fg0936","fg0736","fg0962","fg0304","fg0657","fg0835","fg0334","fg0170","fg0793","fg0947"
"fq000150","vx_e06f5d7e70e30c02","fg0054","1","fg0054","fg0588","fg0703","fg0578","fg0001","fg0552","fg0742","fg0528","fg0736","fg0170","fg0819","fg0962","fg0793","fg0398","fg0117","fg0381","fg0584","fg0227","fg0657","fg0835"
"fq000151","vx_e06f5d7e70e30c02","fg0054","1","fg0054","fg0588","fg0703","fg0552","fg0528","fg0170","fg0001","fg0578","fg0742","fg0117","fg0826","fg0304","fg0657","fg0793","fg0381","fg0736","fg0835","fg0227","fg0192","fg0358"
"fq000152","vx_e06f5d7e70e30c02","fg0054","1","fg0054","fg0588","fg0528","fg0578","fg0703","fg0001","fg0170","fg0381","fg0742","fg0117","fg0398","fg0552","fg0819","fg0736","fg0962","fg0584","fg0227","fg0793","fg0440","fg0025"
"fq000153","vx_e06f5d7e70e30c02","fg0054","1","fg0054","fg0588","fg0578","fg0703","fg0117","fg0227","fg0358","fg0742","fg0440","fg0001","fg0657","fg0528","fg0381","fg0552","fg0304","fg0170","fg0676","fg0566","fg0819","fg0398"
"fq000154","vx_e06f5d7e70e30c02","fg0054","1","fg0054","fg0578","fg0192","fg0588","fg0703","fg0117","fg0227","fg0358","fg0170","fg0962","fg0979","fg0334","fg0571","fg0061","fg0712","fg0398","fg0267","fg0736","fg0907","fg0440"
"fq000155","vx_e06f5d7e70e30c02","fg0054","1","fg0054","fg0588","fg0703","fg0578","fg0192","fg0528","fg0170","fg0657","fg0001","fg0117","fg0440","fg0962","fg0736","fg0948","fg0358","fg0061","fg0676","fg0227","fg0835","fg0398"
"fq000156","vx_e06f5d7e70e30c02","fg0054","1","fg0054","fg0588","fg0703","fg0578","fg0170","fg0192","fg0962","fg0001","fg0528","fg0736","fg0819","fg0552","fg0742","fg0793","fg0117","fg0826","fg0657","fg0304","fg0398","fg0440"
"fq000157","vx_e06f5d7e70e30c02","fg0054","1","fg0054","fg0588","fg0528","fg0001","fg0703","fg0962","fg0742","fg0793","fg0578","fg0117","fg0381","fg0398","fg0170","fg0676","fg0440","fg0936","fg0736","fg0552","fg0657","fg0304"
"fq000158","vx_e06f5d7e70e30c02","fg0054","1","fg0054","fg0588","fg0192","fg0578","fg0703","fg0962","fg0528","fg0117","fg0170","fg0736","fg0001","fg0358","fg0819","fg0936","fg0061","fg0598","fg0657","fg0889","fg0440","fg0793"
"fq000159","vx_e06f5d7e70e30c02","fg0054","1","fg0054","fg0588","fg0703","fg0192","fg0061","fg0578","fg0440","fg0657","fg0117","fg0170","fg0398","fg0948","fg0146","fg0962","fg0598","fg0227","fg0025","fg0411","fg0835","fg0358"
"fq000160","vx_e06f5d7e70e30c02","fg0054","1","fg0054","fg0588","fg0703","fg0528","fg0578","fg0736","fg0657","fg0170","fg0440","fg0117","fg0192","fg0793","fg0001","fg0061","fg0962","fg0819","fg0552","fg0398","fg0676","fg0227"
"fq000161","vx_e06f5d7e70e30c02","fg0054","1","fg0054","fg0588","fg0001","fg0703","fg0528","fg0170","fg0736","fg0578","fg0552","fg0304","fg0192","fg0962","fg0398","fg0381","fg0793","fg0742","fg0117","fg0819","fg0657","fg0279"
"fq000162","vx_e06f5d7e70e30c02","fg0054","1","fg0054","fg0588","fg0578","fg0703","fg0528","fg0819","fg0962","fg0192","fg0170","fg0001","fg0936","fg0736","fg0358","fg0117","fg0584","fg0552","fg0334","fg0224","fg0281","fg0835"
"fq000163","vx_e06f5d7e70e30c02","fg0054","1","fg0054","fg0588","fg0528","fg0001","fg0703","fg0552","fg0793","fg0170","fg0962","fg0736","fg0578","fg0819","fg0381","fg0742","fg0826","fg0657","fg0117","fg0989","fg0676","fg0936"
"fq000164","vx_e06f5d7e70e30c02","fg0054","1","fg0054","fg0588","fg0703","fg0578","fg0117","fg0528","fg0001","fg0742","fg0227","fg0440","fg0657","fg0358","fg0793","fg0962","fg0398","fg0170","fg0381","fg0736","fg0676","fg0889"
"fq000165","vx_e06f5d7e70e30c02","fg0054","1","fg0054","fg0588","fg0703","fg0578","fg0657","fg0552","fg0001","fg0440","fg0358","fg0528","fg0381","fg0742","fg0227","fg0304","fg0117","fg0566","fg0584","fg0192","fg0170","fg0267"
"fq000166","vx_e06f5d7e70e30c02","fg0054","1","fg0054","fg0588","fg0528","fg0703","fg0578","fg0117","fg0001","fg0440","fg0742","fg0227","fg0358","fg0657","fg0979","fg0170","fg0192","fg0334","fg0962","fg0398","fg0793","fg0552"
"fq000167","vx_e06f5d7e70e30c02","fg0054","1","fg0054","fg0588","fg0703","fg0528","fg0001","fg0578","fg0552","fg0657","fg0117","fg0170","fg0736","fg0381","fg0676","fg0227","fg0835","fg0742","fg0819","fg0584","fg0962","fg0889"
"fq000168","vx_e06f5d7e70e30c02","fg0054","1","fg0054","fg0588","fg0703","fg0192","fg0001","fg0528","fg0578","fg0736","fg0358","fg0742","fg0170","fg0117","fg0657","fg0962","fg0793","fg0381","fg0440","fg0227","fg0552","fg0398"
"fq000169","vx_e06f5d7e70e30c02","fg0054","1","fg0054","fg0588","fg0578","fg0703","fg0117","fg0736","fg0192","fg0528","fg0227","fg0819","fg0170","fg0358","fg0334","fg0598","fg0001","fg0962","fg0025","fg0398","fg0835","fg0657"
"fq000170","vx_e06f5d7e70e30c02","fg0054","1","fg0054","fg0588","fg0703","fg0578","fg0001","fg0528","fg0192","fg0358","fg0170","fg0117","fg0440","fg0304","fg0657","fg0736","fg0398","fg0552","fg0962","fg0793","fg0742","fg0598"
"fq000171","vx_e06f5d7e70e30c02","fg0054","1","fg0054","fg0588","fg0578","fg0703","fg0170","fg0552","fg0736","fg0742","fg0962","fg0528","fg0001","fg0819","fg0398","fg0117","fg0358","fg0835","fg0192","fg0566","fg0948","fg0304"
"fq000172","vx_e06f5d7e70e30c02","fg0054","1","fg0054","fg0588","fg0578","fg0703","fg0001","fg0192","fg0962","fg0528","fg0358","fg0170","fg0736","fg0117","fg0381","fg0742","fg0973","fg0552","fg0598","fg0398","fg0948","fg0676"
"fq000173","vx_e06f5d7e70e30c02","fg0054","1","fg0054","fg0588","fg0703","fg0578","fg0170","fg0962","fg0528","fg0192","fg0117","fg0398","fg0001","fg0948","fg0736","fg0819","fg0334","fg0440","fg0835","fg0657","fg0061","fg0552"
"fq000174","vx_e06f5d7e70e30c02","fg0054","1","fg0054","fg0588","fg0703","fg0578","fg0170","fg0192","fg0001","fg0528","fg0736","fg0117","fg0358","fg0742","fg0962","fg0552","fg0700","fg0566","fg0657","fg0344","fg0381","fg0835"
"fq000175","vx_e06f5d7e70e30c02","fg0054","1","fg0054","fg0588","fg0703","fg0578","fg0192","fg0117","fg0358","fg0598","fg0170","fg0657","fg0742","fg0793","fg0962","fg0227","fg0001","fg0440","fg0736","fg0398","fg0528","fg0979"
"fq000176","vx_e06f5d7e70e30c02","fg0054","1","fg0054","fg0588","fg0528","fg0192","fg0001","fg0703","fg0358","fg0793","fg0117","fg0736","fg0578","fg0962","fg0381","fg0552","fg0819","fg0742","fg0826","fg0584","fg0973","fg0598"
"fq000177","vx_e06f5d7e70e30c02","fg0054","1","fg0054","fg0588","fg0578","fg0703","fg0117","fg0584","fg0227","fg0936","fg0267","fg0440","fg0528","fg0948","fg0889","fg0334","fg0001","fg0358","fg0398","fg0657","fg0598","fg0025"
"fq000178","vx_e06f5d7e70e30c02","fg0054","1","fg0054","fg0588","fg0578","fg0703","fg0528","fg0001","fg0170","fg0552","fg0117","fg0819","fg0281","fg0736","fg0334","fg0962","fg0835","fg0657","fg0440","fg0889","fg0398","fg0584"
"fq000179","vx_e06f5d7e70e30c02","fg0054","1","fg0054","fg0588","fg0578","fg0703","fg0192","fg0001","fg0962","fg0528","fg0117","fg0736","fg0170","fg0358","fg0819","fg0793","fg0598","fg0552","fg0889","fg0304","fg0742","fg0440"
"fq000180","vx_e06f5d7e70e30c02","fg0054","1","fg0054","fg0588","fg0703","fg0578","fg0192","fg0061","fg0440","fg0117","fg0398","fg0528","fg0657","fg0170","fg0962","fg0736","fg0227","fg0742","fg0948","fg0676","fg0411","fg0598"
"fq000181","vx_e06f5d7e70e30c02","fg0054","1","fg0054","fg0588","fg0192","fg0703","fg0358","fg0001","fg0962","fg0528","fg0736","fg0170","fg0381","fg0578","fg0566","fg0742","fg0552","fg0598","fg0936","fg0947","fg0712","fg0793"
"fq000182","vx_e06f5d7e70e30c02","fg0054","1","fg0054","fg0588","fg0703","fg0528","fg0578","fg0170","fg0001","fg0736","fg0962","fg0398","fg0657","fg0334","fg0835","fg0440","fg0117","fg0381","fg0742","fg0552","fg0304","fg0793"
"fq000183","vx_e06f5d7e70e30c02","fg0054","1","fg0054","fg0588","fg0703","fg0578","fg0001","fg0528","fg0358","fg0192","fg0381","fg0117","fg0962","fg0552","fg0170","fg0398","fg0584","fg0736","fg0334","fg0936","fg0304","fg0566"
"fq000184","vx_e06f5d7e70e30c02","fg0054","1","fg0054","fg0588","fg0703","fg0528","fg0001","fg0676","fg0578","fg0736","fg0117","fg0170","fg0657","fg0793","fg0552","fg0304","fg0440","fg0962","fg0742","fg0398","fg0826","fg0948"
"fq000185","vx_e06f5d7e70e30c02","fg0054","1","fg0054","fg0588","fg0192","fg0703","fg0578","fg0528","fg0117","fg0358","fg0440","fg0962","fg0736","fg0001","fg0061","fg0170","fg0227","fg0657","fg0398","fg0598","fg0793","fg0742"
"fq000186","vx_e06f5d7e70e30c02","fg0054","1","fg0054","fg0588","fg0578","fg0703","fg0117","fg0552","fg0170","fg0358","fg0528","fg0742","fg0001","fg0819","fg0381","fg0736","fg0584","fg0835","fg0440","fg0227","fg0398","fg0304"
"fq000187","vx_e06f5d7e70e30c02","fg0054","1","fg0054","fg0588","fg0528","fg0001","fg0703","fg0578","fg0117","fg0381","fg0676","fg0440","fg0736","fg0793","fg0742","fg0936","fg0552","fg0962","fg0304","fg0398","fg0598","fg0584"
"fq000188","vx_e06f5d7e70e30c02","fg0054","1","fg0054","fg0588","fg0528","fg0001","fg0703","fg0170","fg0962","fg0736","fg0192","fg0440","fg0578","fg0793","fg0742","fg0358","fg0936","fg0061","fg0117","fg0398","fg0657","fg0819"
"fq000189","vx_e06f5d7e70e30c02","fg0054","1","fg0054","fg0192","fg0588","fg0703","fg0578","fg0358","fg0117","fg0598","fg0962","fg0170","fg0061","fg0973","fg0736","fg0398","fg0440","fg0571","fg0657","fg0835","fg0566","fg0334"
"fq000190","vx_e06f5d7e70e30c02","fg0054","1","fg0054","fg0588","fg0358","fg0192","fg0703","fg0578","fg0712","fg0170","fg0117","fg0528","fg0045","fg0001","fg0412","fg0819","fg0369","fg0224","fg0334","fg0835","fg0736","fg0267"
"fq000191","vx_e06f5d7e70e30c02","fg0054","1","fg0054","fg0588","fg0703","fg0578","fg0001","fg0528","fg0742","fg0657","fg0117","fg0381","fg0793","fg0552","fg0170","fg0736","fg0358","fg0962","fg0398","fg0440","fg0227","fg0304"
"fq000192","vx_e06f5d7e70e30c02","fg0054","1","fg0054","fg0588","fg0192","fg0703","fg0528","fg0001","fg0117","fg0962","fg0578","fg0358","fg0061","fg0170","fg0440","fg0736","fg0657","fg0398","fg0936","fg0227","fg0793","fg0598"
"fq000193","vx_e06f5d7e70e30c02","fg0054","1","fg0054","fg0588","fg0192","fg0001","fg0703","fg0358","fg0578","fg0440","fg0117","fg0528","fg0398","fg0598","fg0304","fg0947","fg0657","fg0257","fg0962","fg0736","fg0296","fg0381"
"fq000194","vx_e06f5d7e70e30c02","fg0054","1","fg0054","fg0588","fg0578","fg0703","fg0001","fg0742","fg0528","fg0170","fg0657","fg0819","fg0552","fg0381","fg0793","fg0736","fg0962","fg0398","fg0227","fg0584","fg0826","fg0117"
"fq000195","vx_e06f5d7e70e30c02","fg0054","1","fg0054","fg0588","fg0703","fg0578","fg0227","fg0742","fg0358","fg0528","fg0736","fg0001","fg0170","fg0793","fg0192","fg0117","fg0657","fg0304","fg0962","fg0566","fg0712","fg0381"
"fq000196","vx_e06f5d7e70e30c02","fg0054","1","fg0054","fg0588","fg0703","fg0578","fg0001","fg0528","fg0117","fg0598","fg0676","fg0192","fg0962","fg0398","fg0948","fg0936","fg0973","fg0440","fg0552","fg0304","fg0736","fg0793"
"fq000197","vx_e06f5d7e70e30c02","fg0054","1","fg0054","fg0588","fg0703","fg0192","fg0528","fg0578","fg0001","fg0962","fg0736","fg0742","fg0170","fg0117","fg0358","fg0552","fg0793","fg0061","fg0819","fg0440","fg0381","fg0398"
"fq000198","vx_e06f5d7e70e30c02","fg0054","1","fg0054","fg0588","fg0703","fg0578","fg0001","fg0192","fg0117","fg0742","fg0358","fg0962","fg0398","fg0170","fg0657","fg0552","fg0566","fg0736","fg0528","fg0304","fg0535","fg0381"
"fq000199","vx_e06f5d7e70e30c02","fg0054","1","fg0054","fg0588","fg0703","fg0528","fg0001","fg0578","fg0440","fg0304","fg0117","fg0676","fg0793","fg0962","fg0192","fg0736","fg0358","fg0742","fg0948","fg0835","fg0657","fg0170"
"fq000200","vx_e06f5d7e70e30c02","fg0054","1","fg0054","fg0588","fg0703","fg0578","fg0528","fg0736","fg0117","fg0598","fg0001","fg0676","fg0334","fg0440","fg0170","fg0381","fg0948","fg0835","fg0962","fg0973","fg0192","fg0657"
"fq000201","vx_e06f5d7e70e30c02","fg0054","1","fg0054","fg0588","fg0528","fg0578","fg0001","fg0703","fg0170","fg0552","fg0381","fg0742","fg0117","fg0657","fg0584","fg0736","fg0227","fg0936","fg0793","fg0962","fg0358","fg0819"
"fq000202","vx_e06f5d7e70e30c02","fg0054","1","fg0054","fg0588","fg0578","fg0703","fg0192","fg0117","fg0334","fg0170","fg0398","fg0061","fg0889","fg0227","fg0358","fg0440","fg0657","fg0835","fg0962","fg0025","fg0267","fg0948"
"fq000203","vx_e06f5d7e70e30c02","fg0054","1","fg0054","fg0588","fg0742","fg0001","fg0528","fg0578","fg0703","fg0358","fg0552","fg0381","fg0793","fg0170","fg0304","fg0657","fg0227","fg0962","fg0117","fg0566","fg0192","fg0584"
"fq000204","vx_e06f5d7e70e30c02","fg0054","1","fg0054","fg0588","fg0578","fg0192","fg0528","fg0703","fg0170","fg0001","fg0819","fg0962","fg0552","fg0793","fg0736","fg0358","fg0826","fg0381","fg0464","fg0117","fg0936","fg0304"
"fq000205","vx_e06f5d7e70e30c02","fg0054","1","fg0054","fg0588","fg0578","fg0528","fg0001","fg0703","fg0170","fg0742","fg0657","fg0962","fg0552","fg0793","fg0819","fg0117","fg0398","fg0381","fg0440","fg0584","fg0358","fg0826"
"fq000206","vx_e06f5d7e70e30c02","fg0054","1","fg0054","fg0588","fg0703","fg0578","fg0381","fg0528","fg0742","fg0001","fg0736","fg0170","fg0440","fg0566","fg0117","fg0657","fg0304","fg0358","fg0552","fg0962","fg0676","fg0793"
"fq000207","vx_e06f5d7e70e30c02","fg0054","1","fg0054","fg0588","fg0381","fg0528","fg0001","fg0170","fg0703","fg0578","fg0742","fg0736","fg0398","fg0584","fg0552","fg0227","fg0712","fg0936","fg0819","fg0657","fg0358","fg0793"
"fq000208","vx_e06f5d7e70e30c02","fg0054","1","fg0054","fg0588","fg0528","fg0001","fg0192","fg0358","fg0742","fg0440","fg0117","fg0703","fg0736","fg0304","fg0793","fg0578","fg0947","fg0962","fg0826","fg0381","fg0584","fg0936"
"fq000209","vx_e06f5d7e70e30c02","fg0054","1","fg0054","fg0588","fg0001","fg0528","fg0578","fg0703","fg0742","fg0552","fg0381","fg0584","fg0170","fg0736","fg0819","fg0962","fg0793","fg0117","fg0936","fg0358","fg0227","fg0826"
"fq000210","vx_e06f5d7e70e30c02","fg0054","1","fg0054","fg0588","fg0192","fg0703","fg0578","fg0170","fg0001","fg0962","fg0742","fg0117","fg0398","fg0358","fg0657","fg0528","fg0566","fg0552","fg0227","fg0279","fg0304","fg0736"
"fq000211","vx_e06f5d7e70e30c02","fg0054","1","fg0054","fg0588","fg0001","fg0528","fg0703","fg0170","fg0192","fg0578","fg0552","fg0381","fg0736","fg0304","fg0398","fg0962","fg0742","fg0440","fg0358","fg0117","fg0584","fg0657"
"fq000212","vx_e06f5d7e70e30c02","fg0054","1","fg0054","fg0588","fg0703","fg0962","fg0793","fg0736","fg0117","fg0819","fg0578","fg0528","fg0552","fg0826","fg0676","fg0192","fg0742","fg0170","fg0973","fg0936","fg0001","fg0835"
"fq000213","vx_e06f5d7e70e30c02","fg0054","1","fg0054","fg0588","fg0703","fg0192","fg0001","fg0170","fg0736","fg0528","fg0578","fg0304","fg0358","fg0742","fg0552","fg0398","fg0962","fg0598","fg0440","fg0117","fg0381","fg0793"
"fq000214","vx_e06f5d7e70e30c02","fg0054","1","fg0054","fg0578","fg0703","fg0588","fg0192","fg0358","fg0117","fg0170","fg0948","fg0598","fg0440","fg0566","fg0227","fg0687","fg0291","fg0398","fg0657","fg0973","fg0061","fg0334"
"fq000215","vx_e06f5d7e70e30c02","fg0054","1","fg0054","fg0588","fg0703","fg0578","fg0170","fg0117","fg0948","fg0192","fg0398","fg0598","fg0334","fg0736","fg0835","fg0411","fg0889","fg0973","fg0440","fg0657","fg0962","fg0227"
"fq000216","vx_e06f5d7e70e30c02","fg0054","1","fg0054","fg0588","fg0703","fg0192","fg0578","fg0117","fg0001","fg0962","fg0736","fg0528","fg0657","fg0358","fg0170","fg0398","fg0440","fg0598","fg0227","fg0793","fg0819","fg0889"
"fq000217","vx_e06f5d7e70e30c02","fg0054","1","fg0054","fg0588","fg0001","fg0528","fg0742","fg0552","fg0578","fg0703","fg0381","fg0170","fg0819","fg0793","fg0304","fg0398","fg0117","fg0962","fg0584","fg0657","fg0736","fg0826"
"fq000218","vx_e06f5d7e70e30c02","fg0054","1","fg0054","fg0588","fg0578","fg0192","fg0703","fg0117","fg0528","fg0398","fg0440","fg0061","fg0227","fg0358","fg0170","fg0001","fg0962","fg0598","fg0552","fg0025","fg0657","fg0334"
"fq000219","vx_e06f5d7e70e30c02","fg0054","1","fg0054","fg0588","fg0703","fg0192","fg0578","fg0117","fg0170","fg0061","fg0440","fg0657","fg0736","fg0528","fg0962","fg0398","fg0819","fg0001","fg0358","fg0411","fg0598","fg0835"
"fq000220","vx_e06f5d7e70e30c02","fg0054","1","fg0054","fg0588","fg0578","fg0192","fg0117","fg0703","fg0170","fg0267","fg0061","fg0962","fg0440","fg0948","fg0528","fg0227","fg0001","fg0889","fg0598","fg0358","fg0334","fg0657"
"fq000221","vx_e06f5d7e70e30c02","fg0054","1","fg0054","fg0588","fg0703","fg0578","fg0192","fg0528","fg0001","fg0170","fg0117","fg0552","fg0736","fg0962","fg0358","fg0440","fg0598","fg0398","fg0227","fg0793","fg0676","fg0657"
"fq000222","vx_e06f5d7e70e30c02","fg0054","1","fg0054","fg0588","fg0703","fg0578","fg0117","fg0440","fg0061","fg0657","fg0227","fg0398","fg0334","fg0948","fg0170","fg0936","fg0192","fg0025","fg0835","fg0528","fg0962","fg0358"
"fq000223","vx_e06f5d7e70e30c02","fg0054","1","fg0054","fg0588","fg0578","fg0703","fg0657","fg0528","fg0440","fg0192","fg0170","fg0117","fg0948","fg0061","fg0227","fg0334","fg0936","fg0267","fg0835","fg0962","fg0736","fg0398"
"fq000224","vx_e06f5d7e70e30c02","fg0054","1","fg0054","fg0588","fg0703","fg0578","fg0528","fg0962","fg0001","fg0117","fg0192","fg0358","fg0736","fg0793","fg0936","fg0170","fg0025","fg0552","fg0598","fg0819","fg0334","fg0973"
"fq000225","vx_e06f5d7e70e30c02","fg0054","1","fg0054","fg0588","fg0578","fg0001","fg0703","fg0528","fg0552","fg0170","fg0736","fg0381","fg0819","fg0398","fg0584","fg0742","fg0598","fg0793","fg0304","fg0962","fg0117","fg0936"
"fq000226","vx_e06f5d7e70e30c02","fg0054","1","fg0054","fg0588","fg0703","fg0578","fg0117","fg0528","fg0962","fg0192","fg0001","fg0358","fg0170","fg0334","fg0793","fg0061","fg0440","fg0819","fg0552","fg0742","fg0398","fg0736"
"fq000227","vx_e06f5d7e70e30c02","fg0054","1","fg0054","fg0588","fg0703","fg0578","fg0117","fg0170","fg0398","fg0440","fg0657","fg0948","fg0528","fg0411","fg0192","fg0598","fg0676","fg0227","fg0025","fg0736","fg0889","fg0001"
"fq000228","vx_e06f5d7e70e30c02","fg0054","1","fg0054","fg0588","fg0528","fg0703","fg0001","fg0170","fg0552","fg0381","fg0736","fg0578","fg0657","fg0793","fg0117","fg0962","fg0819","fg0358","fg0742","fg0192","fg0584","fg0826"
"fq000229","vx_e06f5d7e70e30c02","fg0054","1","fg0054","fg0588","fg0703","fg0528","fg0192","fg0001","fg0736","fg0170","fg0962","fg0793","fg0578","fg0381","fg0552","fg0358","fg0947","fg0304","fg0440","fg0657","fg0742","fg0117"
"fq000230","vx_e06f5d7e70e30c02","fg0054","1","fg0054","fg0588","fg0192","fg0703","fg0578","fg0001","fg0528","fg0170","fg0962","fg0117","fg0736","fg0358","fg0552","fg0657","fg0304","fg0793","fg0440","fg0947","fg0061","fg0566"
"fq000231","vx_e06f5d7e70e30c02","fg0054","1","fg0054","fg0588","fg0578","fg0703","fg0117","fg0948","fg0657","fg0440","fg0411","fg0334","fg0061","fg0170","fg0227","fg0398","fg0025","fg0676","fg0687","fg0267","fg0936","fg0192"
"fq000232","vx_e06f5d7e70e30c02","fg0054","1","fg0054","fg0588","fg0703","fg0528","fg0001","fg0736","fg0170","fg0381","fg0962","fg0793","fg0552","fg0398","fg0578","fg0304","fg0676","fg0742","fg0657","fg0989","fg0819","fg0117"
"fq000233","vx_e06f5d7e70e30c02","fg0054","1","fg0054","fg0588","fg0192","fg0528","fg0001","fg0703","fg0358","fg0552","fg0962","fg0578","fg0819","fg0736","fg0117","fg0173","fg0793","fg0594","fg0170","fg0947","fg0359","fg0826"
"fq000234","vx_e06f5d7e70e30c02","fg0054","1","fg0054","fg0588","fg0192","fg0703","fg0358","fg0001","fg0528","fg0962","fg0578","fg0947","fg0170","fg0736","fg0571","fg0973","fg0700","fg0598","fg0742","fg0304","fg0117","fg0440"
"fq000235","vx_e06f5d7e70e30c02","fg0054","1","fg0054","fg0588","fg0192","fg0528","fg0001","fg0703","fg0440","fg0657","fg0578","fg0170","fg0061","fg0117","fg0736","fg0793","fg0398","fg0358","fg0962","fg0819","fg0304","fg0742"
"fq000236","vx_e06f5d7e70e30c02","fg0054","1","fg0054","fg0588","fg0578","fg0192","fg0703","fg0001","fg0528","fg0358","fg0962","fg0170","fg0117","fg0736","fg0819","fg0440","fg0657","fg0742","fg0381","fg0566","fg0398","fg0598"
"fq000237","vx_e06f5d7e70e30c02","fg0054","1","fg0054","fg0588","fg0703","fg0657","fg0117","fg0578","fg0170","fg0440","fg0227","fg0528","fg0948","fg0334","fg0192","fg0736","fg0835","fg0962","fg0676","fg0061","fg0411","fg0167"
"fq000238","vx_e06f5d7e70e30c02","fg0054","1","fg0054","fg0192","fg0588","fg0358","fg0703","fg0578","fg0117","fg0962","fg0001","fg0398","fg0571","fg0170","fg0227","fg0061","fg0926","fg0973","fg0598","fg0979","fg0359","fg0700"
"fq000239","vx_e06f5d7e70e30c02","fg0054","1","fg0054","fg0588","fg0001","fg0528","fg0552","fg0304","fg0170","fg0703","fg0962","fg0742","fg0793","fg0578","fg0381","fg0819","fg0826","fg0989","fg0736","fg0584","fg0657","fg0279"
"fq000240","vx_e06f5d7e70e30c02","fg0054","1","fg0054","fg0588","fg0703","fg0192","fg0001","fg0528","fg0578","fg0117","fg0736","fg0170","fg0598","fg0358","fg0962","fg0657","fg0440","fg0304","fg0398","fg0793","fg0552","fg0742"
"fq000241","vx_e06f5d7e70e30c02","fg0054","1","fg0054","fg0588","fg0578","fg0703","fg0528","fg0117","fg0227","fg0381","fg0742","fg0736","fg0552","fg0001","fg0170","fg0657","fg0358","fg0398","fg0793","fg0598","fg0566","fg0440"
"fq000242","vx_e06f5d7e70e30c02","fg0054","1","fg0054","fg0588","fg0703","fg0528","fg0001","fg0192","fg0170","fg0962","fg0578","fg0117","fg0440","fg0657","fg0552","fg0358","fg0398","fg0736","fg0793","fg0948","fg0304","fg0381"
"fq000243","vx_e06f5d7e70e30c02","fg0054","1","fg0054","fg0588","fg0703","fg0117","fg0227","fg0267","fg0657","fg0440","fg0578","fg0552","fg0528","fg0358","fg0598","fg0334","fg0676","fg0835","fg0312","fg0170","fg0973","fg0948"
"fq000244","vx_e06f5d7e70e30c02","fg0054","1","fg0054","fg0588","fg0192","fg0578","fg0358","fg0703","fg0117","fg0598","fg0170","fg0001","fg0528","fg0535","fg0712","fg0962","fg0973","fg0736","fg0359","fg0381","fg0334","fg0398"
"fq000245","vx_e06f5d7e70e30c02","fg0054","1","fg0054","fg0588","fg0703","fg0578","fg0528","fg0736","fg0001","fg0170","fg0117","fg0598","fg0192","fg0440","fg0962","fg0304","fg0742","fg0398","fg0948","fg0227","fg0358","fg0835"
"fq000246","vx_e06f5d7e70e30c02","fg0054","1","fg0054","fg0588","fg0703","fg0440","fg0528","fg0578","fg0117","fg0657","fg0170","fg0358","fg0001","fg0598","fg0736","fg0227","fg0742","fg0381","fg0334","fg0948","fg0304","fg0192"
"fq000247","vx_e06f5d7e70e30c02","fg0054","1","fg0054","fg0588","fg0703","fg0528","fg0001","fg0578","fg0117","fg0657","fg0962","fg0170","fg0793","fg0736","fg0819","fg0552","fg0334","fg0742","fg0835","fg0936","fg0381","fg0358"
"fq000248","vx_e06f5d7e70e30c02","fg0054","1","fg0054","fg0588","fg0001","fg0578","fg0528","fg0552","fg0742","fg0703","fg0192","fg0819","fg0381","fg0170","fg0962","fg0358","fg0793","fg0584","fg0736","fg0117","fg0566","fg0304"
"fq000249","vx_e06f5d7e70e30c02","fg0054","1","fg0054","fg0588","fg0578","fg0703","fg0192","fg0440","fg0962","fg0170","fg0061","fg0528","fg0117","fg0398","fg0657","fg0736","fg0358","fg0948","fg0001","fg0793","fg0712","fg0819"
"fq000250","vx_e06f5d7e70e30c02","fg0054","1","fg0054","fg0588","fg0528","fg0001","fg0578","fg0703","fg0440","fg0117","fg0192","fg0304","fg0358","fg0742","fg0936","fg0793","fg0657","fg0676","fg0947","fg0584","fg0948","fg0962"
"fq000251","vx_e06f5d7e70e30c02","fg0054","1","fg0054","fg0588","fg0703","fg0578","fg0192","fg0117","fg0528","fg0001","fg0170","fg0358","fg0440","fg0962","fg0657","fg0398","fg0835","fg0736","fg0598","fg0061","fg0334","fg0948"
"fq000252","vx_0fb9e0727ad2c6d6","fg0055","1","fg0055","fg0728","fg0864","fg0900","fg0193","fg0751","fg0564","fg0741","fg0909","fg0666","fg0467","fg0777","fg0705","fg0622","fg0810","fg0988","fg0077","fg0748","fg0232","fg0207"
"fq000253","vx_efdf3fa59bf5f4ec","fg0056","1","fg0056","fg0772","fg0628","fg0665","fg0360","fg0699","fg0621","fg0362","fg0375","fg0260","fg0844","fg0154","fg0153","fg0800","fg0150","fg0553","fg0035","fg0938","fg0406","fg0417"
"fq000254","vx_12b3b3af815b7c44","fg0057","1","fg0057","fg0563","fg0397","fg0733","fg0129","fg0392","fg0039","fg0387","fg0910","fg0299","fg0186","fg0573","fg0350","fg0972","fg0591","fg0574","fg0288","fg0778","fg0126","fg0964"
"fq000255","vx_6dd7e938a7ac423c","fg0058","1","fg0058","fg0923","fg0239","fg0315","fg0212","fg0329","fg0308","fg0470","fg0842","fg0079","fg0361","fg0334","fg0761","fg0828","fg0399","fg0171","fg0714","fg0806","fg0765","fg0030"
"fq000256","vx_6dd7e938a7ac423c","fg0058","1","fg0058","fg0923","fg0239","fg0212","fg0329","fg0315","fg0828","fg0020","fg0334","fg0361","fg0399","fg0308","fg0761","fg0765","fg0842","fg0577","fg0806","fg0079","fg0755","fg0837"
"fq000257","vx_6dd7e938a7ac423c","fg0058","1","fg0058","fg0923","fg0239","fg0315","fg0212","fg0470","fg0308","fg0714","fg0079","fg0171","fg0334","fg0329","fg0828","fg0842","fg0422","fg0715","fg0399","fg0361","fg0806","fg0942"
"fq000258","vx_6dd7e938a7ac423c","fg0058","1","fg0058","fg0923","fg0239","fg0315","fg0212","fg0308","fg0334","fg0828","fg0171","fg0842","fg0470","fg0329","fg0761","fg0079","fg0361","fg0020","fg0399","fg0765","fg0161","fg0755"
"fq000259","vx_6dd7e938a7ac423c","fg0058","1","fg0058","fg0923","fg0239","fg0212","fg0315","fg0329","fg0308","fg0470","fg0334","fg0828","fg0079","fg0842","fg0020","fg0171","fg0361","fg0399","fg0755","fg0761","fg0765","fg0806"
"fq000260","vx_6dd7e938a7ac423c","fg0058","1","fg0058","fg0923","fg0239","fg0212","fg0315","fg0329","fg0308","fg0828","fg0361","fg0334","fg0470","fg0842","fg0020","fg0577","fg0079","fg0399","fg0806","fg0755","fg0761","fg0030"
"fq000261","vx_6dd7e938a7ac423c","fg0058","1","fg0058","fg0923","fg0239","fg0315","fg0212","fg0329","fg0470","fg0308","fg0842","fg0079","fg0828","fg0361","fg0334","fg0761","fg0399","fg0714","fg0755","fg0577","fg0806","fg0171"
"fq000262","vx_6dd7e938a7ac423c","fg0058","1","fg0058","fg0923","fg0239","fg0315","fg0308","fg0470","fg0212","fg0828","fg0079","fg0361","fg0334","fg0329","fg0842","fg0714","fg0020","fg0806","fg0577","fg0761","fg0715","fg0174"
"fq000263","vx_6dd7e938a7ac423c","fg0058","1","fg0058","fg0239","fg0923","fg0212","fg0315","fg0329","fg0828","fg0020","fg0765","fg0399","fg0755","fg0334","fg0308","fg0079","fg0361","fg0842","fg0171","fg0479","fg0470","fg0761"
"fq000264","vx_6dd7e938a7ac423c","fg0058","1","fg0058","fg0923","fg0239","fg0470","fg0315","fg0079","fg0842","fg0334","fg0171","fg0828","fg0761","fg0714","fg0308","fg0361","fg0212","fg0422","fg0715","fg0577","fg0329","fg0259"
"fq000265","vx_6dd7e938a7ac423c","fg0058","1","fg0058","fg0923","fg0239","fg0315","fg0212","fg0470","fg0329","fg0828","fg0334","fg0399","fg0079","fg0842","fg0308","fg0761","fg0020","fg0755","fg0361","fg0806","fg0171","fg0765"
"fq000266","vx_6dd7e938a7ac423c","fg0058","1","fg0058","fg0923","fg0239","fg0315","fg0212","fg0470","fg0334","fg0171","fg0842","fg0399","fg0329","fg0308","fg0828","fg0761","fg0020","fg0715","fg0714","fg0765","fg0079","fg0361"
"fq000267","vx_6dd7e938a7ac423c","fg0058","1","fg0058","fg0923","fg0239","fg0212","fg0315","fg0329","fg0828","fg0308","fg0079","fg0470","fg0334","fg0020","fg0361","fg0755","fg0842","fg0806","fg0765","fg0714","fg0761","fg0161"
"fq000268","vx_6dd7e938a7ac423c","fg0058","1","fg0058","fg0923","fg0239","fg0212","fg0308","fg0334","fg0315","fg0470","fg0828","fg0806","fg0329","fg0020","fg0361","fg0079","fg0399","fg0714","fg0938","fg0842","fg0577","fg0174"
"fq000269","vx_6dd7e938a7ac423c","fg0058","1","fg0058","fg0923","fg0239","fg0212","fg0315","fg0329","fg0828","fg0308","fg0079","fg0334","fg0020","fg0399","fg0171","fg0765","fg0842","fg0470","fg0761","fg0806","fg0361","fg0479"
"fq000270","vx_6dd7e938a7ac423c","fg0058","1","fg0058","fg0923","fg0239","fg0329","fg0212","fg0399","fg0315","fg0020","fg0308","fg0765","fg0171","fg0755","fg0842","fg0828","fg0837","fg0334","fg0291","fg0572","fg0079","fg0479"
"fq000271","vx_6dd7e938a7ac423c","fg0058","1","fg0058","fg0923","fg0239","fg0315","fg0212","fg0308","fg0079","fg0470","fg0329","fg0806","fg0842","fg0714","fg0828","fg0334","fg0020","fg0171","fg0399","fg0765","fg0361","fg0761"
"fq000272","vx_6dd7e938a7ac423c","fg0058","1","fg0058","fg0923","fg0239","fg0470","fg0315","fg0212","fg0334","fg0828","fg0308","fg0079","fg0361","fg0806","fg0714","fg0329","fg0842","fg0020","fg0715","fg0577","fg0030","fg0761"
"fq000273","vx_6dd7e938a7ac423c","fg0058","1","fg0058","fg0923","fg0239","fg0315","fg0212","fg0329","fg0470","fg0079","fg0308","fg0842","fg0828","fg0334","fg0806","fg0399","fg0714","fg0020","fg0761","fg0361","fg0171","fg0765"
"fq000274","vx_6dd7e938a7ac423c","fg0058","1","fg0058","fg0923","fg0239","fg0315","fg0212","fg0308","fg0470","fg0399","fg0329","fg0842","fg0334","fg0828","fg0079","fg0171","fg0761","fg0806","fg0361","fg0715","fg0020","fg0714"
"fq000275","vx_6dd7e938a7ac423c","fg0058","1","fg0058","fg0923","fg0239","fg0212","fg0329","fg0308","fg0399","fg0315","fg0361","fg0765","fg0828","fg0470","fg0761","fg0842","fg0755","fg0079","fg0806","fg0577","fg0334","fg0174"
"fq000276","vx_6dd7e938a7ac423c","fg0058","1","fg0058","fg0923","fg0239","fg0212","fg0329","fg0315","fg0308","fg0828","fg0334","fg0399","fg0020","fg0361","fg0470","fg0842","fg0761","fg0079","fg0765","fg0479","fg0171","fg0174"
"fq000277","vx_6dd7e938a7ac423c","fg0058","1","fg0058","fg0923","fg0239","fg0212","fg0308","fg0828","fg0315","fg0020","fg0329","fg0334","fg0399","fg0361","fg0079","fg0577","fg0806","fg0755","fg0119","fg0842","fg0572","fg0470"
"fq000278","vx_3d3e6ff8eae3b800","fg0059","1","fg0059","fg0942","fg0106","fg0907","fg0039","fg0334","fg0976","fg0843","fg0312","fg0211","fg0657","fg0565","fg0186","fg0397","fg0573","fg0146","fg0015","fg0367","fg0847","fg0202"
"fq000279","vx_3d3e6ff8eae3b800","fg0059","2","fg0942","fg0059","fg0106","fg0976","fg0907","fg0039","fg0015","fg0312","fg0811","fg0211","fg0843","fg0573","fg0397","fg0334","fg0228","fg0885","fg0657","fg0533","fg0713","fg0778"
"fq000280","vx_3d3e6ff8eae3b800","fg0059","2","fg0942","fg0059","fg0039","fg0106","fg0811","fg0573","fg0976","fg0907","fg0397","fg0474","fg0647","fg0015","fg0843","fg0211","fg0533","fg0025","fg0312","fg0421","fg0367","fg0778"
"fq000281","vx_3d3e6ff8eae3b800","fg0059","1","fg0059","fg0942","fg0907","fg0106","fg0976","fg0334","fg0843","fg0039","fg0573","fg0513","fg0312","fg0367","fg0211","fg0657","fg0015","fg0397","fg0025","fg0847","fg0435","fg0565"
"fq000282","vx_5e66dddc13dfd640","fg0060","1","fg0060","fg0714","fg0079","fg0682","fg0693","fg0152","fg0780","fg0597","fg0414","fg0717","fg0525","fg0247","fg0652","fg0239","fg0881","fg0390","fg0083","fg0042","fg0371","fg0644"
"fq000283","vx_be21365851bd9590","fg0061","1","fg0061","fg0972","fg0520","fg0858","fg0801","fg0903","fg0169","fg0257","fg0944","fg0091","fg0129","fg0963","fg0790","fg0531","fg0192","fg0563","fg0349","fg0255","fg0378","fg0958"
"fq000284","vx_ab07adefb88a7166","fg0062","2","fg0087","fg0062","fg0478","fg0370","fg0770","fg0049","fg0564","fg0409","fg0534","fg0400","fg0486","fg0257","fg0713","fg0326","fg0482","fg0725","fg0839","fg0724","fg0814","fg0812"
"fq000285","vx_ab07adefb88a7166","fg0062","1","fg0062","fg0087","fg0478","fg0370","fg0770","fg0534","fg0049","fg0564","fg0409","fg0257","fg0326","fg0839","fg0486","fg0725","fg0985","fg0713","fg0400","fg0802","fg0259","fg0812"
"fq000286","vx_ab07adefb88a7166","fg0062","2","fg0087","fg0062","fg0478","fg0770","fg0370","fg0564","fg0409","fg0534","fg0049","fg0257","fg0969","fg0724","fg0498","fg0814","fg0400","fg0121","fg0725","fg0713","fg0326","fg0486"
"fq000287","vx_ab07adefb88a7166","fg0062","1","fg0062","fg0087","fg0370","fg0478","fg0049","fg0770","fg0534","fg0257","fg0564","fg0326","fg0409","fg0400","fg0119","fg0985","fg0315","fg0725","fg0724","fg0486","fg0174","fg0577"
"fq000288","vx_dd17759b61141f4f","fg0063","1","fg0063","fg0269","fg0008","fg0550","fg0516","fg0994","fg0750","fg0703","fg0598","fg0558","fg0900","fg0606","fg0432","fg0341","fg0412","fg0108","fg0358","fg0896","fg0775","fg0229"
"fq000289","vx_dd17759b61141f4f","fg0063","1","fg0063","fg0269","fg0008","fg0550","fg0994","fg0516","fg0412","fg0750","fg0900","fg0606","fg0703","fg0845","fg0558","fg0229","fg0432","fg0598","fg0775","fg0694","fg0258","fg0428"
"fq000290","vx_dd17759b61141f4f","fg0063","1","fg0063","fg0269","fg0008","fg0550","fg0516","fg0750","fg0994","fg0598","fg0900","fg0558","fg0412","fg0606","fg0341","fg0845","fg0703","fg0432","fg0896","fg0996","fg0674","fg0932"
"fq000291","vx_5a87b03022e36ffe","fg0064","1","fg0064","fg0979","fg0540","fg0669","fg0137","fg0459","fg0044","fg0406","fg0766","fg0603","fg0271","fg0958","fg0254","fg0874","fg0902","fg0647","fg0489","fg0765","fg0800","fg0836"
"fq000292","vx_c8d329b8d9a77d7f","fg0065","1","fg0065","fg0984","fg0813","fg0409","fg0389","fg0281","fg0209","fg0534","fg0166","fg0634","fg0770","fg0574","fg0121","fg0098","fg0896","fg0821","fg0686","fg0766","fg0081","fg0278"
"fq000293","vx_c8d329b8d9a77d7f","fg0065","1","fg0065","fg0389","fg0984","fg0166","fg0281","fg0574","fg0534","fg0813","fg0409","fg0392","fg0770","fg0686","fg0209","fg0217","fg0326","fg0896","fg0634","fg0723","fg0278","fg0821"
"fq000294","vx_c8d329b8d9a77d7f","fg0065","1","fg0065","fg0984","fg0209","fg0813","fg0281","fg0389","fg0409","fg0534","fg0686","fg0166","fg0914","fg0098","fg0732","fg0574","fg0896","fg0634","fg0770","fg0821","fg0295","fg0916"
"fq000295","vx_c8d329b8d9a77d7f","fg0065","1","fg0065","fg0984","fg0389","fg0813","fg0281","fg0409","fg0574","fg0534","fg0209","fg0166","fg0770","fg0634","fg0896","fg0686","fg0098","fg0821","fg0121","fg0392","fg0840","fg0766"
"fq000296","vx_c8d329b8d9a77d7f","fg0065","1","fg0065","fg0984","fg0389","fg0813","fg0281","fg0166","fg0534","fg0574","fg0409","fg0770","fg0686","fg0209","fg0392","fg0278","fg0723","fg0634","fg0840","fg0914","fg0821","fg0121"
"fq000297","vx_c8d329b8d9a77d7f","fg0065","1","fg0065","fg0984","fg0389","fg0813","fg0166","fg0281","fg0574","fg0534","fg0409","fg0209","fg0770","fg0392","fg0896","fg0686","fg0723","fg0634","fg0821","fg0121","fg0278","fg0217"
"fq000298","vx_c8d329b8d9a77d7f","fg0065","1","fg0065","fg0984","fg0813","fg0281","fg0914","fg0209","fg0409","fg0389","fg0534","fg0686","fg0574","fg0770","fg0505","fg0166","fg0121","fg0732","fg0278","fg0634","fg0098","fg0723"
"fq000299","vx_c8d329b8d9a77d7f","fg0065","1","fg0065","fg0984","fg0389","fg0813","fg0409","fg0281","fg0770","fg0166","fg0534","fg0574","fg0392","fg0896","fg0209","fg0723","fg0278","fg0217","fg0840","fg0121","fg0634","fg0686"
"fq000300","vx_c8d329b8d9a77d7f","fg0065","1","fg0065","fg0984","fg0389","fg0813","fg0166","fg0281","fg0409","fg0574","fg0534","fg0770","fg0209","fg0392","fg0634","fg0686","fg0723","fg0821","fg0896","fg0278","fg0840","fg0121"
"fq000301","vx_c8d329b8d9a77d7f","fg0065","1","fg0065","fg0984","fg0389","fg0813","fg0409","fg0281","fg0534","fg0574","fg0770","fg0166","fg0209","fg0686","fg0392","fg0634","fg0723","fg0840","fg0821","fg0121","fg0278","fg0217"
"fq000302","vx_c8d329b8d9a77d7f","fg0065","1","fg0065","fg0389","fg0984","fg0813","fg0166","fg0574","fg0534","fg0392","fg0281","fg0770","fg0409","fg0217","fg0121","fg0723","fg0278","fg0209","fg0896","fg0045","fg0914","fg0686"
"fq000303","vx_c8d329b8d9a77d7f","fg0065","1","fg0065","fg0984","fg0813","fg0281","fg0409","fg0209","fg0770","fg0389","fg0534","fg0686","fg0732","fg0121","fg0278","fg0634","fg0723","fg0098","fg0166","fg0914","fg0574","fg0458"
"fq000304","vx_c8d329b8d9a77d7f","fg0065","1","fg0065","fg0984","fg0389","fg0813","fg0281","fg0209","fg0574","fg0166","fg0409","fg0534","fg0770","fg0686","fg0896","fg0821","fg0392","fg0634","fg0098","fg0121","fg0766","fg0914"
"fq000305","vx_c8d329b8d9a77d7f","fg0065","1","fg0065","fg0984","fg0389","fg0813","fg0281","fg0166","fg0409","fg0534","fg0574","fg0770","fg0209","fg0686","fg0732","fg0723","fg0634","fg0392","fg0278","fg0098","fg0121","fg0896"
"fq000306","vx_c8d329b8d9a77d7f","fg0065","1","fg0065","fg0984","fg0813","fg0389","fg0281","fg0409","fg0534","fg0166","fg0209","fg0770","fg0574","fg0634","fg0723","fg0098","fg0278","fg0896","fg0392","fg0686","fg0121","fg0217"
"fq000307","vx_c8d329b8d9a77d7f","fg0065","1","fg0065","fg0984","fg0813","fg0389","fg0281","fg0409","fg0574","fg0166","fg0534","fg0770","fg0686","fg0098","fg0209","fg0634","fg0392","fg0821","fg0723","fg0278","fg0121","fg0896"
"fq000308","vx_c8d329b8d9a77d7f","fg0065","1","fg0065","fg0389","fg0984","fg0166","fg0813","fg0281","fg0574","fg0534","fg0409","fg0770","fg0392","fg0209","fg0686","fg0278","fg0723","fg0732","fg0217","fg0896","fg0634","fg0121"
"fq000309","vx_c8d329b8d9a77d7f","fg0065","1","fg0065","fg0984","fg0389","fg0813","fg0281","fg0209","fg0409","fg0574","fg0166","fg0534","fg0770","fg0686","fg0821","fg0121","fg0896","fg0392","fg0732","fg0492","fg0723","fg0098"
"fq000310","vx_c8d329b8d9a77d7f","fg0065","1","fg0065","fg0984","fg0389","fg0813","fg0281","fg0409","fg0166","fg0209","fg0574","fg0534","fg0770","fg0686","fg0634","fg0896","fg0098","fg0392","fg0821","fg0278","fg0121","fg0723"
"fq000311","vx_c8d329b8d9a77d7f","fg0065","1","fg0065","fg0984","fg0281","fg0389","fg0534","fg0813","fg0409","fg0686","fg0166","fg0574","fg0209","fg0634","fg0770","fg0098","fg0681","fg0724","fg0392","fg0821","fg0896","fg0121"
"fq000312","vx_c8d329b8d9a77d7f","fg0065","1","fg0065","fg0984","fg0389","fg0813","fg0281","fg0534","fg0409","fg0770","fg0574","fg0166","fg0209","fg0634","fg0686","fg0121","fg0278","fg0723","fg0392","fg0896","fg0217","fg0098"
"fq000313","vx_c8d329b8d9a77d7f","fg0065","1","fg0065","fg0984","fg0813","fg0389","fg0281","fg0409","fg0166","fg0534","fg0770","fg0574","fg0723","fg0121","fg0634","fg0209","fg0278","fg0686","fg0821","fg0914","fg0732","fg0840"
"fq000314","vx_c8d329b8d9a77d7f","fg0065","1","fg0065","fg0984","fg0389","fg0813","fg0409","fg0281","fg0534","fg0209","fg0166","fg0574","fg0770","fg0634","fg0896","fg0098","fg0821","fg0686","fg0392","fg0766","fg0121","fg0724"
"fq000315","vx_c8d329b8d9a77d7f","fg0065","1","fg0065","fg0984","fg0389","fg0281","fg0813","fg0409","fg0166","fg0209","fg0534","fg0574","fg0634","fg0770","fg0686","fg0732","fg0723","fg0821","fg0098","fg0278","fg0121","fg0392"
"fq000316","vx_c8d329b8d9a77d7f","fg0065","1","fg0065","fg0984","fg0813","fg0281","fg0409","fg0389","fg0209","fg0770","fg0534","fg0121","fg0634","fg0098","fg0574","fg0686","fg0166","fg0278","fg0564","fg0821","fg0766","fg0840"
"fq000317","vx_c8d329b8d9a77d7f","fg0065","1","fg0065","fg0984","fg0389","fg0813","fg0281","fg0166","fg0574","fg0534","fg0409","fg0770","fg0209","fg0392","fg0634","fg0766","fg0821","fg0121","fg0723","fg0278","fg0840","fg0896"
"fq000318","vx_c8d329b8d9a77d7f","fg0065","1","fg0065","fg0984","fg0389","fg0813","fg0166","fg0281","fg0574","fg0534","fg0770","fg0409","fg0209","fg0392","fg0686","fg0723","fg0217","fg0278","fg0121","fg0634","fg0821","fg0896"
"fq000319","vx_c8d329b8d9a77d7f","fg0065","1","fg0065","fg0984","fg0389","fg0813","fg0281","fg0209","fg0534","fg0409","fg0166","fg0574","fg0770","fg0686","fg0392","fg0121","fg0896","fg0634","fg0732","fg0723","fg0914","fg0278"
"fq000320","vx_c8d329b8d9a77d7f","fg0065","1","fg0065","fg0984","fg0389","fg0813","fg0281","fg0166","fg0409","fg0534","fg0770","fg0574","fg0209","fg0723","fg0121","fg0392","fg0686","fg0634","fg0278","fg0840","fg0217","fg0732"
"fq000321","vx_c8d329b8d9a77d7f","fg0065","1","fg0065","fg0984","fg0813","fg0281","fg0409","fg0209","fg0534","fg0389","fg0098","fg0634","fg0770","fg0723","fg0686","fg0278","fg0732","fg0121","fg0914","fg0574","fg0821","fg0766"
"fq000322","vx_c8d329b8d9a77d7f","fg0065","1","fg0065","fg0984","fg0389","fg0813","fg0409","fg0281","fg0770","fg0574","fg0534","fg0166","fg0209","fg0392","fg0121","fg0686","fg0914","fg0217","fg0278","fg0723","fg0087","fg0840"
"fq000323","vx_c8d329b8d9a77d7f","fg0065","1","fg0065","fg0984","fg0389","fg0813","fg0281","fg0209","fg0409","fg0534","fg0166","fg0770","fg0574","fg0732","fg0686","fg0121","fg0098","fg0723","fg0278","fg0217","fg0634","fg0392"
"fq000324","vx_c8d329b8d9a77d7f","fg0065","1","fg0065","fg0984","fg0389","fg0813","fg0409","fg0281","fg0209","fg0534","fg0166","fg0574","fg0770","fg0896","fg0686","fg0121","fg0098","fg0723","fg0634","fg0732","fg0821","fg0392"
"fq000325","vx_c8d329b8d9a77d7f","fg0065","1","fg0065","fg0984","fg0813","fg0389","fg0281","fg0409","fg0209","fg0534","fg0166","fg0574","fg0770","fg0686","fg0634","fg0098","fg0896","fg0392","fg0121","fg0732","fg0278","fg0723"
"fq000326","vx_c8d329b8d9a77d7f","fg0065","1","fg0065","fg0984","fg0389","fg0281","fg0813","fg0166","fg0409","fg0209","fg0534","fg0574","fg0686","fg0770","fg0896","fg0392","fg0821","fg0634","fg0121","fg0732","fg0723","fg0217"
"fq000327","vx_c8d329b8d9a77d7f","fg0065","1","fg0065","fg0389","fg0984","fg0813","fg0534","fg0166","fg0281","fg0574","fg0278","fg0723","fg0392","fg0770","fg0409","fg0217","fg0209","fg0045","fg0496","fg0686","fg0681","fg0492"
"fq000328","vx_c8d329b8d9a77d7f","fg0065","1","fg0065","fg0984","fg0389","fg0813","fg0166","fg0281","fg0534","fg0574","fg0409","fg0770","fg0392","fg0209","fg0686","fg0723","fg0896","fg0278","fg0121","fg0217","fg0634","fg0821"
"fq000329","vx_c8d329b8d9a77d7f","fg0065","1","fg0065","fg0984","fg0813","fg0389","fg0281","fg0534","fg0166","fg0409","fg0574","fg0770","fg0209","fg0686","fg0896","fg0723","fg0278","fg0121","fg0634","fg0098","fg0392","fg0217"
"fq000330","vx_c8d329b8d9a77d7f","fg0065","1","fg0065","fg0984","fg0813","fg0281","fg0409","fg0209","fg0534","fg0770","fg0389","fg0121","fg0634","fg0098","fg0732","fg0278","fg0686","fg0166","fg0723","fg0574","fg0564","fg0041"
"fq000331","vx_c8d329b8d9a77d7f","fg0065","1","fg0065","fg0984","fg0813","fg0281","fg0409","fg0389","fg0209","fg0534","fg0770","fg0634","fg0098","fg0766","fg0574","fg0121","fg0041","fg0821","fg0166","fg0686","fg0278","fg0840"
"fq000332","vx_c8d329b8d9a77d7f","fg0065","1","fg0065","fg0984","fg0813","fg0281","fg0389","fg0409","fg0166","fg0534","fg0209","fg0770","fg0574","fg0634","fg0121","fg0278","fg0723","fg0098","fg0840","fg0686","fg0217","fg0766"
"fq000333","vx_c8d329b8d9a77d7f","fg0065","1","fg0065","fg0984","fg0389","fg0813","fg0166","fg0281","fg0534","fg0770","fg0409","fg0574","fg0392","fg0209","fg0686","fg0723","fg0634","fg0278","fg0840","fg0121","fg0821","fg0217"
"fq000334","vx_c8d329b8d9a77d7f","fg0065","1","fg0065","fg0984","fg0389","fg0813","fg0281","fg0209","fg0409","fg0534","fg0166","fg0098","fg0574","fg0686","fg0821","fg0896","fg0770","fg0732","fg0121","fg0634","fg0723","fg0278"
"fq000335","vx_c8d329b8d9a77d7f","fg0065","1","fg0065","fg0984","fg0813","fg0389","fg0409","fg0281","fg0534","fg0209","fg0166","fg0574","fg0770","fg0098","fg0686","fg0896","fg0121","fg0732","fg0723","fg0766","fg0392","fg0821"
"fq000336","vx_c8d329b8d9a77d7f","fg0065","1","fg0065","fg0984","fg0389","fg0281","fg0813","fg0534","fg0209","fg0166","fg0574","fg0409","fg0686","fg0770","fg0914","fg0121","fg0896","fg0392","fg0634","fg0278","fg0821","fg0732"
"fq000337","vx_c8d329b8d9a77d7f","fg0065","1","fg0065","fg0984","fg0813","fg0389","fg0281","fg0166","fg0534","fg0770","fg0409","fg0574","fg0723","fg0686","fg0278","fg0121","fg0209","fg0392","fg0840","fg0217","fg0634","fg0896"
"fq000338","vx_c8d329b8d9a77d7f","fg0065","1","fg0065","fg0984","fg0389","fg0813","fg0281","fg0409","fg0166","fg0574","fg0534","fg0770","fg0209","fg0723","fg0392","fg0686","fg0732","fg0098","fg0278","fg0634","fg0121","fg0217"
"fq000339","vx_c8d329b8d9a77d7f","fg0065","1","fg0065","fg0984","fg0389","fg0813","fg0281","fg0209","fg0166","fg0409","fg0534","fg0574","fg0686","fg0770","fg0634","fg0896","fg0732","fg0098","fg0392","fg0121","fg0821","fg0217"
"fq000340","vx_c8d329b8d9a77d7f","fg0065","1","fg0065","fg0984","fg0389","fg0813","fg0281","fg0534","fg0409","fg0166","fg0574","fg0209","fg0770","fg0392","fg0634","fg0686","fg0896","fg0723","fg0766","fg0278","fg0821","fg0098"
"fq000341","vx_c8d329b8d9a77d7f","fg0065","1","fg0065","fg0389","fg0984","fg0574","fg0166","fg0392","fg0409","fg0686","fg0821","fg0281","fg0813","fg0534","fg0326","fg0019","fg0770","fg0914","fg0661","fg0884","fg0896","fg0569"
"fq000342","vx_c8d329b8d9a77d7f","fg0065","1","fg0065","fg0984","fg0389","fg0281","fg0813","fg0534","fg0166","fg0574","fg0409","fg0209","fg0770","fg0686","fg0634","fg0121","fg0821","fg0392","fg0278","fg0896","fg0732","fg0723"
"fq000343","vx_c8d329b8d9a77d7f","fg0065","1","fg0065","fg0984","fg0281","fg0813","fg0409","fg0209","fg0389","fg0634","fg0534","fg0770","fg0574","fg0121","fg0686","fg0098","fg0840","fg0821","fg0278","fg0724","fg0564","fg0041"
"fq000344","vx_c8d329b8d9a77d7f","fg0065","1","fg0065","fg0984","fg0389","fg0281","fg0813","fg0409","fg0209","fg0534","fg0166","fg0574","fg0770","fg0686","fg0634","fg0098","fg0821","fg0121","fg0732","fg0896","fg0723","fg0914"
"fq000345","vx_9a596b183b88f0ba","fg0066","1","fg0066","fg0846","fg0140","fg0563","fg0049","fg0758","fg0489","fg0968","fg0836","fg0508","fg0678","fg0345","fg0839","fg0737","fg0500","fg0502","fg0486","fg0241","fg0454","fg0828"
"fq000346","vx_9a596b183b88f0ba","fg0066","1","fg0066","fg0508","fg0127","fg0563","fg0784","fg0241","fg0500","fg0802","fg0823","fg0235","fg0201","fg0820","fg0968","fg0182","fg0995","fg0653","fg0661","fg0043","fg0345","fg0380"
"fq000347","vx_9a596b183b88f0ba","fg0066","1","fg0066","fg0508","fg0563","fg0127","fg0836","fg0619","fg0823","fg0661","fg0500","fg0784","fg0802","fg0129","fg0102","fg0304","fg0389","fg0964","fg0201","fg0072","fg0737","fg0653"
"fq000348","vx_64db29bf79573cc2","fg0067","1","fg0067","fg0131","fg0365","fg0790","fg0020","fg0916","fg0427","fg0159","fg0145","fg0637","fg0061","fg0803","fg0085","fg0211","fg0359","fg0941","fg0960","fg0594","fg0809","fg0340"
"fq000349","vx_64db29bf79573cc2","fg0067","1","fg0067","fg0427","fg0020","fg0776","fg0637","fg0131","fg0790","fg0818","fg0255","fg0730","fg0916","fg0365","fg0625","fg0085","fg0913","fg0125","fg0061","fg0174","fg0941","fg0468"
"fq000350","vx_64db29bf79573cc2","fg0067","1","fg0067","fg0913","fg0790","fg0397","fg0159","fg0039","fg0803","fg0255","fg0365","fg0122","fg0941","fg0131","fg0637","fg0983","fg0594","fg0391","fg0916","fg0125","fg0009","fg0907"
"fq000351","vx_64db29bf79573cc2","fg0067","1","fg0067","fg0790","fg0020","fg0391","fg0907","fg0211","fg0637","fg0131","fg0427","fg0159","fg0776","fg0809","fg0239","fg0009","fg0174","fg0365","fg0950","fg0397","fg0529","fg0436"
"fq000352","vx_64db29bf79573cc2","fg0067","1","fg0067","fg0131","fg0790","fg0020","fg0637","fg0436","fg0427","fg0009","fg0776","fg0365","fg0803","fg0239","fg0913","fg0174","fg0699","fg0916","fg0529","fg0874","fg0391","fg0125"
"fq000353","vx_64db29bf79573cc2","fg0067","1","fg0067","fg0790","fg0131","fg0365","fg0020","fg0427","fg0159","fg0916","fg0211","fg0637","fg0941","fg0907","fg0039","fg0391","fg0397","fg0913","fg0594","fg0803","fg0061","fg0976"
"fq000354","vx_64db29bf79573cc2","fg0067","1","fg0067","fg0131","fg0365","fg0790","fg0020","fg0916","fg0427","fg0159","fg0145","fg0061","fg0803","fg0637","fg0085","fg0211","fg0941","fg0359","fg0960","fg0594","fg0809","fg0913"
"fq000355","vx_64db29bf79573cc2","fg0067","1","fg0067","fg0145","fg0211","fg0159","fg0020","fg0195","fg0790","fg0391","fg0907","fg0976","fg0340","fg0843","fg0039","fg0131","fg0106","fg0540","fg0438","fg0025","fg0397","fg0594"
"fq000356","vx_e8629e0cef8d1ad1","fg0068","1","fg0068","fg0305","fg0973","fg0974","fg0710","fg0598","fg0341","fg0977","fg0866","fg0358","fg0594","fg0738","fg0803","fg0703","fg0861","fg0494","fg0084","fg0063","fg0385","fg0257"
"fq000357","vx_5d68590dff658b3c","fg0069","1","fg0069","fg0086","fg0276","fg0423","fg0210","fg0190","fg0405","fg0813","fg0161","fg0029","fg0755","fg0096","fg0203","fg0570","fg0360","fg0607","fg0718","fg0135","fg0557","fg0632"
"fq000358","vx_5d68590dff658b3c","fg0069","1","fg0069","fg0086","fg0276","fg0190","fg0423","fg0210","fg0293","fg0813","fg0203","fg0029","fg0652","fg0632","fg0135","fg0755","fg0078","fg0406","fg0884","fg0390","fg0735","fg0161"
"fq000359","vx_73e84c62615cf115","fg0070","1","fg0070","fg0510","fg0481","fg0908","fg0006","fg0024","fg0878","fg0660","fg0735","fg0946","fg0263","fg0374","fg0767","fg0153","fg0629","fg0326","fg0763","fg0585","fg0260","fg0640"
"fq000360","vx_73e84c62615cf115","fg0070","1","fg0070","fg0510","fg0481","fg0260","fg0509","fg0767","fg0878","fg0282","fg0374","fg0382","fg0640","fg0908","fg0153","fg0629","fg0938","fg0642","fg0960","fg0576","fg0870","fg0660"
"fq000361","vx_73e84c62615cf115","fg0070","1","fg0070","fg0510","fg0481","fg0878","fg0767","fg0908","fg0024","fg0006","fg0260","fg0374","fg0509","fg0946","fg0263","fg0282","fg0983","fg0660","fg0629","fg0153","fg0901","fg0987"
"fq000362","vx_73e84c62615cf115","fg0070","1","fg0070","fg0510","fg0481","fg0908","fg0735","fg0983","fg0509","fg0660","fg0153","fg0629","fg0374","fg0878","fg0946","fg0382","fg0006","fg0767","fg0077","fg0763","fg0997","fg0372"
"fq000363","vx_5bad01e92f5ce422","fg0071","1","fg0071","fg0569","fg0768","fg0778","fg0682","fg0159","fg0214","fg0936","fg0496","fg0191","fg0976","fg0573","fg0270","fg0247","fg0843","fg0723","fg0662","fg0388","fg0211","fg0562"
"fq000364","vx_5bad01e92f5ce422","fg0071","1","fg0071","fg0768","fg0569","fg0682","fg0214","fg0936","fg0191","fg0388","fg0778","fg0573","fg0159","fg0843","fg0247","fg0211","fg0562","fg0298","fg0867","fg0270","fg0527","fg0347"
"fq000365","vx_9c51cdf21b9bcc40","fg0072","1","fg0072","fg0680","fg0457","fg0410","fg0792","fg0170","fg0704","fg0102","fg0454","fg0844","fg0008","fg0752","fg0641","fg0949","fg0385","fg0581","fg0926","fg0339","fg0158","fg0576"
"fq000366","vx_9c51cdf21b9bcc40","fg0072","1","fg0072","fg0680","fg0410","fg0457","fg0102","fg0792","fg0170","fg0704","fg0454","fg0844","fg0752","fg0008","fg0385","fg0641","fg0926","fg0581","fg0158","fg0576","fg0949","fg0036"
"fq000367","vx_9c51cdf21b9bcc40","fg0072","1","fg0072","fg0457","fg0680","fg0410","fg0792","fg0170","fg0844","fg0102","fg0454","fg0704","fg0949","fg0752","fg0576","fg0008","fg0641","fg0385","fg0036","fg0915","fg0926","fg0155"
"fq000368","vx_9c51cdf21b9bcc40","fg0072","1","fg0072","fg0680","fg0457","fg0410","fg0792","fg0102","fg0170","fg0704","fg0844","fg0454","fg0752","fg0008","fg0949","fg0158","fg0926","fg0901","fg0581","fg0385","fg0339","fg0641"
"fq000369","vx_f08bc5a8ce5b48d6","fg0073","1","fg0073","fg0393","fg0937","fg0568","fg0624","fg0324","fg0653","fg0746","fg0730","fg0889","fg0223","fg0943","fg0725","fg0313","fg0228","fg0867","fg0765","fg0360","fg0175","fg0348"
"fq000370","vx_05e7b6f00cb33be9","fg0074","1","fg0074","fg0806","fg0415","fg0308","fg0800","fg0212","fg0344","fg0456","fg0838","fg0611","fg0413","fg0776","fg0101","fg0443","fg0079","fg0161","fg0125","fg0803","fg0077","fg0351"
"fq000371","vx_b6b3e47aa51b2371","fg0075","1","fg0075","fg0236","fg0213","fg0237","fg0225","fg0041","fg0189","fg0799","fg0309","fg0439","fg0523","fg0575","fg0300","fg0050","fg0406","fg0459","fg0410","fg0457","fg0004","fg0792"
"fq000372","vx_b6b3e47aa51b2371","fg0075","1","fg0075","fg0236","fg0237","fg0213","fg0041","fg0189","fg0799","fg0225","fg0439","fg0575","fg0406","fg0050","fg0309","fg0523","fg0100","fg0300","fg0410","fg0004","fg0459","fg0366"
"fq000373","vx_b6b3e47aa51b2371","fg0075","1","fg0075","fg0236","fg0237","fg0189","fg0213","fg0041","fg0799","fg0225","fg0439","fg0309","fg0523","fg0050","fg0575","fg0100","fg0459","fg0406","fg0300","fg0410","fg0681","fg0004"
"fq000374","vx_b6b3e47aa51b2371","fg0075","1","fg0075","fg0236","fg0237","fg0041","fg0189","fg0213","fg0799","fg0225","fg0439","fg0050","fg0309","fg0100","fg0406","fg0366","fg0004","fg0523","fg0575","fg0410","fg0300","fg0266"
"fq000375","vx_b6b3e47aa51b2371","fg0075","1","fg0075","fg0236","fg0237","fg0189","fg0213","fg0041","fg0225","fg0439","fg0799","fg0309","fg0523","fg0050","fg0406","fg0300","fg0100","fg0575","fg0004","fg0410","fg0266","fg0459"
"fq000376","vx_b6b3e47aa51b2371","fg0075","1","fg0075","fg0236","fg0237","fg0189","fg0041","fg0213","fg0799","fg0439","fg0225","fg0309","fg0523","fg0050","fg0100","fg0575","fg0410","fg0406","fg0300","fg0459","fg0004","fg0760"
"fq000377","vx_b6b3e47aa51b2371","fg0075","1","fg0075","fg0236","fg0213","fg0237","fg0439","fg0189","fg0041","fg0799","fg0225","fg0309","fg0523","fg0575","fg0406","fg0300","fg0050","fg0004","fg0459","fg0410","fg0100","fg0266"
"fq000378","vx_b6b3e47aa51b2371","fg0075","1","fg0075","fg0236","fg0237","fg0189","fg0041","fg0213","fg0439","fg0799","fg0225","fg0309","fg0575","fg0050","fg0300","fg0523","fg0100","fg0004","fg0459","fg0406","fg0681","fg0410"
"fq000379","vx_34db91f4c2e6d37a","fg0076","1","fg0076","fg0311","fg0705","fg0916","fg0614","fg0777","fg0581","fg0289","fg0623","fg0827","fg0294","fg0582","fg0553","fg0247","fg0451","fg0178","fg0901","fg0309","fg0449","fg0949"
"fq000380","vx_34db91f4c2e6d37a","fg0076","1","fg0076","fg0289","fg0879","fg0451","fg0527","fg0827","fg0885","fg0916","fg0309","fg0311","fg0247","fg0546","fg0886","fg0614","fg0533","fg0449","fg0705","fg0623","fg0377","fg0294"
"fq000381","vx_34db91f4c2e6d37a","fg0076","1","fg0076","fg0289","fg0879","fg0451","fg0546","fg0623","fg0827","fg0527","fg0449","fg0885","fg0916","fg0294","fg0637","fg0309","fg0422","fg0377","fg0068","fg0485","fg0533","fg0366"
"fq000382","vx_34db91f4c2e6d37a","fg0076","1","fg0076","fg0289","fg0879","fg0451","fg0527","fg0623","fg0546","fg0449","fg0827","fg0377","fg0885","fg0485","fg0309","fg0637","fg0916","fg0247","fg0886","fg0294","fg0533","fg0366"
"fq000383","vx_34db91f4c2e6d37a","fg0076","1","fg0076","fg0916","fg0705","fg0311","fg0614","fg0294","fg0582","fg0098","fg0081","fg0777","fg0581","fg0504","fg0178","fg0918","fg0704","fg0553","fg0369","fg0055","fg0632","fg0015"
"fq000384","vx_34db91f4c2e6d37a","fg0076","1","fg0076","fg0289","fg0879","fg0827","fg0451","fg0885","fg0527","fg0623","fg0485","fg0546","fg0916","fg0533","fg0449","fg0886","fg0309","fg0377","fg0452","fg0294","fg0247","fg0582"
"fq000385","vx_34db91f4c2e6d37a","fg0076","1","fg0076","fg0289","fg0451","fg0879","fg0827","fg0623","fg0527","fg0449","fg0247","fg0546","fg0485","fg0885","fg0582","fg0886","fg0309","fg0311","fg0294","fg0911","fg0377","fg0916"
"fq000386","vx_34db91f4c2e6d37a","fg0076","1","fg0076","fg0289","fg0451","fg0827","fg0879","fg0911","fg0527","fg0885","fg0623","fg0916","fg0887","fg0247","fg0309","fg0449","fg0546","fg0886","fg0027","fg0311","fg0257","fg0738"
"fq000387","vx_34db91f4c2e6d37a","fg0076","1","fg0076","fg0916","fg0289","fg0294","fg0827","fg0309","fg0451","fg0311","fg0527","fg0879","fg0738","fg0758","fg0911","fg0081","fg0623","fg0215","fg0885","fg0614","fg0886","fg0581"
"fq000388","vx_34db91f4c2e6d37a","fg0076","1","fg0076","fg0289","fg0879","fg0546","fg0485","fg0623","fg0294","fg0451","fg0309","fg0452","fg0637","fg0366","fg0527","fg0115","fg0885","fg0916","fg0237","fg0827","fg0449","fg0608"
"fq000389","vx_34db91f4c2e6d37a","fg0076","1","fg0076","fg0309","fg0311","fg0705","fg0294","fg0777","fg0916","fg0410","fg0614","fg0844","fg0170","fg0581","fg0752","fg0949","fg0699","fg0523","fg0799","fg0957","fg0704","fg0081"
"fq000390","vx_34db91f4c2e6d37a","fg0076","1","fg0076","fg0289","fg0879","fg0451","fg0827","fg0527","fg0623","fg0546","fg0885","fg0485","fg0449","fg0533","fg0311","fg0637","fg0886","fg0916","fg0377","fg0247","fg0705","fg0582"
"fq000391","vx_34db91f4c2e6d37a","fg0076","1","fg0076","fg0289","fg0879","fg0451","fg0827","fg0623","fg0527","fg0911","fg0916","fg0901","fg0449","fg0294","fg0546","fg0885","fg0377","fg0311","fg0309","fg0485","fg0366","fg0625"
"fq000392","vx_34db91f4c2e6d37a","fg0076","1","fg0076","fg0289","fg0916","fg0451","fg0911","fg0879","fg0294","fg0827","fg0546","fg0623","fg0309","fg0068","fg0527","fg0582","fg0738","fg0366","fg0887","fg0601","fg0637","fg0611"
"fq000393","vx_5a806020bbb23d67","fg0077","1","fg0077","fg0538","fg0956","fg0455","fg0557","fg0293","fg0895","fg0666","fg0773","fg0372","fg0638","fg1000","fg0203","fg0705","fg0975","fg0084","fg0847","fg0781","fg0719","fg0810"
"fq000394","vx_b5d3a8c5e187b980","fg0078","1","fg0078","fg0624","fg0247","fg0317","fg0227","fg0746","fg0666","fg0319","fg0536","fg0097","fg0203","fg0813","fg0399","fg0390","fg0475","fg0722","fg0593","fg0069","fg0324","fg0347"
"fq000395","vx_b5d3a8c5e187b980","fg0078","1","fg0078","fg0227","fg0347","fg0666","fg0319","fg0536","fg0593","fg0522","fg0624","fg0889","fg0097","fg0247","fg0317","fg0285","fg0069","fg0267","fg0712","fg0722","fg0233","fg0399"
"fq000396","vx_b5d3a8c5e187b980","fg0078","1","fg0078","fg0666","fg0317","fg0624","fg0475","fg0227","fg0247","fg0347","fg0536","fg0469","fg0525","fg0733","fg0025","fg0557","fg0593","fg0233","fg0069","fg0813","fg0552","fg0186"
"fq000397","vx_0e82dc4a2cee5420","fg0079","1","fg0079","fg0969","fg0714","fg0060","fg0910","fg0717","fg0597","fg0414","fg0336","fg0611","fg0152","fg0787","fg0371","fg0276","fg0999","fg0426","fg0746","fg0074","fg0042","fg0991"
"fq000398","vx_0e82dc4a2cee5420","fg0079","1","fg0079","fg0969","fg0714","fg0910","fg0060","fg0717","fg0336","fg0597","fg0787","fg0991","fg0414","fg0611","fg0733","fg0017","fg0693","fg0074","fg0656","fg0999","fg0152","fg0943"
"fq000399","vx_0e82dc4a2cee5420","fg0079","1","fg0079","fg0969","fg0060","fg0714","fg0910","fg0717","fg0597","fg0336","fg0414","fg0074","fg0746","fg0611","fg0693","fg0787","fg0030","fg0426","fg0371","fg0733","fg0152","fg0923"
"fq000400","vx_0e82dc4a2cee5420","fg0079","1","fg0079","fg0969","fg0060","fg0714","fg0910","fg0717","fg0597","fg0336","fg0414","fg0611","fg0787","fg0042","fg0152","fg0991","fg0746","fg0999","fg0718","fg0585","fg0174","fg0525"
"fq000401","vx_0e82dc4a2cee5420","fg0079","1","fg0079","fg0969","fg0060","fg0714","fg0910","fg0717","fg0597","fg0414","fg0336","fg0611","fg0787","fg0991","fg0371","fg0152","fg0746","fg0276","fg0074","fg0999","fg0426","fg0656"
"fq000402","vx_26e242d9ec2d1897","fg0080","1","fg0080","fg0839","fg0656","fg0724","fg0791","fg0937","fg0472","fg0601","fg0049","fg0119","fg0801","fg0043","fg0602","fg0848","fg0150","fg0017","fg0442","fg0252","fg0013","fg0622"
"fq000403","vx_26e242d9ec2d1897","fg0080","1","fg0080","fg0839","fg0656","fg0801","fg0937","fg0472","fg0317","fg0601","fg0531","fg0724","fg0309","fg0822","fg0791","fg0447","fg0096","fg0013","fg0017","fg0546","fg0602","fg0360"
"fq000404","vx_26e242d9ec2d1897","fg0080","1","fg0080","fg0839","fg0656","fg0017","fg0801","fg0937","fg0127","fg0447","fg0508","fg0317","fg0286","fg0013","fg0601","fg0724","fg0043","fg0531","fg0791","fg0472","fg0049","fg0482"
"fq000405","vx_26e242d9ec2d1897","fg0080","1","fg0080","fg0801","fg0656","fg0601","fg0447","fg0472","fg0839","fg0017","fg0286","fg0724","fg0937","fg0531","fg0127","fg0317","fg0043","fg0096","fg0848","fg0820","fg0426","fg0791"
"fq000406","vx_26e242d9ec2d1897","fg0080","1","fg0080","fg0839","fg0656","fg0601","fg0472","fg0531","fg0937","fg0447","fg0127","fg0317","fg0801","fg0286","fg0017","fg0096","fg0791","fg0903","fg0508","fg0724","fg0643","fg0426"
"fq000407","vx_26e242d9ec2d1897","fg0080","1","fg0080","fg0839","fg0286","fg0801","fg0937","fg0656","fg0601","fg0317","fg0791","fg0531","fg0472","fg0724","fg0508","fg0127","fg0482","fg0036","fg0360","fg0017","fg0013","fg0049"
"fq000408","vx_26e242d9ec2d1897","fg0080","1","fg0080","fg0903","fg0839","fg0601","fg0531","fg0127","fg0508","fg0352","fg0447","fg0801","fg0286","fg0656","fg0317","fg0017","fg0426","fg0096","fg0711","fg0472","fg0781","fg0724"
"fq000409","vx_26e242d9ec2d1897","fg0080","1","fg0080","fg0531","fg0801","fg0839","fg0127","fg0656","fg0017","fg0601","fg0724","fg0937","fg0317","fg0447","fg0426","fg0472","fg0508","fg0049","fg0043","fg0036","fg0013","fg0791"
"fq000410","vx_26e242d9ec2d1897","fg0080","1","fg0080","fg0839","fg0656","fg0937","fg0724","fg0791","fg0472","fg0601","fg0049","fg0442","fg0848","fg0602","fg0508","fg0043","fg0382","fg0092","fg0127","fg0017","fg0801","fg0531"
"fq000411","vx_26e242d9ec2d1897","fg0080","1","fg0080","fg0839","fg0601","fg0656","fg0937","fg0017","fg0724","fg0472","fg0531","fg0791","fg0286","fg0447","fg0508","fg0801","fg0127","fg0096","fg0049","fg0036","fg0092","fg0482"
"fq000412","vx_7f2b2bc2af4b2eaa","fg0081","1","fg0081","fg0252","fg0606","fg0177","fg0143","fg0323","fg0983","fg0214","fg0492","fg0504","fg0027","fg0824","fg0633","fg0444","fg0420","fg0931","fg0603","fg0956","fg0380","fg0448"
"fq000413","vx_7f2b2bc2af4b2eaa","fg0081","1","fg0081","fg0444","fg0027","fg0606","fg0156","fg0738","fg0143","fg0667","fg0252","fg0956","fg0983","fg0323","fg0294","fg0672","fg0177","fg0214","fg0492","fg0550","fg0598","fg0935"
"fq000414","vx_26d7005a01be9ad4","fg0082","1","fg0082","fg0716","fg0230","fg0891","fg0429","fg0096","fg0211","fg0639","fg0573","fg0350","fg0330","fg0960","fg0530","fg0085","fg0941","fg0397","fg0713","fg0852","fg0312","fg0411"
"fq000415","vx_9c6635cec8ccea45","fg0083","1","fg0083","fg0881","fg0383","fg0352","fg0622","fg0206","fg0644","fg0744","fg0559","fg0902","fg0998","fg0694","fg0071","fg0275","fg0741","fg0805","fg0377","fg0119","fg0449","fg0251"
"fq000416","vx_fde97f6260ab2b6e","fg0084","1","fg0084","fg0712","fg0975","fg0606","fg0471","fg0937","fg0539","fg0305","fg0940","fg0875","fg0437","fg0722","fg0605","fg0212","fg0773","fg0877","fg0081","fg0003","fg0068","fg0956"
"fq000417","vx_925cd2545ddebd5d","fg0085","1","fg0085","fg0307","fg0214","fg0626","fg0709","fg0722","fg0633","fg0929","fg0323","fg0046","fg0695","fg0775","fg0143","fg0515","fg0113","fg0027","fg0952","fg0042","fg0986","fg0172"
"fq000418","vx_b793adc39ba5832c","fg0086","1","fg0086","fg0276","fg0069","fg0210","fg0147","fg0328","fg0489","fg0431","fg0959","fg0600","fg0094","fg0129","fg0140","fg0405","fg0169","fg0652","fg0173","fg0201","fg0922","fg0318"
"fq000419","vx_b793adc39ba5832c","fg0086","1","fg0086","fg0069","fg0276","fg0210","fg0173","fg0405","fg0600","fg0515","fg0431","fg0201","fg0714","fg0652","fg0815","fg0060","fg0152","fg0868","fg0413","fg0912","fg0319","fg0078"
"fq000420","vx_b793adc39ba5832c","fg0086","1","fg0086","fg0276","fg0069","fg0210","fg0173","fg0515","fg0201","fg0815","fg0600","fg0323","fg0423","fg0539","fg0360","fg0527","fg0078","fg0756","fg0632","fg0354","fg0513","fg0714"
"fq000421","vx_b793adc39ba5832c","fg0086","1","fg0086","fg0276","fg0069","fg0210","fg0539","fg0815","fg0201","fg0423","fg0448","fg0600","fg0714","fg0515","fg0360","fg0035","fg0470","fg0156","fg0505","fg0811","fg0481","fg0418"
"fq000422","vx_b793adc39ba5832c","fg0086","1","fg0086","fg0069","fg0276","fg0515","fg0755","fg0360","fg0423","fg0570","fg0210","fg0029","fg0173","fg0448","fg0499","fg0135","fg0405","fg0390","fg0048","fg0362","fg0815","fg0495"
"fq000423","vx_b793adc39ba5832c","fg0086","1","fg0086","fg0276","fg0505","fg0069","fg0210","fg0328","fg0669","fg0815","fg0448","fg0173","fg0323","fg0147","fg0703","fg0055","fg0539","fg0714","fg0959","fg0034","fg0201","fg0578"
"fq000424","vx_b793adc39ba5832c","fg0086","1","fg0086","fg0276","fg0539","fg0210","fg0515","fg0421","fg0069","fg0815","fg0173","fg0513","fg0527","fg0959","fg0156","fg0218","fg0565","fg0323","fg0203","fg0448","fg0078","fg0656"
"fq000425","vx_b793adc39ba5832c","fg0086","1","fg0086","fg0276","fg0069","fg0210","fg0815","fg0515","fg0201","fg0173","fg0513","fg0565","fg0652","fg0539","fg0405","fg0135","fg0448","fg0959","fg0156","fg0527","fg0078","fg0431"
"fq000426","vx_b793adc39ba5832c","fg0086","1","fg0086","fg0147","fg0959","fg0505","fg0328","fg0569","fg0784","fg0405","fg0489","fg0227","fg0659","fg0167","fg0657","fg0276","fg0323","fg0669","fg0922","fg0129","fg0345","fg0149"
"fq000427","vx_b793adc39ba5832c","fg0086","1","fg0086","fg0276","fg0069","fg0210","fg0815","fg0515","fg0201","fg0173","fg0513","fg0565","fg0652","fg0539","fg0405","fg0135","fg0448","fg0959","fg0156","fg0078","fg0527","fg0756"
"fq000428","vx_b793adc39ba5832c","fg0086","2","fg0539","fg0086","fg0421","fg0156","fg0815","fg0769","fg0481","fg0811","fg0173","fg0513","fg0047","fg0416","fg0808","fg0868","fg0673","fg0509","fg0965","fg0565","fg0052","fg0515"
"fq000429","vx_b793adc39ba5832c","fg0086","1","fg0086","fg0276","fg0815","fg0210","fg0173","fg0328","fg0959","fg0565","fg0147","fg0405","fg0569","fg0682","fg0641","fg0515","fg0652","fg0201","fg0069","fg0784","fg0539","fg0156"
"fq000430","vx_b793adc39ba5832c","fg0086","1","fg0086","fg0173","fg0815","fg0539","fg0515","fg0276","fg0421","fg0069","fg0156","fg0513","fg0448","fg0527","fg0565","fg0481","fg0210","fg0907","fg0207","fg0423","fg0594","fg0808"
"fq000431","vx_b793adc39ba5832c","fg0086","1","fg0086","fg0276","fg0210","fg0815","fg0069","fg0539","fg0515","fg0201","fg0147","fg0565","fg0156","fg0173","fg0405","fg0323","fg0959","fg0345","fg0784","fg0129","fg0513","fg0509"
"fq000432","vx_b793adc39ba5832c","fg0086","1","fg0086","fg0276","fg0069","fg0815","fg0210","fg0173","fg0539","fg0201","fg0423","fg0515","fg0448","fg0565","fg0513","fg0360","fg0156","fg0135","fg0652","fg0203","fg0405","fg0600"
"fq000433","vx_b793adc39ba5832c","fg0086","1","fg0086","fg0276","fg0328","fg0210","fg0069","fg0173","fg0147","fg0515","fg0140","fg0489","fg0959","fg0431","fg0169","fg0784","fg0652","fg0323","fg0233","fg0600","fg0078","fg0405"
"fq000434","vx_b793adc39ba5832c","fg0086","1","fg0086","fg0276","fg0815","fg0069","fg0210","fg0565","fg0539","fg0156","fg0515","fg0513","fg0423","fg0448","fg0173","fg0527","fg0201","fg0808","fg0405","fg0421","fg0360","fg0714"
"fq000435","vx_b793adc39ba5832c","fg0086","1","fg0086","fg0276","fg0069","fg0815","fg0210","fg0515","fg0539","fg0201","fg0156","fg0405","fg0513","fg0345","fg0431","fg0129","fg0527","fg0600","fg0173","fg0448","fg0481","fg0565"
"fq000436","vx_b793adc39ba5832c","fg0086","1","fg0086","fg0147","fg0569","fg0129","fg0345","fg0276","fg0527","fg0156","fg0328","fg0657","fg0573","fg0600","fg0421","fg0784","fg0959","fg0173","fg0117","fg0815","fg0082","fg0515"
"fq000437","vx_b793adc39ba5832c","fg0086","1","fg0086","fg0276","fg0201","fg0815","fg0069","fg0173","fg0423","fg0784","fg0129","fg0323","fg0912","fg0210","fg0539","fg0147","fg0652","fg0400","fg0405","fg0421","fg0959","fg0600"
"fq000438","vx_b793adc39ba5832c","fg0086","1","fg0086","fg0276","fg0069","fg0815","fg0173","fg0210","fg0515","fg0423","fg0539","fg0201","fg0405","fg0513","fg0421","fg0156","fg0448","fg0360","fg0135","fg0565","fg0481","fg0569"
"fq000439","vx_b793adc39ba5832c","fg0086","1","fg0086","fg0069","fg0276","fg0210","fg0173","fg0201","fg0431","fg0147","fg0652","fg0515","fg0815","fg0405","fg0600","fg0489","fg0959","fg0328","fg0413","fg0513","fg0270","fg0129"
"fq000440","vx_ec45594c19d7728c","fg0087","1","fg0087","fg0062","fg0478","fg0370","fg0049","fg0564","fg0881","fg0326","fg0770","fg0534","fg0400","fg0622","fg0257","fg0409","fg0713","fg0725","fg0486","fg0259","fg0814","fg0174"
"fq000441","vx_ec45594c19d7728c","fg0087","1","fg0087","fg0062","fg0478","fg0370","fg0049","fg0564","fg0881","fg0400","fg0770","fg0257","fg0498","fg0713","fg0409","fg0326","fg0259","fg0622","fg0486","fg0534","fg0482","fg0600"
"fq000442","vx_127a67a63bdbf60e","fg0088","1","fg0088","fg0986","fg0873","fg0860","fg0929","fg0589","fg0108","fg0722","fg0283","fg0846","fg0653","fg0130","fg0934","fg0207","fg0428","fg0897","fg0995","fg0310","fg0892","fg0281"
"fq000443","vx_352c9a6f701b6bcd","fg0089","1","fg0089","fg0229","fg0172","fg0991","fg0787","fg0310","fg0550","fg0394","fg0199","fg0897","fg0034","fg0283","fg0679","fg0108","fg0214","fg0143","fg0887","fg0986","fg0934","fg0014"
"fq000444","vx_352c9a6f701b6bcd","fg0089","1","fg0089","fg0229","fg0172","fg0991","fg0310","fg0787","fg0897","fg0550","fg0283","fg0199","fg0428","fg0108","fg0679","fg0214","fg0143","fg0986","fg0934","fg0394","fg0892","fg0046"
"fq000445","vx_352c9a6f701b6bcd","fg0089","1","fg0089","fg0887","fg0991","fg0229","fg0314","fg0787","fg0034","fg0199","fg0172","fg0143","fg0014","fg0394","fg0425","fg0798","fg0396","fg0189","fg0406","fg0679","fg0550","fg0935"
"fq000446","vx_352c9a6f701b6bcd","fg0089","1","fg0089","fg0229","fg0172","fg0991","fg0787","fg0310","fg0679","fg0199","fg0425","fg0897","fg0214","fg0143","fg0550","fg0034","fg0394","fg0283","fg0428","fg0508","fg0314","fg0986"
"fq000447","vx_352c9a6f701b6bcd","fg0089","1","fg0089","fg0229","fg0172","fg0991","fg0787","fg0199","fg0143","fg0310","fg0550","fg0425","fg0394","fg0034","fg0679","fg0887","fg0897","fg0428","fg0283","fg0314","fg0934","fg0214"
"fq000448","vx_352c9a6f701b6bcd","fg0089","1","fg0089","fg0229","fg0172","fg0991","fg0787","fg0310","fg0199","fg0679","fg0550","fg0143","fg0425","fg0897","fg0887","fg0394","fg0034","fg0283","fg0108","fg0314","fg0628","fg0014"
"fq000449","vx_95dddc8dddaa6062","fg0090","1","fg0090","fg0869","fg0103","fg0107","fg0367","fg0651","fg0025","fg0745","fg0287","fg0706","fg0202","fg0187","fg0616","fg0350","fg0810","fg0831","fg0741","fg0675","fg0655","fg0222"
"fq000450","vx_95dddc8dddaa6062","fg0090","1","fg0090","fg0869","fg0103","fg0107","fg0810","fg0651","fg0025","fg0367","fg0287","fg0202","fg0616","fg0909","fg0187","fg0741","fg0922","fg0222","fg0666","fg0831","fg0179","fg0706"
"fq000451","vx_95dddc8dddaa6062","fg0090","3","fg0869","fg0103","fg0090","fg0203","fg0287","fg0745","fg0202","fg0471","fg0638","fg0113","fg0187","fg0367","fg0522","fg0741","fg0796","fg0222","fg0651","fg0097","fg0867","fg0228"
"fq000452","vx_0bd36a795e62e4b6","fg0091","1","fg0091","fg0559","fg0674","fg0034","fg0520","fg0435","fg0128","fg0386","fg0820","fg0669","fg0508","fg0380","fg0649","fg0772","fg0707","fg0262","fg0967","fg0140","fg0972","fg0615"
"fq000453","vx_0bd36a795e62e4b6","fg0091","1","fg0091","fg0559","fg0674","fg0034","fg0435","fg0508","fg0128","fg0820","fg0610","fg0669","fg0380","fg0520","fg0140","fg0240","fg0386","fg0957","fg0649","fg0906","fg0615","fg0108"
"fq000454","vx_da7c5c4328e5d25f","fg0092","1","fg0092","fg0151","fg0810","fg0373","fg0904","fg0802","fg0909","fg0043","fg0687","fg0559","fg0820","fg0968","fg0299","fg0201","fg0127","fg0017","fg0547","fg0690","fg0304","fg0242"
"fq000455","vx_da7c5c4328e5d25f","fg0092","1","fg0092","fg0810","fg0151","fg0802","fg0373","fg0904","fg0201","fg0559","fg0909","fg0968","fg0043","fg0687","fg0690","fg0017","fg0304","fg0820","fg0242","fg0299","fg0600","fg0127"
"fq000456","vx_da7c5c4328e5d25f","fg0092","1","fg0092","fg0810","fg0201","fg0904","fg0802","fg0690","fg0151","fg0017","fg0968","fg0373","fg0909","fg0182","fg0043","fg0820","fg0760","fg0304","fg0600","fg0259","fg0127","fg0118"
"fq000457","vx_da7c5c4328e5d25f","fg0092","1","fg0092","fg0810","fg0151","fg0904","fg0802","fg0909","fg0201","fg0373","fg0043","fg0559","fg0968","fg0017","fg0690","fg0687","fg0820","fg0127","fg0242","fg0299","fg0304","fg0600"
"fq000458","vx_da7c5c4328e5d25f","fg0092","1","fg0092","fg0151","fg0810","fg0904","fg0559","fg0909","fg0802","fg0373","fg0043","fg0299","fg0687","fg0201","fg0127","fg0547","fg0820","fg0017","fg0968","fg0242","fg0815","fg0304"
"fq000459","vx_da7c5c4328e5d25f","fg0092","1","fg0092","fg0810","fg0151","fg0904","fg0909","fg0802","fg0373","fg0201","fg0559","fg0043","fg0687","fg0017","fg0127","fg0968","fg0690","fg0820","fg0299","fg0547","fg0242","fg0035"
"fq000460","vx_da7c5c4328e5d25f","fg0092","1","fg0092","fg0151","fg0810","fg0373","fg0904","fg0802","fg0909","fg0043","fg0687","fg0559","fg0201","fg0820","fg0968","fg0690","fg0299","fg0017","fg0082","fg0547","fg0304","fg0035"
"fq000461","vx_da7c5c4328e5d25f","fg0092","1","fg0092","fg0810","fg0151","fg0904","fg0802","fg0909","fg0201","fg0373","fg0043","fg0690","fg0017","fg0968","fg0035","fg0559","fg0547","fg0820","fg0304","fg0734","fg0687","fg0815"
"fq000462","vx_da7c5c4328e5d25f","fg0092","1","fg0092","fg0810","fg0151","fg0802","fg0904","fg0373","fg0201","fg0690","fg0968","fg0017","fg0909","fg0043","fg0687","fg0820","fg0127","fg0547","fg0559","fg0600","fg0304","fg0486"
"fq000463","vx_da7c5c4328e5d25f","fg0092","1","fg0092","fg0810","fg0151","fg0373","fg0904","fg0201","fg0802","fg0043","fg0690","fg0909","fg0687","fg0968","fg0559","fg0017","fg0547","fg0304","fg0242","fg0820","fg0486","fg0127"
"fq000464","vx_da7c5c4328e5d25f","fg0092","1","fg0092","fg0810","fg0151","fg0904","fg0802","fg0373","fg0820","fg0201","fg0017","fg0043","fg0909","fg0968","fg0690","fg0687","fg0035","fg0127","fg0182","fg0547","fg0423","fg0559"
"fq000465","vx_da7c5c4328e5d25f","fg0092","1","fg0092","fg0810","fg0373","fg0904","fg0690","fg0201","fg0151","fg0968","fg0802","fg0547","fg0017","fg0043","fg0687","fg0304","fg0486","fg0600","fg0909","fg0242","fg0839","fg0182"
"fq000466","vx_da7c5c4328e5d25f","fg0092","1","fg0092","fg0151","fg0810","fg0904","fg0802","fg0373","fg0909","fg0043","fg0687","fg0201","fg0559","fg0820","fg0017","fg0035","fg0127","fg0242","fg0547","fg0423","fg0284","fg0815"
"fq000467","vx_da7c5c4328e5d25f","fg0092","1","fg0092","fg0810","fg0151","fg0017","fg0904","fg0201","fg0802","fg0373","fg0820","fg0043","fg0968","fg0909","fg0690","fg0687","fg0118","fg0127","fg0035","fg0242","fg0559","fg0423"
"fq000468","vx_da7c5c4328e5d25f","fg0092","1","fg0092","fg0810","fg0151","fg0802","fg0904","fg0373","fg0201","fg0909","fg0043","fg0968","fg0690","fg0017","fg0687","fg0035","fg0820","fg0559","fg0547","fg0304","fg0299","fg0127"
"fq000469","vx_da7c5c4328e5d25f","fg0092","1","fg0092","fg0151","fg0810","fg0687","fg0373","fg0559","fg0820","fg0909","fg0043","fg0017","fg0299","fg0904","fg0444","fg0802","fg0304","fg0968","fg0201","fg0690","fg0242","fg0839"
"fq000470","vx_da7c5c4328e5d25f","fg0092","1","fg0092","fg0810","fg0151","fg0373","fg0904","fg0802","fg0909","fg0201","fg0043","fg0687","fg0690","fg0559","fg0968","fg0547","fg0299","fg0304","fg0017","fg0242","fg0820","fg0600"
"fq000471","vx_da7c5c4328e5d25f","fg0092","1","fg0092","fg0810","fg0151","fg0904","fg0201","fg0802","fg0909","fg0373","fg0690","fg0968","fg0017","fg0043","fg0559","fg0820","fg0547","fg0127","fg0118","fg0304","fg0182","fg0259"
"fq000472","vx_da7c5c4328e5d25f","fg0092","1","fg0092","fg0810","fg0151","fg0904","fg0373","fg0802","fg0043","fg0909","fg0201","fg0687","fg0017","fg0547","fg0242","fg0559","fg0690","fg0820","fg0035","fg0082","fg0968","fg0299"
"fq000473","vx_da7c5c4328e5d25f","fg0092","1","fg0092","fg0810","fg0151","fg0904","fg0373","fg0802","fg0043","fg0909","fg0201","fg0017","fg0687","fg0559","fg0690","fg0968","fg0547","fg0820","fg0127","fg0242","fg0299","fg0304"
"fq000474","vx_da7c5c4328e5d25f","fg0092","1","fg0092","fg0151","fg0810","fg0909","fg0904","fg0802","fg0559","fg0043","fg0373","fg0201","fg0035","fg0687","fg0299","fg0820","fg0127","fg0284","fg0815","fg0968","fg0690","fg0017"
"fq000475","vx_da7c5c4328e5d25f","fg0092","1","fg0092","fg0810","fg0151","fg0904","fg0802","fg0373","fg0909","fg0559","fg0043","fg0687","fg0201","fg0299","fg0820","fg0968","fg0690","fg0127","fg0017","fg0547","fg0035","fg0304"
"fq000476","vx_da7c5c4328e5d25f","fg0092","1","fg0092","fg0151","fg0810","fg0373","fg0909","fg0802","fg0904","fg0687","fg0559","fg0043","fg0201","fg0820","fg0968","fg0690","fg0017","fg0242","fg0299","fg0127","fg0304","fg0035"
"fq000477","vx_da7c5c4328e5d25f","fg0092","1","fg0092","fg0810","fg0904","fg0802","fg0373","fg0017","fg0151","fg0201","fg0043","fg0909","fg0820","fg0547","fg0035","fg0815","fg0690","fg0423","fg0687","fg0734","fg0762","fg0127"
"fq000478","vx_da7c5c4328e5d25f","fg0092","1","fg0092","fg0810","fg0151","fg0904","fg0802","fg0201","fg0373","fg0690","fg0909","fg0043","fg0968","fg0559","fg0547","fg0017","fg0687","fg0304","fg0600","fg0127","fg0242","fg0486"
"fq000479","vx_da7c5c4328e5d25f","fg0092","1","fg0092","fg0810","fg0151","fg0904","fg0373","fg0043","fg0802","fg0909","fg0687","fg0559","fg0017","fg0201","fg0820","fg0547","fg0082","fg0035","fg0762","fg0127","fg0299","fg0815"
"fq000480","vx_ec587044a2b060de","fg0093","1","fg0093","fg0351","fg0098","fg0473","fg0617","fg0493","fg0146","fg0436","fg0445","fg0862","fg0944","fg0866","fg0148","fg0582","fg0308","fg0241","fg0021","fg0629","fg0277","fg0434"
"fq000481","vx_e31c6b7e7f776fdd","fg0094","1","fg0094","fg0575","fg0206","fg0737","fg0836","fg0655","fg0370","fg0953","fg0114","fg0413","fg0250","fg0145","fg0152","fg0060","fg0119","fg0452","fg0390","fg0489","fg0850","fg0682"
"fq000482","vx_e31c6b7e7f776fdd","fg0094","1","fg0094","fg0318","fg0851","fg0114","fg0257","fg0413","fg0206","fg0645","fg0737","fg0489","fg0370","fg0250","fg0563","fg0953","fg0149","fg0401","fg0575","fg0743","fg0151","fg0145"
"fq000483","vx_e31c6b7e7f776fdd","fg0094","1","fg0094","fg0257","fg0318","fg0114","fg0953","fg0133","fg0206","fg0563","fg0737","fg0743","fg0413","fg0851","fg0861","fg0370","fg0874","fg0250","fg0645","fg0149","fg0093","fg0871"
"fq000484","vx_e31c6b7e7f776fdd","fg0094","1","fg0094","fg0413","fg0800","fg0318","fg0250","fg0114","fg0805","fg0854","fg0489","fg0953","fg0060","fg0961","fg0737","fg0743","fg0140","fg0074","fg0906","fg0611","fg0797","fg0645"
"fq000485","vx_df935a8d6ad22c60","fg0095","1","fg0095","fg0742","fg0826","fg0793","fg0752","fg0495","fg0048","fg0980","fg0560","fg0552","fg0466","fg0439","fg0100","fg0884","fg0662","fg0194","fg0893","fg0930","fg0659","fg0480"
"fq000486","vx_df935a8d6ad22c60","fg0095","1","fg0095","fg0552","fg0495","fg0826","fg0752","fg0742","fg0793","fg0560","fg0466","fg0100","fg0980","fg0659","fg0060","fg0439","fg0572","fg0873","fg0944","fg0133","fg0048","fg0231"
"fq000487","vx_01ef6551e839a78f","fg0096","1","fg0096","fg0230","fg0139","fg0429","fg0788","fg0082","fg0472","fg0530","fg0069","fg0891","fg0306","fg0601","fg0265","fg0382","fg0831","fg0107","fg0813","fg0330","fg0935","fg0976"
"fq000488","vx_01ef6551e839a78f","fg0096","1","fg0096","fg0230","fg0139","fg0429","fg0472","fg0788","fg0082","fg0891","fg0530","fg0831","fg0265","fg0107","fg0382","fg0069","fg0330","fg0253","fg0601","fg0813","fg0306","fg0462"
"fq000489","vx_01ef6551e839a78f","fg0096","12","fg0705","fg0699","fg0632","fg0614","fg0224","fg0232","fg0417","fg0111","fg0755","fg0975","fg0360","fg0096","fg0907","fg0730","fg0777","fg0522","fg0994","fg0928","fg0877","fg0101"
"fq000490","vx_01ef6551e839a78f","fg0096","1","fg0096","fg0230","fg0139","fg0472","fg0429","fg0788","fg0082","fg0891","fg0530","fg0831","fg0265","fg0069","fg0107","fg0306","fg0253","fg0813","fg0601","fg0382","fg0330","fg0976"
"fq000491","vx_01ef6551e839a78f","fg0096","7","fg0705","fg0632","fg0699","fg0755","fg0994","fg0614","fg0096","fg0224","fg0522","fg0391","fg0730","fg0293","fg0069","fg0777","fg0360","fg0666","fg0920","fg0884","fg0907","fg0975"
"fq000492","vx_50386a85b3a23bcf","fg0097","1","fg0097","fg0368","fg0190","fg0928","fg0259","fg0321","fg0527","fg0024","fg0251","fg0078","fg0917","fg0390","fg0652","fg0561","fg0500","fg0701","fg0471","fg0805","fg0570","fg0753"
"fq000493","vx_50386a85b3a23bcf","fg0097","1","fg0097","fg0368","fg0190","fg0928","fg0561","fg0527","fg0701","fg0251","fg0321","fg0183","fg0917","fg0259","fg0896","fg0315","fg0455","fg0471","fg0652","fg0024","fg0078","fg0805"
"fq000494","vx_50386a85b3a23bcf","fg0097","1","fg0097","fg0368","fg0190","fg0251","fg0471","fg0652","fg0928","fg0922","fg0069","fg0561","fg0593","fg0735","fg0321","fg0455","fg0701","fg0896","fg0450","fg0384","fg0917","fg0638"
"fq000495","vx_2802d1ebbde328f5","fg0098","1","fg0098","fg0093","fg0473","fg0404","fg0351","fg0474","fg0732","fg0436","fg0252","fg0582","fg0146","fg0847","fg0532","fg0515","fg0196","fg0332","fg0950","fg0415","fg0065","fg0916"
"fq000496","vx_2802d1ebbde328f5","fg0098","1","fg0098","fg0093","fg0582","fg0473","fg0351","fg0474","fg0984","fg0415","fg0235","fg0065","fg0864","fg0148","fg0732","fg0404","fg0888","fg0515","fg0441","fg0617","fg0853","fg0436"
"fq000497","vx_7b970cf5c4f4201e","fg0099","1","fg0099","fg0627","fg0523","fg0331","fg0102","fg0170","fg0931","fg0410","fg0844","fg0035","fg0213","fg0151","fg0457","fg0275","fg0444","fg0362","fg0714","fg0665","fg0760","fg0309"
"fq000498","vx_c1be73c36b6959a3","fg0100","1","fg0100","fg0236","fg0075","fg0189","fg0024","fg0237","fg0782","fg0887","fg0041","fg0838","fg0315","fg0799","fg0439","fg0523","fg0213","fg0406","fg0870","fg0325","fg0339","fg0022"
"fq000499","vx_c1be73c36b6959a3","fg0100","1","fg0100","fg0782","fg0024","fg0325","fg0887","fg0236","fg0541","fg0189","fg0022","fg0895","fg0838","fg0315","fg0523","fg0070","fg0691","fg0314","fg0510","fg0032","fg0870","fg0075"
"fq000500","vx_c1be73c36b6959a3","fg0100","1","fg0100","fg0236","fg0075","fg0189","fg0041","fg0237","fg0024","fg0799","fg0439","fg0887","fg0213","fg0315","fg0782","fg0838","fg0523","fg0406","fg0325","fg0050","fg0844","fg0870"
"fq000501","vx_e2acb625cb43eb6e","fg0101","1","fg0101","fg0145","fg0582","fg0861","fg0044","fg0013","fg0332","fg0141","fg0074","fg0420","fg0477","fg0316","fg0827","fg0499","fg0514","fg0909","fg0670","fg0111","fg0907","fg0164"
"fq000502","vx_e2acb625cb43eb6e","fg0101","1","fg0101","fg0145","fg0582","fg0013","fg0861","fg0111","fg0316","fg0332","fg0044","fg0670","fg0827","fg0074","fg0876","fg0477","fg0141","fg0248","fg0909","fg0420","fg0308","fg0844"
"fq000503","vx_e2acb625cb43eb6e","fg0101","1","fg0101","fg0145","fg0861","fg0044","fg0582","fg0013","fg0420","fg0316","fg0111","fg0477","fg0499","fg0827","fg0514","fg0332","fg0909","fg0248","fg0796","fg0074","fg0141","fg0971"
"fq000504","vx_347305ed2e899c74","fg0102","1","fg0102","fg0410","fg0457","fg0523","fg0170","fg0931","fg0213","fg0680","fg0844","fg0454","fg0406","fg0653","fg0817","fg0099","fg0760","fg0752","fg0309","fg0050","fg0665","fg0820"
"fq000505","vx_347305ed2e899c74","fg0102","1","fg0102","fg0410","fg0680","fg0457","fg0523","fg0931","fg0170","fg0213","fg0752","fg0760","fg0406","fg0454","fg0704","fg0099","fg0653","fg0844","fg0854","fg0309","fg0050","fg0235"
"fq000506","vx_347305ed2e899c74","fg0102","1","fg0102","fg0410","fg0680","fg0457","fg0523","fg0170","fg0931","fg0704","fg0213","fg0752","fg0760","fg0262","fg0454","fg0235","fg0099","fg0844","fg0854","fg0406","fg0050","fg0066"
"fq000507","vx_347305ed2e899c74","fg0102","1","fg0102","fg0410","fg0457","fg0523","fg0931","fg0680","fg0170","fg0213","fg0844","fg0099","fg0653","fg0454","fg0760","fg0050","fg0704","fg0817","fg0752","fg0406","fg0599","fg0886"
"fq000508","vx_347305ed2e899c74","fg0102","1","fg0102","fg0410","fg0523","fg0680","fg0457","fg0931","fg0213","fg0170","fg0099","fg0844","fg0704","fg0760","fg0752","fg0454","fg0406","fg0854","fg0235","fg0050","fg0309","fg0817"
"fq000509","vx_6d1721510e99d518","fg0103","1","fg0103","fg0869","fg0090","fg0227","fg0025","fg0651","fg0810","fg0113","fg0187","fg0741","fg0675","fg0367","fg0194","fg0796","fg0745","fg0232","fg0202","fg0203","fg0922","fg0729"
"fq000510","vx_af5dd966603f9745","fg0104","1","fg0104","fg0711","fg0017","fg0077","fg0538","fg0120","fg0994","fg0730","fg0199","fg0495","fg0522","fg0423","fg0052","fg0177","fg0115","fg0043","fg0194","fg0955","fg0135","fg0983"
"fq000511","vx_697b617018111603","fg0105","1","fg0105","fg0694","fg0004","fg0137","fg0531","fg0409","fg0725","fg0392","fg0862","fg0309","fg0317","fg0443","fg0236","fg0613","fg0540","fg0608","fg0426","fg0901","fg0202","fg0450"
"fq000512","vx_5bf554f5524d0765","fg0106","1","fg0106","fg0025","fg0843","fg0942","fg0907","fg0039","fg0126","fg0811","fg0976","fg0211","fg0059","fg0768","fg0855","fg0350","fg0573","fg0367","fg0279","fg0438","fg0778","fg0347"
"fq000513","vx_6a919eddf8d64c1b","fg0107","1","fg0107","fg0090","fg0530","fg0891","fg0616","fg0869","fg0096","fg0253","fg0788","fg0472","fg0230","fg0330","fg0939","fg0429","fg0244","fg0745","fg0402","fg0082","fg0987","fg0139"
"fq000514","vx_6a919eddf8d64c1b","fg0107","1","fg0107","fg0090","fg0530","fg0869","fg0891","fg0096","fg0472","fg0616","fg0788","fg0253","fg0330","fg0230","fg0429","fg0939","fg0745","fg0139","fg0244","fg0987","fg0007","fg0402"
"fq000515","vx_6a919eddf8d64c1b","fg0107","1","fg0107","fg0090","fg0530","fg0891","fg0869","fg0616","fg0096","fg0253","fg0472","fg0788","fg0230","fg0330","fg0745","fg0939","fg0987","fg0429","fg0244","fg0139","fg0601","fg0026"
"fq000516","vx_6a919eddf8d64c1b","fg0107","1","fg0107","fg0090","fg0530","fg0891","fg0869","fg0253","fg0096","fg0230","fg0616","fg0472","fg0788","fg0244","fg0745","fg0330","fg0429","fg0939","fg0139","fg0987","fg0165","fg0602"
"fq000517","vx_6a919eddf8d64c1b","fg0107","1","fg0107","fg0090","fg0530","fg0891","fg0869","fg0230","fg0096","fg0616","fg0253","fg0472","fg0745","fg0788","fg0244","fg0330","fg0939","fg0139","fg0429","fg0987","fg0082","fg0165"
"fq000518","vx_6a919eddf8d64c1b","fg0107","1","fg0107","fg0090","fg0530","fg0869","fg0891","fg0616","fg0788","fg0472","fg0096","fg0253","fg0939","fg0330","fg0429","fg0230","fg0745","fg0402","fg0139","fg0244","fg0601","fg0987"
"fq000519","vx_6a919eddf8d64c1b","fg0107","1","fg0107","fg0090","fg0530","fg0891","fg0869","fg0616","fg0096","fg0472","fg0788","fg0253","fg0230","fg0330","fg0939","fg0745","fg0244","fg0429","fg0139","fg0601","fg0165","fg0987"
"fq000520","vx_6a919eddf8d64c1b","fg0107","1","fg0107","fg0090","fg0530","fg0891","fg0869","fg0616","fg0096","fg0472","fg0253","fg0745","fg0230","fg0939","fg0330","fg0402","fg0601","fg0429","fg0788","fg0987","fg0026","fg0082"
"fq000521","vx_6a919eddf8d64c1b","fg0107","1","fg0107","fg0090","fg0530","fg0891","fg0869","fg0096","fg0472","fg0253","fg0616","fg0788","fg0230","fg0330","fg0745","fg0987","fg0139","fg0429","fg0939","fg0244","fg0165","fg0082"
"fq000522","vx_6a919eddf8d64c1b","fg0107","1","fg0107","fg0090","fg0530","fg0891","fg0869","fg0616","fg0096","fg0472","fg0788","fg0253","fg0230","fg0939","fg0330","fg0745","fg0429","fg0601","fg0244","fg0139","fg0165","fg0402"
"fq000523","vx_6a919eddf8d64c1b","fg0107","1","fg0107","fg0090","fg0530","fg0869","fg0891","fg0472","fg0616","fg0096","fg0939","fg0788","fg0253","fg0745","fg0330","fg0429","fg0230","fg0244","fg0139","fg0082","fg0165","fg0987"
"fq000524","vx_4b117ce1eacd5e2f","fg0108","1","fg0108","fg0283","fg0897","fg0428","fg0310","fg0229","fg0172","fg0046","fg0273","fg0986","fg0343","fg0687","fg0929","fg0873","fg0988","fg0240","fg0214","fg0559","fg0892","fg0768"
"fq000525","vx_4b117ce1eacd5e2f","fg0108","1","fg0108","fg0283","fg0897","fg0310","fg0428","fg0860","fg0929","fg0273","fg0229","fg0240","fg0172","fg0986","fg0873","fg0343","fg0046","fg0214","fg0988","fg0892","fg0722","fg0021"
"fq000526","vx_4b117ce1eacd5e2f","fg0108","1","fg0108","fg0283","fg0897","fg0310","fg0273","fg0343","fg0240","fg0428","fg0873","fg0021","fg0860","fg0229","fg0929","fg0373","fg0172","fg0986","fg0046","fg0988","fg0687","fg0653"
"fq000527","vx_4b117ce1eacd5e2f","fg0108","1","fg0108","fg0283","fg0897","fg0273","fg0873","fg0343","fg0240","fg0310","fg0428","fg0860","fg0929","fg0229","fg0046","fg0687","fg0172","fg0043","fg1000","fg0986","fg0734","fg0892"
"fq000528","vx_4b117ce1eacd5e2f","fg0108","1","fg0108","fg0283","fg0897","fg0310","fg0929","fg0240","fg0273","fg0428","fg0860","fg0229","fg0172","fg0046","fg0343","fg0873","fg0988","fg0214","fg0986","fg0892","fg0653","fg0722"
"fq000529","vx_f65c60eee2815f2a","fg0109","1","fg0109","fg0491","fg0135","fg0918","fg0143","fg0255","fg0720","fg0745","fg0089","fg0391","fg0886","fg0005","fg0009","fg0982","fg0074","fg0891","fg0718","fg0536","fg0374","fg0951"
"fq000530","vx_f65c60eee2815f2a","fg0109","1","fg0109","fg0143","fg0135","fg0255","fg0391","fg0491","fg0720","fg0918","fg0745","fg0875","fg0886","fg0005","fg0165","fg0210","fg0185","fg0790","fg0666","fg0116","fg0536","fg0542"
"fq000531","vx_f65c60eee2815f2a","fg0109","1","fg0109","fg0143","fg0135","fg0720","fg0491","fg0745","fg0391","fg0210","fg0165","fg0536","fg0666","fg0593","fg0009","fg0436","fg0982","fg0074","fg0255","fg0002","fg0290","fg0918"
"fq000532","vx_f65c60eee2815f2a","fg0109","1","fg0109","fg0143","fg0135","fg0918","fg0255","fg0536","fg0165","fg0391","fg0185","fg0290","fg0491","fg0529","fg0982","fg0228","fg0720","fg0875","fg0009","fg0819","fg0116","fg0886"
"fq000533","vx_f65c60eee2815f2a","fg0109","1","fg0109","fg0143","fg0135","fg0918","fg0255","fg0536","fg0745","fg0491","fg0290","fg0391","fg0165","fg0529","fg0982","fg0819","fg0005","fg0210","fg0116","fg0720","fg0185","fg0009"
"fq000534","vx_f65c60eee2815f2a","fg0109","1","fg0109","fg0255","fg0143","fg0135","fg0491","fg0116","fg0529","fg0918","fg0745","fg0728","fg0391","fg0005","fg0790","fg0009","fg0165","fg0536","fg0089","fg0655","fg0138","fg0028"
"fq000535","vx_c592b26126205203","fg0110","1","fg0110","fg0767","fg0338","fg0342","fg0642","fg0695","fg0173","fg0421","fg0719","fg0993","fg0543","fg0808","fg0756","fg0720","fg0185","fg0966","fg0066","fg0438","fg0661","fg0963"
"fq000536","vx_c592b26126205203","fg0110","1","fg0110","fg0767","fg0993","fg0543","fg0342","fg0338","fg0642","fg0720","fg0963","fg0966","fg0913","fg0695","fg0510","fg0438","fg0719","fg0070","fg0185","fg0808","fg0530","fg0509"
"fq000537","vx_e2ba2fc6583e2a69","fg0111","1","fg0111","fg0286","fg0285","fg0215","fg0912","fg0168","fg0482","fg0038","fg0293","fg0345","fg0101","fg0049","fg0248","fg0675","fg0842","fg0814","fg0636","fg0199","fg0405","fg0201"
"fq000538","vx_e2ba2fc6583e2a69","fg0111","1","fg0111","fg0285","fg0286","fg0215","fg0912","fg0168","fg0293","fg0482","fg0038","fg0345","fg0101","fg0049","fg0199","fg0675","fg0842","fg0814","fg0201","fg0405","fg0020","fg0508"
"fq000539","vx_e2ba2fc6583e2a69","fg0111","1","fg0111","fg0286","fg0912","fg0215","fg0168","fg0285","fg0482","fg0814","fg0038","fg0842","fg0636","fg0345","fg0259","fg0049","fg0201","fg0010","fg0675","fg0101","fg0508","fg0004"
"fq000540","vx_35f8bb1b834bc06f","fg0112","1","fg0112","fg0590","fg0817","fg0031","fg0137","fg0301","fg0762","fg0121","fg0150","fg0393","fg0825","fg0352","fg0286","fg0539","fg0204","fg0549","fg0522","fg0725","fg0280","fg0675"
"fq000541","vx_988aab28acaec965","fg0113","1","fg0113","fg0692","fg0834","fg0918","fg0898","fg0870","fg0534","fg0774","fg0741","fg0626","fg0144","fg0240","fg0420","fg0805","fg0183","fg0203","fg0718","fg0830","fg0739","fg0103"
"fq000542","vx_988aab28acaec965","fg0113","1","fg0113","fg0918","fg0638","fg0203","fg0420","fg0692","fg0660","fg0249","fg0240","fg0722","fg0248","fg0103","fg0557","fg0374","fg0869","fg0741","fg0867","fg0633","fg0534","fg0647"
"fq000543","vx_988aab28acaec965","fg0113","1","fg0113","fg0692","fg0834","fg0534","fg0870","fg0774","fg0898","fg0741","fg0918","fg0144","fg0420","fg0626","fg0183","fg0830","fg0771","fg0805","fg0343","fg0718","fg0240","fg0203"
"fq000544","vx_988aab28acaec965","fg0113","1","fg0113","fg0898","fg0870","fg0774","fg0834","fg0741","fg0240","fg0918","fg0692","fg0534","fg0718","fg0183","fg0203","fg0344","fg0343","fg0144","fg0273","fg0869","fg0028","fg0009"
"fq000545","vx_988aab28acaec965","fg0113","1","fg0113","fg0898","fg0183","fg0870","fg0692","fg0240","fg0834","fg0420","fg0374","fg0203","fg0918","fg0805","fg0830","fg0534","fg0739","fg0763","fg0144","fg0344","fg0709","fg0849"
"fq000546","vx_318801137ffdefde","fg0114","1","fg0114","fg0154","fg0718","fg0652","fg0694","fg0906","fg0998","fg0152","fg0083","fg0741","fg0028","fg0275","fg0206","fg0316","fg0198","fg0151","fg0617","fg0810","fg0559","fg0768"
"fq000547","vx_318801137ffdefde","fg0114","1","fg0114","fg0718","fg0556","fg0152","fg0055","fg0028","fg0652","fg0998","fg0439","fg0444","fg0803","fg0906","fg0094","fg0559","fg0083","fg0198","fg0086","fg0413","fg0293","fg0660"
"fq000548","vx_318801137ffdefde","fg0114","1","fg0114","fg0718","fg0154","fg0741","fg0390","fg0998","fg0849","fg0951","fg0877","fg0955","fg0028","fg0699","fg0152","fg0060","fg0615","fg0029","fg0906","fg0652","fg0617","fg0813"
"fq000549","vx_318801137ffdefde","fg0114","1","fg0114","fg0718","fg0617","fg0154","fg0998","fg0694","fg0857","fg0741","fg0849","fg0198","fg0725","fg0028","fg0877","fg0652","fg0409","fg0083","fg0029","fg0174","fg0316","fg0615"
"fq000550","vx_318801137ffdefde","fg0114","1","fg0114","fg0718","fg0154","fg0998","fg0617","fg0741","fg0028","fg0198","fg0029","fg0906","fg0849","fg0694","fg0390","fg0699","fg0152","fg0725","fg0083","fg0316","fg0652","fg0877"
"fq000551","vx_318801137ffdefde","fg0114","1","fg0114","fg0718","fg0154","fg0028","fg0617","fg0998","fg0694","fg0741","fg0906","fg0699","fg0198","fg0877","fg0813","fg0316","fg0849","fg0857","fg0652","fg0152","fg0127","fg0151"
"fq000552","vx_318801137ffdefde","fg0114","1","fg0114","fg0718","fg0154","fg0998","fg0617","fg0652","fg0741","fg0694","fg0083","fg0028","fg0906","fg0152","fg0316","fg0810","fg0198","fg0275","fg0725","fg0877","fg0060","fg0206"
"fq000553","vx_318801137ffdefde","fg0114","1","fg0114","fg0718","fg0154","fg0998","fg0741","fg0906","fg0617","fg0152","fg0390","fg0028","fg0029","fg0652","fg0877","fg0699","fg0849","fg0060","fg0151","fg0951","fg0694","fg0083"
"fq000554","vx_318801137ffdefde","fg0114","1","fg0114","fg0718","fg0154","fg0652","fg0151","fg0028","fg0617","fg0316","fg0401","fg0083","fg0198","fg0231","fg0152","fg0741","fg0694","fg0559","fg0906","fg0355","fg0687","fg0725"
"fq000555","vx_318801137ffdefde","fg0114","1","fg0114","fg0154","fg0718","fg0906","fg0142","fg0316","fg0151","fg0998","fg0710","fg0055","fg0951","fg0741","fg0145","fg0355","fg0440","fg0618","fg0699","fg0231","fg0703","fg0028"
"fq000556","vx_318801137ffdefde","fg0114","1","fg0114","fg0319","fg0152","fg0659","fg0151","fg0055","fg0922","fg0559","fg0854","fg0355","fg0083","fg0275","fg0439","fg0652","fg0331","fg0206","fg0998","fg0140","fg0444","fg0644"
"fq000557","vx_318801137ffdefde","fg0114","1","fg0114","fg0718","fg0998","fg0154","fg0617","fg0741","fg0028","fg0849","fg0694","fg0877","fg0725","fg0198","fg0652","fg0390","fg0292","fg0699","fg0029","fg0083","fg0060","fg0928"
"fq000558","vx_318801137ffdefde","fg0114","1","fg0114","fg0718","fg0998","fg0617","fg0154","fg0652","fg0741","fg0694","fg0028","fg0231","fg0725","fg0198","fg0849","fg0368","fg0316","fg0206","fg0083","fg0060","fg0240","fg0857"
"fq000559","vx_318801137ffdefde","fg0114","1","fg0114","fg0718","fg0652","fg0617","fg0028","fg0083","fg0154","fg0060","fg0094","fg0152","fg0198","fg0318","fg0849","fg0316","fg0694","fg0292","fg0231","fg0810","fg0725","fg0998"
"fq000560","vx_318801137ffdefde","fg0114","1","fg0114","fg0718","fg0154","fg0617","fg0998","fg0028","fg0699","fg0198","fg0741","fg0849","fg0652","fg0029","fg0725","fg0060","fg0409","fg0877","fg0955","fg0813","fg0390","fg0694"
"fq000561","vx_318801137ffdefde","fg0114","1","fg0114","fg0718","fg0998","fg0741","fg0617","fg0154","fg0083","fg0028","fg0316","fg0652","fg0694","fg0206","fg0877","fg0390","fg0906","fg0240","fg0152","fg0849","fg0060","fg0615"
"fq000562","vx_318801137ffdefde","fg0114","1","fg0114","fg0718","fg0154","fg0652","fg0998","fg0060","fg0617","fg0741","fg0906","fg0083","fg0152","fg0140","fg0151","fg0028","fg0810","fg0390","fg0029","fg0198","fg0644","fg0721"
"fq000563","vx_318801137ffdefde","fg0114","1","fg0114","fg0718","fg0028","fg0741","fg0998","fg0154","fg0694","fg0617","fg0152","fg0083","fg0652","fg0849","fg0877","fg0240","fg0316","fg0556","fg0857","fg0725","fg0142","fg0906"
"fq000564","vx_318801137ffdefde","fg0114","1","fg0114","fg0718","fg0617","fg0154","fg0998","fg0198","fg0699","fg0652","fg0060","fg0741","fg0083","fg0029","fg0028","fg0644","fg0881","fg0390","fg0725","fg0857","fg0694","fg0805"
"fq000565","vx_318801137ffdefde","fg0114","1","fg0114","fg0718","fg0154","fg0741","fg0998","fg0028","fg0906","fg0390","fg0617","fg0877","fg0152","fg0694","fg0316","fg0083","fg0151","fg0768","fg0699","fg0951","fg0198","fg0810"
"fq000566","vx_318801137ffdefde","fg0114","1","fg0114","fg0718","fg0154","fg0694","fg0998","fg0652","fg0083","fg0906","fg0055","fg0152","fg0206","fg0198","fg0617","fg0028","fg0142","fg0849","fg0741","fg0703","fg0651","fg0644"
"fq000567","vx_318801137ffdefde","fg0114","1","fg0114","fg0718","fg0741","fg0998","fg0154","fg0652","fg0617","fg0083","fg0725","fg0028","fg0694","fg0198","fg0240","fg0029","fg0849","fg0556","fg0316","fg0174","fg0113","fg0206"
"fq000568","vx_318801137ffdefde","fg0114","1","fg0114","fg0718","fg0154","fg0998","fg0877","fg0028","fg0152","fg0617","fg0652","fg0741","fg0955","fg0556","fg0849","fg0292","fg0694","fg0316","fg0240","fg0174","fg0644","fg0319"
"fq000569","vx_3fe85769fe1c4fb2","fg0115","1","fg0115","fg0141","fg0822","fg0582","fg0661","fg0441","fg0389","fg0636","fg0052","fg0209","fg0758","fg0333","fg0002","fg0935","fg0135","fg0294","fg0462","fg0493","fg0101","fg0408"
"fq000570","vx_9ae40e91e7c2a053","fg0116","1","fg0116","fg0984","fg0154","fg0918","fg0900","fg0516","fg0378","fg0009","fg0853","fg0635","fg0172","fg0425","fg0146","fg0013","fg0776","fg0198","fg0621","fg0295","fg0866","fg0558"
"fq000571","vx_c3b7b7168d75cc30","fg0117","1","fg0117","fg0889","fg0594","fg0227","fg0192","fg0397","fg0173","fg0025","fg0054","fg0474","fg0106","fg0930","fg0939","fg0811","fg0562","fg0254","fg0279","fg0747","fg0764","fg0358"
"fq000572","vx_c3b7b7168d75cc30","fg0117","1","fg0117","fg0889","fg0227","fg0594","fg0169","fg0254","fg0939","fg0025","fg0973","fg0054","fg0192","fg0440","fg0279","fg0764","fg0874","fg0397","fg0474","fg0598","fg0963","fg0450"
"fq000573","vx_c3b7b7168d75cc30","fg0117","1","fg0117","fg0889","fg0169","fg0594","fg0025","fg0474","fg0227","fg0279","fg0939","fg0054","fg0397","fg0015","fg0747","fg0347","fg0267","fg0835","fg0708","fg0192","fg0973","fg0061"
"fq000574","vx_c3b7b7168d75cc30","fg0117","1","fg0117","fg0889","fg0169","fg0594","fg0279","fg0025","fg0474","fg0054","fg0835","fg0211","fg0227","fg0191","fg0939","fg0347","fg0973","fg0588","fg0015","fg0573","fg0440","fg0334"
"fq000575","vx_c3b7b7168d75cc30","fg0117","1","fg0117","fg0889","fg0594","fg0169","fg0474","fg0025","fg0279","fg0939","fg0054","fg0811","fg0227","fg0347","fg0835","fg0191","fg0367","fg0708","fg0126","fg0334","fg0106","fg0015"
"fq000576","vx_68c970997b6401be","fg0118","1","fg0118","fg0862","fg0459","fg0904","fg0623","fg0547","fg0590","fg0254","fg0891","fg0629","fg0093","fg0322","fg0795","fg0487","fg0138","fg0092","fg0766","fg0293","fg0284","fg0945"
"fq000577","vx_37d52652f8ebb6b5","fg0119","1","fg0119","fg0828","fg0361","fg0316","fg0315","fg0577","fg0226","fg0477","fg0888","fg0152","fg0373","fg0998","fg0370","fg0400","fg0277","fg0150","fg0148","fg0390","fg0499","fg0083"
"fq000578","vx_37d52652f8ebb6b5","fg0119","1","fg0119","fg0828","fg0361","fg0316","fg0477","fg0315","fg0226","fg0888","fg0577","fg0150","fg0152","fg0370","fg0373","fg0400","fg0998","fg0499","fg0390","fg0148","fg0572","fg0083"
"fq000579","vx_37d52652f8ebb6b5","fg0119","1","fg0119","fg0828","fg0361","fg0316","fg0477","fg0577","fg0315","fg0888","fg0152","fg0150","fg0998","fg0499","fg0370","fg0226","fg0400","fg0439","fg0083","fg0575","fg0277","fg0258"
"fq000580","vx_37d52652f8ebb6b5","fg0119","1","fg0119","fg0828","fg0316","fg0361","fg0477","fg0226","fg0315","fg0577","fg0888","fg0152","fg0499","fg0370","fg0998","fg0150","fg0373","fg0390","fg0083","fg0206","fg0400","fg0572"
"fq000581","vx_a6800b3c3771b7d8","fg0120","1","fg0120","fg0483","fg0501","fg0415","fg0467","fg0970","fg1000","fg0955","fg0441","fg0978","fg0608","fg0734","fg0077","fg0853","fg0643","fg0751","fg0542","fg0212","fg0115","fg0329"
"fq000582","vx_f94bb17e674a604c","fg0121","1","fg0121","fg0197","fg0368","fg0847","fg0564","fg0445","fg0697","fg0681","fg0783","fg0327","fg0690","fg0150","fg0541","fg0040","fg0735","fg0251","fg0098","fg0590","fg0894","fg0065"
"fq000583","vx_d159d701c316b6a0","fg0122","1","fg0122","fg0554","fg0372","fg0806","fg0282","fg0404","fg0621","fg0074","fg0625","fg0629","fg0030","fg0178","fg0351","fg0153","fg0637","fg0263","fg0689","fg0532","fg0790","fg0624"
"fq000584","vx_4f57dff99bda50bb","fg0123","1","fg0123","fg0388","fg0001","fg0298","fg0962","fg0042","fg0503","fg0025","fg0885","fg0948","fg0275","fg0490","fg0297","fg0525","fg0533","fg0241","fg0371","fg0713","fg0778","fg0714"
"fq000585","vx_3f3730b2fa76e0d3","fg0124","1","fg0124","fg0782","fg0142","fg0860","fg0009","fg0116","fg0022","fg0489","fg0210","fg0699","fg0635","fg0402","fg0774","fg0834","fg0363","fg0857","fg0488","fg0649","fg0666","fg0436"
"fq000586","vx_3f3730b2fa76e0d3","fg0124","1","fg0124","fg0782","fg0860","fg0009","fg0022","fg0142","fg0834","fg0402","fg0857","fg0489","fg0649","fg0116","fg0774","fg0776","fg0583","fg0699","fg0210","fg0581","fg0635","fg0786"
"fq000587","vx_3f3730b2fa76e0d3","fg0124","1","fg0124","fg0782","fg0009","fg0860","fg0834","fg0022","fg0142","fg0210","fg0635","fg0774","fg0489","fg0649","fg0402","fg0725","fg0857","fg0720","fg0776","fg0583","fg0581","fg0116"
"fq000588","vx_460ce5258428da09","fg0125","1","fg0125","fg0838","fg0105","fg0344","fg0787","fg0664","fg0901","fg0714","fg0523","fg0991","fg0521","fg0654","fg0580","fg0273","fg0492","fg0343","fg0332","fg0250","fg0261","fg0162"
"fq000589","vx_d2f04e6ce77e8e4a","fg0126","1","fg0126","fg0350","fg0367","fg0573","fg0733","fg0843","fg0025","fg0039","fg0186","fg0474","fg0106","fg0195","fg0211","fg0591","fg0594","fg0515","fg0490","fg0942","fg0411","fg0475"
"fq000590","vx_d2f04e6ce77e8e4a","fg0126","1","fg0126","fg0350","fg0367","fg0733","fg0843","fg0025","fg0474","fg0515","fg0594","fg0573","fg0106","fg0039","fg0186","fg0973","fg0591","fg0712","fg0811","fg0398","fg0809","fg0565"
"fq000591","vx_d2f04e6ce77e8e4a","fg0126","1","fg0126","fg0367","fg0350","fg0474","fg0025","fg0843","fg0573","fg0733","fg0106","fg0515","fg0039","fg0811","fg0594","fg0186","fg0490","fg0211","fg0591","fg0453","fg0191","fg0907"
"fq000592","vx_d2f04e6ce77e8e4a","fg0126","1","fg0126","fg0350","fg0367","fg0733","fg0474","fg0594","fg0843","fg0573","fg0025","fg0515","fg0411","fg0186","fg0106","fg0039","fg0211","fg0811","fg0591","fg0973","fg0388","fg0169"
"fq000593","vx_d2f04e6ce77e8e4a","fg0126","1","fg0126","fg0367","fg0350","fg0733","fg0573","fg0843","fg0515","fg0039","fg0106","fg0025","fg0186","fg0474","fg0397","fg0594","fg0218","fg0388","fg0591","fg0565","fg0421","fg0841"
"fq000594","vx_d2f04e6ce77e8e4a","fg0126","1","fg0126","fg0350","fg0367","fg0733","fg0474","fg0573","fg0025","fg0843","fg0515","fg0594","fg0106","fg0039","fg0186","fg0811","fg0411","fg0973","fg0591","fg0421","fg0959","fg0211"
"fq000595","vx_9eecd65b55db32ae","fg0127","1","fg0127","fg0066","fg0201","fg0816","fg0508","fg0964","fg0499","fg0563","fg0092","fg0514","fg0166","fg0425","fg0091","fg0259","fg0265","fg0044","fg0823","fg0968","fg0920","fg0119"
"fq000596","vx_9eecd65b55db32ae","fg0127","1","fg0127","fg0066","fg0201","fg0816","fg0508","fg0964","fg0499","fg0563","fg0092","fg0166","fg0514","fg0091","fg0425","fg0265","fg0259","fg0044","fg0920","fg0823","fg0968","fg0119"
"fq000597","vx_35e343a3fd25d697","fg0128","1","fg0128","fg0373","fg0240","fg0881","fg0484","fg0783","fg0283","fg0021","fg0559","fg0579","fg0998","fg0649","fg0140","fg0957","fg0405","fg0238","fg0612","fg0091","fg0617","fg0910"
"fq000598","vx_ad771921a5757645","fg0129","1","fg0129","fg0563","fg0569","fg0600","fg0778","fg0057","fg0423","fg0392","fg0730","fg0299","fg0574","fg0785","fg0686","fg0734","fg0257","fg0885","fg0304","fg0758","fg0496","fg0046"
"fq000599","vx_3745c84afa7faf89","fg0130","1","fg0130","fg0533","fg0885","fg0569","fg0527","fg0490","fg0793","fg0846","fg0936","fg0466","fg0778","fg0758","fg0723","fg0267","fg0821","fg0071","fg0886","fg0088","fg0573","fg0653"
"fq000600","vx_417e7106fae4ef09","fg0131","1","fg0131","fg0719","fg0536","fg0846","fg0464","fg0327","fg0048","fg0364","fg0698","fg0333","fg0989","fg0023","fg0893","fg0758","fg0779","fg0936","fg0303","fg0947","fg0584","fg0081"
"fq000601","vx_f94a2ae176eb44b0","fg0132","1","fg0132","fg0473","fg0764","fg0650","fg0940","fg0898","fg0585","fg0254","fg0404","fg0171","fg0294","fg0716","fg0465","fg0877","fg0183","fg0781","fg0932","fg0471","fg0337","fg0203"
"fq000602","vx_f94a2ae176eb44b0","fg0132","1","fg0132","fg0650","fg0473","fg0764","fg0940","fg0781","fg0716","fg0898","fg0246","fg0254","fg0932","fg0256","fg0585","fg0789","fg0144","fg0183","fg0877","fg0538","fg0261","fg0203"
"fq000603","vx_f94a2ae176eb44b0","fg0132","1","fg0132","fg0650","fg0256","fg0246","fg0473","fg0585","fg0898","fg0789","fg0940","fg0781","fg0183","fg0220","fg0764","fg0261","fg0731","fg0262","fg0465","fg0761","fg0171","fg0967"
"fq000604","vx_f94a2ae176eb44b0","fg0132","1","fg0132","fg0650","fg0473","fg0781","fg0940","fg0246","fg0256","fg0789","fg0898","fg0764","fg0585","fg0877","fg0465","fg0538","fg0254","fg0261","fg0262","fg0932","fg0967","fg0878"
"fq000605","vx_f94a2ae176eb44b0","fg0132","1","fg0132","fg0650","fg0256","fg0585","fg0246","fg0940","fg0473","fg0898","fg0789","fg0781","fg0220","fg0761","fg0262","fg0261","fg0878","fg0632","fg0183","fg0943","fg0731","fg0967"
"fq000606","vx_f94a2ae176eb44b0","fg0132","1","fg0132","fg0650","fg0473","fg0781","fg0940","fg0898","fg0789","fg0764","fg0246","fg0256","fg0538","fg0585","fg0877","fg0261","fg0254","fg0465","fg0878","fg0761","fg0363","fg0171"
"fq000607","vx_f94a2ae176eb44b0","fg0132","1","fg0132","fg0650","fg0473","fg0940","fg0585","fg0256","fg0246","fg0781","fg0898","fg0764","fg0789","fg0183","fg0877","fg0632","fg0261","fg0538","fg0943","fg0731","fg0220","fg0254"
"fq000608","vx_f94a2ae176eb44b0","fg0132","1","fg0132","fg0650","fg0473","fg0898","fg0256","fg0246","fg0781","fg0585","fg0940","fg0789","fg0183","fg0764","fg0220","fg0261","fg0943","fg0538","fg0878","fg0262","fg0877","fg0465"
"fq000609","vx_f94a2ae176eb44b0","fg0132","1","fg0132","fg0650","fg0473","fg0764","fg0781","fg0940","fg0246","fg0716","fg0898","fg0256","fg0254","fg0932","fg0585","fg0789","fg0877","fg0183","fg0144","fg0465","fg0538","fg0261"
"fq000610","vx_f94a2ae176eb44b0","fg0132","1","fg0132","fg0650","fg0473","fg0781","fg0764","fg0940","fg0246","fg0898","fg0256","fg0789","fg0716","fg0585","fg0254","fg0877","fg0932","fg0183","fg0261","fg0538","fg0465","fg0171"
"fq000611","vx_f94a2ae176eb44b0","fg0132","1","fg0132","fg0650","fg0473","fg0764","fg0781","fg0940","fg0716","fg0585","fg0898","fg0246","fg0256","fg0877","fg0789","fg0254","fg0538","fg0956","fg0294","fg0183","fg0932","fg0404"
"fq000612","vx_f94a2ae176eb44b0","fg0132","1","fg0132","fg0473","fg0716","fg0404","fg0764","fg0940","fg0956","fg0337","fg0538","fg0781","fg0650","fg0809","fg0471","fg0719","fg0877","fg0203","fg0294","fg0898","fg0027","fg0985"
"fq000613","vx_f94a2ae176eb44b0","fg0132","1","fg0132","fg0650","fg0473","fg0764","fg0940","fg0781","fg0246","fg0898","fg0256","fg0585","fg0789","fg0183","fg0716","fg0254","fg0404","fg0877","fg0203","fg0538","fg0932","fg0632"
"fq000614","vx_f94a2ae176eb44b0","fg0132","1","fg0132","fg0473","fg0716","fg0650","fg0764","fg0781","fg0254","fg0932","fg0940","fg0538","fg0877","fg0979","fg0911","fg0898","fg0672","fg0144","fg0246","fg0256","fg0404","fg0294"
"fq000615","vx_e3405a4986814a79","fg0133","1","fg0133","fg0524","fg0599","fg0148","fg0944","fg0262","fg0277","fg0552","fg0967","fg0789","fg0246","fg0256","fg0016","fg0781","fg0650","fg0801","fg0925","fg0888","fg0022","fg0035"
"fq000616","vx_66096d52b2e7fde4","fg0134","1","fg0134","fg0928","fg0799","fg0002","fg0141","fg0561","fg0631","fg0239","fg0692","fg0935","fg0011","fg0683","fg0726","fg0380","fg0339","fg0540","fg0368","fg0805","fg0486","fg0672"
"fq000617","vx_66096d52b2e7fde4","fg0134","1","fg0134","fg0928","fg0631","fg0799","fg0141","fg0002","fg0011","fg0692","fg0380","fg0540","fg0935","fg0683","fg0239","fg0715","fg0554","fg0339","fg0561","fg0377","fg0760","fg0957"
"fq000618","vx_66096d52b2e7fde4","fg0134","1","fg0134","fg0141","fg0928","fg0002","fg0631","fg0011","fg0799","fg0726","fg0115","fg0683","fg0692","fg0380","fg0239","fg0561","fg0991","fg0339","fg0935","fg0332","fg0715","fg0787"
"fq000619","vx_66096d52b2e7fde4","fg0134","1","fg0134","fg0928","fg0141","fg0631","fg0002","fg0935","fg0011","fg0799","fg0380","fg0239","fg0683","fg0368","fg0726","fg0540","fg0899","fg0332","fg0561","fg0321","fg0259","fg0692"
"fq000620","vx_66096d52b2e7fde4","fg0134","1","fg0134","fg0928","fg0141","fg0935","fg0011","fg0631","fg0002","fg0799","fg0683","fg0715","fg0692","fg0368","fg0380","fg0282","fg0540","fg0404","fg0519","fg0853","fg0760","fg0115"
"fq000621","vx_66096d52b2e7fde4","fg0134","1","fg0134","fg0799","fg0754","fg0928","fg0239","fg0618","fg0561","fg0872","fg0380","fg0011","fg0743","fg0440","fg0342","fg0672","fg0002","fg0345","fg0226","fg0141","fg0318","fg0486"
"fq000622","vx_66096d52b2e7fde4","fg0134","1","fg0134","fg0928","fg0002","fg0141","fg0799","fg0631","fg0239","fg0561","fg0011","fg0683","fg0726","fg0540","fg0692","fg0368","fg0380","fg0339","fg0259","fg0935","fg0693","fg0558"
"fq000623","vx_66096d52b2e7fde4","fg0134","1","fg0134","fg0141","fg0928","fg0002","fg0011","fg0380","fg0631","fg0799","fg0935","fg0368","fg0115","fg0683","fg0239","fg0899","fg0561","fg0540","fg0332","fg0486","fg0726","fg0898"
"fq000624","vx_66096d52b2e7fde4","fg0134","1","fg0134","fg0799","fg0928","fg0141","fg0002","fg0561","fg0011","fg0631","fg0380","fg0935","fg0726","fg0239","fg0683","fg0692","fg0672","fg0899","fg0115","fg0053","fg0701","fg0339"
"fq000625","vx_66096d52b2e7fde4","fg0134","1","fg0134","fg0928","fg0141","fg0002","fg0631","fg0239","fg0799","fg0683","fg0540","fg0935","fg0561","fg0726","fg0011","fg0332","fg0957","fg0693","fg0692","fg0368","fg0380","fg0115"
"fq000626","vx_66096d52b2e7fde4","fg0134","1","fg0134","fg0799","fg0928","fg0672","fg0561","fg0002","fg0141","fg0380","fg0239","fg0012","fg0935","fg0631","fg0011","fg0726","fg0758","fg0692","fg0754","fg0053","fg0899","fg0618"
"fq000627","vx_66096d52b2e7fde4","fg0134","1","fg0134","fg0928","fg0799","fg0141","fg0002","fg0631","fg0683","fg0011","fg0561","fg0239","fg0726","fg0935","fg0115","fg0692","fg0540","fg0805","fg0368","fg0377","fg0715","fg0339"
"fq000628","vx_66096d52b2e7fde4","fg0134","1","fg0134","fg0928","fg0799","fg0002","fg0239","fg0561","fg0141","fg0631","fg0805","fg0368","fg0726","fg0692","fg0380","fg0339","fg0011","fg0683","fg0540","fg0935","fg0693","fg0758"
"fq000629","vx_66096d52b2e7fde4","fg0134","1","fg0134","fg0928","fg0799","fg0141","fg0002","fg0631","fg0561","fg0726","fg0239","fg0935","fg0683","fg0011","fg0692","fg0339","fg0380","fg0715","fg0259","fg0115","fg0368","fg0693"
"fq000630","vx_66096d52b2e7fde4","fg0134","1","fg0134","fg0141","fg0928","fg0002","fg0935","fg0631","fg0799","fg0011","fg0380","fg0239","fg0853","fg0332","fg0957","fg0923","fg0339","fg0540","fg0115","fg0715","fg0561","fg0554"
"fq000631","vx_53e62b446f378bb2","fg0135","1","fg0135","fg0542","fg0281","fg0536","fg0464","fg0836","fg0104","fg0109","fg0935","fg0165","fg0131","fg0322","fg0982","fg0593","fg0637","fg0863","fg0582","fg0028","fg0521","fg0086"
"fq000632","vx_2e3dedb1b7f60a96","fg0136","1","fg0136","fg0753","fg0247","fg0946","fg0744","fg0390","fg0682","fg0324","fg0191","fg0414","fg0315","fg0746","fg0723","fg0083","fg0648","fg0622","fg0060","fg0278","fg0597","fg0693"
"fq000633","vx_2aebc8d6ce96b1da","fg0137","1","fg0137","fg0112","fg0773","fg0372","fg0421","fg0937","fg0405","fg0539","fg0382","fg0975","fg0951","fg0218","fg0956","fg0791","fg0286","fg0410","fg0233","fg0700","fg0515","fg0139"
"fq000634","vx_2aebc8d6ce96b1da","fg0137","1","fg0137","fg0064","fg0951","fg0112","fg0105","fg0540","fg0849","fg0405","fg0836","fg0766","fg0423","fg0232","fg0434","fg0072","fg0111","fg0491","fg0830","fg0862","fg0752","fg0982"
"fq000635","vx_2aebc8d6ce96b1da","fg0137","44","fg0539","fg0421","fg0372","fg0070","fg0956","fg0416","fg0510","fg0481","fg0153","fg0405","fg0767","fg0112","fg0803","fg0610","fg0975","fg0627","fg0252","fg0809","fg0305","fg0791"
"fq000636","vx_2aebc8d6ce96b1da","fg0137","1","fg0137","fg0951","fg0112","fg0105","fg0540","fg0064","fg0836","fg0766","fg0491","fg0111","fg0643","fg0849","fg0232","fg0830","fg0862","fg0752","fg0434","fg0405","fg0450","fg0205"
"fq000637","vx_2aebc8d6ce96b1da","fg0137","1","fg0137","fg0951","fg0112","fg0105","fg0064","fg0766","fg0540","fg0405","fg0491","fg0232","fg0836","fg0434","fg0849","fg0511","fg0111","fg0830","fg0752","fg0643","fg0547","fg0205"
"fq000638","vx_2aebc8d6ce96b1da","fg0137","1","fg0137","fg0951","fg0105","fg0064","fg0540","fg0112","fg0766","fg0849","fg0111","fg0836","fg0434","fg0491","fg0547","fg0752","fg0405","fg0154","fg0643","fg0423","fg0554","fg0072"
"fq000639","vx_2aebc8d6ce96b1da","fg0137","1","fg0137","fg0951","fg0112","fg0064","fg0766","fg0105","fg0540","fg0405","fg0836","fg0232","fg0849","fg0434","fg0423","fg0111","fg0752","fg0491","fg0072","fg0643","fg0830","fg0154"
"fq000640","vx_2aebc8d6ce96b1da","fg0137","1","fg0137","fg0112","fg0405","fg0849","fg0372","fg0539","fg0421","fg0951","fg0830","fg0773","fg0557","fg0203","fg0077","fg0627","fg0105","fg0515","fg0423","fg0491","fg0121","fg0986"
"fq000641","vx_e63723eb4c0733e2","fg0138","1","fg0138","fg0322","fg0945","fg0391","fg0529","fg0238","fg0029","fg0744","fg0476","fg0466","fg0849","fg0745","fg0551","fg0360","fg0443","fg0480","fg0863","fg0997","fg0219","fg0699"
"fq000642","vx_e63723eb4c0733e2","fg0138","1","fg0138","fg0322","fg0945","fg0529","fg0391","fg0029","fg0744","fg0238","fg0476","fg0849","fg0728","fg0466","fg0551","fg0327","fg0231","fg0127","fg0193","fg0863","fg0219","fg0201"
"fq000643","vx_e63723eb4c0733e2","fg0138","1","fg0138","fg0322","fg0945","fg0529","fg0391","fg0238","fg0029","fg0744","fg0476","fg0849","fg0466","fg0728","fg0745","fg0127","fg0551","fg0699","fg0360","fg0863","fg0193","fg0443"
"fq000644","vx_0953c9af79091679","fg0139","1","fg0139","fg0230","fg0096","fg0831","fg0472","fg0930","fg0429","fg0891","fg0382","fg0656","fg0265","fg0557","fg0660","fg0530","fg0767","fg0082","fg0069","fg0418","fg0420","fg0218"
"fq000645","vx_0953c9af79091679","fg0139","1","fg0139","fg0230","fg0096","fg0831","fg0767","fg0557","fg0382","fg0660","fg0469","fg0891","fg0218","fg0305","fg0429","fg0069","fg0472","fg0530","fg0930","fg0656","fg0153","fg0198"
"fq000646","vx_1821b86ebd069149","fg0140","1","fg0140","fg0876","fg0283","fg0301","fg0031","fg0275","fg0241","fg0555","fg0021","fg0102","fg0961","fg0873","fg0649","fg0388","fg0624","fg0821","fg0577","fg0503","fg0820","fg0884"
"fq000647","vx_261766aca4414bde","fg0141","1","fg0141","fg0332","fg0115","fg0002","fg0145","fg0195","fg0916","fg0209","fg0143","fg0626","fg0952","fg0164","fg0134","fg0465","fg0861","fg0896","fg0935","fg0796","fg0476","fg0199"
"fq000648","vx_261766aca4414bde","fg0141","1","fg0141","fg0115","fg0332","fg0002","fg0145","fg0626","fg0134","fg0861","fg0465","fg0952","fg0164","fg0143","fg0661","fg0195","fg0209","fg0791","fg0796","fg0896","fg0706","fg0916"
"fq000649","vx_ebb2de0709cd7eb7","fg0142","1","fg0142","fg0624","fg0324","fg0475","fg0500","fg0247","fg0097","fg0317","fg0527","fg0388","fg0746","fg0885","fg0562","fg0682","fg0469","fg0733","fg0449","fg0078","fg0159","fg0073"
"fq000650","vx_33f55f6a59d234fd","fg0143","1","fg0143","fg0550","fg0046","fg0679","fg0089","fg0492","fg0722","fg0662","fg0515","fg0013","fg0214","fg0672","fg0900","fg0529","fg0916","fg0712","fg0141","fg0209","fg0342","fg0081"
"fq000651","vx_0c6410cb0454f13c","fg0144","1","fg0144","fg0626","fg0158","fg0408","fg0861","fg0195","fg0150","fg0748","fg0101","fg0113","fg0312","fg0615","fg0013","fg0316","fg0477","fg0974","fg0645","fg0507","fg0145","fg0089"
"fq000652","vx_a445bf697ba3b405","fg0145","1","fg0145","fg0101","fg0861","fg0141","fg0332","fg0465","fg0013","fg0164","fg0074","fg0514","fg0827","fg0703","fg0399","fg0499","fg0853","fg0316","fg0094","fg0593","fg0044","fg0114"
"fq000653","vx_644922a6cac0eaa3","fg0146","1","fg0146","fg0891","fg0623","fg0039","fg0475","fg0307","fg0093","fg0118","fg0942","fg0059","fg0106","fg0371","fg0941","fg0885","fg0533","fg0054","fg0835","fg0297","fg0098","fg0007"
"fq000654","vx_1d06ff640db614a2","fg0147","1","fg0147","fg0922","fg0749","fg0270","fg0659","fg0671","fg0319","fg0573","fg0227","fg0914","fg0854","fg0525","fg0140","fg0411","fg0569","fg0505","fg0589","fg0972","fg0729","fg0078"
"fq000655","vx_1d06ff640db614a2","fg0147","1","fg0147","fg0749","fg0922","fg0573","fg0270","fg0505","fg0671","fg0914","fg0659","fg0319","fg0424","fg0078","fg0411","fg0019","fg0972","fg0227","fg0260","fg0525","fg0959","fg0854"
"fq000656","vx_1d06ff640db614a2","fg0147","1","fg0147","fg0671","fg0914","fg0505","fg0659","fg0854","fg0140","fg0573","fg0355","fg0319","fg0729","fg0345","fg0304","fg0559","fg0151","fg0019","fg0922","fg0569","fg0270","fg0972"
"fq000657","vx_e64610e600d286b4","fg0148","1","fg0148","fg0944","fg0277","fg0560","fg0016","fg0599","fg0133","fg0364","fg0552","fg0524","fg0165","fg0925","fg0801","fg0826","fg0781","fg0967","fg0828","fg0888","fg0374","fg0493"
"fq000658","vx_6930f5974dc39e27","fg0149","1","fg0149","fg0874","fg0979","fg0473","fg0677","fg0861","fg0582","fg0192","fg0738","fg0669","fg0020","fg0505","fg0708","fg0603","fg0098","fg0094","fg0196","fg0657","fg0068","fg0296"
"fq000659","vx_65563ad707adf8eb","fg0150","1","fg0150","fg0809","fg0112","fg0121","fg0541","fg0998","fg0590","fg0197","fg0031","fg0896","fg0783","fg0119","fg0195","fg0627","fg0591","fg0688","fg0847","fg0733","fg0602","fg0350"
"fq000660","vx_65563ad707adf8eb","fg0150","1","fg0150","fg0197","fg0195","fg0121","fg0809","fg0541","fg0783","fg0350","fg0031","fg0460","fg0590","fg0602","fg0305","fg0591","fg0859","fg0301","fg0733","fg0847","fg0656","fg0896"
"fq000661","vx_65563ad707adf8eb","fg0150","1","fg0150","fg0195","fg0783","fg0197","fg0121","fg0541","fg0031","fg0350","fg0301","fg0987","fg0305","fg0733","fg0809","fg0590","fg0334","fg0859","fg0896","fg0656","fg0602","fg0627"
"fq000662","vx_65563ad707adf8eb","fg0150","1","fg0150","fg0998","fg0119","fg0195","fg0591","fg0121","fg0590","fg0783","fg0572","fg0197","fg0809","fg0460","fg0350","fg0602","fg0031","fg0423","fg0305","fg0541","fg0777","fg0688"
"fq000663","vx_65563ad707adf8eb","fg0150","1","fg0150","fg0783","fg0809","fg0195","fg0656","fg0151","fg0197","fg0768","fg0031","fg0159","fg0733","fg0121","fg0350","fg0090","fg0579","fg0541","fg0334","fg0627","fg0959","fg0140"
"fq000664","vx_65563ad707adf8eb","fg0150","1","fg0150","fg0541","fg0119","fg0572","fg0783","fg0031","fg0195","fg0590","fg0305","fg0350","fg0998","fg0733","fg0591","fg0896","fg0809","fg0301","fg0151","fg0602","fg0121","fg0056"
"fq000665","vx_65563ad707adf8eb","fg0150","1","fg0150","fg0270","fg0159","fg0783","fg0656","fg0140","fg0768","fg0090","fg0206","fg0749","fg0151","fg0031","fg0910","fg0579","fg0195","fg0729","fg0233","fg0071","fg0214","fg0569"
"fq000666","vx_65563ad707adf8eb","fg0150","1","fg0150","fg0783","fg0195","fg0251","fg0809","fg0541","fg0233","fg0151","fg0347","fg0656","fg0140","fg0031","fg0579","fg0733","fg0610","fg0627","fg0350","fg0119","fg0768","fg0998"
"fq000667","vx_65563ad707adf8eb","fg0150","1","fg0150","fg0656","fg0783","fg0159","fg0768","fg0071","fg0270","fg0140","fg0569","fg0910","fg0214","fg0579","fg0809","fg0729","fg0195","fg0090","fg0151","fg0749","fg0733","fg0206"
"fq000668","vx_65563ad707adf8eb","fg0150","1","fg0150","fg0541","fg0783","fg0809","fg0031","fg0197","fg0627","fg0301","fg0195","fg0847","fg0579","fg0121","fg0733","fg0859","fg0251","fg0350","fg0602","fg0119","fg0590","fg0896"
"fq000669","vx_65563ad707adf8eb","fg0150","1","fg0150","fg0031","fg0197","fg0783","fg0056","fg0809","fg0350","fg0675","fg0998","fg0301","fg0334","fg0121","fg0591","fg0541","fg0119","fg0590","fg0251","fg0195","fg0733","fg0460"
"fq000670","vx_65563ad707adf8eb","fg0150","1","fg0150","fg0195","fg0350","fg0197","fg0031","fg0733","fg0541","fg0301","fg0602","fg0460","fg0121","fg0305","fg0896","fg0783","fg0987","fg0809","fg0056","fg0847","fg0859","fg0548"
"fq000671","vx_65563ad707adf8eb","fg0150","1","fg0150","fg0783","fg0656","fg0768","fg0579","fg0140","fg0233","fg0151","fg0610","fg0195","fg0090","fg0251","fg0159","fg0910","fg0809","fg0959","fg0206","fg0559","fg0541","fg0270"
"fq000672","vx_cf182a418d7ea780","fg0151","1","fg0151","fg0810","fg0854","fg0559","fg0641","fg0626","fg0092","fg0353","fg0926","fg0729","fg0906","fg0275","fg0667","fg0159","fg0299","fg0225","fg0403","fg0331","fg0651","fg0652"
"fq000673","vx_0143e9b1151caffd","fg0152","1","fg0152","fg0060","fg0390","fg0865","fg0119","fg0537","fg0414","fg0514","fg0079","fg0714","fg0439","fg0417","fg0477","fg0559","fg0470","fg0331","fg0450","fg0717","fg0780","fg0136"
"fq000674","vx_0143e9b1151caffd","fg0152","1","fg0152","fg0390","fg0060","fg0119","fg0477","fg0514","fg0439","fg0906","fg0849","fg0865","fg0570","fg0559","fg0044","fg0355","fg0417","fg0912","fg0293","fg0652","fg0114","fg0331"
"fq000675","vx_0143e9b1151caffd","fg0152","1","fg0152","fg0450","fg0390","fg0477","fg0849","fg0117","fg0254","fg0293","fg0509","fg0414","fg0865","fg0417","fg0905","fg0070","fg0119","fg0394","fg0060","fg0570","fg0356","fg0664"
"fq000676","vx_fb0b1eb3d4a0449a","fg0153","1","fg0153","fg0541","fg0809","fg0719","fg0937","fg0847","fg0956","fg0382","fg0895","fg0469","fg0538","fg0300","fg0557","fg0510","fg0460","fg0536","fg0767","fg0271","fg0783","fg0679"
"fq000677","vx_336125d9d1f717a9","fg0154","27","fg0076","fg0879","fg0289","fg0527","fg0885","fg0451","fg0485","fg0827","fg0659","fg0469","fg0533","fg0758","fg0300","fg0466","fg0031","fg0624","fg0997","fg0636","fg0628","fg0324"
"fq000678","vx_336125d9d1f717a9","fg0154","1","fg0154","fg0635","fg0114","fg0718","fg0198","fg0699","fg0652","fg0866","fg0151","fg0766","fg0029","fg0116","fg0768","fg0028","fg0178","fg0406","fg0984","fg0423","fg0444","fg0355"
"fq000679","vx_336125d9d1f717a9","fg0154","1","fg0154","fg0444","fg0151","fg0738","fg0866","fg0635","fg0652","fg0114","fg0178","fg0672","fg0699","fg0848","fg0406","fg0618","fg0068","fg0340","fg0027","fg0103","fg0768","fg0559"
"fq000680","vx_336125d9d1f717a9","fg0154","1","fg0154","fg0635","fg0768","fg0347","fg0114","fg0151","fg0027","fg0406","fg0699","fg0198","fg0451","fg0076","fg0866","fg0191","fg0950","fg0848","fg0071","fg0342","fg0029","fg0618"
"fq000681","vx_336125d9d1f717a9","fg0154","1","fg0154","fg0635","fg0151","fg0114","fg0076","fg0699","fg0718","fg0198","fg0652","fg0029","fg0071","fg0451","fg0768","fg0559","fg0355","fg0659","fg0406","fg0178","fg0866","fg0299"
"fq000682","vx_336125d9d1f717a9","fg0154","1","fg0154","fg0635","fg0699","fg0198","fg0718","fg0766","fg0114","fg0178","fg0116","fg0542","fg0866","fg0340","fg0652","fg0984","fg0029","fg0028","fg0406","fg0355","fg0768","fg0950"
"fq000683","vx_336125d9d1f717a9","fg0154","1","fg0154","fg0635","fg0198","fg0718","fg0699","fg0178","fg0766","fg0114","fg0116","fg0866","fg0652","fg0768","fg0340","fg0029","fg0542","fg0406","fg0984","fg0347","fg0151","fg0071"
"fq000684","vx_336125d9d1f717a9","fg0154","1","fg0154","fg0198","fg0635","fg0699","fg0340","fg0766","fg0114","fg0178","fg0718","fg0866","fg0542","fg0984","fg0406","fg0116","fg0881","fg0803","fg0652","fg0488","fg0390","fg0783"
"fq000685","vx_336125d9d1f717a9","fg0154","4","fg0076","fg0559","fg0151","fg0154","fg0659","fg0931","fg0103","fg0667","fg0353","fg0469","fg0729","fg0289","fg0245","fg0854","fg0270","fg0444","fg0451","fg0090","fg0671","fg0159"
"fq000686","vx_336125d9d1f717a9","fg0154","1","fg0154","fg0635","fg0198","fg0718","fg0178","fg0114","fg0699","fg0766","fg0482","fg0881","fg0406","fg0866","fg0652","fg0768","fg0028","fg0071","fg0542","fg0340","fg0029","fg0848"
"fq000687","vx_336125d9d1f717a9","fg0154","1","fg0154","fg0635","fg0198","fg0114","fg0766","fg0718","fg0866","fg0699","fg0116","fg0178","fg0768","fg0984","fg0652","fg0542","fg0151","fg0029","fg0028","fg0355","fg0853","fg0406"
"fq000688","vx_336125d9d1f717a9","fg0154","1","fg0154","fg0635","fg0718","fg0198","fg0178","fg0114","fg0699","fg0766","fg0116","fg0866","fg0029","fg0652","fg0768","fg0071","fg0028","fg0542","fg0984","fg0881","fg0340","fg0390"
"fq000689","vx_336125d9d1f717a9","fg0154","1","fg0154","fg0699","fg0635","fg0718","fg0950","fg0114","fg0198","fg0116","fg0029","fg0766","fg0722","fg0406","fg0071","fg0955","fg0076","fg0741","fg0390","fg0515","fg0542","fg0984"
"fq000690","vx_336125d9d1f717a9","fg0154","1","fg0154","fg0699","fg0635","fg0114","fg0198","fg0718","fg0178","fg0406","fg0071","fg0866","fg0766","fg0488","fg0029","fg0076","fg0652","fg0390","fg0881","fg0340","fg0768","fg0618"
"fq000691","vx_336125d9d1f717a9","fg0154","1","fg0154","fg0635","fg0699","fg0114","fg0766","fg0198","fg0718","fg0542","fg0340","fg0178","fg0029","fg0652","fg0406","fg0355","fg0028","fg0783","fg0116","fg0390","fg0488","fg0151"
"fq000692","vx_336125d9d1f717a9","fg0154","1","fg0154","fg0635","fg0198","fg0718","fg0766","fg0178","fg0114","fg0699","fg0116","fg0029","fg0542","fg0028","fg0866","fg0652","fg0340","fg0984","fg0406","fg0803","fg0390","fg0853"
"fq000693","vx_2ee8e11861e849de","fg0155","2","fg0421","fg0155","fg0218","fg0271","fg0959","fg0539","fg0509","fg0656","fg0249","fg0010","fg0576","fg0382","fg0578","fg0660","fg0196","fg0494","fg0573","fg0565","fg0950","fg0642"
"fq000694","vx_122ea180583cb8d7","fg0156","3","fg0491","fg0918","fg0156","fg0849","fg0834","fg0539","fg0739","fg0769","fg0416","fg0763","fg0798","fg0673","fg0805","fg0084","fg0907","fg0174","fg0414","fg0551","fg0499","fg0965"
"fq000695","vx_122ea180583cb8d7","fg0156","7","fg0849","fg0918","fg0491","fg0834","fg0174","fg0718","fg0156","fg0857","fg0433","fg0326","fg0176","fg0062","fg0815","fg0888","fg0739","fg0805","fg0539","fg0681","fg0601","fg0084"
"fq000696","vx_122ea180583cb8d7","fg0156","23","fg0491","fg0849","fg0918","fg0834","fg0174","fg0718","fg0857","fg0176","fg0062","fg0739","fg0326","fg0763","fg0815","fg0805","fg0770","fg0798","fg0087","fg0084","fg0601","fg0089"
"fq000697","vx_122ea180583cb8d7","fg0156","5","fg0491","fg0918","fg0849","fg0834","fg0156","fg0174","fg0857","fg0805","fg0718","fg0176","fg0798","fg0420","fg0539","fg0062","fg0739","fg0815","fg0888","fg0499","fg0119","fg0770"
"fq000698","vx_122ea180583cb8d7","fg0156","10","fg0491","fg0918","fg0849","fg0834","fg0174","fg0718","fg0084","fg0539","fg0739","fg0156","fg0857","fg0203","fg0416","fg0763","fg0062","fg0326","fg0081","fg0805","fg0420","fg0769"
"fq000699","vx_76c26ff7f75077dc","fg0157","1","fg0157","fg0555","fg0706","fg0821","fg0216","fg0804","fg0996","fg0202","fg0287","fg0402","fg0546","fg0511","fg0378","fg0052","fg0734","fg0482","fg0385","fg0387","fg0917","fg0250"
"fq000700","vx_e8e091a36fec71fa","fg0158","1","fg0158","fg0626","fg0339","fg0870","fg0385","fg0006","fg0901","fg0581","fg0776","fg0408","fg0144","fg0830","fg0786","fg0553","fg0905","fg0748","fg0645","fg0679","fg0031","fg0072"
"fq000701","vx_4863d71843169712","fg0159","1","fg0159","fg0569","fg0071","fg0936","fg0682","fg0123","fg0525","fg0976","fg0729","fg0241","fg0270","fg0297","fg0025","fg0885","fg0768","fg0211","fg0573","fg0843","fg0907","fg0350"
"fq000702","vx_bcea633bdba99075","fg0160","1","fg0160","fg0816","fg0926","fg0915","fg0626","fg0940","fg0483","fg0576","fg0036","fg0044","fg0471","fg0566","fg0975","fg0536","fg0896","fg0627","fg0917","fg0209","fg0792","fg0410"
"fq000703","vx_bcea633bdba99075","fg0160","1","fg0160","fg0816","fg0926","fg0915","fg0917","fg0511","fg0036","fg0727","fg0434","fg0005","fg0626","fg0410","fg0576","fg0760","fg0886","fg0644","fg0151","fg0896","fg0854","fg0043"
"fq000704","vx_bcea633bdba99075","fg0160","1","fg0160","fg0816","fg0915","fg0926","fg0576","fg0566","fg0483","fg0874","fg0457","fg0613","fg0867","fg0037","fg0410","fg0956","fg0471","fg0940","fg0740","fg0381","fg0102","fg0958"
"fq000705","vx_bcea633bdba99075","fg0160","1","fg0160","fg0816","fg0915","fg0926","fg0576","fg0626","fg0867","fg0036","fg0381","fg0917","fg0471","fg0483","fg0896","fg0457","fg0996","fg0536","fg0410","fg0566","fg0727","fg0209"
"fq000706","vx_bcea633bdba99075","fg0160","1","fg0160","fg0816","fg0915","fg0926","fg0036","fg0626","fg0381","fg0471","fg0867","fg0483","fg0917","fg0727","fg0896","fg0005","fg0576","fg0940","fg0632","fg0410","fg0193","fg0566"
"fq000707","vx_bcea633bdba99075","fg0160","1","fg0160","fg0816","fg0915","fg0926","fg0471","fg0566","fg0578","fg0455","fg0613","fg0536","fg0867","fg0037","fg0627","fg0576","fg0940","fg0280","fg0036","fg0874","fg0381","fg0193"
"fq000708","vx_bcea633bdba99075","fg0160","1","fg0160","fg0816","fg0926","fg0915","fg0917","fg0576","fg0536","fg0626","fg0102","fg0410","fg0434","fg0566","fg0457","fg0940","fg0381","fg0036","fg0627","fg0280","fg0044","fg0511"
"fq000709","vx_bcea633bdba99075","fg0160","1","fg0160","fg0816","fg0471","fg0926","fg0915","fg0940","fg0874","fg0867","fg0064","fg0536","fg0044","fg0381","fg0632","fg0722","fg0102","fg0483","fg0280","fg0958","fg0457","fg0979"
"fq000710","vx_bcea633bdba99075","fg0160","1","fg0160","fg0816","fg0926","fg0915","fg0036","fg0576","fg0917","fg0626","fg0193","fg0369","fg0434","fg0511","fg0044","fg0995","fg0644","fg0457","fg0727","fg0792","fg0471","fg0102"
"fq000711","vx_bcea633bdba99075","fg0160","1","fg0160","fg0816","fg0915","fg0926","fg0576","fg0566","fg0193","fg0471","fg0457","fg0036","fg0940","fg0483","fg0381","fg0536","fg0102","fg0044","fg0595","fg0626","fg0846","fg0454"
"fq000712","vx_bcea633bdba99075","fg0160","1","fg0160","fg0816","fg0926","fg0915","fg0626","fg0036","fg0044","fg0896","fg0576","fg0457","fg0917","fg0792","fg0940","fg0280","fg0727","fg0641","fg0209","fg0410","fg0193","fg0471"
"fq000713","vx_bcea633bdba99075","fg0160","1","fg0160","fg0915","fg0816","fg0926","fg0613","fg0867","fg0566","fg0381","fg0576","fg0483","fg0536","fg0102","fg0280","fg0917","fg0568","fg0455","fg0471","fg0037","fg0874","fg0204"
"fq000714","vx_bcea633bdba99075","fg0160","1","fg0160","fg0816","fg0471","fg0917","fg0632","fg0626","fg0789","fg0036","fg0369","fg0511","fg0568","fg0321","fg0940","fg0915","fg0410","fg0044","fg0187","fg0072","fg0434","fg0387"
"fq000715","vx_bcea633bdba99075","fg0160","1","fg0160","fg0816","fg0915","fg0926","fg0483","fg0566","fg0381","fg0576","fg0626","fg0036","fg0940","fg0956","fg0867","fg0280","fg0983","fg0979","fg0064","fg0471","fg0874","fg0975"
"fq000716","vx_bcea633bdba99075","fg0160","1","fg0160","fg0816","fg0915","fg0926","fg0867","fg0566","fg0483","fg0940","fg0381","fg0727","fg0036","fg0983","fg0626","fg0280","fg0471","fg0536","fg0576","fg0595","fg0005","fg0956"
"fq000717","vx_bcea633bdba99075","fg0160","1","fg0160","fg0816","fg0926","fg0915","fg0867","fg0471","fg0576","fg0036","fg0626","fg0457","fg0483","fg0792","fg0896","fg0874","fg0518","fg0796","fg0410","fg0381","fg0996","fg0193"
"fq000718","vx_bcea633bdba99075","fg0160","1","fg0160","fg0816","fg0915","fg0926","fg0102","fg0576","fg0483","fg0457","fg0566","fg0471","fg0940","fg0410","fg0193","fg0454","fg0874","fg0036","fg0568","fg0792","fg0536","fg0846"
"fq000719","vx_bcea633bdba99075","fg0160","1","fg0160","fg0915","fg0816","fg0926","fg0483","fg0576","fg0566","fg0917","fg0983","fg0511","fg0626","fg0796","fg0886","fg0760","fg0381","fg0457","fg0410","fg0005","fg0995","fg0434"
"fq000720","vx_bcea633bdba99075","fg0160","1","fg0160","fg0816","fg0915","fg0926","fg0566","fg0381","fg0576","fg0471","fg0410","fg0036","fg0958","fg0626","fg0874","fg0457","fg0431","fg0568","fg0193","fg0578","fg0792","fg0896"
"fq000721","vx_bcea633bdba99075","fg0160","1","fg0160","fg0816","fg0915","fg0926","fg0483","fg0917","fg0566","fg0280","fg0471","fg0381","fg0867","fg0983","fg0613","fg0626","fg0576","fg0036","fg0995","fg0940","fg0536","fg0886"
"fq000722","vx_bcea633bdba99075","fg0160","1","fg0160","fg0816","fg0915","fg0926","fg0566","fg0576","fg0483","fg0454","fg0457","fg0886","fg0846","fg0917","fg0626","fg0410","fg0792","fg0975","fg0193","fg0613","fg0940","fg0434"
"fq000723","vx_bcea633bdba99075","fg0160","1","fg0160","fg0816","fg0926","fg0915","fg0036","fg0576","fg0471","fg0455","fg0566","fg0627","fg0457","fg0410","fg0381","fg0536","fg0792","fg0037","fg0820","fg0193","fg0626","fg0958"
"fq000724","vx_bcea633bdba99075","fg0160","1","fg0160","fg0816","fg0915","fg0926","fg0576","fg0917","fg0410","fg0792","fg0996","fg0457","fg0044","fg0536","fg0483","fg0511","fg0626","fg0043","fg0613","fg0627","fg0321","fg0820"
"fq000725","vx_bcea633bdba99075","fg0160","1","fg0160","fg0816","fg0926","fg0915","fg0576","fg0566","fg0036","fg0626","fg0613","fg0917","fg0483","fg0381","fg0874","fg0471","fg0455","fg0867","fg0193","fg0005","fg0568","fg0727"
"fq000726","vx_bcea633bdba99075","fg0160","1","fg0160","fg0816","fg0926","fg0915","fg0036","fg0626","fg0410","fg0381","fg0727","fg0867","fg0483","fg0471","fg0102","fg0576","fg0917","fg0896","fg0457","fg0072","fg0005","fg0817"
"fq000727","vx_bcea633bdba99075","fg0160","1","fg0160","fg0816","fg0915","fg0926","fg0483","fg0626","fg0381","fg0917","fg0036","fg0410","fg0576","fg0511","fg0566","fg0005","fg0727","fg0457","fg0789","fg0280","fg0632","fg0471"
"fq000728","vx_bcea633bdba99075","fg0160","1","fg0160","fg0816","fg0915","fg0926","fg0471","fg0867","fg0483","fg0874","fg0576","fg0566","fg0722","fg0958","fg0773","fg0037","fg0956","fg0638","fg0975","fg0381","fg0522","fg0285"
"fq000729","vx_a88cd3f4a2ba4576","fg0161","1","fg0161","fg0074","fg0716","fg0334","fg0413","fg0069","fg0082","fg0601","fg0938","fg0684","fg0096","fg0951","fg0501","fg0607","fg0657","fg0164","fg0761","fg0630","fg0689","fg0230"
"fq000730","vx_a88cd3f4a2ba4576","fg0161","1","fg0161","fg0074","fg0413","fg0716","fg0069","fg0684","fg0580","fg0334","fg0689","fg0838","fg0923","fg0611","fg0685","fg0234","fg0951","fg0266","fg0938","fg0501","fg0570","fg0755"
"fq000731","vx_a88cd3f4a2ba4576","fg0161","1","fg0161","fg0074","fg0413","fg0716","fg0334","fg0096","fg0069","fg0611","fg0601","fg0689","fg0230","fg0685","fg0684","fg0082","fg0938","fg0580","fg0657","fg0607","fg0501","fg0164"
"fq000732","vx_a88cd3f4a2ba4576","fg0161","1","fg0161","fg0074","fg0716","fg0413","fg0334","fg0069","fg0938","fg0689","fg0684","fg0361","fg0096","fg0601","fg0923","fg0203","fg0234","fg0501","fg0164","fg0888","fg0058","fg0308"
"fq000733","vx_a88cd3f4a2ba4576","fg0161","1","fg0161","fg0413","fg0074","fg0069","fg0334","fg0716","fg0923","fg0689","fg0164","fg0580","fg0684","fg0058","fg0234","fg0082","fg0361","fg0096","fg0611","fg0761","fg0203","fg0825"
"fq000734","vx_a88cd3f4a2ba4576","fg0161","1","fg0161","fg0074","fg0413","fg0716","fg0580","fg0334","fg0069","fg0689","fg0923","fg0684","fg0234","fg0361","fg0838","fg0755","fg0203","fg0611","fg0266","fg0570","fg0643","fg0308"
"fq000735","vx_a88cd3f4a2ba4576","fg0161","1","fg0161","fg0069","fg0074","fg0413","fg0689","fg0716","fg0230","fg0203","fg0234","fg0096","fg0825","fg0164","fg0938","fg0580","fg0308","fg0684","fg0923","fg0570","fg0334","fg0361"
"fq000736","vx_be873a0e9bfafaf8","fg0162","1","fg0162","fg0355","fg0936","fg0357","fg0298","fg0583","fg0071","fg0241","fg0729","fg0503","fg0927","fg0224","fg0240","fg0313","fg0569","fg0028","fg0688","fg0206","fg0687","fg0023"
"fq000737","vx_be873a0e9bfafaf8","fg0162","1","fg0162","fg0355","fg0224","fg0240","fg0357","fg0729","fg0936","fg0927","fg0313","fg0267","fg0583","fg0298","fg0324","fg0028","fg0225","fg0071","fg0241","fg0784","fg0503","fg0363"
"fq000738","vx_16528a4161929acc","fg0163","1","fg0163","fg0737","fg0029","fg0597","fg0908","fg0642","fg0357","fg0181","fg0881","fg0174","fg0062","fg0488","fg0837","fg0865","fg0497","fg0953","fg0517","fg0622","fg0326","fg0481"
"fq000739","vx_16528a4161929acc","fg0163","1","fg0163","fg0737","fg0029","fg0908","fg0181","fg0597","fg0642","fg0357","fg0174","fg0881","fg0062","fg0488","fg0837","fg0953","fg0497","fg0865","fg0517","fg0622","fg0481","fg0019"
"fq000740","vx_16528a4161929acc","fg0163","1","fg0163","fg0029","fg0737","fg0357","fg0908","fg0837","fg0597","fg0488","fg0224","fg0497","fg0417","fg0492","fg0881","fg0953","fg0181","fg0375","fg0699","fg0313","fg0062","fg0688"
"fq000741","vx_16528a4161929acc","fg0163","1","fg0163","fg0737","fg0029","fg0597","fg0908","fg0642","fg0357","fg0837","fg0865","fg0181","fg0881","fg0488","fg0174","fg0062","fg0497","fg0517","fg0953","fg0688","fg0375","fg0534"
"fq000742","vx_16528a4161929acc","fg0163","1","fg0163","fg0737","fg0029","fg0908","fg0597","fg0357","fg0181","fg0174","fg0642","fg0062","fg0881","fg0488","fg0865","fg0837","fg0517","fg0497","fg0953","fg0581","fg0622","fg0481"
"fq000743","vx_71e08530987e07c2","fg0164","1","fg0164","fg0977","fg0436","fg0452","fg0479","fg0499","fg0371","fg0682","fg0714","fg0465","fg0141","fg0999","fg0060","fg0787","fg0717","fg0535","fg0145","fg0865","fg0597","fg0780"
"fq000744","vx_71e08530987e07c2","fg0164","1","fg0164","fg0977","fg0452","fg0371","fg0714","fg0465","fg0717","fg0999","fg0499","fg0574","fg0141","fg0682","fg0597","fg0079","fg0436","fg0972","fg0787","fg0175","fg0721","fg0145"
"fq000745","vx_71e08530987e07c2","fg0164","1","fg0164","fg0977","fg0499","fg0452","fg0465","fg0371","fg0436","fg0144","fg0141","fg0721","fg0979","fg0574","fg0479","fg0535","fg0972","fg0717","fg0999","fg0714","fg0145","fg0057"
"fq000746","vx_25a9b9305007c5cb","fg0165","1","fg0165","fg0230","fg0132","fg0248","fg0716","fg0623","fg0194","fg0852","fg0177","fg0585","fg0109","fg0891","fg0430","fg0404","fg0629","fg0294","fg0875","fg0967","fg0530","fg0135"
"fq000747","vx_8a0883d6f8c530ec","fg0166","1","fg0166","fg0661","fg0127","fg0574","fg0964","fg0008","fg0451","fg0395","fg0723","fg0884","fg0622","fg0698","fg0493","fg0531","fg0278","fg0389","fg0311","fg0066","fg0221","fg0191"
"fq000748","vx_8a0883d6f8c530ec","fg0166","1","fg0166","fg0661","fg0964","fg0127","fg0574","fg0066","fg0451","fg0008","fg0395","fg0884","fg0508","fg0389","fg0723","fg0141","fg0224","fg0235","fg0311","fg0065","fg0221","fg0622"
"fq000749","vx_8a0883d6f8c530ec","fg0166","1","fg0166","fg0661","fg0574","fg0451","fg0008","fg0964","fg0622","fg0395","fg0389","fg0723","fg0065","fg0884","fg0311","fg0493","fg0127","fg0698","fg0191","fg0352","fg0278","fg0221"
"fq000750","vx_8a0883d6f8c530ec","fg0166","1","fg0166","fg0661","fg0723","fg0451","fg0008","fg0278","fg0395","fg0127","fg0574","fg0622","fg0884","fg0191","fg0531","fg0964","fg0685","fg0493","fg0065","fg0352","fg0136","fg0247"
"fq000751","vx_1e788e51725a6561","fg0167","1","fg0167","fg0027","fg0227","fg0633","fg0272","fg0638","fg0483","fg0669","fg0710","fg0219","fg0018","fg0113","fg0722","fg0512","fg0509","fg0342","fg0767","fg0203","fg0234","fg0922"
"fq000752","vx_62eb026aab329fb0","fg0168","1","fg0168","fg0405","fg0329","fg0111","fg0034","fg0991","fg0325","fg0787","fg0004","fg0541","fg0406","fg0290","fg0089","fg0285","fg0844","fg0396","fg0608","fg0859","fg0919","fg0394"
"fq000753","vx_d5c75453fb8f2e73","fg0169","1","fg0169","fg0892","fg0552","fg0381","fg0897","fg0310","fg0046","fg0384","fg0584","fg0713","fg0816","fg0944","fg0108","fg0126","fg0710","fg0843","fg0173","fg0593","fg0589","fg0211"
"fq000754","vx_722f7eb668491b28","fg0170","1","fg0170","fg0844","fg0410","fg0817","fg0457","fg0704","fg0102","fg0523","fg0792","fg0958","fg0931","fg0050","fg0263","fg0907","fg0680","fg0665","fg0309","fg0977","fg0298","fg0948"
"fq000755","vx_df73b66e167501cd","fg0171","1","fg0171","fg0764","fg0731","fg0748","fg0264","fg0132","fg0179","fg0765","fg0006","fg0841","fg0445","fg0814","fg0900","fg0265","fg0433","fg0818","fg0204","fg0180","fg0465","fg0877"
"fq000756","vx_58d23a3f6861c0ed","fg0172","1","fg0172","fg0229","fg0089","fg0558","fg0428","fg0310","fg0283","fg0108","fg0722","fg0897","fg0892","fg0988","fg0214","fg0934","fg0986","fg0929","fg0063","fg0770","fg0116","fg0046"
"fq000757","vx_58d23a3f6861c0ed","fg0172","1","fg0172","fg0229","fg0089","fg0428","fg0558","fg0310","fg0770","fg0116","fg0108","fg0988","fg0071","fg0892","fg0722","fg0214","fg0283","fg0268","fg0425","fg0745","fg0986","fg0437"
"fq000758","vx_58d23a3f6861c0ed","fg0172","1","fg0172","fg0229","fg0428","fg0558","fg0310","fg0089","fg0108","fg0283","fg0988","fg0897","fg0892","fg0214","fg0986","fg0046","fg0770","fg0934","fg0929","fg0071","fg0722","fg0900"
"fq000759","vx_d6485a591fee2e54","fg0173","1","fg0173","fg0515","fg0397","fg0808","fg0907","fg0815","fg0712","fg0086","fg0703","fg0867","fg0421","fg0976","fg0565","fg0573","fg0438","fg0513","fg0211","fg0965","fg0889","fg0539"
"fq000760","vx_fbd4e9a19de844d4","fg0174","1","fg0174","fg0715","fg0419","fg0718","fg0029","fg0470","fg0757","fg0479","fg0181","fg0918","fg0535","fg0062","fg0714","fg0212","fg0662","fg0739","fg0742","fg0099","fg0623","fg0358"
"fq000761","vx_fbd4e9a19de844d4","fg0174","1","fg0174","fg0718","fg0419","fg0029","fg0757","fg0715","fg0479","fg0535","fg0918","fg0212","fg0181","fg0470","fg0739","fg0662","fg0239","fg0292","fg0875","fg0623","fg0329","fg0062"
"fq000762","vx_fbd4e9a19de844d4","fg0174","1","fg0174","fg0918","fg0715","fg0757","fg0419","fg0181","fg0212","fg0479","fg0718","fg0662","fg0535","fg0029","fg0674","fg0420","fg0358","fg0221","fg0292","fg0062","fg0875","fg0499"
"fq000763","vx_fbd4e9a19de844d4","fg0174","1","fg0174","fg0718","fg0029","fg0715","fg0757","fg0535","fg0918","fg0470","fg0419","fg0499","fg0739","fg0212","fg0479","fg0181","fg0329","fg0292","fg0062","fg0079","fg0763","fg0809"
"fq000764","vx_fbd4e9a19de844d4","fg0174","1","fg0174","fg0718","fg0029","fg0715","fg0479","fg0181","fg0757","fg0419","fg0918","fg0535","fg0470","fg0662","fg0212","fg0739","fg0252","fg0062","fg0742","fg0809","fg0309","fg0358"
"fq000765","vx_fbd4e9a19de844d4","fg0174","1","fg0174","fg0715","fg0479","fg0181","fg0470","fg0757","fg0535","fg0718","fg0918","fg0029","fg0212","fg0419","fg0662","fg0062","fg0239","fg0739","fg0623","fg0252","fg0537","fg0499"
"fq000766","vx_e06d4750794b56e5","fg0175","1","fg0175","fg0678","fg0026","fg0402","fg0706","fg0787","fg0363","fg0355","fg0939","fg0333","fg0391","fg0991","fg0865","fg0797","fg0766","fg0555","fg0804","fg0717","fg0452","fg0147"
"fq000767","vx_e06d4750794b56e5","fg0175","1","fg0175","fg0613","fg0002","fg0939","fg0406","fg0730","fg0391","fg0972","fg0678","fg0199","fg0026","fg0384","fg0402","fg0669","fg0363","fg0986","fg0285","fg0508","fg0932","fg0904"
"fq000768","vx_e06d4750794b56e5","fg0175","1","fg0175","fg0391","fg0002","fg0939","fg0613","fg0730","fg0363","fg0026","fg0406","fg0678","fg0972","fg0710","fg0429","fg0199","fg0384","fg0402","fg0932","fg0141","fg0335","fg0865"
"fq000769","vx_e06d4750794b56e5","fg0175","1","fg0175","fg0939","fg0678","fg0002","fg0391","fg0026","fg0402","fg0613","fg0199","fg0508","fg0429","fg0141","fg0730","fg0363","fg0972","fg0706","fg0384","fg0406","fg0452","fg0865"
"fq000770","vx_e06d4750794b56e5","fg0175","1","fg0175","fg0391","fg0613","fg0508","fg0452","fg0920","fg0730","fg0423","fg0406","fg0813","fg0904","fg0972","fg0797","fg0014","fg0710","fg0418","fg0164","fg0363","fg0137","fg0002"
"fq000771","vx_4db4f5257e412d6d","fg0176","1","fg0176","fg0256","fg0784","fg0888","fg0967","fg0262","fg0781","fg0066","fg0995","fg0789","fg0612","fg0259","fg0246","fg0839","fg0534","fg0207","fg0128","fg0373","fg0798","fg0761"
"fq000772","vx_809f3dc98db54a04","fg0177","1","fg0177","fg0978","fg0207","fg0467","fg0716","fg0016","fg0441","fg0770","fg0478","fg0702","fg0864","fg0658","fg0104","fg0404","fg0781","fg0791","fg0156","fg0423","fg0735","fg0663"
"fq000773","vx_809f3dc98db54a04","fg0177","1","fg0177","fg0978","fg0663","fg0702","fg0016","fg0467","fg0104","fg0441","fg0716","fg0207","fg0255","fg0852","fg0781","fg0378","fg0217","fg0165","fg0658","fg0281","fg0967","fg0045"
"fq000774","vx_3190e1a5b9ba4c1d","fg0178","1","fg0178","fg0028","fg0585","fg0803","fg0881","fg0482","fg0718","fg0154","fg0866","fg0582","fg0892","fg0172","fg0343","fg0941","fg0763","fg0865","fg0305","fg0746","fg0739","fg0363"
"fq000775","vx_7b71a5e2d27f57fa","fg0179","1","fg0179","fg0518","fg0442","fg0465","fg0202","fg0511","fg0303","fg0932","fg0024","fg0880","fg0684","fg0171","fg0370","fg0753","fg0005","fg0200","fg0379","fg0779","fg0544","fg0816"
"fq000776","vx_7b71a5e2d27f57fa","fg0179","1","fg0179","fg0518","fg0465","fg0442","fg0200","fg0932","fg0202","fg0544","fg0024","fg0585","fg0511","fg0332","fg0303","fg0171","fg0005","fg0753","fg0370","fg0684","fg0779","fg0761"
"fq000777","vx_7b71a5e2d27f57fa","fg0179","1","fg0179","fg0200","fg0465","fg0518","fg0202","fg0442","fg0034","fg0511","fg0024","fg0544","fg0932","fg0684","fg0171","fg0303","fg0332","fg0273","fg0753","fg0445","fg0343","fg0650"
"fq000778","vx_ece801dc614a0554","fg0180","1","fg0180","fg0731","fg0988","fg0036","fg0688","fg0268","fg1000","fg0586","fg0870","fg0665","fg0572","fg0748","fg0839","fg0708","fg0123","fg0865","fg0427","fg0335","fg0437","fg0168"
"fq000779","vx_ece801dc614a0554","fg0180","1","fg0180","fg0731","fg0988","fg0036","fg1000","fg0665","fg0586","fg0688","fg0268","fg0870","fg0437","fg0123","fg0748","fg0168","fg0839","fg0394","fg0708","fg0705","fg0572","fg0427"
"fq000780","vx_ece801dc614a0554","fg0180","1","fg0180","fg0731","fg0988","fg0036","fg1000","fg0665","fg0870","fg0688","fg0428","fg0586","fg0268","fg0748","fg0437","fg0168","fg0394","fg0708","fg0986","fg0772","fg0839","fg0865"
"fq000781","vx_ece801dc614a0554","fg0180","1","fg0180","fg0731","fg0036","fg0988","fg0665","fg1000","fg0437","fg0870","fg0688","fg0168","fg0748","fg0586","fg0394","fg0706","fg0708","fg0268","fg0417","fg0865","fg0772","fg0072"
"fq000782","vx_ece801dc614a0554","fg0180","1","fg0180","fg0731","fg0665","fg0988","fg1000","fg0036","fg0870","fg0394","fg0586","fg0688","fg0748","fg0708","fg0437","fg0168","fg0772","fg0335","fg0268","fg0986","fg0428","fg0123"
"fq000783","vx_ece801dc614a0554","fg0180","1","fg0180","fg0731","fg0988","fg0036","fg0688","fg0665","fg0870","fg1000","fg0268","fg0839","fg0123","fg0586","fg0428","fg0437","fg0708","fg0865","fg0748","fg0572","fg0168","fg0706"
"fq000784","vx_ece801dc614a0554","fg0180","1","fg0180","fg0731","fg1000","fg0988","fg0036","fg0665","fg0870","fg0586","fg0688","fg0437","fg0748","fg0268","fg0394","fg0168","fg0708","fg0123","fg0772","fg0335","fg0428","fg0839"
"fq000785","vx_1bf0db3c7bc5a373","fg0181","1","fg0181","fg0662","fg0742","fg0757","fg0033","fg0962","fg0071","fg0155","fg0388","fg0496","fg0298","fg0193","fg0005","fg0448","fg0418","fg0865","fg0821","fg0768","fg0681","fg0723"
"fq000786","vx_1bf0db3c7bc5a373","fg0181","2","fg0662","fg0181","fg0742","fg0757","fg0033","fg0448","fg0496","fg0071","fg0962","fg0418","fg0723","fg0270","fg0214","fg0155","fg0492","fg0732","fg0768","fg0470","fg0193","fg0515"
"fq000787","vx_1bf0db3c7bc5a373","fg0181","1","fg0181","fg0662","fg0742","fg0033","fg0757","fg0496","fg0071","fg0051","fg0155","fg0558","fg0046","fg0527","fg0768","fg0809","fg0732","fg0560","fg0451","fg0270","fg0876","fg0470"
"fq000788","vx_1bf0db3c7bc5a373","fg0181","1","fg0181","fg0662","fg0742","fg0757","fg0033","fg0174","fg0448","fg0071","fg0418","fg0029","fg0496","fg0962","fg0005","fg0492","fg0879","fg0884","fg0320","fg0876","fg0270","fg0214"
"fq000789","vx_1bf0db3c7bc5a373","fg0181","1","fg0181","fg0662","fg0742","fg0757","fg0033","fg0496","fg0071","fg0005","fg0388","fg0193","fg0962","fg0448","fg0418","fg0876","fg0174","fg0492","fg0155","fg0821","fg0163","fg0046"
"fq000790","vx_1bf0db3c7bc5a373","fg0181","1","fg0181","fg0742","fg0662","fg0757","fg0962","fg0051","fg0033","fg0448","fg0046","fg0773","fg0560","fg0358","fg0174","fg0029","fg0588","fg0612","fg0398","fg0879","fg0005","fg0956"
"fq000791","vx_1bf0db3c7bc5a373","fg0181","2","fg0662","fg0181","fg0742","fg0560","fg0270","fg0668","fg0515","fg0944","fg0962","fg0884","fg0588","fg0095","fg0388","fg0364","fg0582","fg0495","fg0612","fg0989","fg0778","fg0448"
"fq000792","vx_1bf0db3c7bc5a373","fg0181","1","fg0181","fg0662","fg0742","fg0757","fg0033","fg0298","fg0496","fg0962","fg0071","fg0051","fg0155","fg0768","fg0233","fg0005","fg0527","fg0388","fg0046","fg0503","fg0876","fg0588"
"fq000793","vx_1bf0db3c7bc5a373","fg0181","1","fg0181","fg0662","fg0742","fg0757","fg0033","fg0962","fg0448","fg0005","fg0071","fg0496","fg0193","fg0388","fg0768","fg0418","fg0778","fg0588","fg0174","fg0051","fg0681","fg0398"
"fq000794","vx_1bf0db3c7bc5a373","fg0181","1","fg0181","fg0742","fg0662","fg0421","fg0673","fg0539","fg0975","fg0483","fg0769","fg0027","fg0757","fg0809","fg0773","fg0398","fg0003","fg0703","fg0669","fg0647","fg0474","fg0868"
"fq000795","vx_1bf0db3c7bc5a373","fg0181","1","fg0181","fg0662","fg0742","fg0757","fg0033","fg0071","fg0448","fg0155","fg0496","fg0768","fg0962","fg0051","fg0527","fg0681","fg0418","fg0193","fg0809","fg0003","fg0046","fg0005"
"fq000796","vx_1bf0db3c7bc5a373","fg0181","1","fg0181","fg0662","fg0742","fg0033","fg0757","fg0496","fg0768","fg0071","fg0962","fg0821","fg0233","fg0876","fg0681","fg0193","fg0155","fg0723","fg0865","fg0418","fg0527","fg0388"
"fq000797","vx_1bf0db3c7bc5a373","fg0181","1","fg0181","fg0662","fg0742","fg0757","fg0033","fg0496","fg0876","fg0723","fg0448","fg0821","fg0582","fg0492","fg0418","fg0071","fg0388","fg0193","fg0155","fg0278","fg0884","fg0005"
"fq000798","vx_1bf0db3c7bc5a373","fg0181","1","fg0181","fg0662","fg0742","fg0757","fg0033","fg0496","fg0071","fg0448","fg0723","fg0174","fg0681","fg0029","fg0884","fg0214","fg0768","fg0732","fg0418","fg0962","fg0492","fg0163"
"fq000799","vx_1bf0db3c7bc5a373","fg0181","1","fg0181","fg0662","fg0742","fg0757","fg0033","fg0448","fg0029","fg0496","fg0174","fg0418","fg0884","fg0681","fg0071","fg0962","fg0492","fg0005","fg0163","fg0879","fg0045","fg0062"
"fq000800","vx_1bf0db3c7bc5a373","fg0181","1","fg0181","fg0662","fg0742","fg0757","fg0033","fg0496","fg0071","fg0029","fg0193","fg0005","fg0681","fg0884","fg0418","fg0492","fg0448","fg0962","fg0723","fg0163","fg0174","fg0821"
"fq000801","vx_1bf0db3c7bc5a373","fg0181","1","fg0181","fg0662","fg0742","fg0757","fg0033","fg0496","fg0071","fg0155","fg0005","fg0214","fg0876","fg0046","fg0193","fg0051","fg0388","fg0418","fg0492","fg0775","fg0448","fg0879"
"fq000802","vx_1bf0db3c7bc5a373","fg0181","1","fg0181","fg0662","fg0742","fg0757","fg0033","fg0071","fg0496","fg0451","fg0732","fg0214","fg0723","fg0193","fg0884","fg0388","fg0155","fg0876","fg0492","fg0768","fg0644","fg0527"
"fq000803","vx_1bf0db3c7bc5a373","fg0181","1","fg0181","fg0662","fg0742","fg0757","fg0033","fg0071","fg0496","fg0448","fg0681","fg0046","fg0723","fg0418","fg0492","fg0773","fg0768","fg0051","fg0174","fg0193","fg0962","fg0515"
"fq000804","vx_1bf0db3c7bc5a373","fg0181","1","fg0181","fg0662","fg0742","fg0757","fg0033","fg0388","fg0071","fg0214","fg0155","fg0962","fg0768","fg0005","fg0174","fg0732","fg0496","fg0723","fg0418","fg0193","fg0515","fg0644"
"fq000805","vx_1bf0db3c7bc5a373","fg0181","1","fg0181","fg0742","fg0662","fg0757","fg0962","fg0448","fg0560","fg0588","fg0033","fg0879","fg0612","fg0029","fg0956","fg0809","fg0174","fg0421","fg0584","fg0773","fg0121","fg0527"
"fq000806","vx_4ba19f9edc45c716","fg0182","1","fg0182","fg0595","fg0320","fg0886","fg0739","fg0763","fg0820","fg0802","fg0674","fg0719","fg0624","fg0583","fg0776","fg0066","fg0968","fg0653","fg0971","fg0846","fg0336","fg0327"
"fq000807","vx_4ba19f9edc45c716","fg0182","1","fg0182","fg0595","fg0320","fg0820","fg0802","fg0653","fg0719","fg0739","fg0763","fg0336","fg0846","fg0066","fg0968","fg0092","fg0886","fg0758","fg0304","fg0373","fg0971","fg0674"
"fq000808","vx_4ba19f9edc45c716","fg0182","1","fg0182","fg0595","fg0320","fg0719","fg0968","fg0758","fg0802","fg0820","fg0653","fg0092","fg0392","fg0846","fg0583","fg0971","fg0574","fg0304","fg0739","fg0327","fg0690","fg0333"
"fq000809","vx_4ba19f9edc45c716","fg0182","1","fg0182","fg0595","fg0820","fg0719","fg0336","fg0971","fg0320","fg0763","fg0802","fg0653","fg0968","fg0739","fg0846","fg0690","fg0197","fg0758","fg0486","fg0092","fg0776","fg0373"
"fq000810","vx_4ba19f9edc45c716","fg0182","1","fg0182","fg0595","fg0320","fg0802","fg0820","fg0653","fg0968","fg0846","fg0719","fg0304","fg0758","fg0690","fg0092","fg0066","fg0583","fg0886","fg0739","fg0763","fg0336","fg0373"
"fq000811","vx_4ba19f9edc45c716","fg0182","1","fg0182","fg0595","fg0320","fg0763","fg0739","fg0719","fg0846","fg0802","fg0820","fg0886","fg0653","fg0690","fg0968","fg0674","fg0971","fg0776","fg0197","fg0304","fg0757","fg0336"
"fq000812","vx_4ba19f9edc45c716","fg0182","1","fg0182","fg0595","fg0820","fg0719","fg0802","fg0968","fg0739","fg0763","fg0092","fg0690","fg0653","fg0320","fg0971","fg0373","fg0776","fg0336","fg0656","fg0197","fg0288","fg0327"
"fq000813","vx_4ba19f9edc45c716","fg0182","1","fg0182","fg0595","fg0320","fg0719","fg0653","fg0802","fg0968","fg0690","fg0846","fg0583","fg0820","fg0758","fg0327","fg0304","fg0389","fg0092","fg0392","fg0574","fg0333","fg0739"
"fq000814","vx_4ba19f9edc45c716","fg0182","1","fg0182","fg0595","fg0719","fg0320","fg0968","fg0802","fg0820","fg0690","fg0653","fg0389","fg0304","fg0758","fg0846","fg0763","fg0092","fg0333","fg0739","fg0886","fg0624","fg0373"
"fq000815","vx_4ba19f9edc45c716","fg0182","1","fg0182","fg0653","fg0595","fg0719","fg0802","fg0820","fg0320","fg0690","fg0968","fg0846","fg0739","fg0583","fg0327","fg0304","fg0092","fg0373","fg0763","fg0336","fg0758","fg0776"
"fq000816","vx_4ba19f9edc45c716","fg0182","1","fg0182","fg0595","fg0719","fg0320","fg0802","fg0820","fg0336","fg0739","fg0776","fg0763","fg0679","fg0653","fg0968","fg0846","fg0971","fg0940","fg0092","fg0017","fg0583","fg0690"
"fq000817","vx_4ba19f9edc45c716","fg0182","1","fg0182","fg0595","fg0802","fg0820","fg0320","fg0653","fg0336","fg0304","fg0968","fg0066","fg0739","fg0846","fg0776","fg0583","fg0092","fg0763","fg0674","fg0327","fg0373","fg0886"
"fq000818","vx_4ba19f9edc45c716","fg0182","1","fg0182","fg0820","fg0595","fg0802","fg0653","fg0719","fg0320","fg0968","fg0486","fg0336","fg0763","fg0092","fg0739","fg0373","fg0690","fg0066","fg0971","fg0812","fg0327","fg0758"
"fq000819","vx_4ba19f9edc45c716","fg0182","1","fg0182","fg0595","fg0320","fg0820","fg0802","fg0763","fg0739","fg0653","fg0719","fg0968","fg0336","fg0690","fg0886","fg0674","fg0776","fg0304","fg0092","fg0583","fg0971","fg0846"
"fq000820","vx_059c8acaa111180b","fg0183","1","fg0183","fg0898","fg0449","fg0450","fg0953","fg0132","fg0517","fg0473","fg0857","fg0368","fg0805","fg0928","fg0701","fg0068","fg0379","fg0540","fg0113","fg0149","fg0323","fg0505"
"fq000821","vx_059c8acaa111180b","fg0183","1","fg0183","fg0898","fg0450","fg0953","fg0449","fg0368","fg0928","fg0540","fg0132","fg0805","fg0857","fg0405","fg0473","fg0517","fg0379","fg0094","fg0113","fg0701","fg0887","fg0068"
"fq000822","vx_624d77ba65242baa","fg0184","1","fg0184","fg0794","fg0529","fg0834","fg0925","fg0612","fg0231","fg0551","fg0891","fg0419","fg0945","fg0539","fg0082","fg0573","fg0962","fg0039","fg0778","fg0207","fg0271","fg0312"
"fq000823","vx_624d77ba65242baa","fg0184","1","fg0184","fg0794","fg0925","fg0529","fg0612","fg0551","fg0231","fg0419","fg0834","fg0945","fg0962","fg0668","fg0039","fg0186","fg0778","fg0475","fg0249","fg0588","fg0539","fg0001"
"fq000824","vx_624d77ba65242baa","fg0184","1","fg0184","fg0794","fg0612","fg0925","fg0529","fg0562","fg0778","fg0834","fg0231","fg0551","fg0419","fg0962","fg0186","fg0312","fg0039","fg0573","fg0126","fg0001","fg0539","fg0891"
"fq000825","vx_624d77ba65242baa","fg0184","1","fg0184","fg0794","fg0573","fg0925","fg0529","fg0475","fg0231","fg0126","fg0612","fg0962","fg0936","fg0082","fg0733","fg0588","fg0551","fg0039","fg0659","fg0778","fg0539","fg0419"
"fq000826","vx_36176049f014b4a4","fg0185","1","fg0185","fg0633","fg0606","fg0966","fg0553","fg0975","fg0963","fg0765","fg0323","fg0081","fg0276","fg0965","fg0200","fg0109","fg0867","fg0956","fg0773","fg0228","fg0421","fg0462"
"fq000827","vx_36176049f014b4a4","fg0185","1","fg0185","fg0580","fg0966","fg0963","fg0765","fg0975","fg0981","fg0808","fg0754","fg0553","fg0276","fg0836","fg0571","fg0053","fg0446","fg0359","fg0790","fg0928","fg0380","fg0731"
"fq000828","vx_36176049f014b4a4","fg0185","1","fg0185","fg0580","fg0966","fg0963","fg0975","fg0765","fg0808","fg0981","fg0276","fg0427","fg0553","fg0433","fg0731","fg0061","fg0109","fg0328","fg0606","fg0527","fg0571","fg0091"
"fq000829","vx_36176049f014b4a4","fg0185","1","fg0185","fg0966","fg0580","fg0109","fg0808","fg0790","fg0975","fg0664","fg0765","fg0981","fg0571","fg0907","fg0606","fg0675","fg0726","fg0276","fg0350","fg0843","fg0218","fg0692"
"fq000830","vx_36176049f014b4a4","fg0185","1","fg0185","fg0966","fg0553","fg0965","fg0963","fg0481","fg0633","fg0512","fg0110","fg0606","fg0276","fg0323","fg0769","fg0192","fg0808","fg0497","fg0446","fg0421","fg0993","fg0156"
"fq000831","vx_36176049f014b4a4","fg0185","1","fg0185","fg0966","fg0808","fg0580","fg0276","fg0963","fg0527","fg0981","fg0765","fg0975","fg0446","fg0675","fg0427","fg0338","fg0899","fg0571","fg0606","fg0790","fg0109","fg0726"
"fq000832","vx_36176049f014b4a4","fg0185","1","fg0185","fg0738","fg0731","fg0981","fg0977","fg0765","fg0808","fg0433","fg0966","fg0245","fg0580","fg0606","fg0527","fg0963","fg0607","fg0012","fg0276","fg0571","fg0427","fg0973"
"fq000833","vx_36176049f014b4a4","fg0185","1","fg0185","fg0580","fg0966","fg0963","fg0276","fg0981","fg0975","fg0328","fg0808","fg0553","fg0427","fg0765","fg0061","fg0754","fg0514","fg0940","fg0380","fg0359","fg0920","fg0899"
"fq000834","vx_36176049f014b4a4","fg0185","1","fg0185","fg0580","fg0966","fg0765","fg0975","fg0963","fg0053","fg0808","fg0276","fg0606","fg0981","fg0700","fg0380","fg0571","fg0446","fg0455","fg0664","fg0726","fg0553","fg0084"
"fq000835","vx_36176049f014b4a4","fg0185","1","fg0185","fg0966","fg0553","fg0963","fg0481","fg0276","fg0192","fg0110","fg0791","fg0109","fg0359","fg0769","fg0512","fg0081","fg0808","fg0252","fg0446","fg0975","fg0421","fg0983"
"fq000836","vx_36176049f014b4a4","fg0185","1","fg0185","fg0966","fg0580","fg0765","fg0963","fg0981","fg0053","fg0726","fg0928","fg0380","fg0754","fg0276","fg0664","fg0790","fg0819","fg0940","fg0109","fg0367","fg0438","fg0808"
"fq000837","vx_36176049f014b4a4","fg0185","1","fg0185","fg0580","fg0966","fg0218","fg0675","fg0200","fg0513","fg0664","fg0975","fg0228","fg0773","fg0606","fg0808","fg0712","fg0920","fg0907","fg0539","fg0173","fg0633","fg0053"
"fq000838","vx_36176049f014b4a4","fg0185","1","fg0185","fg0580","fg0981","fg0966","fg0053","fg0731","fg0380","fg0920","fg0654","fg0975","fg0754","fg0565","fg0765","fg0091","fg0265","fg0726","fg0963","fg0344","fg0328","fg0899"
"fq000839","vx_36176049f014b4a4","fg0185","1","fg0185","fg0580","fg0963","fg0966","fg0981","fg0765","fg0975","fg0553","fg0053","fg0754","fg0731","fg0928","fg0726","fg0276","fg0530","fg0245","fg0790","fg0380","fg0899","fg0427"
"fq000840","vx_36176049f014b4a4","fg0185","1","fg0185","fg0580","fg0966","fg0664","fg0350","fg0053","fg0808","fg0675","fg0765","fg0571","fg0843","fg0692","fg0106","fg0200","fg0855","fg0907","fg0513","fg0544","fg0438","fg0234"
"fq000841","vx_36176049f014b4a4","fg0185","1","fg0185","fg0580","fg0966","fg0808","fg0963","fg0765","fg0981","fg0675","fg0975","fg0433","fg0091","fg0053","fg0455","fg0514","fg0553","fg0350","fg0977","fg0527","fg0664","fg0754"
"fq000842","vx_36176049f014b4a4","fg0185","1","fg0185","fg0966","fg0580","fg0109","fg0633","fg0963","fg0765","fg0110","fg0819","fg0438","fg0053","fg0981","fg0756","fg0276","fg0790","fg0380","fg0359","fg0808","fg0836","fg0754"
"fq000843","vx_36176049f014b4a4","fg0185","1","fg0185","fg0966","fg0276","fg0606","fg0808","fg0963","fg0081","fg0553","fg0633","fg0228","fg0975","fg0109","fg0446","fg0539","fg0323","fg0218","fg0084","fg0956","fg0773","fg0730"
"fq000844","vx_36176049f014b4a4","fg0185","1","fg0185","fg0580","fg0966","fg0808","fg0200","fg0907","fg0053","fg0513","fg0218","fg0446","fg0963","fg0606","fg0712","fg0765","fg0664","fg0975","fg0276","fg0565","fg0756","fg0084"
"fq000845","vx_36176049f014b4a4","fg0185","1","fg0185","fg0580","fg0981","fg0808","fg0765","fg0966","fg0657","fg0975","fg0276","fg0607","fg0977","fg0899","fg0606","fg0731","fg0433","fg0527","fg0963","fg0405","fg0359","fg0738"
"fq000846","vx_36176049f014b4a4","fg0185","1","fg0185","fg0580","fg0808","fg0966","fg0963","fg0765","fg0446","fg0981","fg0276","fg0427","fg0675","fg0975","fg0977","fg0606","fg0726","fg0053","fg0571","fg0712","fg0338","fg0350"
"fq000847","vx_36176049f014b4a4","fg0185","1","fg0185","fg0580","fg0966","fg0963","fg0276","fg0726","fg0765","fg0808","fg0981","fg0380","fg0975","fg0338","fg0606","fg0446","fg0053","fg0427","fg0928","fg0756","fg0899","fg0700"
"fq000848","vx_36176049f014b4a4","fg0185","1","fg0185","fg0580","fg0808","fg0966","fg0765","fg0726","fg0981","fg0276","fg0899","fg0527","fg0963","fg0571","fg0359","fg0427","fg0053","fg0928","fg0664","fg0606","fg0433","fg0265"
"fq000849","vx_36176049f014b4a4","fg0185","1","fg0185","fg0963","fg0966","fg0276","fg0359","fg0481","fg0808","fg0754","fg0981","fg0070","fg0245","fg0421","fg0698","fg0530","fg0960","fg0345","fg0975","fg0061","fg0553","fg0993"
"fq000850","vx_36176049f014b4a4","fg0185","1","fg0185","fg0966","fg0808","fg0580","fg0963","fg0765","fg0975","fg0276","fg0513","fg0981","fg0907","fg0338","fg0446","fg0527","fg0675","fg0427","fg0380","fg0657","fg0754","fg0726"
"fq000851","vx_36176049f014b4a4","fg0185","1","fg0185","fg0580","fg0966","fg0790","fg0553","fg0817","fg0664","fg0109","fg0747","fg0867","fg0907","fg0633","fg0765","fg0975","fg0571","fg0361","fg0214","fg0675","fg0200","fg0654"
"fq000852","vx_36176049f014b4a4","fg0185","1","fg0185","fg0808","fg0963","fg0966","fg0580","fg0338","fg0553","fg0276","fg0975","fg0726","fg0539","fg0606","fg0527","fg0513","fg0323","fg0956","fg0081","fg0773","fg0633","fg0712"
"fq000853","vx_36176049f014b4a4","fg0185","1","fg0185","fg0966","fg0580","fg0975","fg0675","fg0808","fg0218","fg0228","fg0963","fg0664","fg0907","fg0053","fg0606","fg0513","fg0712","fg0446","fg0765","fg0081","fg0773","fg0084"
"fq000854","vx_36176049f014b4a4","fg0185","1","fg0185","fg0966","fg0963","fg0580","fg0808","fg0975","fg0338","fg0553","fg0527","fg0359","fg0446","fg0843","fg0455","fg0110","fg0481","fg0438","fg0606","fg0700","fg0421","fg0053"
"fq000855","vx_36176049f014b4a4","fg0185","1","fg0185","fg0966","fg0580","fg0975","fg0228","fg0606","fg0109","fg0084","fg0773","fg0963","fg0765","fg0808","fg0218","fg0276","fg0981","fg0712","fg0053","fg0633","fg0675","fg0455"
"fq000856","vx_36176049f014b4a4","fg0185","1","fg0185","fg0580","fg0966","fg0345","fg0328","fg0960","fg0348","fg0963","fg0981","fg0808","fg0359","fg0053","fg0502","fg0125","fg0276","fg0433","fg0911","fg0380","fg0765","fg0754"
"fq000857","vx_26d2f0afa1bebe35","fg0186","1","fg0186","fg0733","fg0885","fg0843","fg0485","fg0126","fg0907","fg0533","fg0191","fg0247","fg0527","fg0490","fg0334","fg0469","fg0942","fg0211","fg0569","fg0453","fg0657","fg0910"
"fq000858","vx_f39ed43ed2fd32a9","fg0187","1","fg0187","fg0103","fg0895","fg0018","fg0810","fg0151","fg0287","fg0567","fg0090","fg0783","fg0869","fg0940","fg0922","fg1000","fg0571","fg0611","fg0672","fg0351","fg0794","fg0967"
"fq000859","vx_f39ed43ed2fd32a9","fg0187","1","fg0187","fg0103","fg0287","fg0869","fg0895","fg0346","fg0783","fg0567","fg0810","fg0090","fg0706","fg0789","fg0967","fg0651","fg0807","fg0018","fg0387","fg0857","fg0151","fg0026"
"fq000860","vx_f39ed43ed2fd32a9","fg0187","1","fg0187","fg0103","fg0287","fg0869","fg0967","fg0441","fg0807","fg0351","fg0940","fg0789","fg0090","fg0387","fg0346","fg0567","fg0571","fg0995","fg0874","fg0983","fg0651","fg0973"
"fq000861","vx_8b7a69f624e1a65f","fg0188","1","fg0188","fg0833","fg0602","fg0930","fg0831","fg0582","fg0749","fg0472","fg0592","fg0876","fg0005","fg0493","fg0585","fg0503","fg0709","fg0418","fg0882","fg0011","fg0636","fg0265"
"fq000862","vx_4860bf36cb98ead3","fg0189","1","fg0189","fg0237","fg0236","fg0075","fg0041","fg0100","fg0935","fg0439","fg0778","fg0785","fg0380","fg0278","fg0427","fg0788","fg0723","fg0052","fg0213","fg0601","fg0975","fg0225"
"fq000863","vx_185f4683078dcd40","fg0190","1","fg0190","fg0670","fg0735","fg0239","fg0202","fg0928","fg0069","fg0097","fg0961","fg0683","fg0511","fg0368","fg0917","fg0434","fg0652","fg0259","fg0558","fg0024","fg0949","fg0292"
"fq000864","vx_01f1a48c4da6327d","fg0191","1","fg0191","fg0334","fg0831","fg0747","fg0247","fg0749","fg0809","fg0843","fg0907","fg0367","fg0536","fg0841","fg0712","fg0298","fg0588","fg0835","fg0627","fg0347","fg0126","fg0515"
"fq000865","vx_01f1a48c4da6327d","fg0191","1","fg0191","fg0247","fg0907","fg0573","fg0712","fg0513","fg0515","fg0975","fg0831","fg0747","fg0843","fg0334","fg0588","fg0562","fg0367","fg0218","fg0126","fg0657","fg0539","fg0841"
"fq000866","vx_01f1a48c4da6327d","fg0191","1","fg0191","fg0334","fg0247","fg0747","fg0831","fg0907","fg0843","fg0367","fg0588","fg0298","fg0841","fg0211","fg0126","fg0712","fg0976","fg0809","fg0733","fg0573","fg0195","fg0749"
"fq000867","vx_01f1a48c4da6327d","fg0191","1","fg0191","fg0334","fg0831","fg0247","fg0747","fg0907","fg0835","fg0843","fg0588","fg0367","fg0749","fg0298","fg0809","fg0347","fg0627","fg0172","fg0712","fg0229","fg0211","fg0536"
"fq000868","vx_01f1a48c4da6327d","fg0191","1","fg0191","fg0334","fg0247","fg0831","fg0747","fg0907","fg0843","fg0298","fg0367","fg0211","fg0588","fg0347","fg0835","fg0657","fg0682","fg0749","fg0733","fg0768","fg0513","fg0809"
"fq000869","vx_01f1a48c4da6327d","fg0191","1","fg0191","fg0712","fg0907","fg0334","fg0247","fg0513","fg0229","fg0218","fg0831","fg0172","fg0515","fg0747","fg0843","fg0573","fg0367","fg0126","fg0588","fg0562","fg0656","fg0307"
"fq000870","vx_01f1a48c4da6327d","fg0191","1","fg0191","fg0334","fg0831","fg0747","fg0247","fg0841","fg0749","fg0907","fg0298","fg0843","fg0367","fg0809","fg0712","fg0835","fg0588","fg0270","fg0071","fg0347","fg0536","fg0126"
"fq000871","vx_01f1a48c4da6327d","fg0191","1","fg0191","fg0247","fg0334","fg0831","fg0843","fg0747","fg0907","fg0367","fg0298","fg0809","fg0588","fg0347","fg0749","fg0712","fg0211","fg0126","fg0835","fg0517","fg0515","fg0390"
"fq000872","vx_01f1a48c4da6327d","fg0191","1","fg0191","fg0831","fg0247","fg0712","fg0334","fg0747","fg0515","fg0513","fg0907","fg0229","fg0218","fg0841","fg0367","fg0975","fg0347","fg0843","fg0298","fg0588","fg0722","fg0562"
"fq000873","vx_01f1a48c4da6327d","fg0191","1","fg0191","fg0334","fg0831","fg0747","fg0247","fg0588","fg0367","fg0907","fg0843","fg0835","fg0841","fg0703","fg0298","fg0562","fg0347","fg0126","fg0749","fg0573","fg0515","fg0536"
"fq000874","vx_01f1a48c4da6327d","fg0191","1","fg0191","fg0747","fg0334","fg0831","fg0247","fg0809","fg0367","fg0843","fg0749","fg0536","fg0907","fg0835","fg0841","fg0627","fg0298","fg0588","fg0712","fg0515","fg0172","fg0229"
"fq000875","vx_01f1a48c4da6327d","fg0191","1","fg0191","fg0247","fg0712","fg0831","fg0907","fg0747","fg0367","fg0218","fg0515","fg0513","fg0334","fg0843","fg0573","fg0975","fg0126","fg0588","fg0562","fg0657","fg0517","fg0195"
"fq000876","vx_01f1a48c4da6327d","fg0191","1","fg0191","fg0247","fg0334","fg0831","fg0747","fg0843","fg0907","fg0367","fg0211","fg0588","fg0298","fg0126","fg0809","fg0347","fg0712","fg0733","fg0390","fg0071","fg0513","fg0515"
"fq000877","vx_01f1a48c4da6327d","fg0191","1","fg0191","fg0334","fg0831","fg0247","fg0747","fg0907","fg0588","fg0367","fg0835","fg0298","fg0843","fg0211","fg0347","fg0749","fg0657","fg0117","fg0733","fg0841","fg0976","fg0126"
"fq000878","vx_01f1a48c4da6327d","fg0191","1","fg0191","fg0712","fg0907","fg0334","fg0247","fg0513","fg0747","fg0831","fg0843","fg0218","fg0573","fg0975","fg0733","fg0515","fg0126","fg0539","fg0367","fg0588","fg0195","fg0657"
"fq000879","vx_01f1a48c4da6327d","fg0191","1","fg0191","fg0247","fg0334","fg0831","fg0747","fg0843","fg0367","fg0907","fg0588","fg0211","fg0298","fg0347","fg0126","fg0657","fg0749","fg0390","fg0517","fg0976","fg0733","fg0841"
"fq000880","vx_01f1a48c4da6327d","fg0191","1","fg0191","fg0334","fg0247","fg0831","fg0907","fg0747","fg0843","fg0367","fg0211","fg0298","fg0588","fg0749","fg0347","fg0573","fg0712","fg0126","fg0809","fg0733","fg0513","fg0657"
"fq000881","vx_01f1a48c4da6327d","fg0191","1","fg0191","fg0334","fg0247","fg0831","fg0747","fg0907","fg0367","fg0843","fg0712","fg0588","fg0749","fg0298","fg0347","fg0841","fg0536","fg0071","fg0172","fg0627","fg0809","fg0229"
"fq000882","vx_01f1a48c4da6327d","fg0191","1","fg0191","fg0712","fg0247","fg0334","fg0907","fg0515","fg0513","fg0588","fg0747","fg0831","fg0843","fg0218","fg0841","fg0573","fg0474","fg0367","fg0211","fg0126","fg0562","fg0815"
"fq000883","vx_01f1a48c4da6327d","fg0191","1","fg0191","fg0334","fg0712","fg0247","fg0515","fg0907","fg0747","fg0831","fg0513","fg0843","fg0367","fg0588","fg0126","fg0229","fg0218","fg0071","fg0562","fg0307","fg0841","fg0172"
"fq000884","vx_01f1a48c4da6327d","fg0191","1","fg0191","fg0247","fg0712","fg0831","fg0907","fg0334","fg0515","fg0513","fg0229","fg0747","fg0367","fg0843","fg0172","fg0841","fg0126","fg0218","fg0588","fg0562","fg0347","fg0975"
"fq000885","vx_01f1a48c4da6327d","fg0191","1","fg0191","fg0712","fg0334","fg0247","fg0907","fg0747","fg0831","fg0513","fg0588","fg0515","fg0843","fg0218","fg0367","fg0229","fg0573","fg0474","fg0126","fg0657","fg0172","fg0562"
"fq000886","vx_01f1a48c4da6327d","fg0191","1","fg0191","fg0712","fg0247","fg0907","fg0334","fg0831","fg0513","fg0515","fg0218","fg0229","fg0843","fg0747","fg0367","fg0975","fg0126","fg0172","fg0562","fg0573","fg0722","fg0347"
"fq000887","vx_01f1a48c4da6327d","fg0191","1","fg0191","fg0334","fg0247","fg0747","fg0831","fg0907","fg0843","fg0367","fg0841","fg0298","fg0588","fg0809","fg0126","fg0712","fg0211","fg0749","fg0835","fg0976","fg0071","fg0573"
"fq000888","vx_01f1a48c4da6327d","fg0191","1","fg0191","fg0334","fg0831","fg0247","fg0747","fg0298","fg0367","fg0588","fg0843","fg0749","fg0347","fg0907","fg0211","fg0835","fg0682","fg0733","fg0976","fg0768","fg0809","fg0390"
"fq000889","vx_01f1a48c4da6327d","fg0191","1","fg0191","fg0712","fg0218","fg0513","fg0515","fg0334","fg0907","fg0229","fg0247","fg0831","fg0747","fg0562","fg0126","fg0347","fg0573","fg0841","fg0173","fg0172","fg0307","fg0656"
"fq000890","vx_01f1a48c4da6327d","fg0191","1","fg0191","fg0247","fg0712","fg0334","fg0907","fg0747","fg0515","fg0831","fg0843","fg0513","fg0367","fg0562","fg0218","fg0588","fg0126","fg0733","fg0573","fg0347","fg0195","fg0071"
"fq000891","vx_01f1a48c4da6327d","fg0191","1","fg0191","fg0334","fg0831","fg0247","fg0907","fg0298","fg0747","fg0588","fg0843","fg0211","fg0749","fg0347","fg0835","fg0367","fg0712","fg0573","fg0513","fg0071","fg0195","fg0768"
"fq000892","vx_01f1a48c4da6327d","fg0191","1","fg0191","fg0712","fg0247","fg0907","fg0513","fg0334","fg0831","fg0218","fg0515","fg0843","fg0747","fg0367","fg0975","fg0573","fg0126","fg0229","fg0588","fg0733","fg0722","fg0562"
"fq000893","vx_01f1a48c4da6327d","fg0191","1","fg0191","fg0247","fg0907","fg0712","fg0843","fg0515","fg0831","fg0513","fg0573","fg0218","fg0334","fg0747","fg0211","fg0367","fg0126","fg0588","fg0474","fg0565","fg0733","fg0539"
"fq000894","vx_01f1a48c4da6327d","fg0191","1","fg0191","fg0247","fg0334","fg0831","fg0843","fg0907","fg0747","fg0367","fg0298","fg0588","fg0195","fg0211","fg0126","fg0347","fg0733","fg0517","fg0390","fg0513","fg0573","fg0712"
"fq000895","vx_01f1a48c4da6327d","fg0191","1","fg0191","fg0334","fg0831","fg0747","fg0749","fg0247","fg0588","fg0298","fg0536","fg0627","fg0907","fg0809","fg0835","fg0843","fg0367","fg0347","fg0841","fg0229","fg0712","fg0172"
"fq000896","vx_01f1a48c4da6327d","fg0191","1","fg0191","fg0712","fg0247","fg0515","fg0218","fg0907","fg0831","fg0573","fg0513","fg0975","fg0747","fg0126","fg0334","fg0562","fg0843","fg0773","fg0656","fg0539","fg0367","fg0733"
"fq000897","vx_01f1a48c4da6327d","fg0191","1","fg0191","fg0712","fg0247","fg0334","fg0907","fg0513","fg0515","fg0831","fg0588","fg0843","fg0747","fg0975","fg0367","fg0218","fg0657","fg0126","fg0656","fg0573","fg0195","fg0565"
"fq000898","vx_01f1a48c4da6327d","fg0191","1","fg0191","fg0247","fg0334","fg0831","fg0907","fg0747","fg0211","fg0071","fg0367","fg0843","fg0588","fg0573","fg0347","fg0298","fg0515","fg0126","fg0835","fg0712","fg0513","fg0976"
"fq000899","vx_01f1a48c4da6327d","fg0191","1","fg0191","fg0334","fg0831","fg0247","fg0747","fg0749","fg0298","fg0907","fg0809","fg0835","fg0843","fg0536","fg0588","fg0367","fg0841","fg0627","fg0347","fg0211","fg0270","fg0976"
"fq000900","vx_01f1a48c4da6327d","fg0191","1","fg0191","fg0712","fg0334","fg0907","fg0573","fg0747","fg0515","fg0218","fg0474","fg0657","fg0588","fg0841","fg0513","fg0367","fg0211","fg0562","fg0247","fg0815","fg0831","fg0976"
"fq000901","vx_01f1a48c4da6327d","fg0191","1","fg0191","fg0907","fg0712","fg0247","fg0513","fg0515","fg0334","fg0747","fg0843","fg0218","fg0831","fg0588","fg0815","fg0573","fg0229","fg0539","fg0841","fg0307","fg0811","fg0173"
"fq000902","vx_01f1a48c4da6327d","fg0191","1","fg0191","fg0247","fg0334","fg0831","fg0747","fg0907","fg0843","fg0367","fg0588","fg0298","fg0211","fg0841","fg0515","fg0733","fg0976","fg0517","fg0809","fg0126","fg0749","fg0682"
"fq000903","vx_01f1a48c4da6327d","fg0191","1","fg0191","fg0712","fg0229","fg0172","fg0513","fg0218","fg0573","fg0907","fg0722","fg0195","fg0515","fg0656","fg0247","fg0975","fg0307","fg0046","fg0421","fg0791","fg0539","fg0211"
"fq000904","vx_01f1a48c4da6327d","fg0191","1","fg0191","fg0334","fg0247","fg0907","fg0831","fg0747","fg0843","fg0367","fg0588","fg0657","fg0211","fg0513","fg0841","fg0976","fg0298","fg0573","fg0126","fg0682","fg0071","fg0515"
"fq000905","vx_01f1a48c4da6327d","fg0191","1","fg0191","fg0334","fg0247","fg0907","fg0831","fg0747","fg0843","fg0367","fg0588","fg0211","fg0298","fg0712","fg0976","fg0573","fg0657","fg0513","fg0126","fg0071","fg0347","fg0841"
"fq000906","vx_c1b25b28e503ae28","fg0192","1","fg0192","fg0598","fg0963","fg0667","fg0296","fg0993","fg0603","fg0359","fg0302","fg0868","fg0972","fg0054","fg0358","fg0323","fg0512","fg0606","fg0081","fg0990","fg0669","fg0149"
"fq000907","vx_dd907b77993501be","fg0193","1","fg0193","fg0728","fg0996","fg0055","fg0748","fg0443","fg0476","fg0041","fg0845","fg0268","fg0449","fg0425","fg0504","fg0356","fg0992","fg0700","fg0751","fg0446","fg0160","fg0229"
"fq000908","vx_197ed2deba1ca79e","fg0194","1","fg0194","fg1000","fg0289","fg0860","fg0130","fg0992","fg0816","fg0333","fg0108","fg0886","fg0052","fg0823","fg0381","fg0180","fg0518","fg0877","fg0245","fg0653","fg0880","fg0207"
"fq000909","vx_ee919c2dffe0c71e","fg0195","1","fg0195","fg0517","fg0843","fg0688","fg0211","fg0626","fg0350","fg0150","fg0907","fg0692","fg0477","fg0792","fg0815","fg0790","fg0312","fg0119","fg0232","fg0499","fg0613","fg0186"
"fq000910","vx_adf8118ec20aaad5","fg0196","1","fg0196","fg0421","fg0471","fg0822","fg0010","fg0271","fg0218","fg0576","fg0949","fg0987","fg0942","fg0677","fg0635","fg0876","fg0494","fg0766","fg0517","fg0642","fg0146","fg0106"
"fq000911","vx_adf8118ec20aaad5","fg0196","1","fg0196","fg0271","fg0471","fg0421","fg0822","fg0494","fg0218","fg0987","fg0382","fg0949","fg0942","fg0252","fg0642","fg0576","fg0024","fg0010","fg0635","fg0473","fg0647","fg0059"
"fq000912","vx_315fba10c6127837","fg0197","1","fg0197","fg0719","fg0541","fg0783","fg0922","fg0627","fg0895","fg0809","fg0018","fg0983","fg0859","fg0584","fg0536","fg0690","fg0469","fg0579","fg0270","fg0153","fg0740","fg0772"
"fq000913","vx_315fba10c6127837","fg0197","1","fg0197","fg0719","fg0018","fg0783","fg0541","fg0922","fg0895","fg0690","fg0983","fg0627","fg0772","fg0809","fg0835","fg0859","fg0847","fg0579","fg0536","fg0681","fg0469","fg0270"
"fq000914","vx_315fba10c6127837","fg0197","1","fg0197","fg0719","fg0541","fg0783","fg0740","fg0895","fg0983","fg0758","fg0859","fg0690","fg0627","fg0018","fg0584","fg0809","fg0922","fg0772","fg0298","fg0469","fg0579","fg0123"
"fq000915","vx_315fba10c6127837","fg0197","1","fg0197","fg0719","fg0541","fg0772","fg0983","fg0627","fg0758","fg0735","fg0859","fg0895","fg0153","fg0270","fg0584","fg0690","fg0783","fg0740","fg0416","fg0298","fg0150","fg0337"
"fq000916","vx_315fba10c6127837","fg0197","1","fg0197","fg0783","fg0719","fg0627","fg0018","fg0541","fg0922","fg0859","fg0895","fg0809","fg0740","fg0579","fg0690","fg0584","fg0150","fg0583","fg0559","fg0298","fg0948","fg0123"
"fq000917","vx_315fba10c6127837","fg0197","1","fg0197","fg0719","fg0541","fg0783","fg0895","fg0627","fg0772","fg0983","fg0740","fg0722","fg0758","fg0536","fg0584","fg0690","fg0298","fg0270","fg0809","fg0337","fg0859","fg0153"
"fq000918","vx_315fba10c6127837","fg0197","1","fg0197","fg0719","fg0783","fg0627","fg0541","fg0922","fg0758","fg0690","fg0018","fg0859","fg0895","fg0299","fg0740","fg0559","fg0579","fg0809","fg0983","fg0583","fg0846","fg0270"
"fq000919","vx_315fba10c6127837","fg0197","1","fg0197","fg0783","fg0895","fg0018","fg0719","fg0772","fg0627","fg0846","fg0690","fg0541","fg0922","fg0859","fg0583","fg0758","fg0031","fg0402","fg0645","fg0407","fg0854","fg0938"
"fq000920","vx_315fba10c6127837","fg0197","1","fg0197","fg0018","fg0719","fg0783","fg0895","fg0541","fg0922","fg0809","fg0579","fg0121","fg0150","fg0859","fg0469","fg0627","fg0772","fg0584","fg0740","fg0983","fg0690","fg0297"
"fq000921","vx_315fba10c6127837","fg0197","1","fg0197","fg0719","fg0541","fg0783","fg0627","fg0809","fg0895","fg0922","fg0018","fg0983","fg0690","fg0758","fg0740","fg0536","fg0469","fg0772","fg0270","fg0298","fg0579","fg0846"
"fq000922","vx_315fba10c6127837","fg0197","1","fg0197","fg0719","fg0846","fg0758","fg0783","fg0541","fg0690","fg0854","fg0885","fg0583","fg0968","fg0821","fg0466","fg0627","fg0320","fg0533","fg0595","fg0895","fg0182","fg0270"
"fq000923","vx_315fba10c6127837","fg0197","1","fg0197","fg0719","fg0783","fg0772","fg0758","fg0690","fg0867","fg0846","fg0264","fg0983","fg0541","fg0722","fg0716","fg0297","fg0895","fg0298","fg0735","fg0042","fg0121","fg0918"
"fq000924","vx_315fba10c6127837","fg0197","1","fg0197","fg0719","fg0783","fg0541","fg0627","fg0264","fg0895","fg0772","fg0758","fg0846","fg0690","fg0983","fg0121","fg0735","fg0859","fg0821","fg0337","fg0767","fg0469","fg0584"
"fq000925","vx_315fba10c6127837","fg0197","1","fg0197","fg0719","fg0758","fg0783","fg0983","fg0846","fg0690","fg0541","fg0529","fg0854","fg0492","fg0772","fg0627","fg0583","fg0466","fg0735","fg0867","fg0264","fg0821","fg0121"
"fq000926","vx_315fba10c6127837","fg0197","1","fg0197","fg0719","fg0690","fg0783","fg0541","fg0758","fg0846","fg0018","fg0627","fg0469","fg0895","fg0772","fg0270","fg0584","fg0983","fg0536","fg0922","fg0735","fg0821","fg0859"
"fq000927","vx_533a914f811b8efd","fg0198","1","fg0198","fg0803","fg0718","fg0305","fg0558","fg0154","fg0881","fg0335","fg0581","fg0021","fg0954","fg0116","fg0699","fg0178","fg0139","fg0722","fg0114","fg0725","fg0515","fg0009"
"fq000928","vx_533a914f811b8efd","fg0198","1","fg0198","fg0803","fg0718","fg0305","fg0558","fg0881","fg0154","fg0021","fg0954","fg0335","fg0581","fg0139","fg0116","fg0722","fg0178","fg0699","fg0009","fg0295","fg0622","fg0423"
"fq000929","vx_533a914f811b8efd","fg0198","1","fg0198","fg0803","fg0718","fg0305","fg0558","fg0881","fg0021","fg0581","fg0954","fg0154","fg0335","fg0139","fg0699","fg0009","fg0116","fg0722","fg0295","fg0766","fg0178","fg0622"
"fq000930","vx_533a914f811b8efd","fg0198","1","fg0198","fg0718","fg0803","fg0305","fg0558","fg0881","fg0581","fg0021","fg0154","fg0954","fg0335","fg0699","fg0139","fg0178","fg0622","fg0116","fg0009","fg0722","fg0766","fg0295"
"fq000931","vx_533a914f811b8efd","fg0198","1","fg0198","fg0803","fg0718","fg0305","fg0558","fg0881","fg0581","fg0021","fg0154","fg0954","fg0335","fg0116","fg0699","fg0178","fg0139","fg0622","fg0114","fg0009","fg0725","fg0423"
"fq000932","vx_533a914f811b8efd","fg0198","1","fg0198","fg0803","fg0718","fg0305","fg0881","fg0558","fg0154","fg0335","fg0021","fg0954","fg0581","fg0139","fg0178","fg0116","fg0699","fg0622","fg0766","fg0725","fg0009","fg0873"
"fq000933","vx_533a914f811b8efd","fg0198","1","fg0198","fg0718","fg0803","fg0305","fg0154","fg0558","fg0881","fg0335","fg0021","fg0581","fg0954","fg0699","fg0116","fg0139","fg0178","fg0114","fg0295","fg0622","fg0009","fg0722"
"fq000934","vx_533a914f811b8efd","fg0198","1","fg0198","fg0803","fg0718","fg0305","fg0558","fg0881","fg0021","fg0954","fg0154","fg0335","fg0581","fg0722","fg0116","fg0009","fg0699","fg0139","fg0178","fg0766","fg0423","fg0622"
"fq000935","vx_533a914f811b8efd","fg0198","1","fg0198","fg0803","fg0718","fg0305","fg0021","fg0558","fg0881","fg0154","fg0335","fg0581","fg0954","fg0699","fg0114","fg0622","fg0873","fg0116","fg0409","fg0029","fg0009","fg0509"
"fq000936","vx_533a914f811b8efd","fg0198","1","fg0198","fg0803","fg0718","fg0305","fg0558","fg0881","fg0154","fg0335","fg0021","fg0954","fg0581","fg0699","fg0116","fg0139","fg0114","fg0178","fg0722","fg0622","fg0087","fg0423"
"fq000937","vx_533a914f811b8efd","fg0198","1","fg0198","fg0718","fg0803","fg0305","fg0558","fg0021","fg0954","fg0881","fg0581","fg0154","fg0335","fg0699","fg0722","fg0009","fg0139","fg0116","fg0029","fg0295","fg0417","fg0766"
"fq000938","vx_533a914f811b8efd","fg0198","1","fg0198","fg0718","fg0803","fg0305","fg0558","fg0881","fg0722","fg0154","fg0954","fg0335","fg0021","fg0581","fg0139","fg0178","fg0290","fg0515","fg0699","fg0174","fg0622","fg0009"
"fq000939","vx_533a914f811b8efd","fg0198","1","fg0198","fg0803","fg0718","fg0305","fg0558","fg0881","fg0021","fg0154","fg0581","fg0954","fg0335","fg0699","fg0114","fg0116","fg0139","fg0873","fg0009","fg0722","fg0178","fg0295"
"fq000940","vx_533a914f811b8efd","fg0198","1","fg0198","fg0803","fg0718","fg0305","fg0558","fg0881","fg0154","fg0954","fg0021","fg0335","fg0581","fg0116","fg0722","fg0699","fg0139","fg0178","fg0295","fg0725","fg0622","fg0766"
"fq000941","vx_533a914f811b8efd","fg0198","1","fg0198","fg0803","fg0718","fg0305","fg0558","fg0881","fg0154","fg0021","fg0954","fg0335","fg0581","fg0116","fg0725","fg0699","fg0722","fg0178","fg0139","fg0423","fg0857","fg0622"
"fq000942","vx_533a914f811b8efd","fg0198","1","fg0198","fg0718","fg0803","fg0558","fg0305","fg0954","fg0021","fg0722","fg0154","fg0881","fg0581","fg0335","fg0295","fg0139","fg0009","fg0116","fg0699","fg0873","fg0725","fg0423"
"fq000943","vx_533a914f811b8efd","fg0198","1","fg0198","fg0803","fg0718","fg0305","fg0558","fg0881","fg0021","fg0954","fg0154","fg0722","fg0335","fg0581","fg0139","fg0699","fg0116","fg0009","fg0295","fg0873","fg0622","fg0679"
"fq000944","vx_533a914f811b8efd","fg0198","1","fg0198","fg0803","fg0718","fg0305","fg0558","fg0881","fg0021","fg0154","fg0581","fg0335","fg0954","fg0699","fg0622","fg0873","fg0116","fg0139","fg0722","fg0178","fg0766","fg0009"
"fq000945","vx_533a914f811b8efd","fg0198","1","fg0198","fg0803","fg0718","fg0305","fg0881","fg0558","fg0154","fg0021","fg0581","fg0335","fg0954","fg0699","fg0178","fg0116","fg0139","fg0009","fg0722","fg0622","fg0766","fg0295"
"fq000946","vx_533a914f811b8efd","fg0198","1","fg0198","fg0718","fg0803","fg0305","fg0558","fg0881","fg0154","fg0021","fg0954","fg0581","fg0335","fg0699","fg0139","fg0722","fg0116","fg0622","fg0114","fg0009","fg0029","fg0178"
"fq000947","vx_533a914f811b8efd","fg0198","1","fg0198","fg0718","fg0803","fg0305","fg0558","fg0881","fg0154","fg0021","fg0335","fg0581","fg0954","fg0139","fg0699","fg0116","fg0622","fg0722","fg0178","fg0114","fg0009","fg0857"
"fq000948","vx_533a914f811b8efd","fg0198","1","fg0198","fg0803","fg0718","fg0305","fg0154","fg0881","fg0021","fg0558","fg0335","fg0581","fg0954","fg0116","fg0699","fg0178","fg0114","fg0139","fg0423","fg0409","fg0221","fg0009"
"fq000949","vx_533a914f811b8efd","fg0198","1","fg0198","fg0718","fg0803","fg0558","fg0305","fg0881","fg0021","fg0954","fg0154","fg0581","fg0335","fg0622","fg0722","fg0699","fg0116","fg0139","fg0873","fg0087","fg0902","fg0744"
"fq000950","vx_533a914f811b8efd","fg0198","1","fg0198","fg0718","fg0803","fg0558","fg0305","fg0881","fg0021","fg0954","fg0581","fg0154","fg0335","fg0722","fg0699","fg0009","fg0139","fg0116","fg0295","fg0178","fg0622","fg0766"
"fq000951","vx_533a914f811b8efd","fg0198","1","fg0198","fg0803","fg0718","fg0305","fg0558","fg0881","fg0154","fg0021","fg0581","fg0335","fg0954","fg0699","fg0116","fg0114","fg0139","fg0178","fg0722","fg0009","fg0622","fg0766"
"fq000952","vx_adcc56d18b4e29b8","fg0199","1","fg0199","fg0636","fg0994","fg0014","fg0010","fg0286","fg0654","fg0089","fg0435","fg0111","fg0482","fg0522","fg0189","fg0904","fg0787","fg0991","fg1000","fg0104","fg0711","fg0026"
"fq000953","vx_f0df86141e5b253b","fg0200","1","fg0200","fg0623","fg0822","fg0115","fg0761","fg0582","fg0351","fg0636","fg0218","fg0473","fg0773","fg0493","fg0220","fg0277","fg0876","fg0817","fg0629","fg0294","fg0203","fg0308"
"fq000954","vx_7162bccfaf550990","fg0201","1","fg0201","fg0127","fg0259","fg0713","fg0482","fg0092","fg0600","fg0086","fg0478","fg0486","fg0111","fg0049","fg0345","fg0912","fg0400","fg0620","fg0066","fg0043","fg0810","fg0138"
"fq000955","vx_7162bccfaf550990","fg0201","1","fg0201","fg0259","fg0482","fg0127","fg0713","fg0086","fg0600","fg0111","fg0092","fg0049","fg0839","fg0478","fg0620","fg0486","fg0345","fg0156","fg0912","fg0400","fg0823","fg0066"
"fq000956","vx_c949f80f2985c964","fg0202","4","fg0511","fg0917","fg0434","fg0202","fg0886","fg0752","fg0942","fg0137","fg0441","fg0059","fg0190","fg0196","fg0396","fg0765","fg0670","fg0613","fg0232","fg0650","fg0159","fg0647"
"fq000957","vx_90e6caad53e92157","fg0203","1","fg0203","fg0773","fg0003","fg0975","fg0808","fg0654","fg0483","fg0084","fg0200","fg0471","fg0522","fg0167","fg0384","fg0210","fg0473","fg0405","fg0712","fg0950","fg0675","fg0676"
"fq000958","vx_4bd97cdd2e0a3611","fg0204","3","fg0685","fg0510","fg0204","fg0070","fg0983","fg0719","fg0956","fg0077","fg0908","fg0340","fg0978","fg0177","fg0825","fg0481","fg0735","fg0329","fg0460","fg0029","fg0585","fg0248"
"fq000959","vx_4bd97cdd2e0a3611","fg0204","1","fg0204","fg0433","fg0208","fg0814","fg0777","fg0841","fg0506","fg0121","fg0812","fg0498","fg0690","fg0579","fg0564","fg0248","fg0271","fg0956","fg0983","fg0171","fg0112","fg0780"
"fq000960","vx_4bd97cdd2e0a3611","fg0204","1","fg0204","fg0956","fg0983","fg0719","fg0197","fg0218","fg0248","fg0722","fg0177","fg0276","fg0825","fg0249","fg0777","fg0323","fg0638","fg0121","fg0735","fg0382","fg0081","fg0354"
"fq000961","vx_4bd97cdd2e0a3611","fg0204","1","fg0204","fg0814","fg0433","fg0208","fg0777","fg0506","fg0498","fg0760","fg0121","fg0112","fg0271","fg0956","fg0812","fg0579","fg0410","fg0985","fg0003","fg0690","fg0285","fg0564"
"fq000962","vx_4bd97cdd2e0a3611","fg0204","1","fg0204","fg0814","fg0208","fg0433","fg0506","fg0777","fg0498","fg0812","fg0760","fg0121","fg0579","fg0841","fg0271","fg0112","fg0956","fg0399","fg0410","fg0690","fg0280","fg0486"
"fq000963","vx_4bd97cdd2e0a3611","fg0204","1","fg0204","fg0814","fg0208","fg0433","fg0812","fg0498","fg0777","fg0506","fg0486","fg0121","fg0478","fg0564","fg0760","fg0841","fg0690","fg0579","fg0112","fg0280","fg0410","fg0271"
"fq000964","vx_4bd97cdd2e0a3611","fg0204","1","fg0204","fg0814","fg0433","fg0208","fg0777","fg0506","fg0121","fg0812","fg0498","fg0841","fg0760","fg0579","fg0271","fg0564","fg0690","fg0956","fg0112","fg0354","fg0931","fg0410"
"fq000965","vx_4bd97cdd2e0a3611","fg0204","1","fg0204","fg0814","fg0208","fg0433","fg0777","fg0506","fg0498","fg0812","fg0121","fg0112","fg0579","fg0841","fg0760","fg0690","fg0280","fg0271","fg0669","fg0285","fg0486","fg0825"
"fq000966","vx_4bd97cdd2e0a3611","fg0204","1","fg0204","fg0814","fg0433","fg0208","fg0777","fg0121","fg0498","fg0564","fg0812","fg0983","fg0841","fg0478","fg0506","fg0813","fg0248","fg0760","fg0171","fg0690","fg0764","fg0780"
"fq000967","vx_4bd97cdd2e0a3611","fg0204","1","fg0204","fg0433","fg0814","fg0208","fg0777","fg0394","fg0506","fg0498","fg0690","fg0859","fg0564","fg0112","fg0444","fg0579","fg0760","fg0590","fg0731","fg0812","fg0121","fg0724"
"fq000968","vx_4bd97cdd2e0a3611","fg0204","1","fg0204","fg0433","fg0983","fg0121","fg0825","fg0814","fg0208","fg0248","fg0685","fg0777","fg0735","fg0780","fg0719","fg0956","fg0564","fg0478","fg0690","fg0177","fg0978","fg0813"
"fq000969","vx_4bd97cdd2e0a3611","fg0204","1","fg0204","fg0433","fg0814","fg0208","fg0777","fg0956","fg0841","fg0121","fg0812","fg0719","fg0847","fg0579","fg0506","fg0690","fg0498","fg0983","fg0825","fg0564","fg0760","fg0248"
"fq000970","vx_4bd97cdd2e0a3611","fg0204","1","fg0204","fg0814","fg0208","fg0433","fg0506","fg0812","fg0777","fg0498","fg0760","fg0841","fg0112","fg0564","fg0121","fg0271","fg0410","fg0579","fg0171","fg0486","fg0690","fg0915"
"fq000971","vx_7bad75134c97e175","fg0205","1","fg0205","fg0259","fg0540","fg0393","fg0137","fg0650","fg0862","fg0363","fg0711","fg0849","fg0124","fg0223","fg0312","fg0805","fg0073","fg0321","fg0713","fg0725","fg0450","fg0002"
"fq000972","vx_479cf7fcf0450bb9","fg0206","1","fg0206","fg0083","fg0998","fg0741","fg0682","fg0753","fg0114","fg0694","fg0528","fg0275","fg0247","fg0810","fg0251","fg0943","fg0119","fg0324","fg0559","fg0355","fg0357","fg0504"
"fq000973","vx_479cf7fcf0450bb9","fg0206","1","fg0206","fg0083","fg0998","fg0528","fg0741","fg0357","fg0682","fg0355","fg0224","fg0275","fg0694","fg0753","fg0504","fg0114","fg0810","fg0119","fg0464","fg0559","fg0575","fg0379"
"fq000974","vx_479cf7fcf0450bb9","fg0206","1","fg0206","fg0083","fg0357","fg0355","fg0741","fg0682","fg0528","fg0224","fg0998","fg0753","fg0810","fg0324","fg0559","fg0504","fg0275","fg0114","fg0119","fg0687","fg0943","fg0379"
"fq000975","vx_479cf7fcf0450bb9","fg0206","1","fg0206","fg0083","fg0998","fg0741","fg0682","fg0753","fg0528","fg0694","fg0114","fg0559","fg0119","fg0504","fg0251","fg0355","fg0275","fg0324","fg0810","fg0357","fg0247","fg0943"
"fq000976","vx_479cf7fcf0450bb9","fg0206","1","fg0206","fg0083","fg0998","fg0741","fg0528","fg0682","fg0114","fg0559","fg0810","fg0355","fg0251","fg0694","fg0753","fg0357","fg0151","fg0119","fg0687","fg0275","fg0094","fg0247"
"fq000977","vx_479cf7fcf0450bb9","fg0206","1","fg0206","fg0083","fg0998","fg0741","fg0528","fg0355","fg0357","fg0682","fg0559","fg0119","fg0694","fg0275","fg0114","fg0810","fg0687","fg0753","fg0151","fg0224","fg0251","fg0943"
"fq000978","vx_479cf7fcf0450bb9","fg0206","1","fg0206","fg0083","fg0998","fg0355","fg0357","fg0528","fg0741","fg0682","fg0114","fg0559","fg0810","fg0275","fg0119","fg0251","fg0687","fg0753","fg0694","fg0224","fg0464","fg0324"
"fq000979","vx_479cf7fcf0450bb9","fg0206","1","fg0206","fg0083","fg0998","fg0682","fg0741","fg0753","fg0114","fg0357","fg0528","fg0247","fg0251","fg0355","fg0694","fg0324","fg0275","fg0943","fg0687","fg0224","fg0559","fg0119"
"fq000980","vx_479cf7fcf0450bb9","fg0206","1","fg0206","fg0083","fg0998","fg0682","fg0355","fg0275","fg0528","fg0114","fg0559","fg0687","fg0810","fg0741","fg0694","fg0251","fg0464","fg0151","fg0094","fg0357","fg0119","fg0943"
"fq000981","vx_479cf7fcf0450bb9","fg0206","1","fg0206","fg0083","fg0357","fg0355","fg0528","fg0559","fg0224","fg0575","fg0998","fg0324","fg0275","fg0682","fg0753","fg0504","fg0741","fg0119","fg0464","fg0247","fg0810","fg0687"
"fq000982","vx_479cf7fcf0450bb9","fg0206","1","fg0206","fg0083","fg0355","fg0357","fg0559","fg0528","fg0687","fg0379","fg0682","fg0119","fg0275","fg0251","fg0151","fg0597","fg0998","fg0224","fg0324","fg0810","fg0741","fg0152"
"fq000983","vx_479cf7fcf0450bb9","fg0206","1","fg0206","fg0083","fg0528","fg0998","fg0682","fg0741","fg0559","fg0357","fg0810","fg0753","fg0355","fg0275","fg0504","fg0694","fg0151","fg0119","fg0114","fg0224","fg0379","fg0324"
"fq000984","vx_479cf7fcf0450bb9","fg0206","1","fg0206","fg0083","fg0998","fg0741","fg0357","fg0528","fg0682","fg0355","fg0114","fg0810","fg0694","fg0251","fg0559","fg0753","fg0119","fg0275","fg0687","fg0224","fg0464","fg0151"
"fq000985","vx_479cf7fcf0450bb9","fg0206","1","fg0206","fg0083","fg0998","fg0357","fg0741","fg0694","fg0753","fg0682","fg0528","fg0114","fg0324","fg0247","fg0251","fg0464","fg0355","fg0275","fg0119","fg0575","fg0504","fg0503"
"fq000986","vx_479cf7fcf0450bb9","fg0206","1","fg0206","fg0083","fg0998","fg0357","fg0528","fg0355","fg0694","fg0504","fg0741","fg0559","fg0575","fg0275","fg0324","fg0753","fg0224","fg0682","fg0687","fg0119","fg0594","fg0103"
"fq000987","vx_479cf7fcf0450bb9","fg0206","1","fg0206","fg0083","fg0355","fg0687","fg0682","fg0998","fg0528","fg0559","fg0251","fg0114","fg0275","fg0741","fg0151","fg0357","fg0119","fg0694","fg0094","fg0810","fg0379","fg0464"
"fq000988","vx_479cf7fcf0450bb9","fg0206","1","fg0206","fg0083","fg0355","fg0528","fg0357","fg0224","fg0379","fg0682","fg0559","fg0687","fg0503","fg0275","fg0880","fg0324","fg0152","fg0464","fg0810","fg0517","fg0151","fg0119"
"fq000989","vx_479cf7fcf0450bb9","fg0206","1","fg0206","fg0083","fg0998","fg0528","fg0251","fg0114","fg0682","fg0741","fg0694","fg0355","fg0687","fg0119","fg0094","fg0810","fg0275","fg0151","fg0559","fg0357","fg0753","fg0316"
"fq000990","vx_479cf7fcf0450bb9","fg0206","1","fg0206","fg0083","fg0998","fg0682","fg0741","fg0528","fg0114","fg0694","fg0251","fg0275","fg0355","fg0753","fg0357","fg0119","fg0247","fg0810","fg0094","fg0687","fg0559","fg0464"
"fq000991","vx_479cf7fcf0450bb9","fg0206","1","fg0206","fg0083","fg0998","fg0741","fg0682","fg0357","fg0528","fg0753","fg0694","fg0114","fg0119","fg0275","fg0251","fg0324","fg0355","fg0943","fg0247","fg0094","fg0035","fg0224"
"fq000992","vx_479cf7fcf0450bb9","fg0206","1","fg0206","fg0083","fg0998","fg0694","fg0741","fg0528","fg0357","fg0114","fg0682","fg0753","fg0275","fg0355","fg0251","fg0224","fg0943","fg0119","fg0464","fg0504","fg0559","fg0810"
"fq000993","vx_479cf7fcf0450bb9","fg0206","1","fg0206","fg0083","fg0682","fg0528","fg0998","fg0355","fg0357","fg0741","fg0753","fg0694","fg0114","fg0251","fg0324","fg0559","fg0687","fg0224","fg0379","fg0275","fg0247","fg0464"
"fq000994","vx_479cf7fcf0450bb9","fg0206","1","fg0206","fg0083","fg0528","fg0355","fg0687","fg0251","fg0682","fg0998","fg0559","fg0357","fg0114","fg0094","fg0464","fg0275","fg0741","fg0119","fg0503","fg0151","fg0694","fg0810"
"fq000995","vx_479cf7fcf0450bb9","fg0206","1","fg0206","fg0083","fg0355","fg0357","fg0687","fg0528","fg0379","fg0559","fg0251","fg0094","fg0998","fg0743","fg0119","fg0318","fg0151","fg0503","fg0682","fg0224","fg0464","fg0694"
"fq000996","vx_479cf7fcf0450bb9","fg0206","1","fg0206","fg0083","fg0998","fg0528","fg0357","fg0682","fg0741","fg0694","fg0275","fg0114","fg0355","fg0094","fg0119","fg0324","fg0687","fg0753","fg0464","fg0251","fg0559","fg0810"
"fq000997","vx_479cf7fcf0450bb9","fg0206","1","fg0206","fg0083","fg0998","fg0741","fg0528","fg0504","fg0753","fg0682","fg0357","fg0694","fg0119","fg0324","fg0559","fg0224","fg0379","fg0275","fg0810","fg0355","fg0251","fg0035"
"fq000998","vx_479cf7fcf0450bb9","fg0206","1","fg0206","fg0083","fg0357","fg0528","fg0355","fg0379","fg0682","fg0998","fg0504","fg0559","fg0119","fg0224","fg0687","fg0753","fg0094","fg0741","fg0251","fg0114","fg0694","fg0597"
"fq000999","vx_479cf7fcf0450bb9","fg0206","1","fg0206","fg0083","fg0998","fg0741","fg0114","fg0753","fg0682","fg0247","fg0694","fg0275","fg0528","fg0810","fg0251","fg0357","fg0355","fg0324","fg0943","fg0464","fg0119","fg0094"
"fq001000","vx_479cf7fcf0450bb9","fg0206","1","fg0206","fg0083","fg0998","fg0741","fg0324","fg0694","fg0275","fg0753","fg0357","fg0331","fg0247","fg0682","fg0943","fg0528","fg0103","fg0594","fg0355","fg0559","fg0114","fg0575"
"fq001001","vx_479cf7fcf0450bb9","fg0206","1","fg0206","fg0083","fg0355","fg0559","fg0998","fg0528","fg0682","fg0687","fg0114","fg0251","fg0151","fg0275","fg0694","fg0094","fg0119","fg0357","fg0741","fg0504","fg0810","fg0247"
"fq001002","vx_7fc96b0a42b577fa","fg0207","1","fg0207","fg0176","fg0992","fg0130","fg0126","fg0533","fg0841","fg0480","fg0846","fg0398","fg0256","fg0571","fg0021","fg0194","fg0885","fg0821","fg0967","fg0306","fg0333","fg0544"
"fq001003","vx_a80c872aae38e2e5","fg0208","1","fg0208","fg0814","fg0204","fg0433","fg0812","fg0506","fg0486","fg0498","fg0579","fg0777","fg0883","fg0743","fg0564","fg0760","fg0121","fg0479","fg0998","fg0207","fg0040","fg0957"
"fq001004","vx_f26615e2ff6f294a","fg0209","1","fg0209","fg0369","fg0626","fg0896","fg0796","fg0420","fg0909","fg0115","fg0141","fg0143","fg0576","fg0516","fg0380","fg0916","fg0287","fg0984","fg0663","fg0566","fg0711","fg0441"
"fq001005","vx_6936c178cbcdcdcb","fg0210","1","fg0210","fg0203","fg0720","fg0436","fg0351","fg0077","fg0471","fg0473","fg0773","fg0937","fg0374","fg0701","fg0276","fg0124","fg0372","fg0084","fg0358","fg0323","fg0509","fg0557"
"fq001006","vx_6936c178cbcdcdcb","fg0210","1","fg0210","fg0086","fg0276","fg0069","fg0436","fg0203","fg0720","fg0405","fg0374","fg0097","fg0961","fg0937","fg0773","fg0866","fg0414","fg0632","fg0124","fg0593","fg0471","fg0652"
"fq001007","vx_6936c178cbcdcdcb","fg0210","1","fg0210","fg0086","fg0276","fg0203","fg0436","fg0720","fg0069","fg0471","fg0773","fg0937","fg0632","fg0374","fg0097","fg0351","fg0961","fg0124","fg0701","fg0405","fg0593","fg0323"
"fq001008","vx_6936c178cbcdcdcb","fg0210","1","fg0210","fg0276","fg0086","fg0203","fg0436","fg0720","fg0351","fg0069","fg0124","fg0374","fg0773","fg0632","fg0937","fg0557","fg0471","fg0414","fg0681","fg0405","fg0959","fg0961"
"fq001009","vx_6936c178cbcdcdcb","fg0210","1","fg0210","fg0203","fg0436","fg0276","fg0720","fg0086","fg0471","fg0069","fg0351","fg0124","fg0374","fg0701","fg0557","fg0937","fg0773","fg0638","fg0666","fg0097","fg0961","fg0077"
"fq001010","vx_6936c178cbcdcdcb","fg0210","1","fg0210","fg0086","fg0276","fg0436","fg0069","fg0203","fg0720","fg0124","fg0961","fg0097","fg0471","fg0701","fg0374","fg0937","fg0351","fg0681","fg0414","fg0652","fg0557","fg0805"
"fq001011","vx_6936c178cbcdcdcb","fg0210","1","fg0210","fg0086","fg0276","fg0203","fg0436","fg0720","fg0471","fg0124","fg0937","fg0069","fg0961","fg0097","fg0351","fg0959","fg0773","fg0666","fg0405","fg0374","fg0413","fg0084"
"fq001012","vx_6936c178cbcdcdcb","fg0210","1","fg0210","fg0203","fg0276","fg0086","fg0720","fg0436","fg0069","fg0471","fg0124","fg0374","fg0937","fg0351","fg0097","fg0557","fg0701","fg0414","fg0773","fg0125","fg0405","fg0084"
"fq001013","vx_6936c178cbcdcdcb","fg0210","1","fg0210","fg0086","fg0276","fg0069","fg0436","fg0203","fg0720","fg0374","fg0937","fg0405","fg0414","fg0471","fg0124","fg0097","fg0866","fg0961","fg0701","fg0051","fg0450","fg0773"
"fq001014","vx_6936c178cbcdcdcb","fg0210","1","fg0210","fg0086","fg0276","fg0069","fg0436","fg0203","fg0937","fg0471","fg0773","fg0097","fg0084","fg0405","fg0450","fg0720","fg0593","fg0374","fg0961","fg0051","fg0606","fg0959"
"fq001015","vx_6936c178cbcdcdcb","fg0210","1","fg0210","fg0720","fg0436","fg0351","fg0203","fg0124","fg0805","fg0374","fg0961","fg0077","fg0086","fg0344","fg0074","fg0928","fg0866","fg0701","fg0276","fg0774","fg0405","fg0581"
"fq001016","vx_6936c178cbcdcdcb","fg0210","1","fg0210","fg0351","fg0436","fg0124","fg0203","fg0720","fg0276","fg0784","fg0086","fg0405","fg0774","fg0937","fg0961","fg0471","fg0097","fg0196","fg0632","fg0773","fg0701","fg0666"
"fq001017","vx_6936c178cbcdcdcb","fg0210","1","fg0210","fg0276","fg0086","fg0436","fg0203","fg0720","fg0069","fg0471","fg0701","fg0124","fg0937","fg0961","fg0374","fg0351","fg0097","fg0405","fg0557","fg0414","fg0681","fg0773"
"fq001018","vx_6936c178cbcdcdcb","fg0210","1","fg0210","fg0436","fg0276","fg0086","fg0720","fg0203","fg0351","fg0124","fg0414","fg0937","fg0701","fg0866","fg0405","fg0961","fg0471","fg0805","fg0666","fg0959","fg0473","fg0557"
"fq001019","vx_6936c178cbcdcdcb","fg0210","1","fg0210","fg0276","fg0086","fg0436","fg0203","fg0720","fg0069","fg0124","fg0961","fg0351","fg0471","fg0405","fg0937","fg0374","fg0097","fg0701","fg0866","fg0773","fg0557","fg0593"
"fq001020","vx_6936c178cbcdcdcb","fg0210","1","fg0210","fg0276","fg0086","fg0436","fg0203","fg0720","fg0069","fg0124","fg0866","fg0961","fg0351","fg0405","fg0374","fg0414","fg0681","fg0937","fg0632","fg0471","fg0097","fg0701"
"fq001021","vx_6936c178cbcdcdcb","fg0210","1","fg0210","fg0276","fg0086","fg0069","fg0436","fg0203","fg0632","fg0961","fg0720","fg0405","fg0124","fg0097","fg0351","fg0937","fg0773","fg0471","fg0374","fg0414","fg0959","fg0557"
"fq001022","vx_6936c178cbcdcdcb","fg0210","1","fg0210","fg0720","fg0203","fg0436","fg0276","fg0086","fg0351","fg0124","fg0374","fg0077","fg0069","fg0405","fg0805","fg0961","fg0344","fg0074","fg0701","fg0557","fg0414","fg0471"
"fq001023","vx_6936c178cbcdcdcb","fg0210","1","fg0210","fg0086","fg0276","fg0069","fg0203","fg0436","fg0937","fg0471","fg0097","fg0405","fg0773","fg0124","fg0414","fg0720","fg0557","fg0450","fg0961","fg0701","fg0252","fg0051"
"fq001024","vx_6936c178cbcdcdcb","fg0210","1","fg0210","fg0436","fg0276","fg0720","fg0086","fg0203","fg0069","fg0124","fg0351","fg0961","fg0701","fg0471","fg0374","fg0866","fg0405","fg0937","fg0097","fg0681","fg0414","fg0805"
"fq001025","vx_6936c178cbcdcdcb","fg0210","1","fg0210","fg0086","fg0276","fg0436","fg0203","fg0720","fg0069","fg0124","fg0961","fg0374","fg0414","fg0405","fg0351","fg0937","fg0471","fg0805","fg0866","fg0097","fg0125","fg0701"
"fq001026","vx_6936c178cbcdcdcb","fg0210","1","fg0210","fg0436","fg0086","fg0276","fg0203","fg0720","fg0069","fg0124","fg0961","fg0374","fg0405","fg0351","fg0701","fg0471","fg0866","fg0557","fg0937","fg0414","fg0928","fg0681"
"fq001027","vx_6936c178cbcdcdcb","fg0210","1","fg0210","fg0086","fg0276","fg0436","fg0203","fg0720","fg0069","fg0124","fg0937","fg0471","fg0405","fg0414","fg0374","fg0351","fg0961","fg0097","fg0681","fg0866","fg0701","fg0557"
"fq001028","vx_6936c178cbcdcdcb","fg0210","1","fg0210","fg0276","fg0086","fg0436","fg0203","fg0069","fg0720","fg0937","fg0961","fg0124","fg0374","fg0097","fg0773","fg0471","fg0593","fg0632","fg0866","fg0405","fg0557","fg0681"
"fq001029","vx_6936c178cbcdcdcb","fg0210","1","fg0210","fg0436","fg0086","fg0276","fg0720","fg0203","fg0124","fg0069","fg0961","fg0374","fg0351","fg0805","fg0405","fg0632","fg0471","fg0866","fg0205","fg0912","fg0638","fg0413"
"fq001030","vx_6936c178cbcdcdcb","fg0210","1","fg0210","fg0086","fg0276","fg0069","fg0937","fg0471","fg0084","fg0539","fg0606","fg0632","fg0515","fg0203","fg0527","fg0078","fg0773","fg0097","fg0959","fg0808","fg0051","fg0513"
"fq001031","vx_6936c178cbcdcdcb","fg0210","1","fg0210","fg0436","fg0086","fg0276","fg0720","fg0203","fg0124","fg0351","fg0701","fg0961","fg0069","fg0471","fg0866","fg0805","fg0414","fg0937","fg0374","fg0681","fg0097","fg0450"
"fq001032","vx_6936c178cbcdcdcb","fg0210","1","fg0210","fg0086","fg0276","fg0436","fg0720","fg0203","fg0124","fg0471","fg0937","fg0374","fg0681","fg0351","fg0959","fg0084","fg0069","fg0701","fg0866","fg0666","fg0557","fg0414"
"fq001033","vx_6936c178cbcdcdcb","fg0210","1","fg0210","fg0276","fg0203","fg0086","fg0436","fg0720","fg0069","fg0471","fg0351","fg0937","fg0632","fg0374","fg0097","fg0405","fg0124","fg0773","fg0084","fg0557","fg0959","fg0961"
"fq001034","vx_6936c178cbcdcdcb","fg0210","1","fg0210","fg0086","fg0276","fg0203","fg0069","fg0436","fg0937","fg0773","fg0720","fg0374","fg0405","fg0471","fg0413","fg0557","fg0539","fg0156","fg0125","fg0414","fg0252","fg0124"
"fq001035","vx_6936c178cbcdcdcb","fg0210","1","fg0210","fg0086","fg0276","fg0203","fg0069","fg0436","fg0720","fg0471","fg0374","fg0937","fg0405","fg0097","fg0773","fg0959","fg0414","fg0252","fg0961","fg0701","fg0124","fg0084"
"fq001036","vx_6936c178cbcdcdcb","fg0210","1","fg0210","fg0086","fg0276","fg0436","fg0203","fg0069","fg0720","fg0124","fg0374","fg0961","fg0405","fg0414","fg0681","fg0471","fg0351","fg0632","fg0866","fg0937","fg0097","fg0557"
"fq001037","vx_6936c178cbcdcdcb","fg0210","1","fg0210","fg0276","fg0086","fg0203","fg0069","fg0436","fg0720","fg0471","fg0374","fg0124","fg0961","fg0937","fg0405","fg0097","fg0773","fg0557","fg0701","fg0414","fg0593","fg0351"
"fq001038","vx_6936c178cbcdcdcb","fg0210","1","fg0210","fg0436","fg0276","fg0086","fg0720","fg0203","fg0124","fg0414","fg0069","fg0405","fg0351","fg0866","fg0961","fg0374","fg0805","fg0125","fg0681","fg0701","fg0450","fg0625"
"fq001039","vx_6936c178cbcdcdcb","fg0210","1","fg0210","fg0276","fg0086","fg0436","fg0203","fg0069","fg0720","fg0937","fg0471","fg0701","fg0414","fg0405","fg0097","fg0961","fg0374","fg0351","fg0450","fg0124","fg0866","fg0773"
"fq001040","vx_6936c178cbcdcdcb","fg0210","1","fg0210","fg0203","fg0276","fg0436","fg0720","fg0086","fg0069","fg0124","fg0961","fg0471","fg0351","fg0632","fg0937","fg0701","fg0374","fg0557","fg0773","fg0681","fg0097","fg0638"
"fq001041","vx_6936c178cbcdcdcb","fg0210","1","fg0210","fg0086","fg0276","fg0203","fg0436","fg0720","fg0069","fg0124","fg0471","fg0937","fg0374","fg0557","fg0405","fg0681","fg0084","fg0959","fg0961","fg0866","fg0701","fg0666"
"fq001042","vx_6936c178cbcdcdcb","fg0210","1","fg0210","fg0276","fg0086","fg0436","fg0203","fg0069","fg0720","fg0374","fg0471","fg0124","fg0405","fg0961","fg0937","fg0701","fg0866","fg0097","fg0557","fg0414","fg0351","fg0450"
"fq001043","vx_6936c178cbcdcdcb","fg0210","1","fg0210","fg0086","fg0203","fg0276","fg0436","fg0720","fg0471","fg0773","fg0351","fg0937","fg0069","fg0701","fg0084","fg0097","fg0557","fg0405","fg0483","fg0975","fg0593","fg0959"
"fq001044","vx_6936c178cbcdcdcb","fg0210","1","fg0210","fg0203","fg0720","fg0436","fg0276","fg0086","fg0124","fg0351","fg0374","fg0471","fg0069","fg0077","fg0125","fg0937","fg0074","fg0961","fg0805","fg0344","fg0773","fg0701"
"fq001045","vx_6936c178cbcdcdcb","fg0210","1","fg0210","fg0086","fg0276","fg0436","fg0203","fg0069","fg0720","fg0124","fg0414","fg0961","fg0097","fg0351","fg0701","fg0405","fg0471","fg0374","fg0681","fg0205","fg0632","fg0937"
"fq001046","vx_6936c178cbcdcdcb","fg0210","1","fg0210","fg0276","fg0086","fg0436","fg0203","fg0069","fg0720","fg0124","fg0937","fg0961","fg0374","fg0471","fg0701","fg0414","fg0097","fg0351","fg0405","fg0866","fg0773","fg0681"
"fq001047","vx_6936c178cbcdcdcb","fg0210","1","fg0210","fg0086","fg0276","fg0436","fg0203","fg0720","fg0069","fg0124","fg0374","fg0701","fg0961","fg0937","fg0414","fg0471","fg0805","fg0097","fg0252","fg0681","fg0405","fg0773"
"fq001048","vx_6936c178cbcdcdcb","fg0210","1","fg0210","fg0720","fg0436","fg0203","fg0351","fg0086","fg0124","fg0276","fg0374","fg0961","fg0805","fg0077","fg0069","fg0681","fg0074","fg0344","fg0405","fg0414","fg0949","fg0125"
"fq001049","vx_6936c178cbcdcdcb","fg0210","1","fg0210","fg0086","fg0276","fg0069","fg0203","fg0436","fg0405","fg0937","fg0097","fg0414","fg0471","fg0720","fg0961","fg0773","fg0681","fg0959","fg0351","fg0450","fg0701","fg0557"
"fq001050","vx_6936c178cbcdcdcb","fg0210","1","fg0210","fg0086","fg0276","fg0436","fg0203","fg0069","fg0720","fg0351","fg0937","fg0471","fg0124","fg0414","fg0405","fg0866","fg0701","fg0097","fg0374","fg0961","fg0557","fg0632"
"fq001051","vx_6936c178cbcdcdcb","fg0210","1","fg0210","fg0203","fg0720","fg0276","fg0086","fg0436","fg0471","fg0084","fg0937","fg0351","fg0557","fg0701","fg0374","fg0773","fg0959","fg0077","fg0124","fg0638","fg0473","fg0877"
"fq001052","vx_6936c178cbcdcdcb","fg0210","1","fg0210","fg0276","fg0086","fg0203","fg0436","fg0069","fg0720","fg0471","fg0937","fg0773","fg0097","fg0249","fg0959","fg0351","fg0124","fg0701","fg0374","fg0593","fg0557","fg0414"
"fq001053","vx_6936c178cbcdcdcb","fg0210","1","fg0210","fg0086","fg0276","fg0069","fg0203","fg0436","fg0405","fg0937","fg0097","fg0632","fg0961","fg0720","fg0773","fg0374","fg0593","fg0414","fg0111","fg0607","fg0471","fg0293"
"fq001054","vx_6936c178cbcdcdcb","fg0210","1","fg0210","fg0086","fg0276","fg0069","fg0436","fg0203","fg0405","fg0937","fg0084","fg0606","fg0471","fg0051","fg0652","fg0773","fg0450","fg0097","fg0156","fg0374","fg0539","fg0418"
"fq001055","vx_6936c178cbcdcdcb","fg0210","1","fg0210","fg0720","fg0436","fg0124","fg0203","fg0344","fg0276","fg0125","fg0086","fg0069","fg0374","fg0074","fg0077","fg0351","fg0774","fg0961","fg0805","fg0405","fg0488","fg0413"
"fq001056","vx_6936c178cbcdcdcb","fg0210","1","fg0210","fg0276","fg0086","fg0203","fg0436","fg0069","fg0720","fg0471","fg0937","fg0374","fg0405","fg0773","fg0701","fg0124","fg0557","fg0414","fg0866","fg0632","fg0097","fg0351"
"fq001057","vx_6936c178cbcdcdcb","fg0210","1","fg0210","fg0276","fg0086","fg0203","fg0436","fg0069","fg0720","fg0937","fg0351","fg0124","fg0471","fg0773","fg0557","fg0374","fg0632","fg0701","fg0961","fg0097","fg0483","fg0414"
"fq001058","vx_6936c178cbcdcdcb","fg0210","1","fg0210","fg0276","fg0086","fg0436","fg0203","fg0069","fg0720","fg0937","fg0405","fg0471","fg0351","fg0773","fg0866","fg0557","fg0593","fg0124","fg0374","fg0084","fg0961","fg0097"
"fq001059","vx_6936c178cbcdcdcb","fg0210","1","fg0210","fg0276","fg0086","fg0203","fg0069","fg0436","fg0374","fg0720","fg0405","fg0414","fg0652","fg0125","fg0097","fg0607","fg0937","fg0124","fg0773","fg0351","fg0450","fg0681"
"fq001060","vx_6936c178cbcdcdcb","fg0210","1","fg0210","fg0086","fg0276","fg0436","fg0069","fg0203","fg0720","fg0937","fg0471","fg0961","fg0097","fg0124","fg0414","fg0405","fg0374","fg0351","fg0593","fg0681","fg0450","fg0773"
"fq001061","vx_6936c178cbcdcdcb","fg0210","1","fg0210","fg0086","fg0436","fg0276","fg0203","fg0720","fg0069","fg0124","fg0351","fg0374","fg0405","fg0961","fg0414","fg0125","fg0805","fg0077","fg0866","fg0701","fg0074","fg0681"
"fq001062","vx_6936c178cbcdcdcb","fg0210","1","fg0210","fg0086","fg0276","fg0436","fg0069","fg0203","fg0720","fg0961","fg0405","fg0374","fg0937","fg0593","fg0632","fg0866","fg0471","fg0097","fg0124","fg0414","fg0413","fg0773"
"fq001063","vx_6936c178cbcdcdcb","fg0210","1","fg0210","fg0276","fg0086","fg0720","fg0436","fg0203","fg0124","fg0701","fg0351","fg0471","fg0937","fg0069","fg0557","fg0374","fg0805","fg0077","fg0773","fg0681","fg0450","fg0252"
"fq001064","vx_6936c178cbcdcdcb","fg0210","1","fg0210","fg0276","fg0086","fg0436","fg0203","fg0069","fg0720","fg0351","fg0961","fg0124","fg0471","fg0937","fg0374","fg0632","fg0866","fg0701","fg0097","fg0557","fg0405","fg0414"
"fq001065","vx_a387ea0f21a93c3a","fg0211","1","fg0211","fg0843","fg0907","fg0588","fg0397","fg0976","fg0573","fg0039","fg0106","fg0657","fg0513","fg0768","fg0191","fg0195","fg0025","fg0490","fg0713","fg0298","fg0936","fg0942"
"fq001066","vx_85c59da61bbab814","fg0212","1","fg0212","fg0776","fg0918","fg0074","fg0806","fg0819","fg0058","fg0007","fg0174","fg0329","fg0605","fg0020","fg0336","fg0763","fg0292","fg0739","fg0307","fg0580","fg0532","fg0581"
"fq001067","vx_85c59da61bbab814","fg0212","1","fg0212","fg0776","fg0918","fg0074","fg0819","fg0712","fg0763","fg0532","fg0806","fg0058","fg0739","fg0494","fg0329","fg0007","fg0580","fg0174","fg0336","fg0120","fg0950","fg0605"
"fq001068","vx_85c59da61bbab814","fg0212","1","fg0212","fg0776","fg0918","fg0074","fg0806","fg0058","fg0605","fg0174","fg0819","fg0580","fg0007","fg0336","fg0546","fg0763","fg0739","fg0120","fg0329","fg0308","fg0770","fg0009"
"fq001069","vx_85c59da61bbab814","fg0212","1","fg0212","fg0918","fg0776","fg0074","fg0058","fg0806","fg0819","fg0007","fg0580","fg0605","fg0174","fg0763","fg0739","fg0016","fg0329","fg0546","fg0336","fg0292","fg0120","fg0009"
"fq001070","vx_b05f8d33d4cc8916","fg0213","1","fg0213","fg0225","fg0523","fg0075","fg0102","fg0275","fg0464","fg0931","fg0327","fg0236","fg0439","fg0653","fg0559","fg0906","fg0299","fg0525","fg0304","fg0820","fg0729","fg0140"
"fq001071","vx_b05f8d33d4cc8916","fg0213","1","fg0213","fg0931","fg0523","fg0464","fg0599","fg0528","fg0327","fg0225","fg0947","fg0869","fg0319","fg0304","fg0102","fg0551","fg0729","fg0867","fg0250","fg0929","fg0466","fg0893"
"fq001072","vx_b05f8d33d4cc8916","fg0213","1","fg0213","fg0225","fg0523","fg0075","fg0102","fg0236","fg0931","fg0327","fg0275","fg0439","fg0464","fg0653","fg0820","fg0714","fg0099","fg0525","fg0906","fg0760","fg0304","fg0802"
"fq001073","vx_b05f8d33d4cc8916","fg0213","1","fg0213","fg0523","fg0225","fg0464","fg0466","fg0327","fg0599","fg0931","fg0304","fg0102","fg0873","fg0299","fg0250","fg0659","fg0528","fg0275","fg0936","fg0653","fg0559","fg0793"
"fq001074","vx_b05f8d33d4cc8916","fg0213","1","fg0213","fg0523","fg0931","fg0225","fg0997","fg0102","fg0820","fg0529","fg0906","fg0760","fg0879","fg0439","fg0958","fg0075","fg0551","fg0653","fg0275","fg0238","fg0869","fg0599"
"fq001075","vx_b05f8d33d4cc8916","fg0213","1","fg0213","fg0523","fg0931","fg0225","fg0102","fg0439","fg0075","fg0599","fg0464","fg0099","fg0327","fg0714","fg0238","fg0551","fg0236","fg0820","fg0906","fg0275","fg0760","fg0466"
"fq001076","vx_e0349c158a7bd471","fg0214","1","fg0214","fg0039","fg0768","fg0071","fg0843","fg0229","fg0641","fg0428","fg0172","fg0310","fg0106","fg0897","fg0515","fg0712","fg0388","fg0046","fg0159","fg0589","fg0550","fg0155"
"fq001077","vx_b61f95de8b92a92f","fg0215","1","fg0215","fg0111","fg0345","fg0285","fg0380","fg0675","fg0286","fg0015","fg0388","fg0123","fg0011","fg0001","fg0482","fg0562","fg0620","fg0808","fg0713","fg0814","fg0912","fg0610"
"fq001078","vx_d1dd524c0ccf9a08","fg0216","1","fg0216","fg0734","fg0428","fg0373","fg0043","fg0820","fg0022","fg0017","fg0687","fg0577","fg0995","fg0021","fg0775","fg0927","fg0599","fg0092","fg0611","fg0432","fg0558","fg0802"
"fq001079","vx_d1dd524c0ccf9a08","fg0216","1","fg0216","fg0734","fg0373","fg0428","fg0196","fg0022","fg0820","fg0917","fg0021","fg0995","fg0043","fg0821","fg0577","fg0434","fg0687","fg0558","fg0775","fg0017","fg0802","fg0207"
"fq001080","vx_8478d9f462f32685","fg0217","805","fg0915","fg0539","fg0576","fg0421","fg0959","fg0218","fg0926","fg0271","fg0155","fg0126","fg0975","fg0956","fg0483","fg0573","fg0565","fg0156","fg0656","fg0160","fg0010","fg0773"
"fq001081","vx_c5ce24342a9a3ee7","fg0218","1","fg0218","fg0307","fg0039","fg0712","fg0573","fg0214","fg0347","fg0656","fg0515","fg0429","fg0562","fg0513","fg0942","fg0437","fg0950","fg0126","fg0382","fg0025","fg0941","fg0490"
"fq001082","vx_10d4f8e0581dad55","fg0219","1","fg0219","fg0249","fg0498","fg0250","fg0521","fg0701","fg0440","fg0578","fg0612","fg0607","fg0266","fg0012","fg0668","fg0138","fg0945","fg0883","fg0991","fg0008","fg0064","fg0765"
"fq001083","vx_10d4f8e0581dad55","fg0219","1","fg0219","fg0249","fg0250","fg0498","fg0521","fg0607","fg0701","fg0765","fg0578","fg0991","fg0440","fg0612","fg0012","fg0138","fg0635","fg0386","fg0668","fg0945","fg0266","fg0529"
"fq001084","vx_10d4f8e0581dad55","fg0219","1","fg0219","fg0249","fg0701","fg0250","fg0521","fg0498","fg0337","fg0210","fg0471","fg0529","fg0971","fg0138","fg0945","fg0064","fg0635","fg0975","fg0051","fg0578","fg0916","fg0276"
"fq001085","vx_10d4f8e0581dad55","fg0219","1","fg0219","fg0249","fg0498","fg0250","fg0521","fg0701","fg0578","fg0138","fg0945","fg0012","fg0231","fg0612","fg0607","fg0322","fg0991","fg0440","fg0374","fg0529","fg0337","fg0668"
"fq001086","vx_0dff77d7da12eb01","fg0220","1","fg0220","fg0467","fg0556","fg0444","fg0132","fg0810","fg0830","fg0405","fg0433","fg0393","fg0200","fg0667","fg0774","fg0179","fg0738","fg0521","fg0585","fg0789","fg0825","fg0650"
"fq001087","vx_0dff77d7da12eb01","fg0220","1","fg0220","fg0830","fg0405","fg0444","fg0179","fg0738","fg0774","fg0650","fg0034","fg0755","fg0070","fg0547","fg0433","fg0343","fg0981","fg0161","fg0393","fg0803","fg0467","fg0990"
"fq001088","vx_d6982380ab660043","fg0221","1","fg0221","fg0865","fg0123","fg0335","fg0888","fg0198","fg0545","fg0839","fg0060","fg0180","fg0305","fg0239","fg0470","fg0394","fg0741","fg0781","fg0537","fg0356","fg0256","fg0524"
"fq001089","vx_747b6a931d153fa6","fg0222","1","fg0222","fg0344","fg0385","fg0949","fg0261","fg0909","fg0287","fg0369","fg0838","fg0664","fg0074","fg0387","fg0471","fg0125","fg0538","fg0691","fg0638","fg0456","fg0461","fg0800"
"fq001090","vx_747b6a931d153fa6","fg0222","1","fg0222","fg0344","fg0385","fg0909","fg0287","fg0838","fg0949","fg0261","fg0369","fg0471","fg0538","fg0074","fg0387","fg0796","fg0664","fg0455","fg0691","fg0125","fg0036","fg0461"
"fq001091","vx_747b6a931d153fa6","fg0222","1","fg0222","fg0344","fg0385","fg0909","fg0287","fg0838","fg0949","fg0261","fg0074","fg0369","fg0691","fg0796","fg0800","fg0456","fg0538","fg0720","fg0461","fg0125","fg0731","fg0869"
"fq001092","vx_747b6a931d153fa6","fg0222","1","fg0222","fg0344","fg0638","fg0287","fg0909","fg0471","fg0664","fg0838","fg0385","fg0949","fg0369","fg0538","fg0461","fg0261","fg0720","fg0074","fg0125","fg0869","fg0726","fg0796"
"fq001093","vx_747b6a931d153fa6","fg0222","1","fg0222","fg0344","fg0909","fg0385","fg0261","fg0838","fg0287","fg0949","fg0369","fg0074","fg0796","fg0125","fg0538","fg0800","fg0036","fg0456","fg0103","fg0691","fg0720","fg0869"
"fq001094","vx_747b6a931d153fa6","fg0222","1","fg0222","fg0344","fg0664","fg0287","fg0369","fg0949","fg0838","fg0461","fg0909","fg0471","fg0638","fg0385","fg0726","fg0125","fg0456","fg0234","fg0074","fg0261","fg0720","fg0800"
"fq001095","vx_747b6a931d153fa6","fg0222","1","fg0222","fg0909","fg0949","fg0344","fg0838","fg0385","fg0369","fg0261","fg0287","fg0538","fg0796","fg0471","fg0691","fg0074","fg0461","fg0961","fg0036","fg0546","fg0638","fg0455"
"fq001096","vx_747b6a931d153fa6","fg0222","1","fg0222","fg0344","fg0385","fg0838","fg0261","fg0909","fg0949","fg0369","fg0287","fg0691","fg0538","fg0800","fg0961","fg0074","fg0036","fg0308","fg0461","fg0456","fg0009","fg0216"
"fq001097","vx_747b6a931d153fa6","fg0222","1","fg0222","fg0838","fg0909","fg0949","fg0385","fg0369","fg0344","fg0471","fg0287","fg0261","fg0796","fg0455","fg0691","fg0538","fg0074","fg0125","fg0638","fg0036","fg0546","fg0664"
"fq001098","vx_5e6eda868db31366","fg0223","1","fg0223","fg0393","fg0725","fg0718","fg0909","fg0116","fg0720","fg0581","fg0202","fg0511","fg0949","fg0434","fg0059","fg0073","fg0917","fg0942","fg0845","fg0670","fg0326","fg0228"
"fq001099","vx_083737196ae28333","fg0224","1","fg0224","fg0909","fg0369","fg0841","fg0896","fg0796","fg0357","fg0815","fg0313","fg0950","fg0096","fg0035","fg0522","fg0632","fg0741","fg0884","fg0209","fg0877","fg0241","fg0823"
"fq001100","vx_fe39f2dd9c8983ef","fg0225","1","fg0225","fg0403","fg0213","fg0439","fg0317","fg0784","fg0880","fg0619","fg0608","fg0495","fg0726","fg0823","fg0151","fg0792","fg0523","fg0324","fg0998","fg0075","fg0571","fg0644"
"fq001101","vx_fe39f2dd9c8983ef","fg0225","1","fg0225","fg0213","fg0443","fg0439","fg0392","fg0608","fg0403","fg0523","fg0309","fg0680","fg0168","fg0792","fg0546","fg0102","fg0066","fg0236","fg0508","fg0075","fg0004","fg0619"
"fq001102","vx_fe39f2dd9c8983ef","fg0225","1","fg0225","fg0403","fg0880","fg0823","fg0784","fg0151","fg0213","fg0608","fg0810","fg0792","fg0619","fg0324","fg0998","fg0299","fg0443","fg0571","fg0317","fg0034","fg0500","fg0546"
"fq001103","vx_fe39f2dd9c8983ef","fg0225","1","fg0225","fg0213","fg0403","fg0968","fg0151","fg0608","fg0784","fg0075","fg0439","fg0792","fg0066","fg0500","fg0443","fg0327","fg0102","fg0476","fg0304","fg0611","fg0495","fg0034"
"fq001104","vx_fe39f2dd9c8983ef","fg0225","1","fg0225","fg0213","fg0403","fg0784","fg0792","fg0608","fg0075","fg0968","fg0317","fg0726","fg0439","fg0151","fg0619","fg0066","fg0680","fg0443","fg0508","fg0034","fg0299","fg0309"
"fq001105","vx_fe39f2dd9c8983ef","fg0225","1","fg0225","fg0213","fg0439","fg0075","fg0236","fg0102","fg0500","fg0608","fg0403","fg0523","fg0920","fg0066","fg0392","fg0680","fg0854","fg0792","fg0508","fg0968","fg0127","fg0495"
"fq001106","vx_fe39f2dd9c8983ef","fg0225","1","fg0225","fg0168","fg0213","fg0439","fg0353","fg0151","fg0406","fg0546","fg0075","fg0403","fg0285","fg0495","fg0615","fg0919","fg0608","fg0802","fg0275","fg0523","fg0189","fg0500"
"fq001107","vx_fe39f2dd9c8983ef","fg0225","1","fg0225","fg0213","fg0403","fg0968","fg0784","fg0151","fg0066","fg0792","fg0439","fg0726","fg0500","fg0608","fg0075","fg0880","fg0810","fg0495","fg0680","fg0619","fg0324","fg0998"
"fq001108","vx_fe39f2dd9c8983ef","fg0225","1","fg0225","fg0403","fg0880","fg0151","fg0823","fg0784","fg0998","fg0608","fg0299","fg0500","fg0810","fg0353","fg0275","fg0619","fg0213","fg0206","fg0140","fg0083","fg0559","fg0968"
"fq001109","vx_fe39f2dd9c8983ef","fg0225","1","fg0225","fg0213","fg0439","fg0784","fg0403","fg0151","fg0968","fg0792","fg0608","fg0075","fg0066","fg0500","fg0353","fg0140","fg0880","fg0854","fg0823","fg0649","fg0127","fg0619"
"fq001110","vx_1edf9b0718be8acb","fg0226","1","fg0226","fg0828","fg0577","fg0119","fg0400","fg0049","fg0345","fg0993","fg0864","fg0960","fg0440","fg0744","fg0008","fg0738","fg0235","fg0241","fg0359","fg0149","fg0881","fg0156"
"fq001111","vx_b148205a6d25b336","fg0227","1","fg0227","fg0889","fg0267","fg0939","fg0603","fg0589","fg0869","fg0117","fg0598","fg0552","fg0249","fg0396","fg0167","fg0979","fg0387","fg0399","fg0985","fg0103","fg0764","fg0018"
"fq001112","vx_b148205a6d25b336","fg0227","1","fg0227","fg0979","fg0603","fg0598","fg0117","fg0167","fg0889","fg0985","fg0254","fg0874","fg0396","fg0939","fg0483","fg0764","fg0589","fg0568","fg0288","fg0054","fg0192","fg0606"
"fq001113","vx_022cfff2115fe541","fg0228","1","fg0228","fg0393","fg0042","fg0942","fg0730","fg0106","fg0397","fg0452","fg0330","fg0429","fg0298","fg0695","fg0175","fg0324","fg0073","fg0059","fg0573","fg0475","fg0544","fg0527"
"fq001114","vx_5d3b73d4625f6c98","fg0229","1","fg0229","fg0172","fg0428","fg0089","fg0558","fg0310","fg0283","fg0108","fg0988","fg0892","fg0986","fg0214","fg0897","fg0722","fg0268","fg0046","fg0900","fg0063","fg0770","fg0929"
"fq001115","vx_5d3b73d4625f6c98","fg0229","1","fg0229","fg0172","fg0428","fg0089","fg0558","fg0283","fg0310","fg0108","fg0988","fg0214","fg0892","fg0722","fg0986","fg0046","fg0900","fg0897","fg0268","fg0063","fg0071","fg0311"
"fq001116","vx_5d3b73d4625f6c98","fg0229","1","fg0229","fg0172","fg0089","fg0428","fg0558","fg0310","fg0108","fg0283","fg0988","fg0214","fg0722","fg0986","fg0268","fg0892","fg0897","fg0900","fg0063","fg0929","fg0770","fg0046"
"fq001117","vx_5d3b73d4625f6c98","fg0229","1","fg0229","fg0172","fg0089","fg0428","fg0283","fg0558","fg0310","fg0108","fg0988","fg0722","fg0892","fg0214","fg0986","fg0268","fg0900","fg0897","fg0071","fg0311","fg0046","fg0770"
"fq001118","vx_5d3b73d4625f6c98","fg0229","1","fg0229","fg0172","fg0428","fg0089","fg0310","fg0283","fg0558","fg0108","fg0988","fg0892","fg0986","fg0897","fg0900","fg0214","fg0046","fg0425","fg0722","fg0268","fg0063","fg0116"
"fq001119","vx_5d3b73d4625f6c98","fg0229","1","fg0229","fg0172","fg0428","fg0089","fg0283","fg0558","fg0988","fg0310","fg0108","fg0722","fg0214","fg0986","fg0892","fg0268","fg0046","fg0897","fg0900","fg0311","fg0063","fg0010"
"fq001120","vx_5d3b73d4625f6c98","fg0229","1","fg0229","fg0172","fg0089","fg0428","fg0310","fg0283","fg0108","fg0722","fg0558","fg0988","fg0892","fg0900","fg0214","fg0268","fg0986","fg0897","fg0046","fg0311","fg0116","fg0425"
"fq001121","vx_5d3b73d4625f6c98","fg0229","1","fg0229","fg0172","fg0089","fg0428","fg0558","fg0310","fg0283","fg0108","fg0988","fg0986","fg0214","fg0722","fg0892","fg0268","fg0897","fg0900","fg0929","fg0311","fg0063","fg0770"
"fq001122","vx_5d3b73d4625f6c98","fg0229","1","fg0229","fg0172","fg0089","fg0428","fg0558","fg0283","fg0310","fg0988","fg0214","fg0108","fg0892","fg0770","fg0268","fg0986","fg0722","fg0063","fg0900","fg0897","fg0311","fg0046"
"fq001123","vx_5d3b73d4625f6c98","fg0229","1","fg0229","fg0172","fg0089","fg0428","fg0283","fg0310","fg0722","fg0108","fg0558","fg0214","fg0892","fg0988","fg0897","fg0046","fg0986","fg0929","fg0268","fg0063","fg0900","fg0071"
"fq001124","vx_5d3b73d4625f6c98","fg0229","1","fg0229","fg0172","fg0089","fg0428","fg0558","fg0310","fg0283","fg0988","fg0108","fg0892","fg0900","fg0722","fg0214","fg0986","fg0770","fg0897","fg0116","fg0311","fg0268","fg0425"
"fq001125","vx_bd5c96ee35d4469c","fg0230","1","fg0230","fg0096","fg0139","fg0082","fg0472","fg0601","fg0530","fg0429","fg0930","fg0891","fg0788","fg0623","fg0265","fg0831","fg0620","fg0107","fg0685","fg0137","fg0420","fg0165"
"fq001126","vx_194636f7224d501f","fg0231","1","fg0231","fg0794","fg0403","fg0151","fg0529","fg0559","fg0687","fg0355","fg0327","fg0184","fg0922","fg0318","fg0043","fg0834","fg0108","fg0521","fg0299","fg0444","fg0401","fg0652"
"fq001127","vx_194636f7224d501f","fg0231","1","fg0231","fg0794","fg0403","fg0559","fg0151","fg0529","fg0922","fg0327","fg0687","fg0318","fg0729","fg0652","fg0140","fg0184","fg0251","fg0043","fg0114","fg0521","fg0401","fg0834"
"fq001128","vx_0f52acd0679150cc","fg0232","1","fg0232","fg0718","fg0009","fg0029","fg0195","fg0423","fg0005","fg0137","fg0951","fg0805","fg0540","fg0350","fg0705","fg0928","fg0834","fg0485","fg0581","fg0542","fg0103","fg0251"
"fq001129","vx_0f52acd0679150cc","fg0232","1","fg0232","fg0718","fg0009","fg0029","fg0423","fg0005","fg0805","fg0485","fg0195","fg0540","fg0501","fg0251","fg0542","fg0350","fg0857","fg0951","fg0591","fg0928","fg0783","fg0137"
"fq001130","vx_0f52acd0679150cc","fg0232","1","fg0232","fg0009","fg0718","fg0195","fg0137","fg0350","fg0951","fg0029","fg0423","fg0005","fg0613","fg0540","fg0928","fg0591","fg0417","fg0705","fg0857","fg0834","fg0203","fg0485"
"fq001131","vx_0f52acd0679150cc","fg0232","1","fg0232","fg0718","fg0009","fg0951","fg0195","fg0137","fg0540","fg0029","fg0005","fg0581","fg0350","fg0928","fg0121","fg0692","fg0287","fg0103","fg0423","fg0591","fg0834","fg0705"
"fq001132","vx_0f52acd0679150cc","fg0232","1","fg0232","fg0009","fg0718","fg0195","fg0951","fg0613","fg0350","fg0137","fg0029","fg0542","fg0705","fg0005","fg0517","fg0423","fg0540","fg0417","fg0489","fg0766","fg0591","fg0699"
"fq001133","vx_0f52acd0679150cc","fg0232","1","fg0232","fg0718","fg0009","fg0005","fg0029","fg0423","fg0540","fg0542","fg0805","fg0195","fg0928","fg0137","fg0103","fg0350","fg0705","fg0951","fg0121","fg0203","fg0857","fg0441"
"fq001134","vx_0f52acd0679150cc","fg0232","1","fg0232","fg0718","fg0029","fg0195","fg0805","fg0581","fg0501","fg0009","fg0423","fg0485","fg0542","fg0005","fg0928","fg0137","fg0301","fg0752","fg0120","fg0517","fg0350","fg0951"
"fq001135","vx_0f52acd0679150cc","fg0232","1","fg0232","fg0009","fg0718","fg0029","fg0005","fg0423","fg0542","fg0195","fg0103","fg0350","fg0705","fg0121","fg0951","fg0137","fg0501","fg0857","fg0441","fg0834","fg0875","fg0581"
"fq001136","vx_0f52acd0679150cc","fg0232","1","fg0232","fg0718","fg0009","fg0951","fg0195","fg0423","fg0542","fg0029","fg0137","fg0350","fg0540","fg0613","fg0005","fg0857","fg0441","fg0517","fg0705","fg0805","fg0570","fg0501"
"fq001137","vx_0f52acd0679150cc","fg0232","1","fg0232","fg0718","fg0009","fg0195","fg0951","fg0029","fg0423","fg0137","fg0005","fg0350","fg0540","fg0121","fg0251","fg0834","fg0613","fg0928","fg0542","fg0103","fg0857","fg0805"
"fq001138","vx_0f52acd0679150cc","fg0232","1","fg0232","fg0718","fg0009","fg0195","fg0005","fg0951","fg0423","fg0540","fg0350","fg0251","fg0029","fg0103","fg0121","fg0705","fg0137","fg0501","fg0805","fg0591","fg0928","fg0441"
"fq001139","vx_0f52acd0679150cc","fg0232","1","fg0232","fg0009","fg0718","fg0951","fg0195","fg0350","fg0137","fg0029","fg0005","fg0103","fg0705","fg0928","fg0423","fg0692","fg0540","fg0121","fg0025","fg0591","fg0542","fg0613"
"fq001140","vx_0f52acd0679150cc","fg0232","1","fg0232","fg0718","fg0029","fg0009","fg0705","fg0423","fg0195","fg0005","fg0103","fg0542","fg0790","fg0350","fg0517","fg0951","fg0441","fg0570","fg0028","fg0360","fg0699","fg0032"
"fq001141","vx_0f52acd0679150cc","fg0232","1","fg0232","fg0718","fg0029","fg0009","fg0423","fg0195","fg0137","fg0005","fg0951","fg0542","fg0485","fg0834","fg0613","fg0857","fg0441","fg0540","fg0501","fg0350","fg0203","fg0805"
"fq001142","vx_0f52acd0679150cc","fg0232","1","fg0232","fg0718","fg0009","fg0029","fg0951","fg0423","fg0350","fg0195","fg0005","fg0137","fg0103","fg0540","fg0542","fg0581","fg0857","fg0834","fg0121","fg0805","fg0705","fg0251"
"fq001143","vx_0f52acd0679150cc","fg0232","1","fg0232","fg0718","fg0029","fg0009","fg0423","fg0137","fg0195","fg0542","fg0951","fg0005","fg0928","fg0540","fg0350","fg0705","fg0805","fg0834","fg0857","fg0485","fg0581","fg0613"
"fq001144","vx_0f52acd0679150cc","fg0232","1","fg0232","fg0718","fg0009","fg0029","fg0005","fg0928","fg0103","fg0195","fg0423","fg0805","fg0121","fg0705","fg0591","fg0540","fg0951","fg0834","fg0251","fg0501","fg0350","fg0875"
"fq001145","vx_0f52acd0679150cc","fg0232","1","fg0232","fg0718","fg0009","fg0005","fg0423","fg0195","fg0350","fg0251","fg0103","fg0029","fg0705","fg0591","fg0121","fg0540","fg0485","fg0951","fg0025","fg0137","fg0501","fg0441"
"fq001146","vx_0f52acd0679150cc","fg0232","1","fg0232","fg0009","fg0718","fg0423","fg0005","fg0029","fg0195","fg0951","fg0350","fg0137","fg0251","fg0705","fg0103","fg0121","fg0501","fg0542","fg0540","fg0581","fg0025","fg0857"
"fq001147","vx_0f52acd0679150cc","fg0232","1","fg0232","fg0423","fg0029","fg0718","fg0009","fg0485","fg0542","fg0501","fg0005","fg0705","fg0251","fg0103","fg0195","fg0805","fg0121","fg0857","fg0350","fg0783","fg0441","fg0449"
"fq001148","vx_0f52acd0679150cc","fg0232","1","fg0232","fg0009","fg0718","fg0542","fg0005","fg0423","fg0029","fg0137","fg0441","fg0951","fg0501","fg0195","fg0857","fg0834","fg0350","fg0485","fg0705","fg0103","fg0613","fg0121"
"fq001149","vx_0f52acd0679150cc","fg0232","1","fg0232","fg0542","fg0718","fg0009","fg0029","fg0423","fg0005","fg0705","fg0350","fg0137","fg0699","fg0195","fg0570","fg0485","fg0951","fg0441","fg0766","fg0613","fg0857","fg0574"
"fq001150","vx_0f52acd0679150cc","fg0232","1","fg0232","fg0718","fg0029","fg0423","fg0195","fg0009","fg0501","fg0005","fg0951","fg0485","fg0137","fg0542","fg0805","fg0705","fg0441","fg0350","fg0449","fg0752","fg0540","fg0517"
"fq001151","vx_0f52acd0679150cc","fg0232","1","fg0232","fg0009","fg0718","fg0423","fg0029","fg0137","fg0951","fg0005","fg0540","fg0195","fg0485","fg0350","fg0542","fg0251","fg0501","fg0613","fg0857","fg0805","fg0834","fg0517"
"fq001152","vx_0f52acd0679150cc","fg0232","1","fg0232","fg0009","fg0718","fg0542","fg0423","fg0029","fg0005","fg0441","fg0501","fg0195","fg0137","fg0951","fg0350","fg0705","fg0857","fg0485","fg0540","fg0103","fg0613","fg0834"
"fq001153","vx_0f52acd0679150cc","fg0232","1","fg0232","fg0718","fg0009","fg0029","fg0951","fg0423","fg0195","fg0137","fg0005","fg0540","fg0350","fg0251","fg0542","fg0805","fg0928","fg0121","fg0485","fg0501","fg0834","fg0581"
"fq001154","vx_0f52acd0679150cc","fg0232","1","fg0232","fg0009","fg0718","fg0029","fg0195","fg0423","fg0005","fg0951","fg0705","fg0137","fg0350","fg0540","fg0834","fg0542","fg0501","fg0928","fg0485","fg0103","fg0251","fg0517"
"fq001155","vx_0f52acd0679150cc","fg0232","1","fg0232","fg0009","fg0718","fg0005","fg0423","fg0540","fg0705","fg0029","fg0137","fg0195","fg0103","fg0350","fg0121","fg0928","fg0805","fg0857","fg0251","fg0834","fg0951","fg0542"
"fq001156","vx_0f52acd0679150cc","fg0232","1","fg0232","fg0718","fg0009","fg0423","fg0029","fg0540","fg0195","fg0951","fg0137","fg0005","fg0251","fg0350","fg0805","fg0542","fg0705","fg0928","fg0857","fg0501","fg0485","fg0591"
"fq001157","vx_0f52acd0679150cc","fg0232","1","fg0232","fg0718","fg0009","fg0029","fg0005","fg0423","fg0705","fg0195","fg0951","fg0928","fg0485","fg0540","fg0542","fg0591","fg0137","fg0834","fg0501","fg0805","fg0103","fg0350"
"fq001158","vx_0f52acd0679150cc","fg0232","1","fg0232","fg0718","fg0009","fg0423","fg0029","fg0195","fg0350","fg0005","fg0540","fg0542","fg0705","fg0137","fg0805","fg0951","fg0251","fg0928","fg0857","fg0581","fg0501","fg0103"
"fq001159","vx_0f52acd0679150cc","fg0232","1","fg0232","fg0195","fg0718","fg0009","fg0951","fg0540","fg0029","fg0805","fg0251","fg0350","fg0005","fg0137","fg0928","fg0613","fg0581","fg0423","fg0501","fg0517","fg0103","fg0485"
"fq001160","vx_0f52acd0679150cc","fg0232","1","fg0232","fg0718","fg0009","fg0029","fg0423","fg0195","fg0350","fg0805","fg0005","fg0542","fg0705","fg0485","fg0857","fg0591","fg0121","fg0501","fg0540","fg0103","fg0783","fg0137"
"fq001161","vx_0f52acd0679150cc","fg0232","1","fg0232","fg0009","fg0718","fg0029","fg0005","fg0423","fg0195","fg0705","fg0928","fg0540","fg0805","fg0121","fg0350","fg0240","fg0103","fg0449","fg0251","fg0501","fg0485","fg0542"
"fq001162","vx_0f52acd0679150cc","fg0232","1","fg0232","fg0718","fg0009","fg0540","fg0005","fg0029","fg0805","fg0195","fg0423","fg0137","fg0951","fg0928","fg0350","fg0834","fg0705","fg0449","fg0613","fg0542","fg0485","fg0441"
"fq001163","vx_0f52acd0679150cc","fg0232","1","fg0232","fg0009","fg0718","fg0005","fg0423","fg0350","fg0137","fg0103","fg0195","fg0951","fg0705","fg0540","fg0121","fg0441","fg0203","fg0025","fg0029","fg0542","fg0591","fg0857"
"fq001164","vx_72d1a53c7bf67641","fg0233","1","fg0233","fg0328","fg0241","fg0347","fg0140","fg0959","fg0503","fg0792","fg0569","fg0298","fg0552","fg0489","fg0768","fg0169","fg0388","fg0938","fg0828","fg0794","fg0577","fg0270"
"fq001165","vx_72d1a53c7bf67641","fg0233","1","fg0233","fg0328","fg0347","fg0503","fg0298","fg0584","fg0749","fg0729","fg0489","fg0224","fg0959","fg0794","fg0227","fg0552","fg0569","fg0565","fg0169","fg0682","fg0280","fg0270"
"fq001166","vx_72d1a53c7bf67641","fg0233","1","fg0233","fg0328","fg0503","fg0298","fg0347","fg0241","fg0749","fg0224","fg0489","fg0584","fg0959","fg0792","fg0729","fg0162","fg0552","fg0355","fg0267","fg0270","fg0936","fg0662"
"fq001167","vx_72d1a53c7bf67641","fg0233","1","fg0233","fg0328","fg0347","fg0298","fg0959","fg0503","fg0662","fg0584","fg0749","fg0794","fg0792","fg0042","fg0078","fg0270","fg0552","fg0821","fg0565","fg0181","fg0889","fg0241"
"fq001168","vx_72d1a53c7bf67641","fg0233","1","fg0233","fg0328","fg0347","fg0298","fg0503","fg0241","fg0792","fg0959","fg0768","fg0641","fg0565","fg0794","fg0749","fg0406","fg0211","fg0489","fg0186","fg0527","fg0569","fg0843"
"fq001169","vx_27da43928d364095","fg0234","1","fg0234","fg0913","fg0468","fg0918","fg0664","fg0606","fg0150","fg0998","fg0973","fg0121","fg0832","fg0203","fg0182","fg0535","fg0358","fg0350","fg0871","fg0399","fg0580","fg0356"
"fq001170","vx_8efd552f5038d8a0","fg0235","1","fg0235","fg0256","fg0262","fg0967","fg0246","fg0066","fg0781","fg0508","fg0493","fg0545","fg0888","fg0601","fg0321","fg0737","fg0582","fg0789","fg0801","fg0237","fg0849","fg0650"
"fq001171","vx_8efd552f5038d8a0","fg0235","1","fg0235","fg0256","fg0262","fg0967","fg0246","fg0508","fg0781","fg0066","fg0737","fg0493","fg0593","fg0982","fg0237","fg0619","fg0321","fg0849","fg0801","fg0789","fg0601","fg0582"
"fq001172","vx_15c52144b0951e42","fg0236","1","fg0236","fg0075","fg0237","fg0041","fg0189","fg0439","fg0213","fg0309","fg0799","fg0225","fg0100","fg0575","fg0523","fg0366","fg0410","fg0406","fg0300","fg0004","fg0887","fg0105"
"fq001173","vx_15c52144b0951e42","fg0236","1","fg0236","fg0075","fg0237","fg0189","fg0041","fg0439","fg0213","fg0309","fg0799","fg0575","fg0300","fg0225","fg0523","fg0100","fg0105","fg0004","fg0410","fg0366","fg0887","fg0349"
"fq001174","vx_adbb4693ebbce863","fg0237","1","fg0237","fg0189","fg0236","fg0041","fg0075","fg0439","fg0799","fg0309","fg0050","fg0919","fg0100","fg0366","fg0523","fg0896","fg0052","fg0457","fg0971","fg0952","fg0853","fg0935"
"fq001175","vx_6ceba8af8fc3a94b","fg0238","1","fg0238","fg0890","fg0322","fg0946","fg0908","fg0683","fg0138","fg0558","fg0024","fg0128","fg0609","fg0519","fg0259","fg0032","fg0842","fg0699","fg0029","fg0754","fg0242","fg0445"
"fq001176","vx_6ceba8af8fc3a94b","fg0238","1","fg0238","fg0128","fg0138","fg0322","fg0029","fg0396","fg0032","fg0449","fg0486","fg0498","fg0777","fg0624","fg0802","fg0242","fg0812","fg0406","fg0377","fg0483","fg0050","fg0699"
"fq001177","vx_6ceba8af8fc3a94b","fg0238","1","fg0238","fg0322","fg0890","fg0138","fg0908","fg0029","fg0449","fg0128","fg0946","fg0377","fg0519","fg0683","fg0032","fg0523","fg0558","fg0024","fg0699","fg0622","fg0314","fg0783"
"fq001178","vx_6ceba8af8fc3a94b","fg0238","1","fg0238","fg0322","fg0945","fg0138","fg0194","fg0466","fg0029","fg0699","fg0333","fg0449","fg0167","fg0604","fg0975","fg0751","fg0483","fg0728","fg0476","fg0673","fg0629","fg0219"
"fq001179","vx_6ceba8af8fc3a94b","fg0238","1","fg0238","fg0322","fg0138","fg0377","fg0029","fg0032","fg0449","fg0890","fg0128","fg0486","fg0519","fg0683","fg0622","fg0945","fg0242","fg0881","fg0744","fg0908","fg0699","fg0812"
"fq001180","vx_6ceba8af8fc3a94b","fg0238","1","fg0238","fg0322","fg0890","fg0138","fg0908","fg0032","fg0946","fg0558","fg0519","fg0683","fg0029","fg0354","fg0377","fg0699","fg0449","fg0689","fg0777","fg0128","fg0483","fg0609"
"fq001181","vx_6ceba8af8fc3a94b","fg0238","1","fg0238","fg0890","fg0322","fg0908","fg0138","fg0946","fg0699","fg0519","fg0683","fg0128","fg0032","fg0449","fg0558","fg0377","fg0029","fg0024","fg0609","fg0406","fg0689","fg0354"
"fq001182","vx_6ceba8af8fc3a94b","fg0238","1","fg0238","fg0890","fg0322","fg0138","fg0908","fg0377","fg0523","fg0946","fg0449","fg0029","fg0242","fg0032","fg0213","fg0024","fg0752","fg0754","fg0273","fg0326","fg0343","fg0768"
"fq001183","vx_6ceba8af8fc3a94b","fg0238","1","fg0238","fg0322","fg0138","fg0890","fg0128","fg0032","fg0029","fg0908","fg0377","fg0768","fg0449","fg0519","fg0558","fg0783","fg0523","fg0683","fg0406","fg0445","fg0699","fg0946"
"fq001184","vx_6ceba8af8fc3a94b","fg0238","1","fg0238","fg0322","fg0138","fg0945","fg0873","fg0029","fg0484","fg0476","fg0032","fg0128","fg0699","fg0466","fg0558","fg0754","fg0486","fg0498","fg0624","fg0820","fg0377","fg0445"
"fq001185","vx_6ceba8af8fc3a94b","fg0238","1","fg0238","fg0322","fg0890","fg0138","fg0128","fg0908","fg0032","fg0768","fg0029","fg0699","fg0377","fg0449","fg0783","fg0519","fg0050","fg0242","fg0558","fg0946","fg0689","fg0622"
"fq001186","vx_9c60083e1db7d389","fg0239","1","fg0239","fg0470","fg0058","fg0739","fg0259","fg0763","fg0923","fg0174","fg0479","fg0683","fg0190","fg0755","fg0558","fg0060","fg0020","fg0865","fg0693","fg0450","fg0221","fg0735"
"fq001187","vx_9c60083e1db7d389","fg0239","1","fg0239","fg0470","fg0058","fg0259","fg0923","fg0190","fg0683","fg0479","fg0739","fg0558","fg0763","fg0020","fg0060","fg0401","fg0693","fg0755","fg0174","fg0561","fg0928","fg0134"
"fq001188","vx_9c60083e1db7d389","fg0239","1","fg0239","fg0470","fg0058","fg0259","fg0739","fg0190","fg0923","fg0683","fg0479","fg0763","fg0020","fg0401","fg0174","fg0693","fg0755","fg0558","fg0060","fg0561","fg0658","fg0450"
"fq001189","vx_08c7c00e18bdf7ec","fg0240","1","fg0240","fg0559","fg0783","fg0151","fg0043","fg0092","fg0687","fg0373","fg0906","fg0128","fg0114","fg0820","fg0355","fg0810","fg0273","fg0162","fg0299","fg0251","fg0108","fg0611"
"fq001190","vx_92692a1b5c9a5270","fg0241","1","fg0241","fg0569","fg0936","fg0275","fg0388","fg0503","fg0298","fg0123","fg0001","fg0688","fg0355","fg0159","fg0959","fg0525","fg0533","fg0490","fg0126","fg0313","fg0411","fg0162"
"fq001191","vx_2bdee5c9259bafdc","fg0242","1","fg0242","fg0802","fg0687","fg0043","fg0373","fg0739","fg0763","fg0523","fg0927","fg0017","fg0275","fg0377","fg0820","fg0605","fg0600","fg0555","fg0881","fg0768","fg0884","fg0092"
"fq001192","vx_9e63e88c09c7f127","fg0243","1","fg0243","fg0408","fg0665","fg0041","fg0748","fg0447","fg0379","fg0179","fg0996","fg0686","fg0706","fg0052","fg0046","fg0636","fg0221","fg0068","fg0803","fg0501","fg0564","fg0467"
"fq001193","vx_07aa3b0a5a2783a1","fg0244","1","fg0244","fg0716","fg0532","fg0365","fg0338","fg0939","fg0916","fg0852","fg0143","fg0427","fg0960","fg0307","fg0294","fg0740","fg0228","fg0330","fg0015","fg0811","fg0081","fg0027"
"fq001194","vx_07aa3b0a5a2783a1","fg0244","1","fg0244","fg0365","fg0716","fg0960","fg0939","fg0532","fg0330","fg0706","fg0811","fg0338","fg0015","fg0082","fg0107","fg0026","fg0307","fg0332","fg0852","fg0745","fg0143","fg0916"
"fq001195","vx_f8d1aeb5a7cc5172","fg0245","1","fg0245","fg0012","fg0795","fg0254","fg0738","fg0603","fg0304","fg0731","fg0117","fg0199","fg0666","fg0963","fg0167","fg0751","fg0630","fg0759","fg0973","fg0002","fg0981","fg0948"
"fq001196","vx_f8d1aeb5a7cc5172","fg0245","1","fg0245","fg0795","fg0304","fg0012","fg0751","fg0289","fg0194","fg0759","fg0333","fg0066","fg0199","fg0254","fg0002","fg0823","fg0666","fg0603","fg0880","fg0968","fg0683","fg0731"
"fq001197","vx_11227c8b31904a06","fg0246","1","fg0246","fg0256","fg0789","fg0262","fg0781","fg0967","fg0888","fg0619","fg0650","fg0807","fg0132","fg0165","fg0545","fg0235","fg0878","fg0801","fg0632","fg0329","fg0398","fg0148"
"fq001198","vx_11227c8b31904a06","fg0246","1","fg0246","fg0256","fg0262","fg0781","fg0789","fg0967","fg0888","fg0619","fg0650","fg0807","fg0545","fg0132","fg0235","fg0165","fg0398","fg0801","fg0774","fg0944","fg0148","fg0878"
"fq001199","vx_11227c8b31904a06","fg0246","1","fg0246","fg0256","fg0262","fg0781","fg0789","fg0967","fg0888","fg0619","fg0650","fg0807","fg0545","fg0235","fg0132","fg0398","fg0801","fg0434","fg0944","fg0148","fg0277","fg0774"
"fq001200","vx_bba95f8ee676791e","fg0247","1","fg0247","fg0191","fg0843","fg0334","fg0390","fg0682","fg0747","fg0907","fg0071","fg0831","fg0855","fg0527","fg0136","fg0517","fg0515","fg0078","fg0211","fg0060","fg0186","fg0630"
"fq001201","vx_2a8cd1fe3ae992b5","fg0248","1","fg0248","fg0841","fg0610","fg0950","fg0101","fg0955","fg0420","fg0494","fg0675","fg0620","fg0111","fg0486","fg0288","fg0084","fg0215","fg0011","fg0741","fg0812","fg0329","fg0725"
"fq001202","vx_50b8080113338def","fg0249","1","fg0249","fg0603","fg0509","fg0660","fg0227","fg0084","fg0248","fg0735","fg0192","fg0069","fg0218","fg0444","fg0950","fg0323","fg0922","fg0983","fg0985","fg0113","fg0722","fg0825"
"fq001203","vx_bdb8a8b797e5e6e1","fg0250","1","fg0250","fg0521","fg0945","fg0227","fg0190","fg0922","fg0249","fg0471","fg0583","fg0219","fg0094","fg0384","fg0498","fg0794","fg0464","fg0140","fg0231","fg0764","fg0613","fg0272"
"fq001204","vx_466978cb08616ca2","fg0251","1","fg0251","fg0894","fg0121","fg0450","fg0694","fg0083","fg0487","fg0035","fg0206","fg0759","fg0232","fg0484","fg0902","fg0859","fg0040","fg0870","fg0621","fg0092","fg0783","fg0883"
"fq001205","vx_466978cb08616ca2","fg0251","1","fg0251","fg0894","fg0121","fg0083","fg0694","fg0206","fg0232","fg0450","fg0035","fg0759","fg0902","fg0859","fg0794","fg0040","fg0998","fg0621","fg0231","fg0487","fg0340","fg0870"
"fq001206","vx_1f602f2bb4daf97b","fg0252","1","fg0252","fg0714","fg0358","fg0042","fg0081","fg0956","fg0421","fg0125","fg0539","fg0969","fg0276","fg0825","fg0323","fg0773","fg0494","fg0791","fg0380","fg0372","fg0051","fg0201"
"fq001207","vx_d86d91096f669c36","fg0253","1","fg0253","fg0602","fg0107","fg0222","fg0472","fg0096","fg0788","fg0833","fg0359","fg0891","fg0408","fg0330","fg0530","fg0209","fg0282","fg0623","fg0141","fg0115","fg0391","fg0459"
"fq001208","vx_acc72328b0c1b9e8","fg0254","1","fg0254","fg0117","fg0245","fg0830","fg0764","fg0851","fg0199","fg0932","fg0034","fg0760","fg0227","fg0818","fg0285","fg0064","fg0979","fg0482","fg0358","fg0607","fg0450","fg0731"
"fq001209","vx_8c508ca0b9ed8b80","fg0255","1","fg0255","fg0425","fg0745","fg0030","fg0730","fg0332","fg0663","fg0061","fg0135","fg0829","fg0109","fg0751","fg0625","fg0655","fg0909","fg0312","fg0104","fg0836","fg0994","fg0728"
"fq001210","vx_8c508ca0b9ed8b80","fg0255","1","fg0255","fg0425","fg0750","fg0030","fg0341","fg0745","fg0909","fg0109","fg0116","fg0655","fg0730","fg0891","fg0061","fg0994","fg0258","fg0491","fg0546","fg0089","fg0332","fg0387"
"fq001211","vx_8c508ca0b9ed8b80","fg0255","1","fg0255","fg0109","fg0425","fg0030","fg0745","fg0625","fg0891","fg0093","fg0146","fg0730","fg0263","fg0061","fg0332","fg0343","fg0116","fg0122","fg0273","fg0341","fg0655","fg0312"
"fq001212","vx_8c508ca0b9ed8b80","fg0255","1","fg0255","fg0425","fg0745","fg0750","fg0655","fg0258","fg0491","fg0116","fg0030","fg0332","fg0312","fg0663","fg0061","fg0109","fg0546","fg0909","fg0651","fg0891","fg0122","fg0516"
"fq001213","vx_ad4c60c0c99d7003","fg0256","1","fg0256","fg0246","fg0262","fg0967","fg0781","fg0789","fg0888","fg0619","fg0807","fg0545","fg0650","fg0398","fg0235","fg0801","fg0148","fg0995","fg0221","fg0524","fg0823","fg0434"
"fq001214","vx_ad4c60c0c99d7003","fg0256","1","fg0256","fg0246","fg0967","fg0262","fg0781","fg0789","fg0888","fg0619","fg0807","fg0650","fg0545","fg0398","fg0995","fg0235","fg0148","fg0524","fg0801","fg0823","fg0434","fg0176"
"fq001215","vx_ad4c60c0c99d7003","fg0256","1","fg0256","fg0246","fg0967","fg0262","fg0781","fg0789","fg0888","fg0619","fg0545","fg0650","fg0807","fg0398","fg0995","fg0235","fg0823","fg0241","fg0066","fg0176","fg0524","fg0148"
"fq001216","vx_ad4c60c0c99d7003","fg0256","1","fg0256","fg0967","fg0246","fg0262","fg0781","fg0789","fg0888","fg0619","fg0398","fg0807","fg0650","fg0801","fg0235","fg0148","fg0545","fg0995","fg0524","fg0944","fg0241","fg0361"
"fq001217","vx_ad4c60c0c99d7003","fg0256","1","fg0256","fg0246","fg0967","fg0262","fg0781","fg0789","fg0888","fg0619","fg0807","fg0650","fg0545","fg0398","fg0235","fg0801","fg0995","fg0823","fg0148","fg0066","fg0221","fg0524"
"fq001218","vx_ad4c60c0c99d7003","fg0256","1","fg0256","fg0246","fg0967","fg0262","fg0781","fg0789","fg0888","fg0619","fg0807","fg0650","fg0545","fg0398","fg0995","fg0801","fg0235","fg0524","fg0823","fg0148","fg0434","fg0176"
"fq001219","vx_ad4c60c0c99d7003","fg0256","1","fg0256","fg0246","fg0262","fg0967","fg0781","fg0789","fg0888","fg0619","fg0650","fg0545","fg0807","fg0801","fg0235","fg0221","fg0148","fg0398","fg0823","fg0524","fg0493","fg0132"
"fq001220","vx_ad4c60c0c99d7003","fg0256","1","fg0256","fg0246","fg0262","fg0781","fg0967","fg0789","fg0888","fg0619","fg0650","fg0807","fg0545","fg0235","fg0801","fg0221","fg0132","fg0148","fg0398","fg0823","fg0493","fg0434"
"fq001221","vx_ad4c60c0c99d7003","fg0256","1","fg0256","fg0246","fg0967","fg0262","fg0781","fg0789","fg0888","fg0619","fg0807","fg0398","fg0650","fg0545","fg0995","fg0801","fg0823","fg0524","fg0235","fg0176","fg0148","fg0066"
"fq001222","vx_ad4c60c0c99d7003","fg0256","1","fg0256","fg0246","fg0967","fg0262","fg0789","fg0781","fg0888","fg0619","fg0650","fg0807","fg0545","fg0398","fg0995","fg0801","fg0434","fg0235","fg0148","fg0176","fg0524","fg0132"
"fq001223","vx_ad4c60c0c99d7003","fg0256","1","fg0256","fg0246","fg0262","fg0967","fg0781","fg0789","fg0888","fg0619","fg0807","fg0545","fg0650","fg0235","fg0801","fg0398","fg0148","fg0221","fg0493","fg0823","fg0524","fg0944"
"fq001224","vx_ad4c60c0c99d7003","fg0256","1","fg0256","fg0246","fg0781","fg0262","fg0967","fg0789","fg0888","fg0619","fg0545","fg0807","fg0650","fg0801","fg0221","fg0235","fg0148","fg0398","fg0524","fg0823","fg0995","fg0944"
"fq001225","vx_ad4c60c0c99d7003","fg0256","1","fg0256","fg0246","fg0262","fg0967","fg0781","fg0789","fg0888","fg0619","fg0807","fg0545","fg0650","fg0398","fg0235","fg0801","fg0148","fg0221","fg0524","fg0944","fg0493","fg0286"
"fq001226","vx_ad4c60c0c99d7003","fg0256","1","fg0256","fg0246","fg0967","fg0262","fg0781","fg0789","fg0888","fg0619","fg0807","fg0398","fg0650","fg0545","fg0801","fg0995","fg0235","fg0524","fg0176","fg0148","fg0823","fg0221"
"fq001227","vx_152d62abb88d9a5b","fg0257","1","fg0257","fg0563","fg0094","fg0953","fg0440","fg0871","fg0085","fg0370","fg0061","fg0973","fg0131","fg0129","fg0578","fg0768","fg0874","fg0851","fg0657","fg0686","fg0318","fg0687"
"fq001228","vx_152d62abb88d9a5b","fg0257","1","fg0257","fg0563","fg0440","fg0871","fg0061","fg0094","fg0973","fg0953","fg0085","fg0370","fg0578","fg0874","fg0686","fg0669","fg0129","fg0657","fg0972","fg0062","fg0037","fg0054"
"fq001229","vx_34c841b8b3f78294","fg0258","1","fg0258","fg0412","fg0845","fg0316","fg0474","fg0503","fg0063","fg0387","fg0575","fg0370","fg0745","fg0582","fg0388","fg0214","fg0778","fg0425","fg0490","fg0367","fg0437","fg0453"
"fq001230","vx_34c841b8b3f78294","fg0258","1","fg0258","fg0412","fg0845","fg0474","fg0316","fg0503","fg0387","fg0437","fg0063","fg0696","fg0370","fg0575","fg0425","fg0367","fg0582","fg0750","fg0010","fg0039","fg0453","fg0388"
"fq001231","vx_34c841b8b3f78294","fg0258","1","fg0258","fg0845","fg0412","fg0316","fg0387","fg0745","fg0474","fg0575","fg0370","fg0063","fg0437","fg0503","fg0425","fg0367","fg0453","fg0582","fg0181","fg0388","fg0490","fg0214"
"fq001232","vx_bc4d22884b2bfa2d","fg0259","1","fg0259","fg0201","fg0946","fg0713","fg0839","fg0205","fg0111","fg0482","fg0890","fg0823","fg0600","fg0746","fg0620","fg0345","fg0400","fg0321","fg0049","fg0478","fg0486","fg0508"
"fq001233","vx_bc4d22884b2bfa2d","fg0259","1","fg0259","fg0928","fg0321","fg0176","fg0097","fg0201","fg0690","fg0652","fg0946","fg0304","fg0968","fg0024","fg0368","fg0190","fg0239","fg0111","fg0265","fg0558","fg0754","fg0683"
"fq001234","vx_bc4d22884b2bfa2d","fg0259","75","fg0729","fg0885","fg0533","fg0500","fg0162","fg0273","fg0355","fg0022","fg0569","fg0275","fg0555","fg0466","fg0343","fg0821","fg0927","fg0583","fg0451","fg0140","fg0758","fg0283"
"fq001235","vx_bc4d22884b2bfa2d","fg0259","1","fg0259","fg0946","fg0201","fg0713","fg0321","fg0890","fg0205","fg0839","fg0111","fg0239","fg0928","fg0823","fg0620","fg0024","fg0482","fg0600","fg0176","fg0097","fg0763","fg0558"
"fq001236","vx_bee5d952c7befc45","fg0260","1","fg0260","fg0573","fg0211","fg0843","fg0411","fg0147","fg0972","fg0350","fg0421","fg0490","fg0733","fg0657","fg0195","fg0855","fg0936","fg0808","fg0527","fg0345","fg0588","fg0513"
"fq001237","vx_b80f75ff67b7eb89","fg0261","1","fg0261","fg0650","fg0325","fg0260","fg0314","fg0750","fg0909","fg0014","fg0343","fg0365","fg0351","fg0363","fg0759","fg0583","fg0020","fg0385","fg0545","fg0838","fg0008","fg0179"
"fq001238","vx_325d9df9b5683c24","fg0262","1","fg0262","fg0967","fg0789","fg0256","fg0619","fg0246","fg0781","fg0888","fg0650","fg0035","fg0508","fg0272","fg0807","fg0069","fg0823","fg0638","fg0632","fg0286","fg0113","fg0995"
"fq001239","vx_770e6b634ec46c9d","fg0263","1","fg0263","fg0404","fg0170","fg0704","fg0431","fg0716","fg0792","fg0457","fg0397","fg0639","fg0122","fg0039","fg0050","fg0730","fg0330","fg0459","fg0102","fg0641","fg0300","fg0523"
"fq001240","vx_770e6b634ec46c9d","fg0263","1","fg0263","fg0170","fg0704","fg0457","fg0050","fg0300","fg0404","fg0792","fg0039","fg0523","fg0102","fg0431","fg0298","fg0641","fg0730","fg0397","fg0122","fg0639","fg0797","fg0459"
"fq001241","vx_a147eb375e658cb0","fg0264","1","fg0264","fg0674","fg0776","fg0707","fg0818","fg0550","fg0385","fg0013","fg0341","fg0541","fg0287","fg0531","fg0008","fg0764","fg0750","fg0516","fg0892","fg0004","fg0425","fg0046"
"fq001242","vx_bd6f8c6e0cc050a2","fg0265","1","fg0265","fg0930","fg0188","fg0127","fg0831","fg0605","fg0816","fg0987","fg0201","fg0713","fg0259","fg0549","fg0920","fg0629","fg0777","fg0156","fg0230","fg0096","fg0171","fg0205"
"fq001243","vx_bd6f8c6e0cc050a2","fg0265","1","fg0265","fg0930","fg0188","fg0605","fg0592","fg0975","fg0920","fg0629","fg0171","fg0935","fg0777","fg0595","fg0156","fg0571","fg0115","fg0632","fg0483","fg0544","fg0526","fg0515"
"fq001244","vx_6706357c47860d6d","fg0266","1","fg0266","fg0004","fg0338","fg0887","fg0309","fg0366","fg0161","fg0501","fg0855","fg0720","fg0849","fg0934","fg0431","fg0630","fg0219","fg0681","fg0236","fg0795","fg0027","fg0862"
"fq001245","vx_f203910bd199c165","fg0267","1","fg0267","fg0430","fg0227","fg0552","fg0936","fg0173","fg0889","fg0078","fg0169","fg0749","fg0347","fg0313","fg0130","fg0729","fg0126","fg0186","fg0583","fg0312","fg0025","fg0676"
"fq001246","vx_f203910bd199c165","fg0267","1","fg0267","fg0936","fg0130","fg0583","fg0749","fg0313","fg0729","fg0173","fg0227","fg0533","fg0552","fg0169","fg0885","fg0889","fg0676","fg0569","fg0430","fg0312","fg0355","fg0186"
"fq001247","vx_1f66bf13de5cb227","fg0268","1","fg0268","fg0988","fg0702","fg0924","fg0180","fg0586","fg0281","fg0229","fg0992","fg0172","fg0409","fg0819","fg0723","fg0634","fg0978","fg0728","fg0751","fg0865","fg0939","fg0839"
"fq001248","vx_a63a6f2c8044c806","fg0269","1","fg0269","fg0063","fg0696","fg0598","fg0932","fg0994","fg0010","fg0358","fg0877","fg0977","fg0712","fg0199","fg0384","fg0707","fg0808","fg0341","fg0026","fg0651","fg0545","fg0200"
"fq001249","vx_a63a6f2c8044c806","fg0269","1","fg0269","fg0634","fg0063","fg0456","fg0696","fg0443","fg0415","fg0853","fg0924","fg0281","fg0381","fg0010","fg0088","fg0608","fg0531","fg0344","fg0026","fg0727","fg0426","fg0745"
"fq001250","vx_a63a6f2c8044c806","fg0269","1","fg0269","fg0696","fg0394","fg0010","fg0063","fg0254","fg0199","fg0004","fg0935","fg0034","fg0290","fg0726","fg0877","fg0750","fg0026","fg0598","fg0384","fg0200","fg0994","fg0341"
"fq001251","vx_32339657247a9199","fg0270","1","fg0270","fg0749","fg0584","fg0552","fg0159","fg0588","fg0569","fg0910","fg0794","fg0334","fg0001","fg0469","fg0659","fg0959","fg0656","fg0768","fg0018","fg0922","fg0936","fg0976"
"fq001252","vx_32339657247a9199","fg0270","1","fg0270","fg0584","fg0749","fg0159","fg0729","fg0552","fg0867","fg0742","fg0469","fg0659","fg0001","fg0071","fg0910","fg0551","fg0588","fg0569","fg0656","fg0662","fg0922","fg0936"
"fq001253","vx_32339657247a9199","fg0270","1","fg0270","fg0584","fg0749","fg0867","fg0469","fg0071","fg0159","fg0552","fg0300","fg0569","fg0729","fg0910","fg0922","fg0397","fg0197","fg0297","fg0824","fg0001","fg0735","fg0656"
"fq001254","vx_32339657247a9199","fg0270","1","fg0270","fg0584","fg0749","fg0001","fg0159","fg0552","fg0588","fg0910","fg0659","fg0936","fg0071","fg0569","fg0729","fg0469","fg0867","fg0656","fg0742","fg0551","fg0959","fg0889"
"fq001255","vx_32339657247a9199","fg0270","1","fg0270","fg0584","fg0749","fg0469","fg0552","fg0001","fg0159","fg0910","fg0569","fg0588","fg0071","fg0729","fg0659","fg0656","fg0297","fg0742","fg0867","fg0936","fg0298","fg0334"
"fq001256","vx_32339657247a9199","fg0270","1","fg0270","fg0584","fg0749","fg0742","fg0469","fg0867","fg0735","fg0588","fg0001","fg0656","fg0159","fg0662","fg0071","fg0181","fg0300","fg0197","fg0722","fg0397","fg0297","fg0659"
"fq001257","vx_32339657247a9199","fg0270","1","fg0270","fg0584","fg0749","fg0552","fg0159","fg0588","fg0469","fg0001","fg0659","fg0729","fg0910","fg0569","fg0936","fg0298","fg0528","fg0233","fg0071","fg0959","fg0867","fg0297"
"fq001258","vx_32339657247a9199","fg0270","1","fg0270","fg0584","fg0749","fg0910","fg0469","fg0552","fg0159","fg0042","fg0569","fg0001","fg0298","fg0867","fg0525","fg0682","fg0656","fg0959","fg0297","fg0889","fg0588","fg0071"
"fq001259","vx_32339657247a9199","fg0270","1","fg0270","fg0584","fg0749","fg0159","fg0469","fg0552","fg0910","fg0656","fg0001","fg0867","fg0214","fg0569","fg0729","fg0297","fg0071","fg0641","fg0588","fg0525","fg0397","fg0233"
"fq001260","vx_32339657247a9199","fg0270","1","fg0270","fg0584","fg0749","fg0159","fg0552","fg0001","fg0910","fg0469","fg0569","fg0729","fg0656","fg0071","fg0659","fg0525","fg0297","fg0042","fg0867","fg0959","fg0298","fg0889"
"fq001261","vx_92db7dd54f59d2f5","fg0271","1","fg0271","fg0922","fg0950","fg0010","fg0659","fg0494","fg0647","fg0576","fg0940","fg0155","fg0959","fg0560","fg0484","fg0599","fg0218","fg0035","fg0382","fg0421","fg0184","fg0669"
"fq001262","vx_92db7dd54f59d2f5","fg0271","1","fg0271","fg0959","fg0494","fg0010","fg0576","fg0382","fg0204","fg0218","fg0035","fg0638","fg0642","fg0155","fg0647","fg0848","fg0421","fg0543","fg0541","fg0780","fg0950","fg0064"
"fq001263","vx_92db7dd54f59d2f5","fg0271","1","fg0271","fg0494","fg0204","fg0814","fg0959","fg0576","fg0218","fg0035","fg0155","fg0010","fg0208","fg0207","fg0382","fg0777","fg0647","fg0421","fg0196","fg0780","fg0950","fg0471"
"fq001264","vx_92db7dd54f59d2f5","fg0271","1","fg0271","fg0599","fg0659","fg0560","fg0922","fg0184","fg0207","fg0734","fg0121","fg0155","fg0148","fg0950","fg0925","fg0647","fg0576","fg0959","fg0016","fg0277","fg0133","fg0524"
"fq001265","vx_92db7dd54f59d2f5","fg0271","1","fg0271","fg0509","fg0035","fg0494","fg0959","fg0576","fg0382","fg0848","fg0922","fg0260","fg0196","fg0659","fg0642","fg0599","fg0133","fg0010","fg0167","fg0421","fg0484","fg0780"
"fq001266","vx_92db7dd54f59d2f5","fg0271","1","fg0271","fg0218","fg0155","fg0659","fg0959","fg0576","fg0599","fg0121","fg0922","fg0560","fg0950","fg0207","fg0669","fg0494","fg0010","fg0204","fg0421","fg0647","fg0940","fg0538"
"fq001267","vx_92db7dd54f59d2f5","fg0271","1","fg0271","fg0950","fg0922","fg0659","fg0599","fg0218","fg0669","fg0959","fg0035","fg0647","fg0576","fg0010","fg0809","fg0421","fg0538","fg0509","fg0494","fg0155","fg0560","fg0783"
"fq001268","vx_92db7dd54f59d2f5","fg0271","1","fg0271","fg0560","fg0599","fg0922","fg0659","fg0761","fg0940","fg0647","fg0944","fg0950","fg0552","fg0277","fg0524","fg0133","fg0967","fg0538","fg0789","fg0148","fg0184","fg0108"
"fq001269","vx_c1335dd52391d327","fg0272","1","fg0272","fg0707","fg0906","fg0461","fg0432","fg0775","fg0912","fg0264","fg0970","fg0873","fg0550","fg0934","fg0018","fg0952","fg0929","fg0558","fg0010","fg0471","fg1000","fg0855"
"fq001270","vx_c1335dd52391d327","fg0272","1","fg0272","fg0707","fg0906","fg0461","fg0018","fg0873","fg0432","fg0970","fg0264","fg0775","fg0934","fg0905","fg0550","fg0952","fg0929","fg1000","fg0912","fg0471","fg0091","fg0203"
"fq001271","vx_b982e5a320673d51","fg0273","1","fg0273","fg0343","fg0108","fg0028","fg0654","fg0261","fg0521","fg0445","fg0283","fg0034","fg0643","fg0957","fg0313","fg0240","fg0523","fg0624","fg0687","fg0275","fg0653","fg0483"
"fq001272","vx_6061b37c2bbc367f","fg0274","1","fg0274","fg0537","fg0772","fg0545","fg0621","fg0366","fg0665","fg0874","fg0859","fg0187","fg0394","fg0056","fg0979","fg0603","fg0807","fg0825","fg0696","fg0888","fg0461","fg0484"
"fq001273","vx_6061b37c2bbc367f","fg0274","1","fg0274","fg0979","fg0772","fg0621","fg0603","fg0537","fg0665","fg0874","fg0394","fg0859","fg0056","fg0161","fg0187","fg0545","fg0219","fg0366","fg0970","fg0696","fg0887","fg0479"
"fq001274","vx_6061b37c2bbc367f","fg0274","1","fg0274","fg0979","fg0874","fg0621","fg0772","fg0665","fg0603","fg0537","fg0394","fg0545","fg0859","fg0759","fg0366","fg0056","fg0484","fg0266","fg0696","fg0284","fg0887","fg0161"
"fq001275","vx_4c0e6773cc702042","fg0275","1","fg0275","fg0569","fg0729","fg0159","fg0355","fg0768","fg0936","fg0559","fg0241","fg0687","fg0299","fg0211","fg0528","fg0682","fg0490","fg0749","fg0140","fg0521","fg0525","fg0810"
"fq001276","vx_4c0e6773cc702042","fg0275","1","fg0275","fg0729","fg0241","fg0159","fg0768","fg0569","fg0388","fg0525","fg0559","fg0140","fg0810","fg0490","fg0123","fg0555","fg0355","fg0001","fg0528","fg0299","fg0151","fg0687"
"fq001277","vx_51f40aec6c01fe3d","fg0276","2","fg0086","fg0276","fg0069","fg0210","fg0406","fg0111","fg0396","fg0875","fg0600","fg0787","fg0034","fg0607","fg0405","fg0632","fg0991","fg0329","fg0527","fg0014","fg0168","fg0431"
"fq001278","vx_51f40aec6c01fe3d","fg0276","2","fg0086","fg0276","fg0069","fg0210","fg0600","fg0423","fg0632","fg0201","fg0111","fg0787","fg0714","fg0097","fg0652","fg0912","fg0991","fg0285","fg0078","fg0203","fg0360","fg0937"
"fq001279","vx_51f40aec6c01fe3d","fg0276","2","fg0086","fg0276","fg0069","fg0210","fg0600","fg0787","fg0111","fg0991","fg0431","fg0470","fg0406","fg0714","fg0957","fg0201","fg0135","fg0912","fg0423","fg0632","fg0029","fg0652"
"fq001280","vx_51f40aec6c01fe3d","fg0276","2","fg0086","fg0276","fg0069","fg0600","fg0210","fg0423","fg0632","fg0360","fg0406","fg0875","fg0111","fg0431","fg0201","fg0135","fg0761","fg0957","fg0519","fg0620","fg0593","fg0787"
"fq001281","vx_51f40aec6c01fe3d","fg0276","2","fg0086","fg0276","fg0069","fg0210","fg0600","fg0406","fg0111","fg0787","fg0201","fg0431","fg0405","fg0632","fg0423","fg0912","fg0078","fg0991","fg0714","fg0486","fg0593","fg0329"
"fq001282","vx_51f40aec6c01fe3d","fg0276","6","fg0086","fg0069","fg0802","fg0423","fg0600","fg0276","fg0406","fg0242","fg0607","fg0912","fg0078","fg0431","fg0210","fg0904","fg0360","fg0017","fg0032","fg0687","fg0820","fg0373"
"fq001283","vx_51f40aec6c01fe3d","fg0276","2","fg0086","fg0276","fg0069","fg0210","fg0787","fg0991","fg0111","fg0405","fg0600","fg0714","fg0632","fg0912","fg0201","fg0168","fg0034","fg0910","fg0431","fg0607","fg0957","fg0423"
"fq001284","vx_51f40aec6c01fe3d","fg0276","2","fg0086","fg0276","fg0069","fg0210","fg0600","fg0423","fg0787","fg0991","fg0607","fg0875","fg0396","fg0111","fg0632","fg0431","fg0329","fg0406","fg0360","fg0201","fg0912","fg0014"
"fq001285","vx_51f40aec6c01fe3d","fg0276","2","fg0086","fg0276","fg0069","fg0210","fg0787","fg0991","fg0600","fg0111","fg0607","fg0405","fg0714","fg0912","fg0431","fg0875","fg0201","fg0329","fg0652","fg0632","fg0079","fg0470"
"fq001286","vx_51f40aec6c01fe3d","fg0276","3","fg0086","fg0069","fg0276","fg0210","fg0406","fg0405","fg0632","fg0787","fg0431","fg0607","fg0600","fg0111","fg0875","fg0991","fg0029","fg0135","fg0542","fg0652","fg0714","fg0570"
"fq001287","vx_07999ca196f1d435","fg0277","1","fg0277","fg0148","fg0944","fg0016","fg0560","fg0364","fg0524","fg0133","fg0552","fg0599","fg0761","fg0017","fg0925","fg0888","fg0577","fg0828","fg0256","fg0967","fg0246","fg0668"
"fq001288","vx_0ab214b4c46b1e39","fg0278","2","fg0723","fg0278","fg0217","fg0496","fg0681","fg0665","fg0548","fg0778","fg0813","fg0130","fg0071","fg0732","fg0268","fg0751","fg0180","fg0221","fg0772","fg0056","fg0191","fg0166"
"fq001289","vx_893342667741bced","fg0279","1","fg0279","fg0106","fg0847","fg0214","fg0942","fg0670","fg0025","fg0347","fg0768","fg0594","fg0096","fg0620","fg0139","fg0059","fg0090","fg0054","fg0143","fg0117","fg0103","fg0909"
"fq001290","vx_893342667741bced","fg0279","1","fg0279","fg0847","fg0106","fg0214","fg0025","fg0594","fg0347","fg0942","fg0670","fg0117","fg0143","fg0620","fg0667","fg0809","fg0909","fg0059","fg0124","fg0302","fg0768","fg0663"
"fq001291","vx_893342667741bced","fg0279","1","fg0279","fg0847","fg0214","fg0106","fg0667","fg0768","fg0025","fg0594","fg0143","fg0103","fg0347","fg0018","fg0054","fg0942","fg0909","fg0117","fg0059","fg0670","fg0835","fg0809"
"fq001292","vx_893342667741bced","fg0279","1","fg0279","fg0106","fg0594","fg0025","fg0214","fg0942","fg0438","fg0847","fg0059","fg0620","fg0667","fg0302","fg0117","fg0941","fg0124","fg0663","fg0747","fg0143","fg0053","fg0400"
"fq001293","vx_f4acace6f945adf4","fg0280","1","fg0280","fg0566","fg0904","fg0711","fg0849","fg0654","fg0199","fg0820","fg0204","fg0727","fg0112","fg0812","fg0381","fg0547","fg0862","fg0433","fg0702","fg0104","fg0924","fg0486"
"fq001294","vx_f4acace6f945adf4","fg0280","1","fg0280","fg0566","fg0711","fg0904","fg0381","fg0849","fg0654","fg0104","fg0819","fg0812","fg0204","fg0716","fg0112","fg0727","fg0536","fg0862","fg0467","fg0194","fg0118","fg0756"
"fq001295","vx_5850c062da53aea2","fg0281","1","fg0281","fg0634","fg0924","fg0702","fg0016","fg0984","fg0819","fg0829","fg0135","fg0751","fg0065","fg0165","fg0770","fg0045","fg0454","fg0801","fg0534","fg0978","fg0268","fg0865"
"fq001296","vx_a24845ef31e7e32b","fg0282","1","fg0282","fg0629","fg0576","fg0679","fg0230","fg0920","fg0510","fg0689","fg0459","fg0309","fg0365","fg0191","fg0898","fg0233","fg0693","fg0699","fg0475","fg0404","fg0524","fg0437"
"fq001297","vx_bfb458f3ccb55770","fg0283","1","fg0283","fg0108","fg0021","fg0229","fg0428","fg0988","fg0046","fg0172","fg0873","fg0310","fg0897","fg0343","fg0929","fg0273","fg0577","fg0558","fg0140","fg0366","fg0722","fg0986"
"fq001298","vx_bfb458f3ccb55770","fg0283","1","fg0283","fg0108","fg0897","fg0046","fg0310","fg0229","fg0428","fg0559","fg0172","fg0140","fg0873","fg0021","fg0988","fg0231","fg0151","fg0986","fg0768","fg0043","fg0929","fg0343"
"fq001299","vx_bfb458f3ccb55770","fg0283","1","fg0283","fg0108","fg0021","fg0873","fg0897","fg0310","fg0229","fg0046","fg0428","fg0789","fg0929","fg0988","fg0432","fg0775","fg0860","fg0172","fg0151","fg0366","fg0888","fg0262"
"fq001300","vx_bfb458f3ccb55770","fg0283","1","fg0283","fg0108","fg0021","fg0229","fg0873","fg0366","fg0929","fg0046","fg0653","fg0172","fg0343","fg0558","fg0992","fg0273","fg0428","fg0877","fg0897","fg0529","fg0140","fg0310"
"fq001301","vx_bfb458f3ccb55770","fg0283","1","fg0283","fg0108","fg0021","fg0229","fg0873","fg0046","fg0366","fg0558","fg0172","fg0897","fg0992","fg0140","fg0929","fg0262","fg0789","fg0888","fg0310","fg0128","fg0877","fg0938"
"fq001302","vx_bfb458f3ccb55770","fg0283","1","fg0283","fg0108","fg0021","fg0229","fg0873","fg0343","fg0428","fg0273","fg0366","fg0172","fg0988","fg0046","fg0897","fg0310","fg0140","fg0929","fg0558","fg0992","fg0577","fg0986"
"fq001303","vx_bfb458f3ccb55770","fg0283","1","fg0283","fg0108","fg0021","fg0229","fg0873","fg0046","fg0897","fg0172","fg0310","fg0428","fg0558","fg0366","fg0343","fg0988","fg0140","fg0938","fg0992","fg0128","fg0262","fg0008"
"fq001304","vx_bfb458f3ccb55770","fg0283","1","fg0283","fg0108","fg0021","fg0873","fg0046","fg0229","fg0897","fg0929","fg0310","fg0992","fg0558","fg0140","fg0366","fg0172","fg0343","fg0860","fg0653","fg0428","fg0373","fg0273"
"fq001305","vx_bfb458f3ccb55770","fg0283","1","fg0283","fg0108","fg0021","fg0873","fg0229","fg0366","fg0046","fg0172","fg0897","fg0558","fg0310","fg0992","fg0428","fg0343","fg0988","fg0140","fg0151","fg0043","fg0373","fg0262"
"fq001306","vx_bfb458f3ccb55770","fg0283","1","fg0283","fg0108","fg0229","fg0897","fg0428","fg0172","fg0310","fg0021","fg0046","fg0140","fg0873","fg0929","fg0559","fg0343","fg0877","fg0992","fg0988","fg0273","fg0986","fg0558"
"fq001307","vx_bfb458f3ccb55770","fg0283","1","fg0283","fg0108","fg0021","fg0229","fg0428","fg0172","fg0929","fg0988","fg0366","fg0310","fg0873","fg0986","fg0046","fg0722","fg0877","fg0992","fg0577","fg0897","fg0653","fg0558"
"fq001308","vx_bfb458f3ccb55770","fg0283","1","fg0283","fg0108","fg0021","fg0229","fg0873","fg0046","fg0366","fg0172","fg0140","fg0558","fg0988","fg0428","fg0992","fg0929","fg0897","fg0343","fg0310","fg0273","fg0877","fg0577"
"fq001309","vx_bfb458f3ccb55770","fg0283","1","fg0283","fg0108","fg0021","fg0229","fg0873","fg0046","fg0577","fg0140","fg0366","fg0988","fg0310","fg0897","fg0428","fg0172","fg0241","fg0877","fg0992","fg0929","fg0343","fg0262"
"fq001310","vx_bfb458f3ccb55770","fg0283","1","fg0283","fg0108","fg0021","fg0229","fg0873","fg0897","fg0046","fg0172","fg0428","fg0310","fg0366","fg0558","fg0343","fg0992","fg0988","fg0929","fg0140","fg0273","fg0986","fg0877"
"fq001311","vx_bfb458f3ccb55770","fg0283","1","fg0283","fg0108","fg0021","fg0229","fg0873","fg0366","fg0046","fg0428","fg0172","fg0897","fg0310","fg0938","fg0140","fg0929","fg0558","fg0992","fg0577","fg0986","fg0888","fg0343"
"fq001312","vx_bfb458f3ccb55770","fg0283","1","fg0283","fg0108","fg0021","fg0229","fg0366","fg0428","fg0172","fg0929","fg0653","fg0938","fg0273","fg0877","fg0873","fg0988","fg0343","fg0046","fg0558","fg0140","fg0992","fg0128"
"fq001313","vx_bfb458f3ccb55770","fg0283","1","fg0283","fg0108","fg0021","fg0229","fg0873","fg0172","fg0046","fg0428","fg0988","fg0897","fg0140","fg0310","fg0343","fg0273","fg0558","fg0929","fg0559","fg0366","fg0373","fg0768"
"fq001314","vx_bfb458f3ccb55770","fg0283","1","fg0283","fg0108","fg0021","fg0873","fg0229","fg0140","fg0172","fg0046","fg0428","fg0897","fg0929","fg0310","fg0366","fg0373","fg0273","fg0343","fg0988","fg0559","fg0577","fg0992"
"fq001315","vx_bfb458f3ccb55770","fg0283","1","fg0283","fg0108","fg0021","fg0873","fg0229","fg0046","fg0140","fg0172","fg0343","fg0151","fg0273","fg0897","fg0529","fg0988","fg0366","fg0310","fg0860","fg0559","fg0558","fg0929"
"fq001316","vx_bfb458f3ccb55770","fg0283","1","fg0283","fg0108","fg0021","fg0229","fg0873","fg0366","fg0140","fg0343","fg0577","fg0428","fg0172","fg0273","fg0988","fg0929","fg0938","fg0653","fg0888","fg0046","fg0877","fg0992"
"fq001317","vx_bfb458f3ccb55770","fg0283","1","fg0283","fg0108","fg0021","fg0873","fg0046","fg0229","fg0366","fg0343","fg0897","fg0310","fg0140","fg0273","fg0992","fg0929","fg0428","fg0988","fg0653","fg0877","fg0172","fg0559"
"fq001318","vx_bfb458f3ccb55770","fg0283","1","fg0283","fg0108","fg0021","fg0229","fg0873","fg0046","fg0172","fg0988","fg0897","fg0140","fg0310","fg0558","fg0929","fg0428","fg0273","fg0240","fg0877","fg0860","fg0343","fg0992"
"fq001319","vx_bfb458f3ccb55770","fg0283","1","fg0283","fg0108","fg0021","fg0873","fg0229","fg0046","fg0366","fg0343","fg0897","fg0428","fg0310","fg0992","fg0172","fg0273","fg0929","fg0140","fg0653","fg0988","fg0877","fg0558"
"fq001320","vx_bfb458f3ccb55770","fg0283","1","fg0283","fg0108","fg0428","fg0229","fg0046","fg0021","fg0897","fg0873","fg0310","fg0929","fg0172","fg0986","fg0366","fg0988","fg0140","fg0343","fg0273","fg0992","fg0529","fg0558"
"fq001321","vx_bfb458f3ccb55770","fg0283","1","fg0283","fg0108","fg0021","fg0873","fg0897","fg0229","fg0046","fg0366","fg0140","fg0428","fg0310","fg0172","fg0929","fg0992","fg0986","fg0559","fg0877","fg0653","fg0988","fg0343"
"fq001322","vx_bfb458f3ccb55770","fg0283","1","fg0283","fg0108","fg0929","fg0310","fg0229","fg0428","fg0897","fg0021","fg0873","fg0172","fg0046","fg0986","fg0988","fg0877","fg0063","fg0558","fg0860","fg0892","fg0089","fg0432"
"fq001323","vx_bfb458f3ccb55770","fg0283","1","fg0283","fg0108","fg0021","fg0229","fg0873","fg0046","fg0140","fg0172","fg0897","fg0343","fg0366","fg0988","fg0992","fg0929","fg0428","fg0310","fg0273","fg0577","fg0558","fg0262"
"fq001324","vx_bfb458f3ccb55770","fg0283","1","fg0283","fg0108","fg0021","fg0873","fg0229","fg0046","fg0140","fg0172","fg0428","fg0366","fg0558","fg0897","fg0992","fg0929","fg0310","fg0343","fg0273","fg0988","fg0373","fg0577"
"fq001325","vx_bfb458f3ccb55770","fg0283","1","fg0283","fg0108","fg0021","fg0929","fg0140","fg0366","fg0873","fg0229","fg0897","fg0992","fg0046","fg0310","fg0428","fg0877","fg0172","fg0653","fg0789","fg0986","fg0262","fg0938"
"fq001326","vx_bfb458f3ccb55770","fg0283","1","fg0283","fg0108","fg0021","fg0229","fg0873","fg0558","fg0172","fg0366","fg0653","fg0929","fg0046","fg0988","fg0428","fg0992","fg0877","fg0262","fg0256","fg0310","fg0789","fg0273"
"fq001327","vx_bfb458f3ccb55770","fg0283","1","fg0283","fg0108","fg0021","fg0873","fg0897","fg0140","fg0366","fg0046","fg0229","fg0653","fg0310","fg0992","fg0343","fg0373","fg0929","fg0172","fg0273","fg0241","fg0428","fg0577"
"fq001328","vx_bfb458f3ccb55770","fg0283","1","fg0283","fg0108","fg0021","fg0229","fg0046","fg0873","fg0366","fg0172","fg0577","fg0888","fg0988","fg0938","fg0929","fg0789","fg0262","fg0140","fg0343","fg0877","fg0310","fg0617"
"fq001329","vx_bfb458f3ccb55770","fg0283","1","fg0283","fg0108","fg0021","fg0229","fg0897","fg0310","fg0873","fg0046","fg0366","fg0428","fg0172","fg0986","fg0929","fg0140","fg0877","fg0992","fg0988","fg0559","fg0343","fg0653"
"fq001330","vx_bfb458f3ccb55770","fg0283","1","fg0283","fg0108","fg0021","fg0873","fg0366","fg0897","fg0229","fg0310","fg0046","fg0428","fg0992","fg0172","fg0140","fg0653","fg0343","fg0929","fg0986","fg0558","fg0938","fg0877"
"fq001331","vx_bfb458f3ccb55770","fg0283","1","fg0283","fg0108","fg0021","fg0873","fg0366","fg0229","fg0897","fg0310","fg0428","fg0992","fg0046","fg0929","fg0172","fg0988","fg0653","fg0877","fg0986","fg0558","fg0938","fg0140"
"fq001332","vx_bfb458f3ccb55770","fg0283","1","fg0283","fg0108","fg0021","fg0873","fg0229","fg0046","fg0929","fg0988","fg0366","fg0172","fg0310","fg0992","fg0897","fg0428","fg0343","fg0273","fg0558","fg0653","fg0577","fg0877"
"fq001333","vx_bfb458f3ccb55770","fg0283","1","fg0283","fg0108","fg0021","fg0229","fg0046","fg0428","fg0172","fg0873","fg0140","fg0988","fg0897","fg0310","fg0558","fg0273","fg0929","fg0577","fg0343","fg0063","fg0366","fg0877"
"fq001334","vx_bfb458f3ccb55770","fg0283","1","fg0283","fg0108","fg0021","fg0873","fg0229","fg0929","fg0046","fg0558","fg0172","fg0860","fg0310","fg0897","fg0988","fg0428","fg0366","fg0722","fg0992","fg0273","fg0343","fg0577"
"fq001335","vx_bfb458f3ccb55770","fg0283","1","fg0283","fg0108","fg0021","fg0873","fg0229","fg0046","fg0897","fg0366","fg0992","fg0428","fg0988","fg0172","fg0310","fg0929","fg0877","fg0343","fg0140","fg0558","fg0577","fg0789"
"fq001336","vx_bfb458f3ccb55770","fg0283","1","fg0283","fg0108","fg0021","fg0229","fg0873","fg0046","fg0897","fg0172","fg0428","fg0310","fg0140","fg0988","fg0366","fg0343","fg0992","fg0151","fg0558","fg0273","fg0373","fg0559"
"fq001337","vx_bfb458f3ccb55770","fg0283","1","fg0283","fg0108","fg0021","fg0873","fg0229","fg0366","fg0428","fg0046","fg0988","fg0310","fg0343","fg0273","fg0558","fg0897","fg0172","fg0577","fg0929","fg0992","fg0140","fg0877"
"fq001338","vx_bfb458f3ccb55770","fg0283","1","fg0283","fg0108","fg0021","fg0229","fg0046","fg0172","fg0366","fg0428","fg0873","fg0992","fg0877","fg0897","fg0310","fg0988","fg0929","fg0343","fg0558","fg0653","fg0128","fg0938"
"fq001339","vx_bfb458f3ccb55770","fg0283","1","fg0283","fg0108","fg0021","fg0873","fg0229","fg0428","fg0046","fg0366","fg0897","fg0343","fg0310","fg0988","fg0172","fg0140","fg0992","fg0273","fg0558","fg0986","fg0938","fg0929"
"fq001340","vx_bfb458f3ccb55770","fg0283","1","fg0283","fg0108","fg0021","fg0366","fg0873","fg0653","fg0229","fg0992","fg0897","fg0046","fg0140","fg0343","fg0310","fg0428","fg0273","fg0877","fg0373","fg0172","fg0929","fg0151"
"fq001341","vx_bfb458f3ccb55770","fg0283","1","fg0283","fg0108","fg0021","fg0229","fg0428","fg0873","fg0310","fg0897","fg0172","fg0046","fg0988","fg0929","fg0366","fg0558","fg0986","fg0343","fg0273","fg0877","fg0722","fg0140"
"fq001342","vx_bfb458f3ccb55770","fg0283","1","fg0283","fg0108","fg0021","fg0873","fg0366","fg0897","fg0229","fg0428","fg0046","fg0140","fg0310","fg0343","fg0172","fg0273","fg0986","fg0653","fg0929","fg0992","fg0938","fg0559"
"fq001343","vx_bfb458f3ccb55770","fg0283","1","fg0283","fg0108","fg0021","fg0229","fg0873","fg0366","fg0310","fg0046","fg0897","fg0929","fg0172","fg0988","fg0428","fg0877","fg0343","fg0577","fg0992","fg0273","fg0986","fg0558"
"fq001344","vx_250ee1a40d904f76","fg0284","1","fg0284","fg0759","fg0616","fg0545","fg0919","fg0246","fg0807","fg0092","fg0762","fg0455","fg0262","fg0993","fg0559","fg0619","fg0256","fg0035","fg0353","fg0460","fg0894","fg0874"
"fq001345","vx_dbc2827fb74a3b2f","fg0285","1","fg0285","fg0286","fg0111","fg0215","fg0808","fg0345","fg0010","fg0675","fg0912","fg0348","fg0003","fg0482","fg0097","fg0427","fg0168","fg0414","fg0937","fg0254","fg0384","fg0669"
"fq001346","vx_c752aef23109600b","fg0286","1","fg0286","fg0111","fg0482","fg0285","fg0808","fg0774","fg0262","fg0414","fg0912","fg0199","fg0345","fg0839","fg0256","fg0010","fg0003","fg0034","fg0675","fg0773","fg0781","fg0455"
"fq001347","vx_4cfeff5d60c4e15e","fg0287","1","fg0287","fg0187","fg0869","fg0387","fg0706","fg0103","fg0346","fg0350","fg0222","fg0367","fg0157","fg0674","fg0228","fg0824","fg0796","fg0567","fg0264","fg0838","fg0611","fg0727"
"fq001348","vx_4cfeff5d60c4e15e","fg0287","1","fg0287","fg0706","fg0187","fg0387","fg0350","fg0228","fg0222","fg0346","fg0869","fg0264","fg0568","fg0157","fg0103","fg0367","fg0317","fg0727","fg0330","fg0216","fg0057","fg0611"
"fq001349","vx_5022cc41391ebe56","fg0288","1","fg0288","fg0532","fg0919","fg0642","fg0376","fg0329","fg0227","fg0985","fg0915","fg0494","fg0382","fg0939","fg0271","fg0006","fg0057","fg0249","fg0764","fg0892","fg0656","fg0455"
"fq001350","vx_5022cc41391ebe56","fg0288","1","fg0288","fg0532","fg0642","fg0376","fg0919","fg0329","fg0382","fg0985","fg0939","fg0227","fg0494","fg0915","fg0892","fg0057","fg0271","fg0848","fg0764","fg0964","fg0006","fg0455"
"fq001351","vx_9ac19830051202da","fg0289","1","fg0289","fg0879","fg0076","fg0194","fg0880","fg0451","fg0823","fg0636","fg0463","fg0485","fg0391","fg0774","fg0623","fg0527","fg0827","fg0885","fg0992","fg0860","fg0795","fg0487"
"fq001352","vx_26c63f0ae5cb6c57","fg0290","1","fg0290","fg0772","fg0394","fg0335","fg0541","fg0955","fg0004","fg0877","fg0431","fg0665","fg0168","fg0437","fg0021","fg0269","fg0699","fg0375","fg0589","fg0722","fg0305","fg0632"
"fq001353","vx_26c63f0ae5cb6c57","fg0290","1","fg0290","fg0772","fg0394","fg0665","fg0955","fg0335","fg0877","fg0722","fg0168","fg0437","fg0269","fg0021","fg0375","fg0699","fg0004","fg0920","fg0431","fg0541","fg0696","fg0954"
"fq001354","vx_26c63f0ae5cb6c57","fg0290","1","fg0290","fg0772","fg0394","fg0722","fg0589","fg0541","fg0877","fg0004","fg0335","fg0437","fg0608","fg0992","fg0269","fg0665","fg0852","fg0716","fg0046","fg0696","fg0168","fg0719"
"fq001355","vx_26c63f0ae5cb6c57","fg0290","1","fg0290","fg0772","fg0394","fg0955","fg0877","fg0335","fg0665","fg0437","fg0699","fg0431","fg0004","fg0168","fg0920","fg0269","fg0375","fg0722","fg0021","fg0541","fg0293","fg0292"
"fq001356","vx_26c63f0ae5cb6c57","fg0290","1","fg0290","fg0772","fg0394","fg0955","fg0665","fg0335","fg0877","fg0437","fg0722","fg0168","fg0269","fg0021","fg0920","fg0699","fg0541","fg0004","fg0954","fg0375","fg0696","fg0293"
"fq001357","vx_0474373b4cf73f67","fg0291","1","fg0291","fg0399","fg0802","fg0017","fg0019","fg0896","fg0762","fg0878","fg0908","fg0881","fg0182","fg0412","fg0656","fg0390","fg0462","fg0578","fg0494","fg0242","fg0119","fg0871"
"fq001358","vx_0474373b4cf73f67","fg0291","1","fg0291","fg0399","fg0019","fg0054","fg0440","fg0802","fg0607","fg0578","fg0896","fg0871","fg0431","fg0762","fg0008","fg0878","fg0948","fg0687","fg0017","fg0068","fg0390","fg0743"
"fq001359","vx_0474373b4cf73f67","fg0291","1","fg0291","fg0399","fg0802","fg0017","fg0878","fg0896","fg0881","fg0019","fg0762","fg0119","fg0390","fg0242","fg0572","fg0494","fg0908","fg0462","fg0182","fg0578","fg0656","fg0698"
"fq001360","vx_ae294ea56e1acb76","fg0292","1","fg0292","fg0674","fg0955","fg0912","fg0203","fg0329","fg0420","fg0906","fg0994","fg0632","fg0441","fg0570","fg0290","fg0471","fg0877","fg0638","fg0670","fg0907","fg0961","fg0306"
"fq001361","vx_ae294ea56e1acb76","fg0292","1","fg0292","fg0674","fg0994","fg0306","fg0955","fg0420","fg0906","fg0912","fg0570","fg0961","fg0857","fg0707","fg0718","fg0877","fg0290","fg0907","fg0456","fg0190","fg0670","fg0975"
"fq001362","vx_ae294ea56e1acb76","fg0292","1","fg0292","fg0994","fg0674","fg0570","fg0906","fg0955","fg0961","fg0607","fg0306","fg0632","fg0190","fg0611","fg0975","fg0907","fg0670","fg0420","fg0857","fg0290","fg0718","fg0210"
"fq001363","vx_4c673b88180c4059","fg0293","1","fg0293","fg0955","fg0547","fg0951","fg0483","fg0077","fg0390","fg0556","fg0904","fg0462","fg0111","fg0643","fg0849","fg0084","fg0773","fg0137","fg0953","fg0654","fg0220","fg0447"
"fq001364","vx_4e96cfbbedc19fb6","fg0294","1","fg0294","fg0669","fg0323","fg0081","fg0505","fg0916","fg0115","fg0677","fg0932","fg0638","fg0380","fg0218","fg0832","fg0132","fg0358","fg0972","fg0011","fg0462","fg0143","fg0526"
"fq001365","vx_4e96cfbbedc19fb6","fg0294","1","fg0294","fg0669","fg0788","fg0932","fg0916","fg0505","fg0972","fg0598","fg0017","fg0002","fg0285","fg0440","fg0963","fg0820","fg0380","fg0618","fg0323","fg0081","fg0911","fg0429"
"fq001366","vx_4e96cfbbedc19fb6","fg0294","1","fg0294","fg0788","fg0916","fg0669","fg0143","fg0380","fg0932","fg0972","fg0081","fg0323","fg0017","fg0429","fg0598","fg0950","fg0820","fg0832","fg0632","fg0276","fg0240","fg0209"
"fq001367","vx_4e96cfbbedc19fb6","fg0294","1","fg0294","fg0788","fg0505","fg0669","fg0932","fg0916","fg0911","fg0380","fg0285","fg0427","fg0618","fg0429","fg0972","fg0081","fg0963","fg0950","fg0975","fg0055","fg0440","fg0632"
"fq001368","vx_4e96cfbbedc19fb6","fg0294","1","fg0294","fg0788","fg0669","fg0972","fg0916","fg0505","fg0932","fg0820","fg0380","fg0323","fg0285","fg0429","fg0143","fg0598","fg0618","fg0632","fg0963","fg0017","fg0002","fg0209"
"fq001369","vx_4e96cfbbedc19fb6","fg0294","1","fg0294","fg0788","fg0632","fg0916","fg0932","fg0462","fg0380","fg0505","fg0935","fg0669","fg0143","fg0877","fg0209","fg0285","fg0429","fg0115","fg0081","fg0323","fg0820","fg0950"
"fq001370","vx_4e96cfbbedc19fb6","fg0294","1","fg0294","fg0632","fg0669","fg0972","fg0916","fg0323","fg0788","fg0950","fg0505","fg0143","fg0932","fg0209","fg0877","fg0081","fg0380","fg0515","fg0115","fg0975","fg0462","fg0420"
"fq001371","vx_4e96cfbbedc19fb6","fg0294","1","fg0294","fg0788","fg0669","fg0505","fg0932","fg0916","fg0972","fg0380","fg0002","fg0963","fg0598","fg0427","fg0429","fg0618","fg0081","fg0143","fg0323","fg0440","fg0017","fg0055"
"fq001372","vx_4e96cfbbedc19fb6","fg0294","1","fg0294","fg0669","fg0505","fg0972","fg0932","fg0963","fg0916","fg0788","fg0323","fg0618","fg0911","fg0380","fg0285","fg0598","fg0677","fg0440","fg0358","fg0269","fg0081","fg0975"
"fq001373","vx_4e96cfbbedc19fb6","fg0294","1","fg0294","fg0669","fg0916","fg0932","fg0143","fg0081","fg0380","fg0788","fg0285","fg0218","fg0956","fg0950","fg0323","fg0429","fg0011","fg0115","fg0505","fg0632","fg0972","fg0276"
"fq001374","vx_4e96cfbbedc19fb6","fg0294","1","fg0294","fg0669","fg0972","fg0932","fg0916","fg0788","fg0323","fg0505","fg0380","fg0143","fg0081","fg0963","fg0269","fg0011","fg0358","fg0677","fg0115","fg0209","fg0136","fg0347"
"fq001375","vx_4e96cfbbedc19fb6","fg0294","1","fg0294","fg0669","fg0505","fg0598","fg0932","fg0972","fg0440","fg0916","fg0380","fg0788","fg0963","fg0708","fg0081","fg0269","fg0618","fg0911","fg0365","fg0427","fg0977","fg0285"
"fq001376","vx_4e96cfbbedc19fb6","fg0294","1","fg0294","fg0669","fg0505","fg0916","fg0972","fg0323","fg0380","fg0081","fg0932","fg0963","fg0011","fg0788","fg0347","fg0935","fg0285","fg0618","fg0143","fg0115","fg0677","fg0269"
"fq001377","vx_4e96cfbbedc19fb6","fg0294","1","fg0294","fg0916","fg0081","fg0218","fg0115","fg0337","fg0143","fg0011","fg0788","fg0017","fg0956","fg0380","fg0462","fg0950","fg0638","fg0669","fg0323","fg0932","fg0276","fg0515"
"fq001378","vx_4e96cfbbedc19fb6","fg0294","1","fg0294","fg0669","fg0916","fg0598","fg0505","fg0972","fg0932","fg0788","fg0440","fg0380","fg0081","fg0323","fg0285","fg0963","fg0427","fg0358","fg0269","fg0365","fg0708","fg0618"
"fq001379","vx_4e96cfbbedc19fb6","fg0294","1","fg0294","fg0916","fg0380","fg0011","fg0081","fg0427","fg0365","fg0932","fg0285","fg0669","fg0347","fg0956","fg0282","fg0788","fg0143","fg0276","fg0935","fg0975","fg0963","fg0618"
"fq001380","vx_4e96cfbbedc19fb6","fg0294","1","fg0294","fg0932","fg0788","fg0669","fg0505","fg0972","fg0916","fg0380","fg0429","fg0632","fg0143","fg0285","fg0081","fg0017","fg0323","fg0598","fg0055","fg0002","fg0820","fg0911"
"fq001381","vx_4e96cfbbedc19fb6","fg0294","1","fg0294","fg0932","fg0916","fg0380","fg0505","fg0669","fg0788","fg0081","fg0285","fg0911","fg0218","fg0011","fg0143","fg0002","fg0429","fg0347","fg0618","fg0956","fg0365","fg0632"
"fq001382","vx_4e96cfbbedc19fb6","fg0294","1","fg0294","fg0669","fg0505","fg0440","fg0963","fg0972","fg0618","fg0916","fg0598","fg0285","fg0788","fg0380","fg0932","fg0708","fg0037","fg0347","fg0081","fg0446","fg0427","fg0061"
"fq001383","vx_4e96cfbbedc19fb6","fg0294","1","fg0294","fg0669","fg0916","fg0932","fg0380","fg0788","fg0972","fg0505","fg0598","fg0081","fg0365","fg0143","fg0429","fg0347","fg0002","fg0427","fg0440","fg0708","fg0610","fg0011"
"fq001384","vx_4e96cfbbedc19fb6","fg0294","1","fg0294","fg0932","fg0669","fg0972","fg0916","fg0788","fg0017","fg0002","fg0380","fg0963","fg0323","fg0505","fg0143","fg0598","fg0081","fg0632","fg0365","fg0358","fg0427","fg0115"
"fq001385","vx_4e96cfbbedc19fb6","fg0294","1","fg0294","fg0669","fg0916","fg0788","fg0505","fg0932","fg0380","fg0285","fg0081","fg0347","fg0972","fg0618","fg0911","fg0429","fg0427","fg0011","fg0143","fg0365","fg0440","fg0732"
"fq001386","vx_4e96cfbbedc19fb6","fg0294","1","fg0294","fg0669","fg0505","fg0932","fg0916","fg0972","fg0788","fg0380","fg0081","fg0323","fg0429","fg0911","fg0143","fg0285","fg0269","fg0618","fg0209","fg0632","fg0115","fg0358"
"fq001387","vx_4e96cfbbedc19fb6","fg0294","1","fg0294","fg0916","fg0081","fg0011","fg0380","fg0365","fg0323","fg0143","fg0337","fg0788","fg0218","fg0956","fg0638","fg0115","fg0669","fg0429","fg0347","fg0416","fg0896","fg0722"
"fq001388","vx_4e96cfbbedc19fb6","fg0294","1","fg0294","fg0916","fg0380","fg0669","fg0347","fg0505","fg0618","fg0100","fg0081","fg0932","fg0365","fg0011","fg0143","fg0956","fg0218","fg0269","fg0451","fg0285","fg0309","fg0276"
"fq001389","vx_4e96cfbbedc19fb6","fg0294","1","fg0294","fg0788","fg0916","fg0143","fg0081","fg0462","fg0323","fg0218","fg0722","fg0638","fg0115","fg0935","fg0950","fg0017","fg0382","fg0669","fg0011","fg0380","fg0956","fg0429"
"fq001390","vx_4e96cfbbedc19fb6","fg0294","1","fg0294","fg0669","fg0505","fg0972","fg0932","fg0916","fg0788","fg0963","fg0380","fg0440","fg0618","fg0285","fg0598","fg0081","fg0427","fg0037","fg0939","fg0347","fg0269","fg0632"
"fq001391","vx_3967c6e7cf15200e","fg0295","1","fg0295","fg0116","fg0900","fg0694","fg0641","fg0529","fg0457","fg0013","fg0263","fg0491","fg0143","fg0958","fg0072","fg0155","fg0170","fg0925","fg0745","fg0853","fg0050","fg0105"
"fq001392","vx_3967c6e7cf15200e","fg0295","1","fg0295","fg0116","fg0900","fg0013","fg0529","fg0853","fg0264","fg0694","fg0925","fg0198","fg0352","fg0065","fg0641","fg0744","fg0491","fg0143","fg0958","fg0415","fg0263","fg0722"
"fq001393","vx_3967c6e7cf15200e","fg0295","1","fg0295","fg0900","fg0694","fg0529","fg0116","fg0641","fg0013","fg0925","fg0491","fg0009","fg0143","fg0853","fg0142","fg0263","fg0860","fg0264","fg0580","fg0679","fg0768","fg0352"
"fq001394","vx_3967c6e7cf15200e","fg0295","1","fg0295","fg0529","fg0641","fg0116","fg0925","fg0792","fg0009","fg0143","fg0491","fg0900","fg0263","fg0159","fg0013","fg0694","fg0264","fg0072","fg0794","fg0457","fg0565","fg0853"
"fq001395","vx_3967c6e7cf15200e","fg0295","1","fg0295","fg0116","fg0900","fg0013","fg0641","fg0491","fg0263","fg0050","fg0170","fg0457","fg0958","fg0072","fg0925","fg0009","fg0198","fg0065","fg0410","fg0143","fg0576","fg0792"
"fq001396","vx_3967c6e7cf15200e","fg0295","1","fg0295","fg0529","fg0694","fg0116","fg0641","fg0491","fg0143","fg0155","fg0263","fg0009","fg0159","fg0792","fg0013","fg0900","fg0065","fg0853","fg0072","fg0925","fg0768","fg0929"
"fq001397","vx_3967c6e7cf15200e","fg0295","1","fg0295","fg0170","fg0680","fg0844","fg0457","fg0958","fg0694","fg0263","fg0072","fg0050","fg0410","fg0792","fg0693","fg0853","fg0641","fg0155","fg0105","fg0558","fg0013","fg0881"
"fq001398","vx_3967c6e7cf15200e","fg0295","1","fg0295","fg0116","fg0013","fg0900","fg0694","fg0853","fg0529","fg0263","fg0264","fg0491","fg0641","fg0170","fg0050","fg0958","fg0352","fg0457","fg0925","fg0072","fg0744","fg0105"
"fq001399","vx_3967c6e7cf15200e","fg0295","1","fg0295","fg0529","fg0694","fg0641","fg0116","fg0263","fg0457","fg0491","fg0013","fg0900","fg0853","fg0264","fg0105","fg0072","fg0170","fg0143","fg0050","fg0722","fg0065","fg0792"
"fq001400","vx_3967c6e7cf15200e","fg0295","1","fg0295","fg0116","fg0900","fg0694","fg0641","fg0529","fg0457","fg0013","fg0263","fg0143","fg0491","fg0958","fg0072","fg0155","fg0170","fg0745","fg0925","fg0050","fg0853","fg0105"
"fq001401","vx_3967c6e7cf15200e","fg0295","1","fg0295","fg0013","fg0853","fg0513","fg0264","fg0641","fg0065","fg0116","fg0900","fg0105","fg0925","fg0693","fg0263","fg0694","fg0872","fg0491","fg0838","fg0792","fg0415","fg0198"
"fq001402","vx_3967c6e7cf15200e","fg0295","1","fg0295","fg0116","fg0641","fg0900","fg0013","fg0925","fg0529","fg0853","fg0694","fg0143","fg0513","fg0491","fg0065","fg0009","fg0263","fg0860","fg0914","fg0159","fg0415","fg0264"
"fq001403","vx_3967c6e7cf15200e","fg0295","1","fg0295","fg0116","fg0013","fg0900","fg0263","fg0641","fg0853","fg0050","fg0694","fg0529","fg0009","fg0958","fg0457","fg0264","fg0925","fg0491","fg0513","fg0170","fg0072","fg0198"
"fq001404","vx_3967c6e7cf15200e","fg0295","1","fg0295","fg0263","fg0116","fg0013","fg0641","fg0529","fg0853","fg0900","fg0050","fg0694","fg0074","fg0065","fg0925","fg0958","fg0792","fg0457","fg0491","fg0155","fg0415","fg0009"
"fq001405","vx_3967c6e7cf15200e","fg0295","1","fg0295","fg0694","fg0263","fg0900","fg0529","fg0457","fg0641","fg0853","fg0116","fg0013","fg0491","fg0925","fg0958","fg0050","fg0170","fg0072","fg0415","fg0105","fg0352","fg0009"
"fq001406","vx_3967c6e7cf15200e","fg0295","1","fg0295","fg0013","fg0853","fg0529","fg0116","fg0694","fg0641","fg0264","fg0065","fg0900","fg0744","fg0263","fg0050","fg0958","fg0415","fg0491","fg0352","fg0170","fg0386","fg0513"
"fq001407","vx_3967c6e7cf15200e","fg0295","1","fg0295","fg0529","fg0900","fg0694","fg0116","fg0013","fg0352","fg0744","fg0641","fg0457","fg0143","fg0263","fg0958","fg0925","fg0491","fg0065","fg0722","fg0072","fg0264","fg0646"
"fq001408","vx_333805663b3c2a22","fg0296","1","fg0296","fg0440","fg0167","fg0227","fg0342","fg0012","fg0618","fg0911","fg0117","fg0598","fg0993","fg0505","fg0676","fg0054","fg0401","fg0407","fg0027","fg0345","fg0607","fg0323"
"fq001409","vx_3670a9ab83cdc278","fg0297","1","fg0297","fg0843","fg0397","fg0039","fg0211","fg0573","fg0388","fg0588","fg0214","fg0001","fg0885","fg0768","fg0490","fg0298","fg0778","fg0159","fg0907","fg0411","fg0569","fg0106"
"fq001410","vx_7a39b63de753996b","fg0298","1","fg0298","fg0503","fg0749","fg0297","fg0584","fg0170","fg0334","fg0191","fg0573","fg0936","fg0809","fg0588","fg0039","fg0889","fg0847","fg0835","fg0042","fg0211","fg0630","fg0314"
"fq001411","vx_7a39b63de753996b","fg0298","1","fg0298","fg0503","fg0297","fg0042","fg0388","fg0749","fg0123","fg0573","fg0584","fg0889","fg0490","fg0191","fg0039","fg0936","fg0126","fg0334","fg0211","fg0588","fg0835","fg0314"
"fq001412","vx_7a39b63de753996b","fg0298","1","fg0298","fg0170","fg0503","fg0573","fg0457","fg0334","fg0388","fg0749","fg0792","fg0297","fg0584","fg0126","fg0410","fg0263","fg0835","fg0191","fg0588","fg0844","fg0042","fg0123"
"fq001413","vx_7a39b63de753996b","fg0298","1","fg0298","fg0503","fg0042","fg0297","fg0749","fg0388","fg0584","fg0573","fg0123","fg0191","fg0588","fg0334","fg0936","fg0835","fg0211","fg0889","fg0126","fg0347","fg0270","fg0630"
"fq001414","vx_7a39b63de753996b","fg0298","1","fg0298","fg0503","fg0573","fg0170","fg0936","fg0588","fg0126","fg0297","fg0388","fg0191","fg0334","fg0211","fg0843","fg0039","fg0241","fg0688","fg0490","fg0155","fg0312","fg0474"
"fq001415","vx_7a39b63de753996b","fg0298","1","fg0298","fg0503","fg0573","fg0170","fg0297","fg0334","fg0126","fg0936","fg0588","fg0843","fg0191","fg0388","fg0889","fg0584","fg0042","fg0211","fg0039","fg0749","fg0474","fg0835"
"fq001416","vx_7a39b63de753996b","fg0298","1","fg0298","fg0503","fg0297","fg0388","fg0584","fg0170","fg0042","fg0573","fg0889","fg0749","fg0936","fg0123","fg0126","fg0039","fg0588","fg0835","fg0843","fg0197","fg0191","fg0490"
"fq001417","vx_7a39b63de753996b","fg0298","1","fg0298","fg0503","fg0170","fg0573","fg0588","fg0936","fg0126","fg0211","fg0843","fg0297","fg0388","fg0191","fg0334","fg0039","fg0889","fg0367","fg0155","fg0584","fg0312","fg0397"
"fq001418","vx_7a39b63de753996b","fg0298","1","fg0298","fg0503","fg0297","fg0584","fg0042","fg0573","fg0889","fg0749","fg0270","fg0936","fg0388","fg0039","fg0588","fg0263","fg0170","fg0397","fg0211","fg0191","fg0334","fg0126"
"fq001419","vx_446ba3b8d5210e38","fg0299","2","fg0319","fg0299","fg0500","fg0868","fg0066","fg0824","fg0439","fg0556","fg0769","fg0225","fg0854","fg0044","fg0127","fg0729","fg0397","fg0563","fg0734","fg0201","fg0567","fg0784"
"fq001420","vx_6326499f12c70b4c","fg0300","1","fg0300","fg0735","fg0767","fg0776","fg0830","fg0690","fg0660","fg0978","fg0077","fg0305","fg0922","fg0970","fg0197","fg0469","fg0510","fg0895","fg0579","fg0467","fg0026","fg0849"
"fq001421","vx_6326499f12c70b4c","fg0300","1","fg0300","fg0735","fg0579","fg0690","fg0978","fg0922","fg0197","fg0749","fg0564","fg0270","fg0970","fg0660","fg0190","fg0548","fg0047","fg0031","fg0938","fg0018","fg0153","fg0767"
"fq001422","vx_42dd6d715b025f2e","fg0301","1","fg0301","fg0031","fg0876","fg0549","fg0501","fg0804","fg0817","fg0987","fg0628","fg0112","fg0485","fg0150","fg0428","fg0590","fg0822","fg0621","fg0310","fg0140","fg0986","fg0600"
"fq001423","vx_42dd6d715b025f2e","fg0301","1","fg0301","fg0031","fg0876","fg0549","fg0501","fg0804","fg0485","fg0628","fg0817","fg0428","fg0590","fg0112","fg0879","fg0621","fg0987","fg0140","fg0310","fg0150","fg0547","fg0087"
"fq001424","vx_338da0a48d0dcc33","fg0302","2","fg0667","fg0302","fg0671","fg0672","fg0559","fg0151","fg0512","fg0353","fg0990","fg0868","fg0275","fg0673","fg0444","fg0721","fg0403","fg0299","fg0854","fg0810","fg0296","fg0497"
"fq001425","vx_338da0a48d0dcc33","fg0302","1","fg0302","fg0667","fg0353","fg0512","fg0832","fg0497","fg0323","fg0057","fg0081","fg0916","fg0192","fg0463","fg0972","fg0085","fg0015","fg0993","fg0598","fg0677","fg0543","fg0618"
"fq001426","vx_338da0a48d0dcc33","fg0302","1","fg0302","fg0667","fg0512","fg0342","fg0353","fg0492","fg0832","fg0407","fg0323","fg0296","fg0673","fg0057","fg0143","fg0027","fg0463","fg0596","fg0769","fg0993","fg0808","fg0244"
"fq001427","vx_338da0a48d0dcc33","fg0302","1","fg0302","fg0667","fg0512","fg0672","fg0618","fg0497","fg0972","fg0296","fg0673","fg0598","fg0963","fg0407","fg0990","fg0832","fg0440","fg0148","fg0027","fg0279","fg0342","fg0960"
"fq001428","vx_338da0a48d0dcc33","fg0302","1","fg0302","fg0667","fg0512","fg0832","fg0323","fg0353","fg0673","fg0497","fg0769","fg0296","fg0990","fg0057","fg0342","fg0965","fg0868","fg0081","fg0671","fg0047","fg0618","fg0539"
"fq001429","vx_338da0a48d0dcc33","fg0302","1","fg0302","fg0667","fg0512","fg0673","fg0993","fg0497","fg0323","fg0342","fg0618","fg0598","fg0353","fg0990","fg0047","fg0081","fg0296","fg0053","fg0505","fg0963","fg0192","fg0163"
"fq001430","vx_338da0a48d0dcc33","fg0302","1","fg0302","fg0667","fg0512","fg0353","fg0673","fg0342","fg0832","fg0990","fg0769","fg0057","fg0296","fg0407","fg0463","fg0053","fg0027","fg0993","fg0497","fg0492","fg0323","fg0596"
"fq001431","vx_338da0a48d0dcc33","fg0302","1","fg0302","fg0667","fg0512","fg0342","fg0085","fg0673","fg0323","fg0990","fg0769","fg0296","fg0027","fg0353","fg0618","fg0832","fg0492","fg0543","fg0407","fg0868","fg0965","fg0057"
"fq001432","vx_338da0a48d0dcc33","fg0302","1","fg0302","fg0667","fg0512","fg0323","fg0832","fg0057","fg0353","fg0081","fg0342","fg0497","fg0673","fg0296","fg0769","fg0965","fg0963","fg0539","fg0053","fg0598","fg0618","fg0677"
"fq001433","vx_338da0a48d0dcc33","fg0302","264","fg0573","fg0815","fg0513","fg0539","fg0173","fg0421","fg0712","fg0195","fg0907","fg0515","fg0039","fg0025","fg0811","fg0474","fg0126","fg0307","fg0397","fg0490","fg0692","fg0338"
"fq001434","vx_338da0a48d0dcc33","fg0302","1","fg0302","fg0667","fg0673","fg0512","fg0990","fg0342","fg0769","fg0047","fg0598","fg0411","fg0296","fg0832","fg0993","fg0085","fg0353","fg0057","fg0492","fg0868","fg0463","fg0323"
"fq001435","vx_338da0a48d0dcc33","fg0302","364","fg0573","fg0513","fg0815","fg0173","fg0515","fg0907","fg0195","fg0421","fg0712","fg0539","fg0039","fg0025","fg0692","fg0126","fg0106","fg0218","fg0594","fg0490","fg0811","fg0474"
"fq001436","vx_338da0a48d0dcc33","fg0302","1","fg0302","fg0667","fg0512","fg0673","fg0769","fg0990","fg0868","fg0323","fg0965","fg0353","fg0416","fg0047","fg0085","fg0598","fg0342","fg0832","fg0492","fg0671","fg0057","fg0539"
"fq001437","vx_338da0a48d0dcc33","fg0302","1","fg0302","fg0990","fg0667","fg0673","fg0497","fg0512","fg0151","fg0659","fg0559","fg0618","fg0047","fg0769","fg0993","fg0318","fg0868","fg0147","fg0355","fg0972","fg0671","fg0401"
"fq001438","vx_338da0a48d0dcc33","fg0302","1","fg0302","fg0667","fg0512","fg0673","fg0990","fg0057","fg0353","fg0047","fg0769","fg0085","fg0497","fg0832","fg0323","fg0963","fg0993","fg0411","fg0296","fg0244","fg0416","fg0053"
"fq001439","vx_338da0a48d0dcc33","fg0302","1","fg0302","fg0667","fg0353","fg0512","fg0673","fg0832","fg0990","fg0342","fg0671","fg0296","fg0319","fg0085","fg0463","fg0407","fg0492","fg0868","fg0057","fg0993","fg0497","fg0053"
"fq001440","vx_338da0a48d0dcc33","fg0302","1","fg0302","fg0667","fg0618","fg0497","fg0512","fg0342","fg0598","fg0353","fg0296","fg0832","fg0057","fg0673","fg0990","fg0492","fg0323","fg0963","fg0446","fg0380","fg0505","fg0192"
"fq001441","vx_338da0a48d0dcc33","fg0302","1","fg0302","fg0667","fg0512","fg0673","fg0990","fg0296","fg0342","fg0769","fg0993","fg0353","fg0047","fg0463","fg0407","fg0411","fg0618","fg0027","fg0505","fg0832","fg0156","fg0345"
"fq001442","vx_338da0a48d0dcc33","fg0302","1","fg0302","fg0667","fg0296","fg0342","fg0407","fg0353","fg0618","fg0512","fg0672","fg0492","fg0832","fg0671","fg0143","fg0990","fg0440","fg0673","fg0323","fg0085","fg0156","fg0543"
"fq001443","vx_338da0a48d0dcc33","fg0302","1","fg0302","fg0667","fg0673","fg0512","fg0769","fg0323","fg0990","fg0598","fg0047","fg0832","fg0965","fg0085","fg0868","fg0353","fg0342","fg0539","fg0993","fg0057","fg0027","fg0296"
"fq001444","vx_338da0a48d0dcc33","fg0302","1","fg0302","fg0667","fg0512","fg0353","fg0673","fg0832","fg0085","fg0990","fg0497","fg0671","fg0057","fg0407","fg0342","fg0463","fg0296","fg0993","fg0492","fg0319","fg0769","fg0630"
"fq001445","vx_338da0a48d0dcc33","fg0302","289","fg0573","fg0513","fg0815","fg0539","fg0195","fg0421","fg0338","fg0025","fg0712","fg0126","fg0515","fg0173","fg0307","fg0811","fg0474","fg0490","fg0039","fg0350","fg0305","fg0907"
"fq001446","vx_338da0a48d0dcc33","fg0302","8","fg0667","fg0990","fg0559","fg0151","fg0673","fg0047","fg0868","fg0302","fg0671","fg0769","fg0355","fg0275","fg0403","fg0299","fg0659","fg0318","fg0444","fg0043","fg0512","fg0810"
"fq001447","vx_338da0a48d0dcc33","fg0302","1","fg0302","fg0667","fg0353","fg0323","fg0512","fg0081","fg0832","fg0497","fg0965","fg0671","fg0868","fg0769","fg0539","fg0416","fg0673","fg0492","fg0047","fg0296","fg0990","fg0294"
"fq001448","vx_338da0a48d0dcc33","fg0302","1","fg0302","fg0667","fg0353","fg0512","fg0832","fg0497","fg0671","fg0672","fg0296","fg0151","fg0559","fg0342","fg0618","fg0319","fg0143","fg0081","fg0323","fg0403","fg0854","fg0275"
"fq001449","vx_338da0a48d0dcc33","fg0302","1","fg0302","fg0667","fg0512","fg0342","fg0673","fg0990","fg0353","fg0832","fg0323","fg0027","fg0296","fg0057","fg0769","fg0993","fg0411","fg0407","fg0085","fg0047","fg0497","fg0492"
"fq001450","vx_338da0a48d0dcc33","fg0302","314","fg0513","fg0573","fg0539","fg0421","fg0815","fg0173","fg0515","fg0195","fg0712","fg0907","fg0126","fg0338","fg0490","fg0692","fg0811","fg0039","fg0474","fg0307","fg0025","fg0364"
"fq001451","vx_338da0a48d0dcc33","fg0302","1","fg0302","fg0667","fg0512","fg0832","fg0353","fg0323","fg0057","fg0497","fg0296","fg0598","fg0993","fg0342","fg0027","fg0673","fg0972","fg0192","fg0963","fg0618","fg0965","fg0769"
"fq001452","vx_338da0a48d0dcc33","fg0302","1","fg0302","fg0512","fg0673","fg0990","fg0667","fg0769","fg0047","fg0057","fg0411","fg0598","fg0085","fg0868","fg0832","fg0965","fg0342","fg0416","fg0323","fg0192","fg0993","fg0914"
"fq001453","vx_338da0a48d0dcc33","fg0302","1","fg0302","fg0667","fg0512","fg0353","fg0323","fg0342","fg0618","fg0832","fg0296","fg0673","fg0497","fg0990","fg0047","fg0053","fg0492","fg0081","fg0596","fg0769","fg0057","fg0407"
"fq001454","vx_338da0a48d0dcc33","fg0302","1","fg0302","fg0667","fg0512","fg0673","fg0342","fg0618","fg0296","fg0353","fg0505","fg0497","fg0990","fg0047","fg0323","fg0598","fg0993","fg0411","fg0832","fg0438","fg0163","fg0671"
"fq001455","vx_338da0a48d0dcc33","fg0302","1","fg0302","fg0667","fg0512","fg0353","fg0492","fg0081","fg0342","fg0672","fg0296","fg0671","fg0053","fg0143","fg0323","fg0047","fg0407","fg0359","fg0559","fg0294","fg0497","fg0673"
"fq001456","vx_338da0a48d0dcc33","fg0302","1","fg0302","fg0667","fg0512","fg0353","fg0673","fg0832","fg0296","fg0057","fg0342","fg0407","fg0085","fg0990","fg0497","fg0993","fg0323","fg0492","fg0630","fg0618","fg0053","fg0463"
"fq001457","vx_338da0a48d0dcc33","fg0302","1","fg0302","fg0667","fg0085","fg0512","fg0296","fg0993","fg0353","fg0618","fg0630","fg0342","fg0673","fg0990","fg0407","fg0497","fg0345","fg0463","fg0411","fg0057","fg0131","fg0972"
"fq001458","vx_338da0a48d0dcc33","fg0302","1","fg0302","fg0667","fg0990","fg0618","fg0673","fg0151","fg0659","fg0671","fg0868","fg0559","fg0596","fg0342","fg0147","fg0318","fg0497","fg0407","fg0401","fg0047","fg0355","fg0353"
"fq001459","vx_338da0a48d0dcc33","fg0302","1","fg0302","fg0667","fg0512","fg0085","fg0353","fg0673","fg0057","fg0832","fg0993","fg0630","fg0407","fg0497","fg0990","fg0618","fg0131","fg0342","fg0963","fg0296","fg0463","fg0972"
"fq001460","vx_338da0a48d0dcc33","fg0302","1","fg0302","fg0667","fg0353","fg0512","fg0085","fg0407","fg0832","fg0673","fg0497","fg0342","fg0618","fg0057","fg0296","fg0990","fg0993","fg0671","fg0463","fg0492","fg0131","fg0630"
"fq001461","vx_338da0a48d0dcc33","fg0302","1","fg0302","fg0667","fg0512","fg0353","fg0497","fg0832","fg0057","fg0993","fg0618","fg0965","fg0673","fg0323","fg0598","fg0963","fg0463","fg0972","fg0053","fg0769","fg0296","fg0492"
"fq001462","vx_338da0a48d0dcc33","fg0302","328","fg0513","fg0573","fg0712","fg0195","fg0907","fg0815","fg0338","fg0173","fg0515","fg0039","fg0692","fg0539","fg0307","fg0126","fg0421","fg0025","fg0474","fg0211","fg0490","fg0397"
"fq001463","vx_338da0a48d0dcc33","fg0302","2","fg0667","fg0302","fg0353","fg0671","fg0081","fg0497","fg0868","fg0672","fg0299","fg0407","fg0512","fg0559","fg0492","fg0618","fg0323","fg0151","fg0275","fg0769","fg0673","fg0990"
"fq001464","vx_338da0a48d0dcc33","fg0302","1","fg0302","fg0667","fg0512","fg0296","fg0990","fg0353","fg0053","fg0673","fg0769","fg0960","fg0380","fg0497","fg0463","fg0832","fg0618","fg0963","fg0559","fg0047","fg0416","fg0057"
"fq001465","vx_338da0a48d0dcc33","fg0302","1","fg0302","fg0667","fg0512","fg0353","fg0559","fg0151","fg0081","fg0618","fg0143","fg0672","fg0279","fg0671","fg0380","fg0497","fg0342","fg0319","fg0275","fg0803","fg0053","fg0365"
"fq001466","vx_338da0a48d0dcc33","fg0302","1","fg0302","fg0667","fg0512","fg0342","fg0990","fg0673","fg0411","fg0085","fg0598","fg0057","fg0296","fg0769","fg0832","fg0868","fg0353","fg0492","fg0463","fg0110","fg0993","fg0596"
"fq001467","vx_338da0a48d0dcc33","fg0302","1","fg0302","fg0667","fg0512","fg0353","fg0342","fg0673","fg0057","fg0990","fg0832","fg0296","fg0053","fg0279","fg0319","fg0407","fg0463","fg0769","fg0085","fg0618","fg0497","fg0047"
"fq001468","vx_338da0a48d0dcc33","fg0302","3","fg0667","fg0671","fg0302","fg0559","fg0353","fg0151","fg0672","fg0275","fg0810","fg0355","fg0729","fg0299","fg0721","fg0403","fg0342","fg0990","fg0868","fg0854","fg0521","fg0147"
"fq001469","vx_338da0a48d0dcc33","fg0302","1","fg0302","fg0667","fg0618","fg0497","fg0512","fg0598","fg0832","fg0353","fg0296","fg0192","fg0057","fg0963","fg0990","fg0342","fg0380","fg0673","fg0053","fg0993","fg0323","fg0492"
"fq001470","vx_338da0a48d0dcc33","fg0302","2","fg0667","fg0302","fg0990","fg0618","fg0318","fg0151","fg0559","fg0671","fg0868","fg0353","fg0512","fg0673","fg0345","fg0147","fg0342","fg0769","fg0131","fg0993","fg0401","fg0299"
"fq001471","vx_338da0a48d0dcc33","fg0302","407","fg0513","fg0573","fg0515","fg0712","fg0815","fg0195","fg0173","fg0307","fg0539","fg0942","fg0692","fg0338","fg0039","fg0126","fg0025","fg0059","fg0006","fg0474","fg0594","fg0907"
"fq001472","vx_338da0a48d0dcc33","fg0302","1","fg0302","fg0667","fg0353","fg0512","fg0342","fg0596","fg0673","fg0296","fg0832","fg0407","fg0463","fg0497","fg0618","fg0492","fg0319","fg0990","fg0671","fg0053","fg0057","fg0993"
"fq001473","vx_338da0a48d0dcc33","fg0302","1","fg0302","fg0667","fg0512","fg0353","fg0673","fg0081","fg0497","fg0323","fg0990","fg0342","fg0769","fg0618","fg0047","fg0671","fg0053","fg0296","fg0598","fg0963","fg0993","fg0416"
"fq001474","vx_338da0a48d0dcc33","fg0302","1","fg0302","fg0667","fg0512","fg0353","fg0673","fg0671","fg0085","fg0832","fg0993","fg0342","fg0296","fg0057","fg0497","fg0407","fg0990","fg0323","fg0963","fg0492","fg0401","fg0319"
"fq001475","vx_338da0a48d0dcc33","fg0302","1","fg0302","fg0667","fg0512","fg0832","fg0673","fg0323","fg0353","fg0492","fg0057","fg0027","fg0342","fg0769","fg0081","fg0497","fg0143","fg0319","fg0244","fg0192","fg0868","fg0085"
"fq001476","vx_338da0a48d0dcc33","fg0302","2","fg0667","fg0302","fg0353","fg0671","fg0672","fg0512","fg0151","fg0868","fg0497","fg0559","fg0279","fg0143","fg0299","fg0081","fg0492","fg0275","fg0832","fg0990","fg0342","fg0810"
"fq001477","vx_338da0a48d0dcc33","fg0302","1","fg0302","fg0667","fg0512","fg0353","fg0832","fg0673","fg0342","fg0407","fg0463","fg0990","fg0057","fg0492","fg0497","fg0319","fg0618","fg0296","fg0769","fg0596","fg0914","fg0053"
"fq001478","vx_338da0a48d0dcc33","fg0302","1","fg0302","fg0667","fg0512","fg0673","fg0990","fg0085","fg0769","fg0342","fg0353","fg0868","fg0057","fg0296","fg0047","fg0411","fg0407","fg0492","fg0463","fg0618","fg0671","fg0027"
"fq001479","vx_338da0a48d0dcc33","fg0302","1","fg0302","fg0667","fg0353","fg0512","fg0618","fg0497","fg0492","fg0832","fg0673","fg0296","fg0057","fg0053","fg0323","fg0463","fg0342","fg0407","fg0754","fg0163","fg0963","fg0598"
"fq001480","vx_338da0a48d0dcc33","fg0302","1","fg0302","fg0667","fg0353","fg0671","fg0512","fg0559","fg0151","fg0672","fg0618","fg0342","fg0497","fg0990","fg0275","fg0296","fg0047","fg0868","fg0081","fg0294","fg0279","fg0416"
"fq001481","vx_338da0a48d0dcc33","fg0302","1","fg0302","fg0667","fg0353","fg0342","fg0671","fg0512","fg0868","fg0407","fg0296","fg0832","fg0492","fg0323","fg0618","fg0769","fg0965","fg0143","fg0319","fg0672","fg0085","fg0972"
"fq001482","vx_338da0a48d0dcc33","fg0302","2","fg0667","fg0302","fg0353","fg0296","fg0671","fg0868","fg0512","fg0407","fg0832","fg0672","fg0965","fg0854","fg0990","fg0769","fg0342","fg0618","fg0673","fg0492","fg0323","fg0972"
"fq001483","vx_338da0a48d0dcc33","fg0302","1","fg0302","fg0667","fg0618","fg0512","fg0342","fg0497","fg0673","fg0411","fg0990","fg0296","fg0598","fg0057","fg0832","fg0407","fg0279","fg0353","fg0380","fg0993","fg0053","fg0972"
"fq001484","vx_338da0a48d0dcc33","fg0302","1","fg0302","fg0667","fg0512","fg0353","fg0832","fg0673","fg0497","fg0618","fg0342","fg0057","fg0598","fg0085","fg0296","fg0323","fg0972","fg0407","fg0993","fg0990","fg0463","fg0769"
"fq001485","vx_338da0a48d0dcc33","fg0302","1","fg0302","fg0667","fg0512","fg0353","fg0673","fg0832","fg0342","fg0057","fg0323","fg0296","fg0463","fg0053","fg0990","fg0492","fg0407","fg0085","fg0497","fg0993","fg0047","fg0754"
"fq001486","vx_338da0a48d0dcc33","fg0302","1","fg0302","fg0667","fg0512","fg0353","fg0081","fg0769","fg0323","fg0990","fg0832","fg0673","fg0868","fg0539","fg0047","fg0444","fg0296","fg0965","fg0671","fg0416","fg0993","fg0156"
"fq001487","vx_338da0a48d0dcc33","fg0302","1","fg0302","fg0667","fg0497","fg0618","fg0512","fg0342","fg0296","fg0598","fg0832","fg0673","fg0353","fg0990","fg0993","fg0411","fg0057","fg0505","fg0192","fg0446","fg0972","fg0754"
"fq001488","vx_338da0a48d0dcc33","fg0302","233","fg0573","fg0421","fg0539","fg0811","fg0474","fg0338","fg0039","fg0815","fg0513","fg0791","fg0195","fg0712","fg0126","fg0907","fg0490","fg0015","fg0350","fg0211","fg0305","fg0173"
"fq001489","vx_338da0a48d0dcc33","fg0302","1","fg0302","fg0667","fg0512","fg0993","fg0192","fg0832","fg0353","fg0673","fg0497","fg0323","fg0598","fg0296","fg0769","fg0963","fg0027","fg0990","fg0057","fg0085","fg0965","fg0342"
"fq001490","vx_338da0a48d0dcc33","fg0302","429","fg0513","fg0573","fg0815","fg0515","fg0173","fg0907","fg0195","fg0539","fg0421","fg0712","fg0490","fg0338","fg0126","fg0025","fg0211","fg0039","fg0364","fg0843","fg0307","fg0474"
"fq001491","vx_338da0a48d0dcc33","fg0302","1","fg0302","fg0667","fg0512","fg0296","fg0673","fg0990","fg0047","fg0353","fg0993","fg0342","fg0832","fg0598","fg0323","fg0769","fg0438","fg0411","fg0492","fg0505","fg0497","fg0914"
"fq001492","vx_338da0a48d0dcc33","fg0302","2","fg0667","fg0302","fg0151","fg0671","fg0559","fg0990","fg0618","fg0672","fg0659","fg0318","fg0596","fg0299","fg0355","fg0868","fg0403","fg0342","fg0275","fg0353","fg0043","fg0810"
"fq001493","vx_338da0a48d0dcc33","fg0302","1","fg0302","fg0667","fg0512","fg0342","fg0618","fg0990","fg0497","fg0673","fg0151","fg0672","fg0559","fg0279","fg0411","fg0296","fg0047","fg0148","fg0598","fg0147","fg0993","fg0353"
"fq001494","vx_338da0a48d0dcc33","fg0302","1","fg0302","fg0667","fg0512","fg0618","fg0497","fg0296","fg0353","fg0492","fg0342","fg0832","fg0323","fg0598","fg0754","fg0673","fg0407","fg0672","fg0053","fg0993","fg0057","fg0671"
"fq001495","vx_338da0a48d0dcc33","fg0302","5","fg0667","fg0990","fg0868","fg0559","fg0302","fg0151","fg0671","fg0769","fg0318","fg0047","fg0673","fg0512","fg0353","fg0416","fg0355","fg0299","fg0275","fg0043","fg0131","fg0810"
"fq001496","vx_338da0a48d0dcc33","fg0302","1","fg0302","fg0667","fg0318","fg0990","fg0618","fg0151","fg0559","fg0671","fg0672","fg0299","fg0355","fg0401","fg0673","fg0342","fg0043","fg0147","fg0353","fg0275","fg0403","fg0521"
"fq001497","vx_338da0a48d0dcc33","fg0302","1","fg0302","fg0667","fg0512","fg0353","fg0993","fg0497","fg0618","fg0832","fg0965","fg0296","fg0053","fg0963","fg0323","fg0543","fg0463","fg0047","fg0673","fg0769","fg0972","fg0492"
"fq001498","vx_338da0a48d0dcc33","fg0302","293","fg0573","fg0513","fg0195","fg0815","fg0025","fg0421","fg0039","fg0474","fg0712","fg0539","fg0338","fg0126","fg0490","fg0811","fg0907","fg0211","fg0173","fg0350","fg0307","fg0515"
"fq001499","vx_504354400ad59072","fg0303","1","fg0303","fg0518","fg0863","fg0964","fg0980","fg0648","fg0989","fg0464","fg0650","fg0179","fg0542","fg0265","fg0488","fg0932","fg0434","fg0727","fg0131","fg0511","fg0254","fg0566"
"fq001500","vx_95870b0428dc0b7a","fg0304","4","fg0256","fg0462","fg0262","fg0304","fg0781","fg0286","fg0246","fg0774","fg0880","fg0077","fg0823","fg0545","fg0967","fg0789","fg0839","fg0088","fg0261","fg0947","fg0888","fg0650"
"fq001501","vx_266b8107db75f1eb","fg0305","1","fg0305","fg0803","fg0198","fg0068","fg0594","fg0718","fg0084","fg0358","fg0139","fg0539","fg0335","fg0881","fg0553","fg0515","fg0421","fg0178","fg0910","fg0423","fg0975","fg0513"
"fq001502","vx_8567e7bd71eb8fa7","fg0306","1","fg0306","fg0360","fg0517","fg0813","fg0292","fg0096","fg0391","fg0278","fg0246","fg0217","fg0877","fg0091","fg0441","fg0800","fg0526","fg0831","fg0665","fg0435","fg0166","fg0696"
"fq001503","vx_8567e7bd71eb8fa7","fg0306","1","fg0306","fg0360","fg0813","fg0096","fg0517","fg0292","fg0526","fg0877","fg0246","fg0217","fg0391","fg0696","fg0441","fg0398","fg0571","fg0619","fg0278","fg0800","fg0745","fg0822"
"fq001504","vx_117078bd34a8aa96","fg0307","1","fg0307","fg0716","fg0950","fg0338","fg0218","fg0039","fg0513","fg0891","fg0515","fg0082","fg0712","fg0027","fg0791","fg0382","fg0573","fg0252","fg0126","fg0494","fg0475","fg0404"
"fq001505","vx_117078bd34a8aa96","fg0307","1","fg0307","fg0950","fg0218","fg0716","fg0712","fg0338","fg0027","fg0983","fg0494","fg0532","fg0244","fg0404","fg0252","fg0515","fg0603","fg0722","fg0891","fg0471","fg0647","fg0562"
"fq001506","vx_117078bd34a8aa96","fg0307","1","fg0307","fg0218","fg0950","fg0716","fg0039","fg0712","fg0338","fg0515","fg0513","fg0573","fg0562","fg0983","fg0404","fg0252","fg0027","fg0791","fg0126","fg0382","fg0916","fg0397"
"fq001507","vx_8d71dc5e76f16c20","fg0308","1","fg0308","fg0938","fg0461","fg0864","fg0074","fg0361","fg0689","fg0582","fg0944","fg0241","fg0617","fg0369","fg0058","fg0876","fg0577","fg0957","fg0424","fg0178","fg0148","fg0805"
"fq001508","vx_8d71dc5e76f16c20","fg0308","1","fg0308","fg0938","fg0461","fg0864","fg0361","fg0074","fg0689","fg0944","fg0582","fg0241","fg0577","fg0058","fg0617","fg0343","fg0148","fg0256","fg0030","fg0941","fg0761","fg0957"
"fq001509","vx_8d71dc5e76f16c20","fg0308","1","fg0308","fg0938","fg0461","fg0864","fg0361","fg0689","fg0582","fg0241","fg0761","fg0058","fg0944","fg0074","fg0343","fg0424","fg0577","fg0941","fg0617","fg0256","fg0093","fg0262"
"fq001510","vx_8d71dc5e76f16c20","fg0308","1","fg0308","fg0010","fg0461","fg0241","fg0286","fg0938","fg0808","fg0577","fg0912","fg0482","fg0111","fg0864","fg0675","fg0345","fg0361","fg0369","fg0215","fg0689","fg0424","fg0761"
"fq001511","vx_9c5200c8fecd5c56","fg0309","1","fg0309","fg0410","fg0725","fg0004","fg0075","fg0792","fg0236","fg0523","fg0011","fg0282","fg0380","fg0266","fg0170","fg0032","fg0844","fg0050","fg0076","fg0237","fg0627","fg0700"
"fq001512","vx_9c5200c8fecd5c56","fg0309","1","fg0309","fg0410","fg0004","fg0523","fg0792","fg0725","fg0075","fg0011","fg0266","fg0627","fg0236","fg0282","fg0844","fg0170","fg0099","fg0380","fg0237","fg0050","fg0076","fg0032"
"fq001513","vx_9c5200c8fecd5c56","fg0309","1","fg0309","fg0410","fg0725","fg0004","fg0380","fg0170","fg0792","fg0844","fg0075","fg0236","fg0011","fg0523","fg0032","fg0050","fg0282","fg0266","fg0442","fg0457","fg0237","fg0406"
"fq001514","vx_9c5200c8fecd5c56","fg0309","1","fg0309","fg0410","fg0523","fg0792","fg0075","fg0725","fg0004","fg0236","fg0266","fg0011","fg0844","fg0170","fg0282","fg0237","fg0050","fg0875","fg0076","fg0032","fg0380","fg0457"
"fq001515","vx_9c5200c8fecd5c56","fg0309","1","fg0309","fg0410","fg0725","fg0004","fg0523","fg0792","fg0075","fg0011","fg0236","fg0266","fg0237","fg0282","fg0844","fg0076","fg0170","fg0050","fg0875","fg0032","fg0457","fg0380"
"fq001516","vx_9c5200c8fecd5c56","fg0309","1","fg0309","fg0725","fg0004","fg0410","fg0075","fg0236","fg0380","fg0266","fg0523","fg0032","fg0792","fg0011","fg0282","fg0844","fg0170","fg0442","fg0700","fg0237","fg0420","fg0076"
"fq001517","vx_9c5200c8fecd5c56","fg0309","1","fg0309","fg0410","fg0725","fg0004","fg0523","fg0266","fg0050","fg0236","fg0075","fg0170","fg0844","fg0792","fg0887","fg0032","fg0099","fg0011","fg0282","fg0380","fg0102","fg0420"
"fq001518","vx_9c5200c8fecd5c56","fg0309","1","fg0309","fg0410","fg0725","fg0004","fg0523","fg0075","fg0236","fg0380","fg0266","fg0792","fg0844","fg0011","fg0170","fg0032","fg0282","fg0050","fg0237","fg0442","fg0420","fg0076"
"fq001519","vx_9c5200c8fecd5c56","fg0309","1","fg0309","fg0410","fg0004","fg0725","fg0523","fg0075","fg0266","fg0236","fg0011","fg0792","fg0170","fg0844","fg0032","fg0282","fg0627","fg0050","fg0076","fg0237","fg0099","fg0380"
"fq001520","vx_9c5200c8fecd5c56","fg0309","1","fg0309","fg0410","fg0725","fg0170","fg0523","fg0844","fg0004","fg0282","fg0011","fg0050","fg0792","fg0236","fg0380","fg0266","fg0075","fg0032","fg0442","fg0420","fg0102","fg0459"
"fq001521","vx_9c5200c8fecd5c56","fg0309","1","fg0309","fg0410","fg0523","fg0725","fg0004","fg0236","fg0075","fg0792","fg0266","fg0011","fg0170","fg0844","fg0282","fg0032","fg0237","fg0380","fg0050","fg0076","fg0174","fg0627"
"fq001522","vx_9c5200c8fecd5c56","fg0309","1","fg0309","fg0410","fg0725","fg0075","fg0523","fg0792","fg0236","fg0282","fg0011","fg0004","fg0266","fg0844","fg0170","fg0076","fg0380","fg0050","fg0457","fg0032","fg0442","fg0237"
"fq001523","vx_9c5200c8fecd5c56","fg0309","1","fg0309","fg0410","fg0004","fg0725","fg0236","fg0075","fg0266","fg0844","fg0523","fg0050","fg0792","fg0170","fg0380","fg0011","fg0442","fg0032","fg0237","fg0282","fg0457","fg0406"
"fq001524","vx_9c5200c8fecd5c56","fg0309","1","fg0309","fg0410","fg0725","fg0011","fg0523","fg0004","fg0380","fg0266","fg0170","fg0236","fg0075","fg0032","fg0792","fg0844","fg0282","fg0442","fg0420","fg0237","fg0050","fg0289"
"fq001525","vx_9c5200c8fecd5c56","fg0309","1","fg0309","fg0410","fg0725","fg0523","fg0380","fg0844","fg0170","fg0004","fg0032","fg0282","fg0266","fg0011","fg0075","fg0792","fg0236","fg0050","fg0442","fg0420","fg0875","fg0174"
"fq001526","vx_9c5200c8fecd5c56","fg0309","1","fg0309","fg0410","fg0725","fg0011","fg0004","fg0380","fg0282","fg0792","fg0844","fg0050","fg0523","fg0170","fg0075","fg0236","fg0237","fg0266","fg0294","fg0457","fg0032","fg0102"
"fq001527","vx_9c5200c8fecd5c56","fg0309","1","fg0309","fg0410","fg0523","fg0266","fg0725","fg0236","fg0004","fg0792","fg0075","fg0011","fg0050","fg0170","fg0844","fg0102","fg0237","fg0099","fg0282","fg0380","fg0457","fg0875"
"fq001528","vx_a07371af01e2e656","fg0310","1","fg0310","fg0897","fg0986","fg0892","fg0046","fg0929","fg0108","fg0428","fg0414","fg0229","fg0172","fg0283","fg0214","fg0089","fg0988","fg0706","fg0934","fg0621","fg0818","fg0301"
"fq001529","vx_857a26469728b1ef","fg0311","1","fg0311","fg0705","fg0553","fg0076","fg0614","fg0870","fg0377","fg0229","fg0777","fg0449","fg0006","fg0963","fg0172","fg0052","fg0428","fg0141","fg0986","fg0326","fg0928","fg0744"
"fq001530","vx_99d9816202b07f24","fg0312","1","fg0312","fg0591","fg0015","fg0039","fg0490","fg0942","fg0573","fg0025","fg0211","fg0688","fg0488","fg0976","fg0397","fg0059","fg0082","fg0843","fg0936","fg0195","fg0778","fg0974"
"fq001531","vx_99d9816202b07f24","fg0312","1","fg0312","fg0942","fg0490","fg0039","fg0591","fg0015","fg0211","fg0357","fg0025","fg0936","fg0688","fg0778","fg0267","fg0573","fg0059","fg0503","fg0974","fg0195","fg0976","fg0082"
"fq001532","vx_99d9816202b07f24","fg0312","1","fg0312","fg0015","fg0039","fg0591","fg0942","fg0490","fg0211","fg0488","fg0976","fg0573","fg0025","fg0688","fg0936","fg0778","fg0974","fg0106","fg0059","fg0503","fg0357","fg0298"
"fq001533","vx_99d9816202b07f24","fg0312","1","fg0312","fg0942","fg0039","fg0490","fg0059","fg0015","fg0591","fg0688","fg0573","fg0357","fg0082","fg0843","fg0397","fg0307","fg0936","fg0778","fg0907","fg0891","fg0211","fg0974"
"fq001534","vx_a783a43f1209d77e","fg0313","1","fg0313","fg0583","fg0224","fg0624","fg0355","fg0357","fg0724","fg0936","fg0343","fg0273","fg0162","fg0737","fg0267","fg0028","fg0884","fg0241","fg0360","fg0570","fg0363","fg0375"
"fq001535","vx_e6abfac8c0b919db","fg0314","1","fg0314","fg0942","fg0059","fg0089","fg0325","fg0298","fg0039","fg0490","fg0616","fg0168","fg0887","fg0757","fg0350","fg0369","fg0798","fg0367","fg0022","fg0565","fg0435","fg0573"
"fq001536","vx_e6abfac8c0b919db","fg0314","1","fg0314","fg0350","fg0338","fg0126","fg0573","fg0106","fg0565","fg0843","fg0942","fg0298","fg0907","fg0589","fg0347","fg0959","fg0039","fg0367","fg0059","fg0587","fg0733","fg0716"
"fq001537","vx_e6abfac8c0b919db","fg0314","1","fg0314","fg0942","fg0089","fg0059","fg0298","fg0565","fg0887","fg0325","fg0039","fg0350","fg0168","fg0312","fg0573","fg0367","fg0126","fg0106","fg0589","fg0591","fg0490","fg0847"
"fq001538","vx_e6abfac8c0b919db","fg0314","1","fg0314","fg0089","fg0942","fg0059","fg0298","fg0168","fg0565","fg0887","fg0325","fg0039","fg0312","fg0350","fg0022","fg0011","fg0369","fg0584","fg0573","fg0835","fg0367","fg0490"
"fq001539","vx_e6abfac8c0b919db","fg0314","1","fg0314","fg0298","fg0835","fg0350","fg0565","fg0089","fg0490","fg0573","fg0887","fg0942","fg0126","fg0325","fg0588","fg0039","fg0843","fg0059","fg0367","fg0974","fg0338","fg0312"
"fq001540","vx_49656e78627fdb30","fg0315","1","fg0315","fg0577","fg0828","fg0753","fg0119","fg0370","fg0100","fg0058","fg0905","fg0136","fg0361","fg0083","fg0024","fg0316","fg0480","fg0631","fg0062","fg0097","fg0321","fg0079"
"fq001541","vx_01e421ae7a3cd78a","fg0316","1","fg0316","fg0082","fg0258","fg0573","fg0397","fg0388","fg0412","fg0042","fg0015","fg0429","fg0211","fg0173","fg0382","fg0001","fg0370","fg0813","fg0976","fg0071","fg0347","fg0682"
"fq001542","vx_e25517315bc55481","fg0317","1","fg0317","fg0500","fg0475","fg0919","fg0733","fg0643","fg0078","fg0186","fg0726","fg0225","fg0347","fg0004","fg0126","fg0910","fg0413","fg0608","fg0784","fg0611","fg0287","fg0694"
"fq001543","vx_e25517315bc55481","fg0317","1","fg0317","fg0475","fg0500","fg0078","fg0733","fg0919","fg0186","fg0784","fg0910","fg0469","fg0489","fg0643","fg0004","fg0324","fg0287","fg0347","fg0495","fg0225","fg0126","fg0694"
"fq001544","vx_e25517315bc55481","fg0317","1","fg0317","fg0733","fg0500","fg0475","fg0078","fg0611","fg0186","fg0919","fg0097","fg0142","fg0784","fg0324","fg0910","fg0643","fg0485","fg0495","fg0225","fg0126","fg0469","fg0800"
"fq001545","vx_e25517315bc55481","fg0317","1","fg0317","fg0500","fg0475","fg0733","fg0078","fg0186","fg0919","fg0643","fg0726","fg0910","fg0126","fg0287","fg0142","fg0225","fg0469","fg0784","fg0324","fg0004","fg0746","fg0264"
"fq001546","vx_e25517315bc55481","fg0317","1","fg0317","fg0500","fg0475","fg0078","fg0733","fg0919","fg0186","fg0287","fg0225","fg0784","fg0142","fg0643","fg0097","fg0347","fg0469","fg0611","fg0489","fg0495","fg0694","fg0608"
"fq001547","vx_e25517315bc55481","fg0317","1","fg0317","fg0475","fg0500","fg0078","fg0733","fg0919","fg0347","fg0186","fg0643","fg0225","fg0784","fg0469","fg0489","fg0004","fg0126","fg0910","fg0324","fg0611","fg0608","fg0142"
"fq001548","vx_e25517315bc55481","fg0317","1","fg0317","fg0500","fg0475","fg0733","fg0919","fg0186","fg0142","fg0078","fg0643","fg0746","fg0910","fg0726","fg0004","fg0469","fg0324","fg0694","fg0495","fg0287","fg0608","fg0097"
"fq001549","vx_e25517315bc55481","fg0317","1","fg0317","fg0500","fg0475","fg0078","fg0919","fg0733","fg0186","fg0643","fg0910","fg0726","fg0611","fg0004","fg0746","fg0469","fg0324","fg0097","fg0225","fg0142","fg0287","fg0495"
"fq001550","vx_e25517315bc55481","fg0317","1","fg0317","fg0500","fg0475","fg0078","fg0733","fg0919","fg0186","fg0225","fg0726","fg0643","fg0347","fg0784","fg0910","fg0126","fg0287","fg0495","fg0469","fg0324","fg0350","fg0004"
"fq001551","vx_e25517315bc55481","fg0317","1","fg0317","fg0500","fg0475","fg0078","fg0919","fg0733","fg0142","fg0643","fg0097","fg0726","fg0225","fg0347","fg0004","fg0694","fg0784","fg0186","fg0469","fg0746","fg0324","fg0608"
"fq001552","vx_e25517315bc55481","fg0317","1","fg0317","fg0500","fg0475","fg0919","fg0733","fg0078","fg0784","fg0225","fg0004","fg0347","fg0186","fg0611","fg0643","fg0608","fg0726","fg0910","fg0694","fg0287","fg0142","fg0097"
"fq001553","vx_e25517315bc55481","fg0317","1","fg0317","fg0475","fg0733","fg0500","fg0186","fg0784","fg0643","fg0919","fg0078","fg0611","fg0489","fg0347","fg0004","fg0225","fg0126","fg0910","fg0287","fg0142","fg0324","fg0413"
"fq001554","vx_e25517315bc55481","fg0317","1","fg0317","fg0500","fg0475","fg0078","fg0733","fg0919","fg0186","fg0004","fg0469","fg0910","fg0643","fg0225","fg0142","fg0726","fg0287","fg0495","fg0784","fg0694","fg0608","fg0324"
"fq001555","vx_e25517315bc55481","fg0317","1","fg0317","fg0500","fg0475","fg0733","fg0078","fg0919","fg0225","fg0347","fg0142","fg0004","fg0186","fg0643","fg0469","fg0694","fg0726","fg0608","fg0097","fg0324","fg0910","fg0287"
"fq001556","vx_e25517315bc55481","fg0317","1","fg0317","fg0500","fg0475","fg0078","fg0910","fg0186","fg0733","fg0919","fg0469","fg0287","fg0643","fg0324","fg0004","fg0042","fg0726","fg0225","fg0126","fg0347","fg0784","fg0142"
"fq001557","vx_e25517315bc55481","fg0317","1","fg0317","fg0500","fg0475","fg0078","fg0733","fg0919","fg0186","fg0142","fg0469","fg0910","fg0347","fg0004","fg0097","fg0726","fg0042","fg0225","fg0643","fg0784","fg0694","fg0126"
"fq001558","vx_e25517315bc55481","fg0317","1","fg0317","fg0500","fg0475","fg0733","fg0078","fg0919","fg0784","fg0186","fg0347","fg0643","fg0097","fg0910","fg0142","fg0611","fg0469","fg0225","fg0489","fg0726","fg0126","fg0701"
"fq001559","vx_9182ed5161ecc6f7","fg0318","1","fg0318","fg0933","fg0676","fg0743","fg0140","fg0085","fg0094","fg0671","fg0440","fg0431","fg0993","fg0405","fg0319","fg0226","fg0401","fg0299","fg0866","fg0521","fg0257","fg0151"
"fq001560","vx_117a0102866456bd","fg0319","1","fg0319","fg0722","fg0695","fg0589","fg0671","fg0173","fg0397","fg0147","fg0272","fg0659","fg0078","fg0525","fg0318","fg0140","fg0295","fg0868","fg0103","fg0088","fg0086","fg0227"
"fq001561","vx_117a0102866456bd","fg0319","1","fg0319","fg0722","fg0295","fg0641","fg0754","fg0086","fg0353","fg0561","fg0318","fg0140","fg0078","fg0695","fg0525","fg0768","fg0589","fg0671","fg0413","fg0143","fg0173","fg0906"
"fq001562","vx_117a0102866456bd","fg0319","1","fg0319","fg0429","fg0722","fg0754","fg0695","fg0589","fg0147","fg0671","fg0085","fg0318","fg0347","fg0413","fg0113","fg0143","fg0353","fg0295","fg0140","fg0173","fg0078","fg0641"
"fq001563","vx_117a0102866456bd","fg0319","1","fg0319","fg0722","fg0589","fg0353","fg0173","fg0695","fg0295","fg0641","fg0143","fg0086","fg0140","fg0078","fg0272","fg0929","fg0854","fg0768","fg0754","fg0543","fg0649","fg0671"
"fq001564","vx_39df866c8f610369","fg0320","1","fg0320","fg0846","fg0389","fg0780","fg0466","fg0533","fg0182","fg0333","fg0968","fg0885","fg0595","fg0624","fg0583","fg0254","fg0886","fg0758","fg0884","fg0527","fg0130","fg0123"
"fq001565","vx_39df866c8f610369","fg0320","1","fg0320","fg0333","fg0846","fg0780","fg0389","fg0533","fg0885","fg0968","fg0466","fg0123","fg0371","fg0999","fg0758","fg0182","fg0624","fg0884","fg0392","fg0527","fg0583","fg0597"
"fq001566","vx_39df866c8f610369","fg0320","1","fg0320","fg0846","fg0333","fg0389","fg0624","fg0780","fg0968","fg0533","fg0466","fg0885","fg0884","fg0182","fg0313","fg0254","fg0304","fg0123","fg0583","fg0758","fg0886","fg0595"
"fq001567","vx_39df866c8f610369","fg0320","1","fg0320","fg0333","fg0780","fg0968","fg0533","fg0846","fg0885","fg0389","fg0466","fg0624","fg0123","fg0182","fg0371","fg0060","fg0999","fg0595","fg0304","fg0042","fg0884","fg0758"
"fq001568","vx_39df866c8f610369","fg0320","1","fg0320","fg0846","fg0333","fg0389","fg0466","fg0780","fg0533","fg0885","fg0583","fg0527","fg0624","fg0968","fg0182","fg0758","fg0884","fg0254","fg0886","fg0568","fg0130","fg0304"
"fq001569","vx_661015b3de49d02f","fg0321","1","fg0321","fg0259","fg0368","fg0928","fg0849","fg0922","fg0536","fg0097","fg0794","fg0551","fg0584","fg0315","fg0160","fg0895","fg0830","fg0754","fg0304","fg0607","fg0652","fg0374"
"fq001570","vx_661015b3de49d02f","fg0321","1","fg0321","fg0259","fg0368","fg0849","fg0928","fg0536","fg0922","fg0097","fg0794","fg0830","fg0584","fg0551","fg0374","fg0315","fg0652","fg0754","fg0160","fg0895","fg0432","fg0753"
"fq001571","vx_661015b3de49d02f","fg0321","1","fg0321","fg0368","fg0922","fg0536","fg0259","fg0895","fg0928","fg0097","fg0794","fg0584","fg0878","fg0432","fg0849","fg0551","fg0753","fg0018","fg0374","fg0652","fg0754","fg0315"
"fq001572","vx_661015b3de49d02f","fg0321","1","fg0321","fg0368","fg0259","fg0536","fg0928","fg0849","fg0754","fg0097","fg0584","fg0895","fg0794","fg0922","fg0160","fg0551","fg0304","fg0018","fg0830","fg0176","fg0374","fg0878"
"fq001573","vx_3fd1717ca6e163f7","fg0322","1","fg0322","fg0138","fg0945","fg0391","fg0238","fg0476","fg0529","fg0466","fg0551","fg0029","fg0443","fg0849","fg0744","fg0745","fg0458","fg0751","fg0135","fg0360","fg0728","fg0219"
"fq001574","vx_71b0de7a3385076a","fg0323","1","fg0323","fg0354","fg0633","fg0677","fg0081","fg0539","fg0505","fg0543","fg0372","fg0006","fg0975","fg0492","fg0963","fg0956","fg0296","fg0027","fg0086","fg0421","fg0773","fg0669"
"fq001575","vx_b34d0dc437a2071e","fg0324","1","fg0324","fg0943","fg0746","fg0500","fg0624","fg0414","fg0240","fg0142","fg0682","fg0880","fg0393","fg0073","fg0687","fg0317","fg0136","fg0693","fg0078","fg0717","fg0162","fg0186"
"fq001576","vx_c2e3d01117006ffe","fg0325","1","fg0325","fg0168","fg0842","fg0691","fg0668","fg0261","fg0787","fg0991","fg0386","fg0394","fg0020","fg0314","fg0100","fg0838","fg0759","fg0443","fg0545","fg0714","fg0405","fg0508"
"fq001577","vx_c2e3d01117006ffe","fg0325","1","fg0325","fg0168","fg0842","fg0668","fg0691","fg0261","fg0787","fg0991","fg0394","fg0714","fg0405","fg0386","fg0385","fg0020","fg0314","fg0766","fg0443","fg0838","fg0750","fg0699"
"fq001578","vx_c2e3d01117006ffe","fg0325","1","fg0325","fg0168","fg0691","fg0842","fg0261","fg0443","fg0386","fg0668","fg0020","fg0991","fg0385","fg0314","fg0394","fg0787","fg0405","fg0508","fg0838","fg0545","fg0750","fg0100"
"fq001579","vx_426dd29f356dd69c","fg0326","1","fg0326","fg0741","fg0946","fg0581","fg0890","fg0661","fg0908","fg0357","fg0725","fg0062","fg0481","fg0409","fg0087","fg0311","fg0918","fg0780","fg0758","fg0755","fg0480","fg0597"
"fq001580","vx_426dd29f356dd69c","fg0326","1","fg0326","fg0741","fg0946","fg0357","fg0890","fg0908","fg0725","fg0661","fg0918","fg0581","fg0871","fg0780","fg0609","fg0062","fg0087","fg0309","fg0755","fg0480","fg0420","fg0597"
"fq001581","vx_8c4a8179a7dca218","fg0327","1","fg0327","fg0464","fg0794","fg0659","fg0551","fg0612","fg0668","fg0304","fg0231","fg0466","fg0770","fg0364","fg0854","fg0529","fg0989","fg0528","fg0419","fg0250","fg0729","fg0893"
"fq001582","vx_8c4a8179a7dca218","fg0327","1","fg0327","fg0612","fg0794","fg0529","fg0464","fg0023","fg0668","fg0659","fg0770","fg0419","fg0906","fg0231","fg0854","fg0138","fg0121","fg0140","fg0304","fg0925","fg0551","fg0364"
"fq001583","vx_8c4a8179a7dca218","fg0327","1","fg0327","fg0612","fg0668","fg0551","fg0304","fg0466","fg0794","fg0419","fg0583","fg0364","fg0947","fg0023","fg0529","fg0464","fg0770","fg0392","fg0659","fg0130","fg0389","fg0184"
"fq001584","vx_8c4a8179a7dca218","fg0327","1","fg0327","fg0464","fg0304","fg0551","fg0668","fg0466","fg0612","fg0893","fg0659","fg0364","fg0989","fg0794","fg0884","fg0793","fg0131","fg0419","fg0528","fg0779","fg0729","fg0023"
"fq001585","vx_8c4a8179a7dca218","fg0327","1","fg0327","fg0612","fg0794","fg0231","fg0364","fg0659","fg0529","fg0464","fg0023","fg0854","fg0668","fg0304","fg0770","fg0419","fg0389","fg0906","fg0121","fg0925","fg0225","fg0131"
"fq001586","vx_f2abd5d737705b4a","fg0328","2","fg0233","fg0328","fg0347","fg0298","fg0503","fg0959","fg0749","fg0489","fg0794","fg0792","fg0552","fg0584","fg0241","fg0565","fg0224","fg0078","fg0042","fg0889","fg0713","fg0211"
"fq001587","vx_f2abd5d737705b4a","fg0328","2","fg0233","fg0328","fg0503","fg0298","fg0347","fg0584","fg0270","fg0042","fg0224","fg0959","fg0552","fg0241","fg0749","fg0662","fg0215","fg0889","fg0942","fg0106","fg0059","fg0388"
"fq001588","vx_f2abd5d737705b4a","fg0328","2","fg0233","fg0328","fg0503","fg0794","fg0347","fg0298","fg0552","fg0749","fg0224","fg0267","fg0227","fg0959","fg0241","fg0584","fg0565","fg0507","fg0489","fg0792","fg0889","fg0280"
"fq001589","vx_f2abd5d737705b4a","fg0328","1","fg0328","fg0233","fg0503","fg0224","fg0298","fg0347","fg0584","fg0280","fg0662","fg0794","fg0215","fg0552","fg0749","fg0792","fg0270","fg0042","fg0029","fg0181","fg0649","fg0112"
"fq001590","vx_f2abd5d737705b4a","fg0328","2","fg0233","fg0328","fg0503","fg0298","fg0347","fg0224","fg0584","fg0959","fg0749","fg0794","fg0552","fg0241","fg0565","fg0215","fg0270","fg0792","fg0662","fg0682","fg0173","fg0191"
"fq001591","vx_f2abd5d737705b4a","fg0328","2","fg0233","fg0328","fg0347","fg0552","fg0792","fg0241","fg0503","fg0959","fg0942","fg0078","fg0298","fg0584","fg0224","fg0886","fg0662","fg0794","fg0059","fg0729","fg0749","fg0821"
"fq001592","vx_f2abd5d737705b4a","fg0328","2","fg0233","fg0328","fg0298","fg0503","fg0347","fg0662","fg0565","fg0224","fg0584","fg0959","fg0191","fg0280","fg0173","fg0181","fg0086","fg0794","fg0749","fg0042","fg0241","fg0162"
"fq001593","vx_f2abd5d737705b4a","fg0328","2","fg0233","fg0328","fg0347","fg0959","fg0042","fg0106","fg0552","fg0565","fg0270","fg0662","fg0078","fg0942","fg0792","fg0584","fg0298","fg0186","fg0794","fg0059","fg0503","fg0227"
"fq001594","vx_f2abd5d737705b4a","fg0328","2","fg0233","fg0328","fg0347","fg0503","fg0662","fg0298","fg0224","fg0959","fg0042","fg0078","fg0584","fg0173","fg0215","fg0106","fg0794","fg0565","fg0280","fg0552","fg0086","fg0889"
"fq001595","vx_f2abd5d737705b4a","fg0328","2","fg0233","fg0328","fg0347","fg0503","fg0298","fg0241","fg0584","fg0662","fg0959","fg0181","fg0224","fg0749","fg0792","fg0078","fg0552","fg0042","fg0942","fg0565","fg0126","fg0421"
"fq001596","vx_f2abd5d737705b4a","fg0328","2","fg0233","fg0328","fg0347","fg0186","fg0503","fg0078","fg0589","fg0792","fg0298","fg0641","fg0496","fg0489","fg0942","fg0662","fg0749","fg0733","fg0959","fg0126","fg0569","fg0778"
"fq001597","vx_f2abd5d737705b4a","fg0328","2","fg0233","fg0328","fg0347","fg0503","fg0794","fg0298","fg0959","fg0792","fg0749","fg0552","fg0241","fg0489","fg0186","fg0733","fg0270","fg0078","fg0589","fg0584","fg0227","fg0569"
"fq001598","vx_f2abd5d737705b4a","fg0328","2","fg0233","fg0328","fg0347","fg0792","fg0959","fg0042","fg0584","fg0552","fg0270","fg0106","fg0155","fg0713","fg0589","fg0078","fg0565","fg0641","fg0126","fg0173","fg0942","fg0215"
"fq001599","vx_f2abd5d737705b4a","fg0328","2","fg0233","fg0328","fg0347","fg0503","fg0298","fg0794","fg0280","fg0959","fg0749","fg0552","fg0224","fg0489","fg0270","fg0241","fg0584","fg0662","fg0729","fg0792","fg0569","fg0159"
"fq001600","vx_319f12eed1a9c985","fg0329","1","fg0329","fg0842","fg0532","fg0288","fg0168","fg0203","fg0549","fg0200","fg0058","fg0034","fg0248","fg0509","fg0763","fg0560","fg0739","fg0283","fg0919","fg0755","fg0856","fg0111"
"fq001601","vx_23225e16615dd7b3","fg0330","1","fg0330","fg0788","fg0429","fg0530","fg0475","fg0007","fg0891","fg0948","fg0082","fg0977","fg0228","fg0459","fg0472","fg0096","fg0973","fg0371","fg0576","fg0170","fg0680","fg0410"
"fq001602","vx_23225e16615dd7b3","fg0330","1","fg0330","fg0788","fg0429","fg0530","fg0475","fg0007","fg0891","fg0472","fg0228","fg0973","fg0082","fg0977","fg0096","fg0948","fg0459","fg0974","fg0576","fg0410","fg0253","fg0170"
"fq001603","vx_23225e16615dd7b3","fg0330","1","fg0330","fg0788","fg0007","fg0429","fg0530","fg0475","fg0891","fg0096","fg0459","fg0948","fg0371","fg0472","fg0085","fg0082","fg0977","fg0228","fg0960","fg0170","fg0680","fg0973"
"fq001604","vx_23225e16615dd7b3","fg0330","1","fg0330","fg0228","fg0429","fg0025","fg0082","fg0367","fg0948","fg0475","fg0973","fg0106","fg0474","fg0371","fg0788","fg0731","fg0530","fg0766","fg0287","fg0977","fg0647","fg0811"
"fq001605","vx_23225e16615dd7b3","fg0330","1","fg0330","fg0788","fg0429","fg0530","fg0082","fg0475","fg0948","fg0228","fg0977","fg0007","fg0891","fg0472","fg0973","fg0096","fg0974","fg0170","fg0960","fg0459","fg0410","fg0738"
"fq001606","vx_23225e16615dd7b3","fg0330","1","fg0330","fg0788","fg0429","fg0228","fg0475","fg0170","fg0459","fg0410","fg0530","fg0891","fg0082","fg0011","fg0576","fg0844","fg0680","fg0007","fg0263","fg0472","fg0457","fg0096"
"fq001607","vx_35df9f026f5d5cc2","fg0331","1","fg0331","fg0025","fg0647","fg0444","fg0659","fg0159","fg0010","fg0573","fg0500","fg0619","fg0152","fg0769","fg0859","fg0283","fg0108","fg0496","fg0394","fg0421","fg0411","fg0790"
"fq001608","vx_974192b2320ae979","fg0332","1","fg0332","fg0141","fg0465","fg0145","fg0125","fg0952","fg0101","fg0476","fg0637","fg0939","fg0273","fg0592","fg0365","fg0625","fg0853","fg0499","fg0164","fg0626","fg0343","fg0268"
"fq001609","vx_974192b2320ae979","fg0332","1","fg0332","fg0141","fg0145","fg0465","fg0125","fg0476","fg0093","fg0625","fg0101","fg0952","fg0592","fg0365","fg0255","fg0939","fg0273","fg0343","fg0853","fg0626","fg0637","fg0134"
"fq001610","vx_974192b2320ae979","fg0332","1","fg0332","fg0141","fg0465","fg0145","fg0125","fg0101","fg0952","fg0273","fg0476","fg0625","fg0365","fg0853","fg0164","fg0343","fg0115","fg0499","fg0861","fg0002","fg0939","fg0626"
"fq001611","vx_974192b2320ae979","fg0332","1","fg0332","fg0141","fg0145","fg0365","fg0476","fg0465","fg0592","fg0101","fg0255","fg0625","fg0125","fg0952","fg0115","fg0853","fg0939","fg0911","fg0626","fg0002","fg0921","fg0273"
"fq001612","vx_974192b2320ae979","fg0332","1","fg0332","fg0141","fg0465","fg0145","fg0125","fg0273","fg0343","fg0101","fg0625","fg0093","fg0861","fg0654","fg0002","fg0706","fg0365","fg0522","fg0952","fg0932","fg0164","fg0592"
"fq001613","vx_974192b2320ae979","fg0332","1","fg0332","fg0141","fg0465","fg0125","fg0145","fg0101","fg0952","fg0273","fg0365","fg0343","fg0476","fg0625","fg0939","fg0255","fg0853","fg0592","fg0706","fg0164","fg0626","fg0115"
"fq001614","vx_974192b2320ae979","fg0332","1","fg0332","fg0141","fg0465","fg0145","fg0125","fg0273","fg0343","fg0101","fg0365","fg0625","fg0861","fg0952","fg0706","fg0093","fg0002","fg0932","fg0654","fg0179","fg0592","fg0939"
"fq001615","vx_974192b2320ae979","fg0332","1","fg0332","fg0141","fg0465","fg0145","fg0125","fg0101","fg0952","fg0093","fg0476","fg0861","fg0625","fg0365","fg0939","fg0343","fg0273","fg0853","fg0637","fg0592","fg0179","fg0255"
"fq001616","vx_974192b2320ae979","fg0332","1","fg0332","fg0141","fg0145","fg0465","fg0101","fg0125","fg0952","fg0625","fg0476","fg0861","fg0273","fg0626","fg0115","fg0343","fg0093","fg0365","fg0939","fg0002","fg0853","fg0164"
"fq001617","vx_974192b2320ae979","fg0332","1","fg0332","fg0141","fg0465","fg0145","fg0125","fg0952","fg0365","fg0625","fg0101","fg0273","fg0343","fg0476","fg0939","fg0637","fg0093","fg0626","fg0911","fg0002","fg0861","fg0592"
"fq001618","vx_974192b2320ae979","fg0332","1","fg0332","fg0141","fg0465","fg0861","fg0911","fg0145","fg0625","fg0101","fg0827","fg0476","fg0125","fg0093","fg0901","fg0952","fg0343","fg0273","fg0939","fg0164","fg0520","fg0493"
"fq001619","vx_15fafec4c4d78d74","fg0333","1","fg0333","fg0389","fg0719","fg0194","fg0758","fg0846","fg0501","fg0884","fg0320","fg0052","fg0130","fg0885","fg0207","fg0653","fg0533","fg0392","fg0886","fg0678","fg0992","fg0289"
"fq001620","vx_d700a3781c568cdb","fg0334","1","fg0334","fg0812","fg0814","fg0486","fg0208","fg0506","fg0433","fg0675","fg0498","fg0777","fg0204","fg0835","fg0059","fg0579","fg0976","fg0713","fg0942","fg0588","fg0841","fg0247"
"fq001621","vx_d700a3781c568cdb","fg0334","1","fg0334","fg0433","fg0812","fg0506","fg0814","fg0486","fg0208","fg0054","fg0588","fg0398","fg0703","fg0191","fg0768","fg0835","fg0578","fg0247","fg0579","fg0513","fg0777","fg0498"
"fq001622","vx_d700a3781c568cdb","fg0334","1","fg0334","fg0812","fg0814","fg0191","fg0588","fg0506","fg0247","fg0835","fg0579","fg0486","fg0713","fg0208","fg0270","fg0976","fg0749","fg0298","fg0910","fg0747","fg0841","fg0498"
"fq001623","vx_d700a3781c568cdb","fg0334","1","fg0334","fg0247","fg0191","fg0835","fg0747","fg0588","fg0976","fg0270","fg0587","fg0841","fg0812","fg0942","fg0397","fg0059","fg0298","fg0371","fg0297","fg0889","fg0535","fg0749"
"fq001624","vx_d700a3781c568cdb","fg0334","1","fg0334","fg0812","fg0814","fg0191","fg0208","fg0247","fg0835","fg0588","fg0976","fg0204","fg0747","fg0486","fg0841","fg0579","fg0433","fg0506","fg0059","fg0777","fg0713","fg0675"
"fq001625","vx_3c885a3e12d6bed1","fg0335","1","fg0335","fg0198","fg0305","fg0221","fg0290","fg0772","fg0710","fg0180","fg0021","fg0558","fg0020","fg0665","fg0621","fg0803","fg0954","fg0068","fg0154","fg0545","fg0593","fg0178"
"fq001626","vx_fc20af91bf04c213","fg0336","1","fg0336","fg0079","fg0969","fg0605","fg0714","fg0092","fg0212","fg0810","fg0564","fg0534","fg0023","fg0060","fg0017","fg0045","fg0577","fg0087","fg0910","fg0151","fg0121","fg0567"
"fq001627","vx_fc20af91bf04c213","fg0336","1","fg0336","fg0079","fg0969","fg0605","fg0212","fg0092","fg0810","fg0714","fg0399","fg0577","fg0564","fg0959","fg0316","fg0017","fg0023","fg0756","fg0182","fg0151","fg0101","fg0567"
"fq001628","vx_fc20af91bf04c213","fg0336","1","fg0336","fg0969","fg0079","fg0605","fg0212","fg0714","fg0092","fg0418","fg0121","fg0564","fg0182","fg0399","fg0023","fg0567","fg0959","fg0810","fg0017","fg0577","fg0045","fg0480"
"fq001629","vx_fc20af91bf04c213","fg0336","1","fg0336","fg0079","fg0605","fg0969","fg0212","fg0714","fg0564","fg0577","fg0959","fg0534","fg0848","fg0418","fg0910","fg0476","fg0087","fg0690","fg0458","fg0019","fg0045","fg0717"
"fq001630","vx_fc20af91bf04c213","fg0336","1","fg0336","fg0605","fg0079","fg0212","fg0969","fg0714","fg0182","fg0959","fg0756","fg0564","fg0418","fg0121","fg0577","fg0910","fg0690","fg0968","fg0045","fg0595","fg0007","fg0399"
"fq001631","vx_fc20af91bf04c213","fg0336","1","fg0336","fg0079","fg0969","fg0092","fg0605","fg0212","fg0714","fg0959","fg0023","fg0049","fg0498","fg0017","fg0810","fg0814","fg0534","fg0087","fg0848","fg0690","fg0564","fg0839"
"fq001632","vx_fc20af91bf04c213","fg0336","1","fg0336","fg0079","fg0969","fg0605","fg0212","fg0564","fg0714","fg0092","fg0910","fg0121","fg0534","fg0418","fg0087","fg0017","fg0182","fg0717","fg0023","fg0865","fg0690","fg0959"
"fq001633","vx_fc20af91bf04c213","fg0336","1","fg0336","fg0605","fg0212","fg0079","fg0969","fg0564","fg0714","fg0577","fg0756","fg0399","fg0182","fg0057","fg0045","fg0038","fg0101","fg0019","fg0087","fg0418","fg0717","fg0910"
"fq001634","vx_fc20af91bf04c213","fg0336","1","fg0336","fg0079","fg0969","fg0605","fg0714","fg0092","fg0577","fg0848","fg0023","fg0212","fg0564","fg0959","fg0810","fg0910","fg0534","fg0151","fg0567","fg0060","fg0045","fg0418"
"fq001635","vx_fc20af91bf04c213","fg0336","1","fg0336","fg0079","fg0605","fg0969","fg0212","fg0714","fg0577","fg0564","fg0910","fg0418","fg0959","fg0756","fg0045","fg0182","fg0717","fg0399","fg0057","fg0087","fg0121","fg0019"
"fq001636","vx_fc20af91bf04c213","fg0336","1","fg0336","fg0605","fg0079","fg0212","fg0969","fg0968","fg0959","fg0714","fg0182","fg0577","fg0569","fg0430","fg0564","fg0690","fg0418","fg0023","fg0038","fg0376","fg0756","fg0327"
"fq001637","vx_d00a5231110be702","fg0337","1","fg0337","fg0404","fg0916","fg0940","fg0623","fg0950","fg0689","fg0956","fg0719","fg0716","fg0252","fg0365","fg0532","fg0382","fg0701","fg0002","fg0429","fg0587","fg0852","fg0294"
"fq001638","vx_d00a5231110be702","fg0337","1","fg0337","fg0404","fg0689","fg0623","fg0940","fg0916","fg0719","fg0956","fg0382","fg0365","fg0294","fg0252","fg0427","fg0983","fg0783","fg0002","fg0700","fg0429","fg0532","fg0197"
"fq001639","vx_d00a5231110be702","fg0337","1","fg0337","fg0404","fg0623","fg0916","fg0940","fg0689","fg0382","fg0719","fg0365","fg0950","fg0230","fg0294","fg0429","fg0956","fg0081","fg0002","fg0983","fg0197","fg0764","fg0372"
"fq001640","vx_d3caab5bc9eebdd8","fg0338","1","fg0338","fg0266","fg0716","fg0532","fg0539","fg0404","fg0956","fg0110","fg0494","fg0027","fg0603","fg0218","fg0421","fg0642","fg0307","fg0372","fg0916","fg0349","fg0543","fg0156"
"fq001641","vx_8739c637aee0e8be","fg0339","1","fg0339","fg0158","fg0901","fg0786","fg0692","fg0385","fg0581","fg0709","fg0830","fg0870","fg0799","fg0100","fg0838","fg0949","fg0459","fg0263","fg0853","fg0553","fg0766","fg0072"
"fq001642","vx_8739c637aee0e8be","fg0339","1","fg0339","fg0158","fg0901","fg0692","fg0385","fg0581","fg0786","fg0799","fg0870","fg0830","fg0709","fg0100","fg0648","fg0838","fg0766","fg0796","fg0853","fg0974","fg0553","fg0894"
"fq001643","vx_8739c637aee0e8be","fg0339","1","fg0339","fg0158","fg0901","fg0692","fg0263","fg0385","fg0799","fg0170","fg0786","fg0581","fg0870","fg0100","fg0949","fg0072","fg0830","fg0704","fg0838","fg0459","fg0039","fg0106"
"fq001644","vx_8739c637aee0e8be","fg0339","1","fg0339","fg0158","fg0901","fg0786","fg0385","fg0581","fg0692","fg0709","fg0830","fg0100","fg0870","fg0799","fg0838","fg0648","fg0853","fg0315","fg0006","fg0894","fg0459","fg0202"
"fq001645","vx_8739c637aee0e8be","fg0339","1","fg0339","fg0158","fg0870","fg0692","fg0901","fg0385","fg0799","fg0581","fg0786","fg0100","fg0838","fg0709","fg0830","fg0648","fg0853","fg0519","fg0006","fg0796","fg0894","fg0974"
"fq001646","vx_8739c637aee0e8be","fg0339","1","fg0339","fg0158","fg0901","fg0786","fg0692","fg0581","fg0870","fg0830","fg0709","fg0385","fg0006","fg0553","fg0838","fg0949","fg0586","fg0799","fg0100","fg0853","fg0796","fg0744"
"fq001647","vx_1a819e5a2bb5afef","fg0340","1","fg0340","fg0766","fg0516","fg0926","fg0576","fg0489","fg0459","fg0287","fg0699","fg0685","fg0385","fg0407","fg0330","fg0061","fg0488","fg0365","fg0067","fg0540","fg0154","fg0957"
"fq001648","vx_5c8ada0c66e54529","fg0341","1","fg0341","fg0750","fg0606","fg0264","fg0068","fg0859","fg0358","fg0471","fg0384","fg0425","fg0063","fg0664","fg0645","fg0818","fg0537","fg0903","fg0507","fg0549","fg0871","fg0609"
"fq001649","vx_5c8ada0c66e54529","fg0341","1","fg0341","fg0859","fg0750","fg0384","fg0068","fg0797","fg0264","fg0425","fg0606","fg0479","fg0549","fg0645","fg0358","fg0033","fg0994","fg0608","fg0063","fg0318","fg0818","fg0855"
"fq001650","vx_5c8ada0c66e54529","fg0341","1","fg0341","fg0859","fg0606","fg0750","fg0384","fg0068","fg0973","fg0358","fg0664","fg0063","fg0994","fg0264","fg0598","fg0903","fg0471","fg0996","fg0255","fg0537","fg0676","fg0549"
"fq001651","vx_cafa8d8b83e587a9","fg0342","1","fg0342","fg0543","fg0296","fg0110","fg0596","fg0618","fg0143","fg0993","fg0053","fg0963","fg0302","fg0645","fg0446","fg0407","fg0512","fg0672","fg0463","fg0667","fg0646","fg0323"
"fq001652","vx_cafa8d8b83e587a9","fg0342","1","fg0342","fg0296","fg0543","fg0143","fg0110","fg0596","fg0302","fg0618","fg0598","fg0053","fg0672","fg0963","fg0512","fg0407","fg0446","fg0993","fg0645","fg0319","fg0469","fg0463"
"fq001653","vx_cafa8d8b83e587a9","fg0342","1","fg0342","fg0296","fg0543","fg0596","fg0618","fg0110","fg0446","fg0993","fg0645","fg0407","fg0053","fg0672","fg0302","fg0143","fg0963","fg0319","fg0922","fg0167","fg0512","fg0323"
"fq001654","vx_5c11a8579b870f75","fg0343","2","fg0273","fg0343","fg0028","fg0034","fg0957","fg0654","fg0521","fg0108","fg0643","fg0445","fg0261","fg0483","fg0687","fg0313","fg0240","fg0283","fg0624","fg0444","fg0522","fg0785"
"fq001655","vx_5c11a8579b870f75","fg0343","2","fg0273","fg0343","fg0028","fg0108","fg0654","fg0261","fg0957","fg0521","fg0034","fg0643","fg0445","fg0687","fg0283","fg0313","fg0785","fg0624","fg0483","fg0355","fg0470","fg0755"
"fq001656","vx_5c11a8579b870f75","fg0343","2","fg0273","fg0343","fg0654","fg0445","fg0108","fg0028","fg0521","fg0261","fg0283","fg0555","fg0034","fg0643","fg0313","fg0523","fg0653","fg0275","fg0957","fg0624","fg0651","fg0687"
"fq001657","vx_5c11a8579b870f75","fg0343","1","fg0343","fg0273","fg0654","fg0521","fg0687","fg0261","fg0643","fg0043","fg0522","fg0313","fg0028","fg0483","fg0355","fg0785","fg0624","fg0957","fg0373","fg0445","fg0559","fg0444"
"fq001658","vx_002e6e5e7d1d6910","fg0344","1","fg0344","fg0074","fg0720","fg0800","fg0413","fg0125","fg0943","fg0415","fg0580","fg0643","fg0210","fg0461","fg0456","fg0161","fg0664","fg0702","fg0183","fg0222","fg0906","fg0745"
"fq001659","vx_002e6e5e7d1d6910","fg0344","1","fg0344","fg0943","fg0074","fg0800","fg0125","fg0161","fg0461","fg0415","fg0580","fg0570","fg0485","fg0413","fg0222","fg0720","fg0611","fg0426","fg0456","fg0710","fg0308","fg0105"
"fq001660","vx_002e6e5e7d1d6910","fg0344","1","fg0344","fg0413","fg0943","fg0074","fg0461","fg0800","fg0125","fg0580","fg0643","fg0664","fg0308","fg0415","fg0611","fg0161","fg0222","fg0720","fg0456","fg0183","fg0961","fg0906"
"fq001661","vx_002e6e5e7d1d6910","fg0344","1","fg0344","fg0570","fg0805","fg0413","fg0260","fg0308","fg0800","fg0461","fg0720","fg0074","fg0583","fg0426","fg0357","fg0681","fg0943","fg0415","fg0961","fg0334","fg0643","fg0456"
"fq001662","vx_002e6e5e7d1d6910","fg0344","1","fg0344","fg0720","fg0260","fg0125","fg0074","fg0413","fg0666","fg0183","fg0551","fg0774","fg0849","fg0203","fg0210","fg0943","fg0710","fg0580","fg0905","fg0830","fg0222","fg0142"
"fq001663","vx_bc8f2bdc5244c507","fg0345","1","fg0345","fg0286","fg0675","fg0482","fg0215","fg0348","fg0111","fg0912","fg0285","fg0010","fg0049","fg0259","fg0808","fg0478","fg0508","fg0486","fg0175","fg0812","fg0713","fg0089"
"fq001664","vx_bc8f2bdc5244c507","fg0345","1","fg0345","fg0215","fg0808","fg0972","fg0286","fg0675","fg0348","fg0285","fg0111","fg0156","fg0912","fg0932","fg0175","fg0147","fg0482","fg0610","fg0010","fg0427","fg0296","fg0669"
"fq001665","vx_08ec07cd6d323118","fg0346","1","fg0346","fg0187","fg0568","fg0349","fg0022","fg0287","fg0021","fg0493","fg0801","fg0387","fg0482","fg0004","fg0508","fg0887","fg0384","fg0128","fg0235","fg0991","fg0431","fg0169"
"fq001666","vx_afd22bfd0366e255","fg0347","504","fg0871","fg0319","fg0357","fg0085","fg0979","fg0436","fg0933","fg0633","fg0507","fg0342","fg0598","fg0578","fg0676","fg0874","fg0497","fg0958","fg0698","fg0699","fg0042","fg0413"
"fq001667","vx_668ac1e613c11e8b","fg0348","1","fg0348","fg0345","fg0912","fg0008","fg0285","fg0765","fg0286","fg0111","fg0266","fg0215","fg0063","fg0049","fg0600","fg0269","fg0991","fg0948","fg0482","fg0675","fg0618","fg0570"
"fq001668","vx_668ac1e613c11e8b","fg0348","1","fg0348","fg0345","fg0912","fg0285","fg0111","fg0286","fg0008","fg0482","fg0266","fg0675","fg0049","fg0765","fg0215","fg0600","fg0063","fg0010","fg0570","fg0991","fg0948","fg0269"
"fq001669","vx_9e6eff27b7a78c47","fg0349","1","fg0349","fg0367","fg0796","fg0014","fg0346","fg0545","fg0880","fg0887","fg0933","fg0872","fg0546","fg0199","fg0473","fg0823","fg0875","fg0290","fg0761","fg0189","fg0731","fg0807"
"fq001670","vx_9e6eff27b7a78c47","fg0349","1","fg0349","fg0367","fg0796","fg0014","fg0545","fg0872","fg0346","fg0880","fg0887","fg0473","fg0546","fg0199","fg0807","fg0823","fg0933","fg0875","fg0474","fg0761","fg0290","fg0384"
"fq001671","vx_9e6eff27b7a78c47","fg0349","1","fg0349","fg0367","fg0474","fg0338","fg0126","fg0630","fg0350","fg0039","fg0573","fg0973","fg0042","fg0841","fg0473","fg0843","fg0103","fg0757","fg0933","fg0314","fg0397","fg0716"
"fq001672","vx_9e6eff27b7a78c47","fg0349","1","fg0349","fg0367","fg0474","fg0716","fg0338","fg0042","fg0098","fg0397","fg0473","fg0126","fg0647","fg0404","fg0955","fg0712","fg0982","fg0039","fg0290","fg0950","fg0027","fg0695"
"fq001673","vx_9e6eff27b7a78c47","fg0349","1","fg0349","fg0367","fg0473","fg0474","fg0887","fg0187","fg0098","fg0338","fg0126","fg0716","fg0955","fg0274","fg0042","fg0875","fg0773","fg0647","fg0973","fg0712","fg0740","fg0290"
"fq001674","vx_9e6eff27b7a78c47","fg0349","1","fg0349","fg0367","fg0474","fg0473","fg0647","fg0042","fg0338","fg0630","fg0126","fg0187","fg0809","fg0716","fg0384","fg0103","fg0098","fg0350","fg0973","fg0887","fg0334","fg0835"
"fq001675","vx_9e6eff27b7a78c47","fg0349","1","fg0349","fg0367","fg0014","fg0796","fg0346","fg0887","fg0875","fg0545","fg0546","fg0880","fg0872","fg0199","fg0473","fg0189","fg0919","fg0933","fg0807","fg0038","fg0823","fg0290"
"fq001676","vx_9e6eff27b7a78c47","fg0349","1","fg0349","fg0887","fg0367","fg0014","fg0346","fg0875","fg0189","fg0290","fg0546","fg0919","fg0872","fg0796","fg0004","fg0199","fg0632","fg0396","fg0935","fg0366","fg0264","fg0784"
"fq001677","vx_9e6eff27b7a78c47","fg0349","1","fg0349","fg0367","fg0796","fg0887","fg0014","fg0880","fg0545","fg0546","fg0872","fg0290","fg0875","fg0933","fg0346","fg0189","fg0264","fg0202","fg0823","fg0378","fg0199","fg0338"
"fq001678","vx_9e6eff27b7a78c47","fg0349","1","fg0349","fg0367","fg0796","fg0545","fg0014","fg0880","fg0346","fg0546","fg0823","fg0199","fg0887","fg0761","fg0955","fg0189","fg0731","fg0875","fg0038","fg0807","fg0474","fg0872"
"fq001679","vx_9e6eff27b7a78c47","fg0349","1","fg0349","fg0367","fg0014","fg0796","fg0887","fg0346","fg0546","fg0875","fg0290","fg0545","fg0832","fg0919","fg0189","fg0880","fg0872","fg0199","fg0274","fg0264","fg0761","fg0473"
"fq001680","vx_8930e30ac1f4d848","fg0350","1","fg0350","fg0126","fg0733","fg0039","fg0025","fg0106","fg0843","fg0195","fg0973","fg0334","fg0591","fg0573","fg0815","fg0186","fg0475","fg0397","fg0594","fg0438","fg0907","fg0855"
"fq001681","vx_8930e30ac1f4d848","fg0350","1","fg0350","fg0126","fg0025","fg0039","fg0733","fg0973","fg0106","fg0367","fg0843","fg0195","fg0573","fg0334","fg0815","fg0397","fg0594","fg0314","fg0369","fg0591","fg0475","fg0474"
"fq001682","vx_d18b80ea064faf7b","fg0351","1","fg0351","fg0473","fg0093","fg0098","fg0807","fg0582","fg0522","fg0654","fg0021","fg0617","fg0187","fg0434","fg0441","fg0954","fg0517","fg0210","fg0806","fg0132","fg0256","fg0789"
"fq001683","vx_c6d5a3331642761b","fg0352","1","fg0352","fg0083","fg0622","fg0881","fg0383","fg0744","fg0902","fg0644","fg0377","fg0604","fg0449","fg0451","fg0511","fg0136","fg0071","fg0903","fg0694","fg0540","fg0743","fg0914"
"fq001684","vx_c6d5a3331642761b","fg0352","1","fg0352","fg0622","fg0083","fg0383","fg0744","fg0881","fg0902","fg0644","fg0604","fg0451","fg0449","fg0903","fg0377","fg0071","fg0136","fg0390","fg0914","fg0694","fg0112","fg0166"
"fq001685","vx_c6d5a3331642761b","fg0352","1","fg0352","fg0622","fg0881","fg0083","fg0744","fg0902","fg0383","fg0644","fg0449","fg0377","fg0604","fg0136","fg0914","fg0071","fg0511","fg0451","fg0390","fg0827","fg0693","fg0540"
"fq001686","vx_fc02899b8e1c2145","fg0353","1","fg0353","fg0854","fg0832","fg0667","fg0559","fg0319","fg0671","fg0407","fg0302","fg0651","fg0596","fg0492","fg0250","fg0151","fg0833","fg0463","fg0810","fg0649","fg0296","fg0275"
"fq001687","vx_11b42c73304f92b2","fg0354","1","fg0354","fg0691","fg0508","fg0199","fg0168","fg0654","fg0991","fg0323","fg0089","fg0787","fg0189","fg0636","fg0522","fg0633","fg0435","fg0034","fg0506","fg0904","fg0396","fg0052"
"fq001688","vx_11b42c73304f92b2","fg0354","1","fg0354","fg0323","fg0438","fg0543","fg0633","fg0677","fg0596","fg0507","fg0912","fg0664","fg0512","fg0026","fg0508","fg0463","fg0053","fg0695","fg0787","fg0286","fg0991","fg0168"
"fq001689","vx_11b42c73304f92b2","fg0354","1","fg0354","fg0323","fg0438","fg0543","fg0596","fg0633","fg0677","fg0912","fg0507","fg0691","fg0508","fg0787","fg0249","fg0991","fg0089","fg0695","fg0086","fg0930","fg0019","fg0104"
"fq001690","vx_11b42c73304f92b2","fg0354","1","fg0354","fg0323","fg0438","fg0543","fg0596","fg0633","fg0507","fg0677","fg0912","fg0664","fg0026","fg0512","fg0691","fg0053","fg0695","fg0411","fg0508","fg0199","fg0463","fg0249"
"fq001691","vx_11b42c73304f92b2","fg0354","1","fg0354","fg0596","fg0438","fg0543","fg0507","fg0323","fg0645","fg0912","fg0633","fg0677","fg0026","fg0053","fg0411","fg0512","fg0795","fg0463","fg0664","fg0989","fg0695","fg0999"
"fq001692","vx_11b42c73304f92b2","fg0354","1","fg0354","fg0323","fg0596","fg0633","fg0543","fg0438","fg0677","fg0507","fg0912","fg0664","fg0512","fg0026","fg0645","fg0053","fg0695","fg0444","fg0930","fg0249","fg0989","fg0113"
"fq001693","vx_11b42c73304f92b2","fg0354","1","fg0354","fg0323","fg0596","fg0633","fg0543","fg0438","fg0507","fg0677","fg0912","fg0249","fg0691","fg0026","fg0664","fg0508","fg0695","fg0991","fg0787","fg0396","fg0930","fg0053"
"fq001694","vx_11b42c73304f92b2","fg0354","1","fg0354","fg0438","fg0323","fg0633","fg0543","fg0596","fg0507","fg0677","fg0912","fg0695","fg0026","fg0930","fg0664","fg0249","fg0645","fg0508","fg0991","fg0787","fg0089","fg0053"
"fq001695","vx_11b42c73304f92b2","fg0354","1","fg0354","fg0543","fg0323","fg0596","fg0912","fg0438","fg0633","fg0507","fg0677","fg0026","fg0508","fg0787","fg0664","fg0286","fg0089","fg0201","fg0991","fg0249","fg0695","fg0482"
"fq001696","vx_11b42c73304f92b2","fg0354","1","fg0354","fg0438","fg0507","fg0596","fg0543","fg0677","fg0323","fg0026","fg0912","fg0633","fg0411","fg0645","fg0512","fg0463","fg0787","fg0508","fg0396","fg0664","fg0991","fg0238"
"fq001697","vx_11b42c73304f92b2","fg0354","1","fg0354","fg0323","fg0543","fg0438","fg0633","fg0507","fg0596","fg0677","fg0912","fg0508","fg0691","fg0664","fg0249","fg0787","fg0991","fg0168","fg0026","fg0089","fg0199","fg0654"
"fq001698","vx_11b42c73304f92b2","fg0354","1","fg0354","fg0596","fg0438","fg0543","fg0323","fg0633","fg0507","fg0912","fg0677","fg0695","fg0664","fg0053","fg0026","fg0508","fg0787","fg0645","fg0512","fg0249","fg0991","fg0463"
"fq001699","vx_11b42c73304f92b2","fg0354","1","fg0354","fg0323","fg0543","fg0596","fg0633","fg0507","fg0438","fg0677","fg0664","fg0053","fg0912","fg0026","fg0695","fg0512","fg0249","fg0508","fg0189","fg0104","fg0645","fg0349"
"fq001700","vx_11b42c73304f92b2","fg0354","1","fg0354","fg0596","fg0323","fg0543","fg0633","fg0438","fg0677","fg0507","fg0912","fg0026","fg0645","fg0664","fg0053","fg0930","fg0512","fg0695","fg0249","fg0444","fg0463","fg0989"
"fq001701","vx_11b42c73304f92b2","fg0354","1","fg0354","fg0199","fg0482","fg0508","fg0089","fg0111","fg0168","fg0636","fg0691","fg0991","fg0286","fg0787","fg0654","fg0675","fg0345","fg0314","fg0189","fg0549","fg0034","fg0518"
"fq001702","vx_11b42c73304f92b2","fg0354","1","fg0354","fg0323","fg0633","fg0543","fg0596","fg0438","fg0912","fg0677","fg0507","fg0508","fg0026","fg0695","fg0664","fg0199","fg0787","fg0991","fg0249","fg0053","fg0089","fg0654"
"fq001703","vx_11b42c73304f92b2","fg0354","1","fg0354","fg0323","fg0633","fg0543","fg0438","fg0677","fg0596","fg0507","fg0691","fg0508","fg0199","fg0912","fg0664","fg0654","fg0089","fg0991","fg0189","fg0787","fg0104","fg0168"
"fq001704","vx_11b42c73304f92b2","fg0354","1","fg0354","fg0596","fg0438","fg0543","fg0507","fg0991","fg0787","fg0691","fg0199","fg0323","fg0508","fg0912","fg0795","fg0089","fg0633","fg0026","fg0904","fg0104","fg0053","fg0677"
"fq001705","vx_11b42c73304f92b2","fg0354","1","fg0354","fg0596","fg0438","fg0323","fg0543","fg0912","fg0633","fg0507","fg0677","fg0026","fg0695","fg0508","fg0249","fg0787","fg0089","fg0989","fg0930","fg0991","fg0034","fg0444"
"fq001706","vx_11b42c73304f92b2","fg0354","1","fg0354","fg0438","fg0596","fg0543","fg0633","fg0323","fg0507","fg0677","fg0912","fg0695","fg0026","fg0664","fg0249","fg0512","fg0053","fg0645","fg0508","fg0930","fg0787","fg0989"
"fq001707","vx_11b42c73304f92b2","fg0354","1","fg0354","fg0596","fg0438","fg0543","fg0323","fg0912","fg0677","fg0633","fg0507","fg0026","fg0787","fg0695","fg0508","fg0991","fg0249","fg0664","fg0512","fg0989","fg0019","fg0168"
"fq001708","vx_11b42c73304f92b2","fg0354","1","fg0354","fg0596","fg0438","fg0543","fg0323","fg0633","fg0677","fg0507","fg0912","fg0026","fg0664","fg0991","fg0787","fg0053","fg0508","fg0396","fg0249","fg0168","fg0512","fg0695"
"fq001709","vx_11b42c73304f92b2","fg0354","1","fg0354","fg0543","fg0323","fg0438","fg0596","fg0633","fg0677","fg0507","fg0912","fg0695","fg0787","fg0026","fg0664","fg0053","fg0249","fg0991","fg0508","fg0462","fg0089","fg0512"
"fq001710","vx_11b42c73304f92b2","fg0354","1","fg0354","fg0596","fg0438","fg0323","fg0543","fg0633","fg0912","fg0677","fg0507","fg0026","fg0787","fg0664","fg0991","fg0249","fg0695","fg0053","fg0645","fg0508","fg0201","fg0512"
"fq001711","vx_11b42c73304f92b2","fg0354","1","fg0354","fg0323","fg0596","fg0438","fg0677","fg0633","fg0543","fg0507","fg0930","fg0026","fg0832","fg0912","fg0645","fg0695","fg0512","fg0664","fg0989","fg0868","fg0444","fg0227"
"fq001712","vx_11b42c73304f92b2","fg0354","1","fg0354","fg0438","fg0543","fg0633","fg0507","fg0323","fg0596","fg0677","fg0695","fg0026","fg0912","fg0664","fg0512","fg0411","fg0463","fg0053","fg0249","fg0645","fg0110","fg0444"
"fq001713","vx_11b42c73304f92b2","fg0354","1","fg0354","fg0596","fg0543","fg0438","fg0323","fg0507","fg0633","fg0912","fg0677","fg0664","fg0026","fg0249","fg0787","fg0512","fg0991","fg0508","fg0089","fg0444","fg0396","fg0695"
"fq001714","vx_11b42c73304f92b2","fg0354","1","fg0354","fg0543","fg0323","fg0438","fg0596","fg0633","fg0677","fg0507","fg0912","fg0695","fg0053","fg0512","fg0787","fg0026","fg0249","fg0664","fg0991","fg0508","fg0110","fg0089"
"fq001715","vx_11b42c73304f92b2","fg0354","1","fg0354","fg0438","fg0596","fg0323","fg0543","fg0633","fg0507","fg0677","fg0868","fg0512","fg0930","fg0965","fg0695","fg0912","fg0444","fg0110","fg0173","fg0664","fg0026","fg0933"
"fq001716","vx_11b42c73304f92b2","fg0354","1","fg0354","fg0596","fg0438","fg0543","fg0633","fg0323","fg0026","fg0507","fg0912","fg0677","fg0695","fg0053","fg0645","fg0512","fg0463","fg0664","fg0989","fg0411","fg0396","fg0238"
"fq001717","vx_11b42c73304f92b2","fg0354","1","fg0354","fg0543","fg0323","fg0438","fg0596","fg0633","fg0912","fg0507","fg0677","fg0249","fg0026","fg0695","fg0664","fg0508","fg0787","fg0841","fg0201","fg0991","fg0089","fg0396"
"fq001718","vx_11b42c73304f92b2","fg0354","1","fg0354","fg0438","fg0596","fg0543","fg0507","fg0323","fg0633","fg0677","fg0787","fg0411","fg0026","fg0912","fg0991","fg0512","fg0664","fg0463","fg0444","fg0508","fg0086","fg0695"
"fq001719","vx_11b42c73304f92b2","fg0354","1","fg0354","fg0323","fg0596","fg0543","fg0633","fg0438","fg0691","fg0677","fg0654","fg0912","fg0189","fg0349","fg0199","fg0168","fg0508","fg0787","fg0991","fg0104","fg0053","fg0026"
"fq001720","vx_11b42c73304f92b2","fg0354","1","fg0354","fg0543","fg0596","fg0438","fg0323","fg0633","fg0912","fg0677","fg0507","fg0026","fg0695","fg0664","fg0053","fg0249","fg0512","fg0645","fg0989","fg0194","fg0463","fg0787"
"fq001721","vx_11b42c73304f92b2","fg0354","1","fg0354","fg0323","fg0438","fg0543","fg0633","fg0677","fg0507","fg0912","fg0596","fg0664","fg0168","fg0508","fg0841","fg0249","fg0512","fg0089","fg0868","fg0026","fg0086","fg0787"
"fq001722","vx_11b42c73304f92b2","fg0354","1","fg0354","fg0596","fg0543","fg0438","fg0633","fg0323","fg0507","fg0677","fg0912","fg0664","fg0026","fg0695","fg0512","fg0249","fg0645","fg0053","fg0411","fg0403","fg0989","fg0463"
"fq001723","vx_11b42c73304f92b2","fg0354","1","fg0354","fg0543","fg0323","fg0596","fg0438","fg0912","fg0633","fg0507","fg0677","fg0286","fg0664","fg0512","fg0053","fg0482","fg0508","fg0089","fg0372","fg0026","fg0695","fg0539"
"fq001724","vx_11b42c73304f92b2","fg0354","1","fg0354","fg0323","fg0596","fg0543","fg0633","fg0507","fg0438","fg0677","fg0912","fg0508","fg0664","fg0026","fg0249","fg0991","fg0787","fg0199","fg0691","fg0053","fg0645","fg0695"
"fq001725","vx_11b42c73304f92b2","fg0354","1","fg0354","fg0323","fg0596","fg0438","fg0633","fg0543","fg0677","fg0507","fg0912","fg0026","fg0695","fg0664","fg0645","fg0512","fg0930","fg0989","fg0053","fg0249","fg0113","fg0444"
"fq001726","vx_11b42c73304f92b2","fg0354","1","fg0354","fg0438","fg0543","fg0323","fg0596","fg0633","fg0912","fg0507","fg0787","fg0677","fg0991","fg0508","fg0695","fg0089","fg0026","fg0249","fg0396","fg0664","fg0628","fg0104"
"fq001727","vx_11b42c73304f92b2","fg0354","1","fg0354","fg0323","fg0691","fg0199","fg0508","fg0168","fg0991","fg0654","fg0787","fg0089","fg0438","fg0633","fg0912","fg0189","fg0636","fg0104","fg0507","fg0034","fg0111","fg0543"
"fq001728","vx_11b42c73304f92b2","fg0354","1","fg0354","fg0596","fg0323","fg0543","fg0438","fg0507","fg0633","fg0677","fg0912","fg0249","fg0664","fg0053","fg0508","fg0695","fg0691","fg0930","fg0787","fg0991","fg0645","fg0904"
"fq001729","vx_11b42c73304f92b2","fg0354","1","fg0354","fg0438","fg0323","fg0912","fg0633","fg0543","fg0508","fg0199","fg0596","fg0787","fg0507","fg0991","fg0089","fg0691","fg0654","fg0677","fg0026","fg0664","fg0168","fg0104"
"fq001730","vx_11b42c73304f92b2","fg0354","1","fg0354","fg0323","fg0543","fg0633","fg0596","fg0438","fg0912","fg0691","fg0507","fg0677","fg0508","fg0664","fg0991","fg0249","fg0787","fg0189","fg0089","fg0199","fg0654","fg0053"
"fq001731","vx_11b42c73304f92b2","fg0354","1","fg0354","fg0596","fg0543","fg0323","fg0438","fg0633","fg0912","fg0507","fg0677","fg0508","fg0664","fg0787","fg0991","fg0695","fg0089","fg0026","fg0053","fg0691","fg0286","fg0249"
"fq001732","vx_11b42c73304f92b2","fg0354","1","fg0354","fg0596","fg0438","fg0543","fg0633","fg0323","fg0507","fg0677","fg0695","fg0912","fg0512","fg0026","fg0645","fg0868","fg0664","fg0444","fg0110","fg0989","fg0411","fg0930"
"fq001733","vx_11b42c73304f92b2","fg0354","1","fg0354","fg0323","fg0438","fg0633","fg0089","fg0677","fg0168","fg0691","fg0991","fg0508","fg0787","fg0507","fg0664","fg0034","fg0199","fg0396","fg0654","fg0626","fg0912","fg0543"
"fq001734","vx_11b42c73304f92b2","fg0354","1","fg0354","fg0438","fg0912","fg0323","fg0633","fg0507","fg0543","fg0787","fg0991","fg0596","fg0089","fg0168","fg0508","fg0677","fg0026","fg0654","fg0173","fg0664","fg0034","fg0125"
"fq001735","vx_11b42c73304f92b2","fg0354","1","fg0354","fg0596","fg0323","fg0543","fg0438","fg0633","fg0677","fg0507","fg0912","fg0026","fg0787","fg0991","fg0664","fg0053","fg0249","fg0695","fg0645","fg0508","fg0512","fg0168"
"fq001736","vx_11b42c73304f92b2","fg0354","1","fg0354","fg0323","fg0438","fg0543","fg0596","fg0633","fg0677","fg0912","fg0507","fg0695","fg0664","fg0249","fg0026","fg0512","fg0930","fg0053","fg0989","fg0444","fg0645","fg0965"
"fq001737","vx_11b42c73304f92b2","fg0354","1","fg0354","fg0596","fg0543","fg0438","fg0323","fg0633","fg0507","fg0912","fg0677","fg0026","fg0787","fg0691","fg0991","fg0053","fg0664","fg0168","fg0508","fg0512","fg0396","fg0089"
"fq001738","vx_11b42c73304f92b2","fg0354","1","fg0354","fg0438","fg0596","fg0543","fg0323","fg0633","fg0912","fg0507","fg0677","fg0508","fg0695","fg0026","fg0664","fg0787","fg0249","fg0053","fg0991","fg0645","fg0930","fg0089"
"fq001739","vx_11b42c73304f92b2","fg0354","1","fg0354","fg0596","fg0438","fg0543","fg0323","fg0507","fg0677","fg0912","fg0633","fg0787","fg0512","fg0664","fg0026","fg0991","fg0053","fg0168","fg0691","fg0508","fg0989","fg0463"
"fq001740","vx_11b42c73304f92b2","fg0354","1","fg0354","fg0323","fg0438","fg0633","fg0691","fg0199","fg0991","fg0508","fg0912","fg0787","fg0089","fg0482","fg0654","fg0168","fg0677","fg0628","fg0664","fg0507","fg0104","fg0034"
"fq001741","vx_11b42c73304f92b2","fg0354","1","fg0354","fg0323","fg0543","fg0596","fg0633","fg0677","fg0438","fg0507","fg0912","fg0691","fg0168","fg0991","fg0787","fg0508","fg0349","fg0664","fg0089","fg0249","fg0189","fg0199"
"fq001742","vx_11b42c73304f92b2","fg0354","1","fg0354","fg0323","fg0633","fg0543","fg0438","fg0596","fg0507","fg0508","fg0912","fg0991","fg0677","fg0787","fg0691","fg0089","fg0168","fg0199","fg0026","fg0349","fg0664","fg0396"
"fq001743","vx_11b42c73304f92b2","fg0354","1","fg0354","fg0912","fg0438","fg0596","fg0507","fg0543","fg0323","fg0633","fg0168","fg0787","fg0677","fg0991","fg0691","fg0026","fg0089","fg0396","fg0034","fg0249","fg0199","fg0349"
"fq001744","vx_11b42c73304f92b2","fg0354","1","fg0354","fg0323","fg0543","fg0438","fg0633","fg0596","fg0677","fg0507","fg0912","fg0695","fg0664","fg0026","fg0249","fg0512","fg0053","fg0930","fg0989","fg0349","fg0787","fg0645"
"fq001745","vx_11b42c73304f92b2","fg0354","1","fg0354","fg0596","fg0543","fg0438","fg0323","fg0633","fg0507","fg0677","fg0912","fg0026","fg0512","fg0664","fg0053","fg0989","fg0695","fg0463","fg0645","fg0249","fg0930","fg0238"
"fq001746","vx_11b42c73304f92b2","fg0354","1","fg0354","fg0438","fg0596","fg0543","fg0507","fg0323","fg0633","fg0677","fg0026","fg0695","fg0512","fg0912","fg0249","fg0411","fg0989","fg0664","fg0444","fg0403","fg0905","fg0463"
"fq001747","vx_11b42c73304f92b2","fg0354","1","fg0354","fg0438","fg0543","fg0596","fg0507","fg0323","fg0633","fg0912","fg0677","fg0053","fg0664","fg0026","fg0512","fg0508","fg0691","fg0695","fg0463","fg0787","fg0086","fg0104"
"fq001748","vx_68c9b4ca9fcbaf6a","fg0355","1","fg0355","fg0162","fg0241","fg0729","fg0357","fg0028","fg0363","fg0927","fg0936","fg0649","fg0140","fg0938","fg0559","fg0555","fg0275","fg0283","fg0224","fg0343","fg0273","fg0313"
"fq001749","vx_68c9b4ca9fcbaf6a","fg0355","26","fg0868","fg0671","fg0659","fg0667","fg0990","fg0444","fg0505","fg0854","fg0147","fg0914","fg0559","fg0439","fg0047","fg0353","fg0151","fg0296","fg0596","fg0930","fg0933","fg0769"
"fq001750","vx_8181013898e9cb4b","fg0356","1","fg0356","fg0450","fg0537","fg0221","fg0728","fg0474","fg0060","fg0409","fg0418","fg0004","fg0239","fg0811","fg0757","fg0535","fg0531","fg0840","fg0149","fg0163","fg0252","fg0234"
"fq001751","vx_bd4fd57e0be3b75e","fg0357","1","fg0357","fg0355","fg0162","fg0503","fg0224","fg0363","fg0206","fg0936","fg0298","fg0313","fg0921","fg0417","fg0379","fg0553","fg0583","fg0488","fg0649","fg0402","fg0163","fg0688"
"fq001752","vx_dfc32a74ab852b3c","fg0358","1","fg0358","fg0606","fg0252","fg0192","fg0963","fg0700","fg0305","fg0054","fg0296","fg0068","fg0669","fg0269","fg0156","fg0046","fg0712","fg0323","fg0975","fg0677","fg0871","fg0742"
"fq001753","vx_dfc32a74ab852b3c","fg0358","1","fg0358","fg0606","fg0715","fg0192","fg0252","fg0742","fg0181","fg0046","fg0700","fg0537","fg0323","fg0381","fg0712","fg0269","fg0603","fg0006","fg0932","fg0341","fg0200","fg0963"
"fq001754","vx_dfc32a74ab852b3c","fg0358","1","fg0358","fg0700","fg0305","fg0606","fg0192","fg0252","fg0269","fg0054","fg0963","fg0068","fg0254","fg0669","fg0385","fg0296","fg0871","fg0566","fg0537","fg0712","fg0181","fg0742"
"fq001755","vx_dfc32a74ab852b3c","fg0358","1","fg0358","fg0700","fg0606","fg0252","fg0192","fg0269","fg0963","fg0054","fg0305","fg0712","fg0068","fg0296","fg0285","fg0063","fg0871","fg0046","fg0714","fg0669","fg0975","fg0341"
"fq001756","vx_dfc32a74ab852b3c","fg0358","1","fg0358","fg0606","fg0700","fg0252","fg0192","fg0063","fg0181","fg0712","fg0212","fg0341","fg0269","fg0871","fg0323","fg0715","fg0068","fg0381","fg0603","fg0305","fg0742","fg0537"
"fq001757","vx_288a234a0d7022d6","fg0359","1","fg0359","fg0700","fg0192","fg0081","fg0899","fg0663","fg0185","fg0960","fg0642","fg0530","fg0252","fg0788","fg0253","fg0468","fg0603","fg0096","fg0730","fg0963","fg0903","fg0358"
"fq001758","vx_eb0c077ce4062589","fg0360","1","fg0360","fg0375","fg0423","fg0837","fg0823","fg0877","fg0441","fg0696","fg0542","fg0224","fg0992","fg0517","fg0665","fg0313","fg0586","fg0014","fg0194","fg0619","fg0964","fg0784"
"fq001759","vx_eb0c077ce4062589","fg0360","1","fg0360","fg0375","fg0837","fg0423","fg0542","fg0135","fg0823","fg0014","fg0992","fg0391","fg0518","fg0696","fg0632","fg0069","fg0877","fg0056","fg0224","fg0313","fg0406","fg0028"
"fq001760","vx_eb0c077ce4062589","fg0360","1","fg0360","fg0992","fg0375","fg0423","fg0056","fg0837","fg0518","fg0014","fg0877","fg0665","fg0138","fg0306","fg0542","fg0823","fg0135","fg0322","fg0586","fg0964","fg0728","fg0391"
"fq001761","vx_f06f6139efe37ec1","fg0361","1","fg0361","fg0828","fg0577","fg0119","fg0308","fg0755","fg0888","fg0617","fg0944","fg0689","fg0941","fg0400","fg0938","fg0058","fg0661","fg0705","fg0967","fg0226","fg0148","fg0461"
"fq001762","vx_7a19d2e713831d18","fg0362","1","fg0362","fg0590","fg0772","fg0544","fg0826","fg0470","fg0099","fg0056","fg0725","fg0331","fg0029","fg0448","fg0627","fg0755","fg0051","fg0537","fg0035","fg0823","fg0360","fg0221"
"fq001763","vx_7a19d2e713831d18","fg0362","1","fg0362","fg0590","fg0772","fg0448","fg0725","fg0470","fg0056","fg0823","fg0544","fg0409","fg0221","fg0537","fg0360","fg0479","fg0331","fg0826","fg0051","fg0035","fg0099","fg0029"
"fq001764","vx_3ab2210b7a1722ff","fg0363","1","fg0363","fg0936","fg0650","fg0357","fg0884","fg0355","fg0746","fg0393","fg0002","fg0175","fg0261","fg0026","fg0132","fg0574","fg0674","fg0624","fg0313","fg0569","fg0414","fg0670"
"fq001765","vx_3ab2210b7a1722ff","fg0363","1","fg0363","fg0357","fg0355","fg0224","fg0884","fg0936","fg0002","fg0503","fg0026","fg0313","fg0162","fg0178","fg0328","fg0746","fg0333","fg0389","fg0414","fg0298","fg0624","fg0452"
"fq001766","vx_3ab2210b7a1722ff","fg0363","1","fg0363","fg0414","fg0746","fg0324","fg0943","fg0624","fg0002","fg0527","fg0717","fg0247","fg0328","fg0026","fg0393","fg0178","fg0355","fg0650","fg0132","fg0079","fg0490","fg0357"
"fq001767","vx_3ab2210b7a1722ff","fg0363","1","fg0363","fg0002","fg0884","fg0355","fg0357","fg0936","fg0527","fg0333","fg0766","fg0414","fg0624","fg0393","fg0746","fg0026","fg0175","fg0569","fg0009","fg0132","fg0650","fg0670"
"fq001768","vx_fec0732ac3c76ca4","fg0364","1","fg0364","fg0560","fg0944","fg0779","fg0148","fg0277","fg0793","fg0327","fg0584","fg0936","fg0599","fg0552","fg0131","fg0527","fg0588","fg0989","fg0381","fg0668","fg0001","fg0573"
"fq001769","vx_58e22bc711ba2ceb","fg0365","1","fg0365","fg0916","fg0082","fg0620","fg0332","fg0960","fg0732","fg0337","fg0429","fg0015","fg0244","fg0852","fg0230","fg0261","fg0294","fg0307","fg0085","fg0939","fg0708","fg0471"
"fq001770","vx_a0ad928a2b7c8562","fg0366","1","fg0366","fg0283","fg0875","fg0608","fg0887","fg0236","fg0266","fg0992","fg0394","fg0041","fg0274","fg0443","fg0934","fg0308","fg0349","fg0050","fg0853","fg0501","fg0938","fg0546"
"fq001771","vx_a0ad928a2b7c8562","fg0366","1","fg0366","fg0608","fg0283","fg0875","fg0934","fg0236","fg0992","fg0394","fg0887","fg0266","fg0050","fg0274","fg0041","fg0443","fg0546","fg0501","fg0877","fg0308","fg0853","fg0010"
"fq001772","vx_6e8444eeefd28aa3","fg0367","1","fg0367","fg0474","fg0126","fg0843","fg0573","fg0025","fg0191","fg0942","fg0811","fg0350","fg0106","fg0907","fg0513","fg0588","fg0712","fg0059","fg0349","fg0515","fg0039","fg0657"
"fq001773","vx_6e8444eeefd28aa3","fg0367","1","fg0367","fg0126","fg0474","fg0843","fg0025","fg0191","fg0573","fg0942","fg0106","fg0907","fg0712","fg0059","fg0811","fg0747","fg0350","fg0448","fg0841","fg0334","fg0411","fg0757"
"fq001774","vx_b37a7ffab3ad1074","fg0368","1","fg0368","fg0928","fg0445","fg0097","fg0321","fg0121","fg0183","fg0652","fg0190","fg0540","fg0044","fg0681","fg0726","fg0060","fg0834","fg0998","fg0683","fg0514","fg0615","fg0805"
"fq001775","vx_b37a7ffab3ad1074","fg0368","1","fg0368","fg0928","fg0445","fg0321","fg0097","fg0540","fg0183","fg0652","fg0121","fg0834","fg0805","fg0190","fg0998","fg0681","fg0044","fg0726","fg0683","fg0060","fg0134","fg0857"
"fq001776","vx_b37a7ffab3ad1074","fg0368","1","fg0368","fg0928","fg0445","fg0321","fg0097","fg0540","fg0652","fg0121","fg0183","fg0681","fg0834","fg0190","fg0683","fg0060","fg0726","fg0805","fg0615","fg0998","fg0168","fg0857"
"fq001777","vx_b37a7ffab3ad1074","fg0368","1","fg0368","fg0928","fg0445","fg0097","fg0321","fg0652","fg0540","fg0683","fg0121","fg0834","fg0183","fg0122","fg0190","fg0726","fg0297","fg0998","fg0899","fg0134","fg0060","fg0805"
"fq001778","vx_b37a7ffab3ad1074","fg0368","1","fg0368","fg0928","fg0445","fg0321","fg0097","fg0652","fg0540","fg0121","fg0683","fg0834","fg0726","fg0183","fg0190","fg0805","fg0060","fg0615","fg0998","fg0006","fg0134","fg0232"
"fq001779","vx_b37a7ffab3ad1074","fg0368","1","fg0368","fg0928","fg0445","fg0097","fg0321","fg0190","fg0121","fg0183","fg0652","fg0540","fg0044","fg0726","fg0681","fg0683","fg0060","fg0834","fg0514","fg0327","fg0615","fg0998"
"fq001780","vx_b37a7ffab3ad1074","fg0368","1","fg0368","fg0928","fg0445","fg0097","fg0321","fg0183","fg0121","fg0540","fg0190","fg0044","fg0652","fg0683","fg0726","fg0060","fg0514","fg0681","fg0834","fg0327","fg0899","fg0998"
"fq001781","vx_b37a7ffab3ad1074","fg0368","1","fg0368","fg0928","fg0321","fg0445","fg0097","fg0540","fg0190","fg0652","fg0683","fg0183","fg0805","fg0134","fg0899","fg0121","fg0834","fg0998","fg0060","fg0739","fg0615","fg0726"
"fq001782","vx_b37a7ffab3ad1074","fg0368","1","fg0368","fg0928","fg0097","fg0445","fg0321","fg0121","fg0190","fg0834","fg0681","fg0998","fg0297","fg0540","fg0805","fg0183","fg0652","fg0060","fg0692","fg0150","fg0683","fg0390"
"fq001783","vx_b37a7ffab3ad1074","fg0368","1","fg0368","fg0928","fg0445","fg0097","fg0121","fg0834","fg0683","fg0321","fg0540","fg0168","fg0998","fg0183","fg0044","fg0652","fg0190","fg0726","fg0297","fg0150","fg0134","fg0805"
"fq001784","vx_5b5e0c863a4bca52","fg0369","1","fg0369","fg0838","fg0209","fg0441","fg0367","fg0949","fg0222","fg0350","fg0224","fg0909","fg0517","fg0916","fg0241","fg0573","fg0688","fg0398","fg0195","fg0314","fg0014","fg0701"
"fq001785","vx_fa5b0e18a07c4e3c","fg0370","1","fg0370","fg0845","fg0087","fg0062","fg0575","fg0119","fg0850","fg0006","fg0753","fg0412","fg0316","fg0257","fg0871","fg0743","fg0315","fg0258","fg0973","fg0996","fg0851","fg0737"
"fq001786","vx_fa5b0e18a07c4e3c","fg0370","1","fg0370","fg0845","fg0575","fg0973","fg0316","fg0006","fg0062","fg0850","fg0087","fg0871","fg0257","fg0753","fg0890","fg0412","fg0851","fg0258","fg0737","fg0119","fg0094","fg0953"
"fq001787","vx_81153d8f63571b2d","fg0371","1","fg0371","fg0976","fg0082","fg0123","fg0682","fg0334","fg0042","fg0414","fg0780","fg0591","fg0307","fg0562","fg0330","fg0587","fg0835","fg0388","fg0411","fg0819","fg0717","fg0030"
"fq001788","vx_ab0c38b7d724522a","fg0372","1","fg0372","fg0554","fg0122","fg0539","fg0548","fg0473","fg0077","fg0351","fg0282","fg0610","fg0524","fg0791","fg0582","fg0076","fg0237","fg0252","fg0504","fg0437","fg0052","fg0647"
"fq001789","vx_7b96b9b751d36492","fg0373","1","fg0373","fg0820","fg0802","fg0017","fg0241","fg0998","fg0995","fg0687","fg0216","fg0128","fg0102","fg0577","fg0182","fg0256","fg0043","fg0653","fg0092","fg0590","fg0888","fg0277"
"fq001790","vx_7b96b9b751d36492","fg0373","1","fg0373","fg0820","fg0017","fg0802","fg0092","fg0182","fg0043","fg0216","fg0904","fg0995","fg0687","fg0547","fg0241","fg0590","fg0102","fg0392","fg0423","fg0656","fg0653","fg0128"
"fq001791","vx_7b96b9b751d36492","fg0373","1","fg0373","fg0820","fg0017","fg0802","fg0241","fg0687","fg0998","fg0216","fg0182","fg0043","fg0242","fg0995","fg0102","fg0656","fg0653","fg0092","fg0904","fg0128","fg0277","fg0577"
"fq001792","vx_7b96b9b751d36492","fg0373","1","fg0373","fg0820","fg0802","fg0017","fg0687","fg0241","fg0043","fg0242","fg0216","fg0102","fg0182","fg0998","fg0995","fg0128","fg0092","fg0656","fg0577","fg0904","fg0653","fg0283"
"fq001793","vx_30e1ed65c5200f25","fg0374","1","fg0374","fg0509","fg0739","fg0735","fg0684","fg0928","fg0190","fg0266","fg0260","fg0763","fg0805","fg0368","fg0540","fg0196","fg0203","fg0070","fg0607","fg0558","fg0249","fg0219"
"fq001794","vx_6496172539fb2d07","fg0375","1","fg0375","fg0837","fg0696","fg0360","fg0699","fg0823","fg0542","fg0619","fg0813","fg0721","fg0665","fg0313","fg0020","fg0056","fg0880","fg0842","fg0290","fg0394","fg0964","fg0718"
"fq001795","vx_6496172539fb2d07","fg0375","1","fg0375","fg0837","fg0360","fg0020","fg0696","fg0699","fg0619","fg0542","fg0358","fg0842","fg0665","fg0570","fg0290","fg0056","fg0386","fg0823","fg0813","fg0718","fg0313","fg0224"
"fq001796","vx_6496172539fb2d07","fg0375","1","fg0375","fg0837","fg0696","fg0360","fg0823","fg0665","fg0020","fg0699","fg0619","fg0880","fg0313","fg0386","fg0721","fg0056","fg0542","fg0813","fg0842","fg0394","fg0434","fg0718"
"fq001797","vx_6496172539fb2d07","fg0375","1","fg0375","fg0837","fg0360","fg0823","fg0696","fg0665","fg0880","fg0020","fg0619","fg0721","fg0127","fg0386","fg0056","fg0313","fg0813","fg0699","fg0066","fg0508","fg0151","fg0964"
"fq001798","vx_6496172539fb2d07","fg0375","1","fg0375","fg0837","fg0696","fg0360","fg0542","fg0699","fg0619","fg0842","fg0665","fg0020","fg0823","fg0570","fg0313","fg0718","fg0813","fg0721","fg0394","fg0290","fg0613","fg0029"
"fq001799","vx_6496172539fb2d07","fg0375","1","fg0375","fg0837","fg0360","fg0696","fg0823","fg0020","fg0386","fg0619","fg0665","fg0394","fg0699","fg0888","fg0859","fg0842","fg0772","fg0056","fg0434","fg0358","fg0313","fg0149"
"fq001800","vx_6496172539fb2d07","fg0375","2","fg0837","fg0375","fg0696","fg0360","fg0823","fg0619","fg0665","fg0699","fg0880","fg0813","fg0313","fg0842","fg0056","fg0721","fg0386","fg0570","fg0718","fg0947","fg0035","fg0290"
"fq001801","vx_6496172539fb2d07","fg0375","2","fg0837","fg0375","fg0823","fg0696","fg0360","fg0614","fg0619","fg0082","fg0842","fg0208","fg0880","fg0544","fg0386","fg0665","fg0056","fg0313","fg0096","fg0224","fg0235","fg0215"
"fq001802","vx_6496172539fb2d07","fg0375","1","fg0375","fg0837","fg0696","fg0360","fg0619","fg0823","fg0570","fg0699","fg0313","fg0542","fg0665","fg0290","fg0813","fg0842","fg0020","fg0718","fg0394","fg0721","fg0880","fg0571"
"fq001803","vx_6496172539fb2d07","fg0375","2","fg0837","fg0375","fg0696","fg0360","fg0823","fg0619","fg0665","fg0721","fg0880","fg0813","fg0699","fg0313","fg0842","fg0386","fg0208","fg0715","fg0394","fg0947","fg0056","fg0020"
"fq001804","vx_6496172539fb2d07","fg0375","2","fg0837","fg0375","fg0696","fg0360","fg0823","fg0619","fg0699","fg0313","fg0721","fg0718","fg0570","fg0542","fg0842","fg0813","fg0020","fg0665","fg0880","fg0290","fg0029","fg0386"
"fq001805","vx_6496172539fb2d07","fg0375","1","fg0375","fg0837","fg0696","fg0360","fg0619","fg0665","fg0823","fg0394","fg0699","fg0020","fg0290","fg0772","fg0570","fg0859","fg0313","fg0542","fg0056","fg0386","fg0461","fg0613"
"fq001806","vx_6496172539fb2d07","fg0375","1","fg0375","fg0837","fg0696","fg0360","fg0020","fg0619","fg0665","fg0699","fg0823","fg0542","fg0394","fg0842","fg0813","fg0718","fg0859","fg0570","fg0721","fg0056","fg0035","fg0151"
"fq001807","vx_76406c76acb060ee","fg0376","1","fg0376","fg0430","fg0527","fg0642","fg0267","fg0583","fg0719","fg0035","fg0329","fg0252","fg0382","fg0029","fg0662","fg0417","fg0390","fg0908","fg0052","fg0203","fg0288","fg0436"
"fq001808","vx_76406c76acb060ee","fg0376","1","fg0376","fg0527","fg0533","fg0595","fg0562","fg0182","fg0885","fg0968","fg0719","fg0051","fg0320","fg0758","fg0773","fg0181","fg0035","fg0741","fg0690","fg0742","fg0662","fg0519"
"fq001809","vx_76406c76acb060ee","fg0376","1","fg0376","fg0527","fg0519","fg0642","fg0719","fg0035","fg0181","fg0051","fg0286","fg0758","fg0662","fg0390","fg0402","fg0625","fg0544","fg0010","fg0587","fg0430","fg0908","fg0331"
"fq001810","vx_76406c76acb060ee","fg0376","1","fg0376","fg0527","fg0288","fg0719","fg0642","fg0051","fg0532","fg0430","fg0595","fg0382","fg0562","fg0252","fg0758","fg0267","fg0773","fg0124","fg0662","fg0741","fg0809","fg0519"
"fq001811","vx_76406c76acb060ee","fg0376","1","fg0376","fg0719","fg0288","fg0532","fg0527","fg0968","fg0595","fg0430","fg0758","fg0382","fg0642","fg0390","fg0533","fg0286","fg0562","fg0051","fg0182","fg0690","fg0124","fg0329"
"fq001812","vx_76406c76acb060ee","fg0376","1","fg0376","fg0288","fg0532","fg0719","fg0527","fg0595","fg0968","fg0642","fg0382","fg0286","fg0430","fg0773","fg0051","fg0390","fg0809","fg0252","fg0562","fg0329","fg0182","fg0124"
"fq001813","vx_76406c76acb060ee","fg0376","1","fg0376","fg0527","fg0719","fg0595","fg0182","fg0430","fg0562","fg0288","fg0051","fg0267","fg0773","fg0181","fg0519","fg0662","fg0203","fg0968","fg0320","fg0533","fg0742","fg0741"
"fq001814","vx_76406c76acb060ee","fg0376","1","fg0376","fg0051","fg0430","fg0719","fg0642","fg0035","fg0402","fg0029","fg0362","fg0417","fg0181","fg0662","fg0595","fg0267","fg0773","fg0742","fg0519","fg0825","fg0544","fg0252"
"fq001815","vx_76406c76acb060ee","fg0376","1","fg0376","fg0288","fg0532","fg0719","fg0430","fg0642","fg0124","fg0527","fg0968","fg0267","fg0773","fg0758","fg0595","fg0382","fg0333","fg0562","fg0809","fg0051","fg0329","fg0604"
"fq001816","vx_76406c76acb060ee","fg0376","1","fg0376","fg0527","fg0430","fg0719","fg0288","fg0267","fg0532","fg0595","fg0642","fg0968","fg0051","fg0758","fg0035","fg0182","fg0329","fg0583","fg0124","fg0562","fg0533","fg0382"
"fq001817","vx_76406c76acb060ee","fg0376","1","fg0376","fg0527","fg0719","fg0968","fg0286","fg0124","fg0595","fg0288","fg0758","fg0051","fg0112","fg0035","fg0642","fg0049","fg0773","fg0382","fg0690","fg0532","fg0533","fg0205"
"fq001818","vx_76406c76acb060ee","fg0376","1","fg0376","fg0527","fg0533","fg0719","fg0968","fg0758","fg0595","fg0885","fg0430","fg0051","fg0333","fg0267","fg0182","fg0562","fg0288","fg0690","fg0625","fg0741","fg0519","fg0124"
"fq001819","vx_374951c7b6e7facc","fg0377","1","fg0377","fg0449","fg0644","fg0744","fg0622","fg0881","fg0076","fg0083","fg0311","fg0383","fg0660","fg0805","fg0600","fg0352","fg0238","fg0272","fg0624","fg0240","fg0867","fg0071"
"fq001820","vx_374951c7b6e7facc","fg0377","1","fg0377","fg0449","fg0644","fg0744","fg0622","fg0076","fg0881","fg0311","fg0805","fg0799","fg0083","fg0600","fg0352","fg0383","fg0624","fg0183","fg0238","fg0071","fg0587","fg0660"
"fq001821","vx_374951c7b6e7facc","fg0377","1","fg0377","fg0449","fg0744","fg0644","fg0622","fg0881","fg0311","fg0083","fg0076","fg0352","fg0870","fg0240","fg0624","fg0337","fg0383","fg0660","fg0600","fg0238","fg0183","fg0805"
"fq001822","vx_374951c7b6e7facc","fg0377","1","fg0377","fg0449","fg0622","fg0644","fg0744","fg0881","fg0311","fg0083","fg0076","fg0624","fg0870","fg0587","fg0805","fg0390","fg0600","fg0240","fg0247","fg0183","fg0383","fg0352"
"fq001823","vx_374951c7b6e7facc","fg0377","1","fg0377","fg0449","fg0744","fg0644","fg0622","fg0881","fg0083","fg0076","fg0311","fg0805","fg0238","fg0600","fg0383","fg0352","fg0240","fg0799","fg0624","fg0870","fg0071","fg0183"
"fq001824","vx_374951c7b6e7facc","fg0377","1","fg0377","fg0449","fg0622","fg0744","fg0076","fg0644","fg0311","fg0352","fg0881","fg0451","fg0805","fg0660","fg0083","fg0238","fg0383","fg0240","fg0870","fg0624","fg0183","fg0799"
"fq001825","vx_ad3741eb19941ef8","fg0378","1","fg0378","fg0932","fg0341","fg0875","fg0608","fg0366","fg0761","fg0923","fg0853","fg0232","fg0116","fg0984","fg0032","fg0425","fg0751","fg0120","fg0921","fg0349","fg0952","fg1000"
"fq001826","vx_ad3741eb19941ef8","fg0378","1","fg0378","fg0366","fg0875","fg0232","fg0177","fg0932","fg0341","fg0853","fg0250","fg0952","fg0948","fg0761","fg0148","fg0818","fg0567","fg0555","fg0032","fg0770","fg0243","fg0892"
"fq001827","vx_af4aaed645519b82","fg0379","1","fg0379","fg0748","fg0504","fg0243","fg0526","fg0425","fg0183","fg0827","fg0514","fg0717","fg0881","fg0706","fg0206","fg0567","fg0553","fg0883","fg0127","fg0068","fg0357","fg0499"
"fq001828","vx_af4aaed645519b82","fg0379","1","fg0379","fg0748","fg0243","fg0526","fg0425","fg0514","fg0183","fg0827","fg0504","fg0717","fg0517","fg0360","fg0881","fg0499","fg0731","fg0706","fg0553","fg0417","fg0357","fg0745"
"fq001829","vx_af4aaed645519b82","fg0379","1","fg0379","fg0748","fg0526","fg0243","fg0425","fg0827","fg0514","fg0504","fg0183","fg0499","fg0717","fg0553","fg0360","fg0881","fg0745","fg0068","fg0417","fg0517","fg0127","fg0706"
"fq001830","vx_af4aaed645519b82","fg0379","1","fg0379","fg0748","fg0243","fg0504","fg0425","fg0526","fg0183","fg0717","fg0827","fg0514","fg0881","fg0068","fg0355","fg0706","fg0360","fg0567","fg0127","fg0745","fg0206","fg0044"
"fq001831","vx_af4aaed645519b82","fg0379","1","fg0379","fg0748","fg0504","fg0243","fg0526","fg0425","fg0183","fg0514","fg0717","fg0827","fg0881","fg0355","fg0206","fg0517","fg0499","fg0127","fg0706","fg0068","fg0567","fg0360"
"fq001832","vx_af4aaed645519b82","fg0379","1","fg0379","fg0748","fg0425","fg0243","fg0526","fg0514","fg0827","fg0504","fg0553","fg0745","fg0881","fg0499","fg0183","fg0360","fg0731","fg0717","fg0517","fg0357","fg0537","fg0567"
"fq001833","vx_af4aaed645519b82","fg0379","1","fg0379","fg0748","fg0504","fg0243","fg0425","fg0526","fg0827","fg0183","fg0514","fg0881","fg0717","fg0567","fg0499","fg0068","fg0129","fg0206","fg0127","fg0883","fg0706","fg0332"
"fq001834","vx_af4aaed645519b82","fg0379","1","fg0379","fg0748","fg0243","fg0425","fg0183","fg0881","fg0504","fg0514","fg0526","fg0827","fg0360","fg0717","fg0517","fg0355","fg0499","fg0206","fg0553","fg0417","fg0068","fg0728"
"fq001835","vx_af4aaed645519b82","fg0379","1","fg0379","fg0748","fg0504","fg0526","fg0243","fg0425","fg0827","fg0881","fg0183","fg0517","fg0717","fg0002","fg0514","fg0499","fg0068","fg0360","fg0553","fg0206","fg0357","fg0706"
"fq001836","vx_af4aaed645519b82","fg0379","1","fg0379","fg0748","fg0504","fg0243","fg0425","fg0526","fg0183","fg0827","fg0567","fg0881","fg0357","fg0553","fg0206","fg0717","fg0517","fg0417","fg0355","fg0883","fg0706","fg0499"
"fq001837","vx_af4aaed645519b82","fg0379","1","fg0379","fg0748","fg0504","fg0425","fg0243","fg0526","fg0827","fg0514","fg0183","fg0881","fg0717","fg0206","fg0567","fg0477","fg0068","fg0517","fg0883","fg0127","fg0499","fg0706"
"fq001838","vx_af4aaed645519b82","fg0379","1","fg0379","fg0748","fg0504","fg0425","fg0243","fg0827","fg0526","fg0514","fg0183","fg0068","fg0881","fg0717","fg0206","fg0517","fg0731","fg0567","fg0129","fg0553","fg0477","fg0883"
"fq001839","vx_af4aaed645519b82","fg0379","1","fg0379","fg0748","fg0243","fg0526","fg0504","fg0425","fg0827","fg0514","fg0183","fg0881","fg0717","fg0499","fg0068","fg0553","fg0360","fg0567","fg0517","fg0206","fg0332","fg0127"
"fq001840","vx_af4aaed645519b82","fg0379","1","fg0379","fg0748","fg0243","fg0504","fg0425","fg0526","fg0183","fg0881","fg0827","fg0514","fg0360","fg0517","fg0717","fg0731","fg0068","fg0706","fg0355","fg0708","fg0553","fg0206"
"fq001841","vx_a98f6867cbab29bb","fg0380","1","fg0380","fg0610","fg0294","fg0504","fg0215","fg0282","fg0791","fg0309","fg0034","fg0785","fg0963","fg0189","fg0420","fg0209","fg0081","fg0576","fg0754","fg0252","fg0667","fg0416"
"fq001842","vx_a98f6867cbab29bb","fg0380","1","fg0380","fg0610","fg0504","fg0294","fg0383","fg0003","fg0215","fg0420","fg0002","fg0963","fg0041","fg0189","fg0576","fg0309","fg0337","fg0111","fg0791","fg0240","fg0667","fg0282"
"fq001843","vx_a98f6867cbab29bb","fg0380","1","fg0380","fg0610","fg0504","fg0215","fg0294","fg0420","fg0034","fg0963","fg0134","fg0189","fg0111","fg0309","fg0785","fg0003","fg0754","fg0667","fg0725","fg0185","fg0041","fg0998"
"fq001844","vx_a98f6867cbab29bb","fg0380","1","fg0380","fg0610","fg0504","fg0215","fg0294","fg0785","fg0420","fg0963","fg0383","fg0309","fg0003","fg0282","fg0791","fg0034","fg0041","fg0576","fg0189","fg0002","fg0998","fg0754"
"fq001845","vx_a98f6867cbab29bb","fg0380","1","fg0380","fg0610","fg0504","fg0294","fg0963","fg0576","fg0282","fg0003","fg0215","fg0209","fg0420","fg0791","fg0667","fg0189","fg0081","fg0309","fg0383","fg0497","fg0252","fg0416"
"fq001846","vx_a98f6867cbab29bb","fg0380","1","fg0380","fg0610","fg0504","fg0215","fg0785","fg0034","fg0294","fg0420","fg0791","fg0383","fg0309","fg0282","fg0189","fg0963","fg0286","fg0601","fg0209","fg0111","fg0725","fg0011"
"fq001847","vx_c9249ad52efd2498","fg0381","1","fg0381","fg0727","fg0676","fg0464","fg0552","fg0989","fg0883","fg0779","fg0742","fg0584","fg0588","fg0536","fg0944","fg0495","fg0407","fg0816","fg0054","fg0148","fg0634","fg0194"
"fq001848","vx_c9249ad52efd2498","fg0381","1","fg0381","fg0727","fg0676","fg0464","fg0169","fg0588","fg0552","fg0054","fg0883","fg0023","fg0536","fg0148","fg0816","fg0779","fg0989","fg0666","fg0634","fg0944","fg0440","fg0012"
"fq001849","vx_83005e636bad9e3f","fg0382","1","fg0382","fg0494","fg0956","fg0218","fg0788","fg0642","fg0719","fg0835","fg0847","fg0082","fg0809","fg0429","fg0475","fg0541","fg0421","fg0562","fg0096","fg0153","fg0950","fg0971"
"fq001850","vx_83005e636bad9e3f","fg0382","1","fg0382","fg0956","fg0835","fg0218","fg0494","fg0642","fg0421","fg0719","fg0347","fg0847","fg0562","fg0809","fg0541","fg0475","fg0153","fg0429","fg0082","fg0573","fg0919","fg0196"
"fq001851","vx_7e0bc5dbddef19de","fg0383","1","fg0383","fg0881","fg0083","fg0622","fg0744","fg0352","fg0902","fg0644","fg0805","fg0604","fg0071","fg0405","fg0377","fg0838","fg0867","fg0504","fg0286","fg0449","fg0559","fg0111"
"fq001852","vx_28d015ec5b4d7bce","fg0384","1","fg0384","fg0568","fg0598","fg0703","fg0341","fg0977","fg0676","fg0973","fg0468","fg0994","fg0932","fg0986","fg0046","fg0965","fg0068","fg0764","fg0606","fg0346","fg0471","fg0063"
"fq001853","vx_28d015ec5b4d7bce","fg0384","1","fg0384","fg0568","fg0598","fg0676","fg0703","fg0341","fg0965","fg0678","fg0730","fg0977","fg0468","fg0175","fg0932","fg0939","fg0972","fg0994","fg0808","fg0710","fg0973","fg0227"
"fq001854","vx_607e851eab341ec2","fg0385","1","fg0385","fg0158","fg0482","fg0949","fg0339","fg0845","fg0316","fg0325","fg0305","fg0379","fg0068","fg0315","fg0786","fg0881","fg0750","fg0553","fg0008","fg0822","fg0581","fg0222"
"fq001855","vx_607e851eab341ec2","fg0385","1","fg0385","fg0158","fg0482","fg0339","fg0949","fg0845","fg0222","fg0786","fg0325","fg0008","fg0830","fg0100","fg0553","fg0264","fg0901","fg0315","fg0455","fg0072","fg0750","fg0581"
"fq001856","vx_607e851eab341ec2","fg0385","1","fg0385","fg0158","fg0339","fg0949","fg0482","fg0786","fg0222","fg0845","fg0100","fg0072","fg0830","fg0581","fg0901","fg0315","fg0553","fg0325","fg0709","fg0264","fg0008","fg0692"
"fq001857","vx_607e851eab341ec2","fg0385","1","fg0385","fg0158","fg0482","fg0339","fg0949","fg0786","fg0581","fg0830","fg0072","fg0901","fg0100","fg0553","fg0315","fg0845","fg0222","fg0692","fg0305","fg0709","fg0036","fg0008"
"fq001858","vx_607e851eab341ec2","fg0385","1","fg0385","fg0158","fg0482","fg0339","fg0949","fg0845","fg0786","fg0222","fg0553","fg0100","fg0072","fg0581","fg0830","fg0008","fg0264","fg0901","fg0315","fg0325","fg0822","fg0750"
"fq001859","vx_607e851eab341ec2","fg0385","1","fg0385","fg0158","fg0482","fg0339","fg0949","fg0786","fg0222","fg0305","fg0553","fg0581","fg0315","fg0036","fg0845","fg0901","fg0062","fg0709","fg0830","fg0100","fg0325","fg0068"
"fq001860","vx_607e851eab341ec2","fg0385","1","fg0385","fg0845","fg0949","fg0339","fg0799","fg0158","fg0786","fg0370","fg0753","fg0407","fg0691","fg0996","fg0250","fg0502","fg0358","fg0222","fg0482","fg0316","fg0063","fg0452"
"fq001861","vx_607e851eab341ec2","fg0385","1","fg0385","fg0949","fg0482","fg0845","fg0222","fg0264","fg0822","fg0750","fg0158","fg0455","fg0915","fg0339","fg0325","fg0577","fg0691","fg0316","fg0358","fg0617","fg0857","fg0379"
"fq001862","vx_5583f1d6f029dd30","fg0386","1","fg0386","fg0772","fg0665","fg0657","fg0325","fg0844","fg0699","fg0935","fg0290","fg0731","fg0091","fg0375","fg0020","fg0394","fg0837","fg0445","fg0443","fg0406","fg0529","fg0391"
"fq001863","vx_5583f1d6f029dd30","fg0386","1","fg0386","fg0772","fg0665","fg0325","fg0844","fg0935","fg0657","fg0699","fg0445","fg0091","fg0375","fg0731","fg0290","fg0837","fg0020","fg0387","fg0529","fg0957","fg0394","fg0806"
"fq001864","vx_d5e7cdfcef61e8d4","fg0387","1","fg0387","fg0745","fg0568","fg0367","fg0384","fg0258","fg0651","fg0103","fg0287","fg0706","fg0655","fg0090","fg0939","fg0346","fg0973","fg0063","fg0187","fg0555","fg0821","fg0350"
"fq001865","vx_473cb714695f5fcb","fg0388","1","fg0388","fg0123","fg0885","fg0001","fg0298","fg0142","fg0533","fg0587","fg0688","fg0503","fg0778","fg0247","fg0126","fg0275","fg0211","fg0241","fg0573","fg0042","fg0768","fg0334"
"fq001866","vx_473cb714695f5fcb","fg0388","1","fg0388","fg0298","fg0211","fg0768","fg0123","fg0126","fg0573","fg0885","fg0587","fg0106","fg0001","fg0334","fg0071","fg0713","fg0778","fg0042","fg0688","fg0843","fg0565","fg0186"
"fq001867","vx_fdb85aaeda667bd2","fg0389","1","fg0389","fg0333","fg0392","fg0884","fg0817","fg0574","fg0920","fg0320","fg0523","fg0406","fg0031","fg0699","fg0968","fg0431","fg0661","fg0893","fg0208","fg0399","fg0641","fg0706"
"fq001868","vx_fdb85aaeda667bd2","fg0389","1","fg0389","fg0884","fg0333","fg0392","fg0574","fg0217","fg0865","fg0327","fg0661","fg0496","fg0569","fg0320","fg0817","fg0968","fg0065","fg0313","fg0885","fg0031","fg0141","fg0355"
"fq001869","vx_44b5c681d4b81a70","fg0390","1","fg0390","fg0519","fg0152","fg0078","fg0570","fg0375","fg0247","fg0624","fg0029","fg0360","fg0293","fg0417","fg0376","fg0406","fg0069","fg0746","fg0813","fg0632","fg0574","fg0460"
"fq001870","vx_1190abd0d8a45812","fg0391","1","fg0391","fg0138","fg0322","fg0534","fg0499","fg0901","fg0360","fg0002","fg0175","fg0954","fg0623","fg0141","fg0849","fg0289","fg0290","fg0476","fg0861","fg0067","fg0020","fg0907"
"fq001871","vx_1190abd0d8a45812","fg0391","1","fg0391","fg0138","fg0322","fg0534","fg0499","fg0901","fg0360","fg0954","fg0623","fg0002","fg0289","fg0175","fg0141","fg0476","fg0817","fg0849","fg0491","fg0067","fg0118","fg0290"
"fq001872","vx_1190abd0d8a45812","fg0391","1","fg0391","fg0138","fg0322","fg0534","fg0901","fg0360","fg0499","fg0002","fg0067","fg0623","fg0175","fg0954","fg0141","fg0849","fg0289","fg0907","fg0290","fg0118","fg0476","fg0625"
"fq001873","vx_1190abd0d8a45812","fg0391","1","fg0391","fg0138","fg0322","fg0534","fg0499","fg0901","fg0360","fg0002","fg0141","fg0954","fg0175","fg0623","fg0289","fg0067","fg0476","fg0290","fg0849","fg0306","fg0907","fg0491"
"fq001874","vx_1190abd0d8a45812","fg0391","1","fg0391","fg0138","fg0322","fg0534","fg0499","fg0901","fg0623","fg0002","fg0360","fg0954","fg0175","fg0141","fg0289","fg0067","fg0491","fg0476","fg0849","fg0290","fg0907","fg0118"
"fq001875","vx_1190abd0d8a45812","fg0391","1","fg0391","fg0138","fg0322","fg0534","fg0499","fg0901","fg0360","fg0623","fg0954","fg0175","fg0002","fg0141","fg0289","fg0067","fg0476","fg0849","fg0290","fg0861","fg0817","fg0020"
"fq001876","vx_1190abd0d8a45812","fg0391","1","fg0391","fg0138","fg0322","fg0534","fg0499","fg0360","fg0901","fg0002","fg0954","fg0141","fg0623","fg0175","fg0289","fg0849","fg0067","fg0290","fg0476","fg0306","fg0907","fg0491"
"fq001877","vx_fdea9061f1649050","fg0392","1","fg0392","fg0574","fg0389","fg0333","fg0485","fg0727","fg0771","fg0884","fg0879","fg0019","fg0225","fg0129","fg0373","fg0320","fg0299","fg0439","fg0327","fg0057","fg0452","fg0885"
"fq001878","vx_63a4c4f60d04169d","fg0393","1","fg0393","fg0223","fg0943","fg0650","fg0402","fg0725","fg0228","fg0073","fg0534","fg0324","fg0766","fg0733","fg0289","fg0711","fg0746","fg0817","fg0548","fg0774","fg0363","fg0091"
"fq001879","vx_63a4c4f60d04169d","fg0393","1","fg0393","fg0223","fg0228","fg0725","fg0943","fg0324","fg0073","fg0402","fg0650","fg0746","fg0624","fg0766","fg0534","fg0106","fg0488","fg0741","fg0475","fg0175","fg0220","fg0078"
"fq001880","vx_63a4c4f60d04169d","fg0393","1","fg0393","fg0223","fg0725","fg0943","fg0228","fg0402","fg0746","fg0650","fg0766","fg0733","fg0175","fg0106","fg0624","fg0073","fg0711","fg0324","fg0112","fg0534","fg0303","fg0932"
"fq001881","vx_63a4c4f60d04169d","fg0393","1","fg0393","fg0223","fg0228","fg0943","fg0725","fg0402","fg0073","fg0746","fg0324","fg0624","fg0650","fg0766","fg0534","fg0106","fg0112","fg0548","fg0175","fg0488","fg0955","fg0564"
"fq001882","vx_63a4c4f60d04169d","fg0393","1","fg0393","fg0228","fg0223","fg0943","fg0725","fg0402","fg0324","fg0073","fg0746","fg0955","fg0650","fg0106","fg0624","fg0534","fg0741","fg0220","fg0766","fg0112","fg0733","fg0923"
"fq001883","vx_63a4c4f60d04169d","fg0393","1","fg0393","fg0228","fg0223","fg0943","fg0402","fg0725","fg0650","fg0073","fg0746","fg0324","fg0766","fg0112","fg0534","fg0175","fg0488","fg0106","fg0955","fg0564","fg0548","fg0733"
"fq001884","vx_63a4c4f60d04169d","fg0393","1","fg0393","fg0223","fg0725","fg0943","fg0402","fg0228","fg0746","fg0650","fg0766","fg0175","fg0733","fg0624","fg0106","fg0073","fg0711","fg0112","fg0324","fg0932","fg0534","fg0303"
"fq001885","vx_e252e2afc60f5037","fg0394","52","fg0760","fg0613","fg0934","fg0766","fg0727","fg0346","fg0489","fg0542","fg0984","fg0064","fg0135","fg0441","fg0836","fg0920","fg0798","fg0454","fg0576","fg0853","fg0120","fg0970"
"fq001886","vx_f5e9277b4b2ebb19","fg0395","1","fg0395","fg0911","fg0493","fg0451","fg0618","fg0442","fg0786","fg0538","fg0732","fg0861","fg0166","fg0950","fg0332","fg0165","fg0112","fg0390","fg0801","fg0235","fg0285","fg0685"
"fq001887","vx_f5e9277b4b2ebb19","fg0395","1","fg0395","fg0911","fg0861","fg0451","fg0732","fg0950","fg0786","fg0922","fg0271","fg0618","fg0166","fg0493","fg0660","fg0538","fg0809","fg0193","fg0285","fg0638","fg0112","fg0979"
"fq001888","vx_50b14c6bbdb049a9","fg0396","1","fg0396","fg0406","fg0089","fg0032","fg0108","fg0589","fg0290","fg0647","fg0034","fg0026","fg0875","fg0887","fg0269","fg0010","fg0957","fg0168","fg0229","fg0128","fg0628","fg0869"
"fq001889","vx_319f26fc339593b5","fg0397","1","fg0397","fg0211","fg0039","fg0573","fg0350","fg0730","fg0942","fg0334","fg0025","fg0082","fg0297","fg0059","fg0907","fg0843","fg0106","fg0563","fg0589","fg0228","fg0976","fg0639"
"fq001890","vx_f8aa7c7ac836c8fc","fg0398","1","fg0398","fg0411","fg0588","fg0973","fg0835","fg0967","fg0262","fg0246","fg0334","fg0256","fg0126","fg0888","fg0789","fg0781","fg0191","fg0367","fg0241","fg0657","fg0474","fg0703"
"fq001891","vx_c0d9f6dede90d058","fg0399","1","fg0399","fg0291","fg0078","fg0712","fg0520","fg0227","fg0896","fg0942","fg0762","fg0182","fg0624","fg0059","fg0572","fg0145","fg0407","fg0019","fg0741","fg0736","fg0655","fg0097"
"fq001892","vx_c0d9f6dede90d058","fg0399","1","fg0399","fg0291","fg0712","fg0494","fg0078","fg0896","fg0329","fg0762","fg0572","fg0058","fg0150","fg0204","fg0059","fg0624","fg0942","fg0112","fg0164","fg0182","fg0019","fg0950"
"fq001893","vx_c0d9f6dede90d058","fg0399","1","fg0399","fg0291","fg0712","fg0494","fg0762","fg0896","fg0078","fg0572","fg0942","fg0059","fg0624","fg0204","fg0150","fg0329","fg0182","fg0019","fg0520","fg0736","fg0058","fg0655"
"fq001894","vx_c0d9f6dede90d058","fg0399","1","fg0399","fg0291","fg0494","fg0712","fg0078","fg0762","fg0624","fg0896","fg0572","fg0329","fg0204","fg0182","fg0019","fg0655","fg0150","fg0942","fg0741","fg0059","fg0736","fg0988"
"fq001895","vx_762cb25e676eecf6","fg0400","1","fg0400","fg0577","fg0049","fg0888","fg0828","fg0087","fg0617","fg0259","fg0062","fg0021","fg0226","fg0119","fg0713","fg0256","fg0241","fg0235","fg0246","fg0620","fg0123","fg0201"
"fq001896","vx_6082bdea9efc8a78","fg0401","1","fg0401","fg0318","fg0671","fg0085","fg0795","fg0749","fg0167","fg0990","fg0858","fg0922","fg0147","fg0299","fg0559","fg0231","fg0659","fg0151","fg0596","fg0355","fg0094","fg0411"
"fq001897","vx_6082bdea9efc8a78","fg0401","1","fg0401","fg0671","fg0239","fg0659","fg0318","fg0051","fg0858","fg0922","fg0795","fg0749","fg0470","fg0729","fg0342","fg0353","fg0028","fg0464","fg0596","fg0528","fg0270","fg0989"
"fq001898","vx_6082bdea9efc8a78","fg0401","1","fg0401","fg0671","fg0318","fg0596","fg0353","fg0729","fg0933","fg0403","fg0922","fg0749","fg0659","fg0854","fg0559","fg0858","fg0147","fg0342","fg0299","fg0810","fg0463","fg0795"
"fq001899","vx_6082bdea9efc8a78","fg0401","1","fg0401","fg0318","fg0239","fg0051","fg0020","fg0795","fg0085","fg0659","fg0671","fg0858","fg0470","fg0698","fg0231","fg0922","fg0151","fg0990","fg0335","fg0528","fg0147","fg0559"
"fq001900","vx_6082bdea9efc8a78","fg0401","1","fg0401","fg0020","fg0795","fg0318","fg0239","fg0671","fg0174","fg0676","fg0085","fg0051","fg0067","fg0470","fg0090","fg0353","fg0296","fg0990","fg0335","fg0625","fg0074","fg0140"
"fq001901","vx_6082bdea9efc8a78","fg0401","1","fg0401","fg0671","fg0239","fg0020","fg0795","fg0318","fg0353","fg0470","fg0051","fg0854","fg0067","fg0090","fg0463","fg0596","fg0749","fg0933","fg0659","fg0342","fg0741","fg0922"
"fq001902","vx_6082bdea9efc8a78","fg0401","1","fg0401","fg0671","fg0596","fg0353","fg0854","fg0318","fg0933","fg0868","fg0559","fg0659","fg0296","fg0302","fg0342","fg0667","fg0463","fg0512","fg0729","fg0403","fg0795","fg0151"
"fq001903","vx_6082bdea9efc8a78","fg0401","1","fg0401","fg0671","fg0795","fg0239","fg0318","fg0353","fg0342","fg0470","fg0463","fg0465","fg0933","fg0028","fg0804","fg0020","fg0854","fg0067","fg0051","fg0729","fg0749","fg0296"
"fq001904","vx_dfc97d48364e8919","fg0402","1","fg0402","fg0555","fg0678","fg0804","fg0706","fg0499","fg0393","fg0488","fg0333","fg0939","fg0357","fg0175","fg0355","fg0157","fg0597","fg0301","fg0414","fg0031","fg0746","fg0817"
"fq001905","vx_69302c9990bbc0a0","fg0403","1","fg0403","fg0231","fg0729","fg0810","fg0151","fg0318","fg0225","fg0299","fg0559","fg0083","fg0275","fg0671","fg0043","fg0794","fg0925","fg0355","fg0922","fg0023","fg0998","fg0880"
"fq001906","vx_69302c9990bbc0a0","fg0403","1","fg0403","fg0231","fg0225","fg0729","fg0810","fg0151","fg0925","fg0299","fg0671","fg0559","fg0083","fg0275","fg0318","fg0108","fg0043","fg0794","fg0240","fg0552","fg0324","fg0667"
"fq001907","vx_f3d1fa5a4419c015","fg0404","1","fg0404","fg0716","fg0956","fg0337","fg0153","fg0532","fg0719","fg0623","fg0338","fg0282","fg0098","fg0382","fg0475","fg0494","fg0642","fg0809","fg0252","fg0783","fg0027","fg0541"
"fq001908","vx_c41ab6e031456cff","fg0405","1","fg0405","fg0168","fg0203","fg0413","fg0137","fg0034","fg0423","fg0691","fg0111","fg0615","fg0998","fg0807","fg0508","fg0649","fg0151","fg0547","fg0406","fg0325","fg0208","fg0991"
"fq001909","vx_f25c99f3da2fcc23","fg0406","1","fg0406","fg0396","fg0920","fg0032","fg0410","fg0523","fg0390","fg0961","fg0102","fg0168","fg0613","fg0844","fg0887","fg0542","fg0069","fg0290","fg0628","fg0075","fg0699","fg0457"
"fq001910","vx_f25c99f3da2fcc23","fg0406","1","fg0406","fg0920","fg0396","fg0887","fg0089","fg0032","fg0029","fg0518","fg0875","fg0523","fg0513","fg0699","fg0628","fg0213","fg0232","fg0236","fg0542","fg0570","fg0360","fg0168"
"fq001911","vx_358152b150f231a3","fg0407","1","fg0407","fg0353","fg0667","fg0854","fg0672","fg0599","fg0883","fg0302","fg0618","fg0296","fg0452","fg0832","fg0342","fg0463","fg0403","fg0734","fg0521","fg0649","fg0825","fg0502"
"fq001912","vx_12997affbf40e696","fg0408","1","fg0408","fg0602","fg0831","fg0447","fg0158","fg0673","fg0253","fg0846","fg0990","fg0170","fg0243","fg0047","fg0107","fg0688","fg0798","fg0987","fg0636","fg0312","fg0844","fg0724"
"fq001913","vx_12997affbf40e696","fg0408","1","fg0408","fg0602","fg0447","fg0831","fg0158","fg0846","fg0253","fg0243","fg0170","fg0673","fg0636","fg0688","fg0107","fg0990","fg0573","fg0844","fg0987","fg0724","fg0456","fg0798"
"fq001914","vx_12997affbf40e696","fg0408","5","fg0144","fg0626","fg0158","fg0068","fg0408","fg0598","fg0507","fg0871","fg0384","fg0645","fg0918","fg0013","fg0974","fg0172","fg0151","fg0195","fg0440","fg0535","fg0477","fg0567"
"fq001915","vx_12997affbf40e696","fg0408","1","fg0408","fg0602","fg0158","fg0447","fg0144","fg0253","fg0626","fg0243","fg0798","fg0831","fg0170","fg0636","fg0456","fg0846","fg0554","fg0844","fg0673","fg0688","fg0312","fg0987"
"fq001916","vx_67a2a536d116899a","fg0409","1","fg0409","fg0531","fg0725","fg0548","fg0564","fg0859","fg0813","fg0031","fg0617","fg0984","fg0685","fg0047","fg0268","fg0415","fg0990","fg0673","fg0621","fg0780","fg0474","fg0198"
"fq001917","vx_67a2a536d116899a","fg0409","1","fg0409","fg0813","fg0984","fg0725","fg0087","fg0065","fg0268","fg0894","fg0564","fg0780","fg0617","fg0685","fg0062","fg0415","fg0859","fg0531","fg0697","fg0121","fg0370","fg0059"
"fq001918","vx_0e2e12e80e5eb8e4","fg0410","1","fg0410","fg0170","fg0102","fg0457","fg0844","fg0680","fg0798","fg0406","fg0523","fg0309","fg0760","fg0752","fg0072","fg0665","fg0931","fg0454","fg0050","fg0704","fg0817","fg0236"
"fq001919","vx_0f44f725d0bcfc6c","fg0411","1","fg0411","fg0398","fg0334","fg0835","fg0126","fg0588","fg0573","fg0001","fg0490","fg0397","fg0039","fg0843","fg0297","fg0025","fg0367","fg0350","fg0976","fg0907","fg0533","fg0388"
"fq001920","vx_ad2ee349ea70663b","fg0412","1","fg0412","fg0845","fg0316","fg0258","fg0370","fg0063","fg0710","fg0575","fg0008","fg0750","fg0743","fg0732","fg0231","fg0996","fg0768","fg0902","fg0508","fg0881","fg0753","fg0251"
"fq001921","vx_ad2ee349ea70663b","fg0412","1","fg0412","fg0845","fg0316","fg0258","fg0370","fg0063","fg0768","fg0750","fg0710","fg0743","fg0231","fg0008","fg0732","fg0818","fg0575","fg0881","fg0723","fg0054","fg0661","fg0379"
"fq001922","vx_ad2ee349ea70663b","fg0412","1","fg0412","fg0845","fg0258","fg0316","fg0370","fg0063","fg0575","fg0743","fg0750","fg0768","fg0071","fg0008","fg0732","fg0996","fg0181","fg0723","fg0703","fg0662","fg0661","fg0973"
"fq001923","vx_96e16821ff2d4dcc","fg0413","1","fg0413","fg0580","fg0906","fg0651","fg0951","fg0611","fg0664","fg0643","fg0074","fg0405","fg0296","fg0094","fg0203","fg0161","fg0319","fg0210","fg0492","fg0645","fg0933","fg0961"
"fq001924","vx_96e16821ff2d4dcc","fg0413","1","fg0413","fg0296","fg0993","fg0492","fg0319","fg0645","fg0543","fg0596","fg0651","fg0509","fg0951","fg0580","fg0416","fg0318","fg0664","fg0167","fg0086","fg0323","fg0905","fg0906"
"fq001925","vx_96e16821ff2d4dcc","fg0413","1","fg0413","fg0580","fg0906","fg0611","fg0651","fg0161","fg0405","fg0643","fg0318","fg0951","fg0074","fg0094","fg0664","fg0296","fg0795","fg0657","fg0645","fg0401","fg0630","fg0344"
"fq001926","vx_486255c9ab37b0ed","fg0414","1","fg0414","fg0310","fg0371","fg0717","fg0897","fg0060","fg0682","fg0324","fg0136","fg0470","fg0079","fg0152","fg0286","fg0702","fg0597","fg0496","fg0247","fg0999","fg0710","fg0780"
"fq001927","vx_486255c9ab37b0ed","fg0414","1","fg0414","fg0371","fg0310","fg0897","fg0286","fg0682","fg0078","fg0210","fg0324","fg0717","fg0097","fg0544","fg0060","fg0285","fg0589","fg0470","fg0774","fg0713","fg0136","fg0071"
"fq001928","vx_486255c9ab37b0ed","fg0414","1","fg0414","fg0310","fg0371","fg0060","fg0470","fg0682","fg0780","fg0286","fg0136","fg0897","fg0999","fg0717","fg0324","fg0723","fg0554","fg0278","fg0191","fg0597","fg0390","fg0152"
"fq001929","vx_486255c9ab37b0ed","fg0414","1","fg0414","fg0310","fg0371","fg0897","fg0324","fg0060","fg0210","fg0286","fg0682","fg0078","fg0717","fg0470","fg0285","fg0079","fg0774","fg0589","fg0363","fg0175","fg0152","fg0097"
"fq001930","vx_486255c9ab37b0ed","fg0414","1","fg0414","fg0310","fg0371","fg0897","fg0324","fg0717","fg0286","fg0544","fg0682","fg0210","fg0060","fg0285","fg0136","fg0702","fg0554","fg0470","fg0999","fg0046","fg0496","fg0097"
"fq001931","vx_486255c9ab37b0ed","fg0414","1","fg0414","fg0310","fg0897","fg0371","fg0286","fg0078","fg0682","fg0210","fg0589","fg0710","fg0285","fg0060","fg0717","fg0470","fg0097","fg0607","fg0324","fg0046","fg0544","fg0069"
"fq001932","vx_486255c9ab37b0ed","fg0414","1","fg0414","fg0310","fg0371","fg0897","fg0324","fg0717","fg0470","fg0544","fg0060","fg0079","fg0682","fg0702","fg0597","fg0723","fg0554","fg0496","fg0999","fg0787","fg0600","fg0286"
"fq001933","vx_486255c9ab37b0ed","fg0414","1","fg0414","fg0371","fg0310","fg0060","fg0470","fg0717","fg0897","fg0682","fg0079","fg0324","fg0136","fg0597","fg0554","fg0702","fg0723","fg0780","fg0496","fg0787","fg0999","fg0278"
"fq001934","vx_aa11efa1b7434af0","fg0415","1","fg0415","fg0074","fg0800","fg0853","fg0120","fg0456","fg0344","fg0732","fg0548","fg0531","fg0488","fg0564","fg0409","fg0004","fg0748","fg0461","fg0634","fg0105","fg0806","fg0264"
"fq001935","vx_aa11efa1b7434af0","fg0415","1","fg0415","fg0800","fg0074","fg0853","fg0456","fg0732","fg0120","fg0548","fg0344","fg0409","fg0748","fg0806","fg0564","fg0488","fg0015","fg0670","fg0766","fg0531","fg0075","fg0393"
"fq001936","vx_aa11efa1b7434af0","fg0415","1","fg0415","fg0800","fg0074","fg0853","fg0456","fg0120","fg0548","fg0344","fg0732","fg0409","fg0531","fg0105","fg0564","fg0015","fg0488","fg0806","fg0748","fg0634","fg0317","fg0766"
"fq001937","vx_6a1c25f9e539d0b4","fg0416","18","fg0305","fg0881","fg0178","fg0379","fg0892","fg0710","fg0803","fg0418","fg0766","fg0363","fg0198","fg0423","fg0068","fg0732","fg0504","fg0405","fg0914","fg0416","fg0279","fg0086"
"fq001938","vx_c1f45d90227d836e","fg0417","1","fg0417","fg0029","fg0203","fg0023","fg0436","fg0537","fg0699","fg0865","fg0535","fg0418","fg0224","fg0419","fg0028","fg0877","fg0394","fg0710","fg0305","fg0360","fg0757","fg0331"
"fq001939","vx_c1f45d90227d836e","fg0417","1","fg0417","fg0029","fg0023","fg0224","fg0699","fg0865","fg0436","fg0535","fg0028","fg0203","fg0537","fg0357","fg0488","fg0313","fg0419","fg0877","fg0305","fg0394","fg0418","fg0757"
"fq001940","vx_c1f45d90227d836e","fg0417","1","fg0417","fg0029","fg0023","fg0865","fg0203","fg0537","fg0535","fg0699","fg0436","fg0418","fg0394","fg0710","fg0028","fg0305","fg0757","fg0877","fg0717","fg0488","fg0344","fg0419"
"fq001941","vx_c1f45d90227d836e","fg0417","1","fg0417","fg0029","fg0865","fg0203","fg0023","fg0537","fg0699","fg0535","fg0436","fg0305","fg0877","fg0394","fg0418","fg0224","fg0028","fg0710","fg0553","fg0488","fg0419","fg0360"
"fq001942","vx_c1f45d90227d836e","fg0417","1","fg0417","fg0029","fg0023","fg0865","fg0537","fg0203","fg0224","fg0699","fg0535","fg0028","fg0418","fg0331","fg0757","fg0488","fg0436","fg0710","fg0727","fg0920","fg0877","fg0357"
"fq001943","vx_c1f45d90227d836e","fg0417","1","fg0417","fg0029","fg0203","fg0418","fg0537","fg0710","fg0865","fg0699","fg0535","fg0436","fg0224","fg0028","fg0394","fg0553","fg0344","fg0877","fg0357","fg0132","fg0232","fg0305"
"fq001944","vx_c1f45d90227d836e","fg0417","1","fg0417","fg0029","fg0023","fg0224","fg0865","fg0436","fg0699","fg0357","fg0537","fg0535","fg0313","fg0028","fg0418","fg0757","fg0488","fg0877","fg0203","fg0355","fg0360","fg0419"
"fq001945","vx_c1f45d90227d836e","fg0417","1","fg0417","fg0029","fg0023","fg0865","fg0224","fg0537","fg0535","fg0418","fg0699","fg0394","fg0419","fg0436","fg0331","fg0203","fg0305","fg0028","fg0757","fg0357","fg0488","fg0877"
"fq001946","vx_c1f45d90227d836e","fg0417","1","fg0417","fg0029","fg0023","fg0224","fg0535","fg0865","fg0537","fg0699","fg0419","fg0028","fg0757","fg0436","fg0313","fg0519","fg0394","fg0305","fg0357","fg0331","fg0056","fg0583"
"fq001947","vx_c1f45d90227d836e","fg0417","1","fg0417","fg0029","fg0023","fg0865","fg0699","fg0224","fg0028","fg0537","fg0535","fg0436","fg0757","fg0488","fg0419","fg0357","fg0331","fg0394","fg0152","fg0418","fg0344","fg0305"
"fq001948","vx_c1f45d90227d836e","fg0417","1","fg0417","fg0029","fg0023","fg0224","fg0699","fg0203","fg0877","fg0305","fg0865","fg0537","fg0570","fg0357","fg0517","fg0553","fg0535","fg0028","fg0381","fg0809","fg0975","fg0920"
"fq001949","vx_c1f45d90227d836e","fg0417","1","fg0417","fg0029","fg0023","fg0436","fg0865","fg0028","fg0394","fg0419","fg0699","fg0313","fg0877","fg0224","fg0772","fg0305","fg0537","fg0198","fg0375","fg0290","fg0056","fg0542"
"fq001950","vx_c1f45d90227d836e","fg0417","1","fg0417","fg0029","fg0865","fg0537","fg0023","fg0535","fg0757","fg0418","fg0488","fg0331","fg0224","fg0203","fg0699","fg0436","fg0727","fg0717","fg0028","fg0344","fg0710","fg0132"
"fq001951","vx_3e47a24359a14f7e","fg0418","1","fg0418","fg0448","fg0865","fg0930","fg0221","fg0139","fg0831","fg0074","fg0470","fg0662","fg0417","fg0492","fg0717","fg0181","fg0305","fg0659","fg0702","fg0356","fg0861","fg0141"
"fq001952","vx_3e47a24359a14f7e","fg0418","1","fg0418","fg0865","fg0448","fg0074","fg0930","fg0831","fg0139","fg0662","fg0470","fg0717","fg0417","fg0861","fg0702","fg0819","fg0492","fg0221","fg0825","fg0181","fg0188","fg0141"
"fq001953","vx_21257aeb7169da7a","fg0419","1","fg0419","fg0029","fg0529","fg0718","fg0174","fg0746","fg0138","fg0565","fg0652","fg0920","fg0079","fg0945","fg0537","fg0513","fg0969","fg0184","fg0931","fg0515","fg0259","fg0983"
"fq001954","vx_21257aeb7169da7a","fg0419","1","fg0419","fg0029","fg0529","fg0873","fg0174","fg0865","fg0718","fg0327","fg0417","fg0757","fg0931","fg0612","fg0652","fg0436","fg0184","fg0961","fg0394","fg0635","fg0945","fg0099"
"fq001955","vx_7af6e6f444bcf548","fg0420","1","fg0420","fg0456","fg0616","fg0101","fg0113","fg0824","fg0292","fg0044","fg0499","fg0949","fg0223","fg0289","fg0209","fg0380","fg0477","fg0669","fg0937","fg0514","fg0248","fg0210"
"fq001956","vx_7af6e6f444bcf548","fg0420","1","fg0420","fg0616","fg0113","fg0456","fg0937","fg0292","fg0044","fg0824","fg0499","fg0674","fg0669","fg0380","fg0514","fg0638","fg0309","fg0455","fg0773","fg0210","fg0223","fg0949"
"fq001957","vx_df2cdd4786c6f50f","fg0421","1","fg0421","fg0539","fg0573","fg0218","fg0656","fg0156","fg0260","fg0959","fg0713","fg0382","fg0587","fg0791","fg0773","fg0642","fg0126","fg0494","fg0733","fg0372","fg0338","fg0196"
"fq001958","vx_df2cdd4786c6f50f","fg0421","1","fg0421","fg0539","fg0573","fg0218","fg0260","fg0959","fg0587","fg0156","fg0126","fg0271","fg0656","fg0642","fg0323","fg0791","fg0565","fg0382","fg0397","fg0010","fg0515","fg0733"
"fq001959","vx_158f5770b00f58c3","fg0422","1","fg0422","fg0633","fg0565","fg0882","fg0011","fg0436","fg0777","fg0652","fg0763","fg0058","fg0424","fg0603","fg0535","fg0295","fg0597","fg0084","fg0739","fg0294","fg0115","fg0215"
"fq001960","vx_158f5770b00f58c3","fg0422","1","fg0422","fg0633","fg0610","fg0323","fg0011","fg0603","fg0882","fg0539","fg0958","fg0294","fg0777","fg0669","fg0424","fg0081","fg0505","fg0115","fg0565","fg0380","fg0084","fg0638"
"fq001961","vx_102ea1bba205609d","fg0423","1","fg0423","fg0904","fg0572","fg0711","fg0547","fg0802","fg0137","fg0360","fg0017","fg0129","fg0373","fg0590","fg0849","fg0798","fg0092","fg0232","fg0014","fg0405","fg0104","fg0069"
"fq001962","vx_615e7ec279f2a819","fg0424","1","fg0424","fg0938","fg0957","fg0343","fg0273","fg0308","fg0241","fg0583","fg0058","fg0355","fg0242","fg0739","fg0927","fg0864","fg0577","fg0761","fg0400","fg0028","fg0689","fg0283"
"fq001963","vx_2385f2365c21e984","fg0425","1","fg0425","fg0516","fg0750","fg0670","fg0748","fg0745","fg0116","fg0089","fg0728","fg0379","fg0518","fg0255","fg0229","fg0014","fg0172","fg0909","fg0258","fg0264","fg0046","fg0341"
"fq001964","vx_2385f2365c21e984","fg0425","1","fg0425","fg0516","fg0750","fg0748","fg0745","fg0670","fg0116","fg0728","fg0089","fg0379","fg0518","fg0255","fg0264","fg0014","fg0229","fg0258","fg0341","fg0678","fg0172","fg0797"
"fq001965","vx_2385f2365c21e984","fg0425","1","fg0425","fg0745","fg0089","fg0516","fg0750","fg0748","fg0811","fg0255","fg0223","fg0670","fg0379","fg0728","fg0258","fg0116","fg0330","fg0796","fg0014","fg0518","fg0229","fg0674"
"fq001966","vx_2385f2365c21e984","fg0425","1","fg0425","fg0516","fg0750","fg0748","fg0670","fg0116","fg0728","fg0089","fg0745","fg0014","fg0518","fg0255","fg0341","fg0797","fg0229","fg0379","fg0258","fg0172","fg0909","fg0751"
"fq001967","vx_2385f2365c21e984","fg0425","1","fg0425","fg0516","fg0089","fg0750","fg0745","fg0748","fg0728","fg0330","fg0255","fg0670","fg0116","fg0258","fg0379","fg0014","fg0811","fg0223","fg0229","fg0026","fg0518","fg0550"
"fq001968","vx_2385f2365c21e984","fg0425","1","fg0425","fg0516","fg0750","fg0089","fg0330","fg0745","fg0379","fg0748","fg0728","fg0255","fg0796","fg0116","fg0223","fg0670","fg0811","fg0341","fg0674","fg0258","fg0518","fg0014"
"fq001969","vx_2385f2365c21e984","fg0425","1","fg0425","fg0516","fg0750","fg0748","fg0116","fg0670","fg0379","fg0089","fg0745","fg0728","fg0229","fg0341","fg0264","fg0172","fg0797","fg0255","fg0518","fg0046","fg0014","fg0678"
"fq001970","vx_2385f2365c21e984","fg0425","1","fg0425","fg0089","fg0745","fg0750","fg0516","fg0223","fg0811","fg0255","fg0670","fg0116","fg0748","fg0258","fg0518","fg0728","fg0014","fg0674","fg0229","fg0330","fg0647","fg0009"
"fq001971","vx_2385f2365c21e984","fg0425","1","fg0425","fg0516","fg0750","fg0745","fg0089","fg0223","fg0748","fg0330","fg0255","fg0670","fg0728","fg0379","fg0811","fg0258","fg0116","fg0518","fg0674","fg0014","fg0751","fg0818"
"fq001972","vx_2385f2365c21e984","fg0425","1","fg0425","fg0330","fg0516","fg0745","fg0750","fg0089","fg0379","fg0255","fg0748","fg0728","fg0670","fg0223","fg0796","fg0116","fg0811","fg0341","fg0258","fg0518","fg0476","fg0014"
"fq001973","vx_2385f2365c21e984","fg0425","1","fg0425","fg0330","fg0516","fg0750","fg0089","fg0341","fg0745","fg0379","fg0738","fg0748","fg0728","fg0255","fg0518","fg0811","fg0116","fg0670","fg0384","fg0063","fg0994","fg0977"
"fq001974","vx_2385f2365c21e984","fg0425","1","fg0425","fg0516","fg0750","fg0748","fg0670","fg0379","fg0116","fg0745","fg0264","fg0089","fg0026","fg0678","fg0341","fg0797","fg0728","fg0518","fg0229","fg0258","fg0063","fg0255"
"fq001975","vx_2385f2365c21e984","fg0425","1","fg0425","fg0745","fg0748","fg0516","fg0750","fg0089","fg0116","fg0255","fg0728","fg0670","fg0518","fg0379","fg0678","fg0258","fg0264","fg0063","fg0026","fg0229","fg0341","fg0996"
"fq001976","vx_2385f2365c21e984","fg0425","1","fg0425","fg0516","fg0750","fg0745","fg0089","fg0255","fg0748","fg0223","fg0670","fg0518","fg0728","fg0258","fg0796","fg0330","fg0379","fg0116","fg0674","fg0811","fg0014","fg0063"
"fq001977","vx_2385f2365c21e984","fg0425","1","fg0425","fg0750","fg0089","fg0516","fg0255","fg0745","fg0748","fg0116","fg0728","fg0670","fg0014","fg0518","fg0258","fg0229","fg0341","fg0172","fg0797","fg0063","fg0264","fg0360"
"fq001978","vx_2385f2365c21e984","fg0425","1","fg0425","fg0516","fg0750","fg0748","fg0728","fg0745","fg0670","fg0089","fg0255","fg0116","fg0518","fg0379","fg0014","fg0258","fg0341","fg0751","fg0229","fg0360","fg0172","fg0127"
"fq001979","vx_2385f2365c21e984","fg0425","1","fg0425","fg0516","fg0750","fg0089","fg0255","fg0330","fg0745","fg0748","fg0670","fg0116","fg0728","fg0223","fg0518","fg0674","fg0379","fg0258","fg0796","fg0014","fg0341","fg0264"
"fq001980","vx_2385f2365c21e984","fg0425","1","fg0425","fg0750","fg0516","fg0089","fg0748","fg0670","fg0116","fg0745","fg0728","fg0379","fg0255","fg0014","fg0229","fg0909","fg0341","fg0518","fg0264","fg0360","fg0797","fg0172"
"fq001981","vx_2385f2365c21e984","fg0425","1","fg0425","fg0745","fg0670","fg0811","fg0330","fg0223","fg0516","fg0750","fg0748","fg0089","fg0728","fg0379","fg0751","fg0255","fg0258","fg0014","fg0116","fg0518","fg0629","fg0952"
"fq001982","vx_2385f2365c21e984","fg0425","1","fg0425","fg0516","fg0750","fg0748","fg0745","fg0089","fg0116","fg0379","fg0670","fg0341","fg0728","fg0255","fg0264","fg0518","fg0797","fg0678","fg0063","fg0229","fg0127","fg0172"
"fq001983","vx_2385f2365c21e984","fg0425","1","fg0425","fg0745","fg0089","fg0750","fg0255","fg0516","fg0748","fg0811","fg0258","fg0728","fg0116","fg0014","fg0670","fg0518","fg0223","fg0229","fg0751","fg0360","fg0330","fg0379"
"fq001984","vx_2385f2365c21e984","fg0425","1","fg0425","fg0516","fg0750","fg0330","fg0255","fg0745","fg0089","fg0379","fg0748","fg0728","fg0796","fg0670","fg0479","fg0477","fg0795","fg0751","fg0223","fg0014","fg0476","fg0208"
"fq001985","vx_2385f2365c21e984","fg0425","1","fg0425","fg0255","fg0516","fg0750","fg0518","fg0745","fg0089","fg0748","fg0670","fg0728","fg0258","fg0796","fg0379","fg0330","fg0811","fg0116","fg0647","fg0228","fg0223","fg0437"
"fq001986","vx_2385f2365c21e984","fg0425","1","fg0425","fg0516","fg0750","fg0089","fg0748","fg0670","fg0116","fg0728","fg0745","fg0255","fg0518","fg0172","fg0379","fg0229","fg0341","fg0127","fg0014","fg0797","fg0063","fg0258"
"fq001987","vx_2385f2365c21e984","fg0425","1","fg0425","fg0516","fg0089","fg0750","fg0255","fg0745","fg0811","fg0518","fg0330","fg0748","fg0670","fg0223","fg0379","fg0796","fg0116","fg0258","fg0728","fg0674","fg0715","fg0437"
"fq001988","vx_2385f2365c21e984","fg0425","1","fg0425","fg0089","fg0516","fg0811","fg0223","fg0750","fg0745","fg0330","fg0518","fg0670","fg0255","fg0258","fg0116","fg0026","fg0748","fg0014","fg0674","fg0952","fg0229","fg0264"
"fq001989","vx_6adea789b053ab44","fg0426","1","fg0426","fg0531","fg0801","fg0125","fg0344","fg0562","fg0597","fg0853","fg0371","fg0079","fg0105","fg0680","fg0976","fg0921","fg0682","fg0580","fg0463","fg0074","fg0456","fg0943"
"fq001990","vx_bf6e8aaee90c3404","fg0427","1","fg0427","fg0788","fg0899","fg0625","fg0546","fg0740","fg0337","fg0372","fg0975","fg0679","fg0429","fg0916","fg0960","fg0067","fg0791","fg0002","fg0125","fg0015","fg0573","fg0189"
"fq001991","vx_d2bc8233a6f29cba","fg0428","1","fg0428","fg0229","fg0310","fg0986","fg0108","fg0172","fg0897","fg0958","fg0892","fg0929","fg0988","fg0214","fg0216","fg0283","fg0860","fg0679","fg0301","fg0608","fg0046","fg0558"
"fq001992","vx_0495eab6fa550c01","fg0429","1","fg0429","fg0472","fg0788","fg0096","fg0330","fg0891","fg0107","fg0530","fg0471","fg0082","fg0475","fg0230","fg0139","fg0218","fg0382","fg0090","fg0939","fg0916","fg0437","fg0347"
"fq001993","vx_0495eab6fa550c01","fg0429","1","fg0429","fg0096","fg0472","fg0230","fg0139","fg0107","fg0891","fg0530","fg0788","fg0330","fg0090","fg0082","fg0831","fg0382","fg0253","fg0930","fg0602","fg0081","fg0475","fg0471"
"fq001994","vx_600e2e1af71a4707","fg0430","1","fg0430","fg0267","fg0568","fg0555","fg0376","fg0867","fg0678","fg0804","fg0018","fg0706","fg0346","fg0402","fg0363","fg0589","fg0745","fg0233","fg0140","fg0384","fg0666","fg0387"
"fq001995","vx_eaf028208f134d0c","fg0431","1","fg0431","fg0574","fg0951","fg0433","fg0501","fg0767","fg0290","fg0156","fg0050","fg0266","fg0920","fg0486","fg0935","fg0406","fg0699","fg0716","fg0086","fg0874","fg0684","fg0875"
"fq001996","vx_eaf028208f134d0c","fg0431","1","fg0431","fg0951","fg0574","fg0874","fg0440","fg0699","fg0290","fg0920","fg0232","fg0263","fg0094","fg0613","fg0935","fg0657","fg0578","fg0883","fg0607","fg0501","fg0266","fg0433"
"fq001997","vx_eaf028208f134d0c","fg0431","1","fg0431","fg0440","fg0574","fg0266","fg0951","fg0657","fg0027","fg0874","fg0501","fg0948","fg0050","fg0338","fg0716","fg0156","fg0767","fg0167","fg0012","fg0149","fg0219","fg0290"
"fq001998","vx_eaf028208f134d0c","fg0431","1","fg0431","fg0951","fg0574","fg0440","fg0433","fg0406","fg0290","fg0501","fg0657","fg0486","fg0874","fg0050","fg0920","fg0699","fg0935","fg0457","fg0086","fg0767","fg0156","fg0948"
"fq001999","vx_eaf028208f134d0c","fg0431","1","fg0431","fg0574","fg0440","fg0951","fg0290","fg0657","fg0935","fg0874","fg0699","fg0406","fg0920","fg0394","fg0050","fg0433","fg0457","fg0501","fg0716","fg0613","fg0266","fg0027"
"fq002000","vx_eaf028208f134d0c","fg0431","1","fg0431","fg0874","fg0099","fg0965","fg0867","fg0263","fg0578","fg0627","fg0756","fg0290","fg0574","fg0086","fg0035","fg0931","fg0716","fg0660","fg0300","fg0699","fg0156","fg0883"
"fq002001","vx_fd19c33b50f6434b","fg0432","1","fg0432","fg0775","fg0420","fg0915","fg0824","fg0216","fg0707","fg0545","fg0157","fg0272","fg0874","fg0815","fg0849","fg0633","fg0906","fg0852","fg0104","fg0081","fg0177","fg0734"
"fq002002","vx_c4ed6f739c25eb38","fg0433","2","fg0814","fg0433","fg0204","fg0208","fg0812","fg0506","fg0498","fg0486","fg0760","fg0564","fg0777","fg0410","fg0171","fg0280","fg0731","fg0478","fg0579","fg0702","fg0931","fg0111"
"fq002003","vx_c4ed6f739c25eb38","fg0433","1","fg0433","fg0814","fg0204","fg0812","fg0208","fg0506","fg0498","fg0486","fg0478","fg0760","fg0564","fg0777","fg0220","fg0410","fg0467","fg0280","fg0965","fg0841","fg0112","fg0579"
"fq002004","vx_ed56be1eb126525f","fg0434","1","fg0434","fg0511","fg0917","fg0202","fg0898","fg0862","fg0888","fg0369","fg0517","fg0474","fg0351","fg0473","fg0887","fg0021","fg0441","fg0098","fg0617","fg0886","fg0657","fg0856"
"fq002005","vx_ed56be1eb126525f","fg0434","1","fg0434","fg0511","fg0917","fg0202","fg0752","fg0650","fg0715","fg0886","fg0856","fg0024","fg0942","fg0179","fg0137","fg0518","fg0862","fg0765","fg0396","fg0887","fg0303","fg0932"
"fq002006","vx_ed56be1eb126525f","fg0434","1","fg0434","fg0511","fg0917","fg0202","fg0650","fg0715","fg0886","fg0137","fg0862","fg0752","fg0856","fg0473","fg0798","fg0223","fg0256","fg0423","fg0942","fg0888","fg0898","fg0441"
"fq002007","vx_ed56be1eb126525f","fg0434","1","fg0434","fg0917","fg0511","fg0202","fg0650","fg0752","fg0715","fg0137","fg0862","fg0423","fg0856","fg0886","fg0887","fg0024","fg0798","fg0179","fg0223","fg0396","fg0518","fg0932"
"fq002008","vx_ed56be1eb126525f","fg0434","1","fg0434","fg0917","fg0511","fg0202","fg0752","fg0715","fg0650","fg0137","fg0886","fg0856","fg0423","fg0862","fg0798","fg0942","fg0518","fg0196","fg0223","fg0179","fg0904","fg0059"
"fq002009","vx_ed56be1eb126525f","fg0434","1","fg0434","fg0511","fg0917","fg0202","fg0650","fg0886","fg0715","fg0752","fg0856","fg0137","fg0473","fg0862","fg0888","fg0887","fg0256","fg0351","fg0898","fg0942","fg0223","fg0246"
"fq002010","vx_9050b5f0dfe4ad16","fg0435","1","fg0435","fg0976","fg0942","fg0490","fg0059","fg0039","fg0657","fg0573","fg0334","fg0448","fg0397","fg0907","fg0674","fg0522","fg1000","fg0398","fg0314","fg0199","fg0015","fg0106"
"fq002011","vx_d152e79c7fdb6d7d","fg0436","1","fg0436","fg0866","fg0210","fg0699","fg0098","fg0252","fg0124","fg0029","fg0417","fg0625","fg0419","fg0051","fg0143","fg0093","fg0376","fg0519","fg0908","fg0060","fg0164","fg0738"
"fq002012","vx_e4345609a127d16a","fg0437","1","fg0437","fg0791","fg0410","fg0665","fg0732","fg0050","fg0620","fg0290","fg0453","fg0011","fg0852","fg0282","fg0180","fg0454","fg0258","fg0189","fg0680","fg0712","fg0541","fg0139"
"fq002013","vx_21c2b88e2b9b7367","fg0438","1","fg0438","fg0106","fg0397","fg0843","fg0025","fg0039","fg0350","fg0126","fg0594","fg0411","fg0811","fg0573","fg0173","fg0159","fg0907","fg0214","fg0815","fg0211","fg0388","fg0942"
"fq002014","vx_21c2b88e2b9b7367","fg0438","1","fg0438","fg0106","fg0397","fg0411","fg0843","fg0695","fg0594","fg0350","fg0025","fg0811","fg0173","fg0573","fg0815","fg0211","fg0039","fg0126","fg0630","fg0941","fg0159","fg0907"
"fq002015","vx_21c2b88e2b9b7367","fg0438","1","fg0438","fg0411","fg0354","fg0106","fg0843","fg0397","fg0350","fg0025","fg0695","fg0512","fg0594","fg0507","fg0530","fg0126","fg0811","fg0173","fg0057","fg0039","fg0815","fg0573"
"fq002016","vx_21c2b88e2b9b7367","fg0438","1","fg0438","fg0411","fg0106","fg0025","fg0350","fg0843","fg0397","fg0354","fg0507","fg0530","fg0512","fg0811","fg0594","fg0573","fg0695","fg0211","fg0082","fg0126","fg0907","fg0563"
"fq002017","vx_21c2b88e2b9b7367","fg0438","1","fg0438","fg0411","fg0354","fg0843","fg0106","fg0397","fg0512","fg0025","fg0211","fg0594","fg0507","fg0695","fg0173","fg0811","fg0573","fg0350","fg0530","fg0126","fg0630","fg0907"
"fq002018","vx_21c2b88e2b9b7367","fg0438","1","fg0438","fg0411","fg0106","fg0843","fg0025","fg0397","fg0811","fg0350","fg0594","fg0354","fg0211","fg0126","fg0173","fg0573","fg0082","fg0695","fg0507","fg0630","fg0815","fg0039"
"fq002019","vx_21c2b88e2b9b7367","fg0438","1","fg0438","fg0843","fg0350","fg0106","fg0411","fg0397","fg0025","fg0211","fg0126","fg0594","fg0398","fg0039","fg0703","fg0588","fg0573","fg0811","fg0815","fg0630","fg0195","fg0768"
"fq002020","vx_21c2b88e2b9b7367","fg0438","1","fg0438","fg0354","fg0411","fg0512","fg0507","fg0106","fg0025","fg0695","fg0397","fg0843","fg0530","fg0350","fg0594","fg0677","fg0664","fg0543","fg0126","fg0811","fg0173","fg0596"
"fq002021","vx_ed7c273f1b02ed33","fg0439","1","fg0439","fg0236","fg0034","fg0575","fg0237","fg0075","fg0225","fg0213","fg0189","fg0041","fg0880","fg0152","fg0953","fg0100","fg0932","fg0440","fg0114","fg0802","fg0736","fg0755"
"fq002022","vx_ed7c273f1b02ed33","fg0439","1","fg0439","fg0236","fg0575","fg0868","fg0034","fg0225","fg0213","fg0953","fg0237","fg0189","fg0556","fg0440","fg0880","fg0933","fg0850","fg0041","fg0152","fg0095","fg0802","fg0114"
"fq002023","vx_ed7c273f1b02ed33","fg0439","1","fg0439","fg0236","fg0075","fg0237","fg0213","fg0575","fg0041","fg0189","fg0225","fg0523","fg0802","fg0100","fg0600","fg0034","fg0495","fg0556","fg0953","fg0152","fg0095","fg0868"
"fq002024","vx_ed7c273f1b02ed33","fg0439","1","fg0439","fg0236","fg0237","fg0575","fg0075","fg0213","fg0189","fg0041","fg0225","fg0868","fg0152","fg0100","fg0034","fg0523","fg0095","fg0802","fg0495","fg0119","fg0880","fg0600"
"fq002025","vx_7d43e25c9f07c81c","fg0440","1","fg0440","fg0883","fg0296","fg0708","fg0226","fg0598","fg0504","fg0054","fg0431","fg0117","fg0257","fg0871","fg0799","fg0827","fg0479","fg0221","fg0358","fg0606","fg0219","fg0436"
"fq002026","vx_7d43e25c9f07c81c","fg0440","1","fg0440","fg0883","fg0296","fg0598","fg0708","fg0358","fg0667","fg0192","fg0054","fg0993","fg0504","fg0606","fg0963","fg0149","fg0505","fg0219","fg0117","fg0871","fg0671","fg0047"
"fq002027","vx_7d43e25c9f07c81c","fg0440","1","fg0440","fg0883","fg0708","fg0296","fg0117","fg0504","fg0054","fg0226","fg0598","fg0479","fg0149","fg0431","fg0257","fg0221","fg0827","fg0358","fg0192","fg0993","fg0606","fg0219"
"fq002028","vx_7d43e25c9f07c81c","fg0440","1","fg0440","fg0708","fg0296","fg0883","fg0598","fg0117","fg0192","fg0504","fg0963","fg0358","fg0054","fg0479","fg0993","fg0149","fg0047","fg0257","fg0606","fg0667","fg0505","fg0226"
"fq002029","vx_7d43e25c9f07c81c","fg0440","1","fg0440","fg0708","fg0117","fg0598","fg0296","fg0054","fg0883","fg0149","fg0257","fg0192","fg0993","fg0657","fg0358","fg0738","fg0724","fg0963","fg0960","fg0156","fg0318","fg0505"
"fq002030","vx_7d43e25c9f07c81c","fg0440","1","fg0440","fg0883","fg0296","fg0708","fg0117","fg0598","fg0226","fg0504","fg0054","fg0827","fg0257","fg0963","fg0431","fg0618","fg0114","fg0221","fg0738","fg0479","fg0799","fg0611"
"fq002031","vx_7d43e25c9f07c81c","fg0440","1","fg0440","fg0257","fg0431","fg0883","fg0598","fg0054","fg0296","fg0708","fg0657","fg0318","fg0304","fg0226","fg0149","fg0117","fg0827","fg0990","fg0167","fg0505","fg0219","fg0993"
"fq002032","vx_7d43e25c9f07c81c","fg0440","1","fg0440","fg0598","fg0708","fg0054","fg0296","fg0167","fg0657","fg0117","fg0990","fg0676","fg0318","fg0411","fg0883","fg0061","fg0047","fg0257","fg0993","fg0192","fg0304","fg0724"
"fq002033","vx_7d43e25c9f07c81c","fg0440","1","fg0440","fg0883","fg0296","fg0504","fg0708","fg0226","fg0598","fg0117","fg0054","fg0479","fg0436","fg0827","fg0221","fg0871","fg0431","fg0606","fg0799","fg0257","fg0114","fg0358"
"fq002034","vx_7d43e25c9f07c81c","fg0440","1","fg0440","fg0883","fg0296","fg0708","fg0226","fg0054","fg0431","fg0504","fg0598","fg0436","fg0117","fg0799","fg0871","fg0827","fg0114","fg0257","fg0358","fg0479","fg0618","fg0606"
"fq002035","vx_7d43e25c9f07c81c","fg0440","1","fg0440","fg0883","fg0296","fg0708","fg0598","fg0504","fg0054","fg0358","fg0117","fg0226","fg0963","fg0114","fg0606","fg0257","fg0871","fg0667","fg0192","fg0479","fg0618","fg0149"
"fq002036","vx_7d43e25c9f07c81c","fg0440","1","fg0440","fg0883","fg0296","fg0598","fg0054","fg0708","fg0117","fg0257","fg0431","fg0149","fg0226","fg0219","fg0504","fg0827","fg0799","fg0516","fg0606","fg0993","fg0140","fg0358"
"fq002037","vx_7d43e25c9f07c81c","fg0440","1","fg0440","fg0708","fg0117","fg0054","fg0296","fg0318","fg0657","fg0257","fg0883","fg0598","fg0724","fg0167","fg0960","fg0431","fg0993","fg0990","fg0686","fg0963","fg0192","fg0226"
"fq002038","vx_7d43e25c9f07c81c","fg0440","1","fg0440","fg0708","fg0598","fg0296","fg0054","fg0883","fg0117","fg0318","fg0257","fg0657","fg0993","fg0960","fg0167","fg0990","fg0047","fg0192","fg0724","fg0226","fg0149","fg0061"
"fq002039","vx_7d43e25c9f07c81c","fg0440","1","fg0440","fg0883","fg0296","fg0708","fg0598","fg0504","fg0358","fg0192","fg0054","fg0117","fg0963","fg0606","fg0993","fg0479","fg0149","fg0219","fg0871","fg0450","fg0257","fg0505"
"fq002040","vx_7d43e25c9f07c81c","fg0440","1","fg0440","fg0296","fg0708","fg0598","fg0883","fg0667","fg0192","fg0047","fg0358","fg0606","fg0963","fg0512","fg0504","fg0993","fg0302","fg0054","fg0149","fg0651","fg0323","fg0671"
"fq002041","vx_7d43e25c9f07c81c","fg0440","1","fg0440","fg0883","fg0257","fg0226","fg0431","fg0117","fg0598","fg0479","fg0054","fg0708","fg0296","fg0827","fg0149","fg0871","fg0504","fg0219","fg0799","fg0477","fg0993","fg0450"
"fq002042","vx_8f1ca55659bba00b","fg0441","1","fg0441","fg0120","fg0038","fg0658","fg0217","fg0115","fg0121","fg0045","fg0040","fg0177","fg0984","fg0306","fg0662","fg0734","fg0853","fg0770","fg0317","fg1000","fg0014","fg0065"
"fq002043","vx_8f1ca55659bba00b","fg0441","1","fg0441","fg0369","fg0014","fg0867","fg0115","fg0517","fg0217","fg0120","fg0807","fg0306","fg0434","fg0351","fg0367","fg0662","fg0857","fg0471","fg0209","fg0886","fg0177","fg0292"
"fq002044","vx_18a2bf881d4846cd","fg0442","1","fg0442","fg0179","fg0986","fg0823","fg0880","fg0620","fg0690","fg0309","fg0684","fg0810","fg0331","fg0472","fg0640","fg0092","fg0326","fg0400","fg0962","fg0371","fg0248","fg0222"
"fq002045","vx_506991fb91497897","fg0443","1","fg0443","fg0800","fg0476","fg0004","fg0608","fg0728","fg0322","fg0325","fg0634","fg0074","fg0751","fg0193","fg0699","fg0125","fg0571","fg0366","fg0234","fg0050","fg0138","fg0386"
"fq002046","vx_994e56455ec0c117","fg0444","1","fg0444","fg0652","fg0559","fg0151","fg0671","fg0275","fg0353","fg0273","fg0854","fg0931","fg0159","fg0667","fg0331","fg0729","fg0343","fg0771","fg0299","fg0721","fg0810","fg0930"
"fq002047","vx_994e56455ec0c117","fg0444","1","fg0444","fg0559","fg0151","fg0273","fg0652","fg0729","fg0854","fg0299","fg0275","fg0159","fg0931","fg0353","fg0671","fg0343","fg0810","fg0099","fg0331","fg0240","fg0225","fg0884"
"fq002048","vx_994e56455ec0c117","fg0444","1","fg0444","fg0559","fg0273","fg0151","fg0652","fg0854","fg0299","fg0275","fg0729","fg0353","fg0159","fg0884","fg0240","fg0343","fg0671","fg0931","fg0964","fg0099","fg0741","fg0569"
"fq002049","vx_942dedd87208b512","fg0445","1","fg0445","fg0368","fg0273","fg0624","fg0093","fg0343","fg0544","fg0121","fg0653","fg0523","fg0436","fg0386","fg0643","fg0122","fg0484","fg0059","fg0997","fg0665","fg0772","fg0654"
"fq002050","vx_050df1ef52f29c87","fg0446","471","fg0488","fg0211","fg0001","fg0924","fg0588","fg0647","fg0942","fg0635","fg0347","fg0742","fg0584","fg0312","fg0059","fg0692","fg0106","fg0421","fg0015","fg0126","fg0669","fg0976"
"fq002051","vx_c0b0ef20ac2ad4eb","fg0447","1","fg0447","fg0408","fg0904","fg0576","fg0043","fg0831","fg0435","fg0522","fg0421","fg0846","fg0080","fg0647","fg0687","fg0791","fg0382","fg0820","fg0023","fg0573","fg0293","fg0539"
"fq002052","vx_76f7e35fd6d9bfb5","fg0448","1","fg0448","fg0515","fg0418","fg0513","fg0209","fg0517","fg0367","fg0086","fg0565","fg0811","fg0865","fg0815","fg0126","fg0843","fg0535","fg0616","fg0314","fg0712","fg0966","fg0435"
"fq002053","vx_76f7e35fd6d9bfb5","fg0448","1","fg0448","fg0418","fg0515","fg0367","fg0535","fg0757","fg0662","fg0513","fg0537","fg0565","fg0811","fg0474","fg0086","fg0966","fg0517","fg0865","fg0362","fg0712","fg0156","fg0544"
"fq002054","vx_731ada53e3ba5224","fg0449","1","fg0449","fg0377","fg0744","fg0622","fg0644","fg0881","fg0083","fg0805","fg0352","fg0902","fg0240","fg0624","fg0587","fg0383","fg0247","fg0183","fg0242","fg0870","fg0802","fg0451"
"fq002055","vx_731ada53e3ba5224","fg0449","1","fg0449","fg0377","fg0622","fg0744","fg0644","fg0881","fg0183","fg0083","fg0076","fg0352","fg0311","fg0624","fg0240","fg0247","fg0902","fg0600","fg0879","fg0451","fg0845","fg0660"
"fq002056","vx_799dfe601bfa4140","fg0450","4","fg0002","fg0710","fg0183","fg0450","fg0240","fg0132","fg0379","fg0830","fg0717","fg0731","fg0701","fg0175","fg0666","fg0578","fg0344","fg0171","fg0748","fg0988","fg0702","fg0764"
"fq002057","vx_a7a957565a0b9f2a","fg0451","1","fg0451","fg0492","fg0559","fg0055","fg0505","fg0651","fg0151","fg0638","fg0671","fg0618","fg0667","fg0446","fg0900","fg0081","fg0922","fg0741","fg0868","fg0353","fg0615","fg0909"
"fq002058","vx_a7a957565a0b9f2a","fg0451","1","fg0451","fg0884","fg0569","fg0151","fg0559","fg0355","fg0618","fg0492","fg0389","fg0299","fg0129","fg0147","fg0166","fg0505","fg0127","fg0304","fg0574","fg0914","fg0055","fg0333"
"fq002059","vx_3c7f82f85f67cac5","fg0452","1","fg0452","fg0485","fg0879","fg0943","fg0991","fg0787","fg0186","fg0730","fg0645","fg0810","fg0487","fg0451","fg0463","fg0779","fg0175","fg0407","fg0885","fg0502","fg0623","fg0797"
"fq002060","vx_3c7f82f85f67cac5","fg0452","1","fg0452","fg0485","fg0879","fg0991","fg0451","fg0787","fg0943","fg0502","fg0186","fg0885","fg0363","fg0463","fg0623","fg0810","fg0645","fg0779","fg0730","fg0146","fg0164","fg0076"
"fq002061","vx_5be0ef1164c67403","fg0453","1","fg0453","fg0778","fg0025","fg0910","fg0126","fg0591","fg0186","fg0437","fg0106","fg0641","fg0039","fg0388","fg0703","fg0594","fg0513","fg0713","fg0180","fg0569","fg0712","fg0855"
"fq002062","vx_33a5960d124b06f3","fg0454","1","fg0454","fg0829","fg0217","fg0457","fg0665","fg0931","fg0102","fg0576","fg0281","fg0836","fg0915","fg0760","fg0680","fg0702","fg0926","fg0072","fg0153","fg0410","fg0634","fg0681"
"fq002063","vx_33a5960d124b06f3","fg0454","1","fg0454","fg0829","fg0457","fg0102","fg0217","fg0680","fg0931","fg0760","fg0665","fg0576","fg0915","fg0410","fg0281","fg0926","fg0072","fg0836","fg0153","fg0541","fg0847","fg0719"
"fq002064","vx_473145395a1e7faf","fg0455","1","fg0455","fg0036","fg0514","fg0044","fg0222","fg0541","fg0077","fg0037","fg0471","fg0538","fg0949","fg0899","fg1000","fg0956","fg0701","fg0084","fg0700","fg0293","fg0994","fg0895"
"fq002065","vx_8f58f3f628cc3f37","fg0456","1","fg0456","fg0420","fg0616","fg0101","fg0706","fg0602","fg0857","fg0209","fg0044","fg0517","fg0519","fg0472","fg0514","fg0408","fg0292","fg0499","fg0353","fg0141","fg0635","fg0059"
"fq002066","vx_f54a346f72c2c3d7","fg0457","1","fg0457","fg0170","fg0102","fg0454","fg0410","fg0844","fg0523","fg0957","fg0072","fg0050","fg0680","fg0386","fg0792","fg0931","fg0665","fg0407","fg0687","fg0599","fg0099","fg0760"
"fq002067","vx_fbbbff4144884fb7","fg0458","1","fg0458","fg0465","fg0997","fg0023","fg0466","fg0901","fg0727","fg0924","fg0980","fg0648","fg0065","fg0936","fg0793","fg0826","fg0464","fg0280","fg0566","fg0588","fg0989","fg0623"
"fq002068","vx_fbbbff4144884fb7","fg0458","1","fg0458","fg0023","fg0727","fg0466","fg0465","fg0997","fg0464","fg0989","fg0065","fg0936","fg0924","fg0028","fg0280","fg0648","fg0980","fg0920","fg0131","fg0566","fg0588","fg0322"
"fq002069","vx_bdd08580f4215dc8","fg0459","1","fg0459","fg0862","fg0766","fg0064","fg0330","fg0118","fg0050","fg0340","fg0075","fg0282","fg0540","fg0165","fg0891","fg0602","fg0410","fg0457","fg0170","fg0102","fg0836","fg0263"
"fq002070","vx_acc68b769002f40c","fg0460","1","fg0460","fg0153","fg0809","fg0747","fg0150","fg0863","fg0902","fg0390","fg0382","fg0056","fg0719","fg0970","fg0699","fg0612","fg0360","fg0847","fg0322","fg0835","fg0282","fg0848"
"fq002071","vx_add8d86d685e12ab","fg0461","1","fg0461","fg0570","fg0308","fg0689","fg0855","fg0571","fg0696","fg0545","fg0477","fg0781","fg0906","fg0938","fg0912","fg0272","fg0262","fg0256","fg0864","fg0967","fg0772","fg0361"
"fq002072","vx_d17cd069bb12ff3a","fg0462","1","fg0462","fg0508","fg0045","fg0896","fg0293","fg0816","fg0487","fg0953","fg0495","fg0856","fg0358","fg0390","fg0209","fg0291","fg0796","fg0664","fg0753","fg0455","fg0423","fg0066"
"fq002073","vx_d17cd069bb12ff3a","fg0462","1","fg0462","fg0508","fg0896","fg0390","fg0024","fg0816","fg0753","fg0119","fg0262","fg0993","fg0066","fg0359","fg0946","fg0293","fg0953","fg0796","fg0291","fg0127","fg0294","fg0495"
"fq002074","vx_d17cd069bb12ff3a","fg0462","1","fg0462","fg0293","fg0508","fg0045","fg0487","fg0358","fg0796","fg0192","fg0896","fg0664","fg0816","fg0603","fg0291","fg0390","fg0565","fg0606","fg0294","fg0753","fg0946","fg0953"
"fq002075","vx_d17cd069bb12ff3a","fg0462","1","fg0462","fg0293","fg0896","fg0508","fg0390","fg0045","fg0487","fg0946","fg0856","fg0077","fg0796","fg0495","fg0816","fg0294","fg0358","fg0024","fg0192","fg0455","fg0664","fg0545"
"fq002076","vx_d17cd069bb12ff3a","fg0462","1","fg0462","fg0293","fg0796","fg0896","fg0508","fg0077","fg0545","fg0838","fg0390","fg0815","fg0291","fg0325","fg0423","fg0856","fg0565","fg0946","fg0842","fg0455","fg0256","fg0024"
"fq002077","vx_d17cd069bb12ff3a","fg0462","1","fg0462","fg0293","fg0508","fg0487","fg0045","fg0495","fg0896","fg0816","fg0953","fg0796","fg0192","fg0358","fg0390","fg0173","fg0753","fg0664","fg0423","fg0077","fg0024","fg0066"
"fq002078","vx_d17cd069bb12ff3a","fg0462","1","fg0462","fg0293","fg0077","fg0508","fg0045","fg0423","fg0024","fg0291","fg0896","fg0946","fg0842","fg0487","fg0493","fg0830","fg0796","fg0096","fg0390","fg0303","fg0095","fg0650"
"fq002079","vx_d17cd069bb12ff3a","fg0462","1","fg0462","fg0508","fg0293","fg0896","fg0816","fg0487","fg0045","fg0796","fg0390","fg0358","fg0291","fg0192","fg0660","fg0664","fg0953","fg0066","fg0173","fg0753","fg0455","fg0450"
"fq002080","vx_d17cd069bb12ff3a","fg0462","1","fg0462","fg0390","fg0508","fg0293","fg0896","fg0262","fg0545","fg0246","fg0256","fg0953","fg0487","fg0816","fg0455","fg0493","fg0045","fg0967","fg0650","fg0286","fg0753","fg0450"
"fq002081","vx_d17cd069bb12ff3a","fg0462","1","fg0462","fg0293","fg0896","fg0508","fg0390","fg0286","fg0487","fg0842","fg0946","fg0294","fg0077","fg0045","fg0455","fg0358","fg0947","fg0495","fg0664","fg0856","fg0084","fg0518"
"fq002082","vx_6f158f03e797b160","fg0463","1","fg0463","fg0354","fg0596","fg0721","fg0452","fg0353","fg0543","fg0512","fg0438","fg0879","fg0795","fg0677","fg0397","fg0289","fg0885","fg0951","fg0645","fg0563","fg0186","fg0173"
"fq002083","vx_6f158f03e797b160","fg0463","1","fg0463","fg0879","fg0289","fg0721","fg0527","fg0885","fg0452","fg0533","fg0500","fg0795","fg0451","fg0186","fg0982","fg0951","fg0872","fg0487","fg0353","fg0512","fg0297","fg0899"
"fq002084","vx_6f158f03e797b160","fg0463","1","fg0463","fg0879","fg0289","fg0319","fg0397","fg0885","fg0353","fg0982","fg0500","fg0297","fg0349","fg0563","fg0721","fg0872","fg0758","fg0795","fg0451","fg0636","fg0886","fg0354"
"fq002085","vx_6f158f03e797b160","fg0463","1","fg0463","fg0512","fg0563","fg0438","fg0596","fg0795","fg0353","fg0951","fg0676","fg0452","fg0972","fg0885","fg0297","fg0407","fg0451","fg0299","fg0411","fg0721","fg0318","fg0397"
"fq002086","vx_6f158f03e797b160","fg0463","1","fg0463","fg0721","fg0879","fg0452","fg0289","fg0353","fg0795","fg0451","fg0500","fg0885","fg0485","fg0527","fg0413","fg0982","fg0825","fg0951","fg0487","fg0533","fg0730","fg0397"
"fq002087","vx_6f158f03e797b160","fg0463","1","fg0463","fg0596","fg0512","fg0354","fg0543","fg0438","fg0353","fg0795","fg0879","fg0319","fg0289","fg0885","fg0397","fg0729","fg0667","fg0999","fg0677","fg0451","fg0297","fg0989"
"fq002088","vx_906a26f7fd277710","fg0464","1","fg0464","fg0989","fg0528","fg0936","fg0947","fg0495","fg0893","fg0863","fg0536","fg0159","fg0131","fg0355","fg0980","fg0048","fg0135","fg0648","fg0327","fg0727","fg0304","fg0584"
"fq002089","vx_9f208b1d815dad53","fg0465","1","fg0465","fg0514","fg0458","fg0132","fg0145","fg0044","fg0179","fg0141","fg0332","fg0585","fg0861","fg0200","fg0544","fg0012","fg0164","fg0842","fg0101","fg0761","fg0399","fg0997"
"fq002090","vx_9f208b1d815dad53","fg0465","1","fg0465","fg0145","fg0458","fg0514","fg0332","fg0141","fg0861","fg0179","fg0044","fg0132","fg0012","fg0101","fg0164","fg0585","fg0200","fg0842","fg0761","fg0997","fg0981","fg0544"
"fq002091","vx_9dbd20a9f9ce71fe","fg0466","1","fg0466","fg0793","fg0885","fg0533","fg0936","fg0846","fg0322","fg0320","fg0879","fg0758","fg0130","fg0327","fg0653","fg0945","fg0333","fg0138","fg0997","fg0480","fg0659","fg0527"
"fq002092","vx_9dbd20a9f9ce71fe","fg0466","1","fg0466","fg0793","fg0846","fg0936","fg0320","fg0885","fg0758","fg0322","fg0327","fg0130","fg0533","fg0304","fg0945","fg0333","fg0659","fg0879","fg0551","fg0095","fg0653","fg0826"
"fq002093","vx_9c99f844efac2641","fg0467","1","fg0467","fg0864","fg0509","fg0120","fg1000","fg0830","fg0847","fg0280","fg0894","fg0708","fg0220","fg0892","fg0702","fg0532","fg0156","fg0177","fg0504","fg0751","fg0796","fg0978"
"fq002094","vx_9c99f844efac2641","fg0467","1","fg0467","fg0847","fg0864","fg1000","fg0830","fg0894","fg0121","fg0220","fg0870","fg0120","fg0279","fg0444","fg0280","fg0711","fg0077","fg0851","fg0956","fg0055","fg0904","fg0177"
"fq002095","vx_9c99f844efac2641","fg0467","1","fg0467","fg0985","fg0864","fg0220","fg0120","fg0532","fg0735","fg0081","fg0084","fg0978","fg0052","fg0177","fg0509","fg0892","fg0894","fg0983","fg0702","fg0121","fg0156","fg0796"
"fq002096","vx_9c99f844efac2641","fg0467","1","fg0467","fg0864","fg0504","fg0847","fg1000","fg0894","fg0708","fg0830","fg0280","fg0055","fg0086","fg0904","fg0220","fg0870","fg0279","fg0711","fg0931","fg0251","fg0120","fg0378"
"fq002097","vx_9c99f844efac2641","fg0467","1","fg0467","fg0532","fg0864","fg0509","fg0978","fg0120","fg0985","fg0052","fg0220","fg0702","fg0539","fg0157","fg0329","fg0892","fg0084","fg0177","fg0983","fg0735","fg0708","fg0564"
"fq002098","vx_9c99f844efac2641","fg0467","1","fg0467","fg0864","fg0220","fg0120","fg0847","fg0894","fg1000","fg0830","fg0052","fg0504","fg0735","fg0870","fg0121","fg0751","fg0702","fg0280","fg0086","fg0177","fg0564","fg0084"
"fq002099","vx_9c99f844efac2641","fg0467","1","fg0467","fg0509","fg0329","fg0735","fg0985","fg0660","fg0956","fg0532","fg0983","fg0220","fg0978","fg0825","fg0448","fg0194","fg0084","fg0970","fg0830","fg0809","fg0120","fg0177"
"fq002100","vx_9c99f844efac2641","fg0467","1","fg0467","fg0509","fg0708","fg0167","fg0279","fg0226","fg0431","fg0251","fg0934","fg0332","fg0892","fg0795","fg0318","fg0245","fg0532","fg0365","fg0960","fg0156","fg0851","fg0433"
"fq002101","vx_9c99f844efac2641","fg0467","1","fg0467","fg0864","fg0509","fg0120","fg0830","fg0847","fg0220","fg0894","fg0870","fg0702","fg1000","fg0708","fg0978","fg0892","fg0985","fg0564","fg0504","fg0751","fg0735","fg0055"
"fq002102","vx_9c99f844efac2641","fg0467","1","fg0467","fg0847","fg0121","fg0983","fg1000","fg0735","fg0956","fg0970","fg0711","fg0830","fg0280","fg0809","fg0851","fg0835","fg0177","fg0279","fg0904","fg0509","fg0374","fg0077"
"fq002103","vx_9c99f844efac2641","fg0467","2","fg0509","fg0467","fg0167","fg0532","fg0934","fg0279","fg0708","fg0431","fg0288","fg0027","fg0018","fg0993","fg0960","fg0579","fg0365","fg0892","fg0684","fg0329","fg0332","fg0476"
"fq002104","vx_9c99f844efac2641","fg0467","1","fg0467","fg0220","fg0864","fg0081","fg0504","fg0985","fg0120","fg0847","fg0870","fg0830","fg0956","fg1000","fg0121","fg0894","fg0931","fg0280","fg0983","fg0809","fg0177","fg0735"
"fq002105","vx_9c99f844efac2641","fg0467","1","fg0467","fg0864","fg0509","fg0055","fg0847","fg0830","fg1000","fg0851","fg0220","fg0894","fg0702","fg0978","fg0120","fg0329","fg0532","fg0735","fg0892","fg0121","fg0931","fg0156"
"fq002106","vx_9c99f844efac2641","fg0467","1","fg0467","fg0864","fg0894","fg1000","fg0830","fg0120","fg0708","fg0220","fg0280","fg0847","fg0904","fg0702","fg0509","fg0751","fg0796","fg0055","fg0378","fg0931","fg0104","fg0245"
"fq002107","vx_9c99f844efac2641","fg0467","1","fg0467","fg0864","fg0509","fg0532","fg0329","fg0978","fg0985","fg0702","fg0177","fg0120","fg0735","fg0894","fg0220","fg0156","fg0892","fg0040","fg0157","fg0104","fg0931","fg0751"
"fq002108","vx_9c99f844efac2641","fg0467","1","fg0467","fg0864","fg0509","fg0702","fg0985","fg0532","fg0978","fg0220","fg0156","fg0894","fg0177","fg0329","fg0735","fg0751","fg0120","fg0830","fg0084","fg0796","fg0157","fg0052"
"fq002109","vx_9c99f844efac2641","fg0467","1","fg0467","fg0532","fg0509","fg0329","fg0120","fg0985","fg0892","fg0978","fg0052","fg0983","fg0220","fg0864","fg0288","fg0564","fg0708","fg0539","fg0157","fg0702","fg0751","fg0177"
"fq002110","vx_9c99f844efac2641","fg0467","1","fg0467","fg0864","fg0847","fg0894","fg0121","fg0830","fg0120","fg1000","fg0220","fg0280","fg0751","fg0870","fg0851","fg0702","fg0697","fg0904","fg0564","fg0177","fg0711","fg0708"
"fq002111","vx_9c99f844efac2641","fg0467","1","fg0467","fg0864","fg0120","fg0220","fg0894","fg0751","fg0985","fg0052","fg0830","fg0702","fg0157","fg0978","fg0177","fg0796","fg0081","fg0084","fg0654","fg0564","fg0293","fg0243"
"fq002112","vx_9c99f844efac2641","fg0467","1","fg0467","fg0864","fg0894","fg0847","fg1000","fg0504","fg0830","fg0280","fg0055","fg0702","fg0220","fg0120","fg0931","fg0121","fg0751","fg0378","fg0564","fg0796","fg0279","fg0245"
"fq002113","vx_9c99f844efac2641","fg0467","1","fg0467","fg0509","fg0864","fg0120","fg0847","fg0279","fg1000","fg0978","fg0735","fg0702","fg0830","fg0177","fg0892","fg0894","fg0329","fg0751","fg0931","fg0121","fg0708","fg0280"
"fq002114","vx_9c99f844efac2641","fg0467","1","fg0467","fg0847","fg1000","fg0864","fg0280","fg0851","fg0708","fg0892","fg0279","fg0894","fg0904","fg0251","fg0666","fg0865","fg0532","fg0509","fg0711","fg0549","fg0245","fg0378"
"fq002115","vx_2e05edc8700263e3","fg0468","1","fg0468","fg0913","fg0963","fg0234","fg0850","fg0384","fg0977","fg0192","fg0676","fg0512","fg0598","fg0606","fg0061","fg0832","fg0698","fg0973","fg0993","fg0642","fg0965","fg0972"
"fq002116","vx_2951692a4e635af8","fg0469","148","fg0194","fg0529","fg0273","fg0522","fg0023","fg0483","fg0261","fg0343","fg0654","fg0303","fg0926","fg0727","fg0466","fg0238","fg0566","fg0964","fg0521","fg0476","fg0945","fg0454"
"fq002117","vx_2951692a4e635af8","fg0469","1","fg0469","fg0182","fg0600","fg0324","fg0097","fg0300","fg0624","fg0746","fg0714","fg0943","fg0270","fg0718","fg0500","fg0910","fg0733","fg0399","fg0533","fg0660","fg0419","fg0529"
"fq002118","vx_2951692a4e635af8","fg0469","1","fg0469","fg0895","fg0584","fg0536","fg0018","fg0270","fg0910","fg0809","fg0541","fg0847","fg0153","fg0197","fg0835","fg0719","fg0781","fg0186","fg0557","fg1000","fg0342","fg0938"
"fq002119","vx_2951692a4e635af8","fg0469","21","fg0126","fg0843","fg0809","fg0350","fg0367","fg0398","fg0835","fg0411","fg0297","fg0584","fg0688","fg0191","fg0001","fg0388","fg0018","fg0298","fg0039","fg0535","fg0959","fg0347"
"fq002120","vx_2951692a4e635af8","fg0469","10","fg0584","fg0270","fg0298","fg0334","fg0749","fg0297","fg0388","fg0889","fg0211","fg0469","fg0976","fg0503","fg0186","fg0936","fg0588","fg0191","fg0835","fg0885","fg0071","fg0001"
"fq002121","vx_2951692a4e635af8","fg0469","1","fg0469","fg0324","fg0746","fg0097","fg0317","fg0500","fg0624","fg0182","fg0300","fg0910","fg0735","fg0733","fg0656","fg0958","fg0186","fg0460","fg0422","fg0533","fg0600","fg0399"
"fq002122","vx_2951692a4e635af8","fg0469","1","fg0469","fg0895","fg0018","fg0910","fg0584","fg0536","fg0270","fg0541","fg0186","fg0809","fg0153","fg0835","fg0781","fg0847","fg0317","fg0719","fg0959","fg0197","fg1000","fg0557"
"fq002123","vx_2951692a4e635af8","fg0469","1","fg0469","fg0584","fg0270","fg0809","fg0895","fg0018","fg0910","fg0847","fg0541","fg0536","fg0835","fg0153","fg0557","fg0749","fg0719","fg0460","fg0197","fg0126","fg0139","fg0522"
"fq002124","vx_2951692a4e635af8","fg0469","1","fg0469","fg0182","fg0324","fg0500","fg0624","fg0600","fg0097","fg0746","fg0733","fg0300","fg0910","fg0529","fg0988","fg0460","fg0317","fg0558","fg0533","fg0270","fg0190","fg0399"
"fq002125","vx_2951692a4e635af8","fg0469","1","fg0469","fg0895","fg0018","fg0270","fg0584","fg0847","fg0536","fg0541","fg0809","fg0153","fg0910","fg0835","fg1000","fg0735","fg0522","fg0197","fg0121","fg0557","fg0300","fg0781"
"fq002126","vx_2951692a4e635af8","fg0469","24","fg0922","fg0029","fg0718","fg0938","fg0509","fg0735","fg0182","fg0945","fg0612","fg0300","fg0419","fg0579","fg0742","fg0270","fg0551","fg0749","fg0529","fg0659","fg0970","fg0460"
"fq002127","vx_2951692a4e635af8","fg0469","1","fg0469","fg0895","fg0584","fg0018","fg0910","fg0536","fg0270","fg0541","fg0835","fg0809","fg0186","fg0719","fg0781","fg0959","fg0153","fg0847","fg0197","fg0938","fg0557","fg0690"
"fq002128","vx_2951692a4e635af8","fg0469","1","fg0469","fg0895","fg0018","fg0536","fg0584","fg0910","fg0270","fg0809","fg0541","fg0781","fg0835","fg0153","fg0197","fg0847","fg0735","fg0959","fg0938","fg0719","fg1000","fg0825"
"fq002129","vx_2951692a4e635af8","fg0469","115","fg0843","fg0688","fg0350","fg0126","fg0388","fg0591","fg0123","fg0835","fg0778","fg0573","fg0334","fg0211","fg0025","fg0195","fg0411","fg0942","fg0039","fg0962","fg0106","fg0297"
"fq002130","vx_2951692a4e635af8","fg0469","1","fg0469","fg0584","fg0270","fg0018","fg0895","fg0910","fg0536","fg0719","fg0153","fg0809","fg0835","fg0197","fg0541","fg0186","fg0781","fg0847","fg0938","fg0533","fg0959","fg0557"
"fq002131","vx_c379b44a151ecb50","fg0470","1","fg0470","fg0761","fg0865","fg0479","fg0239","fg0414","fg0625","fg0174","fg0980","fg0780","fg0717","fg0890","fg0787","fg0535","fg0901","fg0636","fg0658","fg0714","fg0199","fg0654"
"fq002132","vx_c379b44a151ecb50","fg0470","1","fg0470","fg0761","fg0865","fg0239","fg0739","fg0479","fg0890","fg0780","fg0763","fg0414","fg0174","fg0980","fg0755","fg0418","fg0343","fg0787","fg0058","fg0717","fg0273","fg0625"
"fq002133","vx_c379b44a151ecb50","fg0470","1","fg0470","fg0761","fg0865","fg0343","fg0755","fg0273","fg0331","fg0890","fg0239","fg0028","fg0479","fg0152","fg0625","fg0780","fg0174","fg0739","fg0418","fg0980","fg0242","fg0714"
"fq002134","vx_647cf78e003bbf20","fg0471","1","fg0471","fg0638","fg0956","fg0735","fg0975","fg0197","fg0773","fg0722","fg0323","fg0003","fg0006","fg0097","fg0950","fg0276","fg0656","fg0541","fg0937","fg0922","fg0382","fg0167"
"fq002135","vx_647cf78e003bbf20","fg0471","1","fg0471","fg0939","fg0369","fg0367","fg0196","fg0919","fg0429","fg0896","fg0638","fg0222","fg0384","fg0701","fg0541","fg0732","fg0949","fg0097","fg0051","fg0063","fg0620","fg0455"
"fq002136","vx_647cf78e003bbf20","fg0471","1","fg0471","fg0939","fg0244","fg0249","fg0919","fg0429","fg0638","fg0218","fg0084","fg0603","fg0227","fg0821","fg0869","fg0365","fg0210","fg0069","fg0367","fg0203","fg0557","fg0330"
"fq002137","vx_fbb044da50bc54b9","fg0472","1","fg0472","fg0429","fg0788","fg0602","fg0096","fg0230","fg0530","fg0382","fg0891","fg0139","fg0475","fg0218","fg0562","fg0347","fg0107","fg0330","fg0082","fg0831","fg0833","fg0791"
"fq002138","vx_fbb044da50bc54b9","fg0472","1","fg0472","fg0429","fg0788","fg0602","fg0096","fg0891","fg0530","fg0382","fg0330","fg0475","fg0218","fg0230","fg0347","fg0442","fg0107","fg0562","fg0950","fg0773","fg0222","fg0253"
"fq002139","vx_fbb044da50bc54b9","fg0472","740","fg0673","fg0769","fg0990","fg0047","fg0416","fg0667","fg0868","fg0965","fg0914","fg0811","fg0539","fg0481","fg0512","fg0444","fg0421","fg0052","fg0659","fg0302","fg0509","fg0803"
"fq002140","vx_fbb044da50bc54b9","fg0472","1","fg0472","fg0429","fg0602","fg0096","fg0788","fg0230","fg0530","fg0107","fg0891","fg0382","fg0475","fg0139","fg0253","fg0347","fg0833","fg0218","fg0442","fg0592","fg0950","fg0562"
"fq002141","vx_fbb044da50bc54b9","fg0472","862","fg0673","fg0769","fg0990","fg0047","fg0416","fg0444","fg0539","fg0481","fg0914","fg0667","fg0811","fg0509","fg0868","fg0512","fg0965","fg0421","fg0975","fg0483","fg0798","fg0598"
"fq002142","vx_fbb044da50bc54b9","fg0472","691","fg0673","fg0769","fg0990","fg0047","fg0416","fg0868","fg0965","fg0667","fg0811","fg0512","fg0914","fg0481","fg0539","fg0302","fg0803","fg0052","fg0444","fg0554","fg0421","fg0659"
"fq002143","vx_fbb044da50bc54b9","fg0472","1","fg0472","fg0429","fg0602","fg0788","fg0096","fg0530","fg0230","fg0891","fg0382","fg0107","fg0218","fg0475","fg0562","fg0253","fg0330","fg0347","fg0139","fg0592","fg0222","fg0442"
"fq002144","vx_fbb044da50bc54b9","fg0472","1","fg0472","fg0429","fg0602","fg0096","fg0788","fg0230","fg0530","fg0891","fg0139","fg0107","fg0382","fg0475","fg0562","fg0253","fg0833","fg0218","fg0791","fg0080","fg0950","fg0773"
"fq002145","vx_fbb044da50bc54b9","fg0472","1","fg0472","fg0429","fg0788","fg0602","fg0096","fg0230","fg0530","fg0891","fg0475","fg0382","fg0347","fg0330","fg0107","fg0218","fg0562","fg0950","fg0082","fg0139","fg0222","fg0773"
"fq002146","vx_fbb044da50bc54b9","fg0472","476","fg0416","fg0800","fg0673","fg0004","fg0990","fg0308","fg0697","fg0643","fg0413","fg0234","fg0326","fg0580","fg0667","fg0840","fg0805","fg0055","fg0047","fg0769","fg0136","fg0505"
"fq002147","vx_7e0e04df1affb15d","fg0473","1","fg0473","fg0351","fg0132","fg0093","fg0098","fg0474","fg0650","fg0434","fg0149","fg0862","fg0254","fg0200","fg0773","fg0386","fg0183","fg0932","fg0700","fg0196","fg0603","fg0582"
"fq002148","vx_54ad561863d269c0","fg0474","1","fg0474","fg0126","fg0367","fg0573","fg0350","fg0811","fg0025","fg0843","fg0039","fg0515","fg0973","fg0490","fg0106","fg0588","fg0733","fg0411","fg0015","fg0916","fg0211","fg0841"
"fq002149","vx_ea045e9cd8e5951d","fg0475","1","fg0475","fg0330","fg0347","fg0562","fg0429","fg0782","fg0126","fg0146","fg0891","fg0788","fg0039","fg0142","fg0307","fg0942","fg0350","fg0573","fg0843","fg0191","fg0317","fg0382"
"fq002150","vx_ea045e9cd8e5951d","fg0475","1","fg0475","fg0782","fg0562","fg0347","fg0039","fg0317","fg0126","fg0330","fg0573","fg0891","fg0247","fg0106","fg0843","fg0942","fg0350","fg0078","fg0142","fg0307","fg0792","fg0494"
"fq002151","vx_ea045e9cd8e5951d","fg0475","1","fg0475","fg0347","fg0562","fg0126","fg0782","fg0039","fg0573","fg0317","fg0247","fg0733","fg0494","fg0843","fg0307","fg0942","fg0142","fg0106","fg0350","fg0186","fg0082","fg0404"
"fq002152","vx_ea045e9cd8e5951d","fg0475","1","fg0475","fg0562","fg0317","fg0347","fg0404","fg0733","fg0330","fg0494","fg0039","fg0247","fg0126","fg0573","fg0891","fg0078","fg0350","fg0942","fg0746","fg0382","fg0186","fg0142"
"fq002153","vx_ea045e9cd8e5951d","fg0475","1","fg0475","fg0733","fg0347","fg0562","fg0247","fg0494","fg0942","fg0404","fg0573","fg0317","fg0078","fg0350","fg0324","fg0126","fg0330","fg0624","fg0746","fg0106","fg0039","fg0725"
"fq002154","vx_ea045e9cd8e5951d","fg0475","1","fg0475","fg0562","fg0347","fg0317","fg0782","fg0126","fg0039","fg0330","fg0942","fg0404","fg0891","fg0307","fg0573","fg0106","fg0494","fg0218","fg0429","fg0350","fg0247","fg0382"
"fq002155","vx_ea045e9cd8e5951d","fg0475","1","fg0475","fg0347","fg0404","fg0562","fg0317","fg0733","fg0078","fg0330","fg0247","fg0039","fg0324","fg0494","fg0573","fg0942","fg0746","fg0350","fg0624","fg0126","fg0891","fg0382"
"fq002156","vx_ea045e9cd8e5951d","fg0475","1","fg0475","fg0347","fg0317","fg0562","fg0733","fg0247","fg0078","fg0126","fg0142","fg0942","fg0573","fg0494","fg0404","fg0330","fg0725","fg0746","fg0106","fg0350","fg0039","fg0624"
"fq002157","vx_ea045e9cd8e5951d","fg0475","1","fg0475","fg0573","fg0733","fg0347","fg0562","fg0942","fg0247","fg0106","fg0039","fg0078","fg0350","fg0494","fg0126","fg0843","fg0907","fg0811","fg0082","fg0228","fg0324","fg0317"
"fq002158","vx_792b72030e887f29","fg0476","1","fg0476","fg0443","fg0728","fg0322","fg0023","fg0193","fg0992","fg0332","fg0755","fg0800","fg0138","fg0924","fg0751","fg0634","fg0360","fg0391","fg0499","fg0566","fg0534","fg0945"
"fq002159","vx_792b72030e887f29","fg0476","1","fg0476","fg0443","fg0728","fg0322","fg0023","fg0193","fg0992","fg0755","fg0332","fg0138","fg0964","fg0499","fg0477","fg0566","fg0288","fg0945","fg0800","fg0534","fg0751","fg0572"
"fq002160","vx_47f95bc17812bf87","fg0477","1","fg0477","fg0119","fg0461","fg0974","fg0855","fg0563","fg0948","fg0828","fg0960","fg0499","fg0091","fg0044","fg0195","fg0361","fg0775","fg0490","fg0025","fg0514","fg0479","fg0101"
"fq002161","vx_31f1aae5ffd38278","fg0478","1","fg0478","fg0087","fg0062","fg0600","fg0486","fg0839","fg0400","fg0201","fg0912","fg0713","fg0259","fg0049","fg0812","fg0828","fg0702","fg0814","fg0802","fg0931","fg0620","fg0746"
"fq002162","vx_18af5b44d1a0b42a","fg0479","1","fg0479","fg0535","fg0174","fg0470","fg0239","fg0757","fg0208","fg0715","fg0033","fg0425","fg0662","fg0590","fg0780","fg0537","fg0146","fg0477","fg0362","fg0181","fg0334","fg0756"
"fq002163","vx_18af5b44d1a0b42a","fg0479","1","fg0479","fg0535","fg0174","fg0470","fg0239","fg0757","fg0033","fg0715","fg0537","fg0662","fg0181","fg0450","fg0742","fg0362","fg0780","fg0756","fg0448","fg0331","fg0358","fg0051"
"fq002164","vx_4d7bd5b05b604c24","fg0480","1","fg0480","fg0315","fg0737","fg0786","fg0946","fg0901","fg0690","fg0024","fg0136","fg0326","fg0629","fg0207","fg0763","fg0481","fg0683","fg0100","fg0739","fg0745","fg0841","fg0083"
"fq002165","vx_4d7bd5b05b604c24","fg0480","1","fg0480","fg0901","fg0690","fg0315","fg0737","fg0786","fg0629","fg0136","fg0326","fg0946","fg0745","fg0207","fg0841","fg0024","fg0100","fg0751","fg0741","fg0083","fg0481","fg0774"
"fq002166","vx_4d7bd5b05b604c24","fg0480","1","fg0480","fg0737","fg0946","fg0786","fg0901","fg0315","fg0326","fg0841","fg0690","fg0136","fg0207","fg0741","fg0024","fg0629","fg0745","fg0088","fg0905","fg0466","fg0100","fg0782"
"fq002167","vx_4d7bd5b05b604c24","fg0480","1","fg0480","fg0901","fg0946","fg0690","fg0326","fg0136","fg0745","fg0315","fg0737","fg0786","fg0024","fg0629","fg0481","fg0774","fg0207","fg0741","fg0683","fg0968","fg0658","fg0466"
"fq002168","vx_4d7bd5b05b604c24","fg0480","1","fg0480","fg0629","fg0690","fg0737","fg0315","fg0946","fg0745","fg0841","fg0901","fg0595","fg0136","fg0481","fg0786","fg0207","fg0763","fg0326","fg0683","fg0234","fg0751","fg0320"
"fq002169","vx_4d7bd5b05b604c24","fg0480","1","fg0480","fg0737","fg0946","fg0786","fg0315","fg0901","fg0690","fg0024","fg0136","fg0841","fg0326","fg0481","fg0207","fg0745","fg0100","fg0782","fg0629","fg0466","fg0751","fg0741"
"fq002170","vx_4d7bd5b05b604c24","fg0480","1","fg0480","fg0737","fg0315","fg0690","fg0901","fg0786","fg0946","fg0024","fg0100","fg0326","fg0136","fg0782","fg0905","fg0481","fg0751","fg0466","fg0629","fg0870","fg0846","fg0841"
"fq002171","vx_4d7bd5b05b604c24","fg0480","1","fg0480","fg0737","fg0315","fg0946","fg0690","fg0786","fg0901","fg0136","fg0326","fg0841","fg0207","fg0024","fg0905","fg0745","fg0100","fg0741","fg0083","fg0466","fg0782","fg0001"
"fq002172","vx_4d7bd5b05b604c24","fg0480","1","fg0480","fg0786","fg0901","fg0315","fg0946","fg0737","fg0629","fg0690","fg0136","fg0326","fg0024","fg0745","fg0870","fg0207","fg0751","fg0763","fg0841","fg0683","fg0100","fg0481"
"fq002173","vx_4d7bd5b05b604c24","fg0480","1","fg0480","fg0315","fg0737","fg0690","fg0946","fg0901","fg0786","fg0136","fg0326","fg0024","fg0207","fg0841","fg0083","fg0100","fg0905","fg0466","fg0629","fg0481","fg0745","fg0846"
"fq002174","vx_4d7bd5b05b604c24","fg0480","1","fg0480","fg0737","fg0946","fg0901","fg0326","fg0481","fg0136","fg0629","fg0786","fg0315","fg0690","fg0841","fg0207","fg0024","fg0745","fg0088","fg0741","fg0905","fg0774","fg0751"
"fq002175","vx_3f12f1a916490ce9","fg0481","1","fg0481","fg0070","fg0510","fg0539","fg0421","fg0908","fg0946","fg0763","fg0610","fg0739","fg0372","fg0673","fg0975","fg0326","fg0156","fg0470","fg0047","fg0791","fg0006","fg0505"
"fq002176","vx_3f12f1a916490ce9","fg0481","1","fg0481","fg0070","fg0510","fg0539","fg0946","fg0673","fg0908","fg0047","fg0421","fg0990","fg0610","fg0769","fg0416","fg0965","fg0811","fg0372","fg0505","fg0326","fg0006","fg0470"
"fq002177","vx_3f12f1a916490ce9","fg0481","1","fg0481","fg0070","fg0510","fg0908","fg0946","fg0539","fg0610","fg0673","fg0811","fg0047","fg0326","fg0470","fg0421","fg0990","fg0670","fg0965","fg0763","fg0505","fg0960","fg0685"
"fq002178","vx_f846a0416c90cee2","fg0482","1","fg0482","fg0555","fg0706","fg0385","fg0157","fg0178","fg0518","fg0049","fg0199","fg0402","fg0346","fg0881","fg0254","fg0286","fg0839","fg0423","fg0425","fg0678","fg0600","fg0620"
"fq002179","vx_49ded974e5725eac","fg0483","1","fg0483","fg0643","fg0975","fg0773","fg0654","fg0950","fg0203","fg0273","fg0293","fg0343","fg0603","fg0494","fg0200","fg0120","fg0027","fg0032","fg0522","fg0806","fg0212","fg0532"
"fq002180","vx_49ded974e5725eac","fg0483","1","fg0483","fg0643","fg0654","fg0975","fg0273","fg0773","fg0293","fg0343","fg0522","fg0032","fg0160","fg0167","fg0203","fg0566","fg0361","fg0261","fg0005","fg0344","fg0956","fg0806"
"fq002181","vx_34a75e660e3e315e","fg0484","1","fg0484","fg0621","fg0128","fg0240","fg0873","fg0941","fg0689","fg0445","fg0759","fg0970","fg0251","fg0122","fg0826","fg0368","fg0783","fg0879","fg0093","fg0487","fg0589","fg0238"
"fq002182","vx_596426f705b610a3","fg0485","1","fg0485","fg0452","fg0879","fg0186","fg0885","fg0623","fg0997","fg0533","fg0943","fg0733","fg0466","fg0527","fg0289","fg0392","fg0031","fg0727","fg0076","fg0624","fg0501","fg0451"
"fq002183","vx_596426f705b610a3","fg0485","1","fg0485","fg0879","fg0452","fg0623","fg0943","fg0186","fg0885","fg0392","fg0031","fg0997","fg0727","fg0733","fg0501","fg0533","fg0301","fg0466","fg0289","fg0527","fg0628","fg0371"
"fq002184","vx_35d066cadaca6ce8","fg0486","2","fg0812","fg0486","fg0506","fg0579","fg0433","fg0498","fg0814","fg0208","fg0802","fg0600","fg0478","fg0777","fg0204","fg0690","fg0713","fg0760","fg0396","fg0280","fg0092","fg0087"
"fq002185","vx_35d066cadaca6ce8","fg0486","1","fg0486","fg0812","fg0506","fg0498","fg0579","fg0433","fg0802","fg0600","fg0478","fg0713","fg0208","fg0814","fg0049","fg0620","fg0777","fg0087","fg0690","fg0760","fg0204","fg0345"
"fq002186","vx_35d066cadaca6ce8","fg0486","2","fg0812","fg0486","fg0506","fg0433","fg0579","fg0713","fg0802","fg0814","fg0498","fg0478","fg0345","fg0600","fg0690","fg0639","fg0421","fg0777","fg0968","fg0201","fg0620","fg0092"
"fq002187","vx_35d066cadaca6ce8","fg0486","1","fg0486","fg0812","fg0506","fg0579","fg0498","fg0433","fg0802","fg0600","fg0713","fg0814","fg0478","fg0208","fg0690","fg0777","fg0431","fg0049","fg0087","fg0620","fg0042","fg0934"
"fq002188","vx_c5ee1ec9a08d9557","fg0487","1","fg0487","fg0289","fg0879","fg0452","fg0795","fg0251","fg0997","fg0485","fg0296","fg0606","fg0765","fg0518","fg0019","fg0816","fg0061","fg0118","fg0174","fg0156","fg0824","fg0104"
"fq002189","vx_8e149a75efcafc60","fg0488","1","fg0488","fg0635","fg0766","fg0699","fg0344","fg0393","fg0417","fg0581","fg0357","fg0806","fg0701","fg0614","fg0534","fg0415","fg0029","fg0402","fg0827","fg0312","fg0325","fg0223"
"fq002190","vx_8e149a75efcafc60","fg0488","1","fg0488","fg0635","fg0766","fg0699","fg0344","fg0417","fg0534","fg0029","fg0614","fg0312","fg0357","fg0581","fg0827","fg0415","fg0393","fg0325","fg0402","fg0340","fg0806","fg0163"
"fq002191","vx_8e149a75efcafc60","fg0488","1","fg0488","fg0635","fg0766","fg0699","fg0344","fg0417","fg0534","fg0614","fg0357","fg0029","fg0393","fg0312","fg0402","fg0827","fg0705","fg0415","fg0863","fg0581","fg0363","fg0025"
"fq002192","vx_0f4df0d00c77aa9b","fg0489","1","fg0489","fg0613","fg0064","fg0836","fg0593","fg0475","fg0766","fg0406","fg0441","fg0860","fg0233","fg0317","fg0196","fg0850","fg0784","fg0576","fg0232","fg0066","fg0078","fg0782"
"fq002193","vx_95e3ce2c9722c1ce","fg0490","1","fg0490","fg0569","fg0573","fg0936","fg0211","fg0411","fg0588","fg0025","fg0885","fg0533","fg0843","fg0130","fg0976","fg0657","fg0907","fg0778","fg0312","fg0039","fg0527","fg0630"
"fq002194","vx_f898d8f5ec8298dc","fg0491","1","fg0491","fg0918","fg0849","fg0834","fg0601","fg0089","fg0891","fg0141","fg0615","fg0481","fg0391","fg0700","fg0508","fg0798","fg0127","fg0109","fg0111","fg0904","fg0935","fg0143"
"fq002195","vx_5e0e1e50495b5f37","fg0492","1","fg0492","fg0323","fg0353","fg0695","fg0580","fg0754","fg0824","fg0418","fg0143","fg0302","fg0081","fg0465","fg0496","fg0756","fg0929","fg0596","fg0270","fg0181","fg0585","fg0646"
"fq002196","vx_f5ae5ba73369e5d0","fg0493","1","fg0493","fg0165","fg0235","fg0582","fg0602","fg0650","fg0262","fg0801","fg0967","fg0133","fg0148","fg0256","fg0246","fg0540","fg0781","fg0351","fg0629","fg0987","fg0021","fg0093"
"fq002197","vx_2750b23a9e9f6496","fg0494","1","fg0494","fg0919","fg0950","fg0382","fg0975","fg0271","fg0532","fg0475","fg0642","fg0590","fg0399","fg0252","fg0712","fg0773","fg0576","fg0203","fg0603","fg0762","fg0006","fg0068"
"fq002198","vx_24104833a0dad29a","fg0495","1","fg0495","fg0989","fg0464","fg0528","fg0104","fg0727","fg0947","fg0801","fg0095","fg0304","fg0770","fg0317","fg0038","fg0893","fg0755","fg0392","fg0101","fg0863","fg0552","fg0381"
"fq002199","vx_24104833a0dad29a","fg0495","1","fg0495","fg0464","fg0989","fg0528","fg0947","fg0104","fg0727","fg0304","fg0095","fg0880","fg0048","fg0381","fg0552","fg0403","fg0893","fg0225","fg0327","fg0770","fg0755","fg0863"
"fq002200","vx_24104833a0dad29a","fg0495","1","fg0495","fg0464","fg0528","fg0989","fg0947","fg0104","fg0727","fg0801","fg0095","fg0304","fg0893","fg0755","fg0317","fg0038","fg0880","fg0770","fg0225","fg0392","fg0048","fg0401"
"fq002201","vx_c86100f39d7323a5","fg0496","1","fg0496","fg0278","fg0884","fg0732","fg0734","fg0071","fg0723","fg0681","fg0961","fg0331","fg0897","fg0729","fg0045","fg0355","fg0778","fg0662","fg0931","fg0214","fg0310","fg0790"
"fq002202","vx_c86100f39d7323a5","fg0496","1","fg0496","fg0734","fg0071","fg0278","fg0884","fg0723","fg0778","fg0214","fg0732","fg0662","fg0389","fg0310","fg0569","fg0729","fg0681","fg0492","fg0355","fg0201","fg0721","fg0897"
"fq002203","vx_c86100f39d7323a5","fg0496","1","fg0496","fg0734","fg0071","fg0278","fg0723","fg0884","fg0662","fg0778","fg0732","fg0310","fg0217","fg0681","fg0181","fg0045","fg0389","fg0729","fg0033","fg0961","fg0569","fg0897"
"fq002204","vx_bf142e0fca3a78ff","fg0497","1","fg0497","fg0993","fg0933","fg0667","fg0302","fg0979","fg0963","fg0671","fg0284","fg0353","fg0832","fg0492","fg0743","fg0874","fg0990","fg0850","fg0673","fg0663","fg0953","fg0446"
"fq002205","vx_bf142e0fca3a78ff","fg0497","1","fg0497","fg0993","fg0979","fg0990","fg0667","fg0673","fg0963","fg0559","fg0933","fg0302","fg0047","fg0163","fg0743","fg0708","fg0353","fg0960","fg0027","fg0671","fg0698","fg0440"
"fq002206","vx_6f8f70b52a990cf3","fg0498","1","fg0498","fg0486","fg0812","fg0760","fg0506","fg0482","fg0250","fg0814","fg0579","fg0087","fg0957","fg0766","fg0777","fg0521","fg0204","fg0635","fg0208","fg0433","fg0802","fg0396"
"fq002207","vx_6f8f70b52a990cf3","fg0498","1","fg0498","fg0760","fg0486","fg0812","fg0814","fg0204","fg0957","fg0506","fg0250","fg0777","fg0208","fg0433","fg0579","fg0521","fg0087","fg0690","fg0635","fg0092","fg0482","fg0875"
"fq002208","vx_6f8f70b52a990cf3","fg0498","1","fg0498","fg0204","fg0812","fg0760","fg0814","fg0486","fg0506","fg0208","fg0433","fg0579","fg0777","fg0875","fg0250","fg0820","fg0396","fg0957","fg0521","fg0810","fg0213","fg0280"
"fq002209","vx_6f8f70b52a990cf3","fg0498","1","fg0498","fg0760","fg0812","fg0204","fg0486","fg0579","fg0777","fg0814","fg0433","fg0957","fg0690","fg0506","fg0684","fg0768","fg0501","fg0121","fg0280","fg0208","fg0271","fg0092"
"fq002210","vx_6f8f70b52a990cf3","fg0498","1","fg0498","fg0486","fg0760","fg0812","fg0433","fg0506","fg0777","fg0957","fg0579","fg0814","fg0087","fg0204","fg0875","fg0802","fg0991","fg0208","fg0766","fg0250","fg0242","fg0213"
"fq002211","vx_a17d8daa314657af","fg0499","1","fg0499","fg0174","fg0391","fg0127","fg0119","fg0537","fg0402","fg0051","fg0470","fg0221","fg0756","fg0360","fg0069","fg0362","fg0035","fg0414","fg0029","fg0361","fg0477","fg0060"
"fq002212","vx_a17d8daa314657af","fg0499","1","fg0499","fg0164","fg0221","fg0402","fg0127","fg0391","fg0051","fg0477","fg0174","fg0514","fg0888","fg0101","fg0865","fg0534","fg0755","fg0827","fg0476","fg0420","fg0631","fg0470"
"fq002213","vx_a17d8daa314657af","fg0499","1","fg0499","fg0391","fg0127","fg0174","fg0402","fg0221","fg0362","fg0051","fg0164","fg0470","fg0414","fg0537","fg0069","fg0514","fg0756","fg0774","fg0477","fg0101","fg0360","fg0535"
"fq002214","vx_f45725f30251b0f1","fg0500","1","fg0500","fg0533","fg0317","fg0885","fg0324","fg0624","fg0299","fg0066","fg0527","fg0714","fg0682","fg0525","fg0225","fg0583","fg0097","fg0327","fg0304","fg0968","fg0142","fg0886"
"fq002215","vx_f45725f30251b0f1","fg0500","1","fg0500","fg0533","fg0624","fg0317","fg0885","fg0324","fg0583","fg0527","fg0066","fg0097","fg0886","fg0299","fg0313","fg0142","fg0304","fg0746","fg0225","fg0729","fg0733","fg0682"
"fq002216","vx_ecb9444be26df121","fg0501","1","fg0501","fg0301","fg0884","fg0389","fg0574","fg0031","fg0140","fg0569","fg0961","fg0876","fg0392","fg0363","fg0758","fg0885","fg0333","fg0527","fg0607","fg0123","fg0866","fg0661"
"fq002217","vx_dfc98350bcc1a3e1","fg0502","1","fg0502","fg0630","fg0245","fg0440","fg0528","fg0012","fg0678","fg0599","fg0525","fg0756","fg0504","fg0304","fg0682","fg0563","fg0799","fg0795","fg0981","fg0883","fg0947","fg0452"
"fq002218","vx_c9fd38771b168b12","fg0503","1","fg0503","fg0298","fg0123","fg0388","fg0297","fg0778","fg0275","fg0749","fg0001","fg0270","fg0584","fg0490","fg0258","fg0241","fg0688","fg0885","fg0938","fg0233","fg0625","fg0889"
"fq002219","vx_43b452ba060fe92f","fg0504","1","fg0504","fg0380","fg0379","fg0055","fg0081","fg0206","fg0610","fg0963","fg0440","fg0641","fg0575","fg0559","fg0359","fg0543","fg0383","fg0748","fg0252","fg0502","fg0114","fg0596"
"fq002220","vx_43b452ba060fe92f","fg0504","1","fg0504","fg0497","fg0559","fg0380","fg0206","fg0440","fg0575","fg0114","fg0359","fg0081","fg0651","fg0667","fg0055","fg0963","fg0953","fg0641","fg0880","fg0353","fg0379","fg0596"
"fq002221","vx_43b452ba060fe92f","fg0504","1","fg0504","fg0380","fg0206","fg0114","fg0575","fg0559","fg0641","fg0055","fg0768","fg0379","fg0081","fg0596","fg0610","fg0579","fg0502","fg0880","fg0151","fg0644","fg0635","fg0963"
"fq002222","vx_43b452ba060fe92f","fg0504","1","fg0504","fg0380","fg0379","fg0206","fg0575","fg0641","fg0081","fg0610","fg0055","fg0559","fg0114","fg0440","fg0383","fg0748","fg0881","fg0359","fg0963","fg0579","fg0514","fg0768"
"fq002223","vx_43b452ba060fe92f","fg0504","1","fg0504","fg0440","fg0055","fg0379","fg0748","fg0881","fg0768","fg0559","fg0409","fg0206","fg0728","fg0380","fg0575","fg0114","fg0193","fg0221","fg0641","fg0415","fg0528","fg0383"
"fq002224","vx_43b452ba060fe92f","fg0504","1","fg0504","fg0380","fg0055","fg0575","fg0081","fg0379","fg0748","fg0559","fg0497","fg0206","fg0953","fg0359","fg0641","fg0502","fg0383","fg0114","fg0610","fg0880","fg0667","fg0440"
"fq002225","vx_43b452ba060fe92f","fg0504","1","fg0504","fg0380","fg0055","fg0748","fg0881","fg0575","fg0081","fg0644","fg0252","fg0206","fg0415","fg0114","fg0379","fg0641","fg0075","fg0383","fg0514","fg0622","fg0581","fg0768"
"fq002226","vx_43b452ba060fe92f","fg0504","1","fg0504","fg0380","fg0575","fg0081","fg0641","fg0206","fg0383","fg0502","fg0379","fg0559","fg0610","fg0055","fg0359","fg0963","fg0953","fg0114","fg0252","fg0881","fg0440","fg0497"
"fq002227","vx_43b452ba060fe92f","fg0504","1","fg0504","fg0380","fg0502","fg0379","fg0055","fg0748","fg0575","fg0768","fg0440","fg0641","fg0114","fg0206","fg0579","fg0881","fg0559","fg0415","fg0635","fg0252","fg0622","fg0581"
"fq002228","vx_43b452ba060fe92f","fg0504","1","fg0504","fg0380","fg0081","fg0055","fg0610","fg0206","fg0641","fg0379","fg0575","fg0559","fg0252","fg0543","fg0383","fg0963","fg0114","fg0579","fg0899","fg0596","fg0282","fg0768"
"fq002229","vx_43b452ba060fe92f","fg0504","1","fg0504","fg0380","fg0081","fg0575","fg0641","fg0206","fg0379","fg0252","fg0440","fg0610","fg0114","fg0055","fg0559","fg0359","fg0953","fg0383","fg0768","fg0963","fg0497","fg0579"
"fq002230","vx_43b452ba060fe92f","fg0504","1","fg0504","fg0380","fg0575","fg0379","fg0748","fg0055","fg0206","fg0641","fg0881","fg0081","fg0075","fg0383","fg0610","fg0252","fg0579","fg0768","fg0514","fg0114","fg0622","fg0415"
"fq002231","vx_43b452ba060fe92f","fg0504","1","fg0504","fg0380","fg0055","fg0559","fg0206","fg0379","fg0575","fg0748","fg0114","fg0081","fg0641","fg0359","fg0610","fg0075","fg0881","fg0596","fg0440","fg0514","fg0383","fg0768"
"fq002232","vx_43b452ba060fe92f","fg0504","1","fg0504","fg0380","fg0960","fg0532","fg0740","fg0081","fg0610","fg0502","fg0189","fg0641","fg0359","fg0252","fg0427","fg0282","fg0559","fg0768","fg0579","fg0539","fg0206","fg0372"
"fq002233","vx_0c51bf55f2423fde","fg0505","1","fg0505","fg0309","fg0221","fg0914","fg0627","fg0393","fg0576","fg0011","fg0147","fg0294","fg0380","fg0019","fg0099","fg0422","fg0725","fg0051","fg0416","fg0610","fg0362","fg0282"
"fq002234","vx_625170c951406f7f","fg0506","1","fg0506","fg0812","fg0486","fg0814","fg0208","fg0579","fg0498","fg0204","fg0433","fg0760","fg0802","fg0777","fg0600","fg0690","fg0478","fg0410","fg0087","fg0605","fg0820","fg0713"
"fq002235","vx_625170c951406f7f","fg0506","1","fg0506","fg0812","fg0486","fg0208","fg0814","fg0579","fg0498","fg0802","fg0433","fg0760","fg0600","fg0204","fg0777","fg0478","fg0810","fg0690","fg0959","fg0259","fg0713","fg0957"
"fq002236","vx_625170c951406f7f","fg0506","1","fg0506","fg0812","fg0486","fg0579","fg0433","fg0208","fg0814","fg0498","fg0802","fg0760","fg0204","fg0777","fg0600","fg0690","fg0957","fg0478","fg0959","fg0280","fg0304","fg0242"
"fq002237","vx_e74bfc46ce6af76f","fg0507","1","fg0507","fg0438","fg0677","fg0354","fg0323","fg0676","fg0543","fg0429","fg0645","fg0866","fg0664","fg0633","fg0411","fg0158","fg0144","fg0003","fg0626","fg0512","fg0740","fg0530"
"fq002238","vx_e74bfc46ce6af76f","fg0507","1","fg0507","fg0354","fg0438","fg0677","fg0543","fg0676","fg0645","fg0411","fg0323","fg0003","fg0664","fg0808","fg0866","fg0144","fg0626","fg0429","fg0384","fg0740","fg0158","fg0925"
"fq002239","vx_e74bfc46ce6af76f","fg0507","1","fg0507","fg0354","fg0438","fg0677","fg0543","fg0633","fg0323","fg0664","fg0649","fg0925","fg0596","fg0645","fg0626","fg0866","fg0267","fg0144","fg0512","fg0158","fg0006","fg0162"
"fq002240","vx_e74bfc46ce6af76f","fg0507","1","fg0507","fg0438","fg0354","fg0677","fg0676","fg0866","fg0543","fg0925","fg0645","fg0808","fg0411","fg0323","fg0429","fg0267","fg0158","fg0649","fg0003","fg0384","fg0530","fg0144"
"fq002241","vx_e74bfc46ce6af76f","fg0507","1","fg0507","fg0543","fg0354","fg0438","fg0677","fg0676","fg0323","fg0429","fg0740","fg0003","fg0633","fg0971","fg0411","fg0664","fg0866","fg0530","fg0342","fg0788","fg0347","fg0963"
"fq002242","vx_e74bfc46ce6af76f","fg0507","1","fg0507","fg0677","fg0438","fg0354","fg0323","fg0543","fg0866","fg0664","fg0676","fg0925","fg0645","fg0429","fg0267","fg0633","fg0144","fg0740","fg0411","fg0649","fg0784","fg0158"
"fq002243","vx_e74bfc46ce6af76f","fg0507","1","fg0507","fg0354","fg0438","fg0543","fg0677","fg0323","fg0866","fg0925","fg0645","fg0740","fg0596","fg0664","fg0411","fg0649","fg0626","fg0429","fg0633","fg0676","fg0158","fg0267"
"fq002244","vx_e74bfc46ce6af76f","fg0507","1","fg0507","fg0354","fg0438","fg0543","fg0677","fg0323","fg0596","fg0645","fg0676","fg0866","fg0633","fg0411","fg0429","fg0664","fg0512","fg0740","fg0003","fg0925","fg0649","fg0808"
"fq002245","vx_e74bfc46ce6af76f","fg0507","1","fg0507","fg0085","fg0543","fg0354","fg0323","fg0740","fg0429","fg0633","fg0677","fg0676","fg0438","fg0347","fg0267","fg0288","fg0971","fg0475","fg0318","fg0126","fg0626","fg0664"
"fq002246","vx_e74bfc46ce6af76f","fg0507","1","fg0507","fg0354","fg0438","fg0677","fg0543","fg0866","fg0323","fg0676","fg0429","fg0645","fg0925","fg0649","fg0267","fg0633","fg0740","fg0808","fg0664","fg0003","fg0411","fg0596"
"fq002247","vx_e74bfc46ce6af76f","fg0507","1","fg0507","fg0438","fg0354","fg0543","fg0677","fg0925","fg0866","fg0649","fg0676","fg0808","fg0645","fg0411","fg0323","fg0267","fg0596","fg0664","fg0429","fg0003","fg0158","fg0126"
"fq002248","vx_e74bfc46ce6af76f","fg0507","1","fg0507","fg0438","fg0354","fg0676","fg0543","fg0677","fg0429","fg0411","fg0740","fg0323","fg0866","fg0788","fg0003","fg0401","fg0530","fg0318","fg0085","fg0664","fg0596","fg0808"
"fq002249","vx_e74bfc46ce6af76f","fg0507","1","fg0507","fg0438","fg0677","fg0354","fg0543","fg0676","fg0323","fg0866","fg0429","fg0411","fg0808","fg0003","fg0664","fg0645","fg0925","fg0740","fg0267","fg0126","fg0596","fg0384"
"fq002250","vx_e74bfc46ce6af76f","fg0507","1","fg0507","fg0354","fg0438","fg0677","fg0543","fg0323","fg0633","fg0645","fg0664","fg0740","fg0925","fg0676","fg0596","fg0626","fg0003","fg0267","fg0411","fg0866","fg0808","fg0429"
"fq002251","vx_e74bfc46ce6af76f","fg0507","1","fg0507","fg0676","fg0429","fg0085","fg0318","fg0438","fg0677","fg0788","fg0440","fg0740","fg0866","fg0323","fg0615","fg0543","fg0267","fg0401","fg0645","fg0144","fg0354","fg0784"
"fq002252","vx_e74bfc46ce6af76f","fg0507","1","fg0507","fg0438","fg0543","fg0354","fg0676","fg0530","fg0740","fg0788","fg0411","fg0323","fg0971","fg0429","fg0677","fg0633","fg0085","fg0664","fg0512","fg0051","fg0342","fg0427"
"fq002253","vx_e74bfc46ce6af76f","fg0507","1","fg0507","fg0354","fg0438","fg0677","fg0543","fg0866","fg0323","fg0925","fg0645","fg0649","fg0267","fg0676","fg0808","fg0158","fg0664","fg0429","fg0003","fg0626","fg0144","fg0633"
"fq002254","vx_e74bfc46ce6af76f","fg0507","1","fg0507","fg0543","fg0354","fg0438","fg0677","fg0323","fg0740","fg0633","fg0085","fg0429","fg0645","fg0676","fg0866","fg0126","fg0925","fg0596","fg0649","fg0267","fg0318","fg0411"
"fq002255","vx_e74bfc46ce6af76f","fg0507","1","fg0507","fg0354","fg0438","fg0543","fg0323","fg0677","fg0633","fg0664","fg0740","fg0429","fg0645","fg0676","fg0267","fg0411","fg0342","fg0006","fg0596","fg0784","fg0971","fg0126"
"fq002256","vx_e74bfc46ce6af76f","fg0507","1","fg0507","fg0354","fg0438","fg0543","fg0677","fg0676","fg0323","fg0429","fg0866","fg0740","fg0645","fg0411","fg0633","fg0664","fg0596","fg0530","fg0626","fg0003","fg0158","fg0649"
"fq002257","vx_e74bfc46ce6af76f","fg0507","1","fg0507","fg0438","fg0354","fg0676","fg0543","fg0866","fg0677","fg0645","fg0411","fg0925","fg0808","fg0596","fg0384","fg0649","fg0144","fg0158","fg0615","fg0664","fg0626","fg0401"
"fq002258","vx_e74bfc46ce6af76f","fg0507","1","fg0507","fg0354","fg0438","fg0677","fg0543","fg0323","fg0633","fg0664","fg0676","fg0429","fg0596","fg0512","fg0645","fg0740","fg0003","fg0411","fg0808","fg0788","fg0342","fg0963"
"fq002259","vx_e74bfc46ce6af76f","fg0507","1","fg0507","fg0543","fg0354","fg0866","fg0438","fg0740","fg0677","fg0676","fg0925","fg0429","fg0645","fg0323","fg0649","fg0267","fg0288","fg0784","fg0318","fg0144","fg0126","fg0411"
"fq002260","vx_e74bfc46ce6af76f","fg0507","1","fg0507","fg0677","fg0354","fg0438","fg0323","fg0543","fg0429","fg0645","fg0676","fg0740","fg0664","fg0633","fg0144","fg0866","fg0003","fg0596","fg0963","fg0512","fg0440","fg0788"
"fq002261","vx_e74bfc46ce6af76f","fg0507","1","fg0507","fg0438","fg0354","fg0677","fg0323","fg0543","fg0676","fg0664","fg0645","fg0633","fg0740","fg0866","fg0429","fg0411","fg0512","fg0596","fg0808","fg0463","fg0468","fg0530"
"fq002262","vx_e74bfc46ce6af76f","fg0507","1","fg0507","fg0676","fg0543","fg0740","fg0085","fg0429","fg0318","fg0971","fg0401","fg0438","fg0347","fg0051","fg0354","fg0866","fg0677","fg0530","fg0384","fg0003","fg0411","fg0784"
"fq002263","vx_e74bfc46ce6af76f","fg0507","1","fg0507","fg0676","fg0543","fg0740","fg0438","fg0429","fg0085","fg0788","fg0318","fg0677","fg0354","fg0051","fg0866","fg0401","fg0530","fg0003","fg0323","fg0971","fg0808","fg0411"
"fq002264","vx_e74bfc46ce6af76f","fg0507","1","fg0507","fg0354","fg0438","fg0677","fg0543","fg0645","fg0866","fg0925","fg0676","fg0323","fg0411","fg0649","fg0808","fg0664","fg0003","fg0267","fg0740","fg0596","fg0158","fg0429"
"fq002265","vx_e74bfc46ce6af76f","fg0507","1","fg0507","fg0438","fg0354","fg0677","fg0866","fg0738","fg0645","fg0512","fg0633","fg0543","fg0318","fg0676","fg0664","fg0440","fg0144","fg0068","fg0323","fg0530","fg0444","fg0626"
"fq002266","vx_e74bfc46ce6af76f","fg0507","1","fg0507","fg0354","fg0543","fg0438","fg0677","fg0323","fg0645","fg0596","fg0633","fg0740","fg0676","fg0411","fg0649","fg0664","fg0866","fg0429","fg0925","fg0808","fg0512","fg0342"
"fq002267","vx_e74bfc46ce6af76f","fg0507","1","fg0507","fg0438","fg0354","fg0543","fg0676","fg0677","fg0645","fg0866","fg0740","fg0429","fg0411","fg0925","fg0158","fg0808","fg0318","fg0664","fg0626","fg0530","fg0144","fg0003"
"fq002268","vx_e74bfc46ce6af76f","fg0507","1","fg0507","fg0354","fg0438","fg0677","fg0543","fg0323","fg0925","fg0645","fg0649","fg0633","fg0866","fg0664","fg0158","fg0626","fg0267","fg0006","fg0144","fg0596","fg0615","fg0676"
"fq002269","vx_e74bfc46ce6af76f","fg0507","1","fg0507","fg0438","fg0354","fg0866","fg0543","fg0676","fg0677","fg0429","fg0925","fg0808","fg0740","fg0323","fg0645","fg0267","fg0649","fg0411","fg0146","fg0003","fg0126","fg0158"
"fq002270","vx_e74bfc46ce6af76f","fg0507","1","fg0507","fg0543","fg0438","fg0354","fg0677","fg0323","fg0429","fg0676","fg0866","fg0740","fg0645","fg0664","fg0633","fg0808","fg0925","fg0649","fg0003","fg0411","fg0318","fg0596"
"fq002271","vx_e74bfc46ce6af76f","fg0507","1","fg0507","fg0354","fg0543","fg0438","fg0676","fg0677","fg0645","fg0866","fg0740","fg0429","fg0626","fg0925","fg0144","fg0158","fg0323","fg0318","fg0146","fg0288","fg0633","fg0411"
"fq002272","vx_e74bfc46ce6af76f","fg0507","1","fg0507","fg0543","fg0354","fg0438","fg0676","fg0677","fg0866","fg0323","fg0740","fg0429","fg0411","fg0925","fg0645","fg0003","fg0649","fg0318","fg0808","fg0633","fg0158","fg0401"
"fq002273","vx_e74bfc46ce6af76f","fg0507","1","fg0507","fg0354","fg0438","fg0677","fg0543","fg0323","fg0866","fg0925","fg0429","fg0645","fg0676","fg0649","fg0740","fg0411","fg0664","fg0267","fg0784","fg0158","fg0596","fg0144"
"fq002274","vx_e74bfc46ce6af76f","fg0507","1","fg0507","fg0354","fg0543","fg0438","fg0676","fg0677","fg0323","fg0429","fg0740","fg0664","fg0866","fg0633","fg0318","fg0003","fg0411","fg0743","fg0530","fg0971","fg0784","fg0645"
"fq002275","vx_e74bfc46ce6af76f","fg0507","1","fg0507","fg0676","fg0429","fg0543","fg0323","fg0677","fg0003","fg0740","fg0354","fg0085","fg0788","fg0438","fg0318","fg0645","fg0401","fg0051","fg0347","fg0866","fg0633","fg0971"
"fq002276","vx_e74bfc46ce6af76f","fg0507","1","fg0507","fg0354","fg0543","fg0438","fg0677","fg0323","fg0740","fg0429","fg0676","fg0664","fg0866","fg0633","fg0003","fg0411","fg0645","fg0808","fg0971","fg0596","fg0342","fg0788"
"fq002277","vx_e74bfc46ce6af76f","fg0507","1","fg0507","fg0438","fg0354","fg0677","fg0543","fg0866","fg0676","fg0925","fg0645","fg0808","fg0323","fg0411","fg0664","fg0649","fg0429","fg0267","fg0633","fg0003","fg0158","fg0596"
"fq002278","vx_e74bfc46ce6af76f","fg0507","1","fg0507","fg0354","fg0438","fg0543","fg0323","fg0633","fg0677","fg0664","fg0596","fg0512","fg0645","fg0342","fg0411","fg0740","fg0971","fg0530","fg0626","fg0463","fg0824","fg0676"
"fq002279","vx_e74bfc46ce6af76f","fg0507","1","fg0507","fg0677","fg0438","fg0354","fg0543","fg0323","fg0676","fg0429","fg0645","fg0512","fg0740","fg0596","fg0411","fg0866","fg0664","fg0808","fg0003","fg0633","fg0788","fg0530"
"fq002280","vx_e74bfc46ce6af76f","fg0507","1","fg0507","fg0438","fg0354","fg0543","fg0676","fg0677","fg0866","fg0323","fg0645","fg0664","fg0808","fg0429","fg0411","fg0633","fg0740","fg0925","fg0267","fg0530","fg0649","fg0003"
"fq002281","vx_e74bfc46ce6af76f","fg0507","1","fg0507","fg0438","fg0354","fg0543","fg0677","fg0676","fg0866","fg0323","fg0740","fg0633","fg0530","fg0429","fg0664","fg0411","fg0645","fg0808","fg0512","fg0596","fg0649","fg0463"
"fq002282","vx_e74bfc46ce6af76f","fg0507","1","fg0507","fg0354","fg0677","fg0438","fg0543","fg0323","fg0925","fg0645","fg0633","fg0664","fg0267","fg0649","fg0006","fg0288","fg0740","fg0866","fg0784","fg0429","fg0126","fg0596"
"fq002283","vx_e74bfc46ce6af76f","fg0507","1","fg0507","fg0438","fg0543","fg0354","fg0677","fg0676","fg0866","fg0323","fg0740","fg0429","fg0645","fg0411","fg0808","fg0003","fg0530","fg0925","fg0664","fg0633","fg0512","fg0596"
"fq002284","vx_e74bfc46ce6af76f","fg0507","1","fg0507","fg0438","fg0354","fg0677","fg0676","fg0866","fg0323","fg0645","fg0925","fg0543","fg0664","fg0267","fg0808","fg0626","fg0158","fg0411","fg0144","fg0003","fg0633","fg0649"
"fq002285","vx_e74bfc46ce6af76f","fg0507","1","fg0507","fg0354","fg0543","fg0438","fg0676","fg0677","fg0740","fg0866","fg0323","fg0411","fg0649","fg0429","fg0633","fg0664","fg0645","fg0596","fg0925","fg0808","fg0530","fg0267"
"fq002286","vx_e74bfc46ce6af76f","fg0507","1","fg0507","fg0354","fg0438","fg0677","fg0543","fg0925","fg0866","fg0676","fg0323","fg0645","fg0740","fg0808","fg0429","fg0411","fg0664","fg0649","fg0596","fg0003","fg0633","fg0626"
"fq002287","vx_e74bfc46ce6af76f","fg0507","1","fg0507","fg0866","fg0354","fg0438","fg0676","fg0925","fg0677","fg0267","fg0429","fg0649","fg0003","fg0411","fg0808","fg0158","fg0784","fg0645","fg0543","fg0788","fg0126","fg0664"
"fq002288","vx_e74bfc46ce6af76f","fg0507","1","fg0507","fg0354","fg0438","fg0677","fg0323","fg0543","fg0664","fg0645","fg0429","fg0633","fg0740","fg0676","fg0411","fg0144","fg0866","fg0626","fg0158","fg0596","fg0925","fg0006"
"fq002289","vx_e74bfc46ce6af76f","fg0507","1","fg0507","fg0354","fg0438","fg0543","fg0677","fg0676","fg0866","fg0323","fg0740","fg0645","fg0429","fg0664","fg0411","fg0649","fg0267","fg0808","fg0596","fg0633","fg0626","fg0530"
"fq002290","vx_e74bfc46ce6af76f","fg0507","1","fg0507","fg0354","fg0438","fg0543","fg0677","fg0323","fg0267","fg0664","fg0649","fg0633","fg0626","fg0676","fg0645","fg0866","fg0925","fg0784","fg0144","fg0429","fg0158","fg0475"
"fq002291","vx_e74bfc46ce6af76f","fg0507","1","fg0507","fg0354","fg0438","fg0543","fg0323","fg0677","fg0596","fg0633","fg0866","fg0664","fg0649","fg0645","fg0676","fg0740","fg0411","fg0429","fg0162","fg0530","fg0512","fg0126"
"fq002292","vx_e74bfc46ce6af76f","fg0507","1","fg0507","fg0354","fg0677","fg0438","fg0543","fg0323","fg0633","fg0645","fg0429","fg0866","fg0740","fg0664","fg0596","fg0676","fg0006","fg0925","fg0267","fg0526","fg0003","fg0626"
"fq002293","vx_e74bfc46ce6af76f","fg0507","1","fg0507","fg0354","fg0438","fg0677","fg0543","fg0323","fg0866","fg0267","fg0645","fg0664","fg0676","fg0925","fg0649","fg0429","fg0633","fg0740","fg0126","fg0003","fg0784","fg0808"
"fq002294","vx_e74bfc46ce6af76f","fg0507","1","fg0507","fg0354","fg0438","fg0677","fg0323","fg0633","fg0664","fg0543","fg0645","fg0267","fg0925","fg0626","fg0866","fg0649","fg0596","fg0144","fg0526","fg0512","fg0126","fg0006"
"fq002295","vx_e74bfc46ce6af76f","fg0507","1","fg0507","fg0438","fg0354","fg0543","fg0677","fg0676","fg0866","fg0645","fg0925","fg0411","fg0323","fg0429","fg0158","fg0649","fg0740","fg0626","fg0267","fg0596","fg0144","fg0808"
"fq002296","vx_e74bfc46ce6af76f","fg0507","1","fg0507","fg0676","fg0438","fg0429","fg0543","fg0318","fg0677","fg0866","fg0085","fg0740","fg0323","fg0354","fg0401","fg0563","fg0003","fg0971","fg0808","fg0664","fg0743","fg0788"
"fq002297","vx_c1b116262fbc2a25","fg0508","1","fg0508","fg0066","fg0823","fg0619","fg0262","fg0235","fg0034","fg0967","fg0127","fg0696","fg0880","fg0091","fg0246","fg0563","fg0711","fg0750","fg0256","fg0014","fg0995","fg0784"
"fq002298","vx_06f6b379606acb90","fg0509","1","fg0509","fg0660","fg0329","fg0978","fg0374","fg0922","fg0249","fg0274","fg0260","fg0149","fg0510","fg0603","fg0979","fg0070","fg0271","fg0607","fg0167","fg0735","fg0203","fg0874"
"fq002299","vx_dce9a201a90c0cb9","fg0510","1","fg0510","fg0070","fg0481","fg0006","fg0877","fg0983","fg0767","fg0763","fg0541","fg0585","fg0282","fg0153","fg0908","fg0660","fg0461","fg0629","fg0878","fg0642","fg0374","fg0735"
"fq002300","vx_dce9a201a90c0cb9","fg0510","3","fg0070","fg0481","fg0510","fg0908","fg0509","fg0878","fg0660","fg0153","fg0374","fg0946","fg0629","fg0983","fg0735","fg0803","fg0326","fg0470","fg0767","fg0077","fg0763","fg0480"
"fq002301","vx_dce9a201a90c0cb9","fg0510","3","fg0070","fg0481","fg0510","fg0908","fg0946","fg0509","fg0024","fg0470","fg0374","fg0878","fg0047","fg0960","fg0660","fg0326","fg0990","fg0735","fg0763","fg0673","fg0739","fg0629"
"fq002302","vx_dce9a201a90c0cb9","fg0510","2","fg0070","fg0510","fg0481","fg0153","fg0908","fg0878","fg0382","fg0735","fg0660","fg0767","fg0421","fg0983","fg0629","fg0541","fg0006","fg0898","fg0374","fg0642","fg0509","fg0870"
"fq002303","vx_dce9a201a90c0cb9","fg0510","2","fg0070","fg0510","fg0481","fg0908","fg0660","fg0946","fg0735","fg0024","fg0470","fg0763","fg0878","fg0006","fg0509","fg0326","fg0739","fg0374","fg0480","fg0877","fg0983","fg0585"
"fq002304","vx_dce9a201a90c0cb9","fg0510","2","fg0070","fg0510","fg0481","fg0006","fg0153","fg0767","fg0541","fg0382","fg0878","fg0983","fg0908","fg0372","fg0282","fg0763","fg0629","fg0461","fg0946","fg0585","fg0719","fg0610"
"fq002305","vx_dce9a201a90c0cb9","fg0510","1","fg0510","fg0070","fg0481","fg0878","fg0877","fg0859","fg0908","fg0585","fg0767","fg0987","fg0374","fg0006","fg0898","fg0461","fg0735","fg0541","fg0938","fg0024","fg0660","fg0132"
"fq002306","vx_dce9a201a90c0cb9","fg0510","1","fg0510","fg0070","fg0481","fg0983","fg0660","fg0006","fg0908","fg0763","fg0374","fg0739","fg0735","fg0585","fg0629","fg0069","fg0024","fg0767","fg0878","fg0623","fg0509","fg0326"
"fq002307","vx_dce9a201a90c0cb9","fg0510","1","fg0510","fg0070","fg0481","fg0878","fg0282","fg0260","fg0908","fg0735","fg0153","fg0938","fg0767","fg0263","fg0708","fg0859","fg0660","fg0382","fg0374","fg0541","fg0983","fg0629"
"fq002308","vx_9126f352357bd1bf","fg0511","1","fg0511","fg0917","fg0434","fg0202","fg0886","fg0752","fg0650","fg0942","fg0856","fg0223","fg0715","fg0137","fg0059","fg0396","fg0647","fg0196","fg0190","fg0179","fg0798","fg0898"
"fq002309","vx_4c281b83e2abe7ed","fg0512","1","fg0512","fg0302","fg0667","fg0993","fg0677","fg0053","fg0438","fg0769","fg0673","fg0543","fg0463","fg0296","fg0468","fg0598","fg0047","fg0990","fg0933","fg0596","fg0530","fg0754"
"fq002310","vx_a3f343789f0cf56d","fg0513","1","fg0513","fg0515","fg0907","fg0843","fg0565","fg0815","fg0573","fg0211","fg0173","fg0334","fg0657","fg0712","fg0015","fg0768","fg0855","fg0086","fg0025","fg0307","fg0539","fg0126"
"fq002311","vx_95c4bc9581987f55","fg0514","188","fg0270","fg0579","fg0910","fg0469","fg0018","fg0525","fg0959","fg0847","fg0749","fg0334","fg0584","fg0074","fg0500","fg0969","fg0142","fg0627","fg0895","fg0734","fg0161","fg0251"
"fq002312","vx_fc9a45743054f786","fg0515","1","fg0515","fg0513","fg0126","fg0086","fg0474","fg0843","fg0367","fg0565","fg0448","fg0916","fg0025","fg0594","fg0218","fg0573","fg0173","fg0539","fg0712","fg0307","fg0156","fg0276"
"fq002313","vx_fc9a45743054f786","fg0515","1","fg0515","fg0474","fg0126","fg0916","fg0843","fg0573","fg0367","fg0513","fg0025","fg0594","fg0307","fg0712","fg0218","fg0973","fg0811","fg0448","fg0565","fg0191","fg0588","fg0350"
"fq002314","vx_fc9a45743054f786","fg0515","1","fg0515","fg0513","fg0126","fg0086","fg0843","fg0565","fg0916","fg0474","fg0539","fg0448","fg0367","fg0573","fg0594","fg0712","fg0173","fg0907","fg0025","fg0156","fg0069","fg0191"
"fq002315","vx_fc9a45743054f786","fg0515","1","fg0515","fg0086","fg0126","fg0513","fg0539","fg0448","fg0565","fg0276","fg0069","fg0156","fg0474","fg0173","fg0843","fg0712","fg0421","fg0218","fg0307","fg0815","fg0367","fg0594"
"fq002316","vx_fc9a45743054f786","fg0515","1","fg0515","fg0513","fg0086","fg0916","fg0565","fg0843","fg0276","fg0712","fg0527","fg0126","fg0069","fg0539","fg0173","fg0907","fg0360","fg0218","fg0974","fg0156","fg0703","fg0594"
"fq002317","vx_fc9a45743054f786","fg0515","1","fg0515","fg0126","fg0218","fg0513","fg0474","fg0307","fg0539","fg0712","fg0916","fg0448","fg0843","fg0565","fg0025","fg0573","fg0173","fg0367","fg0421","fg0594","fg0156","fg0039"
"fq002318","vx_fc9a45743054f786","fg0515","1","fg0515","fg0513","fg0086","fg0448","fg0843","fg0539","fg0126","fg0565","fg0712","fg0069","fg0474","fg0367","fg0276","fg0662","fg0916","fg0307","fg0594","fg0173","fg0218","fg0247"
"fq002319","vx_fc9a45743054f786","fg0515","1","fg0515","fg0086","fg0069","fg0513","fg0276","fg0156","fg0448","fg0815","fg0210","fg0539","fg0565","fg0173","fg0843","fg0360","fg0712","fg0808","fg0632","fg0907","fg0307","fg0916"
"fq002320","vx_fc9a45743054f786","fg0515","2","fg0086","fg0515","fg0069","fg0276","fg0513","fg0815","fg0448","fg0539","fg0210","fg0565","fg0156","fg0203","fg0173","fg0126","fg0843","fg0811","fg0405","fg0360","fg0367","fg0594"
"fq002321","vx_fc9a45743054f786","fg0515","1","fg0515","fg0513","fg0218","fg0126","fg0916","fg0474","fg0573","fg0843","fg0173","fg0539","fg0907","fg0367","fg0712","fg0025","fg0594","fg0214","fg0081","fg0290","fg0565","fg0421"
"fq002322","vx_fc9a45743054f786","fg0515","1","fg0515","fg0086","fg0069","fg0513","fg0276","fg0448","fg0210","fg0843","fg0247","fg0815","fg0126","fg0191","fg0747","fg0907","fg0565","fg0474","fg0632","fg0173","fg0367","fg0662"
"fq002323","vx_fc9a45743054f786","fg0515","1","fg0515","fg0126","fg0565","fg0513","fg0843","fg0025","fg0916","fg0474","fg0307","fg0573","fg0173","fg0218","fg0712","fg0539","fg0106","fg0367","fg0421","fg0156","fg0594","fg0039"
"fq002324","vx_fc9a45743054f786","fg0515","1","fg0515","fg0513","fg0126","fg0448","fg0843","fg0565","fg0086","fg0539","fg0474","fg0712","fg0307","fg0156","fg0218","fg0916","fg0173","fg0367","fg0573","fg0421","fg0025","fg0594"
"fq002325","vx_fc9a45743054f786","fg0515","1","fg0515","fg0539","fg0156","fg0983","fg0081","fg0868","fg0916","fg0513","fg0294","fg0307","fg0416","fg0565","fg0421","fg0372","fg0811","fg0815","fg0712","fg0323","fg0769","fg0448"
"fq002326","vx_fc9a45743054f786","fg0515","1","fg0515","fg0474","fg0126","fg0916","fg0843","fg0513","fg0025","fg0573","fg0218","fg0367","fg0565","fg0712","fg0307","fg0811","fg0448","fg0539","fg0594","fg0156","fg0106","fg0562"
"fq002327","vx_fc9a45743054f786","fg0515","1","fg0515","fg0513","fg0156","fg0474","fg0712","fg0086","fg0126","fg0916","fg0843","fg0738","fg0565","fg0448","fg0490","fg0218","fg0307","fg0191","fg0527","fg0573","fg0808","fg0594"
"fq002328","vx_ec7e961e96782388","fg0516","1","fg0516","fg0425","fg0008","fg0750","fg0340","fg0061","fg0909","fg0674","fg0063","fg0900","fg0581","fg0116","fg0984","fg0440","fg0072","fg0576","fg0926","fg0209","fg0009","fg0550"
"fq002329","vx_ec7e961e96782388","fg0516","1","fg0516","fg0425","fg0674","fg0750","fg0909","fg0581","fg0116","fg0340","fg0061","fg0440","fg0796","fg0008","fg0984","fg0072","fg0009","fg0926","fg0576","fg0900","fg0883","fg0055"
"fq002330","vx_ec7e961e96782388","fg0516","1","fg0516","fg0425","fg0061","fg0674","fg0340","fg0909","fg0750","fg0581","fg0009","fg0008","fg0072","fg0440","fg0116","fg0505","fg0926","fg0576","fg0984","fg0900","fg0796","fg0385"
"fq002331","vx_ec7e961e96782388","fg0516","1","fg0516","fg0425","fg0061","fg0340","fg0440","fg0008","fg0674","fg0909","fg0054","fg0750","fg0116","fg0009","fg0827","fg0926","fg0581","fg0072","fg0257","fg0883","fg0984","fg0796"
"fq002332","vx_07c0df192e892ce6","fg0517","1","fg0517","fg0247","fg0843","fg0351","fg0183","fg0588","fg0191","fg0379","fg0441","fg0747","fg0195","fg0857","fg0367","fg0434","fg0920","fg0206","fg0503","fg0535","fg0898","fg0357"
"fq002333","vx_03d4c3070be02e1a","fg0518","1","fg0518","fg0303","fg0482","fg0648","fg0406","fg0360","fg0179","fg0917","fg0487","fg0823","fg0816","fg0555","fg0228","fg0675","fg0542","fg0425","fg0969","fg0544","fg0561","fg0199"
"fq002334","vx_2c49ad51c19aded2","fg0519","1","fg0519","fg0390","fg0777","fg0699","fg0247","fg0733","fg0624","fg0436","fg0741","fg0029","fg0614","fg0705","fg0085","fg0746","fg0632","fg0693","fg0957","fg0404","fg0238","fg0920"
"fq002335","vx_2c49ad51c19aded2","fg0519","1","fg0519","fg0390","fg0699","fg0247","fg0436","fg0029","fg0705","fg0741","fg0632","fg0777","fg0614","fg0746","fg0733","fg0191","fg0955","fg0624","fg0417","fg0334","fg0920","fg0404"
"fq002336","vx_409efbcd946f4cd6","fg0520","1","fg0520","fg0787","fg0991","fg0048","fg0508","fg0921","fg0034","fg0935","fg0089","fg0215","fg0443","fg0125","fg0930","fg0634","fg0041","fg0332","fg0587","fg0075","fg0175","fg0426"
"fq002337","vx_409efbcd946f4cd6","fg0520","1","fg0520","fg0324","fg0587","fg0787","fg0882","fg0215","fg0443","fg0991","fg0366","fg0146","fg0921","fg0041","fg0634","fg0236","fg0948","fg0034","fg0693","fg0048","fg0503","fg0075"
"fq002338","vx_409efbcd946f4cd6","fg0520","1","fg0520","fg0921","fg0634","fg0324","fg0787","fg0882","fg0215","fg0041","fg0048","fg0366","fg0146","fg0075","fg0332","fg0426","fg0991","fg0378","fg0281","fg0853","fg0587","fg0172"
"fq002339","vx_409efbcd946f4cd6","fg0520","1","fg0520","fg0787","fg0991","fg0324","fg0921","fg0048","fg0075","fg0215","fg0041","fg0034","fg0587","fg0882","fg0332","fg0236","fg0443","fg0175","fg0089","fg0634","fg0172","fg0091"
"fq002340","vx_409efbcd946f4cd6","fg0520","1","fg0520","fg0921","fg0215","fg0324","fg0787","fg0671","fg0991","fg0930","fg0091","fg0682","fg0600","fg0250","fg0802","fg0651","fg0347","fg0799","fg0882","fg0146","fg0440","fg0426"
"fq002341","vx_501666301c0c97ae","fg0521","1","fg0521","fg0153","fg0809","fg0203","fg0956","fg0522","fg0382","fg0991","fg0847","fg0787","fg0970","fg0557","fg0719","fg0541","fg0538","fg0536","fg0895","fg0337","fg0510","fg0910"
"fq002342","vx_501666301c0c97ae","fg0521","1","fg0521","fg0153","fg0522","fg0203","fg0382","fg0557","fg0719","fg0910","fg0970","fg0809","fg0956","fg0787","fg0847","fg0991","fg0584","fg0541","fg0536","fg0538","fg0959","fg0337"
"fq002343","vx_1506e1485d1fc5e6","fg0522","1","fg0522","fg0847","fg0975","fg0895","fg0632","fg0469","fg0521","fg0536","fg0654","fg0203","fg0538","fg1000","fg0762","fg0541","fg0549","fg0872","fg0584","fg0018","fg0772","fg0191"
"fq002344","vx_fd5d8df5ceff0230","fg0523","1","fg0523","fg0275","fg0140","fg0687","fg0213","fg0729","fg0906","fg0242","fg0151","fg0559","fg0299","fg0555","fg0355","fg0521","fg0500","fg0802","fg0854","fg0327","fg0931","fg0092"
"fq002345","vx_4048ea3722b7a9a2","fg0524","1","fg0524","fg0599","fg0133","fg0925","fg0277","fg0148","fg0944","fg0967","fg0165","fg0256","fg0262","fg0781","fg0016","fg0789","fg0246","fg0142","fg0552","fg0221","fg0364","fg0668"
"fq002346","vx_2814068521177d8b","fg0525","1","fg0525","fg0959","fg0714","fg0241","fg0159","fg0123","fg0682","fg0275","fg0127","fg0078","fg0569","fg0910","fg0802","fg0066","fg0350","fg0815","fg0713","fg0641","fg0201","fg0042"
"fq002347","vx_2814068521177d8b","fg0525","1","fg0525","fg0959","fg0714","fg0569","fg0159","fg0682","fg0910","fg0521","fg0151","fg0749","fg0123","fg0815","fg0275","fg0241","fg0060","fg0350","fg0355","fg0405","fg0810","fg0147"
"fq002348","vx_77d64fae79c67c88","fg0526","1","fg0526","fg0800","fg0571","fg0764","fg0379","fg0968","fg0532","fg0595","fg0288","fg0779","fg0306","fg0131","fg0748","fg0243","fg0827","fg0358","fg0567","fg0252","fg0323","fg0952"
"fq002349","vx_a4eb2a1bfb1c455e","fg0527","1","fg0527","fg0885","fg0533","fg0500","fg0247","fg0936","fg0573","fg0907","fg0186","fg0191","fg0569","fg0624","fg0097","fg0733","fg0490","fg0843","fg0297","fg0367","fg0071","fg0588"
"fq002350","vx_a4eb2a1bfb1c455e","fg0527","1","fg0527","fg0533","fg0885","fg0500","fg0186","fg0247","fg0573","fg0097","fg0624","fg0907","fg0733","fg0713","fg0042","fg0126","fg0367","fg0376","fg0297","fg0191","fg0879","fg0936"
"fq002351","vx_a4eb2a1bfb1c455e","fg0527","1","fg0527","fg0533","fg0885","fg0500","fg0247","fg0186","fg0573","fg0733","fg0624","fg0907","fg0713","fg0936","fg0191","fg0569","fg0126","fg0097","fg0562","fg0347","fg0490","fg0682"
"fq002352","vx_a4eb2a1bfb1c455e","fg0527","1","fg0527","fg0533","fg0885","fg0130","fg0907","fg0573","fg0936","fg0569","fg0588","fg0297","fg0500","fg0490","fg0758","fg0247","fg0097","fg0733","fg0421","fg0186","fg0713","fg0363"
"fq002353","vx_a4eb2a1bfb1c455e","fg0527","1","fg0527","fg0533","fg0885","fg0130","fg0297","fg0936","fg0001","fg0569","fg0573","fg0907","fg0662","fg0500","fg0588","fg0879","fg0247","fg0490","fg0624","fg0983","fg0097","fg0421"
"fq002354","vx_a4eb2a1bfb1c455e","fg0527","1","fg0527","fg0533","fg0885","fg0500","fg0247","fg0186","fg0573","fg0097","fg0733","fg0191","fg0907","fg0569","fg0347","fg0367","fg0624","fg0463","fg0126","fg0562","fg0936","fg0376"
"fq002355","vx_a4eb2a1bfb1c455e","fg0527","1","fg0527","fg0885","fg0533","fg0500","fg0247","fg0573","fg0186","fg0936","fg0907","fg0733","fg0588","fg0097","fg0569","fg0463","fg0490","fg0071","fg0130","fg0126","fg0367","fg0843"
"fq002356","vx_a4eb2a1bfb1c455e","fg0527","1","fg0527","fg0885","fg0533","fg0247","fg0500","fg0573","fg0191","fg0936","fg0682","fg0907","fg0071","fg0733","fg0097","fg0624","fg0186","fg0367","fg0588","fg0490","fg0843","fg0569"
"fq002357","vx_a4eb2a1bfb1c455e","fg0527","1","fg0527","fg0533","fg0885","fg0588","fg0573","fg0936","fg0130","fg0247","fg0297","fg0907","fg0500","fg0071","fg0843","fg0662","fg0298","fg0713","fg0001","fg0421","fg0889","fg0191"
"fq002358","vx_a4eb2a1bfb1c455e","fg0527","1","fg0527","fg0533","fg0885","fg0500","fg0573","fg0186","fg0247","fg0733","fg0907","fg0624","fg0936","fg0097","fg0569","fg0130","fg0758","fg0126","fg0879","fg0490","fg0367","fg0376"
"fq002359","vx_a4eb2a1bfb1c455e","fg0527","1","fg0527","fg0885","fg0533","fg0573","fg0247","fg0500","fg0733","fg0936","fg0907","fg0186","fg0569","fg0191","fg0297","fg0624","fg0474","fg0126","fg0588","fg0490","fg0130","fg0843"
"fq002360","vx_a4eb2a1bfb1c455e","fg0527","1","fg0527","fg0533","fg0885","fg0500","fg0573","fg0247","fg0733","fg0186","fg0126","fg0907","fg0097","fg0713","fg0367","fg0042","fg0191","fg0624","fg0347","fg0936","fg0569","fg0376"
"fq002361","vx_a4eb2a1bfb1c455e","fg0527","1","fg0527","fg0533","fg0885","fg0500","fg0573","fg0936","fg0569","fg0130","fg0097","fg0186","fg0808","fg0562","fg0733","fg0588","fg0907","fg0490","fg0879","fg0247","fg0376","fg0624"
"fq002362","vx_a4eb2a1bfb1c455e","fg0527","1","fg0527","fg0885","fg0533","fg0936","fg0573","fg0500","fg0907","fg0247","fg0588","fg0130","fg0569","fg0490","fg0186","fg0624","fg0097","fg0562","fg0071","fg0733","fg0713","fg0126"
"fq002363","vx_a4eb2a1bfb1c455e","fg0527","1","fg0527","fg0533","fg0885","fg0573","fg0500","fg0247","fg0907","fg0733","fg0936","fg0569","fg0490","fg0191","fg0126","fg0186","fg0130","fg0624","fg0588","fg0758","fg0367","fg0682"
"fq002364","vx_a4eb2a1bfb1c455e","fg0527","1","fg0527","fg0533","fg0885","fg0907","fg0573","fg0936","fg0247","fg0130","fg0569","fg0515","fg0490","fg0367","fg0758","fg0071","fg0191","fg0474","fg0297","fg0843","fg0500","fg0588"
"fq002365","vx_a4eb2a1bfb1c455e","fg0527","1","fg0527","fg0533","fg0885","fg0500","fg0247","fg0186","fg0573","fg0936","fg0624","fg0130","fg0097","fg0886","fg0733","fg0879","fg0907","fg0569","fg0367","fg0297","fg0490","fg0588"
"fq002366","vx_a4eb2a1bfb1c455e","fg0527","1","fg0527","fg0533","fg0885","fg0500","fg0573","fg0247","fg0186","fg0936","fg0569","fg0130","fg0907","fg0367","fg0758","fg0733","fg0097","fg0376","fg0191","fg0297","fg0126","fg0071"
"fq002367","vx_6752a78ed60758e3","fg0528","1","fg0528","fg0464","fg0989","fg0947","fg0588","fg0893","fg0880","fg0495","fg0299","fg0682","fg0275","fg0698","fg0559","fg0671","fg0159","fg0206","fg0403","fg0729","fg0810","fg0353"
"fq002368","vx_e73f61413ffffb43","fg0529","1","fg0529","fg0231","fg0327","fg0138","fg0961","fg0559","fg0521","fg0419","fg0906","fg0945","fg0322","fg0273","fg0644","fg0794","fg0023","fg0140","fg0355","fg0343","fg0114","fg0652"
"fq002369","vx_9a1553a1e3393699","fg0530","1","fg0530","fg0107","fg0230","fg0096","fg0891","fg0788","fg0960","fg0359","fg0438","fg0472","fg0382","fg0429","fg0082","fg0139","fg0831","fg0602","fg0543","fg0330","fg0981","fg0601"
"fq002370","vx_9a1553a1e3393699","fg0530","1","fg0530","fg0096","fg0107","fg0230","fg0891","fg0788","fg0438","fg0382","fg0429","fg0472","fg0359","fg0602","fg0139","fg0987","fg0330","fg0512","fg0354","fg0082","fg0831","fg0695"
"fq002371","vx_9a1553a1e3393699","fg0530","1","fg0530","fg0891","fg0230","fg0096","fg0107","fg0788","fg0429","fg0472","fg0438","fg0139","fg0082","fg0382","fg0831","fg0602","fg0543","fg0359","fg0090","fg0960","fg0463","fg0512"
"fq002372","vx_9a1553a1e3393699","fg0530","1","fg0530","fg0107","fg0831","fg0082","fg0085","fg0960","fg0230","fg0891","fg0096","fg0429","fg0090","fg0602","fg0472","fg0616","fg0359","fg0833","fg0563","fg0330","fg0846","fg0788"
"fq002373","vx_9a1553a1e3393699","fg0530","1","fg0530","fg0107","fg0096","fg0891","fg0230","fg0788","fg0472","fg0382","fg0429","fg0602","fg0359","fg0987","fg0139","fg0512","fg0253","fg0330","fg0082","fg0831","fg0438","fg0165"
"fq002374","vx_9a1553a1e3393699","fg0530","1","fg0530","fg0788","fg0891","fg0107","fg0096","fg0230","fg0438","fg0472","fg0429","fg0382","fg0512","fg0139","fg0359","fg0960","fg0082","fg0330","fg0602","fg0057","fg0543","fg0302"
"fq002375","vx_6a8d6b0797cc6928","fg0531","1","fg0531","fg0801","fg0601","fg0105","fg0829","fg0540","fg0332","fg0426","fg0264","fg0409","fg0562","fg0946","fg0493","fg0650","fg0634","fg0839","fg0443","fg0008","fg0030","fg0020"
"fq002376","vx_6a8d6b0797cc6928","fg0531","1","fg0531","fg0801","fg0264","fg0426","fg0601","fg0409","fg0105","fg0562","fg0415","fg0853","fg0634","fg0707","fg0838","fg0235","fg0976","fg0074","fg0237","fg0456","fg0800","fg0443"
"fq002377","vx_6a8d6b0797cc6928","fg0531","1","fg0531","fg0801","fg0562","fg0426","fg0601","fg0105","fg0030","fg0395","fg0409","fg0088","fg0264","fg0456","fg0634","fg0786","fg0540","fg0623","fg0166","fg0125","fg0080","fg0332"
"fq002378","vx_6a8d6b0797cc6928","fg0531","1","fg0531","fg0801","fg0601","fg0562","fg0426","fg0105","fg0264","fg0634","fg0409","fg0088","fg0707","fg0415","fg0976","fg0080","fg0456","fg0125","fg0230","fg0838","fg0395","fg0030"
"fq002379","vx_6a8d6b0797cc6928","fg0531","1","fg0531","fg0801","fg0601","fg0562","fg0426","fg0105","fg0634","fg0264","fg0409","fg0415","fg0080","fg0456","fg0088","fg0623","fg0395","fg0707","fg0125","fg0230","fg0166","fg0853"
"fq002380","vx_6a8d6b0797cc6928","fg0531","1","fg0531","fg0801","fg0426","fg0601","fg0562","fg0166","fg0080","fg0264","fg0105","fg0853","fg0409","fg0125","fg0456","fg0030","fg0623","fg0903","fg0634","fg0976","fg0463","fg0116"
"fq002381","vx_6a8d6b0797cc6928","fg0531","1","fg0531","fg0801","fg0426","fg0562","fg0601","fg0105","fg0623","fg0395","fg0634","fg0456","fg0230","fg0264","fg0088","fg0853","fg0080","fg0415","fg0166","fg0125","fg0707","fg0838"
"fq002382","vx_6a8d6b0797cc6928","fg0531","1","fg0531","fg0801","fg0601","fg0562","fg0426","fg0105","fg0409","fg0264","fg0080","fg0395","fg0166","fg0230","fg0088","fg0456","fg0838","fg0634","fg0268","fg0707","fg0415","fg0030"
"fq002383","vx_6a8d6b0797cc6928","fg0531","1","fg0531","fg0801","fg0601","fg0426","fg0105","fg0264","fg0562","fg0409","fg0080","fg0166","fg0415","fg0230","fg0456","fg0030","fg0395","fg0125","fg0903","fg0839","fg0634","fg0088"
"fq002384","vx_6a8d6b0797cc6928","fg0531","1","fg0531","fg0801","fg0426","fg0562","fg0601","fg0105","fg0456","fg0264","fg0080","fg0166","fg0623","fg0853","fg0230","fg0395","fg0415","fg0088","fg0634","fg0409","fg0125","fg0838"
"fq002385","vx_6a8d6b0797cc6928","fg0531","1","fg0531","fg0801","fg0601","fg0426","fg0562","fg0105","fg0409","fg0264","fg0634","fg0080","fg0456","fg0395","fg0030","fg0088","fg0415","fg0166","fg0540","fg0125","fg0838","fg0707"
"fq002386","vx_6a8d6b0797cc6928","fg0531","1","fg0531","fg0801","fg0601","fg0426","fg0562","fg0264","fg0105","fg0634","fg0030","fg0080","fg0456","fg0409","fg0707","fg0166","fg0415","fg0853","fg0088","fg0125","fg0674","fg0395"
"fq002387","vx_6a8d6b0797cc6928","fg0531","1","fg0531","fg0801","fg0562","fg0426","fg0601","fg0264","fg0105","fg0409","fg0634","fg0415","fg0456","fg0080","fg0838","fg0088","fg0200","fg0674","fg0707","fg0853","fg0935","fg0362"
"fq002388","vx_6a8d6b0797cc6928","fg0531","1","fg0531","fg0801","fg0426","fg0562","fg0105","fg0601","fg0264","fg0853","fg0395","fg0696","fg0456","fg0080","fg0623","fg0166","fg0125","fg0634","fg0030","fg0088","fg0838","fg0707"
"fq002389","vx_6a8d6b0797cc6928","fg0531","1","fg0531","fg0801","fg0601","fg0426","fg0562","fg0105","fg0409","fg0080","fg0264","fg0623","fg0634","fg0456","fg0030","fg0230","fg0395","fg0088","fg0166","fg0125","fg0415","fg0008"
"fq002390","vx_6a8d6b0797cc6928","fg0531","1","fg0531","fg0801","fg0426","fg0562","fg0105","fg0030","fg0634","fg0264","fg0601","fg0540","fg0829","fg0125","fg0456","fg0853","fg0415","fg0088","fg0707","fg0080","fg0790","fg0623"
"fq002391","vx_6a8d6b0797cc6928","fg0531","1","fg0531","fg0801","fg0601","fg0264","fg0562","fg0166","fg0395","fg0409","fg0426","fg0650","fg0707","fg0030","fg0736","fg0196","fg0080","fg0634","fg0696","fg0020","fg0061","fg0008"
"fq002392","vx_6a8d6b0797cc6928","fg0531","1","fg0531","fg0801","fg0426","fg0264","fg0601","fg0562","fg0634","fg0976","fg0030","fg0105","fg0415","fg0707","fg0456","fg0125","fg0853","fg0074","fg0088","fg0080","fg0409","fg0674"
"fq002393","vx_6a8d6b0797cc6928","fg0531","1","fg0531","fg0801","fg0426","fg0264","fg0562","fg0030","fg0634","fg0105","fg0976","fg0853","fg0707","fg0456","fg0601","fg0415","fg0125","fg0080","fg0332","fg0315","fg0088","fg0946"
"fq002394","vx_6a8d6b0797cc6928","fg0531","1","fg0531","fg0801","fg0601","fg0426","fg0105","fg0562","fg0264","fg0409","fg0088","fg0634","fg0415","fg0456","fg0230","fg0080","fg0838","fg0395","fg0623","fg0268","fg0125","fg0707"
"fq002395","vx_6a8d6b0797cc6928","fg0531","1","fg0531","fg0801","fg0601","fg0562","fg0426","fg0105","fg0264","fg0395","fg0456","fg0634","fg0080","fg0088","fg0166","fg0030","fg0415","fg0409","fg0623","fg0125","fg0540","fg0230"
"fq002396","vx_6a8d6b0797cc6928","fg0531","1","fg0531","fg0801","fg0426","fg0601","fg0562","fg0105","fg0264","fg0409","fg0080","fg0634","fg0415","fg0456","fg0707","fg0853","fg0088","fg0838","fg0230","fg0166","fg0125","fg0395"
"fq002397","vx_6a8d6b0797cc6928","fg0531","1","fg0531","fg0801","fg0601","fg0426","fg0562","fg0264","fg0105","fg0409","fg0415","fg0456","fg0080","fg0853","fg0166","fg0634","fg0707","fg0230","fg0623","fg0008","fg0838","fg0395"
"fq002398","vx_6a8d6b0797cc6928","fg0531","1","fg0531","fg0601","fg0801","fg0562","fg0426","fg0105","fg0583","fg0409","fg0166","fg0540","fg0264","fg0080","fg0088","fg0395","fg0829","fg0839","fg0456","fg0634","fg0125","fg0008"
"fq002399","vx_6a8d6b0797cc6928","fg0531","1","fg0531","fg0801","fg0426","fg0105","fg0562","fg0264","fg0601","fg0415","fg0853","fg0634","fg0456","fg0409","fg0088","fg0707","fg0080","fg0125","fg0838","fg0443","fg0395","fg0166"
"fq002400","vx_6a8d6b0797cc6928","fg0531","1","fg0531","fg0801","fg0601","fg0426","fg0562","fg0105","fg0409","fg0264","fg0080","fg0415","fg0456","fg0634","fg0166","fg0125","fg0838","fg0707","fg0030","fg0088","fg0976","fg0395"
"fq002401","vx_6a8d6b0797cc6928","fg0531","1","fg0531","fg0801","fg0601","fg0409","fg0562","fg0426","fg0264","fg0105","fg0030","fg0976","fg0415","fg0634","fg0707","fg0166","fg0650","fg0080","fg0829","fg0235","fg0540","fg0008"
"fq002402","vx_6a8d6b0797cc6928","fg0531","1","fg0531","fg0801","fg0601","fg0562","fg0105","fg0426","fg0415","fg0264","fg0409","fg0634","fg0853","fg0456","fg0443","fg0088","fg0080","fg0829","fg0344","fg0540","fg0707","fg0125"
"fq002403","vx_f8dd0c6b6113743d","fg0532","1","fg0532","fg0244","fg0939","fg0716","fg0955","fg0338","fg0228","fg0706","fg0098","fg0471","fg0494","fg0157","fg0027","fg0120","fg0811","fg0404","fg0821","fg0330","fg0960","fg0212"
"fq002404","vx_18938eb1e727439c","fg0533","2","fg0885","fg0533","fg0527","fg0569","fg0130","fg0758","fg0936","fg0490","fg0466","fg0886","fg0573","fg0846","fg0333","fg0001","fg0388","fg0297","fg0793","fg0500","fg0123","fg0320"
"fq002405","vx_80d59b3f9e7cf353","fg0534","1","fg0534","fg0488","fg0774","fg0984","fg0813","fg0791","fg0770","fg0785","fg0313","fg0281","fg0554","fg0062","fg0391","fg0065","fg0699","fg0705","fg0741","fg0393","fg0087","fg0865"
"fq002406","vx_bd930c4cd9ba4136","fg0535","1","fg0535","fg0757","fg0479","fg0059","fg0334","fg0942","fg0843","fg0590","fg0146","fg0448","fg0174","fg0594","fg0662","fg0517","fg0411","fg0537","fg0186","fg0809","fg0835","fg0470"
"fq002407","vx_f5d953435e8f0e0c","fg0536","1","fg0536","fg0584","fg0131","fg0989","fg0464","fg0895","fg0135","fg0727","fg0922","fg0794","fg0381","fg0469","fg0749","fg0551","fg0023","fg0078","fg0627","fg0542","fg0847","fg0160"
"fq002408","vx_f5d953435e8f0e0c","fg0536","1","fg0536","fg0469","fg0895","fg0584","fg0727","fg0131","fg0989","fg0135","fg0541","fg0018","fg0922","fg0464","fg0153","fg0809","fg0794","fg0627","fg0719","fg0381","fg0937","fg0023"
"fq002409","vx_2c5fe775dd14561d","fg0537","1","fg0537","fg0394","fg0859","fg0366","fg0417","fg0274","fg0696","fg0221","fg0535","fg0029","fg0865","fg0379","fg0474","fg0541","fg0356","fg0992","fg0896","fg0757","fg0150","fg0450"
"fq002410","vx_fc40565e524e02a6","fg0538","1","fg0538","fg0956","fg0809","fg0847","fg0557","fg0153","fg0541","fg0865","fg0835","fg0382","fg0222","fg0536","fg0631","fg0018","fg0077","fg0747","fg0975","fg0638","fg0825","fg0522"
"fq002411","vx_c81a57e94a56e0ea","fg0539","1","fg0539","fg0975","fg0515","fg0907","fg0983","fg0565","fg0421","fg0627","fg0808","fg0773","fg0052","fg0522","fg0513","fg0195","fg0573","fg0141","fg0218","fg0435","fg0815","fg0936"
"fq002412","vx_e2d30ac9a55631c7","fg0540","1","fg0540","fg0368","fg0137","fg0450","fg0928","fg0836","fg0459","fg0064","fg0576","fg0232","fg0105","fg0445","fg0899","fg0183","fg0829","fg0282","fg0683","fg0493","fg0340","fg0701"
"fq002413","vx_e2d30ac9a55631c7","fg0540","1","fg0540","fg0450","fg0368","fg0183","fg0701","fg0899","fg0902","fg0805","fg0928","fg0858","fg0205","fg0374","fg0030","fg0459","fg0352","fg0629","fg0064","fg0251","fg0077","fg0744"
"fq002414","vx_e2d30ac9a55631c7","fg0540","1","fg0540","fg0137","fg0064","fg0450","fg0105","fg0368","fg0836","fg0928","fg0902","fg0459","fg0183","fg0030","fg0899","fg0205","fg0805","fg0232","fg0683","fg0829","fg0576","fg0102"
"fq002415","vx_e2d30ac9a55631c7","fg0540","1","fg0540","fg0137","fg0450","fg0836","fg0928","fg0064","fg0105","fg0368","fg0183","fg0899","fg0459","fg0232","fg0576","fg0701","fg0352","fg0902","fg0030","fg0805","fg0340","fg0205"
"fq002416","vx_ed1d1ac6deb35551","fg0541","2","fg0859","fg0541","fg0772","fg0665","fg0394","fg0537","fg0970","fg1000","fg0895","fg0696","fg0272","fg0168","fg0437","fg0180","fg0290","fg0150","fg0274","fg0197","fg0268","fg0567"
"fq002417","vx_686b5d633b6411a3","fg0542","1","fg0542","fg0135","fg0566","fg0984","fg0920","fg0360","fg0648","fg0303","fg0406","fg0964","fg0120","fg0518","fg0536","fg0570","fg0154","fg0863","fg0028","fg0363","fg0464","fg0131"
"fq002418","vx_29c0493bddb3c254","fg0543","1","fg0543","fg0596","fg0323","fg0354","fg0677","fg0342","fg0633","fg0053","fg0512","fg0646","fg0645","fg0110","fg0507","fg0218","fg0296","fg0463","fg0912","fg0773","fg0081","fg0438"
"fq002419","vx_80cae84cc530a3c8","fg0544","1","fg0544","fg0967","fg0632","fg0398","fg0207","fg0334","fg0371","fg0841","fg0374","fg0761","fg0835","fg0513","fg0588","fg0781","fg0696","fg0256","fg0367","fg0907","fg0235","fg0474"
"fq002420","vx_12d553626e41dbd0","fg0545","1","fg0545","fg0807","fg0256","fg0888","fg0691","fg0781","fg0246","fg0538","fg0759","fg0262","fg1000","fg0461","fg0474","fg0967","fg0221","fg0789","fg0894","fg0284","fg0556","fg0650"
"fq002421","vx_12d553626e41dbd0","fg0545","1","fg0545","fg0807","fg0256","fg0691","fg0888","fg0246","fg0759","fg0781","fg0538","fg0262","fg1000","fg0474","fg0967","fg0461","fg0221","fg0789","fg0284","fg0650","fg0556","fg0325"
"fq002422","vx_12d553626e41dbd0","fg0545","1","fg0545","fg0807","fg0256","fg0691","fg0888","fg0538","fg0246","fg0781","fg0759","fg0262","fg1000","fg0461","fg0967","fg0474","fg0284","fg0221","fg0894","fg0789","fg0838","fg0325"
"fq002423","vx_12d553626e41dbd0","fg0545","1","fg0545","fg0807","fg0256","fg0691","fg0538","fg0888","fg0246","fg0759","fg0781","fg0262","fg0474","fg1000","fg0967","fg0789","fg0461","fg0221","fg0284","fg0894","fg0650","fg0325"
"fq002424","vx_12d553626e41dbd0","fg0545","1","fg0545","fg0807","fg0256","fg0888","fg0691","fg0246","fg0781","fg0538","fg0262","fg0474","fg0759","fg0789","fg1000","fg0461","fg0967","fg0650","fg0221","fg0325","fg0021","fg0335"
"fq002425","vx_12d553626e41dbd0","fg0545","1","fg0545","fg0807","fg0256","fg0888","fg0691","fg0781","fg0538","fg0246","fg0262","fg0759","fg0474","fg0461","fg0967","fg1000","fg0221","fg0789","fg0235","fg0894","fg0284","fg0349"
"fq002426","vx_12d553626e41dbd0","fg0545","1","fg0545","fg0807","fg0256","fg0888","fg0691","fg0781","fg0246","fg0538","fg0474","fg0759","fg0262","fg0789","fg0650","fg0967","fg0325","fg1000","fg0461","fg0021","fg0838","fg0008"
"fq002427","vx_d75eb54384bdf5fe","fg0546","1","fg0546","fg0608","fg0919","fg0366","fg0750","fg0004","fg0427","fg0225","fg0437","fg0168","fg0541","fg0838","fg0287","fg0053","fg0076","fg0934","fg0349","fg0998","fg0251","fg0222"
"fq002428","vx_29f9ab26aa88b1b4","fg0547","1","fg0547","fg0904","fg0590","fg0017","fg0849","fg0423","fg0031","fg0951","fg0118","fg0643","fg0092","fg0293","fg0392","fg0628","fg0711","fg0697","fg0798","fg0373","fg0137","fg0658"
"fq002429","vx_f194bf58dfb37fde","fg0548","1","fg0548","fg0689","fg0759","fg0800","fg0288","fg0532","fg0337","fg0031","fg0278","fg0415","fg0723","fg0372","fg0301","fg0409","fg0377","fg0845","fg0393","fg0150","fg0460","fg0271"
"fq002430","vx_6545167ef9808fe7","fg0549","1","fg0549","fg0301","fg1000","fg0031","fg0895","fg0217","fg0501","fg0018","fg0847","fg0876","fg0541","fg0970","fg0825","fg0822","fg0522","fg0566","fg0550","fg0809","fg0934","fg0469"
"fq002431","vx_cda5ad2245065d65","fg0550","1","fg0550","fg1000","fg0549","fg0750","fg0711","fg0063","fg0892","fg0143","fg0199","fg0264","fg0566","fg0994","fg0269","fg0014","fg0516","fg0026","fg0051","fg0341","fg0825","fg0104"
"fq002432","vx_cda5ad2245065d65","fg0550","1","fg0550","fg0726","fg0269","fg0471","fg0063","fg0143","fg0010","fg1000","fg0633","fg0323","fg0264","fg0338","fg0606","fg0956","fg0712","fg0203","fg0773","fg0081","fg0549","fg0994"
"fq002433","vx_2a694076b5de0e16","fg0551","1","fg0551","fg0668","fg0945","fg0834","fg0327","fg0794","fg0612","fg0659","fg0898","fg0322","fg0184","fg0270","fg0529","fg0936","fg0183","fg0588","fg0466","fg0398","fg0464","fg0938"
"fq002434","vx_f1ecd4de670a272e","fg0552","1","fg0552","fg0944","fg0148","fg0277","fg0133","fg0524","fg0560","fg0584","fg0792","fg0016","fg0364","fg0826","fg0942","fg0001","fg0588","fg0801","fg0599","fg0761","fg0270","fg0967"
"fq002435","vx_e434c0c28065d835","fg0553","1","fg0553","fg0777","fg0699","fg0705","fg0692","fg0614","fg0417","fg0311","fg0150","fg0870","fg0357","fg0586","fg0183","fg0203","fg0537","fg0379","fg0224","fg0709","fg0748","fg0028"
"fq002436","vx_e434c0c28065d835","fg0553","1","fg0553","fg0710","fg0379","fg0870","fg0748","fg0417","fg0357","fg0705","fg0699","fg0183","fg0311","fg0614","fg0586","fg0158","fg0385","fg0305","fg0949","fg0025","fg0335","fg0692"
"fq002437","vx_e434c0c28065d835","fg0553","1","fg0553","fg0870","fg0357","fg0705","fg0417","fg0379","fg0748","fg0699","fg0385","fg0777","fg0158","fg0311","fg0339","fg0586","fg0614","fg0305","fg0692","fg0183","fg0710","fg0537"
"fq002438","vx_bdf2b6568d4f82f9","fg0554","1","fg0554","fg0791","fg0733","fg0414","fg0421","fg0360","fg0534","fg0391","fg0489","fg0056","fg0800","fg0047","fg0624","fg0153","fg0774","fg0673","fg0769","fg0975","fg0322","fg0848"
"fq002439","vx_a97cf49a7cf5ce7d","fg0555","1","fg0555","fg0706","fg0157","fg0430","fg0333","fg0402","fg0568","fg0052","fg0821","fg0729","fg0273","fg0482","fg0823","fg0804","fg0745","fg0346","fg0355","fg0678","fg0387","fg0108"
"fq002440","vx_c8f70665a0682a61","fg0556","1","fg0556","fg0528","fg0275","fg0671","fg0810","fg0525","fg0815","fg0880","fg0545","fg0090","fg0413","fg0464","fg0220","fg0729","fg0106","fg0951","fg0353","fg0114","fg0906","fg0796"
"fq002441","vx_2d1886f14de4b3d6","fg0557","1","fg0557","fg0632","fg0203","fg0638","fg0722","fg0271","fg0777","fg0155","fg0877","fg0705","fg0950","fg0959","fg0078","fg0218","fg0064","fg0522","fg0113","fg0536","fg0669","fg0666"
"fq002442","vx_76384b36a315a639","fg0558","1","fg0558","fg0021","fg0873","fg0198","fg0589","fg0283","fg0229","fg0172","fg0954","fg0008","fg0108","fg0063","fg0768","fg0621","fg0259","fg0216","fg0310","fg0010","fg0272","fg0707"
"fq002443","vx_73fb41edb7145dbc","fg0559","1","fg0559","fg0240","fg0687","fg0151","fg0083","fg0043","fg0091","fg0729","fg0444","fg0275","fg0231","fg0927","fg0820","fg0355","fg0299","fg0810","fg0092","fg0521","fg0353","fg0644"
"fq002444","vx_73fb41edb7145dbc","fg0559","1","fg0559","fg0240","fg0083","fg0927","fg0353","fg0151","fg0444","fg0419","fg0355","fg0652","fg0644","fg0729","fg0687","fg0275","fg0091","fg0159","fg0231","fg0529","fg0671","fg0854"
"fq002445","vx_73fb41edb7145dbc","fg0559","1","fg0559","fg0151","fg0687","fg0444","fg0240","fg0355","fg0043","fg0231","fg0353","fg0083","fg0092","fg0897","fg0810","fg0729","fg0275","fg0569","fg0299","fg0159","fg0140","fg0521"
"fq002446","vx_73fb41edb7145dbc","fg0559","1","fg0559","fg0151","fg0687","fg0355","fg0444","fg0083","fg0240","fg0231","fg0810","fg0275","fg0299","fg0729","fg0091","fg0353","fg0043","fg0671","fg0092","fg0159","fg0927","fg0521"
"fq002447","vx_73fb41edb7145dbc","fg0559","1","fg0559","fg0355","fg0151","fg0810","fg0275","fg0521","fg0729","fg0687","fg0299","fg0927","fg0083","fg0159","fg0240","fg0353","fg0043","fg0721","fg0444","fg0880","fg0092","fg0854"
"fq002448","vx_73fb41edb7145dbc","fg0559","1","fg0559","fg0151","fg0687","fg0355","fg0083","fg0240","fg0444","fg0729","fg0091","fg0299","fg0231","fg0810","fg0275","fg0353","fg0043","fg0140","fg0092","fg0644","fg0927","fg0159"
"fq002449","vx_73fb41edb7145dbc","fg0559","2","fg0353","fg0559","fg0151","fg0833","fg0616","fg0444","fg0355","fg0159","fg0671","fg0810","fg0275","fg0927","fg0299","fg0456","fg0090","fg0667","fg0729","fg0922","fg0652","fg0284"
"fq002450","vx_77a5a849ee014565","fg0560","3","fg0944","fg0277","fg0560","fg0148","fg0016","fg0552","fg0133","fg0364","fg0524","fg0599","fg0967","fg0789","fg0165","fg0262","fg0351","fg0246","fg0761","fg0256","fg0925","fg0582"
"fq002451","vx_886240fb2a743c49","fg0561","1","fg0561","fg0965","fg0404","fg0695","fg0701","fg0319","fg0349","fg0338","fg0758","fg0799","fg0730","fg0323","fg0381","fg0085","fg0642","fg0372","fg0364","fg0421","fg0769","fg0595"
"fq002452","vx_5f5e263ebc1bd27d","fg0562","1","fg0562","fg0218","fg0475","fg0347","fg0733","fg0587","fg0388","fg0625","fg0712","fg0126","fg0382","fg0247","fg0071","fg0474","fg0191","fg0527","fg0950","fg0519","fg0515","fg0746"
"fq002453","vx_5f5e263ebc1bd27d","fg0562","1","fg0562","fg0218","fg0475","fg0347","fg0733","fg0247","fg0388","fg0587","fg0712","fg0746","fg0519","fg0191","fg0071","fg0376","fg0307","fg0950","fg0116","fg0656","fg0531","fg0747"
"fq002454","vx_6a45877a9e63565c","fg0563","1","fg0563","fg0397","fg0066","fg0257","fg0129","fg0730","fg0127","fg0057","fg0502","fg0304","fg0463","fg0713","fg0972","fg0438","fg0228","fg0082","fg0508","fg0477","fg0867","fg0885"
"fq002455","vx_9381ea13f3d39de9","fg0564","1","fg0564","fg0814","fg0087","fg0121","fg0894","fg0062","fg0840","fg0208","fg0409","fg0864","fg0478","fg0204","fg0433","fg0812","fg0724","fg0690","fg0415","fg0697","fg0751","fg0829"
"fq002456","vx_9381ea13f3d39de9","fg0564","1","fg0564","fg0814","fg0121","fg0894","fg0204","fg0409","fg0208","fg0087","fg0697","fg0840","fg0433","fg0751","fg0829","fg0062","fg0467","fg0055","fg0864","fg0393","fg0415","fg0478"
"fq002457","vx_51908dae37c0e386","fg0565","1","fg0565","fg0211","fg0126","fg0657","fg0328","fg0398","fg0768","fg0167","fg0588","fg0411","fg0843","fg0835","fg0191","fg0018","fg0156","fg0367","fg0591","fg0227","fg0334","fg0001"
"fq002458","vx_51908dae37c0e386","fg0565","1","fg0565","fg0211","fg0126","fg0815","fg0421","fg0539","fg0513","fg0388","fg0515","fg0811","fg0843","fg0591","fg0156","fg0397","fg0173","fg0106","fg0371","fg0573","fg0768","fg0976"
"fq002459","vx_d586724bf6269b91","fg0566","1","fg0566","fg0280","fg0542","fg0891","fg0711","fg0904","fg0700","fg0104","fg0547","fg0862","fg0926","fg0590","fg0483","fg0423","fg0209","fg0459","fg0964","fg0199","fg0303","fg0107"
"fq002460","vx_d586724bf6269b91","fg0566","1","fg0566","fg0280","fg0542","fg0590","fg0684","fg0700","fg0199","fg0711","fg0549","fg0648","fg0518","fg0547","fg0984","fg0303","fg0727","fg0926","fg0423","fg0131","fg0476","fg0584"
"fq002461","vx_e6450f81282c5a25","fg0567","1","fg0567","fg0706","fg0776","fg0555","fg0988","fg0804","fg0883","fg0568","fg0969","fg0925","fg0187","fg0526","fg0287","fg0384","fg0631","fg0402","fg0674","fg0454","fg0387","fg0714"
"fq002462","vx_5afd4a9659f75afd","fg0568","1","fg0568","fg0384","fg0387","fg0346","fg0676","fg0333","fg0583","fg0527","fg0227","fg0563","fg0703","fg0973","fg0867","fg0254","fg0320","fg0430","fg0533","fg0736","fg0569","fg0130"
"fq002463","vx_4169081567318195","fg0569","1","fg0569","fg0071","fg0159","fg0778","fg0270","fg0885","fg0936","fg0525","fg0729","fg0490","fg0533","fg0749","fg0867","fg0768","fg0682","fg0299","fg0527","fg0910","fg0656","fg0130"
"fq002464","vx_4169081567318195","fg0569","1","fg0569","fg0533","fg0936","fg0968","fg0885","fg0130","fg0867","fg0690","fg0490","fg0159","fg0525","fg0729","fg0071","fg0595","fg0719","fg0333","fg0910","fg0907","fg0057","fg0500"
"fq002465","vx_a4749ff598aca5c0","fg0570","1","fg0570","fg0461","fg0028","fg0855","fg0069","fg0560","fg0906","fg0413","fg0190","fg0912","fg0980","fg0612","fg0761","fg0542","fg0842","fg0029","fg0375","fg0374","fg0609","fg0763"
"fq002466","vx_a4749ff598aca5c0","fg0570","1","fg0570","fg0461","fg0912","fg0906","fg0855","fg0560","fg0413","fg0542","fg0277","fg0148","fg0375","fg0477","fg0857","fg0152","fg0364","fg0944","fg0029","fg0028","fg0612","fg0292"
"fq002467","vx_a4749ff598aca5c0","fg0570","1","fg0570","fg0461","fg0029","fg0906","fg0912","fg0560","fg0028","fg0980","fg0375","fg0735","fg0477","fg0190","fg0612","fg0413","fg0938","fg0292","fg0360","fg0855","fg0277","fg0542"
"fq002468","vx_a4749ff598aca5c0","fg0570","1","fg0570","fg0461","fg0912","fg0560","fg0842","fg0612","fg0277","fg0761","fg0148","fg0906","fg0542","fg0373","fg0584","fg0190","fg0944","fg0375","fg0121","fg0735","fg0908","fg0364"
"fq002469","vx_a4749ff598aca5c0","fg0570","1","fg0570","fg0461","fg0560","fg0028","fg0069","fg0761","fg0842","fg0190","fg0375","fg0542","fg0413","fg0912","fg0855","fg0612","fg0906","fg0161","fg0689","fg0148","fg0980","fg0277"
"fq002470","vx_a4749ff598aca5c0","fg0570","1","fg0570","fg0461","fg0912","fg0906","fg0560","fg0855","fg0542","fg0857","fg0277","fg0028","fg0148","fg0413","fg0944","fg0152","fg0292","fg0308","fg0938","fg0375","fg0029","fg0477"
"fq002471","vx_a4749ff598aca5c0","fg0570","1","fg0570","fg0461","fg0912","fg0560","fg0148","fg0842","fg0277","fg0612","fg0906","fg0241","fg0944","fg0224","fg0375","fg0542","fg0761","fg0807","fg0855","fg0938","fg0364","fg0781"
"fq002472","vx_f236c8ff48c0a882","fg0571","1","fg0571","fg0526","fg0461","fg0443","fg0696","fg0053","fg0400","fg0689","fg0790","fg0611","fg0234","fg0361","fg0764","fg0788","fg0800","fg0241","fg0567","fg0306","fg0668","fg0427"
"fq002473","vx_58e3400eb49e70ac","fg0572","1","fg0572","fg0839","fg0884","fg0796","fg0373","fg0423","fg0755","fg0865","fg0036","fg0092","fg0150","fg0209","fg0123","fg0043","fg0049","fg0688","fg0013","fg0242","fg0496","fg0180"
"fq002474","vx_58e3400eb49e70ac","fg0572","1","fg0572","fg0839","fg0884","fg0423","fg0796","fg0373","fg0755","fg0036","fg0150","fg0688","fg0180","fg0865","fg0547","fg0119","fg0209","fg0123","fg0399","fg0496","fg0013","fg0049"
"fq002475","vx_58e3400eb49e70ac","fg0572","1","fg0572","fg0839","fg0796","fg0884","fg0423","fg0036","fg0688","fg0755","fg0150","fg0180","fg0209","fg0123","fg0119","fg0399","fg0711","fg0049","fg0111","fg0547","fg0373","fg0101"
"fq002476","vx_58e3400eb49e70ac","fg0572","1","fg0572","fg0839","fg0884","fg0796","fg0423","fg0036","fg0373","fg0755","fg0150","fg0688","fg0865","fg0049","fg0123","fg0180","fg0119","fg0209","fg0013","fg0547","fg0092","fg0043"
"fq002477","vx_58e3400eb49e70ac","fg0572","1","fg0572","fg0796","fg0884","fg0423","fg0839","fg0036","fg0755","fg0209","fg0688","fg0399","fg0150","fg0207","fg0853","fg0711","fg0119","fg0316","fg0896","fg0496","fg0373","fg0547"
"fq002478","vx_58e3400eb49e70ac","fg0572","1","fg0572","fg0839","fg0884","fg0796","fg0373","fg0049","fg0123","fg0036","fg0423","fg0755","fg0180","fg0150","fg0013","fg0688","fg0865","fg0486","fg0242","fg0119","fg0092","fg0209"
"fq002479","vx_58e3400eb49e70ac","fg0572","1","fg0572","fg0796","fg0884","fg0839","fg0755","fg0036","fg0423","fg0150","fg0688","fg0399","fg0316","fg0180","fg0013","fg0308","fg0119","fg0373","fg0224","fg0209","fg0291","fg0101"
"fq002480","vx_58e3400eb49e70ac","fg0572","1","fg0572","fg0884","fg0839","fg0796","fg0423","fg0036","fg0755","fg0209","fg0150","fg0399","fg0688","fg0373","fg0049","fg0180","fg0119","fg0547","fg0101","fg0013","fg0904","fg0293"
"fq002481","vx_0bbebab6bc5d304a","fg0573","5","fg0942","fg0106","fg0843","fg0039","fg0573","fg0907","fg0211","fg0059","fg0397","fg0475","fg0976","fg0367","fg0811","fg0657","fg0126","fg0015","fg0588","fg0712","fg0334","fg0490"
"fq002482","vx_0bbebab6bc5d304a","fg0573","1","fg0573","fg0421","fg0397","fg0211","fg0039","fg0126","fg0843","fg0147","fg0490","fg0588","fg0474","fg0936","fg0733","fg0350","fg0972","fg0539","fg0907","fg0811","fg0411","fg0082"
"fq002483","vx_0bbebab6bc5d304a","fg0573","1","fg0573","fg0421","fg0397","fg0039","fg0147","fg0843","fg0539","fg0126","fg0907","fg0972","fg0211","fg0733","fg0811","fg0474","fg0490","fg0588","fg0350","fg0778","fg0411","fg0106"
"fq002484","vx_0bbebab6bc5d304a","fg0573","1","fg0573","fg0397","fg0039","fg0843","fg0421","fg0126","fg0211","fg0907","fg0474","fg0350","fg0972","fg0147","fg0106","fg0490","fg0811","fg0942","fg0367","fg0025","fg0588","fg0411"
"fq002485","vx_0bbebab6bc5d304a","fg0573","1","fg0573","fg0421","fg0397","fg0039","fg0843","fg0126","fg0147","fg0211","fg0474","fg0490","fg0539","fg0350","fg0972","fg0588","fg0733","fg0907","fg0411","fg0082","fg0778","fg0936"
"fq002486","vx_acc455d74aa65a6e","fg0574","1","fg0574","fg0392","fg0389","fg0964","fg0607","fg0884","fg0333","fg0166","fg0431","fg0613","fg0612","fg0065","fg0604","fg0874","fg0569","fg0719","fg0684","fg0979","fg0104","fg0853"
"fq002487","vx_acc455d74aa65a6e","fg0574","1","fg0574","fg0392","fg0389","fg0884","fg0333","fg0607","fg0431","fg0964","fg0129","fg0320","fg0166","fg0501","fg0363","fg0758","fg0979","fg0569","fg0874","fg0719","fg0613","fg0390"
"fq002488","vx_acc455d74aa65a6e","fg0574","1","fg0574","fg0392","fg0389","fg0884","fg0333","fg0607","fg0964","fg0166","fg0431","fg0501","fg0569","fg0320","fg0363","fg0065","fg0719","fg0613","fg0390","fg0758","fg0182","fg0853"
"fq002489","vx_acc455d74aa65a6e","fg0574","1","fg0574","fg0392","fg0389","fg0884","fg0333","fg0607","fg0964","fg0612","fg0166","fg0431","fg0501","fg0569","fg0705","fg0019","fg0684","fg0661","fg0065","fg0363","fg0874","fg0129"
"fq002490","vx_acc455d74aa65a6e","fg0574","1","fg0574","fg0392","fg0389","fg0884","fg0333","fg0607","fg0964","fg0166","fg0431","fg0569","fg0363","fg0501","fg0129","fg0065","fg0612","fg0019","fg0661","fg0874","fg0758","fg0741"
"fq002491","vx_b1d2984a216927cf","fg0575","1","fg0575","fg0439","fg0075","fg0236","fg0370","fg0845","fg0237","fg0094","fg0041","fg0119","fg0953","fg0850","fg0799","fg0225","fg0189","fg0996","fg0258","fg0152","fg0213","fg0504"
"fq002492","vx_79da32edfd0f8004","fg0576","1","fg0576","fg0915","fg0926","fg0155","fg0665","fg0340","fg0454","fg0410","fg0282","fg0271","fg0798","fg0613","fg0209","fg0170","fg0844","fg0540","fg0494","fg0680","fg0788","fg0984"
"fq002493","vx_c0228351e8108922","fg0577","1","fg0577","fg0828","fg0400","fg0226","fg0361","fg0241","fg0744","fg0021","fg0315","fg0119","fg0283","fg0216","fg0888","fg0704","fg0668","fg0049","fg0617","fg0938","fg0388","fg0373"
"fq002494","vx_c0228351e8108922","fg0577","1","fg0577","fg0400","fg0828","fg0226","fg0361","fg0744","fg0049","fg0315","fg0119","fg0241","fg0560","fg0388","fg0216","fg0283","fg0631","fg0944","fg0775","fg0148","fg0087","fg0734"
"fq002495","vx_6b8ee4b0977c3be5","fg0578","1","fg0578","fg0867","fg0931","fg0155","fg0054","fg0874","fg0889","fg0973","fg0851","fg0703","fg0660","fg0170","fg0768","fg0219","fg0334","fg0575","fg0817","fg0006","fg0421","fg0948"
"fq002496","vx_6b8ee4b0977c3be5","fg0578","1","fg0578","fg0973","fg0851","fg0850","fg0050","fg0867","fg0054","fg0509","fg0889","fg0583","fg0931","fg0703","fg0219","fg0155","fg0607","fg0167","fg0257","fg0977","fg0568","fg0836"
"fq002497","vx_87630f0aebb78d63","fg0579","1","fg0579","fg0934","fg0541","fg0070","fg0018","fg0922","fg0153","fg0046","fg0859","fg0870","fg0681","fg0892","fg0878","fg0897","fg0938","fg0031","fg0043","fg0970","fg0794","fg0318"
"fq002498","vx_85d4673af5495908","fg0580","1","fg0580","fg0413","fg0819","fg0776","fg0344","fg0212","fg0643","fg0918","fg0185","fg0203","fg0492","fg0712","fg0161","fg0900","fg0234","fg0743","fg0405","fg0664","fg0830","fg0033"
"fq002499","vx_ce65eec3df007d0e","fg0581","1","fg0581","fg0617","fg0009","fg0766","fg0339","fg0158","fg0949","fg0198","fg0223","fg0326","fg0862","fg0635","fg0516","fg0072","fg0720","fg0961","fg0074","fg0385","fg0718","fg0553"
"fq002500","vx_6ddb7bfe61d890cc","fg0582","1","fg0582","fg0876","fg0101","fg0493","fg0629","fg0178","fg0351","fg0308","fg0803","fg0585","fg0149","fg0822","fg0474","fg0098","fg0148","fg0797","fg0842","fg0235","fg0861","fg0030"
"fq002501","vx_6ddb7bfe61d890cc","fg0582","1","fg0582","fg0876","fg0101","fg0822","fg0351","fg0493","fg0308","fg0629","fg0178","fg0797","fg0803","fg0585","fg0842","fg0670","fg0617","fg0474","fg0277","fg0944","fg0135","fg0030"
"fq002502","vx_6ddb7bfe61d890cc","fg0582","1","fg0582","fg0622","fg0644","fg0352","fg0881","fg0247","fg0744","fg0083","fg0515","fg0902","fg0013","fg0098","fg0383","fg0351","fg0797","fg0803","fg0328","fg0021","fg0191","fg0517"
"fq002503","vx_c0bf7217b4d65a5b","fg0583","1","fg0583","fg0313","fg0224","fg0500","fg0035","fg0936","fg0886","fg0267","fg0737","fg0205","fg0355","fg0884","fg0357","fg0363","fg0130","fg0661","fg0162","fg0527","fg0304","fg0569"
"fq002504","vx_c0bf7217b4d65a5b","fg0583","1","fg0583","fg0313","fg0224","fg0936","fg0357","fg0267","fg0162","fg0355","fg0500","fg0737","fg0821","fg0205","fg0938","fg0363","fg0886","fg0035","fg0320","fg0417","fg0029","fg0466"
"fq002505","vx_c0bf7217b4d65a5b","fg0583","1","fg0583","fg0313","fg0224","fg0357","fg0267","fg0936","fg0886","fg0355","fg0363","fg0162","fg0737","fg0205","fg0320","fg0130","fg0884","fg0500","fg0821","fg0197","fg0860","fg0035"
"fq002506","vx_c0bf7217b4d65a5b","fg0583","1","fg0583","fg0313","fg0224","fg0936","fg0267","fg0500","fg0162","fg0355","fg0130","fg0357","fg0737","fg0884","fg0363","fg0821","fg0304","fg0569","fg0886","fg0661","fg0938","fg0035"
"fq002507","vx_c0bf7217b4d65a5b","fg0583","1","fg0583","fg0313","fg0224","fg0162","fg0936","fg0357","fg0267","fg0500","fg0355","fg0363","fg0205","fg0737","fg0886","fg0884","fg0821","fg0029","fg0782","fg0035","fg0320","fg0938"
"fq002508","vx_c0bf7217b4d65a5b","fg0583","1","fg0583","fg0313","fg0224","fg0936","fg0267","fg0357","fg0162","fg0241","fg0355","fg0298","fg0320","fg0500","fg0938","fg0084","fg0527","fg0363","fg0417","fg0029","fg0503","fg0737"
"fq002509","vx_c0bf7217b4d65a5b","fg0583","234","fg0865","fg0572","fg0839","fg0176","fg0534","fg0089","fg0798","fg0476","fg0898","fg0591","fg0273","fg0499","fg0391","fg0343","fg0332","fg0688","fg0711","fg0141","fg0687","fg0132"
"fq002510","vx_c0bf7217b4d65a5b","fg0583","1","fg0583","fg0313","fg0224","fg0355","fg0162","fg0363","fg0267","fg0936","fg0500","fg0357","fg0884","fg0737","fg0886","fg0821","fg0130","fg0205","fg0304","fg0653","fg0035","fg0846"
"fq002511","vx_c0bf7217b4d65a5b","fg0583","1","fg0583","fg0313","fg0224","fg0162","fg0500","fg0267","fg0357","fg0821","fg0936","fg0355","fg0320","fg0737","fg0886","fg0674","fg0130","fg0205","fg0884","fg0642","fg0197","fg0182"
"fq002512","vx_c0bf7217b4d65a5b","fg0583","1","fg0583","fg0224","fg0313","fg0267","fg0162","fg0500","fg0357","fg0363","fg0355","fg0205","fg0130","fg0936","fg0886","fg0029","fg0737","fg0035","fg0884","fg0729","fg0782","fg0821"
"fq002513","vx_c0bf7217b4d65a5b","fg0583","1","fg0583","fg0313","fg0884","fg0130","fg0224","fg0886","fg0267","fg0363","fg0737","fg0320","fg0182","fg0500","fg0355","fg0029","fg0509","fg0983","fg0574","fg0936","fg0389","fg0357"
"fq002514","vx_c0bf7217b4d65a5b","fg0583","1","fg0583","fg0313","fg0224","fg0357","fg0936","fg0162","fg0355","fg0737","fg0938","fg0886","fg0500","fg0267","fg0821","fg0363","fg0035","fg0884","fg0661","fg0029","fg0320","fg0653"
"fq002515","vx_c0bf7217b4d65a5b","fg0583","1","fg0583","fg0313","fg0224","fg0936","fg0267","fg0162","fg0821","fg0355","fg0357","fg0500","fg0320","fg0886","fg0884","fg0938","fg0737","fg0363","fg0035","fg0661","fg0578","fg0241"
"fq002516","vx_c0bf7217b4d65a5b","fg0583","125","fg0534","fg0391","fg0572","fg0141","fg0476","fg0113","fg0839","fg0176","fg0865","fg0798","fg0268","fg0499","fg0952","fg0273","fg0688","fg0209","fg0755","fg0849","fg0796","fg0150"
"fq002517","vx_c0bf7217b4d65a5b","fg0583","1","fg0583","fg0313","fg0224","fg0500","fg0162","fg0886","fg0355","fg0357","fg0267","fg0936","fg0363","fg0737","fg0884","fg0130","fg0205","fg0846","fg0035","fg0320","fg0466","fg0653"
"fq002518","vx_85c84fb052b16a5d","fg0584","1","fg0584","fg0270","fg0469","fg0552","fg0536","fg0835","fg0001","fg0588","fg0889","fg0936","fg0298","fg0749","fg0847","fg0742","fg0159","fg0781","fg0297","fg0123","fg0599","fg0169"
"fq002519","vx_85c84fb052b16a5d","fg0584","1","fg0584","fg0270","fg0552","fg0469","fg0588","fg0936","fg0001","fg0536","fg0835","fg0889","fg0749","fg0298","fg0159","fg0364","fg0910","fg0742","fg0297","fg0169","fg0334","fg0599"
"fq002520","vx_a76b36a8a7c4e5d9","fg0585","1","fg0585","fg0178","fg0132","fg0946","fg0582","fg0465","fg0650","fg0312","fg0481","fg0079","fg0761","fg0220","fg0200","fg0725","fg0070","fg0363","fg0493","fg0791","fg0089","fg0661"
"fq002521","vx_a76b36a8a7c4e5d9","fg0585","1","fg0585","fg0178","fg0132","fg0582","fg0650","fg0493","fg0865","fg0503","fg0465","fg0481","fg0510","fg0312","fg0946","fg0235","fg0070","fg0079","fg0938","fg0261","fg0629","fg0363"
"fq002522","vx_6b5b3bb704c53f85","fg0586","1","fg0586","fg0748","fg0708","fg0268","fg0180","fg0870","fg0360","fg0901","fg0002","fg0786","fg0992","fg0665","fg0553","fg0391","fg0818","fg0470","fg0341","fg0949","fg0089","fg0710"
"fq002523","vx_6b5b3bb704c53f85","fg0586","1","fg0586","fg0360","fg0708","fg0870","fg0180","fg0665","fg0268","fg0553","fg0748","fg0470","fg0992","fg0025","fg0949","fg0002","fg0391","fg0890","fg0710","fg0772","fg0877","fg0024"
"fq002524","vx_b95761d7f77a3e20","fg0587","1","fg0587","fg0642","fg0889","fg0388","fg0622","fg0071","fg0733","fg0747","fg0371","fg0421","fg0562","fg0692","fg0334","fg0573","fg0768","fg0214","fg0247","fg0191","fg0656","fg0805"
"fq002525","vx_6b448b50227cc3fc","fg0588","1","fg0588","fg0843","fg0657","fg0211","fg0411","fg0630","fg0490","fg0768","fg0573","fg0569","fg0976","fg0001","fg0835","fg0334","fg0528","fg0191","fg0082","fg0907","fg0297","fg0279"
"fq002526","vx_0b1f3b3a8cda7d44","fg0589","1","fg0589","fg0695","fg0934","fg0722","fg0018","fg0214","fg0227","fg0046","fg0792","fg0897","fg0039","fg0749","fg0804","fg0108","fg0310","fg0172","fg0228","fg0768","fg0233","fg0970"
"fq002527","vx_97c73c9265c0bd7b","fg0590","1","fg0590","fg0031","fg0150","fg0112","fg0817","fg0118","fg0301","fg0547","fg0780","fg0204","fg0826","fg0121","fg0725","fg0862","fg0519","fg0777","fg0804","fg0709","fg0762","fg0271"
"fq002528","vx_97c73c9265c0bd7b","fg0590","1","fg0590","fg0623","fg0118","fg0847","fg0112","fg0150","fg0732","fg0121","fg0448","fg0362","fg0956","fg0276","fg0547","fg0809","fg0825","fg0204","fg0535","fg0970","fg0494","fg0780"
"fq002529","vx_c51dc8be2447219e","fg0591","1","fg0591","fg0126","fg0704","fg0614","fg0733","fg0453","fg0777","fg0705","fg0312","fg0025","fg0688","fg0778","fg0565","fg0490","fg0334","fg0350","fg0180","fg0388","fg0039","fg0123"
"fq002530","vx_33fb3ac188ce863e","fg0592","1","fg0592","fg0532","fg0740","fg0288","fg0604","fg0261","fg0067","fg0941","fg0519","fg0376","fg0332","fg0686","fg0809","fg0143","fg0656","fg0282","fg0218","fg0573","fg0093","fg0773"
"fq002531","vx_ff0cfcfe583472c3","fg0593","1","fg0593","fg0347","fg0078","fg0285","fg0632","fg0406","fg0560","fg0364","fg0471","fg0210","fg0277","fg0944","fg0489","fg0666","fg0536","fg0613","fg0169","fg0773","fg0652","fg0538"
"fq002532","vx_ff0cfcfe583472c3","fg0593","1","fg0593","fg0560","fg0364","fg0078","fg0944","fg0536","fg0347","fg0277","fg0135","fg0722","fg0285","fg0632","fg0773","fg0638","fg0210","fg0471","fg0406","fg0148","fg0950","fg0381"
"fq002533","vx_6ef915b8de7c6201","fg0594","1","fg0594","fg0025","fg0015","fg0067","fg0388","fg0039","fg0126","fg0350","fg0941","fg0916","fg0515","fg0438","fg0855","fg0573","fg0214","fg0117","fg0068","fg0852","fg0307","fg0803"
"fq002534","vx_a29a02dcc986584d","fg0595","139","fg0500","fg0324","fg0142","fg0624","fg0600","fg0885","fg0943","fg0733","fg0317","fg0746","fg0469","fg0186","fg0533","fg0682","fg0225","fg0820","fg0206","fg0393","fg0078","fg0097"
"fq002535","vx_428d8eee5d7a7144","fg0596","1","fg0596","fg0543","fg0645","fg0354","fg0492","fg0989","fg0912","fg0999","fg0342","fg0409","fg0309","fg0438","fg0754","fg0198","fg0356","fg0507","fg0275","fg0353","fg0215","fg0154"
"fq002536","vx_78e989cd46241524","fg0597","1","fg0597","fg0780","fg0787","fg0682","fg0991","fg0079","fg0060","fg0042","fg0371","fg0717","fg0865","fg0693","fg0414","fg0969","fg0402","fg0943","fg0999","fg0687","fg0848","fg0470"
"fq002537","vx_5779b5a4b7547853","fg0598","1","fg0598","fg0606","fg0192","fg0440","fg0384","fg0788","fg0669","fg0977","fg0965","fg0068","fg0979","fg0738","fg0708","fg0703","fg0358","fg0269","fg0973","fg0341","fg0063","fg0003"
"fq002538","vx_5779b5a4b7547853","fg0598","1","fg0598","fg0606","fg0440","fg0669","fg0227","fg0192","fg0979","fg0977","fg0384","fg0738","fg0973","fg0068","fg0703","fg0063","fg0444","fg0788","fg0296","fg0358","fg0027","fg0603"
"fq002539","vx_807e4756b8037c20","fg0599","1","fg0599","fg0407","fg0524","fg0560","fg0133","fg0148","fg0944","fg0958","fg0364","fg0584","fg0381","fg0781","fg0277","fg0213","fg0016","fg0789","fg0022","fg0925","fg0619","fg0551"
"fq002540","vx_d34b7b9f06a7d24e","fg0600","1","fg0600","fg0486","fg0802","fg0713","fg0201","fg0968","fg0129","fg0478","fg0620","fg0482","fg0812","fg0637","fg0259","fg0506","fg0687","fg0087","fg0820","fg0449","fg0140","fg0406"
"fq002541","vx_f2eceffc6631b227","fg0601","1","fg0601","fg0230","fg0531","fg0235","fg0681","fg0096","fg0491","fg0788","fg0107","fg0082","fg0839","fg0905","fg0691","fg0530","fg0685","fg0008","fg0414","fg0657","fg0199","fg0702"
"fq002542","vx_f2eceffc6631b227","fg0601","1","fg0601","fg0531","fg0681","fg0235","fg0230","fg0839","fg0685","fg0905","fg0691","fg0008","fg0491","fg0615","fg0580","fg0189","fg0822","fg0409","fg0215","fg0096","fg0562","fg0620"
"fq002543","vx_f2eceffc6631b227","fg0601","1","fg0601","fg0531","fg0230","fg0681","fg0096","fg0491","fg0235","fg0691","fg0615","fg0008","fg0788","fg0685","fg0935","fg0082","fg0849","fg0839","fg0398","fg0166","fg0905","fg0189"
"fq002544","vx_79d57a02a9fe67a4","fg0602","1","fg0602","fg0472","fg0253","fg0408","fg0530","fg0165","fg0833","fg0493","fg0987","fg0188","fg0459","fg0230","fg0150","fg0686","fg0788","fg0222","fg0475","fg0891","fg0592","fg0330"
"fq002545","vx_79d57a02a9fe67a4","fg0602","1","fg0602","fg0472","fg0253","fg0530","fg0408","fg0833","fg0188","fg0165","fg0987","fg0107","fg0459","fg0230","fg0891","fg0592","fg0150","fg0429","fg0493","fg0475","fg0686","fg0788"
"fq002546","vx_ca7128983d4f35c4","fg0603","1","fg0603","fg0471","fg0494","fg0759","fg0919","fg0985","fg0006","fg0950","fg0192","fg0473","fg0027","fg0081","fg0545","fg0773","fg0606","fg0738","fg0825","fg0338","fg0532","fg0358"
"fq002547","vx_ca7128983d4f35c4","fg0603","1","fg0603","fg0471","fg0606","fg0985","fg0081","fg0494","fg0192","fg0773","fg0950","fg0919","fg0227","fg0084","fg0323","fg0832","fg0963","fg0825","fg0956","fg0027","fg0248","fg0404"
"fq002548","vx_db39700dcd143742","fg0604","1","fg0604","fg0077","fg0956","fg0719","fg0592","fg0402","fg0574","fg0674","fg0483","fg0709","fg0455","fg0878","fg0037","fg0964","fg0578","fg0352","fg0157","fg0642","fg0809","fg0160"
"fq002549","vx_67117d03b1c2efa3","fg0605","1","fg0605","fg0995","fg0714","fg0975","fg0959","fg0702","fg0819","fg0886","fg0336","fg0940","fg0776","fg0756","fg0526","fg0674","fg0156","fg0792","fg0252","fg0042","fg0506","fg0265"
"fq002550","vx_67117d03b1c2efa3","fg0605","1","fg0605","fg0995","fg0975","fg0702","fg0336","fg0212","fg0924","fg0886","fg0819","fg0156","fg0418","fg0526","fg0265","fg0043","fg0674","fg0252","fg0714","fg0281","fg0940","fg0217"
"fq002551","vx_bde27c74d8dd7aec","fg0606","1","fg0606","fg0598","fg0192","fg0358","fg0603","fg0063","fg0871","fg0918","fg0081","fg0712","fg0341","fg0084","fg0269","fg0850","fg0323","fg0633","fg0965","fg0700","fg0985","fg0963"
"fq002552","vx_bde27c74d8dd7aec","fg0606","1","fg0606","fg0358","fg0192","fg0598","fg0081","fg0603","fg0084","fg0323","fg0871","fg0965","fg0963","fg0712","fg0633","fg0341","fg0985","fg0006","fg0700","fg0850","fg0063","fg0918"
"fq002553","vx_89fb4442a305734d","fg0607","1","fg0607","fg0203","fg0069","fg0606","fg0254","fg0574","fg0632","fg0097","fg0292","fg0276","fg0527","fg0765","fg0851","fg0321","fg0684","fg0293","fg0329","fg0115","fg0374","fg0664"
"fq002554","vx_f7d760e2c2de59a8","fg0608","1","fg0608","fg0546","fg0004","fg0366","fg0934","fg0443","fg0053","fg0120","fg0428","fg0998","fg0225","fg0501","fg0694","fg0935","fg0838","fg0952","fg1000","fg0125","fg0041","fg0437"
"fq002555","vx_f7d760e2c2de59a8","fg0608","1","fg0608","fg0546","fg0366","fg0934","fg0004","fg0443","fg0053","fg0225","fg0120","fg0428","fg0998","fg0501","fg1000","fg0437","fg0952","fg0168","fg0920","fg0919","fg0180","fg0750"
"fq002556","vx_f7d760e2c2de59a8","fg0608","1","fg0608","fg0546","fg0366","fg0443","fg0004","fg0934","fg0053","fg0120","fg0225","fg0998","fg0428","fg0501","fg0935","fg0856","fg0694","fg0952","fg0920","fg0041","fg0838","fg0125"
"fq002557","vx_763070f2cacf6510","fg0609","1","fg0609","fg0357","fg0553","fg0206","fg0224","fg0753","fg0692","fg0136","fg0162","fg0315","fg0024","fg0274","fg0298","fg0355","fg0503","fg0782","fg0313","fg0683","fg0056","fg0946"
"fq002558","vx_72d007e702ba4d94","fg0610","1","fg0610","fg0380","fg0539","fg0896","fg0034","fg0372","fg0111","fg0248","fg0128","fg0288","fg0323","fg0841","fg0669","fg0240","fg0081","fg0207","fg0252","fg0189","fg0006","fg0294"
"fq002559","vx_72d007e702ba4d94","fg0610","1","fg0610","fg0380","fg0539","fg0372","fg0896","fg0248","fg0111","fg0081","fg0034","fg0338","fg0288","fg0240","fg0273","fg0294","fg0554","fg0323","fg0622","fg0841","fg0189","fg0421"
"fq002560","vx_72d007e702ba4d94","fg0610","1","fg0610","fg0539","fg0380","fg0372","fg0667","fg0481","fg0081","fg0444","fg0963","fg0576","fg0505","fg0323","fg0151","fg0421","fg0294","fg0037","fg0669","fg0153","fg0975","fg0416"
"fq002561","vx_72d007e702ba4d94","fg0610","1","fg0610","fg0380","fg0896","fg0539","fg0111","fg0576","fg0115","fg0754","fg0669","fg0034","fg0150","fg0294","fg0822","fg0602","fg0345","fg0189","fg0091","fg0248","fg0783","fg0010"
"fq002562","vx_72d007e702ba4d94","fg0610","1","fg0610","fg0380","fg0539","fg0372","fg0896","fg0554","fg0294","fg0323","fg0669","fg0081","fg0543","fg0975","fg0240","fg0963","fg0189","fg0754","fg0153","fg0338","fg0421","fg0248"
"fq002563","vx_72d007e702ba4d94","fg0610","1","fg0610","fg0380","fg0539","fg0896","fg0248","fg0111","fg0034","fg0372","fg0081","fg0288","fg0189","fg0323","fg0252","fg0115","fg0420","fg0841","fg0006","fg0294","fg0422","fg0669"
"fq002564","vx_cbf089aebfe3886f","fg0611","1","fg0611","fg0074","fg0413","fg0216","fg0079","fg0287","fg0838","fg0717","fg0961","fg0344","fg0958","fg0317","fg0369","fg0906","fg0910","fg0613","fg0969","fg0727","fg0599","fg0060"
"fq002565","vx_286a4f3bdd9e8a22","fg0612","1","fg0612","fg0668","fg0560","fg0184","fg0207","fg0098","fg0328","fg0925","fg0387","fg0544","fg0629","fg0374","fg0742","fg0995","fg0571","fg0307","fg0224","fg0241","fg0248","fg0227"
"fq002566","vx_286a4f3bdd9e8a22","fg0612","1","fg0612","fg0668","fg0742","fg0184","fg0327","fg0560","fg0419","fg0770","fg0794","fg0925","fg0551","fg0249","fg0176","fg0227","fg0288","fg0099","fg0148","fg0046","fg0558","fg0364"
"fq002567","vx_286a4f3bdd9e8a22","fg0612","1","fg0612","fg0668","fg0742","fg0184","fg0327","fg0551","fg0560","fg0794","fg0770","fg0249","fg0989","fg0419","fg0925","fg0570","fg0460","fg0098","fg0779","fg0021","fg0863","fg0947"
"fq002568","vx_286a4f3bdd9e8a22","fg0612","1","fg0612","fg0668","fg0560","fg0742","fg0327","fg0184","fg0794","fg0770","fg0551","fg0249","fg0925","fg0989","fg0176","fg0779","fg0148","fg0419","fg0364","fg0947","fg0570","fg0558"
"fq002569","vx_286a4f3bdd9e8a22","fg0612","1","fg0612","fg0668","fg0327","fg0794","fg0551","fg0560","fg0925","fg0742","fg0770","fg0184","fg0460","fg0148","fg0288","fg0249","fg0570","fg0271","fg0102","fg0098","fg0524","fg0789"
"fq002570","vx_286a4f3bdd9e8a22","fg0612","1","fg0612","fg0184","fg0668","fg0082","fg0925","fg0794","fg0560","fg0098","fg0327","fg0148","fg0704","fg0176","fg0207","fg0328","fg0265","fg0387","fg0620","fg0770","fg0460","fg0742"
"fq002571","vx_b620f6dc8f0bdd63","fg0613","1","fg0613","fg0336","fg0320","fg0058","fg0079","fg0676","fg0969","fg0454","fg0959","fg0829","fg0593","fg0182","fg0057","fg0917","fg0574","fg0489","fg0846","fg0915","fg0605","fg0717"
"fq002572","vx_4f9b3d9343fd540f","fg0614","1","fg0614","fg0777","fg0699","fg0475","fg0705","fg0704","fg0591","fg0082","fg0330","fg0882","fg0957","fg0106","fg0247","fg0753","fg0025","fg0632","fg0928","fg0519","fg0657","fg0998"
"fq002573","vx_4f9b3d9343fd540f","fg0614","1","fg0614","fg0777","fg0699","fg0705","fg0704","fg0475","fg0591","fg0957","fg0082","fg0632","fg0106","fg0882","fg0025","fg0519","fg0841","fg0753","fg0330","fg0998","fg0620","fg0247"
"fq002574","vx_4f9b3d9343fd540f","fg0614","1","fg0614","fg0699","fg0777","fg0705","fg0475","fg0704","fg0488","fg0082","fg0957","fg0591","fg0882","fg0632","fg0928","fg0753","fg0657","fg0919","fg0741","fg0025","fg0519","fg0998"
"fq002575","vx_4f9b3d9343fd540f","fg0614","1","fg0614","fg0777","fg0699","fg0705","fg0704","fg0957","fg0475","fg0591","fg0082","fg0882","fg0632","fg0753","fg0519","fg0998","fg0928","fg0025","fg0488","fg0741","fg0106","fg0657"
"fq002576","vx_430fc050d73d20e1","fg0615","1","fg0615","fg0849","fg0006","fg0928","fg0905","fg0004","fg0405","fg0818","fg0731","fg0601","fg0726","fg0580","fg0491","fg0830","fg0158","fg0626","fg0691","fg0180","fg0433","fg0679"
"fq002577","vx_430fc050d73d20e1","fg0615","1","fg0615","fg0034","fg0905","fg0818","fg0928","fg0849","fg0748","fg0144","fg0601","fg0900","fg0731","fg0405","fg0168","fg0006","fg0691","fg0626","fg0004","fg0674","fg0055","fg0329"
"fq002578","vx_aa610d55d4b3ec50","fg0616","1","fg0616","fg0036","fg0867","fg0420","fg0896","fg0816","fg0441","fg0057","fg0731","fg0090","fg0107","fg0287","fg0824","fg0353","fg0455","fg0987","fg0730","fg1000","fg0869","fg0387"
"fq002579","vx_b58f8f2a38b92cc2","fg0617","1","fg0617","fg0857","fg0888","fg0361","fg0351","fg0400","fg0938","fg0581","fg0828","fg0577","fg0582","fg0021","fg0705","fg0797","fg0308","fg0093","fg0807","fg0114","fg0689","fg0571"
"fq002580","vx_b58f8f2a38b92cc2","fg0617","1","fg0617","fg0857","fg0938","fg0361","fg0888","fg0351","fg0400","fg0582","fg0308","fg0828","fg0577","fg0581","fg0705","fg0021","fg0797","fg0093","fg0800","fg0689","fg0409","fg0548"
"fq002581","vx_b58f8f2a38b92cc2","fg0617","1","fg0617","fg0857","fg0938","fg0400","fg0888","fg0351","fg0361","fg0581","fg0021","fg0409","fg0705","fg0582","fg0308","fg0828","fg0577","fg0797","fg0093","fg0114","fg0316","fg0548"
"fq002582","vx_746b68fabf2177db","fg0618","24","fg0610","fg0136","fg0975","fg0775","fg0003","fg0006","fg0703","fg0656","fg0218","fg0672","fg0675","fg0156","fg0562","fg0539","fg0768","fg0906","fg0358","fg0753","fg0722","fg0421"
"fq002583","vx_0ff6e1601d84b70b","fg0619","1","fg0619","fg0262","fg0789","fg0256","fg0246","fg0967","fg0781","fg0888","fg0650","fg0837","fg0696","fg0375","fg0774","fg0823","fg0034","fg0784","fg0066","fg0398","fg0632","fg0132"
"fq002584","vx_0ff6e1601d84b70b","fg0619","1","fg0619","fg0256","fg0262","fg0246","fg0789","fg0967","fg0781","fg0888","fg0650","fg0696","fg0823","fg0774","fg0807","fg0235","fg0398","fg0034","fg0066","fg0801","fg0632","fg0837"
"fq002585","vx_0ff6e1601d84b70b","fg0619","1","fg0619","fg0262","fg0789","fg0256","fg0967","fg0246","fg0781","fg0888","fg0650","fg0837","fg0696","fg0632","fg0807","fg0034","fg0784","fg0563","fg0398","fg0066","fg0108","fg0508"
"fq002586","vx_555cacdcf3ecf808","fg0620","1","fg0620","fg0082","fg0713","fg0600","fg0442","fg0400","fg0049","fg0482","fg0486","fg0201","fg0478","fg0259","fg0751","fg0732","fg0812","fg0690","fg0839","fg0207","fg0577","fg0123"
"fq002587","vx_0b7146d1252f235b","fg0621","1","fg0621","fg0873","fg0484","fg0994","fg0954","fg0031","fg0335","fg0351","fg0859","fg0341","fg0056","fg0554","fg0274","fg0772","fg0116","fg0628","fg0301","fg0750","fg0122","fg0986"
"fq002588","vx_a5b003c6e16c6dfa","fg0622","1","fg0622","fg0881","fg0744","fg0352","fg0383","fg0083","fg0902","fg0644","fg0805","fg0449","fg0558","fg0377","fg0390","fg0247","fg0136","fg0587","fg0071","fg0604","fg0240","fg0746"
"fq002589","vx_baacdb31dc1fee88","fg0623","1","fg0623","fg0629","fg0404","fg0475","fg0230","fg0307","fg0983","fg0337","fg0282","fg0746","fg0485","fg0950","fg0562","fg0911","fg0943","fg0956","fg0494","fg0253","fg0146","fg0165"
"fq002590","vx_baacdb31dc1fee88","fg0623","1","fg0623","fg0485","fg0404","fg0562","fg0230","fg0943","fg0746","fg0629","fg0475","fg0337","fg0950","fg0307","fg0146","fg0983","fg0911","fg0879","fg0901","fg0533","fg0289","fg0956"
"fq002591","vx_b7badcaf1cde6a99","fg0624","1","fg0624","fg0746","fg0078","fg0500","fg0527","fg0247","fg0324","fg0390","fg0142","fg0404","fg0533","fg0313","fg0073","fg0885","fg0469","fg0997","fg0733","fg0584","fg0719","fg0562"
"fq002592","vx_b7badcaf1cde6a99","fg0624","1","fg0624","fg0746","fg0390","fg0313","fg0078","fg0247","fg0500","fg0324","fg0073","fg0445","fg0527","fg0997","fg0885","fg0404","fg0519","fg0533","fg0653","fg0783","fg0142","fg0733"
"fq002593","vx_b7badcaf1cde6a99","fg0624","1","fg0624","fg0746","fg0390","fg0313","fg0500","fg0078","fg0324","fg0247","fg0073","fg0527","fg0445","fg0885","fg0533","fg0733","fg0519","fg0653","fg0404","fg0142","fg0554","fg0719"
"fq002594","vx_b7badcaf1cde6a99","fg0624","1","fg0624","fg0746","fg0500","fg0404","fg0324","fg0390","fg0078","fg0073","fg0247","fg0313","fg0554","fg0527","fg0519","fg0719","fg0733","fg0533","fg0885","fg0142","fg0445","fg0182"
"fq002595","vx_b7badcaf1cde6a99","fg0624","1","fg0624","fg0746","fg0247","fg0390","fg0500","fg0313","fg0078","fg0527","fg0885","fg0533","fg0324","fg0142","fg0733","fg0519","fg0073","fg0997","fg0554","fg0719","fg0404","fg0653"
"fq002596","vx_e0d0bb5943e4b58a","fg0625","1","fg0625","fg0470","fg0865","fg0436","fg0122","fg0051","fg0911","fg0332","fg0117","fg0535","fg0717","fg0785","fg0730","fg0806","fg0125","fg0901","fg0562","fg0939","fg0239","fg0654"
"fq002597","vx_ff9ebcff8c4052ac","fg0626","1","fg0626","fg0144","fg0158","fg0209","fg0013","fg0141","fg0036","fg0150","fg0195","fg0796","fg0072","fg0113","fg0408","fg0229","fg0896","fg0101","fg0180","fg0323","fg0151","fg0952"
"fq002598","vx_ff9ebcff8c4052ac","fg0626","1","fg0626","fg0144","fg0158","fg0013","fg0209","fg0141","fg0036","fg0150","fg0615","fg0195","fg0332","fg0072","fg0019","fg0408","fg0796","fg0229","fg0113","fg0896","fg0151","fg0180"
"fq002599","vx_ff9ebcff8c4052ac","fg0626","1","fg0626","fg0144","fg0209","fg0141","fg0158","fg0036","fg0013","fg0150","fg0195","fg0896","fg0615","fg0072","fg0323","fg0420","fg0688","fg0796","fg0160","fg0229","fg0408","fg0332"
"fq002600","vx_ff9ebcff8c4052ac","fg0626","1","fg0626","fg0144","fg0158","fg0209","fg0013","fg0036","fg0141","fg0150","fg0113","fg0180","fg0229","fg0408","fg0072","fg0952","fg0195","fg0172","fg0615","fg0688","fg0896","fg0798"
"fq002601","vx_ff9ebcff8c4052ac","fg0626","1","fg0626","fg0144","fg0158","fg0209","fg0141","fg0036","fg0013","fg0150","fg0113","fg0615","fg0408","fg0323","fg0195","fg0796","fg0229","fg0072","fg0896","fg0918","fg0172","fg0006"
"fq002602","vx_ff9ebcff8c4052ac","fg0626","1","fg0626","fg0144","fg0158","fg0209","fg0141","fg0013","fg0036","fg0150","fg0195","fg0323","fg0796","fg0160","fg0113","fg0072","fg0408","fg0615","fg0896","fg0633","fg0420","fg0918"
"fq002603","vx_ff9ebcff8c4052ac","fg0626","1","fg0626","fg0144","fg0209","fg0158","fg0141","fg0036","fg0013","fg0150","fg0195","fg0113","fg0796","fg0323","fg0572","fg0896","fg0408","fg0151","fg0332","fg0072","fg0180","fg0019"
"fq002604","vx_ff9ebcff8c4052ac","fg0626","1","fg0626","fg0144","fg0158","fg0209","fg0036","fg0013","fg0072","fg0408","fg0180","fg0229","fg0150","fg0688","fg0195","fg0141","fg0798","fg0952","fg0113","fg0172","fg0824","fg0422"
"fq002605","vx_1701a8eec1c92099","fg0627","1","fg0627","fg0099","fg0197","fg0922","fg0121","fg0035","fg0809","fg0536","fg0959","fg0368","fg0331","fg0541","fg0783","fg0719","fg0584","fg0334","fg0565","fg0535","fg0069","fg0270"
"fq002606","vx_1701a8eec1c92099","fg0627","1","fg0627","fg0099","fg0959","fg0922","fg0565","fg0809","fg0331","fg0197","fg0121","fg0035","fg0535","fg0334","fg0536","fg0150","fg0151","fg0090","fg0652","fg0783","fg0448","fg0233"
"fq002607","vx_8670f38a97ddb27e","fg0628","1","fg0628","fg0643","fg0547","fg0405","fg0031","fg0089","fg0396","fg0034","fg0056","fg0301","fg0570","fg0406","fg0795","fg0111","fg0486","fg0954","fg0912","fg0010","fg0029","fg0621"
"fq002608","vx_8384474c1be06dea","fg0629","1","fg0629","fg0282","fg0623","fg0582","fg0252","fg0689","fg0510","fg0118","fg0030","fg0822","fg0365","fg0640","fg0538","fg0070","fg0983","fg0014","fg0480","fg0271","fg0494","fg0493"
"fq002609","vx_54c8488fc5608d54","fg0630","1","fg0630","fg0588","fg0843","fg0411","fg0948","fg0438","fg0657","fg0695","fg0768","fg0490","fg0502","fg0211","fg0528","fg0191","fg0334","fg0027","fg0057","fg0039","fg0747","fg0397"
"fq002610","vx_1f8daadc1976a6f5","fg0631","1","fg0631","fg0134","fg0827","fg0844","fg0266","fg0338","fg0567","fg0020","fg0581","fg0315","fg0473","fg0011","fg0050","fg0577","fg0692","fg0494","fg0887","fg0799","fg0339","fg0974"
"fq002611","vx_24fe4673c9d2ca10","fg0632","1","fg0632","fg0777","fg0699","fg0928","fg0705","fg0557","fg0614","fg0877","fg0789","fg0203","fg0895","fg0940","fg0351","fg0593","fg0638","fg0781","fg0232","fg0882","fg0014","fg0390"
"fq002612","vx_24fe4673c9d2ca10","fg0632","1","fg0632","fg0789","fg0877","fg0940","fg0699","fg0705","fg0256","fg0262","fg0895","fg0781","fg0888","fg0246","fg0619","fg0522","fg0967","fg0777","fg0524","fg0351","fg0614","fg0762"
"fq002613","vx_24fe4673c9d2ca10","fg0632","1","fg0632","fg0705","fg0777","fg0789","fg0877","fg0699","fg0940","fg0614","fg0928","fg0557","fg0256","fg0781","fg0895","fg0262","fg0967","fg0203","fg0522","fg0593","fg0888","fg0619"
"fq002614","vx_24fe4673c9d2ca10","fg0632","1","fg0632","fg0940","fg0877","fg0789","fg0699","fg0256","fg0593","fg0522","fg0705","fg0928","fg0781","fg0203","fg0292","fg0895","fg0262","fg0888","fg0544","fg0777","fg0351","fg0619"
"fq002615","vx_24fe4673c9d2ca10","fg0632","1","fg0632","fg0777","fg0699","fg0705","fg0928","fg0557","fg0614","fg0789","fg0877","fg0203","fg0895","fg0940","fg0351","fg0593","fg0638","fg0781","fg0232","fg0882","fg0390","fg0014"
"fq002616","vx_e115662a97e83fb4","fg0633","1","fg0633","fg0756","fg0966","fg0543","fg0323","fg0677","fg0110","fg0645","fg0342","fg0185","fg0771","fg0626","fg0929","fg0767","fg0492","fg0627","fg0081","fg0362","fg0048","fg0311"
"fq002617","vx_e115662a97e83fb4","fg0633","1","fg0633","fg0756","fg0323","fg0081","fg0660","fg0099","fg0048","fg0354","fg0722","fg0677","fg0362","fg0771","fg0095","fg0983","fg0248","fg0966","fg0110","fg0448","fg0331","fg0272"
"fq002618","vx_e115662a97e83fb4","fg0633","1","fg0633","fg0323","fg0081","fg0027","fg0756","fg0248","fg0716","fg0722","fg0338","fg0983","fg0543","fg0603","fg0294","fg0104","fg0606","fg0985","fg0677","fg0660","fg0492","fg0956"
"fq002619","vx_e115662a97e83fb4","fg0633","1","fg0633","fg0323","fg0027","fg0081","fg0543","fg0354","fg0660","fg0603","fg0492","fg0113","fg0512","fg0756","fg0248","fg0722","fg0110","fg0677","fg0156","fg0294","fg0483","fg0832"
"fq002620","vx_e115662a97e83fb4","fg0633","1","fg0633","fg0492","fg0323","fg0660","fg0509","fg0543","fg0027","fg0104","fg0065","fg0716","fg0993","fg0623","fg0338","fg0167","fg0646","fg0081","fg0756","fg0255","fg0956","fg0505"
"fq002621","vx_e115662a97e83fb4","fg0633","1","fg0633","fg0323","fg0354","fg0110","fg0543","fg0660","fg0756","fg0771","fg0966","fg0512","fg0933","fg0677","fg0185","fg0272","fg0492","fg0606","fg0248","fg0027","fg0104","fg0081"
"fq002622","vx_e115662a97e83fb4","fg0633","1","fg0633","fg0767","fg0543","fg0645","fg0795","fg0966","fg0596","fg0771","fg0401","fg0342","fg0914","fg0188","fg0507","fg0993","fg0221","fg0110","fg0652","fg0431","fg0509","fg0502"
"fq002623","vx_23a59fbdad7c08c9","fg0634","60","fg0944","fg0277","fg0148","fg0016","fg0560","fg0761","fg0364","fg0133","fg0552","fg0599","fg0967","fg0524","fg0577","fg0892","fg0593","fg0801","fg0169","fg0165","fg0108","fg0828"
"fq002624","vx_23a59fbdad7c08c9","fg0634","42","fg0944","fg0277","fg0148","fg0560","fg0016","fg0133","fg0364","fg0552","fg0524","fg0599","fg0761","fg0801","fg0967","fg0361","fg0828","fg0256","fg0246","fg0925","fg0582","fg0165"
"fq002625","vx_23a59fbdad7c08c9","fg0634","40","fg0944","fg0277","fg0148","fg0560","fg0016","fg0761","fg0364","fg0552","fg0133","fg0599","fg0524","fg0892","fg0967","fg0593","fg0165","fg0577","fg0801","fg0361","fg0169","fg0828"
"fq002626","vx_3e6096a1e67b67f4","fg0635","1","fg0635","fg0488","fg0766","fg0154","fg0699","fg0984","fg0456","fg0029","fg0116","fg0196","fg0806","fg0074","fg0961","fg0701","fg0581","fg0340","fg0906","fg0521","fg0327","fg0380"
"fq002627","vx_3e6096a1e67b67f4","fg0635","1","fg0635","fg0488","fg0766","fg0154","fg0699","fg0984","fg0806","fg0116","fg0029","fg0196","fg0074","fg0701","fg0456","fg0581","fg0327","fg0340","fg0848","fg0570","fg0009","fg0250"
"fq002628","vx_3e6096a1e67b67f4","fg0635","1","fg0635","fg0488","fg0766","fg0154","fg0984","fg0196","fg0116","fg0806","fg0456","fg0699","fg0074","fg0701","fg0581","fg0250","fg0415","fg0848","fg0386","fg0340","fg0670","fg0223"
"fq002629","vx_3e6096a1e67b67f4","fg0635","1","fg0635","fg0488","fg0766","fg0154","fg0984","fg0699","fg0116","fg0806","fg0029","fg0250","fg0196","fg0456","fg0074","fg0498","fg0581","fg0521","fg0701","fg0327","fg0906","fg0961"
"fq002630","vx_3e6096a1e67b67f4","fg0635","1","fg0635","fg0488","fg0766","fg0154","fg0984","fg0699","fg0116","fg0806","fg0029","fg0196","fg0581","fg0074","fg0340","fg0456","fg0701","fg0848","fg0570","fg0009","fg0725","fg0327"
"fq002631","vx_3e6096a1e67b67f4","fg0635","1","fg0635","fg0488","fg0766","fg0154","fg0699","fg0984","fg0116","fg0806","fg0029","fg0196","fg0581","fg0456","fg0074","fg0701","fg0009","fg0340","fg0961","fg0250","fg0906","fg0223"
"fq002632","vx_0ddaad015e9eec18","fg0636","1","fg0636","fg0111","fg0822","fg0761","fg0842","fg0408","fg0199","fg0451","fg0289","fg0115","fg0670","fg0470","fg0654","fg0549","fg0731","fg0571","fg0533","fg0661","fg0482","fg0286"
"fq002633","vx_0429764a2f972bf9","fg0637","1","fg0637","fg0806","fg0030","fg0682","fg0976","fg0074","fg0600","fg0572","fg0020","fg0921","fg0164","fg0058","fg0212","fg0371","fg0067","fg0332","fg0237","fg0135","fg0562","fg0776"
"fq002634","vx_0429764a2f972bf9","fg0637","1","fg0637","fg0806","fg0020","fg0600","fg0332","fg0976","fg0030","fg0067","fg0572","fg0921","fg0682","fg0237","fg0935","fg0058","fg0135","fg0164","fg0687","fg0657","fg0136","fg0074"
"fq002635","vx_0429764a2f972bf9","fg0637","1","fg0637","fg0806","fg0030","fg0682","fg0600","fg0572","fg0074","fg0921","fg0020","fg0164","fg0976","fg0067","fg0332","fg0135","fg0058","fg0371","fg0237","fg0562","fg0212","fg0625"
"fq002636","vx_c4f1c73ff15ede49","fg0638","1","fg0638","fg0919","fg0735","fg0471","fg0347","fg0197","fg0722","fg0763","fg0382","fg0956","fg0922","fg0579","fg0719","fg0536","fg0541","fg0218","fg0739","fg0809","fg0627","fg0081"
"fq002637","vx_c4f1c73ff15ede49","fg0638","1","fg0638","fg0938","fg0722","fg0781","fg0560","fg0735","fg0719","fg0382","fg0956","fg0763","fg0536","fg0283","fg0510","fg0197","fg0374","fg0579","fg0761","fg0584","fg0218","fg0847"
"fq002638","vx_10ed0cbf21bd0a86","fg0639","1","fg0639","fg0797","fg0146","fg0581","fg0093","fg0834","fg0223","fg0918","fg0351","fg0059","fg0715","fg0116","fg0942","fg0491","fg0776","fg0009","fg0445","fg0891","fg0806","fg0862"
"fq002639","vx_c5a0b375ac0cde1c","fg0640","1","fg0640","fg0026","fg0908","fg0442","fg0742","fg0163","fg0493","fg0986","fg0070","fg0684","fg0661","fg0423","fg0736","fg0629","fg0029","fg0655","fg0491","fg0231","fg0590","fg0181"
"fq002640","vx_c5a0b375ac0cde1c","fg0640","1","fg0640","fg0629","fg0026","fg0908","fg0742","fg0442","fg0070","fg0623","fg0655","fg0986","fg0181","fg0689","fg0679","fg0736","fg0510","fg0684","fg0163","fg0852","fg0282","fg0913"
"fq002641","vx_aabba8cb2311a472","fg0641","1","fg0641","fg0768","fg0295","fg0151","fg0959","fg0214","fg0792","fg0159","fg0569","fg0233","fg0843","fg0783","fg0513","fg0925","fg0794","fg0873","fg0906","fg0734","fg0155","fg0490"
"fq002642","vx_3a8bc000d4c21e2c","fg0642","1","fg0642","fg0587","fg0700","fg0382","fg0532","fg0963","fg0494","fg0288","fg0788","fg0421","fg0455","fg0698","fg0468","fg0541","fg0889","fg0376","fg0779","fg0939","fg0979","fg0286"
"fq002643","vx_3a8bc000d4c21e2c","fg0642","1","fg0642","fg0587","fg0494","fg0700","fg0382","fg0963","fg0421","fg0532","fg0889","fg0286","fg0252","fg0260","fg0576","fg0788","fg0767","fg0196","fg0288","fg0698","fg0850","fg0543"
"fq002644","vx_3a8bc000d4c21e2c","fg0642","1","fg0642","fg0587","fg0700","fg0382","fg0494","fg0963","fg0532","fg0889","fg0421","fg0286","fg0788","fg0468","fg0698","fg0288","fg0472","fg0939","fg0850","fg0455","fg0543","fg0779"
"fq002645","vx_3a8bc000d4c21e2c","fg0642","1","fg0642","fg0700","fg0587","fg0382","fg0532","fg0494","fg0963","fg0288","fg0889","fg0788","fg0376","fg0939","fg0455","fg0468","fg0286","fg0421","fg0779","fg0472","fg0698","fg0541"
"fq002646","vx_3a8bc000d4c21e2c","fg0642","1","fg0642","fg0587","fg0700","fg0382","fg0494","fg0532","fg0963","fg0288","fg0889","fg0421","fg0698","fg0252","fg0286","fg0788","fg0939","fg0576","fg0779","fg0986","fg0260","fg0455"
"fq002647","vx_bf265a20a1fb6fc9","fg0643","1","fg0643","fg0654","fg0547","fg0413","fg0580","fg0483","fg0785","fg0697","fg0628","fg0951","fg0343","fg0317","fg0273","fg0405","fg0500","fg0624","fg0807","fg0105","fg0826","fg0773"
"fq002648","vx_cca8a521bccc6870","fg0644","1","fg0644","fg0622","fg0383","fg0744","fg0083","fg0352","fg0559","fg0193","fg0055","fg0880","fg0881","fg0377","fg0023","fg0961","fg0390","fg0805","fg0768","fg0029","fg0289","fg0728"
"fq002649","vx_453da6735f02e73a","fg0645","1","fg0645","fg0596","fg0797","fg0646","fg0961","fg0776","fg0543","fg0452","fg0144","fg0342","fg0053","fg0158","fg0354","fg0507","fg0492","fg0912","fg0341","fg0187","fg0652","fg0463"
"fq002650","vx_453da6735f02e73a","fg0645","1","fg0645","fg0596","fg0797","fg0961","fg0646","fg0543","fg0776","fg0342","fg0144","fg0507","fg0151","fg0158","fg0652","fg0053","fg0535","fg0998","fg0341","fg0094","fg0492","fg0463"
"fq002651","vx_8c2cb99a099b6778","fg0646","1","fg0646","fg0084","fg0645","fg0993","fg0543","fg0677","fg0289","fg0492","fg0352","fg0505","fg0911","fg0549","fg0516","fg0903","fg0420","fg0167","fg0674","fg0342","fg0013","fg0712"
"fq002652","vx_8c2cb99a099b6778","fg0646","1","fg0646","fg0645","fg0677","fg0543","fg0492","fg0084","fg0674","fg0701","fg0993","fg0949","fg0420","fg0289","fg0342","fg0903","fg0013","fg0596","fg0712","fg0194","fg0805","fg0487"
"fq002653","vx_183e18f9a04db1fb","fg0647","1","fg0647","fg0130","fg0936","fg0584","fg0793","fg0466","fg0742","fg0879","fg0533","fg0583","fg0001","fg0983","fg0885","fg0773","fg0944","fg0271","fg0560","fg0267","fg0320","fg0659"
"fq002654","vx_2538f7669b1b1acc","fg0648","1","fg0648","fg0980","fg0863","fg0048","fg0893","fg0518","fg0464","fg0542","fg0303","fg0703","fg0566","fg0406","fg0458","fg0989","fg0193","fg0131","fg0390","fg0136","fg0138","fg0322"
"fq002655","vx_2538f7669b1b1acc","fg0648","1","fg0648","fg0980","fg0863","fg0048","fg0893","fg0464","fg0518","fg0542","fg0303","fg0566","fg0989","fg0458","fg0703","fg0138","fg0926","fg0193","fg0131","fg0136","fg0406","fg0920"
"fq002656","vx_2538f7669b1b1acc","fg0648","1","fg0648","fg0980","fg0863","fg0048","fg0893","fg0464","fg0518","fg0542","fg0303","fg0703","fg0989","fg0458","fg0136","fg0131","fg0566","fg0406","fg0135","fg0920","fg0390","fg0947"
"fq002657","vx_2538f7669b1b1acc","fg0648","1","fg0648","fg0980","fg0863","fg0048","fg0893","fg0464","fg0518","fg0703","fg0542","fg0303","fg0989","fg0458","fg0566","fg0193","fg0406","fg0926","fg0131","fg0136","fg0947","fg0920"
"fq002658","vx_2538f7669b1b1acc","fg0648","1","fg0648","fg0980","fg0863","fg0048","fg0893","fg0464","fg0518","fg0703","fg0542","fg0303","fg0458","fg0566","fg0989","fg0406","fg0193","fg0926","fg0131","fg0947","fg0506","fg0390"
"fq002659","vx_a2e58a8a1e759ed6","fg0649","1","fg0649","fg0355","fg0034","fg0405","fg0022","fg0854","fg0140","fg0128","fg0299","fg0313","fg0927","fg0168","fg0628","fg0563","fg0998","fg0729","fg0957","fg0651","fg0328","fg0327"
"fq002660","vx_31d03ba49ddaa389","fg0650","1","fg0650","fg0256","fg0262","fg0246","fg0132","fg0619","fg0789","fg0967","fg0473","fg0711","fg0781","fg0014","fg0434","fg0035","fg0823","fg0943","fg0888","fg0493","fg0721","fg0511"
"fq002661","vx_0346fd72fbca1dac","fg0651","2","fg0655","fg0651","fg0745","fg0894","fg0491","fg0089","fg0063","fg0090","fg0387","fg0520","fg0955","fg0375","fg0103","fg0996","fg0706","fg0837","fg0164","fg0798","fg0821","fg0425"
"fq002662","vx_998ef28c17683dfc","fg0652","1","fg0652","fg0444","fg0500","fg0559","fg0249","fg0714","fg0931","fg0081","fg0273","fg0069","fg0525","fg0159","fg0043","fg0656","fg0343","fg0922","fg0152","fg0927","fg0521","fg0930"
"fq002663","vx_8103a3d80ea48603","fg0653","1","fg0653","fg0687","fg0373","fg0299","fg0444","fg0140","fg0820","fg0304","fg0569","fg0092","fg0151","fg0559","fg0802","fg0500","fg0108","fg0313","fg0017","fg0043","fg0102","fg0182"
"fq002664","vx_8103a3d80ea48603","fg0653","1","fg0653","fg0846","fg0820","fg0802","fg0182","fg0624","fg0313","fg0333","fg0929","fg0687","fg0102","fg0320","fg0466","fg0088","fg0885","fg0879","fg0373","fg0758","fg0886","fg0130"
"fq002665","vx_8103a3d80ea48603","fg0653","1","fg0653","fg0687","fg0820","fg0373","fg0304","fg0299","fg0444","fg0802","fg0140","fg0500","fg0559","fg0092","fg0583","fg0929","fg0569","fg0151","fg0313","fg0839","fg0846","fg0242"
"fq002666","vx_8103a3d80ea48603","fg0653","1","fg0653","fg0802","fg0820","fg0182","fg0373","fg0523","fg0687","fg0017","fg0066","fg0508","fg0624","fg0242","fg0213","fg0102","fg0500","fg0389","fg0760","fg0600","fg0092","fg0313"
"fq002667","vx_8103a3d80ea48603","fg0653","1","fg0653","fg0802","fg0820","fg0687","fg0373","fg0182","fg0102","fg0242","fg0299","fg0304","fg0017","fg0092","fg0313","fg0624","fg0066","fg0140","fg0846","fg0043","fg0500","fg0508"
"fq002668","vx_8103a3d80ea48603","fg0653","1","fg0653","fg0820","fg0373","fg0802","fg0687","fg0299","fg0092","fg0182","fg0929","fg0500","fg0304","fg0102","fg0140","fg0066","fg0213","fg0313","fg0242","fg0523","fg0559","fg0846"
"fq002669","vx_8103a3d80ea48603","fg0653","1","fg0653","fg0687","fg0304","fg0140","fg0820","fg0108","fg0846","fg0373","fg0299","fg0929","fg0563","fg0569","fg0066","fg0313","fg0802","fg0500","fg0583","fg0102","fg0092","fg0327"
"fq002670","vx_8103a3d80ea48603","fg0653","1","fg0653","fg0304","fg0687","fg0820","fg0802","fg0140","fg0373","fg0929","fg0066","fg0102","fg0500","fg0345","fg0299","fg0563","fg0092","fg0569","fg0968","fg0128","fg0583","fg0839"
"fq002671","vx_8103a3d80ea48603","fg0653","1","fg0653","fg0687","fg0299","fg0140","fg0373","fg0304","fg0820","fg0500","fg0559","fg0569","fg0583","fg0444","fg0092","fg0968","fg0151","fg0839","fg0327","fg0313","fg0729","fg0846"
"fq002672","vx_58bee8c48eb35411","fg0654","1","fg0654","fg0522","fg0483","fg0643","fg0273","fg0343","fg0199","fg0935","fg0351","fg0975","fg0904","fg0731","fg0122","fg0665","fg0280","fg0636","fg0293","fg0624","fg0104","fg0521"
"fq002673","vx_58bee8c48eb35411","fg0654","1","fg0654","fg0522","fg0483","fg0643","fg0273","fg0343","fg0199","fg0904","fg0351","fg0935","fg0975","fg0104","fg0665","fg0636","fg0280","fg0447","fg0293","fg0731","fg0807","fg0122"
"fq002674","vx_58bee8c48eb35411","fg0654","1","fg0654","fg0522","fg0643","fg0199","fg0343","fg0273","fg0483","fg0935","fg0351","fg0904","fg0280","fg0731","fg0975","fg0104","fg0785","fg0625","fg0261","fg0636","fg0122","fg0624"
"fq002675","vx_58bee8c48eb35411","fg0654","1","fg0654","fg0483","fg0522","fg0199","fg0643","fg0730","fg0731","fg0351","fg0431","fg0280","fg0867","fg0636","fg0263","fg0122","fg0619","fg0104","fg0274","fg0484","fg0343","fg0273"
"fq002676","vx_58bee8c48eb35411","fg0654","1","fg0654","fg0483","fg0522","fg0643","fg0273","fg0343","fg0199","fg0904","fg0935","fg0351","fg0975","fg0280","fg0104","fg0636","fg0665","fg0731","fg0547","fg0625","fg0624","fg0521"
"fq002677","vx_58bee8c48eb35411","fg0654","1","fg0654","fg0483","fg0522","fg0643","fg0273","fg0343","fg0935","fg0351","fg0199","fg0280","fg0261","fg0731","fg0975","fg0625","fg0122","fg0624","fg0773","fg0785","fg0665","fg0293"
"fq002678","vx_58bee8c48eb35411","fg0654","1","fg0654","fg0522","fg0483","fg0643","fg0273","fg0343","fg0199","fg0935","fg0351","fg0975","fg0625","fg0904","fg0731","fg0280","fg0521","fg0636","fg0261","fg0773","fg0104","fg0624"
"fq002679","vx_58bee8c48eb35411","fg0654","1","fg0654","fg0522","fg0483","fg0273","fg0643","fg0343","fg0199","fg0935","fg0351","fg0904","fg0975","fg0636","fg0665","fg0731","fg0104","fg0052","fg0447","fg0445","fg0624","fg0293"
"fq002680","vx_58bee8c48eb35411","fg0654","1","fg0654","fg0522","fg0483","fg0273","fg0343","fg0643","fg0935","fg0975","fg0731","fg0351","fg0665","fg0199","fg0261","fg0932","fg0445","fg0521","fg0084","fg0122","fg0293","fg0052"
"fq002681","vx_58bee8c48eb35411","fg0654","1","fg0654","fg0522","fg0483","fg0643","fg0199","fg0935","fg0273","fg0343","fg0351","fg0975","fg0904","fg0731","fg0104","fg0636","fg0625","fg0665","fg0280","fg0951","fg0293","fg0773"
"fq002682","vx_58bee8c48eb35411","fg0654","1","fg0654","fg0522","fg0483","fg0643","fg0273","fg0343","fg0935","fg0199","fg0975","fg0351","fg0104","fg0052","fg0731","fg0636","fg0293","fg0665","fg0904","fg0625","fg0773","fg0261"
"fq002683","vx_58bee8c48eb35411","fg0654","1","fg0654","fg0483","fg0522","fg0643","fg0273","fg0343","fg0935","fg0199","fg0975","fg0904","fg0280","fg0351","fg0445","fg0731","fg0189","fg0665","fg0785","fg0636","fg0624","fg0773"
"fq002684","vx_6aa86c0618be3faf","fg0655","1","fg0655","fg0651","fg0894","fg0745","fg0090","fg0520","fg0375","fg0280","fg0063","fg0103","fg0164","fg0399","fg0143","fg0529","fg0089","fg0491","fg0154","fg0387","fg0114","fg0425"
"fq002685","vx_6aa86c0618be3faf","fg0655","1","fg0655","fg0651","fg0745","fg0894","fg0090","fg0280","fg0103","fg0375","fg0114","fg0089","fg0955","fg0143","fg0600","fg0164","fg0154","fg0529","fg0996","fg0399","fg0491","fg0063"
"fq002686","vx_5fa89d9814b2ee57","fg0656","1","fg0656","fg0218","fg0910","fg0156","fg0155","fg0203","fg0712","fg0214","fg0421","fg0539","fg0768","fg0071","fg0808","fg0820","fg0490","fg0382","fg0573","fg0562","fg0569","fg0270"
"fq002687","vx_5fa89d9814b2ee57","fg0656","1","fg0656","fg0218","fg0910","fg0820","fg0768","fg0126","fg0042","fg0071","fg0959","fg0156","fg0976","fg0589","fg0573","fg0155","fg0808","fg0595","fg0214","fg0490","fg0802","fg0241"
"fq002688","vx_5fa89d9814b2ee57","fg0656","1","fg0656","fg0910","fg0218","fg0768","fg0071","fg0042","fg0959","fg0820","fg0382","fg0270","fg0214","fg0589","fg0490","fg0712","fg0347","fg0562","fg0808","fg0587","fg0155","fg0371"
"fq002689","vx_5fa89d9814b2ee57","fg0656","1","fg0656","fg0910","fg0218","fg0214","fg0820","fg0071","fg0042","fg0155","fg0768","fg0976","fg0203","fg0270","fg0371","fg0156","fg0388","fg0712","fg0959","fg0182","fg0159","fg0802"
"fq002690","vx_5fa89d9814b2ee57","fg0656","1","fg0656","fg0218","fg0910","fg0768","fg0820","fg0959","fg0155","fg0071","fg0382","fg0042","fg0421","fg0214","fg0808","fg0270","fg0156","fg0562","fg0589","fg0712","fg0203","fg0587"
"fq002691","vx_9628f10798a32318","fg0657","1","fg0657","fg0907","fg0843","fg0513","fg0972","fg0211","fg0669","fg0976","fg0490","fg0588","fg0191","fg0920","fg0505","fg0573","fg0386","fg0747","fg0247","fg0914","fg0186","fg0935"
"fq002692","vx_9628f10798a32318","fg0657","1","fg0657","fg0976","fg0907","fg0168","fg0513","fg0059","fg0191","fg0747","fg0942","fg0334","fg0843","fg0211","fg0406","fg0386","fg0490","fg0398","fg0247","fg0367","fg0920","fg0435"
"fq002693","vx_9628f10798a32318","fg0657","1","fg0657","fg0191","fg0907","fg0843","fg0513","fg0386","fg0211","fg0588","fg0630","fg0490","fg0020","fg0411","fg0976","fg0247","fg0168","fg0505","fg0731","fg0669","fg0406","fg0573"
"fq002694","vx_9628f10798a32318","fg0657","1","fg0657","fg0907","fg0513","fg0505","fg0976","fg0669","fg0843","fg0747","fg0448","fg0191","fg0168","fg0920","fg0247","fg0211","fg0398","fg0974","fg0515","fg0935","fg0972","fg0573"
"fq002695","vx_d67569e5f4cd665d","fg0658","1","fg0658","fg0949","fg0954","fg0024","fg0217","fg0370","fg0045","fg0470","fg0278","fg0786","fg0040","fg0176","fg0239","fg0755","fg0480","fg0840","fg0441","fg0692","fg0306","fg0038"
"fq002696","vx_3652c82fc00dc847","fg0659","1","fg0659","fg0936","fg0270","fg0922","fg0001","fg0588","fg0793","fg0552","fg0159","fg0551","fg0962","fg0742","fg0584","fg0466","fg0327","fg0464","fg0749","fg0826","fg0025","fg0364"
"fq002697","vx_3652c82fc00dc847","fg0659","3","fg0673","fg0990","fg0659","fg0047","fg0769","fg0355","fg0868","fg0416","fg0976","fg0914","fg0667","fg0085","fg0147","fg0573","fg0411","fg0811","fg0698","fg0260","fg0539","fg0023"
"fq002698","vx_3652c82fc00dc847","fg0659","1","fg0659","fg0327","fg0922","fg0794","fg0552","fg0936","fg0551","fg0364","fg0001","fg0588","fg0793","fg0270","fg0770","fg0184","fg0742","fg0464","fg0612","fg0401","fg0989","fg0495"
"fq002699","vx_1a1560ffdbb88b92","fg0660","1","fg0660","fg0509","fg0978","fg0735","fg0578","fg0930","fg0249","fg0006","fg0300","fg0260","fg0922","fg0084","fg0218","fg0850","fg0227","fg0603","fg0830","fg0371","fg0510","fg0931"
"fq002700","vx_52346b401d7da0bf","fg0661","1","fg0661","fg0389","fg0964","fg0755","fg0361","fg0066","fg0392","fg0141","fg0166","fg0826","fg0825","fg0549","fg0574","fg0496","fg0115","fg0326","fg0544","fg0583","fg0019","fg0301"
"fq002701","vx_4c3e6a730c89a21f","fg0662","2","fg0181","fg0662","fg0742","fg0757","fg0033","fg0071","fg0496","fg0418","fg0051","fg0470","fg0527","fg0005","fg0723","fg0046","fg0962","fg0865","fg0193","fg0163","fg0479","fg0448"
"fq002702","vx_4c3e6a730c89a21f","fg0662","2","fg0181","fg0662","fg0742","fg0757","fg0033","fg0962","fg0298","fg0388","fg0071","fg0865","fg0005","fg0123","fg0768","fg0479","fg0448","fg0503","fg0241","fg0470","fg0527","fg0367"
"fq002703","vx_4c3e6a730c89a21f","fg0662","1","fg0662","fg0181","fg0742","fg0757","fg0033","fg0071","fg0496","fg0962","fg0527","fg0270","fg0588","fg0051","fg0143","fg0448","fg0479","fg0418","fg0214","fg0005","fg0155","fg0879"
"fq002704","vx_4c3e6a730c89a21f","fg0662","2","fg0181","fg0662","fg0742","fg0757","fg0051","fg0773","fg0527","fg0879","fg0962","fg0033","fg0071","fg0174","fg0448","fg0046","fg0388","fg0418","fg0560","fg0421","fg0638","fg0042"
"fq002705","vx_4c3e6a730c89a21f","fg0662","2","fg0181","fg0662","fg0742","fg0757","fg0033","fg0005","fg0029","fg0174","fg0496","fg0448","fg0962","fg0479","fg0884","fg0470","fg0527","fg0320","fg0163","fg0418","fg0297","fg0071"
"fq002706","vx_4749b398ac5200de","fg0663","1","fg0663","fg0960","fg0359","fg0015","fg0115","fg0836","fg0933","fg0104","fg0268","fg0209","fg0177","fg0701","fg0495","fg0921","fg0575","fg0318","fg0924","fg0497","fg0504","fg0217"
"fq002707","vx_4749b398ac5200de","fg0663","1","fg0663","fg0960","fg0924","fg0177","fg0702","fg0268","fg0115","fg0819","fg0330","fg0104","fg0209","fg0015","fg0217","fg0007","fg0836","fg0751","fg0634","fg0716","fg0404","fg0244"
"fq002708","vx_168e6d114f57c680","fg0664","1","fg0664","fg0053","fg0677","fg0912","fg0438","fg0606","fg0234","fg0507","fg0413","fg0342","fg0323","fg0543","fg0222","fg0358","fg0598","fg0296","fg0203","fg0530","fg0645","fg0512"
"fq002709","vx_168e6d114f57c680","fg0664","1","fg0664","fg0053","fg0912","fg0127","fg0286","fg0358","fg0606","fg0438","fg0677","fg0342","fg0507","fg0530","fg0222","fg0063","fg0645","fg0234","fg0348","fg0413","fg0323","fg0571"
"fq002710","vx_168e6d114f57c680","fg0664","1","fg0664","fg0053","fg0912","fg0606","fg0354","fg0342","fg0438","fg0286","fg0296","fg0323","fg0358","fg0543","fg0507","fg0677","fg0234","fg0675","fg0413","fg0127","fg0530","fg0645"
"fq002711","vx_f37507f69fdc317b","fg0665","1","fg0665","fg0772","fg0386","fg0056","fg0844","fg0394","fg0170","fg0180","fg0859","fg0748","fg0278","fg0855","fg0362","fg0723","fg0696","fg0360","fg0290","fg0817","fg0445","fg0541"
"fq002712","vx_e003f923c8c9d429","fg0666","1","fg0666","fg0875","fg0078","fg0103","fg0632","fg0405","fg0319","fg0232","fg0203","fg0168","fg0250","fg0521","fg0086","fg0777","fg0699","fg0959","fg0032","fg0417","fg0090","fg0210"
"fq002713","vx_0b3caeb6ff4196bc","fg0667","1","fg0667","fg0302","fg0671","fg0151","fg0868","fg0559","fg0512","fg0990","fg0353","fg0497","fg0721","fg0403","fg0296","fg0933","fg0673","fg0275","fg0854","fg0598","fg0810","fg0444"
"fq002714","vx_0b3caeb6ff4196bc","fg0667","1","fg0667","fg0302","fg0151","fg0598","fg0512","fg0296","fg0990","fg0559","fg0444","fg0972","fg0353","fg0868","fg0671","fg0618","fg0672","fg0440","fg0497","fg0854","fg0403","fg0721"
"fq002715","vx_0b3caeb6ff4196bc","fg0667","1","fg0667","fg0302","fg0868","fg0353","fg0151","fg0512","fg0671","fg0559","fg0081","fg0721","fg0296","fg0990","fg0854","fg0444","fg0497","fg0598","fg0192","fg0275","fg0965","fg0832"
"fq002716","vx_974435cba3642f05","fg0668","1","fg0668","fg0612","fg0551","fg0021","fg0327","fg0325","fg0560","fg0148","fg0419","fg0364","fg0828","fg0770","fg0277","fg0184","fg0995","fg0464","fg0742","fg0989","fg0794","fg0577"
"fq002717","vx_974435cba3642f05","fg0668","1","fg0668","fg0612","fg0551","fg0794","fg0364","fg0327","fg0560","fg0989","fg0184","fg0770","fg0464","fg0021","fg0148","fg0277","fg0552","fg0925","fg0863","fg0558","fg0524","fg0529"
"fq002718","vx_bd5019bdd268d55b","fg0669","1","fg0669","fg0505","fg0972","fg0975","fg0677","fg0914","fg0407","fg0323","fg0657","fg0773","fg0963","fg0610","fg0147","fg0883","fg0285","fg0061","fg0979","fg0473","fg0064","fg0149"
"fq002719","vx_bd5019bdd268d55b","fg0669","1","fg0669","fg0972","fg0505","fg0975","fg0677","fg0773","fg0064","fg0271","fg0647","fg0285","fg0473","fg0800","fg0407","fg0657","fg0610","fg0210","fg0844","fg0323","fg0963","fg0351"
"fq002720","vx_bd5019bdd268d55b","fg0669","1","fg0669","fg0505","fg0972","fg0677","fg0323","fg0975","fg0914","fg0773","fg0064","fg0407","fg0175","fg0473","fg0647","fg0883","fg0963","fg0285","fg0147","fg0610","fg0800","fg0817"
"fq002721","vx_53028abf5558a881","fg0670","641","fg0410","fg0309","fg0170","fg0072","fg0457","fg0102","fg0844","fg0836","fg0680","fg0137","fg0601","fg0286","fg0011","fg0442","fg0508","fg0111","fg0105","fg0760","fg0020","fg0839"
"fq002722","vx_bad017a4e97f9d5b","fg0671","1","fg0671","fg0569","fg0347","fg0525","fg0749","fg0147","fg0521","fg0682","fg0559","fg0729","fg0810","fg0746","fg0464","fg0318","fg0078","fg0159","fg0071","fg0140","fg0355","fg0275"
"fq002723","vx_f2b27beae3e07649","fg0672","1","fg0672","fg0618","fg0972","fg0342","fg0407","fg0440","fg0611","fg0151","fg0051","fg0018","fg0963","fg0276","fg0598","fg0599","fg0302","fg0296","fg0947","fg0012","fg0166","fg0345"
"fq002724","vx_f2b27beae3e07649","fg0672","1","fg0672","fg0618","fg0342","fg0972","fg0407","fg0611","fg0440","fg0143","fg0302","fg0012","fg0051","fg0347","fg0151","fg0701","fg0296","fg0909","fg0667","fg0651","fg0279","fg0598"
"fq002725","vx_f2b27beae3e07649","fg0672","1","fg0672","fg0618","fg0407","fg0151","fg0342","fg0972","fg0143","fg0667","fg0276","fg0012","fg0440","fg0599","fg0947","fg0018","fg0299","fg0909","fg0701","fg0521","fg0721","fg0302"
"fq002726","vx_0974ed6130d8641a","fg0673","28","fg0015","fg0397","fg0211","fg0039","fg0811","fg0312","fg0573","fg0082","fg0778","fg0976","fg0490","fg0563","fg0588","fg0843","fg0713","fg0411","fg0972","fg0106","fg0941","fg0907"
"fq002727","vx_0974ed6130d8641a","fg0673","13","fg0015","fg0811","fg0397","fg0312","fg0573","fg0211","fg0039","fg0047","fg0990","fg0082","fg0490","fg0843","fg0673","fg0976","fg0778","fg0563","fg0972","fg0297","fg0588","fg0941"
"fq002728","vx_0974ed6130d8641a","fg0673","18","fg0015","fg0397","fg0573","fg0211","fg0312","fg0039","fg0811","fg0082","fg0843","fg0563","fg0778","fg0490","fg0972","fg0976","fg0297","fg0990","fg0047","fg0673","fg0411","fg0588"
"fq002729","vx_0974ed6130d8641a","fg0673","45","fg0015","fg0312","fg0573","fg0397","fg0211","fg0039","fg0811","fg0778","fg0082","fg0976","fg0490","fg0843","fg0941","fg0588","fg0411","fg0713","fg0972","fg0297","fg0907","fg0025"
"fq002730","vx_0974ed6130d8641a","fg0673","40","fg0397","fg0015","fg0039","fg0573","fg0211","fg0811","fg0312","fg0843","fg0778","fg0972","fg0082","fg0563","fg0976","fg0588","fg0490","fg0941","fg0713","fg0435","fg0907","fg0411"
"fq002731","vx_5060530b75773968","fg0674","1","fg0674","fg0292","fg0264","fg0516","fg0750","fg0435","fg0918","fg0818","fg0776","fg0909","fg0091","fg0696","fg0646","fg0707","fg0174","fg0550","fg0739","fg0604","fg0008","fg0261"
"fq002732","vx_5060530b75773968","fg0674","1","fg0674","fg0264","fg0091","fg0292","fg0516","fg0435","fg0604","fg0750","fg0696","fg0967","fg0909","fg0567","fg0818","fg0789","fg0256","fg0975","fg0707","fg0776","fg0072","fg0605"
"fq002733","vx_5ac2b24744b5be1c","fg0675","1","fg0675","fg0513","fg0334","fg0156","fg0841","fg0907","fg0808","fg0712","fg0657","fg0565","fg0588","fg0539","fg0669","fg0975","fg0350","fg0703","fg0664","fg0103","fg0527","fg0191"
"fq002734","vx_c30e1ea622ddd60b","fg0676","257","fg0960","fg0082","fg0716","fg0475","fg0307","fg0015","fg0085","fg0365","fg0916","fg0404","fg0039","fg0811","fg0620","fg0843","fg0338","fg0891","fg0156","fg0573","fg0941","fg0244"
"fq002735","vx_c30e1ea622ddd60b","fg0676","1","fg0676","fg0936","fg0568","fg0703","fg0381","fg0588","fg0384","fg0573","fg0173","fg0552","fg0808","fg0947","fg0267","fg0054","fg0989","fg0527","fg0528","fg0130","fg0003","fg0411"
"fq002736","vx_c30e1ea622ddd60b","fg0676","388","fg0716","fg0082","fg0307","fg0039","fg0475","fg0960","fg0397","fg0338","fg0085","fg0404","fg0891","fg0015","fg0244","fg0639","fg0057","fg0941","fg0811","fg0843","fg0330","fg0852"
"fq002737","vx_c30e1ea622ddd60b","fg0676","54","fg0625","fg0826","fg0445","fg0179","fg0916","fg0347","fg0562","fg0817","fg0442","fg0544","fg0200","fg0170","fg0779","fg0294","fg0932","fg0785","fg0098","fg0126","fg0391","fg0972"
"fq002738","vx_c30e1ea622ddd60b","fg0676","1","fg0676","fg0703","fg0568","fg0552","fg0381","fg0527","fg0936","fg0384","fg0173","fg0947","fg0054","fg0533","fg0573","fg0003","fg0304","fg0885","fg0468","fg0808","fg0595","fg0588"
"fq002739","vx_c30e1ea622ddd60b","fg0676","96","fg0826","fg0445","fg0625","fg0801","fg0817","fg0364","fg0179","fg0779","fg0944","fg0793","fg0552","fg0584","fg0170","fg0916","fg0200","fg0458","fg0294","fg0131","fg0536","fg0347"
"fq002740","vx_c30e1ea622ddd60b","fg0676","298","fg0716","fg0039","fg0082","fg0307","fg0475","fg0960","fg0338","fg0397","fg0811","fg0404","fg0573","fg0639","fg0891","fg0942","fg0244","fg0941","fg0015","fg0843","fg0855","fg0106"
"fq002741","vx_583618a1c64386b0","fg0677","1","fg0677","fg0323","fg0669","fg0512","fg0507","fg0354","fg0543","fg0438","fg0019","fg0149","fg0646","fg0633","fg0053","fg0664","fg0963","fg0084","fg0773","fg0505","fg0596","fg0358"
"fq002742","vx_da45c97d7812f32a","fg0678","1","fg0678","fg0730","fg0555","fg0333","fg0871","fg0175","fg0402","fg0737","fg0301","fg0745","fg0228","fg0425","fg0031","fg0939","fg0140","fg0452","fg0804","fg0799","fg0963","fg0154"
"fq002743","vx_da45c97d7812f32a","fg0678","1","fg0678","fg0730","fg0333","fg0555","fg0228","fg0175","fg0745","fg0871","fg0737","fg0402","fg0452","fg0939","fg0154","fg0425","fg0867","fg0346","fg0853","fg0799","fg0804","fg0489"
"fq002744","vx_da45c97d7812f32a","fg0678","1","fg0678","fg0333","fg0555","fg0745","fg0939","fg0402","fg0425","fg0175","fg0154","fg0228","fg0730","fg0737","fg0758","fg0871","fg0301","fg0346","fg0026","fg0031","fg0787","fg0489"
"fq002745","vx_da45c97d7812f32a","fg0678","1","fg0678","fg0555","fg0333","fg0745","fg0730","fg0402","fg0737","fg0228","fg0425","fg0175","fg0502","fg0452","fg0154","fg0346","fg0867","fg0853","fg0804","fg0748","fg0489","fg0871"
"fq002746","vx_da45c97d7812f32a","fg0678","1","fg0678","fg0555","fg0333","fg0402","fg0939","fg0745","fg0175","fg0804","fg0154","fg0140","fg0031","fg0301","fg0228","fg0730","fg0425","fg0737","fg0346","fg0384","fg0871","fg0706"
"fq002747","vx_da45c97d7812f32a","fg0678","1","fg0678","fg0730","fg0871","fg0175","fg0228","fg0452","fg0555","fg0737","fg0939","fg0804","fg0402","fg0502","fg0963","fg0346","fg0026","fg0799","fg0836","fg0765","fg0301","fg0655"
"fq002748","vx_da45c97d7812f32a","fg0678","1","fg0678","fg0555","fg0333","fg0730","fg0175","fg0402","fg0737","fg0745","fg0871","fg0228","fg0154","fg0939","fg0425","fg0804","fg0758","fg0140","fg0452","fg0489","fg0963","fg0504"
"fq002749","vx_da45c97d7812f32a","fg0678","1","fg0678","fg0555","fg0333","fg0730","fg0402","fg0939","fg0745","fg0175","fg0737","fg0867","fg0871","fg0228","fg0489","fg0384","fg0346","fg0804","fg0850","fg0370","fg0953","fg0799"
"fq002750","vx_da45c97d7812f32a","fg0678","1","fg0678","fg0555","fg0301","fg0031","fg0871","fg0402","fg0333","fg0140","fg0804","fg0502","fg0730","fg0737","fg0876","fg0939","fg0154","fg0175","fg0745","fg0489","fg0346","fg0799"
"fq002751","vx_da45c97d7812f32a","fg0678","1","fg0678","fg0555","fg0489","fg0333","fg0730","fg0402","fg0939","fg0737","fg0871","fg0384","fg0804","fg0175","fg0094","fg0250","fg0799","fg0370","fg0953","fg0502","fg0378","fg0140"
"fq002752","vx_da45c97d7812f32a","fg0678","1","fg0678","fg0555","fg0402","fg0730","fg0939","fg0804","fg0301","fg0140","fg0175","fg0871","fg0758","fg0963","fg0333","fg0655","fg0502","fg0651","fg0228","fg0378","fg0031","fg0737"
"fq002753","vx_da45c97d7812f32a","fg0678","1","fg0678","fg0555","fg0333","fg0730","fg0871","fg0301","fg0228","fg0745","fg0402","fg0737","fg0939","fg0175","fg0876","fg0031","fg0804","fg0758","fg0140","fg0425","fg0346","fg0799"
"fq002754","vx_da45c97d7812f32a","fg0678","1","fg0678","fg0745","fg0555","fg0730","fg0333","fg0175","fg0228","fg0402","fg0871","fg0452","fg0425","fg0346","fg0105","fg0737","fg0853","fg0118","fg0301","fg0836","fg0804","fg0787"
"fq002755","vx_da45c97d7812f32a","fg0678","1","fg0678","fg0730","fg0175","fg0333","fg0939","fg0758","fg0555","fg0737","fg0402","fg0871","fg0228","fg0502","fg0963","fg0140","fg0489","fg0301","fg0425","fg0799","fg0787","fg0745"
"fq002756","vx_da45c97d7812f32a","fg0678","1","fg0678","fg0555","fg0333","fg0402","fg0730","fg0737","fg0489","fg0745","fg0301","fg0175","fg0939","fg0871","fg0031","fg0804","fg0140","fg0346","fg0425","fg0228","fg0853","fg0452"
"fq002757","vx_da45c97d7812f32a","fg0678","1","fg0678","fg0730","fg0871","fg0555","fg0175","fg0333","fg0402","fg0804","fg0939","fg0228","fg0489","fg0737","fg0745","fg0384","fg0140","fg0799","fg0867","fg0346","fg0502","fg0046"
"fq002758","vx_da45c97d7812f32a","fg0678","1","fg0678","fg0730","fg0871","fg0737","fg0333","fg0228","fg0175","fg0555","fg0799","fg0489","fg0963","fg0502","fg0140","fg0301","fg0402","fg0758","fg0939","fg0031","fg0836","fg0953"
"fq002759","vx_da45c97d7812f32a","fg0678","1","fg0678","fg0333","fg0555","fg0730","fg0745","fg0175","fg0402","fg0737","fg0154","fg0502","fg0963","fg0452","fg0425","fg0228","fg0301","fg0758","fg0804","fg0031","fg0504","fg0939"
"fq002760","vx_da45c97d7812f32a","fg0678","1","fg0678","fg0555","fg0730","fg0333","fg0175","fg0745","fg0228","fg0402","fg0301","fg0140","fg0871","fg0737","fg0939","fg0031","fg0804","fg0489","fg0425","fg0154","fg0876","fg0346"
"fq002761","vx_da45c97d7812f32a","fg0678","1","fg0678","fg0333","fg0745","fg0425","fg0555","fg0154","fg0175","fg0228","fg0402","fg0939","fg0853","fg0737","fg0730","fg0489","fg0105","fg0488","fg0026","fg0346","fg0452","fg0766"
"fq002762","vx_e6dd6be9bd92f6a3","fg0679","1","fg0679","fg0282","fg0900","fg0337","fg0719","fg0432","fg0775","fg0848","fg0380","fg0428","fg0089","fg0620","fg0184","fg0991","fg0372","fg0057","fg0629","fg0787","fg0143","fg0576"
"fq002763","vx_37476a47fc1279ed","fg0680","1","fg0680","fg0102","fg0410","fg0072","fg0704","fg0926","fg0170","fg0792","fg0882","fg0576","fg0752","fg0099","fg0457","fg0437","fg0854","fg0641","fg0330","fg0715","fg0454","fg0627"
"fq002764","vx_d2f896e1ae5b2040","fg0681","1","fg0681","fg0278","fg0961","fg0723","fg0121","fg0018","fg0702","fg0601","fg0835","fg0045","fg0813","fg0390","fg0983","fg0368","fg0496","fg0374","fg0697","fg0414","fg0579","fg0732"
"fq002765","vx_93556e75f1bb4062","fg0682","1","fg0682","fg0123","fg0371","fg0976","fg0060","fg0247","fg0042","fg0713","fg0071","fg0525","fg0597","fg0388","fg0780","fg0600","fg0414","fg0714","fg0334","fg0159","fg0999","fg0959"
"fq002766","vx_93556e75f1bb4062","fg0682","1","fg0682","fg0247","fg0371","fg0060","fg0042","fg0525","fg0597","fg0976","fg0123","fg0714","fg0388","fg0713","fg0071","fg0780","fg0414","fg0159","fg0324","fg0528","fg0910","fg0959"
"fq002767","vx_93556e75f1bb4062","fg0682","1","fg0682","fg0247","fg0071","fg0976","fg0637","fg0324","fg0191","fg0746","fg0060","fg0371","fg0525","fg0597","fg0136","fg0528","fg0206","fg0388","fg0753","fg0083","fg0562","fg0729"
"fq002768","vx_93556e75f1bb4062","fg0682","1","fg0682","fg0247","fg0976","fg0060","fg0371","fg0071","fg0597","fg0528","fg0525","fg0042","fg0713","fg0600","fg0637","fg0123","fg0414","fg0780","fg0159","fg0173","fg0334","fg0206"
"fq002769","vx_93556e75f1bb4062","fg0682","1","fg0682","fg0247","fg0371","fg0976","fg0071","fg0060","fg0637","fg0597","fg0414","fg0334","fg0780","fg0136","fg0562","fg0388","fg0123","fg0525","fg0746","fg0753","fg0324","fg0042"
"fq002770","vx_93556e75f1bb4062","fg0682","1","fg0682","fg0247","fg0206","fg0976","fg0071","fg0324","fg0528","fg0753","fg0142","fg0060","fg0083","fg0388","fg0371","fg0527","fg0334","fg0729","fg0500","fg0275","fg0885","fg0525"
"fq002771","vx_93556e75f1bb4062","fg0682","1","fg0682","fg0060","fg0247","fg0371","fg0525","fg0976","fg0597","fg0071","fg0123","fg0714","fg0414","fg0042","fg0780","fg0600","fg0528","fg0079","fg0159","fg0388","fg0637","fg0999"
"fq002772","vx_bd54ecb8dc146401","fg0683","1","fg0683","fg0502","fg0121","fg0893","fg0118","fg0756","fg0361","fg0837","fg0735","fg0564","fg0862","fg0633","fg0553","fg0370","fg0765","fg0944","fg0040","fg0871","fg0732","fg0459"
"fq002773","vx_73868d620b0abec4","fg0684","1","fg0684","fg0374","fg0566","fg0895","fg0607","fg0970","fg0200","fg0498","fg0104","fg0179","fg0997","fg0207","fg0599","fg0956","fg0640","fg0012","fg0538","fg0825","fg0329","fg0668"
"fq002774","vx_73868d620b0abec4","fg0684","1","fg0684","fg0970","fg0374","fg0566","fg0895","fg0607","fg0329","fg0179","fg0207","fg0104","fg0640","fg0997","fg0956","fg0498","fg0442","fg0161","fg0668","fg0779","fg0501","fg0590"
"fq002775","vx_e47c8c93a8f89154","fg0685","1","fg0685","fg0409","fg0813","fg0601","fg0395","fg0780","fg0800","fg0099","fg0340","fg0230","fg0481","fg0008","fg0166","fg0096","fg0724","fg0389","fg0505","fg0838","fg0493","fg0615"
"fq002776","vx_e47c8c93a8f89154","fg0685","1","fg0685","fg0409","fg0813","fg0601","fg0099","fg0800","fg0230","fg0780","fg0395","fg0008","fg0166","fg0096","fg0481","fg0340","fg0493","fg0669","fg0389","fg0840","fg0838","fg0724"
"fq002777","vx_e47c8c93a8f89154","fg0685","1","fg0685","fg0409","fg0813","fg0601","fg0395","fg0099","fg0800","fg0481","fg0166","fg0780","fg0230","fg0008","fg0505","fg0096","fg0615","fg0724","fg0340","fg0669","fg0838","fg0451"
"fq002778","vx_18fc83cd3f8a8687","fg0686","1","fg0686","fg0734","fg0251","fg0894","fg0216","fg0888","fg0564","fg0129","fg0547","fg0121","fg0031","fg0120","fg0490","fg0733","fg0732","fg0590","fg0569","fg0821","fg0602","fg0243"
"fq002779","vx_18fc83cd3f8a8687","fg0686","1","fg0686","fg0734","fg0894","fg0732","fg0216","fg0129","fg0564","fg0490","fg0065","fg0121","fg0251","fg0602","fg0620","fg0972","fg0569","fg0657","fg0091","fg0596","fg0146","fg0967"
"fq002780","vx_a2ccf40b0fae2a52","fg0687","1","fg0687","fg0043","fg0802","fg0820","fg0373","fg0242","fg0559","fg0017","fg0092","fg0240","fg0653","fg0904","fg0600","fg0273","fg0216","fg0324","fg0108","fg0343","fg0897","fg0159"
"fq002781","vx_a2ccf40b0fae2a52","fg0687","1","fg0687","fg0043","fg0802","fg0820","fg0373","fg0559","fg0242","fg0017","fg0092","fg0904","fg0653","fg0240","fg0216","fg0948","fg0324","fg0273","fg0151","fg0199","fg0897","fg0600"
"fq002782","vx_a2ccf40b0fae2a52","fg0687","1","fg0687","fg0043","fg0802","fg0820","fg0559","fg0373","fg0242","fg0092","fg0904","fg0017","fg0240","fg0653","fg0151","fg0206","fg0897","fg0241","fg0275","fg0355","fg0444","fg0273"
"fq002783","vx_a2ccf40b0fae2a52","fg0687","1","fg0687","fg0043","fg0820","fg0802","fg0373","fg0242","fg0017","fg0559","fg0240","fg0653","fg0273","fg0324","fg0092","fg0108","fg0343","fg0943","fg0904","fg0948","fg0216","fg0927"
"fq002784","vx_a2ccf40b0fae2a52","fg0687","1","fg0687","fg0043","fg0820","fg0802","fg0373","fg0559","fg0653","fg0242","fg0092","fg0017","fg0273","fg0555","fg0343","fg0355","fg0275","fg0904","fg0240","fg0324","fg0445","fg0444"
"fq002785","vx_a2ccf40b0fae2a52","fg0687","1","fg0687","fg0043","fg0802","fg0373","fg0820","fg0559","fg0242","fg0240","fg0017","fg0904","fg0447","fg0995","fg0810","fg0092","fg0324","fg0423","fg0151","fg0927","fg0216","fg0897"
"fq002786","vx_a2ccf40b0fae2a52","fg0687","1","fg0687","fg0043","fg0802","fg0373","fg0820","fg0017","fg0242","fg0559","fg0904","fg0240","fg0216","fg0995","fg0447","fg0092","fg0653","fg0324","fg0159","fg0600","fg0927","fg0273"
"fq002787","vx_e6cc474be66c02ae","fg0688","1","fg0688","fg0778","fg0195","fg0388","fg0591","fg0036","fg0350","fg0312","fg0126","fg0123","fg0211","fg0180","fg0298","fg0241","fg0936","fg0573","fg0275","fg0503","fg0962","fg0453"
"fq002788","vx_2343d2fec3949a26","fg0689","1","fg0689","fg0938","fg0308","fg0461","fg0941","fg0361","fg0548","fg0864","fg0028","fg0337","fg0783","fg0629","fg0617","fg0282","fg0623","fg0967","fg0262","fg0178","fg0119","fg0564"
"fq002789","vx_4d5208ef739db692","fg0690","1","fg0690","fg0968","fg0719","fg0595","fg0304","fg0430","fg0839","fg0092","fg0620","fg0486","fg0783","fg0469","fg0713","fg0541","fg0197","fg0812","fg0376","fg0777","fg0453","fg0910"
"fq002790","vx_4d5208ef739db692","fg0690","1","fg0690","fg0968","fg0595","fg0304","fg0719","fg0839","fg0092","fg0777","fg0469","fg0018","fg0895","fg0783","fg0486","fg0506","fg0182","fg0713","fg0121","fg0910","fg0812","fg0569"
"fq002791","vx_4d5208ef739db692","fg0690","1","fg0690","fg0968","fg0719","fg0595","fg0304","fg0092","fg0569","fg0197","fg0839","fg0910","fg0783","fg0469","fg0270","fg0430","fg0541","fg0749","fg0713","fg0777","fg0182","fg0841"
"fq002792","vx_4d5208ef739db692","fg0690","1","fg0690","fg0719","fg0968","fg0304","fg0430","fg0595","fg0846","fg0130","fg0783","fg0018","fg0758","fg0466","fg0267","fg0895","fg0860","fg0569","fg0023","fg0197","fg0541","fg0376"
"fq002793","vx_4d5208ef739db692","fg0690","1","fg0690","fg0968","fg0719","fg0595","fg0304","fg0182","fg0197","fg0130","fg0839","fg0777","fg0846","fg0092","fg0783","fg0569","fg0333","fg0430","fg0758","fg0860","fg0205","fg0620"
"fq002794","vx_9b825499889861d0","fg0691","1","fg0691","fg0325","fg0545","fg0385","fg0168","fg0807","fg0455","fg0222","fg0314","fg0759","fg0601","fg0405","fg0354","fg0617","fg0796","fg0261","fg0909","fg0636","fg0546","fg0180"
"fq002795","vx_f187d22e84864dda","fg0692","1","fg0692","fg0195","fg0513","fg0843","fg0334","fg0733","fg0350","fg0126","fg0186","fg0565","fg0907","fg0534","fg0339","fg0025","fg0279","fg0974","fg0587","fg0809","fg0768","fg0791"
"fq002796","vx_e93adf3d6d5626b0","fg0693","1","fg0693","fg0060","fg0746","fg0324","fg0519","fg0079","fg0881","fg0083","fg0247","fg0597","fg0259","fg0624","fg0390","fg0239","fg0882","fg0902","fg0652","fg0609","fg0683","fg0725"
"fq002797","vx_e93adf3d6d5626b0","fg0693","1","fg0693","fg0060","fg0746","fg0259","fg0239","fg0882","fg0079","fg0683","fg0324","fg0597","fg0247","fg0733","fg0519","fg0928","fg0390","fg0881","fg0282","fg0558","fg0801","fg0624"
"fq002798","vx_e93adf3d6d5626b0","fg0693","1","fg0693","fg0060","fg0746","fg0881","fg0683","fg0882","fg0247","fg0259","fg0324","fg0624","fg0597","fg0519","fg0239","fg0390","fg0733","fg0079","fg0215","fg0725","fg0928","fg0558"
"fq002799","vx_e93adf3d6d5626b0","fg0693","1","fg0693","fg0060","fg0746","fg0079","fg0259","fg0882","fg0683","fg0597","fg0247","fg0519","fg0324","fg0733","fg0239","fg0881","fg0624","fg0215","fg0725","fg0390","fg0282","fg0928"
"fq002800","vx_e93adf3d6d5626b0","fg0693","1","fg0693","fg0060","fg0746","fg0597","fg0881","fg0247","fg0259","fg0683","fg0882","fg0390","fg0079","fg0239","fg0624","fg0324","fg0733","fg0519","fg0282","fg0725","fg0215","fg0780"
"fq002801","vx_e93adf3d6d5626b0","fg0693","1","fg0693","fg0060","fg0259","fg0746","fg0683","fg0079","fg0239","fg0882","fg0324","fg0247","fg0597","fg0739","fg0519","fg0881","fg0558","fg0928","fg0624","fg0390","fg0097","fg0609"
"fq002802","vx_e93adf3d6d5626b0","fg0693","1","fg0693","fg0060","fg0746","fg0259","fg0239","fg0683","fg0324","fg0597","fg0519","fg0247","fg0079","fg0624","fg0652","fg0881","fg0609","fg0882","fg0083","fg0390","fg0725","fg0682"
"fq002803","vx_e93adf3d6d5626b0","fg0693","1","fg0693","fg0060","fg0746","fg0247","fg0079","fg0881","fg0597","fg0324","fg0624","fg0259","fg0733","fg0390","fg0882","fg0725","fg0239","fg0683","fg0519","fg0828","fg0215","fg0682"
"fq002804","vx_e93adf3d6d5626b0","fg0693","1","fg0693","fg0060","fg0746","fg0324","fg0259","fg0239","fg0597","fg0683","fg0882","fg0079","fg0519","fg0682","fg0928","fg0247","fg0733","fg0282","fg0186","fg0251","fg0725","fg0215"
"fq002805","vx_e93adf3d6d5626b0","fg0693","1","fg0693","fg0060","fg0239","fg0259","fg0683","fg0882","fg0746","fg0558","fg0928","fg0739","fg0881","fg0247","fg0324","fg0763","fg0079","fg0390","fg0519","fg0890","fg0097","fg0733"
"fq002806","vx_c4ee1e5b3a93a734","fg0694","1","fg0694","fg0105","fg0083","fg0998","fg0004","fg0206","fg0251","fg0114","fg0838","fg0142","fg0725","fg0608","fg0456","fg0331","fg0317","fg0309","fg0622","fg0072","fg0295","fg0383"
"fq002807","vx_c4ee1e5b3a93a734","fg0694","1","fg0694","fg0105","fg0083","fg0004","fg0998","fg0206","fg0251","fg0010","fg0838","fg0725","fg0114","fg0608","fg0142","fg0063","fg0317","fg0331","fg0072","fg0309","fg0432","fg0283"
"fq002808","vx_a261db600c3fe3a1","fg0695","1","fg0695","fg0397","fg0722","fg0228","fg0589","fg0867","fg0438","fg0525","fg0630","fg0404","fg0057","fg0078","fg0039","fg0214","fg0983","fg0319","fg0492","fg0298","fg0982","fg0502"
"fq002809","vx_ae7e7084675bf4f0","fg0696","1","fg0696","fg0010","fg0375","fg0837","fg0394","fg0665","fg0269","fg0619","fg0461","fg0544","fg0823","fg0199","fg0772","fg0258","fg0571","fg0508","fg0360","fg0537","fg0026","fg0750"
"fq002810","vx_ae7e7084675bf4f0","fg0696","1","fg0696","fg0014","fg0898","fg0096","fg0964","fg0650","fg0434","fg0967","fg0837","fg0360","fg0619","fg0517","fg0361","fg0823","fg0375","fg0183","fg0888","fg0256","fg0499","fg0441"
"fq002811","vx_e6c5fb444b2b5cd9","fg0697","1","fg0697","fg0121","fg0894","fg0564","fg0040","fg0059","fg0643","fg0814","fg0547","fg0409","fg0942","fg0725","fg0334","fg0681","fg0835","fg0204","fg0278","fg0926","fg0770","fg0062"
"fq002812","vx_e6c5fb444b2b5cd9","fg0697","1","fg0697","fg0564","fg0894","fg0814","fg0409","fg0040","fg0547","fg0121","fg0643","fg0770","fg0942","fg0059","fg0062","fg0840","fg0725","fg0278","fg0004","fg0984","fg0698","fg0087"
"fq002813","vx_e6c5fb444b2b5cd9","fg0697","1","fg0697","fg0894","fg0040","fg0121","fg0409","fg0059","fg0814","fg0564","fg0942","fg0547","fg0770","fg0835","fg0984","fg0851","fg0725","fg0643","fg0334","fg0926","fg0062","fg0915"
"fq002814","vx_92d6bb66741fcda2","fg0698","1","fg0698","fg0947","fg0989","fg0464","fg0528","fg0304","fg0131","fg0327","fg0964","fg0758","fg0563","fg0893","fg0303","fg0936","fg0574","fg0364","fg0401","fg0966","fg0863","fg0462"
"fq002815","vx_92d6bb66741fcda2","fg0698","1","fg0698","fg0947","fg0989","fg0528","fg0464","fg0304","fg0131","fg0893","fg0401","fg0758","fg0936","fg0327","fg0563","fg0966","fg0588","fg0364","fg0964","fg0303","fg0166","fg0462"
"fq002816","vx_80dfaf855ce1faba","fg0699","301","fg0308","fg0944","fg0148","fg0277","fg0582","fg0369","fg0016","fg0876","fg0074","fg0801","fg0196","fg0560","fg0781","fg0473","fg0461","fg0570","fg0629","fg0822","fg0650","fg0246"
"fq002817","vx_762da8c0924c4b56","fg0700","1","fg0700","fg0642","fg0566","fg0899","fg0358","fg0359","fg0818","fg0494","fg0192","fg0606","fg0203","fg0532","fg0252","fg0788","fg0773","fg0473","fg0053","fg0193","fg0421","fg0382"
"fq002818","vx_762da8c0924c4b56","fg0700","1","fg0700","fg0642","fg0566","fg0899","fg0359","fg0818","fg0358","fg0192","fg0788","fg0473","fg0053","fg0382","fg0532","fg0494","fg0252","fg0427","fg0286","fg0472","fg0054","fg0051"
"fq002819","vx_762da8c0924c4b56","fg0700","1","fg0700","fg0642","fg0566","fg0899","fg0359","fg0358","fg0818","fg0788","fg0053","fg0532","fg0455","fg0494","fg0192","fg0309","fg0051","fg0606","fg0956","fg0963","fg0427","fg0979"
"fq002820","vx_762da8c0924c4b56","fg0700","1","fg0700","fg0642","fg0566","fg0358","fg0899","fg0494","fg0421","fg0359","fg0818","fg0203","fg0192","fg0606","fg0956","fg0975","fg0532","fg0252","fg0773","fg0382","fg0053","fg0473"
"fq002821","vx_762da8c0924c4b56","fg0700","1","fg0700","fg0642","fg0566","fg0899","fg0359","fg0818","fg0494","fg0358","fg0053","fg0532","fg0956","fg0203","fg0192","fg0788","fg0664","fg0382","fg0252","fg0337","fg0161","fg0004"
"fq002822","vx_74d7bfe7458d96bb","fg0701","1","fg0701","fg0638","fg0949","fg0726","fg0646","fg0635","fg0219","fg0540","fg0982","fg0044","fg0250","fg0896","fg0471","fg0210","fg0514","fg0488","fg0002","fg0051","fg0037","fg0337"
"fq002823","vx_94f8c823238e0dbd","fg0702","1","fg0702","fg0924","fg0819","fg0281","fg0045","fg0634","fg0681","fg0829","fg0978","fg0418","fg0865","fg0217","fg0601","fg0984","fg0751","fg0268","fg0791","fg0414","fg0478","fg0745"
"fq002824","vx_94f8c823238e0dbd","fg0702","1","fg0702","fg0924","fg0819","fg0978","fg0681","fg0045","fg0281","fg0414","fg0751","fg0829","fg0634","fg0467","fg0830","fg0268","fg0217","fg0745","fg0344","fg0418","fg0905","fg0865"
"fq002825","vx_94f8c823238e0dbd","fg0702","1","fg0702","fg0924","fg0819","fg0681","fg0281","fg0045","fg0634","fg0601","fg0418","fg0978","fg0414","fg0217","fg0865","fg0829","fg0268","fg0745","fg0984","fg0751","fg0791","fg0344"
"fq002826","vx_94f8c823238e0dbd","fg0702","1","fg0702","fg0924","fg0819","fg0281","fg0634","fg0045","fg0829","fg0681","fg0978","fg0984","fg0751","fg0217","fg0865","fg0268","fg0418","fg0791","fg0414","fg0745","fg0864","fg0601"
"fq002827","vx_94f8c823238e0dbd","fg0702","1","fg0702","fg0924","fg0819","fg0281","fg0634","fg0045","fg0829","fg0978","fg0681","fg0751","fg0984","fg0217","fg0268","fg0865","fg0418","fg0791","fg0745","fg0478","fg0414","fg0601"
"fq002828","vx_94f8c823238e0dbd","fg0702","1","fg0702","fg0924","fg0819","fg0281","fg0634","fg0045","fg0681","fg0829","fg0217","fg0601","fg0978","fg0414","fg0984","fg0268","fg0310","fg0751","fg0745","fg0418","fg0865","fg0905"
"fq002829","vx_819ca1b8b9da5b13","fg0703","1","fg0703","fg0768","fg0843","fg0453","fg0589","fg0211","fg0994","fg0974","fg0907","fg0588","fg0490","fg0191","fg0214","fg0025","fg0573","fg0039","fg0641","fg0054","fg0063","fg0778"
"fq002830","vx_3faa2d0c6894cf74","fg0704","1","fg0704","fg0792","fg0170","fg0777","fg0882","fg0680","fg0410","fg0713","fg0591","fg0102","fg0614","fg0072","fg0957","fg0778","fg0705","fg0817","fg0666","fg0155","fg0577","fg0812"
"fq002831","vx_0c1d32f4dbfaafb7","fg0705","1","fg0705","fg0614","fg0777","fg0311","fg0699","fg0666","fg0632","fg0591","fg0232","fg0741","fg0882","fg0617","fg0534","fg0025","fg0553","fg0077","fg0704","fg0180","fg0005","fg0488"
"fq002832","vx_04e35fc1a4588d88","fg0706","1","fg0706","fg0731","fg0157","fg0796","fg0555","fg0287","fg0387","fg0824","fg0141","fg0745","fg0869","fg0816","fg0180","fg0103","fg0090","fg0567","fg0333","fg0702","fg0804","fg0482"
"fq002833","vx_04e35fc1a4588d88","fg0706","1","fg0706","fg0731","fg0796","fg0141","fg0090","fg0103","fg0287","fg0209","fg0869","fg0555","fg0157","fg0816","fg0387","fg0824","fg0616","fg0180","fg0952","fg0572","fg0367","fg0745"
"fq002834","vx_04e35fc1a4588d88","fg0706","1","fg0706","fg0731","fg0796","fg0555","fg0287","fg0387","fg0141","fg0090","fg0157","fg0745","fg0869","fg0816","fg0824","fg0572","fg0103","fg0036","fg0616","fg0402","fg0333","fg0180"
"fq002835","vx_84603cd695ed2cc8","fg0707","1","fg0707","fg0272","fg0844","fg0410","fg0170","fg0457","fg0461","fg0906","fg0264","fg0102","fg0873","fg0010","fg0988","fg0558","fg1000","fg0541","fg0952","fg0425","fg0550","fg0912"
"fq002836","vx_8382c4a6e3a129e7","fg0708","1","fg0708","fg0960","fg0598","fg0117","fg0586","fg0870","fg0192","fg0149","fg0440","fg0979","fg0358","fg0365","fg0020","fg0510","fg0068","fg0803","fg0070","fg0930","fg0830","fg0993"
"fq002837","vx_8382c4a6e3a129e7","fg0708","1","fg0708","fg0830","fg0870","fg0586","fg0598","fg0985","fg0117","fg0358","fg0192","fg0930","fg0149","fg0901","fg0960","fg0068","fg0510","fg0467","fg0440","fg0979","fg0254","fg0339"
"fq002838","vx_8382c4a6e3a129e7","fg0708","1","fg0708","fg0960","fg0117","fg0149","fg0598","fg0192","fg0870","fg0358","fg0830","fg0586","fg0440","fg0068","fg0510","fg0979","fg0993","fg0930","fg0070","fg0296","fg0903","fg0985"
"fq002839","vx_8382c4a6e3a129e7","fg0708","1","fg0708","fg0117","fg0598","fg0149","fg0358","fg0440","fg0985","fg0979","fg0192","fg0960","fg0870","fg0993","fg0830","fg0296","fg0586","fg0068","fg0510","fg0963","fg0070","fg0930"
"fq002840","vx_8382c4a6e3a129e7","fg0708","1","fg0708","fg0598","fg0960","fg0192","fg0440","fg0149","fg0979","fg0296","fg0993","fg0068","fg0930","fg0874","fg0903","fg0117","fg0963","fg0358","fg0497","fg0667","fg0047","fg0323"
"fq002841","vx_8382c4a6e3a129e7","fg0708","1","fg0708","fg0598","fg0192","fg0930","fg0068","fg0358","fg0149","fg0979","fg0960","fg0117","fg0874","fg0323","fg0296","fg0288","fg0903","fg0509","fg0985","fg0852","fg0953","fg0467"
"fq002842","vx_8382c4a6e3a129e7","fg0708","1","fg0708","fg0192","fg0598","fg0960","fg0993","fg0149","fg0990","fg0047","fg0509","fg0296","fg0117","fg0673","fg0481","fg0979","fg0512","fg0416","fg0667","fg0440","fg0963","fg0288"
"fq002843","vx_8382c4a6e3a129e7","fg0708","1","fg0708","fg0830","fg0870","fg0586","fg0068","fg0467","fg0901","fg0985","fg0158","fg0960","fg0180","fg0339","fg0358","fg0598","fg0510","fg0117","fg0553","fg0070","fg0002","fg0932"
"fq002844","vx_d4717f0f27fb89b4","fg0709","1","fg0709","fg0986","fg0339","fg0830","fg0049","fg0578","fg0786","fg0780","fg0901","fg0555","fg0371","fg0553","fg0402","fg0291","fg0626","fg0937","fg0587","fg0604","fg0804","fg0459"
"fq002845","vx_d4717f0f27fb89b4","fg0709","1","fg0709","fg0339","fg0780","fg0626","fg0049","fg0786","fg0986","fg0830","fg0901","fg0555","fg0357","fg0371","fg0158","fg0464","fg0604","fg0775","fg0388","fg0385","fg0553","fg0937"
"fq002846","vx_db5badd35d4ed33b","fg0710","1","fg0710","fg0417","fg0479","fg0568","fg0412","fg0335","fg0818","fg0009","fg0379","fg0375","fg0414","fg0183","fg0344","fg0718","fg0363","fg0305","fg0167","fg0028","fg0355","fg0384"
"fq002847","vx_454df86479b778fe","fg0711","1","fg0711","fg0823","fg0650","fg0104","fg1000","fg0280","fg0798","fg0423","fg0199","fg0880","fg0904","fg0566","fg0825","fg0017","fg0522","fg0014","fg0209","fg0853","fg0508","fg0550"
"fq002848","vx_454df86479b778fe","fg0711","1","fg0711","fg0823","fg1000","fg0280","fg0650","fg0104","fg0199","fg0880","fg0904","fg0423","fg0798","fg0566","fg0014","fg0017","fg0538","fg0209","fg0547","fg0393","fg0541","fg0572"
"fq002849","vx_454df86479b778fe","fg0711","1","fg0711","fg0650","fg1000","fg0280","fg0823","fg0199","fg0566","fg0104","fg0798","fg0904","fg0423","fg0880","fg0017","fg0781","fg0541","fg0547","fg0690","fg0994","fg0538","fg0825"
"fq002850","vx_454df86479b778fe","fg0711","1","fg0711","fg0798","fg0956","fg0382","fg1000","fg0538","fg0017","fg0423","fg0650","fg0590","fg0994","fg0566","fg0280","fg0970","fg0823","fg0904","fg0104","fg0157","fg0153","fg0199"
"fq002851","vx_454df86479b778fe","fg0711","1","fg0711","fg0823","fg0650","fg0104","fg0280","fg1000","fg0880","fg0798","fg0199","fg0904","fg0423","fg0017","fg0566","fg0393","fg0853","fg0522","fg0538","fg0014","fg0547","fg0205"
"fq002852","vx_454df86479b778fe","fg0711","1","fg0711","fg0650","fg0823","fg1000","fg0280","fg0199","fg0798","fg0104","fg0566","fg0423","fg0904","fg0880","fg0014","fg0017","fg0018","fg0538","fg0781","fg0541","fg0547","fg0895"
"fq002853","vx_454df86479b778fe","fg0711","1","fg0711","fg1000","fg0823","fg0650","fg0280","fg0423","fg0104","fg0904","fg0199","fg0798","fg0880","fg0209","fg0547","fg0541","fg0719","fg0566","fg0393","fg0759","fg0017","fg0538"
"fq002854","vx_454df86479b778fe","fg0711","1","fg0711","fg0823","fg0650","fg1000","fg0880","fg0280","fg0199","fg0798","fg0104","fg0423","fg0904","fg0541","fg0994","fg0566","fg0043","fg0014","fg0547","fg0017","fg0209","fg0853"
"fq002855","vx_454df86479b778fe","fg0711","1","fg0711","fg0823","fg1000","fg0104","fg0650","fg0280","fg0880","fg0904","fg0541","fg0798","fg0423","fg0199","fg0719","fg0994","fg0538","fg0209","fg0566","fg0017","fg0393","fg0522"
"fq002856","vx_1337b5b8c7c440cd","fg0712","1","fg0712","fg0515","fg0218","fg0513","fg0358","fg0843","fg0307","fg0269","fg0562","fg0015","fg0907","fg0399","fg0347","fg0003","fg0900","fg0808","fg0054","fg0191","fg0126","fg0942"
"fq002857","vx_f55a29c9696ffc22","fg0713","1","fg0713","fg0259","fg0201","fg0082","fg0159","fg0205","fg0620","fg0486","fg0600","fg0211","fg0573","fg0478","fg0778","fg0397","fg0388","fg0812","fg0039","fg0682","fg0482","fg0976"
"fq002858","vx_f55a29c9696ffc22","fg0713","1","fg0713","fg0397","fg0159","fg0082","fg0573","fg0211","fg0778","fg0205","fg0976","fg0936","fg0907","fg0039","fg0588","fg0001","fg0201","fg0682","fg0388","fg0811","fg0312","fg0106"
"fq002859","vx_e51bf32f31d50c02","fg0714","1","fg0714","fg0525","fg0959","fg0079","fg0042","fg0060","fg0910","fg0123","fg0099","fg0252","fg0605","fg0780","fg0419","fg0213","fg0787","fg0969","fg0555","fg0275","fg0717","fg0565"
"fq002860","vx_e51bf32f31d50c02","fg0714","1","fg0714","fg0525","fg0079","fg0042","fg0060","fg0959","fg0252","fg0605","fg0910","fg0099","fg0969","fg0123","fg0717","fg0787","fg0756","fg0358","fg0780","fg0125","fg0991","fg0086"
"fq002861","vx_e51bf32f31d50c02","fg0714","1","fg0714","fg0525","fg0959","fg0042","fg0079","fg0123","fg0060","fg0252","fg0910","fg0099","fg0605","fg0780","fg0371","fg0555","fg0787","fg0125","fg0717","fg0470","fg0969","fg0086"
"fq002862","vx_e51bf32f31d50c02","fg0714","1","fg0714","fg0525","fg0079","fg0060","fg0042","fg0959","fg0910","fg0123","fg0717","fg0780","fg0969","fg0252","fg0787","fg0099","fg0371","fg0555","fg0605","fg0991","fg0597","fg0470"
"fq002863","vx_e51bf32f31d50c02","fg0714","1","fg0714","fg0525","fg0060","fg0079","fg0959","fg0042","fg0910","fg0099","fg0123","fg0787","fg0605","fg0717","fg0969","fg0991","fg0252","fg0086","fg0418","fg0371","fg0597","fg0358"
"fq002864","vx_e51bf32f31d50c02","fg0714","1","fg0714","fg0079","fg0525","fg0060","fg0959","fg0042","fg0910","fg0969","fg0123","fg0605","fg0336","fg0717","fg0780","fg0787","fg0252","fg0555","fg0125","fg0213","fg0371","fg0099"
"fq002865","vx_e51bf32f31d50c02","fg0714","1","fg0714","fg0525","fg0959","fg0060","fg0079","fg0042","fg0910","fg0605","fg0123","fg0099","fg0336","fg0275","fg0555","fg0252","fg0756","fg0969","fg0787","fg0565","fg0213","fg0125"
"fq002866","vx_e51bf32f31d50c02","fg0714","1","fg0714","fg0525","fg0959","fg0079","fg0060","fg0042","fg0123","fg0099","fg0910","fg0605","fg0780","fg0252","fg0787","fg0991","fg0969","fg0336","fg0470","fg0555","fg0371","fg0213"
"fq002867","vx_e51bf32f31d50c02","fg0714","1","fg0714","fg0525","fg0959","fg0042","fg0060","fg0079","fg0910","fg0605","fg0123","fg0099","fg0213","fg0086","fg0159","fg0252","fg0565","fg0780","fg0969","fg0555","fg0336","fg0275"
"fq002868","vx_e51bf32f31d50c02","fg0714","1","fg0714","fg0959","fg0525","fg0042","fg0060","fg0079","fg0910","fg0123","fg0099","fg0605","fg0787","fg0780","fg0213","fg0555","fg0991","fg0336","fg0182","fg0969","fg0717","fg0252"
"fq002869","vx_e51bf32f31d50c02","fg0714","1","fg0714","fg0525","fg0959","fg0060","fg0079","fg0042","fg0123","fg0910","fg0099","fg0252","fg0780","fg0717","fg0969","fg0605","fg0787","fg0371","fg0555","fg0470","fg0419","fg0086"
"fq002870","vx_e51bf32f31d50c02","fg0714","1","fg0714","fg0959","fg0525","fg0042","fg0060","fg0079","fg0910","fg0213","fg0123","fg0605","fg0555","fg0099","fg0275","fg0336","fg0668","fg0820","fg0159","fg0419","fg0241","fg0565"
"fq002871","vx_e51bf32f31d50c02","fg0714","1","fg0714","fg0525","fg0959","fg0079","fg0060","fg0042","fg0910","fg0123","fg0605","fg0969","fg0787","fg0336","fg0252","fg0780","fg0086","fg0991","fg0682","fg0717","fg0555","fg0371"
"fq002872","vx_e51bf32f31d50c02","fg0714","1","fg0714","fg0525","fg0042","fg0060","fg0959","fg0079","fg0123","fg0910","fg0717","fg0780","fg0787","fg0371","fg0252","fg0969","fg0605","fg0555","fg0099","fg0991","fg0682","fg0597"
"fq002873","vx_e51bf32f31d50c02","fg0714","1","fg0714","fg0525","fg0959","fg0060","fg0042","fg0079","fg0910","fg0123","fg0605","fg0252","fg0780","fg0969","fg0099","fg0787","fg0555","fg0717","fg0371","fg0418","fg0213","fg0336"
"fq002874","vx_e51bf32f31d50c02","fg0714","1","fg0714","fg0959","fg0525","fg0060","fg0079","fg0042","fg0910","fg0605","fg0123","fg0336","fg0159","fg0969","fg0555","fg0787","fg0213","fg0565","fg0820","fg0371","fg0802","fg0780"
"fq002875","vx_e51bf32f31d50c02","fg0714","1","fg0714","fg0525","fg0959","fg0079","fg0060","fg0042","fg0099","fg0910","fg0605","fg0123","fg0780","fg0336","fg0787","fg0252","fg0213","fg0991","fg0182","fg0969","fg0555","fg0419"
"fq002876","vx_d7b59f86ae6237ce","fg0715","1","fg0715","fg0174","fg0033","fg0358","fg0757","fg0394","fg0996","fg0254","fg0434","fg0271","fg0780","fg0917","fg0035","fg0818","fg0099","fg0511","fg0650","fg0479","fg0756","fg0419"
"fq002877","vx_41786a610361f719","fg0716","1","fg0716","fg0027","fg0156","fg0404","fg0307","fg0972","fg0338","fg0407","fg0177","fg0085","fg0012","fg0018","fg0832","fg0143","fg0584","fg0672","fg0712","fg0244","fg0397","fg0911"
"fq002878","vx_644ef5818e63f680","fg0717","1","fg0717","fg0865","fg0787","fg0910","fg0991","fg0414","fg0079","fg0714","fg0152","fg0060","fg0470","fg0371","fg0324","fg0521","fg0418","fg0417","fg0597","fg0656","fg0042","fg0537"
"fq002879","vx_6cc966b96cbe2816","fg0718","1","fg0718","fg0198","fg0029","fg0114","fg0174","fg0032","fg0232","fg0154","fg0857","fg0028","fg0009","fg0699","fg0834","fg0581","fg0305","fg0790","fg0652","fg0116","fg0710","fg0069"
"fq002880","vx_9476aa0d07cfac6a","fg0719","1","fg0719","fg0197","fg0968","fg0690","fg0758","fg0956","fg0595","fg0182","fg0153","fg0333","fg0541","fg0847","fg0983","fg0809","fg0584","fg0469","fg0885","fg0846","fg0382","fg0536"
"fq002881","vx_f1ef987f1dad71d0","fg0720","1","fg0720","fg0800","fg0266","fg0210","fg0728","fg0306","fg0443","fg0044","fg0477","fg0514","fg0138","fg0805","fg0748","fg0476","fg0322","fg0774","fg0056","fg0992","fg0152","fg0795"
"fq002882","vx_f1ef987f1dad71d0","fg0720","1","fg0720","fg0266","fg0949","fg0210","fg0477","fg0800","fg0044","fg0070","fg0759","fg0530","fg0805","fg0681","fg0461","fg0245","fg0581","fg0553","fg0961","fg0909","fg0630","fg0306"
"fq002883","vx_f1ef987f1dad71d0","fg0720","1","fg0720","fg0800","fg0266","fg0210","fg0443","fg0728","fg0306","fg0477","fg0044","fg0514","fg0748","fg0949","fg0707","fg0805","fg0476","fg0004","fg0074","fg0745","fg0782","fg0774"
"fq002884","vx_f1ef987f1dad71d0","fg0720","1","fg0720","fg0210","fg0961","fg0266","fg0235","fg0949","fg0805","fg0044","fg0415","fg0726","fg0004","fg0581","fg0074","fg0306","fg0413","fg0909","fg0516","fg0681","fg0124","fg0748"
"fq002885","vx_715ef9b70825efd5","fg0721","1","fg0721","fg0880","fg0275","fg0667","fg0559","fg0151","fg0810","fg0729","fg0114","fg0355","fg0528","fg0823","fg0299","fg0353","fg0652","fg0152","fg0504","fg0463","fg0403","fg0672"
"fq002886","vx_5e022a4fcfe8d1aa","fg0722","1","fg0722","fg0197","fg0536","fg0522","fg0719","fg0877","fg0772","fg0956","fg0860","fg0538","fg0847","fg0584","fg0825","fg1000","fg0218","fg0632","fg0638","fg0841","fg0300","fg0950"
"fq002887","vx_5e022a4fcfe8d1aa","fg0722","1","fg0722","fg0860","fg0046","fg0877","fg0589","fg0522","fg0536","fg0108","fg0986","fg0557","fg0197","fg1000","fg0950","fg0934","fg0719","fg0471","fg0638","fg0290","fg0218","fg0319"
"fq002888","vx_5e022a4fcfe8d1aa","fg0722","1","fg0722","fg0046","fg0719","fg0860","fg0536","fg0986","fg0956","fg0589","fg0934","fg0197","fg0877","fg0522","fg0557","fg1000","fg0108","fg0290","fg0218","fg0929","fg0950","fg0283"
"fq002889","vx_5e022a4fcfe8d1aa","fg0722","1","fg0722","fg0860","fg0934","fg0877","fg0536","fg0719","fg1000","fg0108","fg0956","fg0046","fg0290","fg0589","fg0986","fg0197","fg0557","fg0018","fg0229","fg0088","fg0522","fg0772"
"fq002890","vx_4a8dd198e405d4b7","fg0723","2","fg0278","fg0723","fg0681","fg0217","fg0665","fg0496","fg0772","fg0732","fg0191","fg0268","fg0855","fg0548","fg0180","fg0751","fg0658","fg0813","fg0221","fg0778","fg0335","fg0702"
"fq002891","vx_4a8dd198e405d4b7","fg0723","1","fg0723","fg0278","fg0681","fg0217","fg0665","fg0496","fg0732","fg0772","fg0191","fg0548","fg0071","fg0855","fg0778","fg0268","fg0180","fg0813","fg0414","fg0751","fg0166","fg0221"
"fq002892","vx_eaba7bd16e180b54","fg0724","1","fg0724","fg0313","fg0409","fg0062","fg0564","fg0534","fg0087","fg0281","fg0080","fg0840","fg0984","fg0791","fg0440","fg0770","fg0702","fg0065","fg0798","fg0990","fg0156","fg0257"
"fq002893","vx_eddb671adb2cfc1f","fg0725","1","fg0725","fg0393","fg0223","fg0955","fg0409","fg0785","fg0309","fg0324","fg0862","fg0901","fg0590","fg0475","fg0105","fg0112","fg0904","fg0362","fg0643","fg0624","fg0697","fg0494"
"fq002894","vx_db6fd0843b40d6f9","fg0726","1","fg0726","fg0786","fg0899","fg0928","fg0290","fg0701","fg0203","fg0317","fg0830","fg0615","fg0550","fg0269","fg0872","fg0553","fg0134","fg0185","fg0344","fg0010","fg0437","fg0004"
"fq002895","vx_27c19ebe2f951d11","fg0727","1","fg0727","fg0381","fg0023","fg0536","fg0989","fg0464","fg0816","fg0984","fg0920","fg0924","fg0005","fg0186","fg0392","fg0566","fg0280","fg0926","fg0634","fg0344","fg0485","fg0495"
"fq002896","vx_27c19ebe2f951d11","fg0727","1","fg0727","fg0381","fg0023","fg0989","fg0536","fg0464","fg0495","fg0924","fg0634","fg0984","fg0816","fg0458","fg0131","fg0280","fg0920","fg0551","fg0779","fg0186","fg0566","fg0303"
"fq002897","vx_27c19ebe2f951d11","fg0727","1","fg0727","fg0381","fg0023","fg0989","fg0536","fg0464","fg0392","fg0485","fg0920","fg0816","fg0344","fg0186","fg0495","fg0005","fg0984","fg0924","fg0551","fg0542","fg0566","fg0458"
"fq002898","vx_27c19ebe2f951d11","fg0727","1","fg0727","fg0381","fg0023","fg0536","fg0989","fg0816","fg0794","fg0464","fg0131","fg0984","fg0005","fg0186","fg0924","fg0281","fg0634","fg0344","fg0686","fg0611","fg0920","fg0392"
"fq002899","vx_27c19ebe2f951d11","fg0727","1","fg0727","fg0381","fg0989","fg0023","fg0464","fg0536","fg0551","fg0816","fg0303","fg0495","fg0984","fg0458","fg0863","fg0794","fg0184","fg0528","fg0131","fg0924","fg0634","fg0926"
"fq002900","vx_27c19ebe2f951d11","fg0727","1","fg0727","fg0023","fg0381","fg0536","fg0989","fg0464","fg0816","fg0924","fg0417","fg0920","fg0344","fg0005","fg0926","fg0303","fg0131","fg0984","fg0280","fg0186","fg0485","fg0495"
"fq002901","vx_27c19ebe2f951d11","fg0727","1","fg0727","fg0381","fg0023","fg0989","fg0536","fg0464","fg0816","fg0495","fg0920","fg0924","fg0005","fg0417","fg0984","fg0303","fg0392","fg0458","fg0551","fg0280","fg0131","fg0344"
"fq002902","vx_27c19ebe2f951d11","fg0727","1","fg0727","fg0381","fg0989","fg0464","fg0023","fg0536","fg0495","fg0816","fg0920","fg0984","fg0005","fg0926","fg0924","fg0551","fg0634","fg0280","fg0186","fg0542","fg0392","fg0485"
"fq002903","vx_5d55124dae2a8324","fg0728","1","fg0728","fg0193","fg0476","fg0425","fg0748","fg0443","fg0996","fg0055","fg0268","fg0634","fg0644","fg0751","fg0992","fg0988","fg0800","fg0518","fg0924","fg0567","fg0138","fg0322"
"fq002904","vx_5d55124dae2a8324","fg0728","1","fg0728","fg0193","fg0476","fg0924","fg0945","fg0634","fg0703","fg0055","fg0322","fg0644","fg0138","fg0926","fg0751","fg0023","fg0864","fg0518","fg0727","fg0984","fg0443","fg0996"
"fq002905","vx_5d55124dae2a8324","fg0728","1","fg0728","fg0193","fg0644","fg0996","fg0377","fg0703","fg0476","fg0589","fg0425","fg0932","fg0078","fg0514","fg0518","fg0676","fg0117","fg0191","fg0268","fg0748","fg0055","fg0722"
"fq002906","vx_5d55124dae2a8324","fg0728","1","fg0728","fg0193","fg0634","fg0476","fg0751","fg0924","fg0443","fg0996","fg0055","fg0984","fg0748","fg0425","fg0023","fg0644","fg0864","fg0268","fg0945","fg0281","fg0109","fg0702"
"fq002907","vx_5d55124dae2a8324","fg0728","1","fg0728","fg0193","fg0996","fg0425","fg0268","fg0476","fg0443","fg0055","fg0748","fg0644","fg0800","fg0845","fg0751","fg0518","fg0992","fg0634","fg0377","fg0514","fg0138","fg0229"
"fq002908","vx_5d55124dae2a8324","fg0728","1","fg0728","fg0193","fg0425","fg0748","fg0268","fg0476","fg0055","fg0443","fg0996","fg0644","fg0800","fg0634","fg0138","fg0116","fg0518","fg0751","fg0992","fg0229","fg0864","fg0322"
"fq002909","vx_5d55124dae2a8324","fg0728","1","fg0728","fg0193","fg0634","fg0055","fg0644","fg0023","fg0924","fg0476","fg0984","fg0377","fg0109","fg0268","fg0005","fg0894","fg0506","fg0864","fg0703","fg0727","fg0902","fg0926"
"fq002910","vx_5d55124dae2a8324","fg0728","1","fg0728","fg0193","fg0476","fg0425","fg0748","fg0443","fg0751","fg0055","fg0634","fg0992","fg0644","fg0800","fg0518","fg0268","fg0996","fg0924","fg0023","fg0984","fg0322","fg0945"
"fq002911","vx_5d55124dae2a8324","fg0728","1","fg0728","fg0193","fg0476","fg0996","fg0268","fg0425","fg0377","fg0055","fg0644","fg0748","fg0443","fg0518","fg0449","fg0703","fg0751","fg0514","fg0648","fg0117","fg0356","fg0988"
"fq002912","vx_5d55124dae2a8324","fg0728","1","fg0728","fg0193","fg0425","fg0476","fg0748","fg0996","fg0055","fg0268","fg0443","fg0751","fg0644","fg0518","fg0634","fg0800","fg0992","fg0567","fg0988","fg0514","fg0504","fg0172"
"fq002913","vx_5d55124dae2a8324","fg0728","1","fg0728","fg0193","fg0476","fg0996","fg0425","fg0443","fg0748","fg0644","fg0518","fg0268","fg0055","fg0992","fg0751","fg0800","fg0634","fg0377","fg0648","fg0845","fg0514","fg0932"
"fq002914","vx_5d55124dae2a8324","fg0728","1","fg0728","fg0193","fg0476","fg0268","fg0425","fg0996","fg0748","fg0443","fg0055","fg0377","fg0644","fg0800","fg0518","fg0751","fg0514","fg0988","fg0449","fg0992","fg0356","fg0172"
"fq002915","vx_5d55124dae2a8324","fg0728","1","fg0728","fg0193","fg0425","fg0476","fg0268","fg0443","fg0996","fg0748","fg0800","fg0518","fg0055","fg0992","fg0644","fg0751","fg0845","fg0138","fg0356","fg0229","fg0567","fg0514"
"fq002916","vx_5d55124dae2a8324","fg0728","1","fg0728","fg0193","fg0476","fg0425","fg0996","fg0644","fg0518","fg0748","fg0589","fg0377","fg0443","fg0055","fg0703","fg0676","fg0143","fg0078","fg0751","fg0319","fg0268","fg0816"
"fq002917","vx_5d55124dae2a8324","fg0728","1","fg0728","fg0193","fg0476","fg0425","fg0268","fg0996","fg0748","fg0443","fg0055","fg0800","fg0751","fg0644","fg0634","fg0992","fg0518","fg0988","fg0449","fg0567","fg0229","fg0356"
"fq002918","vx_5d55124dae2a8324","fg0728","1","fg0728","fg0193","fg0476","fg0425","fg0443","fg0748","fg0055","fg0268","fg0644","fg0996","fg0800","fg0751","fg0518","fg0377","fg0514","fg0992","fg0356","fg0838","fg0567","fg0014"
"fq002919","vx_5d55124dae2a8324","fg0728","1","fg0728","fg0193","fg0634","fg0996","fg0476","fg0055","fg0425","fg0644","fg0748","fg0443","fg0109","fg0116","fg0984","fg0924","fg0023","fg0751","fg0268","fg0727","fg0945","fg0255"
"fq002920","vx_5d55124dae2a8324","fg0728","1","fg0728","fg0193","fg0996","fg0748","fg0055","fg0268","fg0443","fg0476","fg0425","fg0634","fg0751","fg0800","fg0322","fg0988","fg0567","fg0449","fg0945","fg0138","fg0504","fg0356"
"fq002921","vx_5d55124dae2a8324","fg0728","1","fg0728","fg0193","fg0425","fg0476","fg0996","fg0748","fg0268","fg0443","fg0055","fg0644","fg0518","fg0992","fg0751","fg0800","fg0514","fg0634","fg0377","fg0567","fg0988","fg0116"
"fq002922","vx_5d55124dae2a8324","fg0728","1","fg0728","fg0193","fg0476","fg0425","fg0996","fg0748","fg0644","fg0268","fg0443","fg0055","fg0518","fg0377","fg0800","fg0751","fg0992","fg0514","fg0648","fg0449","fg0988","fg0703"
"fq002923","vx_5d55124dae2a8324","fg0728","1","fg0728","fg0193","fg0476","fg0425","fg0443","fg0748","fg0634","fg0055","fg0996","fg0751","fg0644","fg0992","fg0800","fg0268","fg0023","fg0322","fg0255","fg0945","fg0109","fg0138"
"fq002924","vx_5d55124dae2a8324","fg0728","1","fg0728","fg0193","fg0425","fg0476","fg0443","fg0996","fg0748","fg0055","fg0268","fg0800","fg0992","fg0751","fg0945","fg0138","fg0322","fg0518","fg0255","fg0634","fg0089","fg0745"
"fq002925","vx_5d55124dae2a8324","fg0728","1","fg0728","fg0193","fg0996","fg0703","fg0644","fg0160","fg0319","fg0768","fg0518","fg0926","fg0816","fg0867","fg0377","fg0868","fg0676","fg0662","fg0757","fg0155","fg0228","fg0476"
"fq002926","vx_5d55124dae2a8324","fg0728","1","fg0728","fg0193","fg0425","fg0996","fg0268","fg0748","fg0476","fg0443","fg0055","fg0644","fg0992","fg0751","fg0800","fg0518","fg0567","fg0377","fg0900","fg0229","fg0845","fg0514"
"fq002927","vx_5d55124dae2a8324","fg0728","1","fg0728","fg0193","fg0996","fg0055","fg0268","fg0748","fg0634","fg0425","fg0644","fg0443","fg0476","fg0504","fg0988","fg0377","fg0864","fg0905","fg0116","fg0924","fg0409","fg0138"
"fq002928","vx_5d55124dae2a8324","fg0728","1","fg0728","fg0193","fg0476","fg0425","fg0443","fg0751","fg0748","fg0055","fg0996","fg0644","fg0634","fg0268","fg0800","fg0518","fg0992","fg0109","fg0377","fg0514","fg0255","fg0984"
"fq002929","vx_5d55124dae2a8324","fg0728","1","fg0728","fg0193","fg0476","fg0443","fg0425","fg0268","fg0996","fg0748","fg0800","fg0055","fg0751","fg0992","fg0514","fg0449","fg0634","fg0255","fg0644","fg0138","fg0945","fg0356"
"fq002930","vx_5d55124dae2a8324","fg0728","1","fg0728","fg0193","fg0748","fg0476","fg0425","fg0055","fg0996","fg0443","fg0800","fg0268","fg0992","fg0514","fg0751","fg0845","fg0138","fg0322","fg0356","fg0116","fg0567","fg0449"
"fq002931","vx_5d55124dae2a8324","fg0728","1","fg0728","fg0193","fg0425","fg0748","fg0476","fg0996","fg0443","fg0268","fg0055","fg0634","fg0751","fg0518","fg0644","fg0800","fg0992","fg0138","fg0988","fg0322","fg0116","fg0924"
"fq002932","vx_5d55124dae2a8324","fg0728","1","fg0728","fg0193","fg0476","fg0425","fg0443","fg0748","fg0055","fg0268","fg0996","fg0800","fg0634","fg0992","fg0751","fg0138","fg0322","fg0644","fg0945","fg0864","fg0518","fg0514"
"fq002933","vx_5d55124dae2a8324","fg0728","1","fg0728","fg0193","fg0476","fg0443","fg0425","fg0748","fg0751","fg0634","fg0800","fg0268","fg0055","fg0996","fg0992","fg0322","fg0138","fg0644","fg0518","fg0023","fg0924","fg0255"
"fq002934","vx_5d55124dae2a8324","fg0728","1","fg0728","fg0193","fg0425","fg0476","fg0996","fg0268","fg0748","fg0443","fg0055","fg0518","fg0992","fg0644","fg0800","fg0751","fg0377","fg0255","fg0514","fg0845","fg0449","fg0516"
"fq002935","vx_5d55124dae2a8324","fg0728","1","fg0728","fg0193","fg0425","fg0748","fg0055","fg0996","fg0476","fg0268","fg0443","fg0644","fg0514","fg0751","fg0800","fg0377","fg0992","fg0518","fg0567","fg0449","fg0864","fg0504"
"fq002936","vx_5d55124dae2a8324","fg0728","1","fg0728","fg0193","fg0476","fg0425","fg0748","fg0996","fg0443","fg0268","fg0055","fg0751","fg0800","fg0992","fg0518","fg0377","fg0644","fg0945","fg0449","fg0634","fg0514","fg0864"
"fq002937","vx_5d55124dae2a8324","fg0728","1","fg0728","fg0193","fg0996","fg0425","fg0268","fg0748","fg0476","fg0055","fg0443","fg0634","fg0988","fg0644","fg0800","fg0751","fg0992","fg0377","fg0504","fg0514","fg0518","fg0845"
"fq002938","vx_5d55124dae2a8324","fg0728","1","fg0728","fg0193","fg0996","fg0476","fg0425","fg0443","fg0748","fg0055","fg0268","fg0644","fg0800","fg0845","fg0634","fg0992","fg0751","fg0255","fg0229","fg0172","fg0449","fg0116"
"fq002939","vx_5d55124dae2a8324","fg0728","1","fg0728","fg0193","fg0476","fg0443","fg0425","fg0996","fg0268","fg0748","fg0800","fg0055","fg0992","fg0518","fg0644","fg0751","fg0634","fg0322","fg0138","fg0255","fg0945","fg0109"
"fq002940","vx_5d55124dae2a8324","fg0728","1","fg0728","fg0193","fg0268","fg0476","fg0425","fg0996","fg0748","fg0443","fg0055","fg0644","fg0800","fg0377","fg0518","fg0514","fg0992","fg0751","fg0449","fg0567","fg0356","fg0988"
"fq002941","vx_5d55124dae2a8324","fg0728","1","fg0728","fg0193","fg0476","fg0425","fg0268","fg0748","fg0996","fg0055","fg0443","fg0644","fg0634","fg0751","fg0800","fg0992","fg0518","fg0924","fg0864","fg0255","fg0988","fg0567"
"fq002942","vx_5d55124dae2a8324","fg0728","1","fg0728","fg0193","fg0476","fg0996","fg0055","fg0425","fg0268","fg0443","fg0748","fg0634","fg0751","fg0924","fg0644","fg0800","fg0992","fg0449","fg0845","fg0567","fg0988","fg0255"
"fq002943","vx_5d55124dae2a8324","fg0728","1","fg0728","fg0193","fg0476","fg0996","fg0425","fg0268","fg0748","fg0443","fg0055","fg0800","fg0644","fg0992","fg0845","fg0449","fg0514","fg0518","fg0377","fg0356","fg0751","fg0567"
"fq002944","vx_5d55124dae2a8324","fg0728","1","fg0728","fg0193","fg0425","fg0268","fg0055","fg0748","fg0996","fg0476","fg0443","fg0567","fg0988","fg0634","fg0356","fg0644","fg0116","fg0504","fg0945","fg0449","fg0377","fg0409"
"fq002945","vx_5d55124dae2a8324","fg0728","1","fg0728","fg0193","fg0476","fg0425","fg0748","fg0443","fg0055","fg0751","fg0634","fg0996","fg0992","fg0268","fg0644","fg0172","fg0516","fg0229","fg0518","fg0023","fg0800","fg0089"
"fq002946","vx_5d55124dae2a8324","fg0728","1","fg0728","fg0193","fg0476","fg0425","fg0996","fg0443","fg0748","fg0268","fg0055","fg0838","fg0518","fg0800","fg0992","fg0644","fg0751","fg0634","fg0377","fg0945","fg0229","fg0932"
"fq002947","vx_5d55124dae2a8324","fg0728","1","fg0728","fg0193","fg0476","fg0425","fg0748","fg0996","fg0443","fg0268","fg0055","fg0644","fg0992","fg0800","fg0514","fg0518","fg0377","fg0751","fg0648","fg0845","fg0634","fg0905"
"fq002948","vx_5d55124dae2a8324","fg0728","1","fg0728","fg0193","fg0425","fg0476","fg0055","fg0748","fg0996","fg0443","fg0644","fg0268","fg0992","fg0800","fg0518","fg0751","fg0514","fg0634","fg0516","fg0845","fg0932","fg0116"
"fq002949","vx_5d55124dae2a8324","fg0728","1","fg0728","fg0193","fg0476","fg0425","fg0443","fg0996","fg0748","fg0800","fg0055","fg0268","fg0751","fg0518","fg0992","fg0644","fg0845","fg0634","fg0377","fg0514","fg0138","fg0449"
"fq002950","vx_5d55124dae2a8324","fg0728","1","fg0728","fg0193","fg0476","fg0443","fg0425","fg0748","fg0996","fg0055","fg0800","fg0268","fg0751","fg0992","fg0518","fg0634","fg0138","fg0644","fg0322","fg0845","fg0255","fg0514"
"fq002951","vx_5d55124dae2a8324","fg0728","1","fg0728","fg0193","fg0476","fg0425","fg0268","fg0748","fg0996","fg0443","fg0644","fg0055","fg0567","fg0377","fg0800","fg0992","fg0988","fg0356","fg0905","fg0518","fg0449","fg0634"
"fq002952","vx_5d55124dae2a8324","fg0728","1","fg0728","fg0193","fg0476","fg0425","fg0443","fg0268","fg0751","fg0748","fg0055","fg0800","fg0996","fg0644","fg0992","fg0514","fg0634","fg0518","fg0988","fg0845","fg0377","fg0567"
"fq002953","vx_5d55124dae2a8324","fg0728","1","fg0728","fg0193","fg0476","fg0425","fg0748","fg0996","fg0055","fg0644","fg0268","fg0443","fg0751","fg0634","fg0992","fg0518","fg0377","fg0988","fg0514","fg0945","fg0800","fg0449"
"fq002954","vx_5d55124dae2a8324","fg0728","1","fg0728","fg0193","fg0476","fg0425","fg0055","fg0945","fg0751","fg0748","fg0996","fg0255","fg0443","fg0992","fg0138","fg0109","fg0634","fg0322","fg0745","fg0449","fg0864","fg0800"
"fq002955","vx_5d55124dae2a8324","fg0728","1","fg0728","fg0193","fg0476","fg0748","fg0425","fg0443","fg0268","fg0996","fg0055","fg0992","fg0518","fg0800","fg0751","fg0644","fg0567","fg0229","fg0172","fg0377","fg0900","fg0945"
"fq002956","vx_5d55124dae2a8324","fg0728","1","fg0728","fg0193","fg0476","fg0996","fg0425","fg0268","fg0443","fg0748","fg0055","fg0644","fg0992","fg0634","fg0800","fg0751","fg0377","fg0514","fg0518","fg0567","fg0648","fg0988"
"fq002957","vx_5d55124dae2a8324","fg0728","1","fg0728","fg0193","fg0476","fg0268","fg0055","fg0443","fg0996","fg0425","fg0748","fg0634","fg0751","fg0800","fg0644","fg0988","fg0992","fg0924","fg0504","fg0377","fg0518","fg0845"
"fq002958","vx_5d55124dae2a8324","fg0728","1","fg0728","fg0193","fg0476","fg0996","fg0425","fg0748","fg0443","fg0055","fg0268","fg0800","fg0644","fg0518","fg0992","fg0138","fg0514","fg0449","fg0634","fg0845","fg0567","fg0751"
"fq002959","vx_5d55124dae2a8324","fg0728","1","fg0728","fg0193","fg0634","fg0924","fg0748","fg0476","fg0055","fg0443","fg0425","fg0751","fg0023","fg0984","fg0644","fg0567","fg0005","fg0945","fg0322","fg0138","fg0727","fg0996"
"fq002960","vx_5d55124dae2a8324","fg0728","1","fg0728","fg0193","fg0425","fg0996","fg0748","fg0268","fg0476","fg0443","fg0055","fg0644","fg0800","fg0634","fg0992","fg0518","fg0514","fg0845","fg0988","fg0567","fg0751","fg0377"
"fq002961","vx_5d55124dae2a8324","fg0728","1","fg0728","fg0193","fg0425","fg0996","fg0748","fg0476","fg0268","fg0055","fg0443","fg0751","fg0567","fg0634","fg0644","fg0988","fg0449","fg0900","fg0924","fg0377","fg0518","fg0116"
"fq002962","vx_03b490c3bac85f55","fg0729","1","fg0729","fg0569","fg0159","fg0355","fg0299","fg0936","fg0211","fg0749","fg0682","fg0071","fg0275","fg0810","fg0768","fg0233","fg0270","fg0267","fg0976","fg0490","fg0885","fg0927"
"fq002963","vx_03b490c3bac85f55","fg0729","1","fg0729","fg0275","fg0355","fg0159","fg0559","fg0299","fg0682","fg0569","fg0810","fg0768","fg0071","fg0927","fg0528","fg0936","fg0211","fg0749","fg0151","fg0403","fg0671","fg0231"
"fq002964","vx_03b490c3bac85f55","fg0729","1","fg0729","fg0159","fg0355","fg0569","fg0559","fg0275","fg0299","fg0936","fg0682","fg0071","fg0211","fg0528","fg0768","fg0749","fg0151","fg0927","fg0810","fg0976","fg0588","fg0297"
"fq002965","vx_03b490c3bac85f55","fg0729","1","fg0729","fg0569","fg0936","fg0159","fg0355","fg0211","fg0976","fg0885","fg0682","fg0573","fg0749","fg0527","fg0270","fg0713","fg0490","fg0071","fg0267","fg0533","fg0186","fg0907"
"fq002966","vx_03b490c3bac85f55","fg0729","1","fg0729","fg0355","fg0159","fg0936","fg0569","fg0682","fg0713","fg0211","fg0749","fg0186","fg0162","fg0233","fg0927","fg0976","fg0299","fg0907","fg0810","fg0270","fg0275","fg0328"
"fq002967","vx_03b490c3bac85f55","fg0729","1","fg0729","fg0355","fg0159","fg0275","fg0569","fg0559","fg0299","fg0810","fg0682","fg0211","fg0749","fg0936","fg0071","fg0151","fg0528","fg0768","fg0976","fg0671","fg0270","fg0403"
"fq002968","vx_03b490c3bac85f55","fg0729","1","fg0729","fg0355","fg0159","fg0569","fg0682","fg0936","fg0275","fg0299","fg0749","fg0211","fg0071","fg0559","fg0927","fg0162","fg0810","fg0233","fg0270","fg0649","fg0713","fg0768"
"fq002969","vx_bae31469f6b9f45f","fg0730","1","fg0730","fg0994","fg0104","fg0522","fg0701","fg0199","fg0255","fg0563","fg0096","fg0228","fg0955","fg0871","fg0880","fg0971","fg0982","fg0903","fg0613","fg0349","fg0441","fg0973"
"fq002970","vx_4c37d4efc3856a80","fg0731","133","fg0256","fg0781","fg0246","fg0262","fg0888","fg0967","fg0789","fg0619","fg0545","fg0148","fg0807","fg0493","fg0650","fg0235","fg0398","fg0221","fg0286","fg0361","fg0346","fg0801"
"fq002971","vx_4c37d4efc3856a80","fg0731","29","fg0402","fg0555","fg0256","fg0789","fg0246","fg0678","fg0888","fg0346","fg0262","fg0967","fg0878","fg0333","fg0781","fg0568","fg0241","fg0938","fg0857","fg0619","fg0384","fg0400"
"fq002972","vx_4c37d4efc3856a80","fg0731","289","fg0256","fg0246","fg0262","fg0781","fg0967","fg0789","fg0888","fg0619","fg0235","fg0148","fg0801","fg0102","fg0493","fg0398","fg0807","fg0650","fg0944","fg0277","fg0524","fg0857"
"fq002973","vx_e5eb5bc973b9e08a","fg0732","284","fg0937","fg0857","fg0073","fg0577","fg0420","fg0888","fg0448","fg0617","fg0345","fg0517","fg0215","fg0972","fg0675","fg0098","fg0967","fg0256","fg0713","fg0942","fg0400","fg0015"
"fq002974","vx_a60621b1a6eda9d0","fg0733","6","fg0500","fg0624","fg0327","fg0533","fg0151","fg0733","fg0043","fg0820","fg0092","fg0569","fg0885","fg0687","fg0373","fg0729","fg0275","fg0521","fg0355","fg0927","fg0225","fg0559"
"fq002975","vx_ca52002561760aea","fg0734","1","fg0734","fg0327","fg0140","fg0496","fg0686","fg0569","fg0151","fg0649","fg0729","fg0148","fg0768","fg0998","fg0133","fg0925","fg0641","fg0216","fg0794","fg0373","fg0299","fg0944"
"fq002976","vx_3e9a1bee0164290d","fg0735","1","fg0735","fg0660","fg0300","fg0190","fg0270","fg0895","fg0763","fg0069","fg0467","fg0978","fg0510","fg0983","fg0374","fg0006","fg0922","fg0249","fg0584","fg0578","fg0739","fg0652"
"fq002977","vx_8bce3d68f1002579","fg0736","1","fg0736","fg0738","fg0703","fg0973","fg0054","fg0598","fg0962","fg0977","fg0534","fg0588","fg0948","fg0994","fg0850","fg0384","fg0003","fg0568","fg0676","fg0583","fg0819","fg0933"
"fq002978","vx_8bce3d68f1002579","fg0736","1","fg0736","fg0703","fg0054","fg0676","fg0598","fg0962","fg0819","fg0850","fg0412","fg0933","fg0973","fg0743","fg0045","fg0738","fg0588","fg0974","fg0948","fg0003","fg0568","fg0065"
"fq002979","vx_8bce3d68f1002579","fg0736","1","fg0736","fg0054","fg0703","fg0738","fg0962","fg0534","fg0973","fg0588","fg0948","fg0598","fg0281","fg0819","fg0640","fg0676","fg0977","fg0003","fg0568","fg0583","fg0442","fg0933"
"fq002980","vx_8bce3d68f1002579","fg0736","1","fg0736","fg0738","fg0703","fg0054","fg0962","fg0973","fg0598","fg0850","fg0588","fg0948","fg0568","fg0742","fg0534","fg0676","fg0977","fg0003","fg0826","fg0994","fg0947","fg0442"
"fq002981","vx_3bdbe43b0106bfaa","fg0737","490","fg0750","fg0922","fg0979","fg0260","fg0094","fg0167","fg0939","fg0250","fg0133","fg0401","fg0676","fg0945","fg0764","fg0318","fg0509","fg0579","fg0613","fg0767","fg0700","fg0335"
"fq002982","vx_884d806bdc60887b","fg0738","1","fg0738","fg0081","fg0606","fg0603","fg0220","fg0252","fg0444","fg0947","fg0051","fg0063","fg0955","fg0736","fg0008","fg0796","fg0556","fg0192","fg0773","fg0850","fg0825","fg0950"
"fq002983","vx_59d13a8d776abda5","fg0739","1","fg0739","fg0763","fg0683","fg0735","fg0182","fg0374","fg0470","fg0259","fg0761","fg0242","fg0908","fg0558","fg0239","fg0971","fg0176","fg0494","fg0174","fg0918","fg0382","fg0809"
"fq002984","vx_59d13a8d776abda5","fg0739","1","fg0739","fg0763","fg0683","fg0735","fg0182","fg0259","fg0761","fg0242","fg0374","fg0239","fg0470","fg0971","fg0558","fg0176","fg0908","fg0190","fg0928","fg0777","fg0494","fg0918"
"fq002985","vx_59d13a8d776abda5","fg0739","1","fg0739","fg0763","fg0683","fg0735","fg0182","fg0470","fg0242","fg0374","fg0908","fg0971","fg0239","fg0259","fg0918","fg0761","fg0174","fg0494","fg0777","fg0176","fg0558","fg0481"
"fq002986","vx_59d13a8d776abda5","fg0739","1","fg0739","fg0763","fg0683","fg0735","fg0182","fg0777","fg0242","fg0374","fg0259","fg0470","fg0761","fg0908","fg0176","fg0558","fg0239","fg0957","fg0481","fg0494","fg0971","fg0928"
"fq002987","vx_59d13a8d776abda5","fg0739","1","fg0739","fg0763","fg0182","fg0683","fg0735","fg0242","fg0918","fg0470","fg0908","fg0174","fg0971","fg0374","fg0777","fg0494","fg0761","fg0212","fg0259","fg0239","fg0776","fg0113"
"fq002988","vx_d670e125bc96387c","fg0740","1","fg0740","fg0427","fg0347","fg0298","fg0916","fg0218","fg0429","fg0197","fg0847","fg0907","fg0573","fg0942","fg0059","fg0960","fg0716","fg0657","fg0703","fg0656","fg0143","fg0974"
"fq002989","vx_2229fa83f1e11f11","fg0741","1","fg0741","fg0810","fg0304","fg0854","fg0957","fg0221","fg0326","fg0273","fg0114","fg0353","fg0651","fg0151","fg0998","fg0755","fg0103","fg0206","fg0789","fg0666","fg0343","fg0083"
"fq002990","vx_b9c04b10b4d95fdd","fg0742","2","fg0181","fg0742","fg0662","fg0033","fg0612","fg0757","fg0560","fg0029","fg0496","fg0879","fg0270","fg0944","fg0962","fg0174","fg0448","fg0051","fg0419","fg0046","fg0358","fg0451"
"fq002991","vx_b4805d8bef77fe82","fg0743","1","fg0743","fg0370","fg0208","fg0412","fg0580","fg0814","fg0094","fg0821","fg0723","fg0149","fg0744","fg0415","fg0563","fg0311","fg0497","fg0433","fg0352","fg0998","fg0015","fg0140"
"fq002992","vx_3d4562014e15140c","fg0744","1","fg0744","fg0622","fg0881","fg0383","fg0352","fg0644","fg0083","fg0902","fg0377","fg0577","fg0449","fg0071","fg0805","fg0136","fg0138","fg0322","fg0743","fg0974","fg0870","fg0516"
"fq002993","vx_41165c0142250970","fg0745","1","fg0745","fg0387","fg0706","fg0655","fg0647","fg0555","fg0678","fg0103","fg0748","fg0425","fg0869","fg0090","fg0751","fg0333","fg0258","fg0731","fg0702","fg0651","fg0568","fg0800"
"fq002994","vx_0f4543fe146493cc","fg0746","1","fg0746","fg0127","fg0259","fg0500","fg0324","fg0235","fg0604","fg0247","fg0136","fg0317","fg0201","fg0390","fg0982","fg0682","fg0964","fg0624","fg0191","fg0475","fg0744","fg0839"
"fq002995","vx_3ae60f2672e7c2bd","fg0747","1","fg0747","fg0809","fg0843","fg0835","fg0191","fg0907","fg0841","fg0247","fg0334","fg0587","fg0970","fg0382","fg0588","fg0106","fg0847","fg0630","fg0513","fg0173","fg0186","fg0831"
"fq002996","vx_25360b118ffaa57d","fg0748","1","fg0748","fg0379","fg0586","fg0425","fg0800","fg0728","fg0745","fg0553","fg0665","fg0243","fg0514","fg0180","fg0615","fg0859","fg0772","fg0477","fg0776","fg0055","fg0415","fg0394"
"fq002997","vx_25360b118ffaa57d","fg0748","1","fg0748","fg0425","fg0586","fg0745","fg0379","fg0800","fg0728","fg0615","fg0116","fg0243","fg0415","fg0514","fg0055","fg0193","fg0797","fg0180","fg0146","fg0504","fg0996","fg0900"
"fq002998","vx_0121da5c158eb906","fg0749","1","fg0749","fg0270","fg0641","fg0792","fg0186","fg0525","fg0536","fg0018","fg0078","fg0910","fg0569","fg0695","fg0584","fg0794","fg0680","fg0922","fg0469","fg0159","fg0895","fg0589"
"fq002999","vx_0121da5c158eb906","fg0749","1","fg0749","fg0270","fg0584","fg0018","fg0525","fg0469","fg0922","fg0355","fg0078","fg0186","fg0267","fg0959","fg0298","fg0233","fg0159","fg0569","fg0910","fg0794","fg0729","fg0334"
"fq003000","vx_0121da5c158eb906","fg0749","1","fg0749","fg0270","fg0584","fg0298","fg0469","fg0889","fg0729","fg0159","fg0186","fg0233","fg0457","fg0503","fg0300","fg0460","fg0523","fg0388","fg0910","fg0297","fg0355","fg0936"
"fq003001","vx_0121da5c158eb906","fg0749","1","fg0749","fg0270","fg0584","fg0469","fg0018","fg0910","fg0525","fg0959","fg0536","fg0078","fg0522","fg0922","fg0589","fg0159","fg0895","fg0186","fg0847","fg0695","fg0722","fg0641"
"fq003002","vx_0121da5c158eb906","fg0749","1","fg0749","fg0270","fg0525","fg0159","fg0584","fg0350","fg0536","fg0959","fg0794","fg0910","fg0334","fg0569","fg0018","fg0298","fg0936","fg0469","fg0078","fg0815","fg0922","fg0025"
"fq003003","vx_0121da5c158eb906","fg0749","1","fg0749","fg0270","fg0584","fg0536","fg0831","fg0298","fg0469","fg0525","fg0930","fg0233","fg0188","fg0910","fg0641","fg0159","fg0589","fg0959","fg0922","fg0729","fg0078","fg0695"
"fq003004","vx_0121da5c158eb906","fg0749","1","fg0749","fg0270","fg0922","fg0536","fg0525","fg0584","fg0078","fg0641","fg0186","fg0350","fg0018","fg0695","fg0794","fg0159","fg0469","fg0824","fg0895","fg0792","fg0959","fg0627"
"fq003005","vx_0121da5c158eb906","fg0749","1","fg0749","fg0525","fg0270","fg0159","fg0584","fg0186","fg0350","fg0469","fg0641","fg0959","fg0078","fg0018","fg0536","fg0794","fg0298","fg0569","fg0267","fg0910","fg0695","fg0025"
"fq003006","vx_0121da5c158eb906","fg0749","1","fg0749","fg0270","fg0584","fg0525","fg0159","fg0078","fg0298","fg0469","fg0910","fg0267","fg0350","fg0959","fg0569","fg0186","fg0936","fg0695","fg0018","fg0536","fg0355","fg0397"
"fq003007","vx_0121da5c158eb906","fg0749","1","fg0749","fg0270","fg0584","fg0159","fg0298","fg0889","fg0525","fg0729","fg0569","fg0936","fg0469","fg0397","fg0334","fg0297","fg0536","fg0078","fg0233","fg0460","fg0503","fg0695"
"fq003008","vx_0121da5c158eb906","fg0749","1","fg0749","fg0584","fg0270","fg0298","fg0071","fg0889","fg0469","fg0247","fg0191","fg0233","fg0503","fg0159","fg0536","fg0078","fg0186","fg0297","fg0847","fg0792","fg0867","fg0910"
"fq003009","vx_0121da5c158eb906","fg0749","1","fg0749","fg0270","fg0584","fg0469","fg0729","fg0159","fg0355","fg0298","fg0162","fg0569","fg0186","fg0936","fg0503","fg0267","fg0297","fg0889","fg0460","fg0782","fg0525","fg0860"
"fq003010","vx_0121da5c158eb906","fg0749","2","fg0270","fg0749","fg0584","fg0469","fg0018","fg0525","fg0536","fg0729","fg0233","fg0159","fg0722","fg0910","fg0078","fg0860","fg0186","fg0695","fg0922","fg0867","fg0569","fg0300"
"fq003011","vx_67b0bb9c2ae43fdd","fg0750","1","fg0750","fg0650","fg0818","fg0254","fg0063","fg0516","fg0711","fg0425","fg0996","fg0715","fg0341","fg0020","fg0550","fg0674","fg0264","fg0375","fg0035","fg0985","fg0117","fg0428"
"fq003012","vx_67b0bb9c2ae43fdd","fg0750","1","fg0750","fg0650","fg0818","fg0715","fg0254","fg0996","fg0516","fg0711","fg0425","fg0063","fg0674","fg0550","fg0814","fg0035","fg0341","fg0428","fg0375","fg0264","fg0696","fg0020"
"fq003013","vx_c3f756b94c56cd27","fg0751","1","fg0751","fg0829","fg0278","fg0728","fg0467","fg0702","fg0634","fg0745","fg0016","fg0055","fg0666","fg0120","fg0924","fg0978","fg0443","fg0281","fg0984","fg0723","fg0322","fg0476"
"fq003014","vx_c3f756b94c56cd27","fg0751","1","fg0751","fg0829","fg0476","fg0467","fg0702","fg0745","fg0978","fg0016","fg0647","fg0924","fg0245","fg0243","fg0120","fg0666","fg0443","fg0322","fg0814","fg0634","fg0427","fg0730"
"fq003015","vx_0386e576f047f8f1","fg0752","1","fg0752","fg0410","fg0680","fg0511","fg0095","fg0072","fg0202","fg0842","fg0024","fg0102","fg0434","fg0917","fg0406","fg0339","fg0445","fg0121","fg0137","fg0158","fg0368","fg0648"
"fq003016","vx_0386e576f047f8f1","fg0752","1","fg0752","fg0410","fg0680","fg0511","fg0434","fg0072","fg0024","fg0095","fg0917","fg0102","fg0842","fg0202","fg0137","fg0406","fg0576","fg0100","fg0339","fg0309","fg0445","fg0011"
"fq003017","vx_ff43ca7cd2d6fac5","fg0753","1","fg0753","fg0136","fg0315","fg0024","fg0370","fg0100","fg0946","fg0883","fg0905","fg0830","fg0932","fg0206","fg0006","fg0682","fg0171","fg0816","fg0786","fg0321","fg0799","fg0358"
"fq003018","vx_a0a6b11b377800a2","fg0754","1","fg0754","fg0492","fg0353","fg0296","fg0512","fg0302","fg0981","fg0963","fg0151","fg0993","fg0651","fg0319","fg0741","fg0596","fg0053","fg0618","fg0380","fg0649","fg0667","fg0922"
"fq003019","vx_a0a6b11b377800a2","fg0754","1","fg0754","fg0492","fg0353","fg0993","fg0512","fg0296","fg0963","fg0319","fg0302","fg0596","fg0671","fg0649","fg0701","fg0151","fg0981","fg0610","fg0651","fg0618","fg0359","fg0667"
"fq003020","vx_a0a6b11b377800a2","fg0754","1","fg0754","fg0492","fg0353","fg0302","fg0512","fg0296","fg0963","fg0993","fg0651","fg0667","fg0319","fg0596","fg0380","fg0053","fg0618","fg0672","fg0671","fg0972","fg0497","fg0701"
"fq003021","vx_a0a6b11b377800a2","fg0754","1","fg0754","fg0492","fg0353","fg0993","fg0296","fg0319","fg0302","fg0512","fg0380","fg0963","fg0596","fg0701","fg0741","fg0671","fg0610","fg0981","fg0151","fg0651","fg0667","fg0053"
"fq003022","vx_57229125091ace18","fg0755","1","fg0755","fg0880","fg0361","fg0572","fg0823","fg0661","fg0815","fg0028","fg0890","fg0476","fg0470","fg0239","fg0796","fg0329","fg0119","fg0499","fg0734","fg0810","fg0343","fg0273"
"fq003023","vx_57229125091ace18","fg0755","1","fg0755","fg0880","fg0361","fg0823","fg0661","fg0890","fg0572","fg0028","fg0815","fg0470","fg0476","fg0329","fg0796","fg0499","fg0119","fg0734","fg0343","fg0273","fg0705","fg0069"
"fq003024","vx_57229125091ace18","fg0755","1","fg0755","fg0880","fg0361","fg0572","fg0823","fg0661","fg0890","fg0028","fg0815","fg0476","fg0470","fg0329","fg0239","fg0273","fg0343","fg0499","fg0119","fg0069","fg0242","fg0658"
"fq003025","vx_57229125091ace18","fg0755","1","fg0755","fg0880","fg0329","fg0823","fg0661","fg0361","fg0890","fg0572","fg0815","fg0028","fg0476","fg0239","fg0470","fg0069","fg0796","fg0810","fg0741","fg0499","fg0273","fg0242"
"fq003026","vx_e24628bc94e4cf90","fg0756","1","fg0756","fg0038","fg0121","fg0281","fg0894","fg0564","fg0251","fg0040","fg0634","fg0077","fg0697","fg0895","fg0702","fg0327","fg0075","fg0851","fg0836","fg0209","fg0928","fg0023"
"fq003027","vx_49597d48221d8ad6","fg0757","1","fg0757","fg0535","fg0211","fg0181","fg0662","fg0334","fg0039","fg0479","fg0962","fg0367","fg0843","fg0448","fg0126","fg0811","fg0059","fg0942","fg0174","fg0350","fg0809","fg0742"
"fq003028","vx_49597d48221d8ad6","fg0757","1","fg0757","fg0535","fg0181","fg0662","fg0448","fg0029","fg0479","fg0742","fg0039","fg0174","fg0962","fg0367","fg0334","fg0715","fg0059","fg0809","fg0942","fg0005","fg0350","fg0126"
"fq003029","vx_49597d48221d8ad6","fg0757","1","fg0757","fg0535","fg0334","fg0181","fg0029","fg0039","fg0662","fg0479","fg0448","fg0715","fg0211","fg0367","fg0742","fg0962","fg0811","fg0350","fg0174","fg0809","fg0126","fg0419"
"fq003030","vx_21164434c17abc06","fg0758","1","fg0758","fg0130","fg0719","fg0885","fg0846","fg0333","fg0533","fg0569","fg0466","fg0968","fg0936","fg0490","fg0595","fg0304","fg0197","fg0129","fg0821","fg0886","fg0574","fg0527"
"fq003031","vx_efa42e8a9315183f","fg0759","1","fg0759","fg0896","fg0545","fg0548","fg0603","fg0691","fg0549","fg0796","fg0909","fg1000","fg0284","fg0689","fg0325","fg0762","fg0942","fg0251","fg0782","fg0825","fg0245","fg0711"
"fq003032","vx_efa42e8a9315183f","fg0759","1","fg0759","fg0896","fg0545","fg0548","fg0603","fg0689","fg0284","fg0825","fg0913","fg0691","fg1000","fg0942","fg0549","fg0796","fg0325","fg0484","fg0782","fg0762","fg0683","fg0838"
"fq003033","vx_efa42e8a9315183f","fg0759","1","fg0759","fg0545","fg0896","fg0548","fg0603","fg0689","fg0691","fg1000","fg0913","fg0284","fg0796","fg0484","fg0825","fg0942","fg0325","fg0549","fg0762","fg0245","fg0683","fg0301"
"fq003034","vx_efa42e8a9315183f","fg0759","1","fg0759","fg0545","fg0548","fg0896","fg0691","fg0603","fg1000","fg0689","fg0284","fg0913","fg0325","fg0245","fg0484","fg0762","fg0796","fg0549","fg0825","fg0782","fg0942","fg0838"
"fq003035","vx_efa42e8a9315183f","fg0759","1","fg0759","fg0603","fg0545","fg0896","fg0548","fg0825","fg0689","fg0691","fg0796","fg1000","fg0942","fg0284","fg0762","fg0838","fg0683","fg0913","fg0274","fg0701","fg0484","fg0059"
"fq003036","vx_efa42e8a9315183f","fg0759","1","fg0759","fg0548","fg0545","fg0896","fg0603","fg0913","fg0689","fg0484","fg0284","fg1000","fg0825","fg0325","fg0691","fg0245","fg0942","fg0274","fg0762","fg0919","fg0782","fg0683"
"fq003037","vx_f1cf8304e907df78","fg0760","1","fg0760","fg0444","fg0433","fg0931","fg0506","fg0498","fg0814","fg0204","fg0410","fg0454","fg0812","fg0102","fg0583","fg0957","fg0687","fg0731","fg0611","fg0738","fg0977","fg0927"
"fq003038","vx_024059e8de7f2c8f","fg0761","1","fg0761","fg0470","fg0259","fg0544","fg0600","fg0277","fg0148","fg0482","fg0465","fg0763","fg0132","fg0864","fg0049","fg0058","fg0739","fg0374","fg0560","fg0842","fg0493","fg0555"
"fq003039","vx_0332a5dfa59cebe3","fg0762","1","fg0762","fg0538","fg0545","fg0522","fg0872","fg0759","fg0256","fg0781","fg0888","fg0399","fg0291","fg0807","fg0262","fg0904","fg0112","fg0789","fg0019","fg0494","fg0462","fg0246"
"fq003040","vx_cb5d65f036ba8926","fg0763","1","fg0763","fg0739","fg0182","fg0918","fg0971","fg0908","fg0174","fg0494","fg0470","fg0683","fg0242","fg0776","fg0735","fg0329","fg0212","fg0218","fg0956","fg0382","fg0609","fg0549"
"fq003041","vx_cb5d65f036ba8926","fg0763","2","fg0739","fg0763","fg0470","fg0242","fg0182","fg0683","fg0908","fg0761","fg0938","fg0971","fg0735","fg0308","fg0239","fg0259","fg0590","fg0374","fg0957","fg0178","fg0174","fg0558"
"fq003042","vx_cb5d65f036ba8926","fg0763","2","fg0739","fg0763","fg0683","fg0735","fg0182","fg0470","fg0239","fg0761","fg0242","fg0374","fg0971","fg0259","fg0908","fg0777","fg0558","fg0308","fg0174","fg0176","fg0938","fg0957"
"fq003043","vx_e05ddb8c8d5d9498","fg0764","1","fg0764","fg0171","fg0818","fg0264","fg0765","fg0841","fg0132","fg0851","fg0900","fg0526","fg0265","fg0179","fg0204","fg0731","fg0254","fg0748","fg0869","fg0227","fg0084","fg0384"
"fq003044","vx_ba5f7002d79db0b6","fg0765","1","fg0765","fg0007","fg0607","fg0008","fg0171","fg0982","fg0764","fg0012","fg0348","fg0650","fg0185","fg0869","fg0511","fg0202","fg0264","fg0445","fg0064","fg0672","fg0058","fg0997"
"fq003045","vx_be975616144bbcf3","fg0766","1","fg0766","fg0635","fg0488","fg0340","fg0699","fg0459","fg0581","fg0154","fg0393","fg0064","fg0009","fg0137","fg0363","fg0866","fg0498","fg0862","fg0415","fg0984","fg0196","fg0325"
"fq003046","vx_ee41f5b19981b41a","fg0767","1","fg0767","fg0633","fg0203","fg0722","fg0675","fg0323","fg0543","fg0338","fg0773","fg0197","fg0841","fg0042","fg0603","fg0010","fg0867","fg0494","fg0522","fg0006","fg0660","fg0354"
"fq003047","vx_ee41f5b19981b41a","fg0767","1","fg0767","fg0675","fg0660","fg0539","fg0345","fg0049","fg0482","fg0010","fg0112","fg0912","fg0215","fg0522","fg0830","fg0286","fg0285","fg0301","fg0621","fg0084","fg0111","fg0035"
"fq003048","vx_3a4b737891925260","fg0768","1","fg0768","fg0214","fg0071","fg0641","fg0159","fg0275","fg0843","fg0703","fg0388","fg0106","fg0039","fg0155","fg0569","fg0959","fg0729","fg0528","fg0211","fg0644","fg0025","fg0319"
"fq003049","vx_3a4b737891925260","fg0768","1","fg0768","fg0641","fg0843","fg0214","fg0071","fg0106","fg0039","fg0159","fg0513","fg0155","fg0191","fg0569","fg0589","fg0025","fg0211","fg0907","fg0778","fg0275","fg0247","fg0490"
"fq003050","vx_3a4b737891925260","fg0768","1","fg0768","fg0214","fg0071","fg0275","fg0388","fg0641","fg0106","fg0155","fg0843","fg0159","fg0703","fg0039","fg0211","fg0644","fg0662","fg0959","fg0907","fg0578","fg0569","fg0565"
"fq003051","vx_3a4b737891925260","fg0768","1","fg0768","fg0214","fg0641","fg0071","fg0159","fg0843","fg0275","fg0039","fg0155","fg0388","fg0703","fg0656","fg0106","fg0025","fg0569","fg0959","fg0644","fg0589","fg0397","fg0578"
"fq003052","vx_3a4b737891925260","fg0768","1","fg0768","fg0214","fg0641","fg0843","fg0071","fg0039","fg0159","fg0703","fg0275","fg0106","fg0211","fg0513","fg0397","fg0025","fg0191","fg0569","fg0959","fg0155","fg0589","fg0644"
"fq003053","vx_3a4b737891925260","fg0768","1","fg0768","fg0071","fg0214","fg0275","fg0641","fg0159","fg0155","fg0106","fg0388","fg0843","fg0039","fg0959","fg0703","fg0025","fg0662","fg0513","fg0569","fg0656","fg0644","fg0565"
"fq003054","vx_3a4b737891925260","fg0768","1","fg0768","fg0071","fg0641","fg0843","fg0569","fg0214","fg0703","fg0275","fg0211","fg0191","fg0490","fg0159","fg0039","fg0155","fg0106","fg0025","fg0778","fg0588","fg0589","fg0959"
"fq003055","vx_3a4b737891925260","fg0768","1","fg0768","fg0214","fg0641","fg0843","fg0071","fg0106","fg0039","fg0025","fg0513","fg0907","fg0275","fg0155","fg0159","fg0247","fg0211","fg0703","fg0191","fg0388","fg0490","fg0569"
"fq003056","vx_415e4add05392152","fg0769","699","fg0668","fg0032","fg0403","fg0430","fg0727","fg0004","fg0801","fg0552","fg0443","fg0524","fg0925","fg0838","fg0659","fg0967","fg0887","fg0165","fg0022","fg0396","fg0789","fg0536"
"fq003057","vx_a6eb6146784a1054","fg0770","1","fg0770","fg0558","fg0989","fg0612","fg0087","fg0534","fg0668","fg0172","fg0863","fg0327","fg0984","fg0249","fg0062","fg0184","fg0022","fg0313","fg0718","fg0281","fg0925","fg0792"
"fq003058","vx_a6eb6146784a1054","fg0770","1","fg0770","fg0133","fg0612","fg0558","fg0016","fg0281","fg0925","fg0327","fg0668","fg0172","fg0534","fg0552","fg0826","fg0865","fg0659","fg0863","fg0801","fg0524","fg0551","fg0229"
"fq003059","vx_951af45b815550fb","fg0771","1","fg0771","fg0717","fg0865","fg0079","fg0714","fg0057","fg0245","fg0787","fg0470","fg0991","fg0574","fg0969","fg0152","fg0276","fg0878","fg0042","fg0569","fg0414","fg0625","fg0123"
"fq003060","vx_16632370f6b1f31c","fg0772","1","fg0772","fg0665","fg0386","fg0056","fg0290","fg0394","fg0541","fg0847","fg0859","fg0696","fg0860","fg0335","fg0844","fg0153","fg0362","fg0180","fg0278","fg0445","fg0723","fg0461"
"fq003061","vx_81f3e63ea098cf1e","fg0773","1","fg0773","fg0975","fg0483","fg0643","fg0950","fg0647","fg0785","fg0285","fg0899","fg0261","fg0788","fg0203","fg0372","fg0538","fg0382","fg0427","fg0494","fg0137","fg0473","fg0395"
"fq003062","vx_f043b251e08e5ea5","fg0774","1","fg0774","fg0210","fg0720","fg0344","fg0800","fg0745","fg0480","fg0488","fg0246","fg0289","fg0623","fg0896","fg0726","fg0786","fg0420","fg0748","fg0456","fg0254","fg0830","fg0450"
"fq003063","vx_f4460662b653ee4c","fg0775","1","fg0775","fg0432","fg0734","fg0477","fg0214","fg0316","fg0063","fg0906","fg0008","fg0873","fg0216","fg0264","fg0707","fg0272","fg0558","fg0046","fg0283","fg0679","fg0824","fg0041"
"fq003064","vx_b8a3aeeee8698818","fg0776","1","fg0776","fg0009","fg0918","fg0212","fg0895","fg0900","fg0818","fg0674","fg0074","fg0645","fg0116","fg0739","fg0679","fg0925","fg0174","fg0666","fg0763","fg0541","fg0549","fg0797"
"fq003065","vx_b8a3aeeee8698818","fg0776","1","fg0776","fg0673","fg0212","fg0818","fg0918","fg0074","fg0009","fg0666","fg0158","fg0990","fg0385","fg0806","fg0494","fg0674","fg0747","fg0047","fg0739","fg0305","fg0153","fg0300"
"fq003066","vx_b8a3aeeee8698818","fg0776","1","fg0776","fg0212","fg0009","fg0918","fg0818","fg0074","fg0674","fg0116","fg0900","fg0567","fg0806","fg0174","fg0605","fg0580","fg0925","fg0679","fg0739","fg0895","fg0264","fg0892"
"fq003067","vx_b8a3aeeee8698818","fg0776","1","fg0776","fg0009","fg0818","fg0900","fg0918","fg0674","fg0212","fg0679","fg0549","fg0731","fg0158","fg0174","fg0895","fg0013","fg0797","fg0666","fg0748","fg0005","fg0264","fg0739"
"fq003068","vx_b8a3aeeee8698818","fg0776","1","fg0776","fg0009","fg0212","fg0918","fg0900","fg0818","fg0074","fg0674","fg0549","fg0895","fg0116","fg0013","fg0797","fg0925","fg0567","fg0679","fg0033","fg0158","fg0731","fg0806"
"fq003069","vx_b8a3aeeee8698818","fg0776","1","fg0776","fg0009","fg0212","fg0074","fg0918","fg0818","fg0674","fg0900","fg0895","fg0806","fg0567","fg0116","fg0925","fg0158","fg0580","fg0174","fg0666","fg0264","fg0605","fg0731"
"fq003070","vx_b8a3aeeee8698818","fg0776","1","fg0776","fg0009","fg0918","fg0895","fg0900","fg0818","fg0674","fg0212","fg0549","fg0679","fg0666","fg0731","fg0158","fg0567","fg0645","fg0541","fg0925","fg0797","fg0264","fg0739"
"fq003071","vx_b8a3aeeee8698818","fg0776","1","fg0776","fg0009","fg0212","fg0918","fg0074","fg0818","fg0674","fg0895","fg0900","fg0116","fg0567","fg0806","fg0809","fg0580","fg0925","fg0731","fg0645","fg0174","fg0158","fg0739"
"fq003072","vx_b8a3aeeee8698818","fg0776","1","fg0776","fg0009","fg0918","fg0900","fg0212","fg0818","fg0674","fg0666","fg0116","fg0679","fg0731","fg0013","fg0895","fg0797","fg0005","fg0174","fg0549","fg0645","fg0264","fg0158"
"fq003073","vx_b8a3aeeee8698818","fg0776","1","fg0776","fg0009","fg0212","fg0918","fg0818","fg0674","fg0900","fg0074","fg0567","fg0679","fg0116","fg0925","fg0158","fg0895","fg0739","fg0645","fg0549","fg0809","fg0264","fg0731"
"fq003074","vx_b8a3aeeee8698818","fg0776","1","fg0776","fg0212","fg0009","fg0918","fg0818","fg0116","fg0074","fg0674","fg0900","fg0174","fg0806","fg0567","fg0580","fg0679","fg0605","fg0264","fg0006","fg0158","fg0925","fg0739"
"fq003075","vx_b8a3aeeee8698818","fg0776","1","fg0776","fg0009","fg0918","fg0900","fg0212","fg0818","fg0674","fg0895","fg0116","fg0567","fg0679","fg0797","fg0739","fg0549","fg0925","fg0074","fg0158","fg0645","fg0666","fg0763"
"fq003076","vx_b8a3aeeee8698818","fg0776","1","fg0776","fg0009","fg0895","fg0212","fg0818","fg0918","fg0731","fg0674","fg0567","fg0074","fg0549","fg0900","fg0666","fg0158","fg0541","fg0739","fg0645","fg0925","fg0679","fg0264"
"fq003077","vx_b8a3aeeee8698818","fg0776","1","fg0776","fg0009","fg0212","fg0918","fg0818","fg0674","fg0900","fg0074","fg0116","fg0567","fg0895","fg0925","fg0679","fg0645","fg0174","fg0158","fg0797","fg0549","fg0013","fg0739"
"fq003078","vx_b8a3aeeee8698818","fg0776","1","fg0776","fg0009","fg0918","fg0212","fg0818","fg0900","fg0674","fg0074","fg0116","fg0679","fg0895","fg0567","fg0645","fg0925","fg0797","fg0174","fg0158","fg0666","fg0549","fg0739"
"fq003079","vx_b8a3aeeee8698818","fg0776","1","fg0776","fg0009","fg0212","fg0918","fg0074","fg0674","fg0116","fg0818","fg0900","fg0925","fg0806","fg0895","fg0158","fg0567","fg0174","fg0679","fg0645","fg0797","fg0580","fg0739"
"fq003080","vx_b8a3aeeee8698818","fg0776","1","fg0776","fg0009","fg0918","fg0212","fg0900","fg0074","fg0818","fg0116","fg0674","fg0567","fg0925","fg0679","fg0645","fg0158","fg0797","fg0013","fg0666","fg0895","fg0806","fg0174"
"fq003081","vx_b8a3aeeee8698818","fg0776","1","fg0776","fg0009","fg0212","fg0918","fg0818","fg0674","fg0074","fg0116","fg0900","fg0925","fg0895","fg0567","fg0174","fg0806","fg0797","fg0679","fg0739","fg0264","fg0158","fg0748"
"fq003082","vx_b8a3aeeee8698818","fg0776","1","fg0776","fg0009","fg0918","fg0900","fg0818","fg0212","fg0674","fg0679","fg0895","fg0116","fg0074","fg0549","fg0925","fg0264","fg0731","fg0797","fg0567","fg0013","fg0158","fg0645"
"fq003083","vx_b8a3aeeee8698818","fg0776","1","fg0776","fg0009","fg0212","fg0918","fg0895","fg0674","fg0818","fg0074","fg0116","fg0900","fg0567","fg0174","fg0739","fg0925","fg0797","fg0645","fg0549","fg0806","fg0763","fg0809"
"fq003084","vx_b8a3aeeee8698818","fg0776","1","fg0776","fg0009","fg0212","fg0918","fg0074","fg0895","fg0900","fg0116","fg0674","fg0818","fg0925","fg0567","fg0809","fg0645","fg0739","fg0580","fg0679","fg0797","fg0174","fg0806"
"fq003085","vx_aec4e117e0c5476a","fg0777","1","fg0777","fg0614","fg0699","fg0957","fg0506","fg0632","fg0704","fg0433","fg0928","fg0814","fg0812","fg0690","fg0705","fg0498","fg0486","fg0204","fg0763","fg0591","fg0882","fg0998"
"fq003086","vx_aec4e117e0c5476a","fg0777","1","fg0777","fg0614","fg0699","fg0957","fg0632","fg0705","fg0704","fg0690","fg0882","fg0557","fg0928","fg0763","fg0506","fg0433","fg0498","fg0204","fg0591","fg0998","fg0590","fg0841"
"fq003087","vx_aec4e117e0c5476a","fg0777","1","fg0777","fg0614","fg0699","fg0957","fg0632","fg0705","fg0704","fg0506","fg0433","fg0498","fg0690","fg0812","fg0814","fg0882","fg0204","fg0928","fg0486","fg0557","fg0591","fg0998"
"fq003088","vx_aec4e117e0c5476a","fg0777","1","fg0777","fg0614","fg0699","fg0957","fg0632","fg0705","fg0704","fg0812","fg0433","fg0506","fg0486","fg0204","fg0814","fg0591","fg0690","fg0498","fg0882","fg0763","fg0998","fg0928"
"fq003089","vx_aec4e117e0c5476a","fg0777","1","fg0777","fg0614","fg0957","fg0699","fg0632","fg0704","fg0690","fg0763","fg0506","fg0705","fg0928","fg0812","fg0486","fg0498","fg0882","fg0204","fg0739","fg0557","fg0591","fg0433"
"fq003090","vx_aec4e117e0c5476a","fg0777","1","fg0777","fg0614","fg0699","fg0957","fg0506","fg0433","fg0632","fg0704","fg0705","fg0814","fg0498","fg0690","fg0812","fg0204","fg0591","fg0486","fg0998","fg0928","fg0882","fg0763"
"fq003091","vx_aec4e117e0c5476a","fg0777","1","fg0777","fg0699","fg0614","fg0957","fg0705","fg0632","fg0928","fg0882","fg0557","fg0763","fg0704","fg0998","fg0553","fg0591","fg0841","fg0741","fg0519","fg0690","fg0739","fg0150"
"fq003092","vx_aec4e117e0c5476a","fg0777","1","fg0777","fg0699","fg0614","fg0957","fg0632","fg0705","fg0763","fg0690","fg0928","fg0704","fg0506","fg0882","fg0557","fg0812","fg0841","fg0591","fg0204","fg0433","fg0150","fg0486"
"fq003093","vx_aec4e117e0c5476a","fg0777","1","fg0777","fg0614","fg0699","fg0957","fg0632","fg0704","fg0705","fg0928","fg0763","fg0690","fg0812","fg0433","fg0506","fg0486","fg0591","fg0882","fg0204","fg0814","fg0498","fg0739"
"fq003094","vx_3ac03f426dd6fe30","fg0778","1","fg0778","fg0569","fg0071","fg0843","fg0453","fg0388","fg0688","fg0039","fg0573","fg0713","fg0106","fg0397","fg0211","fg0723","fg0247","fg0278","fg0976","fg0490","fg0496","fg0513"
"fq003095","vx_e92a78517b4295e5","fg0779","1","fg0779","fg0364","fg0381","fg0560","fg0826","fg0892","fg0793","fg0989","fg0742","fg0327","fg0194","fg0879","fg0131","fg0333","fg0207","fg0700","fg0809","fg0642","fg0466","fg0612"
"fq003096","vx_ec49949cc6267a4d","fg0780","1","fg0780","fg0371","fg0597","fg0390","fg0060","fg0682","fg0409","fg0414","fg0999","fg0123","fg0042","fg0787","fg0320","fg0271","fg0326","fg0600","fg0901","fg0624","fg0377","fg0590"
"fq003097","vx_ec49949cc6267a4d","fg0780","1","fg0780","fg0597","fg0371","fg0409","fg0060","fg0479","fg0714","fg0682","fg0390","fg0320","fg0999","fg0470","fg0326","fg0600","fg0693","fg0449","fg0787","fg0042","fg0377","fg0208"
"fq003098","vx_ec49949cc6267a4d","fg0780","1","fg0780","fg0597","fg0371","fg0409","fg0390","fg0060","fg0326","fg0999","fg0901","fg0320","fg0470","fg0714","fg0590","fg0682","fg0787","fg0449","fg0479","fg0725","fg0685","fg0394"
"fq003099","vx_ec49949cc6267a4d","fg0780","1","fg0780","fg0042","fg0371","fg0597","fg0714","fg0060","fg0656","fg0271","fg0991","fg0787","fg0910","fg0660","fg0252","fg0123","fg0409","fg0338","fg0494","fg0959","fg0320","fg0218"
"fq003100","vx_5cd0e0335e7b5302","fg0781","1","fg0781","fg0256","fg0246","fg0262","fg0789","fg0967","fg0888","fg0619","fg0545","fg0807","fg0235","fg0895","fg0148","fg0132","fg0650","fg0801","fg0538","fg0398","fg0461","fg0493"
"fq003101","vx_5cd0e0335e7b5302","fg0781","1","fg0781","fg0256","fg0262","fg0246","fg0967","fg0789","fg0888","fg0619","fg0801","fg0235","fg0221","fg0148","fg0493","fg0938","fg0545","fg0807","fg0398","fg0944","fg0524","fg0461"
"fq003102","vx_5cd0e0335e7b5302","fg0781","1","fg0781","fg0256","fg0262","fg0246","fg0967","fg0789","fg0888","fg0619","fg0895","fg0545","fg0286","fg0398","fg0461","fg0034","fg0772","fg0235","fg0650","fg0176","fg0469","fg0807"
"fq003103","vx_5cd0e0335e7b5302","fg0781","1","fg0781","fg0256","fg0262","fg0967","fg0246","fg0888","fg0789","fg0619","fg0801","fg0235","fg0895","fg0221","fg0545","fg0148","fg0807","fg0321","fg0493","fg0461","fg0599","fg0398"
"fq003104","vx_14c0bf8a39856735","fg0782","1","fg0782","fg0022","fg0475","fg0100","fg0489","fg0859","fg0794","fg0691","fg0949","fg0460","fg0759","fg0541","fg0845","fg0251","fg0895","fg0298","fg0507","fg0909","fg0784","fg0792"
"fq003105","vx_14c0bf8a39856735","fg0782","1","fg0782","fg0022","fg0100","fg0475","fg0691","fg0460","fg0949","fg0845","fg0759","fg0489","fg0541","fg0124","fg0794","fg0824","fg0720","fg0859","fg0895","fg0909","fg0749","fg0840"
"fq003106","vx_14c0bf8a39856735","fg0782","1","fg0782","fg0022","fg0100","fg0691","fg0949","fg0475","fg0845","fg0859","fg0489","fg0578","fg0619","fg0460","fg0895","fg0759","fg0583","fg0455","fg0541","fg0794","fg0471","fg0369"
"fq003107","vx_14c0bf8a39856735","fg0782","1","fg0782","fg0022","fg0475","fg0100","fg0859","fg0460","fg0691","fg0794","fg0541","fg0949","fg0489","fg0845","fg0759","fg0251","fg0288","fg0792","fg0583","fg0895","fg0507","fg0072"
"fq003108","vx_14c0bf8a39856735","fg0782","1","fg0782","fg0022","fg0100","fg0475","fg0460","fg0845","fg0691","fg0949","fg0824","fg0759","fg0859","fg0489","fg0124","fg0217","fg0224","fg0578","fg0895","fg0541","fg0619","fg0306"
"fq003109","vx_14c0bf8a39856735","fg0782","1","fg0782","fg0100","fg0022","fg0691","fg0475","fg0859","fg0845","fg0759","fg0489","fg0949","fg0455","fg0460","fg0288","fg0325","fg0909","fg0541","fg0824","fg0794","fg0619","fg0314"
"fq003110","vx_14c0bf8a39856735","fg0782","1","fg0782","fg0022","fg0100","fg0691","fg0489","fg0475","fg0859","fg0794","fg0949","fg0759","fg0845","fg0460","fg0124","fg0578","fg0251","fg0583","fg0541","fg0619","fg0471","fg0749"
"fq003111","vx_14c0bf8a39856735","fg0782","1","fg0782","fg0022","fg0100","fg0475","fg0691","fg0824","fg0845","fg0124","fg0460","fg0949","fg0489","fg0224","fg0556","fg0619","fg0792","fg0759","fg0325","fg0072","fg0860","fg0383"
"fq003112","vx_14c0bf8a39856735","fg0782","139","fg0350","fg0973","fg0835","fg0195","fg0688","fg0123","fg0591","fg0298","fg0334","fg0388","fg0126","fg0411","fg0398","fg0552","fg0347","fg0843","fg0962","fg0361","fg0959","fg0367"
"fq003113","vx_2e19cf26d13b37f8","fg0783","1","fg0783","fg0490","fg0733","fg0197","fg0562","fg0569","fg0126","fg0121","fg0959","fg0624","fg0627","fg0541","fg0475","fg0196","fg0218","fg0018","fg0690","fg0233","fg0719","fg0347"
"fq003114","vx_2e19cf26d13b37f8","fg0783","1","fg0783","fg0541","fg0197","fg0733","fg0719","fg0809","fg0690","fg0569","fg0121","fg0153","fg0624","fg0490","fg0469","fg0018","fg0627","fg0557","fg0846","fg0689","fg0271","fg0282"
"fq003115","vx_2e19cf26d13b37f8","fg0783","1","fg0783","fg0197","fg0490","fg0959","fg0690","fg0121","fg0018","fg0569","fg0733","fg0128","fg0541","fg0240","fg0002","fg0627","fg0719","fg0271","fg0689","fg0126","fg0910","fg0196"
"fq003116","vx_2e19cf26d13b37f8","fg0783","1","fg0783","fg0733","fg0240","fg0186","fg0624","fg0689","fg0719","fg0113","fg0197","fg0997","fg0970","fg0541","fg0121","fg0187","fg0690","fg0404","fg0557","fg0569","fg0722","fg0746"
"fq003117","vx_2e19cf26d13b37f8","fg0783","1","fg0783","fg0197","fg0240","fg0018","fg0733","fg0121","fg0690","fg0490","fg0624","fg0689","fg0627","fg0251","fg0186","fg0541","fg0128","fg0569","fg0002","fg0970","fg0719","fg0337"
"fq003118","vx_2e19cf26d13b37f8","fg0783","1","fg0783","fg0197","fg0733","fg0121","fg0624","fg0018","fg0541","fg0689","fg0337","fg0128","fg0690","fg0719","fg0490","fg0240","fg0627","fg0569","fg0519","fg0809","fg0150","fg0562"
"fq003119","vx_2e19cf26d13b37f8","fg0783","1","fg0783","fg0733","fg0490","fg0569","fg0240","fg0126","fg0959","fg0186","fg0251","fg0197","fg0627","fg0154","fg0002","fg0689","fg0692","fg0018","fg0429","fg0910","fg0121","fg0686"
"fq003120","vx_2e19cf26d13b37f8","fg0783","1","fg0783","fg0490","fg0733","fg0197","fg0018","fg0121","fg0541","fg0959","fg0690","fg0305","fg0569","fg0627","fg0809","fg0689","fg0126","fg0150","fg0820","fg0350","fg0151","fg0314"
"fq003121","vx_2e19cf26d13b37f8","fg0783","1","fg0783","fg0197","fg0733","fg0121","fg0490","fg0240","fg0519","fg0689","fg0627","fg0690","fg0959","fg0233","fg0719","fg0541","fg0809","fg0970","fg0562","fg0624","fg0282","fg0347"
"fq003122","vx_2e19cf26d13b37f8","fg0783","1","fg0783","fg0733","fg0490","fg0197","fg0569","fg0959","fg0126","fg0627","fg0196","fg0541","fg0233","fg0624","fg0910","fg0690","fg0018","fg0656","fg0186","fg0719","fg0475","fg0121"
"fq003123","vx_2e19cf26d13b37f8","fg0783","1","fg0783","fg0733","fg0541","fg0569","fg0186","fg0128","fg0490","fg0240","fg0151","fg0018","fg0997","fg0091","fg0299","fg0305","fg0910","fg0154","fg0679","fg0126","fg0895","fg0719"
"fq003124","vx_2e19cf26d13b37f8","fg0783","1","fg0783","fg0733","fg0197","fg0490","fg0569","fg0690","fg0719","fg0846","fg0121","fg0126","fg0541","fg0624","fg0689","fg0595","fg0758","fg0627","fg0002","fg0959","fg0972","fg0337"
"fq003125","vx_2e19cf26d13b37f8","fg0783","1","fg0783","fg0197","fg0733","fg0624","fg0719","fg0121","fg0490","fg0541","fg0690","fg0475","fg0627","fg0689","fg0569","fg0282","fg0218","fg0018","fg0519","fg0337","fg0233","fg0347"
"fq003126","vx_2e19cf26d13b37f8","fg0783","1","fg0783","fg0197","fg0689","fg0240","fg0121","fg0113","fg0337","fg0218","fg0519","fg0624","fg0733","fg0719","fg0404","fg0722","fg0970","fg0809","fg0562","fg0692","fg0587","fg0150"
"fq003127","vx_2e19cf26d13b37f8","fg0783","1","fg0783","fg0733","fg0197","fg0490","fg0126","fg0627","fg0569","fg0959","fg0196","fg0562","fg0002","fg0910","fg0519","fg0692","fg0689","fg0624","fg0690","fg0515","fg0001","fg0541"
"fq003128","vx_2e19cf26d13b37f8","fg0783","1","fg0783","fg0197","fg0733","fg0121","fg0809","fg0959","fg0690","fg0627","fg0519","fg0490","fg0002","fg0562","fg0689","fg0624","fg0126","fg0541","fg0557","fg0150","fg0282","fg0719"
"fq003129","vx_2e19cf26d13b37f8","fg0783","1","fg0783","fg0541","fg0733","fg0690","fg0490","fg0569","fg0018","fg0197","fg0627","fg0959","fg0895","fg0719","fg0910","fg0794","fg0121","fg0809","fg0859","fg0233","fg1000","fg0656"
"fq003130","vx_2e19cf26d13b37f8","fg0783","1","fg0783","fg0490","fg0733","fg0846","fg0690","fg0197","fg0541","fg0758","fg0679","fg0569","fg0345","fg0624","fg0910","fg0719","fg0466","fg0500","fg0527","fg0943","fg0584","fg0936"
"fq003131","vx_50fabd48be1ccff7","fg0784","1","fg0784","fg0823","fg0967","fg0176","fg0224","fg0066","fg0126","fg0619","fg0789","fg0256","fg0632","fg0262","fg0696","fg0781","fg0544","fg0583","fg0267","fg0995","fg0162","fg0207"
"fq003132","vx_50fabd48be1ccff7","fg0784","1","fg0784","fg0650","fg0176","fg0967","fg0632","fg0781","fg0262","fg0789","fg0256","fg0132","fg0619","fg0246","fg0489","fg0774","fg0880","fg0823","fg0888","fg0126","fg0066","fg0674"
"fq003133","vx_aa8cbf4508d4ad3b","fg0785","1","fg0785","fg0778","fg0725","fg0534","fg0273","fg0313","fg0380","fg0643","fg0791","fg0129","fg0343","fg0189","fg0215","fg0826","fg0732","fg0723","fg0554","fg0741","fg0176","fg0955"
"fq003134","vx_0ab0e26009fbbfe1","fg0786","6","fg0500","fg0485","fg0162","fg0858","fg0255","fg0786","fg0879","fg0827","fg0901","fg0449","fg0889","fg0289","fg0886","fg0076","fg0636","fg0109","fg0949","fg0224","fg0623","fg0583"
"fq003135","vx_0ab0e26009fbbfe1","fg0786","6","fg0827","fg0076","fg0485","fg0879","fg0901","fg0786","fg0636","fg0949","fg0289","fg0885","fg0623","fg0500","fg0886","fg0162","fg0109","fg0451","fg0527","fg0533","fg0609","fg0845"
"fq003136","vx_0ab0e26009fbbfe1","fg0786","1","fg0786","fg0830","fg0901","fg0946","fg0726","fg0205","fg0395","fg0339","fg0125","fg0321","fg0158","fg0949","fg0480","fg0692","fg0905","fg0586","fg0849","fg0753","fg0774","fg0899"
"fq003137","vx_0ab0e26009fbbfe1","fg0786","19","fg0827","fg0949","fg0485","fg0076","fg0636","fg0879","fg0162","fg0500","fg0289","fg0886","fg0623","fg0885","fg0845","fg0109","fg0901","fg0455","fg0609","fg0527","fg0786","fg0224"
"fq003138","vx_a3dd0da4d5539015","fg0787","1","fg0787","fg0991","fg0089","fg0717","fg0026","fg0910","fg0168","fg0325","fg0521","fg0034","fg0125","fg0508","fg0597","fg0354","fg0199","fg0452","fg0111","fg0810","fg0079","fg0470"
"fq003139","vx_a3dd0da4d5539015","fg0787","2","fg0991","fg0787","fg0089","fg0717","fg0034","fg0910","fg0597","fg0168","fg0521","fg0508","fg0026","fg0470","fg0125","fg0199","fg0452","fg0865","fg0325","fg0714","fg0354","fg0111"
"fq003140","vx_a3dd0da4d5539015","fg0787","2","fg0991","fg0787","fg0717","fg0089","fg0597","fg0910","fg0034","fg0125","fg0470","fg0521","fg0168","fg0026","fg0508","fg0714","fg0452","fg0865","fg0079","fg0199","fg0354","fg0371"
"fq003141","vx_a3dd0da4d5539015","fg0787","2","fg0991","fg0787","fg0717","fg0089","fg0597","fg0034","fg0910","fg0521","fg0168","fg0452","fg0508","fg0125","fg0026","fg0199","fg0405","fg0714","fg0079","fg0111","fg0470","fg0520"
"fq003142","vx_a3dd0da4d5539015","fg0787","2","fg0991","fg0787","fg0717","fg0910","fg0597","fg0452","fg0521","fg0089","fg0026","fg0034","fg0168","fg0125","fg0508","fg0199","fg0079","fg0405","fg0371","fg0325","fg0810","fg0498"
"fq003143","vx_a3dd0da4d5539015","fg0787","1","fg0787","fg0991","fg0717","fg0089","fg0168","fg0910","fg0597","fg0034","fg0325","fg0508","fg0125","fg0470","fg0026","fg0521","fg0865","fg0199","fg0111","fg0714","fg0405","fg0079"
"fq003144","vx_a3dd0da4d5539015","fg0787","2","fg0991","fg0787","fg0717","fg0089","fg0034","fg0910","fg0168","fg0597","fg0026","fg0508","fg0521","fg0125","fg0452","fg0199","fg0325","fg0111","fg0470","fg0957","fg0079","fg0865"
"fq003145","vx_a3dd0da4d5539015","fg0787","2","fg0991","fg0787","fg0717","fg0597","fg0034","fg0452","fg0026","fg0910","fg0089","fg0168","fg0521","fg0199","fg0508","fg0865","fg0346","fg0125","fg0325","fg0405","fg0810","fg0363"
"fq003146","vx_a3dd0da4d5539015","fg0787","2","fg0991","fg0787","fg0717","fg0597","fg0089","fg0034","fg0910","fg0168","fg0521","fg0452","fg0508","fg0125","fg0026","fg0199","fg0470","fg0079","fg0714","fg0111","fg0865","fg0405"
"fq003147","vx_a3dd0da4d5539015","fg0787","2","fg0991","fg0787","fg0717","fg0089","fg0034","fg0910","fg0026","fg0597","fg0521","fg0168","fg0125","fg0452","fg0199","fg0508","fg0079","fg0957","fg0324","fg0470","fg0498","fg0810"
"fq003148","vx_a3dd0da4d5539015","fg0787","2","fg0991","fg0787","fg0717","fg0089","fg0910","fg0597","fg0034","fg0168","fg0452","fg0508","fg0521","fg0026","fg0125","fg0199","fg0079","fg0714","fg0354","fg0470","fg0111","fg0325"
"fq003149","vx_a3dd0da4d5539015","fg0787","2","fg0991","fg0787","fg0717","fg0910","fg0089","fg0168","fg0521","fg0276","fg0597","fg0026","fg0199","fg0354","fg0125","fg0034","fg0111","fg0508","fg0656","fg0810","fg0912","fg0325"
"fq003150","vx_a3dd0da4d5539015","fg0787","1","fg0787","fg0991","fg0717","fg0910","fg0089","fg0597","fg0125","fg0168","fg0521","fg0079","fg0354","fg0714","fg0508","fg0034","fg0026","fg0042","fg0452","fg0324","fg0470","fg0810"
"fq003151","vx_a3dd0da4d5539015","fg0787","2","fg0991","fg0787","fg0717","fg0910","fg0089","fg0597","fg0034","fg0168","fg0508","fg0521","fg0714","fg0452","fg0079","fg0470","fg0125","fg0199","fg0111","fg0520","fg0324","fg0042"
"fq003152","vx_a3dd0da4d5539015","fg0787","1","fg0787","fg0991","fg0717","fg0597","fg0089","fg0910","fg0034","fg0521","fg0168","fg0508","fg0470","fg0714","fg0452","fg0125","fg0199","fg0865","fg0079","fg0026","fg0405","fg0325"
"fq003153","vx_a3dd0da4d5539015","fg0787","2","fg0991","fg0787","fg0717","fg0089","fg0910","fg0597","fg0034","fg0521","fg0168","fg0125","fg0508","fg0026","fg0199","fg0470","fg0452","fg0714","fg0079","fg0354","fg0111","fg0229"
"fq003154","vx_a3dd0da4d5539015","fg0787","1","fg0787","fg0991","fg0717","fg0089","fg0910","fg0597","fg0125","fg0168","fg0714","fg0034","fg0508","fg0470","fg0079","fg0521","fg0026","fg0452","fg0865","fg0325","fg0354","fg0042"
"fq003155","vx_a3dd0da4d5539015","fg0787","2","fg0991","fg0787","fg0717","fg0597","fg0910","fg0089","fg0168","fg0521","fg0026","fg0034","fg0125","fg0452","fg0508","fg0079","fg0199","fg0042","fg0371","fg0354","fg0324","fg0714"
"fq003156","vx_a3dd0da4d5539015","fg0787","1","fg0787","fg0991","fg0717","fg0910","fg0089","fg0597","fg0168","fg0521","fg0034","fg0125","fg0026","fg0508","fg0452","fg0714","fg0079","fg0199","fg0470","fg0865","fg0325","fg0810"
"fq003157","vx_a3dd0da4d5539015","fg0787","2","fg0991","fg0787","fg0089","fg0717","fg0910","fg0168","fg0034","fg0125","fg0026","fg0508","fg0199","fg0597","fg0354","fg0452","fg0521","fg0111","fg0396","fg0656","fg0276","fg0043"
"fq003158","vx_a3dd0da4d5539015","fg0787","2","fg0991","fg0787","fg0034","fg0089","fg0717","fg0910","fg0597","fg0168","fg0508","fg0452","fg0199","fg0521","fg0354","fg0125","fg0026","fg0714","fg0111","fg0520","fg0346","fg0325"
"fq003159","vx_a3dd0da4d5539015","fg0787","2","fg0991","fg0787","fg0717","fg0089","fg0034","fg0910","fg0597","fg0168","fg0508","fg0521","fg0452","fg0714","fg0125","fg0026","fg0354","fg0199","fg0470","fg0079","fg0346","fg0325"
"fq003160","vx_a3dd0da4d5539015","fg0787","2","fg0991","fg0787","fg0168","fg0089","fg0034","fg0508","fg0910","fg0717","fg0111","fg0521","fg0199","fg0452","fg0354","fg0325","fg0026","fg0405","fg0396","fg0125","fg0597","fg0957"
"fq003161","vx_a3dd0da4d5539015","fg0787","1","fg0787","fg0991","fg0597","fg0717","fg0034","fg0089","fg0865","fg0470","fg0910","fg0168","fg0714","fg0521","fg0452","fg0026","fg0125","fg0508","fg0780","fg0405","fg0325","fg0199"
"fq003162","vx_a3dd0da4d5539015","fg0787","2","fg0991","fg0787","fg0717","fg0089","fg0910","fg0034","fg0168","fg0597","fg0521","fg0452","fg0125","fg0508","fg0026","fg0714","fg0199","fg0354","fg0470","fg0079","fg0042","fg0346"
"fq003163","vx_a3dd0da4d5539015","fg0787","1","fg0787","fg0991","fg0089","fg0717","fg0470","fg0034","fg0597","fg0910","fg0168","fg0865","fg0026","fg0325","fg0125","fg0714","fg0418","fg0521","fg0199","fg0508","fg0425","fg0780"
"fq003164","vx_a3dd0da4d5539015","fg0787","2","fg0991","fg0787","fg0717","fg0910","fg0089","fg0034","fg0597","fg0168","fg0508","fg0452","fg0521","fg0714","fg0125","fg0199","fg0354","fg0026","fg0079","fg0470","fg0405","fg0042"
"fq003165","vx_a3dd0da4d5539015","fg0787","2","fg0991","fg0787","fg0717","fg0089","fg0910","fg0034","fg0597","fg0521","fg0168","fg0508","fg0452","fg0714","fg0125","fg0026","fg0199","fg0079","fg0470","fg0957","fg0324","fg0229"
"fq003166","vx_c331bd7fcad105ff","fg0788","1","fg0788","fg0382","fg0429","fg0530","fg0427","fg0096","fg0330","fg0601","fg0472","fg0082","fg0576","fg0230","fg0891","fg0960","fg0007","fg0107","fg0975","fg0642","fg0085","fg0971"
"fq003167","vx_c331bd7fcad105ff","fg0788","12","fg0914","fg0047","fg0868","fg0990","fg0975","fg0416","fg0673","fg0505","fg0147","fg0669","fg0769","fg0788","fg0243","fg0573","fg0379","fg0539","fg0798","fg0052","fg0659","fg0972"
"fq003168","vx_c331bd7fcad105ff","fg0788","1","fg0788","fg0429","fg0330","fg0472","fg0427","fg0382","fg0530","fg0096","fg0891","fg0007","fg0576","fg0230","fg0601","fg0085","fg0082","fg0598","fg0571","fg0475","fg0960","fg0602"
"fq003169","vx_c331bd7fcad105ff","fg0788","1","fg0788","fg0429","fg0427","fg0472","fg0096","fg0530","fg0382","fg0330","fg0960","fg0601","fg0007","fg0891","fg0082","fg0107","fg0230","fg0576","fg0085","fg0253","fg0602","fg0642"
"fq003170","vx_c331bd7fcad105ff","fg0788","1","fg0788","fg0096","fg0429","fg0530","fg0382","fg0427","fg0472","fg0330","fg0082","fg0230","fg0960","fg0891","fg0601","fg0007","fg0107","fg0085","fg0642","fg0571","fg0740","fg0598"
"fq003171","vx_c331bd7fcad105ff","fg0788","1","fg0788","fg0429","fg0427","fg0096","fg0382","fg0472","fg0330","fg0530","fg0891","fg0082","fg0601","fg0007","fg0960","fg0230","fg0253","fg0107","fg0740","fg0475","fg0085","fg0598"
"fq003172","vx_983315053e89c3a8","fg0789","1","fg0789","fg0256","fg0262","fg0246","fg0967","fg0781","fg0888","fg0619","fg0235","fg0857","fg0807","fg0650","fg0801","fg0398","fg0148","fg0545","fg0784","fg0321","fg0944","fg0034"
"fq003173","vx_63d004df8489746e","fg0790","1","fg0790","fg0517","fg0067","fg0195","fg0920","fg0613","fg0232","fg0718","fg0951","fg0211","fg0122","fg0397","fg0159","fg0350","fg0571","fg0907","fg0652","fg0114","fg0809","fg0282"
"fq003174","vx_63d004df8489746e","fg0790","1","fg0790","fg0067","fg0122","fg0300","fg0718","fg0223","fg0174","fg0950","fg0652","fg0109","fg0125","fg0623","fg0153","fg0920","fg0529","fg0983","fg0956","fg0419","fg0391","fg0138"
"fq003175","vx_a702852c8dee0450","fg0791","1","fg0791","fg0312","fg0314","fg0472","fg0421","fg0080","fg0307","fg0126","fg0218","fg0724","fg0562","fg0456","fg0573","fg0591","fg0936","fg0585","fg0642","fg0565","fg0623","fg0205"
"fq003176","vx_a702852c8dee0450","fg0791","1","fg0791","fg0421","fg0534","fg0554","fg0539","fg0372","fg0380","fg0252","fg0702","fg0724","fg0011","fg0437","fg0141","fg0115","fg0382","fg0207","fg0286","fg0585","fg0177","fg0692"
"fq003177","vx_a702852c8dee0450","fg0791","1","fg0791","fg0312","fg0472","fg0307","fg0562","fg0218","fg0382","fg0573","fg0011","fg0347","fg0314","fg0015","fg0298","fg0429","fg0490","fg0126","fg0936","fg0456","fg0942","fg0080"
"fq003178","vx_c7ef7b00b23f4674","fg0792","1","fg0792","fg0704","fg0641","fg0457","fg0680","fg0589","fg0072","fg0170","fg0552","fg0844","fg0233","fg0410","fg0186","fg0882","fg0843","fg0225","fg0309","fg0011","fg0475","fg0295"
"fq003179","vx_6f9fb3a4b9ff9a8b","fg0793","1","fg0793","fg0466","fg0826","fg0936","fg0130","fg0885","fg0659","fg0588","fg0322","fg0001","fg0758","fg0533","fg0962","fg0095","fg0846","fg0304","fg0742","fg0320","fg0364","fg0653"
"fq003180","vx_363273b4b4bf3f6b","fg0794","1","fg0794","fg0327","fg0231","fg0922","fg0184","fg0551","fg0925","fg0659","fg0529","fg0464","fg0612","fg0321","fg0536","fg0668","fg0023","fg0834","fg0304","fg0945","fg0355","fg0552"
"fq003181","vx_363273b4b4bf3f6b","fg0794","1","fg0794","fg0659","fg0327","fg0922","fg0925","fg0231","fg0184","fg0403","fg0552","fg0536","fg0529","fg0729","fg0834","fg0464","fg0854","fg0151","fg0599","fg0319","fg0103","fg0652"
"fq003182","vx_363273b4b4bf3f6b","fg0794","1","fg0794","fg0184","fg0231","fg0327","fg0659","fg0922","fg0834","fg0925","fg0529","fg0464","fg0023","fg0151","fg0536","fg0652","fg0989","fg0551","fg0612","fg0233","fg0403","fg0401"
"fq003183","vx_363273b4b4bf3f6b","fg0794","1","fg0794","fg0231","fg0327","fg0922","fg0659","fg0925","fg0184","fg0536","fg0464","fg0151","fg0529","fg0403","fg0834","fg0552","fg0023","fg0551","fg0668","fg0355","fg0131","fg0559"
"fq003184","vx_921dae9f0fc5d2f9","fg0795","1","fg0795","fg0245","fg0921","fg0911","fg0901","fg0012","fg0804","fg0487","fg0817","fg0052","fg0628","fg0463","fg0194","fg0104","fg0289","fg0118","fg0280","fg0381","fg0219","fg0636"
"fq003185","vx_b2fe6f325a2b32a2","fg0796","1","fg0796","fg0572","fg0838","fg0052","fg0909","fg0896","fg0546","fg0815","fg0731","fg0955","fg0462","fg0141","fg0349","fg0706","fg0603","fg0209","fg0467","fg0952","fg0224","fg0367"
"fq003186","vx_848b1409e129792b","fg0797","1","fg0797","fg0645","fg0009","fg0822","fg0582","fg0617","fg0670","fg0876","fg0341","fg0549","fg0810","fg0425","fg0776","fg0186","fg0938","fg0679","fg0970","fg0146","fg0021","fg0750"
"fq003187","vx_a529b17f672d3076","fg0798","1","fg0798","fg0711","fg0904","fg0547","fg0423","fg0121","fg0590","fg0853","fg0116","fg0089","fg0891","fg0150","fg0491","fg0613","fg0410","fg0715","fg0314","fg0655","fg0017","fg0566"
"fq003188","vx_a529b17f672d3076","fg0798","1","fg0798","fg0904","fg0423","fg0711","fg0547","fg0590","fg0121","fg0894","fg0150","fg0655","fg0410","fg0373","fg0566","fg0834","fg0314","fg0280","fg0491","fg0209","fg0089","fg0715"
"fq003189","vx_33bf7e1bcee66d3c","fg0799","1","fg0799","fg0237","fg0036","fg0189","fg0075","fg0041","fg0701","fg0037","fg0965","fg0236","fg0085","fg0919","fg0003","fg0349","fg0213","fg0410","fg0222","fg0339","fg0915","fg0160"
"fq003190","vx_570e3431e8799377","fg0800","1","fg0800","fg0443","fg0415","fg0074","fg0720","fg0548","fg0456","fg0056","fg0728","fg0748","fg0745","fg0234","fg0526","fg0476","fg0813","fg0344","fg0844","fg0306","fg0617","fg0461"
"fq003191","vx_a5e5168aab86fda3","fg0801","1","fg0801","fg0531","fg0133","fg0967","fg0781","fg0944","fg0148","fg0281","fg0892","fg0246","fg0493","fg0022","fg0256","fg0495","fg0599","fg0277","fg0524","fg0262","fg0552","fg0080"
"fq003192","vx_1aafd44245351c5b","fg0802","1","fg0802","fg0820","fg0043","fg0242","fg0373","fg0687","fg0486","fg0017","fg0092","fg0600","fg0812","fg0182","fg0995","fg0653","fg0506","fg0904","fg0320","fg0216","fg0656","fg0410"
"fq003193","vx_2c98c62d8690091a","fg0803","1","fg0803","fg0198","fg0074","fg0305","fg0120","fg0335","fg0047","fg0456","fg0013","fg0415","fg0582","fg0990","fg0501","fg0733","fg0608","fg0960","fg0710","fg0416","fg0070","fg0025"
"fq003194","vx_7c4596aa6e958ccb","fg0804","1","fg0804","fg0031","fg0702","fg0217","fg0817","fg0301","fg0943","fg0389","fg0706","fg0402","fg0254","fg0851","fg0278","fg0818","fg0555","fg0384","fg0157","fg0813","fg0204","fg0535"
"fq003195","vx_7c4596aa6e958ccb","fg0804","1","fg0804","fg0217","fg0370","fg0702","fg0851","fg0278","fg0764","fg0384","fg0996","fg0031","fg0389","fg0254","fg0850","fg0730","fg0817","fg0706","fg0175","fg0953","fg0988","fg0723"
"fq003196","vx_7c4596aa6e958ccb","fg0804","1","fg0804","fg0217","fg0031","fg0702","fg0817","fg0301","fg0706","fg0254","fg0278","fg0384","fg0764","fg0996","fg0402","fg0389","fg0157","fg0851","fg0943","fg0454","fg0370","fg0555"
"fq003197","vx_08ea1595783a5540","fg0805","1","fg0805","fg0949","fg0622","fg0383","fg0881","fg0744","fg0720","fg0210","fg0961","fg0183","fg0540","fg0377","fg0644","fg0587","fg0928","fg0083","fg0414","fg0857","fg0308","fg0205"
"fq003198","vx_08ea1595783a5540","fg0805","1","fg0805","fg0949","fg0622","fg0720","fg0383","fg0881","fg0744","fg0540","fg0961","fg0210","fg0183","fg0692","fg0928","fg0644","fg0587","fg0581","fg0414","fg0368","fg0286","fg0205"
"fq003199","vx_08ea1595783a5540","fg0805","1","fg0805","fg0949","fg0622","fg0720","fg0383","fg0744","fg0881","fg0961","fg0210","fg0644","fg0377","fg0857","fg0540","fg0918","fg0308","fg0097","fg0183","fg0587","fg0205","fg0286"
"fq003200","vx_08ea1595783a5540","fg0805","1","fg0805","fg0949","fg0622","fg0881","fg0744","fg0383","fg0083","fg0644","fg0540","fg0587","fg0377","fg0720","fg0240","fg0308","fg0210","fg0857","fg0183","fg0961","fg0450","fg0251"
"fq003201","vx_438fe7da97948071","fg0806","1","fg0806","fg0074","fg0976","fg0637","fg0826","fg0212","fg0122","fg0261","fg0030","fg0351","fg0058","fg0554","fg0635","fg0488","fg0308","fg0785","fg0776","fg0415","fg0988","fg0016"
"fq003202","vx_6164d6f54cbc576f","fg0807","1","fg0807","fg0545","fg0256","fg0888","fg0351","fg0246","fg0789","fg0262","fg0967","fg0781","fg0691","fg0617","fg0762","fg0538","fg0284","fg0274","fg0151","fg0187","fg0461","fg0619"
"fq003203","vx_6164d6f54cbc576f","fg0807","1","fg0807","fg0545","fg0256","fg0888","fg0246","fg0789","fg0262","fg0967","fg0781","fg0351","fg0691","fg0617","fg0762","fg0148","fg0619","fg0151","fg0461","fg0284","fg0274","fg0152"
"fq003204","vx_1cabc88df7d1f4e1","fg0808","1","fg0808","fg0675","fg0218","fg0285","fg0656","fg0286","fg0003","fg0173","fg0527","fg0010","fg0421","fg0446","fg0539","fg0562","fg0912","fg0384","fg0568","fg0809","fg0515","fg0227"
"fq003205","vx_1cabc88df7d1f4e1","fg0808","1","fg0808","fg0286","fg0527","fg0173","fg0573","fg0010","fg0384","fg0490","fg0587","fg0656","fg0003","fg0562","fg0912","fg0215","fg0675","fg0421","fg0218","fg0965","fg0539","fg0703"
"fq003206","vx_1cabc88df7d1f4e1","fg0808","1","fg0808","fg0527","fg0286","fg0173","fg0421","fg0539","fg0071","fg0712","fg0587","fg0562","fg0384","fg0218","fg0215","fg0003","fg0515","fg0965","fg0156","fg0675","fg0573","fg0656"
"fq003207","vx_1cabc88df7d1f4e1","fg0808","1","fg0808","fg0286","fg0215","fg0912","fg0384","fg0010","fg0003","fg0345","fg0527","fg0285","fg0110","fg0656","fg0173","fg0562","fg0675","fg0515","fg0411","fg0587","fg0966","fg0676"
"fq003208","vx_1cabc88df7d1f4e1","fg0808","1","fg0808","fg0173","fg0675","fg0003","fg0286","fg0907","fg0703","fg0371","fg0562","fg0587","fg0712","fg0527","fg0539","fg0976","fg0568","fg0573","fg0384","fg0815","fg0959","fg0656"
"fq003209","vx_1cabc88df7d1f4e1","fg0808","1","fg0808","fg0539","fg0286","fg0421","fg0527","fg0656","fg0384","fg0173","fg0515","fg0675","fg0156","fg0003","fg0912","fg0573","fg0965","fg0215","fg0010","fg0345","fg0513","fg0703"
"fq003210","vx_1cabc88df7d1f4e1","fg0808","1","fg0808","fg0286","fg0527","fg0215","fg0421","fg0071","fg0539","fg0173","fg0345","fg0562","fg0587","fg0156","fg0965","fg0515","fg0675","fg0573","fg0003","fg0656","fg0186","fg0371"
"fq003211","vx_1cabc88df7d1f4e1","fg0808","1","fg0808","fg0286","fg0539","fg0527","fg0421","fg0587","fg0003","fg0156","fg0010","fg0345","fg0675","fg0215","fg0656","fg0562","fg0384","fg0965","fg0912","fg0573","fg0285","fg0173"
"fq003212","vx_1cabc88df7d1f4e1","fg0808","1","fg0808","fg0286","fg0003","fg0384","fg0173","fg0539","fg0421","fg0527","fg0010","fg0959","fg0587","fg0285","fg0568","fg0218","fg0675","fg0912","fg0446","fg0656","fg0515","fg0562"
"fq003213","vx_1cabc88df7d1f4e1","fg0808","1","fg0808","fg0286","fg0587","fg0527","fg0421","fg0345","fg0156","fg0215","fg0539","fg0573","fg0384","fg0562","fg0003","fg0642","fg0656","fg0411","fg0959","fg0703","fg0675","fg0965"
"fq003214","vx_1cabc88df7d1f4e1","fg0808","1","fg0808","fg0286","fg0587","fg0003","fg0421","fg0539","fg0173","fg0527","fg0642","fg0773","fg0562","fg0907","fg0218","fg0573","fg0965","fg0656","fg0959","fg0712","fg0382","fg0285"
"fq003215","vx_1cabc88df7d1f4e1","fg0808","1","fg0808","fg0527","fg0010","fg0286","fg0384","fg0656","fg0173","fg0539","fg0675","fg0912","fg0515","fg0269","fg0156","fg0421","fg0965","fg0003","fg0285","fg0215","fg0907","fg0218"
"fq003216","vx_1cabc88df7d1f4e1","fg0808","1","fg0808","fg0286","fg0527","fg0173","fg0421","fg0156","fg0587","fg0003","fg0656","fg0675","fg0912","fg0515","fg0215","fg0562","fg0965","fg0539","fg0384","fg0712","fg0010","fg0218"
"fq003217","vx_1cabc88df7d1f4e1","fg0808","1","fg0808","fg0173","fg0907","fg0675","fg0003","fg0286","fg0527","fg0562","fg0568","fg0384","fg0371","fg0539","fg0703","fg0959","fg0712","fg0285","fg0656","fg0227","fg0587","fg0912"
"fq003218","vx_1cabc88df7d1f4e1","fg0808","1","fg0808","fg0527","fg0173","fg0286","fg0587","fg0515","fg0156","fg0959","fg0656","fg0675","fg0186","fg0215","fg0421","fg0218","fg0003","fg0562","fg0824","fg0712","fg0565","fg0703"
"fq003219","vx_1cabc88df7d1f4e1","fg0808","1","fg0808","fg0286","fg0173","fg0965","fg0421","fg0539","fg0285","fg0003","fg0215","fg0587","fg0675","fg0562","fg0384","fg0527","fg0515","fg0912","fg0345","fg0218","fg0110","fg0010"
"fq003220","vx_1cabc88df7d1f4e1","fg0808","1","fg0808","fg0173","fg0539","fg0515","fg0286","fg0513","fg0907","fg0675","fg0965","fg0421","fg0003","fg0712","fg0527","fg0912","fg0156","fg0010","fg0215","fg0562","fg0218","fg0656"
"fq003221","vx_1cabc88df7d1f4e1","fg0808","1","fg0808","fg0539","fg0587","fg0421","fg0218","fg0173","fg0712","fg0286","fg0642","fg0965","fg0527","fg0156","fg0656","fg0675","fg0215","fg0010","fg0562","fg0003","fg0515","fg0338"
"fq003222","vx_1cabc88df7d1f4e1","fg0808","1","fg0808","fg0156","fg0286","fg0527","fg0912","fg0675","fg0421","fg0285","fg0539","fg0010","fg0490","fg0656","fg0003","fg0384","fg0562","fg0345","fg0218","fg0411","fg0712","fg0463"
"fq003223","vx_7f52f84295cd9461","fg0809","1","fg0809","fg0747","fg0847","fg0835","fg0956","fg0382","fg0153","fg0541","fg0334","fg0970","fg0191","fg0719","fg0126","fg0538","fg0218","fg0197","fg0841","fg0367","fg0421","fg0843"
"fq003224","vx_2f9a4cd7d4e414e7","fg0810","1","fg0810","fg0092","fg0741","fg0151","fg0299","fg0201","fg0777","fg0998","fg0559","fg0103","fg0957","fg0090","fg0521","fg0880","fg0083","fg0614","fg0591","fg0729","fg0815","fg0569"
"fq003225","vx_2f9a4cd7d4e414e7","fg0810","1","fg0810","fg0299","fg0729","fg0500","fg0151","fg0275","fg0103","fg0090","fg0525","fg0569","fg0403","fg0559","fg0721","fg0880","fg0201","fg0355","fg0225","fg0318","fg0567","fg0521"
"fq003226","vx_2f9a4cd7d4e414e7","fg0810","1","fg0810","fg0092","fg0151","fg0741","fg0299","fg0521","fg0201","fg0103","fg0777","fg0559","fg0880","fg0998","fg0077","fg0043","fg0090","fg0591","fg0957","fg0909","fg0729","fg0569"
"fq003227","vx_ce21c48a5eae9209","fg0811","1","fg0811","fg0106","fg0573","fg0039","fg0539","fg0015","fg0474","fg0843","fg0778","fg0025","fg0397","fg0490","fg0211","fg0976","fg0588","fg0126","fg0907","fg0156","fg0942","fg0815"
"fq003228","vx_1bfeb62d2ca9f87a","fg0812","2","fg0486","fg0812","fg0506","fg0478","fg0600","fg0498","fg0802","fg0713","fg0049","fg0042","fg0620","fg0579","fg0248","fg0690","fg0087","fg0208","fg0433","fg0482","fg0777","fg0814"
"fq003229","vx_1bfeb62d2ca9f87a","fg0812","2","fg0486","fg0812","fg0506","fg0498","fg0802","fg0713","fg0600","fg0579","fg0478","fg0208","fg0814","fg0620","fg0042","fg0049","fg0690","fg0777","fg0433","fg0204","fg0248","fg0087"
"fq003230","vx_9a5adc50da1f88bb","fg0813","1","fg0813","fg0045","fg0069","fg0534","fg0278","fg0065","fg0496","fg0306","fg0078","fg0814","fg0723","fg0829","fg0681","fg0984","fg0564","fg0764","fg0973","fg0800","fg0613","fg0409"
"fq003231","vx_9a5adc50da1f88bb","fg0813","1","fg0813","fg0069","fg0065","fg0409","fg0078","fg0045","fg0306","fg0534","fg0685","fg0984","fg0096","fg0496","fg0278","fg0866","fg0375","fg0814","fg0564","fg0800","fg0204","fg0121"
"fq003232","vx_f59d5e8b91e9a107","fg0814","1","fg0814","fg0208","fg0204","fg0433","fg0506","fg0812","fg0498","fg0760","fg0564","fg0579","fg0111","fg0410","fg0777","fg0486","fg0215","fg0478","fg0690","fg0743","fg0704","fg0715"
"fq003233","vx_f59d5e8b91e9a107","fg0814","1","fg0814","fg0208","fg0204","fg0433","fg0813","fg0564","fg0215","fg0534","fg0111","fg0171","fg0478","fg0278","fg0506","fg0548","fg0062","fg0777","fg0675","fg0764","fg0723","fg0087"
"fq003234","vx_d6ec50939a763cc9","fg0815","1","fg0815","fg0810","fg0092","fg0909","fg0405","fg0159","fg0151","fg0755","fg0841","fg0525","fg0104","fg0173","fg0796","fg0086","fg0528","fg0682","fg0556","fg0741","fg0565","fg0438"
"fq003235","vx_a98917b389347ae8","fg0816","1","fg0816","fg0127","fg0194","fg0487","fg0381","fg0896","fg0964","fg0727","fg0160","fg0796","fg0358","fg0514","fg0824","fg0254","fg0518","fg0091","fg0616","fg0450","fg0036","fg0095"
"fq003236","vx_5938b40458f2f8d2","fg0817","1","fg0817","fg0170","fg0958","fg0031","fg0804","fg0301","fg0844","fg0665","fg0410","fg0112","fg0102","fg0035","fg0943","fg0704","fg0064","fg0795","fg0470","fg0389","fg0285","fg0931"
"fq003237","vx_5938b40458f2f8d2","fg0817","1","fg0817","fg0879","fg0485","fg0943","fg0297","fg0010","fg0889","fg0030","fg0660","fg0031","fg0979","fg0901","fg0911","fg0363","fg0647","fg0867","fg0625","fg0260","fg0527","fg0604"
"fq003238","vx_5938b40458f2f8d2","fg0817","1","fg0817","fg0031","fg0804","fg0301","fg0112","fg0943","fg0170","fg0795","fg0958","fg0485","fg0901","fg0470","fg0600","fg0035","fg0400","fg0049","fg0118","fg0957","fg0535","fg0665"
"fq003239","vx_24f30e2209aa3769","fg0818","1","fg0818","fg0776","fg0764","fg0700","fg0750","fg0710","fg0715","fg0892","fg0932","fg0586","fg0428","fg0996","fg0254","fg0900","fg0674","fg0897","fg0341","fg0731","fg0310","fg0748"
"fq003240","vx_24f30e2209aa3769","fg0818","1","fg0818","fg0776","fg0764","fg0700","fg0750","fg0674","fg0932","fg0715","fg0892","fg0428","fg0710","fg0996","fg0254","fg0341","fg0264","fg0586","fg0748","fg0601","fg0897","fg0310"
"fq003241","vx_24f30e2209aa3769","fg0818","1","fg0818","fg0764","fg0776","fg0715","fg0674","fg0700","fg0254","fg0932","fg0750","fg0996","fg0089","fg0892","fg0428","fg0918","fg0264","fg0005","fg0341","fg0605","fg0084","fg0586"
"fq003242","vx_6561f52e6d03b9c2","fg0819","1","fg0819","fg0924","fg0702","fg0448","fg0281","fg0588","fg0212","fg0059","fg0397","fg0942","fg0307","fg0371","fg0007","fg0712","fg0826","fg0580","fg0334","fg0716","fg0791","fg0001"
"fq003243","vx_6561f52e6d03b9c2","fg0819","1","fg0819","fg0806","fg0976","fg0712","fg0942","fg0059","fg0307","fg0776","fg0007","fg0562","fg0371","fg0170","fg0707","fg0334","fg0212","fg0399","fg0397","fg0605","fg0637","fg0826"
"fq003244","vx_6561f52e6d03b9c2","fg0819","1","fg0819","fg0924","fg0281","fg0702","fg0634","fg0580","fg0712","fg0605","fg0059","fg0448","fg0942","fg0588","fg0212","fg0307","fg0334","fg0776","fg0418","fg0826","fg0001","fg0962"
"fq003245","vx_6561f52e6d03b9c2","fg0819","1","fg0819","fg0924","fg0702","fg0716","fg0059","fg0942","fg0712","fg0307","fg0212","fg0397","fg0007","fg0448","fg0228","fg0156","fg0605","fg0791","fg0588","fg0907","fg0334","fg0039"
"fq003246","vx_6561f52e6d03b9c2","fg0819","1","fg0819","fg0806","fg0976","fg0712","fg0371","fg0942","fg0307","fg0059","fg0562","fg0007","fg0707","fg0082","fg0776","fg0170","fg0334","fg0397","fg0826","fg0793","fg0234","fg0637"
"fq003247","vx_6561f52e6d03b9c2","fg0819","1","fg0819","fg0712","fg0806","fg0976","fg0562","fg0228","fg0307","fg0942","fg0170","fg0707","fg0639","fg0397","fg0948","fg0918","fg0007","fg0966","fg0106","fg0059","fg0042","fg0338"
"fq003248","vx_6561f52e6d03b9c2","fg0819","1","fg0819","fg0806","fg0712","fg0976","fg0942","fg0059","fg0228","fg0399","fg0170","fg0707","fg0307","fg0562","fg0605","fg0637","fg0844","fg0007","fg0362","fg0397","fg0042","fg0106"
"fq003249","vx_6561f52e6d03b9c2","fg0819","1","fg0819","fg0712","fg0806","fg0942","fg0307","fg0059","fg0976","fg0228","fg0605","fg0371","fg0156","fg0007","fg0234","fg0397","fg0106","fg0212","fg0565","fg0173","fg0918","fg0716"
"fq003250","vx_6561f52e6d03b9c2","fg0819","1","fg0819","fg0924","fg0702","fg0307","fg0712","fg0448","fg0281","fg0716","fg0841","fg0791","fg0580","fg0397","fg0634","fg0212","fg0513","fg0815","fg0381","fg0156","fg0588","fg0130"
"fq003251","vx_6561f52e6d03b9c2","fg0819","1","fg0819","fg0059","fg0942","fg0806","fg0712","fg0234","fg0976","fg0844","fg0776","fg0334","fg0399","fg0307","fg0605","fg0170","fg0171","fg0007","fg0513","fg0371","fg0362","fg0707"
"fq003252","vx_6561f52e6d03b9c2","fg0819","1","fg0819","fg0712","fg0942","fg0307","fg0234","fg0007","fg0059","fg0806","fg0171","fg0562","fg0776","fg0228","fg0976","fg0170","fg0265","fg0605","fg0707","fg0371","fg0334","fg0764"
"fq003253","vx_6561f52e6d03b9c2","fg0819","1","fg0819","fg0712","fg0307","fg0156","fg0562","fg0716","fg0513","fg0841","fg0448","fg0918","fg0806","fg0397","fg0976","fg0942","fg0815","fg0007","fg0082","fg0675","fg0265","fg0334"
"fq003254","vx_6561f52e6d03b9c2","fg0819","1","fg0819","fg0924","fg0702","fg0281","fg0212","fg0580","fg0634","fg0826","fg0712","fg0418","fg0448","fg0059","fg0588","fg0942","fg0931","fg0605","fg0307","fg0397","fg0334","fg0793"
"fq003255","vx_6561f52e6d03b9c2","fg0819","1","fg0819","fg0924","fg0702","fg0712","fg0281","fg0791","fg0716","fg0634","fg0448","fg0307","fg0397","fg0942","fg0588","fg0421","fg0212","fg0059","fg0907","fg0580","fg0156","fg0130"
"fq003256","vx_6561f52e6d03b9c2","fg0819","1","fg0819","fg0924","fg0702","fg0281","fg0448","fg0712","fg0228","fg0580","fg0059","fg0212","fg0942","fg0307","fg0588","fg0742","fg0418","fg0234","fg0634","fg0826","fg0716","fg0605"
"fq003257","vx_6561f52e6d03b9c2","fg0819","1","fg0819","fg0924","fg0702","fg0281","fg0580","fg0634","fg0712","fg0448","fg0826","fg0212","fg0588","fg0334","fg0059","fg0942","fg0307","fg0418","fg0931","fg0234","fg0962","fg0170"
"fq003258","vx_6561f52e6d03b9c2","fg0819","1","fg0819","fg0712","fg0307","fg0170","fg0976","fg0716","fg0806","fg0397","fg0844","fg0156","fg0562","fg0039","fg0228","fg0942","fg0918","fg0330","fg0811","fg0082","fg0106","fg0776"
"fq003259","vx_6561f52e6d03b9c2","fg0819","1","fg0819","fg0924","fg0702","fg0212","fg0712","fg0281","fg0448","fg0716","fg0307","fg0605","fg0588","fg0059","fg0007","fg0826","fg0634","fg0942","fg0580","fg0931","fg0397","fg0156"
"fq003260","vx_6561f52e6d03b9c2","fg0819","1","fg0819","fg0924","fg0712","fg0702","fg0448","fg0307","fg0716","fg0281","fg0580","fg0397","fg0791","fg0634","fg0212","fg0942","fg0059","fg0605","fg0588","fg0826","fg0156","fg0513"
"fq003261","vx_6561f52e6d03b9c2","fg0819","1","fg0819","fg0712","fg0806","fg0059","fg0234","fg0942","fg0976","fg0007","fg0307","fg0562","fg0605","fg0844","fg0776","fg0228","fg0399","fg0170","fg0707","fg0042","fg0918","fg0371"
"fq003262","vx_146920966b8200ed","fg0820","1","fg0820","fg0802","fg0373","fg0687","fg0043","fg0653","fg0241","fg0656","fg0182","fg0017","fg0213","fg0092","fg0959","fg0216","fg0559","fg0733","fg0624","fg0498","fg0529","fg0102"
"fq003263","vx_78ac6abb6c7186fa","fg0821","1","fg0821","fg0533","fg0130","fg0583","fg0758","fg0719","fg0207","fg0885","fg0886","fg0233","fg0469","fg0181","fg0346","fg0527","fg0333","fg0102","fg0328","fg0430","fg0737","fg0140"
"fq003264","vx_78ac6abb6c7186fa","fg0821","1","fg0821","fg0719","fg0533","fg0758","fg0130","fg0885","fg0207","fg0968","fg0886","fg0527","fg0846","fg0140","fg0233","fg0430","fg0469","fg0569","fg0333","fg0649","fg0583","fg0938"
"fq003265","vx_86763de1bbf854d6","fg0822","1","fg0822","fg0876","fg0670","fg0549","fg0842","fg0987","fg0582","fg0935","fg0636","fg0301","fg0008","fg0115","fg0797","fg0196","fg0306","fg0385","fg0788","fg0200","fg0178","fg0493"
"fq003266","vx_0abe2279e1528eca","fg0823","1","fg0823","fg0880","fg0066","fg0967","fg0696","fg0508","fg0711","fg0262","fg0721","fg0619","fg0650","fg0256","fg0837","fg0375","fg0784","fg0755","fg0789","fg0995","fg0014","fg0273"
"fq003267","vx_0abe2279e1528eca","fg0823","1","fg0823","fg0880","fg0711","fg0967","fg0066","fg0755","fg0696","fg0508","fg0256","fg0262","fg0360","fg0259","fg0518","fg0201","fg0721","fg0289","fg0784","fg0375","fg0837","fg1000"
"fq003268","vx_0abe2279e1528eca","fg0823","1","fg0823","fg0880","fg0967","fg0696","fg0256","fg0995","fg0066","fg0755","fg0508","fg0789","fg0262","fg0711","fg0784","fg0289","fg0837","fg0375","fg0362","fg0194","fg0781","fg0619"
"fq003269","vx_0abe2279e1528eca","fg0823","1","fg0823","fg0880","fg0721","fg0201","fg0711","fg0259","fg0755","fg0967","fg0256","fg0066","fg0262","fg0650","fg0789","fg0994","fg0545","fg0014","fg0888","fg0108","fg0508","fg1000"
"fq003270","vx_0abe2279e1528eca","fg0823","1","fg0823","fg0880","fg0711","fg0066","fg0967","fg0508","fg0755","fg0256","fg0259","fg0721","fg0696","fg0518","fg0262","fg0201","fg0796","fg0650","fg0674","fg0127","fg0964","fg0289"
"fq003271","vx_0abe2279e1528eca","fg0823","1","fg0823","fg0880","fg0711","fg0967","fg0256","fg0262","fg0696","fg0755","fg0066","fg0508","fg0289","fg0837","fg0619","fg0375","fg0650","fg0789","fg0360","fg0518","fg0784","fg0665"
"fq003272","vx_0abe2279e1528eca","fg0823","1","fg0823","fg0880","fg0967","fg0066","fg0711","fg0508","fg0696","fg0256","fg0262","fg0755","fg0259","fg0837","fg0721","fg0650","fg0518","fg0674","fg0289","fg0375","fg0995","fg0619"
"fq003273","vx_0abe2279e1528eca","fg0823","1","fg0823","fg0880","fg0967","fg0262","fg0256","fg0789","fg0066","fg0508","fg0781","fg0696","fg0888","fg0619","fg0995","fg0711","fg0246","fg0259","fg0755","fg0650","fg0021","fg0289"
"fq003274","vx_0abe2279e1528eca","fg0823","1","fg0823","fg0880","fg0967","fg0711","fg0256","fg0262","fg0781","fg0789","fg0361","fg0066","fg0721","fg0696","fg0201","fg0259","fg0508","fg0755","fg0518","fg1000","fg0888","fg0995"
"fq003275","vx_0abe2279e1528eca","fg0823","1","fg0823","fg0880","fg0711","fg0967","fg0508","fg0066","fg0256","fg0696","fg0259","fg0755","fg0518","fg0262","fg0650","fg0721","fg0014","fg0837","fg0360","fg0375","fg0964","fg0784"
"fq003276","vx_0abe2279e1528eca","fg0823","1","fg0823","fg0880","fg0696","fg0711","fg0967","fg0755","fg0721","fg0066","fg0289","fg0256","fg0650","fg0508","fg0995","fg0262","fg0837","fg0619","fg0273","fg0194","fg0360","fg0375"
"fq003277","vx_0abe2279e1528eca","fg0823","1","fg0823","fg0880","fg0967","fg0711","fg0755","fg0721","fg0066","fg0256","fg0696","fg0508","fg0650","fg0262","fg0837","fg0375","fg0442","fg0259","fg0289","fg0784","fg0360","fg0246"
"fq003278","vx_0abe2279e1528eca","fg0823","1","fg0823","fg0880","fg0967","fg0711","fg0696","fg0066","fg0262","fg0256","fg0508","fg0755","fg0721","fg0650","fg0619","fg0837","fg0360","fg0789","fg0375","fg0289","fg0259","fg0108"
"fq003279","vx_0abe2279e1528eca","fg0823","1","fg0823","fg0880","fg0696","fg0967","fg0256","fg0066","fg0711","fg0721","fg0755","fg0508","fg0360","fg0259","fg0262","fg0518","fg0650","fg0289","fg0619","fg0837","fg0964","fg0362"
"fq003280","vx_0abe2279e1528eca","fg0823","1","fg0823","fg0880","fg0967","fg0066","fg0711","fg0721","fg0201","fg0508","fg0262","fg0259","fg0755","fg0256","fg0127","fg0696","fg0964","fg0789","fg0360","fg0837","fg0650","fg0784"
"fq003281","vx_0abe2279e1528eca","fg0823","1","fg0823","fg0880","fg0711","fg0967","fg0066","fg0755","fg0256","fg0696","fg0508","fg0721","fg0262","fg0947","fg0650","fg0375","fg0994","fg0837","fg0784","fg0289","fg0259","fg0442"
"fq003282","vx_0abe2279e1528eca","fg0823","1","fg0823","fg0880","fg0711","fg0967","fg0721","fg0066","fg0508","fg0755","fg0259","fg0256","fg0810","fg0201","fg0262","fg0442","fg0650","fg0696","fg0784","fg0375","fg0837","fg0127"
"fq003283","vx_0abe2279e1528eca","fg0823","1","fg0823","fg0880","fg0711","fg0755","fg0967","fg0066","fg0508","fg0650","fg0375","fg0696","fg0721","fg0262","fg0256","fg0964","fg0289","fg0784","fg0837","fg0014","fg0360","fg0259"
"fq003284","vx_d922d81fc0dc518e","fg0824","1","fg0824","fg0044","fg0514","fg0420","fg0103","fg0151","fg0036","fg0013","fg0949","fg0091","fg0477","fg0961","fg0101","fg0896","fg0499","fg0909","fg0209","fg0287","fg0413","fg0299"
"fq003285","vx_d922d81fc0dc518e","fg0824","1","fg0824","fg0044","fg0420","fg0013","fg0514","fg0103","fg0151","fg0949","fg0036","fg0477","fg0896","fg0091","fg0961","fg0209","fg0101","fg0499","fg0565","fg0413","fg0210","fg0843"
"fq003286","vx_d922d81fc0dc518e","fg0824","1","fg0824","fg0001","fg0659","fg0397","fg0270","fg0353","fg0729","fg0101","fg0297","fg0528","fg0159","fg0972","fg0319","fg0671","fg0495","fg0976","fg0662","fg0989","fg0097","fg0103"
"fq003287","vx_33ada0b0477c7d85","fg0825","1","fg0825","fg0069","fg0603","fg0535","fg0537","fg0448","fg0450","fg0830","fg0161","fg0220","fg0334","fg0509","fg0419","fg0274","fg0152","fg0735","fg0479","fg0627","fg0660","fg0684"
"fq003288","vx_33ada0b0477c7d85","fg0825","1","fg0825","fg0522","fg0603","fg0051","fg0535","fg0841","fg0203","fg0584","fg0220","fg0537","fg0069","fg0895","fg0722","fg0448","fg0112","fg0956","fg0549","fg0735","fg0536","fg0780"
"fq003289","vx_6ac4556955fc3a00","fg0826","1","fg0826","fg0793","fg0560","fg0779","fg0944","fg0588","fg0742","fg0552","fg0806","fg0364","fg0584","fg0989","fg0464","fg0095","fg0528","fg0122","fg0892","fg0001","fg0466","fg0893"
"fq003290","vx_6ac4556955fc3a00","fg0826","1","fg0826","fg0793","fg0944","fg0560","fg0552","fg0742","fg0779","fg0588","fg0364","fg0095","fg0806","fg0001","fg0819","fg0148","fg0584","fg0925","fg0528","fg0362","fg0785","fg0659"
"fq003291","vx_6ac4556955fc3a00","fg0826","1","fg0826","fg0793","fg0944","fg0560","fg0552","fg0742","fg0779","fg0364","fg0148","fg0588","fg0095","fg0584","fg0277","fg0806","fg0892","fg0643","fg0819","fg0001","fg0659","fg0893"
"fq003292","vx_6ac4556955fc3a00","fg0826","1","fg0826","fg0793","fg0944","fg0560","fg0552","fg0148","fg0364","fg0779","fg0588","fg0742","fg0277","fg0806","fg0925","fg0892","fg0801","fg0095","fg0659","fg0785","fg0016","fg0643"
"fq003293","vx_6ac4556955fc3a00","fg0826","1","fg0826","fg0793","fg0944","fg0560","fg0742","fg0552","fg0779","fg0806","fg0588","fg0095","fg0643","fg0785","fg0819","fg0364","fg0148","fg0001","fg0584","fg0892","fg0313","fg0122"
"fq003294","vx_9f6573e59968b400","fg0827","1","fg0827","fg0076","fg0631","fg0379","fg0485","fg0289","fg0828","fg0861","fg0068","fg0488","fg0623","fg0119","fg0101","fg0622","fg0226","fg0577","fg0499","fg0449","fg0149","fg0796"
"fq003295","vx_9f6573e59968b400","fg0827","1","fg0827","fg0076","fg0379","fg0631","fg0861","fg0485","fg0289","fg0440","fg0451","fg0488","fg0449","fg0145","fg0101","fg0332","fg0622","fg0879","fg0881","fg0758","fg0828","fg0636"
"fq003296","vx_9f6573e59968b400","fg0827","1","fg0827","fg0076","fg0379","fg0631","fg0289","fg0485","fg0449","fg0623","fg0101","fg0488","fg0861","fg0622","fg0952","fg0796","fg0636","fg0828","fg0068","fg0499","fg0845","fg0577"
"fq003297","vx_9f6573e59968b400","fg0827","1","fg0827","fg0076","fg0485","fg0631","fg0379","fg0289","fg0861","fg0440","fg0488","fg0879","fg0451","fg0101","fg0449","fg0145","fg0577","fg0119","fg0828","fg0020","fg0693","fg0622"
"fq003298","vx_7cd6fab6de4e628d","fg0828","1","fg0828","fg0119","fg0315","fg0577","fg0226","fg0361","fg0241","fg0017","fg0277","fg0400","fg0944","fg0971","fg0148","fg0668","fg0058","fg0216","fg0617","fg0291","fg0373","fg0068"
"fq003299","vx_5373106118d2d494","fg0829","1","fg0829","fg0634","fg0751","fg0984","fg0924","fg0702","fg0281","fg0454","fg0007","fg0864","fg0330","fg0840","fg0045","fg0016","fg0663","fg0564","fg0008","fg0217","fg0209","fg0960"
"fq003300","vx_8ab7f75156a9f7ca","fg0830","1","fg0830","fg0786","fg0901","fg0220","fg0849","fg0254","fg0158","fg0006","fg0339","fg0467","fg0905","fg0870","fg0137","fg0450","fg0660","fg0077","fg0321","fg0726","fg0112","fg0774"
"fq003301","vx_8ab7f75156a9f7ca","fg0830","1","fg0830","fg0786","fg0901","fg0849","fg0254","fg0158","fg0220","fg0339","fg0870","fg0905","fg0726","fg0006","fg0137","fg0321","fg0450","fg0943","fg0692","fg0774","fg0112","fg0753"
"fq003302","vx_cc6aad705ff2b7b2","fg0831","1","fg0831","fg0191","fg0334","fg0247","fg0907","fg0588","fg0749","fg0747","fg0298","fg0843","fg0976","fg0090","fg0367","fg0657","fg0211","fg0314","fg0513","fg0835","fg0139","fg0096"
"fq003303","vx_cc6aad705ff2b7b2","fg0831","1","fg0831","fg0191","fg0749","fg0139","fg0334","fg0096","fg0230","fg0247","fg0930","fg0188","fg0265","fg0090","fg0987","fg0747","fg0298","fg0382","fg0835","fg0976","fg0418","fg0074"
"fq003304","vx_cc6aad705ff2b7b2","fg0831","1","fg0831","fg0139","fg0749","fg0188","fg0987","fg0230","fg0191","fg0930","fg0408","fg0090","fg0096","fg0265","fg0334","fg0747","fg0418","fg0247","fg0314","fg0530","fg0472","fg0592"
"fq003305","vx_cc6aad705ff2b7b2","fg0831","1","fg0831","fg0191","fg0749","fg0139","fg0334","fg0247","fg0096","fg0188","fg0090","fg0230","fg0747","fg0298","fg0835","fg0314","fg0265","fg0930","fg0907","fg0843","fg0382","fg0987"
"fq003306","vx_cc6aad705ff2b7b2","fg0831","1","fg0831","fg0191","fg0749","fg0334","fg0139","fg0247","fg0747","fg0096","fg0843","fg0298","fg0907","fg0230","fg0090","fg0588","fg0835","fg0515","fg0930","fg0976","fg0211","fg0382"
"fq003307","vx_cc6aad705ff2b7b2","fg0831","1","fg0831","fg0191","fg0334","fg0247","fg0749","fg0139","fg0747","fg0090","fg0096","fg0907","fg0298","fg0976","fg0408","fg0588","fg0987","fg0843","fg0314","fg0265","fg0390","fg0367"
"fq003308","vx_cc6aad705ff2b7b2","fg0831","1","fg0831","fg0096","fg0191","fg0139","fg0907","fg0843","fg0247","fg0334","fg0230","fg0082","fg0429","fg0747","fg0367","fg0588","fg0976","fg0211","fg0126","fg0472","fg0712","fg0513"
"fq003309","vx_cc6aad705ff2b7b2","fg0831","1","fg0831","fg0749","fg0188","fg0139","fg0987","fg0090","fg0930","fg0408","fg0230","fg0191","fg0334","fg0878","fg0382","fg0835","fg0530","fg0457","fg0592","fg0107","fg0472","fg0074"
"fq003310","vx_cc6aad705ff2b7b2","fg0831","1","fg0831","fg0191","fg0749","fg0334","fg0139","fg0188","fg0835","fg0090","fg0298","fg0382","fg0747","fg0987","fg0247","fg0408","fg0314","fg0074","fg0768","fg0976","fg0530","fg0930"
"fq003311","vx_cc6aad705ff2b7b2","fg0831","1","fg0831","fg0191","fg0139","fg0749","fg0334","fg0096","fg0230","fg0930","fg0247","fg0835","fg0188","fg0747","fg0090","fg0987","fg0298","fg0265","fg0382","fg0976","fg0074","fg0588"
"fq003312","vx_483699392835807f","fg0832","1","fg0832","fg0716","fg0353","fg0027","fg0407","fg0982","fg0323","fg0603","fg0057","fg0302","fg0255","fg0319","fg0085","fg0143","fg0296","fg0667","fg0048","fg0979","fg0177","fg0701"
"fq003313","vx_483699392835807f","fg0832","1","fg0832","fg0323","fg0716","fg0353","fg0027","fg0603","fg0302","fg0057","fg0633","fg0255","fg0085","fg0982","fg0177","fg0667","fg0081","fg0338","fg0349","fg0319","fg0048","fg0143"
"fq003314","vx_b241b093d82eb0cf","fg0833","1","fg0833","fg0188","fg0602","fg0253","fg0543","fg0749","fg0252","fg0155","fg0930","fg0596","fg0472","fg0353","fg0141","fg0011","fg0080","fg0380","fg0005","fg0437","fg0941","fg0831"
"fq003315","vx_3828d01afa758bac","fg0834","1","fg0834","fg0551","fg0718","fg0793","fg0197","fg0794","fg0368","fg0871","fg0491","fg0184","fg0529","fg0466","fg0918","fg0009","fg0232","fg0998","fg0652","fg0826","fg0742","fg0776"
"fq003316","vx_183bb4bce0dd1240","fg0835","1","fg0835","fg0334","fg0809","fg0747","fg0382","fg0970","fg0781","fg0298","fg0847","fg0153","fg0584","fg0246","fg0749","fg0411","fg0841","fg0398","fg0082","fg0976","fg0878","fg0588"
"fq003317","vx_183bb4bce0dd1240","fg0835","1","fg0835","fg0334","fg0747","fg0809","fg0382","fg0298","fg0847","fg0411","fg0781","fg0584","fg0398","fg0469","fg0588","fg0970","fg0153","fg0749","fg0388","fg0460","fg0191","fg0541"
"fq003318","vx_183bb4bce0dd1240","fg0835","19","fg0781","fg0256","fg0246","fg0262","fg0967","fg0888","fg0789","fg0619","fg0650","fg0148","fg0235","fg0801","fg0524","fg0493","fg0398","fg0545","fg0434","fg0938","fg0835","fg0807"
"fq003319","vx_b90d545f92338244","fg0836","1","fg0836","fg0281","fg0454","fg0798","fg0702","fg0931","fg0924","fg0829","fg0045","fg0634","fg0540","fg0984","fg0441","fg0137","fg0665","fg0663","fg0410","fg0845","fg0217","fg0534"
"fq003320","vx_88417ebac05a2b38","fg0837","1","fg0837","fg0375","fg0696","fg0360","fg0619","fg0823","fg0665","fg0947","fg0386","fg0982","fg0699","fg0974","fg0477","fg0290","fg0313","fg0842","fg0614","fg0394","fg0235","fg0066"
"fq003321","vx_3e8907ea778928ac","fg0838","1","fg0838","fg0369","fg0909","fg0546","fg0074","fg0796","fg0383","fg0287","fg0100","fg0222","fg0339","fg0694","fg0209","fg0216","fg0545","fg0295","fg0608","fg0004","fg0189","fg0125"
"fq003322","vx_3e8907ea778928ac","fg0838","1","fg0838","fg0369","fg0909","fg0796","fg0074","fg0546","fg0287","fg0222","fg0125","fg0545","fg0383","fg0339","fg0004","fg0100","fg0694","fg0216","fg0923","fg0116","fg0052","fg0325"
"fq003323","vx_3e8907ea778928ac","fg0838","1","fg0838","fg0369","fg0546","fg0909","fg0796","fg0608","fg0074","fg0100","fg0295","fg0339","fg0287","fg0125","fg0935","fg0168","fg0004","fg0870","fg0950","fg0189","fg0383","fg0209"
"fq003324","vx_3e8907ea778928ac","fg0838","1","fg0838","fg0369","fg0909","fg0074","fg0796","fg0125","fg0222","fg0100","fg0325","fg0216","fg0339","fg0545","fg0287","fg0546","fg0694","fg0668","fg0759","fg0383","fg0052","fg0923"
"fq003325","vx_3e8907ea778928ac","fg0838","1","fg0838","fg0369","fg0546","fg0909","fg0074","fg0796","fg0608","fg0125","fg0383","fg0950","fg0004","fg0222","fg0295","fg0339","fg0287","fg0923","fg0189","fg0935","fg0870","fg0100"
"fq003326","vx_3e8907ea778928ac","fg0838","1","fg0838","fg0369","fg0909","fg0546","fg0074","fg0100","fg0796","fg0608","fg0004","fg0287","fg0935","fg0339","fg0125","fg0383","fg0222","fg0694","fg0309","fg0295","fg0545","fg0325"
"fq003327","vx_3e8907ea778928ac","fg0838","1","fg0838","fg0369","fg0909","fg0546","fg0074","fg0339","fg0100","fg0796","fg0608","fg0116","fg0923","fg0870","fg0295","fg0004","fg0383","fg0189","fg0901","fg0222","fg0125","fg0935"
"fq003328","vx_3e8907ea778928ac","fg0838","1","fg0838","fg0369","fg0909","fg0546","fg0074","fg0796","fg0100","fg0339","fg0608","fg0287","fg0125","fg0295","fg0004","fg0383","fg0222","fg0901","fg0545","fg0949","fg0870","fg0116"
"fq003329","vx_3e8907ea778928ac","fg0838","1","fg0838","fg0369","fg0909","fg0100","fg0546","fg0074","fg0796","fg0004","fg0339","fg0222","fg0287","fg0216","fg0383","fg0125","fg0901","fg0325","fg0949","fg0923","fg0545","fg0935"
"fq003330","vx_0f016d0a95d6800d","fg0839","1","fg0839","fg0572","fg0286","fg0049","fg0482","fg0478","fg0259","fg0123","fg0968","fg0036","fg0690","fg0180","fg0785","fg0080","fg0620","fg0201","fg0388","fg0884","fg0964","fg0087"
"fq003331","vx_0f016d0a95d6800d","fg0839","1","fg0839","fg0534","fg0774","fg0286","fg0601","fg0304","fg0049","fg0690","fg0758","fg0653","fg0299","fg0964","fg0092","fg0884","fg0080","fg0073","fg0696","fg0137","fg0111","fg0482"
"fq003332","vx_0b0eb3b367d30a7e","fg0840","1","fg0840","fg0658","fg0698","fg0564","fg0038","fg0082","fg0478","fg0829","fg0306","fg0375","fg0874","fg0864","fg0040","fg0384","fg0837","fg0993","fg0061","fg0859","fg0345","fg0871"
"fq003333","vx_9c7cc959b432fe3c","fg0841","1","fg0841","fg0747","fg0207","fg0809","fg0382","fg0847","fg0764","fg0126","fg0367","fg0522","fg0919","fg0474","fg0541","fg0203","fg0905","fg0690","fg0132","fg0777","fg0171","fg0248"
"fq003334","vx_9c7cc959b432fe3c","fg0841","1","fg0841","fg0747","fg0367","fg0919","fg0334","fg0191","fg0809","fg0777","fg0168","fg0203","fg0314","fg0126","fg0535","fg0513","fg0835","fg0959","fg0207","fg0847","fg0382","fg0584"
"fq003335","vx_29e5cde94e4ab815","fg0842","1","fg0842","fg0329","fg0325","fg0822","fg0111","fg0752","fg0683","fg0375","fg0582","fg0761","fg0058","fg0544","fg0670","fg0837","fg0020","fg0763","fg0876","fg0636","fg0560","fg0034"
"fq003336","vx_29e5cde94e4ab815","fg0842","1","fg0842","fg0329","fg0325","fg0111","fg0822","fg0020","fg0544","fg0683","fg0752","fg0014","fg0058","fg0761","fg0375","fg0261","fg0763","fg0670","fg0465","fg0876","fg0549","fg0582"
"fq003337","vx_29e5cde94e4ab815","fg0842","1","fg0842","fg0329","fg0325","fg0822","fg0111","fg0683","fg0375","fg0752","fg0058","fg0837","fg0763","fg0020","fg0670","fg0761","fg0582","fg0544","fg0739","fg0636","fg0034","fg0549"
"fq003338","vx_29e5cde94e4ab815","fg0842","1","fg0842","fg0329","fg0325","fg0822","fg0111","fg0683","fg0014","fg0544","fg0375","fg0752","fg0020","fg0837","fg0582","fg0560","fg0763","fg0465","fg0058","fg0261","fg0212","fg0761"
"fq003339","vx_29e5cde94e4ab815","fg0842","1","fg0842","fg0325","fg0014","fg0465","fg0544","fg0822","fg0261","fg0329","fg0020","fg0761","fg0111","fg0058","fg0582","fg0560","fg0683","fg0650","fg0212","fg0200","fg0316","fg0375"
"fq003340","vx_b53c13d2fa541aad","fg0843","1","fg0843","fg0106","fg0907","fg0855","fg0747","fg0126","fg0039","fg0513","fg0211","fg0733","fg0214","fg0515","fg0186","fg0573","fg0191","fg0397","fg0350","fg0173","fg0071","fg0942"
"fq003341","vx_b53c13d2fa541aad","fg0843","1","fg0843","fg0907","fg0747","fg0039","fg0106","fg0211","fg0191","fg0247","fg0126","fg0397","fg0186","fg0513","fg0367","fg0515","fg0214","fg0588","fg0855","fg0573","fg0517","fg0942"
"fq003342","vx_b53c13d2fa541aad","fg0843","1","fg0843","fg0211","fg0907","fg0039","fg0191","fg0573","fg0126","fg0106","fg0747","fg0657","fg0297","fg0513","fg0247","fg0768","fg0186","fg0588","fg0630","fg0515","fg0397","fg0855"
"fq003343","vx_b53c13d2fa541aad","fg0843","1","fg0843","fg0907","fg0211","fg0039","fg0191","fg0747","fg0247","fg0588","fg0106","fg0513","fg0573","fg0855","fg0657","fg0297","fg0768","fg0515","fg0397","fg0630","fg0126","fg0517"
"fq003344","vx_b53c13d2fa541aad","fg0843","1","fg0843","fg0907","fg0106","fg0039","fg0211","fg0397","fg0573","fg0126","fg0513","fg0747","fg0297","fg0855","fg0942","fg0515","fg0247","fg0059","fg0214","fg0191","fg0186","fg0768"
"fq003345","vx_b53c13d2fa541aad","fg0843","1","fg0843","fg0907","fg0211","fg0106","fg0191","fg0039","fg0747","fg0126","fg0573","fg0247","fg0657","fg0855","fg0588","fg0768","fg0186","fg0513","fg0297","fg0630","fg0397","fg0367"
"fq003346","vx_b53c13d2fa541aad","fg0843","1","fg0843","fg0747","fg0907","fg0039","fg0515","fg0106","fg0397","fg0191","fg0126","fg0247","fg0297","fg0367","fg0211","fg0513","fg0573","fg0855","fg0214","fg0712","fg0535","fg0517"
"fq003347","vx_b53c13d2fa541aad","fg0843","1","fg0843","fg0907","fg0747","fg0106","fg0211","fg0039","fg0855","fg0191","fg0297","fg0513","fg0247","fg0515","fg0573","fg0126","fg0397","fg0942","fg0367","fg0517","fg0059","fg0588"
"fq003348","vx_b53c13d2fa541aad","fg0843","1","fg0843","fg0211","fg0907","fg0039","fg0297","fg0573","fg0588","fg0397","fg0191","fg0747","fg0657","fg0106","fg0513","fg0855","fg0768","fg0630","fg0247","fg0490","fg0186","fg0411"
"fq003349","vx_b53c13d2fa541aad","fg0843","1","fg0843","fg0907","fg0211","fg0039","fg0106","fg0126","fg0191","fg0747","fg0247","fg0186","fg0573","fg0513","fg0855","fg0657","fg0397","fg0768","fg0588","fg0297","fg0630","fg0214"
"fq003350","vx_b53c13d2fa541aad","fg0843","1","fg0843","fg0747","fg0907","fg0191","fg0211","fg0039","fg0247","fg0367","fg0517","fg0106","fg0297","fg0126","fg0573","fg0588","fg0657","fg0515","fg0630","fg0397","fg0186","fg0855"
"fq003351","vx_b53c13d2fa541aad","fg0843","1","fg0843","fg0907","fg0106","fg0039","fg0211","fg0747","fg0397","fg0573","fg0855","fg0513","fg0126","fg0942","fg0191","fg0297","fg0059","fg0247","fg0515","fg0214","fg0768","fg0186"
"fq003352","vx_b53c13d2fa541aad","fg0843","1","fg0843","fg0907","fg0039","fg0211","fg0106","fg0573","fg0397","fg0855","fg0513","fg0186","fg0942","fg0747","fg0768","fg0657","fg0297","fg0126","fg0247","fg0059","fg0191","fg0588"
"fq003353","vx_b53c13d2fa541aad","fg0843","1","fg0843","fg0907","fg0106","fg0039","fg0211","fg0397","fg0747","fg0126","fg0186","fg0513","fg0191","fg0573","fg0214","fg0515","fg0942","fg0855","fg0247","fg0768","fg0297","fg0059"
"fq003354","vx_b53c13d2fa541aad","fg0843","1","fg0843","fg0907","fg0747","fg0039","fg0211","fg0106","fg0297","fg0397","fg0247","fg0191","fg0573","fg0126","fg0855","fg0513","fg0942","fg0515","fg0367","fg0517","fg0059","fg0588"
"fq003355","vx_b53c13d2fa541aad","fg0843","1","fg0843","fg0907","fg0211","fg0106","fg0039","fg0573","fg0768","fg0297","fg0513","fg0397","fg0191","fg0942","fg0657","fg0126","fg0588","fg0059","fg0186","fg0247","fg0214","fg0747"
"fq003356","vx_b53c13d2fa541aad","fg0843","1","fg0843","fg0747","fg0907","fg0106","fg0855","fg0191","fg0211","fg0039","fg0126","fg0247","fg0367","fg0517","fg0513","fg0515","fg0657","fg0186","fg0573","fg0588","fg0733","fg0297"
"fq003357","vx_b53c13d2fa541aad","fg0843","1","fg0843","fg0907","fg0211","fg0039","fg0191","fg0747","fg0106","fg0247","fg0573","fg0297","fg0657","fg0126","fg0588","fg0768","fg0513","fg0186","fg0855","fg0630","fg0515","fg0397"
"fq003358","vx_b53c13d2fa541aad","fg0843","1","fg0843","fg0211","fg0907","fg0039","fg0106","fg0573","fg0513","fg0397","fg0768","fg0588","fg0297","fg0855","fg0126","fg0657","fg0186","fg0191","fg0490","fg0942","fg0195","fg0747"
"fq003359","vx_b53c13d2fa541aad","fg0843","1","fg0843","fg0747","fg0907","fg0191","fg0211","fg0106","fg0039","fg0126","fg0367","fg0247","fg0588","fg0517","fg0855","fg0573","fg0297","fg0657","fg0186","fg0630","fg0397","fg0942"
"fq003360","vx_b53c13d2fa541aad","fg0843","1","fg0843","fg0211","fg0191","fg0907","fg0573","fg0657","fg0588","fg0039","fg0490","fg0397","fg0297","fg0630","fg0513","fg0126","fg0855","fg0768","fg0747","fg0411","fg0106","fg0247"
"fq003361","vx_b53c13d2fa541aad","fg0843","1","fg0843","fg0907","fg0211","fg0039","fg0106","fg0573","fg0397","fg0768","fg0126","fg0855","fg0297","fg0513","fg0191","fg0186","fg0747","fg0214","fg0588","fg0657","fg0247","fg0942"
"fq003362","vx_b53c13d2fa541aad","fg0843","1","fg0843","fg0907","fg0106","fg0039","fg0211","fg0191","fg0573","fg0768","fg0855","fg0747","fg0247","fg0126","fg0297","fg0397","fg0186","fg0588","fg0513","fg0657","fg0214","fg0942"
"fq003363","vx_b53c13d2fa541aad","fg0843","1","fg0843","fg0211","fg0907","fg0039","fg0106","fg0573","fg0126","fg0191","fg0588","fg0768","fg0657","fg0747","fg0297","fg0186","fg0397","fg0855","fg0513","fg0942","fg0490","fg0247"
"fq003364","vx_b53c13d2fa541aad","fg0843","1","fg0843","fg0907","fg0039","fg0106","fg0211","fg0397","fg0573","fg0513","fg0297","fg0855","fg0126","fg0768","fg0942","fg0214","fg0186","fg0195","fg0778","fg0059","fg0515","fg0747"
"fq003365","vx_b53c13d2fa541aad","fg0843","1","fg0843","fg0211","fg0907","fg0747","fg0106","fg0855","fg0039","fg0588","fg0191","fg0657","fg0573","fg0513","fg0297","fg0768","fg0517","fg0247","fg0811","fg0397","fg0126","fg0630"
"fq003366","vx_b53c13d2fa541aad","fg0843","1","fg0843","fg0907","fg0106","fg0211","fg0039","fg0126","fg0191","fg0747","fg0513","fg0657","fg0768","fg0186","fg0573","fg0247","fg0297","fg0855","fg0942","fg0397","fg0588","fg0214"
"fq003367","vx_b53c13d2fa541aad","fg0843","1","fg0843","fg0907","fg0747","fg0106","fg0211","fg0039","fg0191","fg0126","fg0186","fg0657","fg0247","fg0397","fg0513","fg0515","fg0588","fg0214","fg0768","fg0942","fg0573","fg0297"
"fq003368","vx_b53c13d2fa541aad","fg0843","1","fg0843","fg0747","fg0126","fg0907","fg0039","fg0515","fg0397","fg0573","fg0191","fg0106","fg0214","fg0855","fg0367","fg0513","fg0733","fg0211","fg0247","fg0712","fg0186","fg0535"
"fq003369","vx_b53c13d2fa541aad","fg0843","1","fg0843","fg0907","fg0039","fg0211","fg0106","fg0747","fg0126","fg0191","fg0513","fg0515","fg0855","fg0573","fg0397","fg0247","fg0297","fg0588","fg0186","fg0517","fg0367","fg0657"
"fq003370","vx_b53c13d2fa541aad","fg0843","1","fg0843","fg0907","fg0211","fg0106","fg0039","fg0855","fg0573","fg0747","fg0191","fg0025","fg0397","fg0811","fg0588","fg0350","fg0768","fg0126","fg0071","fg0247","fg0657","fg0513"
"fq003371","vx_b53c13d2fa541aad","fg0843","1","fg0843","fg0907","fg0106","fg0211","fg0039","fg0747","fg0513","fg0855","fg0397","fg0247","fg0126","fg0297","fg0573","fg0191","fg0515","fg0214","fg0768","fg0186","fg0071","fg0367"
"fq003372","vx_b53c13d2fa541aad","fg0843","1","fg0843","fg0907","fg0211","fg0039","fg0106","fg0747","fg0191","fg0126","fg0397","fg0297","fg0855","fg0573","fg0515","fg0513","fg0247","fg0186","fg0367","fg0588","fg0942","fg0517"
"fq003373","vx_b53c13d2fa541aad","fg0843","1","fg0843","fg0907","fg0106","fg0039","fg0211","fg0747","fg0942","fg0573","fg0126","fg0191","fg0059","fg0855","fg0297","fg0657","fg0397","fg0186","fg0247","fg0513","fg0515","fg0768"
"fq003374","vx_b53c13d2fa541aad","fg0843","1","fg0843","fg0907","fg0211","fg0039","fg0106","fg0191","fg0747","fg0126","fg0186","fg0247","fg0573","fg0397","fg0855","fg0768","fg0513","fg0657","fg0297","fg0588","fg0214","fg0515"
"fq003375","vx_b53c13d2fa541aad","fg0843","1","fg0843","fg0907","fg0039","fg0106","fg0747","fg0397","fg0515","fg0211","fg0513","fg0126","fg0855","fg0214","fg0573","fg0811","fg0186","fg0191","fg0297","fg0247","fg0173","fg0733"
"fq003376","vx_b53c13d2fa541aad","fg0843","1","fg0843","fg0907","fg0039","fg0211","fg0106","fg0397","fg0573","fg0297","fg0855","fg0747","fg0126","fg0513","fg0515","fg0942","fg0247","fg0059","fg0517","fg0191","fg0588","fg0350"
"fq003377","vx_b53c13d2fa541aad","fg0843","1","fg0843","fg0907","fg0747","fg0247","fg0106","fg0039","fg0191","fg0211","fg0367","fg0517","fg0513","fg0126","fg0515","fg0397","fg0855","fg0297","fg0573","fg0657","fg0811","fg0588"
"fq003378","vx_b53c13d2fa541aad","fg0843","1","fg0843","fg0907","fg0039","fg0211","fg0397","fg0106","fg0747","fg0573","fg0247","fg0513","fg0855","fg0297","fg0186","fg0126","fg0191","fg0515","fg0588","fg0367","fg0942","fg0657"
"fq003379","vx_b53c13d2fa541aad","fg0843","1","fg0843","fg0907","fg0106","fg0039","fg0513","fg0747","fg0515","fg0397","fg0173","fg0214","fg0855","fg0211","fg0712","fg0126","fg0811","fg0565","fg0186","fg0573","fg0297","fg0247"
"fq003380","vx_b53c13d2fa541aad","fg0843","1","fg0843","fg0907","fg0106","fg0039","fg0211","fg0747","fg0397","fg0126","fg0855","fg0191","fg0513","fg0573","fg0247","fg0515","fg0214","fg0297","fg0367","fg0186","fg0588","fg0942"
"fq003381","vx_b53c13d2fa541aad","fg0843","1","fg0843","fg0211","fg0191","fg0907","fg0747","fg0247","fg0588","fg0126","fg0039","fg0573","fg0630","fg0367","fg0517","fg0657","fg0297","fg0768","fg0106","fg0855","fg0186","fg0515"
"fq003382","vx_b53c13d2fa541aad","fg0843","1","fg0843","fg0211","fg0588","fg0191","fg0747","fg0907","fg0573","fg0630","fg0247","fg0657","fg0297","fg0768","fg0490","fg0855","fg0039","fg0126","fg0411","fg0367","fg0517","fg0106"
"fq003383","vx_b53c13d2fa541aad","fg0843","1","fg0843","fg0907","fg0106","fg0039","fg0211","fg0397","fg0942","fg0573","fg0059","fg0297","fg0126","fg0513","fg0515","fg0747","fg0657","fg0186","fg0855","fg0191","fg0195","fg0247"
"fq003384","vx_b53c13d2fa541aad","fg0843","1","fg0843","fg0907","fg0211","fg0039","fg0106","fg0191","fg0747","fg0126","fg0573","fg0247","fg0855","fg0297","fg0513","fg0397","fg0515","fg0657","fg0768","fg0186","fg0214","fg0517"
"fq003385","vx_b53c13d2fa541aad","fg0843","1","fg0843","fg0907","fg0747","fg0211","fg0191","fg0247","fg0039","fg0106","fg0126","fg0573","fg0588","fg0513","fg0515","fg0367","fg0186","fg0855","fg0768","fg0657","fg0297","fg0517"
"fq003386","vx_b53c13d2fa541aad","fg0843","1","fg0843","fg0211","fg0191","fg0747","fg0126","fg0588","fg0907","fg0367","fg0039","fg0630","fg0247","fg0297","fg0573","fg0657","fg0515","fg0490","fg0106","fg0517","fg0186","fg0513"
"fq003387","vx_b53c13d2fa541aad","fg0843","1","fg0843","fg0747","fg0907","fg0106","fg0191","fg0126","fg0039","fg0211","fg0247","fg0367","fg0855","fg0186","fg0515","fg0297","fg0657","fg0573","fg0517","fg0513","fg0588","fg0942"
"fq003388","vx_b53c13d2fa541aad","fg0843","1","fg0843","fg0907","fg0106","fg0039","fg0397","fg0211","fg0855","fg0513","fg0747","fg0573","fg0515","fg0247","fg0214","fg0126","fg0186","fg0942","fg0297","fg0191","fg0059","fg0195"
"fq003389","vx_b53c13d2fa541aad","fg0843","1","fg0843","fg0747","fg0907","fg0191","fg0106","fg0247","fg0039","fg0211","fg0855","fg0126","fg0367","fg0515","fg0811","fg0397","fg0517","fg0513","fg0573","fg0297","fg0733","fg0712"
"fq003390","vx_b53c13d2fa541aad","fg0843","1","fg0843","fg0907","fg0039","fg0106","fg0397","fg0211","fg0126","fg0513","fg0855","fg0747","fg0573","fg0515","fg0214","fg0186","fg0297","fg0247","fg0191","fg0942","fg0778","fg0565"
"fq003391","vx_b53c13d2fa541aad","fg0843","1","fg0843","fg0907","fg0211","fg0039","fg0106","fg0186","fg0191","fg0126","fg0747","fg0768","fg0573","fg0397","fg0513","fg0657","fg0942","fg0855","fg0247","fg0588","fg0490","fg0297"
"fq003392","vx_b53c13d2fa541aad","fg0843","1","fg0843","fg0907","fg0211","fg0106","fg0039","fg0573","fg0513","fg0657","fg0768","fg0855","fg0186","fg0191","fg0588","fg0397","fg0942","fg0247","fg0747","fg0297","fg0126","fg0059"
"fq003393","vx_b53c13d2fa541aad","fg0843","1","fg0843","fg0907","fg0106","fg0039","fg0126","fg0747","fg0397","fg0211","fg0515","fg0513","fg0191","fg0247","fg0573","fg0214","fg0855","fg0186","fg0942","fg0367","fg0059","fg0297"
"fq003394","vx_b53c13d2fa541aad","fg0843","1","fg0843","fg0211","fg0039","fg0907","fg0106","fg0297","fg0573","fg0397","fg0747","fg0191","fg0855","fg0588","fg0513","fg0247","fg0942","fg0768","fg0657","fg0126","fg0059","fg0186"
"fq003395","vx_b53c13d2fa541aad","fg0843","1","fg0843","fg0907","fg0039","fg0211","fg0106","fg0397","fg0657","fg0573","fg0942","fg0059","fg0297","fg0768","fg0513","fg0588","fg0186","fg0747","fg0191","fg0126","fg0247","fg0855"
"fq003396","vx_b53c13d2fa541aad","fg0843","1","fg0843","fg0747","fg0907","fg0211","fg0106","fg0191","fg0039","fg0811","fg0126","fg0247","fg0515","fg0297","fg0855","fg0517","fg0513","fg0397","fg0588","fg0630","fg0573","fg0367"
"fq003397","vx_b53c13d2fa541aad","fg0843","1","fg0843","fg0211","fg0907","fg0039","fg0106","fg0747","fg0573","fg0855","fg0126","fg0397","fg0191","fg0588","fg0513","fg0515","fg0247","fg0297","fg0517","fg0367","fg0186","fg0768"
"fq003398","vx_b53c13d2fa541aad","fg0843","1","fg0843","fg0907","fg0211","fg0039","fg0106","fg0573","fg0747","fg0297","fg0855","fg0126","fg0397","fg0942","fg0513","fg0247","fg0191","fg0059","fg0517","fg0657","fg0515","fg0811"
"fq003399","vx_b53c13d2fa541aad","fg0843","1","fg0843","fg0106","fg0747","fg0039","fg0907","fg0126","fg0211","fg0515","fg0367","fg0191","fg0397","fg0573","fg0297","fg0855","fg0513","fg0247","fg0214","fg0811","fg0517","fg0588"
"fq003400","vx_b53c13d2fa541aad","fg0843","1","fg0843","fg0907","fg0039","fg0397","fg0106","fg0126","fg0573","fg0515","fg0214","fg0211","fg0513","fg0747","fg0191","fg0186","fg0855","fg0195","fg0297","fg0367","fg0942","fg0173"
"fq003401","vx_b53c13d2fa541aad","fg0843","1","fg0843","fg0907","fg0106","fg0039","fg0397","fg0211","fg0747","fg0513","fg0573","fg0515","fg0126","fg0855","fg0195","fg0297","fg0247","fg0214","fg0186","fg0942","fg0059","fg0191"
"fq003402","vx_b53c13d2fa541aad","fg0843","1","fg0843","fg0907","fg0211","fg0039","fg0397","fg0106","fg0573","fg0297","fg0747","fg0513","fg0855","fg0191","fg0247","fg0126","fg0588","fg0186","fg0515","fg0778","fg0768","fg0657"
"fq003403","vx_b53c13d2fa541aad","fg0843","1","fg0843","fg0747","fg0907","fg0247","fg0039","fg0191","fg0211","fg0106","fg0397","fg0855","fg0573","fg0515","fg0126","fg0297","fg0517","fg0367","fg0513","fg0657","fg0811","fg0535"
"fq003404","vx_b53c13d2fa541aad","fg0843","1","fg0843","fg0907","fg0039","fg0747","fg0106","fg0211","fg0191","fg0855","fg0247","fg0513","fg0126","fg0573","fg0588","fg0297","fg0515","fg0768","fg0186","fg0657","fg0397","fg0942"
"fq003405","vx_b53c13d2fa541aad","fg0843","1","fg0843","fg0211","fg0573","fg0039","fg0411","fg0916","fg0126","fg0025","fg0490","fg0106","fg0778","fg0297","fg0397","fg0082","fg0588","fg0907","fg0515","fg0768","fg0388","fg0657"
"fq003406","vx_b53c13d2fa541aad","fg0843","1","fg0843","fg0907","fg0211","fg0191","fg0039","fg0657","fg0106","fg0768","fg0247","fg0513","fg0126","fg0588","fg0747","fg0573","fg0297","fg0855","fg0186","fg0630","fg0515","fg0397"
"fq003407","vx_b53c13d2fa541aad","fg0843","1","fg0843","fg0907","fg0211","fg0039","fg0106","fg0573","fg0397","fg0126","fg0297","fg0768","fg0186","fg0513","fg0657","fg0588","fg0195","fg0942","fg0191","fg0490","fg0855","fg0059"
"fq003408","vx_b53c13d2fa541aad","fg0843","1","fg0843","fg0907","fg0039","fg0106","fg0211","fg0747","fg0191","fg0126","fg0297","fg0573","fg0515","fg0247","fg0942","fg0397","fg0657","fg0186","fg0367","fg0513","fg0517","fg0768"
"fq003409","vx_b53c13d2fa541aad","fg0843","1","fg0843","fg0907","fg0211","fg0039","fg0106","fg0747","fg0573","fg0513","fg0397","fg0191","fg0855","fg0297","fg0588","fg0126","fg0657","fg0247","fg0186","fg0515","fg0768","fg0517"
"fq003410","vx_b53c13d2fa541aad","fg0843","1","fg0843","fg0211","fg0907","fg0855","fg0039","fg0191","fg0573","fg0513","fg0106","fg0976","fg0747","fg0811","fg0657","fg0025","fg0733","fg0588","fg0350","fg0490","fg0126","fg0397"
"fq003411","vx_b53c13d2fa541aad","fg0843","1","fg0843","fg0211","fg0907","fg0588","fg0297","fg0573","fg0039","fg0191","fg0657","fg0768","fg0630","fg0247","fg0106","fg0513","fg0747","fg0517","fg0397","fg0490","fg0126","fg0855"
"fq003412","vx_b53c13d2fa541aad","fg0843","1","fg0843","fg0907","fg0211","fg0039","fg0106","fg0126","fg0191","fg0747","fg0573","fg0513","fg0367","fg0186","fg0588","fg0247","fg0942","fg0515","fg0397","fg0768","fg0297","fg0855"
"fq003413","vx_b53c13d2fa541aad","fg0843","1","fg0843","fg0907","fg0747","fg0397","fg0039","fg0211","fg0106","fg0247","fg0515","fg0191","fg0573","fg0297","fg0126","fg0513","fg0186","fg0855","fg0517","fg0942","fg0367","fg0214"
"fq003414","vx_b53c13d2fa541aad","fg0843","1","fg0843","fg0907","fg0747","fg0106","fg0039","fg0397","fg0211","fg0513","fg0515","fg0855","fg0573","fg0247","fg0191","fg0126","fg0811","fg0297","fg0186","fg0942","fg0733","fg0367"
"fq003415","vx_b53c13d2fa541aad","fg0843","1","fg0843","fg0907","fg0106","fg0039","fg0211","fg0747","fg0126","fg0191","fg0247","fg0186","fg0573","fg0397","fg0855","fg0942","fg0513","fg0297","fg0367","fg0515","fg0214","fg0768"
"fq003416","vx_b53c13d2fa541aad","fg0843","1","fg0843","fg0211","fg0907","fg0039","fg0573","fg0126","fg0191","fg0106","fg0768","fg0588","fg0657","fg0513","fg0747","fg0297","fg0630","fg0195","fg0490","fg0186","fg0855","fg0247"
"fq003417","vx_b53c13d2fa541aad","fg0843","1","fg0843","fg0907","fg0211","fg0039","fg0106","fg0573","fg0513","fg0191","fg0126","fg0588","fg0768","fg0855","fg0247","fg0186","fg0657","fg0747","fg0297","fg0490","fg0630","fg0397"
"fq003418","vx_b53c13d2fa541aad","fg0843","1","fg0843","fg0907","fg0747","fg0039","fg0191","fg0106","fg0211","fg0247","fg0126","fg0297","fg0515","fg0855","fg0573","fg0513","fg0517","fg0214","fg0367","fg0186","fg0397","fg0768"
"fq003419","vx_b53c13d2fa541aad","fg0843","1","fg0843","fg0907","fg0106","fg0039","fg0397","fg0211","fg0513","fg0747","fg0515","fg0247","fg0214","fg0297","fg0573","fg0191","fg0126","fg0855","fg0186","fg0768","fg0588","fg0657"
"fq003420","vx_b53c13d2fa541aad","fg0843","1","fg0843","fg0907","fg0211","fg0106","fg0855","fg0039","fg0747","fg0513","fg0573","fg0247","fg0191","fg0126","fg0186","fg0657","fg0397","fg0768","fg0733","fg0515","fg0942","fg0588"
"fq003421","vx_b53c13d2fa541aad","fg0843","1","fg0843","fg0907","fg0747","fg0106","fg0211","fg0039","fg0191","fg0855","fg0247","fg0126","fg0515","fg0513","fg0297","fg0573","fg0397","fg0367","fg0517","fg0588","fg0657","fg0186"
"fq003422","vx_b53c13d2fa541aad","fg0843","1","fg0843","fg0907","fg0039","fg0211","fg0106","fg0573","fg0297","fg0747","fg0191","fg0126","fg0768","fg0397","fg0513","fg0515","fg0657","fg0942","fg0588","fg0247","fg0855","fg0367"
"fq003423","vx_b53c13d2fa541aad","fg0843","1","fg0843","fg0907","fg0106","fg0039","fg0397","fg0513","fg0747","fg0211","fg0855","fg0515","fg0214","fg0126","fg0573","fg0186","fg0942","fg0059","fg0247","fg0297","fg0191","fg0195"
"fq003424","vx_b53c13d2fa541aad","fg0843","1","fg0843","fg0907","fg0211","fg0106","fg0039","fg0573","fg0657","fg0191","fg0588","fg0768","fg0747","fg0297","fg0126","fg0513","fg0942","fg0186","fg0247","fg0397","fg0630","fg0490"
"fq003425","vx_b53c13d2fa541aad","fg0843","1","fg0843","fg0907","fg0126","fg0106","fg0747","fg0039","fg0211","fg0191","fg0573","fg0515","fg0367","fg0397","fg0186","fg0247","fg0214","fg0588","fg0513","fg0297","fg0942","fg0855"
"fq003426","vx_b53c13d2fa541aad","fg0843","1","fg0843","fg0039","fg0106","fg0907","fg0211","fg0397","fg0126","fg0573","fg0186","fg0297","fg0214","fg0513","fg0191","fg0515","fg0247","fg0768","fg0588","fg0855","fg0747","fg0942"
"fq003427","vx_b53c13d2fa541aad","fg0843","1","fg0843","fg0211","fg0907","fg0106","fg0191","fg0657","fg0573","fg0039","fg0768","fg0126","fg0588","fg0247","fg0297","fg0855","fg0747","fg0513","fg0630","fg0411","fg0186","fg0490"
"fq003428","vx_b53c13d2fa541aad","fg0843","1","fg0843","fg0907","fg0747","fg0106","fg0039","fg0211","fg0126","fg0191","fg0513","fg0247","fg0855","fg0515","fg0397","fg0214","fg0297","fg0367","fg0186","fg0573","fg0565","fg0517"
"fq003429","vx_b53c13d2fa541aad","fg0843","1","fg0843","fg0211","fg0106","fg0907","fg0039","fg0126","fg0573","fg0191","fg0768","fg0588","fg0247","fg0186","fg0657","fg0513","fg0214","fg0490","fg0195","fg0297","fg0397","fg0630"
"fq003430","vx_b53c13d2fa541aad","fg0843","1","fg0843","fg0907","fg0106","fg0747","fg0039","fg0211","fg0126","fg0191","fg0515","fg0573","fg0397","fg0855","fg0247","fg0186","fg0214","fg0513","fg0367","fg0297","fg0942","fg0768"
"fq003431","vx_b53c13d2fa541aad","fg0843","1","fg0843","fg0907","fg0211","fg0747","fg0039","fg0106","fg0191","fg0126","fg0297","fg0247","fg0515","fg0573","fg0513","fg0367","fg0855","fg0186","fg0588","fg0657","fg0517","fg0768"
"fq003432","vx_b53c13d2fa541aad","fg0843","1","fg0843","fg0907","fg0211","fg0039","fg0573","fg0657","fg0106","fg0768","fg0191","fg0126","fg0513","fg0588","fg0297","fg0747","fg0490","fg0397","fg0247","fg0186","fg0195","fg0630"
"fq003433","vx_b53c13d2fa541aad","fg0843","1","fg0843","fg0907","fg0211","fg0191","fg0747","fg0039","fg0247","fg0106","fg0657","fg0768","fg0126","fg0573","fg0855","fg0588","fg0513","fg0186","fg0297","fg0630","fg0517","fg0367"
"fq003434","vx_b53c13d2fa541aad","fg0843","1","fg0843","fg0211","fg0907","fg0191","fg0039","fg0657","fg0573","fg0106","fg0768","fg0297","fg0397","fg0588","fg0126","fg0942","fg0747","fg0247","fg0630","fg0186","fg0059","fg0490"
"fq003435","vx_b53c13d2fa541aad","fg0843","1","fg0843","fg0907","fg0106","fg0039","fg0397","fg0211","fg0573","fg0214","fg0513","fg0126","fg0515","fg0297","fg0186","fg0855","fg0942","fg0778","fg0059","fg0768","fg0747","fg0195"
"fq003436","vx_b53c13d2fa541aad","fg0843","1","fg0843","fg0907","fg0211","fg0106","fg0039","fg0126","fg0191","fg0747","fg0573","fg0247","fg0855","fg0397","fg0186","fg0513","fg0515","fg0297","fg0588","fg0367","fg0768","fg0942"
"fq003437","vx_b53c13d2fa541aad","fg0843","1","fg0843","fg0907","fg0106","fg0211","fg0039","fg0126","fg0191","fg0573","fg0657","fg0747","fg0186","fg0942","fg0768","fg0397","fg0588","fg0247","fg0513","fg0297","fg0855","fg0059"
"fq003438","vx_b53c13d2fa541aad","fg0843","1","fg0843","fg0211","fg0907","fg0039","fg0191","fg0106","fg0747","fg0247","fg0126","fg0573","fg0588","fg0297","fg0768","fg0515","fg0630","fg0513","fg0367","fg0855","fg0397","fg0657"
"fq003439","vx_b53c13d2fa541aad","fg0843","1","fg0843","fg0907","fg0211","fg0039","fg0106","fg0573","fg0657","fg0747","fg0513","fg0191","fg0855","fg0768","fg0588","fg0297","fg0186","fg0397","fg0126","fg0247","fg0942","fg0490"
"fq003440","vx_b53c13d2fa541aad","fg0843","1","fg0843","fg0907","fg0747","fg0106","fg0191","fg0211","fg0039","fg0126","fg0367","fg0247","fg0855","fg0573","fg0513","fg0515","fg0588","fg0397","fg0297","fg0517","fg0657","fg0186"
"fq003441","vx_b53c13d2fa541aad","fg0843","1","fg0843","fg0907","fg0211","fg0106","fg0747","fg0039","fg0247","fg0855","fg0513","fg0588","fg0191","fg0573","fg0657","fg0515","fg0126","fg0397","fg0297","fg0768","fg0942","fg0367"
"fq003442","vx_b53c13d2fa541aad","fg0843","1","fg0843","fg0907","fg0747","fg0039","fg0191","fg0247","fg0211","fg0126","fg0106","fg0573","fg0855","fg0397","fg0367","fg0515","fg0513","fg0657","fg0297","fg0186","fg0809","fg0517"
"fq003443","vx_b53c13d2fa541aad","fg0843","1","fg0843","fg0907","fg0106","fg0039","fg0211","fg0747","fg0855","fg0397","fg0126","fg0573","fg0191","fg0247","fg0513","fg0515","fg0186","fg0297","fg0214","fg0517","fg0367","fg0942"
"fq003444","vx_b53c13d2fa541aad","fg0843","1","fg0843","fg0907","fg0747","fg0106","fg0039","fg0211","fg0191","fg0247","fg0397","fg0855","fg0126","fg0513","fg0657","fg0573","fg0515","fg0517","fg0297","fg0186","fg0942","fg0350"
"fq003445","vx_b53c13d2fa541aad","fg0843","1","fg0843","fg0907","fg0106","fg0747","fg0247","fg0191","fg0126","fg0039","fg0211","fg0513","fg0855","fg0657","fg0573","fg0768","fg0186","fg0515","fg0367","fg0712","fg0588","fg0942"
"fq003446","vx_b53c13d2fa541aad","fg0843","1","fg0843","fg0907","fg0747","fg0106","fg0039","fg0211","fg0191","fg0247","fg0397","fg0126","fg0515","fg0513","fg0367","fg0855","fg0573","fg0186","fg0297","fg0942","fg0214","fg0588"
"fq003447","vx_b53c13d2fa541aad","fg0843","1","fg0843","fg0907","fg0747","fg0106","fg0039","fg0811","fg0513","fg0126","fg0515","fg0191","fg0211","fg0367","fg0855","fg0247","fg0712","fg0573","fg0186","fg0733","fg0214","fg0397"
"fq003448","vx_b53c13d2fa541aad","fg0843","1","fg0843","fg0907","fg0211","fg0106","fg0039","fg0747","fg0573","fg0126","fg0191","fg0855","fg0513","fg0247","fg0397","fg0297","fg0515","fg0588","fg0186","fg0942","fg0517","fg0768"
"fq003449","vx_b53c13d2fa541aad","fg0843","1","fg0843","fg0211","fg0907","fg0191","fg0039","fg0747","fg0573","fg0106","fg0126","fg0588","fg0513","fg0855","fg0297","fg0657","fg0768","fg0247","fg0397","fg0630","fg0186","fg0515"
"fq003450","vx_b53c13d2fa541aad","fg0843","1","fg0843","fg0907","fg0747","fg0211","fg0191","fg0039","fg0106","fg0126","fg0657","fg0247","fg0186","fg0588","fg0573","fg0768","fg0513","fg0515","fg0630","fg0367","fg0855","fg0297"
"fq003451","vx_b53c13d2fa541aad","fg0843","1","fg0843","fg0211","fg0907","fg0106","fg0573","fg0039","fg0855","fg0657","fg0513","fg0811","fg0397","fg0976","fg0025","fg0588","fg0747","fg0490","fg0350","fg0191","fg0768","fg0195"
"fq003452","vx_b53c13d2fa541aad","fg0843","1","fg0843","fg0907","fg0211","fg0106","fg0039","fg0573","fg0297","fg0126","fg0513","fg0855","fg0747","fg0397","fg0942","fg0588","fg0191","fg0768","fg0247","fg0059","fg0186","fg0490"
"fq003453","vx_b53c13d2fa541aad","fg0843","1","fg0843","fg0211","fg0191","fg0747","fg0907","fg0657","fg0039","fg0247","fg0588","fg0106","fg0126","fg0630","fg0855","fg0573","fg0186","fg0768","fg0367","fg0297","fg0513","fg0490"
"fq003454","vx_b53c13d2fa541aad","fg0843","1","fg0843","fg0907","fg0211","fg0039","fg0106","fg0191","fg0747","fg0247","fg0657","fg0768","fg0126","fg0573","fg0186","fg0588","fg0855","fg0297","fg0513","fg0397","fg0630","fg0490"
"fq003455","vx_b53c13d2fa541aad","fg0843","1","fg0843","fg0907","fg0106","fg0211","fg0039","fg0126","fg0397","fg0747","fg0573","fg0513","fg0855","fg0195","fg0191","fg0247","fg0186","fg0297","fg0942","fg0515","fg0214","fg0350"
"fq003456","vx_b53c13d2fa541aad","fg0843","1","fg0843","fg0907","fg0039","fg0106","fg0211","fg0747","fg0126","fg0191","fg0186","fg0768","fg0573","fg0397","fg0657","fg0942","fg0513","fg0855","fg0247","fg0588","fg0297","fg0214"
"fq003457","vx_b53c13d2fa541aad","fg0843","1","fg0843","fg0907","fg0211","fg0039","fg0106","fg0573","fg0297","fg0657","fg0397","fg0768","fg0513","fg0126","fg0186","fg0588","fg0247","fg0942","fg0191","fg0195","fg0855","fg0490"
"fq003458","vx_b53c13d2fa541aad","fg0843","1","fg0843","fg0907","fg0039","fg0106","fg0211","fg0747","fg0513","fg0573","fg0397","fg0855","fg0942","fg0186","fg0191","fg0297","fg0126","fg0768","fg0657","fg0059","fg0247","fg0214"
"fq003459","vx_b53c13d2fa541aad","fg0843","1","fg0843","fg0907","fg0211","fg0106","fg0747","fg0039","fg0855","fg0191","fg0247","fg0573","fg0513","fg0397","fg0657","fg0126","fg0186","fg0942","fg0025","fg0350","fg0768","fg0588"
"fq003460","vx_b53c13d2fa541aad","fg0843","1","fg0843","fg0907","fg0747","fg0106","fg0191","fg0211","fg0039","fg0247","fg0126","fg0657","fg0855","fg0573","fg0513","fg0768","fg0186","fg0515","fg0588","fg0517","fg0297","fg0367"
"fq003461","vx_b53c13d2fa541aad","fg0843","1","fg0843","fg0907","fg0039","fg0106","fg0211","fg0747","fg0297","fg0397","fg0573","fg0513","fg0855","fg0191","fg0588","fg0942","fg0126","fg0059","fg0247","fg0657","fg0515","fg0517"
"fq003462","vx_b53c13d2fa541aad","fg0843","1","fg0843","fg0907","fg0747","fg0191","fg0211","fg0039","fg0247","fg0106","fg0855","fg0367","fg0517","fg0126","fg0573","fg0588","fg0515","fg0513","fg0811","fg0657","fg0397","fg0297"
"fq003463","vx_b53c13d2fa541aad","fg0843","1","fg0843","fg0907","fg0211","fg0191","fg0106","fg0126","fg0747","fg0039","fg0247","fg0855","fg0657","fg0367","fg0573","fg0588","fg0768","fg0513","fg0186","fg0630","fg0733","fg0515"
"fq003464","vx_b53c13d2fa541aad","fg0843","1","fg0843","fg0747","fg0907","fg0106","fg0039","fg0191","fg0126","fg0247","fg0211","fg0367","fg0855","fg0515","fg0397","fg0573","fg0811","fg0517","fg0513","fg0297","fg0588","fg0186"
"fq003465","vx_b53c13d2fa541aad","fg0843","1","fg0843","fg0211","fg0907","fg0039","fg0573","fg0106","fg0191","fg0297","fg0397","fg0588","fg0126","fg0247","fg0768","fg0513","fg0186","fg0747","fg0657","fg0515","fg0855","fg0214"
"fq003466","vx_b53c13d2fa541aad","fg0843","1","fg0843","fg0907","fg0106","fg0747","fg0039","fg0211","fg0855","fg0513","fg0397","fg0191","fg0573","fg0247","fg0126","fg0942","fg0186","fg0059","fg0367","fg0515","fg0657","fg0297"
"fq003467","vx_b53c13d2fa541aad","fg0843","1","fg0843","fg0039","fg0907","fg0106","fg0211","fg0942","fg0297","fg0573","fg0397","fg0059","fg0768","fg0513","fg0126","fg0186","fg0657","fg0588","fg0855","fg0247","fg0747","fg0191"
"fq003468","vx_b53c13d2fa541aad","fg0843","1","fg0843","fg0907","fg0211","fg0747","fg0039","fg0855","fg0106","fg0191","fg0247","fg0573","fg0657","fg0517","fg0513","fg0297","fg0126","fg0588","fg0367","fg0397","fg0630","fg0811"
"fq003469","vx_b53c13d2fa541aad","fg0843","1","fg0843","fg0907","fg0211","fg0039","fg0106","fg0191","fg0126","fg0747","fg0573","fg0855","fg0768","fg0513","fg0588","fg0247","fg0657","fg0186","fg0515","fg0297","fg0397","fg0630"
"fq003470","vx_b53c13d2fa541aad","fg0843","1","fg0843","fg0106","fg0907","fg0039","fg0747","fg0211","fg0126","fg0191","fg0247","fg0855","fg0515","fg0942","fg0573","fg0513","fg0397","fg0297","fg0186","fg0657","fg0367","fg0059"
"fq003471","vx_b53c13d2fa541aad","fg0843","1","fg0843","fg0211","fg0907","fg0039","fg0588","fg0191","fg0747","fg0573","fg0297","fg0768","fg0106","fg0126","fg0657","fg0247","fg0855","fg0513","fg0397","fg0630","fg0517","fg0367"
"fq003472","vx_b53c13d2fa541aad","fg0843","1","fg0843","fg0907","fg0747","fg0106","fg0211","fg0039","fg0191","fg0126","fg0573","fg0855","fg0247","fg0367","fg0397","fg0297","fg0515","fg0513","fg0517","fg0657","fg0186","fg0588"
"fq003473","vx_b53c13d2fa541aad","fg0843","1","fg0843","fg0211","fg0191","fg0747","fg0039","fg0907","fg0126","fg0106","fg0855","fg0247","fg0588","fg0515","fg0573","fg0186","fg0657","fg0630","fg0297","fg0367","fg0490","fg0768"
"fq003474","vx_b53c13d2fa541aad","fg0843","1","fg0843","fg0907","fg0039","fg0106","fg0397","fg0211","fg0747","fg0573","fg0126","fg0513","fg0942","fg0059","fg0297","fg0186","fg0855","fg0191","fg0515","fg0214","fg0247","fg0195"
"fq003475","vx_b53c13d2fa541aad","fg0843","1","fg0843","fg0747","fg0907","fg0039","fg0106","fg0211","fg0126","fg0573","fg0191","fg0397","fg0855","fg0811","fg0367","fg0186","fg0247","fg0515","fg0513","fg0297","fg0733","fg0588"
"fq003476","vx_b53c13d2fa541aad","fg0843","1","fg0843","fg0907","fg0211","fg0747","fg0191","fg0039","fg0106","fg0247","fg0297","fg0588","fg0657","fg0573","fg0517","fg0126","fg0855","fg0630","fg0367","fg0768","fg0513","fg0515"
"fq003477","vx_b53c13d2fa541aad","fg0843","1","fg0843","fg0747","fg0907","fg0211","fg0039","fg0191","fg0106","fg0297","fg0247","fg0515","fg0126","fg0855","fg0657","fg0367","fg0588","fg0517","fg0573","fg0513","fg0768","fg0630"
"fq003478","vx_b53c13d2fa541aad","fg0843","1","fg0843","fg0907","fg0211","fg0039","fg0106","fg0126","fg0397","fg0747","fg0191","fg0513","fg0186","fg0942","fg0573","fg0657","fg0214","fg0297","fg0247","fg0195","fg0515","fg0059"
"fq003479","vx_b53c13d2fa541aad","fg0843","1","fg0843","fg0907","fg0106","fg0039","fg0211","fg0126","fg0186","fg0513","fg0747","fg0214","fg0573","fg0397","fg0191","fg0855","fg0247","fg0768","fg0942","fg0195","fg0515","fg0297"
"fq003480","vx_b53c13d2fa541aad","fg0843","1","fg0843","fg0211","fg0907","fg0191","fg0747","fg0657","fg0588","fg0039","fg0247","fg0768","fg0573","fg0630","fg0855","fg0517","fg0106","fg0297","fg0126","fg0186","fg0513","fg0411"
"fq003481","vx_b53c13d2fa541aad","fg0843","1","fg0843","fg0211","fg0039","fg0907","fg0106","fg0573","fg0297","fg0397","fg0588","fg0747","fg0855","fg0657","fg0942","fg0513","fg0126","fg0191","fg0768","fg0059","fg0350","fg0247"
"fq003482","vx_b53c13d2fa541aad","fg0843","1","fg0843","fg0747","fg0039","fg0907","fg0191","fg0247","fg0126","fg0106","fg0515","fg0211","fg0367","fg0855","fg0397","fg0186","fg0297","fg0513","fg0733","fg0573","fg0517","fg0214"
"fq003483","vx_b53c13d2fa541aad","fg0843","1","fg0843","fg0211","fg0907","fg0191","fg0126","fg0747","fg0039","fg0106","fg0247","fg0573","fg0186","fg0588","fg0367","fg0768","fg0855","fg0515","fg0630","fg0657","fg0297","fg0513"
"fq003484","vx_b53c13d2fa541aad","fg0843","1","fg0843","fg0907","fg0039","fg0106","fg0397","fg0747","fg0211","fg0515","fg0513","fg0573","fg0126","fg0214","fg0191","fg0855","fg0247","fg0942","fg0186","fg0059","fg0297","fg0367"
"fq003485","vx_b53c13d2fa541aad","fg0843","1","fg0843","fg0907","fg0039","fg0211","fg0106","fg0397","fg0573","fg0297","fg0513","fg0942","fg0768","fg0126","fg0855","fg0186","fg0747","fg0191","fg0588","fg0059","fg0657","fg0247"
"fq003486","vx_b53c13d2fa541aad","fg0843","1","fg0843","fg0907","fg0039","fg0106","fg0211","fg0397","fg0126","fg0513","fg0573","fg0747","fg0191","fg0186","fg0214","fg0515","fg0297","fg0942","fg0247","fg0855","fg0588","fg0059"
"fq003487","vx_b53c13d2fa541aad","fg0843","1","fg0843","fg0907","fg0039","fg0747","fg0106","fg0211","fg0397","fg0247","fg0191","fg0126","fg0515","fg0297","fg0855","fg0513","fg0186","fg0573","fg0657","fg0588","fg0942","fg0517"
"fq003488","vx_b53c13d2fa541aad","fg0843","1","fg0843","fg0907","fg0211","fg0039","fg0106","fg0397","fg0747","fg0855","fg0297","fg0573","fg0515","fg0513","fg0126","fg0186","fg0247","fg0191","fg0657","fg0942","fg0059","fg0517"
"fq003489","vx_b53c13d2fa541aad","fg0843","1","fg0843","fg0907","fg0106","fg0039","fg0211","fg0747","fg0855","fg0397","fg0513","fg0247","fg0573","fg0126","fg0297","fg0517","fg0942","fg0191","fg0186","fg0515","fg0350","fg0059"
"fq003490","vx_b53c13d2fa541aad","fg0843","1","fg0843","fg0907","fg0106","fg0211","fg0039","fg0186","fg0126","fg0747","fg0247","fg0191","fg0855","fg0513","fg0657","fg0768","fg0573","fg0942","fg0397","fg0588","fg0733","fg0630"
"fq003491","vx_b53c13d2fa541aad","fg0843","1","fg0843","fg0907","fg0106","fg0039","fg0211","fg0747","fg0397","fg0126","fg0515","fg0297","fg0573","fg0191","fg0186","fg0855","fg0513","fg0942","fg0214","fg0247","fg0059","fg0768"
"fq003492","vx_b53c13d2fa541aad","fg0843","1","fg0843","fg0211","fg0191","fg0907","fg0747","fg0126","fg0247","fg0039","fg0106","fg0588","fg0657","fg0573","fg0855","fg0768","fg0630","fg0297","fg0186","fg0513","fg0367","fg0515"
"fq003493","vx_b53c13d2fa541aad","fg0843","1","fg0843","fg0907","fg0211","fg0039","fg0573","fg0106","fg0397","fg0297","fg0126","fg0942","fg0855","fg0513","fg0588","fg0657","fg0768","fg0350","fg0186","fg0733","fg0195","fg0490"
"fq003494","vx_b53c13d2fa541aad","fg0843","1","fg0843","fg0747","fg0907","fg0211","fg0039","fg0191","fg0247","fg0855","fg0106","fg0517","fg0657","fg0588","fg0367","fg0297","fg0126","fg0811","fg0513","fg0630","fg0573","fg0515"
"fq003495","vx_b53c13d2fa541aad","fg0843","1","fg0843","fg0907","fg0211","fg0106","fg0039","fg0191","fg0768","fg0573","fg0126","fg0297","fg0657","fg0747","fg0942","fg0588","fg0513","fg0247","fg0059","fg0397","fg0515","fg0186"
"fq003496","vx_b53c13d2fa541aad","fg0843","1","fg0843","fg0907","fg0039","fg0106","fg0211","fg0397","fg0942","fg0059","fg0573","fg0297","fg0513","fg0855","fg0126","fg0747","fg0186","fg0350","fg0657","fg0247","fg0195","fg0191"
"fq003497","vx_b53c13d2fa541aad","fg0843","1","fg0843","fg0211","fg0907","fg0039","fg0573","fg0297","fg0588","fg0106","fg0191","fg0126","fg0747","fg0490","fg0768","fg0855","fg0657","fg0247","fg0513","fg0186","fg0397","fg0630"
"fq003498","vx_b53c13d2fa541aad","fg0843","1","fg0843","fg0907","fg0106","fg0039","fg0211","fg0747","fg0126","fg0191","fg0573","fg0397","fg0855","fg0186","fg0247","fg0515","fg0513","fg0768","fg0297","fg0588","fg0942","fg0367"
"fq003499","vx_b53c13d2fa541aad","fg0843","1","fg0843","fg0907","fg0211","fg0039","fg0747","fg0191","fg0106","fg0573","fg0126","fg0247","fg0297","fg0657","fg0513","fg0397","fg0855","fg0517","fg0367","fg0588","fg0515","fg0768"
"fq003500","vx_b53c13d2fa541aad","fg0843","1","fg0843","fg0907","fg0106","fg0039","fg0747","fg0397","fg0211","fg0126","fg0247","fg0513","fg0214","fg0515","fg0191","fg0367","fg0573","fg0855","fg0186","fg0297","fg0195","fg0517"
"fq003501","vx_b53c13d2fa541aad","fg0843","1","fg0843","fg0211","fg0907","fg0039","fg0106","fg0191","fg0573","fg0297","fg0247","fg0747","fg0397","fg0588","fg0657","fg0855","fg0126","fg0515","fg0513","fg0768","fg0517","fg0367"
"fq003502","vx_b53c13d2fa541aad","fg0843","1","fg0843","fg0907","fg0106","fg0211","fg0039","fg0747","fg0513","fg0855","fg0573","fg0247","fg0126","fg0768","fg0191","fg0397","fg0297","fg0186","fg0515","fg0588","fg0657","fg0942"
"fq003503","vx_b53c13d2fa541aad","fg0843","1","fg0843","fg0907","fg0211","fg0039","fg0191","fg0126","fg0747","fg0106","fg0573","fg0297","fg0247","fg0397","fg0186","fg0513","fg0588","fg0515","fg0367","fg0855","fg0214","fg0657"
"fq003504","vx_b53c13d2fa541aad","fg0843","1","fg0843","fg0747","fg0907","fg0039","fg0106","fg0126","fg0515","fg0191","fg0712","fg0513","fg0367","fg0397","fg0573","fg0855","fg0247","fg0214","fg0811","fg0942","fg0588","fg0535"
"fq003505","vx_b53c13d2fa541aad","fg0843","1","fg0843","fg0211","fg0907","fg0191","fg0039","fg0747","fg0106","fg0513","fg0657","fg0588","fg0247","fg0126","fg0573","fg0768","fg0630","fg0855","fg0297","fg0515","fg0186","fg0367"
"fq003506","vx_b53c13d2fa541aad","fg0843","1","fg0843","fg0211","fg0907","fg0039","fg0106","fg0573","fg0397","fg0513","fg0191","fg0747","fg0297","fg0126","fg0768","fg0588","fg0855","fg0657","fg0186","fg0490","fg0942","fg0247"
"fq003507","vx_b53c13d2fa541aad","fg0843","1","fg0843","fg0907","fg0106","fg0747","fg0039","fg0211","fg0855","fg0126","fg0573","fg0191","fg0513","fg0247","fg0397","fg0186","fg0367","fg0515","fg0297","fg0588","fg0942","fg0733"
"fq003508","vx_b53c13d2fa541aad","fg0843","1","fg0843","fg0907","fg0211","fg0106","fg0039","fg0191","fg0747","fg0186","fg0588","fg0657","fg0573","fg0247","fg0126","fg0513","fg0855","fg0297","fg0515","fg0768","fg0397","fg0630"
"fq003509","vx_b53c13d2fa541aad","fg0843","1","fg0843","fg0907","fg0039","fg0106","fg0211","fg0397","fg0513","fg0573","fg0747","fg0855","fg0942","fg0657","fg0059","fg0297","fg0186","fg0588","fg0191","fg0768","fg0126","fg0247"
"fq003510","vx_b53c13d2fa541aad","fg0843","1","fg0843","fg0907","fg0106","fg0211","fg0747","fg0039","fg0855","fg0513","fg0247","fg0126","fg0191","fg0573","fg0397","fg0367","fg0942","fg0515","fg0768","fg0588","fg0517","fg0214"
"fq003511","vx_b53c13d2fa541aad","fg0843","1","fg0843","fg0907","fg0747","fg0106","fg0039","fg0211","fg0126","fg0855","fg0247","fg0191","fg0515","fg0513","fg0573","fg0367","fg0297","fg0186","fg0397","fg0214","fg0733","fg0942"
"fq003512","vx_b53c13d2fa541aad","fg0843","1","fg0843","fg0211","fg0907","fg0657","fg0297","fg0573","fg0039","fg0747","fg0191","fg0588","fg0630","fg0247","fg0490","fg0517","fg0768","fg0513","fg0126","fg0855","fg0106","fg0397"
"fq003513","vx_b53c13d2fa541aad","fg0843","1","fg0843","fg0907","fg0747","fg0039","fg0106","fg0397","fg0513","fg0515","fg0855","fg0211","fg0126","fg0191","fg0214","fg0573","fg0247","fg0811","fg0186","fg0733","fg0173","fg0367"
"fq003514","vx_b53c13d2fa541aad","fg0843","1","fg0843","fg0039","fg0211","fg0907","fg0106","fg0768","fg0297","fg0191","fg0573","fg0657","fg0126","fg0942","fg0247","fg0588","fg0186","fg0747","fg0513","fg0059","fg0397","fg0214"
"fq003515","vx_b53c13d2fa541aad","fg0843","1","fg0843","fg0907","fg0211","fg0039","fg0106","fg0126","fg0191","fg0747","fg0513","fg0573","fg0855","fg0657","fg0768","fg0186","fg0588","fg0397","fg0247","fg0297","fg0942","fg0367"
"fq003516","vx_b53c13d2fa541aad","fg0843","1","fg0843","fg0747","fg0907","fg0191","fg0247","fg0106","fg0126","fg0039","fg0211","fg0186","fg0855","fg0515","fg0367","fg0573","fg0733","fg0517","fg0513","fg0588","fg0297","fg0657"
"fq003517","vx_b53c13d2fa541aad","fg0843","1","fg0843","fg0747","fg0907","fg0039","fg0397","fg0106","fg0211","fg0515","fg0855","fg0811","fg0573","fg0513","fg0126","fg0247","fg0191","fg0297","fg0588","fg0517","fg0367","fg0214"
"fq003518","vx_b53c13d2fa541aad","fg0843","1","fg0843","fg0907","fg0211","fg0039","fg0106","fg0747","fg0191","fg0573","fg0126","fg0855","fg0247","fg0513","fg0186","fg0397","fg0768","fg0657","fg0588","fg0297","fg0195","fg0367"
"fq003519","vx_b53c13d2fa541aad","fg0843","1","fg0843","fg0211","fg0039","fg0907","fg0106","fg0573","fg0297","fg0126","fg0588","fg0397","fg0657","fg0768","fg0513","fg0186","fg0191","fg0490","fg0855","fg0247","fg0630","fg0747"
"fq003520","vx_b53c13d2fa541aad","fg0843","1","fg0843","fg0907","fg0106","fg0039","fg0211","fg0126","fg0513","fg0747","fg0191","fg0397","fg0186","fg0515","fg0214","fg0573","fg0942","fg0855","fg0247","fg0297","fg0565","fg0059"
"fq003521","vx_b53c13d2fa541aad","fg0843","1","fg0843","fg0907","fg0106","fg0039","fg0513","fg0515","fg0747","fg0211","fg0855","fg0397","fg0214","fg0126","fg0573","fg0173","fg0191","fg0186","fg0195","fg0712","fg0247","fg0565"
"fq003522","vx_b53c13d2fa541aad","fg0843","1","fg0843","fg0907","fg0211","fg0039","fg0106","fg0397","fg0747","fg0855","fg0513","fg0573","fg0297","fg0126","fg0191","fg0247","fg0515","fg0186","fg0942","fg0059","fg0214","fg0195"
"fq003523","vx_b53c13d2fa541aad","fg0843","1","fg0843","fg0907","fg0039","fg0106","fg0211","fg0942","fg0397","fg0573","fg0059","fg0126","fg0297","fg0747","fg0513","fg0186","fg0515","fg0247","fg0191","fg0657","fg0855","fg0350"
"fq003524","vx_b53c13d2fa541aad","fg0843","1","fg0843","fg0106","fg0907","fg0039","fg0747","fg0942","fg0126","fg0211","fg0397","fg0515","fg0573","fg0855","fg0059","fg0297","fg0513","fg0247","fg0186","fg0191","fg0367","fg0214"
"fq003525","vx_b53c13d2fa541aad","fg0843","1","fg0843","fg0907","fg0747","fg0211","fg0106","fg0039","fg0191","fg0126","fg0855","fg0573","fg0247","fg0513","fg0367","fg0397","fg0517","fg0515","fg0588","fg0186","fg0733","fg0195"
"fq003526","vx_b53c13d2fa541aad","fg0843","1","fg0843","fg0907","fg0039","fg0211","fg0106","fg0186","fg0397","fg0747","fg0126","fg0573","fg0513","fg0855","fg0191","fg0942","fg0768","fg0490","fg0214","fg0657","fg0247","fg0059"
"fq003527","vx_b53c13d2fa541aad","fg0843","1","fg0843","fg0907","fg0039","fg0211","fg0106","fg0297","fg0573","fg0247","fg0747","fg0191","fg0397","fg0513","fg0855","fg0126","fg0515","fg0657","fg0768","fg0942","fg0186","fg0059"
"fq003528","vx_b53c13d2fa541aad","fg0843","1","fg0843","fg0907","fg0211","fg0039","fg0106","fg0397","fg0573","fg0513","fg0768","fg0855","fg0126","fg0186","fg0588","fg0297","fg0214","fg0191","fg0657","fg0747","fg0515","fg0490"
"fq003529","vx_b53c13d2fa541aad","fg0843","1","fg0843","fg0907","fg0211","fg0191","fg0747","fg0106","fg0247","fg0039","fg0573","fg0126","fg0855","fg0657","fg0367","fg0513","fg0588","fg0768","fg0186","fg0025","fg0297","fg0630"
"fq003530","vx_b53c13d2fa541aad","fg0843","1","fg0843","fg0211","fg0907","fg0039","fg0106","fg0573","fg0397","fg0513","fg0297","fg0588","fg0747","fg0855","fg0186","fg0191","fg0768","fg0126","fg0657","fg0942","fg0195","fg0247"
"fq003531","vx_b53c13d2fa541aad","fg0843","1","fg0843","fg0907","fg0039","fg0106","fg0211","fg0573","fg0513","fg0397","fg0768","fg0126","fg0657","fg0186","fg0588","fg0191","fg0297","fg0942","fg0855","fg0490","fg0747","fg0059"
"fq003532","vx_b53c13d2fa541aad","fg0843","1","fg0843","fg0907","fg0211","fg0106","fg0039","fg0397","fg0573","fg0747","fg0855","fg0513","fg0126","fg0942","fg0186","fg0059","fg0297","fg0191","fg0195","fg0214","fg0247","fg0768"
"fq003533","vx_b53c13d2fa541aad","fg0843","1","fg0843","fg0211","fg0907","fg0588","fg0191","fg0573","fg0039","fg0106","fg0126","fg0657","fg0630","fg0297","fg0768","fg0247","fg0490","fg0513","fg0747","fg0397","fg0855","fg0367"
"fq003534","vx_b53c13d2fa541aad","fg0843","1","fg0843","fg0907","fg0211","fg0106","fg0039","fg0747","fg0297","fg0855","fg0573","fg0397","fg0513","fg0191","fg0126","fg0515","fg0247","fg0517","fg0588","fg0942","fg0657","fg0768"
"fq003535","vx_b53c13d2fa541aad","fg0843","1","fg0843","fg0907","fg0747","fg0106","fg0039","fg0211","fg0191","fg0367","fg0855","fg0126","fg0247","fg0513","fg0515","fg0573","fg0397","fg0297","fg0811","fg0186","fg0657","fg0025"
"fq003536","vx_b53c13d2fa541aad","fg0843","1","fg0843","fg0211","fg0907","fg0039","fg0106","fg0126","fg0191","fg0186","fg0768","fg0573","fg0513","fg0588","fg0214","fg0397","fg0747","fg0297","fg0195","fg0247","fg0855","fg0490"
"fq003537","vx_b53c13d2fa541aad","fg0843","1","fg0843","fg0907","fg0211","fg0039","fg0106","fg0747","fg0191","fg0573","fg0247","fg0855","fg0513","fg0126","fg0297","fg0397","fg0515","fg0186","fg0768","fg0588","fg0367","fg0657"
"fq003538","vx_b53c13d2fa541aad","fg0843","1","fg0843","fg0907","fg0211","fg0747","fg0106","fg0039","fg0191","fg0126","fg0573","fg0855","fg0247","fg0397","fg0297","fg0367","fg0513","fg0517","fg0588","fg0657","fg0515","fg0186"
"fq003539","vx_b53c13d2fa541aad","fg0843","1","fg0843","fg0907","fg0039","fg0211","fg0106","fg0573","fg0126","fg0513","fg0397","fg0195","fg0297","fg0942","fg0768","fg0855","fg0191","fg0747","fg0247","fg0186","fg0059","fg0515"
"fq003540","vx_b53c13d2fa541aad","fg0843","1","fg0843","fg0907","fg0211","fg0039","fg0106","fg0747","fg0657","fg0573","fg0191","fg0397","fg0942","fg0297","fg0247","fg0126","fg0588","fg0059","fg0513","fg0490","fg0768","fg0367"
"fq003541","vx_b53c13d2fa541aad","fg0843","1","fg0843","fg0907","fg0039","fg0106","fg0211","fg0397","fg0573","fg0297","fg0855","fg0747","fg0513","fg0515","fg0126","fg0942","fg0059","fg0247","fg0186","fg0191","fg0768","fg0214"
"fq003542","vx_b53c13d2fa541aad","fg0843","1","fg0843","fg0907","fg0039","fg0397","fg0106","fg0747","fg0573","fg0211","fg0513","fg0515","fg0126","fg0855","fg0214","fg0247","fg0297","fg0186","fg0367","fg0191","fg0195","fg0942"
"fq003543","vx_b53c13d2fa541aad","fg0843","1","fg0843","fg0907","fg0106","fg0039","fg0211","fg0942","fg0513","fg0573","fg0059","fg0855","fg0397","fg0126","fg0297","fg0747","fg0657","fg0768","fg0191","fg0247","fg0186","fg0515"
"fq003544","vx_b53c13d2fa541aad","fg0843","1","fg0843","fg0907","fg0211","fg0106","fg0039","fg0747","fg0297","fg0397","fg0573","fg0513","fg0855","fg0126","fg0191","fg0515","fg0247","fg0942","fg0059","fg0588","fg0186","fg0517"
"fq003545","vx_b53c13d2fa541aad","fg0843","1","fg0843","fg0211","fg0907","fg0191","fg0657","fg0039","fg0588","fg0768","fg0573","fg0513","fg0490","fg0630","fg0855","fg0186","fg0106","fg0411","fg0126","fg0297","fg0247","fg0747"
"fq003546","vx_b53c13d2fa541aad","fg0843","1","fg0843","fg0211","fg0907","fg0039","fg0397","fg0573","fg0106","fg0191","fg0588","fg0297","fg0657","fg0513","fg0747","fg0247","fg0768","fg0126","fg0186","fg0490","fg0855","fg0630"
"fq003547","vx_b53c13d2fa541aad","fg0843","1","fg0843","fg0907","fg0106","fg0126","fg0039","fg0747","fg0211","fg0573","fg0855","fg0367","fg0397","fg0513","fg0191","fg0811","fg0247","fg0297","fg0025","fg0733","fg0515","fg0588"
"fq003548","vx_b53c13d2fa541aad","fg0843","1","fg0843","fg0907","fg0039","fg0106","fg0211","fg0513","fg0397","fg0855","fg0126","fg0573","fg0297","fg0186","fg0747","fg0191","fg0942","fg0768","fg0515","fg0214","fg0247","fg0195"
"fq003549","vx_b53c13d2fa541aad","fg0843","1","fg0843","fg0747","fg0907","fg0106","fg0191","fg0039","fg0247","fg0367","fg0211","fg0855","fg0515","fg0397","fg0513","fg0297","fg0126","fg0517","fg0573","fg0942","fg0712","fg0535"
"fq003550","vx_b53c13d2fa541aad","fg0843","1","fg0843","fg0907","fg0211","fg0191","fg0747","fg0247","fg0657","fg0039","fg0768","fg0573","fg0106","fg0855","fg0588","fg0513","fg0517","fg0297","fg0630","fg0126","fg0186","fg0490"
"fq003551","vx_b53c13d2fa541aad","fg0843","1","fg0843","fg0907","fg0211","fg0747","fg0191","fg0588","fg0247","fg0657","fg0039","fg0106","fg0855","fg0573","fg0513","fg0630","fg0297","fg0517","fg0768","fg0126","fg0397","fg0367"
"fq003552","vx_b53c13d2fa541aad","fg0843","1","fg0843","fg0907","fg0106","fg0039","fg0211","fg0513","fg0942","fg0573","fg0186","fg0747","fg0855","fg0397","fg0247","fg0126","fg0059","fg0191","fg0768","fg0657","fg0297","fg0515"
"fq003553","vx_b53c13d2fa541aad","fg0843","1","fg0843","fg0907","fg0747","fg0039","fg0397","fg0106","fg0211","fg0515","fg0855","fg0247","fg0191","fg0297","fg0573","fg0513","fg0126","fg0367","fg0214","fg0517","fg0942","fg0186"
"fq003554","vx_b53c13d2fa541aad","fg0843","1","fg0843","fg0907","fg0106","fg0039","fg0211","fg0942","fg0397","fg0573","fg0059","fg0126","fg0513","fg0768","fg0297","fg0657","fg0191","fg0588","fg0747","fg0195","fg0855","fg0186"
"fq003555","vx_b53c13d2fa541aad","fg0843","1","fg0843","fg0907","fg0106","fg0211","fg0039","fg0942","fg0747","fg0059","fg0657","fg0126","fg0297","fg0513","fg0573","fg0397","fg0191","fg0768","fg0247","fg0186","fg0517","fg0855"
"fq003556","vx_b53c13d2fa541aad","fg0843","1","fg0843","fg0907","fg0747","fg0106","fg0039","fg0211","fg0191","fg0855","fg0247","fg0126","fg0573","fg0513","fg0186","fg0515","fg0367","fg0397","fg0657","fg0588","fg0517","fg0297"
"fq003557","vx_b53c13d2fa541aad","fg0843","1","fg0843","fg0907","fg0211","fg0039","fg0106","fg0747","fg0191","fg0126","fg0247","fg0573","fg0397","fg0513","fg0297","fg0855","fg0768","fg0515","fg0186","fg0588","fg0657","fg0350"
"fq003558","vx_b53c13d2fa541aad","fg0843","1","fg0843","fg0907","fg0211","fg0191","fg0657","fg0747","fg0588","fg0039","fg0126","fg0573","fg0106","fg0247","fg0630","fg0733","fg0855","fg0490","fg0768","fg0411","fg0186","fg0513"
"fq003559","vx_b53c13d2fa541aad","fg0843","1","fg0843","fg0907","fg0106","fg0039","fg0211","fg0747","fg0573","fg0191","fg0397","fg0247","fg0126","fg0513","fg0855","fg0515","fg0297","fg0367","fg0186","fg0942","fg0768","fg0059"
"fq003560","vx_b53c13d2fa541aad","fg0843","1","fg0843","fg0907","fg0211","fg0039","fg0573","fg0747","fg0106","fg0191","fg0247","fg0588","fg0397","fg0126","fg0855","fg0297","fg0513","fg0657","fg0768","fg0186","fg0630","fg0367"
"fq003561","vx_b53c13d2fa541aad","fg0843","1","fg0843","fg0907","fg0211","fg0039","fg0747","fg0106","fg0191","fg0573","fg0126","fg0297","fg0855","fg0513","fg0247","fg0588","fg0397","fg0517","fg0515","fg0186","fg0367","fg0768"
"fq003562","vx_b53c13d2fa541aad","fg0843","1","fg0843","fg0907","fg0106","fg0747","fg0211","fg0039","fg0247","fg0191","fg0126","fg0513","fg0186","fg0657","fg0573","fg0855","fg0515","fg0588","fg0397","fg0942","fg0768","fg0630"
"fq003563","vx_b53c13d2fa541aad","fg0843","1","fg0843","fg0907","fg0211","fg0039","fg0106","fg0191","fg0768","fg0513","fg0747","fg0657","fg0573","fg0855","fg0126","fg0186","fg0588","fg0297","fg0490","fg0247","fg0630","fg0515"
"fq003564","vx_b53c13d2fa541aad","fg0843","1","fg0843","fg0907","fg0106","fg0039","fg0747","fg0211","fg0397","fg0855","fg0126","fg0573","fg0513","fg0515","fg0247","fg0191","fg0214","fg0297","fg0942","fg0186","fg0367","fg0059"
"fq003565","vx_b53c13d2fa541aad","fg0843","1","fg0843","fg0907","fg0747","fg0039","fg0211","fg0106","fg0397","fg0191","fg0126","fg0247","fg0855","fg0573","fg0515","fg0297","fg0513","fg0517","fg0367","fg0186","fg0588","fg0214"
"fq003566","vx_b53c13d2fa541aad","fg0843","1","fg0843","fg0907","fg0211","fg0039","fg0106","fg0397","fg0747","fg0573","fg0855","fg0297","fg0247","fg0126","fg0513","fg0191","fg0367","fg0515","fg0214","fg0517","fg0942","fg0186"
"fq003567","vx_b53c13d2fa541aad","fg0843","1","fg0843","fg0907","fg0211","fg0747","fg0039","fg0106","fg0191","fg0513","fg0855","fg0657","fg0247","fg0573","fg0297","fg0768","fg0588","fg0186","fg0126","fg0397","fg0515","fg0942"
"fq003568","vx_b53c13d2fa541aad","fg0843","1","fg0843","fg0907","fg0039","fg0106","fg0211","fg0397","fg0573","fg0297","fg0747","fg0513","fg0942","fg0126","fg0855","fg0186","fg0059","fg0515","fg0588","fg0214","fg0191","fg0247"
"fq003569","vx_b53c13d2fa541aad","fg0843","1","fg0843","fg0747","fg0907","fg0039","fg0106","fg0211","fg0191","fg0126","fg0247","fg0367","fg0515","fg0855","fg0297","fg0573","fg0513","fg0397","fg0186","fg0811","fg0588","fg0025"
"fq003570","vx_b53c13d2fa541aad","fg0843","1","fg0843","fg0211","fg0907","fg0039","fg0191","fg0768","fg0106","fg0573","fg0297","fg0588","fg0126","fg0657","fg0855","fg0397","fg0747","fg0247","fg0513","fg0515","fg0367","fg0214"
"fq003571","vx_b53c13d2fa541aad","fg0843","1","fg0843","fg0907","fg0747","fg0211","fg0191","fg0106","fg0039","fg0247","fg0855","fg0126","fg0513","fg0297","fg0515","fg0657","fg0367","fg0186","fg0573","fg0588","fg0397","fg0517"
"fq003572","vx_b53c13d2fa541aad","fg0843","1","fg0843","fg0907","fg0039","fg0106","fg0211","fg0942","fg0747","fg0397","fg0059","fg0126","fg0297","fg0191","fg0573","fg0513","fg0657","fg0247","fg0186","fg0768","fg0855","fg0515"
"fq003573","vx_b53c13d2fa541aad","fg0843","1","fg0843","fg0907","fg0211","fg0039","fg0106","fg0191","fg0186","fg0747","fg0768","fg0126","fg0247","fg0573","fg0657","fg0855","fg0513","fg0397","fg0588","fg0297","fg0942","fg0490"
"fq003574","vx_b53c13d2fa541aad","fg0843","1","fg0843","fg0191","fg0211","fg0907","fg0657","fg0747","fg0247","fg0573","fg0588","fg0367","fg0126","fg0630","fg0855","fg0039","fg0328","fg0490","fg0106","fg0517","fg0768","fg0411"
"fq003575","vx_b53c13d2fa541aad","fg0843","1","fg0843","fg0907","fg0039","fg0211","fg0126","fg0747","fg0106","fg0191","fg0186","fg0247","fg0367","fg0214","fg0397","fg0573","fg0297","fg0513","fg0515","fg0855","fg0942","fg0768"
"fq003576","vx_b53c13d2fa541aad","fg0843","1","fg0843","fg0039","fg0747","fg0907","fg0106","fg0126","fg0211","fg0191","fg0186","fg0367","fg0297","fg0573","fg0397","fg0942","fg0588","fg0247","fg0214","fg0515","fg0513","fg0733"
"fq003577","vx_b53c13d2fa541aad","fg0843","1","fg0843","fg0907","fg0211","fg0106","fg0039","fg0573","fg0126","fg0768","fg0513","fg0855","fg0247","fg0195","fg0191","fg0397","fg0297","fg0588","fg0942","fg0657","fg0186","fg0515"
"fq003578","vx_b53c13d2fa541aad","fg0843","1","fg0843","fg0907","fg0747","fg0211","fg0191","fg0247","fg0039","fg0855","fg0573","fg0515","fg0126","fg0106","fg0367","fg0513","fg0297","fg0397","fg0588","fg0517","fg0186","fg0811"
"fq003579","vx_b53c13d2fa541aad","fg0843","1","fg0843","fg0907","fg0106","fg0039","fg0211","fg0855","fg0747","fg0573","fg0397","fg0513","fg0191","fg0657","fg0186","fg0942","fg0297","fg0247","fg0126","fg0588","fg0515","fg0733"
"fq003580","vx_b53c13d2fa541aad","fg0843","1","fg0843","fg0211","fg0907","fg0039","fg0106","fg0126","fg0191","fg0768","fg0513","fg0573","fg0657","fg0855","fg0397","fg0588","fg0214","fg0186","fg0297","fg0490","fg0747","fg0247"
"fq003581","vx_b53c13d2fa541aad","fg0843","1","fg0843","fg0039","fg0907","fg0106","fg0211","fg0397","fg0573","fg0297","fg0126","fg0747","fg0588","fg0942","fg0855","fg0350","fg0768","fg0515","fg0059","fg0513","fg0191","fg0214"
"fq003582","vx_b53c13d2fa541aad","fg0843","1","fg0843","fg0907","fg0106","fg0211","fg0039","fg0513","fg0855","fg0186","fg0573","fg0657","fg0768","fg0942","fg0397","fg0297","fg0059","fg0747","fg0191","fg0247","fg0126","fg0588"
"fq003583","vx_b53c13d2fa541aad","fg0843","1","fg0843","fg0747","fg0907","fg0106","fg0039","fg0247","fg0397","fg0855","fg0191","fg0367","fg0513","fg0211","fg0126","fg0811","fg0517","fg0515","fg0573","fg0297","fg0186","fg0942"
"fq003584","vx_b53c13d2fa541aad","fg0843","1","fg0843","fg0747","fg0907","fg0191","fg0247","fg0106","fg0039","fg0855","fg0211","fg0126","fg0367","fg0515","fg0517","fg0397","fg0811","fg0573","fg0733","fg0513","fg0186","fg0297"
"fq003585","vx_b53c13d2fa541aad","fg0843","1","fg0843","fg0907","fg0747","fg0106","fg0039","fg0247","fg0211","fg0397","fg0126","fg0517","fg0191","fg0515","fg0513","fg0573","fg0367","fg0855","fg0186","fg0297","fg0942","fg0657"
"fq003586","vx_8a3711baff15aae6","fg0844","1","fg0844","fg0170","fg0410","fg0457","fg0665","fg0386","fg0102","fg0406","fg0817","fg0168","fg0050","fg0792","fg0308","fg0309","fg0523","fg0800","fg0407","fg0513","fg0330","fg0072"
"fq003587","vx_af9d2beebf1f7ed4","fg0845","1","fg0845","fg0370","fg0258","fg0412","fg0575","fg0316","fg0836","fg0996","fg0850","fg0890","fg0949","fg0782","fg0385","fg0006","fg0449","fg0508","fg0193","fg0548","fg0063","fg0871"
"fq003588","vx_84425ec2a734b5fc","fg0846","1","fg0846","fg0320","fg0130","fg0304","fg0533","fg0653","fg0886","fg0333","fg0466","fg0885","fg0088","fg0758","fg0408","fg0102","fg0032","fg0182","fg0867","fg0170","fg0595","fg0213"
"fq003589","vx_1dd6e5c828f9524b","fg0847","1","fg0847","fg0809","fg0541","fg0970","fg0584","fg0772","fg0153","fg0835","fg0719","fg0747","fg0942","fg0059","fg0522","fg0382","fg0956","fg0279","fg0018","fg0334","fg0121","fg0536"
"fq003590","vx_1dd6e5c828f9524b","fg0847","1","fg0847","fg0809","fg0541","fg0719","fg0121","fg0772","fg0382","fg0522","fg0970","fg0153","fg0956","fg0942","fg0747","fg0279","fg0059","fg0584","fg0590","fg0538","fg0557","fg0835"
"fq003591","vx_7c31dc5388757f48","fg0848","1","fg0848","fg0733","fg0037","fg0390","fg0494","fg0260","fg0597","fg0489","fg0488","fg0421","fg0642","fg0186","fg0271","fg0959","fg0475","fg0175","fg0460","fg0288","fg0406","fg0659"
"fq003592","vx_7c31dc5388757f48","fg0848","1","fg0848","fg0733","fg0597","fg0390","fg0260","fg0037","fg0625","fg0186","fg0421","fg0959","fg0488","fg0494","fg0163","fg0693","fg0324","fg0154","fg0635","fg0142","fg0642","fg0562"
"fq003593","vx_f3e0ac6e743393cb","fg0849","1","fg0849","fg0830","fg0280","fg0491","fg0862","fg0321","fg0137","fg0138","fg0205","fg0235","fg0556","fg0391","fg0201","fg0293","fg0111","fg0152","fg0901","fg0718","fg0423","fg0615"
"fq003594","vx_f3e0ac6e743393cb","fg0849","1","fg0849","fg0491","fg0235","fg0111","fg0830","fg0201","fg0138","fg0815","fg0293","fg0321","fg0556","fg0280","fg0405","fg0092","fg0137","fg0322","fg0391","fg0726","fg0547","fg0152"
"fq003595","vx_f3e0ac6e743393cb","fg0849","1","fg0849","fg0830","fg0280","fg0111","fg0321","fg0138","fg0137","fg0205","fg0491","fg0815","fg0862","fg0201","fg0709","fg0905","fg0092","fg0235","fg0556","fg0423","fg0322","fg0718"
"fq003596","vx_f3e0ac6e743393cb","fg0849","1","fg0849","fg0830","fg0491","fg0321","fg0137","fg0815","fg0235","fg0138","fg0111","fg0556","fg0280","fg0293","fg0152","fg0718","fg0205","fg0201","fg0391","fg0615","fg0405","fg0028"
"fq003597","vx_919450e7290fea72","fg0850","1","fg0850","fg0006","fg0973","fg0370","fg0965","fg0996","fg0845","fg0606","fg0575","fg0578","fg0871","fg0836","fg0660","fg0003","fg0953","fg0737","fg0851","fg0736","fg0613","fg0677"
"fq003598","vx_919450e7290fea72","fg0850","1","fg0850","fg0006","fg0973","fg0851","fg0003","fg0871","fg0606","fg0468","fg0613","fg0598","fg0578","fg0370","fg0642","fg0676","fg0889","fg0192","fg0677","fg0845","fg0736","fg0861"
"fq003599","vx_919450e7290fea72","fg0850","1","fg0850","fg0006","fg0973","fg0606","fg0871","fg0613","fg0578","fg0851","fg0598","fg0575","fg0323","fg0996","fg0192","fg0370","fg0660","fg0965","fg0730","fg0468","fg0677","fg0845"
"fq003600","vx_919450e7290fea72","fg0850","1","fg0850","fg0973","fg0598","fg0006","fg0370","fg0871","fg0606","fg0468","fg0575","fg0613","fg0736","fg0851","fg0996","fg0192","fg0578","fg0965","fg0730","fg0676","fg0845","fg0737"
"fq003601","vx_919450e7290fea72","fg0850","1","fg0850","fg0006","fg0973","fg0370","fg0871","fg0851","fg0003","fg0613","fg0606","fg0965","fg0845","fg0996","fg0953","fg0468","fg0598","fg0578","fg0836","fg0737","fg0575","fg0192"
"fq003602","vx_0b05e04f0a0ef3c3","fg0851","1","fg0851","fg0006","fg0370","fg0764","fg0753","fg0171","fg0850","fg0996","fg0578","fg0973","fg0953","fg0836","fg0983","fg0660","fg0869","fg0513","fg0737","fg0830","fg0575","fg0867"
"fq003603","vx_08329ee93524f706","fg0852","1","fg0852","fg0337","fg0243","fg0708","fg0873","fg0365","fg0992","fg0050","fg0732","fg0960","fg0290","fg0716","fg0085","fg0804","fg0004","fg0253","fg0026","fg0608","fg0803","fg0979"
"fq003604","vx_b11ccac75f007c6c","fg0853","1","fg0853","fg0415","fg0013","fg0613","fg0332","fg0116","fg0154","fg0378","fg0572","fg0120","fg0827","fg0339","fg0237","fg0366","fg0952","fg0264","fg0801","fg0141","fg0984","fg0838"
"fq003605","vx_b11ccac75f007c6c","fg0853","1","fg0853","fg0013","fg0415","fg0613","fg0116","fg0332","fg0120","fg0264","fg0145","fg0827","fg0572","fg0339","fg0952","fg0984","fg0765","fg0711","fg0378","fg0801","fg0141","fg0626"
"fq003606","vx_b11ccac75f007c6c","fg0853","1","fg0853","fg0013","fg0415","fg0613","fg0116","fg0332","fg0572","fg0378","fg0141","fg0154","fg0264","fg0984","fg0626","fg0120","fg0801","fg0827","fg0237","fg0952","fg0574","fg0145"
"fq003607","vx_2160f4946dd8a525","fg0854","1","fg0854","fg0353","fg0151","fg0327","fg0102","fg0649","fg0407","fg0320","fg0886","fg0680","fg0968","fg0319","fg0885","fg0160","fg0760","fg0140","fg0533","fg0931","fg0741","fg0304"
"fq003608","vx_a0d7bee718ab367e","fg0855","1","fg0855","fg0025","fg0843","fg0106","fg0461","fg0594","fg0573","fg0513","fg0397","fg0039","fg0247","fg0477","fg0976","fg0211","fg0490","fg0907","fg0350","fg0906","fg0126","fg0015"
"fq003609","vx_a0d7bee718ab367e","fg0855","1","fg0855","fg0843","fg0025","fg0106","fg0573","fg0513","fg0942","fg0247","fg0461","fg0907","fg0211","fg0039","fg0490","fg0350","fg0367","fg0976","fg0906","fg0082","fg0594","fg0126"
"fq003610","vx_410585b5d418d18a","fg0856","1","fg0856","fg0511","fg0329","fg0434","fg0038","fg0917","fg0462","fg0643","fg0757","fg0532","fg0547","fg0953","fg0853","fg0202","fg0293","fg0608","fg0765","fg0174","fg0256","fg0545"
"fq003611","vx_410585b5d418d18a","fg0856","4","fg0990","fg0416","fg0509","fg0856","fg0960","fg0047","fg0708","fg0673","fg0559","fg0659","fg0365","fg0318","fg0579","fg0288","fg0129","fg0355","fg0379","fg0085","fg0803","fg0094"
"fq003612","vx_410585b5d418d18a","fg0856","1","fg0856","fg0511","fg0329","fg0434","fg0917","fg0038","fg0547","fg0608","fg0532","fg0462","fg0643","fg0202","fg0670","fg0757","fg0853","fg0765","fg0953","fg0366","fg0545","fg0179"
"fq003613","vx_bc94ac78684f3035","fg0857","1","fg0857","fg0617","fg0789","fg0718","fg0262","fg0938","fg0187","fg0888","fg0246","fg0781","fg0967","fg0021","fg0385","fg0351","fg0256","fg0517","fg0570","fg0834","fg0461","fg0619"
"fq003614","vx_bc94ac78684f3035","fg0857","1","fg0857","fg0617","fg0718","fg0967","fg0246","fg0789","fg0262","fg0781","fg0888","fg0405","fg0256","fg0183","fg0517","fg0398","fg0805","fg0351","fg0938","fg0292","fg0973","fg0570"
"fq003615","vx_8c9b25a1d5bc3367","fg0858","37","fg0992","fg0354","fg0286","fg0034","fg0014","fg0349","fg0051","fg0396","fg0543","fg0325","fg0677","fg0406","fg0676","fg0701","fg0508","fg0664","fg0290","fg0323","fg0380","fg0189"
"fq003616","vx_8c9b25a1d5bc3367","fg0858","27","fg0676","fg0543","fg0507","fg0677","fg0429","fg0354","fg0286","fg0664","fg0701","fg0427","fg0463","fg0051","fg0438","fg0471","fg0323","fg0053","fg0561","fg0916","fg0468","fg0530"
"fq003617","vx_8c9b25a1d5bc3367","fg0858","55","fg0034","fg0014","fg0286","fg0349","fg0992","fg0354","fg0051","fg0508","fg0664","fg0676","fg0427","fg0168","fg0406","fg0396","fg0380","fg0701","fg0306","fg0053","fg0290","fg0691"
"fq003618","vx_8c9b25a1d5bc3367","fg0858","27","fg0676","fg0034","fg0354","fg0323","fg0543","fg0349","fg0286","fg0992","fg0051","fg0677","fg0290","fg0463","fg0168","fg0664","fg0014","fg0342","fg0606","fg0375","fg0701","fg0427"
"fq003619","vx_ed10bfccec227dbd","fg0859","2","fg0541","fg0859","fg0153","fg0772","fg0970","fg0809","fg0847","fg0719","fg0895","fg0394","fg0665","fg0197","fg1000","fg0910","fg0510","fg0783","fg0469","fg0168","fg0150","fg0121"
"fq003620","vx_ed10bfccec227dbd","fg0859","1","fg0859","fg0541","fg0394","fg0772","fg0895","fg1000","fg0665","fg0537","fg0970","fg0809","fg0910","fg0153","fg0150","fg0168","fg0847","fg0375","fg0018","fg0510","fg0409","fg0197"
"fq003621","vx_ed10bfccec227dbd","fg0859","1","fg0859","fg0541","fg0895","fg0970","fg0772","fg1000","fg0394","fg0018","fg0910","fg0783","fg0665","fg0847","fg0873","fg0679","fg0719","fg0290","fg0437","fg0072","fg0579","fg0272"
"fq003622","vx_8275e35e4c01e800","fg0860","1","fg0860","fg0108","fg1000","fg0929","fg0986","fg0722","fg0897","fg0088","fg0310","fg0772","fg0283","fg0428","fg0046","fg0892","fg0180","fg0229","fg0873","fg0958","fg0934","fg0194"
"fq003623","vx_8275e35e4c01e800","fg0860","1","fg0860","fg0108","fg1000","fg0986","fg0088","fg0722","fg0489","fg0772","fg0929","fg0194","fg0719","fg0958","fg0604","fg0283","fg0897","fg0021","fg0718","fg0289","fg0877","fg0310"
"fq003624","vx_8275e35e4c01e800","fg0860","1","fg0860","fg0108","fg1000","fg0722","fg0986","fg0929","fg0088","fg0310","fg0897","fg0194","fg0283","fg0229","fg0772","fg0892","fg0428","fg0046","fg0172","fg0952","fg0272","fg0289"
"fq003625","vx_8275e35e4c01e800","fg0860","1","fg0860","fg0108","fg0986","fg0929","fg0722","fg0428","fg0897","fg0310","fg0958","fg0088","fg1000","fg0283","fg0719","fg0194","fg0046","fg0229","fg0892","fg0172","fg0180","fg0270"
"fq003626","vx_8275e35e4c01e800","fg0860","1","fg0860","fg0108","fg1000","fg0722","fg0986","fg0088","fg0929","fg0489","fg0958","fg0194","fg0897","fg0772","fg0310","fg0428","fg0719","fg0283","fg0604","fg0970","fg0289","fg0718"
"fq003627","vx_277010f73c90a2d8","fg0861","1","fg0861","fg0145","fg0101","fg0141","fg0149","fg0395","fg0827","fg0465","fg0013","fg0418","fg0911","fg0582","fg0494","fg0332","fg0144","fg0305","fg0068","fg0150","fg0514","fg0254"
"fq003628","vx_277010f73c90a2d8","fg0861","1","fg0861","fg0145","fg0141","fg0149","fg0101","fg0395","fg0418","fg0827","fg0911","fg0013","fg0144","fg0068","fg0150","fg0494","fg0642","fg0113","fg0505","fg0465","fg0305","fg0254"
"fq003629","vx_277010f73c90a2d8","fg0861","1","fg0861","fg0145","fg0141","fg0101","fg0149","fg0395","fg0013","fg0827","fg0418","fg0144","fg0911","fg0465","fg0150","fg0332","fg0113","fg0494","fg0582","fg0164","fg0068","fg0305"
"fq003630","vx_277010f73c90a2d8","fg0861","1","fg0861","fg0145","fg0141","fg0101","fg0827","fg0395","fg0465","fg0418","fg0149","fg0013","fg0911","fg0144","fg0113","fg0150","fg0068","fg0254","fg0494","fg0499","fg0332","fg0164"
"fq003631","vx_277010f73c90a2d8","fg0861","1","fg0861","fg0145","fg0141","fg0101","fg0149","fg0395","fg0911","fg0827","fg0418","fg0144","fg0068","fg0494","fg0013","fg0150","fg0465","fg0094","fg0164","fg0642","fg0254","fg0850"
"fq003632","vx_13c9641e2669341b","fg0862","1","fg0862","fg0459","fg0118","fg0891","fg0725","fg0581","fg0137","fg0404","fg0330","fg0473","fg0593","fg0105","fg0716","fg0766","fg0629","fg0263","fg0614","fg0397","fg0590","fg0423"
"fq003633","vx_49247a827ae36eb6","fg0863","1","fg0863","fg0980","fg0893","fg0648","fg0048","fg0464","fg0989","fg0303","fg0668","fg0135","fg0460","fg0542","fg0518","fg0947","fg0403","fg0866","fg0551","fg0964","fg0536","fg0770"
"fq003634","vx_49247a827ae36eb6","fg0863","1","fg0863","fg0980","fg0893","fg0648","fg0048","fg0464","fg0989","fg0303","fg0460","fg0866","fg0964","fg0542","fg0363","fg0947","fg0518","fg0210","fg0193","fg0135","fg0131","fg0247"
"fq003635","vx_78cba185fb9e3979","fg0864","1","fg0864","fg0308","fg0564","fg0467","fg0702","fg0938","fg0055","fg0343","fg0461","fg0178","fg0894","fg0634","fg0235","fg0281","fg0478","fg0840","fg0273","fg0761","fg0796","fg0268"
"fq003636","vx_78cba185fb9e3979","fg0864","1","fg0864","fg0308","fg0467","fg0235","fg0702","fg0564","fg0938","fg0796","fg0461","fg0178","fg0343","fg0894","fg0268","fg0478","fg0119","fg0055","fg0761","fg0361","fg0634","fg0988"
"fq003637","vx_78cba185fb9e3979","fg0864","1","fg0864","fg0308","fg0467","fg0564","fg0702","fg0938","fg0343","fg0461","fg0235","fg0796","fg0894","fg0055","fg0634","fg0119","fg0478","fg0178","fg0761","fg0281","fg0273","fg0829"
"fq003638","vx_78cba185fb9e3979","fg0864","1","fg0864","fg0308","fg0938","fg0564","fg0702","fg0467","fg0055","fg0461","fg0796","fg0343","fg0119","fg0235","fg0634","fg0894","fg0281","fg0226","fg0178","fg0208","fg0795","fg0880"
"fq003639","vx_78cba185fb9e3979","fg0864","1","fg0864","fg0308","fg0564","fg0467","fg0702","fg0938","fg0461","fg0055","fg0796","fg0343","fg0634","fg0478","fg0894","fg0235","fg0840","fg0988","fg0924","fg0268","fg0281","fg0761"
"fq003640","vx_78cba185fb9e3979","fg0864","1","fg0864","fg0308","fg0938","fg0343","fg0702","fg0055","fg0564","fg0467","fg0119","fg0235","fg0894","fg0461","fg0796","fg0226","fg0178","fg0281","fg0829","fg0273","fg0634","fg0957"
"fq003641","vx_78cba185fb9e3979","fg0864","1","fg0864","fg0308","fg0938","fg0564","fg0702","fg0055","fg0343","fg0634","fg0235","fg0281","fg0467","fg0461","fg0119","fg0894","fg0829","fg0796","fg0178","fg0478","fg0226","fg0840"
"fq003642","vx_78cba185fb9e3979","fg0864","1","fg0864","fg0467","fg0795","fg0796","fg0055","fg0702","fg0894","fg0564","fg0308","fg0634","fg0993","fg0239","fg0938","fg0343","fg0178","fg0235","fg0226","fg0728","fg0409","fg0119"
"fq003643","vx_78cba185fb9e3979","fg0864","1","fg0864","fg0308","fg0235","fg0564","fg0938","fg0055","fg0461","fg0343","fg0467","fg0702","fg0634","fg0119","fg0796","fg0894","fg0988","fg0761","fg0273","fg0178","fg0281","fg0478"
"fq003644","vx_78cba185fb9e3979","fg0864","1","fg0864","fg0308","fg0938","fg0343","fg0119","fg0361","fg0461","fg0577","fg0564","fg0755","fg0761","fg0235","fg0055","fg0226","fg0957","fg0617","fg0470","fg0273","fg0467","fg0178"
"fq003645","vx_78cba185fb9e3979","fg0864","1","fg0864","fg0308","fg0467","fg0564","fg0938","fg0702","fg0055","fg0343","fg0461","fg0478","fg0235","fg0268","fg0361","fg0894","fg0988","fg0634","fg0796","fg0761","fg0273","fg0577"
"fq003646","vx_78cba185fb9e3979","fg0864","1","fg0864","fg0308","fg0055","fg0564","fg0938","fg0467","fg0343","fg0702","fg0796","fg0461","fg0119","fg0894","fg0880","fg0235","fg0634","fg0273","fg0178","fg0957","fg0755","fg0478"
"fq003647","vx_78cba185fb9e3979","fg0864","1","fg0864","fg0308","fg0467","fg0564","fg0702","fg0343","fg0938","fg0796","fg0461","fg0178","fg0235","fg0478","fg0761","fg0634","fg0055","fg0281","fg0829","fg0273","fg0894","fg0840"
"fq003648","vx_78cba185fb9e3979","fg0864","1","fg0864","fg0308","fg0938","fg0343","fg0119","fg0795","fg0055","fg0796","fg0235","fg0226","fg0702","fg0564","fg0461","fg0634","fg0239","fg0178","fg0957","fg0828","fg0894","fg0281"
"fq003649","vx_78cba185fb9e3979","fg0864","1","fg0864","fg0308","fg0467","fg0564","fg0702","fg0055","fg0796","fg0894","fg0461","fg0343","fg0938","fg0634","fg0235","fg0119","fg0761","fg0988","fg0226","fg0829","fg0281","fg0880"
"fq003650","vx_78cba185fb9e3979","fg0864","1","fg0864","fg0308","fg0564","fg0467","fg0702","fg0461","fg0343","fg0478","fg0938","fg0796","fg0268","fg0840","fg0055","fg0988","fg0761","fg0924","fg0634","fg0361","fg0273","fg0220"
"fq003651","vx_78cba185fb9e3979","fg0864","1","fg0864","fg0308","fg0938","fg0467","fg0564","fg0055","fg0702","fg0461","fg0343","fg0119","fg0796","fg0235","fg0634","fg0894","fg0226","fg0281","fg0577","fg0478","fg0880","fg0988"
"fq003652","vx_78cba185fb9e3979","fg0864","1","fg0864","fg0308","fg0343","fg0055","fg0564","fg0938","fg0634","fg0702","fg0461","fg0894","fg0119","fg0796","fg0467","fg0273","fg0880","fg0239","fg0984","fg0829","fg0281","fg0957"
"fq003653","vx_78cba185fb9e3979","fg0864","1","fg0864","fg0467","fg0308","fg0564","fg0938","fg0702","fg0055","fg0461","fg0235","fg0796","fg0478","fg0178","fg0084","fg0343","fg0735","fg0761","fg0268","fg0840","fg0226","fg0770"
"fq003654","vx_78cba185fb9e3979","fg0864","1","fg0864","fg0308","fg0938","fg0235","fg0343","fg0461","fg0564","fg0702","fg0467","fg0119","fg0055","fg0634","fg0894","fg0796","fg0281","fg0273","fg0829","fg0361","fg0577","fg0178"
"fq003655","vx_78cba185fb9e3979","fg0864","1","fg0864","fg0308","fg0938","fg0461","fg0343","fg0564","fg0119","fg0702","fg0467","fg0796","fg0880","fg0235","fg0055","fg0894","fg0755","fg0273","fg0761","fg0634","fg0178","fg0988"
"fq003656","vx_78cba185fb9e3979","fg0864","1","fg0864","fg0308","fg0564","fg0938","fg0343","fg0467","fg0702","fg0461","fg0055","fg0119","fg0796","fg0634","fg0235","fg0281","fg0894","fg0178","fg0226","fg0478","fg0273","fg0829"
"fq003657","vx_78cba185fb9e3979","fg0864","1","fg0864","fg0308","fg0564","fg0702","fg0343","fg0938","fg0055","fg0467","fg0894","fg0634","fg0461","fg0281","fg0119","fg0796","fg0235","fg0829","fg0273","fg0988","fg0178","fg0478"
"fq003658","vx_78cba185fb9e3979","fg0864","1","fg0864","fg0308","fg0938","fg0343","fg0702","fg0564","fg0467","fg0235","fg0796","fg0461","fg0119","fg0178","fg0055","fg0795","fg0226","fg0894","fg0634","fg0829","fg0281","fg0239"
"fq003659","vx_78cba185fb9e3979","fg0864","1","fg0864","fg0308","fg0938","fg0461","fg0564","fg0343","fg0467","fg0119","fg0055","fg0702","fg0796","fg0235","fg0226","fg0140","fg0795","fg0894","fg0178","fg0957","fg0634","fg0617"
"fq003660","vx_78cba185fb9e3979","fg0864","1","fg0864","fg0308","fg0938","fg0564","fg0467","fg0702","fg0055","fg0461","fg0343","fg0235","fg0178","fg0993","fg0226","fg0119","fg0796","fg0478","fg0894","fg0840","fg0634","fg0361"
"fq003661","vx_78cba185fb9e3979","fg0864","1","fg0864","fg0308","fg0564","fg0343","fg0055","fg0702","fg0467","fg0938","fg0634","fg0281","fg0461","fg0894","fg0478","fg0796","fg0119","fg0988","fg0235","fg0273","fg0829","fg0178"
"fq003662","vx_78cba185fb9e3979","fg0864","1","fg0864","fg0308","fg0055","fg0343","fg0564","fg0461","fg0938","fg0988","fg0119","fg0467","fg0880","fg0273","fg0894","fg0761","fg0796","fg0634","fg0239","fg0235","fg0702","fg0178"
"fq003663","vx_78cba185fb9e3979","fg0864","1","fg0864","fg0308","fg0564","fg0702","fg0467","fg0938","fg0461","fg0634","fg0478","fg0343","fg0988","fg0796","fg0924","fg0268","fg0055","fg0281","fg0829","fg0361","fg0577","fg0840"
"fq003664","vx_78cba185fb9e3979","fg0864","1","fg0864","fg0564","fg0308","fg0467","fg0702","fg0938","fg0055","fg0840","fg0761","fg0343","fg0978","fg0461","fg0178","fg0470","fg0796","fg0818","fg0829","fg0281","fg0478","fg0089"
"fq003665","vx_78cba185fb9e3979","fg0864","1","fg0864","fg0564","fg0467","fg0308","fg0702","fg0478","fg0343","fg0178","fg0055","fg0461","fg0840","fg0273","fg0796","fg0938","fg0177","fg0735","fg0941","fg0978","fg0761","fg0248"
"fq003666","vx_78cba185fb9e3979","fg0864","1","fg0864","fg0308","fg0564","fg0467","fg0796","fg0702","fg0235","fg0461","fg0343","fg0055","fg0938","fg0894","fg0119","fg0478","fg0634","fg0178","fg0795","fg0226","fg0761","fg0880"
"fq003667","vx_78cba185fb9e3979","fg0864","1","fg0864","fg0308","fg0564","fg0938","fg0467","fg0055","fg0702","fg0461","fg0796","fg0343","fg0894","fg0634","fg0119","fg0235","fg0988","fg0281","fg0478","fg0880","fg0840","fg0178"
"fq003668","vx_78cba185fb9e3979","fg0864","1","fg0864","fg0308","fg0055","fg0343","fg0702","fg0564","fg0634","fg0281","fg0938","fg0829","fg0467","fg0239","fg0796","fg0894","fg0988","fg0425","fg0795","fg0178","fg0461","fg0273"
"fq003669","vx_78cba185fb9e3979","fg0864","1","fg0864","fg0795","fg0220","fg0343","fg0796","fg0239","fg0467","fg0425","fg0178","fg0880","fg0308","fg0556","fg0702","fg0528","fg0509","fg0755","fg0140","fg0941","fg0273","fg0921"
"fq003670","vx_78cba185fb9e3979","fg0864","1","fg0864","fg0308","fg0467","fg0564","fg0796","fg0461","fg0938","fg0702","fg0235","fg0343","fg0119","fg0055","fg0988","fg0894","fg0634","fg0761","fg0478","fg0577","fg0226","fg0058"
"fq003671","vx_78cba185fb9e3979","fg0864","1","fg0864","fg0308","fg0564","fg0343","fg0467","fg0702","fg0938","fg0055","fg0796","fg0634","fg0894","fg0178","fg0273","fg0281","fg0461","fg0761","fg0829","fg0058","fg0119","fg0924"
"fq003672","vx_78cba185fb9e3979","fg0864","1","fg0864","fg0308","fg0938","fg0343","fg0235","fg0702","fg0467","fg0564","fg0461","fg0119","fg0178","fg0055","fg0634","fg0795","fg0226","fg0796","fg0894","fg0281","fg0273","fg0829"
"fq003673","vx_78cba185fb9e3979","fg0864","1","fg0864","fg0308","fg0343","fg0702","fg0564","fg0467","fg0055","fg0829","fg0281","fg0634","fg0894","fg0273","fg0924","fg0938","fg0796","fg0178","fg0478","fg0984","fg0755","fg0957"
"fq003674","vx_78cba185fb9e3979","fg0864","1","fg0864","fg0308","fg0938","fg0055","fg0564","fg0702","fg0467","fg0634","fg0281","fg0343","fg0724","fg0226","fg0461","fg0178","fg0235","fg0795","fg0894","fg0796","fg0988","fg0268"
"fq003675","vx_78cba185fb9e3979","fg0864","1","fg0864","fg0308","fg0938","fg0055","fg0564","fg0343","fg0119","fg0461","fg0795","fg0226","fg0702","fg0467","fg0957","fg0235","fg0796","fg0281","fg0829","fg0894","fg0140","fg0634"
"fq003676","vx_78cba185fb9e3979","fg0864","1","fg0864","fg0308","fg0564","fg0467","fg0702","fg0938","fg0461","fg0235","fg0795","fg0796","fg0178","fg0478","fg0226","fg0055","fg0119","fg0343","fg0634","fg0941","fg0829","fg0281"
"fq003677","vx_78cba185fb9e3979","fg0864","1","fg0864","fg0308","fg0564","fg0235","fg0938","fg0343","fg0055","fg0119","fg0461","fg0894","fg0702","fg0634","fg0478","fg0281","fg0988","fg0467","fg0796","fg0880","fg0268","fg0577"
"fq003678","vx_78cba185fb9e3979","fg0864","1","fg0864","fg0308","fg0938","fg0055","fg0343","fg0564","fg0467","fg0119","fg0796","fg0461","fg0957","fg0226","fg0178","fg0235","fg0795","fg0273","fg0894","fg0478","fg0755","fg0702"
"fq003679","vx_78cba185fb9e3979","fg0864","1","fg0864","fg0308","fg0938","fg0702","fg0343","fg0564","fg0467","fg0055","fg0119","fg0178","fg0796","fg0235","fg0461","fg0795","fg0634","fg0226","fg0894","fg0281","fg0478","fg0829"
"fq003680","vx_78cba185fb9e3979","fg0864","1","fg0864","fg0308","fg0938","fg0235","fg0564","fg0461","fg0702","fg0343","fg0119","fg0467","fg0796","fg0634","fg0577","fg0582","fg0761","fg0281","fg0055","fg0361","fg0478","fg0268"
"fq003681","vx_78cba185fb9e3979","fg0864","1","fg0864","fg0308","fg0467","fg0564","fg0055","fg0796","fg0702","fg0461","fg0894","fg0938","fg0634","fg0119","fg0235","fg0988","fg0226","fg0343","fg0795","fg0281","fg0478","fg0178"
"fq003682","vx_78cba185fb9e3979","fg0864","1","fg0864","fg0308","fg0343","fg0938","fg0461","fg0564","fg0119","fg0055","fg0235","fg0880","fg0988","fg0273","fg0467","fg0634","fg0894","fg0702","fg0796","fg0957","fg0795","fg0239"
"fq003683","vx_78cba185fb9e3979","fg0864","1","fg0864","fg0308","fg0467","fg0564","fg0938","fg0702","fg0461","fg0796","fg0235","fg0343","fg0478","fg0055","fg0840","fg0178","fg0268","fg0361","fg0894","fg0735","fg0577","fg0761"
"fq003684","vx_78cba185fb9e3979","fg0864","1","fg0864","fg0308","fg0938","fg0564","fg0702","fg0343","fg0467","fg0461","fg0055","fg0235","fg0796","fg0894","fg0634","fg0119","fg0478","fg0761","fg0281","fg0361","fg0178","fg0273"
"fq003685","vx_78cba185fb9e3979","fg0864","1","fg0864","fg0308","fg0938","fg0343","fg0235","fg0564","fg0055","fg0461","fg0119","fg0894","fg0467","fg0178","fg0226","fg0796","fg0273","fg0702","fg0880","fg0634","fg0761","fg0795"
"fq003686","vx_78cba185fb9e3979","fg0864","1","fg0864","fg0308","fg0467","fg0564","fg0702","fg0055","fg0235","fg0461","fg0343","fg0938","fg0796","fg0894","fg0478","fg0268","fg0178","fg0634","fg0988","fg0281","fg0761","fg0770"
"fq003687","vx_78cba185fb9e3979","fg0864","1","fg0864","fg0308","fg0235","fg0938","fg0702","fg0796","fg0461","fg0564","fg0343","fg0467","fg0119","fg0894","fg0226","fg0634","fg0178","fg0055","fg0577","fg0829","fg0795","fg0361"
"fq003688","vx_78cba185fb9e3979","fg0864","1","fg0864","fg0308","fg0467","fg0938","fg0564","fg0461","fg0702","fg0761","fg0840","fg0084","fg0343","fg0235","fg0268","fg0577","fg0178","fg0361","fg0894","fg0796","fg0055","fg0098"
"fq003689","vx_78cba185fb9e3979","fg0864","1","fg0864","fg0308","fg0564","fg0938","fg0702","fg0467","fg0343","fg0055","fg0461","fg0634","fg0796","fg0478","fg0894","fg0119","fg0988","fg0235","fg0761","fg0840","fg0281","fg0273"
"fq003690","vx_78cba185fb9e3979","fg0864","1","fg0864","fg0308","fg0564","fg0343","fg0702","fg0467","fg0938","fg0461","fg0055","fg0478","fg0829","fg0894","fg0796","fg0281","fg0235","fg0634","fg0273","fg0119","fg0761","fg0178"
"fq003691","vx_78cba185fb9e3979","fg0864","1","fg0864","fg0308","fg0938","fg0564","fg0343","fg0119","fg0055","fg0461","fg0702","fg0235","fg0894","fg0634","fg0467","fg0796","fg0880","fg0988","fg0281","fg0226","fg0239","fg0273"
"fq003692","vx_78cba185fb9e3979","fg0864","1","fg0864","fg0308","fg0938","fg0343","fg0564","fg0461","fg0119","fg0235","fg0055","fg0796","fg0894","fg0467","fg0577","fg0702","fg0634","fg0880","fg0361","fg0988","fg0273","fg0957"
"fq003693","vx_78cba185fb9e3979","fg0864","1","fg0864","fg0308","fg0564","fg0467","fg0938","fg0235","fg0461","fg0055","fg0702","fg0343","fg0119","fg0796","fg0178","fg0894","fg0634","fg0226","fg0478","fg0577","fg0281","fg0988"
"fq003694","vx_78cba185fb9e3979","fg0864","1","fg0864","fg0308","fg0343","fg0564","fg0702","fg0938","fg0894","fg0796","fg0467","fg0055","fg0273","fg0461","fg0235","fg0119","fg0755","fg0634","fg0178","fg0880","fg0239","fg0478"
"fq003695","vx_78cba185fb9e3979","fg0864","1","fg0864","fg0308","fg0564","fg0343","fg0702","fg0938","fg0055","fg0467","fg0461","fg0478","fg0634","fg0119","fg0281","fg0894","fg0796","fg0273","fg0235","fg0840","fg0988","fg0178"
"fq003696","vx_78cba185fb9e3979","fg0864","1","fg0864","fg0308","fg0702","fg0467","fg0564","fg0938","fg0055","fg0343","fg0634","fg0796","fg0461","fg0894","fg0178","fg0119","fg0993","fg0281","fg0235","fg0478","fg0770","fg0226"
"fq003697","vx_78cba185fb9e3979","fg0864","1","fg0864","fg0308","fg0055","fg0795","fg0564","fg0343","fg0239","fg0634","fg0702","fg0226","fg0467","fg0938","fg0208","fg0281","fg0796","fg0119","fg0829","fg0454","fg0425","fg0957"
"fq003698","vx_78cba185fb9e3979","fg0864","1","fg0864","fg0308","fg0938","fg0564","fg0702","fg0343","fg0467","fg0461","fg0796","fg0119","fg0055","fg0634","fg0178","fg0235","fg0281","fg0894","fg0226","fg0829","fg0058","fg0761"
"fq003699","vx_78cba185fb9e3979","fg0864","1","fg0864","fg0308","fg0564","fg0702","fg0343","fg0938","fg0055","fg0467","fg0634","fg0461","fg0478","fg0281","fg0119","fg0796","fg0894","fg0273","fg0988","fg0178","fg0829","fg0235"
"fq003700","vx_78cba185fb9e3979","fg0864","1","fg0864","fg0308","fg0938","fg0235","fg0461","fg0564","fg0702","fg0119","fg0343","fg0467","fg0055","fg0796","fg0577","fg0634","fg0894","fg0478","fg0281","fg0582","fg0761","fg0361"
"fq003701","vx_78cba185fb9e3979","fg0864","1","fg0864","fg0308","fg0343","fg0564","fg0702","fg0055","fg0938","fg0467","fg0119","fg0634","fg0894","fg0461","fg0281","fg0796","fg0235","fg0178","fg0795","fg0273","fg0829","fg0478"
"fq003702","vx_78cba185fb9e3979","fg0864","1","fg0864","fg0308","fg0343","fg0938","fg0564","fg0055","fg0702","fg0461","fg0467","fg0634","fg0119","fg0796","fg0894","fg0273","fg0957","fg0478","fg0281","fg0988","fg0178","fg0235"
"fq003703","vx_78cba185fb9e3979","fg0864","1","fg0864","fg0308","fg0055","fg0564","fg0702","fg0467","fg0634","fg0343","fg0938","fg0461","fg0796","fg0894","fg0988","fg0235","fg0119","fg0281","fg0478","fg0924","fg0984","fg0761"
"fq003704","vx_78cba185fb9e3979","fg0864","1","fg0864","fg0308","fg0938","fg0343","fg0461","fg0235","fg0119","fg0564","fg0055","fg0634","fg0880","fg0702","fg0894","fg0796","fg0281","fg0467","fg0226","fg0273","fg0577","fg0617"
"fq003705","vx_78cba185fb9e3979","fg0864","1","fg0864","fg0308","fg0938","fg0343","fg0055","fg0564","fg0119","fg0702","fg0634","fg0281","fg0467","fg0894","fg0461","fg0829","fg0957","fg0235","fg0273","fg0178","fg0478","fg0226"
"fq003706","vx_78cba185fb9e3979","fg0864","1","fg0864","fg0308","fg0938","fg0343","fg0119","fg0235","fg0461","fg0702","fg0564","fg0226","fg0467","fg0894","fg0634","fg0055","fg0281","fg0796","fg0957","fg0577","fg0361","fg0178"
"fq003707","vx_78cba185fb9e3979","fg0864","1","fg0864","fg0308","fg0702","fg0467","fg0564","fg0796","fg0235","fg0461","fg0938","fg0343","fg0055","fg0795","fg0178","fg0634","fg0894","fg0478","fg0119","fg0281","fg0829","fg0268"
"fq003708","vx_78cba185fb9e3979","fg0864","1","fg0864","fg0308","fg0938","fg0461","fg0343","fg0564","fg0119","fg0235","fg0702","fg0467","fg0055","fg0796","fg0178","fg0894","fg0634","fg0273","fg0226","fg0577","fg0795","fg0281"
"fq003709","vx_78cba185fb9e3979","fg0864","1","fg0864","fg0467","fg0564","fg0308","fg0702","fg0938","fg0978","fg0055","fg0761","fg0178","fg0343","fg0461","fg0735","fg0840","fg0052","fg0796","fg0220","fg0481","fg0539","fg0089"
"fq003710","vx_78cba185fb9e3979","fg0864","1","fg0864","fg0308","fg0938","fg0343","fg0564","fg0461","fg0702","fg0119","fg0235","fg0467","fg0055","fg0894","fg0796","fg0634","fg0273","fg0577","fg0361","fg0478","fg0840","fg0988"
"fq003711","vx_78cba185fb9e3979","fg0864","1","fg0864","fg0308","fg0343","fg0055","fg0938","fg0564","fg0467","fg0702","fg0119","fg0796","fg0957","fg0461","fg0894","fg0273","fg0634","fg0178","fg0281","fg0829","fg0478","fg0755"
"fq003712","vx_78cba185fb9e3979","fg0864","1","fg0864","fg0308","fg0564","fg0938","fg0467","fg0702","fg0055","fg0235","fg0343","fg0119","fg0461","fg0796","fg0226","fg0894","fg0634","fg0178","fg0795","fg0478","fg0281","fg0829"
"fq003713","vx_78cba185fb9e3979","fg0864","1","fg0864","fg0308","fg0343","fg0564","fg0055","fg0938","fg0894","fg0634","fg0702","fg0281","fg0119","fg0273","fg0467","fg0461","fg0829","fg0880","fg0755","fg0239","fg0470","fg0957"
"fq003714","vx_78cba185fb9e3979","fg0864","1","fg0864","fg0308","fg0343","fg0938","fg0055","fg0119","fg0564","fg0461","fg0796","fg0235","fg0957","fg0702","fg0634","fg0894","fg0226","fg0273","fg0829","fg0467","fg0281","fg0795"
"fq003715","vx_78cba185fb9e3979","fg0864","1","fg0864","fg0308","fg0343","fg0938","fg0119","fg0055","fg0564","fg0239","fg0702","fg0634","fg0461","fg0178","fg0281","fg0273","fg0796","fg0957","fg0226","fg0425","fg0894","fg0467"
"fq003716","vx_78cba185fb9e3979","fg0864","1","fg0864","fg0308","fg0938","fg0343","fg0702","fg0467","fg0235","fg0461","fg0119","fg0795","fg0634","fg0178","fg0582","fg0894","fg0226","fg0796","fg0140","fg0425","fg0273","fg0564"
"fq003717","vx_78cba185fb9e3979","fg0864","1","fg0864","fg0308","fg0467","fg0564","fg0461","fg0796","fg0702","fg0938","fg0235","fg0343","fg0761","fg0577","fg0226","fg0178","fg0098","fg0119","fg0634","fg0478","fg0829","fg0055"
"fq003718","vx_78cba185fb9e3979","fg0864","1","fg0864","fg0308","fg0938","fg0467","fg0564","fg0702","fg0796","fg0461","fg0343","fg0119","fg0055","fg0235","fg0226","fg0178","fg0634","fg0361","fg0795","fg0478","fg0281","fg0058"
"fq003719","vx_78cba185fb9e3979","fg0864","1","fg0864","fg0467","fg0564","fg0702","fg0308","fg0055","fg0796","fg0235","fg0938","fg0761","fg0343","fg0894","fg0735","fg0770","fg0281","fg0098","fg0634","fg0268","fg0829","fg0178"
"fq003720","vx_78cba185fb9e3979","fg0864","1","fg0864","fg0308","fg0564","fg0938","fg0467","fg0343","fg0702","fg0796","fg0461","fg0634","fg0119","fg0055","fg0235","fg0894","fg0226","fg0795","fg0478","fg0239","fg0880","fg0988"
"fq003721","vx_78cba185fb9e3979","fg0864","1","fg0864","fg0308","fg0467","fg0938","fg0702","fg0564","fg0235","fg0461","fg0178","fg0343","fg0796","fg0894","fg0055","fg0226","fg0761","fg0119","fg0829","fg0634","fg0478","fg0582"
"fq003722","vx_78cba185fb9e3979","fg0864","1","fg0864","fg0308","fg0564","fg0467","fg0702","fg0055","fg0343","fg0938","fg0796","fg0461","fg0634","fg0478","fg0235","fg0119","fg0988","fg0894","fg0178","fg0281","fg0840","fg0268"
"fq003723","vx_62cfc0eb76ea8295","fg0865","1","fg0865","fg0717","fg0470","fg0418","fg0152","fg0417","fg0419","fg0625","fg0355","fg0597","fg0060","fg0787","fg0702","fg0023","fg0414","fg0029","fg0331","fg0450","fg0537","fg0714"
"fq003724","vx_3ba9315bd7ba5d1d","fg0866","1","fg0866","fg0436","fg0699","fg0154","fg0766","fg0210","fg0738","fg0863","fg0611","fg0124","fg0068","fg0507","fg0116","fg0330","fg0178","fg0074","fg0948","fg0974","fg0405","fg0806"
"fq003725","vx_0ece9bf4112a0f8e","fg0867","1","fg0867","fg0071","fg0730","fg0228","fg0298","fg0889","fg0270","fg0173","fg0573","fg0214","fg0397","fg0712","fg0578","fg0703","fg0587","fg0430","fg0429","fg0695","fg0568","fg0722"
"fq003726","vx_0ece9bf4112a0f8e","fg0867","1","fg0867","fg0071","fg0298","fg0983","fg0730","fg0678","fg0214","fg0578","fg0695","fg0173","fg0722","fg0270","fg0889","fg0397","fg0569","fg0641","fg0228","fg0907","fg0719","fg0712"
"fq003727","vx_9ebc3232e03e6d1e","fg0868","17","fg0191","fg0573","fg0247","fg0657","fg0907","fg0843","fg0147","fg0334","fg0747","fg0513","fg0367","fg0588","fg0539","fg0831","fg0126","fg0515","fg0868","fg0562","fg0976","fg0712"
"fq003728","vx_9ebc3232e03e6d1e","fg0868","53","fg0191","fg0247","fg0334","fg0843","fg0747","fg0907","fg0573","fg0657","fg0367","fg0831","fg0147","fg0515","fg0588","fg0513","fg0126","fg0517","fg0211","fg0186","fg0712","fg0662"
"fq003729","vx_9ebc3232e03e6d1e","fg0868","72","fg0191","fg0573","fg0247","fg0657","fg0147","fg0843","fg0907","fg0334","fg0367","fg0515","fg0972","fg0126","fg0747","fg0669","fg0831","fg0513","fg0588","fg0186","fg0562","fg0071"
"fq003730","vx_acfd933036260f59","fg0869","2","fg0090","fg0869","fg0103","fg0107","fg0367","fg0025","fg0651","fg0350","fg0222","fg0831","fg0810","fg0706","fg0287","fg0783","fg0616","fg0627","fg0745","fg0794","fg0569","fg0559"
"fq003731","vx_acfd933036260f59","fg0869","3","fg0103","fg0090","fg0869","fg0810","fg0025","fg0367","fg0651","fg0287","fg0202","fg0187","fg0741","fg0706","fg0525","fg0232","fg0083","fg0350","fg0729","fg0745","fg0275","fg0906"
"fq003732","vx_acfd933036260f59","fg0869","2","fg0090","fg0869","fg0103","fg0107","fg0810","fg0651","fg0025","fg0367","fg0222","fg0831","fg0569","fg0794","fg0151","fg0749","fg0350","fg0909","fg0206","fg0741","fg0906","fg0627"
"fq003733","vx_acfd933036260f59","fg0869","2","fg0090","fg0869","fg0103","fg0107","fg0810","fg0367","fg0651","fg0025","fg0202","fg0179","fg0741","fg0525","fg0745","fg0044","fg0706","fg0521","fg0206","fg0616","fg0327","fg0233"
"fq003734","vx_acfd933036260f59","fg0869","2","fg0090","fg0869","fg0103","fg0107","fg0651","fg0367","fg0810","fg0025","fg0202","fg0287","fg0206","fg0083","fg0151","fg0179","fg0659","fg0559","fg0909","fg0706","fg0906","fg0616"
"fq003735","vx_acfd933036260f59","fg0869","2","fg0090","fg0869","fg0103","fg0107","fg0651","fg0810","fg0025","fg0367","fg0831","fg0287","fg0139","fg0202","fg0151","fg0745","fg0741","fg0666","fg0096","fg0429","fg0187","fg0659"
"fq003736","vx_acfd933036260f59","fg0869","2","fg0090","fg0869","fg0103","fg0367","fg0651","fg0025","fg0749","fg0810","fg0202","fg0107","fg0287","fg0250","fg0909","fg0831","fg0745","fg0706","fg0044","fg0179","fg0794","fg0627"
"fq003737","vx_acfd933036260f59","fg0869","3","fg0103","fg0090","fg0869","fg0810","fg0651","fg0367","fg0025","fg0187","fg0909","fg0706","fg0151","fg0287","fg0206","fg0525","fg0666","fg0741","fg0521","fg0729","fg0559","fg0794"
"fq003738","vx_acfd933036260f59","fg0869","2","fg0090","fg0869","fg0103","fg0107","fg0651","fg0202","fg0367","fg0810","fg0745","fg0025","fg0706","fg0287","fg0741","fg0250","fg0525","fg0821","fg0206","fg0350","fg0327","fg0655"
"fq003739","vx_0d9540d6efc9819c","fg0870","1","fg0870","fg0898","fg0158","fg0553","fg1000","fg0180","fg0586","fg0877","fg0339","fg0006","fg0830","fg0901","fg0708","fg0108","fg0692","fg0113","fg0311","fg0024","fg0100","fg0705"
"fq003740","vx_0d9540d6efc9819c","fg0870","1","fg0870","fg0898","fg0158","fg0553","fg0339","fg1000","fg0180","fg0830","fg0586","fg0901","fg0006","fg0692","fg0877","fg0708","fg0311","fg0113","fg0744","fg0108","fg0100","fg0705"
"fq003741","vx_0d9540d6efc9819c","fg0870","1","fg0870","fg0158","fg0898","fg0180","fg0708","fg0553","fg0024","fg0006","fg0339","fg0877","fg0586","fg0901","fg0928","fg0311","fg0100","fg0744","fg1000","fg0830","fg0251","fg0108"
"fq003742","vx_0d9540d6efc9819c","fg0870","1","fg0870","fg0898","fg0158","fg0180","fg1000","fg0553","fg0339","fg0877","fg0586","fg0006","fg0901","fg0830","fg0708","fg0692","fg0311","fg0705","fg0928","fg0113","fg0024","fg0108"
"fq003743","vx_0d9540d6efc9819c","fg0870","1","fg0870","fg0158","fg0898","fg0339","fg0553","fg0180","fg0901","fg0708","fg0877","fg1000","fg0586","fg0830","fg0006","fg0311","fg0744","fg0501","fg0692","fg0705","fg0108","fg0024"
"fq003744","vx_0d9540d6efc9819c","fg0870","1","fg0870","fg0898","fg0158","fg0180","fg0553","fg1000","fg0586","fg0901","fg0877","fg0830","fg0708","fg0006","fg0339","fg0705","fg0311","fg0024","fg0986","fg0467","fg0537","fg0108"
"fq003745","vx_0d9540d6efc9819c","fg0870","1","fg0870","fg0898","fg0158","fg0553","fg1000","fg0180","fg0339","fg0006","fg0901","fg0830","fg0586","fg0692","fg0877","fg0708","fg0311","fg0744","fg0113","fg0024","fg0467","fg0705"
"fq003746","vx_0d9540d6efc9819c","fg0870","1","fg0870","fg0158","fg0898","fg0339","fg0553","fg0901","fg0830","fg0006","fg0180","fg0877","fg0708","fg0692","fg0311","fg0586","fg0024","fg0744","fg1000","fg0786","fg0100","fg0501"
"fq003747","vx_0d9540d6efc9819c","fg0870","1","fg0870","fg0898","fg0158","fg0901","fg0830","fg0024","fg0339","fg0553","fg0708","fg0006","fg0744","fg0692","fg0311","fg0877","fg0180","fg1000","fg0070","fg0100","fg0113","fg0510"
"fq003748","vx_0d9540d6efc9819c","fg0870","1","fg0870","fg0158","fg0898","fg0339","fg0553","fg0901","fg0180","fg0708","fg0006","fg0830","fg0311","fg0024","fg0586","fg0744","fg0877","fg0692","fg1000","fg0501","fg0100","fg0251"
"fq003749","vx_0d9540d6efc9819c","fg0870","1","fg0870","fg0158","fg0898","fg0553","fg0339","fg0180","fg1000","fg0586","fg0006","fg0830","fg0877","fg0708","fg0901","fg0692","fg0311","fg0986","fg0108","fg0501","fg0786","fg0705"
"fq003750","vx_0d9540d6efc9819c","fg0870","1","fg0870","fg0898","fg0158","fg0180","fg1000","fg0553","fg0877","fg0006","fg0586","fg0708","fg0339","fg0311","fg0705","fg0501","fg0901","fg0108","fg0986","fg0830","fg0024","fg0417"
"fq003751","vx_0d9540d6efc9819c","fg0870","1","fg0870","fg0158","fg0180","fg0898","fg1000","fg0553","fg0708","fg0586","fg0108","fg0339","fg0877","fg0501","fg0311","fg0705","fg0986","fg0006","fg0901","fg0830","fg0545","fg0243"
"fq003752","vx_0d9540d6efc9819c","fg0870","1","fg0870","fg0898","fg0158","fg0553","fg1000","fg0180","fg0877","fg0006","fg0586","fg0339","fg0708","fg0705","fg0901","fg0501","fg0311","fg0830","fg0024","fg0692","fg0928","fg0744"
"fq003753","vx_0d9540d6efc9819c","fg0870","1","fg0870","fg0158","fg0898","fg0339","fg0553","fg0901","fg0708","fg0180","fg0830","fg0006","fg0586","fg0311","fg0877","fg1000","fg0692","fg0744","fg0024","fg0100","fg0501","fg0108"
"fq003754","vx_0d9540d6efc9819c","fg0870","1","fg0870","fg0898","fg0158","fg0180","fg0553","fg0339","fg0006","fg1000","fg0877","fg0586","fg0901","fg0830","fg0708","fg0744","fg0108","fg0311","fg0692","fg0024","fg0100","fg0113"
"fq003755","vx_0d9540d6efc9819c","fg0870","1","fg0870","fg0158","fg0898","fg0553","fg0339","fg0180","fg0708","fg1000","fg0586","fg0006","fg0901","fg0877","fg0311","fg0830","fg0024","fg0744","fg0692","fg0108","fg0100","fg0501"
"fq003756","vx_0d9540d6efc9819c","fg0870","1","fg0870","fg0158","fg0898","fg0553","fg0339","fg0180","fg0877","fg0556","fg0744","fg0586","fg0006","fg0708","fg0083","fg0311","fg1000","fg0901","fg0705","fg0830","fg0113","fg0108"
"fq003757","vx_0d9540d6efc9819c","fg0870","1","fg0870","fg0898","fg1000","fg0180","fg0158","fg0553","fg0877","fg0586","fg0705","fg0006","fg0339","fg0417","fg0708","fg0108","fg0501","fg0830","fg0113","fg0986","fg0311","fg0901"
"fq003758","vx_0d9540d6efc9819c","fg0870","1","fg0870","fg0898","fg0158","fg0180","fg0708","fg0553","fg1000","fg0339","fg0877","fg0586","fg0901","fg0024","fg0006","fg0311","fg0830","fg0108","fg0501","fg0251","fg0705","fg0744"
"fq003759","vx_0d9540d6efc9819c","fg0870","1","fg0870","fg0898","fg0158","fg0553","fg0180","fg1000","fg0877","fg0586","fg0339","fg0705","fg0708","fg0006","fg0901","fg0830","fg0311","fg0744","fg0108","fg0501","fg0113","fg0692"
"fq003760","vx_0d9540d6efc9819c","fg0870","1","fg0870","fg0898","fg0158","fg0339","fg0553","fg0006","fg0877","fg0901","fg0830","fg1000","fg0692","fg0180","fg0586","fg0708","fg0744","fg0311","fg0113","fg0786","fg0100","fg0024"
"fq003761","vx_0d9540d6efc9819c","fg0870","1","fg0870","fg0898","fg0158","fg0553","fg1000","fg0708","fg0339","fg0877","fg0180","fg0901","fg0006","fg0586","fg0501","fg0311","fg0830","fg0744","fg0024","fg0692","fg0251","fg0705"
"fq003762","vx_0d9540d6efc9819c","fg0870","1","fg0870","fg0898","fg0158","fg0180","fg0553","fg1000","fg0586","fg0339","fg0877","fg0708","fg0108","fg0006","fg0901","fg0830","fg0024","fg0311","fg0705","fg0100","fg0744","fg0928"
"fq003763","vx_0d9540d6efc9819c","fg0870","1","fg0870","fg0898","fg0158","fg0553","fg0339","fg0877","fg0006","fg0180","fg0901","fg1000","fg0830","fg0586","fg0708","fg0692","fg0311","fg0744","fg0501","fg0705","fg0113","fg0100"
"fq003764","vx_0d9540d6efc9819c","fg0870","1","fg0870","fg0158","fg0898","fg0553","fg0901","fg0339","fg0830","fg0708","fg0006","fg0744","fg0877","fg0024","fg0311","fg0180","fg0692","fg0251","fg0100","fg0083","fg1000","fg0881"
"fq003765","vx_0d9540d6efc9819c","fg0870","1","fg0870","fg0898","fg0158","fg0553","fg0180","fg0339","fg0877","fg0586","fg1000","fg0006","fg0901","fg0708","fg0311","fg0830","fg0705","fg0692","fg0501","fg0744","fg0928","fg0024"
"fq003766","vx_0d9540d6efc9819c","fg0870","1","fg0870","fg0158","fg0898","fg0553","fg0339","fg0708","fg0901","fg0180","fg0830","fg0586","fg0006","fg0877","fg1000","fg0311","fg0692","fg0251","fg0024","fg0744","fg0501","fg0108"
"fq003767","vx_0d9540d6efc9819c","fg0870","1","fg0870","fg0898","fg0158","fg0553","fg0180","fg1000","fg0877","fg0708","fg0006","fg0339","fg0586","fg0901","fg0705","fg0501","fg0830","fg0311","fg0108","fg0417","fg0986","fg0692"
"fq003768","vx_0d9540d6efc9819c","fg0870","1","fg0870","fg0158","fg0898","fg0553","fg0339","fg0901","fg0180","fg0708","fg1000","fg0586","fg0692","fg0830","fg0877","fg0311","fg0006","fg0744","fg0377","fg0501","fg0786","fg0024"
"fq003769","vx_bb5c4b4abd7327d9","fg0871","1","fg0871","fg0918","fg0606","fg0953","fg0257","fg0850","fg0009","fg0799","fg0834","fg0370","fg0341","fg0797","fg0358","fg0645","fg0326","fg0698","fg0973","fg0845","fg0174","fg0678"
"fq003770","vx_bb5c4b4abd7327d9","fg0871","1","fg0871","fg0918","fg0257","fg0953","fg0370","fg0341","fg0834","fg0606","fg0850","fg0799","fg0973","fg0563","fg0440","fg0678","fg0698","fg0326","fg0797","fg0009","fg0730","fg0617"
"fq003771","vx_8aedf6e1b5753b13","fg0872","1","fg0872","fg0762","fg0349","fg0538","fg0899","fg0522","fg0097","fg0726","fg0451","fg0235","fg0463","fg0536","fg0139","fg0197","fg0042","fg0239","fg0190","fg0321","fg0774","fg0222"
"fq003772","vx_8aedf6e1b5753b13","fg0872","1","fg0872","fg0349","fg0801","fg0264","fg0531","fg0235","fg0425","fg0225","fg0899","fg0538","fg0707","fg0762","fg0896","fg0321","fg0550","fg0429","fg0799","fg0127","fg0097","fg0993"
"fq003773","vx_8aedf6e1b5753b13","fg0872","1","fg0872","fg0895","fg0541","fg0522","fg0538","fg0469","fg0956","fg0153","fg0536","fg0557","fg0197","fg0018","fg0719","fg0584","fg1000","fg0922","fg0638","fg0711","fg0735","fg0847"
"fq003774","vx_8aedf6e1b5753b13","fg0872","1","fg0872","fg0762","fg0349","fg0899","fg0726","fg0239","fg0097","fg0251","fg0538","fg0451","fg0522","fg0225","fg0463","fg0774","fg0317","fg0235","fg0259","fg0008","fg0190","fg0799"
"fq003775","vx_8aedf6e1b5753b13","fg0872","1","fg0872","fg0762","fg0349","fg0538","fg0522","fg0097","fg0899","fg0536","fg0239","fg0463","fg0190","fg0726","fg0317","fg0197","fg0896","fg0922","fg0225","fg0042","fg0451","fg0235"
"fq003776","vx_8aedf6e1b5753b13","fg0872","1","fg0872","fg0762","fg0349","fg0899","fg0522","fg0538","fg0451","fg0726","fg0784","fg0463","fg0235","fg0298","fg0536","fg0321","fg0781","fg0774","fg0097","fg0289","fg0239","fg0020"
"fq003777","vx_8aedf6e1b5753b13","fg0872","1","fg0872","fg0762","fg0349","fg0538","fg0522","fg0536","fg0993","fg0298","fg0899","fg0042","fg0740","fg0197","fg0541","fg0429","fg0097","fg0595","fg0956","fg0222","fg0288","fg0922"
"fq003778","vx_8aedf6e1b5753b13","fg0872","1","fg0872","fg0762","fg0349","fg0899","fg0538","fg0522","fg0097","fg0235","fg0298","fg0451","fg0321","fg0042","fg0239","fg0595","fg0251","fg0896","fg0784","fg0536","fg0473","fg0020"
"fq003779","vx_8aedf6e1b5753b13","fg0872","1","fg0872","fg0762","fg0899","fg0349","fg0538","fg0522","fg0726","fg0536","fg0541","fg0239","fg0251","fg0321","fg0784","fg0451","fg0097","fg0795","fg0895","fg0094","fg0020","fg0463"
"fq003780","vx_8aedf6e1b5753b13","fg0872","1","fg0872","fg0762","fg0349","fg0538","fg0887","fg0993","fg0899","fg0956","fg0522","fg0097","fg0738","fg0859","fg0076","fg0583","fg0455","fg0429","fg0726","fg0451","fg0463","fg0251"
"fq003781","vx_8aedf6e1b5753b13","fg0872","1","fg0872","fg0762","fg0349","fg0522","fg0538","fg0956","fg0722","fg0197","fg0536","fg0097","fg0899","fg0896","fg0298","fg0638","fg0235","fg0222","fg0886","fg0042","fg0139","fg0767"
"fq003782","vx_8aedf6e1b5753b13","fg0872","1","fg0872","fg0762","fg0349","fg0899","fg0726","fg0538","fg0451","fg0097","fg0251","fg0774","fg0239","fg0235","fg0522","fg0463","fg0259","fg0321","fg0536","fg0225","fg0781","fg0799"
"fq003783","vx_8aedf6e1b5753b13","fg0872","1","fg0872","fg0762","fg0349","fg0538","fg0899","fg0726","fg0522","fg0536","fg0097","fg0317","fg0993","fg0235","fg0463","fg0139","fg0956","fg0963","fg0259","fg0197","fg0677","fg0774"
"fq003784","vx_8aedf6e1b5753b13","fg0872","1","fg0872","fg0762","fg0522","fg0538","fg0349","fg0899","fg0536","fg0895","fg0018","fg0097","fg0993","fg0298","fg0251","fg0190","fg0541","fg0239","fg0451","fg0222","fg0956","fg0455"
"fq003785","vx_8aedf6e1b5753b13","fg0872","1","fg0872","fg0541","fg0895","fg0538","fg0536","fg0522","fg0018","fg0298","fg0762","fg0197","fg0749","fg0469","fg0922","fg0956","fg0618","fg0557","fg0711","fg0451","fg0153","fg0347"
"fq003786","vx_8aedf6e1b5753b13","fg0872","1","fg0872","fg0762","fg0899","fg0349","fg0538","fg0239","fg0726","fg0097","fg0251","fg0451","fg0522","fg0463","fg0235","fg0774","fg0321","fg0190","fg0536","fg0020","fg0317","fg0094"
"fq003787","vx_8aedf6e1b5753b13","fg0872","1","fg0872","fg0762","fg0349","fg0538","fg0899","fg0522","fg0726","fg0536","fg0097","fg0317","fg0956","fg0919","fg0235","fg0197","fg0259","fg0895","fg0595","fg0463","fg0042","fg0541"
"fq003788","vx_8aedf6e1b5753b13","fg0872","1","fg0872","fg0762","fg0349","fg0538","fg0899","fg0522","fg0726","fg0774","fg0239","fg0097","fg0463","fg0536","fg0251","fg0993","fg0451","fg0235","fg0321","fg0259","fg0190","fg0139"
"fq003789","vx_8aedf6e1b5753b13","fg0872","1","fg0872","fg0762","fg0349","fg0538","fg0899","fg0993","fg0522","fg0726","fg0097","fg0239","fg0536","fg0963","fg0225","fg0251","fg0451","fg0677","fg0799","fg0595","fg0463","fg0190"
"fq003790","vx_8aedf6e1b5753b13","fg0872","1","fg0872","fg0762","fg0899","fg0349","fg0538","fg0235","fg0993","fg0522","fg0896","fg0536","fg0097","fg0774","fg0726","fg0139","fg0251","fg0541","fg0321","fg0239","fg0259","fg0376"
"fq003791","vx_8aedf6e1b5753b13","fg0872","1","fg0872","fg0762","fg0349","fg0522","fg0538","fg0899","fg0097","fg0956","fg0726","fg0536","fg0722","fg0595","fg0197","fg0317","fg0473","fg0638","fg0677","fg0451","fg0051","fg0042"
"fq003792","vx_8aedf6e1b5753b13","fg0872","1","fg0872","fg0762","fg0538","fg0451","fg0899","fg0349","fg0726","fg0522","fg0463","fg0097","fg0536","fg0251","fg0239","fg0774","fg0235","fg0321","fg0469","fg0896","fg0076","fg0376"
"fq003793","vx_8aedf6e1b5753b13","fg0872","1","fg0872","fg0762","fg0522","fg0538","fg0349","fg0536","fg0298","fg0781","fg0895","fg0235","fg0799","fg0162","fg0541","fg0919","fg0153","fg0899","fg0801","fg0896","fg0464","fg0940"
"fq003794","vx_8aedf6e1b5753b13","fg0872","1","fg0872","fg0762","fg0349","fg0899","fg0538","fg0726","fg0536","fg0522","fg0451","fg0097","fg0993","fg0239","fg0463","fg0963","fg0251","fg0235","fg0222","fg0225","fg0190","fg0541"
"fq003795","vx_8aedf6e1b5753b13","fg0872","1","fg0872","fg0762","fg0349","fg0538","fg0899","fg0239","fg0298","fg0993","fg0536","fg0251","fg0522","fg0222","fg0429","fg0740","fg0922","fg0097","fg0190","fg0288","fg0225","fg0139"
"fq003796","vx_8aedf6e1b5753b13","fg0872","1","fg0872","fg0762","fg0349","fg0522","fg0899","fg0538","fg0726","fg0097","fg0463","fg0536","fg0235","fg0317","fg0451","fg0239","fg0259","fg0321","fg0190","fg0774","fg0469","fg0251"
"fq003797","vx_8aedf6e1b5753b13","fg0872","1","fg0872","fg0762","fg0349","fg0899","fg0538","fg0726","fg0522","fg0463","fg0097","fg0451","fg0536","fg0317","fg0239","fg0235","fg0774","fg0896","fg0321","fg0190","fg0251","fg0919"
"fq003798","vx_8aedf6e1b5753b13","fg0872","1","fg0872","fg0762","fg0899","fg0349","fg0726","fg0239","fg0538","fg0251","fg0097","fg0463","fg0522","fg0774","fg0225","fg0451","fg0795","fg0317","fg0235","fg0321","fg0190","fg0536"
"fq003799","vx_8aedf6e1b5753b13","fg0872","1","fg0872","fg0762","fg0522","fg0298","fg0538","fg0349","fg0162","fg0235","fg0536","fg0781","fg0224","fg0784","fg0503","fg0583","fg0895","fg0541","fg0782","fg0241","fg0956","fg0604"
"fq003800","vx_8aedf6e1b5753b13","fg0872","1","fg0872","fg0762","fg0899","fg0349","fg0538","fg0726","fg0522","fg0993","fg0536","fg0097","fg0251","fg0235","fg0774","fg0239","fg0963","fg0451","fg0799","fg0541","fg0321","fg0008"
"fq003801","vx_8aedf6e1b5753b13","fg0872","1","fg0872","fg0762","fg0349","fg0538","fg0726","fg0899","fg0522","fg0097","fg0451","fg0463","fg0886","fg0896","fg0239","fg0139","fg0235","fg0536","fg0225","fg0799","fg0134","fg0595"
"fq003802","vx_8aedf6e1b5753b13","fg0872","48","fg0769","fg0965","fg0868","fg0956","fg0539","fg0300","fg0673","fg0197","fg0522","fg0372","fg0047","fg0153","fg0416","fg0990","fg0722","fg0421","fg0220","fg0467","fg0719","fg0735"
"fq003803","vx_8aedf6e1b5753b13","fg0872","1","fg0872","fg0762","fg0538","fg0522","fg0349","fg0956","fg0536","fg0899","fg0722","fg0595","fg0726","fg0197","fg0235","fg0896","fg0097","fg0042","fg0451","fg0139","fg0638","fg0604"
"fq003804","vx_8aedf6e1b5753b13","fg0872","1","fg0872","fg0522","fg0899","fg0538","fg0018","fg0536","fg0762","fg0469","fg0784","fg0895","fg0051","fg0347","fg0349","fg0541","fg0298","fg0956","fg0922","fg0584","fg0251","fg0233"
"fq003805","vx_8aedf6e1b5753b13","fg0872","1","fg0872","fg0762","fg0349","fg0538","fg0899","fg0522","fg0239","fg0726","fg0451","fg0097","fg0463","fg0251","fg0536","fg0020","fg0225","fg0774","fg0235","fg0094","fg0541","fg0321"
"fq003806","vx_8aedf6e1b5753b13","fg0872","1","fg0872","fg0762","fg0538","fg0298","fg0522","fg0895","fg0541","fg0536","fg0349","fg0956","fg0503","fg0153","fg0781","fg0162","fg0711","fg0233","fg0899","fg0975","fg0469","fg0224"
"fq003807","vx_8aedf6e1b5753b13","fg0872","1","fg0872","fg0895","fg0541","fg0956","fg0538","fg0522","fg0153","fg0349","fg0536","fg0762","fg0735","fg0197","fg0557","fg0719","fg0298","fg0222","fg0919","fg0899","fg0963","fg0711"
"fq003808","vx_8aedf6e1b5753b13","fg0872","1","fg0872","fg0762","fg0538","fg0899","fg0349","fg0522","fg0097","fg0251","fg0993","fg0235","fg0536","fg0784","fg0774","fg0020","fg0726","fg0963","fg0463","fg0298","fg0222","fg0896"
"fq003809","vx_a8ac76c8bf328dab","fg0873","1","fg0873","fg0108","fg0140","fg0906","fg0021","fg0283","fg0558","fg0810","fg0151","fg0198","fg0559","fg0327","fg0091","fg0272","fg0299","fg0641","fg0046","fg0897","fg0621","fg0988"
"fq003810","vx_a8ac76c8bf328dab","fg0873","1","fg0873","fg0108","fg0140","fg0906","fg0151","fg0559","fg0283","fg0734","fg0621","fg0810","fg0327","fg0299","fg0880","fg0091","fg0859","fg0641","fg0444","fg0768","fg0820","fg0897"
"fq003811","vx_a8ac76c8bf328dab","fg0873","1","fg0873","fg0021","fg0283","fg0558","fg0108","fg0621","fg0859","fg0852","fg0198","fg0008","fg0707","fg0088","fg0589","fg0929","fg0772","fg0665","fg0428","fg0484","fg0906","fg0432"
"fq003812","vx_a8ac76c8bf328dab","fg0873","1","fg0873","fg0621","fg0021","fg0283","fg0558","fg0108","fg0929","fg0008","fg0707","fg0310","fg0589","fg0852","fg0088","fg0897","fg0198","fg0428","fg0031","fg0529","fg0214","fg0906"
"fq003813","vx_c795d8c56532390e","fg0874","1","fg0874","fg0979","fg0149","fg0094","fg0061","fg0708","fg0257","fg0903","fg0497","fg0064","fg0598","fg0085","fg0192","fg0117","fg0953","fg0431","fg0144","fg0054","fg0227","fg0318"
"fq003814","vx_4d0974e9de5c42dc","fg0875","1","fg0875","fg0918","fg0935","fg0764","fg0084","fg0125","fg0366","fg0887","fg0674","fg0983","fg0374","fg0089","fg0168","fg0675","fg0776","fg0731","fg0952","fg0818","fg0513","fg0471"
"fq003815","vx_c1c248db2cfa94ff","fg0876","1","fg0876","fg0301","fg0822","fg0987","fg0582","fg0031","fg0549","fg0797","fg0501","fg0021","fg0308","fg0246","fg0944","fg0140","fg0277","fg0842","fg0493","fg0670","fg0101","fg0196"
"fq003816","vx_c1c248db2cfa94ff","fg0876","1","fg0876","fg0301","fg0822","fg0987","fg0582","fg0031","fg0549","fg0308","fg0021","fg0797","fg0501","fg0246","fg0101","fg0842","fg0944","fg0493","fg0196","fg0351","fg0111","fg0140"
"fq003817","vx_23c2c8340bb25c94","fg0877","1","fg0877","fg0992","fg0632","fg0870","fg0722","fg0290","fg0283","fg0417","fg0132","fg0510","fg0269","fg0360","fg0366","fg0851","fg0653","fg0699","fg0522","fg0006","fg0171","fg0305"
"fq003818","vx_9b9704f284a64cff","fg0878","1","fg0878","fg0077","fg0510","fg0070","fg0895","fg0719","fg0789","fg0153","fg0291","fg0363","fg0132","fg0488","fg0321","fg0809","fg0541","fg0983","fg0390","fg0417","fg0970","fg0197"
"fq003819","vx_86646817e9b5aa21","fg0879","1","fg0879","fg0485","fg0289","fg0452","fg0885","fg0076","fg0466","fg0533","fg0451","fg0527","fg0943","fg0186","fg0410","fg0997","fg0392","fg0031","fg0886","fg0301","fg0487","fg0309"
"fq003820","vx_f832e65171fa5b7b","fg0880","1","fg0880","fg0823","fg0755","fg0721","fg0289","fg0256","fg0696","fg0967","fg0324","fg0495","fg0650","fg0262","fg0711","fg0508","fg0194","fg0810","fg0246","fg0442","fg0066","fg0807"
"fq003821","vx_f832e65171fa5b7b","fg0880","1","fg0880","fg0823","fg0755","fg0721","fg0810","fg0711","fg0650","fg0289","fg0508","fg0256","fg0967","fg0495","fg0442","fg0066","fg0696","fg0796","fg0992","fg0179","fg0644","fg0014"
"fq003822","vx_f832e65171fa5b7b","fg0880","1","fg0880","fg0823","fg0755","fg0721","fg0810","fg0650","fg0711","fg0796","fg0289","fg0256","fg0495","fg0967","fg0508","fg0066","fg0262","fg0559","fg0528","fg0349","fg0246","fg0545"
"fq003823","vx_f832e65171fa5b7b","fg0880","1","fg0880","fg0823","fg0755","fg0810","fg0721","fg0559","fg0495","fg0528","fg0711","fg0299","fg0275","fg0151","fg0650","fg0967","fg0784","fg0464","fg0289","fg0403","fg0644","fg0545"
"fq003824","vx_f832e65171fa5b7b","fg0880","1","fg0880","fg0823","fg0721","fg0755","fg0810","fg0711","fg0289","fg0650","fg0559","fg0495","fg0324","fg0967","fg0545","fg0508","fg0644","fg0256","fg0442","fg0066","fg0992","fg0909"
"fq003825","vx_f832e65171fa5b7b","fg0880","1","fg0880","fg0823","fg0721","fg0755","fg0650","fg0711","fg0810","fg0256","fg0289","fg0508","fg0967","fg0495","fg0545","fg0066","fg0696","fg0262","fg0992","fg0349","fg0559","fg0324"
"fq003826","vx_f832e65171fa5b7b","fg0880","1","fg0880","fg0823","fg0755","fg0721","fg0289","fg0810","fg0324","fg0711","fg0495","fg0559","fg0349","fg0650","fg0256","fg0545","fg0644","fg0967","fg0796","fg0194","fg0367","fg0807"
"fq003827","vx_f832e65171fa5b7b","fg0880","1","fg0880","fg0823","fg0721","fg0755","fg0810","fg0796","fg0711","fg0495","fg0650","fg0289","fg0508","fg0439","fg0556","fg0256","fg0967","fg0349","fg0066","fg0014","fg0696","fg0947"
"fq003828","vx_f832e65171fa5b7b","fg0880","1","fg0880","fg0823","fg0755","fg0721","fg0711","fg0650","fg0289","fg0810","fg0508","fg0256","fg0066","fg0796","fg0967","fg0495","fg0696","fg0442","fg0179","fg0545","fg0992","fg0349"
"fq003829","vx_f832e65171fa5b7b","fg0880","1","fg0880","fg0823","fg0755","fg0721","fg0810","fg0711","fg0650","fg0289","fg0784","fg0508","fg0495","fg0559","fg0967","fg0066","fg0442","fg0545","fg0256","fg0992","fg0528","fg0367"
"fq003830","vx_f832e65171fa5b7b","fg0880","1","fg0880","fg0823","fg0755","fg0711","fg0721","fg0810","fg0967","fg0650","fg0289","fg0508","fg0256","fg0784","fg0066","fg0495","fg0262","fg0545","fg0014","fg0324","fg0246","fg0442"
"fq003831","vx_049fb44e1b550100","fg0881","1","fg0881","fg0622","fg0744","fg0383","fg0083","fg0902","fg0352","fg0644","fg0805","fg0198","fg0128","fg0803","fg0914","fg0087","fg0377","fg0449","fg0060","fg0379","fg0693","fg0178"
"fq003832","vx_049fb44e1b550100","fg0881","1","fg0881","fg0622","fg0744","fg0383","fg0083","fg0902","fg0352","fg0644","fg0805","fg0128","fg0198","fg0803","fg0377","fg0482","fg0305","fg0449","fg0178","fg0087","fg0379","fg0914"
"fq003833","vx_049fb44e1b550100","fg0881","1","fg0881","fg0622","fg0744","fg0383","fg0083","fg0352","fg0902","fg0644","fg0805","fg0198","fg0803","fg0377","fg0087","fg0914","fg0128","fg0071","fg0449","fg0060","fg0693","fg0178"
"fq003834","vx_049fb44e1b550100","fg0881","1","fg0881","fg0622","fg0744","fg0383","fg0083","fg0902","fg0352","fg0644","fg0805","fg0198","fg0128","fg0803","fg0914","fg0087","fg0377","fg0178","fg0449","fg0482","fg0305","fg0379"
"fq003835","vx_049fb44e1b550100","fg0881","1","fg0881","fg0744","fg0622","fg0902","fg0383","fg0352","fg0083","fg0644","fg0805","fg0071","fg0914","fg0377","fg0766","fg0002","fg0363","fg0693","fg0569","fg0087","fg0240","fg0128"
"fq003836","vx_049fb44e1b550100","fg0881","1","fg0881","fg0622","fg0744","fg0383","fg0083","fg0352","fg0902","fg0644","fg0805","fg0198","fg0803","fg0128","fg0377","fg0087","fg0914","fg0449","fg0071","fg0558","fg0178","fg0060"
"fq003837","vx_049fb44e1b550100","fg0881","1","fg0881","fg0622","fg0744","fg0383","fg0083","fg0352","fg0902","fg0644","fg0805","fg0198","fg0087","fg0128","fg0803","fg0377","fg0914","fg0460","fg0071","fg0449","fg0247","fg0604"
"fq003838","vx_eb70d7dcdd3cda81","fg0882","1","fg0882","fg0704","fg0680","fg0777","fg0792","fg0705","fg0422","fg0614","fg0693","fg0148","fg0475","fg0699","fg0277","fg0558","fg0871","fg0149","fg0617","fg0351","fg0928","fg0072"
"fq003839","vx_eb70d7dcdd3cda81","fg0882","1","fg0882","fg0704","fg0680","fg0792","fg0777","fg0705","fg0693","fg0614","fg0422","fg0475","fg0699","fg0148","fg0277","fg0520","fg0149","fg0558","fg0617","fg0351","fg0871","fg0072"
"fq003840","vx_eb70d7dcdd3cda81","fg0882","1","fg0882","fg0704","fg0680","fg0792","fg0777","fg0705","fg0422","fg0693","fg0475","fg0614","fg0699","fg0148","fg0558","fg0277","fg0149","fg0871","fg0520","fg0072","fg0351","fg0617"
"fq003841","vx_eb70d7dcdd3cda81","fg0882","1","fg0882","fg0704","fg0792","fg0680","fg0777","fg0422","fg0693","fg0475","fg0614","fg0705","fg0699","fg0148","fg0295","fg0558","fg0277","fg0149","fg0271","fg0351","fg0925","fg0126"
"fq003842","vx_eb70d7dcdd3cda81","fg0882","1","fg0882","fg0704","fg0777","fg0680","fg0792","fg0705","fg0614","fg0422","fg0693","fg0699","fg0148","fg0277","fg0475","fg0558","fg0871","fg0351","fg0617","fg0311","fg0520","fg0149"
"fq003843","vx_eb70d7dcdd3cda81","fg0882","1","fg0882","fg0777","fg0704","fg0422","fg0705","fg0614","fg0693","fg0871","fg0699","fg0277","fg0148","fg0998","fg0591","fg0475","fg0520","fg0792","fg0925","fg0311","fg0632","fg0558"
"fq003844","vx_eb70d7dcdd3cda81","fg0882","1","fg0882","fg0704","fg0680","fg0777","fg0792","fg0422","fg0693","fg0705","fg0614","fg0148","fg0475","fg0699","fg0149","fg0277","fg0558","fg0871","fg0577","fg0520","fg0351","fg0617"
"fq003845","vx_b883c0b4ed9af243","fg0883","1","fg0883","fg0440","fg0932","fg0708","fg0358","fg0522","fg0093","fg0296","fg0537","fg0341","fg0550","fg0816","fg0753","fg0179","fg0269","fg0606","fg0143","fg0859","fg0975","fg0332"
"fq003846","vx_cb457cbe3ce3bee5","fg0884","1","fg0884","fg0389","fg0333","fg0363","fg0885","fg0583","fg0224","fg0313","fg0123","fg0320","fg0846","fg0130","fg0572","fg0533","fg0758","fg0936","fg0569","fg0052","fg0886","fg0839"
"fq003847","vx_cb457cbe3ce3bee5","fg0884","1","fg0884","fg0224","fg0572","fg0583","fg0909","fg0389","fg0363","fg0320","fg0451","fg0313","fg0052","fg0333","fg0983","fg0466","fg0886","fg0846","fg0737","fg0501","fg0796","fg0839"
"fq003848","vx_cb457cbe3ce3bee5","fg0884","1","fg0884","fg0389","fg0333","fg0363","fg0572","fg0885","fg0224","fg0123","fg0313","fg0583","fg0503","fg0839","fg0569","fg0320","fg0533","fg0574","fg0846","fg0451","fg0758","fg0130"
"fq003849","vx_cb457cbe3ce3bee5","fg0884","1","fg0884","fg0389","fg0333","fg0572","fg0569","fg0363","fg0885","fg0355","fg0451","fg0327","fg0313","fg0846","fg0574","fg0583","fg0503","fg0392","fg0123","fg0320","fg0533","fg0968"
"fq003850","vx_cb457cbe3ce3bee5","fg0884","1","fg0884","fg0224","fg0363","fg0355","fg0583","fg0313","fg0333","fg0909","fg0936","fg0846","fg0451","fg0389","fg0729","fg0961","fg0357","fg0466","fg0320","fg0983","fg0572","fg0052"
"fq003851","vx_cb457cbe3ce3bee5","fg0884","1","fg0884","fg0389","fg0313","fg0583","fg0363","fg0320","fg0572","fg0333","fg0224","fg0130","fg0885","fg0355","fg0451","fg0846","fg0569","fg0839","fg0886","fg0983","fg0496","fg0466"
"fq003852","vx_cb457cbe3ce3bee5","fg0884","1","fg0884","fg0389","fg0333","fg0392","fg0574","fg0569","fg0572","fg0885","fg0363","fg0320","fg0758","fg0451","fg0313","fg0846","fg0327","fg0123","fg0583","fg0533","fg0968","fg0778"
"fq003853","vx_cb457cbe3ce3bee5","fg0884","1","fg0884","fg0389","fg0572","fg0363","fg0224","fg0333","fg0885","fg0313","fg0839","fg0123","fg0583","fg0503","fg0320","fg0688","fg0846","fg0533","fg0936","fg0130","fg0298","fg0180"
"fq003854","vx_cb457cbe3ce3bee5","fg0884","1","fg0884","fg0389","fg0363","fg0885","fg0572","fg0333","fg0313","fg0451","fg0839","fg0320","fg0275","fg0583","fg0533","fg0569","fg0224","fg0123","fg0355","fg0503","fg0886","fg0846"
"fq003855","vx_cb457cbe3ce3bee5","fg0884","1","fg0884","fg0363","fg0333","fg0389","fg0320","fg0885","fg0224","fg0583","fg0572","fg0130","fg0451","fg0313","fg0533","fg0123","fg0983","fg0846","fg0886","fg0052","fg0936","fg0501"
"fq003856","vx_cb457cbe3ce3bee5","fg0884","1","fg0884","fg0363","fg0583","fg0451","fg0389","fg0313","fg0885","fg0569","fg0333","fg0839","fg0224","fg0572","fg0846","fg0123","fg0320","fg0355","fg0501","fg0503","fg0936","fg0909"
"fq003857","vx_cb457cbe3ce3bee5","fg0884","1","fg0884","fg0389","fg0572","fg0363","fg0313","fg0333","fg0885","fg0478","fg0320","fg0839","fg0583","fg0224","fg0275","fg0130","fg0533","fg0355","fg0968","fg0123","fg0886","fg0569"
"fq003858","vx_cb457cbe3ce3bee5","fg0884","1","fg0884","fg0389","fg0572","fg0363","fg0224","fg0503","fg0839","fg0123","fg0333","fg0313","fg0583","fg0885","fg0909","fg0846","fg0533","fg0275","fg0320","fg0569","fg0298","fg0451"
"fq003859","vx_cb457cbe3ce3bee5","fg0884","1","fg0884","fg0572","fg0224","fg0389","fg0313","fg0583","fg0839","fg0320","fg0363","fg0983","fg0451","fg0909","fg0885","fg0123","fg0333","fg0275","fg0886","fg0846","fg0357","fg0478"
"fq003860","vx_cb457cbe3ce3bee5","fg0884","1","fg0884","fg0572","fg0503","fg0839","fg0313","fg0389","fg0224","fg0363","fg0885","fg0688","fg0275","fg0123","fg0583","fg0355","fg0320","fg0333","fg0298","fg0936","fg0865","fg0357"
"fq003861","vx_cb457cbe3ce3bee5","fg0884","1","fg0884","fg0389","fg0333","fg0363","fg0392","fg0569","fg0574","fg0885","fg0572","fg0451","fg0320","fg0968","fg0846","fg0123","fg0313","fg0327","fg0533","fg0478","fg0690","fg0583"
"fq003862","vx_32bba36dafb972cc","fg0885","2","fg0533","fg0885","fg0527","fg0186","fg0500","fg0130","fg0569","fg0879","fg0466","fg0886","fg0758","fg0388","fg0320","fg0001","fg0936","fg0485","fg0968","fg0490","fg0793","fg0333"
"fq003863","vx_32bba36dafb972cc","fg0885","1","fg0885","fg0533","fg0527","fg0569","fg0186","fg0130","fg0758","fg0936","fg0388","fg0001","fg0490","fg0466","fg0500","fg0907","fg0886","fg0879","fg0333","fg0573","fg0320","fg0123"
"fq003864","vx_1d28ecdd74238731","fg0886","1","fg0886","fg0389","fg0392","fg0333","fg0182","fg0885","fg0879","fg0533","fg0434","fg0884","fg0983","fg0771","fg0574","fg0451","fg0320","fg0846","fg0527","fg0441","fg0109","fg0042"
"fq003865","vx_bebc6bb49f370280","fg0887","1","fg0887","fg0032","fg0004","fg0396","fg0934","fg0100","fg0089","fg0406","fg0202","fg0920","fg0875","fg0266","fg0034","fg0314","fg0309","fg0935","fg0346","fg0024","fg0386","fg0349"
"fq003866","vx_aa08d5ebf4ed3166","fg0888","50","fg0673","fg0990","fg0167","fg0509","fg0769","fg0047","fg0659","fg0922","fg0018","fg0411","fg0296","fg0027","fg0440","fg0512","fg0260","fg0031","fg0993","fg0754","fg0147","fg0938"
"fq003867","vx_aa08d5ebf4ed3166","fg0888","1","fg0888","fg0828","fg0577","fg0119","fg0361","fg0938","fg0262","fg0400","fg0148","fg0781","fg0271","fg0499","fg0967","fg0021","fg0617","fg0226","fg0509","fg0315","fg0256","fg0789"
"fq003868","vx_aa08d5ebf4ed3166","fg0888","1","fg0888","fg0262","fg0781","fg0256","fg0967","fg0246","fg0789","fg0938","fg0148","fg0361","fg0577","fg0221","fg0828","fg0619","fg0119","fg0021","fg0277","fg0400","fg0499","fg0807"
"fq003869","vx_aa08d5ebf4ed3166","fg0888","1","fg0888","fg0828","fg0938","fg0781","fg0241","fg0148","fg0577","fg0617","fg0315","fg0400","fg0262","fg0256","fg0361","fg0967","fg0321","fg0021","fg0235","fg0119","fg0246","fg0226"
"fq003870","vx_aa08d5ebf4ed3166","fg0888","1","fg0888","fg0828","fg0577","fg0781","fg0148","fg0361","fg0256","fg0617","fg0938","fg0119","fg0967","fg0262","fg0400","fg0021","fg0807","fg0315","fg0277","fg0246","fg0582","fg0560"
"fq003871","vx_9cca2c6f38b131eb","fg0889","1","fg0889","fg0117","fg0584","fg0297","fg0587","fg0227","fg0371","fg0388","fg0169","fg0173","fg0267","fg0347","fg0270","fg0334","fg0397","fg0527","fg0211","fg0298","fg0503","fg0976"
"fq003872","vx_202e2022ec125f87","fg0890","1","fg0890","fg0024","fg0946","fg0609","fg0259","fg0755","fg0238","fg0949","fg0470","fg0326","fg0763","fg0739","fg0670","fg0683","fg0908","fg0909","fg0190","fg0738","fg0239","fg0481"
"fq003873","vx_f76e0a82ee6d6f60","fg0891","1","fg0891","fg0082","fg0230","fg0307","fg0039","fg0530","fg0096","fg0472","fg0139","fg0397","fg0788","fg0475","fg0429","fg0330","fg0716","fg0312","fg0165","fg0862","fg0491","fg0459"
"fq003874","vx_793939f2d0d17570","fg0892","1","fg0892","fg0310","fg0986","fg0897","fg0046","fg0428","fg0108","fg0229","fg0172","fg0929","fg0169","fg0779","fg0214","fg0550","fg0934","fg0532","fg0589","fg1000","fg0952","fg0288"
"fq003875","vx_793939f2d0d17570","fg0892","1","fg0892","fg0310","fg0986","fg0897","fg0046","fg0428","fg0779","fg0169","fg0108","fg0229","fg0172","fg0929","fg0214","fg0550","fg0656","fg0589","fg0532","fg0587","fg0801","fg1000"
"fq003876","vx_793939f2d0d17570","fg0892","1","fg0892","fg0310","fg0897","fg0986","fg0046","fg0428","fg0172","fg0229","fg0108","fg0214","fg0929","fg0169","fg0779","fg0550","fg0656","fg0801","fg0560","fg0776","fg0589","fg0944"
"fq003877","vx_793939f2d0d17570","fg0892","1","fg0892","fg0310","fg0986","fg0897","fg0046","fg0428","fg0779","fg0169","fg0108","fg0229","fg0172","fg0214","fg0929","fg0656","fg0826","fg0589","fg0550","fg0532","fg0952","fg0944"
"fq003878","vx_70a3003d38a2625b","fg0893","1","fg0893","fg0863","fg0980","fg0048","fg0464","fg0989","fg0648","fg0947","fg0528","fg0495","fg0327","fg0131","fg0389","fg0793","fg0698","fg0826","fg0588","fg0779","fg0247","fg0551"
"fq003879","vx_39c1b751910a79fb","fg0894","1","fg0894","fg0251","fg0904","fg0807","fg0651","fg0697","fg0564","fg0655","fg0917","fg0547","fg0686","fg0864","fg0467","fg0202","fg0121","fg0794","fg0440","fg0055","fg0151","fg0227"
"fq003880","vx_39c1b751910a79fb","fg0894","1","fg0894","fg0564","fg0121","fg0955","fg0904","fg0655","fg0251","fg0651","fg0697","fg0467","fg0202","fg0409","fg0984","fg0864","fg0821","fg0209","fg0917","fg0942","fg0547","fg0807"
"fq003881","vx_39c1b751910a79fb","fg0894","1","fg0894","fg0904","fg0564","fg0251","fg0697","fg0121","fg0467","fg0547","fg0651","fg0202","fg0655","fg0955","fg0864","fg0409","fg0917","fg0807","fg0293","fg0686","fg0813","fg0798"
"fq003882","vx_39c1b751910a79fb","fg0894","1","fg0894","fg0251","fg0904","fg0564","fg0697","fg0651","fg0202","fg0655","fg0917","fg0121","fg0955","fg0467","fg0547","fg0798","fg0807","fg0864","fg0511","fg0409","fg0829","fg0939"
"fq003883","vx_dededf8bf05f1c8a","fg0895","1","fg0895","fg0541","fg0018","fg1000","fg0781","fg0469","fg0536","fg0859","fg0549","fg0632","fg0789","fg0684","fg0522","fg0077","fg0607","fg0776","fg0197","fg0321","fg0809","fg0922"
"fq003884","vx_dededf8bf05f1c8a","fg0895","1","fg0895","fg0541","fg0018","fg0469","fg1000","fg0536","fg0781","fg0549","fg0684","fg0522","fg0632","fg0077","fg0859","fg0809","fg0584","fg0069","fg0910","fg0878","fg0607","fg0789"
"fq003885","vx_dededf8bf05f1c8a","fg0895","1","fg0895","fg1000","fg0541","fg0018","fg0549","fg0970","fg0522","fg0264","fg0859","fg0707","fg0809","fg0781","fg0684","fg0077","fg0607","fg0536","fg0776","fg0878","fg0469","fg0789"
"fq003886","vx_dededf8bf05f1c8a","fg0895","1","fg0895","fg0018","fg0541","fg1000","fg0536","fg0469","fg0781","fg0522","fg0584","fg0684","fg0077","fg0859","fg0549","fg0197","fg0735","fg0153","fg0607","fg0789","fg0825","fg0922"
"fq003887","vx_dededf8bf05f1c8a","fg0895","1","fg0895","fg0541","fg0018","fg0469","fg1000","fg0781","fg0536","fg0522","fg0632","fg0549","fg0859","fg0789","fg0607","fg0878","fg0947","fg0809","fg0077","fg0684","fg0153","fg0557"
"fq003888","vx_dededf8bf05f1c8a","fg0895","1","fg0895","fg0018","fg0541","fg0536","fg0469","fg0781","fg1000","fg0684","fg0859","fg0549","fg0698","fg0789","fg0584","fg0522","fg0632","fg0607","fg0947","fg0321","fg0599","fg0153"
"fq003889","vx_d2ada97d2338fe0d","fg0896","1","fg0896","fg0150","fg0759","fg0036","fg0209","fg0616","fg0796","fg0399","fg0044","fg0141","fg0701","fg0721","fg0537","fg0224","fg0065","fg0610","fg0626","fg0471","fg0824","fg0237"
"fq003890","vx_647362945d3c77da","fg0897","1","fg0897","fg0310","fg0414","fg0046","fg0986","fg0108","fg0428","fg0892","fg0283","fg0043","fg0929","fg0214","fg0589","fg0172","fg0873","fg0229","fg0496","fg0934","fg0687","fg0559"
"fq003891","vx_647362945d3c77da","fg0897","1","fg0897","fg0310","fg0414","fg0046","fg0986","fg0892","fg0108","fg0428","fg0043","fg0929","fg0559","fg0283","fg0172","fg0214","fg0589","fg0706","fg0802","fg0229","fg0810","fg0496"
"fq003892","vx_afbcc2d67ccbc43e","fg0898","1","fg0898","fg0183","fg0870","fg0132","fg0887","fg0321","fg0551","fg0510","fg0538","fg0434","fg0282","fg0940","fg0473","fg0070","fg0928","fg0878","fg0374","fg0368","fg0113","fg0517"
"fq003893","vx_afbcc2d67ccbc43e","fg0898","1","fg0898","fg0183","fg0870","fg0887","fg0551","fg0404","fg0282","fg0434","fg0510","fg0132","fg0473","fg0070","fg0928","fg0113","fg0940","fg0538","fg0321","fg0517","fg0368","fg0134"
"fq003894","vx_2446d3789ecc9196","fg0899","1","fg0899","fg0700","fg0427","fg0077","fg0975","fg0455","fg0956","fg0773","fg0359","fg0097","fg0252","fg0940","fg0538","fg0081","fg0642","fg0276","fg0404","fg0872","fg0726","fg0701"
"fq003895","vx_68302e60d8fcb687","fg0900","1","fg0900","fg0116","fg0055","fg0909","fg0776","fg0679","fg0516","fg0013","fg0229","fg0063","fg0666","fg0428","fg0748","fg0918","fg0818","fg0021","fg0295","fg0558","fg0171","fg0009"
"fq003896","vx_4ad97dc54577b8cd","fg0901","1","fg0901","fg0830","fg0786","fg0339","fg0158","fg0795","fg0911","fg0870","fg0391","fg0002","fg0470","fg0480","fg0586","fg0625","fg0623","fg0817","fg0125","fg0725","fg0849","fg0954"
"fq003897","vx_4ad97dc54577b8cd","fg0901","1","fg0901","fg0830","fg0786","fg0339","fg0158","fg0911","fg0795","fg0625","fg0870","fg0002","fg0391","fg0799","fg0470","fg0480","fg0125","fg0586","fg0932","fg0623","fg0817","fg0725"
"fq003898","vx_0cece4c9f2bc9044","fg0902","1","fg0902","fg0622","fg0881","fg0744","fg0352","fg0383","fg0083","fg0644","fg0979","fg0064","fg0449","fg0764","fg0136","fg0460","fg0060","fg0693","fg0540","fg0400","fg0874","fg0985"
"fq003899","vx_feaddddaa454086c","fg0903","1","fg0903","fg0192","fg0289","fg0352","fg0774","fg0874","fg0708","fg0068","fg0964","fg0293","fg0933","fg0450","fg0960","fg0979","fg0054","fg0930","fg0341","fg0061","fg0603","fg0531"
"fq003900","vx_feaddddaa454086c","fg0903","1","fg0903","fg0192","fg0708","fg0352","fg0068","fg0874","fg0960","fg0933","fg0061","fg0974","fg0774","fg0054","fg0563","fg0341","fg0257","fg0289","fg0979","fg0020","fg0691","fg0598"
"fq003901","vx_feaddddaa454086c","fg0903","1","fg0903","fg0068","fg0192","fg0964","fg0874","fg0708","fg0341","fg0930","fg0392","fg0960","fg0933","fg0061","fg0020","fg0129","fg0774","fg0598","fg0974","fg0785","fg0979","fg0816"
"fq003902","vx_feaddddaa454086c","fg0903","1","fg0903","fg0192","fg0930","fg0068","fg0708","fg0874","fg0352","fg0289","fg0341","fg0284","fg0646","fg0960","fg0450","fg0774","fg0045","fg0149","fg0785","fg0933","fg0359","fg0974"
"fq003903","vx_feaddddaa454086c","fg0903","1","fg0903","fg0192","fg0352","fg0068","fg0563","fg0774","fg0691","fg0708","fg0508","fg0450","fg0960","fg0413","fg0705","fg0286","fg0874","fg0933","fg0603","fg0816","fg0293","fg0359"
"fq003904","vx_feaddddaa454086c","fg0903","1","fg0903","fg0352","fg0192","fg0293","fg0691","fg0531","fg0774","fg0068","fg0413","fg0061","fg0994","fg0664","fg0730","fg0289","fg0951","fg0341","fg0874","fg0933","fg0603","fg0563"
"fq003905","vx_feaddddaa454086c","fg0903","1","fg0903","fg0192","fg0352","fg0068","fg0974","fg0708","fg0874","fg0293","fg0598","fg0341","fg0960","fg0979","fg0691","fg0933","fg0007","fg0061","fg0994","fg0774","fg0730","fg0953"
"fq003906","vx_feaddddaa454086c","fg0903","1","fg0903","fg0192","fg0874","fg0352","fg0930","fg0708","fg0450","fg0061","fg0068","fg0774","fg0563","fg0054","fg0933","fg0289","fg0341","fg0964","fg0227","fg0293","fg0607","fg0691"
"fq003907","vx_feaddddaa454086c","fg0903","1","fg0903","fg0192","fg0352","fg0068","fg0874","fg0774","fg0816","fg0691","fg0293","fg0450","fg0708","fg0341","fg0284","fg0286","fg0705","fg0563","fg0730","fg0933","fg0289","fg0413"
"fq003908","vx_feaddddaa454086c","fg0903","1","fg0903","fg0352","fg0192","fg0691","fg0293","fg0289","fg0730","fg0994","fg0413","fg0654","fg0068","fg0531","fg0061","fg0603","fg0874","fg0974","fg0020","fg0951","fg0341","fg0045"
"fq003909","vx_feaddddaa454086c","fg0903","1","fg0903","fg0192","fg0352","fg0874","fg0068","fg0341","fg0933","fg0774","fg0730","fg0286","fg0061","fg0563","fg0450","fg0284","fg0708","fg0974","fg0743","fg0816","fg0293","fg0960"
"fq003910","vx_feaddddaa454086c","fg0903","1","fg0903","fg0192","fg0352","fg0068","fg0341","fg0603","fg0874","fg0743","fg0598","fg0691","fg0708","fg0284","fg0646","fg0450","fg0606","fg0979","fg0286","fg0832","fg0061","fg0933"
"fq003911","vx_feaddddaa454086c","fg0903","1","fg0903","fg0192","fg0352","fg0068","fg0930","fg0293","fg0603","fg0874","fg0816","fg0341","fg0933","fg0730","fg0284","fg0774","fg0664","fg0413","fg0096","fg0286","fg0606","fg0974"
"fq003912","vx_feaddddaa454086c","fg0903","1","fg0903","fg0192","fg0289","fg0352","fg0874","fg0068","fg0341","fg0774","fg0964","fg0293","fg0708","fg0646","fg0979","fg0603","fg0598","fg0061","fg0045","fg0933","fg0450","fg0284"
"fq003913","vx_feaddddaa454086c","fg0903","1","fg0903","fg0054","fg0930","fg0192","fg0440","fg0607","fg0352","fg0601","fg0068","fg0061","fg0257","fg0874","fg0708","fg0289","fg0686","fg0598","fg0979","fg0691","fg0974","fg0227"
"fq003914","vx_feaddddaa454086c","fg0903","1","fg0903","fg0192","fg0068","fg0960","fg0708","fg0598","fg0874","fg0359","fg0993","fg0933","fg0979","fg0054","fg0061","fg0149","fg0974","fg0284","fg0440","fg0341","fg0257","fg0318"
"fq003915","vx_feaddddaa454086c","fg0903","1","fg0903","fg0192","fg0352","fg0691","fg0708","fg0068","fg0774","fg0061","fg0960","fg0874","fg0054","fg0289","fg0603","fg0705","fg0450","fg0149","fg0933","fg0286","fg0359","fg0293"
"fq003916","vx_feaddddaa454086c","fg0903","1","fg0903","fg0352","fg0192","fg0068","fg0341","fg0874","fg0061","fg0974","fg0774","fg0646","fg0708","fg0598","fg0933","fg0289","fg0286","fg0563","fg0730","fg0451","fg0293","fg0979"
"fq003917","vx_feaddddaa454086c","fg0903","1","fg0903","fg0192","fg0352","fg0708","fg0874","fg0930","fg0068","fg0960","fg0691","fg0061","fg0289","fg0774","fg0054","fg0149","fg0603","fg0284","fg0933","fg0450","fg0359","fg0413"
"fq003918","vx_feaddddaa454086c","fg0903","1","fg0903","fg0352","fg0192","fg0341","fg0774","fg0874","fg0068","fg0061","fg0933","fg0960","fg0563","fg0708","fg0450","fg0691","fg0743","fg0705","fg0974","fg0286","fg0730","fg0094"
"fq003919","vx_feaddddaa454086c","fg0903","1","fg0903","fg0192","fg0352","fg0068","fg0774","fg0874","fg0563","fg0061","fg0708","fg0341","fg0598","fg0691","fg0289","fg0603","fg0286","fg0646","fg0293","fg0450","fg0974","fg0607"
"fq003920","vx_f72731771f74c531","fg0904","1","fg0904","fg0547","fg0447","fg0894","fg0092","fg0293","fg0043","fg0802","fg0373","fg0687","fg0917","fg0280","fg0423","fg0199","fg0711","fg0762","fg0798","fg0725","fg0820","fg0435"
"fq003921","vx_7086d1fda3a625bd","fg0905","1","fg0905","fg0999","fg0601","fg0702","fg0841","fg0411","fg0830","fg0615","fg0203","fg0849","fg0596","fg0152","fg0132","fg0315","fg0543","fg0912","fg0272","fg0580","fg0988","fg0681"
"fq003922","vx_196d71be1c15b064","fg0906","1","fg0906","fg0272","fg0413","fg0570","fg0707","fg0611","fg0151","fg0912","fg0461","fg0961","fg0873","fg0529","fg0559","fg0114","fg0432","fg0327","fg0521","fg0275","fg0344","fg0855"
"fq003923","vx_0416a2375de6999c","fg0907","1","fg0907","fg0843","fg0211","fg0513","fg0573","fg0657","fg0588","fg0334","fg0942","fg0106","fg0059","fg0976","fg0191","fg0490","fg0025","fg0039","fg0397","fg0936","fg0195","fg0367"
"fq003924","vx_0416a2375de6999c","fg0907","1","fg0907","fg0843","fg0513","fg0573","fg0059","fg0942","fg0211","fg0106","fg0657","fg0334","fg0588","fg0976","fg0039","fg0186","fg0367","fg0490","fg0126","fg0025","fg0808","fg0397"
"fq003925","vx_0416a2375de6999c","fg0907","1","fg0907","fg0843","fg0513","fg0211","fg0334","fg0573","fg0106","fg0588","fg0059","fg0657","fg0942","fg0397","fg0976","fg0490","fg0025","fg0039","fg0191","fg0173","fg0186","fg0527"
"fq003926","vx_42d2ba6edd93a450","fg0908","1","fg0908","fg0070","fg0481","fg0946","fg0890","fg0029","fg0238","fg0470","fg0163","fg0326","fg0739","fg0763","fg0510","fg0436","fg0590","fg0699","fg0242","fg0661","fg0878","fg0597"
"fq003927","vx_51278ccc3ddad30a","fg0909","1","fg0909","fg0796","fg0092","fg0838","fg0949","fg0101","fg0222","fg0810","fg0055","fg0043","fg0385","fg0900","fg0299","fg0369","fg0387","fg0151","fg0815","fg0103","fg0223","fg0824"
"fq003928","vx_a3615dc8ee941e45","fg0910","1","fg0910","fg0959","fg0469","fg0656","fg0270","fg0541","fg0525","fg0018","fg0042","fg0584","fg0453","fg0690","fg0334","fg0186","fg0714","fg0126","fg0841","fg0749","fg0991","fg0057"
"fq003929","vx_60c0d1a9aa7fa719","fg0911","1","fg0911","fg0027","fg0795","fg0395","fg0861","fg0901","fg0012","fg0623","fg0716","fg0603","fg0505","fg0332","fg0323","fg0167","fg0146","fg0296","fg0156","fg0359","fg0950","fg0141"
"fq003930","vx_60c0d1a9aa7fa719","fg0911","1","fg0911","fg0027","fg0795","fg0012","fg0530","fg0716","fg0963","fg0603","fg0505","fg0861","fg0901","fg0323","fg0359","fg0332","fg0395","fg0141","fg0167","fg0623","fg0502","fg0146"
"fq003931","vx_019fa25a6be5bb59","fg0912","1","fg0912","fg0272","fg0461","fg0906","fg0570","fg0026","fg0010","fg0664","fg0111","fg0077","fg0292","fg0348","fg0675","fg0354","fg0707","fg0855","fg0345","fg0049","fg0203","fg0286"
"fq003932","vx_019fa25a6be5bb59","fg0912","1","fg0912","fg0111","fg0461","fg0570","fg0348","fg0010","fg0345","fg0664","fg0286","fg0906","fg0354","fg0675","fg0272","fg0049","fg0855","fg0026","fg0478","fg0767","fg0482","fg0543"
"fq003933","vx_03c88db730c88e4b","fg0913","1","fg0913","fg0468","fg0234","fg0979","fg0017","fg0540","fg0587","fg0291","fg0255","fg0300","fg0067","fg0902","fg0640","fg0183","fg0449","fg0735","fg0622","fg0642","fg0578","fg0874"
"fq003934","vx_d340fdf77af53023","fg0914","1","fg0914","fg0047","fg0147","fg0505","fg0990","fg0673","fg0416","fg0260","fg0657","fg0659","fg0573","fg0408","fg0481","fg0868","fg0811","fg0972","fg0769","fg0669","fg0667","fg0421"
"fq003935","vx_d340fdf77af53023","fg0914","1","fg0914","fg0505","fg0147","fg0047","fg0881","fg0673","fg0352","fg0744","fg0416","fg0622","fg0990","fg0778","fg0669","fg0972","fg0868","fg0083","fg0667","fg0657","fg0803","fg0383"
"fq003936","vx_ae3b451efa8414e3","fg0915","308","fg0660","fg0603","fg0323","fg0509","fg0027","fg0248","fg0483","fg0260","fg0194","fg0978","fg0494","fg0006","fg0113","fg0293","fg0619","fg0653","fg0563","fg0633","fg0983","fg0354"
"fq003937","vx_ae3b451efa8414e3","fg0915","1","fg0915","fg0926","fg0576","fg0160","fg0340","fg0037","fg0613","fg0441","fg0454","fg0984","fg0155","fg0985","fg0151","fg0288","fg0036","fg0460","fg0455","fg0566","fg0072","fg0216"
"fq003938","vx_8a55a9825709bc03","fg0916","1","fg0916","fg0515","fg0294","fg0081","fg0868","fg0015","fg0365","fg0539","fg0429","fg0594","fg0337","fg0143","fg0173","fg0244","fg0573","fg0740","fg0965","fg0076","fg0218","fg0067"
"fq003939","vx_8a55a9825709bc03","fg0916","1","fg0916","fg0573","fg0015","fg0843","fg0126","fg0515","fg0429","fg0740","fg0081","fg0365","fg0244","fg0294","fg0347","fg0143","fg0388","fg0218","fg0338","fg0337","fg0972","fg0397"
"fq003940","vx_8a55a9825709bc03","fg0916","1","fg0916","fg0573","fg0015","fg0515","fg0843","fg0365","fg0126","fg0429","fg0294","fg0388","fg0397","fg0740","fg0347","fg0972","fg0337","fg0474","fg0594","fg0081","fg0085","fg0039"
"fq003941","vx_8a55a9825709bc03","fg0916","1","fg0916","fg0015","fg0573","fg0515","fg0081","fg0429","fg0365","fg0294","fg0126","fg0740","fg0347","fg0843","fg0337","fg0085","fg0209","fg0218","fg0143","fg0252","fg0474","fg0195"
"fq003942","vx_8a55a9825709bc03","fg0916","1","fg0916","fg0573","fg0015","fg0843","fg0740","fg0126","fg0429","fg0515","fg0347","fg0365","fg0294","fg0474","fg0388","fg0085","fg0195","fg0081","fg0218","fg0244","fg0211","fg0257"
"fq003943","vx_8a55a9825709bc03","fg0916","1","fg0916","fg0015","fg0573","fg0740","fg0365","fg0843","fg0338","fg0244","fg0126","fg0515","fg0081","fg0972","fg0085","fg0429","fg0347","fg0474","fg0427","fg0195","fg0082","fg0257"
"fq003944","vx_b596082123d0a3b9","fg0917","1","fg0917","fg0511","fg0434","fg0202","fg0650","fg0715","fg0752","fg0856","fg0137","fg0423","fg0886","fg0904","fg0024","fg0942","fg0518","fg0179","fg0196","fg0223","fg0647","fg0851"
"fq003945","vx_8e03614a6d4c06e5","fg0918","1","fg0918","fg0871","fg0009","fg0776","fg0674","fg0116","fg0143","fg0212","fg0739","fg0326","fg0645","fg0606","fg0763","fg0875","fg0027","fg0174","fg0292","fg0681","fg0797","fg0741"
"fq003946","vx_8e03614a6d4c06e5","fg0918","1","fg0918","fg0871","fg0009","fg0326","fg0674","fg0116","fg0741","fg0909","fg0776","fg0739","fg0900","fg0292","fg0875","fg0311","fg0763","fg0103","fg0606","fg0681","fg0957","fg0174"
"fq003947","vx_8e03614a6d4c06e5","fg0918","1","fg0918","fg0009","fg0776","fg0871","fg0005","fg0116","fg0212","fg0103","fg0674","fg0875","fg0718","fg0666","fg0174","fg0232","fg0143","fg0741","fg0234","fg0606","fg0907","fg0900"
"fq003948","vx_8e03614a6d4c06e5","fg0918","1","fg0918","fg0116","fg0674","fg0871","fg0739","fg0009","fg0763","fg0606","fg0875","fg0174","fg0491","fg0113","fg0776","fg0818","fg0212","fg0326","fg0386","fg0146","fg0502","fg0718"
"fq003949","vx_8e03614a6d4c06e5","fg0918","1","fg0918","fg0871","fg0009","fg0776","fg0116","fg0674","fg0326","fg0739","fg0212","fg0875","fg0174","fg0763","fg0834","fg0156","fg0741","fg0113","fg0005","fg0234","fg0084","fg0606"
"fq003950","vx_8e03614a6d4c06e5","fg0918","1","fg0918","fg0871","fg0009","fg0776","fg0116","fg0326","fg0763","fg0674","fg0606","fg0739","fg0212","fg0875","fg0718","fg0143","fg0645","fg0741","fg0027","fg0292","fg0005","fg0257"
"fq003951","vx_8e03614a6d4c06e5","fg0918","1","fg0918","fg0871","fg0009","fg0606","fg0116","fg0739","fg0763","fg0674","fg0174","fg0875","fg0326","fg0212","fg0005","fg0776","fg0305","fg0645","fg0143","fg0718","fg0076","fg0553"
"fq003952","vx_8e03614a6d4c06e5","fg0918","1","fg0918","fg0871","fg0009","fg0674","fg0116","fg0776","fg0739","fg0326","fg0875","fg0957","fg0005","fg0741","fg0763","fg0212","fg0710","fg0113","fg0103","fg0172","fg0292","fg0900"
"fq003953","vx_8e03614a6d4c06e5","fg0918","1","fg0918","fg0871","fg0116","fg0606","fg0674","fg0212","fg0875","fg0009","fg0675","fg0005","fg0143","fg0739","fg0776","fg0568","fg0763","fg0818","fg0609","fg0580","fg0341","fg0098"
"fq003954","vx_8e03614a6d4c06e5","fg0918","1","fg0918","fg0871","fg0116","fg0776","fg0674","fg0212","fg0739","fg0009","fg0326","fg0763","fg0005","fg0630","fg0875","fg0580","fg0174","fg0834","fg0675","fg0491","fg0806","fg0606"
"fq003955","vx_8e03614a6d4c06e5","fg0918","1","fg0918","fg0009","fg0871","fg0875","fg0674","fg0776","fg0005","fg0116","fg0212","fg0606","fg0491","fg0739","fg0818","fg0292","fg0710","fg0834","fg0103","fg0805","fg0143","fg0174"
"fq003956","vx_81bca3e5c2eba677","fg0919","1","fg0919","fg0494","fg0546","fg0471","fg0603","fg0168","fg0347","fg0841","fg0349","fg0317","fg0475","fg0532","fg0712","fg0288","fg0889","fg0284","fg0237","fg0642","fg0337","fg0004"
"fq003957","vx_81bca3e5c2eba677","fg0919","1","fg0919","fg0471","fg0546","fg0494","fg0764","fg0850","fg0965","fg0317","fg0613","fg0337","fg0889","fg0212","fg0455","fg0284","fg0867","fg0288","fg0712","fg0973","fg0759","fg0006"
"fq003958","vx_cae2457437b98374","fg0920","1","fg0920","fg0406","fg0542","fg0727","fg0048","fg0135","fg0290","fg0536","fg0417","fg0887","fg0513","fg0756","fg0907","fg0721","fg0517","fg0127","fg0936","fg0159","fg0935","fg0464"
"fq003959","vx_cae2457437b98374","fg0920","1","fg0920","fg0406","fg0727","fg0887","fg0542","fg0135","fg0536","fg0048","fg0089","fg0127","fg0290","fg0611","fg0746","fg0936","fg0023","fg0014","fg0907","fg0517","fg0906","fg0443"
"fq003960","vx_3bb98161a6ceaaa7","fg0921","1","fg0921","fg0751","fg0637","fg0426","fg0795","fg0015","fg0357","fg0520","fg0378","fg0620","fg0245","fg0002","fg0731","fg0901","fg0180","fg0052","fg0556","fg0379","fg0281","fg0911"
"fq003961","vx_02bf779aa0a7cb40","fg0922","1","fg0922","fg0659","fg0794","fg0536","fg0749","fg0270","fg0133","fg0552","fg0584","fg0403","fg0103","fg0627","fg0321","fg0108","fg0231","fg0925","fg0271","fg0227","fg0300","fg0043"
"fq003962","vx_02bf779aa0a7cb40","fg0922","1","fg0922","fg0659","fg0319","fg0652","fg0729","fg0794","fg0103","fg0444","fg0231","fg0227","fg0249","fg0331","fg0559","fg0403","fg0638","fg0854","fg0151","fg0043","fg0147","fg0097"
"fq003963","vx_02bf779aa0a7cb40","fg0922","1","fg0922","fg0659","fg0794","fg0749","fg0536","fg0227","fg0552","fg0133","fg0108","fg0167","fg0231","fg0103","fg0270","fg0018","fg0925","fg0090","fg0403","fg0328","fg0627","fg0321"
"fq003964","vx_02bf779aa0a7cb40","fg0922","1","fg0922","fg0659","fg0794","fg0536","fg0749","fg0108","fg0167","fg0227","fg0552","fg0403","fg0231","fg0133","fg0627","fg0147","fg0321","fg0652","fg0944","fg0789","fg0858","fg0509"
"fq003965","vx_02bf779aa0a7cb40","fg0922","1","fg0922","fg0659","fg0794","fg0231","fg0652","fg0403","fg0108","fg0043","fg0749","fg0858","fg0789","fg0321","fg0559","fg0147","fg0444","fg0638","fg0536","fg0627","fg0032","fg0151"
"fq003966","vx_02bf779aa0a7cb40","fg0922","1","fg0922","fg0659","fg0536","fg0749","fg0638","fg0069","fg0794","fg0270","fg0197","fg0227","fg0249","fg0319","fg0652","fg0271","fg0285","fg0627","fg0660","fg0930","fg0097","fg0959"
"fq003967","vx_02bf779aa0a7cb40","fg0922","1","fg0922","fg0227","fg0659","fg0794","fg0536","fg0249","fg0638","fg0319","fg0197","fg0749","fg0069","fg0167","fg0113","fg0869","fg0270","fg0722","fg0584","fg0194","fg0735","fg0509"
"fq003968","vx_923480dff8eaa118","fg0923","1","fg0923","fg0058","fg0239","fg0838","fg0558","fg0161","fg0116","fg0074","fg0079","fg0629","fg0259","fg0361","fg0511","fg0321","fg0415","fg0134","fg0869","fg0315","fg0544","fg0371"
"fq003969","vx_923480dff8eaa118","fg0923","1","fg0923","fg0058","fg0239","fg0629","fg0161","fg0838","fg0079","fg0116","fg0558","fg0511","fg0371","fg0030","fg0321","fg0074","fg0640","fg0434","fg0339","fg0007","fg0979","fg0315"
"fq003970","vx_923480dff8eaa118","fg0923","1","fg0923","fg0058","fg0239","fg0161","fg0558","fg0079","fg0838","fg0074","fg0321","fg0511","fg0259","fg0755","fg0116","fg0640","fg0070","fg0544","fg0371","fg0761","fg0992","fg0028"
"fq003971","vx_923480dff8eaa118","fg0923","1","fg0923","fg0239","fg0058","fg0116","fg0629","fg0321","fg0866","fg0838","fg0625","fg0511","fg0228","fg0074","fg0361","fg0161","fg0134","fg0640","fg0079","fg0558","fg0544","fg0562"
"fq003972","vx_923480dff8eaa118","fg0923","1","fg0923","fg0058","fg0239","fg0558","fg0161","fg0079","fg0838","fg0074","fg0190","fg0259","fg0116","fg0321","fg0511","fg0755","fg0928","fg0992","fg0315","fg0434","fg0371","fg0561"
"fq003973","vx_923480dff8eaa118","fg0923","1","fg0923","fg0058","fg0239","fg0558","fg0838","fg0116","fg0161","fg0629","fg0079","fg0321","fg0259","fg0511","fg0866","fg0074","fg0315","fg0149","fg0190","fg0371","fg0361","fg0030"
"fq003974","vx_923480dff8eaa118","fg0923","1","fg0923","fg0058","fg0239","fg0838","fg0558","fg0321","fg0116","fg0074","fg0134","fg0161","fg0259","fg0629","fg0928","fg0461","fg0190","fg0415","fg0511","fg0561","fg0866","fg0337"
"fq003975","vx_a7690caa69f3a1d5","fg0924","1","fg0924","fg0702","fg0634","fg0281","fg0819","fg0984","fg0268","fg0751","fg0829","fg0864","fg0534","fg0978","fg0045","fg0418","fg0016","fg0467","fg0476","fg0770","fg0727","fg0023"
"fq003976","vx_a7690caa69f3a1d5","fg0924","45","fg0410","fg0102","fg0170","fg0457","fg0523","fg0931","fg0760","fg0680","fg0798","fg0752","fg0844","fg0406","fg0309","fg0072","fg0817","fg0704","fg0050","fg0099","fg0879","fg0454"
"fq003977","vx_a7690caa69f3a1d5","fg0924","340","fg0410","fg0170","fg0102","fg0457","fg0309","fg0680","fg0523","fg0798","fg0844","fg0752","fg0931","fg0050","fg0760","fg0802","fg0099","fg0406","fg0817","fg0879","fg0820","fg0373"
"fq003978","vx_a7690caa69f3a1d5","fg0924","42","fg0410","fg0170","fg0102","fg0457","fg0798","fg0680","fg0931","fg0844","fg0523","fg0760","fg0309","fg0050","fg0406","fg0752","fg0665","fg0817","fg0099","fg0330","fg0072","fg0454"
"fq003979","vx_a7690caa69f3a1d5","fg0924","85","fg0410","fg0170","fg0102","fg0457","fg0309","fg0523","fg0798","fg0844","fg0752","fg0931","fg0680","fg0760","fg0406","fg0050","fg0320","fg0072","fg0817","fg0665","fg0075","fg0879"
"fq003980","vx_a7690caa69f3a1d5","fg0924","151","fg0410","fg0102","fg0170","fg0457","fg0680","fg0798","fg0752","fg0844","fg0523","fg0309","fg0931","fg0760","fg0406","fg0050","fg0072","fg0099","fg0817","fg0665","fg0879","fg0454"
"fq003981","vx_a7690caa69f3a1d5","fg0924","120","fg0410","fg0102","fg0170","fg0457","fg0931","fg0798","fg0680","fg0523","fg0760","fg0844","fg0752","fg0309","fg0050","fg0406","fg0072","fg0099","fg0817","fg0665","fg0879","fg0437"
"fq003982","vx_a7690caa69f3a1d5","fg0924","162","fg0410","fg0102","fg0170","fg0457","fg0680","fg0798","fg0752","fg0309","fg0523","fg0931","fg0844","fg0760","fg0406","fg0050","fg0072","fg0665","fg0099","fg0817","fg0454","fg0704"
"fq003983","vx_a7690caa69f3a1d5","fg0924","1","fg0924","fg0702","fg0634","fg0281","fg0819","fg0984","fg0268","fg0751","fg0829","fg0978","fg0045","fg0864","fg0534","fg0418","fg0023","fg0016","fg0770","fg0476","fg0467","fg0458"
"fq003984","vx_a7690caa69f3a1d5","fg0924","67","fg0410","fg0170","fg0102","fg0457","fg0680","fg0931","fg0760","fg0523","fg0798","fg0844","fg0752","fg0406","fg0050","fg0309","fg0501","fg0099","fg0454","fg0072","fg0704","fg0665"
"fq003985","vx_a7690caa69f3a1d5","fg0924","170","fg0410","fg0170","fg0102","fg0457","fg0798","fg0523","fg0680","fg0309","fg0844","fg0931","fg0752","fg0760","fg0406","fg0050","fg0072","fg0099","fg0817","fg0879","fg0665","fg0704"
"fq003986","vx_a7690caa69f3a1d5","fg0924","407","fg0410","fg0170","fg0102","fg0457","fg0680","fg0798","fg0844","fg0309","fg0523","fg0752","fg0931","fg0050","fg0760","fg0406","fg0072","fg0099","fg0817","fg0704","fg0665","fg0802"
"fq003987","vx_a7690caa69f3a1d5","fg0924","70","fg0410","fg0102","fg0170","fg0457","fg0931","fg0523","fg0680","fg0760","fg0798","fg0844","fg0752","fg0309","fg0406","fg0050","fg0072","fg0099","fg0817","fg0704","fg0879","fg0454"
"fq003988","vx_a7690caa69f3a1d5","fg0924","112","fg0410","fg0102","fg0170","fg0457","fg0680","fg0798","fg0523","fg0752","fg0931","fg0309","fg0760","fg0844","fg0406","fg0072","fg0050","fg0879","fg0099","fg0817","fg0802","fg0704"
"fq003989","vx_a7690caa69f3a1d5","fg0924","158","fg0410","fg0170","fg0102","fg0457","fg0309","fg0844","fg0680","fg0798","fg0752","fg0523","fg0931","fg0760","fg0406","fg0050","fg0072","fg0099","fg0665","fg0320","fg0817","fg0454"
"fq003990","vx_a7690caa69f3a1d5","fg0924","156","fg0410","fg0102","fg0170","fg0457","fg0680","fg0798","fg0752","fg0309","fg0760","fg0844","fg0523","fg0931","fg0050","fg0072","fg0406","fg0099","fg0879","fg0817","fg0704","fg0802"
"fq003991","vx_a7690caa69f3a1d5","fg0924","93","fg0410","fg0102","fg0170","fg0457","fg0680","fg0406","fg0523","fg0844","fg0760","fg0931","fg0309","fg0752","fg0798","fg0050","fg0072","fg0879","fg0099","fg0817","fg0704","fg0204"
"fq003992","vx_a7690caa69f3a1d5","fg0924","332","fg0410","fg0170","fg0102","fg0457","fg0680","fg0523","fg0309","fg0798","fg0752","fg0844","fg0931","fg0760","fg0050","fg0406","fg0802","fg0320","fg0072","fg0879","fg0817","fg0099"
"fq003993","vx_a7690caa69f3a1d5","fg0924","109","fg0410","fg0170","fg0102","fg0457","fg0680","fg0798","fg0931","fg0523","fg0752","fg0406","fg0760","fg0844","fg0309","fg0072","fg0501","fg0099","fg0704","fg0050","fg0454","fg0665"
"fq003994","vx_a7690caa69f3a1d5","fg0924","1","fg0924","fg0702","fg0281","fg0634","fg0819","fg0268","fg0984","fg0864","fg0045","fg0751","fg0978","fg0829","fg0016","fg0418","fg0770","fg0534","fg0865","fg0840","fg0727","fg0742"
"fq003995","vx_a7690caa69f3a1d5","fg0924","116","fg0410","fg0102","fg0170","fg0457","fg0798","fg0680","fg0523","fg0931","fg0309","fg0752","fg0760","fg0844","fg0406","fg0050","fg0072","fg0099","fg0454","fg0665","fg0704","fg0817"
"fq003996","vx_a7690caa69f3a1d5","fg0924","1","fg0924","fg0702","fg0634","fg0281","fg0819","fg0984","fg0268","fg0829","fg0751","fg0864","fg0534","fg0045","fg0418","fg0978","fg0016","fg0467","fg0476","fg0770","fg0727","fg0798"
"fq003997","vx_a7690caa69f3a1d5","fg0924","70","fg0410","fg0102","fg0170","fg0457","fg0931","fg0523","fg0680","fg0760","fg0309","fg0798","fg0752","fg0844","fg0050","fg0406","fg0817","fg0879","fg0099","fg0072","fg0704","fg0501"
"fq003998","vx_a7690caa69f3a1d5","fg0924","354","fg0410","fg0170","fg0102","fg0680","fg0457","fg0309","fg0798","fg0752","fg0844","fg0523","fg0931","fg0760","fg0072","fg0050","fg0099","fg0802","fg0406","fg0704","fg0817","fg0879"
"fq003999","vx_a7690caa69f3a1d5","fg0924","159","fg0410","fg0102","fg0170","fg0457","fg0798","fg0680","fg0931","fg0523","fg0844","fg0752","fg0760","fg0309","fg0406","fg0050","fg0099","fg0817","fg0072","fg0665","fg0879","fg0704"
"fq004000","vx_a7690caa69f3a1d5","fg0924","216","fg0410","fg0102","fg0170","fg0457","fg0798","fg0680","fg0523","fg0931","fg0752","fg0760","fg0844","fg0309","fg0406","fg0072","fg0050","fg0879","fg0099","fg0817","fg0665","fg0704"
"fq004001","vx_a7690caa69f3a1d5","fg0924","351","fg0410","fg0102","fg0170","fg0457","fg0760","fg0680","fg0931","fg0523","fg0798","fg0752","fg0844","fg0309","fg0050","fg0406","fg0072","fg0099","fg0879","fg0817","fg0802","fg0704"
"fq004002","vx_a7690caa69f3a1d5","fg0924","122","fg0410","fg0102","fg0170","fg0457","fg0680","fg0798","fg0752","fg0760","fg0931","fg0523","fg0309","fg0844","fg0072","fg0406","fg0050","fg0802","fg0704","fg0099","fg0879","fg0817"
"fq004003","vx_a7690caa69f3a1d5","fg0924","332","fg0410","fg0170","fg0102","fg0680","fg0457","fg0309","fg0798","fg0844","fg0752","fg0523","fg0802","fg0050","fg0931","fg0760","fg0072","fg0817","fg0406","fg0879","fg0820","fg0099"
"fq004004","vx_a7690caa69f3a1d5","fg0924","92","fg0410","fg0102","fg0170","fg0457","fg0798","fg0752","fg0523","fg0680","fg0309","fg0931","fg0760","fg0844","fg0406","fg0050","fg0072","fg0879","fg0665","fg0802","fg0099","fg0817"
"fq004005","vx_a7690caa69f3a1d5","fg0924","86","fg0410","fg0102","fg0170","fg0457","fg0680","fg0760","fg0523","fg0931","fg0798","fg0752","fg0844","fg0309","fg0406","fg0050","fg0817","fg0072","fg0879","fg0099","fg0501","fg0704"
"fq004006","vx_a7690caa69f3a1d5","fg0924","114","fg0410","fg0170","fg0102","fg0457","fg0798","fg0523","fg0309","fg0752","fg0680","fg0844","fg0931","fg0760","fg0406","fg0050","fg0072","fg0879","fg0817","fg0320","fg0099","fg0665"
"fq004007","vx_a7690caa69f3a1d5","fg0924","47","fg0410","fg0102","fg0170","fg0457","fg0523","fg0931","fg0680","fg0760","fg0798","fg0844","fg0309","fg0752","fg0406","fg0050","fg0072","fg0099","fg0817","fg0704","fg0879","fg0236"
"fq004008","vx_a7690caa69f3a1d5","fg0924","126","fg0410","fg0102","fg0170","fg0457","fg0798","fg0680","fg0931","fg0523","fg0752","fg0760","fg0844","fg0309","fg0406","fg0072","fg0050","fg0879","fg0817","fg0665","fg0099","fg0454"
"fq004009","vx_a7690caa69f3a1d5","fg0924","362","fg0410","fg0170","fg0102","fg0457","fg0680","fg0798","fg0309","fg0752","fg0844","fg0523","fg0760","fg0406","fg0802","fg0050","fg0931","fg0879","fg0320","fg0817","fg0072","fg0099"
"fq004010","vx_a7690caa69f3a1d5","fg0924","251","fg0410","fg0102","fg0170","fg0457","fg0680","fg0752","fg0798","fg0844","fg0523","fg0931","fg0760","fg0309","fg0406","fg0072","fg0050","fg0665","fg0817","fg0454","fg0099","fg0704"
"fq004011","vx_a7690caa69f3a1d5","fg0924","166","fg0410","fg0170","fg0102","fg0457","fg0680","fg0798","fg0752","fg0523","fg0844","fg0309","fg0760","fg0931","fg0406","fg0072","fg0050","fg0665","fg0817","fg0879","fg0099","fg0704"
"fq004012","vx_a7690caa69f3a1d5","fg0924","406","fg0410","fg0170","fg0102","fg0457","fg0798","fg0309","fg0844","fg0680","fg0523","fg0752","fg0406","fg0931","fg0760","fg0050","fg0817","fg0072","fg0099","fg0879","fg0665","fg0236"
"fq004013","vx_a7690caa69f3a1d5","fg0924","302","fg0410","fg0170","fg0102","fg0457","fg0798","fg0680","fg0844","fg0760","fg0752","fg0523","fg0309","fg0931","fg0406","fg0050","fg0072","fg0817","fg0099","fg0879","fg0704","fg0665"
"fq004014","vx_a7690caa69f3a1d5","fg0924","246","fg0410","fg0170","fg0102","fg0457","fg0680","fg0523","fg0798","fg0931","fg0309","fg0752","fg0760","fg0406","fg0844","fg0072","fg0501","fg0879","fg0099","fg0050","fg0704","fg0817"
"fq004015","vx_a7690caa69f3a1d5","fg0924","153","fg0410","fg0170","fg0102","fg0457","fg0523","fg0680","fg0309","fg0798","fg0752","fg0931","fg0844","fg0760","fg0406","fg0050","fg0099","fg0072","fg0817","fg0879","fg0665","fg0704"
"fq004016","vx_a7690caa69f3a1d5","fg0924","173","fg0410","fg0102","fg0170","fg0457","fg0798","fg0523","fg0680","fg0931","fg0309","fg0844","fg0760","fg0752","fg0406","fg0050","fg0099","fg0072","fg0817","fg0879","fg0665","fg0320"
"fq004017","vx_a7690caa69f3a1d5","fg0924","459","fg0410","fg0170","fg0102","fg0457","fg0680","fg0309","fg0798","fg0752","fg0844","fg0523","fg0931","fg0050","fg0760","fg0072","fg0802","fg0099","fg0406","fg0373","fg0820","fg0704"
"fq004018","vx_a7690caa69f3a1d5","fg0924","47","fg0410","fg0102","fg0170","fg0457","fg0523","fg0931","fg0680","fg0760","fg0798","fg0844","fg0752","fg0309","fg0406","fg0050","fg0072","fg0099","fg0704","fg0817","fg0879","fg0454"
"fq004019","vx_a7690caa69f3a1d5","fg0924","158","fg0410","fg0102","fg0170","fg0680","fg0457","fg0798","fg0752","fg0931","fg0760","fg0523","fg0309","fg0072","fg0844","fg0406","fg0050","fg0099","fg0879","fg0485","fg0704","fg0817"
"fq004020","vx_c8ce5abef2347980","fg0925","1","fg0925","fg0794","fg0612","fg0184","fg0524","fg0599","fg0364","fg0133","fg0944","fg0277","fg0529","fg0295","fg0668","fg0072","fg0552","fg0403","fg0770","fg0148","fg0776","fg0659"
"fq004021","vx_c8ce5abef2347980","fg0925","1","fg0925","fg0794","fg0184","fg0612","fg0295","fg0072","fg0524","fg0529","fg0599","fg0364","fg0552","fg0641","fg0776","fg0895","fg0668","fg0792","fg0264","fg0536","fg0133","fg0789"
"fq004022","vx_c8ce5abef2347980","fg0925","1","fg0925","fg0794","fg0612","fg0599","fg0524","fg0529","fg0184","fg0295","fg0072","fg0364","fg0668","fg0133","fg0552","fg0148","fg0789","fg0944","fg0776","fg0895","fg0186","fg0277"
"fq004023","vx_c8ce5abef2347980","fg0925","1","fg0925","fg0524","fg0794","fg0612","fg0599","fg0184","fg0944","fg0277","fg0364","fg0133","fg0295","fg0072","fg0148","fg0776","fg0552","fg0529","fg0680","fg0558","fg0186","fg0165"
"fq004024","vx_6dc39228edc79823","fg0926","1","fg0926","fg0915","fg0576","fg0340","fg0160","fg0040","fg0038","fg0151","fg0680","fg0984","fg0757","fg0697","fg0193","fg0698","fg0454","fg0627","fg0441","fg0516","fg0561","fg0931"
"fq004025","vx_3a1a8eb9c1010a94","fg0927","1","fg0927","fg0017","fg0802","fg0242","fg0687","fg0043","fg0277","fg0182","fg0820","fg0559","fg0373","fg0428","fg0656","fg0049","fg0599","fg0216","fg0092","fg0127","fg0400","fg0148"
"fq004026","vx_3a1a8eb9c1010a94","fg0927","1","fg0927","fg0687","fg0559","fg0043","fg0242","fg0017","fg0802","fg0159","fg0275","fg0299","fg0373","fg0151","fg0599","fg0820","fg0729","fg0231","fg0428","fg0652","fg0768","fg0277"
"fq004027","vx_d4b2fae56a6b521c","fg0928","1","fg0928","fg0368","fg0321","fg0134","fg0540","fg0259","fg0632","fg0777","fg0190","fg0683","fg0615","fg0097","fg0726","fg0111","fg0239","fg0935","fg0614","fg0232","fg0168","fg0699"
"fq004028","vx_d4b2fae56a6b521c","fg0928","1","fg0928","fg0368","fg0321","fg0777","fg0540","fg0134","fg0615","fg0190","fg0683","fg0632","fg0614","fg0259","fg0097","fg0726","fg0699","fg0183","fg0935","fg0239","fg0034","fg0899"
"fq004029","vx_d4b2fae56a6b521c","fg0928","1","fg0928","fg0368","fg0777","fg0321","fg0134","fg0190","fg0632","fg0540","fg0259","fg0614","fg0097","fg0615","fg0683","fg0183","fg0699","fg0753","fg0239","fg0232","fg0726","fg0763"
"fq004030","vx_d4b2fae56a6b521c","fg0928","1","fg0928","fg0368","fg0321","fg0190","fg0134","fg0540","fg0777","fg0632","fg0097","fg0259","fg0183","fg0561","fg0239","fg0614","fg0615","fg0683","fg0899","fg0753","fg0232","fg0558"
"fq004031","vx_d4b2fae56a6b521c","fg0928","1","fg0928","fg0777","fg0368","fg0614","fg0134","fg0632","fg0705","fg0259","fg0097","fg0699","fg0726","fg0232","fg0077","fg0561","fg0190","fg0183","fg0321","fg0683","fg0553","fg0111"
"fq004032","vx_d4b2fae56a6b521c","fg0928","1","fg0928","fg0368","fg0134","fg0777","fg0321","fg0540","fg0259","fg0615","fg0190","fg0097","fg0632","fg0614","fg0683","fg0726","fg0239","fg0699","fg0558","fg0805","fg0763","fg0232"
"fq004033","vx_bcde1be3b8609a23","fg0929","1","fg0929","fg0722","fg0046","fg0653","fg0310","fg0952","fg0529","fg0108","fg0088","fg0897","fg0986","fg0214","fg0027","fg0860","fg0958","fg0589","fg0892","fg0143","fg0081","fg0240"
"fq004034","vx_bcde1be3b8609a23","fg0929","1","fg0929","fg0310","fg0653","fg0897","fg0986","fg0952","fg0088","fg0108","fg0934","fg0272","fg0722","fg0428","fg0529","fg0860","fg0958","fg0005","fg0892","fg0046","fg0240","fg0283"
"fq004035","vx_054c4c52a571101e","fg0930","1","fg0930","fg0188","fg0749","fg0230","fg0831","fg0833","fg0139","fg0265","fg0418","fg0660","fg0249","fg0267","fg0903","fg0192","fg0215","fg0552","fg0891","fg0816","fg0084","fg0069"
"fq004036","vx_054c4c52a571101e","fg0930","1","fg0930","fg0188","fg0230","fg0265","fg0139","fg0831","fg0749","fg0833","fg0660","fg0227","fg0418","fg0249","fg0069","fg0903","fg0084","fg0656","fg0215","fg0891","fg0267","fg0448"
"fq004037","vx_054c4c52a571101e","fg0930","1","fg0930","fg0230","fg0139","fg0188","fg0831","fg0192","fg0249","fg0749","fg0265","fg0660","fg0084","fg0598","fg0833","fg0891","fg0267","fg0227","fg0903","fg0096","fg0215","fg0069"
"fq004038","vx_054c4c52a571101e","fg0930","1","fg0930","fg0188","fg0192","fg0249","fg0598","fg0833","fg0749","fg0084","fg0230","fg0660","fg0011","fg0215","fg0267","fg0708","fg0831","fg0227","fg0903","fg0253","fg0889","fg0117"
"fq004039","vx_c59016c5c6ef5555","fg0931","1","fg0931","fg0539","fg0867","fg0156","fg0509","fg0444","fg0983","fg0929","fg0722","fg0886","fg0194","fg0641","fg0419","fg0214","fg0140","fg0103","fg0652","fg0319","fg0081","fg0213"
"fq004040","vx_59e6c86168f4709e","fg0932","1","fg0932","fg0254","fg0818","fg0440","fg0972","fg0384","fg0598","fg0002","fg0973","fg0294","fg0731","fg0917","fg0996","fg0864","fg0175","fg0830","fg0799","fg0341","fg0345","fg0358"
"fq004041","vx_68fc43199e3b7e16","fg0933","1","fg0933","fg0671","fg0318","fg0497","fg0598","fg0446","fg0993","fg0958","fg0144","fg0319","fg0349","fg0832","fg0743","fg0284","fg0676","fg0520","fg0817","fg0512","fg0659","fg0528"
"fq004042","vx_68fc43199e3b7e16","fg0933","1","fg0933","fg0671","fg0318","fg0598","fg0497","fg0446","fg0958","fg0993","fg0349","fg0743","fg0832","fg0403","fg0736","fg0676","fg0868","fg0659","fg0144","fg0319","fg0528","fg0468"
"fq004043","vx_68fc43199e3b7e16","fg0933","1","fg0933","fg0671","fg0318","fg0598","fg0497","fg0993","fg0446","fg0528","fg0676","fg0349","fg0743","fg0659","fg0958","fg0736","fg0832","fg0464","fg0284","fg0965","fg0468","fg0495"
"fq004044","vx_68fc43199e3b7e16","fg0933","1","fg0933","fg0671","fg0497","fg0318","fg0598","fg0446","fg0349","fg0832","fg0965","fg0958","fg0993","fg0736","fg0743","fg0284","fg0868","fg0512","fg0850","fg0144","fg0319","fg0676"
"fq004045","vx_68fc43199e3b7e16","fg0933","1","fg0933","fg0671","fg0318","fg0446","fg0598","fg0497","fg0993","fg0676","fg0659","fg0349","fg0958","fg0743","fg0528","fg0736","fg0965","fg0401","fg0061","fg0468","fg0284","fg0512"
"fq004046","vx_68fc43199e3b7e16","fg0933","1","fg0933","fg0671","fg0318","fg0598","fg0497","fg0446","fg0993","fg0743","fg0349","fg0512","fg0958","fg0284","fg0319","fg0832","fg0144","fg0676","fg0520","fg0965","fg0659","fg0296"
"fq004047","vx_68fc43199e3b7e16","fg0933","1","fg0933","fg0446","fg0676","fg0958","fg0671","fg0443","fg0349","fg0318","fg0965","fg0598","fg0736","fg0497","fg0064","fg0663","fg0850","fg0832","fg0817","fg0868","fg0633","fg0381"
"fq004048","vx_f647366b059c3504","fg0934","1","fg0934","fg0589","fg0970","fg1000","fg0272","fg0608","fg0088","fg0018","fg0929","fg0579","fg0541","fg0310","fg0952","fg0897","fg0887","fg0108","fg0892","fg0004","fg0394","fg0722"
"fq004049","vx_f647366b059c3504","fg0934","1","fg0934","fg1000","fg0589","fg0088","fg0929","fg0952","fg0272","fg0897","fg0970","fg0108","fg0310","fg0608","fg0722","fg0046","fg0892","fg0873","fg0986","fg0018","fg0229","fg0579"
"fq004050","vx_f647366b059c3504","fg0934","1","fg0934","fg0970","fg0088","fg1000","fg0722","fg0897","fg0929","fg0310","fg0952","fg0272","fg0046","fg0579","fg0589","fg0510","fg0608","fg0986","fg0501","fg0892","fg0108","fg0428"
"fq004051","vx_f647366b059c3504","fg0934","1","fg0934","fg0589","fg0608","fg0088","fg0272","fg1000","fg0229","fg0004","fg0722","fg0970","fg0310","fg0887","fg0366","fg0018","fg0929","fg0952","fg0897","fg0605","fg0108","fg0541"
"fq004052","vx_f647366b059c3504","fg0934","1","fg0934","fg0970","fg0608","fg1000","fg0541","fg0589","fg0272","fg0952","fg0929","fg0310","fg0579","fg0004","fg0892","fg0394","fg0897","fg0229","fg0018","fg0366","fg0887","fg0510"
"fq004053","vx_f647366b059c3504","fg0934","1","fg0934","fg0970","fg0589","fg1000","fg0608","fg0929","fg0272","fg0722","fg0579","fg0897","fg0088","fg0541","fg0310","fg0952","fg0108","fg0892","fg0510","fg0887","fg0018","fg0153"
"fq004054","vx_2c9212f4a03988cc","fg0935","1","fg0935","fg0975","fg0875","fg0189","fg0608","fg0822","fg0052","fg0011","fg0053","fg0237","fg0115","fg0386","fg0699","fg0853","fg0950","fg0838","fg0120","fg0654","fg0928","fg0657"
"fq004055","vx_d552ca43574ada00","fg0936","1","fg0936","fg0588","fg0793","fg0001","fg0584","fg0466","fg0659","fg0464","fg0130","fg0490","fg0569","fg0989","fg0159","fg0573","fg0528","fg0270","fg0885","fg0298","fg0211","fg0364"
"fq004056","vx_5a7641f0ec28b949","fg0937","1","fg0937","fg0084","fg0539","fg0210","fg0455","fg0536","fg0218","fg0276","fg0078","fg0086","fg0773","fg0420","fg0097","fg0959","fg0421","fg0285","fg0956","fg0073","fg0249","fg0293"
"fq004057","vx_9aad6152a85ee7f4","fg0938","1","fg0938","fg0308","fg0689","fg0461","fg0864","fg0617","fg0021","fg0888","fg0361","fg0424","fg0262","fg0797","fg0028","fg0283","fg0735","fg0772","fg0781","fg0343","fg0469","fg0056"
"fq004058","vx_9aad6152a85ee7f4","fg0938","1","fg0938","fg0689","fg0308","fg0461","fg0617","fg0021","fg0888","fg0864","fg0967","fg0797","fg0187","fg0028","fg0781","fg0361","fg0241","fg0772","fg0374","fg0783","fg0262","fg0612"
"fq004059","vx_be6b833b09a7cafd","fg0939","1","fg0939","fg0402","fg0745","fg0248","fg0894","fg0332","fg0651","fg0227","fg0678","fg0244","fg0655","fg0365","fg0706","fg0471","fg0430","fg0346","fg0157","fg0702","fg0955","fg0107"
"fq004060","vx_01ee7817f0997ba0","fg0940","1","fg0940","fg0165","fg0975","fg0132","fg0514","fg0605","fg0761","fg0995","fg0403","fg0277","fg0044","fg0148","fg0256","fg0246","fg0789","fg0135","fg0281","fg0091","fg0521","fg0493"
"fq004061","vx_01ee7817f0997ba0","fg0940","1","fg0940","fg0165","fg0975","fg0185","fg0514","fg0091","fg0277","fg0731","fg0818","fg0148","fg0044","fg0231","fg0530","fg0605","fg0632","fg0960","fg0842","fg0761","fg0521","fg0070"
"fq004062","vx_7bb3494179a7e09b","fg0941","1","fg0941","fg0411","fg0689","fg0039","fg0843","fg0573","fg0589","fg0211","fg0397","fg0438","fg0082","fg0490","fg0214","fg0976","fg0312","fg0297","fg0778","fg0085","fg0067","fg0106"
"fq004063","vx_7bb3494179a7e09b","fg0941","1","fg0941","fg0689","fg0835","fg0503","fg0484","fg0085","fg0082","fg0749","fg0490","fg0411","fg0589","fg0948","fg0211","fg0573","fg0025","fg0312","fg0347","fg0976","fg0625","fg0146"
"fq004064","vx_97e5f6880b86b6a7","fg0942","1","fg0942","fg0059","fg0106","fg0907","fg0039","fg0573","fg0843","fg0811","fg0367","fg0312","fg0211","fg0015","fg0976","fg0025","fg0474","fg0397","fg0657","fg0490","fg0334","fg0588"
"fq004065","vx_97e5f6880b86b6a7","fg0942","2","fg0059","fg0942","fg0106","fg0907","fg0334","fg0843","fg0202","fg0657","fg0312","fg0211","fg0976","fg0039","fg0588","fg0573","fg0186","fg0015","fg0511","fg0565","fg0697","fg0835"
"fq004066","vx_ea5f19520272424b","fg0943","1","fg0943","fg0452","fg0879","fg0485","fg0393","fg0344","fg0324","fg0289","fg0650","fg0817","fg0200","fg0901","fg0625","fg0186","fg0132","fg0981","fg0741","fg0623","fg0830","fg0523"
"fq004067","vx_c4e6199e9b324948","fg0944","1","fg0944","fg0148","fg0277","fg0560","fg0016","fg0133","fg0552","fg0364","fg0599","fg0030","fg0826","fg0361","fg0801","fg0308","fg0524","fg0892","fg0835","fg0742","fg0659","fg0793"
"fq004068","vx_c4e6199e9b324948","fg0944","1","fg0944","fg0277","fg0148","fg0560","fg0552","fg0016","fg0364","fg0133","fg0826","fg0524","fg0361","fg0801","fg0599","fg0308","fg0828","fg0967","fg0165","fg0793","fg0246","fg0262"
"fq004069","vx_c4e6199e9b324948","fg0944","1","fg0944","fg0148","fg0277","fg0560","fg0016","fg0552","fg0364","fg0133","fg0599","fg0801","fg0826","fg0659","fg0892","fg0030","fg0789","fg0165","fg0742","fg0967","fg0524","fg0308"
"fq004070","vx_c4e6199e9b324948","fg0944","1","fg0944","fg0148","fg0277","fg0560","fg0016","fg0552","fg0364","fg0133","fg0826","fg0801","fg0599","fg0308","fg0524","fg0361","fg0165","fg0030","fg0967","fg0742","fg0246","fg0925"
"fq004071","vx_c4e6199e9b324948","fg0944","1","fg0944","fg0277","fg0148","fg0560","fg0016","fg0364","fg0552","fg0133","fg0599","fg0826","fg0165","fg0892","fg0801","fg0925","fg0524","fg0361","fg0793","fg0281","fg0742","fg0828"
"fq004072","vx_c4e6199e9b324948","fg0944","1","fg0944","fg0277","fg0148","fg0560","fg0016","fg0552","fg0364","fg0133","fg0599","fg0524","fg0826","fg0801","fg0165","fg0361","fg0925","fg0308","fg0967","fg0742","fg0030","fg0807"
"fq004073","vx_c4e6199e9b324948","fg0944","1","fg0944","fg0148","fg0277","fg0560","fg0016","fg0552","fg0133","fg0364","fg0826","fg0801","fg0599","fg0308","fg0524","fg0030","fg0742","fg0281","fg0892","fg0165","fg0246","fg0967"
"fq004074","vx_c4e6199e9b324948","fg0944","1","fg0944","fg0277","fg0148","fg0560","fg0016","fg0364","fg0552","fg0133","fg0599","fg0801","fg0361","fg0524","fg0308","fg0582","fg0826","fg0967","fg0165","fg0781","fg0256","fg0246"
"fq004075","vx_c4e6199e9b324948","fg0944","1","fg0944","fg0148","fg0277","fg0560","fg0016","fg0552","fg0364","fg0133","fg0361","fg0801","fg0826","fg0599","fg0308","fg0524","fg0030","fg0742","fg0165","fg0781","fg0256","fg0967"
"fq004076","vx_c4e6199e9b324948","fg0944","1","fg0944","fg0148","fg0277","fg0560","fg0016","fg0552","fg0133","fg0364","fg0599","fg0801","fg0524","fg0165","fg0789","fg0826","fg0967","fg0925","fg0361","fg0246","fg0262","fg0781"
"fq004077","vx_c4e6199e9b324948","fg0944","1","fg0944","fg0560","fg0277","fg0148","fg0552","fg0016","fg0364","fg0133","fg0826","fg0801","fg0599","fg0524","fg0308","fg0742","fg0361","fg0165","fg0892","fg0850","fg0925","fg0584"
"fq004078","vx_c4e6199e9b324948","fg0944","1","fg0944","fg0148","fg0277","fg0560","fg0016","fg0552","fg0364","fg0133","fg0826","fg0361","fg0599","fg0308","fg0524","fg0801","fg0165","fg0967","fg0828","fg0781","fg0246","fg0256"
"fq004079","vx_c4e6199e9b324948","fg0944","1","fg0944","fg0560","fg0277","fg0148","fg0016","fg0364","fg0552","fg0599","fg0133","fg0361","fg0524","fg0967","fg0801","fg0256","fg0826","fg0789","fg0030","fg0246","fg0262","fg0781"
"fq004080","vx_c4e6199e9b324948","fg0944","1","fg0944","fg0560","fg0277","fg0148","fg0552","fg0016","fg0364","fg0133","fg0599","fg0826","fg0524","fg0801","fg0361","fg0925","fg0967","fg0381","fg0761","fg0742","fg0593","fg0256"
"fq004081","vx_c4e6199e9b324948","fg0944","1","fg0944","fg0277","fg0148","fg0560","fg0016","fg0552","fg0364","fg0133","fg0599","fg0524","fg0361","fg0801","fg0308","fg0967","fg0789","fg0030","fg0165","fg0246","fg0826","fg0781"
"fq004082","vx_c4e6199e9b324948","fg0944","1","fg0944","fg0277","fg0560","fg0148","fg0016","fg0364","fg0552","fg0599","fg0133","fg0524","fg0801","fg0361","fg0593","fg0967","fg0256","fg0789","fg0807","fg0761","fg0781","fg0826"
"fq004083","vx_c4e6199e9b324948","fg0944","1","fg0944","fg0560","fg0148","fg0277","fg0016","fg0552","fg0599","fg0364","fg0133","fg0030","fg0826","fg0659","fg0801","fg0892","fg0789","fg0281","fg0742","fg0734","fg0361","fg0967"
"fq004084","vx_c4e6199e9b324948","fg0944","1","fg0944","fg0148","fg0277","fg0560","fg0016","fg0364","fg0552","fg0133","fg0599","fg0826","fg0801","fg0524","fg0165","fg0030","fg0892","fg0789","fg0281","fg0361","fg0246","fg0828"
"fq004085","vx_c4e6199e9b324948","fg0944","1","fg0944","fg0277","fg0148","fg0560","fg0016","fg0552","fg0364","fg0133","fg0599","fg0361","fg0524","fg0801","fg0925","fg0030","fg0967","fg0308","fg0828","fg0826","fg0256","fg0789"
"fq004086","vx_2c7b26aecdae6beb","fg0945","3","fg0322","fg0138","fg0945","fg0476","fg0728","fg0029","fg0391","fg0056","fg0238","fg0466","fg0529","fg0250","fg0551","fg0443","fg0849","fg0613","fg0219","fg0406","fg0745","fg0751"
"fq004087","vx_2c7b26aecdae6beb","fg0945","1","fg0945","fg0322","fg0138","fg0529","fg0551","fg0029","fg0391","fg0238","fg0466","fg0250","fg0476","fg0219","fg0728","fg0849","fg0419","fg0245","fg0745","fg0056","fg0521","fg0744"
"fq004088","vx_2c7b26aecdae6beb","fg0945","1","fg0945","fg0322","fg0138","fg0551","fg0029","fg0529","fg0466","fg0391","fg0250","fg0238","fg0476","fg0219","fg0613","fg0419","fg0184","fg0745","fg0327","fg0794","fg0849","fg0834"
"fq004089","vx_2c7b26aecdae6beb","fg0945","3","fg0322","fg0138","fg0945","fg0476","fg0391","fg0529","fg0029","fg0238","fg0728","fg0466","fg0551","fg0250","fg0056","fg0219","fg0849","fg0745","fg0613","fg0127","fg0443","fg0245"
"fq004090","vx_4efa168b4c69ba7c","fg0946","370","fg1000","fg0103","fg0869","fg0823","fg0796","fg0546","fg0367","fg0187","fg0909","fg0157","fg0090","fg0005","fg0224","fg0651","fg0255","fg0706","fg0807","fg0711","fg0655","fg0798"
"fq004091","vx_29ad834996aa95e1","fg0947","1","fg0947","fg0989","fg0495","fg0698","fg0464","fg0528","fg0048","fg0863","fg0893","fg0303","fg0721","fg0980","fg0964","fg0770","fg0612","fg0304","fg0079","fg0895","fg0462","fg0789"
"fq004092","vx_29ad834996aa95e1","fg0947","1","fg0947","fg0989","fg0698","fg0464","fg0528","fg0893","fg0495","fg0048","fg0863","fg0303","fg0304","fg0536","fg0895","fg0980","fg0612","fg0880","fg0131","fg0784","fg0789","fg0525"
"fq004093","vx_d3d0aef95e15e5e8","fg0948","1","fg0948","fg0630","fg0490","fg0588","fg0977","fg0123","fg0411","fg0703","fg0768","fg0388","fg0298","fg0973","fg0528","fg0573","fg0211","fg0503","fg0371","fg0974","fg0682","fg0866"
"fq004094","vx_d3d0aef95e15e5e8","fg0948","1","fg0948","fg0630","fg0397","fg0388","fg0123","fg0170","fg0330","fg0713","fg0298","fg0042","fg0228","fg0001","fg0338","fg0528","fg0588","fg0977","fg0027","fg0503","fg0703","fg0695"
"fq004095","vx_d3d0aef95e15e5e8","fg0948","1","fg0948","fg0630","fg0490","fg0298","fg0123","fg0588","fg0170","fg0936","fg0768","fg0977","fg0411","fg0211","fg0082","fg0503","fg0388","fg0573","fg0054","fg0974","fg0528","fg0703"
"fq004096","vx_d3d0aef95e15e5e8","fg0948","1","fg0948","fg0630","fg0977","fg0703","fg0082","fg0123","fg0687","fg0974","fg0588","fg0054","fg0170","fg0330","fg0973","fg0866","fg0736","fg0768","fg0713","fg0573","fg0802","fg0936"
"fq004097","vx_d3d0aef95e15e5e8","fg0948","1","fg0948","fg0630","fg0588","fg0977","fg0123","fg0298","fg0490","fg0411","fg0082","fg0768","fg0211","fg0936","fg0054","fg0528","fg0503","fg0027","fg0170","fg0573","fg0703","fg0687"
"fq004098","vx_d3d0aef95e15e5e8","fg0948","1","fg0948","fg0965","fg0673","fg0769","fg0990","fg0497","fg0960","fg0047","fg0993","fg0667","fg0811","fg0663","fg0481","fg0467","fg0630","fg0416","fg0338","fg0539","fg0512","fg0266"
"fq004099","vx_d3d0aef95e15e5e8","fg0948","1","fg0948","fg0630","fg0936","fg0490","fg0123","fg0977","fg0588","fg0298","fg0082","fg0703","fg0746","fg0974","fg0768","fg0054","fg0528","fg0211","fg0503","fg0527","fg0431","fg0573"
"fq004100","vx_d3d0aef95e15e5e8","fg0948","1","fg0948","fg0123","fg0490","fg0630","fg0388","fg0298","fg0936","fg0977","fg0703","fg0768","fg0588","fg0746","fg0082","fg0687","fg0656","fg0974","fg0054","fg0042","fg0569","fg0839"
"fq004101","vx_d3d0aef95e15e5e8","fg0948","1","fg0948","fg0630","fg0977","fg0974","fg0123","fg0330","fg0703","fg0588","fg0866","fg0027","fg0411","fg0490","fg0682","fg0085","fg0527","fg0042","fg0738","fg0082","fg0371","fg0012"
"fq004102","vx_d3d0aef95e15e5e8","fg0948","1","fg0948","fg0630","fg0123","fg0298","fg0977","fg0490","fg0703","fg0388","fg0936","fg0503","fg0588","fg0330","fg0768","fg0170","fg0746","fg0042","fg0082","fg0713","fg0973","fg0527"
"fq004103","vx_d3d0aef95e15e5e8","fg0948","1","fg0948","fg0977","fg0630","fg0490","fg0123","fg0703","fg0974","fg0687","fg0082","fg0588","fg0936","fg0054","fg0298","fg0170","fg0330","fg0768","fg0973","fg0656","fg0573","fg0411"
"fq004104","vx_d3d0aef95e15e5e8","fg0948","1","fg0948","fg0630","fg0123","fg0298","fg0082","fg0490","fg0588","fg0936","fg0713","fg0388","fg0503","fg0528","fg0839","fg0170","fg0073","fg0338","fg0397","fg0211","fg0768","fg0746"
"fq004105","vx_91b6399ace8ebf09","fg0949","1","fg0949","fg0805","fg0909","fg0385","fg0890","fg0024","fg0720","fg0581","fg0845","fg0369","fg0961","fg0786","fg0658","fg0441","fg0222","fg0223","fg0455","fg0646","fg0339","fg0796"
"fq004106","vx_a87ca59eaae66e02","fg0950","1","fg0950","fg0494","fg0218","fg0390","fg0955","fg0623","fg0875","fg0406","fg0562","fg0732","fg0632","fg0154","fg0515","fg0290","fg0773","fg0081","fg0337","fg0712","fg0382","fg0203"
"fq004107","vx_db11155f82792015","fg0951","1","fg0951","fg0293","fg0955","fg0137","fg0547","fg0907","fg0593","fg0232","fg0431","fg0413","fg0613","fg0012","fg0390","fg0643","fg0556","fg0849","fg0290","fg0111","fg0463","fg0491"
"fq004108","vx_6c9edea811466e02","fg0952","1","fg0952","fg0141","fg0707","fg0875","fg0796","fg0929","fg0289","fg0432","fg0237","fg0240","fg0307","fg1000","fg0115","fg0194","fg0626","fg0310","fg0253","fg0332","fg0935","fg0934"
"fq004109","vx_6c9edea811466e02","fg0952","1","fg0952","fg0707","fg0141","fg0875","fg0929","fg0432","fg0307","fg0796","fg0289","fg0194","fg0240","fg1000","fg0237","fg0253","fg0310","fg0970","fg0227","fg0115","fg0935","fg0892"
"fq004110","vx_8c85d57de0c57f1d","fg0953","1","fg0953","fg0871","fg0257","fg0851","fg0183","fg0094","fg0450","fg0192","fg0850","fg0575","fg0849","fg0737","fg0370","fg0874","fg0973","fg0730","fg0439","fg0061","fg0149","fg0606"
"fq004111","vx_8c85d57de0c57f1d","fg0953","1","fg0953","fg0871","fg0850","fg0575","fg0257","fg0730","fg0737","fg0192","fg0094","fg0973","fg0183","fg0836","fg0439","fg0149","fg0450","fg0874","fg0861","fg0370","fg0606","fg0849"
"fq004112","vx_60d4e715c145c580","fg0954","1","fg0954","fg0021","fg0621","fg0558","fg0658","fg0198","fg0391","fg0522","fg0994","fg0351","fg0335","fg0108","fg0969","fg0734","fg0295","fg0628","fg0289","fg0955","fg0873","fg0031"
"fq004113","vx_b9357f1c018ab745","fg0955","1","fg0955","fg0951","fg0290","fg0655","fg0894","fg0293","fg0810","fg0154","fg0056","fg0547","fg0600","fg0224","fg0649","fg0103","fg0982","fg0391","fg0335","fg0628","fg0114","fg0292"
"fq004114","vx_58078bae6660b6ff","fg0956","1","fg0956","fg0809","fg0975","fg0773","fg0276","fg0382","fg0538","fg0847","fg0719","fg0153","fg0742","fg0404","fg0421","fg0051","fg0358","fg0700","fg0536","fg0566","fg0181","fg0756"
"fq004115","vx_58078bae6660b6ff","fg0956","1","fg0956","fg0276","fg0382","fg0983","fg0404","fg0337","fg0719","fg0081","fg0975","fg0538","fg0773","fg0037","fg0809","fg0899","fg0160","fg0950","fg0623","fg0197","fg0218","fg0940"
"fq004116","vx_58078bae6660b6ff","fg0956","1","fg0956","fg0276","fg0081","fg0950","fg0382","fg0983","fg0719","fg0975","fg0337","fg0404","fg0773","fg0538","fg0252","fg0218","fg0623","fg0809","fg0539","fg0421","fg0203","fg0077"
"fq004117","vx_58078bae6660b6ff","fg0956","1","fg0956","fg0719","fg0276","fg0081","fg0404","fg0337","fg0809","fg0983","fg0382","fg0218","fg0539","fg0538","fg0773","fg0975","fg0203","fg0037","fg0153","fg0915","fg0372","fg0294"
"fq004118","vx_58078bae6660b6ff","fg0956","1","fg0956","fg0404","fg0983","fg0773","fg0276","fg0719","fg0950","fg0382","fg0975","fg0218","fg0081","fg0809","fg0538","fg0337","fg0716","fg0252","fg0623","fg0177","fg0323","fg0037"
"fq004119","vx_58078bae6660b6ff","fg0956","1","fg0956","fg0276","fg0081","fg0538","fg0983","fg0037","fg0404","fg0382","fg0719","fg0337","fg0899","fg0773","fg0455","fg0975","fg0950","fg0809","fg0177","fg0323","fg0471","fg0716"
"fq004120","vx_58078bae6660b6ff","fg0956","1","fg0956","fg0276","fg0382","fg0538","fg0404","fg0719","fg0809","fg0899","fg0975","fg0983","fg0037","fg0541","fg0773","fg0153","fg0847","fg0471","fg0160","fg0081","fg0684","fg0177"
"fq004121","vx_58078bae6660b6ff","fg0956","1","fg0956","fg0276","fg0404","fg0975","fg0809","fg0773","fg0983","fg0382","fg0719","fg0538","fg0177","fg0153","fg0081","fg0847","fg0455","fg0950","fg0218","fg0203","fg0471","fg0421"
"fq004122","vx_58078bae6660b6ff","fg0956","1","fg0956","fg0382","fg0773","fg0975","fg0809","fg0538","fg0719","fg0276","fg0404","fg0950","fg0847","fg0218","fg0983","fg0081","fg0153","fg0539","fg0684","fg0252","fg0899","fg0421"
"fq004123","vx_a8a4a19122f1974b","fg0957","1","fg0957","fg0777","fg0614","fg0699","fg0705","fg0704","fg0632","fg0741","fg0998","fg0519","fg0763","fg0810","fg0928","fg0343","fg0557","fg0178","fg0273","fg0591","fg0882","fg0396"
"fq004124","vx_a8a4a19122f1974b","fg0957","1","fg0957","fg0777","fg0760","fg0343","fg0614","fg0273","fg0704","fg0699","fg0034","fg0763","fg0457","fg0739","fg0102","fg0424","fg0028","fg0396","fg0844","fg0665","fg0050","fg0178"
"fq004125","vx_572f838c0e56ad64","fg0958","1","fg0958","fg0170","fg0817","fg0410","fg0844","fg0428","fg0931","fg0050","fg0599","fg0064","fg0102","fg0457","fg0988","fg0459","fg0680","fg0263","fg0704","fg0144","fg0155","fg0760"
"fq004126","vx_572f838c0e56ad64","fg0958","1","fg0958","fg0817","fg0064","fg0979","fg0170","fg0428","fg0599","fg0410","fg0933","fg0874","fg0879","fg0931","fg0889","fg0578","fg0155","fg0647","fg0844","fg0324","fg0459","fg0867"
"fq004127","vx_572f838c0e56ad64","fg0958","1","fg0958","fg0817","fg0170","fg0064","fg0410","fg0428","fg0599","fg0931","fg0979","fg0889","fg0050","fg0144","fg0459","fg0155","fg0578","fg0988","fg0457","fg0874","fg0324","fg0102"
"fq004128","vx_f9bae9b6fd92a270","fg0959","1","fg0959","fg0525","fg0714","fg0910","fg0233","fg0768","fg0421","fg0227","fg0126","fg0808","fg0042","fg0350","fg0565","fg0241","fg0271","fg0469","fg0275","fg0733","fg0010","fg0641"
"fq004129","vx_f9bae9b6fd92a270","fg0959","1","fg0959","fg0525","fg0233","fg0768","fg0271","fg0910","fg0227","fg0151","fg0641","fg0126","fg0421","fg0469","fg0275","fg0186","fg0733","fg0783","fg0241","fg0218","fg0569","fg0347"
"fq004130","vx_f9bae9b6fd92a270","fg0959","1","fg0959","fg0525","fg0910","fg0233","fg0768","fg0641","fg0682","fg0275","fg0159","fg0569","fg0714","fg0656","fg0126","fg0042","fg0025","fg0151","fg0733","fg0810","fg0573","fg0565"
"fq004131","vx_98bb0fae66383b7c","fg0960","1","fg0960","fg0007","fg0663","fg0788","fg0359","fg0085","fg0532","fg0708","fg0974","fg0330","fg0740","fg0416","fg0070","fg0965","fg0192","fg0811","fg0015","fg0791","fg0404","fg0716"
"fq004132","vx_56ea78988a5fed7d","fg0961","1","fg0961","fg0044","fg0681","fg0906","fg0949","fg0644","fg0611","fg0645","fg0210","fg0907","fg0344","fg0529","fg0843","fg0413","fg0581","fg0514","fg0805","fg0720","fg0628","fg0855"
"fq004133","vx_56ea78988a5fed7d","fg0961","1","fg0961","fg0044","fg0644","fg0949","fg0681","fg0906","fg0210","fg0036","fg0344","fg0611","fg0645","fg0071","fg0514","fg0529","fg0824","fg0909","fg0635","fg0843","fg0907","fg0190"
"fq004134","vx_56ea78988a5fed7d","fg0961","1","fg0961","fg0644","fg0036","fg0681","fg0529","fg0645","fg0151","fg0906","fg0949","fg0044","fg0009","fg0031","fg0611","fg0884","fg0071","fg0909","fg0635","fg0581","fg0843","fg0907"
"fq004135","vx_56ea78988a5fed7d","fg0961","1","fg0961","fg0644","fg0949","fg0645","fg0681","fg0044","fg0906","fg0611","fg0529","fg0151","fg0013","fg0140","fg0909","fg0036","fg0031","fg0190","fg0884","fg0406","fg0071","fg0873"
"fq004136","vx_56ea78988a5fed7d","fg0961","1","fg0961","fg0949","fg0044","fg0906","fg0681","fg0645","fg0611","fg0907","fg0190","fg0529","fg0884","fg0909","fg0210","fg0151","fg0406","fg0843","fg0644","fg0413","fg0031","fg0805"
"fq004137","vx_56ea78988a5fed7d","fg0961","1","fg0961","fg0949","fg0644","fg0645","fg0681","fg0044","fg0884","fg0906","fg0529","fg0611","fg0406","fg0190","fg0390","fg0210","fg0855","fg0151","fg0036","fg0909","fg0907","fg0635"
"fq004138","vx_56ea78988a5fed7d","fg0961","1","fg0961","fg0044","fg0681","fg0906","fg0949","fg0611","fg0644","fg0645","fg0210","fg0635","fg0581","fg0514","fg0720","fg0151","fg0909","fg0413","fg0529","fg0344","fg0805","fg0843"
"fq004139","vx_56ea78988a5fed7d","fg0961","1","fg0961","fg0906","fg0044","fg0681","fg0611","fg0413","fg0949","fg0644","fg0824","fg0072","fg0210","fg0645","fg0909","fg0186","fg0190","fg0720","fg0036","fg0907","fg0529","fg0855"
"fq004140","vx_56ea78988a5fed7d","fg0961","1","fg0961","fg0044","fg0949","fg0344","fg0909","fg0906","fg0036","fg0581","fg0824","fg0635","fg0720","fg0222","fg0151","fg0681","fg0805","fg0514","fg0413","fg0287","fg0072","fg0103"
"fq004141","vx_56ea78988a5fed7d","fg0961","1","fg0961","fg0681","fg0949","fg0644","fg0044","fg0210","fg0906","fg0036","fg0645","fg0611","fg0344","fg0805","fg0581","fg0855","fg0824","fg0907","fg0884","fg0628","fg0843","fg0529"
"fq004142","vx_56ea78988a5fed7d","fg0961","1","fg0961","fg0645","fg0529","fg0884","fg0644","fg0681","fg0949","fg0406","fg0906","fg0044","fg0611","fg0190","fg0496","fg0907","fg0974","fg0390","fg0151","fg0031","fg0140","fg0071"
"fq004143","vx_56ea78988a5fed7d","fg0961","1","fg0961","fg0044","fg0949","fg0906","fg0036","fg0072","fg0909","fg0287","fg0514","fg0644","fg0824","fg0645","fg0151","fg0344","fg0611","fg0013","fg0299","fg0635","fg0413","fg0855"
"fq004144","vx_56ea78988a5fed7d","fg0961","1","fg0961","fg0644","fg0645","fg0949","fg0906","fg0681","fg0044","fg0529","fg0611","fg0884","fg0190","fg0907","fg0855","fg0140","fg0909","fg0406","fg0843","fg0151","fg0031","fg0210"
"fq004145","vx_56ea78988a5fed7d","fg0961","1","fg0961","fg0681","fg0645","fg0644","fg0044","fg0529","fg0906","fg0949","fg0611","fg0907","fg0406","fg0884","fg0210","fg0190","fg0843","fg0514","fg0805","fg0413","fg0071","fg0855"
"fq004146","vx_56ea78988a5fed7d","fg0961","1","fg0961","fg0681","fg0044","fg0906","fg0949","fg0644","fg0645","fg0210","fg0611","fg0909","fg0514","fg0843","fg0413","fg0151","fg0907","fg0529","fg0855","fg0635","fg0720","fg0805"
"fq004147","vx_56ea78988a5fed7d","fg0961","1","fg0961","fg0681","fg0644","fg0949","fg0529","fg0190","fg0906","fg0044","fg0645","fg0611","fg0406","fg0907","fg0884","fg0390","fg0151","fg0036","fg0855","fg0843","fg0419","fg0909"
"fq004148","vx_56ea78988a5fed7d","fg0961","1","fg0961","fg0044","fg0681","fg0906","fg0949","fg0645","fg0611","fg0644","fg0210","fg0413","fg0529","fg0514","fg0635","fg0907","fg0344","fg0843","fg0151","fg0909","fg0855","fg0720"
"fq004149","vx_56ea78988a5fed7d","fg0961","1","fg0961","fg0044","fg0949","fg0644","fg0645","fg0681","fg0529","fg0906","fg0210","fg0514","fg0907","fg0071","fg0611","fg0909","fg0884","fg0843","fg0419","fg0036","fg0824","fg0072"
"fq004150","vx_56ea78988a5fed7d","fg0961","1","fg0961","fg0681","fg0044","fg0906","fg0644","fg0949","fg0210","fg0720","fg0907","fg0413","fg0611","fg0805","fg0855","fg0529","fg0645","fg0344","fg0581","fg0190","fg0884","fg0292"
"fq004151","vx_56ea78988a5fed7d","fg0961","1","fg0961","fg0044","fg0906","fg0949","fg0681","fg0072","fg0611","fg0186","fg0413","fg0514","fg0645","fg0151","fg0299","fg0581","fg0344","fg0720","fg0644","fg0909","fg0635","fg0210"
"fq004152","vx_56ea78988a5fed7d","fg0961","1","fg0961","fg0044","fg0644","fg0681","fg0949","fg0611","fg0906","fg0645","fg0529","fg0190","fg0907","fg0406","fg0873","fg0140","fg0210","fg0843","fg0581","fg0909","fg0855","fg0072"
"fq004153","vx_56ea78988a5fed7d","fg0961","1","fg0961","fg0681","fg0044","fg0949","fg0906","fg0645","fg0611","fg0644","fg0843","fg0907","fg0529","fg0210","fg0031","fg0140","fg0855","fg0873","fg0768","fg0190","fg0406","fg0186"
"fq004154","vx_56ea78988a5fed7d","fg0961","1","fg0961","fg0681","fg0044","fg0949","fg0644","fg0645","fg0906","fg0611","fg0210","fg0529","fg0873","fg0190","fg0884","fg0843","fg0140","fg0514","fg0907","fg0805","fg0413","fg0720"
"fq004155","vx_56ea78988a5fed7d","fg0961","1","fg0961","fg0644","fg0681","fg0529","fg0645","fg0949","fg0190","fg0906","fg0044","fg0884","fg0611","fg0210","fg0907","fg0151","fg0390","fg0419","fg0292","fg0843","fg0406","fg0581"
"fq004156","vx_56ea78988a5fed7d","fg0961","1","fg0961","fg0681","fg0044","fg0529","fg0611","fg0190","fg0949","fg0907","fg0645","fg0406","fg0906","fg0644","fg0210","fg0390","fg0413","fg0884","fg0581","fg0419","fg0805","fg0514"
"fq004157","vx_56ea78988a5fed7d","fg0961","1","fg0961","fg0907","fg0044","fg0645","fg0529","fg0949","fg0681","fg0906","fg0974","fg0190","fg0644","fg0611","fg0884","fg0406","fg0920","fg0292","fg0514","fg0210","fg0496","fg0909"
"fq004158","vx_56ea78988a5fed7d","fg0961","1","fg0961","fg0907","fg0949","fg0906","fg0645","fg0044","fg0681","fg0529","fg0611","fg0884","fg0644","fg0210","fg0036","fg0805","fg0190","fg0843","fg0151","fg0292","fg0628","fg0413"
"fq004159","vx_56ea78988a5fed7d","fg0961","1","fg0961","fg0645","fg0949","fg0529","fg0884","fg0644","fg0044","fg0681","fg0906","fg0907","fg0036","fg0190","fg0390","fg0210","fg0855","fg0406","fg0875","fg0805","fg0513","fg0292"
"fq004160","vx_56ea78988a5fed7d","fg0961","1","fg0961","fg0644","fg0529","fg0681","fg0906","fg0645","fg0907","fg0884","fg0390","fg0044","fg0611","fg0855","fg0949","fg0190","fg0406","fg0413","fg0151","fg0210","fg0036","fg0843"
"fq004161","vx_56ea78988a5fed7d","fg0961","1","fg0961","fg0044","fg0906","fg0681","fg0949","fg0645","fg0644","fg0611","fg0529","fg0907","fg0190","fg0843","fg0210","fg0186","fg0413","fg0151","fg0581","fg0909","fg0419","fg0514"
"fq004162","vx_56ea78988a5fed7d","fg0961","1","fg0961","fg0044","fg0949","fg0645","fg0906","fg0611","fg0681","fg0529","fg0151","fg0644","fg0909","fg0190","fg0907","fg0884","fg0210","fg0413","fg0140","fg0514","fg0855","fg0013"
"fq004163","vx_56ea78988a5fed7d","fg0961","1","fg0961","fg0681","fg0907","fg0044","fg0390","fg0292","fg0406","fg0720","fg0210","fg0529","fg0581","fg0906","fg0190","fg0805","fg0628","fg0644","fg0855","fg0884","fg0766","fg0951"
"fq004164","vx_4136f2208bb73bbd","fg0962","1","fg0962","fg0588","fg0742","fg0123","fg0001","fg0793","fg0757","fg0662","fg0181","fg0388","fg0298","fg0736","fg0916","fg0936","fg0184","fg0528","fg0659","fg0275","fg0835","fg0573"
"fq004165","vx_ee304c2c8a3392a8","fg0963","1","fg0963","fg0192","fg0359","fg0708","fg0149","fg0117","fg0061","fg0497","fg0669","fg0358","fg0606","fg0185","fg0726","fg0394","fg0440","fg0553","fg0323","fg0520","fg0468","fg0245"
"fq004166","vx_ee304c2c8a3392a8","fg0963","1","fg0963","fg0192","fg0061","fg0323","fg0669","fg0606","fg0037","fg0468","fg0359","fg0185","fg0358","fg0972","fg0149","fg0311","fg0505","fg0141","fg0677","fg0642","fg0117","fg0850"
"fq004167","vx_ee304c2c8a3392a8","fg0963","1","fg0963","fg0192","fg0061","fg0440","fg0359","fg0149","fg0468","fg0669","fg0358","fg0497","fg0505","fg0117","fg0296","fg0606","fg0245","fg0708","fg0972","fg0185","fg0765","fg0754"
"fq004168","vx_ee304c2c8a3392a8","fg0963","1","fg0963","fg0192","fg0359","fg0061","fg0505","fg0440","fg0149","fg0708","fg0497","fg0117","fg0669","fg0296","fg0358","fg0606","fg0468","fg0520","fg0245","fg0185","fg0323","fg0394"
"fq004169","vx_ba67483795f6829e","fg0964","1","fg0964","fg0127","fg0661","fg0816","fg0574","fg0542","fg0303","fg0299","fg0389","fg0131","fg0920","fg0129","fg0604","fg0518","fg0288","fg0476","fg0392","fg0823","fg0057","fg0947"
"fq004170","vx_ba67483795f6829e","fg0964","1","fg0964","fg0661","fg0127","fg0299","fg0574","fg0908","fg0129","fg0476","fg0313","fg0526","fg0771","fg0303","fg0014","fg0166","fg0508","fg0288","fg0571","fg0066","fg0604","fg0392"
"fq004171","vx_ba67483795f6829e","fg0964","1","fg0964","fg0661","fg0574","fg0542","fg0299","fg0303","fg0127","fg0129","fg0392","fg0288","fg0476","fg0389","fg0360","fg0166","fg0518","fg0313","fg0771","fg0823","fg0863","fg0326"
"fq004172","vx_ba67483795f6829e","fg0964","1","fg0964","fg0661","fg0127","fg0908","fg0299","fg0518","fg0303","fg0542","fg0946","fg0508","fg0823","fg0574","fg0066","fg0816","fg0389","fg0313","fg0462","fg0476","fg0129","fg0360"
"fq004173","vx_ba67483795f6829e","fg0964","1","fg0964","fg0661","fg0127","fg0574","fg0299","fg0303","fg0816","fg0129","fg0542","fg0392","fg0604","fg0771","fg0288","fg0550","fg0389","fg0508","fg0166","fg0518","fg0014","fg0616"
"fq004174","vx_7501c108bed27fae","fg0965","1","fg0965","fg0595","fg0286","fg0839","fg0259","fg0968","fg0482","fg0111","fg0713","fg0345","fg0201","fg0049","fg0400","fg0912","fg0215","fg0620","fg0066","fg0508","fg0241","fg0675"
"fq004175","vx_74529bd09fb47cf7","fg0966","1","fg0966","fg0448","fg0418","fg0962","fg0865","fg0479","fg0630","fg0535","fg0086","fg0515","fg0367","fg0334","fg0756","fg0462","fg0362","fg0185","fg0698","fg0279","fg0544","fg0565"
"fq004176","vx_33ace8a73a62c3da","fg0967","1","fg0967","fg0262","fg0256","fg0246","fg0781","fg0789","fg0888","fg0619","fg0807","fg0823","fg0398","fg0650","fg0176","fg0545","fg0995","fg0235","fg0241","fg0524","fg0784","fg0544"
"fq004177","vx_d833c39988646065","fg0968","1","fg0968","fg0595","fg0690","fg0304","fg0719","fg0569","fg0333","fg0758","fg0846","fg0320","fg0885","fg0299","fg0389","fg0533","fg0839","fg0092","fg0327","fg0182","fg0131","fg0225"
"fq004178","vx_d833c39988646065","fg0968","1","fg0968","fg0595","fg0719","fg0304","fg0690","fg0758","fg0333","fg0320","fg0182","fg0533","fg0376","fg0569","fg0846","fg0839","fg0867","fg0197","fg0885","fg0500","fg0092","fg0336"
"fq004179","vx_d833c39988646065","fg0968","1","fg0968","fg0595","fg0304","fg0690","fg0719","fg0569","fg0758","fg0333","fg0092","fg0846","fg0533","fg0320","fg0376","fg0182","fg0299","fg0839","fg0885","fg0336","fg0327","fg0389"
"fq004180","vx_21f76e22999fde3e","fg0969","1","fg0969","fg0079","fg0714","fg0060","fg0910","fg0087","fg0336","fg0478","fg0597","fg0121","fg0045","fg0414","fg0717","fg0567","fg0252","fg0954","fg0247","fg0201","fg0074","fg0030"
"fq004181","vx_f0abfc1c1261c413","fg0970","1","fg0970","fg1000","fg0817","fg0031","fg0535","fg0590","fg0809","fg0954","fg0301","fg0112","fg0186","fg0847","fg0121","fg0452","fg0214","fg0485","fg0025","fg0797","fg0059","fg0522"
"fq004182","vx_f0abfc1c1261c413","fg0970","1","fg0970","fg1000","fg0031","fg0817","fg0590","fg0301","fg0847","fg0809","fg0018","fg0535","fg0549","fg0112","fg0797","fg0121","fg0077","fg0186","fg0859","fg0490","fg0059","fg0547"
"fq004183","vx_f0abfc1c1261c413","fg0970","1","fg0970","fg1000","fg0809","fg0847","fg0031","fg0077","fg0590","fg0747","fg0121","fg0817","fg0153","fg0522","fg0018","fg0956","fg0112","fg0203","fg0983","fg0301","fg0535","fg0120"
"fq004184","vx_f0abfc1c1261c413","fg0970","1","fg0970","fg1000","fg0031","fg0018","fg0847","fg0549","fg0112","fg0590","fg0301","fg0227","fg0204","fg0684","fg0121","fg0817","fg0797","fg0077","fg0501","fg0809","fg0934","fg0522"
"fq004185","vx_3a68f37c10b3f79e","fg0971","1","fg0971","fg0316","fg0101","fg0237","fg0141","fg0532","fg0763","fg0315","fg0739","fg0494","fg0361","fg0119","fg0145","fg0399","fg0572","fg0861","fg0828","fg0195","fg0305","fg0347"
"fq004186","vx_bf4c432b5b053fea","fg0972","1","fg0972","fg0490","fg0936","fg0733","fg0211","fg0569","fg0327","fg0186","fg0573","fg0746","fg0686","fg0659","fg0184","fg0312","fg0091","fg0925","fg0783","fg0345","fg0794","fg0657"
"fq004187","vx_99e98264a6ecd771","fg0973","1","fg0973","fg0398","fg0703","fg0835","fg0411","fg0371","fg0126","fg0350","fg0117","fg0474","fg0850","fg0334","fg0851","fg0977","fg0738","fg0369","fg0367","fg0330","fg0578","fg0967"
"fq004188","vx_bac0fde46771b510","fg0974","1","fg0974","fg0692","fg0644","fg0960","fg0068","fg0907","fg0768","fg0703","fg0843","fg0247","fg0744","fg0880","fg0257","fg0961","fg0477","fg0948","fg0563","fg0513","fg0823","fg0657"
"fq004189","vx_9303807e6d4f9fbe","fg0975","1","fg0975","fg0773","fg0522","fg0940","fg0203","fg0483","fg0539","fg0956","fg0003","fg0494","fg0731","fg0084","fg0935","fg0421","fg0809","fg0654","fg0899","fg0950","fg0261","fg0427"
"fq004190","vx_37d94417547acdf4","fg0976","1","fg0976","fg0334","fg0907","fg0211","fg0106","fg0806","fg0371","fg0682","fg0071","fg0562","fg0591","fg0657","fg0573","fg0855","fg0942","fg0843","fg0191","fg0173","fg0397","fg0082"
"fq004191","vx_0f3caccfda5017b8","fg0977","1","fg0977","fg0170","fg0410","fg0844","fg0102","fg0523","fg0457","fg0309","fg0792","fg0948","fg0704","fg0164","fg0817","fg0958","fg0680","fg0050","fg0275","fg0072","fg0388","fg0768"
"fq004192","vx_0f3caccfda5017b8","fg0977","1","fg0977","fg0170","fg0410","fg0844","fg0102","fg0457","fg0523","fg0680","fg0817","fg0704","fg0948","fg0792","fg0164","fg0275","fg0309","fg0406","fg0011","fg0050","fg0958","fg0836"
"fq004193","vx_0f3caccfda5017b8","fg0977","1","fg0977","fg0170","fg0410","fg0844","fg0457","fg0102","fg0523","fg0309","fg0792","fg0948","fg0164","fg0704","fg0407","fg0050","fg0406","fg0275","fg0817","fg0680","fg0768","fg0075"
"fq004194","vx_0f3caccfda5017b8","fg0977","1","fg0977","fg0170","fg0410","fg0844","fg0457","fg0102","fg0523","fg0309","fg0792","fg0704","fg0680","fg0817","fg0407","fg0164","fg0948","fg0406","fg0050","fg0958","fg0386","fg0072"
"fq004195","vx_0f3caccfda5017b8","fg0977","1","fg0977","fg0170","fg0844","fg0410","fg0102","fg0457","fg0309","fg0948","fg0523","fg0050","fg0792","fg0406","fg0817","fg0704","fg0958","fg0407","fg0680","fg0330","fg0164","fg0072"
"fq004196","vx_0f3caccfda5017b8","fg0977","1","fg0977","fg0170","fg0844","fg0410","fg0457","fg0102","fg0523","fg0309","fg0948","fg0792","fg0817","fg0680","fg0164","fg0704","fg0406","fg0050","fg0275","fg0330","fg0958","fg0211"
"fq004197","vx_0f3caccfda5017b8","fg0977","1","fg0977","fg0170","fg0410","fg0844","fg0948","fg0457","fg0102","fg0164","fg0309","fg0523","fg0768","fg0958","fg0792","fg0407","fg0050","fg0211","fg0275","fg0298","fg0406","fg0889"
"fq004198","vx_0f3caccfda5017b8","fg0977","1","fg0977","fg0170","fg0410","fg0844","fg0102","fg0523","fg0457","fg0309","fg0792","fg0817","fg0164","fg0948","fg0958","fg0275","fg0680","fg0704","fg0407","fg0406","fg0072","fg0768"
"fq004199","vx_0f3caccfda5017b8","fg0977","1","fg0977","fg0170","fg0844","fg0410","fg0102","fg0457","fg0948","fg0164","fg0523","fg0275","fg0309","fg0817","fg0407","fg0958","fg0406","fg0704","fg0792","fg0424","fg0768","fg0680"
"fq004200","vx_0f3caccfda5017b8","fg0977","1","fg0977","fg0170","fg0844","fg0410","fg0457","fg0102","fg0948","fg0523","fg0309","fg0164","fg0817","fg0704","fg0050","fg0386","fg0680","fg0792","fg0958","fg0406","fg0330","fg0407"
"fq004201","vx_0f3caccfda5017b8","fg0977","1","fg0977","fg0170","fg0844","fg0410","fg0309","fg0164","fg0102","fg0948","fg0457","fg0523","fg0792","fg0407","fg0768","fg0050","fg0406","fg0817","fg0958","fg0275","fg0701","fg0704"
"fq004202","vx_0f3caccfda5017b8","fg0977","1","fg0977","fg0170","fg0844","fg0410","fg0102","fg0457","fg0050","fg0407","fg0309","fg0817","fg0523","fg0760","fg0164","fg0958","fg0948","fg0979","fg0099","fg0704","fg0680","fg0072"
"fq004203","vx_0f3caccfda5017b8","fg0977","1","fg0977","fg0170","fg0410","fg0844","fg0102","fg0309","fg0457","fg0948","fg0523","fg0792","fg0406","fg0958","fg0050","fg0164","fg0817","fg0704","fg0889","fg0075","fg0680","fg0768"
"fq004204","vx_0f3caccfda5017b8","fg0977","1","fg0977","fg0170","fg0410","fg0844","fg0102","fg0457","fg0948","fg0523","fg0309","fg0164","fg0792","fg0768","fg0275","fg0406","fg0211","fg0704","fg0298","fg0680","fg0050","fg0817"
"fq004205","vx_0f3caccfda5017b8","fg0977","1","fg0977","fg0170","fg0844","fg0410","fg0102","fg0457","fg0309","fg0948","fg0523","fg0792","fg0050","fg0406","fg0817","fg0407","fg0164","fg0958","fg0704","fg0680","fg0011","fg0768"
"fq004206","vx_0f3caccfda5017b8","fg0977","1","fg0977","fg0170","fg0410","fg0844","fg0102","fg0457","fg0309","fg0948","fg0523","fg0164","fg0050","fg0792","fg0704","fg0680","fg0406","fg0275","fg0011","fg0407","fg0817","fg0386"
"fq004207","vx_0f3caccfda5017b8","fg0977","1","fg0977","fg0170","fg0410","fg0844","fg0948","fg0102","fg0309","fg0164","fg0457","fg0523","fg0792","fg0050","fg0703","fg0768","fg0406","fg0117","fg0680","fg0704","fg0330","fg0889"
"fq004208","vx_0f3caccfda5017b8","fg0977","1","fg0977","fg0170","fg0410","fg0844","fg0102","fg0457","fg0948","fg0523","fg0309","fg0164","fg0817","fg0406","fg0958","fg0407","fg0792","fg0275","fg0050","fg0704","fg0680","fg0386"
"fq004209","vx_0f3caccfda5017b8","fg0977","1","fg0977","fg0170","fg0844","fg0410","fg0948","fg0102","fg0457","fg0523","fg0164","fg0309","fg0958","fg0792","fg0704","fg0817","fg0703","fg0050","fg0406","fg0330","fg0979","fg0680"
"fq004210","vx_0f3caccfda5017b8","fg0977","1","fg0977","fg0170","fg0410","fg0844","fg0102","fg0457","fg0523","fg0309","fg0817","fg0948","fg0680","fg0704","fg0406","fg0164","fg0792","fg0050","fg0275","fg0958","fg0011","fg0407"
"fq004211","vx_0f3caccfda5017b8","fg0977","1","fg0977","fg0170","fg0844","fg0410","fg0102","fg0457","fg0958","fg0309","fg0948","fg0164","fg0792","fg0523","fg0407","fg0680","fg0817","fg0704","fg0072","fg0406","fg0424","fg0573"
"fq004212","vx_0f3caccfda5017b8","fg0977","1","fg0977","fg0164","fg0948","fg0703","fg0738","fg0170","fg0973","fg0598","fg0468","fg0330","fg0979","fg0117","fg0410","fg0844","fg0384","fg0054","fg0444","fg0740","fg0611","fg0974"
"fq004213","vx_0f3caccfda5017b8","fg0977","1","fg0977","fg0170","fg0844","fg0410","fg0102","fg0457","fg0948","fg0523","fg0309","fg0792","fg0164","fg0704","fg0680","fg0407","fg0406","fg0275","fg0817","fg0050","fg0011","fg0386"
"fq004214","vx_0f3caccfda5017b8","fg0977","1","fg0977","fg0170","fg0844","fg0410","fg0102","fg0457","fg0309","fg0792","fg0523","fg0704","fg0680","fg0817","fg0050","fg0164","fg0406","fg0948","fg0958","fg0407","fg0011","fg0072"
"fq004215","vx_0f3caccfda5017b8","fg0977","1","fg0977","fg0170","fg0410","fg0844","fg0523","fg0102","fg0457","fg0817","fg0958","fg0948","fg0889","fg0309","fg0388","fg0406","fg0275","fg0164","fg0155","fg0407","fg0931","fg0397"
"fq004216","vx_0f3caccfda5017b8","fg0977","1","fg0977","fg0170","fg0844","fg0410","fg0102","fg0457","fg0523","fg0704","fg0309","fg0948","fg0817","fg0792","fg0958","fg0275","fg0680","fg0211","fg0407","fg0386","fg0050","fg0406"
"fq004217","vx_0f3caccfda5017b8","fg0977","1","fg0977","fg0948","fg0164","fg0738","fg0979","fg0703","fg0468","fg0598","fg0170","fg0973","fg0444","fg0330","fg0384","fg0117","fg0611","fg0410","fg0068","fg0974","fg0844","fg0054"
"fq004218","vx_0f3caccfda5017b8","fg0977","1","fg0977","fg0170","fg0844","fg0410","fg0457","fg0102","fg0309","fg0523","fg0792","fg0407","fg0817","fg0680","fg0704","fg0050","fg0164","fg0072","fg0406","fg0958","fg0948","fg0011"
"fq004219","vx_0f3caccfda5017b8","fg0977","1","fg0977","fg0170","fg0844","fg0410","fg0102","fg0457","fg0523","fg0817","fg0309","fg0680","fg0704","fg0948","fg0958","fg0792","fg0406","fg0072","fg0164","fg0407","fg0931","fg0011"
"fq004220","vx_0f3caccfda5017b8","fg0977","1","fg0977","fg0170","fg0410","fg0844","fg0309","fg0102","fg0457","fg0948","fg0164","fg0523","fg0792","fg0050","fg0817","fg0406","fg0704","fg0768","fg0958","fg0407","fg0889","fg0075"
"fq004221","vx_0f3caccfda5017b8","fg0977","1","fg0977","fg0170","fg0410","fg0844","fg0102","fg0457","fg0164","fg0523","fg0309","fg0407","fg0406","fg0817","fg0680","fg0792","fg0948","fg0050","fg0958","fg0275","fg0704","fg0099"
"fq004222","vx_0f3caccfda5017b8","fg0977","1","fg0977","fg0170","fg0410","fg0844","fg0102","fg0457","fg0523","fg0309","fg0792","fg0407","fg0704","fg0680","fg0817","fg0406","fg0164","fg0948","fg0275","fg0958","fg0931","fg0072"
"fq004223","vx_39359b4ec16e6026","fg0978","1","fg0978","fg0702","fg0409","fg0984","fg0177","fg0467","fg0751","fg0924","fg0634","fg0829","fg0120","fg0268","fg0121","fg0770","fg0728","fg0509","fg0055","fg0223","fg0105","fg0862"
"fq004224","vx_39359b4ec16e6026","fg0978","1","fg0978","fg0702","fg0409","fg0177","fg0467","fg0984","fg0829","fg0924","fg0751","fg0634","fg0770","fg0268","fg0120","fg0121","fg0281","fg0207","fg0454","fg0045","fg0864","fg0223"
"fq004225","vx_943bb0a2f3c13f2f","fg0979","1","fg0979","fg0874","fg0064","fg0598","fg0149","fg0603","fg0669","fg0085","fg0274","fg0497","fg0027","fg0958","fg0606","fg0144","fg0192","fg0356","fg0985","fg0977","fg0708","fg0902"
"fq004226","vx_cb6b8eebeb7eda71","fg0980","1","fg0980","fg0863","fg0648","fg0893","fg0048","fg0470","fg0464","fg0989","fg0890","fg0024","fg0901","fg0739","fg0303","fg0763","fg0480","fg0761","fg0095","fg0609","fg0242","fg0908"
"fq004227","vx_f2c64d991295d456","fg0981","1","fg0981","fg0051","fg0530","fg0971","fg0028","fg0943","fg0012","fg0757","fg0630","fg0185","fg0741","fg0625","fg0164","fg0535","fg0417","fg0465","fg0754","fg0502","fg0765","fg0553"
"fq004228","vx_39ed64b4036ef11f","fg0982","1","fg0982","fg0211","fg0720","fg0028","fg0837","fg0375","fg0951","fg0129","fg0169","fg0829","fg0765","fg0542","fg0840","fg0947","fg0718","fg0849","fg0737","fg0061","fg0322","fg0730"
"fq004229","vx_39ed64b4036ef11f","fg0982","1","fg0982","fg0154","fg0951","fg0972","fg0730","fg0542","fg0137","fg0224","fg0849","fg0955","fg0397","fg0298","fg0963","fg0701","fg0129","fg0790","fg0436","fg0042","fg0632","fg0211"
"fq004230","vx_39ed64b4036ef11f","fg0982","1","fg0982","fg0730","fg0972","fg0169","fg0154","fg0951","fg0563","fg0298","fg0129","fg0211","fg0397","fg0849","fg0542","fg0955","fg0947","fg0936","fg0963","fg0228","fg0137","fg0350"
"fq004231","vx_39ed64b4036ef11f","fg0982","1","fg0982","fg0129","fg0235","fg0720","fg0563","fg0837","fg0829","fg0211","fg0663","fg0730","fg0947","fg0542","fg0137","fg0169","fg0972","fg0951","fg0154","fg0045","fg0345","fg0678"
"fq004232","vx_39ed64b4036ef11f","fg0982","1","fg0982","fg0632","fg0064","fg0542","fg0154","fg0951","fg0137","fg0972","fg0730","fg0124","fg0143","fg0169","fg0765","fg0224","fg0298","fg0955","fg0963","fg0837","fg0849","fg0203"
"fq004233","vx_39ed64b4036ef11f","fg0982","1","fg0982","fg0154","fg0951","fg0211","fg0137","fg0718","fg0955","fg0849","fg0542","fg0632","fg0397","fg0730","fg0124","fg0972","fg0436","fg0298","fg0235","fg0699","fg0593","fg0224"
"fq004234","vx_39ed64b4036ef11f","fg0982","1","fg0982","fg0765","fg0730","fg0972","fg0701","fg0211","fg0045","fg0563","fg0397","fg0015","fg0947","fg0051","fg0963","fg0981","fg0542","fg0754","fg0319","fg0169","fg0064","fg0129"
"fq004235","vx_39ed64b4036ef11f","fg0982","1","fg0982","fg0154","fg0955","fg0542","fg0951","fg0137","fg0972","fg0632","fg0730","fg0064","fg0718","fg0436","fg0235","fg0837","fg0028","fg0963","fg0129","fg0143","fg0124","fg0397"
"fq004236","vx_c1bd402ac1d0c9bf","fg0983","1","fg0983","fg0956","fg0809","fg0867","fg0623","fg0886","fg0716","fg0197","fg0307","fg0604","fg0719","fg0404","fg0875","fg0970","fg0884","fg0539","fg0950","fg0077","fg0052","fg0629"
"fq004237","vx_60bc9fbc40e42e30","fg0984","1","fg0984","fg0634","fg0281","fg0924","fg0702","fg0829","fg0542","fg0534","fg0409","fg0635","fg0751","fg0770","fg0116","fg0926","fg0065","fg0724","fg0045","fg0915","fg0566","fg0853"
"fq004238","vx_60bc9fbc40e42e30","fg0984","1","fg0984","fg0634","fg0281","fg0924","fg0702","fg0116","fg0065","fg0409","fg0829","fg0635","fg0542","fg0751","fg0154","fg0813","fg0770","fg0534","fg0045","fg0853","fg0209","fg0798"
"fq004239","vx_60bc9fbc40e42e30","fg0984","1","fg0984","fg0634","fg0281","fg0924","fg0702","fg0409","fg0116","fg0065","fg0829","fg0635","fg0154","fg0751","fg0542","fg0770","fg0534","fg0813","fg0045","fg0209","fg0853","fg0340"
"fq004240","vx_5d4d4e67b03d1ff4","fg0985","1","fg0985","fg0467","fg0285","fg0062","fg0666","fg0381","fg0603","fg0084","fg0112","fg0606","fg0539","fg0323","fg0731","fg0192","fg0081","fg0352","fg0902","fg0087","fg0832","fg0006"
"fq004241","vx_88a07b0a26e175d6","fg0986","1","fg0986","fg0310","fg0892","fg0897","fg0428","fg0722","fg0442","fg0860","fg0108","fg0929","fg0046","fg0229","fg0003","fg0283","fg0088","fg0172","fg0384","fg0709","fg0587","fg1000"
"fq004242","vx_41335fde2f320b7c","fg0987","1","fg0987","fg0876","fg0150","fg0789","fg0301","fg0822","fg0246","fg0024","fg0031","fg0549","fg0196","fg0021","fg0351","fg0510","fg0256","fg0878","fg0541","fg0781","fg0493","fg0262"
"fq004243","vx_41335fde2f320b7c","fg0987","1","fg0987","fg0090","fg0831","fg0107","fg0408","fg0616","fg0869","fg0024","fg0878","fg0749","fg0301","fg0876","fg0970","fg0579","fg0196","fg0122","fg0530","fg0602","fg0230","fg0070"
"fq004244","vx_41335fde2f320b7c","fg0987","1","fg0987","fg0876","fg0602","fg0408","fg0301","fg0724","fg0107","fg0530","fg0122","fg0822","fg0150","fg0196","fg0616","fg0878","fg0789","fg0230","fg0846","fg0024","fg0510","fg0549"
"fq004245","vx_41335fde2f320b7c","fg0987","1","fg0987","fg0789","fg0876","fg0024","fg0822","fg0878","fg0246","fg0831","fg0196","fg0262","fg0493","fg0970","fg0510","fg0940","fg0549","fg0351","fg0070","fg0265","fg0967","fg0276"
"fq004246","vx_9ce80e86f0beb382","fg0988","1","fg0988","fg0268","fg0180","fg0283","fg0428","fg0229","fg0172","fg0214","fg0108","fg0707","fg0046","fg0310","fg0722","fg0712","fg0958","fg0897","fg0748","fg0996","fg0388","fg0929"
"fq004247","vx_ffc7a105e4b7863c","fg0989","1","fg0989","fg0464","fg0596","fg0528","fg0495","fg0947","fg0893","fg0048","fg0863","fg0588","fg0980","fg0536","fg0779","fg0698","fg0381","fg0173","fg0354","fg0364","fg0936","fg0543"
"fq004248","vx_ffc7a105e4b7863c","fg0989","1","fg0989","fg0464","fg0596","fg0528","fg0495","fg0588","fg0048","fg0947","fg0863","fg0794","fg0893","fg0536","fg0543","fg0936","fg0173","fg0980","fg0001","fg0659","fg0353","fg0854"
"fq004249","vx_ee6071fe4d24ee8d","fg0990","43","fg0085","fg0948","fg0071","fg0569","fg0211","fg0297","fg0960","fg0589","fg0527","fg0067","fg0082","fg0496","fg0397","fg0573","fg0695","fg0260","fg0563","fg0129","fg0159","fg0941"
"fq004250","vx_ee6071fe4d24ee8d","fg0990","77","fg0948","fg0085","fg0563","fg0695","fg0255","fg0397","fg0318","fg0211","fg0159","fg0730","fg0698","fg0874","fg0569","fg0129","fg0964","fg0067","fg0858","fg0729","fg0589","fg0630"
"fq004251","vx_ee6071fe4d24ee8d","fg0990","218","fg0948","fg0496","fg0071","fg0858","fg0695","fg0085","fg0569","fg0698","fg0874","fg0768","fg0778","fg0211","fg0378","fg0129","fg0630","fg0397","fg0563","fg0740","fg0061","fg0260"
"fq004252","vx_ee6071fe4d24ee8d","fg0990","73","fg0948","fg0085","fg0071","fg0569","fg0211","fg0496","fg0574","fg0563","fg0936","fg0129","fg0297","fg0397","fg0573","fg0318","fg0589","fg0527","fg0778","fg0729","fg0630","fg0298"
"fq004253","vx_c4440a7bc84ad4ab","fg0991","2","fg0787","fg0991","fg0089","fg0717","fg0910","fg0034","fg0125","fg0168","fg0508","fg0597","fg0521","fg0026","fg0714","fg0354","fg0452","fg0470","fg0079","fg0325","fg0199","fg0111"
"fq004254","vx_c4440a7bc84ad4ab","fg0991","1","fg0991","fg0787","fg0089","fg0717","fg0910","fg0034","fg0168","fg0125","fg0508","fg0597","fg0521","fg0354","fg0325","fg0026","fg0079","fg0111","fg0199","fg0452","fg0714","fg0470"
"fq004255","vx_c4440a7bc84ad4ab","fg0991","1","fg0991","fg0787","fg0717","fg0597","fg0089","fg0034","fg0910","fg0521","fg0168","fg0026","fg0452","fg0199","fg0470","fg0865","fg0125","fg0508","fg0714","fg0079","fg0957","fg0229"
"fq004256","vx_c4440a7bc84ad4ab","fg0991","2","fg0787","fg0991","fg0717","fg0597","fg0034","fg0089","fg0910","fg0521","fg0168","fg0865","fg0470","fg0026","fg0452","fg0125","fg0714","fg0199","fg0508","fg0325","fg0405","fg0079"
"fq004257","vx_c4440a7bc84ad4ab","fg0991","1","fg0991","fg0787","fg0717","fg0089","fg0034","fg0597","fg0910","fg0508","fg0168","fg0125","fg0452","fg0521","fg0026","fg0079","fg0714","fg0470","fg0199","fg0865","fg0354","fg0957"
"fq004258","vx_c4440a7bc84ad4ab","fg0991","1","fg0991","fg0787","fg0717","fg0089","fg0034","fg0597","fg0026","fg0910","fg0168","fg0470","fg0125","fg0865","fg0199","fg0521","fg0508","fg0452","fg0354","fg0325","fg0714","fg0346"
"fq004259","vx_c4440a7bc84ad4ab","fg0991","2","fg0787","fg0991","fg0717","fg0089","fg0026","fg0452","fg0034","fg0508","fg0199","fg0168","fg0597","fg0125","fg0910","fg0111","fg0521","fg0520","fg0957","fg0354","fg0348","fg0229"
"fq004260","vx_c4440a7bc84ad4ab","fg0991","2","fg0787","fg0991","fg0717","fg0597","fg0089","fg0034","fg0125","fg0910","fg0168","fg0865","fg0470","fg0199","fg0521","fg0026","fg0079","fg0452","fg0714","fg0508","fg0405","fg0111"
"fq004261","vx_c4440a7bc84ad4ab","fg0991","2","fg0787","fg0991","fg0717","fg0089","fg0597","fg0034","fg0910","fg0168","fg0125","fg0079","fg0521","fg0470","fg0714","fg0865","fg0508","fg0199","fg0405","fg0452","fg0026","fg0414"
"fq004262","vx_c4440a7bc84ad4ab","fg0991","1","fg0991","fg0787","fg0717","fg0034","fg0597","fg0089","fg0910","fg0168","fg0452","fg0508","fg0521","fg0125","fg0470","fg0865","fg0026","fg0714","fg0325","fg0199","fg0405","fg0079"
"fq004263","vx_c4440a7bc84ad4ab","fg0991","2","fg0787","fg0991","fg0717","fg0597","fg0089","fg0910","fg0521","fg0034","fg0168","fg0865","fg0026","fg0125","fg0325","fg0470","fg0508","fg0714","fg0079","fg0199","fg0452","fg0405"
"fq004264","vx_c4440a7bc84ad4ab","fg0991","2","fg0787","fg0991","fg0089","fg0717","fg0034","fg0597","fg0168","fg0910","fg0026","fg0508","fg0125","fg0199","fg0470","fg0521","fg0325","fg0111","fg0865","fg0452","fg0229","fg0354"
"fq004265","vx_c4440a7bc84ad4ab","fg0991","1","fg0991","fg0787","fg0717","fg0089","fg0034","fg0597","fg0910","fg0521","fg0026","fg0168","fg0452","fg0199","fg0508","fg0125","fg0957","fg0405","fg0470","fg0325","fg0079","fg0865"
"fq004266","vx_c4440a7bc84ad4ab","fg0991","1","fg0991","fg0787","fg0717","fg0034","fg0597","fg0089","fg0910","fg0168","fg0452","fg0026","fg0508","fg0521","fg0199","fg0346","fg0865","fg0325","fg0470","fg0520","fg0405","fg0079"
"fq004267","vx_c4440a7bc84ad4ab","fg0991","2","fg0787","fg0991","fg0717","fg0089","fg0910","fg0597","fg0168","fg0125","fg0034","fg0508","fg0111","fg0079","fg0521","fg0199","fg0452","fg0714","fg0026","fg0371","fg0325","fg0470"
"fq004268","vx_c4440a7bc84ad4ab","fg0991","1","fg0991","fg0787","fg0717","fg0910","fg0597","fg0089","fg0714","fg0034","fg0168","fg0521","fg0508","fg0452","fg0079","fg0125","fg0470","fg0042","fg0354","fg0865","fg0199","fg0324"
"fq004269","vx_c4440a7bc84ad4ab","fg0991","1","fg0991","fg0787","fg0089","fg0717","fg0034","fg0168","fg0910","fg0026","fg0125","fg0199","fg0508","fg0597","fg0521","fg0354","fg0396","fg0452","fg0111","fg0014","fg0325","fg0329"
"fq004270","vx_c4440a7bc84ad4ab","fg0991","2","fg0787","fg0991","fg0034","fg0089","fg0508","fg0026","fg0717","fg0199","fg0597","fg0452","fg0168","fg0521","fg0910","fg0111","fg0125","fg0363","fg0687","fg0354","fg0957","fg0802"
"fq004271","vx_c4440a7bc84ad4ab","fg0991","2","fg0787","fg0991","fg0717","fg0597","fg0910","fg0089","fg0521","fg0714","fg0452","fg0034","fg0125","fg0079","fg0168","fg0508","fg0470","fg0865","fg0026","fg0042","fg0405","fg0354"
"fq004272","vx_c4440a7bc84ad4ab","fg0991","2","fg0787","fg0991","fg0717","fg0910","fg0089","fg0521","fg0168","fg0026","fg0034","fg0452","fg0597","fg0325","fg0125","fg0508","fg0199","fg0079","fg0111","fg0810","fg0405","fg0470"
"fq004273","vx_c4440a7bc84ad4ab","fg0991","1","fg0991","fg0787","fg0717","fg0597","fg0034","fg0521","fg0089","fg0910","fg0452","fg0470","fg0168","fg0714","fg0125","fg0199","fg0508","fg0026","fg0865","fg0042","fg0111","fg0079"
"fq004274","vx_eaca14329ddf79ba","fg0992","1","fg0992","fg0360","fg0877","fg0476","fg0366","fg0283","fg0268","fg0289","fg0728","fg0880","fg0518","fg0650","fg0207","fg0021","fg0708","fg0194","fg0665","fg0443","fg0322","fg0391"
"fq004275","vx_327ed01c996b8a2c","fg0993","1","fg0993","fg0512","fg0505","fg0192","fg0296","fg0933","fg0990","fg0440","fg0468","fg0754","fg0598","fg0673","fg0497","fg0061","fg0872","fg0446","fg0117","fg0167","fg0646","fg0342"
"fq004276","vx_a36080eef14951ee","fg0994","1","fg0994","fg0730","fg0722","fg0063","fg0199","fg0522","fg0550","fg0954","fg0435","fg0269","fg0621","fg0264","fg0292","fg0104","fg0471","fg0750","fg1000","fg0217","fg0900","fg0955"
"fq004277","vx_a36080eef14951ee","fg0994","1","fg0994","fg0730","fg0455","fg0722","fg0292","fg0199","fg0063","fg0557","fg0522","fg0707","fg0954","fg0435","fg0632","fg0613","fg0550","fg0621","fg0867","fg0471","fg1000","fg0264"
"fq004278","vx_a36080eef14951ee","fg0994","1","fg0994","fg0730","fg0722","fg0522","fg0063","fg0557","fg0550","fg0292","fg0954","fg1000","fg0632","fg0707","fg0199","fg0104","fg0471","fg0441","fg0269","fg0272","fg0435","fg0955"
"fq004279","vx_18512ce98f7052d4","fg0995","1","fg0995","fg0605","fg0043","fg0194","fg0886","fg0435","fg0940","fg0823","fg0756","fg0256","fg0220","fg0160","fg0447","fg0165","fg0668","fg0522","fg0967","fg0104","fg0066","fg0216"
"fq004280","vx_18512ce98f7052d4","fg0995","1","fg0995","fg0043","fg0605","fg0940","fg0066","fg0435","fg0160","fg0823","fg0886","fg0256","fg0194","fg0522","fg0802","fg0447","fg0967","fg0017","fg0756","fg0240","fg0789","fg0619"
"fq004281","vx_2afccf8c19a6b042","fg0996","1","fg0996","fg0193","fg0715","fg0370","fg0006","fg0818","fg0160","fg0850","fg0575","fg0728","fg0041","fg0845","fg0932","fg0750","fg0871","fg0341","fg0851","fg0264","fg0441","fg0033"
"fq004282","vx_2afccf8c19a6b042","fg0996","1","fg0996","fg0555","fg0850","fg0006","fg0678","fg0655","fg0706","fg0157","fg0370","fg0250","fg0845","fg0402","fg0804","fg0915","fg0660","fg0926","fg0867","fg0575","fg0836","fg0988"
"fq004283","vx_2afccf8c19a6b042","fg0996","1","fg0996","fg0193","fg0715","fg0041","fg0818","fg0160","fg0370","fg0575","fg0932","fg0728","fg0006","fg0264","fg0750","fg0845","fg0988","fg0850","fg0518","fg0033","fg0441","fg0341"
"fq004284","vx_8da4e11bf76ba2b5","fg0997","1","fg0997","fg0466","fg0485","fg0879","fg0623","fg0186","fg0458","fg0533","fg0783","fg0624","fg0885","fg0251","fg0487","fg0758","fg0765","fg0684","fg0726","fg0076","fg0452","fg0551"
"fq004285","vx_f645c7b8578c4dcb","fg0998","1","fg0998","fg0373","fg0114","fg0151","fg0206","fg0694","fg0802","fg0645","fg0961","fg0590","fg0119","fg0368","fg0834","fg0617","fg0150","fg0608","fg0906","fg0083","fg0559","fg0649"
"fq004286","vx_64169135366fd3e0","fg0999","1","fg0999","fg0596","fg0060","fg0780","fg0714","fg0414","fg0682","fg0042","fg0079","fg0512","fg0371","fg0543","fg0320","fg0164","fg0905","fg0624","fg0597","fg0490","fg0969","fg0406"
"fq004287","vx_64169135366fd3e0","fg0999","1","fg0999","fg0596","fg0060","fg0780","fg0682","fg0079","fg0905","fg0543","fg0414","fg0164","fg0714","fg0371","fg0042","fg0597","fg0624","fg0512","fg0320","fg0411","fg0406","fg0969"
"fq004288","vx_64169135366fd3e0","fg0999","1","fg0999","fg0596","fg0512","fg0543","fg0053","fg0060","fg0677","fg0354","fg0714","fg0438","fg0463","fg0633","fg0780","fg0905","fg0914","fg0079","fg0682","fg0645","fg0164","fg0989"
"fq004289","vx_64169135366fd3e0","fg0999","1","fg0999","fg0596","fg0905","fg0060","fg0780","fg0543","fg0079","fg0320","fg0406","fg0714","fg0512","fg0414","fg0053","fg0042","fg0624","fg0682","fg0597","fg0912","fg0164","fg0969"
"fq004290","vx_64169135366fd3e0","fg0999","1","fg0999","fg0596","fg0780","fg0060","fg0905","fg0042","fg0682","fg0543","fg0597","fg0164","fg0414","fg0512","fg0320","fg0624","fg0053","fg0079","fg0411","fg0406","fg0490","fg0714"
"fq004291","vx_64169135366fd3e0","fg0999","1","fg0999","fg0547","fg0682","fg0650","fg0414","fg0060","fg0079","fg0780","fg0711","fg0426","fg0976","fg0490","fg0624","fg0969","fg0990","fg0320","fg0746","fg0961","fg0597","fg0094"
"fq004292","vx_64169135366fd3e0","fg0999","1","fg0999","fg0905","fg0596","fg0060","fg0780","fg0414","fg0547","fg0079","fg0682","fg0411","fg0543","fg0912","fg0597","fg0490","fg0406","fg0969","fg0419","fg0164","fg0390","fg0026"
"fq004293","vx_64169135366fd3e0","fg0999","1","fg0999","fg0596","fg0905","fg0060","fg0780","fg0042","fg0543","fg0682","fg0512","fg0414","fg0411","fg0714","fg0597","fg0079","fg0053","fg0490","fg0320","fg0371","fg0311","fg0164"
"fq004294","vx_64169135366fd3e0","fg0999","1","fg0999","fg0596","fg0060","fg0905","fg0682","fg0414","fg0079","fg0780","fg0597","fg0490","fg0547","fg0164","fg0543","fg0411","fg0624","fg0371","fg0746","fg0320","fg0390","fg0714"
"fq004295","vx_7bb5806a5926e963","fg1000","1","fg1000","fg0970","fg0895","fg0549","fg0018","fg0550","fg0994","fg0707","fg0272","fg0934","fg0541","fg0860","fg0522","fg0929","fg0501","fg0722","fg0952","fg0674","fg0859","fg0772"
