"query_id","class_id","true_gallery_id","true_rank","top01_gallery_id","top02_gallery_id","top03_gallery_id","top04_gallery_id","top05_gallery_id","top06_gallery_id","top07_gallery_id","top08_gallery_id","top09_gallery_id","top10_gallery_id","top11_gallery_id","top12_gallery_id","top13_gallery_id","top14_gallery_id","top15_gallery_id","top16_gallery_id","top17_gallery_id","top18_gallery_id","top19_gallery_id","top20_gallery_id"
"fq000001","vx_6ddeac381ea9502a","fg0001","11","fg0601","fg0839","fg0462","fg0080","fg0688","fg0547","fg0388","fg0123","fg0191","fg0503","fg0001","fg0328","fg0590","fg0275","fg0731","fg0772","fg0043","fg0413","fg0524","fg0398"
"fq000002","vx_6ddeac381ea9502a","fg0001","18","fg0547","fg0398","fg0839","fg0191","fg0413","fg0328","fg0524","fg0772","fg0601","fg0123","fg0462","fg0146","fg0043","fg0617","fg0831","fg0275","fg0731","fg0001","fg0688","fg0849"
"fq000003","vx_6ddeac381ea9502a","fg0001","344","fg0617","fg0101","fg0351","fg0076","fg0925","fg0705","fg0077","fg0909","fg0372","fg0328","fg0258","fg0538","fg0084","fg0666","fg0442","fg0683","fg0857","fg0311","fg0831","fg0646"
"fq000004","vx_6ddeac381ea9502a","fg0001","298","fg0617","fg0191","fg0547","fg0731","fg0351","fg0925","fg0705","fg0590","fg0540","fg0101","fg0839","fg1000","fg0601","fg0569","fg0077","fg0328","fg0148","fg0076","fg0831","fg0934"
"fq000005","vx_7987aeee0fad32f4","fg0002","1","fg0002","fg0689","fg0623","fg0391","fg0138","fg0337","fg0406","fg0322","fg0759","fg0666","fg0154","fg0245","fg0971","fg0485","fg0360","fg0290","fg0540","fg0171","fg0026","fg0175"
"fq000006","vx_b809225e843d525d","fg0003","1","fg0003","fg0773","fg0396","fg0286","fg0174","fg0808","fg0502","fg0226","fg0216","fg0703","fg0344","fg0192","fg0860","fg0642","fg0242","fg0757","fg0638","fg0298","fg0950","fg0745"
"fq000007","vx_b809225e843d525d","fg0003","1","fg0003","fg0773","fg0396","fg0286","fg0174","fg0808","fg0502","fg0226","fg0216","fg0703","fg0192","fg0860","fg0344","fg0242","fg0950","fg0410","fg0642","fg0757","fg0656","fg0321"
"fq000008","vx_500a69b74f502c18","fg0004","1","fg0004","fg0455","fg0998","fg0559","fg0726","fg0546","fg0608","fg0461","fg0443","fg0309","fg0750","fg0366","fg0570","fg0842","fg0792","fg0271","fg0338","fg0783","fg0150","fg0428"
"fq000009","vx_1792aa550c914d7c","fg0005","1","fg0005","fg0749","fg0833","fg0930","fg0878","fg0292","fg0314","fg0238","fg0627","fg0874","fg0677","fg0666","fg0361","fg0748","fg0923","fg0270","fg0160","fg0501","fg0252","fg0518"
"fq000010","vx_4f89938d5bda39f5","fg0006","1","fg0006","fg0578","fg0851","fg0228","fg0575","fg0066","fg0370","fg0850","fg0105","fg0539","fg0081","fg0836","fg0410","fg0084","fg0421","fg0595","fg0271","fg0354","fg0233","fg0276"
"fq000011","vx_4f89938d5bda39f5","fg0006","1","fg0006","fg0578","fg0851","fg0575","fg0228","fg0066","fg0850","fg0370","fg0081","fg0595","fg0956","fg0098","fg0158","fg0539","fg0105","fg0836","fg0233","fg0084","fg0626","fg0354"
"fq000012","vx_bfdcbd83893aa36b","fg0007","1","fg0007","fg0614","fg0284","fg0765","fg0828","fg0113","fg0008","fg0567","fg0974","fg0330","fg0530","fg0396","fg0727","fg0085","fg0603","fg0030","fg0982","fg0477","fg0941","fg0964"
"fq000013","vx_bfdcbd83893aa36b","fg0007","1","fg0007","fg0614","fg0284","fg0828","fg0765","fg0008","fg0974","fg0727","fg0067","fg0113","fg0330","fg0530","fg0941","fg0085","fg0118","fg0567","fg0477","fg0948","fg0933","fg0131"
"fq000014","vx_bfdcbd83893aa36b","fg0007","1","fg0007","fg0614","fg0284","fg0828","fg0765","fg0008","fg0974","fg0067","fg0941","fg0330","fg0530","fg0131","fg0727","fg0113","fg0477","fg0085","fg0118","fg0948","fg0567","fg0933"
"fq000015","vx_3fa41f8a36512a76","fg0008","1","fg0008","fg0765","fg0607","fg0363","fg0019","fg0007","fg0982","fg0214","fg0737","fg0530","fg0876","fg0603","fg0974","fg0346","fg0432","fg0775","fg0284","fg0828","fg0348","fg0021"
"fq000016","vx_3fa41f8a36512a76","fg0008","1","fg0008","fg0765","fg0607","fg0363","fg0019","fg0007","fg0982","fg0737","fg0214","fg0530","fg0876","fg0603","fg0601","fg0974","fg0346","fg0284","fg0775","fg0432","fg0462","fg0021"
"fq000017","vx_3fa41f8a36512a76","fg0008","1","fg0008","fg0765","fg0607","fg0363","fg0019","fg0007","fg0982","fg0214","fg0737","fg0530","fg0601","fg0876","fg0603","fg0462","fg0974","fg0346","fg0284","fg0775","fg0432","fg0021"
"fq000018","vx_3fa41f8a36512a76","fg0008","1","fg0008","fg0765","fg0607","fg0363","fg0019","fg0007","fg0982","fg0214","fg0737","fg0601","fg0530","fg0876","fg0462","fg0432","fg0775","fg0346","fg0603","fg0284","fg0974","fg0839"
"fq000019","vx_3fa41f8a36512a76","fg0008","1","fg0008","fg0765","fg0363","fg0607","fg0019","fg0007","fg0982","fg0214","fg0737","fg0530","fg0775","fg0601","fg0876","fg0432","fg0284","fg0603","fg0974","fg0346","fg0614","fg0462"
"fq000020","vx_8c0604923ebcd6fa","fg0009","1","fg0009","fg0741","fg0834","fg0918","fg0674","fg0666","fg0776","fg0174","fg0704","fg0288","fg0632","fg0074","fg0925","fg0124","fg0077","fg0422","fg0089","fg0892","fg0295","fg0810"
"fq000021","vx_8c0604923ebcd6fa","fg0009","1","fg0009","fg0834","fg0741","fg0918","fg0674","fg0776","fg0666","fg0174","fg0288","fg0074","fg0704","fg0925","fg0422","fg0892","fg0632","fg0491","fg0295","fg0750","fg0810","fg0089"
"fq000022","vx_8c0604923ebcd6fa","fg0009","1","fg0009","fg0741","fg0666","fg0834","fg0918","fg0674","fg0776","fg0074","fg0174","fg0892","fg0077","fg0704","fg0810","fg0491","fg0750","fg0212","fg0806","fg0089","fg0288","fg0818"
"fq000023","vx_8c0604923ebcd6fa","fg0009","1","fg0009","fg0741","fg0666","fg0918","fg0834","fg0674","fg0776","fg0704","fg0074","fg0174","fg0077","fg0892","fg0089","fg0288","fg0810","fg0491","fg0632","fg0806","fg0212","fg0128"
"fq000024","vx_a7bc2a885fed382c","fg0010","42","fg0201","fg0950","fg0504","fg0049","fg0259","fg0912","fg0478","fg0486","fg0704","fg0713","fg0563","fg0087","fg0042","fg0062","fg0679","fg0285","fg0675","fg0111","fg0890","fg0585"
"fq000025","vx_5ec210ab740422d8","fg0011","1","fg0011","fg0215","fg0456","fg0750","fg0785","fg0437","fg0134","fg0649","fg0726","fg0015","fg0060","fg0836","fg0347","fg0312","fg0264","fg0837","fg0998","fg0290","fg0882","fg0034"
"fq000026","vx_3a040e0d9e5d03bd","fg0012","1","fg0012","fg1000","fg0684","fg0027","fg0769","fg0768","fg0888","fg0795","fg0434","fg0490","fg0469","fg0587","fg0038","fg0283","fg0841","fg0699","fg0148","fg0495","fg0077","fg0501"
"fq000027","vx_8a33e7c9a670ddc8","fg0013","1","fg0013","fg0150","fg0582","fg0116","fg0824","fg0861","fg0280","fg0805","fg0956","fg0441","fg0696","fg0661","fg0149","fg0965","fg0645","fg0887","fg0527","fg0923","fg0979","fg0730"
"fq000028","vx_ec8e411bbe12bbca","fg0014","1","fg0014","fg0375","fg0837","fg0482","fg0711","fg0126","fg0443","fg0058","fg0650","fg0097","fg0794","fg0416","fg0450","fg0149","fg0823","fg0425","fg0216","fg0670","fg0349","fg0982"
"fq000029","vx_ec8e411bbe12bbca","fg0014","2","fg0483","fg0014","fg0643","fg0785","fg0343","fg0261","fg0273","fg0654","fg0773","fg0445","fg0203","fg0857","fg0522","fg0656","fg0618","fg0955","fg0276","fg0313","fg0210","fg0093"
"fq000030","vx_ec8e411bbe12bbca","fg0014","1","fg0014","fg0375","fg0837","fg0482","fg0711","fg0126","fg0058","fg0097","fg0823","fg0794","fg0443","fg0216","fg0650","fg0149","fg0349","fg0423","fg0542","fg0755","fg0425","fg0450"
"fq000031","vx_0715cc56a731bc04","fg0015","1","fg0015","fg0268","fg0712","fg0732","fg0620","fg0685","fg0312","fg0437","fg0442","fg0184","fg0180","fg0974","fg0415","fg0011","fg0967","fg0418","fg0281","fg0903","fg0921","fg0477"
"fq000032","vx_0715cc56a731bc04","fg0015","1","fg0015","fg0268","fg0712","fg0732","fg0442","fg0437","fg0184","fg0284","fg0967","fg0365","fg0620","fg0614","fg0828","fg0580","fg0685","fg0011","fg0404","fg0941","fg0974","fg0477"
"fq000033","vx_68d6c21266d0a622","fg0016","1","fg0016","fg0078","fg0448","fg0281","fg0829","fg0622","fg0478","fg0774","fg0724","fg0217","fg0209","fg0663","fg0798","fg0467","fg0864","fg0795","fg0514","fg0552","fg0634","fg0087"
"fq000034","vx_68d6c21266d0a622","fg0016","1","fg0016","fg0148","fg0078","fg0191","fg0133","fg0547","fg0552","fg0560","fg0760","fg0826","fg0328","fg0165","fg0095","fg0925","fg0448","fg0364","fg0795","fg0332","fg0540","fg0622"
"fq000035","vx_45b7f4872fdcb1f7","fg0017","1","fg0017","fg0802","fg0373","fg0820","fg0119","fg0547","fg0043","fg0315","fg0199","fg0068","fg0687","fg0800","fg0478","fg0216","fg0508","fg0577","fg0435","fg0390","fg0849","fg0462"
"fq000036","vx_4ded9ff03c69df6c","fg0018","3","fg0411","fg0895","fg0018","fg0469","fg0772","fg0973","fg0197","fg0398","fg0334","fg0757","fg0435","fg0835","fg1000","fg0258","fg0171","fg0889","fg0942","fg0025","fg0854","fg0684"
"fq000037","vx_4ded9ff03c69df6c","fg0018","1","fg0018","fg0895","fg0469","fg0772","fg1000","fg0012","fg0411","fg0027","fg0768","fg0684","fg0590","fg0197","fg0910","fg0431","fg0934","fg0283","fg0407","fg0484","fg0731","fg0599"
"fq000038","vx_4ded9ff03c69df6c","fg0018","1","fg0018","fg0772","fg0469","fg0895","fg0197","fg1000","fg0012","fg0411","fg0910","fg0027","fg0768","fg0584","fg0934","fg0191","fg0407","fg0579","fg0283","fg0684","fg0213","fg0431"
"fq000039","vx_4ded9ff03c69df6c","fg0018","3","fg0895","fg0469","fg0018","fg0772","fg0584","fg0197","fg1000","fg0012","fg0889","fg0684","fg0027","fg0588","fg0270","fg0579","fg0159","fg0768","fg0283","fg0490","fg0501","fg0599"
"fq000040","vx_4ded9ff03c69df6c","fg0018","3","fg0895","fg0469","fg0018","fg0411","fg0772","fg0973","fg0197","fg0398","fg0334","fg0757","fg1000","fg0012","fg0027","fg0835","fg0258","fg0171","fg0584","fg0599","fg0431","fg0781"
"fq000041","vx_4ded9ff03c69df6c","fg0018","3","fg0411","fg0334","fg0018","fg0973","fg0398","fg0772","fg0757","fg0895","fg0469","fg0258","fg0835","fg1000","fg0768","fg0171","fg0025","fg0197","fg0191","fg0012","fg0435","fg0537"
"fq000042","vx_4ded9ff03c69df6c","fg0018","1","fg0018","fg0469","fg0895","fg0772","fg1000","fg0012","fg0027","fg0684","fg0197","fg0768","fg0411","fg0590","fg0113","fg0431","fg0854","fg0934","fg0970","fg0809","fg0997","fg0584"
"fq000043","vx_4ded9ff03c69df6c","fg0018","1","fg0018","fg0469","fg0895","fg0772","fg0197","fg1000","fg0910","fg0012","fg0411","fg0768","fg0027","fg0453","fg0584","fg0854","fg0317","fg0407","fg0934","fg0879","fg0334","fg0579"
"fq000044","vx_4ded9ff03c69df6c","fg0018","1","fg0018","fg0895","fg0772","fg0469","fg0197","fg0579","fg0490","fg0584","fg0012","fg0411","fg1000","fg0213","fg0889","fg0854","fg0407","fg0589","fg0027","fg0588","fg0659","fg0768"
"fq000045","vx_39e0f69bf8c56f18","fg0019","1","fg0019","fg0607","fg0765","fg0008","fg0399","fg0291","fg0776","fg0717","fg0260","fg0152","fg0876","fg0519","fg0525","fg0589","fg0345","fg0762","fg0147","fg0542","fg0669","fg0574"
"fq000046","vx_39e0f69bf8c56f18","fg0019","1","fg0019","fg0607","fg0765","fg0008","fg0399","fg0291","fg0776","fg0717","fg0876","fg0152","fg0574","fg0525","fg0581","fg0762","fg0631","fg0542","fg0300","fg0605","fg0818","fg0834"
"fq000047","vx_39e0f69bf8c56f18","fg0019","1","fg0019","fg0607","fg0765","fg0008","fg0399","fg0291","fg0776","fg0717","fg0876","fg0152","fg0574","fg0525","fg0542","fg0762","fg0581","fg0631","fg0104","fg0818","fg0605","fg0300"
"fq000048","vx_5de36348ded97b9c","fg0020","1","fg0020","fg0750","fg0842","fg0615","fg0076","fg0604","fg0683","fg0034","fg0325","fg0394","fg0939","fg0335","fg0100","fg0828","fg0401","fg0174","fg0806","fg0572","fg0907","fg0212"
"fq000049","vx_5de36348ded97b9c","fg0020","1","fg0020","fg0615","fg0842","fg0076","fg0604","fg0100","fg0174","fg0939","fg0683","fg0750","fg0034","fg0335","fg0394","fg0325","fg0212","fg0401","fg0806","fg0248","fg0329","fg0572"
"fq000050","vx_5de36348ded97b9c","fg0020","1","fg0020","fg0615","fg0842","fg0076","fg0100","fg0604","fg0939","fg0750","fg0683","fg0034","fg0174","fg0401","fg0325","fg0394","fg0335","fg0212","fg0806","fg0329","fg0608","fg0817"
"fq000051","vx_5de36348ded97b9c","fg0020","1","fg0020","fg0615","fg0842","fg0076","fg0100","fg0604","fg0750","fg0939","fg0034","fg0683","fg0174","fg0325","fg0394","fg0401","fg0212","fg0335","fg0806","fg0329","fg0608","fg0572"
"fq000052","vx_c1e16691c2b19cb2","fg0021","1","fg0021","fg0558","fg0877","fg0652","fg0239","fg0735","fg0880","fg0461","fg0823","fg0097","fg0335","fg0622","fg0995","fg0770","fg0512","fg0022","fg0297","fg0056","fg0100","fg0386"
"fq000053","vx_c1e16691c2b19cb2","fg0021","1","fg0021","fg0558","fg0877","fg0652","fg0239","fg0735","fg0097","fg0880","fg0461","fg0797","fg0823","fg0056","fg0992","fg0335","fg0100","fg0570","fg0297","fg0386","fg0220","fg0665"
"fq000054","vx_c1e16691c2b19cb2","fg0021","1","fg0021","fg0558","fg0877","fg0652","fg0239","fg0797","fg0735","fg0335","fg0097","fg0297","fg0100","fg0954","fg0461","fg0022","fg0512","fg0880","fg0992","fg0056","fg0324","fg0220"
"fq000055","vx_c1e16691c2b19cb2","fg0021","1","fg0021","fg0558","fg0877","fg0652","fg0335","fg0239","fg0880","fg0770","fg0735","fg0022","fg0461","fg0622","fg0512","fg0100","fg0297","fg0992","fg0823","fg0097","fg0056","fg0209"
"fq000056","vx_c1e16691c2b19cb2","fg0021","1","fg0021","fg0558","fg0877","fg0652","fg0335","fg0239","fg0735","fg0880","fg0461","fg0056","fg0022","fg0823","fg0622","fg0770","fg0556","fg0100","fg0439","fg0992","fg0512","fg0665"
"fq000057","vx_c1e16691c2b19cb2","fg0021","1","fg0021","fg0558","fg0877","fg0652","fg0239","fg0335","fg0735","fg0797","fg0097","fg0100","fg0056","fg0880","fg0954","fg0022","fg0512","fg0461","fg0297","fg0823","fg0992","fg0374"
"fq000058","vx_c1e16691c2b19cb2","fg0021","1","fg0021","fg0558","fg0877","fg0652","fg0239","fg0735","fg0335","fg0880","fg0461","fg0797","fg0512","fg0097","fg0823","fg0056","fg0100","fg0022","fg0297","fg0622","fg0992","fg0770"
"fq000059","vx_c1e16691c2b19cb2","fg0021","1","fg0021","fg0558","fg0877","fg0652","fg0239","fg0735","fg0335","fg0100","fg0097","fg0022","fg0797","fg0512","fg0622","fg0297","fg0056","fg0461","fg0992","fg0770","fg0880","fg0845"
"fq000060","vx_e2296b287bc7a304","fg0022","1","fg0022","fg0782","fg0649","fg0428","fg0224","fg0599","fg0860","fg0423","fg0958","fg0508","fg0610","fg0021","fg0489","fg0912","fg0636","fg0252","fg0355","fg0584","fg0369","fg0168"
"fq000061","vx_e2296b287bc7a304","fg0022","1","fg0022","fg0782","fg0649","fg0860","fg0428","fg0224","fg0599","fg0489","fg0958","fg0912","fg0508","fg0610","fg0423","fg0636","fg0252","fg0584","fg0021","fg0355","fg0369","fg0455"
"fq000062","vx_e2296b287bc7a304","fg0022","1","fg0022","fg0782","fg0428","fg0599","fg0860","fg0224","fg0958","fg0489","fg0649","fg0584","fg0636","fg0912","fg0369","fg0508","fg0355","fg0252","fg0610","fg0455","fg0215","fg0213"
"fq000063","vx_663d96ed96fc602f","fg0023","1","fg0023","fg0727","fg0386","fg0458","fg0523","fg0687","fg0529","fg0099","fg0443","fg0555","fg0162","fg0961","fg0918","fg0964","fg0981","fg0536","fg0684","fg0816","fg0108","fg0757"
"fq000064","vx_663d96ed96fc602f","fg0023","1","fg0023","fg0523","fg0687","fg0529","fg0727","fg0458","fg0099","fg0386","fg0555","fg0162","fg0443","fg0964","fg0961","fg0299","fg0536","fg0684","fg0757","fg0108","fg0816","fg0918"
"fq000065","vx_c263d2029971d40e","fg0024","1","fg0024","fg0753","fg0946","fg0890","fg0259","fg0136","fg0908","fg0326","fg0949","fg0876","fg0100","fg0792","fg0887","fg0856","fg0526","fg0763","fg0739","fg0502","fg0786","fg0672"
"fq000066","vx_c263d2029971d40e","fg0024","1","fg0024","fg0890","fg0946","fg0753","fg0259","fg0136","fg0908","fg0326","fg0949","fg0876","fg0100","fg0792","fg0763","fg0739","fg0887","fg0856","fg0526","fg0786","fg0480","fg0502"
"fq000067","vx_84402e63f17ae5e8","fg0025","338","fg0918","fg0124","fg0866","fg0436","fg0900","fg0009","fg0335","fg0776","fg0210","fg0351","fg0666","fg0632","fg0295","fg0954","fg0581","fg0806","fg0705","fg0158","fg0501","fg0101"
"fq000068","vx_c407836609a41b13","fg0026","1","fg0026","fg0175","fg0678","fg0482","fg0134","fg0939","fg0787","fg0991","fg0394","fg0443","fg0002","fg0726","fg0750","fg0254","fg0215","fg0037","fg0766","fg0836","fg0674","fg0743"
"fq000069","vx_60e538c4d5533ce2","fg0027","1","fg0027","fg1000","fg0012","fg0590","fg0603","fg0684","fg0098","fg0085","fg0655","fg0731","fg0469","fg0975","fg0642","fg0888","fg0007","fg0760","fg0167","fg0822","fg0772","fg0148"
"fq000070","vx_60e538c4d5533ce2","fg0027","1","fg0027","fg1000","fg0012","fg0590","fg0603","fg0684","fg0007","fg0113","fg0018","fg0655","fg0469","fg0731","fg0365","fg0085","fg0975","fg0257","fg0941","fg0148","fg0828","fg0409"
"fq000071","vx_60e538c4d5533ce2","fg0027","1","fg0027","fg1000","fg0012","fg0007","fg0590","fg0603","fg0684","fg0113","fg0085","fg0469","fg0018","fg0614","fg0284","fg0731","fg0828","fg0148","fg0655","fg0975","fg0099","fg0960"
"fq000072","vx_60e538c4d5533ce2","fg0027","1","fg0027","fg1000","fg0012","fg0603","fg0590","fg0469","fg0007","fg0684","fg0655","fg0113","fg0085","fg0975","fg0731","fg0098","fg0599","fg0018","fg0760","fg0895","fg0822","fg0148"
"fq000073","vx_60e538c4d5533ce2","fg0027","1","fg0027","fg0012","fg1000","fg0590","fg0007","fg0365","fg0539","fg0868","fg0082","fg0828","fg0684","fg0965","fg0804","fg0919","fg0113","fg0042","fg0975","fg0559","fg0284","fg0434"
"fq000074","vx_60e538c4d5533ce2","fg0027","1","fg0027","fg1000","fg0012","fg0590","fg0603","fg0007","fg0684","fg0098","fg0469","fg0113","fg0655","fg0018","fg0975","fg0731","fg0085","fg0828","fg0148","fg0257","fg0599","fg0284"
"fq000075","vx_60e538c4d5533ce2","fg0027","491","fg0965","fg0868","fg0559","fg0539","fg0769","fg0673","fg0105","fg0990","fg0724","fg0365","fg0675","fg0671","fg0294","fg0543","fg0195","fg0919","fg0771","fg0588","fg0052","fg0151"
"fq000076","vx_60e538c4d5533ce2","fg0027","1","fg0027","fg1000","fg0590","fg0012","fg0603","fg0007","fg0684","fg0098","fg0731","fg0655","fg0148","fg0975","fg0760","fg0167","fg0469","fg0113","fg0085","fg0018","fg0828","fg0614"
"fq000077","vx_60e538c4d5533ce2","fg0027","1","fg0027","fg1000","fg0012","fg0590","fg0603","fg0684","fg0655","fg0007","fg0113","fg0975","fg0098","fg0731","fg0148","fg0469","fg0760","fg0167","fg0257","fg0888","fg0642","fg0822"
"fq000078","vx_60e538c4d5533ce2","fg0027","1","fg0027","fg0007","fg1000","fg0828","fg0284","fg0012","fg0614","fg0590","fg0974","fg0684","fg0131","fg0067","fg0018","fg0941","fg0257","fg0477","fg0469","fg0365","fg0330","fg0768"
"fq000079","vx_60e538c4d5533ce2","fg0027","1","fg0027","fg1000","fg0012","fg0590","fg0007","fg0603","fg0684","fg0113","fg0469","fg0085","fg0284","fg0018","fg0731","fg0148","fg0365","fg0828","fg0614","fg0655","fg0975","fg0434"
"fq000080","vx_60e538c4d5533ce2","fg0027","1","fg0027","fg0007","fg0113","fg0828","fg0284","fg0614","fg0590","fg1000","fg0012","fg0603","fg0684","fg0941","fg0974","fg0131","fg0477","fg0330","fg0042","fg0671","fg0434","fg0731"
"fq000081","vx_60e538c4d5533ce2","fg0027","1","fg0027","fg1000","fg0012","fg0590","fg0007","fg0975","fg0603","fg0469","fg0098","fg0684","fg0731","fg0822","fg0532","fg0642","fg0081","fg0148","fg0950","fg0046","fg0599","fg0494"
"fq000082","vx_60e538c4d5533ce2","fg0027","1","fg0027","fg1000","fg0012","fg0590","fg0007","fg0684","fg0603","fg0531","fg0113","fg0828","fg0409","fg0614","fg0284","fg0620","fg0085","fg0018","fg0257","fg0731","fg0671","fg0434"
"fq000083","vx_60e538c4d5533ce2","fg0027","1","fg0027","fg0975","fg0082","fg0365","fg0590","fg0007","fg0494","fg0177","fg0804","fg0081","fg1000","fg0595","fg0098","fg0852","fg0828","fg0012","fg0639","fg0731","fg0822","fg0284"
"fq000084","vx_60e538c4d5533ce2","fg0027","1","fg0027","fg0975","fg0531","fg0409","fg0595","fg0620","fg0590","fg0007","fg0081","fg0046","fg0950","fg0494","fg0822","fg0042","fg0828","fg0098","fg1000","fg0996","fg0191","fg0041"
"fq000085","vx_ac90af8f71c3602b","fg0028","1","fg0028","fg0178","fg0154","fg0360","fg0489","fg0718","fg0710","fg0335","fg0305","fg0135","fg0127","fg0521","fg0593","fg0778","fg0086","fg0722","fg0137","fg0114","fg0198","fg0406"
"fq000086","vx_ac90af8f71c3602b","fg0028","1","fg0028","fg0178","fg0360","fg0489","fg0718","fg0154","fg0335","fg0710","fg0343","fg0521","fg0273","fg0127","fg0305","fg0355","fg0086","fg0114","fg0137","fg0849","fg0406","fg0189"
"fq000087","vx_1d07568b488db971","fg0029","1","fg0029","fg0419","fg0032","fg0322","fg0362","fg0559","fg0668","fg0945","fg0920","fg0121","fg0293","fg0570","fg0174","fg0986","fg0757","fg0590","fg0445","fg0316","fg0906","fg0701"
"fq000088","vx_dbefafeb5aedff5b","fg0030","1","fg0030","fg0477","fg0974","fg0828","fg0118","fg0509","fg0042","fg0886","fg0007","fg0775","fg0361","fg0057","fg0312","fg0614","fg0835","fg0628","fg0374","fg0744","fg0720","fg0832"
"fq000089","vx_dbefafeb5aedff5b","fg0030","1","fg0030","fg0477","fg0974","fg0828","fg0886","fg0509","fg0361","fg0118","fg0007","fg0775","fg0057","fg0374","fg0835","fg0758","fg0312","fg0656","fg0042","fg0614","fg0466","fg0628"
"fq000090","vx_dbefafeb5aedff5b","fg0030","1","fg0030","fg0477","fg0974","fg0828","fg0509","fg0374","fg0118","fg0886","fg0007","fg0835","fg0129","fg0466","fg0970","fg0656","fg0361","fg0312","fg0775","fg0093","fg0941","fg0057"
"fq000091","vx_dbefafeb5aedff5b","fg0030","1","fg0030","fg0477","fg0974","fg0828","fg0886","fg0509","fg0007","fg0042","fg0118","fg0775","fg0057","fg0312","fg0374","fg0361","fg0835","fg0941","fg0656","fg0614","fg0829","fg0466"
"fq000092","vx_d2e7883530cc75ae","fg0031","1","fg0031","fg0817","fg0301","fg0998","fg0590","fg0961","fg0547","fg0485","fg0478","fg0056","fg0894","fg0452","fg0873","fg0804","fg0389","fg0112","fg0879","fg0549","fg0157","fg0621"
"fq000093","vx_d2e7883530cc75ae","fg0031","2","fg0301","fg0031","fg0873","fg0876","fg0214","fg0549","fg0822","fg0954","fg0641","fg0817","fg0621","fg0266","fg0550","fg0734","fg0377","fg0987","fg0449","fg0555","fg0402","fg0961"
"fq000094","vx_0a43881d1be86e91","fg0032","1","fg0032","fg0932","fg0691","fg0611","fg0719","fg0579","fg0847","fg0378","fg0029","fg0105","fg0772","fg0074","fg0269","fg0308","fg0474","fg0249","fg0806","fg0441","fg0906","fg0525"
"fq000095","vx_1ebbf5a122b43998","fg0033","1","fg0033","fg0479","fg0487","fg0715","fg0485","fg0452","fg0879","fg0174","fg0288","fg0394","fg0580","fg0943","fg0678","fg0491","fg0289","fg0701","fg0368","fg0959","fg0621","fg0525"
"fq000096","vx_98efccdda5083b7d","fg0034","1","fg0034","fg0981","fg0220","fg0394","fg0254","fg0665","fg0290","fg0683","fg0261","fg0386","fg0461","fg0273","fg0325","fg0522","fg0343","fg0615","fg0887","fg0842","fg0696","fg0456"
"fq000097","vx_bd0c31d8c3ee7ad6","fg0035","1","fg0035","fg0474","fg0627","fg0856","fg0917","fg0511","fg0571","fg0616","fg0331","fg0251","fg0608","fg0120","fg0202","fg0590","fg0167","fg0036","fg0150","fg0099","fg0598","fg0009"
"fq000098","vx_bd0c31d8c3ee7ad6","fg0035","1","fg0035","fg0474","fg0856","fg0627","fg0917","fg0511","fg0571","fg0251","fg0167","fg0202","fg0616","fg0538","fg0608","fg0120","fg0590","fg0696","fg0009","fg0375","fg0150","fg0036"
"fq000099","vx_bd0c31d8c3ee7ad6","fg0035","1","fg0035","fg0474","fg0856","fg0917","fg0511","fg0571","fg0627","fg0251","fg0202","fg0120","fg0167","fg0696","fg0590","fg0616","fg0375","fg0538","fg0862","fg0009","fg0150","fg0753"
"fq000100","vx_bd0c31d8c3ee7ad6","fg0035","1","fg0035","fg0856","fg0474","fg0917","fg0511","fg0627","fg0571","fg0251","fg0202","fg0616","fg0120","fg0590","fg0167","fg0608","fg0696","fg0546","fg0375","fg0538","fg0862","fg0759"
"fq000101","vx_1a9a2dfb70dcd14d","fg0036","1","fg0036","fg0585","fg0915","fg0616","fg0926","fg0796","fg0688","fg0195","fg0435","fg0539","fg0180","fg0588","fg0385","fg0545","fg0880","fg0807","fg0455","fg0262","fg0608","fg0896"
"fq000102","vx_1a9a2dfb70dcd14d","fg0036","1","fg0036","fg0616","fg0585","fg0796","fg0915","fg0896","fg0759","fg0816","fg0160","fg0909","fg0823","fg0288","fg0626","fg0594","fg0455","fg0180","fg0556","fg0755","fg0608","fg0545"
"fq000103","vx_1a9a2dfb70dcd14d","fg0036","1","fg0036","fg0585","fg0616","fg0915","fg0926","fg0816","fg0796","fg0180","fg0420","fg0551","fg0563","fg0455","fg0896","fg0494","fg0627","fg0759","fg0288","fg0650","fg0109","fg0711"
"fq000104","vx_1a9a2dfb70dcd14d","fg0036","12","fg0822","fg0301","fg0031","fg0308","fg0074","fg0550","fg0585","fg0616","fg0743","fg0214","fg0912","fg0036","fg0004","fg0994","fg0915","fg0588","fg0306","fg0900","fg0866","fg0801"
"fq000105","vx_1a9a2dfb70dcd14d","fg0036","1","fg0036","fg0585","fg0616","fg0915","fg0926","fg0796","fg0180","fg0816","fg0759","fg0420","fg0666","fg0896","fg0627","fg0455","fg0626","fg0865","fg0160","fg0650","fg0494","fg0380"
"fq000106","vx_1a9a2dfb70dcd14d","fg0036","2","fg0585","fg0036","fg0915","fg0616","fg0926","fg0180","fg0816","fg0627","fg0796","fg0551","fg0420","fg0455","fg0563","fg0109","fg0688","fg0794","fg0865","fg0650","fg0380","fg0494"
"fq000107","vx_1a9a2dfb70dcd14d","fg0036","2","fg0585","fg0036","fg0915","fg0616","fg0926","fg0816","fg0180","fg0551","fg0796","fg0627","fg0420","fg0563","fg0494","fg0380","fg0109","fg0650","fg0556","fg0865","fg0962","fg0576"
"fq000108","vx_0fa56c8dea8e548f","fg0037","1","fg0037","fg0186","fg0142","fg0743","fg0585","fg0063","fg0794","fg0885","fg0848","fg0915","fg0036","fg0670","fg0482","fg0420","fg0264","fg0175","fg0814","fg0533","fg0855","fg0010"
"fq000109","vx_df588b67c458e308","fg0038","1","fg0038","fg0926","fg0944","fg0231","fg0988","fg0341","fg0207","fg0541","fg0859","fg0121","fg0710","fg0040","fg0770","fg0478","fg0697","fg0598","fg0998","fg0681","fg0441","fg0698"
"fq000110","vx_687f6b3987873f80","fg0039","1","fg0039","fg0122","fg0312","fg0350","fg0782","fg0184","fg0556","fg0921","fg0751","fg0154","fg0544","fg0967","fg0489","fg0093","fg0582","fg0965","fg0880","fg0297","fg0475","fg0585"
"fq000111","vx_fde9a75eedeca234","fg0040","1","fg0040","fg0094","fg0149","fg0837","fg0207","fg0563","fg0375","fg0770","fg0038","fg0528","fg0928","fg0134","fg0697","fg0636","fg0915","fg0518","fg0290","fg0908","fg0121","fg0739"
"fq000112","vx_fde9a75eedeca234","fg0040","1","fg0040","fg0094","fg0149","fg0563","fg0038","fg0837","fg0770","fg0207","fg0528","fg0375","fg0928","fg0134","fg0534","fg0121","fg0356","fg0101","fg0290","fg0636","fg0422","fg0739"
"fq000113","vx_a3e1a2e87eedcdb5","fg0041","1","fg0041","fg0996","fg0189","fg0237","fg0052","fg0160","fg0681","fg0409","fg0929","fg0236","fg0075","fg0225","fg0988","fg0321","fg0723","fg0278","fg0531","fg0653","fg0366","fg0827"
"fq000114","vx_89cf29367292f0b1","fg0042","1","fg0042","fg0159","fg0113","fg0071","fg0330","fg0388","fg0060","fg0597","fg0155","fg0353","fg0195","fg0682","fg0500","fg0539","fg0912","fg0478","fg0910","fg0197","fg0780","fg0584"
"fq000115","vx_1c5e145a118e3437","fg0043","1","fg0043","fg0802","fg0820","fg0687","fg0373","fg0199","fg0017","fg0605","fg0934","fg0995","fg0068","fg0508","fg0195","fg0498","fg0162","fg0219","fg0849","fg0250","fg0176","fg0975"
"fq000116","vx_1c5e145a118e3437","fg0043","1","fg0043","fg0802","fg0687","fg0820","fg0373","fg0605","fg0199","fg0017","fg0934","fg0498","fg0849","fg0508","fg0219","fg0162","fg0995","fg0250","fg0975","fg0068","fg0176","fg0195"
"fq000117","vx_1c5e145a118e3437","fg0043","1","fg0043","fg0802","fg0820","fg0687","fg0373","fg0017","fg0199","fg0605","fg0934","fg0068","fg0849","fg0508","fg0176","fg0195","fg0498","fg0995","fg0219","fg0547","fg0250","fg0162"
"fq000118","vx_ff2da3c4350dc934","fg0044","1","fg0044","fg0514","fg0091","fg0321","fg0979","fg0160","fg0816","fg0127","fg0326","fg0016","fg0347","fg0556","fg0856","fg0708","fg0499","fg0340","fg0126","fg0003","fg0516","fg0845"
"fq000119","vx_555255e04ec862e6","fg0045","1","fg0045","fg0054","fg0899","fg0700","fg0146","fg0930","fg0192","fg0448","fg0106","fg0296","fg0963","fg0960","fg0718","fg0359","fg0159","fg0270","fg0125","fg0604","fg0883","fg0565"
"fq000120","vx_f296725c1525169a","fg0046","1","fg0046","fg0722","fg0310","fg0586","fg0897","fg0360","fg0278","fg0860","fg0268","fg0428","fg0129","fg0681","fg0311","fg0723","fg0086","fg0172","fg0229","fg0875","fg0186","fg0253"
"fq000121","vx_f296725c1525169a","fg0046","1","fg0046","fg0722","fg0310","fg0586","fg0360","fg0268","fg0860","fg0129","fg0428","fg0897","fg0311","fg0278","fg0681","fg0172","fg0186","fg0723","fg0142","fg0086","fg0253","fg0181"
"fq000122","vx_f296725c1525169a","fg0046","1","fg0046","fg0722","fg0360","fg0586","fg0310","fg0129","fg0268","fg0086","fg0253","fg0423","fg0860","fg0142","fg0482","fg0897","fg0994","fg0374","fg0311","fg0428","fg0186","fg0742"
"fq000123","vx_f296725c1525169a","fg0046","1","fg0046","fg0722","fg0310","fg0586","fg0897","fg0278","fg0860","fg0360","fg0723","fg0681","fg0428","fg0875","fg0129","fg0311","fg0172","fg0186","fg0086","fg0214","fg0641","fg0229"
"fq000124","vx_f296725c1525169a","fg0046","1","fg0046","fg0722","fg0310","fg0586","fg0360","fg0897","fg0278","fg0311","fg0129","fg0860","fg0723","fg0086","fg0681","fg0428","fg0268","fg0253","fg0875","fg0172","fg0186","fg0747"
"fq000125","vx_c1e833d742a14d73","fg0047","4","fg0416","fg0588","fg0559","fg0047","fg0576","fg0496","fg0365","fg0659","fg0539","fg0579","fg0283","fg0211","fg0464","fg0159","fg0673","fg0573","fg0105","fg0679","fg0151","fg0965"
"fq000126","vx_d5a8443d2cc630a1","fg0048","1","fg0048","fg0893","fg0980","fg0648","fg0863","fg0989","fg0536","fg0424","fg0528","fg0088","fg0364","fg0303","fg0518","fg0060","fg0588","fg0577","fg0434","fg0801","fg0131","fg0542"
"fq000127","vx_68e0261cf94de795","fg0049","1","fg0049","fg0839","fg0205","fg0912","fg0478","fg0042","fg0062","fg0087","fg0111","fg0285","fg0201","fg0370","fg0704","fg0080","fg0286","fg0486","fg0246","fg0331","fg0950","fg0828"
"fq000128","vx_68e0261cf94de795","fg0049","1","fg0049","fg0205","fg0839","fg0912","fg0478","fg0062","fg0087","fg0042","fg0285","fg0111","fg0201","fg0370","fg0704","fg0486","fg0080","fg0246","fg0388","fg0331","fg0828","fg0789"
"fq000129","vx_17550a64af3b1505","fg0050","1","fg0050","fg0976","fg0316","fg0170","fg0309","fg0792","fg0102","fg0844","fg0119","fg0832","fg0186","fg0315","fg0099","fg0569","fg0586","fg0546","fg0080","fg0934","fg0764","fg0166"
"fq000130","vx_17550a64af3b1505","fg0050","1","fg0050","fg0976","fg0316","fg0792","fg0170","fg0309","fg0102","fg0315","fg0119","fg0844","fg0546","fg0099","fg0080","fg0934","fg0186","fg0569","fg0731","fg0072","fg0237","fg0410"
"fq000131","vx_17550a64af3b1505","fg0050","1","fg0050","fg0316","fg0976","fg0792","fg0170","fg0309","fg0102","fg0844","fg0546","fg0119","fg0315","fg0099","fg0075","fg0410","fg0213","fg0934","fg0366","fg0686","fg0237","fg0080"
"fq000132","vx_17550a64af3b1505","fg0050","1","fg0050","fg0792","fg0309","fg0170","fg0976","fg0316","fg0102","fg0546","fg0844","fg0569","fg0080","fg0099","fg0934","fg0119","fg0410","fg0186","fg0731","fg0908","fg0686","fg0586"
"fq000133","vx_17550a64af3b1505","fg0050","1","fg0050","fg0976","fg0316","fg0792","fg0309","fg0170","fg0102","fg0315","fg0119","fg0844","fg0546","fg0186","fg0080","fg0099","fg0686","fg0934","fg0237","fg0731","fg0569","fg0142"
"fq000134","vx_17550a64af3b1505","fg0050","1","fg0050","fg0316","fg0976","fg0170","fg0792","fg0309","fg0315","fg0119","fg0102","fg0844","fg0546","fg0099","fg0080","fg0237","fg0186","fg0731","fg0213","fg0075","fg0410","fg0934"
"fq000135","vx_17550a64af3b1505","fg0050","1","fg0050","fg0316","fg0976","fg0170","fg0792","fg0309","fg0102","fg0844","fg0315","fg0546","fg0119","fg0099","fg0075","fg0237","fg0410","fg0862","fg0080","fg0236","fg0934","fg0072"
"fq000136","vx_17550a64af3b1505","fg0050","1","fg0050","fg0316","fg0976","fg0792","fg0170","fg0309","fg0102","fg0315","fg0119","fg0844","fg0569","fg0934","fg0731","fg0099","fg0546","fg0186","fg0080","fg0686","fg0075","fg0237"
"fq000137","vx_17550a64af3b1505","fg0050","1","fg0050","fg0316","fg0976","fg0170","fg0309","fg0792","fg0102","fg0844","fg0315","fg0119","fg0099","fg0237","fg0546","fg0410","fg0080","fg0072","fg0075","fg0213","fg0832","fg0686"
"fq000138","vx_17550a64af3b1505","fg0050","1","fg0050","fg0976","fg0316","fg0170","fg0792","fg0309","fg0102","fg0844","fg0315","fg0119","fg0546","fg0934","fg0099","fg0569","fg0072","fg0731","fg0080","fg0410","fg0832","fg0237"
"fq000139","vx_17550a64af3b1505","fg0050","1","fg0050","fg0976","fg0316","fg0792","fg0309","fg0170","fg0102","fg0315","fg0119","fg0934","fg0569","fg0844","fg0546","fg0080","fg0099","fg0186","fg0832","fg0075","fg0731","fg0166"
"fq000140","vx_e8a90fbf90e63f0a","fg0051","1","fg0051","fg0401","fg0599","fg0455","fg0698","fg0428","fg0958","fg0213","fg0825","fg0966","fg0670","fg0957","fg0794","fg0053","fg0418","fg0269","fg0854","fg0955","fg0308","fg0697"
"fq000141","vx_e8a90fbf90e63f0a","fg0051","1","fg0051","fg0401","fg0599","fg0455","fg0958","fg0428","fg0698","fg0670","fg0213","fg0794","fg0269","fg0957","fg0966","fg0418","fg0667","fg0482","fg0046","fg0308","fg0940","fg0711"
"fq000142","vx_cfebb52cd40cd4d0","fg0052","2","fg0216","fg0052","fg0996","fg0041","fg0636","fg0439","fg0796","fg0071","fg0289","fg0105","fg0849","fg0896","fg0076","fg0879","fg0159","fg0372","fg0638","fg0220","fg0173","fg0559"
"fq000143","vx_df75f3907385171e","fg0053","1","fg0053","fg0512","fg0596","fg0492","fg0630","fg0428","fg0342","fg0599","fg0670","fg0482","fg0799","fg0051","fg0438","fg0646","fg0284","fg0455","fg0158","fg0626","fg0398","fg0004"
"fq000144","vx_e06f5d7e70e30c02","fg0054","1","fg0054","fg0045","fg0700","fg0899","fg0146","fg0359","fg0930","fg0192","fg0296","fg0604","fg0106","fg0566","fg0903","fg0897","fg0358","fg0587","fg0963","fg0883","fg0501","fg0801"
"fq000145","vx_e06f5d7e70e30c02","fg0054","1","fg0054","fg0045","fg0700","fg0899","fg0146","fg0930","fg0359","fg0192","fg0296","fg0106","fg0604","fg0903","fg0358","fg0897","fg0963","fg0566","fg0931","fg0501","fg0587","fg0883"
"fq000146","vx_e06f5d7e70e30c02","fg0054","1","fg0054","fg0045","fg0700","fg0899","fg0915","fg0146","fg0296","fg0359","fg0192","fg0930","fg0036","fg0585","fg0965","fg0616","fg0604","fg0769","fg0868","fg0323","fg0173","fg0105"
"fq000147","vx_e06f5d7e70e30c02","fg0054","1","fg0054","fg0045","fg0700","fg0899","fg0146","fg0359","fg0930","fg0192","fg0296","fg0106","fg0604","fg0903","fg0897","fg0566","fg0587","fg0358","fg0963","fg0501","fg0883","fg0453"
"fq000148","vx_e06f5d7e70e30c02","fg0054","1","fg0054","fg0045","fg0700","fg0146","fg0899","fg0930","fg0359","fg0192","fg0296","fg0604","fg0897","fg0903","fg0963","fg0106","fg0358","fg0566","fg0883","fg0931","fg0768","fg0501"
"fq000149","vx_e06f5d7e70e30c02","fg0054","1","fg0054","fg0045","fg0700","fg0899","fg0146","fg0359","fg0930","fg0192","fg0296","fg0897","fg0566","fg0604","fg0106","fg0963","fg0903","fg0587","fg0358","fg0883","fg0644","fg0501"
"fq000150","vx_e06f5d7e70e30c02","fg0054","1","fg0054","fg0045","fg0700","fg0899","fg0146","fg0359","fg0930","fg0192","fg0296","fg0604","fg0106","fg0566","fg0897","fg0587","fg0903","fg0963","fg0358","fg0501","fg0883","fg0567"
"fq000151","vx_e06f5d7e70e30c02","fg0054","1","fg0054","fg0045","fg0700","fg0899","fg0146","fg0930","fg0359","fg0192","fg0296","fg0106","fg0604","fg0566","fg0963","fg0897","fg0903","fg0501","fg0587","fg0358","fg0768","fg0931"
"fq000152","vx_e06f5d7e70e30c02","fg0054","1","fg0054","fg0045","fg0700","fg0899","fg0146","fg0359","fg0930","fg0192","fg0296","fg0106","fg0604","fg0897","fg0566","fg0358","fg0963","fg0587","fg0903","fg0501","fg0931","fg0567"
"fq000153","vx_e06f5d7e70e30c02","fg0054","1","fg0054","fg0045","fg0700","fg0899","fg0146","fg0359","fg0930","fg0192","fg0296","fg0604","fg0903","fg0106","fg0566","fg0897","fg0358","fg0587","fg0963","fg0501","fg0931","fg0768"
"fq000154","vx_e06f5d7e70e30c02","fg0054","1","fg0054","fg0045","fg0700","fg0899","fg0146","fg0359","fg0192","fg0930","fg0296","fg0897","fg0604","fg0106","fg0566","fg0963","fg0644","fg0903","fg0587","fg0358","fg0931","fg0883"
"fq000155","vx_e06f5d7e70e30c02","fg0054","1","fg0054","fg0045","fg0700","fg0899","fg0146","fg0359","fg0192","fg0930","fg0296","fg0106","fg0566","fg0604","fg0897","fg0903","fg0587","fg0501","fg0963","fg0358","fg0883","fg0768"
"fq000156","vx_e06f5d7e70e30c02","fg0054","1","fg0054","fg0045","fg0700","fg0899","fg0146","fg0359","fg0930","fg0192","fg0296","fg0106","fg0604","fg0566","fg0897","fg0903","fg0963","fg0587","fg0501","fg0358","fg0768","fg0883"
"fq000157","vx_e06f5d7e70e30c02","fg0054","1","fg0054","fg0045","fg0700","fg0899","fg0146","fg0359","fg0192","fg0930","fg0296","fg0897","fg0604","fg0106","fg0587","fg0566","fg0903","fg0963","fg0501","fg0358","fg0883","fg0768"
"fq000158","vx_e06f5d7e70e30c02","fg0054","1","fg0054","fg0045","fg0700","fg0899","fg0146","fg0359","fg0930","fg0192","fg0296","fg0106","fg0604","fg0903","fg0897","fg0566","fg0587","fg0963","fg0358","fg0883","fg0567","fg0644"
"fq000159","vx_e06f5d7e70e30c02","fg0054","1","fg0054","fg0045","fg0700","fg0899","fg0146","fg0359","fg0192","fg0296","fg0930","fg0897","fg0604","fg0566","fg0106","fg0963","fg0587","fg0644","fg0358","fg0903","fg0501","fg0684"
"fq000160","vx_e06f5d7e70e30c02","fg0054","1","fg0054","fg0045","fg0700","fg0899","fg0146","fg0359","fg0930","fg0192","fg0296","fg0897","fg0106","fg0566","fg0604","fg0963","fg0931","fg0358","fg0587","fg0903","fg0501","fg0883"
"fq000161","vx_e06f5d7e70e30c02","fg0054","1","fg0054","fg0045","fg0700","fg0899","fg0146","fg0359","fg0930","fg0192","fg0296","fg0106","fg0566","fg0604","fg0897","fg0963","fg0587","fg0903","fg0501","fg0358","fg0883","fg0931"
"fq000162","vx_e06f5d7e70e30c02","fg0054","1","fg0054","fg0045","fg0700","fg0899","fg0146","fg0359","fg0930","fg0192","fg0296","fg0604","fg0106","fg0897","fg0903","fg0587","fg0566","fg0963","fg0358","fg0453","fg0931","fg0644"
"fq000163","vx_e06f5d7e70e30c02","fg0054","1","fg0054","fg0045","fg0700","fg0899","fg0146","fg0359","fg0930","fg0192","fg0296","fg0106","fg0604","fg0566","fg0587","fg0897","fg0768","fg0963","fg0903","fg0501","fg0358","fg0567"
"fq000164","vx_e06f5d7e70e30c02","fg0054","1","fg0054","fg0045","fg0700","fg0899","fg0146","fg0359","fg0930","fg0192","fg0296","fg0604","fg0106","fg0566","fg0903","fg0587","fg0897","fg0358","fg0963","fg0883","fg0501","fg0768"
"fq000165","vx_e06f5d7e70e30c02","fg0054","1","fg0054","fg0045","fg0700","fg0899","fg0146","fg0359","fg0930","fg0192","fg0296","fg0106","fg0604","fg0897","fg0963","fg0931","fg0358","fg0903","fg0566","fg0587","fg0644","fg0453"
"fq000166","vx_e06f5d7e70e30c02","fg0054","1","fg0054","fg0045","fg0700","fg0899","fg0146","fg0930","fg0359","fg0192","fg0296","fg0604","fg0566","fg0903","fg0963","fg0106","fg0587","fg0897","fg0358","fg0501","fg0684","fg0567"
"fq000167","vx_e06f5d7e70e30c02","fg0054","1","fg0054","fg0045","fg0700","fg0899","fg0146","fg0930","fg0359","fg0192","fg0296","fg0106","fg0604","fg0566","fg0897","fg0963","fg0587","fg0903","fg0358","fg0501","fg0768","fg0931"
"fq000168","vx_e06f5d7e70e30c02","fg0054","1","fg0054","fg0045","fg0700","fg0899","fg0146","fg0359","fg0192","fg0930","fg0296","fg0106","fg0604","fg0566","fg0897","fg0903","fg0963","fg0358","fg0587","fg0501","fg0567","fg0931"
"fq000169","vx_e06f5d7e70e30c02","fg0054","1","fg0054","fg0045","fg0700","fg0899","fg0146","fg0930","fg0359","fg0192","fg0296","fg0106","fg0566","fg0604","fg0963","fg0903","fg0897","fg0587","fg0358","fg0118","fg0931","fg0567"
"fq000170","vx_e06f5d7e70e30c02","fg0054","1","fg0054","fg0045","fg0700","fg0899","fg0146","fg0359","fg0192","fg0930","fg0296","fg0897","fg0604","fg0106","fg0566","fg0358","fg0883","fg0903","fg0963","fg0644","fg0587","fg0501"
"fq000171","vx_e06f5d7e70e30c02","fg0054","1","fg0054","fg0045","fg0700","fg0899","fg0146","fg0359","fg0930","fg0192","fg0296","fg0106","fg0604","fg0897","fg0963","fg0587","fg0566","fg0903","fg0358","fg0931","fg0644","fg0501"
"fq000172","vx_e06f5d7e70e30c02","fg0054","1","fg0054","fg0045","fg0700","fg0899","fg0146","fg0359","fg0930","fg0192","fg0296","fg0604","fg0106","fg0897","fg0903","fg0587","fg0566","fg0358","fg0931","fg0963","fg0453","fg0644"
"fq000173","vx_e06f5d7e70e30c02","fg0054","1","fg0054","fg0045","fg0700","fg0899","fg0146","fg0359","fg0930","fg0192","fg0296","fg0106","fg0566","fg0897","fg0604","fg0963","fg0587","fg0903","fg0501","fg0358","fg0931","fg0118"
"fq000174","vx_e06f5d7e70e30c02","fg0054","1","fg0054","fg0045","fg0700","fg0899","fg0146","fg0930","fg0192","fg0359","fg0296","fg0106","fg0604","fg0566","fg0903","fg0897","fg0358","fg0963","fg0587","fg0501","fg0931","fg0883"
"fq000175","vx_e06f5d7e70e30c02","fg0054","1","fg0054","fg0045","fg0700","fg0899","fg0146","fg0930","fg0359","fg0192","fg0296","fg0604","fg0106","fg0897","fg0963","fg0903","fg0566","fg0587","fg0358","fg0931","fg0883","fg0453"
"fq000176","vx_e06f5d7e70e30c02","fg0054","1","fg0054","fg0045","fg0700","fg0899","fg0146","fg0930","fg0359","fg0192","fg0296","fg0604","fg0106","fg0903","fg0897","fg0931","fg0358","fg0453","fg0567","fg0963","fg0587","fg0883"
"fq000177","vx_e06f5d7e70e30c02","fg0054","1","fg0054","fg0045","fg0700","fg0899","fg0146","fg0359","fg0930","fg0192","fg0296","fg0604","fg0897","fg0106","fg0903","fg0963","fg0587","fg0453","fg0358","fg0567","fg0889","fg0566"
"fq000178","vx_e06f5d7e70e30c02","fg0054","1","fg0054","fg0045","fg0700","fg0899","fg0146","fg0359","fg0930","fg0192","fg0296","fg0604","fg0106","fg0566","fg0897","fg0903","fg0963","fg0587","fg0501","fg0358","fg0883","fg0931"
"fq000179","vx_e06f5d7e70e30c02","fg0054","1","fg0054","fg0045","fg0700","fg0899","fg0146","fg0359","fg0930","fg0192","fg0296","fg0106","fg0897","fg0604","fg0566","fg0903","fg0587","fg0358","fg0963","fg0567","fg0931","fg0501"
"fq000180","vx_e06f5d7e70e30c02","fg0054","1","fg0054","fg0045","fg0700","fg0899","fg0146","fg0359","fg0930","fg0192","fg0296","fg0897","fg0566","fg0604","fg0106","fg0587","fg0963","fg0903","fg0358","fg0768","fg0883","fg0501"
"fq000181","vx_e06f5d7e70e30c02","fg0054","1","fg0054","fg0045","fg0700","fg0899","fg0146","fg0359","fg0192","fg0930","fg0296","fg0106","fg0897","fg0566","fg0604","fg0358","fg0903","fg0587","fg0644","fg0963","fg0883","fg0594"
"fq000182","vx_e06f5d7e70e30c02","fg0054","1","fg0054","fg0045","fg0700","fg0899","fg0146","fg0359","fg0192","fg0930","fg0296","fg0106","fg0897","fg0604","fg0566","fg0587","fg0903","fg0963","fg0358","fg0501","fg0768","fg0883"
"fq000183","vx_e06f5d7e70e30c02","fg0054","1","fg0054","fg0045","fg0700","fg0899","fg0146","fg0359","fg0192","fg0296","fg0930","fg0897","fg0106","fg0604","fg0566","fg0903","fg0587","fg0963","fg0358","fg0594","fg0883","fg0644"
"fq000184","vx_e06f5d7e70e30c02","fg0054","1","fg0054","fg0045","fg0700","fg0899","fg0146","fg0359","fg0930","fg0192","fg0296","fg0897","fg0106","fg0566","fg0587","fg0768","fg0963","fg0604","fg0501","fg0684","fg0903","fg0358"
"fq000185","vx_e06f5d7e70e30c02","fg0054","1","fg0054","fg0045","fg0700","fg0899","fg0146","fg0359","fg0930","fg0192","fg0296","fg0897","fg0106","fg0604","fg0963","fg0566","fg0903","fg0587","fg0644","fg0358","fg0931","fg0883"
"fq000186","vx_e06f5d7e70e30c02","fg0054","1","fg0054","fg0045","fg0700","fg0899","fg0146","fg0359","fg0192","fg0930","fg0296","fg0604","fg0106","fg0897","fg0587","fg0963","fg0566","fg0903","fg0358","fg0644","fg0501","fg0453"
"fq000187","vx_e06f5d7e70e30c02","fg0054","1","fg0054","fg0045","fg0700","fg0899","fg0146","fg0359","fg0192","fg0930","fg0296","fg0604","fg0903","fg0566","fg0897","fg0587","fg0106","fg0358","fg0963","fg0501","fg0644","fg0453"
"fq000188","vx_e06f5d7e70e30c02","fg0054","1","fg0054","fg0045","fg0700","fg0899","fg0146","fg0359","fg0930","fg0192","fg0296","fg0106","fg0566","fg0604","fg0903","fg0897","fg0963","fg0587","fg0358","fg0567","fg0501","fg0883"
"fq000189","vx_e06f5d7e70e30c02","fg0054","1","fg0054","fg0045","fg0700","fg0899","fg0146","fg0359","fg0192","fg0296","fg0930","fg0604","fg0106","fg0897","fg0566","fg0903","fg0644","fg0358","fg0587","fg0963","fg0883","fg0594"
"fq000190","vx_e06f5d7e70e30c02","fg0054","1","fg0054","fg0045","fg0700","fg0899","fg0146","fg0359","fg0192","fg0296","fg0106","fg0930","fg0604","fg0594","fg0897","fg0883","fg0566","fg0312","fg0587","fg0903","fg0358","fg0963"
"fq000191","vx_e06f5d7e70e30c02","fg0054","1","fg0054","fg0045","fg0700","fg0899","fg0146","fg0359","fg0930","fg0192","fg0296","fg0106","fg0604","fg0897","fg0566","fg0903","fg0358","fg0963","fg0587","fg0501","fg0931","fg0768"
"fq000192","vx_e06f5d7e70e30c02","fg0054","1","fg0054","fg0045","fg0700","fg0899","fg0146","fg0359","fg0930","fg0192","fg0296","fg0106","fg0604","fg0566","fg0897","fg0903","fg0963","fg0587","fg0358","fg0883","fg0501","fg0644"
"fq000193","vx_e06f5d7e70e30c02","fg0054","1","fg0054","fg0045","fg0700","fg0899","fg0146","fg0359","fg0192","fg0930","fg0296","fg0106","fg0897","fg0604","fg0566","fg0963","fg0903","fg0358","fg0587","fg0644","fg0883","fg0931"
"fq000194","vx_e06f5d7e70e30c02","fg0054","1","fg0054","fg0045","fg0700","fg0899","fg0146","fg0359","fg0930","fg0192","fg0296","fg0106","fg0897","fg0566","fg0604","fg0587","fg0963","fg0358","fg0903","fg0768","fg0501","fg0684"
"fq000195","vx_e06f5d7e70e30c02","fg0054","1","fg0054","fg0045","fg0700","fg0146","fg0899","fg0359","fg0930","fg0192","fg0106","fg0296","fg0566","fg0604","fg0897","fg0963","fg0358","fg0903","fg0501","fg0170","fg0931","fg0768"
"fq000196","vx_e06f5d7e70e30c02","fg0054","1","fg0054","fg0045","fg0700","fg0899","fg0146","fg0359","fg0192","fg0930","fg0296","fg0604","fg0897","fg0106","fg0903","fg0587","fg0566","fg0963","fg0358","fg0883","fg0644","fg0567"
"fq000197","vx_e06f5d7e70e30c02","fg0054","1","fg0054","fg0045","fg0700","fg0899","fg0146","fg0359","fg0192","fg0930","fg0296","fg0106","fg0897","fg0566","fg0604","fg0903","fg0587","fg0963","fg0358","fg0883","fg0567","fg0644"
"fq000198","vx_e06f5d7e70e30c02","fg0054","1","fg0054","fg0045","fg0700","fg0899","fg0146","fg0359","fg0192","fg0930","fg0296","fg0604","fg0106","fg0897","fg0903","fg0566","fg0587","fg0963","fg0358","fg0644","fg0594","fg0931"
"fq000199","vx_e06f5d7e70e30c02","fg0054","1","fg0054","fg0045","fg0700","fg0899","fg0146","fg0359","fg0192","fg0930","fg0296","fg0604","fg0897","fg0566","fg0106","fg0587","fg0358","fg0963","fg0501","fg0903","fg0931","fg0883"
"fq000200","vx_e06f5d7e70e30c02","fg0054","1","fg0054","fg0045","fg0700","fg0899","fg0146","fg0359","fg0930","fg0192","fg0296","fg0897","fg0604","fg0106","fg0963","fg0566","fg0931","fg0903","fg0358","fg0587","fg0501","fg0644"
"fq000201","vx_e06f5d7e70e30c02","fg0054","1","fg0054","fg0045","fg0700","fg0899","fg0146","fg0930","fg0359","fg0192","fg0296","fg0106","fg0604","fg0963","fg0587","fg0897","fg0903","fg0566","fg0358","fg0501","fg0567","fg0768"
"fq000202","vx_e06f5d7e70e30c02","fg0054","1","fg0054","fg0045","fg0700","fg0899","fg0146","fg0359","fg0192","fg0930","fg0296","fg0106","fg0566","fg0604","fg0897","fg0963","fg0587","fg0903","fg0501","fg0358","fg0312","fg0644"
"fq000203","vx_e06f5d7e70e30c02","fg0054","1","fg0054","fg0045","fg0700","fg0899","fg0146","fg0359","fg0930","fg0192","fg0296","fg0604","fg0106","fg0897","fg0903","fg0587","fg0566","fg0963","fg0358","fg0567","fg0644","fg0801"
"fq000204","vx_e06f5d7e70e30c02","fg0054","1","fg0054","fg0045","fg0700","fg0899","fg0146","fg0359","fg0192","fg0930","fg0296","fg0897","fg0106","fg0604","fg0358","fg0594","fg0587","fg0903","fg0931","fg0963","fg0453","fg0566"
"fq000205","vx_e06f5d7e70e30c02","fg0054","1","fg0054","fg0045","fg0700","fg0899","fg0146","fg0359","fg0192","fg0930","fg0296","fg0604","fg0106","fg0566","fg0897","fg0587","fg0358","fg0903","fg0963","fg0883","fg0501","fg0931"
"fq000206","vx_e06f5d7e70e30c02","fg0054","1","fg0054","fg0045","fg0700","fg0899","fg0146","fg0359","fg0192","fg0930","fg0296","fg0106","fg0604","fg0897","fg0566","fg0587","fg0903","fg0358","fg0963","fg0801","fg0501","fg0684"
"fq000207","vx_e06f5d7e70e30c02","fg0054","1","fg0054","fg0045","fg0700","fg0899","fg0146","fg0359","fg0930","fg0192","fg0296","fg0106","fg0604","fg0587","fg0897","fg0566","fg0358","fg0963","fg0312","fg0903","fg0170","fg0501"
"fq000208","vx_e06f5d7e70e30c02","fg0054","1","fg0054","fg0045","fg0700","fg0899","fg0146","fg0359","fg0930","fg0192","fg0296","fg0604","fg0897","fg0106","fg0903","fg0566","fg0963","fg0587","fg0358","fg0644","fg0501","fg0567"
"fq000209","vx_e06f5d7e70e30c02","fg0054","1","fg0054","fg0045","fg0700","fg0899","fg0146","fg0359","fg0930","fg0192","fg0296","fg0106","fg0604","fg0897","fg0587","fg0566","fg0903","fg0358","fg0963","fg0584","fg0567","fg0931"
"fq000210","vx_e06f5d7e70e30c02","fg0054","1","fg0054","fg0045","fg0700","fg0899","fg0146","fg0359","fg0192","fg0930","fg0296","fg0106","fg0604","fg0566","fg0897","fg0903","fg0963","fg0587","fg0501","fg0358","fg0594","fg0883"
"fq000211","vx_e06f5d7e70e30c02","fg0054","1","fg0054","fg0045","fg0700","fg0899","fg0146","fg0359","fg0930","fg0192","fg0296","fg0106","fg0897","fg0566","fg0604","fg0903","fg0587","fg0358","fg0963","fg0501","fg0567","fg0931"
"fq000212","vx_e06f5d7e70e30c02","fg0054","1","fg0054","fg0045","fg0700","fg0899","fg0146","fg0359","fg0192","fg0930","fg0296","fg0604","fg0106","fg0897","fg0963","fg0566","fg0931","fg0358","fg0883","fg0587","fg0312","fg0567"
"fq000213","vx_e06f5d7e70e30c02","fg0054","1","fg0054","fg0045","fg0700","fg0899","fg0146","fg0359","fg0192","fg0930","fg0296","fg0106","fg0566","fg0604","fg0897","fg0903","fg0587","fg0501","fg0963","fg0358","fg0768","fg0883"
"fq000214","vx_e06f5d7e70e30c02","fg0054","1","fg0054","fg0045","fg0700","fg0899","fg0146","fg0359","fg0192","fg0296","fg0930","fg0604","fg0106","fg0897","fg0903","fg0566","fg0587","fg0883","fg0358","fg0644","fg0963","fg0594"
"fq000215","vx_e06f5d7e70e30c02","fg0054","1","fg0054","fg0045","fg0700","fg0899","fg0146","fg0359","fg0192","fg0930","fg0296","fg0604","fg0566","fg0106","fg0897","fg0903","fg0963","fg0587","fg0501","fg0883","fg0567","fg0825"
"fq000216","vx_e06f5d7e70e30c02","fg0054","1","fg0054","fg0045","fg0700","fg0899","fg0146","fg0359","fg0192","fg0930","fg0296","fg0106","fg0566","fg0604","fg0897","fg0903","fg0587","fg0963","fg0358","fg0883","fg0501","fg0825"
"fq000217","vx_e06f5d7e70e30c02","fg0054","1","fg0054","fg0045","fg0700","fg0146","fg0899","fg0359","fg0930","fg0192","fg0296","fg0106","fg0897","fg0604","fg0566","fg0587","fg0358","fg0963","fg0501","fg0768","fg0903","fg0801"
"fq000218","vx_e06f5d7e70e30c02","fg0054","1","fg0054","fg0045","fg0700","fg0899","fg0146","fg0359","fg0192","fg0930","fg0296","fg0897","fg0106","fg0604","fg0566","fg0903","fg0963","fg0587","fg0358","fg0644","fg0931","fg0501"
"fq000219","vx_e06f5d7e70e30c02","fg0054","1","fg0054","fg0045","fg0700","fg0899","fg0146","fg0359","fg0192","fg0930","fg0296","fg0106","fg0566","fg0897","fg0604","fg0903","fg0963","fg0587","fg0883","fg0501","fg0358","fg0825"
"fq000220","vx_e06f5d7e70e30c02","fg0054","1","fg0054","fg0045","fg0700","fg0899","fg0146","fg0930","fg0359","fg0192","fg0296","fg0106","fg0604","fg0566","fg0897","fg0963","fg0903","fg0587","fg0358","fg0931","fg0644","fg0883"
"fq000221","vx_e06f5d7e70e30c02","fg0054","1","fg0054","fg0045","fg0700","fg0899","fg0146","fg0359","fg0930","fg0192","fg0296","fg0106","fg0604","fg0566","fg0897","fg0903","fg0587","fg0963","fg0358","fg0883","fg0501","fg0931"
"fq000222","vx_e06f5d7e70e30c02","fg0054","1","fg0054","fg0045","fg0700","fg0899","fg0146","fg0359","fg0930","fg0192","fg0296","fg0566","fg0897","fg0106","fg0604","fg0963","fg0587","fg0883","fg0501","fg0358","fg0903","fg0644"
"fq000223","vx_e06f5d7e70e30c02","fg0054","1","fg0054","fg0045","fg0700","fg0899","fg0146","fg0359","fg0930","fg0192","fg0296","fg0897","fg0963","fg0566","fg0604","fg0106","fg0768","fg0587","fg0501","fg0358","fg0903","fg0883"
"fq000224","vx_e06f5d7e70e30c02","fg0054","1","fg0054","fg0045","fg0700","fg0899","fg0146","fg0359","fg0192","fg0296","fg0930","fg0604","fg0106","fg0897","fg0903","fg0566","fg0587","fg0963","fg0358","fg0883","fg0644","fg0931"
"fq000225","vx_e06f5d7e70e30c02","fg0054","1","fg0054","fg0045","fg0700","fg0899","fg0146","fg0359","fg0930","fg0192","fg0296","fg0106","fg0604","fg0903","fg0566","fg0897","fg0587","fg0963","fg0358","fg0118","fg0567","fg0931"
"fq000226","vx_e06f5d7e70e30c02","fg0054","1","fg0054","fg0045","fg0700","fg0899","fg0146","fg0359","fg0930","fg0192","fg0296","fg0897","fg0604","fg0566","fg0106","fg0963","fg0903","fg0587","fg0644","fg0358","fg0501","fg0931"
"fq000227","vx_e06f5d7e70e30c02","fg0054","1","fg0054","fg0045","fg0700","fg0146","fg0899","fg0359","fg0192","fg0930","fg0296","fg0106","fg0897","fg0566","fg0604","fg0963","fg0587","fg0903","fg0768","fg0501","fg0358","fg0684"
"fq000228","vx_e06f5d7e70e30c02","fg0054","1","fg0054","fg0045","fg0700","fg0899","fg0146","fg0359","fg0192","fg0930","fg0296","fg0106","fg0566","fg0604","fg0903","fg0897","fg0587","fg0501","fg0358","fg0963","fg0768","fg0283"
"fq000229","vx_e06f5d7e70e30c02","fg0054","1","fg0054","fg0045","fg0700","fg0899","fg0146","fg0359","fg0192","fg0930","fg0296","fg0106","fg0566","fg0897","fg0604","fg0963","fg0903","fg0587","fg0358","fg0501","fg0825","fg0567"
"fq000230","vx_e06f5d7e70e30c02","fg0054","1","fg0054","fg0045","fg0700","fg0899","fg0146","fg0359","fg0192","fg0930","fg0296","fg0106","fg0897","fg0604","fg0566","fg0903","fg0963","fg0587","fg0358","fg0931","fg0644","fg0594"
"fq000231","vx_e06f5d7e70e30c02","fg0054","1","fg0054","fg0045","fg0700","fg0899","fg0146","fg0359","fg0930","fg0192","fg0296","fg0897","fg0566","fg0963","fg0604","fg0587","fg0358","fg0106","fg0903","fg0768","fg0501","fg0931"
"fq000232","vx_e06f5d7e70e30c02","fg0054","1","fg0054","fg0045","fg0700","fg0899","fg0146","fg0359","fg0930","fg0192","fg0296","fg0106","fg0604","fg0897","fg0566","fg0587","fg0903","fg0963","fg0358","fg0501","fg0768","fg0883"
"fq000233","vx_e06f5d7e70e30c02","fg0054","1","fg0054","fg0045","fg0700","fg0899","fg0146","fg0359","fg0930","fg0192","fg0296","fg0106","fg0897","fg0604","fg0931","fg0903","fg0644","fg0963","fg0594","fg0566","fg0358","fg0587"
"fq000234","vx_e06f5d7e70e30c02","fg0054","1","fg0054","fg0045","fg0700","fg0899","fg0146","fg0359","fg0192","fg0296","fg0930","fg0106","fg0897","fg0604","fg0566","fg0358","fg0903","fg0587","fg0963","fg0644","fg0883","fg0594"
"fq000235","vx_e06f5d7e70e30c02","fg0054","1","fg0054","fg0045","fg0700","fg0146","fg0899","fg0359","fg0930","fg0192","fg0296","fg0106","fg0566","fg0604","fg0897","fg0358","fg0903","fg0587","fg0501","fg0963","fg0768","fg0883"
"fq000236","vx_e06f5d7e70e30c02","fg0054","1","fg0054","fg0045","fg0700","fg0899","fg0146","fg0359","fg0192","fg0930","fg0296","fg0604","fg0106","fg0903","fg0897","fg0566","fg0587","fg0358","fg0963","fg0883","fg0931","fg0453"
"fq000237","vx_e06f5d7e70e30c02","fg0054","1","fg0054","fg0045","fg0700","fg0146","fg0899","fg0359","fg0192","fg0296","fg0930","fg0897","fg0963","fg0566","fg0768","fg0587","fg0604","fg0644","fg0501","fg0883","fg0358","fg0106"
"fq000238","vx_e06f5d7e70e30c02","fg0054","1","fg0054","fg0045","fg0700","fg0899","fg0146","fg0359","fg0192","fg0296","fg0930","fg0106","fg0604","fg0897","fg0566","fg0644","fg0903","fg0883","fg0358","fg0587","fg0594","fg0963"
"fq000239","vx_e06f5d7e70e30c02","fg0054","1","fg0054","fg0045","fg0700","fg0146","fg0899","fg0359","fg0192","fg0930","fg0296","fg0106","fg0801","fg0588","fg0989","fg0587","fg0566","fg0604","fg0897","fg0358","fg0528","fg0903"
"fq000240","vx_e06f5d7e70e30c02","fg0054","1","fg0054","fg0045","fg0700","fg0899","fg0146","fg0359","fg0930","fg0192","fg0296","fg0106","fg0566","fg0604","fg0903","fg0897","fg0587","fg0358","fg0963","fg0501","fg0567","fg0825"
"fq000241","vx_e06f5d7e70e30c02","fg0054","1","fg0054","fg0045","fg0700","fg0899","fg0146","fg0930","fg0359","fg0192","fg0296","fg0106","fg0604","fg0566","fg0903","fg0897","fg0963","fg0587","fg0358","fg0883","fg0501","fg0931"
"fq000242","vx_e06f5d7e70e30c02","fg0054","1","fg0054","fg0045","fg0700","fg0899","fg0146","fg0359","fg0192","fg0930","fg0296","fg0106","fg0604","fg0566","fg0903","fg0897","fg0501","fg0587","fg0883","fg0358","fg0963","fg0931"
"fq000243","vx_e06f5d7e70e30c02","fg0054","1","fg0054","fg0045","fg0700","fg0899","fg0146","fg0930","fg0359","fg0192","fg0296","fg0963","fg0604","fg0897","fg0566","fg0587","fg0453","fg0358","fg0903","fg0106","fg0501","fg0931"
"fq000244","vx_e06f5d7e70e30c02","fg0054","1","fg0054","fg0045","fg0700","fg0899","fg0146","fg0359","fg0192","fg0930","fg0296","fg0106","fg0897","fg0604","fg0594","fg0587","fg0963","fg0358","fg0903","fg0566","fg0931","fg0644"
"fq000245","vx_e06f5d7e70e30c02","fg0054","1","fg0054","fg0045","fg0700","fg0899","fg0146","fg0359","fg0930","fg0192","fg0296","fg0106","fg0897","fg0604","fg0566","fg0963","fg0587","fg0903","fg0931","fg0358","fg0567","fg0501"
"fq000246","vx_e06f5d7e70e30c02","fg0054","1","fg0054","fg0045","fg0700","fg0899","fg0146","fg0359","fg0930","fg0192","fg0296","fg0604","fg0897","fg0903","fg0963","fg0566","fg0106","fg0587","fg0358","fg0501","fg0567","fg0644"
"fq000247","vx_e06f5d7e70e30c02","fg0054","1","fg0054","fg0045","fg0700","fg0899","fg0146","fg0930","fg0359","fg0192","fg0296","fg0106","fg0604","fg0566","fg0587","fg0903","fg0963","fg0768","fg0501","fg0897","fg0358","fg0440"
"fq000248","vx_e06f5d7e70e30c02","fg0054","1","fg0054","fg0045","fg0700","fg0899","fg0146","fg0930","fg0359","fg0192","fg0296","fg0106","fg0604","fg0903","fg0897","fg0566","fg0587","fg0358","fg0801","fg0118","fg0931","fg0963"
"fq000249","vx_e06f5d7e70e30c02","fg0054","1","fg0054","fg0045","fg0700","fg0899","fg0146","fg0359","fg0192","fg0930","fg0296","fg0897","fg0106","fg0566","fg0604","fg0768","fg0963","fg0501","fg0644","fg0931","fg0358","fg0883"
"fq000250","vx_e06f5d7e70e30c02","fg0054","1","fg0054","fg0045","fg0700","fg0899","fg0146","fg0359","fg0930","fg0192","fg0296","fg0604","fg0903","fg0897","fg0566","fg0963","fg0106","fg0358","fg0587","fg0501","fg0883","fg0453"
"fq000251","vx_e06f5d7e70e30c02","fg0054","1","fg0054","fg0045","fg0700","fg0899","fg0146","fg0359","fg0930","fg0192","fg0296","fg0106","fg0604","fg0897","fg0903","fg0566","fg0587","fg0963","fg0358","fg0931","fg0883","fg0501"
"fq000252","vx_0fb9e0727ad2c6d6","fg0055","1","fg0055","fg0841","fg0894","fg0467","fg0622","fg0666","fg0249","fg0695","fg0984","fg0909","fg0771","fg0829","fg0964","fg0380","fg0864","fg0403","fg0026","fg0184","fg0207","fg0143"
"fq000253","vx_efdf3fa59bf5f4ec","fg0056","1","fg0056","fg0665","fg0800","fg0844","fg0880","fg0759","fg0460","fg0576","fg0823","fg0610","fg0283","fg0825","fg0271","fg0112","fg0628","fg0548","fg0660","fg0549","fg0836","fg0845"
"fq000254","vx_12b3b3af815b7c44","fg0057","1","fg0057","fg0832","fg0563","fg0630","fg0477","fg0974","fg0392","fg0354","fg0664","fg0799","fg0677","fg0940","fg0614","fg0129","fg0574","fg0387","fg0302","fg0036","fg0438","fg0896"
"fq000255","vx_6dd7e938a7ac423c","fg0058","1","fg0058","fg0149","fg0837","fg0745","fg0375","fg0161","fg0923","fg0911","fg0094","fg0392","fg0239","fg0297","fg0202","fg0303","fg0518","fg0069","fg0473","fg0600","fg0315","fg0784"
"fq000256","vx_6dd7e938a7ac423c","fg0058","1","fg0058","fg0149","fg0837","fg0375","fg0745","fg0923","fg0161","fg0911","fg0094","fg0392","fg0239","fg0303","fg0518","fg0202","fg0297","fg0473","fg0718","fg0661","fg0850","fg0014"
"fq000257","vx_6dd7e938a7ac423c","fg0058","1","fg0058","fg0149","fg0837","fg0923","fg0375","fg0745","fg0161","fg0911","fg0094","fg0239","fg0392","fg0297","fg0518","fg0303","fg0014","fg0473","fg0361","fg0661","fg0315","fg0011"
"fq000258","vx_6dd7e938a7ac423c","fg0058","1","fg0058","fg0149","fg0837","fg0375","fg0923","fg0745","fg0161","fg0911","fg0094","fg0392","fg0239","fg0518","fg0303","fg0297","fg0014","fg0473","fg0784","fg0850","fg0661","fg0835"
"fq000259","vx_6dd7e938a7ac423c","fg0058","1","fg0058","fg0149","fg0837","fg0375","fg0923","fg0745","fg0161","fg0911","fg0392","fg0094","fg0239","fg0518","fg0303","fg0297","fg0014","fg0784","fg0835","fg0850","fg0315","fg0361"
"fq000260","vx_6dd7e938a7ac423c","fg0058","1","fg0058","fg0149","fg0837","fg0375","fg0745","fg0161","fg0923","fg0911","fg0094","fg0392","fg0239","fg0518","fg0303","fg0297","fg0473","fg0850","fg0784","fg0014","fg0315","fg0661"
"fq000261","vx_6dd7e938a7ac423c","fg0058","1","fg0058","fg0149","fg0837","fg0375","fg0745","fg0923","fg0161","fg0911","fg0094","fg0239","fg0392","fg0518","fg0303","fg0297","fg0014","fg0361","fg0315","fg0661","fg0784","fg0850"
"fq000262","vx_6dd7e938a7ac423c","fg0058","1","fg0058","fg0149","fg0837","fg0375","fg0923","fg0745","fg0161","fg0911","fg0094","fg0392","fg0518","fg0303","fg0239","fg0361","fg0297","fg0014","fg0850","fg0784","fg0661","fg0011"
"fq000263","vx_6dd7e938a7ac423c","fg0058","1","fg0058","fg0149","fg0837","fg0375","fg0923","fg0745","fg0161","fg0911","fg0239","fg0094","fg0392","fg0518","fg0303","fg0014","fg0297","fg0202","fg0835","fg0473","fg0784","fg0315"
"fq000264","vx_6dd7e938a7ac423c","fg0058","1","fg0058","fg0149","fg0923","fg0837","fg0161","fg0375","fg0745","fg0239","fg0094","fg0911","fg0297","fg0392","fg0202","fg0518","fg0735","fg0014","fg0561","fg0303","fg0315","fg0069"
"fq000265","vx_6dd7e938a7ac423c","fg0058","1","fg0058","fg0149","fg0837","fg0375","fg0923","fg0745","fg0161","fg0911","fg0094","fg0392","fg0239","fg0518","fg0303","fg0202","fg0297","fg0473","fg0850","fg0014","fg0940","fg0661"
"fq000266","vx_6dd7e938a7ac423c","fg0058","1","fg0058","fg0149","fg0837","fg0375","fg0923","fg0745","fg0161","fg0911","fg0392","fg0094","fg0518","fg0239","fg0303","fg0297","fg0014","fg0784","fg0473","fg0315","fg0850","fg0361"
"fq000267","vx_6dd7e938a7ac423c","fg0058","1","fg0058","fg0149","fg0837","fg0375","fg0745","fg0923","fg0161","fg0911","fg0094","fg0392","fg0239","fg0297","fg0518","fg0303","fg0473","fg0202","fg0014","fg0069","fg0361","fg0784"
"fq000268","vx_6dd7e938a7ac423c","fg0058","1","fg0058","fg0149","fg0837","fg0375","fg0923","fg0745","fg0161","fg0911","fg0094","fg0518","fg0303","fg0392","fg0297","fg0014","fg0146","fg0018","fg0216","fg0361","fg0239","fg0784"
"fq000269","vx_6dd7e938a7ac423c","fg0058","1","fg0058","fg0149","fg0837","fg0375","fg0745","fg0161","fg0923","fg0911","fg0094","fg0392","fg0518","fg0303","fg0239","fg0473","fg0297","fg0202","fg0850","fg0661","fg0784","fg0718"
"fq000270","vx_6dd7e938a7ac423c","fg0058","1","fg0058","fg0149","fg0837","fg0375","fg0745","fg0923","fg0161","fg0911","fg0094","fg0392","fg0518","fg0303","fg0202","fg0297","fg0473","fg0784","fg0850","fg0239","fg0014","fg0835"
"fq000271","vx_6dd7e938a7ac423c","fg0058","1","fg0058","fg0149","fg0837","fg0375","fg0923","fg0745","fg0161","fg0911","fg0094","fg0392","fg0303","fg0518","fg0239","fg0014","fg0361","fg0297","fg0850","fg0784","fg0716","fg0661"
"fq000272","vx_6dd7e938a7ac423c","fg0058","1","fg0058","fg0149","fg0837","fg0923","fg0375","fg0161","fg0745","fg0911","fg0239","fg0094","fg0392","fg0297","fg0518","fg0303","fg0014","fg0202","fg0361","fg0850","fg0011","fg0473"
"fq000273","vx_6dd7e938a7ac423c","fg0058","1","fg0058","fg0149","fg0837","fg0375","fg0923","fg0745","fg0161","fg0911","fg0094","fg0392","fg0518","fg0239","fg0303","fg0297","fg0014","fg0361","fg0850","fg0661","fg0011","fg0202"
"fq000274","vx_6dd7e938a7ac423c","fg0058","1","fg0058","fg0149","fg0837","fg0375","fg0923","fg0745","fg0161","fg0911","fg0094","fg0392","fg0239","fg0518","fg0303","fg0297","fg0473","fg0014","fg0361","fg0784","fg0661","fg0202"
"fq000275","vx_6dd7e938a7ac423c","fg0058","1","fg0058","fg0149","fg0837","fg0375","fg0745","fg0161","fg0923","fg0911","fg0094","fg0392","fg0303","fg0518","fg0239","fg0069","fg0473","fg0297","fg0718","fg0202","fg0917","fg0480"
"fq000276","vx_6dd7e938a7ac423c","fg0058","1","fg0058","fg0149","fg0837","fg0375","fg0745","fg0923","fg0161","fg0911","fg0094","fg0392","fg0239","fg0518","fg0303","fg0297","fg0473","fg0202","fg0784","fg0718","fg0014","fg0850"
"fq000277","vx_6dd7e938a7ac423c","fg0058","1","fg0058","fg0149","fg0837","fg0375","fg0923","fg0745","fg0161","fg0911","fg0392","fg0094","fg0518","fg0303","fg0239","fg0014","fg0784","fg0297","fg0473","fg0202","fg0835","fg0361"
"fq000278","vx_3d3e6ff8eae3b800","fg0059","2","fg0942","fg0059","fg0025","fg0424","fg0907","fg0844","fg0100","fg0847","fg0279","fg0258","fg0909","fg0435","fg0159","fg0980","fg0648","fg0894","fg0334","fg0845","fg0342","fg0893"
"fq000279","vx_3d3e6ff8eae3b800","fg0059","2","fg0942","fg0059","fg0025","fg0907","fg0258","fg0279","fg0844","fg0424","fg0847","fg0909","fg0312","fg0334","fg0100","fg0106","fg0372","fg0435","fg0894","fg0980","fg0159","fg0475"
"fq000280","vx_3d3e6ff8eae3b800","fg0059","11","fg0942","fg0025","fg0258","fg0334","fg0435","fg0411","fg0975","fg0907","fg0167","fg0673","fg0059","fg0159","fg0039","fg0964","fg0588","fg0643","fg0412","fg0130","fg0106","fg0552"
"fq000281","vx_3d3e6ff8eae3b800","fg0059","1","fg0059","fg0942","fg0424","fg0100","fg0847","fg0844","fg0279","fg0797","fg0342","fg0909","fg0980","fg0648","fg0159","fg0025","fg0907","fg0168","fg0151","fg0863","fg0120","fg0258"
"fq000282","vx_5e66dddc13dfd640","fg0060","1","fg0060","fg0330","fg0414","fg0910","fg0682","fg0042","fg0780","fg0390","fg0239","fg0079","fg0540","fg0969","fg0336","fg0652","fg0597","fg0394","fg0478","fg0735","fg0010","fg0221"
"fq000283","vx_be21365851bd9590","fg0061","1","fg0061","fg0349","fg0082","fg0871","fg0177","fg0378","fg0067","fg0257","fg0764","fg0953","fg0211","fg0598","fg0606","fg0157","fg0963","fg0941","fg0639","fg0948","fg0936","fg0804"
"fq000284","vx_ab07adefb88a7166","fg0062","2","fg0087","fg0062","fg0370","fg0257","fg0478","fg0049","fg0985","fg0577","fg0017","fg0486","fg0724","fg0812","fg0119","fg0802","fg0564","fg0704","fg0839","fg0770","fg0534","fg0201"
"fq000285","vx_ab07adefb88a7166","fg0062","2","fg0087","fg0062","fg0370","fg0257","fg0478","fg0049","fg0985","fg0577","fg0017","fg0486","fg0724","fg0812","fg0119","fg0802","fg0564","fg0839","fg0534","fg0448","fg0819","fg0704"
"fq000286","vx_ab07adefb88a7166","fg0062","2","fg0087","fg0062","fg0370","fg0257","fg0478","fg0049","fg0985","fg0017","fg0577","fg0724","fg0486","fg0119","fg0812","fg0802","fg0448","fg0564","fg0770","fg0460","fg0315","fg0205"
"fq000287","vx_ab07adefb88a7166","fg0062","1","fg0062","fg0087","fg0370","fg0257","fg0478","fg0049","fg0985","fg0017","fg0577","fg0486","fg0119","fg0724","fg0812","fg0802","fg0564","fg0819","fg0839","fg0448","fg0534","fg0042"
"fq000288","vx_dd17759b61141f4f","fg0063","1","fg0063","fg0269","fg0598","fg0446","fg0425","fg0606","fg0809","fg0440","fg0932","fg0451","fg0193","fg0089","fg0398","fg0703","fg0395","fg0443","fg0469","fg0061","fg0307","fg0799"
"fq000289","vx_dd17759b61141f4f","fg0063","1","fg0063","fg0748","fg0198","fg0305","fg0446","fg0598","fg0809","fg0451","fg0269","fg0193","fg0395","fg0606","fg0173","fg0452","fg0492","fg0137","fg0550","fg0412","fg0326","fg0440"
"fq000290","vx_dd17759b61141f4f","fg0063","1","fg0063","fg0269","fg0446","fg0598","fg0932","fg0425","fg0809","fg0089","fg0469","fg0440","fg0606","fg0669","fg0703","fg0398","fg0443","fg0816","fg0550","fg0691","fg0519","fg0321"
"fq000291","vx_5a87b03022e36ffe","fg0064","1","fg0064","fg0874","fg0889","fg0187","fg0931","fg0140","fg0271","fg0783","fg0319","fg0169","fg0274","fg0764","fg0589","fg0226","fg0196","fg0144","fg0767","fg0421","fg0218","fg0825"
"fq000292","vx_c8d329b8d9a77d7f","fg0065","1","fg0065","fg0724","fg0390","fg0083","fg0473","fg0478","fg0911","fg0622","fg0263","fg0850","fg0166","fg0884","fg0716","fg0109","fg0696","fg0681","fg0574","fg0903","fg0016","fg0389"
"fq000293","vx_c8d329b8d9a77d7f","fg0065","1","fg0065","fg0724","fg0884","fg0574","fg0389","fg0333","fg0392","fg0622","fg0083","fg0390","fg0473","fg0719","fg0478","fg0166","fg0911","fg0326","fg0534","fg0756","fg0903","fg0016"
"fq000294","vx_c8d329b8d9a77d7f","fg0065","1","fg0065","fg0724","fg0390","fg0884","fg0574","fg0473","fg0083","fg0389","fg0333","fg0911","fg0622","fg0166","fg0478","fg0850","fg0903","fg0392","fg0696","fg0681","fg0263","fg0716"
"fq000295","vx_c8d329b8d9a77d7f","fg0065","1","fg0065","fg0724","fg0884","fg0574","fg0389","fg0333","fg0390","fg0473","fg0083","fg0622","fg0392","fg0166","fg0478","fg0911","fg0719","fg0850","fg0903","fg0255","fg0263","fg0716"
"fq000296","vx_c8d329b8d9a77d7f","fg0065","1","fg0065","fg0724","fg0884","fg0574","fg0389","fg0333","fg0390","fg0083","fg0473","fg0622","fg0392","fg0911","fg0478","fg0166","fg0903","fg0756","fg0850","fg0719","fg0109","fg0696"
"fq000297","vx_c8d329b8d9a77d7f","fg0065","1","fg0065","fg0724","fg0884","fg0390","fg0473","fg0574","fg0083","fg0389","fg0911","fg0333","fg0622","fg0478","fg0166","fg0850","fg0392","fg0903","fg0696","fg0109","fg0716","fg0263"
"fq000298","vx_c8d329b8d9a77d7f","fg0065","1","fg0065","fg0724","fg0884","fg0574","fg0389","fg0333","fg0390","fg0473","fg0083","fg0392","fg0622","fg0478","fg0166","fg0911","fg0719","fg0534","fg0756","fg0903","fg0255","fg0326"
"fq000299","vx_c8d329b8d9a77d7f","fg0065","1","fg0065","fg0724","fg0884","fg0574","fg0389","fg0390","fg0333","fg0622","fg0083","fg0473","fg0478","fg0911","fg0392","fg0016","fg0166","fg0719","fg0850","fg0109","fg0696","fg0903"
"fq000300","vx_c8d329b8d9a77d7f","fg0065","1","fg0065","fg0724","fg0884","fg0574","fg0389","fg0333","fg0390","fg0622","fg0473","fg0083","fg0478","fg0392","fg0911","fg0166","fg0903","fg0850","fg0719","fg0016","fg0109","fg0696"
"fq000301","vx_c8d329b8d9a77d7f","fg0065","1","fg0065","fg0724","fg0884","fg0574","fg0389","fg0333","fg0390","fg0392","fg0622","fg0083","fg0473","fg0166","fg0911","fg0478","fg0719","fg0903","fg0756","fg0682","fg0534","fg0850"
"fq000302","vx_c8d329b8d9a77d7f","fg0065","1","fg0065","fg0724","fg0884","fg0574","fg0389","fg0333","fg0392","fg0478","fg0622","fg0534","fg0083","fg0473","fg0390","fg0326","fg0719","fg0418","fg0911","fg0016","fg0458","fg0903"
"fq000303","vx_c8d329b8d9a77d7f","fg0065","1","fg0065","fg0724","fg0390","fg0473","fg0083","fg0478","fg0911","fg0166","fg0903","fg0681","fg0850","fg0696","fg0109","fg0458","fg0263","fg0716","fg0799","fg0233","fg0745","fg0088"
"fq000304","vx_c8d329b8d9a77d7f","fg0065","1","fg0065","fg0724","fg0884","fg0574","fg0389","fg0333","fg0390","fg0083","fg0473","fg0392","fg0622","fg0911","fg0478","fg0166","fg0903","fg0719","fg0850","fg0109","fg0696","fg0756"
"fq000305","vx_c8d329b8d9a77d7f","fg0065","1","fg0065","fg0724","fg0884","fg0574","fg0389","fg0333","fg0392","fg0622","fg0083","fg0473","fg0390","fg0478","fg0911","fg0166","fg0719","fg0534","fg0903","fg0326","fg0756","fg0850"
"fq000306","vx_c8d329b8d9a77d7f","fg0065","1","fg0065","fg0724","fg0390","fg0473","fg0884","fg0083","fg0574","fg0389","fg0911","fg0478","fg0166","fg0333","fg0622","fg0850","fg0903","fg0716","fg0263","fg0696","fg0392","fg0109"
"fq000307","vx_c8d329b8d9a77d7f","fg0065","1","fg0065","fg0724","fg0884","fg0574","fg0389","fg0333","fg0083","fg0390","fg0473","fg0622","fg0166","fg0911","fg0392","fg0903","fg0850","fg0756","fg0478","fg0233","fg0696","fg0813"
"fq000308","vx_c8d329b8d9a77d7f","fg0065","1","fg0065","fg0724","fg0574","fg0884","fg0389","fg0333","fg0392","fg0622","fg0390","fg0083","fg0473","fg0326","fg0478","fg0911","fg0719","fg0534","fg0850","fg0756","fg0166","fg0903"
"fq000309","vx_c8d329b8d9a77d7f","fg0065","1","fg0065","fg0724","fg0390","fg0884","fg0574","fg0083","fg0389","fg0473","fg0333","fg0166","fg0911","fg0392","fg0478","fg0850","fg0903","fg0622","fg0696","fg0255","fg0681","fg0263"
"fq000310","vx_c8d329b8d9a77d7f","fg0065","1","fg0065","fg0724","fg0884","fg0574","fg0389","fg0473","fg0333","fg0390","fg0083","fg0911","fg0622","fg0850","fg0392","fg0903","fg0716","fg0263","fg0166","fg0696","fg0478","fg0756"
"fq000311","vx_c8d329b8d9a77d7f","fg0065","1","fg0065","fg0724","fg0884","fg0574","fg0389","fg0390","fg0333","fg0083","fg0473","fg0166","fg0911","fg0622","fg0392","fg0478","fg0903","fg0850","fg0756","fg0716","fg0681","fg0696"
"fq000312","vx_c8d329b8d9a77d7f","fg0065","1","fg0065","fg0724","fg0884","fg0574","fg0389","fg0390","fg0333","fg0622","fg0473","fg0478","fg0083","fg0392","fg0911","fg0016","fg0534","fg0166","fg0903","fg0850","fg0109","fg0719"
"fq000313","vx_c8d329b8d9a77d7f","fg0065","1","fg0065","fg0724","fg0390","fg0884","fg0389","fg0574","fg0473","fg0083","fg0911","fg0333","fg0166","fg0478","fg0392","fg0622","fg0850","fg0903","fg0681","fg0696","fg0109","fg0233"
"fq000314","vx_c8d329b8d9a77d7f","fg0065","1","fg0065","fg0724","fg0390","fg0473","fg0083","fg0911","fg0166","fg0850","fg0884","fg0622","fg0478","fg0263","fg0681","fg0696","fg0574","fg0903","fg0716","fg0389","fg0333","fg0633"
"fq000315","vx_c8d329b8d9a77d7f","fg0065","1","fg0065","fg0724","fg0390","fg0884","fg0389","fg0574","fg0473","fg0083","fg0333","fg0166","fg0911","fg0478","fg0903","fg0392","fg0850","fg0622","fg0696","fg0716","fg0263","fg0681"
"fq000316","vx_c8d329b8d9a77d7f","fg0065","1","fg0065","fg0724","fg0390","fg0473","fg0083","fg0911","fg0478","fg0903","fg0850","fg0263","fg0166","fg0696","fg0716","fg0622","fg0109","fg0233","fg0255","fg0884","fg0633","fg0681"
"fq000317","vx_c8d329b8d9a77d7f","fg0065","1","fg0065","fg0724","fg0884","fg0574","fg0389","fg0390","fg0333","fg0473","fg0083","fg0622","fg0911","fg0392","fg0478","fg0166","fg0850","fg0903","fg0716","fg0109","fg0756","fg0263"
"fq000318","vx_c8d329b8d9a77d7f","fg0065","1","fg0065","fg0724","fg0884","fg0574","fg0389","fg0333","fg0390","fg0083","fg0473","fg0622","fg0392","fg0911","fg0478","fg0166","fg0850","fg0756","fg0903","fg0633","fg0255","fg0716"
"fq000319","vx_c8d329b8d9a77d7f","fg0065","1","fg0065","fg0724","fg0884","fg0574","fg0389","fg0333","fg0390","fg0083","fg0473","fg0392","fg0622","fg0911","fg0166","fg0478","fg0716","fg0903","fg0850","fg0719","fg0756","fg0263"
"fq000320","vx_c8d329b8d9a77d7f","fg0065","1","fg0065","fg0724","fg0884","fg0574","fg0389","fg0333","fg0083","fg0390","fg0473","fg0622","fg0392","fg0166","fg0911","fg0478","fg0719","fg0716","fg0903","fg0756","fg0850","fg0263"
"fq000321","vx_c8d329b8d9a77d7f","fg0065","1","fg0065","fg0724","fg0390","fg0473","fg0478","fg0911","fg0083","fg0850","fg0681","fg0903","fg0166","fg0109","fg0448","fg0696","fg0745","fg0248","fg0716","fg0263","fg0799","fg0084"
"fq000322","vx_c8d329b8d9a77d7f","fg0065","1","fg0065","fg0724","fg0884","fg0574","fg0389","fg0333","fg0392","fg0622","fg0083","fg0473","fg0478","fg0390","fg0911","fg0719","fg0534","fg0326","fg0850","fg0716","fg0756","fg0016"
"fq000323","vx_c8d329b8d9a77d7f","fg0065","1","fg0065","fg0724","fg0884","fg0390","fg0473","fg0574","fg0389","fg0083","fg0333","fg0911","fg0478","fg0166","fg0903","fg0622","fg0392","fg0716","fg0850","fg0255","fg0263","fg0696"
"fq000324","vx_c8d329b8d9a77d7f","fg0065","1","fg0065","fg0724","fg0390","fg0884","fg0473","fg0574","fg0389","fg0083","fg0911","fg0333","fg0478","fg0166","fg0903","fg0850","fg0622","fg0392","fg0716","fg0696","fg0263","fg0255"
"fq000325","vx_c8d329b8d9a77d7f","fg0065","1","fg0065","fg0724","fg0390","fg0473","fg0083","fg0911","fg0166","fg0478","fg0850","fg0903","fg0263","fg0884","fg0696","fg0716","fg0681","fg0389","fg0622","fg0574","fg0255","fg0109"
"fq000326","vx_c8d329b8d9a77d7f","fg0065","1","fg0065","fg0724","fg0884","fg0574","fg0389","fg0333","fg0392","fg0622","fg0083","fg0390","fg0473","fg0478","fg0166","fg0719","fg0326","fg0911","fg0534","fg0016","fg0756","fg0850"
"fq000327","vx_c8d329b8d9a77d7f","fg0065","1","fg0065","fg0724","fg0574","fg0884","fg0389","fg0333","fg0392","fg0478","fg0458","fg0326","fg0719","fg0534","fg0622","fg0123","fg0016","fg0473","fg0083","fg0390","fg0911","fg0756"
"fq000328","vx_c8d329b8d9a77d7f","fg0065","1","fg0065","fg0724","fg0884","fg0574","fg0389","fg0333","fg0478","fg0392","fg0622","fg0083","fg0390","fg0534","fg0473","fg0719","fg0016","fg0166","fg0326","fg0911","fg0109","fg0850"
"fq000329","vx_c8d329b8d9a77d7f","fg0065","1","fg0065","fg0724","fg0884","fg0574","fg0389","fg0390","fg0333","fg0083","fg0473","fg0166","fg0478","fg0911","fg0622","fg0392","fg0719","fg0903","fg0109","fg0850","fg0255","fg0696"
"fq000330","vx_c8d329b8d9a77d7f","fg0065","1","fg0065","fg0724","fg0390","fg0473","fg0911","fg0083","fg0478","fg0850","fg0903","fg0696","fg0622","fg0166","fg0681","fg0263","fg0716","fg0109","fg0233","fg0745","fg0884","fg0389"
"fq000331","vx_c8d329b8d9a77d7f","fg0065","1","fg0065","fg0724","fg0390","fg0083","fg0473","fg0263","fg0478","fg0166","fg0681","fg0716","fg0248","fg0911","fg0088","fg0903","fg0799","fg0016","fg0850","fg0233","fg0622","fg0109"
"fq000332","vx_c8d329b8d9a77d7f","fg0065","1","fg0065","fg0724","fg0390","fg0473","fg0083","fg0911","fg0478","fg0850","fg0166","fg0884","fg0263","fg0716","fg0574","fg0622","fg0389","fg0696","fg0681","fg0903","fg0109","fg0633"
"fq000333","vx_c8d329b8d9a77d7f","fg0065","1","fg0065","fg0724","fg0884","fg0574","fg0389","fg0333","fg0390","fg0473","fg0083","fg0622","fg0392","fg0911","fg0166","fg0478","fg0850","fg0903","fg0756","fg0719","fg0255","fg0109"
"fq000334","vx_c8d329b8d9a77d7f","fg0065","1","fg0065","fg0724","fg0390","fg0473","fg0083","fg0166","fg0911","fg0389","fg0478","fg0884","fg0903","fg0574","fg0850","fg0681","fg0696","fg0333","fg0716","fg0263","fg0392","fg0109"
"fq000335","vx_c8d329b8d9a77d7f","fg0065","1","fg0065","fg0724","fg0884","fg0574","fg0389","fg0390","fg0333","fg0083","fg0473","fg0166","fg0392","fg0478","fg0622","fg0911","fg0850","fg0903","fg0696","fg0719","fg0255","fg0756"
"fq000336","vx_c8d329b8d9a77d7f","fg0065","1","fg0065","fg0724","fg0884","fg0574","fg0389","fg0333","fg0083","fg0390","fg0473","fg0166","fg0622","fg0392","fg0719","fg0911","fg0756","fg0478","fg0903","fg0255","fg0534","fg0682"
"fq000337","vx_c8d329b8d9a77d7f","fg0065","1","fg0065","fg0724","fg0884","fg0574","fg0389","fg0333","fg0083","fg0473","fg0390","fg0392","fg0622","fg0911","fg0478","fg0166","fg0756","fg0534","fg0633","fg0903","fg0719","fg0850"
"fq000338","vx_c8d329b8d9a77d7f","fg0065","1","fg0065","fg0724","fg0884","fg0574","fg0389","fg0333","fg0390","fg0083","fg0473","fg0622","fg0478","fg0166","fg0392","fg0911","fg0850","fg0903","fg0719","fg0534","fg0109","fg0681"
"fq000339","vx_c8d329b8d9a77d7f","fg0065","1","fg0065","fg0724","fg0884","fg0574","fg0389","fg0333","fg0390","fg0473","fg0083","fg0622","fg0911","fg0392","fg0166","fg0478","fg0696","fg0850","fg0716","fg0903","fg0263","fg0756"
"fq000340","vx_c8d329b8d9a77d7f","fg0065","1","fg0065","fg0724","fg0884","fg0574","fg0389","fg0333","fg0390","fg0083","fg0473","fg0622","fg0911","fg0166","fg0392","fg0478","fg0850","fg0716","fg0756","fg0903","fg0109","fg0719"
"fq000341","vx_c8d329b8d9a77d7f","fg0065","1","fg0065","fg0574","fg0884","fg0389","fg0333","fg0392","fg0123","fg0326","fg0724","fg0719","fg0682","fg0293","fg0145","fg0458","fg0853","fg0534","fg0595","fg0275","fg0821","fg0758"
"fq000342","vx_c8d329b8d9a77d7f","fg0065","1","fg0065","fg0724","fg0884","fg0574","fg0389","fg0333","fg0390","fg0166","fg0083","fg0473","fg0622","fg0392","fg0911","fg0478","fg0850","fg0696","fg0903","fg0719","fg0681","fg0756"
"fq000343","vx_c8d329b8d9a77d7f","fg0065","1","fg0065","fg0724","fg0390","fg0473","fg0083","fg0478","fg0911","fg0850","fg0166","fg0681","fg0903","fg0263","fg0109","fg0696","fg0716","fg0248","fg0233","fg0622","fg0799","fg0255"
"fq000344","vx_c8d329b8d9a77d7f","fg0065","1","fg0065","fg0724","fg0390","fg0473","fg0083","fg0389","fg0884","fg0911","fg0166","fg0574","fg0478","fg0903","fg0850","fg0696","fg0333","fg0263","fg0716","fg0392","fg0681","fg0756"
"fq000345","vx_9a596b183b88f0ba","fg0066","1","fg0066","fg0851","fg0006","fg0578","fg0228","fg0575","fg0370","fg0140","fg0569","fg0018","fg0731","fg0527","fg0836","fg0772","fg0332","fg0301","fg0709","fg0595","fg0031","fg0411"
"fq000346","vx_9a596b183b88f0ba","fg0066","1","fg0066","fg0320","fg0886","fg0583","fg0595","fg0333","fg0508","fg0285","fg0779","fg0912","fg0389","fg0500","fg0758","fg0719","fg0111","fg0527","fg0182","fg0884","fg0127","fg0854"
"fq000347","vx_9a596b183b88f0ba","fg0066","6","fg0333","fg0884","fg0574","fg0389","fg0886","fg0066","fg0320","fg0583","fg0595","fg0392","fg0851","fg0720","fg0758","fg0719","fg0578","fg0182","fg0006","fg0140","fg0293","fg0228"
"fq000348","vx_64db29bf79573cc2","fg0067","1","fg0067","fg0131","fg0941","fg0957","fg0874","fg0007","fg0828","fg0177","fg0974","fg0872","fg0082","fg0061","fg0064","fg0594","fg0676","fg0407","fg0931","fg0080","fg0614","fg0195"
"fq000349","vx_64db29bf79573cc2","fg0067","1","fg0067","fg0131","fg0941","fg0177","fg0957","fg0874","fg0007","fg0828","fg0872","fg0974","fg0082","fg0064","fg0061","fg0639","fg0080","fg0676","fg0931","fg0407","fg0940","fg0594"
"fq000350","vx_64db29bf79573cc2","fg0067","1","fg0067","fg0131","fg0941","fg0177","fg0957","fg0874","fg0007","fg0872","fg0082","fg0828","fg0594","fg0974","fg0061","fg0931","fg0639","fg0804","fg0195","fg0080","fg0676","fg0064"
"fq000351","vx_64db29bf79573cc2","fg0067","1","fg0067","fg0131","fg0941","fg0957","fg0874","fg0177","fg0007","fg0828","fg0872","fg0974","fg0082","fg0061","fg0594","fg0064","fg0676","fg0407","fg0931","fg0639","fg0080","fg0940"
"fq000352","vx_64db29bf79573cc2","fg0067","1","fg0067","fg0131","fg0941","fg0874","fg0957","fg0177","fg0007","fg0828","fg0974","fg0872","fg0082","fg0061","fg0594","fg0080","fg0064","fg0931","fg0676","fg0639","fg0614","fg0804"
"fq000353","vx_64db29bf79573cc2","fg0067","1","fg0067","fg0131","fg0941","fg0957","fg0874","fg0177","fg0007","fg0828","fg0872","fg0974","fg0082","fg0061","fg0594","fg0676","fg0064","fg0407","fg0080","fg0931","fg0639","fg0614"
"fq000354","vx_64db29bf79573cc2","fg0067","1","fg0067","fg0131","fg0941","fg0957","fg0874","fg0007","fg0828","fg0177","fg0974","fg0872","fg0082","fg0061","fg0064","fg0594","fg0676","fg0407","fg0080","fg0931","fg0614","fg0195"
"fq000355","vx_64db29bf79573cc2","fg0067","1","fg0067","fg0131","fg0941","fg0957","fg0177","fg0828","fg0874","fg0007","fg0082","fg0872","fg0061","fg0974","fg0195","fg0594","fg0407","fg0080","fg0676","fg0064","fg0211","fg0639"
"fq000356","vx_e8629e0cef8d1ad1","fg0068","1","fg0068","fg0820","fg0154","fg0373","fg0547","fg0675","fg0084","fg0017","fg0119","fg0802","fg0385","fg0973","fg0300","fg0280","fg0591","fg0910","fg0129","fg0190","fg0605","fg0026"
"fq000357","vx_5d68590dff658b3c","fg0069","1","fg0069","fg0203","fg0276","fg0521","fg0405","fg0798","fg0152","fg0717","fg0840","fg0579","fg0127","fg0426","fg0570","fg0202","fg0125","fg0815","fg0176","fg0161","fg0413","fg0511"
"fq000358","vx_5d68590dff658b3c","fg0069","1","fg0069","fg0203","fg0276","fg0521","fg0798","fg0405","fg0152","fg0717","fg0579","fg0202","fg0127","fg0125","fg0840","fg0426","fg0815","fg0570","fg0414","fg0161","fg0297","fg0176"
"fq000359","vx_73e84c62615cf115","fg0070","1","fg0070","fg0510","fg0481","fg0908","fg0302","fg0100","fg0571","fg0326","fg0733","fg0539","fg0849","fg0470","fg0682","fg0415","fg0763","fg0739","fg0709","fg0576","fg0086","fg0372"
"fq000360","vx_73e84c62615cf115","fg0070","1","fg0070","fg0510","fg0481","fg0302","fg0908","fg0100","fg0571","fg0733","fg0539","fg0326","fg0682","fg0470","fg0415","fg0849","fg0576","fg0709","fg0086","fg0763","fg0739","fg0435"
"fq000361","vx_73e84c62615cf115","fg0070","1","fg0070","fg0510","fg0481","fg0302","fg0908","fg0100","fg0571","fg0733","fg0763","fg0739","fg0539","fg0326","fg0470","fg0849","fg0682","fg0415","fg0709","fg0086","fg0435","fg0372"
"fq000362","vx_73e84c62615cf115","fg0070","1","fg0070","fg0481","fg0510","fg0908","fg0302","fg0571","fg0539","fg0100","fg0733","fg0682","fg0415","fg0470","fg0849","fg0326","fg0435","fg0086","fg0372","fg0105","fg0709","fg0965"
"fq000363","vx_5bad01e92f5ce422","fg0071","1","fg0071","fg0588","fg0569","fg0682","fg0533","fg0885","fg0584","fg0490","fg0997","fg0159","fg0867","fg0936","fg0241","fg0778","fg0983","fg0270","fg0659","fg0298","fg0758","fg0641"
"fq000364","vx_5bad01e92f5ce422","fg0071","1","fg0071","fg0569","fg0588","fg0682","fg0533","fg0885","fg0867","fg0490","fg0159","fg0584","fg0997","fg0983","fg0108","fg0353","fg0042","fg0768","fg0241","fg0936","fg0641","fg0270"
"fq000365","vx_9c51cdf21b9bcc40","fg0072","1","fg0072","fg0680","fg0170","fg0951","fg0102","fg0410","fg0752","fg0731","fg0137","fg0357","fg0168","fg0154","fg0232","fg0844","fg0272","fg0432","fg0949","fg0707","fg0480","fg0798"
"fq000366","vx_9c51cdf21b9bcc40","fg0072","1","fg0072","fg0680","fg0170","fg0102","fg0951","fg0410","fg0731","fg0752","fg0357","fg0137","fg0168","fg0154","fg0844","fg0480","fg0232","fg0901","fg0099","fg0707","fg0949","fg0176"
"fq000367","vx_9c51cdf21b9bcc40","fg0072","1","fg0072","fg0680","fg0170","fg0951","fg0102","fg0731","fg0410","fg0137","fg0752","fg0168","fg0844","fg0232","fg0798","fg0540","fg0457","fg0272","fg0707","fg0432","fg0176","fg0180"
"fq000368","vx_9c51cdf21b9bcc40","fg0072","1","fg0072","fg0680","fg0170","fg0410","fg0357","fg0951","fg0752","fg0102","fg0731","fg0137","fg0480","fg0154","fg0901","fg0168","fg0844","fg0949","fg0232","fg0099","fg0707","fg0180"
"fq000369","vx_f08bc5a8ce5b48d6","fg0073","1","fg0073","fg0937","fg0568","fg0927","fg0846","fg0153","fg0404","fg0968","fg0857","fg0205","fg0202","fg0839","fg0388","fg0517","fg0230","fg0801","fg0503","fg0616","fg0463","fg0448"
"fq000370","vx_05e7b6f00cb33be9","fg0074","1","fg0074","fg0308","fg0806","fg0369","fg0212","fg0670","fg0611","fg0032","fg0794","fg0635","fg0800","fg0386","fg0866","fg0009","fg0101","fg0488","fg0582","fg0461","fg0077","fg0932"
"fq000371","vx_b6b3e47aa51b2371","fg0075","1","fg0075","fg0236","fg0225","fg0237","fg0189","fg0460","fg0309","fg0427","fg0486","fg0493","fg0600","fg0222","fg0799","fg0575","fg0478","fg0649","fg0041","fg0792","fg0812","fg0838"
"fq000372","vx_b6b3e47aa51b2371","fg0075","1","fg0075","fg0236","fg0225","fg0237","fg0189","fg0600","fg0486","fg0460","fg0309","fg0493","fg0799","fg0041","fg0168","fg0812","fg0649","fg0427","fg0222","fg0610","fg0478","fg0050"
"fq000373","vx_b6b3e47aa51b2371","fg0075","1","fg0075","fg0236","fg0225","fg0237","fg0189","fg0460","fg0894","fg0309","fg0427","fg0486","fg0799","fg0600","fg0493","fg0222","fg0409","fg0575","fg0041","fg0838","fg0478","fg0812"
"fq000374","vx_b6b3e47aa51b2371","fg0075","1","fg0075","fg0236","fg0237","fg0225","fg0189","fg0600","fg0041","fg0309","fg0792","fg0493","fg0460","fg0366","fg0050","fg0799","fg0486","fg0996","fg0838","fg0102","fg0546","fg0575"
"fq000375","vx_b6b3e47aa51b2371","fg0075","1","fg0075","fg0236","fg0225","fg0237","fg0189","fg0460","fg0309","fg0600","fg0486","fg0427","fg0041","fg0799","fg0493","fg0812","fg0222","fg0168","fg0050","fg0575","fg0478","fg0838"
"fq000376","vx_b6b3e47aa51b2371","fg0075","1","fg0075","fg0236","fg0225","fg0237","fg0189","fg0460","fg0309","fg0486","fg0493","fg0427","fg0600","fg0799","fg0649","fg0222","fg0478","fg0575","fg0812","fg0162","fg0041","fg0201"
"fq000377","vx_b6b3e47aa51b2371","fg0075","1","fg0075","fg0236","fg0225","fg0237","fg0189","fg0309","fg0649","fg0460","fg0486","fg0799","fg0575","fg0105","fg0168","fg0493","fg0600","fg0041","fg0427","fg0478","fg0894","fg0222"
"fq000378","vx_b6b3e47aa51b2371","fg0075","1","fg0075","fg0236","fg0225","fg0237","fg0189","fg0460","fg0309","fg0600","fg0041","fg0427","fg0493","fg0486","fg0799","fg0575","fg0222","fg0792","fg0838","fg0409","fg0050","fg0812"
"fq000379","vx_34db91f4c2e6d37a","fg0076","1","fg0076","fg0101","fg0719","fg0388","fg0986","fg0583","fg0704","fg0847","fg0372","fg0109","fg0705","fg0860","fg0311","fg0675","fg0582","fg0158","fg0614","fg0480","fg0617","fg0294"
"fq000380","vx_34db91f4c2e6d37a","fg0076","1","fg0076","fg0879","fg0090","fg0107","fg0020","fg0869","fg0052","fg0289","fg0530","fg0071","fg0408","fg0636","fg0485","fg0377","fg0101","fg0388","fg0449","fg0366","fg0309","fg0546"
"fq000381","vx_34db91f4c2e6d37a","fg0076","1","fg0076","fg0879","fg0020","fg0052","fg0090","fg0289","fg0107","fg0366","fg0869","fg0530","fg0422","fg0071","fg0485","fg0636","fg0309","fg0068","fg0546","fg0388","fg0399","fg0408"
"fq000382","vx_34db91f4c2e6d37a","fg0076","1","fg0076","fg0879","fg0020","fg0090","fg0052","fg0107","fg0869","fg0289","fg0530","fg0071","fg0366","fg0485","fg0636","fg0408","fg0546","fg0377","fg0309","fg0101","fg0449","fg0068"
"fq000383","vx_34db91f4c2e6d37a","fg0076","1","fg0076","fg0719","fg0101","fg0704","fg0705","fg0986","fg0388","fg0311","fg0583","fg0581","fg0614","fg0847","fg0632","fg0339","fg0617","fg0901","fg0480","fg0109","fg0591","fg0949"
"fq000384","vx_34db91f4c2e6d37a","fg0076","1","fg0076","fg0879","fg0020","fg0090","fg0052","fg0107","fg0869","fg0289","fg0071","fg0530","fg0636","fg0408","fg0366","fg0485","fg0309","fg0546","fg0248","fg0388","fg0377","fg0827"
"fq000385","vx_34db91f4c2e6d37a","fg0076","1","fg0076","fg0879","fg0020","fg0107","fg0090","fg0052","fg0869","fg0289","fg0530","fg0071","fg0408","fg0485","fg0636","fg0366","fg0309","fg0546","fg0827","fg0388","fg0615","fg0200"
"fq000386","vx_34db91f4c2e6d37a","fg0076","1","fg0076","fg0020","fg0879","fg0191","fg0869","fg0090","fg0107","fg0289","fg0530","fg0731","fg0569","fg0052","fg0328","fg0018","fg0934","fg0101","fg0366","fg0377","fg0590","fg0408"
"fq000387","vx_34db91f4c2e6d37a","fg0076","1","fg0076","fg0090","fg0107","fg0879","fg0020","fg0101","fg0869","fg0530","fg0052","fg0289","fg0388","fg0408","fg0372","fg0719","fg0071","fg0377","fg0636","fg0357","fg0449","fg0583"
"fq000388","vx_34db91f4c2e6d37a","fg0076","1","fg0076","fg0879","fg0020","fg0052","fg0289","fg0366","fg0485","fg0107","fg0090","fg0309","fg0869","fg0071","fg0546","fg0452","fg0636","fg0399","fg0530","fg0248","fg0408","fg0422"
"fq000389","vx_34db91f4c2e6d37a","fg0076","1","fg0076","fg0719","fg0101","fg0704","fg0311","fg0705","fg0583","fg0614","fg0372","fg0388","fg0258","fg0591","fg0581","fg0377","fg0986","fg0675","fg0632","fg0339","fg0617","fg0077"
"fq000390","vx_34db91f4c2e6d37a","fg0076","1","fg0076","fg0879","fg0020","fg0090","fg0107","fg0869","fg0052","fg0289","fg0101","fg0530","fg0071","fg0408","fg0366","fg0377","fg0388","fg0485","fg0636","fg0546","fg0719","fg0309"
"fq000391","vx_34db91f4c2e6d37a","fg0076","1","fg0076","fg0879","fg0052","fg0020","fg0289","fg0366","fg0090","fg0422","fg0485","fg0071","fg0546","fg0636","fg0309","fg0107","fg0869","fg0388","fg0399","fg0174","fg0452","fg0068"
"fq000392","vx_34db91f4c2e6d37a","fg0076","1","fg0076","fg0020","fg0530","fg0879","fg0107","fg0090","fg0869","fg0569","fg0191","fg0731","fg0289","fg0052","fg0934","fg0071","fg0328","fg0547","fg0540","fg0366","fg0018","fg0554"
"fq000393","vx_5a806020bbb23d67","fg0077","1","fg0077","fg0666","fg0705","fg0501","fg0810","fg0647","fg0455","fg0084","fg0591","fg0293","fg0632","fg0203","fg0806","fg0112","fg0777","fg0009","fg0951","fg0701","fg0377","fg0731"
"fq000394","vx_b5d3a8c5e187b980","fg0078","1","fg0078","fg0202","fg0016","fg0910","fg0249","fg0217","fg0390","fg0829","fg0317","fg0549","fg0622","fg0414","fg0173","fg0268","fg0722","fg0955","fg0197","fg0740","fg0663","fg0372"
"fq000395","vx_b5d3a8c5e187b980","fg0078","1","fg0078","fg0249","fg0202","fg0113","fg0197","fg0173","fg0317","fg0084","fg0910","fg0722","fg0825","fg0919","fg0889","fg0549","fg0854","fg0589","fg0622","fg0055","fg0469","fg0042"
"fq000396","vx_b5d3a8c5e187b980","fg0078","1","fg0078","fg0202","fg0910","fg0016","fg0249","fg0390","fg0453","fg0173","fg0624","fg0143","fg0317","fg0414","fg0622","fg0217","fg0829","fg0549","fg0268","fg0251","fg0310","fg0324"
"fq000397","vx_0e82dc4a2cee5420","fg0079","2","fg0969","fg0079","fg0336","fg0378","fg0060","fg0682","fg0910","fg0738","fg0114","fg0724","fg0426","fg0399","fg0307","fg0390","fg0904","fg0330","fg0965","fg0668","fg0247","fg0993"
"fq000398","vx_0e82dc4a2cee5420","fg0079","2","fg0969","fg0079","fg0336","fg0378","fg0060","fg0910","fg0738","fg0426","fg0682","fg0724","fg0948","fg0114","fg0965","fg0827","fg0399","fg0904","fg0307","fg0597","fg0993","fg0156"
"fq000399","vx_0e82dc4a2cee5420","fg0079","2","fg0969","fg0079","fg0336","fg0378","fg0060","fg0682","fg0738","fg0910","fg0426","fg0114","fg0724","fg0399","fg0307","fg0904","fg0597","fg0156","fg0965","fg0390","fg0827","fg0330"
"fq000400","vx_0e82dc4a2cee5420","fg0079","2","fg0969","fg0079","fg0336","fg0378","fg0060","fg0114","fg0910","fg0738","fg0682","fg0724","fg0426","fg0399","fg0390","fg0904","fg0597","fg0042","fg0307","fg0965","fg0330","fg0156"
"fq000401","vx_0e82dc4a2cee5420","fg0079","2","fg0969","fg0079","fg0336","fg0378","fg0060","fg0738","fg0682","fg0426","fg0910","fg0724","fg0114","fg0307","fg0904","fg0399","fg0965","fg0948","fg0993","fg0156","fg0330","fg0827"
"fq000402","vx_26e242d9ec2d1897","fg0080","1","fg0080","fg0601","fg0839","fg0462","fg0940","fg0791","fg0685","fg0049","fg0382","fg0564","fg0255","fg0018","fg0050","fg0067","fg0618","fg0626","fg0802","fg0166","fg0974","fg0882"
"fq000403","vx_26e242d9ec2d1897","fg0080","1","fg0080","fg0601","fg0839","fg0462","fg0791","fg0940","fg0685","fg0049","fg0382","fg0255","fg0067","fg0564","fg0050","fg0205","fg0626","fg0618","fg0833","fg0439","fg0974","fg0530"
"fq000404","vx_26e242d9ec2d1897","fg0080","1","fg0080","fg0601","fg0839","fg0462","fg0791","fg0049","fg0382","fg0940","fg0685","fg0255","fg0205","fg0618","fg0564","fg0802","fg0067","fg0626","fg0447","fg0508","fg0050","fg0547"
"fq000405","vx_26e242d9ec2d1897","fg0080","1","fg0080","fg0601","fg0839","fg0462","fg0791","fg0049","fg0940","fg0685","fg0382","fg0205","fg0352","fg0255","fg0050","fg0547","fg0564","fg0618","fg0067","fg0447","fg0216","fg0882"
"fq000406","vx_26e242d9ec2d1897","fg0080","1","fg0080","fg0601","fg0839","fg0462","fg0791","fg0940","fg0685","fg0382","fg0049","fg0255","fg0564","fg0205","fg0067","fg0618","fg0050","fg0547","fg0626","fg0017","fg0802","fg0882"
"fq000407","vx_26e242d9ec2d1897","fg0080","1","fg0080","fg0601","fg0839","fg0462","fg0791","fg0049","fg0940","fg0685","fg0382","fg0255","fg0205","fg0564","fg0067","fg0050","fg0618","fg0447","fg0974","fg0508","fg0882","fg0547"
"fq000408","vx_26e242d9ec2d1897","fg0080","1","fg0080","fg0601","fg0839","fg0462","fg0791","fg0940","fg0685","fg0352","fg0049","fg0191","fg0547","fg0050","fg0255","fg0382","fg0018","fg0166","fg0971","fg0564","fg0205","fg0855"
"fq000409","vx_26e242d9ec2d1897","fg0080","1","fg0080","fg0601","fg0839","fg0462","fg0049","fg0791","fg0940","fg0685","fg0382","fg0205","fg0255","fg0067","fg0564","fg0618","fg0050","fg0882","fg0626","fg0439","fg0018","fg0530"
"fq000410","vx_26e242d9ec2d1897","fg0080","1","fg0080","fg0601","fg0839","fg0462","fg0791","fg0940","fg0685","fg0382","fg0049","fg0255","fg0564","fg0050","fg0018","fg0067","fg0618","fg0205","fg0626","fg0872","fg0252","fg0166"
"fq000411","vx_26e242d9ec2d1897","fg0080","1","fg0080","fg0601","fg0839","fg0462","fg0791","fg0049","fg0685","fg0940","fg0205","fg0382","fg0255","fg0564","fg0067","fg0618","fg0050","fg0547","fg0530","fg0882","fg0802","fg0833"
"fq000412","vx_7f2b2bc2af4b2eaa","fg0081","1","fg0081","fg0359","fg0318","fg0899","fg0644","fg0274","fg0473","fg0897","fg0494","fg0919","fg0187","fg0975","fg0950","fg0850","fg0222","fg0931","fg0700","fg0253","fg0631","fg0595"
"fq000413","vx_7f2b2bc2af4b2eaa","fg0081","1","fg0081","fg0359","fg0318","fg0899","fg0644","fg0897","fg0700","fg0222","fg0253","fg0463","fg0931","fg0594","fg0919","fg0663","fg0671","fg0131","fg0146","fg0459","fg0517","fg0274"
"fq000414","vx_26d7005a01be9ad4","fg0082","1","fg0082","fg0852","fg0804","fg0177","fg0639","fg0978","fg0365","fg0685","fg0838","fg0061","fg0067","fg0941","fg0764","fg0131","fg0559","fg0129","fg0698","fg0716","fg0215","fg0015"
"fq000415","vx_9c6635cec8ccea45","fg0083","1","fg0083","fg0352","fg0881","fg0744","fg0383","fg0622","fg0902","fg0337","fg0623","fg0689","fg0252","fg0111","fg0065","fg0559","fg0450","fg0377","fg0778","fg0449","fg0071","fg0617"
"fq000416","vx_fde97f6260ab2b6e","fg0084","1","fg0084","fg0975","fg0233","fg0539","fg0656","fg0276","fg0726","fg0173","fg0068","fg0538","fg0595","fg0853","fg0042","fg0892","fg0950","fg0461","fg0081","fg0956","fg0437","fg0197"
"fq000417","vx_925cd2545ddebd5d","fg0085","1","fg0085","fg0507","fg0919","fg0007","fg0027","fg0046","fg0671","fg0633","fg0626","fg0194","fg0284","fg0214","fg0775","fg0873","fg0981","fg0883","fg0484","fg0722","fg0243","fg0567"
"fq000418","vx_b793adc39ba5832c","fg0086","1","fg0086","fg0129","fg0360","fg0423","fg0559","fg0365","fg0046","fg0722","fg0113","fg0880","fg0620","fg0527","fg0276","fg0117","fg0173","fg0649","fg0758","fg0960","fg0769","fg0435"
"fq000419","vx_b793adc39ba5832c","fg0086","1","fg0086","fg0173","fg0671","fg0129","fg0069","fg0769","fg0093","fg0279","fg0527","fg0365","fg0423","fg0113","fg0117","fg0722","fg0511","fg0360","fg0771","fg0159","fg0880","fg0276"
"fq000420","vx_b793adc39ba5832c","fg0086","1","fg0086","fg0129","fg0360","fg0423","fg0722","fg0173","fg0769","fg0965","fg0868","fg0276","fg0117","fg0735","fg0561","fg0105","fg0046","fg0527","fg0279","fg0239","fg0120","fg0069"
"fq000421","vx_b793adc39ba5832c","fg0086","1","fg0086","fg0069","fg0360","fg0129","fg0276","fg0423","fg0722","fg0521","fg0105","fg0173","fg0117","fg0046","fg0405","fg0203","fg0796","fg0374","fg0028","fg0253","fg0810","fg0539"
"fq000422","vx_b793adc39ba5832c","fg0086","2","fg0069","fg0086","fg0627","fg0276","fg0880","fg0511","fg0570","fg0847","fg0120","fg0796","fg0360","fg0129","fg0279","fg0521","fg0755","fg0048","fg0362","fg0099","fg1000","fg0823"
"fq000423","vx_b793adc39ba5832c","fg0086","1","fg0086","fg0069","fg0748","fg0305","fg0451","fg0055","fg0276","fg0760","fg0198","fg0173","fg0129","fg0452","fg0167","fg0137","fg0656","fg0360","fg0771","fg0492","fg0586","fg0487"
"fq000424","vx_b793adc39ba5832c","fg0086","1","fg0086","fg0069","fg0276","fg0129","fg0360","fg0203","fg0656","fg0722","fg0423","fg0218","fg0539","fg0955","fg0868","fg0675","fg0527","fg0769","fg0155","fg0117","fg0046","fg0740"
"fq000425","vx_b793adc39ba5832c","fg0086","2","fg0069","fg0086","fg0129","fg0276","fg0173","fg0360","fg0521","fg0511","fg0405","fg0203","fg0810","fg0435","fg0423","fg0413","fg0201","fg0117","fg0489","fg0722","fg0105","fg0127"
"fq000426","vx_b793adc39ba5832c","fg0086","1","fg0086","fg0129","fg0360","fg0423","fg0365","fg0559","fg0046","fg0130","fg0435","fg0117","fg0620","fg0276","fg0279","fg0722","fg0113","fg0880","fg0294","fg0489","fg0675","fg0173"
"fq000427","vx_b793adc39ba5832c","fg0086","2","fg0069","fg0086","fg0129","fg0276","fg0173","fg0360","fg0521","fg0511","fg0405","fg0203","fg0810","fg0435","fg0413","fg0201","fg0423","fg0489","fg0105","fg0815","fg0117","fg0127"
"fq000428","vx_b793adc39ba5832c","fg0086","7","fg0965","fg0539","fg0868","fg0559","fg0105","fg0769","fg0086","fg0435","fg0372","fg0481","fg0070","fg0588","fg0510","fg0673","fg0796","fg0294","fg0990","fg0365","fg0151","fg0052"
"fq000429","vx_b793adc39ba5832c","fg0086","1","fg0086","fg0129","fg0360","fg0423","fg0046","fg0276","fg0722","fg0735","fg0880","fg0239","fg0559","fg0527","fg0652","fg0253","fg0435","fg0810","fg0561","fg0069","fg0620","fg0130"
"fq000430","vx_b793adc39ba5832c","fg0086","1","fg0086","fg0360","fg0129","fg0423","fg0130","fg0539","fg0965","fg0722","fg0120","fg0620","fg0105","fg0046","fg0117","fg0276","fg0868","fg0796","fg0559","fg0294","fg0372","fg0028"
"fq000431","vx_b793adc39ba5832c","fg0086","1","fg0086","fg0360","fg0129","fg0423","fg0276","fg0069","fg0722","fg0046","fg0117","fg0527","fg0542","fg0253","fg0028","fg0521","fg0880","fg0279","fg0366","fg0489","fg0620","fg0796"
"fq000432","vx_b793adc39ba5832c","fg0086","1","fg0086","fg0360","fg0129","fg0069","fg0423","fg0722","fg0276","fg0046","fg0028","fg0521","fg0117","fg0253","fg0460","fg0778","fg0105","fg0542","fg0796","fg0239","fg0374","fg0489"
"fq000433","vx_b793adc39ba5832c","fg0086","1","fg0086","fg0129","fg0360","fg0423","fg0046","fg0276","fg0880","fg0722","fg0559","fg0527","fg0620","fg0117","fg0365","fg0279","fg0130","fg0890","fg0024","fg0120","fg0239","fg0364"
"fq000434","vx_b793adc39ba5832c","fg0086","1","fg0086","fg0360","fg0129","fg0423","fg0722","fg0046","fg0276","fg0253","fg0796","fg0069","fg0965","fg0527","fg0028","fg0880","fg0539","fg0460","fg0778","fg0735","fg0120","fg0542"
"fq000435","vx_b793adc39ba5832c","fg0086","1","fg0086","fg0129","fg0120","fg0360","fg0423","fg0880","fg0130","fg0620","fg0279","fg0559","fg0276","fg0965","fg0796","fg0117","fg0823","fg0435","fg0513","fg0046","fg0577","fg0539"
"fq000436","vx_b793adc39ba5832c","fg0086","1","fg0086","fg0360","fg0129","fg0423","fg0046","fg0722","fg0276","fg0117","fg0489","fg0620","fg0279","fg0028","fg0253","fg0130","fg0681","fg0435","fg0892","fg0521","fg0527","fg0723"
"fq000437","vx_b793adc39ba5832c","fg0086","1","fg0086","fg0129","fg0360","fg0423","fg0722","fg0173","fg0279","fg0868","fg0130","fg0769","fg0620","fg0965","fg0276","fg0093","fg0046","fg0735","fg0117","fg0259","fg0671","fg0561"
"fq000438","vx_b793adc39ba5832c","fg0086","1","fg0086","fg0360","fg0129","fg0423","fg0276","fg0046","fg0722","fg0965","fg0117","fg0880","fg0069","fg0120","fg0542","fg0527","fg0559","fg0279","fg0253","fg0105","fg0539","fg0735"
"fq000439","vx_b793adc39ba5832c","fg0086","1","fg0086","fg0129","fg0360","fg0423","fg0722","fg0046","fg0620","fg0880","fg0117","fg0279","fg0130","fg0276","fg0173","fg0253","fg0890","fg0259","fg0527","fg0559","fg0120","fg0169"
"fq000440","vx_ec45594c19d7728c","fg0087","1","fg0087","fg0062","fg0370","fg0257","fg0478","fg0049","fg0985","fg0017","fg0577","fg0486","fg0724","fg0119","fg0812","fg0802","fg0564","fg0704","fg0839","fg0016","fg0534","fg0819"
"fq000441","vx_ec45594c19d7728c","fg0087","1","fg0087","fg0062","fg0370","fg0257","fg0478","fg0049","fg0985","fg0577","fg0017","fg0486","fg0812","fg0119","fg0201","fg0704","fg0724","fg0259","fg0802","fg0839","fg0564","fg0448"
"fq000442","vx_127a67a63bdbf60e","fg0088","1","fg0088","fg0442","fg0230","fg0653","fg0634","fg0453","fg0801","fg0929","fg0077","fg0921","fg0248","fg0986","fg0377","fg0108","fg0498","fg0219","fg0860","fg0589","fg0946","fg0250"
"fq000443","vx_352c9a6f701b6bcd","fg0089","1","fg0089","fg0425","fg0446","fg0063","fg0892","fg0586","fg0443","fg0746","fg0887","fg0014","fg0009","fg0670","fg0794","fg0434","fg0711","fg0242","fg0582","fg0761","fg0862","fg0550"
"fq000444","vx_352c9a6f701b6bcd","fg0089","1","fg0089","fg0425","fg0063","fg0446","fg0892","fg0586","fg0443","fg0009","fg0746","fg0887","fg0014","fg0670","fg0550","fg0794","fg0172","fg0310","fg0711","fg0434","fg0582","fg0750"
"fq000445","vx_352c9a6f701b6bcd","fg0089","1","fg0089","fg0425","fg0446","fg0063","fg0892","fg0586","fg0887","fg0794","fg0670","fg0746","fg0443","fg0009","fg0014","fg0242","fg0862","fg0554","fg0037","fg0795","fg0434","fg0756"
"fq000446","vx_352c9a6f701b6bcd","fg0089","1","fg0089","fg0425","fg0446","fg0063","fg0892","fg0586","fg0794","fg0670","fg0009","fg0443","fg0037","fg0242","fg0554","fg0746","fg0756","fg0526","fg0761","fg0864","fg0482","fg0818"
"fq000447","vx_352c9a6f701b6bcd","fg0089","1","fg0089","fg0425","fg0446","fg0063","fg0892","fg0586","fg0443","fg0670","fg0794","fg0746","fg0887","fg0242","fg0009","fg0037","fg0014","fg0582","fg0818","fg0761","fg0862","fg0756"
"fq000448","vx_352c9a6f701b6bcd","fg0089","1","fg0089","fg0425","fg0446","fg0063","fg0586","fg0892","fg0443","fg0009","fg0746","fg0794","fg0014","fg0670","fg0887","fg0761","fg0242","fg0037","fg0818","fg0554","fg0582","fg0220"
"fq000449","vx_95dddc8dddaa6062","fg0090","1","fg0090","fg0869","fg0103","fg0107","fg0367","fg0287","fg0530","fg0408","fg0227","fg0387","fg0209","fg0706","fg0076","fg0955","fg0745","fg0905","fg0222","fg0555","fg0939","fg0244"
"fq000450","vx_95dddc8dddaa6062","fg0090","1","fg0090","fg0869","fg0103","fg0107","fg0367","fg0287","fg0530","fg0408","fg0387","fg0227","fg0209","fg0706","fg0076","fg0955","fg0905","fg0222","fg0939","fg0745","fg0555","fg0796"
"fq000451","vx_95dddc8dddaa6062","fg0090","2","fg0869","fg0090","fg0107","fg0103","fg0367","fg0287","fg0530","fg0408","fg0955","fg0387","fg0227","fg0076","fg0706","fg0209","fg0745","fg0905","fg0222","fg0939","fg0868","fg0796"
"fq000452","vx_0bd36a795e62e4b6","fg0091","1","fg0091","fg0514","fg0044","fg0321","fg0979","fg0160","fg0127","fg0816","fg0326","fg0347","fg0775","fg0016","fg0030","fg0003","fg0856","fg0477","fg0174","fg0953","fg0871","fg0519"
"fq000453","vx_0bd36a795e62e4b6","fg0091","1","fg0091","fg0514","fg0044","fg0979","fg0321","fg0519","fg0972","fg0657","fg0505","fg0294","fg0326","fg0127","fg0816","fg0347","fg0160","fg0516","fg0953","fg0871","fg0669","fg0030"
"fq000454","vx_da7c5c4328e5d25f","fg0092","1","fg0092","fg0350","fg0625","fg0216","fg0796","fg0962","fg0909","fg0201","fg0127","fg0439","fg0457","fg0385","fg0362","fg0277","fg0995","fg0340","fg0616","fg0820","fg0959","fg0993"
"fq000455","vx_da7c5c4328e5d25f","fg0092","1","fg0092","fg0350","fg0201","fg0625","fg0478","fg0216","fg0909","fg0127","fg0049","fg0820","fg0796","fg0457","fg0087","fg0442","fg0453","fg0577","fg0277","fg0713","fg0966","fg0959"
"fq000456","vx_da7c5c4328e5d25f","fg0092","1","fg0092","fg0350","fg0201","fg0625","fg0478","fg0820","fg0216","fg0127","fg0909","fg0959","fg0796","fg0995","fg0962","fg0442","fg0049","fg0457","fg0453","fg0439","fg0577","fg0802"
"fq000457","vx_da7c5c4328e5d25f","fg0092","1","fg0092","fg0350","fg0625","fg0216","fg0201","fg0909","fg0796","fg0962","fg0127","fg0820","fg0439","fg0385","fg0995","fg0362","fg0457","fg0493","fg0277","fg0993","fg0959","fg0478"
"fq000458","vx_da7c5c4328e5d25f","fg0092","1","fg0092","fg0350","fg0625","fg0216","fg0796","fg0962","fg0909","fg0127","fg0820","fg0457","fg0385","fg0340","fg0201","fg0277","fg0995","fg0439","fg0993","fg0362","fg0453","fg0965"
"fq000459","vx_da7c5c4328e5d25f","fg0092","1","fg0092","fg0350","fg0625","fg0201","fg0216","fg0909","fg0796","fg0820","fg0962","fg0478","fg0385","fg0127","fg0457","fg0439","fg0959","fg0362","fg0277","fg0995","fg0993","fg0616"
"fq000460","vx_da7c5c4328e5d25f","fg0092","1","fg0092","fg0350","fg0625","fg0216","fg0201","fg0796","fg0909","fg0962","fg0820","fg0127","fg0385","fg0457","fg0439","fg0277","fg0362","fg0995","fg0959","fg0340","fg0478","fg0453"
"fq000461","vx_da7c5c4328e5d25f","fg0092","1","fg0092","fg0350","fg0625","fg0216","fg0184","fg0201","fg0909","fg0371","fg0967","fg0442","fg0995","fg0796","fg0962","fg0385","fg0496","fg0457","fg0576","fg0959","fg0439","fg0820"
"fq000462","vx_da7c5c4328e5d25f","fg0092","1","fg0092","fg0350","fg0201","fg0625","fg0478","fg0216","fg0909","fg0127","fg0453","fg0796","fg0820","fg0385","fg0966","fg0534","fg0962","fg0362","fg0371","fg0439","fg0442","fg0959"
"fq000463","vx_da7c5c4328e5d25f","fg0092","1","fg0092","fg0350","fg0201","fg0625","fg0442","fg0478","fg0371","fg0453","fg0967","fg0127","fg0909","fg0216","fg0049","fg0577","fg0457","fg0820","fg0995","fg0534","fg0277","fg0962"
"fq000464","vx_da7c5c4328e5d25f","fg0092","1","fg0092","fg0350","fg0625","fg0216","fg0962","fg0457","fg0796","fg0439","fg0909","fg0995","fg0201","fg0127","fg0362","fg0340","fg0277","fg0184","fg0833","fg0616","fg0385","fg0990"
"fq000465","vx_da7c5c4328e5d25f","fg0092","1","fg0092","fg0201","fg0478","fg0049","fg0704","fg0713","fg0577","fg0679","fg0909","fg0087","fg0350","fg0486","fg0453","fg0625","fg0966","fg0442","fg0812","fg0062","fg0534","fg0127"
"fq000466","vx_da7c5c4328e5d25f","fg0092","1","fg0092","fg0350","fg0625","fg0216","fg0962","fg0796","fg0909","fg0184","fg0439","fg0457","fg0340","fg0201","fg0993","fg0995","fg0616","fg0965","fg0362","fg0833","fg0127","fg0277"
"fq000467","vx_da7c5c4328e5d25f","fg0092","1","fg0092","fg0350","fg0625","fg0216","fg0201","fg0962","fg0796","fg0127","fg0457","fg0909","fg0439","fg0995","fg0959","fg0616","fg0277","fg0820","fg0478","fg0385","fg0442","fg0362"
"fq000468","vx_da7c5c4328e5d25f","fg0092","1","fg0092","fg0350","fg0625","fg0201","fg0216","fg0909","fg0796","fg0962","fg0385","fg0127","fg0959","fg0478","fg0820","fg0439","fg0995","fg0184","fg0457","fg0442","fg0277","fg0362"
"fq000469","vx_da7c5c4328e5d25f","fg0092","1","fg0092","fg0350","fg0625","fg0216","fg0962","fg0796","fg0457","fg0909","fg0362","fg0277","fg0340","fg0995","fg0439","fg0127","fg0993","fg0201","fg0766","fg0385","fg0833","fg0111"
"fq000470","vx_da7c5c4328e5d25f","fg0092","1","fg0092","fg0350","fg0625","fg0201","fg0216","fg0909","fg0796","fg0127","fg0385","fg0962","fg0478","fg0362","fg0371","fg0442","fg0439","fg0995","fg0453","fg0457","fg0277","fg0340"
"fq000471","vx_da7c5c4328e5d25f","fg0092","1","fg0092","fg0350","fg0201","fg0625","fg0478","fg0216","fg0127","fg0909","fg0453","fg0371","fg0442","fg0962","fg0959","fg0796","fg0995","fg0385","fg0439","fg0966","fg0457","fg0820"
"fq000472","vx_da7c5c4328e5d25f","fg0092","1","fg0092","fg0350","fg0625","fg0201","fg0216","fg0127","fg0962","fg0820","fg0995","fg0442","fg0439","fg0453","fg0796","fg0909","fg0959","fg0371","fg0478","fg0362","fg0385","fg0493"
"fq000473","vx_da7c5c4328e5d25f","fg0092","1","fg0092","fg0350","fg0625","fg0201","fg0216","fg0127","fg0796","fg0909","fg0478","fg0962","fg0820","fg0385","fg0362","fg0439","fg0453","fg0457","fg0995","fg0277","fg0959","fg0966"
"fq000474","vx_da7c5c4328e5d25f","fg0092","1","fg0092","fg0350","fg0625","fg0216","fg0962","fg0820","fg0796","fg0909","fg0457","fg0995","fg0340","fg0362","fg0127","fg0993","fg0442","fg0439","fg0371","fg0385","fg0967","fg0435"
"fq000475","vx_da7c5c4328e5d25f","fg0092","1","fg0092","fg0350","fg0625","fg0216","fg0962","fg0796","fg0201","fg0127","fg0439","fg0909","fg0385","fg0995","fg0457","fg0362","fg0820","fg0959","fg0340","fg0277","fg0616","fg0993"
"fq000476","vx_da7c5c4328e5d25f","fg0092","1","fg0092","fg0350","fg0625","fg0216","fg0796","fg0962","fg0457","fg0127","fg0201","fg0909","fg0820","fg0277","fg0995","fg0616","fg0439","fg0959","fg0362","fg0993","fg0385","fg0493"
"fq000477","vx_da7c5c4328e5d25f","fg0092","1","fg0092","fg0350","fg0625","fg0216","fg0201","fg0796","fg0962","fg0439","fg0995","fg0435","fg0457","fg0909","fg0820","fg0362","fg0959","fg0127","fg0340","fg0385","fg0442","fg0965"
"fq000478","vx_da7c5c4328e5d25f","fg0092","1","fg0092","fg0350","fg0625","fg0201","fg0216","fg0478","fg0127","fg0909","fg0453","fg0796","fg0962","fg0371","fg0439","fg0362","fg0385","fg0995","fg0442","fg0277","fg0128","fg0959"
"fq000479","vx_da7c5c4328e5d25f","fg0092","1","fg0092","fg0350","fg0625","fg0216","fg0796","fg0201","fg0184","fg0909","fg0962","fg0439","fg0385","fg0457","fg0442","fg0362","fg0127","fg0340","fg0995","fg0959","fg0277","fg0616"
"fq000480","vx_ec587044a2b060de","fg0093","1","fg0093","fg0210","fg0883","fg0365","fg0261","fg0105","fg0836","fg0522","fg0350","fg0800","fg0098","fg0372","fg0094","fg0211","fg0351","fg0129","fg0117","fg0720","fg0721","fg0323"
"fq000481","vx_e31c6b7e7f776fdd","fg0094","1","fg0094","fg0282","fg0747","fg0247","fg0843","fg0390","fg0624","fg0040","fg0060","fg0961","fg0101","fg0248","fg0149","fg0513","fg0746","fg0206","fg0837","fg0693","fg0375","fg0998"
"fq000482","vx_e31c6b7e7f776fdd","fg0094","1","fg0094","fg0040","fg0149","fg0800","fg0058","fg0324","fg0837","fg0745","fg0609","fg0101","fg0375","fg0673","fg0415","fg0248","fg0249","fg0872","fg0348","fg0202","fg0392","fg0799"
"fq000483","vx_e31c6b7e7f776fdd","fg0094","1","fg0094","fg0040","fg0149","fg0837","fg0058","fg0609","fg0800","fg0324","fg0375","fg0101","fg0745","fg0673","fg0249","fg0202","fg0348","fg0563","fg0911","fg0415","fg0093","fg0676"
"fq000484","vx_e31c6b7e7f776fdd","fg0094","1","fg0094","fg0040","fg0149","fg0872","fg0800","fg0058","fg0609","fg0837","fg0324","fg0101","fg0745","fg0392","fg0375","fg0249","fg0415","fg0093","fg0911","fg0676","fg0202","fg0348"
"fq000485","vx_df935a8d6ad22c60","fg0095","1","fg0095","fg0560","fg0826","fg0793","fg0327","fg0364","fg0647","fg0842","fg0148","fg0612","fg0668","fg0104","fg0551","fg0868","fg0948","fg0752","fg0060","fg0378","fg0133","fg0173"
"fq000486","vx_df935a8d6ad22c60","fg0095","1","fg0095","fg0560","fg0826","fg0793","fg0327","fg0364","fg0842","fg0647","fg0148","fg0612","fg0104","fg0668","fg0133","fg0752","fg0948","fg0551","fg0282","fg0060","fg0378","fg0770"
"fq000487","vx_01ef6551e839a78f","fg0096","1","fg0096","fg0788","fg0472","fg0429","fg0602","fg0686","fg0188","fg0629","fg0644","fg0700","fg0165","fg0897","fg0388","fg0204","fg0318","fg0480","fg0081","fg0224","fg0295","fg0503"
"fq000488","vx_01ef6551e839a78f","fg0096","1","fg0096","fg0472","fg0788","fg0429","fg0602","fg0686","fg0188","fg0629","fg0644","fg0700","fg0165","fg0897","fg0388","fg0204","fg0480","fg0318","fg0162","fg0633","fg0330","fg0081"
"fq000489","vx_01ef6551e839a78f","fg0096","15","fg0588","fg0224","fg0584","fg0195","fg0632","fg0907","fg0211","fg0334","fg0796","fg0844","fg0380","fg0750","fg0355","fg0838","fg0096","fg0159","fg0635","fg0936","fg0666","fg0755"
"fq000490","vx_01ef6551e839a78f","fg0096","1","fg0096","fg0788","fg0472","fg0429","fg0602","fg0686","fg0188","fg0629","fg0644","fg0165","fg0700","fg0897","fg0388","fg0318","fg0330","fg0081","fg0359","fg0224","fg0907","fg0480"
"fq000491","vx_01ef6551e839a78f","fg0096","24","fg0632","fg0635","fg0488","fg0224","fg0380","fg0584","fg0705","fg0355","fg0588","fg0666","fg0777","fg0417","fg0936","fg0907","fg0334","fg0195","fg0570","fg0975","fg0614","fg0357"
"fq000492","vx_50386a85b3a23bcf","fg0097","1","fg0097","fg0652","fg0239","fg0735","fg0561","fg0558","fg0739","fg0368","fg0763","fg0190","fg0315","fg0898","fg0134","fg0277","fg0251","fg0877","fg0693","fg0021","fg0014","fg0612"
"fq000493","vx_50386a85b3a23bcf","fg0097","1","fg0097","fg0652","fg0735","fg0239","fg0561","fg0739","fg0763","fg0558","fg0190","fg0134","fg0368","fg0315","fg0277","fg0898","fg0693","fg0877","fg0021","fg0540","fg0014","fg0570"
"fq000494","vx_50386a85b3a23bcf","fg0097","1","fg0097","fg0652","fg0239","fg0735","fg0561","fg0368","fg0558","fg0134","fg0739","fg0763","fg0251","fg0315","fg0277","fg0190","fg0898","fg0877","fg0976","fg0540","fg0316","fg0570"
"fq000495","vx_2802d1ebbde328f5","fg0098","1","fg0098","fg0587","fg0093","fg0590","fg0372","fg0975","fg0539","fg0196","fg0894","fg0984","fg0350","fg0211","fg0167","fg0191","fg0415","fg0642","fg0760","fg0892","fg0367","fg0276"
"fq000496","vx_2802d1ebbde328f5","fg0098","1","fg0098","fg0117","fg0984","fg0894","fg0258","fg0415","fg0531","fg0831","fg0460","fg0350","fg0334","fg0191","fg0372","fg0093","fg0211","fg0732","fg0138","fg0120","fg0409","fg0445"
"fq000497","vx_7b970cf5c4f4201e","fg0099","1","fg0099","fg0523","fg0687","fg0529","fg0958","fg0964","fg0162","fg0599","fg0555","fg0170","fg0961","fg0273","fg0299","fg0428","fg0595","fg0113","fg0280","fg0627","fg0674","fg0343"
"fq000498","vx_c1be73c36b6959a3","fg0100","1","fg0100","fg0059","fg0020","fg0942","fg0782","fg0556","fg0021","fg0510","fg0070","fg0481","fg0753","fg0024","fg0302","fg0830","fg0901","fg0489","fg0022","fg0920","fg0719","fg0845"
"fq000499","vx_c1be73c36b6959a3","fg0100","1","fg0100","fg0020","fg0059","fg0782","fg0942","fg0556","fg0021","fg0302","fg0510","fg0070","fg0481","fg0022","fg0489","fg0753","fg0024","fg0920","fg0954","fg0558","fg0325","fg0830"
"fq000500","vx_c1be73c36b6959a3","fg0100","1","fg0100","fg0059","fg0020","fg0942","fg0782","fg0510","fg0302","fg0830","fg0070","fg0901","fg0481","fg0753","fg0021","fg0556","fg0786","fg0949","fg0024","fg0022","fg0480","fg0954"
"fq000501","vx_e2acb625cb43eb6e","fg0101","1","fg0101","fg0457","fg0909","fg0076","fg0372","fg0308","fg0074","fg0094","fg0582","fg0670","fg0387","fg0192","fg0328","fg0907","fg0480","fg0824","fg0111","fg0040","fg0369","fg0844"
"fq000502","vx_e2acb625cb43eb6e","fg0101","1","fg0101","fg0457","fg0076","fg0372","fg0909","fg0582","fg0670","fg0308","fg0328","fg0074","fg0387","fg0192","fg0094","fg0824","fg0844","fg0480","fg0907","fg0111","fg0549","fg0115"
"fq000503","vx_e2acb625cb43eb6e","fg0101","1","fg0101","fg0457","fg0076","fg0909","fg0372","fg0308","fg0582","fg0074","fg0670","fg0387","fg0192","fg0328","fg0094","fg0824","fg0480","fg0907","fg0844","fg0115","fg0111","fg0335"
"fq000504","vx_347305ed2e899c74","fg0102","1","fg0102","fg0170","fg0680","fg0583","fg0886","fg0072","fg0320","fg0454","fg0309","fg0336","fg0050","fg0140","fg0609","fg0758","fg0844","fg0992","fg0232","fg0746","fg0168","fg0410"
"fq000505","vx_347305ed2e899c74","fg0102","1","fg0102","fg0170","fg0680","fg0072","fg0886","fg0583","fg0454","fg0050","fg0309","fg0320","fg0844","fg0336","fg0232","fg0140","fg0168","fg0758","fg0410","fg0609","fg0752","fg0992"
"fq000506","vx_347305ed2e899c74","fg0102","1","fg0102","fg0170","fg0680","fg0072","fg0336","fg0050","fg0309","fg0454","fg0410","fg0886","fg0232","fg0583","fg0844","fg0752","fg0168","fg0140","fg0609","fg0746","fg0225","fg0320"
"fq000507","vx_347305ed2e899c74","fg0102","1","fg0102","fg0170","fg0680","fg0072","fg0583","fg0886","fg0454","fg0232","fg0050","fg0336","fg0320","fg0844","fg0309","fg0140","fg0410","fg0752","fg0758","fg0746","fg0168","fg0992"
"fq000508","vx_347305ed2e899c74","fg0102","1","fg0102","fg0170","fg0680","fg0072","fg0886","fg0320","fg0583","fg0454","fg0050","fg0844","fg0309","fg0336","fg0752","fg0232","fg0066","fg0140","fg0168","fg0758","fg0410","fg0867"
"fq000509","vx_6d1721510e99d518","fg0103","1","fg0103","fg0367","fg0287","fg0869","fg0090","fg0227","fg0387","fg0955","fg0209","fg0796","fg0706","fg0745","fg0880","fg0894","fg0582","fg0909","fg0821","fg0758","fg0675","fg0167"
"fq000510","vx_af5dd966603f9745","fg0104","1","fg0104","fg0538","fg0690","fg0640","fg0423","fg0612","fg0327","fg0442","fg0684","fg0994","fg0986","fg0574","fg0884","fg0095","fg0207","fg0179","fg0811","fg0392","fg0560","fg0647"
"fq000511","vx_697b617018111603","fg0105","1","fg0105","fg0230","fg0309","fg0998","fg0579","fg0004","fg0442","fg0344","fg0093","fg0638","fg0159","fg0270","fg0114","fg0570","fg0912","fg0853","fg0415","fg0409","fg0392","fg0734"
"fq000512","vx_5bf554f5524d0765","fg0106","1","fg0106","fg0025","fg0907","fg0279","fg0312","fg0258","fg0750","fg0170","fg0228","fg0385","fg0825","fg0339","fg0759","fg0145","fg0475","fg0594","fg0118","fg0566","fg0841","fg0223"
"fq000513","vx_6a919eddf8d64c1b","fg0107","1","fg0107","fg0090","fg0869","fg0530","fg0408","fg0076","fg0939","fg0026","fg0427","fg0244","fg0678","fg0604","fg0330","fg0265","fg0987","fg0412","fg0222","fg0758","fg0955","fg0448"
"fq000514","vx_6a919eddf8d64c1b","fg0107","1","fg0107","fg0090","fg0869","fg0530","fg0408","fg0076","fg0939","fg0026","fg0427","fg0678","fg0244","fg0265","fg0330","fg0758","fg0412","fg0604","fg0222","fg0955","fg0987","fg0243"
"fq000515","vx_6a919eddf8d64c1b","fg0107","1","fg0107","fg0090","fg0869","fg0530","fg0408","fg0076","fg0939","fg0026","fg0987","fg0427","fg0678","fg0222","fg0448","fg0412","fg0244","fg0604","fg0265","fg0965","fg0020","fg0330"
"fq000516","vx_6a919eddf8d64c1b","fg0107","1","fg0107","fg0090","fg0869","fg0530","fg0408","fg0076","fg0222","fg0987","fg0096","fg0427","fg0429","fg0965","fg0448","fg0301","fg0939","fg0330","fg0671","fg0604","fg0294","fg0435"
"fq000517","vx_6a919eddf8d64c1b","fg0107","1","fg0107","fg0090","fg0869","fg0530","fg0408","fg0076","fg0939","fg0987","fg0026","fg0965","fg0222","fg0427","fg0448","fg0412","fg0997","fg0604","fg0678","fg0265","fg0330","fg0020"
"fq000518","vx_6a919eddf8d64c1b","fg0107","1","fg0107","fg0090","fg0869","fg0530","fg0408","fg0076","fg0026","fg0939","fg0427","fg0678","fg0265","fg0448","fg0987","fg0222","fg0412","fg0330","fg0604","fg0244","fg0965","fg0020"
"fq000519","vx_6a919eddf8d64c1b","fg0107","1","fg0107","fg0090","fg0869","fg0530","fg0408","fg0939","fg0076","fg0026","fg0427","fg0244","fg0678","fg0758","fg0330","fg0955","fg0367","fg0243","fg0412","fg0604","fg0987","fg0265"
"fq000520","vx_6a919eddf8d64c1b","fg0107","1","fg0107","fg0090","fg0869","fg0530","fg0408","fg0939","fg0076","fg0026","fg0678","fg0731","fg0020","fg0569","fg0191","fg0540","fg0244","fg0332","fg0427","fg0987","fg0547","fg0590"
"fq000521","vx_6a919eddf8d64c1b","fg0107","1","fg0107","fg0090","fg0869","fg0530","fg0408","fg0076","fg0939","fg0026","fg0427","fg0678","fg0987","fg0244","fg0412","fg0448","fg0265","fg0758","fg0965","fg0604","fg0222","fg0955"
"fq000522","vx_6a919eddf8d64c1b","fg0107","1","fg0107","fg0090","fg0869","fg0530","fg0408","fg0939","fg0026","fg0076","fg0427","fg0244","fg0678","fg0758","fg0330","fg0955","fg0367","fg0243","fg0265","fg0412","fg0604","fg0987"
"fq000523","vx_6a919eddf8d64c1b","fg0107","1","fg0107","fg0090","fg0869","fg0530","fg0408","fg0939","fg0026","fg0076","fg0244","fg0678","fg0427","fg0758","fg0330","fg0955","fg0367","fg0243","fg0987","fg0412","fg0265","fg0604"
"fq000524","vx_4b117ce1eacd5e2f","fg0108","1","fg0108","fg0768","fg0687","fg0403","fg0523","fg0240","fg0529","fg0641","fg0099","fg0810","fg0721","fg0760","fg0159","fg0400","fg0729","fg0578","fg0906","fg0264","fg0703","fg0823"
"fq000525","vx_4b117ce1eacd5e2f","fg0108","1","fg0108","fg0768","fg0810","fg0403","fg0159","fg0729","fg0721","fg0240","fg0641","fg0214","fg0687","fg0760","fg0099","fg0088","fg0310","fg0751","fg0523","fg0889","fg0400","fg0823"
"fq000526","vx_4b117ce1eacd5e2f","fg0108","1","fg0108","fg0768","fg0403","fg0810","fg0641","fg0729","fg0240","fg0159","fg0721","fg0687","fg0400","fg0214","fg0760","fg0578","fg0589","fg0310","fg0264","fg0088","fg0529","fg0651"
"fq000527","vx_4b117ce1eacd5e2f","fg0108","1","fg0108","fg0768","fg0403","fg0810","fg0641","fg0729","fg0159","fg0400","fg0721","fg0760","fg0240","fg0578","fg0214","fg0589","fg0064","fg0180","fg0088","fg0610","fg0057","fg0605"
"fq000528","vx_4b117ce1eacd5e2f","fg0108","1","fg0108","fg0768","fg0687","fg0810","fg0523","fg0403","fg0641","fg0159","fg0529","fg0099","fg0721","fg0214","fg0240","fg0729","fg0310","fg0751","fg0428","fg0703","fg0088","fg0860"
"fq000529","vx_f65c60eee2815f2a","fg0109","1","fg0109","fg0132","fg0135","fg0165","fg0605","fg0281","fg0506","fg0593","fg0801","fg0425","fg0836","fg0065","fg0142","fg0552","fg0210","fg0925","fg0934","fg0585","fg0975","fg0887"
"fq000530","vx_f65c60eee2815f2a","fg0109","1","fg0109","fg0132","fg0135","fg0165","fg0605","fg0281","fg0171","fg0406","fg0506","fg0909","fg0142","fg0585","fg0975","fg0556","fg0576","fg0357","fg0036","fg0593","fg0150","fg0101"
"fq000531","vx_f65c60eee2815f2a","fg0109","1","fg0109","fg0132","fg0135","fg0165","fg0605","fg0281","fg0506","fg0585","fg0593","fg0975","fg0887","fg0836","fg0036","fg0065","fg0934","fg0552","fg0915","fg0210","fg0101","fg0488"
"fq000532","vx_f65c60eee2815f2a","fg0109","1","fg0109","fg0132","fg0135","fg0165","fg0605","fg0281","fg0506","fg0975","fg0934","fg0585","fg0593","fg0836","fg0552","fg0887","fg0036","fg0915","fg0801","fg0971","fg0556","fg0488"
"fq000533","vx_f65c60eee2815f2a","fg0109","1","fg0109","fg0132","fg0135","fg0165","fg0605","fg0281","fg0506","fg0975","fg0868","fg0585","fg0955","fg0934","fg0357","fg0836","fg0593","fg0887","fg0143","fg0173","fg0769","fg0101"
"fq000534","vx_f65c60eee2815f2a","fg0109","1","fg0109","fg0132","fg0135","fg0165","fg0605","fg0281","fg0506","fg0934","fg0593","fg0585","fg0975","fg0065","fg0406","fg0887","fg0836","fg0915","fg0971","fg0488","fg0556","fg0552"
"fq000535","vx_c592b26126205203","fg0110","1","fg0110","fg0720","fg0963","fg0553","fg0342","fg0533","fg0867","fg0683","fg0885","fg0569","fg0997","fg0758","fg0431","fg0583","fg0562","fg0287","fg0999","fg0516","fg0140","fg0886"
"fq000536","vx_c592b26126205203","fg0110","1","fg0110","fg0720","fg0963","fg0553","fg0342","fg0683","fg0431","fg0287","fg0562","fg0516","fg0999","fg0502","fg0787","fg0509","fg0311","fg0756","fg0697","fg0693","fg0115","fg0974"
"fq000537","vx_e2ba2fc6583e2a69","fg0111","1","fg0111","fg0285","fg0912","fg0286","fg0808","fg0387","fg0049","fg0233","fg0704","fg0348","fg0814","fg0841","fg0101","fg0328","fg0316","fg0679","fg0842","fg0773","fg0504","fg0675"
"fq000538","vx_e2ba2fc6583e2a69","fg0111","1","fg0111","fg0285","fg0912","fg0286","fg0808","fg0387","fg0233","fg0049","fg0348","fg0704","fg0814","fg0101","fg0134","fg0316","fg0215","fg0201","fg0976","fg0842","fg0841","fg0818"
"fq000539","vx_e2ba2fc6583e2a69","fg0111","1","fg0111","fg0285","fg0912","fg0286","fg0808","fg0387","fg0233","fg0049","fg0348","fg0704","fg0814","fg0841","fg0328","fg0101","fg0773","fg0316","fg0675","fg0293","fg0679","fg0353"
"fq000540","vx_35f8bb1b834bc06f","fg0112","1","fg0112","fg0548","fg0056","fg0759","fg0817","fg0414","fg0254","fg0809","fg0847","fg0647","fg0394","fg0522","fg0372","fg0800","fg0839","fg0451","fg0723","fg0590","fg0371","fg0278"
"fq000541","vx_988aab28acaec965","fg0113","1","fg0113","fg0068","fg0183","fg0007","fg0898","fg0284","fg0240","fg0870","fg0484","fg0043","fg0449","fg0197","fg0084","fg0300","fg0242","fg0387","fg0249","fg0675","fg0765","fg0017"
"fq000542","vx_988aab28acaec965","fg0113","1","fg0113","fg0769","fg0173","fg0868","fg0965","fg0671","fg0105","fg0660","fg0539","fg0841","fg0771","fg0353","fg0143","fg0722","fg0919","fg0284","fg0675","fg0435","fg0294","fg0084"
"fq000543","vx_988aab28acaec965","fg0113","1","fg0113","fg0183","fg0449","fg0898","fg0870","fg0240","fg0284","fg0484","fg0007","fg0660","fg0377","fg0357","fg0692","fg0854","fg0211","fg0334","fg0970","fg0767","fg0242","fg0197"
"fq000544","vx_988aab28acaec965","fg0113","1","fg0113","fg0898","fg0870","fg0242","fg0007","fg0249","fg0197","fg0300","fg0240","fg0183","fg0484","fg0449","fg0412","fg0970","fg0889","fg0765","fg0675","fg0284","fg0354","fg0064"
"fq000545","vx_988aab28acaec965","fg0113","1","fg0113","fg0068","fg0183","fg0898","fg0870","fg0769","fg0007","fg0173","fg0284","fg0043","fg0868","fg0240","fg0559","fg0195","fg0025","fg0675","fg0084","fg0017","fg0449","fg0242"
"fq000546","vx_318801137ffdefde","fg0114","1","fg0114","fg0718","fg0868","fg0198","fg0173","fg0961","fg0105","fg0529","fg0965","fg0769","fg0523","fg0559","fg0570","fg0028","fg0907","fg0906","fg0790","fg0211","fg0539","fg0513"
"fq000547","vx_318801137ffdefde","fg0114","535","fg0965","fg0868","fg0559","fg0539","fg0105","fg0769","fg0365","fg0086","fg0435","fg0771","fg0724","fg0990","fg0151","fg0294","fg0671","fg0673","fg0796","fg0372","fg0070","fg0481"
"fq000548","vx_318801137ffdefde","fg0114","1","fg0114","fg0718","fg0790","fg0390","fg0961","fg0969","fg0570","fg0198","fg0489","fg0079","fg0805","fg0624","fg0564","fg0860","fg0725","fg0255","fg0590","fg0782","fg0060","fg0350"
"fq000549","vx_318801137ffdefde","fg0114","1","fg0114","fg0718","fg0790","fg0805","fg0198","fg0969","fg0570","fg0029","fg0079","fg0834","fg0489","fg0590","fg0529","fg0725","fg0174","fg0961","fg0127","fg0624","fg0860","fg0187"
"fq000550","vx_318801137ffdefde","fg0114","1","fg0114","fg0790","fg0718","fg0198","fg0390","fg0624","fg0969","fg0961","fg0805","fg0570","fg0079","fg0725","fg0489","fg0029","fg0127","fg0834","fg0564","fg0255","fg0529","fg0240"
"fq000551","vx_318801137ffdefde","fg0114","1","fg0114","fg0718","fg0790","fg0570","fg0961","fg0969","fg0198","fg0390","fg0079","fg0805","fg0624","fg0529","fg0834","fg0725","fg0564","fg0029","fg0111","fg0860","fg0558","fg0060"
"fq000552","vx_318801137ffdefde","fg0114","1","fg0114","fg0718","fg0790","fg0805","fg0198","fg0570","fg0029","fg0969","fg0834","fg0060","fg0489","fg0590","fg0725","fg0390","fg0079","fg0860","fg0624","fg0174","fg0529","fg0961"
"fq000553","vx_318801137ffdefde","fg0114","1","fg0114","fg0718","fg0790","fg0570","fg0029","fg0969","fg0725","fg0198","fg0390","fg0961","fg0079","fg0624","fg0805","fg0590","fg0834","fg0174","fg0860","fg0255","fg0489","fg0564"
"fq000554","vx_318801137ffdefde","fg0114","1","fg0114","fg0718","fg0790","fg0570","fg0198","fg0489","fg0961","fg0725","fg0029","fg0906","fg0969","fg0590","fg0529","fg0860","fg0834","fg0079","fg0187","fg0032","fg0390","fg0499"
"fq000555","vx_318801137ffdefde","fg0114","1","fg0114","fg0718","fg0961","fg0570","fg0529","fg0198","fg0790","fg0028","fg0687","fg0489","fg0523","fg0178","fg0906","fg0099","fg0029","fg0499","fg0390","fg0127","fg0360","fg0860"
"fq000556","vx_318801137ffdefde","fg0114","32","fg0559","fg0868","fg0965","fg0055","fg0673","fg0769","fg0771","fg0159","fg0173","fg0113","fg0025","fg0539","fg0407","fg0854","fg0108","fg0889","fg0760","fg0249","fg0403","fg0748"
"fq000557","vx_318801137ffdefde","fg0114","1","fg0114","fg0718","fg0790","fg0198","fg0805","fg0570","fg0725","fg0390","fg0590","fg0834","fg0969","fg0079","fg0255","fg0624","fg0961","fg0564","fg0489","fg0782","fg0060","fg0029"
"fq000558","vx_318801137ffdefde","fg0114","1","fg0114","fg0718","fg0790","fg0805","fg0969","fg0198","fg0029","fg0725","fg0079","fg0570","fg0590","fg0834","fg0174","fg0624","fg0111","fg0652","fg0110","fg0558","fg0187","fg0060"
"fq000559","vx_318801137ffdefde","fg0114","1","fg0114","fg0790","fg0718","fg0060","fg0390","fg0969","fg0961","fg0805","fg0198","fg0624","fg0570","fg0079","fg0187","fg0564","fg0240","fg0725","fg0558","fg0834","fg0860","fg0489"
"fq000560","vx_318801137ffdefde","fg0114","1","fg0114","fg0718","fg0790","fg0198","fg0570","fg0805","fg0969","fg0961","fg0029","fg0725","fg0624","fg0079","fg0390","fg0834","fg0529","fg0187","fg0558","fg0590","fg0782","fg0060"
"fq000561","vx_318801137ffdefde","fg0114","1","fg0114","fg0718","fg0790","fg0570","fg0805","fg0060","fg0174","fg0834","fg0111","fg0029","fg0390","fg0652","fg0969","fg0240","fg0334","fg0624","fg0198","fg0590","fg0961","fg0741"
"fq000562","vx_318801137ffdefde","fg0114","1","fg0114","fg0790","fg0718","fg0570","fg0805","fg0969","fg0198","fg0961","fg0624","fg0390","fg0029","fg0060","fg0725","fg0079","fg0782","fg0558","fg0834","fg0111","fg0240","fg0187"
"fq000563","vx_318801137ffdefde","fg0114","1","fg0114","fg0718","fg0790","fg0198","fg0805","fg0390","fg0570","fg0725","fg0489","fg0969","fg0590","fg0624","fg0564","fg0111","fg0255","fg0834","fg0406","fg0961","fg0782","fg0060"
"fq000564","vx_318801137ffdefde","fg0114","1","fg0114","fg0790","fg0718","fg0805","fg0969","fg0570","fg0198","fg0079","fg0725","fg0624","fg0029","fg0961","fg0390","fg0558","fg0590","fg0187","fg0834","fg0782","fg0111","fg0564"
"fq000565","vx_318801137ffdefde","fg0114","1","fg0114","fg0718","fg0961","fg0390","fg0790","fg0570","fg0198","fg0906","fg0334","fg0060","fg0529","fg0687","fg0894","fg0624","fg0523","fg0499","fg0445","fg0055","fg0240","fg0029"
"fq000566","vx_318801137ffdefde","fg0114","1","fg0114","fg0718","fg0790","fg0805","fg0570","fg0055","fg0198","fg0961","fg0060","fg0652","fg0834","fg0390","fg0489","fg0160","fg0561","fg0240","fg0912","fg0111","fg0689","fg0321"
"fq000567","vx_318801137ffdefde","fg0114","1","fg0114","fg0718","fg0790","fg0782","fg0805","fg0590","fg0198","fg0969","fg0079","fg0624","fg0390","fg0570","fg0725","fg0860","fg0834","fg0187","fg0489","fg0029","fg0111","fg0564"
"fq000568","vx_318801137ffdefde","fg0114","1","fg0114","fg0790","fg0718","fg0961","fg0570","fg0390","fg0624","fg0969","fg0834","fg0079","fg0198","fg0029","fg0523","fg0590","fg0906","fg0293","fg0558","fg0725","fg0529","fg0920"
"fq000569","vx_3fe85769fe1c4fb2","fg0115","1","fg0115","fg0200","fg0418","fg0123","fg0534","fg0371","fg0145","fg0326","fg0663","fg0967","fg0554","fg0638","fg0134","fg0015","fg0586","fg0275","fg0001","fg0281","fg0549","fg0739"
"fq000570","vx_9ae40e91e7c2a053","fg0116","1","fg0116","fg0521","fg0923","fg0013","fg0420","fg0516","fg0414","fg0984","fg0397","fg0174","fg0611","fg0009","fg0599","fg0958","fg0711","fg0428","fg0965","fg0406","fg0536","fg0011"
"fq000571","vx_c3b7b7168d75cc30","fg0117","1","fg0117","fg0831","fg0191","fg0544","fg0841","fg0531","fg0279","fg0868","fg0184","fg0268","fg0409","fg0965","fg0235","fg0769","fg0418","fg0620","fg0865","fg0671","fg0173","fg0377"
"fq000572","vx_c3b7b7168d75cc30","fg0117","1","fg0117","fg0831","fg0191","fg0279","fg0169","fg0544","fg0841","fg0334","fg0258","fg0531","fg0889","fg0418","fg0865","fg0025","fg0728","fg0086","fg0184","fg0522","fg0140","fg0973"
"fq000573","vx_c3b7b7168d75cc30","fg0117","1","fg0117","fg0831","fg0191","fg0169","fg0544","fg0279","fg0841","fg0531","fg0258","fg0140","fg0184","fg0889","fg0418","fg0334","fg0865","fg0522","fg0728","fg0235","fg0409","fg0588"
"fq000574","vx_c3b7b7168d75cc30","fg0117","1","fg0117","fg0831","fg0191","fg0279","fg0169","fg0841","fg0544","fg0531","fg0334","fg0258","fg0728","fg0418","fg0588","fg0140","fg0025","fg0522","fg0184","fg0889","fg0847","fg0865"
"fq000575","vx_c3b7b7168d75cc30","fg0117","1","fg0117","fg0831","fg0191","fg0169","fg0279","fg0841","fg0544","fg0334","fg0258","fg0531","fg0594","fg0973","fg0588","fg0025","fg0418","fg0865","fg0086","fg0140","fg0522","fg0728"
"fq000576","vx_68c970997b6401be","fg0118","1","fg0118","fg0614","fg0933","fg0974","fg0284","fg0173","fg0930","fg0828","fg0007","fg0515","fg0477","fg0547","fg0322","fg0138","fg0708","fg0113","fg0817","fg0030","fg0785","fg0459"
"fq000577","vx_37d52652f8ebb6b5","fg0119","1","fg0119","fg0017","fg0315","fg0373","fg0802","fg0547","fg0316","fg0068","fg0820","fg0577","fg0976","fg0050","fg0971","fg0195","fg0591","fg0043","fg0087","fg0062","fg0828","fg0739"
"fq000578","vx_37d52652f8ebb6b5","fg0119","1","fg0119","fg0315","fg0017","fg0316","fg0976","fg0373","fg0802","fg0547","fg0050","fg0068","fg0820","fg0577","fg0195","fg0971","fg0043","fg0591","fg0087","fg0097","fg0572","fg0366"
"fq000579","vx_37d52652f8ebb6b5","fg0119","1","fg0119","fg0017","fg0315","fg0373","fg0802","fg0547","fg0820","fg0068","fg0976","fg0316","fg0577","fg0050","fg0971","fg0591","fg0087","fg0043","fg0195","fg0062","fg0739","fg0674"
"fq000580","vx_37d52652f8ebb6b5","fg0119","1","fg0119","fg0315","fg0017","fg0373","fg0802","fg0316","fg0976","fg0547","fg0050","fg0068","fg0820","fg0577","fg0971","fg0195","fg0043","fg0087","fg0828","fg0097","fg0739","fg0062"
"fq000581","vx_a6800b3c3771b7d8","fg0120","1","fg0120","fg0130","fg0613","fg0734","fg0894","fg0620","fg0847","fg0279","fg0875","fg0413","fg0542","fg0945","fg0570","fg0577","fg0086","fg0611","fg0853","fg0322","fg0474","fg0138"
"fq000582","vx_f94bb17e674a604c","fg0121","1","fg0121","fg0770","fg0894","fg0038","fg0040","fg0207","fg0445","fg0734","fg0681","fg0478","fg0564","fg0697","fg0998","fg0984","fg0327","fg0029","fg0612","fg0945","fg0336","fg0701"
"fq000583","vx_d159d701c316b6a0","fg0122","1","fg0122","fg0554","fg0967","fg0039","fg0023","fg0752","fg0445","fg0371","fg0184","fg0910","fg0453","fg0175","fg0620","fg0679","fg0815","fg0418","fg0606","fg0792","fg0544","fg0811"
"fq000584","vx_4f57dff99bda50bb","fg0123","1","fg0123","fg0275","fg0001","fg0503","fg0388","fg0884","fg0145","fg0574","fg0333","fg0389","fg0688","fg0042","fg0320","fg0758","fg0115","fg0392","fg0962","fg0595","fg0326","fg0197"
"fq000585","vx_3f3730b2fa76e0d3","fg0124","1","fg0124","fg0866","fg0436","fg0900","fg0632","fg0295","fg0501","fg0776","fg0918","fg0799","fg0210","fg0831","fg0705","fg0782","fg0328","fg0690","fg0581","fg0339","fg0961","fg0666"
"fq000586","vx_3f3730b2fa76e0d3","fg0124","1","fg0124","fg0866","fg0436","fg0782","fg0900","fg0022","fg0295","fg0776","fg0632","fg0918","fg0489","fg0860","fg0799","fg0581","fg0210","fg0009","fg0501","fg0961","fg0355","fg0174"
"fq000587","vx_3f3730b2fa76e0d3","fg0124","1","fg0124","fg0866","fg0436","fg0900","fg0632","fg0295","fg0501","fg0782","fg0799","fg0776","fg0918","fg0210","fg0705","fg0489","fg0581","fg0690","fg0339","fg0022","fg0961","fg0666"
"fq000588","vx_460ce5258428da09","fg0125","1","fg0125","fg0212","fg0105","fg0230","fg0026","fg0300","fg0866","fg0998","fg0436","fg0638","fg0106","fg0482","fg0134","fg0522","fg0413","fg0443","fg0769","fg0052","fg0868","fg0901"
"fq000589","vx_d2f04e6ce77e8e4a","fg0126","1","fg0126","fg0350","fg0594","fg0973","fg0014","fg0981","fg0591","fg0741","fg0542","fg0334","fg0317","fg0393","fg0117","fg0360","fg0416","fg0794","fg0142","fg0025","fg0625","fg0047"
"fq000590","vx_d2f04e6ce77e8e4a","fg0126","1","fg0126","fg0973","fg0350","fg0594","fg0025","fg0117","fg0334","fg0591","fg0258","fg0014","fg0910","fg0142","fg0552","fg0317","fg0984","fg0688","fg0393","fg0360","fg0508","fg0398"
"fq000591","vx_d2f04e6ce77e8e4a","fg0126","1","fg0126","fg0350","fg0594","fg0973","fg0014","fg0741","fg0360","fg0393","fg0981","fg0625","fg0542","fg0142","fg0317","fg0117","fg0591","fg0334","fg0516","fg0278","fg0548","fg0794"
"fq000592","vx_d2f04e6ce77e8e4a","fg0126","1","fg0126","fg0350","fg0594","fg0973","fg0014","fg0360","fg0542","fg0741","fg0142","fg0317","fg0625","fg0393","fg0117","fg0981","fg0028","fg0334","fg0516","fg0794","fg0591","fg0863"
"fq000593","vx_d2f04e6ce77e8e4a","fg0126","1","fg0126","fg0973","fg0350","fg0594","fg0014","fg0258","fg0741","fg0317","fg0117","fg0591","fg0025","fg0113","fg0334","fg0393","fg0542","fg0360","fg0981","fg0625","fg0197","fg0142"
"fq000594","vx_d2f04e6ce77e8e4a","fg0126","1","fg0126","fg0350","fg0594","fg0973","fg0025","fg0014","fg0741","fg0117","fg0393","fg0625","fg0591","fg0317","fg0360","fg0542","fg0981","fg0910","fg0334","fg0916","fg0794","fg0714"
"fq000595","vx_9eecd65b55db32ae","fg0127","1","fg0127","fg0508","fg0176","fg0513","fg0521","fg0499","fg0166","fg0333","fg0201","fg0389","fg0247","fg0994","fg0816","fg0017","fg0843","fg0028","fg0747","fg0137","fg0320","fg0069"
"fq000596","vx_9eecd65b55db32ae","fg0127","1","fg0127","fg0508","fg0176","fg0521","fg0513","fg0499","fg0333","fg0816","fg0389","fg0201","fg0166","fg0017","fg0994","fg0028","fg0320","fg0069","fg0137","fg0405","fg0247","fg0178"
"fq000597","vx_35e343a3fd25d697","fg0128","1","fg0128","fg0290","fg0484","fg0240","fg0689","fg0832","fg0649","fg0337","fg0453","fg0610","fg0623","fg0034","fg0995","fg0528","fg0201","fg0176","fg0993","fg0002","fg0009","fg0432"
"fq000598","vx_ad771921a5757645","fg0129","1","fg0129","fg0086","fg0360","fg0892","fg0154","fg0423","fg0046","fg0941","fg0722","fg0526","fg0365","fg0681","fg0028","fg0778","fg0460","fg0135","fg0600","fg0093","fg0563","fg0415"
"fq000599","vx_3745c84afa7faf89","fg0130","1","fg0130","fg0577","fg0734","fg0681","fg0496","fg0778","fg0620","fg0120","fg0588","fg0580","fg0847","fg0821","fg0723","fg0170","fg0041","fg0189","fg0584","fg0448","fg0267","fg0071"
"fq000600","vx_417e7106fae4ef09","fg0131","1","fg0131","fg0067","fg0941","fg0957","fg0874","fg0594","fg0931","fg0828","fg0536","fg0528","fg0989","fg0081","fg0177","fg0719","fg0007","fg0974","fg0542","fg0082","fg0893","fg0284"
"fq000601","vx_f94a2ae176eb44b0","fg0132","1","fg0132","fg0109","fg0605","fg0165","fg0932","fg0269","fg0135","fg0498","fg0250","fg0219","fg0887","fg0691","fg0975","fg0063","fg0934","fg0281","fg0469","fg0852","fg0764","fg0473"
"fq000602","vx_f94a2ae176eb44b0","fg0132","1","fg0132","fg0109","fg0165","fg0605","fg0932","fg0731","fg0691","fg0975","fg0135","fg0269","fg0887","fg0669","fg0469","fg0498","fg0063","fg0250","fg0418","fg0219","fg0865","fg0934"
"fq000603","vx_f94a2ae176eb44b0","fg0132","1","fg0132","fg0109","fg0165","fg0605","fg0135","fg0731","fg0934","fg0498","fg0250","fg0281","fg0219","fg0975","fg0506","fg0887","fg0552","fg0194","fg0585","fg0801","fg0321","fg0522"
"fq000604","vx_f94a2ae176eb44b0","fg0132","1","fg0132","fg0109","fg0605","fg0165","fg0731","fg0498","fg0250","fg0219","fg0932","fg0975","fg0135","fg0887","fg0934","fg0281","fg0418","fg0552","fg0469","fg0632","fg0321","fg0194"
"fq000605","vx_f94a2ae176eb44b0","fg0132","1","fg0132","fg0109","fg0165","fg0605","fg0135","fg0498","fg0250","fg0934","fg0281","fg0887","fg0219","fg0801","fg0506","fg0975","fg0552","fg0133","fg0522","fg0916","fg0576","fg0632"
"fq000606","vx_f94a2ae176eb44b0","fg0132","1","fg0132","fg0109","fg0165","fg0731","fg0605","fg0135","fg0552","fg0932","fg0887","fg0975","fg0498","fg0321","fg0469","fg0801","fg0250","fg0632","fg0418","fg0194","fg0385","fg0219"
"fq000607","vx_f94a2ae176eb44b0","fg0132","1","fg0132","fg0109","fg0165","fg0605","fg0135","fg0281","fg0887","fg0932","fg0801","fg0865","fg0498","fg0250","fg0934","fg0975","fg0731","fg0585","fg0219","fg0632","fg0321","fg0522"
"fq000608","vx_f94a2ae176eb44b0","fg0132","1","fg0132","fg0109","fg0165","fg0605","fg0135","fg0887","fg0281","fg0498","fg0250","fg0934","fg0801","fg0975","fg0219","fg0506","fg0865","fg0632","fg0585","fg0522","fg0576","fg0932"
"fq000609","vx_f94a2ae176eb44b0","fg0132","1","fg0132","fg0109","fg0165","fg0605","fg0135","fg0887","fg0281","fg0932","fg0975","fg0934","fg0731","fg0498","fg0250","fg0469","fg0219","fg0801","fg0865","fg0269","fg0691","fg0063"
"fq000610","vx_f94a2ae176eb44b0","fg0132","1","fg0132","fg0109","fg0165","fg0605","fg0691","fg0932","fg0135","fg0975","fg0669","fg0731","fg0887","fg0269","fg0469","fg0498","fg0281","fg0473","fg0250","fg0219","fg0063","fg0934"
"fq000611","vx_f94a2ae176eb44b0","fg0132","1","fg0132","fg0109","fg0165","fg0605","fg0135","fg0887","fg0975","fg0934","fg0932","fg0281","fg0498","fg0250","fg0219","fg0801","fg0691","fg0063","fg0269","fg0469","fg0632","fg0585"
"fq000612","vx_f94a2ae176eb44b0","fg0132","1","fg0132","fg0109","fg0605","fg0498","fg0219","fg0250","fg0975","fg0165","fg0934","fg0731","fg0932","fg0063","fg0135","fg0269","fg0809","fg0892","fg0197","fg0337","fg0852","fg0026"
"fq000613","vx_f94a2ae176eb44b0","fg0132","1","fg0132","fg0109","fg0605","fg0165","fg0135","fg0932","fg0975","fg0281","fg0887","fg0934","fg0498","fg0250","fg0219","fg0269","fg0801","fg0585","fg0731","fg0063","fg0691","fg0506"
"fq000614","vx_f94a2ae176eb44b0","fg0132","1","fg0132","fg0109","fg0691","fg0932","fg0669","fg0165","fg0911","fg0473","fg0269","fg0135","fg0605","fg0887","fg0469","fg0063","fg0975","fg0599","fg0642","fg0801","fg0934","fg0764"
"fq000615","vx_e3405a4986814a79","fg0133","1","fg0133","fg0552","fg0165","fg0925","fg0148","fg0801","fg0364","fg0612","fg0668","fg0327","fg0560","fg0321","fg0403","fg0826","fg0016","fg0793","fg0551","fg0095","fg0221","fg0701"
"fq000616","vx_66096d52b2e7fde4","fg0134","1","fg0134","fg0652","fg0097","fg0254","fg0125","fg0277","fg0375","fg0622","fg0743","fg0534","fg0837","fg0242","fg0149","fg0239","fg0391","fg0967","fg0561","fg0715","fg0920","fg0040"
"fq000617","vx_66096d52b2e7fde4","fg0134","1","fg0134","fg0652","fg0097","fg0254","fg0125","fg0375","fg0277","fg0837","fg0239","fg0149","fg0622","fg0534","fg0242","fg0391","fg0743","fg0920","fg0561","fg0735","fg0967","fg0040"
"fq000618","vx_66096d52b2e7fde4","fg0134","1","fg0134","fg0652","fg0254","fg0097","fg0125","fg0534","fg0375","fg0277","fg0743","fg0622","fg0837","fg0149","fg0242","fg0967","fg0239","fg0391","fg0115","fg0884","fg0040","fg0920"
"fq000619","vx_66096d52b2e7fde4","fg0134","1","fg0134","fg0652","fg0097","fg0254","fg0375","fg0125","fg0277","fg0837","fg0239","fg0149","fg0534","fg0622","fg0391","fg0743","fg0242","fg0920","fg0561","fg0967","fg0040","fg0715"
"fq000620","vx_66096d52b2e7fde4","fg0134","1","fg0134","fg0652","fg0097","fg0239","fg0277","fg0125","fg0254","fg0735","fg0561","fg0149","fg0375","fg0837","fg0242","fg0534","fg0391","fg0743","fg0622","fg0898","fg0920","fg0870"
"fq000621","vx_66096d52b2e7fde4","fg0134","1","fg0134","fg0652","fg0097","fg0242","fg0277","fg0125","fg0239","fg0622","fg0254","fg0534","fg0391","fg0375","fg0837","fg0743","fg0870","fg0149","fg0928","fg0898","fg0920","fg0967"
"fq000622","vx_66096d52b2e7fde4","fg0134","1","fg0134","fg0652","fg0097","fg0239","fg0277","fg0125","fg0254","fg0375","fg0837","fg0149","fg0242","fg0622","fg0391","fg0561","fg0735","fg0534","fg0743","fg0920","fg0928","fg0967"
"fq000623","vx_66096d52b2e7fde4","fg0134","1","fg0134","fg0652","fg0125","fg0254","fg0097","fg0277","fg0375","fg0837","fg0242","fg0534","fg0149","fg0743","fg0622","fg0391","fg0967","fg0920","fg0115","fg0715","fg0239","fg0750"
"fq000624","vx_66096d52b2e7fde4","fg0134","1","fg0134","fg0652","fg0097","fg0254","fg0239","fg0375","fg0277","fg0125","fg0534","fg0149","fg0837","fg0622","fg0743","fg0242","fg0391","fg0561","fg0735","fg0928","fg0040","fg0920"
"fq000625","vx_66096d52b2e7fde4","fg0134","1","fg0134","fg0652","fg0097","fg0254","fg0277","fg0125","fg0375","fg0239","fg0149","fg0837","fg0534","fg0242","fg0622","fg0743","fg0391","fg0967","fg0920","fg0561","fg0735","fg0040"
"fq000626","vx_66096d52b2e7fde4","fg0134","1","fg0134","fg0652","fg0097","fg0254","fg0239","fg0277","fg0375","fg0125","fg0622","fg0534","fg0149","fg0242","fg0837","fg0743","fg0391","fg0561","fg0967","fg0928","fg0920","fg0040"
"fq000627","vx_66096d52b2e7fde4","fg0134","1","fg0134","fg0652","fg0097","fg0125","fg0254","fg0375","fg0277","fg0837","fg0534","fg0242","fg0239","fg0149","fg0622","fg0391","fg0743","fg0967","fg0561","fg0920","fg0715","fg0115"
"fq000628","vx_66096d52b2e7fde4","fg0134","1","fg0134","fg0652","fg0097","fg0239","fg0277","fg0254","fg0125","fg0561","fg0242","fg0149","fg0375","fg0837","fg0743","fg0622","fg0534","fg0391","fg0735","fg0928","fg0898","fg0870"
"fq000629","vx_66096d52b2e7fde4","fg0134","1","fg0134","fg0652","fg0097","fg0125","fg0277","fg0375","fg0254","fg0239","fg0837","fg0743","fg0391","fg0534","fg0242","fg0149","fg0622","fg0920","fg0561","fg0967","fg0735","fg0040"
"fq000630","vx_66096d52b2e7fde4","fg0134","1","fg0134","fg0652","fg0097","fg0254","fg0239","fg0277","fg0125","fg0534","fg0375","fg0149","fg0837","fg0622","fg0743","fg0391","fg0967","fg0561","fg0735","fg0242","fg0040","fg0920"
"fq000631","vx_53e62b446f378bb2","fg0135","1","fg0135","fg0836","fg0132","fg0165","fg0593","fg0281","fg0109","fg0801","fg0984","fg0536","fg0542","fg0678","fg0317","fg0154","fg0129","fg0420","fg0360","fg0028","fg0489","fg0460"
"fq000632","vx_2e3dedb1b7f60a96","fg0136","1","fg0136","fg0946","fg0890","fg0259","fg0753","fg0024","fg0324","fg0908","fg0414","fg0716","fg0713","fg0315","fg0263","fg0100","fg0682","fg0935","fg0637","fg0202","fg0248","fg0950"
"fq000633","vx_2aebc8d6ce96b1da","fg0137","1","fg0137","fg0232","fg0951","fg0112","fg0540","fg0557","fg0372","fg0892","fg0975","fg0539","fg0195","fg0590","fg0098","fg0305","fg0595","fg0587","fg0917","fg0198","fg0656","fg0511"
"fq000634","vx_2aebc8d6ce96b1da","fg0137","1","fg0137","fg0232","fg0951","fg0540","fg0305","fg0198","fg0748","fg0613","fg0777","fg0187","fg0798","fg0072","fg0028","fg0710","fg0680","fg0178","fg0752","fg0112","fg0711","fg0766"
"fq000635","vx_2aebc8d6ce96b1da","fg0137","9","fg0656","fg0112","fg0539","fg0372","fg0892","fg0276","fg0975","fg0951","fg0137","fg0196","fg0590","fg0084","fg0098","fg0955","fg0557","fg0494","fg0964","fg0195","fg0984","fg0461"
"fq000636","vx_2aebc8d6ce96b1da","fg0137","1","fg0137","fg0232","fg0951","fg0540","fg0305","fg0198","fg0748","fg0798","fg0777","fg0613","fg0072","fg0112","fg0752","fg0680","fg0710","fg0028","fg0187","fg0667","fg0711","fg0178"
"fq000637","vx_2aebc8d6ce96b1da","fg0137","1","fg0137","fg0232","fg0951","fg0540","fg0305","fg0198","fg0748","fg0613","fg0798","fg0777","fg0072","fg0187","fg0028","fg0710","fg0112","fg0752","fg0680","fg0178","fg0638","fg0492"
"fq000638","vx_2aebc8d6ce96b1da","fg0137","1","fg0137","fg0232","fg0951","fg0540","fg0748","fg0305","fg0198","fg0613","fg0073","fg0777","fg0798","fg0846","fg0680","fg0187","fg0072","fg0927","fg0568","fg0710","fg0291","fg0752"
"fq000639","vx_2aebc8d6ce96b1da","fg0137","1","fg0137","fg0232","fg0951","fg0540","fg0198","fg0305","fg0748","fg0072","fg0613","fg0798","fg0112","fg0777","fg0680","fg0187","fg0752","fg0710","fg0028","fg0711","fg0667","fg0766"
"fq000640","vx_2aebc8d6ce96b1da","fg0137","1","fg0137","fg0372","fg0112","fg0539","fg0892","fg0557","fg0196","fg0975","fg0656","fg0098","fg0984","fg0587","fg0233","fg0964","fg0084","fg0951","fg0595","fg0642","fg0276","fg0271"
"fq000641","vx_e63723eb4c0733e2","fg0138","1","fg0138","fg0322","fg0945","fg0238","fg0391","fg0613","fg0211","fg0701","fg0612","fg0002","fg0907","fg0551","fg0445","fg0195","fg0480","fg0513","fg0327","fg0118","fg0862","fg0237"
"fq000642","vx_e63723eb4c0733e2","fg0138","1","fg0138","fg0322","fg0945","fg0238","fg0391","fg0613","fg0211","fg0701","fg0002","fg0612","fg0907","fg0445","fg0551","fg0327","fg0529","fg0513","fg0195","fg0118","fg0880","fg0056"
"fq000643","vx_e63723eb4c0733e2","fg0138","1","fg0138","fg0322","fg0945","fg0238","fg0391","fg0613","fg0211","fg0701","fg0002","fg0612","fg0907","fg0551","fg0445","fg0327","fg0513","fg0195","fg0529","fg0118","fg0870","fg0862"
"fq000644","vx_0953c9af79091679","fg0139","1","fg0139","fg0382","fg0601","fg0306","fg0462","fg0043","fg0825","fg0849","fg0929","fg0872","fg0839","fg0687","fg0442","fg0976","fg0372","fg0685","fg0303","fg0700","fg0900","fg0295"
"fq000645","vx_0953c9af79091679","fg0139","1","fg0139","fg0382","fg0306","fg0462","fg0601","fg0043","fg0825","fg0469","fg0849","fg0929","fg0687","fg0767","fg0105","fg0872","fg0374","fg0295","fg0372","fg0086","fg0241","fg0910"
"fq000646","vx_1821b86ebd069149","fg0140","1","fg0140","fg0876","fg0301","fg0031","fg0169","fg0779","fg0889","fg0867","fg0523","fg0529","fg0961","fg0381","fg0527","fg0687","fg0071","fg0873","fg0983","fg0822","fg0931","fg0500"
"fq000647","vx_261766aca4414bde","fg0141","1","fg0141","fg0332","fg0465","fg0586","fg0115","fg0347","fg0965","fg0971","fg0244","fg0868","fg0559","fg0539","fg0316","fg0116","fg0985","fg0516","fg0627","fg0928","fg0719","fg0564"
"fq000648","vx_261766aca4414bde","fg0141","1","fg0141","fg0332","fg0465","fg0115","fg0586","fg0965","fg0971","fg0347","fg0868","fg0559","fg0244","fg0719","fg0539","fg0985","fg0116","fg0371","fg0685","fg0316","fg0967","fg0564"
"fq000649","vx_ebb2de0709cd7eb7","fg0142","1","fg0142","fg0186","fg0037","fg0885","fg0548","fg0533","fg0723","fg0848","fg0166","fg0377","fg0221","fg0278","fg0272","fg0586","fg0449","fg0334","fg0839","fg0734","fg0475","fg0593"
"fq000650","vx_33f55f6a59d234fd","fg0143","1","fg0143","fg0015","fg0281","fg0702","fg0634","fg0268","fg0016","fg0924","fg0425","fg0467","fg0892","fg0819","fg0783","fg0418","fg0209","fg0818","fg0367","fg0258","fg0002","fg0767"
"fq000651","vx_0c6410cb0454f13c","fg0144","21","fg0626","fg0158","fg0227","fg0688","fg0681","fg0195","fg0985","fg0013","fg0167","fg0078","fg0898","fg0209","fg0892","fg0396","fg0046","fg0293","fg0080","fg0731","fg0101","fg0471"
"fq000652","vx_a445bf697ba3b405","fg0145","1","fg0145","fg0580","fg0123","fg0368","fg0333","fg0389","fg0884","fg0574","fg0106","fg0328","fg0719","fg0152","fg0853","fg0438","fg0821","fg0293","fg0346","fg0854","fg0275","fg0164"
"fq000653","vx_644922a6cac0eaa3","fg0146","1","fg0146","fg0700","fg0899","fg0054","fg0192","fg0045","fg0359","fg0604","fg0187","fg0825","fg0226","fg0106","fg0607","fg0064","fg0566","fg0764","fg0644","fg0889","fg0718","fg0296"
"fq000654","vx_1d06ff640db614a2","fg0147","1","fg0147","fg0260","fg0345","fg0573","fg0012","fg0490","fg0589","fg0175","fg0421","fg0505","fg0460","fg0922","fg0914","fg0657","fg0659","fg0323","fg0411","fg0858","fg0738","fg0626"
"fq000655","vx_1d06ff640db614a2","fg0147","1","fg0147","fg0260","fg0345","fg0573","fg0490","fg0012","fg0589","fg0175","fg0505","fg0421","fg0460","fg0657","fg0914","fg0922","fg0738","fg0858","fg0411","fg0659","fg0519","fg0323"
"fq000656","vx_1d06ff640db614a2","fg0147","1","fg0147","fg0260","fg0345","fg0573","fg0012","fg0490","fg0589","fg0175","fg0505","fg0421","fg0657","fg0460","fg0914","fg0411","fg0519","fg0972","fg0922","fg0669","fg0659","fg0416"
"fq000657","vx_e64610e600d286b4","fg0148","1","fg0148","fg0560","fg0826","fg0095","fg0793","fg0552","fg0327","fg0133","fg0364","fg0165","fg0647","fg0612","fg0668","fg0842","fg0801","fg0016","fg0302","fg0104","fg0593","fg0925"
"fq000658","vx_6930f5974dc39e27","fg0149","1","fg0149","fg0375","fg0837","fg0058","fg0745","fg0582","fg0094","fg0040","fg0386","fg0911","fg0134","fg0013","fg0928","fg0125","fg0202","fg0789","fg0940","fg0441","fg0716","fg0248"
"fq000659","vx_65563ad707adf8eb","fg0150","1","fg0150","fg0328","fg0760","fg0984","fg0191","fg0013","fg0728","fg0847","fg0831","fg0167","fg0345","fg0547","fg0413","fg0809","fg0146","fg0398","fg0569","fg0004","fg0861","fg0171"
"fq000660","vx_65563ad707adf8eb","fg0150","1","fg0150","fg0013","fg0171","fg0460","fg0159","fg0004","fg0496","fg0559","fg0847","fg0805","fg0584","fg0889","fg0280","fg0186","fg0824","fg0709","fg0010","fg0777","fg0197","fg0656"
"fq000661","vx_65563ad707adf8eb","fg0150","1","fg0150","fg0159","fg0460","fg0588","fg0013","fg0889","fg0171","fg0559","fg0584","fg0071","fg0464","fg0004","fg0195","fg0093","fg0010","fg0435","fg0709","fg0523","fg0805","fg0496"
"fq000662","vx_65563ad707adf8eb","fg0150","1","fg0150","fg0013","fg0171","fg0460","fg0496","fg0159","fg0004","fg0805","fg0280","fg0010","fg0883","fg0709","fg0847","fg0889","fg0279","fg0086","fg0195","fg0824","fg0777","fg0130"
"fq000663","vx_65563ad707adf8eb","fg0150","1","fg0150","fg0013","fg0460","fg0171","fg0559","fg0805","fg0004","fg0086","fg0159","fg0496","fg0280","fg0010","fg0709","fg0588","fg0529","fg0195","fg0279","fg0656","fg0117","fg0675"
"fq000664","vx_65563ad707adf8eb","fg0150","1","fg0150","fg0013","fg0171","fg0004","fg0805","fg0496","fg0010","fg0035","fg0280","fg0559","fg0086","fg0956","fg0794","fg0489","fg0847","fg0824","fg0724","fg0709","fg0195","fg0576"
"fq000665","vx_65563ad707adf8eb","fg0150","1","fg0150","fg0460","fg0159","fg0588","fg0889","fg0071","fg0584","fg0579","fg0659","fg0490","fg0559","fg0086","fg0464","fg0270","fg0569","fg0025","fg0533","fg0910","fg0867","fg0266"
"fq000666","vx_65563ad707adf8eb","fg0150","1","fg0150","fg0013","fg0004","fg0460","fg0559","fg0171","fg0086","fg0588","fg0496","fg0159","fg0847","fg0010","fg0117","fg0805","fg0280","fg0195","fg0656","fg0529","fg0687","fg0489"
"fq000667","vx_65563ad707adf8eb","fg0150","4","fg0159","fg0588","fg0071","fg0150","fg0889","fg0659","fg0460","fg0025","fg0539","fg0579","fg0464","fg0108","fg0490","fg0042","fg0584","fg0400","fg0086","fg0195","fg0105","fg0270"
"fq000668","vx_65563ad707adf8eb","fg0150","1","fg0150","fg0013","fg0004","fg0171","fg0847","fg0460","fg0010","fg0559","fg0496","fg0805","fg0086","fg0280","fg0195","fg0489","fg0783","fg0042","fg0956","fg0159","fg0271","fg0656"
"fq000669","vx_65563ad707adf8eb","fg0150","1","fg0150","fg0013","fg0171","fg0460","fg0004","fg0559","fg0496","fg0805","fg0280","fg0086","fg0010","fg0709","fg0529","fg0847","fg0159","fg0279","fg0956","fg0824","fg0035","fg0489"
"fq000670","vx_65563ad707adf8eb","fg0150","1","fg0150","fg0013","fg0171","fg0460","fg0159","fg0004","fg0588","fg0889","fg0533","fg0496","fg0997","fg0195","fg0805","fg0071","fg0010","fg0559","fg0584","fg0569","fg0885","fg0867"
"fq000671","vx_65563ad707adf8eb","fg0150","1","fg0150","fg0460","fg0013","fg0086","fg0159","fg0195","fg0588","fg0004","fg0071","fg0171","fg0847","fg0889","fg0496","fg0584","fg0656","fg0117","fg0042","fg0489","fg0805","fg0360"
"fq000672","vx_cf182a418d7ea780","fg0151","1","fg0151","fg0559","fg0894","fg0118","fg0424","fg0547","fg0965","fg0998","fg0590","fg0596","fg0453","fg0202","fg0717","fg0591","fg0724","fg0754","fg0086","fg0195","fg0594","fg0293"
"fq000673","vx_0143e9b1151caffd","fg0152","1","fg0152","fg0717","fg0414","fg0368","fg0060","fg0069","fg0470","fg0597","fg0145","fg0019","fg0042","fg0726","fg0865","fg0163","fg0336","fg0208","fg0056","fg0611","fg0422","fg0052"
"fq000674","vx_0143e9b1151caffd","fg0152","1","fg0152","fg0717","fg0726","fg0414","fg0056","fg0849","fg0368","fg0069","fg0865","fg0570","fg0060","fg0470","fg0145","fg0597","fg0461","fg0477","fg0163","fg0951","fg0908","fg0052"
"fq000675","vx_0143e9b1151caffd","fg0152","1","fg0152","fg0717","fg0726","fg0414","fg0056","fg0849","fg0470","fg0461","fg0865","fg0368","fg0145","fg0069","fg0477","fg0570","fg0951","fg0665","fg0019","fg0052","fg0208","fg0877"
"fq000676","vx_fb0b1eb3d4a0449a","fg0153","1","fg0153","fg0846","fg0937","fg0568","fg0927","fg0073","fg0404","fg0968","fg0847","fg0857","fg0783","fg0839","fg0809","fg0801","fg0230","fg0892","fg0362","fg0618","fg0792","fg0772"
"fq000677","vx_336125d9d1f717a9","fg0154","158","fg0076","fg0879","fg0052","fg0636","fg0071","fg0485","fg0868","fg0289","fg0769","fg0965","fg0107","fg0671","fg0173","fg0020","fg0539","fg0159","fg0270","fg0452","fg0042","fg0090"
"fq000678","vx_336125d9d1f717a9","fg0154","3","fg0304","fg0245","fg0154","fg0795","fg0768","fg0678","fg0148","fg0307","fg0451","fg0283","fg0861","fg0888","fg0440","fg0489","fg0064","fg0395","fg1000","fg0582","fg0129","fg0794"
"fq000679","vx_336125d9d1f717a9","fg0154","1","fg0154","fg0178","fg0028","fg0068","fg0678","fg0582","fg0489","fg0202","fg0460","fg0340","fg0135","fg0783","fg0746","fg0317","fg0129","fg0385","fg0803","fg0305","fg0967","fg0078"
"fq000680","vx_336125d9d1f717a9","fg0154","3","fg0304","fg0245","fg0154","fg0795","fg0678","fg0768","fg0451","fg0307","fg0148","fg1000","fg0283","fg0888","fg0489","fg0027","fg0129","fg0395","fg0072","fg0967","fg0794","fg0012"
"fq000681","vx_336125d9d1f717a9","fg0154","1","fg0154","fg0304","fg0245","fg0795","fg0028","fg0678","fg0178","fg0135","fg0129","fg0489","fg0460","fg0768","fg0148","fg0068","fg0836","fg0317","fg0582","fg0681","fg1000","fg0888"
"fq000682","vx_336125d9d1f717a9","fg0154","1","fg0154","fg0304","fg0245","fg0795","fg0028","fg0678","fg0178","fg0489","fg0768","fg0582","fg0460","fg0135","fg0129","fg0068","fg1000","fg0317","fg0888","fg0012","fg0148","fg0072"
"fq000683","vx_336125d9d1f717a9","fg0154","1","fg0154","fg0304","fg0245","fg0795","fg0028","fg0678","fg0178","fg0768","fg0489","fg0129","fg1000","fg0135","fg0148","fg0582","fg0012","fg0888","fg0460","fg0068","fg0451","fg0283"
"fq000684","vx_336125d9d1f717a9","fg0154","3","fg0304","fg0245","fg0154","fg0795","fg0028","fg0678","fg0178","fg0489","fg0768","fg0582","fg0129","fg0148","fg0135","fg0460","fg0836","fg0317","fg0794","fg0064","fg0440","fg0710"
"fq000685","vx_336125d9d1f717a9","fg0154","8","fg0783","fg0767","fg0319","fg0421","fg0271","fg0196","fg0218","fg0154","fg0184","fg0544","fg0671","fg0197","fg0559","fg0965","fg0159","fg0854","fg0155","fg0642","fg0293","fg0064"
"fq000686","vx_336125d9d1f717a9","fg0154","1","fg0154","fg0304","fg0245","fg0795","fg0678","fg0028","fg0178","fg0582","fg0129","fg0460","fg0489","fg0068","fg0768","fg0135","fg0148","fg0888","fg0836","fg0072","fg0317","fg1000"
"fq000687","vx_336125d9d1f717a9","fg0154","3","fg0304","fg0245","fg0154","fg0795","fg0768","fg0678","fg0148","fg0888","fg0028","fg0582","fg0489","fg0129","fg0178","fg0849","fg0861","fg0451","fg1000","fg0068","fg0064","fg0307"
"fq000688","vx_336125d9d1f717a9","fg0154","3","fg0304","fg0245","fg0154","fg0795","fg0678","fg0768","fg0028","fg0148","fg0489","fg0582","fg0178","fg0283","fg0888","fg0307","fg0129","fg0460","fg0135","fg0836","fg1000","fg0451"
"fq000689","vx_336125d9d1f717a9","fg0154","1","fg0154","fg0028","fg0178","fg0489","fg0129","fg0460","fg0135","fg0678","fg0068","fg0026","fg0317","fg0710","fg0305","fg0039","fg0681","fg0360","fg0385","fg0582","fg0340","fg0722"
"fq000690","vx_336125d9d1f717a9","fg0154","1","fg0154","fg0028","fg0178","fg0678","fg0489","fg0582","fg0460","fg0068","fg0129","fg0135","fg0304","fg0305","fg0710","fg0795","fg0317","fg0340","fg0245","fg0385","fg0026","fg0681"
"fq000691","vx_336125d9d1f717a9","fg0154","1","fg0154","fg0028","fg0178","fg0582","fg0678","fg0460","fg0489","fg0129","fg0068","fg0135","fg0317","fg0783","fg0026","fg0340","fg0385","fg0305","fg0710","fg0827","fg0746","fg0803"
"fq000692","vx_336125d9d1f717a9","fg0154","1","fg0154","fg0304","fg0245","fg0028","fg0178","fg0795","fg0678","fg0582","fg0489","fg0460","fg0129","fg0068","fg0710","fg0768","fg0026","fg0305","fg0836","fg0135","fg0148","fg0317"
"fq000693","vx_2ee8e11861e849de","fg0155","2","fg0271","fg0155","fg0218","fg0421","fg0783","fg0319","fg0196","fg0767","fg0642","fg0064","fg0557","fg0184","fg0539","fg0915","fg0831","fg0331","fg0233","fg0490","fg0042","fg0288"
"fq000694","vx_122ea180583cb8d7","fg0156","1","fg0156","fg0043","fg0491","fg0513","fg0665","fg0687","fg0176","fg0414","fg0738","fg0960","fg0559","fg0240","fg0907","fg0444","fg0679","fg0084","fg0310","fg0763","fg0820","fg0127"
"fq000695","vx_122ea180583cb8d7","fg0156","46","fg0491","fg0818","fg0198","fg0679","fg0539","fg0834","fg0242","fg0590","fg0021","fg0907","fg0223","fg0174","fg0849","fg0864","fg0965","fg0513","fg0559","fg0105","fg0529","fg0372"
"fq000696","vx_122ea180583cb8d7","fg0156","18","fg0491","fg0679","fg0818","fg0907","fg0513","fg0559","fg0834","fg0242","fg0875","fg0665","fg0539","fg0414","fg0240","fg0864","fg0043","fg0965","fg0021","fg0156","fg0849","fg0324"
"fq000697","vx_122ea180583cb8d7","fg0156","25","fg0491","fg0965","fg0435","fg0084","fg0559","fg0665","fg0539","fg0513","fg0547","fg0372","fg0864","fg0105","fg0907","fg0043","fg0176","fg0849","fg0242","fg0462","fg0591","fg0310"
"fq000698","vx_122ea180583cb8d7","fg0156","74","fg0491","fg0868","fg0539","fg0834","fg0965","fg0818","fg0529","fg0769","fg0242","fg0864","fg0324","fg0675","fg0844","fg0559","fg0021","fg0174","fg0665","fg0849","fg0823","fg0386"
"fq000699","vx_76c26ff7f75077dc","fg0157","1","fg0157","fg0555","fg0706","fg0402","fg0905","fg0329","fg0532","fg0227","fg0146","fg0288","fg0892","fg0821","fg0175","fg0524","fg0804","fg0888","fg0592","fg0287","fg0031","fg0855"
"fq000700","vx_e8e091a36fec71fa","fg0158","1","fg0158","fg0626","fg0985","fg0339","fg0471","fg0830","fg0385","fg0901","fg0799","fg0786","fg0323","fg0645","fg0776","fg0918","fg0900","fg0581","fg0596","fg0870","fg0630","fg0278"
"fq000701","vx_4863d71843169712","fg0159","1","fg0159","fg0042","fg0957","fg0123","fg0071","fg0588","fg0275","fg0330","fg0682","fg0001","fg0884","fg0326","fg0197","fg0889","fg0503","fg0145","fg0780","fg0597","fg0025","fg0320"
"fq000702","vx_bcea633bdba99075","fg0160","1","fg0160","fg0321","fg0816","fg0996","fg0556","fg0041","fg0995","fg0036","fg0727","fg0552","fg0616","fg0044","fg0514","fg0091","fg0163","fg0933","fg0562","fg0755","fg0904","fg0032"
"fq000703","vx_bcea633bdba99075","fg0160","1","fg0160","fg0321","fg0816","fg0556","fg0996","fg0995","fg0041","fg0552","fg0036","fg0727","fg0044","fg0514","fg0904","fg0091","fg0616","fg0163","fg0585","fg0933","fg0562","fg0575"
"fq000704","vx_bcea633bdba99075","fg0160","1","fg0160","fg0321","fg0816","fg0556","fg0996","fg0995","fg0041","fg0552","fg0044","fg0514","fg0727","fg0091","fg0904","fg0933","fg0036","fg0755","fg0163","fg0005","fg0562","fg0170"
"fq000705","vx_bcea633bdba99075","fg0160","1","fg0160","fg0321","fg0816","fg0996","fg0556","fg0041","fg0995","fg0552","fg0044","fg0514","fg0091","fg0727","fg0904","fg0036","fg0163","fg0562","fg0933","fg0755","fg0032","fg0961"
"fq000706","vx_bcea633bdba99075","fg0160","1","fg0160","fg0321","fg0816","fg0556","fg0996","fg0552","fg0036","fg0995","fg0727","fg0585","fg0616","fg0041","fg0044","fg0514","fg0904","fg0091","fg0915","fg0933","fg0163","fg0738"
"fq000707","vx_bcea633bdba99075","fg0160","1","fg0160","fg0321","fg0816","fg0556","fg0996","fg0995","fg0552","fg0041","fg0036","fg0514","fg0044","fg0727","fg0616","fg0091","fg0933","fg0904","fg0163","fg0585","fg0562","fg0755"
"fq000708","vx_bcea633bdba99075","fg0160","1","fg0160","fg0321","fg0816","fg0556","fg0996","fg0036","fg0995","fg0616","fg0041","fg0585","fg0552","fg0727","fg0915","fg0044","fg0514","fg0091","fg0163","fg0904","fg0562","fg0933"
"fq000709","vx_bcea633bdba99075","fg0160","1","fg0160","fg0321","fg0816","fg0996","fg0556","fg0041","fg0995","fg0552","fg0044","fg0514","fg0091","fg0036","fg0727","fg0904","fg0616","fg0163","fg0562","fg0933","fg0755","fg0499"
"fq000710","vx_bcea633bdba99075","fg0160","1","fg0160","fg0321","fg0816","fg0996","fg0556","fg0041","fg0995","fg0552","fg0727","fg0036","fg0044","fg0514","fg0091","fg0616","fg0163","fg0904","fg0755","fg0562","fg0933","fg0575"
"fq000711","vx_bcea633bdba99075","fg0160","1","fg0160","fg0321","fg0816","fg0996","fg0556","fg0995","fg0041","fg0552","fg0727","fg0044","fg0514","fg0091","fg0036","fg0933","fg0904","fg0163","fg0616","fg0755","fg0005","fg0032"
"fq000712","vx_bcea633bdba99075","fg0160","1","fg0160","fg0321","fg0816","fg0996","fg0556","fg0552","fg0041","fg0995","fg0044","fg0514","fg0727","fg0091","fg0933","fg0163","fg0904","fg0562","fg0755","fg0032","fg0575","fg0036"
"fq000713","vx_bcea633bdba99075","fg0160","1","fg0160","fg0321","fg0816","fg0996","fg0556","fg0041","fg0036","fg0995","fg0616","fg0727","fg0044","fg0585","fg0514","fg0915","fg0552","fg0904","fg0562","fg0091","fg0755","fg0163"
"fq000714","vx_bcea633bdba99075","fg0160","1","fg0160","fg0321","fg0816","fg0556","fg0996","fg0552","fg0995","fg0041","fg0727","fg0044","fg0514","fg0091","fg0904","fg0575","fg0036","fg0163","fg0933","fg0545","fg0703","fg0616"
"fq000715","vx_bcea633bdba99075","fg0160","1","fg0160","fg0321","fg0816","fg0996","fg0556","fg0995","fg0041","fg0036","fg0616","fg0552","fg0727","fg0044","fg0514","fg0091","fg0904","fg0933","fg0755","fg0032","fg0585","fg0562"
"fq000716","vx_bcea633bdba99075","fg0160","1","fg0160","fg0321","fg0816","fg0996","fg0556","fg0995","fg0041","fg0727","fg0552","fg0044","fg0514","fg0036","fg0091","fg0163","fg0904","fg0032","fg0562","fg0616","fg0933","fg0005"
"fq000717","vx_bcea633bdba99075","fg0160","1","fg0160","fg0321","fg0816","fg0996","fg0556","fg0041","fg0995","fg0552","fg0727","fg0044","fg0514","fg0036","fg0091","fg0562","fg0904","fg0616","fg0933","fg0755","fg0163","fg0005"
"fq000718","vx_bcea633bdba99075","fg0160","1","fg0160","fg0321","fg0816","fg0556","fg0996","fg0995","fg0552","fg0041","fg0044","fg0514","fg0091","fg0036","fg0727","fg0904","fg0616","fg0933","fg0163","fg0755","fg0562","fg0575"
"fq000719","vx_bcea633bdba99075","fg0160","1","fg0160","fg0321","fg0816","fg0556","fg0996","fg0995","fg0041","fg0552","fg0036","fg0044","fg0514","fg0727","fg0091","fg0616","fg0904","fg0755","fg0933","fg0005","fg0163","fg0585"
"fq000720","vx_bcea633bdba99075","fg0160","1","fg0160","fg0321","fg0816","fg0996","fg0556","fg0041","fg0552","fg0995","fg0044","fg0514","fg0091","fg0904","fg0933","fg0163","fg0727","fg0028","fg0575","fg0755","fg0562","fg0178"
"fq000721","vx_bcea633bdba99075","fg0160","1","fg0160","fg0321","fg0816","fg0556","fg0996","fg0036","fg0995","fg0616","fg0041","fg0585","fg0044","fg0514","fg0915","fg0727","fg0091","fg0552","fg0904","fg0163","fg0933","fg0755"
"fq000722","vx_bcea633bdba99075","fg0160","1","fg0160","fg0321","fg0816","fg0556","fg0996","fg0995","fg0041","fg0727","fg0044","fg0514","fg0036","fg0552","fg0091","fg0680","fg0170","fg0616","fg0755","fg0072","fg0904","fg0032"
"fq000723","vx_bcea633bdba99075","fg0160","1","fg0160","fg0321","fg0816","fg0556","fg0996","fg0995","fg0552","fg0041","fg0727","fg0044","fg0514","fg0036","fg0091","fg0933","fg0904","fg0616","fg0163","fg0755","fg0562","fg0032"
"fq000724","vx_bcea633bdba99075","fg0160","1","fg0160","fg0321","fg0816","fg0996","fg0556","fg0041","fg0552","fg0995","fg0044","fg0514","fg0091","fg0904","fg0727","fg0163","fg0933","fg0575","fg0755","fg0562","fg0003","fg0703"
"fq000725","vx_bcea633bdba99075","fg0160","1","fg0160","fg0321","fg0816","fg0556","fg0996","fg0995","fg0552","fg0041","fg0036","fg0727","fg0904","fg0044","fg0514","fg0616","fg0091","fg0933","fg0755","fg0562","fg0163","fg0585"
"fq000726","vx_bcea633bdba99075","fg0160","1","fg0160","fg0321","fg0816","fg0556","fg0996","fg0552","fg0995","fg0041","fg0044","fg0514","fg0091","fg0904","fg0727","fg0163","fg0933","fg0575","fg0036","fg0703","fg0913","fg0562"
"fq000727","vx_bcea633bdba99075","fg0160","1","fg0160","fg0321","fg0816","fg0996","fg0556","fg0041","fg0995","fg0552","fg0727","fg0036","fg0044","fg0514","fg0933","fg0091","fg0904","fg0616","fg0163","fg0755","fg0562","fg0032"
"fq000728","vx_bcea633bdba99075","fg0160","1","fg0160","fg0321","fg0816","fg0996","fg0556","fg0995","fg0041","fg0552","fg0044","fg0514","fg0091","fg0727","fg0933","fg0170","fg0680","fg0904","fg0844","fg0755","fg0005","fg0032"
"fq000729","vx_a88cd3f4a2ba4576","fg0161","1","fg0161","fg0361","fg0058","fg0755","fg0855","fg0923","fg0745","fg0549","fg0749","fg0800","fg0487","fg0570","fg0149","fg0844","fg0491","fg0266","fg0263","fg0716","fg0056","fg0461"
"fq000730","vx_a88cd3f4a2ba4576","fg0161","1","fg0161","fg0361","fg0755","fg0058","fg0855","fg0923","fg0263","fg0716","fg0549","fg0749","fg0487","fg0491","fg0800","fg0745","fg0069","fg0266","fg0845","fg0844","fg0011","fg0056"
"fq000731","vx_a88cd3f4a2ba4576","fg0161","1","fg0161","fg0361","fg0755","fg0058","fg0855","fg0923","fg0549","fg0800","fg0844","fg0056","fg0749","fg0487","fg0491","fg0263","fg0716","fg0728","fg0745","fg0845","fg0011","fg0266"
"fq000732","vx_a88cd3f4a2ba4576","fg0161","1","fg0161","fg0361","fg0755","fg0058","fg0855","fg0923","fg0549","fg0749","fg0263","fg0350","fg0844","fg0745","fg0491","fg0716","fg0487","fg0266","fg0800","fg0888","fg0833","fg0220"
"fq000733","vx_a88cd3f4a2ba4576","fg0161","1","fg0161","fg0361","fg0755","fg0855","fg0058","fg0923","fg0800","fg0549","fg0844","fg0487","fg0491","fg0845","fg0749","fg0056","fg0266","fg0461","fg0263","fg0745","fg0570","fg0716"
"fq000734","vx_a88cd3f4a2ba4576","fg0161","1","fg0161","fg0361","fg0755","fg0058","fg0855","fg0923","fg0549","fg0800","fg0745","fg0487","fg0844","fg0491","fg0263","fg0716","fg0056","fg0749","fg0845","fg0069","fg0266","fg0011"
"fq000735","vx_a88cd3f4a2ba4576","fg0161","1","fg0161","fg0361","fg0755","fg0855","fg0058","fg0923","fg0844","fg0549","fg0800","fg0845","fg0487","fg0056","fg0461","fg0266","fg0491","fg0368","fg0303","fg0570","fg0263","fg0069"
"fq000736","vx_be873a0e9bfafaf8","fg0162","1","fg0162","fg0523","fg0687","fg0529","fg0355","fg0099","fg0224","fg0584","fg0936","fg0958","fg0299","fg0043","fg0555","fg0313","fg0241","fg0357","fg0605","fg0975","fg0961","fg0599"
"fq000737","vx_be873a0e9bfafaf8","fg0162","1","fg0162","fg0355","fg0523","fg0687","fg0224","fg0529","fg0584","fg0099","fg0891","fg0936","fg0299","fg0507","fg0958","fg0313","fg0671","fg0043","fg0555","fg0357","fg0927","fg0853"
"fq000738","vx_16528a4161929acc","fg0163","1","fg0163","fg0936","fg0241","fg0152","fg0580","fg0717","fg0626","fg0174","fg0145","fg0212","fg0357","fg0597","fg0575","fg0160","fg0029","fg0715","fg0033","fg0662","fg0663","fg0921"
"fq000739","vx_16528a4161929acc","fg0163","1","fg0163","fg0936","fg0241","fg0152","fg0174","fg0626","fg0717","fg0212","fg0029","fg0145","fg0715","fg0580","fg0492","fg0357","fg0033","fg0662","fg0582","fg0757","fg0918","fg0160"
"fq000740","vx_16528a4161929acc","fg0163","1","fg0163","fg0152","fg0029","fg0212","fg0936","fg0717","fg0626","fg0715","fg0174","fg0357","fg0241","fg0662","fg0145","fg0033","fg0160","fg0918","fg0757","fg0181","fg0492","fg0224"
"fq000741","vx_16528a4161929acc","fg0163","1","fg0163","fg0936","fg0241","fg0152","fg0580","fg0145","fg0717","fg0174","fg0626","fg0357","fg0212","fg0029","fg0033","fg0662","fg0575","fg0582","fg0715","fg0918","fg0757","fg0663"
"fq000742","vx_16528a4161929acc","fg0163","1","fg0163","fg0936","fg0241","fg0152","fg0145","fg0174","fg0717","fg0626","fg0580","fg0357","fg0212","fg0492","fg0029","fg0662","fg0033","fg0715","fg0582","fg0742","fg0663","fg0181"
"fq000743","vx_71e08530987e07c2","fg0164","1","fg0164","fg0977","fg0508","fg0175","fg0787","fg0991","fg0499","fg0330","fg0521","fg0810","fg0060","fg0458","fg0452","fg0999","fg0721","fg0780","fg0644","fg0682","fg0562","fg0482"
"fq000744","vx_71e08530987e07c2","fg0164","1","fg0164","fg0977","fg0508","fg0175","fg0787","fg0991","fg0721","fg0060","fg0521","fg0499","fg0330","fg0644","fg0810","fg0211","fg0220","fg0594","fg0482","fg0636","fg0563","fg0714"
"fq000745","vx_71e08530987e07c2","fg0164","1","fg0164","fg0977","fg0508","fg0175","fg0787","fg0991","fg0499","fg0721","fg0330","fg0211","fg0644","fg0060","fg0521","fg0220","fg0458","fg0594","fg0999","fg0896","fg0810","fg0682"
"fq000746","vx_25a9b9305007c5cb","fg0165","1","fg0165","fg0132","fg0430","fg0109","fg0267","fg0801","fg0135","fg0605","fg0552","fg0852","fg0281","fg0133","fg0177","fg0804","fg0082","fg0588","fg0330","fg0243","fg0836","fg0639"
"fq000747","vx_8a0883d6f8c530ec","fg0166","1","fg0166","fg0994","fg0723","fg0601","fg0278","fg0377","fg0142","fg0839","fg0449","fg0065","fg0940","fg0586","fg0127","fg0050","fg0971","fg0221","fg0448","fg0080","fg0451","fg0224"
"fq000748","vx_8a0883d6f8c530ec","fg0166","1","fg0166","fg0723","fg0994","fg0278","fg0377","fg0142","fg0065","fg0449","fg0601","fg0839","fg0884","fg0734","fg0548","fg0127","fg0050","fg0221","fg0333","fg0390","fg0743","fg0104"
"fq000749","vx_8a0883d6f8c530ec","fg0166","1","fg0166","fg0723","fg0994","fg0278","fg0377","fg0142","fg0065","fg0449","fg0839","fg0601","fg0734","fg0390","fg0127","fg0548","fg0050","fg0843","fg0334","fg0191","fg0221","fg0743"
"fq000750","vx_8a0883d6f8c530ec","fg0166","1","fg0166","fg0723","fg0278","fg0377","fg0994","fg0601","fg0142","fg0839","fg0449","fg0065","fg0127","fg0548","fg0734","fg0050","fg0940","fg0252","fg0221","fg0831","fg0334","fg0080"
"fq000751","vx_1e788e51725a6561","fg0167","1","fg0167","fg0197","fg0675","fg0964","fg0643","fg0099","fg0227","fg0412","fg0469","fg0854","fg0113","fg0973","fg0039","fg0159","fg0550","fg0155","fg0760","fg0673","fg0945","fg0018"
"fq000752","vx_62eb026aab329fb0","fg0168","1","fg0168","fg0325","fg0314","fg0691","fg0406","fg0072","fg0859","fg0844","fg0649","fg0004","fg0896","fg0796","fg0034","fg0942","fg0274","fg0172","fg0022","fg0394","fg0356","fg0910"
"fq000753","vx_d5c75453fb8f2e73","fg0169","1","fg0169","fg0117","fg0381","fg0140","fg0889","fg0779","fg0229","fg0172","fg0543","fg0552","fg0437","fg0594","fg0678","fg0129","fg0310","fg0973","fg0086","fg0350","fg0589","fg0453"
"fq000754","vx_722f7eb668491b28","fg0170","1","fg0170","fg0844","fg0102","fg0050","fg0680","fg0099","fg0410","fg0907","fg0312","fg0309","fg0792","fg0106","fg0072","fg0752","fg0503","fg0275","fg0213","fg0988","fg0817","fg0372"
"fq000755","vx_df73b66e167501cd","fg0171","1","fg0171","fg0406","fg0411","fg0228","fg0537","fg0006","fg0150","fg0420","fg0578","fg0066","fg0260","fg0696","fg0109","fg0851","fg0661","fg0860","fg0250","fg0814","fg0658","fg0498"
"fq000756","vx_58d23a3f6861c0ed","fg0172","1","fg0172","fg0229","fg0437","fg0543","fg0381","fg0692","fg0169","fg0214","fg0722","fg0779","fg0310","fg0618","fg0587","fg0350","fg0140","fg0046","fg0311","fg0641","fg0610","fg0301"
"fq000757","vx_58d23a3f6861c0ed","fg0172","2","fg0229","fg0172","fg0437","fg0543","fg0381","fg0692","fg0169","fg0779","fg0722","fg0618","fg0214","fg0140","fg0587","fg0658","fg0350","fg0310","fg0311","fg0610","fg0366","fg0052"
"fq000758","vx_58d23a3f6861c0ed","fg0172","2","fg0229","fg0172","fg0437","fg0543","fg0381","fg0692","fg0169","fg0779","fg0214","fg0722","fg0618","fg0587","fg0140","fg0350","fg0310","fg0311","fg0658","fg0610","fg0046","fg0712"
"fq000759","vx_d6485a591fee2e54","fg0173","1","fg0173","fg0769","fg0439","fg0113","fg0868","fg0854","fg0671","fg0771","fg0930","fg0931","fg0270","fg0319","fg0767","fg0320","fg0105","fg0143","fg0695","fg0284","fg0118","fg0084"
"fq000760","vx_fbd4e9a19de844d4","fg0174","1","fg0174","fg0674","fg0834","fg0033","fg0741","fg0479","fg0242","fg0003","fg0009","fg0961","fg0020","fg0715","fg0943","fg0163","fg0422","fg0424","fg0529","fg0029","fg0116","fg0879"
"fq000761","vx_fbd4e9a19de844d4","fg0174","1","fg0174","fg0674","fg0834","fg0033","fg0479","fg0020","fg0961","fg0715","fg0741","fg0009","fg0163","fg0003","fg0424","fg0943","fg0879","fg0029","fg0485","fg0422","fg0419","fg0529"
"fq000762","vx_fbd4e9a19de844d4","fg0174","1","fg0174","fg0674","fg0834","fg0009","fg0033","fg0741","fg0242","fg0715","fg0961","fg0479","fg0943","fg0529","fg0163","fg0419","fg0116","fg0029","fg0864","fg0288","fg0003","fg0774"
"fq000763","vx_fbd4e9a19de844d4","fg0174","1","fg0174","fg0674","fg0834","fg0033","fg0741","fg0961","fg0479","fg0715","fg0242","fg0943","fg0009","fg0029","fg0163","fg0020","fg0419","fg0003","fg0422","fg0529","fg0790","fg0484"
"fq000764","vx_fbd4e9a19de844d4","fg0174","1","fg0174","fg0674","fg0834","fg0033","fg0741","fg0009","fg0943","fg0479","fg0961","fg0715","fg0242","fg0163","fg0003","fg0020","fg0029","fg0529","fg0419","fg0879","fg0422","fg0773"
"fq000765","vx_fbd4e9a19de844d4","fg0174","1","fg0174","fg0674","fg0033","fg0834","fg0479","fg0741","fg0009","fg0715","fg0242","fg0961","fg0003","fg0943","fg0020","fg0163","fg0422","fg0424","fg0529","fg0879","fg0029","fg0419"
"fq000766","vx_e06d4750794b56e5","fg0175","1","fg0175","fg0787","fg0508","fg0991","fg0482","fg0678","fg0402","fg0810","fg0157","fg0555","fg0905","fg0026","fg0706","fg0452","fg0178","fg0427","fg0458","fg0028","fg0037","fg0460"
"fq000767","vx_e06d4750794b56e5","fg0175","1","fg0175","fg0508","fg0787","fg0991","fg0147","fg0345","fg0260","fg0482","fg0678","fg0810","fg0402","fg0157","fg0555","fg0026","fg0905","fg0573","fg0706","fg0427","fg0012","fg0452"
"fq000768","vx_e06d4750794b56e5","fg0175","1","fg0175","fg0508","fg0787","fg0991","fg0482","fg0026","fg0678","fg0147","fg0345","fg0002","fg0260","fg0810","fg0402","fg0391","fg0157","fg0555","fg0573","fg0012","fg0037","fg0766"
"fq000769","vx_e06d4750794b56e5","fg0175","1","fg0175","fg0508","fg0787","fg0482","fg0991","fg0026","fg0678","fg0002","fg0402","fg0147","fg0345","fg0810","fg0178","fg0260","fg0391","fg0555","fg0157","fg0766","fg0028","fg0012"
"fq000770","vx_e06d4750794b56e5","fg0175","1","fg0175","fg0508","fg0787","fg0991","fg0482","fg0810","fg0147","fg0260","fg0345","fg0002","fg0452","fg0427","fg0423","fg0573","fg0211","fg0460","fg0012","fg0490","fg0766","fg0521"
"fq000771","vx_4db4f5257e412d6d","fg0176","1","fg0176","fg0763","fg0739","fg0995","fg0735","fg0239","fg0277","fg0561","fg0190","fg0652","fg0127","fg0373","fg0097","fg0457","fg0470","fg0802","fg0820","fg0469","fg0558","fg0043"
"fq000772","vx_809f3dc98db54a04","fg0177","1","fg0177","fg0082","fg0639","fg0804","fg0941","fg0852","fg0978","fg0067","fg0539","fg0965","fg0716","fg0365","fg0559","fg0868","fg0129","fg0263","fg0131","fg0993","fg0350","fg0685"
"fq000773","vx_809f3dc98db54a04","fg0177","1","fg0177","fg0639","fg0082","fg0804","fg0852","fg0941","fg0978","fg0716","fg0067","fg0263","fg0993","fg0365","fg0764","fg0685","fg0131","fg0838","fg0061","fg0430","fg0267","fg0439"
"fq000774","vx_3190e1a5b9ba4c1d","fg0178","1","fg0178","fg0028","fg0154","fg0489","fg0718","fg0710","fg0335","fg0305","fg0360","fg0482","fg0313","fg0135","fg0849","fg0198","fg0261","fg0363","fg0137","fg0593","fg0127","fg0582"
"fq000775","vx_7b71a5e2d27f57fa","fg0179","1","fg0179","fg0501","fg0650","fg0518","fg0513","fg0220","fg0928","fg0034","fg0405","fg0032","fg0219","fg0190","fg0917","fg0203","fg0810","fg0254","fg0450","fg0981","fg0498","fg0814"
"fq000776","vx_7b71a5e2d27f57fa","fg0179","1","fg0179","fg0650","fg0501","fg0518","fg0405","fg0220","fg0928","fg0203","fg0513","fg0034","fg0219","fg0254","fg0190","fg0450","fg0917","fg0032","fg0810","fg0814","fg0261","fg0991"
"fq000777","vx_7b71a5e2d27f57fa","fg0179","1","fg0179","fg0650","fg0501","fg0518","fg0220","fg0981","fg0261","fg0034","fg0203","fg0513","fg0522","fg0928","fg0779","fg0405","fg0830","fg0450","fg0190","fg0303","fg0917","fg0032"
"fq000778","vx_ece801dc614a0554","fg0180","1","fg0180","fg0731","fg0688","fg0665","fg0194","fg0494","fg0036","fg0591","fg1000","fg0778","fg0548","fg0310","fg0988","fg0892","fg0461","fg0636","fg0084","fg0417","fg0015","fg0616"
"fq000779","vx_ece801dc614a0554","fg0180","1","fg0180","fg0731","fg0665","fg0688","fg0194","fg1000","fg0072","fg0494","fg0036","fg0417","fg0310","fg0680","fg0015","fg0636","fg0975","fg0616","fg0654","fg0892","fg0683","fg0988"
"fq000780","vx_ece801dc614a0554","fg0180","1","fg0180","fg0731","fg0665","fg0688","fg0194","fg1000","fg0494","fg0036","fg0417","fg0310","fg0585","fg0616","fg0072","fg0636","fg0015","fg0431","fg0440","fg0654","fg0761","fg0778"
"fq000781","vx_ece801dc614a0554","fg0180","1","fg0180","fg0731","fg0665","fg0688","fg0194","fg1000","fg0072","fg0036","fg0417","fg0616","fg0494","fg0015","fg0680","fg0591","fg0683","fg0310","fg0870","fg0776","fg0585","fg0975"
"fq000782","vx_ece801dc614a0554","fg0180","1","fg0180","fg0731","fg0665","fg0194","fg0688","fg1000","fg0036","fg0494","fg0072","fg0417","fg0616","fg0310","fg0975","fg0636","fg0892","fg0585","fg0666","fg0015","fg0548","fg0440"
"fq000783","vx_ece801dc614a0554","fg0180","1","fg0180","fg0731","fg0665","fg0688","fg0194","fg0072","fg1000","fg0036","fg0494","fg0417","fg0616","fg0680","fg0015","fg0310","fg0636","fg0892","fg0585","fg0776","fg0461","fg0975"
"fq000784","vx_ece801dc614a0554","fg0180","1","fg0180","fg0731","fg0665","fg0194","fg1000","fg0688","fg0036","fg0616","fg0494","fg0417","fg0072","fg0585","fg0870","fg0440","fg0975","fg0776","fg0310","fg0892","fg0636","fg0654"
"fq000785","vx_1bf0db3c7bc5a373","fg0181","3","fg0662","fg0742","fg0181","fg0358","fg0757","fg0182","fg0962","fg0407","fg0425","fg0198","fg0380","fg0455","fg0544","fg0728","fg0163","fg0794","fg0977","fg0933","fg0604","fg0603"
"fq000786","vx_1bf0db3c7bc5a373","fg0181","3","fg0662","fg0742","fg0181","fg0358","fg0757","fg0182","fg0962","fg0544","fg0380","fg0425","fg0198","fg0604","fg0794","fg0407","fg0455","fg0163","fg0977","fg0982","fg0933","fg0535"
"fq000787","vx_1bf0db3c7bc5a373","fg0181","3","fg0662","fg0742","fg0181","fg0358","fg0757","fg0182","fg0962","fg0794","fg0380","fg0425","fg0407","fg0604","fg0455","fg0982","fg0544","fg0728","fg0319","fg0198","fg0232","fg0797"
"fq000788","vx_1bf0db3c7bc5a373","fg0181","1","fg0181","fg0742","fg0662","fg0358","fg0757","fg0182","fg0962","fg0380","fg0455","fg0198","fg0425","fg0407","fg0794","fg0163","fg0604","fg0868","fg0977","fg0544","fg0933","fg0982"
"fq000789","vx_1bf0db3c7bc5a373","fg0181","1","fg0181","fg0662","fg0742","fg0358","fg0757","fg0182","fg0962","fg0380","fg0425","fg0198","fg0544","fg0407","fg0794","fg0455","fg0604","fg0977","fg0933","fg0982","fg0163","fg0603"
"fq000790","vx_1bf0db3c7bc5a373","fg0181","1","fg0181","fg0742","fg0662","fg0358","fg0757","fg0182","fg0962","fg0603","fg0380","fg0198","fg0425","fg0544","fg0794","fg0407","fg0604","fg0977","fg0535","fg0455","fg0163","fg0027"
"fq000791","vx_1bf0db3c7bc5a373","fg0181","233","fg0965","fg0868","fg0539","fg0769","fg0105","fg0559","fg0294","fg0671","fg0675","fg0990","fg0771","fg0919","fg0435","fg0955","fg0173","fg0437","fg0086","fg0052","fg0673","fg0724"
"fq000792","vx_1bf0db3c7bc5a373","fg0181","3","fg0742","fg0662","fg0181","fg0358","fg0757","fg0182","fg0962","fg0380","fg0407","fg0425","fg0455","fg0794","fg0198","fg0544","fg0604","fg0977","fg0933","fg0982","fg0163","fg0728"
"fq000793","vx_1bf0db3c7bc5a373","fg0181","3","fg0742","fg0662","fg0181","fg0358","fg0757","fg0182","fg0962","fg0380","fg0407","fg0425","fg0604","fg0544","fg0198","fg0794","fg0982","fg0455","fg0933","fg0603","fg0163","fg0977"
"fq000794","vx_1bf0db3c7bc5a373","fg0181","10","fg0027","fg0113","fg0603","fg0655","fg0809","fg0197","fg0293","fg0483","fg0099","fg0181","fg0673","fg0975","fg0675","fg0796","fg0559","fg0435","fg0868","fg0398","fg0042","fg0965"
"fq000795","vx_1bf0db3c7bc5a373","fg0181","1","fg0181","fg0662","fg0742","fg0358","fg0757","fg0182","fg0962","fg0425","fg0380","fg0407","fg0198","fg0603","fg0544","fg0794","fg0604","fg0163","fg0455","fg0982","fg0977","fg0728"
"fq000796","vx_1bf0db3c7bc5a373","fg0181","3","fg0662","fg0742","fg0181","fg0358","fg0757","fg0182","fg0962","fg0380","fg0425","fg0794","fg0407","fg0544","fg0198","fg0455","fg0604","fg0977","fg0163","fg0982","fg0933","fg0728"
"fq000797","vx_1bf0db3c7bc5a373","fg0181","3","fg0662","fg0742","fg0181","fg0358","fg0757","fg0182","fg0962","fg0380","fg0425","fg0544","fg0604","fg0794","fg0198","fg0163","fg0407","fg0977","fg0982","fg0455","fg0523","fg0933"
"fq000798","vx_1bf0db3c7bc5a373","fg0181","1","fg0181","fg0662","fg0742","fg0358","fg0757","fg0182","fg0962","fg0380","fg0425","fg0407","fg0198","fg0544","fg0603","fg0604","fg0982","fg0794","fg0163","fg0933","fg0455","fg0523"
"fq000799","vx_1bf0db3c7bc5a373","fg0181","2","fg0742","fg0181","fg0662","fg0358","fg0757","fg0182","fg0962","fg0380","fg0425","fg0604","fg0544","fg0198","fg0407","fg0933","fg0794","fg0603","fg0163","fg0455","fg0982","fg0535"
"fq000800","vx_1bf0db3c7bc5a373","fg0181","3","fg0742","fg0662","fg0181","fg0358","fg0757","fg0182","fg0962","fg0425","fg0380","fg0794","fg0407","fg0198","fg0544","fg0604","fg0455","fg0977","fg0933","fg0982","fg0163","fg0728"
"fq000801","vx_1bf0db3c7bc5a373","fg0181","1","fg0181","fg0662","fg0742","fg0358","fg0757","fg0182","fg0962","fg0380","fg0425","fg0198","fg0544","fg0407","fg0794","fg0604","fg0982","fg0977","fg0163","fg0455","fg0603","fg0523"
"fq000802","vx_1bf0db3c7bc5a373","fg0181","3","fg0662","fg0742","fg0181","fg0358","fg0757","fg0182","fg0962","fg0425","fg0380","fg0198","fg0794","fg0407","fg0544","fg0604","fg0982","fg0977","fg0163","fg0455","fg0933","fg0603"
"fq000803","vx_1bf0db3c7bc5a373","fg0181","1","fg0181","fg0742","fg0662","fg0358","fg0757","fg0182","fg0962","fg0603","fg0380","fg0425","fg0198","fg0544","fg0604","fg0977","fg0027","fg0794","fg0535","fg0163","fg0455","fg0407"
"fq000804","vx_1bf0db3c7bc5a373","fg0181","2","fg0662","fg0181","fg0742","fg0358","fg0757","fg0182","fg0962","fg0380","fg0198","fg0425","fg0407","fg0544","fg0455","fg0604","fg0794","fg0977","fg0163","fg0933","fg0523","fg0535"
"fq000805","vx_1bf0db3c7bc5a373","fg0181","1","fg0181","fg0742","fg0662","fg0358","fg0757","fg0182","fg0962","fg0380","fg0603","fg0425","fg0544","fg0794","fg0604","fg0407","fg0982","fg0099","fg0198","fg0455","fg0933","fg0163"
"fq000806","vx_4ba19f9edc45c716","fg0182","1","fg0182","fg0320","fg0886","fg0583","fg0757","fg0662","fg0742","fg0181","fg0358","fg0595","fg0719","fg0066","fg0962","fg0737","fg0758","fg0983","fg0779","fg0500","fg0454","fg0527"
"fq000807","vx_4ba19f9edc45c716","fg0182","1","fg0182","fg0886","fg0320","fg0583","fg0757","fg0662","fg0358","fg0742","fg0719","fg0595","fg0962","fg0181","fg0779","fg0758","fg0737","fg0066","fg0454","fg0500","fg0140","fg0783"
"fq000808","vx_4ba19f9edc45c716","fg0182","1","fg0182","fg0886","fg0320","fg0583","fg0595","fg0758","fg0017","fg0719","fg0547","fg0779","fg0068","fg0820","fg0066","fg0802","fg0373","fg0313","fg0140","fg0783","fg0983","fg0500"
"fq000809","vx_4ba19f9edc45c716","fg0182","1","fg0182","fg0757","fg0662","fg0358","fg0742","fg0181","fg0886","fg0320","fg0583","fg0962","fg0595","fg0719","fg0737","fg0758","fg0779","fg0547","fg0333","fg0068","fg0454","fg0066"
"fq000810","vx_4ba19f9edc45c716","fg0182","2","fg0886","fg0182","fg0583","fg0320","fg0595","fg0719","fg0758","fg0779","fg0066","fg0140","fg0313","fg0820","fg0500","fg0017","fg0983","fg0547","fg0527","fg0454","fg0333","fg0068"
"fq000811","vx_4ba19f9edc45c716","fg0182","1","fg0182","fg0757","fg0358","fg0742","fg0662","fg0181","fg0886","fg0320","fg0583","fg0962","fg0737","fg0595","fg0719","fg0758","fg0779","fg0457","fg0066","fg0333","fg0454","fg0500"
"fq000812","vx_4ba19f9edc45c716","fg0182","1","fg0182","fg0757","fg0358","fg0662","fg0742","fg0886","fg0320","fg0583","fg0181","fg0962","fg0719","fg0595","fg0737","fg0758","fg0779","fg0457","fg0333","fg0066","fg0500","fg0454"
"fq000813","vx_4ba19f9edc45c716","fg0182","1","fg0182","fg0886","fg0320","fg0583","fg0595","fg0758","fg0719","fg0779","fg0066","fg0140","fg0783","fg0333","fg0500","fg0454","fg0313","fg0737","fg0884","fg0983","fg0547","fg0820"
"fq000814","vx_4ba19f9edc45c716","fg0182","1","fg0182","fg0662","fg0742","fg0181","fg0358","fg0757","fg0320","fg0886","fg0583","fg0962","fg0758","fg0595","fg0779","fg0719","fg0737","fg0066","fg0500","fg0140","fg0454","fg0527"
"fq000815","vx_4ba19f9edc45c716","fg0182","1","fg0182","fg0886","fg0662","fg0320","fg0583","fg0742","fg0757","fg0358","fg0181","fg0758","fg0719","fg0595","fg0737","fg0962","fg0779","fg0066","fg0500","fg0547","fg0140","fg0454"
"fq000816","vx_4ba19f9edc45c716","fg0182","1","fg0182","fg0886","fg0320","fg0583","fg0595","fg0719","fg0758","fg0779","fg0737","fg0783","fg0454","fg0066","fg0757","fg0140","fg0962","fg0662","fg0500","fg0742","fg0358","fg0547"
"fq000817","vx_4ba19f9edc45c716","fg0182","1","fg0182","fg0886","fg0757","fg0320","fg0583","fg0358","fg0662","fg0742","fg0962","fg0595","fg0719","fg0181","fg0737","fg0758","fg0779","fg0066","fg0454","fg0333","fg0500","fg0140"
"fq000818","vx_4ba19f9edc45c716","fg0182","1","fg0182","fg0886","fg0583","fg0320","fg0595","fg0719","fg0962","fg0757","fg0758","fg0662","fg0066","fg0779","fg0358","fg0742","fg0140","fg0181","fg0737","fg0820","fg0068","fg0500"
"fq000819","vx_4ba19f9edc45c716","fg0182","1","fg0182","fg0757","fg0320","fg0662","fg0358","fg0886","fg0742","fg0583","fg0181","fg0962","fg0719","fg0595","fg0737","fg0758","fg0779","fg0066","fg0454","fg0500","fg0333","fg0931"
"fq000820","vx_059c8acaa111180b","fg0183","1","fg0183","fg0449","fg0377","fg0234","fg0913","fg0468","fg0747","fg0240","fg0898","fg0379","fg0282","fg0843","fg0870","fg0726","fg0417","fg0247","fg0559","fg0484","fg0206","fg0097"
"fq000821","vx_059c8acaa111180b","fg0183","1","fg0183","fg0234","fg0913","fg0449","fg0468","fg0377","fg0240","fg0898","fg0747","fg0870","fg0282","fg0379","fg0484","fg0843","fg0726","fg0559","fg0247","fg0097","fg0652","fg0068"
"fq000822","vx_624d77ba65242baa","fg0184","1","fg0184","fg0312","fg0967","fg0551","fg0371","fg0831","fg0783","fg0544","fg0612","fg0841","fg0117","fg0531","fg0191","fg0122","fg0039","fg0165","fg0328","fg0347","fg0307","fg0409"
"fq000823","vx_624d77ba65242baa","fg0184","1","fg0184","fg0312","fg0967","fg0868","fg0965","fg0551","fg0371","fg0841","fg0769","fg0612","fg0496","fg0105","fg0544","fg0039","fg0539","fg0475","fg0435","fg0122","fg0138","fg0307"
"fq000824","vx_624d77ba65242baa","fg0184","1","fg0184","fg0312","fg0967","fg0544","fg0371","fg0551","fg0831","fg0039","fg0612","fg0841","fg0117","fg0122","fg0531","fg0191","fg0783","fg0347","fg0165","fg0328","fg0307","fg0409"
"fq000825","vx_624d77ba65242baa","fg0184","1","fg0184","fg0312","fg0783","fg0831","fg0967","fg0551","fg0196","fg0421","fg0612","fg0544","fg0117","fg0218","fg0347","fg0191","fg0271","fg0371","fg0531","fg0585","fg0155","fg0015"
"fq000826","vx_36176049f014b4a4","fg0185","1","fg0185","fg0754","fg0497","fg0276","fg0216","fg0840","fg0286","fg0516","fg0633","fg0071","fg0132","fg0711","fg0682","fg0109","fg0870","fg0135","fg0838","fg0679","fg0958","fg0300"
"fq000827","vx_36176049f014b4a4","fg0185","1","fg0185","fg0754","fg0216","fg0497","fg0798","fg0840","fg0342","fg0132","fg0966","fg0082","fg0109","fg0135","fg0645","fg0257","fg0264","fg0439","fg0838","fg0168","fg0711","fg0579"
"fq000828","vx_36176049f014b4a4","fg0185","1","fg0185","fg0754","fg0216","fg0497","fg0798","fg0840","fg0132","fg0342","fg0645","fg0109","fg0264","fg0257","fg0439","fg0135","fg0682","fg0579","fg0212","fg0966","fg0082","fg0069"
"fq000829","vx_36176049f014b4a4","fg0185","1","fg0185","fg0754","fg0497","fg0216","fg0840","fg0682","fg0132","fg0135","fg0109","fg0870","fg0798","fg0071","fg0645","fg0212","fg0966","fg0276","fg0838","fg0342","fg0168","fg0286"
"fq000830","vx_36176049f014b4a4","fg0185","29","fg0965","fg0868","fg0559","fg0539","fg0105","fg0769","fg0673","fg0990","fg0675","fg0796","fg0372","fg0086","fg0724","fg0588","fg0771","fg0294","fg0746","fg0435","fg0365","fg0052"
"fq000831","vx_36176049f014b4a4","fg0185","1","fg0185","fg0754","fg0966","fg0216","fg0497","fg0682","fg0071","fg0132","fg0840","fg0109","fg0276","fg0135","fg0286","fg0870","fg0082","fg0815","fg0212","fg0801","fg0089","fg0711"
"fq000832","vx_36176049f014b4a4","fg0185","1","fg0185","fg0754","fg0216","fg0497","fg0966","fg0276","fg0493","fg0711","fg0870","fg0089","fg0242","fg0607","fg0840","fg0439","fg0264","fg0132","fg0633","fg0579","fg0798","fg0342"
"fq000833","vx_36176049f014b4a4","fg0185","1","fg0185","fg0754","fg0216","fg0497","fg0966","fg0132","fg0342","fg0276","fg0645","fg0579","fg0840","fg0082","fg0711","fg0264","fg0109","fg0439","fg0212","fg0089","fg0135","fg0870"
"fq000834","vx_36176049f014b4a4","fg0185","1","fg0185","fg0754","fg0216","fg0497","fg0798","fg0132","fg0840","fg0682","fg0276","fg0109","fg0168","fg0342","fg0212","fg0516","fg0082","fg0135","fg0870","fg0838","fg0257","fg0633"
"fq000835","vx_36176049f014b4a4","fg0185","1","fg0185","fg0754","fg0216","fg0342","fg0497","fg0966","fg0798","fg0769","fg0990","fg0840","fg0439","fg0965","fg0082","fg0132","fg0135","fg0255","fg0579","fg0105","fg0168","fg0559"
"fq000836","vx_36176049f014b4a4","fg0185","1","fg0185","fg0754","fg0458","fg0230","fg0342","fg0727","fg0497","fg0007","fg0966","fg0999","fg0840","fg0562","fg0216","fg0553","fg0579","fg0798","fg0614","fg0645","fg0257","fg0787"
"fq000837","vx_36176049f014b4a4","fg0185","384","fg0361","fg0161","fg0513","fg0539","fg0368","fg0755","fg0435","fg0823","fg0665","fg0796","fg0499","fg0998","fg0211","fg0268","fg0056","fg0880","fg0084","fg0489","fg0372","fg0588"
"fq000838","vx_36176049f014b4a4","fg0185","1","fg0185","fg0754","fg0966","fg0342","fg0497","fg0230","fg0579","fg0698","fg0216","fg0999","fg0695","fg0458","fg0513","fg0823","fg0212","fg0401","fg0562","fg0056","fg0082","fg0439"
"fq000839","vx_36176049f014b4a4","fg0185","1","fg0185","fg0754","fg0342","fg0553","fg0720","fg0999","fg0562","fg0963","fg0230","fg0727","fg0458","fg0007","fg0579","fg0212","fg0614","fg0787","fg0695","fg0105","fg0559","fg0110"
"fq000840","vx_36176049f014b4a4","fg0185","1","fg0185","fg0754","fg0216","fg0798","fg0497","fg0840","fg0342","fg0132","fg0838","fg0082","fg0109","fg0257","fg0682","fg0168","fg0212","fg0069","fg0645","fg0135","fg0264","fg0966"
"fq000841","vx_36176049f014b4a4","fg0185","1","fg0185","fg0754","fg0497","fg0216","fg0342","fg0840","fg0798","fg0966","fg0264","fg0132","fg0870","fg0082","fg0645","fg0711","fg0135","fg0439","fg0579","fg0493","fg0242","fg0109"
"fq000842","vx_36176049f014b4a4","fg0185","1","fg0185","fg0754","fg0216","fg0798","fg0497","fg0840","fg0132","fg0168","fg0069","fg0838","fg0109","fg0439","fg0257","fg0870","fg0082","fg0121","fg0682","fg0135","fg0645","fg0242"
"fq000843","vx_36176049f014b4a4","fg0185","1","fg0185","fg0754","fg0675","fg0868","fg0965","fg0769","fg0276","fg0539","fg0740","fg0195","fg0656","fg0955","fg0527","fg0105","fg0559","fg0068","fg0455","fg0621","fg0203","fg0553"
"fq000844","vx_36176049f014b4a4","fg0185","1","fg0185","fg0754","fg0216","fg0497","fg0798","fg0682","fg0132","fg0840","fg0109","fg0870","fg0071","fg0276","fg0212","fg0121","fg0645","fg0082","fg0135","fg0838","fg0286","fg0069"
"fq000845","vx_36176049f014b4a4","fg0185","1","fg0185","fg0754","fg0798","fg0216","fg0497","fg0069","fg0132","fg0840","fg0569","fg0264","fg0257","fg0109","fg0394","fg0493","fg0645","fg0168","fg0935","fg0682","fg0082","fg0838"
"fq000846","vx_36176049f014b4a4","fg0185","1","fg0185","fg0754","fg0216","fg0497","fg0682","fg0798","fg0132","fg0840","fg0109","fg0071","fg0870","fg0645","fg0135","fg0168","fg0212","fg0838","fg0082","fg0069","fg0439","fg0257"
"fq000847","vx_36176049f014b4a4","fg0185","1","fg0185","fg0754","fg0497","fg0216","fg0840","fg0682","fg0132","fg0645","fg0870","fg0276","fg0071","fg0109","fg0798","fg0711","fg0135","fg0516","fg0838","fg0212","fg0168","fg0286"
"fq000848","vx_36176049f014b4a4","fg0185","1","fg0185","fg0754","fg0216","fg0798","fg0497","fg0132","fg0840","fg0082","fg0682","fg0109","fg0439","fg0212","fg0257","fg0838","fg0069","fg0264","fg0870","fg0342","fg0645","fg0394"
"fq000849","vx_36176049f014b4a4","fg0185","1","fg0185","fg0754","fg0966","fg0579","fg0769","fg0559","fg0216","fg0105","fg0607","fg0698","fg0825","fg0965","fg0342","fg0016","fg0539","fg0493","fg0497","fg0458","fg0276","fg0264"
"fq000850","vx_36176049f014b4a4","fg0185","1","fg0185","fg0754","fg0216","fg0497","fg0798","fg0682","fg0840","fg0132","fg0109","fg0870","fg0212","fg0342","fg0439","fg0168","fg0838","fg0071","fg0069","fg0645","fg0082","fg0569"
"fq000851","vx_36176049f014b4a4","fg0185","18","fg0488","fg0635","fg0380","fg0539","fg0632","fg0588","fg0363","fg0965","fg0105","fg0584","fg0868","fg0224","fg0769","fg0435","fg0559","fg0195","fg0553","fg0185","fg0357","fg0666"
"fq000852","vx_36176049f014b4a4","fg0185","1","fg0185","fg0754","fg0216","fg0497","fg0276","fg0071","fg0870","fg0286","fg0516","fg0682","fg0242","fg0132","fg0069","fg0840","fg0135","fg0801","fg0645","fg0711","fg0264","fg0658"
"fq000853","vx_36176049f014b4a4","fg0185","1","fg0185","fg0754","fg0216","fg0497","fg0682","fg0276","fg0840","fg0798","fg0132","fg0516","fg0109","fg0870","fg0071","fg0212","fg0135","fg0286","fg0342","fg0711","fg0838","fg0121"
"fq000854","vx_36176049f014b4a4","fg0185","1","fg0185","fg0754","fg0965","fg0559","fg0105","fg0216","fg0769","fg0539","fg0868","fg0771","fg0497","fg0579","fg0843","fg0082","fg0342","fg0132","fg0990","fg0516","fg0016","fg0439"
"fq000855","vx_36176049f014b4a4","fg0185","1","fg0185","fg0754","fg0216","fg0497","fg0840","fg0132","fg0276","fg0682","fg0870","fg0516","fg0838","fg0635","fg0439","fg0109","fg0071","fg0645","fg0380","fg0711","fg0135","fg0257"
"fq000856","vx_36176049f014b4a4","fg0185","1","fg0185","fg0754","fg0966","fg0559","fg0105","fg0513","fg0579","fg0342","fg0230","fg0965","fg0695","fg0588","fg0755","fg0539","fg0497","fg0698","fg0975","fg0727","fg0334","fg0212"
"fq000857","vx_26d2f0afa1bebe35","fg0186","1","fg0186","fg0142","fg0747","fg0247","fg0037","fg0885","fg0843","fg0282","fg0848","fg0533","fg0879","fg0624","fg0513","fg0453","fg0390","fg0485","fg0046","fg0586","fg0289","fg0694"
"fq000858","vx_f39ed43ed2fd32a9","fg0187","1","fg0187","fg0226","fg0064","fg0911","fg0274","fg0979","fg0473","fg0368","fg0889","fg0003","fg0832","fg0346","fg0057","fg0108","fg0718","fg0137","fg0567","fg0144","fg0468","fg0234"
"fq000859","vx_f39ed43ed2fd32a9","fg0187","1","fg0187","fg0226","fg0274","fg0979","fg0064","fg0911","fg0137","fg0473","fg0368","fg0540","fg0947","fg0743","fg0346","fg0057","fg0156","fg0144","fg0497","fg0234","fg0889","fg0468"
"fq000860","vx_f39ed43ed2fd32a9","fg0187","1","fg0187","fg0979","fg0274","fg0226","fg0064","fg0911","fg0137","fg0743","fg0567","fg0473","fg0368","fg0497","fg0540","fg0947","fg0144","fg0346","fg0057","fg0889","fg0234","fg0535"
"fq000861","vx_8b7a69f624e1a65f","fg0188","1","fg0188","fg0602","fg0686","fg0472","fg0629","fg0096","fg0788","fg0429","fg0833","fg0803","fg0010","fg0709","fg0265","fg0005","fg0466","fg0459","fg0749","fg0503","fg0582","fg0388"
"fq000862","vx_4860bf36cb98ead3","fg0189","1","fg0189","fg0237","fg0236","fg0075","fg0225","fg0778","fg0600","fg0041","fg0681","fg0723","fg0994","fg0278","fg0496","fg0996","fg0130","fg0580","fg0028","fg0636","fg0409","fg0420"
"fq000863","vx_185f4683078dcd40","fg0190","1","fg0190","fg0735","fg0239","fg0561","fg0652","fg0097","fg0670","fg0683","fg0558","fg0068","fg0277","fg0953","fg0928","fg0176","fg0297","fg0909","fg0461","fg0570","fg0763","fg0179"
"fq000864","vx_01f1a48c4da6327d","fg0191","2","fg0831","fg0191","fg0117","fg0334","fg0531","fg0841","fg0747","fg0235","fg0247","fg0544","fg0907","fg0367","fg0409","fg0513","fg0843","fg0278","fg0377","fg0783","fg0211","fg0390"
"fq000865","vx_01f1a48c4da6327d","fg0191","2","fg0975","fg0191","fg0831","fg0276","fg0656","fg0334","fg0117","fg0098","fg0950","fg0494","fg0595","fg0899","fg0587","fg0631","fg0642","fg0822","fg0437","fg0955","fg0081","fg0956"
"fq000866","vx_01f1a48c4da6327d","fg0191","2","fg0831","fg0191","fg0334","fg0117","fg0841","fg0747","fg0531","fg0235","fg0247","fg0544","fg0907","fg0367","fg0513","fg0319","fg0843","fg0767","fg0278","fg0138","fg0409","fg0390"
"fq000867","vx_01f1a48c4da6327d","fg0191","4","fg0247","fg0747","fg0831","fg0191","fg0843","fg0282","fg0334","fg0513","fg0390","fg0117","fg0624","fg0841","fg0278","fg0166","fg0377","fg0907","fg0449","fg0723","fg0746","fg0235"
"fq000868","vx_01f1a48c4da6327d","fg0191","2","fg0831","fg0191","fg0334","fg0117","fg0247","fg0531","fg0513","fg0747","fg0907","fg0841","fg0235","fg0367","fg0843","fg0211","fg0278","fg0166","fg0994","fg0390","fg0409","fg0282"
"fq000869","vx_01f1a48c4da6327d","fg0191","2","fg0831","fg0191","fg0247","fg0747","fg0334","fg0843","fg0282","fg0117","fg0975","fg0276","fg0656","fg0955","fg0513","fg0841","fg0390","fg0624","fg0712","fg0437","fg0268","fg0211"
"fq000870","vx_01f1a48c4da6327d","fg0191","4","fg0247","fg0831","fg0747","fg0191","fg0282","fg0334","fg0843","fg0117","fg0390","fg0513","fg0624","fg0841","fg0531","fg0235","fg0278","fg0746","fg0907","fg0166","fg0206","fg0377"
"fq000871","vx_01f1a48c4da6327d","fg0191","4","fg0247","fg0747","fg0831","fg0191","fg0282","fg0843","fg0513","fg0334","fg0390","fg0117","fg0624","fg0278","fg0841","fg0166","fg0746","fg0723","fg0907","fg0127","fg0235","fg0531"
"fq000872","vx_01f1a48c4da6327d","fg0191","9","fg0247","fg0747","fg0282","fg0843","fg0390","fg0513","fg0624","fg0831","fg0191","fg0746","fg0206","fg0975","fg0117","fg0334","fg0211","fg0293","fg0127","fg0693","fg0960","fg0098"
"fq000873","vx_01f1a48c4da6327d","fg0191","2","fg0831","fg0191","fg0247","fg0747","fg0334","fg0282","fg0843","fg0513","fg0117","fg0841","fg0531","fg0390","fg0278","fg0624","fg0235","fg0994","fg0675","fg0166","fg0907","fg0723"
"fq000874","vx_01f1a48c4da6327d","fg0191","2","fg0831","fg0191","fg0334","fg0117","fg0747","fg0841","fg0247","fg0907","fg0531","fg0513","fg0367","fg0235","fg0211","fg0843","fg0544","fg0319","fg0767","fg0390","fg0282","fg0783"
"fq000875","vx_01f1a48c4da6327d","fg0191","7","fg0247","fg0747","fg0282","fg0843","fg0513","fg0390","fg0191","fg0831","fg0624","fg0975","fg0206","fg0334","fg0211","fg0746","fg0098","fg0276","fg0631","fg0127","fg0955","fg0587"
"fq000876","vx_01f1a48c4da6327d","fg0191","4","fg0247","fg0747","fg0831","fg0191","fg0843","fg0282","fg0513","fg0390","fg0334","fg0117","fg0624","fg0278","fg0166","fg0841","fg0746","fg0723","fg0127","fg0235","fg0907","fg0060"
"fq000877","vx_01f1a48c4da6327d","fg0191","2","fg0831","fg0191","fg0747","fg0247","fg0843","fg0117","fg0334","fg0282","fg0513","fg0841","fg0390","fg0531","fg0235","fg0544","fg0367","fg0624","fg0907","fg0278","fg0166","fg0377"
"fq000878","vx_01f1a48c4da6327d","fg0191","6","fg0247","fg0747","fg0282","fg0843","fg0831","fg0191","fg0390","fg0624","fg0513","fg0334","fg0975","fg0206","fg0117","fg0746","fg0098","fg0587","fg0841","fg0693","fg0631","fg0211"
"fq000879","vx_01f1a48c4da6327d","fg0191","2","fg0831","fg0191","fg0334","fg0247","fg0747","fg0117","fg0513","fg0843","fg0841","fg0282","fg0907","fg0531","fg0235","fg0278","fg0390","fg0166","fg0367","fg0211","fg0723","fg0544"
"fq000880","vx_01f1a48c4da6327d","fg0191","2","fg0831","fg0191","fg0334","fg0117","fg0841","fg0531","fg0367","fg0907","fg0747","fg0235","fg0544","fg0247","fg0783","fg0513","fg0767","fg0421","fg0319","fg0211","fg0098","fg0880"
"fq000881","vx_01f1a48c4da6327d","fg0191","2","fg0831","fg0191","fg0117","fg0334","fg0841","fg0531","fg0783","fg0319","fg0767","fg0367","fg0235","fg0544","fg0421","fg0218","fg0907","fg0880","fg0409","fg0098","fg0258","fg0184"
"fq000882","vx_01f1a48c4da6327d","fg0191","3","fg0247","fg0747","fg0191","fg0282","fg0843","fg0831","fg0513","fg0955","fg0211","fg0960","fg0656","fg0975","fg0390","fg0675","fg0276","fg0334","fg0293","fg0203","fg0841","fg0907"
"fq000883","vx_01f1a48c4da6327d","fg0191","2","fg0831","fg0191","fg0247","fg0747","fg0843","fg0334","fg0282","fg0117","fg0975","fg0276","fg0960","fg0656","fg0955","fg0841","fg0390","fg0513","fg0235","fg0377","fg0624","fg0268"
"fq000884","vx_01f1a48c4da6327d","fg0191","6","fg0247","fg0747","fg0282","fg0843","fg0831","fg0191","fg0513","fg0390","fg0975","fg0624","fg0334","fg0211","fg0746","fg0117","fg0276","fg0127","fg0206","fg0631","fg0656","fg0235"
"fq000885","vx_01f1a48c4da6327d","fg0191","2","fg0831","fg0191","fg0247","fg0747","fg0282","fg0843","fg0334","fg0117","fg0975","fg0656","fg0390","fg0276","fg0955","fg0841","fg0513","fg0624","fg0211","fg0206","fg0631","fg0235"
"fq000886","vx_01f1a48c4da6327d","fg0191","3","fg0247","fg0747","fg0191","fg0831","fg0843","fg0282","fg0513","fg0334","fg0975","fg0390","fg0117","fg0907","fg0211","fg0841","fg0276","fg0624","fg0098","fg0206","fg0531","fg0235"
"fq000887","vx_01f1a48c4da6327d","fg0191","2","fg0831","fg0191","fg0334","fg0117","fg0247","fg0747","fg0841","fg0513","fg0531","fg0843","fg0544","fg0907","fg0235","fg0278","fg0282","fg0390","fg0166","fg0367","fg0723","fg0211"
"fq000888","vx_01f1a48c4da6327d","fg0191","2","fg0831","fg0191","fg0334","fg0117","fg0247","fg0747","fg0843","fg0282","fg0841","fg0513","fg0390","fg0531","fg0907","fg0235","fg0367","fg0278","fg0624","fg0211","fg0166","fg0377"
"fq000889","vx_01f1a48c4da6327d","fg0191","2","fg0960","fg0191","fg0831","fg0975","fg0656","fg0276","fg0955","fg0117","fg0444","fg0211","fg0293","fg0353","fg0675","fg0841","fg0084","fg0437","fg0868","fg0494","fg0544","fg0334"
"fq000890","vx_01f1a48c4da6327d","fg0191","1","fg0191","fg0831","fg0656","fg0975","fg0276","fg0955","fg0334","fg0211","fg0117","fg0907","fg0675","fg0841","fg0531","fg0235","fg0960","fg0513","fg0544","fg0631","fg0138","fg0822"
"fq000891","vx_01f1a48c4da6327d","fg0191","2","fg0831","fg0191","fg0117","fg0334","fg0531","fg0841","fg0235","fg0907","fg0211","fg0783","fg0367","fg0409","fg0544","fg0767","fg0513","fg0880","fg0319","fg0328","fg0166","fg0588"
"fq000892","vx_01f1a48c4da6327d","fg0191","5","fg0247","fg0747","fg0282","fg0843","fg0191","fg0831","fg0513","fg0334","fg0390","fg0975","fg0624","fg0117","fg0098","fg0841","fg0746","fg0587","fg0206","fg0235","fg0276","fg0631"
"fq000893","vx_01f1a48c4da6327d","fg0191","5","fg0247","fg0747","fg0831","fg0843","fg0191","fg0513","fg0282","fg0975","fg0955","fg0390","fg0656","fg0293","fg0334","fg0276","fg0098","fg0211","fg0117","fg0960","fg0841","fg0127"
"fq000894","vx_01f1a48c4da6327d","fg0191","2","fg0831","fg0191","fg0247","fg0747","fg0843","fg0282","fg0117","fg0390","fg0334","fg0513","fg0624","fg0841","fg0544","fg0235","fg0211","fg0767","fg0060","fg0531","fg0783","fg0166"
"fq000895","vx_01f1a48c4da6327d","fg0191","2","fg0831","fg0191","fg0334","fg0117","fg0531","fg0907","fg0841","fg0235","fg0211","fg0513","fg0367","fg0278","fg0747","fg0247","fg0544","fg0409","fg0166","fg0880","fg0783","fg0377"
"fq000896","vx_01f1a48c4da6327d","fg0191","4","fg0247","fg0747","fg0831","fg0191","fg0282","fg0843","fg0513","fg0334","fg0975","fg0390","fg0117","fg0624","fg0276","fg0841","fg0960","fg0656","fg0206","fg0631","fg0098","fg0746"
"fq000897","vx_01f1a48c4da6327d","fg0191","2","fg0831","fg0191","fg0247","fg0747","fg0334","fg0975","fg0117","fg0843","fg0282","fg0513","fg0390","fg0276","fg0841","fg0955","fg0656","fg0211","fg0624","fg0907","fg0544","fg0293"
"fq000898","vx_01f1a48c4da6327d","fg0191","2","fg0831","fg0191","fg0334","fg0117","fg0278","fg0513","fg0723","fg0841","fg0907","fg0166","fg0531","fg0747","fg0377","fg0247","fg0235","fg0783","fg0367","fg0449","fg0767","fg0843"
"fq000899","vx_01f1a48c4da6327d","fg0191","2","fg0831","fg0191","fg0247","fg0747","fg0334","fg0117","fg0843","fg0282","fg0513","fg0841","fg0390","fg0531","fg0907","fg0235","fg0624","fg0211","fg0166","fg0544","fg0278","fg0367"
"fq000900","vx_01f1a48c4da6327d","fg0191","1","fg0191","fg0975","fg0831","fg0334","fg0960","fg0276","fg0656","fg0117","fg0494","fg0098","fg0841","fg0950","fg0595","fg0822","fg0631","fg0444","fg0437","fg0081","fg0956","fg0367"
"fq000901","vx_01f1a48c4da6327d","fg0191","1","fg0191","fg0831","fg0955","fg0656","fg0675","fg0841","fg0868","fg0334","fg0740","fg0276","fg0437","fg0203","fg0117","fg0268","fg0907","fg0769","fg0539","fg0919","fg0211","fg0471"
"fq000902","vx_01f1a48c4da6327d","fg0191","2","fg0831","fg0191","fg0334","fg0117","fg0531","fg0841","fg0235","fg0247","fg0747","fg0513","fg0907","fg0278","fg0166","fg0723","fg0994","fg0409","fg0390","fg0435","fg0843","fg0367"
"fq000903","vx_01f1a48c4da6327d","fg0191","2","fg0975","fg0191","fg0960","fg0276","fg0831","fg0656","fg0098","fg0444","fg0211","fg0247","fg0955","fg0747","fg0494","fg0353","fg0293","fg0738","fg0595","fg0631","fg0675","fg0950"
"fq000904","vx_01f1a48c4da6327d","fg0191","2","fg0831","fg0191","fg0334","fg0117","fg0907","fg0841","fg0513","fg0531","fg0235","fg0747","fg0767","fg0367","fg0783","fg0421","fg0588","fg0319","fg0247","fg0211","fg0951","fg0544"
"fq000905","vx_01f1a48c4da6327d","fg0191","2","fg0831","fg0191","fg0334","fg0117","fg0247","fg0747","fg0513","fg0841","fg0907","fg0531","fg0843","fg0367","fg0282","fg0235","fg0767","fg0390","fg0278","fg0319","fg0783","fg0421"
"fq000906","vx_c1b25b28e503ae28","fg0192","1","fg0192","fg0700","fg0899","fg0054","fg0146","fg0045","fg0825","fg0359","fg0515","fg0101","fg0773","fg0617","fg0003","fg0903","fg0106","fg0883","fg0594","fg0690","fg0323","fg0697"
"fq000907","vx_dd907b77993501be","fg0193","1","fg0193","fg0996","fg0041","fg0451","fg0748","fg0395","fg0728","fg0055","fg0809","fg0307","fg0861","fg0160","fg0398","fg0760","fg0531","fg0264","fg0452","fg0615","fg0052","fg0396"
"fq000908","vx_197ed2deba1ca79e","fg0194","1","fg0194","fg0776","fg0180","fg0727","fg0915","fg0790","fg0816","fg0676","fg0085","fg0507","fg0023","fg0344","fg0578","fg0731","fg0585","fg0761","fg0217","fg0818","fg0525","fg0536"
"fq000909","vx_ee919c2dffe0c71e","fg0195","1","fg0195","fg0211","fg0043","fg0802","fg0547","fg0688","fg0951","fg0119","fg0138","fg0591","fg0820","fg0423","fg0572","fg0626","fg0853","fg0796","fg0322","fg0002","fg0949","fg0540"
"fq000910","vx_adf8118ec20aaad5","fg0196","1","fg0196","fg0783","fg0642","fg0271","fg0421","fg0319","fg0218","fg0767","fg0184","fg0494","fg0155","fg0347","fg0064","fg0587","fg0475","fg0557","fg0331","fg0892","fg0312","fg0779"
"fq000911","vx_adf8118ec20aaad5","fg0196","1","fg0196","fg0271","fg0783","fg0642","fg0421","fg0218","fg0587","fg0319","fg0155","fg0767","fg0494","fg0779","fg0557","fg0064","fg0233","fg0461","fg0892","fg0184","fg0331","fg0347"
"fq000912","vx_315fba10c6127837","fg0197","1","fg0197","fg0675","fg0469","fg0895","fg0772","fg0584","fg0018","fg0740","fg0910","fg0042","fg0579","fg0854","fg0656","fg0159","fg0973","fg0889","fg0919","fg0588","fg0195","fg0583"
"fq000913","vx_315fba10c6127837","fg0197","1","fg0197","fg0469","fg0895","fg0772","fg0018","fg0675","fg0690","fg0583","fg0866","fg0973","fg0854","fg0821","fg0042","fg0584","fg0436","fg0579","fg0719","fg0588","fg0847","fg0124"
"fq000914","vx_315fba10c6127837","fg0197","1","fg0197","fg0895","fg0469","fg0772","fg0018","fg0584","fg0910","fg0113","fg0854","fg0719","fg0690","fg0407","fg0740","fg0675","fg0722","fg0919","fg0042","fg0973","fg0579","fg0583"
"fq000915","vx_315fba10c6127837","fg0197","1","fg0197","fg0895","fg0469","fg0772","fg0018","fg0584","fg0910","fg0675","fg0159","fg0113","fg0579","fg0854","fg0270","fg0740","fg0588","fg0042","fg0695","fg0559","fg0919","fg0294"
"fq000916","vx_315fba10c6127837","fg0197","1","fg0197","fg0469","fg0895","fg0772","fg0018","fg0675","fg0579","fg0854","fg0973","fg0588","fg0584","fg0559","fg0407","fg0583","fg0847","fg0159","fg0042","fg0889","fg0113","fg0835"
"fq000917","vx_315fba10c6127837","fg0197","1","fg0197","fg0895","fg0772","fg0469","fg0270","fg0910","fg0579","fg0584","fg0018","fg0159","fg0173","fg0719","fg0298","fg0675","fg0722","fg0695","fg0407","fg0740","fg0854","fg0973"
"fq000918","vx_315fba10c6127837","fg0197","1","fg0197","fg0895","fg0469","fg0772","fg0854","fg0583","fg0018","fg0675","fg0584","fg0719","fg0559","fg0588","fg0579","fg0113","fg0407","fg0402","fg0159","fg0042","fg0905","fg0758"
"fq000919","vx_315fba10c6127837","fg0197","1","fg0197","fg0469","fg0895","fg0018","fg0579","fg0772","fg0854","fg0584","fg0588","fg0159","fg0407","fg0973","fg0889","fg0583","fg0559","fg0412","fg0589","fg0270","fg0910","fg0767"
"fq000920","vx_315fba10c6127837","fg0197","1","fg0197","fg0469","fg0895","fg0772","fg0854","fg0559","fg0584","fg0159","fg0113","fg0018","fg0588","fg0579","fg0675","fg0767","fg0889","fg0150","fg0973","fg0412","fg0783","fg0847"
"fq000921","vx_315fba10c6127837","fg0197","1","fg0197","fg0895","fg0469","fg0772","fg0042","fg0719","fg0690","fg0018","fg0579","fg0854","fg0159","fg0584","fg0821","fg0847","fg0767","fg0758","fg0910","fg0583","fg0740","fg0783"
"fq000922","vx_315fba10c6127837","fg0197","1","fg0197","fg0854","fg0583","fg0469","fg0719","fg0895","fg0579","fg0320","fg0886","fg0772","fg0758","fg0270","fg0584","fg0889","fg0867","fg0159","fg0018","fg0589","fg0533","fg0298"
"fq000923","vx_315fba10c6127837","fg0197","1","fg0197","fg0895","fg0469","fg0772","fg0270","fg0579","fg0854","fg0159","fg0584","fg0018","fg0719","fg0889","fg0298","fg0722","fg0397","fg0412","fg0105","fg0589","fg0695","fg0847"
"fq000924","vx_315fba10c6127837","fg0197","1","fg0197","fg0270","fg0895","fg0469","fg0719","fg0159","fg0910","fg0584","fg0173","fg0772","fg0854","fg0579","fg0695","fg0143","fg0675","fg0767","fg0018","fg0690","fg0973","fg0769"
"fq000925","vx_315fba10c6127837","fg0197","1","fg0197","fg0270","fg0895","fg0469","fg0854","fg0159","fg0583","fg0320","fg0772","fg0719","fg0579","fg0584","fg0018","fg0886","fg0889","fg0722","fg0397","fg0910","fg0113","fg0867"
"fq000926","vx_315fba10c6127837","fg0197","1","fg0197","fg0895","fg0469","fg0772","fg0018","fg0584","fg0579","fg0270","fg0719","fg0910","fg0159","fg0847","fg0690","fg0854","fg0213","fg0298","fg0525","fg0973","fg0407","fg0889"
"fq000927","vx_533a914f811b8efd","fg0198","1","fg0198","fg0305","fg0748","fg0710","fg0137","fg0028","fg0114","fg0406","fg0178","fg0452","fg0491","fg0232","fg0011","fg0338","fg0360","fg0489","fg0771","fg0105","fg0264","fg0956"
"fq000928","vx_533a914f811b8efd","fg0198","1","fg0198","fg0305","fg0748","fg0137","fg0710","fg0028","fg0114","fg0406","fg0178","fg0491","fg0232","fg0338","fg0011","fg0452","fg0105","fg0264","fg0489","fg0360","fg0771","fg0956"
"fq000929","vx_533a914f811b8efd","fg0198","1","fg0198","fg0305","fg0748","fg0137","fg0710","fg0028","fg0114","fg0406","fg0178","fg0338","fg0491","fg0105","fg0452","fg0489","fg0232","fg0264","fg0011","fg0771","fg0487","fg0956"
"fq000930","vx_533a914f811b8efd","fg0198","1","fg0198","fg0305","fg0748","fg0710","fg0137","fg0028","fg0114","fg0178","fg0406","fg0338","fg0491","fg0232","fg0489","fg0452","fg0105","fg0264","fg0011","fg0771","fg0181","fg0487"
"fq000931","vx_533a914f811b8efd","fg0198","1","fg0198","fg0305","fg0748","fg0137","fg0710","fg0114","fg0028","fg0406","fg0178","fg0011","fg0338","fg0105","fg0232","fg0491","fg0452","fg0264","fg0771","fg0489","fg0956","fg0181"
"fq000932","vx_533a914f811b8efd","fg0198","1","fg0198","fg0305","fg0748","fg0710","fg0137","fg0028","fg0114","fg0406","fg0178","fg0491","fg0338","fg0011","fg0232","fg0452","fg0489","fg0264","fg0105","fg0771","fg0360","fg0916"
"fq000933","vx_533a914f811b8efd","fg0198","1","fg0198","fg0305","fg0748","fg0137","fg0710","fg0028","fg0114","fg0406","fg0491","fg0178","fg0232","fg0338","fg0011","fg0452","fg0105","fg0264","fg0489","fg0181","fg0771","fg0742"
"fq000934","vx_533a914f811b8efd","fg0198","1","fg0198","fg0305","fg0748","fg0137","fg0710","fg0028","fg0114","fg0178","fg0406","fg0105","fg0491","fg0232","fg0338","fg0011","fg0452","fg0489","fg0264","fg0771","fg0360","fg0487"
"fq000935","vx_533a914f811b8efd","fg0198","1","fg0198","fg0305","fg0748","fg0137","fg0710","fg0114","fg0028","fg0406","fg0338","fg0491","fg0178","fg0264","fg0489","fg0232","fg0011","fg0452","fg0590","fg0181","fg0956","fg0487"
"fq000936","vx_533a914f811b8efd","fg0198","1","fg0198","fg0305","fg0748","fg0710","fg0137","fg0114","fg0028","fg0406","fg0178","fg0491","fg0105","fg0011","fg0232","fg0452","fg0338","fg0771","fg0965","fg0489","fg0360","fg0956"
"fq000937","vx_533a914f811b8efd","fg0198","1","fg0198","fg0305","fg0748","fg0137","fg0710","fg0028","fg0114","fg0406","fg0178","fg0338","fg0452","fg0491","fg0232","fg0105","fg0011","fg0489","fg0264","fg0771","fg0181","fg0965"
"fq000938","vx_533a914f811b8efd","fg0198","1","fg0198","fg0305","fg0748","fg0137","fg0710","fg0114","fg0028","fg0406","fg0178","fg0105","fg0011","fg0491","fg0452","fg0232","fg0338","fg0965","fg0489","fg0264","fg0638","fg0181"
"fq000939","vx_533a914f811b8efd","fg0198","1","fg0198","fg0305","fg0748","fg0137","fg0710","fg0114","fg0028","fg0406","fg0178","fg0232","fg0011","fg0338","fg0489","fg0452","fg0264","fg0491","fg0360","fg0916","fg0771","fg0637"
"fq000940","vx_533a914f811b8efd","fg0198","1","fg0198","fg0305","fg0748","fg0137","fg0710","fg0028","fg0114","fg0406","fg0178","fg0232","fg0491","fg0338","fg0011","fg0105","fg0452","fg0489","fg0264","fg0360","fg0487","fg0771"
"fq000941","vx_533a914f811b8efd","fg0198","1","fg0198","fg0305","fg0748","fg0137","fg0710","fg0114","fg0028","fg0406","fg0105","fg0338","fg0452","fg0011","fg0491","fg0232","fg0178","fg0771","fg0956","fg0264","fg0923","fg0504"
"fq000942","vx_533a914f811b8efd","fg0198","1","fg0198","fg0305","fg0748","fg0137","fg0710","fg0028","fg0114","fg0406","fg0491","fg0178","fg0338","fg0232","fg0105","fg0011","fg0452","fg0771","fg0181","fg0965","fg0489","fg0638"
"fq000943","vx_533a914f811b8efd","fg0198","1","fg0198","fg0305","fg0748","fg0710","fg0137","fg0028","fg0114","fg0178","fg0406","fg0491","fg0105","fg0232","fg0338","fg0452","fg0360","fg0489","fg0011","fg0264","fg0771","fg0965"
"fq000944","vx_533a914f811b8efd","fg0198","1","fg0198","fg0305","fg0748","fg0710","fg0137","fg0028","fg0114","fg0178","fg0406","fg0491","fg0338","fg0011","fg0452","fg0264","fg0489","fg0232","fg0360","fg0771","fg0105","fg0181"
"fq000945","vx_533a914f811b8efd","fg0198","1","fg0198","fg0305","fg0748","fg0137","fg0710","fg0114","fg0028","fg0406","fg0178","fg0338","fg0491","fg0452","fg0232","fg0105","fg0011","fg0489","fg0264","fg0771","fg0487","fg0923"
"fq000946","vx_533a914f811b8efd","fg0198","1","fg0198","fg0305","fg0748","fg0137","fg0710","fg0114","fg0028","fg0406","fg0232","fg0338","fg0011","fg0491","fg0452","fg0771","fg0178","fg0181","fg0105","fg0742","fg0637","fg0923"
"fq000947","vx_533a914f811b8efd","fg0198","1","fg0198","fg0305","fg0748","fg0137","fg0710","fg0114","fg0028","fg0406","fg0178","fg0232","fg0338","fg0011","fg0491","fg0105","fg0452","fg0264","fg0489","fg0771","fg0181","fg0360"
"fq000948","vx_533a914f811b8efd","fg0198","1","fg0198","fg0305","fg0748","fg0710","fg0137","fg0028","fg0406","fg0491","fg0114","fg0338","fg0264","fg0178","fg0452","fg0489","fg0011","fg0487","fg0956","fg0232","fg0637","fg0590"
"fq000949","vx_533a914f811b8efd","fg0198","1","fg0198","fg0305","fg0748","fg0137","fg0710","fg0114","fg0028","fg0406","fg0178","fg0338","fg0105","fg0011","fg0232","fg0491","fg0452","fg0264","fg0489","fg0360","fg0771","fg0965"
"fq000950","vx_533a914f811b8efd","fg0198","1","fg0198","fg0305","fg0748","fg0137","fg0710","fg0114","fg0028","fg0406","fg0338","fg0178","fg0491","fg0232","fg0105","fg0452","fg0011","fg0264","fg0489","fg0956","fg0181","fg0487"
"fq000951","vx_533a914f811b8efd","fg0198","1","fg0198","fg0305","fg0748","fg0710","fg0137","fg0028","fg0114","fg0406","fg0178","fg0491","fg0338","fg0011","fg0232","fg0452","fg0105","fg0264","fg0489","fg0360","fg0181","fg0742"
"fq000952","vx_adcc56d18b4e29b8","fg0199","1","fg0199","fg0994","fg0447","fg0823","fg0482","fg0880","fg0435","fg0751","fg0890","fg0909","fg0043","fg0373","fg0670","fg0820","fg0904","fg0755","fg0546","fg0104","fg0679","fg0286"
"fq000953","vx_f0df86141e5b253b","fg0200","1","fg0200","fg0115","fg0675","fg0774","fg0663","fg0276","fg0656","fg0527","fg0636","fg0549","fg0791","fg0795","fg0078","fg0217","fg0215","fg0447","fg0955","fg0638","fg0076","fg0429"
"fq000954","vx_7162bccfaf550990","fg0201","1","fg0201","fg0713","fg0478","fg0310","fg0486","fg0704","fg0259","fg0049","fg0363","fg0912","fg0812","fg0414","fg0127","fg0285","fg0679","fg0092","fg0600","fg0300","fg0950","fg0042"
"fq000955","vx_7162bccfaf550990","fg0201","1","fg0201","fg0713","fg0259","fg0478","fg0049","fg0486","fg0704","fg0912","fg0812","fg0127","fg0950","fg0679","fg0890","fg0042","fg0310","fg0012","fg0600","fg0300","fg0285","fg0087"
"fq000956","vx_c949f80f2985c964","fg0202","3","fg0511","fg0917","fg0202","fg0073","fg0846","fg0927","fg0856","fg0404","fg0951","fg0937","fg0153","fg0072","fg0568","fg0069","fg0968","fg0360","fg0680","fg0909","fg0942","fg0137"
"fq000957","vx_90e6caad53e92157","fg0203","5","fg0675","fg0656","fg0276","fg0527","fg0203","fg0955","fg0868","fg0740","fg0430","fg0471","fg0975","fg0965","fg0919","fg0621","fg0353","fg0267","fg0592","fg0524","fg0937","fg0539"
"fq000958","vx_4bd97cdd2e0a3611","fg0204","2","fg0814","fg0204","fg0208","fg0433","fg0506","fg0812","fg0486","fg0685","fg0394","fg0852","fg0743","fg0804","fg0082","fg0978","fg0011","fg0060","fg0478","fg0037","fg0112","fg0254"
"fq000959","vx_4bd97cdd2e0a3611","fg0204","1","fg0204","fg0208","fg0433","fg0814","fg0506","fg0812","fg0486","fg0868","fg0011","fg0919","fg0841","fg0394","fg0203","fg0656","fg0276","fg0743","fg0437","fg0285","fg0777","fg0675"
"fq000960","vx_4bd97cdd2e0a3611","fg0204","1","fg0204","fg0208","fg0433","fg0814","fg0506","fg0812","fg0486","fg0868","fg0143","fg0841","fg0919","fg0011","fg0743","fg0656","fg0478","fg0394","fg0203","fg0675","fg0276","fg0218"
"fq000961","vx_4bd97cdd2e0a3611","fg0204","3","fg0208","fg0814","fg0204","fg0433","fg0506","fg0812","fg0486","fg0276","fg0656","fg0675","fg0494","fg0975","fg0394","fg0743","fg0011","fg0286","fg0950","fg0426","fg0717","fg0788"
"fq000962","vx_4bd97cdd2e0a3611","fg0204","1","fg0204","fg0208","fg0814","fg0433","fg0506","fg0812","fg0486","fg0276","fg0394","fg0675","fg0743","fg0656","fg0011","fg0919","fg0285","fg0777","fg0203","fg0297","fg0958","fg0286"
"fq000963","vx_4bd97cdd2e0a3611","fg0204","1","fg0204","fg0433","fg0208","fg0814","fg0506","fg0812","fg0486","fg0656","fg0203","fg0143","fg0276","fg0478","fg0868","fg0394","fg0777","fg0919","fg0740","fg0675","fg0218","fg0841"
"fq000964","vx_4bd97cdd2e0a3611","fg0204","1","fg0204","fg0208","fg0433","fg0814","fg0506","fg0812","fg0486","fg0868","fg0394","fg0011","fg0656","fg0143","fg0203","fg0919","fg0285","fg0841","fg0743","fg0276","fg0675","fg0218"
"fq000965","vx_4bd97cdd2e0a3611","fg0204","1","fg0204","fg0208","fg0814","fg0433","fg0506","fg0812","fg0486","fg0011","fg0394","fg0285","fg0743","fg0868","fg0815","fg0777","fg0825","fg0958","fg0841","fg0297","fg0276","fg0633"
"fq000966","vx_4bd97cdd2e0a3611","fg0204","1","fg0204","fg0208","fg0814","fg0433","fg0506","fg0812","fg0486","fg0868","fg0394","fg0143","fg0011","fg0743","fg0285","fg0841","fg0478","fg0203","fg0218","fg0717","fg0096","fg0815"
"fq000967","vx_4bd97cdd2e0a3611","fg0204","1","fg0204","fg0208","fg0814","fg0433","fg0156","fg0506","fg0812","fg0738","fg0486","fg0444","fg0960","fg0731","fg0590","fg0313","fg0394","fg0992","fg0815","fg0777","fg0011","fg0743"
"fq000968","vx_4bd97cdd2e0a3611","fg0204","1","fg0204","fg0814","fg0208","fg0433","fg0506","fg0812","fg0486","fg0394","fg0685","fg0868","fg0011","fg0743","fg0143","fg0478","fg0804","fg0852","fg0285","fg0539","fg0480","fg0841"
"fq000969","vx_4bd97cdd2e0a3611","fg0204","1","fg0204","fg0208","fg0433","fg0814","fg0506","fg0812","fg0486","fg0868","fg0394","fg0011","fg0675","fg0656","fg0841","fg0551","fg0919","fg0143","fg0276","fg0203","fg0743","fg0825"
"fq000970","vx_4bd97cdd2e0a3611","fg0204","1","fg0204","fg0208","fg0433","fg0814","fg0506","fg0812","fg0486","fg0868","fg0656","fg0675","fg0919","fg0011","fg0203","fg0276","fg0955","fg0394","fg0841","fg0743","fg0740","fg0218"
"fq000971","vx_7bad75134c97e175","fg0205","1","fg0205","fg0049","fg0393","fg0223","fg0650","fg0929","fg0839","fg0653","fg0540","fg0725","fg0080","fg0432","fg0285","fg0896","fg0482","fg0299","fg0673","fg0694","fg0448","fg0257"
"fq000972","vx_479cf7fcf0450bb9","fg0206","1","fg0206","fg0476","fg0747","fg0753","fg0247","fg0843","fg0898","fg0282","fg0870","fg0509","fg0242","fg0624","fg0516","fg0502","fg0451","fg0500","fg0317","fg0416","fg0806","fg0970"
"fq000973","vx_479cf7fcf0450bb9","fg0206","1","fg0206","fg0476","fg0753","fg0898","fg0747","fg0870","fg0247","fg0282","fg0843","fg0242","fg0509","fg0502","fg0317","fg0451","fg0624","fg0500","fg0516","fg0759","fg0810","fg0970"
"fq000974","vx_479cf7fcf0450bb9","fg0206","1","fg0206","fg0476","fg0747","fg0753","fg0247","fg0509","fg0282","fg0843","fg0898","fg0870","fg0516","fg0242","fg0624","fg0451","fg0077","fg0810","fg0317","fg0970","fg0212","fg0806"
"fq000975","vx_479cf7fcf0450bb9","fg0206","1","fg0206","fg0476","fg0753","fg0747","fg0898","fg0247","fg0870","fg0282","fg0843","fg0509","fg0242","fg0502","fg0451","fg0624","fg0759","fg0317","fg0516","fg0500","fg0416","fg0970"
"fq000976","vx_479cf7fcf0450bb9","fg0206","1","fg0206","fg0476","fg0898","fg0870","fg0747","fg0753","fg0242","fg0247","fg0843","fg0282","fg0502","fg0759","fg0509","fg0548","fg0451","fg0278","fg0516","fg0416","fg0624","fg0855"
"fq000977","vx_479cf7fcf0450bb9","fg0206","1","fg0206","fg0476","fg0898","fg0747","fg0753","fg0247","fg0870","fg0282","fg0242","fg0843","fg0509","fg0502","fg0759","fg0624","fg0451","fg0548","fg0516","fg0416","fg0278","fg0212"
"fq000978","vx_479cf7fcf0450bb9","fg0206","1","fg0206","fg0476","fg0898","fg0753","fg0747","fg0870","fg0247","fg0509","fg0242","fg0282","fg0843","fg0502","fg0759","fg0451","fg0516","fg0212","fg0624","fg0548","fg0970","fg0500"
"fq000979","vx_479cf7fcf0450bb9","fg0206","1","fg0206","fg0476","fg0747","fg0753","fg0898","fg0247","fg0870","fg0282","fg0843","fg0242","fg0509","fg0759","fg0502","fg0451","fg0624","fg0548","fg0516","fg0416","fg0212","fg0500"
"fq000980","vx_479cf7fcf0450bb9","fg0206","1","fg0206","fg0476","fg0753","fg0898","fg0747","fg0870","fg0247","fg0282","fg0242","fg0509","fg0843","fg0502","fg0500","fg0624","fg0451","fg0516","fg0416","fg0475","fg0835","fg0390"
"fq000981","vx_479cf7fcf0450bb9","fg0206","1","fg0206","fg0476","fg0898","fg0753","fg0870","fg0747","fg0247","fg0242","fg0282","fg0843","fg0502","fg0509","fg0759","fg0451","fg0548","fg0500","fg0317","fg0624","fg0516","fg0426"
"fq000982","vx_479cf7fcf0450bb9","fg0206","1","fg0206","fg0476","fg0747","fg0753","fg0898","fg0870","fg0759","fg0247","fg0843","fg0278","fg0282","fg0509","fg0723","fg0242","fg0548","fg0077","fg0451","fg0584","fg0516","fg0855"
"fq000983","vx_479cf7fcf0450bb9","fg0206","1","fg0206","fg0476","fg0898","fg0747","fg0753","fg0870","fg0247","fg0843","fg0242","fg0282","fg0426","fg0502","fg0509","fg0759","fg0451","fg0548","fg0855","fg0278","fg0624","fg0516"
"fq000984","vx_479cf7fcf0450bb9","fg0206","1","fg0206","fg0476","fg0753","fg0898","fg0870","fg0747","fg0247","fg0242","fg0843","fg0282","fg0759","fg0502","fg0509","fg0500","fg0548","fg0278","fg0317","fg0451","fg0516","fg0460"
"fq000985","vx_479cf7fcf0450bb9","fg0206","1","fg0206","fg0476","fg0753","fg0747","fg0898","fg0870","fg0247","fg0843","fg0282","fg0759","fg0242","fg0502","fg0509","fg0548","fg0451","fg0624","fg0500","fg0278","fg0723","fg0855"
"fq000986","vx_479cf7fcf0450bb9","fg0206","1","fg0206","fg0898","fg0870","fg0476","fg0242","fg0502","fg0753","fg0747","fg0759","fg0843","fg0247","fg0282","fg0548","fg0487","fg0824","fg0509","fg0278","fg0855","fg0672","fg0251"
"fq000987","vx_479cf7fcf0450bb9","fg0206","1","fg0206","fg0476","fg0747","fg0753","fg0898","fg0247","fg0282","fg0843","fg0870","fg0509","fg0242","fg0451","fg0502","fg0516","fg0624","fg0500","fg0077","fg0759","fg0317","fg0835"
"fq000988","vx_479cf7fcf0450bb9","fg0206","1","fg0206","fg0476","fg0584","fg0898","fg0747","fg0509","fg0753","fg0417","fg0870","fg0247","fg0282","fg0224","fg0242","fg0843","fg0588","fg0357","fg0355","fg0313","fg0162","fg0077"
"fq000989","vx_479cf7fcf0450bb9","fg0206","1","fg0206","fg0476","fg0898","fg0753","fg0747","fg0870","fg0247","fg0242","fg0843","fg0509","fg0282","fg0451","fg0502","fg0795","fg0245","fg0500","fg0304","fg0108","fg0768","fg0426"
"fq000990","vx_479cf7fcf0450bb9","fg0206","1","fg0206","fg0476","fg0898","fg0753","fg0747","fg0870","fg0247","fg0282","fg0242","fg0843","fg0502","fg0509","fg0759","fg0451","fg0548","fg0624","fg0516","fg0500","fg0416","fg0278"
"fq000991","vx_479cf7fcf0450bb9","fg0206","1","fg0206","fg0476","fg0747","fg0898","fg0753","fg0247","fg0870","fg0282","fg0843","fg0242","fg0502","fg0509","fg0624","fg0451","fg0759","fg0516","fg0500","fg0548","fg0212","fg0806"
"fq000992","vx_479cf7fcf0450bb9","fg0206","1","fg0206","fg0476","fg0753","fg0747","fg0898","fg0247","fg0282","fg0843","fg0870","fg0509","fg0242","fg0502","fg0624","fg0451","fg0500","fg0390","fg0759","fg0516","fg0317","fg0855"
"fq000993","vx_479cf7fcf0450bb9","fg0206","1","fg0206","fg0476","fg0747","fg0753","fg0247","fg0282","fg0898","fg0843","fg0509","fg0870","fg0451","fg0624","fg0242","fg0500","fg0516","fg0317","fg0416","fg0502","fg0077","fg0475"
"fq000994","vx_479cf7fcf0450bb9","fg0206","1","fg0206","fg0476","fg0898","fg0753","fg0747","fg0870","fg0247","fg0843","fg0759","fg0242","fg0282","fg0509","fg0278","fg0548","fg0502","fg0451","fg0723","fg1000","fg0426","fg0460"
"fq000995","vx_479cf7fcf0450bb9","fg0206","1","fg0206","fg0417","fg0476","fg0898","fg0870","fg0357","fg0747","fg0584","fg0509","fg0247","fg0355","fg0363","fg0753","fg0242","fg0282","fg0843","fg0313","fg1000","fg0224","fg0887"
"fq000996","vx_479cf7fcf0450bb9","fg0206","1","fg0206","fg0476","fg0753","fg0747","fg0898","fg0247","fg0870","fg0282","fg0843","fg0242","fg0509","fg0502","fg0451","fg0624","fg0516","fg0077","fg0970","fg0500","fg0317","fg0759"
"fq000997","vx_479cf7fcf0450bb9","fg0206","1","fg0206","fg0476","fg0898","fg0870","fg0747","fg0753","fg0247","fg0242","fg0843","fg0282","fg0502","fg0426","fg0855","fg0509","fg0759","fg0810","fg0584","fg0278","fg0548","fg0723"
"fq000998","vx_479cf7fcf0450bb9","fg0206","1","fg0206","fg0476","fg0898","fg0747","fg0753","fg0870","fg0247","fg0282","fg0509","fg0242","fg0843","fg0759","fg0584","fg0502","fg0451","fg0077","fg0516","fg0548","fg0278","fg0723"
"fq000999","vx_479cf7fcf0450bb9","fg0206","1","fg0206","fg0487","fg0759","fg0033","fg0476","fg0870","fg0479","fg0753","fg0898","fg0590","fg0452","fg0548","fg0747","fg0817","fg0251","fg0502","fg0247","fg0701","fg0855","fg0221"
"fq001000","vx_479cf7fcf0450bb9","fg0206","1","fg0206","fg0476","fg0898","fg0747","fg0870","fg0753","fg0247","fg0242","fg0282","fg0502","fg0843","fg0509","fg0759","fg0624","fg0451","fg0824","fg0970","fg0500","fg0548","fg0672"
"fq001001","vx_479cf7fcf0450bb9","fg0206","1","fg0206","fg0476","fg0898","fg0870","fg0747","fg0753","fg0247","fg0242","fg0282","fg0843","fg0502","fg0509","fg0759","fg0451","fg0624","fg0835","fg0416","fg0516","fg0548","fg0212"
"fq001002","vx_7fc96b0a42b577fa","fg0207","1","fg0207","fg0684","fg0986","fg0770","fg0688","fg0328","fg0403","fg0038","fg0690","fg0973","fg0040","fg0815","fg0594","fg0841","fg0269","fg0591","fg0130","fg0339","fg0988","fg0055"
"fq001003","vx_a80c872aae38e2e5","fg0208","1","fg0208","fg0433","fg0814","fg0506","fg0204","fg0812","fg0486","fg0717","fg0777","fg0815","fg0152","fg0992","fg0322","fg0704","fg0426","fg0551","fg0478","fg0011","fg0858","fg0790"
"fq001004","vx_f26615e2ff6f294a","fg0209","1","fg0209","fg0103","fg0287","fg0448","fg0367","fg0869","fg0706","fg0090","fg0227","fg0253","fg0387","fg0894","fg0905","fg0745","fg0626","fg0016","fg0663","fg0697","fg0955","fg0281"
"fq001005","vx_6936c178cbcdcdcb","fg0210","1","fg0210","fg0093","fg0522","fg0351","fg0261","fg0124","fg0866","fg0436","fg0343","fg0273","fg0310","fg0654","fg0643","fg0918","fg0666","fg0773","fg0414","fg0386","fg0077","fg0540"
"fq001006","vx_6936c178cbcdcdcb","fg0210","1","fg0210","fg0124","fg0436","fg0866","fg0093","fg0351","fg0522","fg0261","fg0918","fg0774","fg0900","fg0310","fg0643","fg0273","fg0414","fg0666","fg0632","fg0386","fg0343","fg0773"
"fq001007","vx_6936c178cbcdcdcb","fg0210","1","fg0210","fg0093","fg0522","fg0351","fg0261","fg0124","fg0436","fg0866","fg0343","fg0273","fg0643","fg0654","fg0773","fg0445","fg0918","fg0386","fg0774","fg0483","fg0310","fg0098"
"fq001008","vx_6936c178cbcdcdcb","fg0210","1","fg0210","fg0093","fg0522","fg0351","fg0261","fg0343","fg0273","fg0643","fg0654","fg0773","fg0445","fg0386","fg0483","fg0098","fg0124","fg0436","fg0310","fg0774","fg0540","fg0866"
"fq001009","vx_6936c178cbcdcdcb","fg0210","1","fg0210","fg0093","fg0351","fg0522","fg0261","fg0343","fg0273","fg0643","fg0654","fg0124","fg0773","fg0436","fg0866","fg0918","fg0445","fg0483","fg0386","fg0098","fg0540","fg0310"
"fq001010","vx_6936c178cbcdcdcb","fg0210","1","fg0210","fg0093","fg0522","fg0351","fg0261","fg0124","fg0436","fg0866","fg0343","fg0273","fg0643","fg0654","fg0773","fg0310","fg0445","fg0098","fg0540","fg0386","fg0774","fg0483"
"fq001011","vx_6936c178cbcdcdcb","fg0210","1","fg0210","fg0093","fg0522","fg0351","fg0261","fg0124","fg0866","fg0436","fg0343","fg0273","fg0643","fg0654","fg0773","fg0445","fg0540","fg0501","fg0888","fg0386","fg0098","fg0918"
"fq001012","vx_6936c178cbcdcdcb","fg0210","1","fg0210","fg0093","fg0522","fg0351","fg0261","fg0343","fg0273","fg0643","fg0654","fg0773","fg0310","fg0445","fg0203","fg0386","fg0540","fg0483","fg0774","fg0785","fg0098","fg0109"
"fq001013","vx_6936c178cbcdcdcb","fg0210","1","fg0210","fg0093","fg0522","fg0351","fg0261","fg0310","fg0643","fg0273","fg0343","fg0414","fg0654","fg0203","fg0386","fg0773","fg0098","fg0774","fg0372","fg0540","fg0483","fg0800"
"fq001014","vx_6936c178cbcdcdcb","fg0210","1","fg0210","fg0093","fg0522","fg0261","fg0351","fg0124","fg0436","fg0866","fg0343","fg0273","fg0643","fg0654","fg0773","fg0098","fg0203","fg0445","fg0483","fg0774","fg0386","fg0501"
"fq001015","vx_6936c178cbcdcdcb","fg0210","1","fg0210","fg0093","fg0522","fg0124","fg0436","fg0866","fg0351","fg0261","fg0343","fg0273","fg0654","fg0643","fg0773","fg0445","fg0774","fg0540","fg0310","fg0918","fg0098","fg0386"
"fq001016","vx_6936c178cbcdcdcb","fg0210","1","fg0210","fg0093","fg0124","fg0866","fg0522","fg0436","fg0351","fg0261","fg0343","fg0273","fg0654","fg0643","fg0501","fg0666","fg0900","fg0773","fg0445","fg0098","fg0540","fg0918"
"fq001017","vx_6936c178cbcdcdcb","fg0210","1","fg0210","fg0124","fg0866","fg0436","fg0093","fg0522","fg0351","fg0261","fg0900","fg0632","fg0774","fg0918","fg0310","fg0501","fg0666","fg0414","fg0896","fg0295","fg0203","fg0098"
"fq001018","vx_6936c178cbcdcdcb","fg0210","1","fg0210","fg0093","fg0351","fg0522","fg0261","fg0124","fg0866","fg0343","fg0273","fg0643","fg0436","fg0773","fg0654","fg0098","fg0918","fg0310","fg0386","fg0483","fg0445","fg0540"
"fq001019","vx_6936c178cbcdcdcb","fg0210","1","fg0210","fg0093","fg0351","fg0522","fg0261","fg0124","fg0436","fg0866","fg0273","fg0343","fg0918","fg0643","fg0654","fg0445","fg0773","fg0386","fg0774","fg0900","fg0632","fg0098"
"fq001020","vx_6936c178cbcdcdcb","fg0210","1","fg0210","fg0093","fg0522","fg0124","fg0866","fg0351","fg0436","fg0261","fg0343","fg0273","fg0643","fg0654","fg0386","fg0445","fg0900","fg0773","fg0098","fg0774","fg0918","fg0501"
"fq001021","vx_6936c178cbcdcdcb","fg0210","1","fg0210","fg0093","fg0522","fg0351","fg0124","fg0436","fg0866","fg0261","fg0273","fg0343","fg0643","fg0918","fg0773","fg0098","fg0654","fg0774","fg0310","fg0386","fg0445","fg0900"
"fq001022","vx_6936c178cbcdcdcb","fg0210","1","fg0210","fg0093","fg0351","fg0522","fg0261","fg0643","fg0310","fg0343","fg0273","fg0436","fg0654","fg0124","fg0774","fg0386","fg0866","fg0414","fg0773","fg0540","fg0483","fg0098"
"fq001023","vx_6936c178cbcdcdcb","fg0210","1","fg0210","fg0093","fg0522","fg0351","fg0261","fg0343","fg0273","fg0643","fg0654","fg0124","fg0436","fg0866","fg0773","fg0098","fg0445","fg0540","fg0774","fg0483","fg0386","fg0310"
"fq001024","vx_6936c178cbcdcdcb","fg0210","1","fg0210","fg0093","fg0522","fg0351","fg0261","fg0436","fg0124","fg0866","fg0643","fg0774","fg0343","fg0273","fg0654","fg0310","fg0800","fg0773","fg0386","fg0098","fg0540","fg0445"
"fq001025","vx_6936c178cbcdcdcb","fg0210","1","fg0210","fg0069","fg0124","fg0436","fg0866","fg0093","fg0203","fg0414","fg0372","fg0310","fg0774","fg0720","fg0152","fg0077","fg0896","fg0800","fg0540","fg0717","fg0666","fg0105"
"fq001026","vx_6936c178cbcdcdcb","fg0210","1","fg0210","fg0093","fg0522","fg0351","fg0261","fg0343","fg0273","fg0643","fg0436","fg0124","fg0654","fg0774","fg0866","fg0310","fg0069","fg0540","fg0386","fg0414","fg0773","fg0203"
"fq001027","vx_6936c178cbcdcdcb","fg0210","1","fg0210","fg0124","fg0866","fg0436","fg0093","fg0501","fg0522","fg0310","fg0372","fg0098","fg0414","fg0261","fg0632","fg0666","fg0799","fg0896","fg0900","fg0774","fg0656","fg0513"
"fq001028","vx_6936c178cbcdcdcb","fg0210","1","fg0210","fg0124","fg0866","fg0093","fg0436","fg0522","fg0261","fg0351","fg0273","fg0343","fg0643","fg0098","fg0203","fg0773","fg0501","fg0654","fg0666","fg0918","fg0445","fg0540"
"fq001029","vx_6936c178cbcdcdcb","fg0210","1","fg0210","fg0124","fg0436","fg0866","fg0093","fg0522","fg0351","fg0261","fg0900","fg0632","fg0501","fg0918","fg0295","fg0774","fg0273","fg0643","fg0666","fg0343","fg0773","fg0074"
"fq001030","vx_6936c178cbcdcdcb","fg0210","4","fg0124","fg0866","fg0436","fg0210","fg0900","fg0632","fg0501","fg0295","fg0918","fg0799","fg0705","fg0776","fg0513","fg0666","fg0863","fg0086","fg0896","fg0961","fg0690","fg0074"
"fq001031","vx_6936c178cbcdcdcb","fg0210","1","fg0210","fg0124","fg0093","fg0436","fg0866","fg0522","fg0351","fg0261","fg0273","fg0643","fg0774","fg0343","fg0654","fg0900","fg0918","fg0540","fg0310","fg0632","fg0666","fg0501"
"fq001032","vx_6936c178cbcdcdcb","fg0210","1","fg0210","fg0124","fg0866","fg0436","fg0093","fg0522","fg0501","fg0666","fg0261","fg0310","fg0632","fg0351","fg0900","fg0077","fg0774","fg0896","fg0799","fg0414","fg0203","fg0372"
"fq001033","vx_6936c178cbcdcdcb","fg0210","1","fg0210","fg0093","fg0351","fg0522","fg0261","fg0124","fg0866","fg0436","fg0343","fg0273","fg0918","fg0643","fg0654","fg0773","fg0098","fg0666","fg0386","fg0445","fg0483","fg0203"
"fq001034","vx_6936c178cbcdcdcb","fg0210","1","fg0210","fg0093","fg0124","fg0436","fg0866","fg0522","fg0351","fg0261","fg0343","fg0273","fg0643","fg0654","fg0774","fg0773","fg0918","fg0501","fg0540","fg0900","fg0310","fg0445"
"fq001035","vx_6936c178cbcdcdcb","fg0210","1","fg0210","fg0093","fg0522","fg0351","fg0261","fg0343","fg0273","fg0643","fg0124","fg0654","fg0436","fg0866","fg0773","fg0098","fg0483","fg0445","fg0386","fg0540","fg0310","fg0918"
"fq001036","vx_6936c178cbcdcdcb","fg0210","1","fg0210","fg0093","fg0351","fg0522","fg0261","fg0343","fg0273","fg0643","fg0654","fg0310","fg0386","fg0540","fg0773","fg0774","fg0483","fg0445","fg0414","fg0098","fg0918","fg0785"
"fq001037","vx_6936c178cbcdcdcb","fg0210","1","fg0210","fg0093","fg0522","fg0351","fg0261","fg0124","fg0343","fg0273","fg0436","fg0866","fg0643","fg0654","fg0773","fg0918","fg0445","fg0310","fg0386","fg0540","fg0483","fg0098"
"fq001038","vx_6936c178cbcdcdcb","fg0210","1","fg0210","fg0093","fg0522","fg0124","fg0261","fg0436","fg0866","fg0351","fg0069","fg0414","fg0540","fg0273","fg0343","fg0310","fg0643","fg0203","fg0774","fg0654","fg0098","fg0386"
"fq001039","vx_6936c178cbcdcdcb","fg0210","1","fg0210","fg0093","fg0351","fg0522","fg0261","fg0343","fg0273","fg0643","fg0654","fg0773","fg0098","fg0483","fg0310","fg0386","fg0445","fg0785","fg0540","fg0203","fg0774","fg0414"
"fq001040","vx_6936c178cbcdcdcb","fg0210","1","fg0210","fg0124","fg0866","fg0436","fg0093","fg0522","fg0351","fg0261","fg0918","fg0666","fg0900","fg0310","fg0774","fg0632","fg0501","fg0077","fg0414","fg0773","fg0203","fg0896"
"fq001041","vx_6936c178cbcdcdcb","fg0210","4","fg0124","fg0866","fg0436","fg0210","fg0501","fg0632","fg0799","fg0900","fg0666","fg0069","fg0295","fg0203","fg0414","fg0372","fg0077","fg0513","fg0774","fg0086","fg0705","fg0961"
"fq001042","vx_6936c178cbcdcdcb","fg0210","1","fg0210","fg0093","fg0522","fg0351","fg0261","fg0124","fg0436","fg0866","fg0343","fg0273","fg0643","fg0654","fg0773","fg0445","fg0774","fg0386","fg0540","fg0918","fg0483","fg0310"
"fq001043","vx_6936c178cbcdcdcb","fg0210","1","fg0210","fg0093","fg0351","fg0522","fg0261","fg0124","fg0866","fg0436","fg0273","fg0343","fg0643","fg0773","fg0654","fg0918","fg0098","fg0386","fg0445","fg0310","fg0483","fg0666"
"fq001044","vx_6936c178cbcdcdcb","fg0210","1","fg0210","fg0093","fg0522","fg0261","fg0351","fg0643","fg0343","fg0436","fg0273","fg0124","fg0866","fg0773","fg0654","fg0396","fg0098","fg0483","fg0310","fg0445","fg0540","fg0774"
"fq001045","vx_6936c178cbcdcdcb","fg0210","1","fg0210","fg0093","fg0522","fg0351","fg0261","fg0343","fg0273","fg0643","fg0654","fg0310","fg0773","fg0774","fg0483","fg0445","fg0386","fg0540","fg0098","fg0414","fg0203","fg0785"
"fq001046","vx_6936c178cbcdcdcb","fg0210","1","fg0210","fg0093","fg0124","fg0866","fg0436","fg0522","fg0351","fg0261","fg0273","fg0343","fg0643","fg0654","fg0310","fg0098","fg0773","fg0918","fg0666","fg0774","fg0900","fg0386"
"fq001047","vx_6936c178cbcdcdcb","fg0210","1","fg0210","fg0093","fg0522","fg0351","fg0261","fg0310","fg0124","fg0643","fg0866","fg0436","fg0774","fg0203","fg0273","fg0343","fg0414","fg0654","fg0386","fg0540","fg0773","fg0372"
"fq001048","vx_6936c178cbcdcdcb","fg0210","1","fg0210","fg0093","fg0522","fg0261","fg0351","fg0643","fg0343","fg0273","fg0654","fg0310","fg0540","fg0483","fg0386","fg0773","fg0774","fg0445","fg0414","fg0203","fg0436","fg0098"
"fq001049","vx_6936c178cbcdcdcb","fg0210","1","fg0210","fg0093","fg0351","fg0522","fg0261","fg0343","fg0273","fg0643","fg0124","fg0654","fg0436","fg0773","fg0866","fg0098","fg0310","fg0386","fg0483","fg0918","fg0445","fg0774"
"fq001050","vx_6936c178cbcdcdcb","fg0210","1","fg0210","fg0124","fg0866","fg0436","fg0093","fg0522","fg0351","fg0261","fg0310","fg0501","fg0273","fg0643","fg0918","fg0343","fg0666","fg0900","fg0098","fg0414","fg0774","fg0654"
"fq001051","vx_6936c178cbcdcdcb","fg0210","1","fg0210","fg0093","fg0351","fg0522","fg0261","fg0124","fg0918","fg0343","fg0866","fg0273","fg0436","fg0643","fg0773","fg0654","fg0098","fg0445","fg0483","fg0666","fg0386","fg0310"
"fq001052","vx_6936c178cbcdcdcb","fg0210","1","fg0210","fg0124","fg0866","fg0436","fg0093","fg0522","fg0372","fg0351","fg0261","fg0310","fg0666","fg0918","fg0098","fg0203","fg0656","fg0414","fg0501","fg0539","fg0774","fg0720"
"fq001053","vx_6936c178cbcdcdcb","fg0210","1","fg0210","fg0124","fg0866","fg0436","fg0093","fg0522","fg0351","fg0261","fg0918","fg0666","fg0273","fg0632","fg0900","fg0343","fg0654","fg0643","fg0310","fg0773","fg0774","fg0098"
"fq001054","vx_6936c178cbcdcdcb","fg0210","1","fg0210","fg0093","fg0069","fg0261","fg0522","fg0351","fg0203","fg0436","fg0273","fg0098","fg0343","fg0866","fg0124","fg0643","fg0414","fg0774","fg0540","fg0310","fg0654","fg0386"
"fq001055","vx_6936c178cbcdcdcb","fg0210","1","fg0210","fg0069","fg0093","fg0203","fg0436","fg0414","fg0124","fg0866","fg0774","fg0372","fg0522","fg0310","fg0261","fg0798","fg0579","fg0152","fg0521","fg0426","fg0800","fg0540"
"fq001056","vx_6936c178cbcdcdcb","fg0210","1","fg0210","fg0093","fg0069","fg0522","fg0203","fg0261","fg0351","fg0310","fg0414","fg0372","fg0643","fg0774","fg0540","fg0343","fg0273","fg0386","fg0312","fg0152","fg0124","fg0866"
"fq001057","vx_6936c178cbcdcdcb","fg0210","1","fg0210","fg0522","fg0093","fg0351","fg0261","fg0343","fg0273","fg0124","fg0643","fg0436","fg0866","fg0654","fg0773","fg0445","fg0918","fg0483","fg0098","fg0386","fg0774","fg0310"
"fq001058","vx_6936c178cbcdcdcb","fg0210","1","fg0210","fg0093","fg0522","fg0351","fg0261","fg0098","fg0343","fg0273","fg0643","fg0773","fg0124","fg0866","fg0654","fg0436","fg0483","fg0203","fg0386","fg0310","fg0372","fg0666"
"fq001059","vx_6936c178cbcdcdcb","fg0210","1","fg0210","fg0093","fg0522","fg0261","fg0351","fg0069","fg0343","fg0273","fg0643","fg0654","fg0203","fg0414","fg0540","fg0098","fg0483","fg0445","fg0773","fg0310","fg0386","fg0774"
"fq001060","vx_6936c178cbcdcdcb","fg0210","1","fg0210","fg0093","fg0522","fg0351","fg0261","fg0124","fg0866","fg0436","fg0343","fg0273","fg0643","fg0654","fg0310","fg0098","fg0386","fg0773","fg0774","fg0540","fg0203","fg0414"
"fq001061","vx_6936c178cbcdcdcb","fg0210","1","fg0210","fg0093","fg0522","fg0261","fg0351","fg0069","fg0310","fg0414","fg0436","fg0643","fg0540","fg0124","fg0774","fg0273","fg0343","fg0866","fg0203","fg0654","fg0098","fg0773"
"fq001062","vx_6936c178cbcdcdcb","fg0210","1","fg0210","fg0093","fg0522","fg0124","fg0351","fg0866","fg0261","fg0436","fg0310","fg0643","fg0273","fg0343","fg0774","fg0414","fg0540","fg0654","fg0203","fg0666","fg0386","fg0773"
"fq001063","vx_6936c178cbcdcdcb","fg0210","1","fg0210","fg0093","fg0522","fg0351","fg0261","fg0343","fg0273","fg0643","fg0654","fg0773","fg0483","fg0386","fg0445","fg0310","fg0774","fg0540","fg0098","fg0785","fg0109","fg0918"
"fq001064","vx_6936c178cbcdcdcb","fg0210","1","fg0210","fg0093","fg0522","fg0351","fg0261","fg0343","fg0124","fg0436","fg0273","fg0866","fg0643","fg0654","fg0773","fg0445","fg0918","fg0386","fg0098","fg0483","fg0774","fg0310"
"fq001065","vx_a387ea0f21a93c3a","fg0211","1","fg0211","fg0907","fg0138","fg0513","fg0322","fg0195","fg0945","fg0293","fg0334","fg0391","fg0025","fg0238","fg0588","fg0796","fg0312","fg0843","fg0951","fg0164","fg0755","fg0896"
"fq001066","vx_85c59da61bbab814","fg0212","1","fg0212","fg0125","fg0806","fg0074","fg0666","fg0020","fg0963","fg0450","fg0776","fg0813","fg0342","fg0163","fg0366","fg0862","fg0308","fg0399","fg0077","fg0009","fg0221","fg0033"
"fq001067","vx_85c59da61bbab814","fg0212","1","fg0212","fg0125","fg0806","fg0074","fg0342","fg0963","fg0450","fg0020","fg0813","fg0666","fg0776","fg0163","fg0308","fg0718","fg0862","fg0366","fg0399","fg0009","fg0784","fg0033"
"fq001068","vx_85c59da61bbab814","fg0212","1","fg0212","fg0125","fg0806","fg0074","fg0020","fg0776","fg0963","fg0666","fg0342","fg0450","fg0813","fg0009","fg0163","fg0308","fg0033","fg0366","fg0715","fg0862","fg0336","fg0918"
"fq001069","vx_85c59da61bbab814","fg0212","1","fg0212","fg0125","fg0806","fg0074","fg0450","fg0963","fg0342","fg0666","fg0813","fg0020","fg0776","fg0862","fg0163","fg0366","fg0308","fg0718","fg0149","fg0399","fg0579","fg0009"
"fq001070","vx_b05f8d33d4cc8916","fg0213","1","fg0213","fg0599","fg0958","fg0428","fg0401","fg0051","fg0455","fg0792","fg0018","fg0170","fg0193","fg0772","fg0895","fg0667","fg0583","fg0844","fg0041","fg0407","fg0408","fg0050"
"fq001071","vx_b05f8d33d4cc8916","fg0213","1","fg0213","fg0599","fg0958","fg0428","fg0051","fg0792","fg0401","fg0018","fg0170","fg0455","fg0193","fg0430","fg0895","fg0772","fg0667","fg0267","fg0407","fg0197","fg0113","fg0546"
"fq001072","vx_b05f8d33d4cc8916","fg0213","1","fg0213","fg0599","fg0958","fg0428","fg0401","fg0051","fg0018","fg0455","fg0170","fg0792","fg0772","fg0193","fg0895","fg0667","fg0844","fg0407","fg0041","fg0266","fg0454","fg0050"
"fq001073","vx_b05f8d33d4cc8916","fg0213","1","fg0213","fg0170","fg0599","fg0958","fg0792","fg0772","fg0428","fg0018","fg0401","fg0667","fg0051","fg0895","fg0193","fg0844","fg0309","fg0455","fg0050","fg0102","fg0546","fg0041"
"fq001074","vx_b05f8d33d4cc8916","fg0213","1","fg0213","fg0958","fg0599","fg0792","fg0428","fg0401","fg0051","fg0018","fg0193","fg0170","fg0772","fg0455","fg0895","fg0667","fg0546","fg0309","fg0844","fg0050","fg0099","fg0500"
"fq001075","vx_b05f8d33d4cc8916","fg0213","1","fg0213","fg0599","fg0958","fg0428","fg0792","fg0051","fg0401","fg0018","fg0193","fg0455","fg0895","fg0772","fg0667","fg0170","fg0546","fg0309","fg0041","fg0407","fg0050","fg0266"
"fq001076","vx_e0349c158a7bd471","fg0214","1","fg0214","fg0641","fg0873","fg0432","fg0707","fg0775","fg0272","fg0550","fg0621","fg0310","fg0954","fg0301","fg0388","fg0172","fg0008","fg0031","fg0722","fg0906","fg0589","fg0994"
"fq001077","vx_b61f95de8b92a92f","fg0215","1","fg0215","fg0011","fg0697","fg0285","fg0437","fg0111","fg0224","fg0636","fg0842","fg0022","fg0798","fg0248","fg0235","fg0082","fg0639","fg0581","fg0993","fg0852","fg0716","fg0785"
"fq001078","vx_d1dd524c0ccf9a08","fg0216","1","fg0216","fg0820","fg0373","fg0802","fg0092","fg0185","fg0896","fg0909","fg0796","fg0017","fg0754","fg0439","fg0547","fg0385","fg0674","fg0222","fg0540","fg0428","fg0014","fg0435"
"fq001079","vx_d1dd524c0ccf9a08","fg0216","1","fg0216","fg0373","fg0820","fg0896","fg0185","fg0802","fg0796","fg0439","fg0754","fg0092","fg0909","fg0674","fg0017","fg0014","fg0821","fg0003","fg0385","fg0547","fg0934","fg0741"
"fq001080","vx_8478d9f462f32685","fg0217","671","fg0915","fg0585","fg0036","fg0616","fg0926","fg0975","fg0494","fg0276","fg0656","fg0950","fg0595","fg0816","fg0627","fg0576","fg0420","fg0194","fg0956","fg0516","fg0196","fg0880"
"fq001081","vx_c5ce24342a9a3ee7","fg0218","1","fg0218","fg0319","fg0783","fg0271","fg0155","fg0421","fg0767","fg0196","fg0656","fg0064","fg0276","fg0509","fg0184","fg0831","fg0642","fg0955","fg0740","fg0042","fg0557","fg0539"
"fq001082","vx_10d4f8e0581dad55","fg0219","1","fg0219","fg0498","fg0250","fg0605","fg0337","fg0934","fg0701","fg0991","fg0845","fg0787","fg0508","fg0521","fg0132","fg0551","fg0975","fg0583","fg0179","fg0088","fg0332","fg0238"
"fq001083","vx_10d4f8e0581dad55","fg0219","1","fg0219","fg0498","fg0250","fg0605","fg0337","fg0934","fg0991","fg0701","fg0787","fg0508","fg0845","fg0521","fg0975","fg0088","fg0179","fg0132","fg0551","fg0583","fg0377","fg0238"
"fq001084","vx_10d4f8e0581dad55","fg0219","1","fg0219","fg0250","fg0498","fg0605","fg0337","fg0934","fg0701","fg0975","fg0991","fg0276","fg0787","fg0521","fg0508","fg0551","fg0088","fg0238","fg0845","fg0003","fg0218","fg0945"
"fq001085","vx_10d4f8e0581dad55","fg0219","1","fg0219","fg0498","fg0250","fg0605","fg0337","fg0934","fg0701","fg0991","fg0787","fg0521","fg0508","fg0845","fg0551","fg0975","fg0768","fg0238","fg0179","fg0612","fg0945","fg0088"
"fq001086","vx_0dff77d7da12eb01","fg0220","1","fg0220","fg0034","fg0981","fg0761","fg0849","fg0830","fg0955","fg0164","fg0665","fg0987","fg0335","fg0518","fg0161","fg0021","fg0221","fg0386","fg0901","fg0786","fg0943","fg0286"
"fq001087","vx_0dff77d7da12eb01","fg0220","1","fg0220","fg0034","fg0981","fg0960","fg0761","fg0830","fg0987","fg0164","fg0161","fg0786","fg0849","fg0901","fg0335","fg0021","fg0286","fg0665","fg0955","fg0673","fg0877","fg0386"
"fq001088","vx_d6982380ab660043","fg0221","1","fg0221","fg0548","fg0723","fg0839","fg0335","fg0278","fg0377","fg0142","fg0060","fg0180","fg0449","fg0801","fg0258","fg0165","fg0166","fg0212","fg0633","fg0117","fg0265","fg0683"
"fq001089","vx_747b6a931d153fa6","fg0222","1","fg0222","fg0385","fg0328","fg0909","fg0387","fg0998","fg0344","fg0726","fg0841","fg0461","fg0670","fg0111","fg0731","fg0194","fg0101","fg0287","fg0285","fg0068","fg0905","fg0796"
"fq001090","vx_747b6a931d153fa6","fg0222","1","fg0222","fg0385","fg0909","fg0796","fg0328","fg0387","fg0896","fg0998","fg0841","fg0726","fg0168","fg0731","fg0344","fg0287","fg0216","fg0111","fg0288","fg0455","fg0442","fg0227"
"fq001091","vx_747b6a931d153fa6","fg0222","1","fg0222","fg0385","fg0909","fg0998","fg0387","fg0344","fg0731","fg0461","fg0670","fg0230","fg0796","fg0726","fg0068","fg0084","fg0379","fg0180","fg0949","fg0666","fg0287","fg0103"
"fq001092","vx_747b6a931d153fa6","fg0222","1","fg0222","fg0328","fg0385","fg0909","fg0387","fg0726","fg0998","fg0841","fg0111","fg0731","fg0344","fg0796","fg0285","fg0670","fg0194","fg0461","fg0879","fg0101","fg0235","fg0905"
"fq001093","vx_747b6a931d153fa6","fg0222","1","fg0222","fg0385","fg0909","fg0328","fg0387","fg0796","fg0998","fg0344","fg0726","fg0841","fg0731","fg0194","fg0461","fg0670","fg0896","fg0287","fg0111","fg0084","fg0101","fg0538"
"fq001094","vx_747b6a931d153fa6","fg0222","1","fg0222","fg0998","fg0344","fg0387","fg0726","fg0385","fg0731","fg0461","fg0328","fg0909","fg0670","fg0084","fg0194","fg0379","fg0180","fg0975","fg0077","fg0417","fg0879","fg0905"
"fq001095","vx_747b6a931d153fa6","fg0222","1","fg0222","fg0385","fg0909","fg0796","fg0387","fg0998","fg0896","fg0328","fg0731","fg0726","fg0168","fg0344","fg0287","fg0455","fg0841","fg0288","fg0190","fg0216","fg0461","fg0442"
"fq001096","vx_747b6a931d153fa6","fg0222","1","fg0222","fg0385","fg0909","fg0796","fg0896","fg0387","fg0344","fg0998","fg0731","fg0216","fg0287","fg0838","fg0168","fg0230","fg0726","fg0461","fg0691","fg0103","fg0455","fg0949"
"fq001097","vx_747b6a931d153fa6","fg0222","1","fg0222","fg0385","fg0909","fg0796","fg0328","fg0387","fg0998","fg0896","fg0726","fg0841","fg0731","fg0461","fg0344","fg0287","fg0952","fg0670","fg0111","fg0288","fg0168","fg0180"
"fq001098","vx_5e6eda868db31366","fg0223","1","fg0223","fg0393","fg0205","fg0725","fg0541","fg0829","fg0676","fg0650","fg0454","fg0444","fg0901","fg0085","fg0718","fg0988","fg0467","fg0617","fg0059","fg0859","fg0942","fg0126"
"fq001099","vx_083737196ae28333","fg0224","2","fg0994","fg0224","fg0199","fg0369","fg0584","fg0166","fg0588","fg0928","fg0104","fg0616","fg0796","fg0334","fg0355","fg0907","fg0880","fg0357","fg0909","fg0755","fg0036","fg0682"
"fq001100","vx_fe39f2dd9c8983ef","fg0225","1","fg0225","fg0236","fg0075","fg0237","fg0189","fg0546","fg0792","fg0309","fg0366","fg0998","fg0004","fg0920","fg0427","fg0919","fg0443","fg0317","fg0353","fg0460","fg0486","fg0675"
"fq001101","vx_fe39f2dd9c8983ef","fg0225","1","fg0225","fg0236","fg0075","fg0237","fg0189","fg0546","fg0309","fg0792","fg0004","fg0168","fg0366","fg0392","fg0853","fg0443","fg0649","fg0998","fg0486","fg0920","fg0274","fg0427"
"fq001102","vx_fe39f2dd9c8983ef","fg0225","1","fg0225","fg0236","fg0075","fg0546","fg0792","fg0237","fg0309","fg0998","fg0189","fg0004","fg0366","fg0443","fg0286","fg0675","fg0427","fg0353","fg0920","fg0608","fg0276","fg0808"
"fq001103","vx_fe39f2dd9c8983ef","fg0225","1","fg0225","fg0236","fg0075","fg0237","fg0189","fg0309","fg0546","fg0792","fg0366","fg0427","fg0004","fg0460","fg0486","fg0168","fg0140","fg0704","fg0920","fg0443","fg0952","fg0998"
"fq001104","vx_fe39f2dd9c8983ef","fg0225","1","fg0225","fg0236","fg0075","fg0237","fg0189","fg0546","fg0309","fg0792","fg0427","fg0004","fg0366","fg0286","fg0460","fg0486","fg0168","fg0353","fg0920","fg0704","fg0919","fg0443"
"fq001105","vx_fe39f2dd9c8983ef","fg0225","1","fg0225","fg0236","fg0075","fg0237","fg0189","fg0309","fg0460","fg0546","fg0792","fg0600","fg0427","fg0168","fg0493","fg0392","fg0486","fg0649","fg0838","fg0920","fg0041","fg0004"
"fq001106","vx_fe39f2dd9c8983ef","fg0225","1","fg0225","fg0574","fg0320","fg0392","fg0884","fg0333","fg0886","fg0353","fg0583","fg0500","fg0853","fg0140","fg0389","fg0546","fg0595","fg0309","fg0236","fg0168","fg0527","fg0066"
"fq001107","vx_fe39f2dd9c8983ef","fg0225","1","fg0225","fg0236","fg0075","fg0237","fg0189","fg0546","fg0309","fg0792","fg0366","fg0004","fg0353","fg0998","fg0920","fg0486","fg0427","fg0460","fg0168","fg0443","fg0919","fg0853"
"fq001108","vx_fe39f2dd9c8983ef","fg0225","1","fg0225","fg0546","fg0236","fg0792","fg0075","fg0353","fg0366","fg0998","fg0309","fg0286","fg0237","fg0276","fg0675","fg0004","fg0071","fg0919","fg0317","fg0189","fg0823","fg0500"
"fq001109","vx_fe39f2dd9c8983ef","fg0225","1","fg0225","fg0353","fg0236","fg0500","fg0675","fg0075","fg0140","fg0286","fg0071","fg0276","fg0527","fg0595","fg0656","fg0919","fg0320","fg0808","fg0886","fg0583","fg0097","fg0507"
"fq001110","vx_1edf9b0718be8acb","fg0226","1","fg0226","fg0947","fg0187","fg0631","fg0676","fg0765","fg0607","fg0008","fg0911","fg0698","fg0700","fg0125","fg0003","fg0966","fg0581","fg0784","fg0193","fg0554","fg0743","fg0123"
"fq001111","vx_b148205a6d25b336","fg0227","1","fg0227","fg0706","fg0287","fg0103","fg0367","fg0402","fg0869","fg0555","fg0157","fg0905","fg0209","fg0988","fg0090","fg0113","fg0064","fg0170","fg0319","fg0038","fg0804","fg0396"
"fq001112","vx_b148205a6d25b336","fg0227","1","fg0227","fg0113","fg0187","fg0396","fg0323","fg0064","fg0007","fg0964","fg0167","fg0883","fg0473","fg0471","fg0274","fg0595","fg0451","fg0985","fg0674","fg0331","fg0099","fg0027"
"fq001113","vx_022cfff2115fe541","fg0228","1","fg0228","fg0006","fg0578","fg0066","fg0851","fg0575","fg0393","fg0709","fg0223","fg0106","fg0302","fg0205","fg0370","fg0482","fg0676","fg0748","fg0697","fg0258","fg0829","fg0475"
"fq001114","vx_5d3b73d4625f6c98","fg0229","1","fg0229","fg0172","fg0437","fg0543","fg0381","fg0692","fg0169","fg0779","fg0214","fg0722","fg0618","fg0140","fg0587","fg0658","fg0350","fg0311","fg0310","fg0610","fg0052","fg0046"
"fq001115","vx_5d3b73d4625f6c98","fg0229","1","fg0229","fg0172","fg0437","fg0543","fg0381","fg0692","fg0169","fg0779","fg0214","fg0722","fg0618","fg0587","fg0310","fg0311","fg0140","fg0350","fg0658","fg0610","fg0712","fg0046"
"fq001116","vx_5d3b73d4625f6c98","fg0229","1","fg0229","fg0172","fg0437","fg0543","fg0381","fg0692","fg0169","fg0722","fg0214","fg0618","fg0587","fg0779","fg0310","fg0140","fg0610","fg0311","fg0658","fg0350","fg0046","fg0860"
"fq001117","vx_5d3b73d4625f6c98","fg0229","1","fg0229","fg0172","fg0437","fg0543","fg0381","fg0692","fg0169","fg0722","fg0214","fg0779","fg0618","fg0587","fg0310","fg0311","fg0350","fg0140","fg0658","fg0610","fg0046","fg0366"
"fq001118","vx_5d3b73d4625f6c98","fg0229","1","fg0229","fg0172","fg0437","fg0543","fg0381","fg0692","fg0169","fg0779","fg0214","fg0722","fg0618","fg0140","fg0587","fg0658","fg0350","fg0610","fg0311","fg0310","fg0366","fg0052"
"fq001119","vx_5d3b73d4625f6c98","fg0229","1","fg0229","fg0172","fg0437","fg0543","fg0381","fg0692","fg0169","fg0779","fg0618","fg0214","fg0140","fg0722","fg0587","fg0658","fg0350","fg0311","fg0310","fg0610","fg0712","fg0052"
"fq001120","vx_5d3b73d4625f6c98","fg0229","1","fg0229","fg0172","fg0437","fg0543","fg0381","fg0692","fg0169","fg0722","fg0214","fg0779","fg0618","fg0587","fg0311","fg0140","fg0658","fg0350","fg0310","fg0610","fg0366","fg0508"
"fq001121","vx_5d3b73d4625f6c98","fg0229","1","fg0229","fg0172","fg0437","fg0543","fg0381","fg0692","fg0169","fg0779","fg0214","fg0618","fg0722","fg0587","fg0140","fg0610","fg0658","fg0350","fg0311","fg0310","fg0712","fg0052"
"fq001122","vx_5d3b73d4625f6c98","fg0229","1","fg0229","fg0172","fg0437","fg0543","fg0381","fg0692","fg0169","fg0722","fg0779","fg0214","fg0618","fg0587","fg0140","fg0350","fg0658","fg0311","fg0610","fg0310","fg0052","fg0301"
"fq001123","vx_5d3b73d4625f6c98","fg0229","1","fg0229","fg0172","fg0437","fg0543","fg0381","fg0692","fg0169","fg0722","fg0214","fg0779","fg0618","fg0587","fg0310","fg0140","fg0610","fg0311","fg0350","fg0658","fg0046","fg0709"
"fq001124","vx_5d3b73d4625f6c98","fg0229","1","fg0229","fg0172","fg0437","fg0543","fg0381","fg0692","fg0169","fg0722","fg0214","fg0779","fg0618","fg0587","fg0350","fg0311","fg0310","fg0140","fg0658","fg0366","fg0610","fg0046"
"fq001125","vx_bd5c96ee35d4469c","fg0230","1","fg0230","fg0442","fg0801","fg0562","fg0734","fg0999","fg0395","fg0307","fg0404","fg0426","fg0690","fg0458","fg0727","fg0967","fg0088","fg0073","fg0531","fg0105","fg0846","fg0568"
"fq001126","vx_194636f7224d501f","fg0231","1","fg0231","fg0944","fg0341","fg0926","fg0710","fg0698","fg0598","fg0737","fg0982","fg0714","fg0883","fg0963","fg0445","fg0589","fg0501","fg0264","fg0663","fg0852","fg0479","fg0723"
"fq001127","vx_194636f7224d501f","fg0231","1","fg0231","fg0944","fg0341","fg0926","fg0710","fg0698","fg0598","fg0737","fg0612","fg0551","fg0668","fg0327","fg0445","fg0768","fg0479","fg0883","fg0561","fg0264","fg0501","fg0364"
"fq001128","vx_0f52acd0679150cc","fg0232","1","fg0232","fg0137","fg0540","fg0557","fg0951","fg0798","fg0376","fg0959","fg0805","fg0680","fg0621","fg0613","fg0280","fg0777","fg0361","fg0957","fg0102","fg0198","fg0405","fg0423"
"fq001129","vx_0f52acd0679150cc","fg0232","1","fg0232","fg0137","fg0540","fg0798","fg0951","fg0959","fg0621","fg0557","fg0376","fg0680","fg0984","fg0484","fg0805","fg0405","fg0423","fg0198","fg0251","fg0613","fg0102","fg0728"
"fq001130","vx_0f52acd0679150cc","fg0232","1","fg0232","fg0137","fg0680","fg0540","fg0951","fg0557","fg0798","fg0959","fg0376","fg0621","fg0072","fg0613","fg0102","fg0405","fg0957","fg0841","fg0198","fg0156","fg0361","fg0777"
"fq001131","vx_0f52acd0679150cc","fg0232","1","fg0232","fg0137","fg0798","fg0557","fg0959","fg0951","fg0540","fg0680","fg0376","fg0621","fg0102","fg0613","fg0405","fg0422","fg0544","fg0841","fg0957","fg0198","fg0990","fg0072"
"fq001132","vx_0f52acd0679150cc","fg0232","1","fg0232","fg0137","fg0951","fg0798","fg0540","fg0959","fg0557","fg0680","fg0376","fg0102","fg0613","fg0621","fg0072","fg0405","fg0957","fg0198","fg0841","fg0422","fg0777","fg0156"
"fq001133","vx_0f52acd0679150cc","fg0232","1","fg0232","fg0137","fg0540","fg0798","fg0951","fg0557","fg0959","fg0376","fg0621","fg0680","fg0613","fg0198","fg0405","fg0957","fg0805","fg0102","fg0777","fg0423","fg0841","fg0361"
"fq001134","vx_0f52acd0679150cc","fg0232","13","fg0965","fg0105","fg0539","fg0542","fg0559","fg0984","fg0086","fg0868","fg0435","fg0211","fg0137","fg0481","fg0232","fg0372","fg0070","fg0796","fg0536","fg0423","fg0360","fg0135"
"fq001135","vx_0f52acd0679150cc","fg0232","1","fg0232","fg0137","fg0951","fg0540","fg0798","fg0557","fg0680","fg0959","fg0613","fg0376","fg0198","fg0621","fg0957","fg0102","fg0777","fg0072","fg0405","fg0748","fg0361","fg0841"
"fq001136","vx_0f52acd0679150cc","fg0232","1","fg0232","fg0137","fg0951","fg0540","fg0798","fg0557","fg0680","fg0959","fg0376","fg0613","fg0198","fg0621","fg0102","fg0957","fg0777","fg0156","fg0405","fg0072","fg0305","fg0990"
"fq001137","vx_0f52acd0679150cc","fg0232","1","fg0232","fg0137","fg0951","fg0540","fg0798","fg0959","fg0557","fg0680","fg0376","fg0621","fg0102","fg0613","fg0198","fg0841","fg0957","fg0990","fg0405","fg0422","fg0072","fg0777"
"fq001138","vx_0f52acd0679150cc","fg0232","1","fg0232","fg0137","fg0540","fg0951","fg0798","fg0557","fg0959","fg0680","fg0376","fg0621","fg0613","fg0198","fg0405","fg0957","fg0805","fg0102","fg0777","fg0990","fg0156","fg0422"
"fq001139","vx_0f52acd0679150cc","fg0232","1","fg0232","fg0137","fg0951","fg0540","fg0798","fg0680","fg0557","fg0959","fg0376","fg0613","fg0621","fg0102","fg0198","fg0957","fg0777","fg0072","fg0405","fg0361","fg0815","fg0990"
"fq001140","vx_0f52acd0679150cc","fg0232","1","fg0232","fg0137","fg0540","fg0557","fg0798","fg0959","fg0951","fg0376","fg0621","fg0680","fg0102","fg0613","fg0405","fg0841","fg0957","fg0198","fg0990","fg0361","fg0777","fg0518"
"fq001141","vx_0f52acd0679150cc","fg0232","1","fg0232","fg0137","fg0951","fg0540","fg0798","fg0557","fg0959","fg0680","fg0376","fg0613","fg0621","fg0102","fg0198","fg0405","fg0072","fg0841","fg0957","fg0422","fg0156","fg0777"
"fq001142","vx_0f52acd0679150cc","fg0232","1","fg0232","fg0137","fg0798","fg0951","fg0540","fg0959","fg0557","fg0376","fg0680","fg0621","fg0613","fg0102","fg0198","fg0405","fg0957","fg0841","fg0990","fg0422","fg0072","fg0156"
"fq001143","vx_0f52acd0679150cc","fg0232","1","fg0232","fg0137","fg0540","fg0798","fg0951","fg0557","fg0959","fg0376","fg0680","fg0613","fg0198","fg0621","fg0102","fg0957","fg0777","fg0405","fg0841","fg0361","fg0156","fg0072"
"fq001144","vx_0f52acd0679150cc","fg0232","1","fg0232","fg0137","fg0805","fg0280","fg0798","fg0540","fg0951","fg0557","fg0661","fg0680","fg0959","fg0376","fg0621","fg0777","fg0957","fg0405","fg0613","fg0251","fg0423","fg0102"
"fq001145","vx_0f52acd0679150cc","fg0232","1","fg0232","fg0137","fg0540","fg0798","fg0557","fg0951","fg0959","fg0376","fg0680","fg0621","fg0613","fg0405","fg0102","fg0957","fg0361","fg0198","fg0990","fg0777","fg0518","fg0841"
"fq001146","vx_0f52acd0679150cc","fg0232","1","fg0232","fg0137","fg0540","fg0959","fg0557","fg0798","fg0951","fg0376","fg0621","fg0680","fg0102","fg0613","fg0405","fg0805","fg0841","fg0198","fg0957","fg0990","fg0777","fg0361"
"fq001147","vx_0f52acd0679150cc","fg0232","1","fg0232","fg0137","fg0540","fg0951","fg0557","fg0376","fg0798","fg0959","fg0680","fg0621","fg0613","fg0423","fg0198","fg0805","fg0984","fg0957","fg0361","fg0777","fg0733","fg0405"
"fq001148","vx_0f52acd0679150cc","fg0232","1","fg0232","fg0137","fg0540","fg0951","fg0798","fg0557","fg0959","fg0376","fg0680","fg0621","fg0613","fg0102","fg0405","fg0957","fg0841","fg0198","fg0777","fg0361","fg0072","fg0990"
"fq001149","vx_0f52acd0679150cc","fg0232","1","fg0232","fg0137","fg0540","fg0951","fg0798","fg0557","fg0680","fg0959","fg0376","fg0613","fg0621","fg0198","fg0072","fg0777","fg0957","fg0405","fg0102","fg0841","fg0305","fg0361"
"fq001150","vx_0f52acd0679150cc","fg0232","1","fg0232","fg0137","fg0540","fg0951","fg0680","fg0798","fg0557","fg0613","fg0959","fg0376","fg0198","fg0621","fg0072","fg0102","fg0957","fg0305","fg0361","fg0777","fg0841","fg0405"
"fq001151","vx_0f52acd0679150cc","fg0232","1","fg0232","fg0137","fg0540","fg0951","fg0798","fg0557","fg0376","fg0959","fg0680","fg0613","fg0198","fg0621","fg0984","fg0405","fg0072","fg0957","fg0777","fg0102","fg0841","fg0423"
"fq001152","vx_0f52acd0679150cc","fg0232","1","fg0232","fg0137","fg0540","fg0951","fg0798","fg0557","fg0680","fg0959","fg0198","fg0376","fg0613","fg0621","fg0305","fg0102","fg0748","fg0777","fg0072","fg0957","fg0405","fg0156"
"fq001153","vx_0f52acd0679150cc","fg0232","1","fg0232","fg0137","fg0540","fg0951","fg0798","fg0805","fg0557","fg0680","fg0959","fg0376","fg0621","fg0280","fg0102","fg0613","fg0957","fg0405","fg0661","fg0777","fg0990","fg0198"
"fq001154","vx_0f52acd0679150cc","fg0232","1","fg0232","fg0137","fg0540","fg0951","fg0798","fg0557","fg0959","fg0376","fg0680","fg0621","fg0805","fg0613","fg0198","fg0777","fg0957","fg0102","fg0405","fg0361","fg0423","fg0733"
"fq001155","vx_0f52acd0679150cc","fg0232","1","fg0232","fg0137","fg0540","fg0951","fg0798","fg0557","fg0959","fg0680","fg0376","fg0621","fg0613","fg0198","fg0777","fg0102","fg0405","fg0957","fg0805","fg0841","fg0361","fg0072"
"fq001156","vx_0f52acd0679150cc","fg0232","1","fg0232","fg0137","fg0540","fg0798","fg0959","fg0557","fg0951","fg0621","fg0376","fg0984","fg0680","fg0405","fg0484","fg0328","fg0613","fg0728","fg0841","fg0102","fg0361","fg0518"
"fq001157","vx_0f52acd0679150cc","fg0232","1","fg0232","fg0137","fg0540","fg0951","fg0798","fg0557","fg0680","fg0959","fg0376","fg0621","fg0613","fg0198","fg0102","fg0957","fg0777","fg0361","fg0072","fg0405","fg0984","fg0422"
"fq001158","vx_0f52acd0679150cc","fg0232","1","fg0232","fg0137","fg0540","fg0951","fg0557","fg0798","fg0376","fg0680","fg0959","fg0613","fg0621","fg0198","fg0957","fg0102","fg0777","fg0405","fg0361","fg0072","fg0984","fg0841"
"fq001159","vx_0f52acd0679150cc","fg0232","1","fg0232","fg0137","fg0959","fg0798","fg0557","fg0540","fg0951","fg0621","fg0376","fg0680","fg0102","fg0405","fg0613","fg0957","fg0841","fg0990","fg0361","fg0470","fg0422","fg0400"
"fq001160","vx_0f52acd0679150cc","fg0232","1","fg0232","fg0137","fg0540","fg0798","fg0959","fg0557","fg0376","fg0951","fg0621","fg0680","fg0613","fg0957","fg0102","fg0361","fg0405","fg0198","fg0841","fg0423","fg0990","fg0733"
"fq001161","vx_0f52acd0679150cc","fg0232","1","fg0232","fg0805","fg0137","fg0280","fg0661","fg0540","fg0557","fg0951","fg0798","fg0621","fg0376","fg0959","fg0423","fg0680","fg0251","fg0777","fg0060","fg0815","fg0984","fg0002"
"fq001162","vx_0f52acd0679150cc","fg0232","1","fg0232","fg0137","fg0540","fg0951","fg0798","fg0680","fg0557","fg0959","fg0376","fg0613","fg0621","fg0102","fg0072","fg0198","fg0405","fg0957","fg0841","fg0777","fg0422","fg0361"
"fq001163","vx_0f52acd0679150cc","fg0232","1","fg0232","fg0137","fg0798","fg0540","fg0959","fg0557","fg0951","fg0376","fg0621","fg0680","fg0613","fg0405","fg0102","fg0841","fg0198","fg0990","fg0957","fg0361","fg0518","fg0203"
"fq001164","vx_72d1a53c7bf67641","fg0233","2","fg0328","fg0233","fg0111","fg0783","fg0841","fg0831","fg0808","fg0196","fg0285","fg0767","fg0372","fg0421","fg0271","fg0191","fg0235","fg0975","fg0101","fg0640","fg0557","fg0084"
"fq001165","vx_72d1a53c7bf67641","fg0233","13","fg0328","fg0841","fg0783","fg0111","fg0207","fg0831","fg0372","fg0971","fg0767","fg0101","fg0184","fg0196","fg0233","fg0271","fg0909","fg0559","fg0235","fg0629","fg0319","fg0310"
"fq001166","vx_72d1a53c7bf67641","fg0233","2","fg0328","fg0233","fg0783","fg0841","fg0767","fg0271","fg0155","fg0557","fg0196","fg0319","fg0111","fg0576","fg0831","fg0084","fg0421","fg0173","fg0372","fg0218","fg0235","fg0207"
"fq001167","vx_72d1a53c7bf67641","fg0233","3","fg0328","fg0841","fg0233","fg0111","fg0783","fg0235","fg0285","fg0184","fg0831","fg0207","fg0971","fg0557","fg0271","fg0196","fg0310","fg0372","fg0576","fg0155","fg0726","fg0084"
"fq001168","vx_72d1a53c7bf67641","fg0233","25","fg0328","fg0841","fg0235","fg0111","fg0531","fg0207","fg0971","fg0544","fg0559","fg0576","fg0101","fg0588","fg0836","fg0629","fg0831","fg0372","fg0726","fg0224","fg0649","fg0184"
"fq001169","vx_27da43928d364095","fg0234","1","fg0234","fg0913","fg0468","fg0183","fg0719","fg0187","fg0756","fg0342","fg0797","fg0446","fg0798","fg0002","fg0639","fg0768","fg0610","fg0966","fg0308","fg0870","fg0110","fg0027"
"fq001170","vx_8efd552f5038d8a0","fg0235","1","fg0235","fg0298","fg0982","fg0531","fg0737","fg0695","fg0603","fg0963","fg0831","fg0191","fg0105","fg0720","fg0284","fg0237","fg0726","fg0270","fg0601","fg0334","fg0409","fg0138"
"fq001171","vx_8efd552f5038d8a0","fg0235","1","fg0235","fg0298","fg0695","fg0963","fg0284","fg0982","fg0720","fg0105","fg0831","fg0531","fg0452","fg0191","fg0737","fg0726","fg0492","fg0799","fg0173","fg0756","fg0237","fg0603"
"fq001172","vx_15c52144b0951e42","fg0236","1","fg0236","fg0075","fg0225","fg0237","fg0189","fg0600","fg0041","fg0460","fg0309","fg0493","fg0486","fg0427","fg0838","fg0799","fg0366","fg0050","fg0409","fg0222","fg0812","fg0978"
"fq001173","vx_15c52144b0951e42","fg0236","1","fg0236","fg0075","fg0225","fg0237","fg0189","fg0600","fg0460","fg0309","fg0041","fg0493","fg0486","fg0427","fg0838","fg0799","fg0409","fg0222","fg0495","fg0978","fg0852","fg0478"
"fq001174","vx_adbb4693ebbce863","fg0237","1","fg0237","fg0189","fg0236","fg0225","fg0075","fg0041","fg0600","fg0309","fg0050","fg0792","fg0052","fg0366","fg0235","fg0170","fg0907","fg0996","fg0853","fg0546","fg0138","fg0681"
"fq001175","vx_6ceba8af8fc3a94b","fg0238","1","fg0238","fg0945","fg0322","fg0138","fg0878","fg0292","fg0314","fg0211","fg0445","fg0377","fg0449","fg0024","fg0265","fg0949","fg0570","fg0326","fg0343","fg0480","fg0195","fg0891"
"fq001176","vx_6ceba8af8fc3a94b","fg0238","1","fg0238","fg0945","fg0322","fg0138","fg0314","fg0293","fg0211","fg0029","fg0445","fg0964","fg0292","fg0643","fg0484","fg0878","fg0449","fg0483","fg0265","fg0623","fg0975","fg0649"
"fq001177","vx_6ceba8af8fc3a94b","fg0238","1","fg0238","fg0878","fg0292","fg0314","fg0945","fg0322","fg0138","fg0265","fg0445","fg0377","fg0449","fg0701","fg0211","fg0005","fg0484","fg0891","fg0749","fg0487","fg0734","fg0097"
"fq001178","vx_6ceba8af8fc3a94b","fg0238","8","fg0167","fg0159","fg0964","fg0588","fg0945","fg0539","fg0211","fg0238","fg0559","fg0322","fg0138","fg0854","fg0659","fg0760","fg0975","fg0099","fg0675","fg0643","fg0673","fg0197"
"fq001179","vx_6ceba8af8fc3a94b","fg0238","1","fg0238","fg0945","fg0322","fg0138","fg0445","fg0377","fg0449","fg0211","fg0292","fg0878","fg0314","fg0701","fg0484","fg0183","fg0327","fg0029","fg0337","fg0612","fg0195","fg0689"
"fq001180","vx_6ceba8af8fc3a94b","fg0238","1","fg0238","fg0945","fg0322","fg0138","fg0445","fg0314","fg0292","fg0878","fg0211","fg0701","fg0512","fg0484","fg0699","fg0570","fg0029","fg0327","fg0612","fg0483","fg0293","fg0339"
"fq001181","vx_6ceba8af8fc3a94b","fg0238","1","fg0238","fg0878","fg0292","fg0314","fg0945","fg0322","fg0138","fg0445","fg0211","fg0265","fg0005","fg0701","fg0484","fg0612","fg0570","fg0377","fg0891","fg0327","fg0749","fg0449"
"fq001182","vx_6ceba8af8fc3a94b","fg0238","1","fg0238","fg0945","fg0322","fg0138","fg0292","fg0878","fg0314","fg0391","fg0211","fg0445","fg0613","fg0701","fg0612","fg0699","fg0029","fg0922","fg0544","fg0327","fg0195","fg0021"
"fq001183","vx_6ceba8af8fc3a94b","fg0238","1","fg0238","fg0878","fg0292","fg0945","fg0322","fg0138","fg0314","fg0445","fg0211","fg0484","fg0377","fg0449","fg0265","fg0701","fg0327","fg0891","fg0612","fg0487","fg0699","fg0734"
"fq001184","vx_6ceba8af8fc3a94b","fg0238","1","fg0238","fg0878","fg0292","fg0314","fg0322","fg0945","fg0138","fg0211","fg0265","fg0005","fg0701","fg0293","fg0445","fg0463","fg0484","fg0749","fg0836","fg0443","fg0029","fg0391"
"fq001185","vx_6ceba8af8fc3a94b","fg0238","1","fg0238","fg0878","fg0292","fg0314","fg0945","fg0322","fg0138","fg0377","fg0449","fg0445","fg0211","fg0265","fg0701","fg0484","fg0005","fg0891","fg0327","fg0749","fg0734","fg0487"
"fq001186","vx_9c60083e1db7d389","fg0239","1","fg0239","fg0735","fg0652","fg0097","fg0561","fg0558","fg0739","fg0763","fg0693","fg0190","fg0470","fg0683","fg0297","fg0021","fg0277","fg0060","fg0176","fg0134","fg0251","fg0877"
"fq001187","vx_9c60083e1db7d389","fg0239","1","fg0239","fg0735","fg0652","fg0097","fg0561","fg0558","fg0739","fg0763","fg0190","fg0693","fg0683","fg0470","fg0297","fg0277","fg0021","fg0060","fg0176","fg0134","fg0251","fg0877"
"fq001188","vx_9c60083e1db7d389","fg0239","1","fg0239","fg0735","fg0652","fg0561","fg0097","fg0739","fg0558","fg0763","fg0190","fg0693","fg0683","fg0470","fg0277","fg0297","fg0021","fg0060","fg0176","fg0251","fg0134","fg0570"
"fq001189","vx_08c7c00e18bdf7ec","fg0240","1","fg0240","fg0689","fg0484","fg0559","fg0875","fg0337","fg0128","fg0453","fg0623","fg0499","fg0853","fg0162","fg0741","fg0183","fg0943","fg0906","fg0043","fg0611","fg0002","fg0613"
"fq001190","vx_92692a1b5c9a5270","fg0241","2","fg0588","fg0241","fg0584","fg0490","fg0936","fg0159","fg0503","fg0071","fg0460","fg0659","fg0778","fg0569","fg0388","fg0889","fg0001","fg0533","fg0275","fg0270","fg0155","fg0224"
"fq001191","vx_2bdee5c9259bafdc","fg0242","1","fg0242","fg0870","fg0898","fg0776","fg0300","fg0818","fg0502","fg0881","fg0887","fg0412","fg0679","fg0672","fg0174","fg0206","fg0892","fg0834","fg0419","fg0824","fg0134","fg0975"
"fq001192","vx_9e63e88c09c7f127","fg0243","2","fg0803","fg0243","fg0629","fg0466","fg0665","fg0857","fg0686","fg0732","fg0179","fg0441","fg0221","fg0447","fg0758","fg0833","fg0852","fg0180","fg0365","fg0448","fg0408","fg0461"
"fq001193","vx_07aa3b0a5a2783a1","fg0244","1","fg0244","fg0427","fg0939","fg0475","fg0243","fg0678","fg0732","fg0555","fg0402","fg0330","fg0905","fg0026","fg0758","fg0365","fg0623","fg0991","fg0955","fg0615","fg0157","fg0469"
"fq001194","vx_07aa3b0a5a2783a1","fg0244","1","fg0244","fg0427","fg0939","fg0475","fg0243","fg0678","fg0732","fg0555","fg0402","fg0905","fg0330","fg0026","fg0758","fg0955","fg0365","fg0157","fg0991","fg0623","fg0367","fg0175"
"fq001195","vx_f8d1aeb5a7cc5172","fg0245","1","fg0245","fg0304","fg0795","fg0683","fg0002","fg0759","fg0689","fg0440","fg0064","fg0825","fg0623","fg0768","fg0242","fg0870","fg0849","fg0608","fg0794","fg0451","fg0263","fg0258"
"fq001196","vx_f8d1aeb5a7cc5172","fg0245","1","fg0245","fg0304","fg0795","fg0002","fg0759","fg0689","fg0683","fg0623","fg0825","fg0440","fg0768","fg0064","fg0482","fg0849","fg0242","fg0794","fg0870","fg0829","fg0258","fg0263"
"fq001197","vx_11227c8b31904a06","fg0246","1","fg0246","fg0262","fg0789","fg0256","fg0619","fg0781","fg0545","fg0807","fg0967","fg0987","fg0855","fg0049","fg0554","fg0331","fg0391","fg0693","fg0853","fg0149","fg0263","fg0613"
"fq001198","vx_11227c8b31904a06","fg0246","1","fg0246","fg0262","fg0619","fg0789","fg0256","fg0781","fg0545","fg0807","fg0967","fg0987","fg0855","fg0049","fg0554","fg0329","fg0331","fg0149","fg0853","fg0190","fg0613","fg0412"
"fq001199","vx_11227c8b31904a06","fg0246","1","fg0246","fg0262","fg0256","fg0789","fg0619","fg0781","fg0545","fg0807","fg0967","fg0987","fg0855","fg0049","fg0554","fg0329","fg0853","fg0331","fg0190","fg0149","fg0391","fg0613"
"fq001200","vx_bba95f8ee676791e","fg0247","1","fg0247","fg0747","fg0282","fg0843","fg0513","fg0390","fg0624","fg0746","fg0206","fg0693","fg0399","fg0183","fg0127","fg0291","fg0334","fg0384","fg0187","fg0778","fg0831","fg0475"
"fq001201","vx_2a8cd1fe3ae992b5","fg0248","1","fg0248","fg0324","fg0716","fg0263","fg0976","fg0993","fg0785","fg0955","fg0088","fg0724","fg0065","fg0965","fg0094","fg0277","fg0600","fg0950","fg0646","fg0149","fg0943","fg0818"
"fq001202","vx_50b8080113338def","fg0249","1","fg0249","fg0695","fg0889","fg0084","fg0113","fg0055","fg0771","fg0270","fg0818","fg0026","fg0539","fg0603","fg0156","fg0671","fg0965","fg0931","fg0894","fg0159","fg0854","fg0105"
"fq001203","vx_bdb8a8b797e5e6e1","fg0250","1","fg0250","fg0498","fg0219","fg0605","fg0337","fg0934","fg0701","fg0845","fg0521","fg0583","fg0132","fg0975","fg0088","fg0465","fg0377","fg0332","fg0991","fg0810","fg0419","fg0717"
"fq001204","vx_466978cb08616ca2","fg0251","1","fg0251","fg0340","fg0766","fg0894","fg0735","fg0770","fg0097","fg0870","fg0561","fg0759","fg0898","fg0239","fg0960","fg0035","fg0546","fg0078","fg0998","fg0467","fg0353","fg0798"
"fq001205","vx_466978cb08616ca2","fg0251","1","fg0251","fg0340","fg0766","fg0770","fg0735","fg0960","fg0561","fg0097","fg0353","fg0239","fg0898","fg0870","fg0829","fg0078","fg0798","fg0546","fg0998","fg0952","fg0894","fg0035"
"fq001206","vx_1f602f2bb4daf97b","fg0252","1","fg0252","fg0714","fg0744","fg0042","fg0881","fg0902","fg0022","fg0383","fg0682","fg0083","fg0330","fg0352","fg0125","fg0120","fg0201","fg0597","fg0910","fg0587","fg0098","fg0060"
"fq001207","vx_d86d91096f669c36","fg0253","1","fg0253","fg0459","fg0222","fg0081","fg0209","fg0833","fg0359","fg0629","fg0360","fg0722","fg0602","fg0877","fg0086","fg0608","fg0046","fg0663","fg0572","fg0366","fg0318","fg0796"
"fq001208","vx_acc72328b0c1b9e8","fg0254","1","fg0254","fg0696","fg0394","fg0830","fg0522","fg0034","fg0112","fg0726","fg0134","fg0743","fg0786","fg0386","fg0414","fg0901","fg0371","fg0482","fg0310","fg0715","fg0534","fg0692"
"fq001209","vx_8c508ca0b9ed8b80","fg0255","1","fg0255","fg0564","fg0439","fg0911","fg0114","fg0639","fg0080","fg0756","fg0425","fg0363","fg0489","fg0177","fg0332","fg0633","fg0601","fg0067","fg0670","fg0996","fg0669","fg0764"
"fq001210","vx_8c508ca0b9ed8b80","fg0255","1","fg0255","fg0564","fg0439","fg0911","fg0114","fg0332","fg0489","fg0639","fg0764","fg0633","fg0465","fg0067","fg0669","fg0080","fg0601","fg0141","fg0996","fg0425","fg0756","fg0363"
"fq001211","vx_8c508ca0b9ed8b80","fg0255","1","fg0255","fg0564","fg0439","fg0911","fg0114","fg0425","fg0669","fg0489","fg0996","fg0080","fg0639","fg0446","fg0363","fg0332","fg0633","fg0890","fg0473","fg0601","fg0177","fg0764"
"fq001212","vx_8c508ca0b9ed8b80","fg0255","1","fg0255","fg0564","fg0439","fg0911","fg0639","fg0114","fg0080","fg0756","fg0067","fg0177","fg0332","fg0425","fg0764","fg0996","fg0601","fg0633","fg0489","fg0363","fg0669","fg0465"
"fq001213","vx_ad4c60c0c99d7003","fg0256","4","fg0246","fg0789","fg0619","fg0256","fg0262","fg0781","fg0545","fg0807","fg0967","fg0987","fg0855","fg0910","fg0049","fg0552","fg0959","fg0331","fg0802","fg0033","fg0149","fg0373"
"fq001214","vx_ad4c60c0c99d7003","fg0256","4","fg0246","fg0262","fg0619","fg0256","fg0789","fg0781","fg0545","fg0807","fg0967","fg0987","fg0855","fg0910","fg0525","fg0049","fg0959","fg0487","fg0149","fg0802","fg0554","fg0373"
"fq001215","vx_ad4c60c0c99d7003","fg0256","3","fg0246","fg0619","fg0256","fg0262","fg0789","fg0781","fg0545","fg0807","fg0967","fg0987","fg0855","fg0049","fg0552","fg0910","fg0331","fg0554","fg0959","fg0487","fg0033","fg0263"
"fq001216","vx_ad4c60c0c99d7003","fg0256","3","fg0246","fg0619","fg0256","fg0789","fg0262","fg0781","fg0545","fg0807","fg0967","fg0987","fg0855","fg0049","fg0487","fg0554","fg0331","fg0263","fg0149","fg0033","fg0688","fg0910"
"fq001217","vx_ad4c60c0c99d7003","fg0256","1","fg0256","fg0262","fg0619","fg0246","fg0789","fg0781","fg0545","fg0807","fg0967","fg0987","fg0855","fg0910","fg0959","fg0373","fg0552","fg0331","fg0688","fg0802","fg0973","fg0525"
"fq001218","vx_ad4c60c0c99d7003","fg0256","2","fg0246","fg0256","fg0262","fg0619","fg0789","fg0781","fg0545","fg0807","fg0967","fg0987","fg0855","fg0049","fg0525","fg0263","fg0331","fg0554","fg0910","fg0149","fg0959","fg0033"
"fq001219","vx_ad4c60c0c99d7003","fg0256","2","fg0246","fg0256","fg0262","fg0619","fg0789","fg0781","fg0545","fg0807","fg0967","fg0987","fg0855","fg0049","fg0373","fg0554","fg0802","fg0331","fg0033","fg0263","fg0853","fg0149"
"fq001220","vx_ad4c60c0c99d7003","fg0256","3","fg0246","fg0789","fg0256","fg0262","fg0619","fg0781","fg0545","fg0807","fg0967","fg0987","fg0855","fg0049","fg0331","fg0554","fg0149","fg0263","fg0853","fg0921","fg0693","fg0064"
"fq001221","vx_ad4c60c0c99d7003","fg0256","1","fg0256","fg0246","fg0619","fg0262","fg0789","fg0781","fg0545","fg0807","fg0967","fg0987","fg0855","fg0910","fg0959","fg0552","fg0373","fg0331","fg0802","fg0525","fg0820","fg0049"
"fq001222","vx_ad4c60c0c99d7003","fg0256","4","fg0246","fg0789","fg0619","fg0256","fg0262","fg0781","fg0545","fg0807","fg0967","fg0987","fg0855","fg0049","fg0263","fg0331","fg0149","fg0554","fg0853","fg0910","fg0959","fg0487"
"fq001223","vx_ad4c60c0c99d7003","fg0256","3","fg0246","fg0619","fg0256","fg0262","fg0789","fg0781","fg0545","fg0807","fg0967","fg0987","fg0855","fg0910","fg0373","fg0802","fg0820","fg0525","fg0049","fg0959","fg0552","fg0554"
"fq001224","vx_ad4c60c0c99d7003","fg0256","4","fg0246","fg0619","fg0262","fg0256","fg0781","fg0789","fg0545","fg0807","fg0967","fg0987","fg0910","fg0373","fg0959","fg0688","fg0855","fg0802","fg0552","fg0973","fg0995","fg0033"
"fq001225","vx_ad4c60c0c99d7003","fg0256","4","fg0246","fg0262","fg0619","fg0256","fg0781","fg0789","fg0545","fg0807","fg0967","fg0987","fg0855","fg0910","fg0373","fg0959","fg0802","fg0049","fg0525","fg0176","fg0331","fg0820"
"fq001226","vx_ad4c60c0c99d7003","fg0256","3","fg0246","fg0619","fg0256","fg0262","fg0789","fg0781","fg0545","fg0807","fg0967","fg0987","fg0910","fg0855","fg0959","fg0373","fg0525","fg0802","fg0552","fg0820","fg0176","fg0688"
"fq001227","vx_152d62abb88d9a5b","fg0257","1","fg0257","fg0062","fg0087","fg0370","fg0871","fg0049","fg0478","fg0953","fg0027","fg0768","fg0577","fg0730","fg0667","fg0205","fg0017","fg0934","fg0037","fg0067","fg0635","fg0012"
"fq001228","vx_152d62abb88d9a5b","fg0257","1","fg0257","fg0062","fg0087","fg0370","fg0871","fg0934","fg0478","fg0577","fg0017","fg0049","fg0768","fg0216","fg1000","fg0061","fg0731","fg0037","fg0082","fg0635","fg0957","fg0704"
"fq001229","vx_34c841b8b3f78294","fg0258","1","fg0258","fg0025","fg0334","fg0117","fg0548","fg0372","fg0412","fg0106","fg0367","fg0973","fg0394","fg0411","fg0942","fg0221","fg0726","fg0076","fg0582","fg0503","fg0170","fg0696"
"fq001230","vx_34c841b8b3f78294","fg0258","1","fg0258","fg0394","fg0845","fg0973","fg0696","fg0726","fg0461","fg0334","fg0412","fg0025","fg0548","fg0688","fg0750","fg0665","fg0180","fg0435","fg0411","fg0579","fg0942","fg0847"
"fq001231","vx_34c841b8b3f78294","fg0258","1","fg0258","fg0412","fg0726","fg0025","fg0394","fg0334","fg0696","fg0973","fg0159","fg0372","fg0503","fg0579","fg0117","fg0719","fg0076","fg0847","fg0750","fg0437","fg0942","fg0756"
"fq001232","vx_bc4d22884b2bfa2d","fg0259","1","fg0259","fg0890","fg0946","fg0024","fg0136","fg0753","fg0713","fg0201","fg0478","fg0908","fg0431","fg0792","fg0810","fg0856","fg0526","fg0049","fg0086","fg0704","fg0486","fg0042"
"fq001233","vx_bc4d22884b2bfa2d","fg0259","1","fg0259","fg0890","fg0024","fg0946","fg0753","fg0136","fg0735","fg0239","fg0713","fg0652","fg0097","fg0561","fg0815","fg0201","fg0763","fg0739","fg0190","fg0558","fg0856","fg0086"
"fq001234","vx_bc4d22884b2bfa2d","fg0259","238","fg0583","fg0320","fg0886","fg0022","fg0758","fg0523","fg0782","fg0719","fg0867","fg0854","fg0533","fg0071","fg0140","fg0595","fg0983","fg0687","fg0159","fg0182","fg0569","fg0588"
"fq001235","vx_bc4d22884b2bfa2d","fg0259","1","fg0259","fg0890","fg0946","fg0024","fg0136","fg0753","fg0713","fg0201","fg0908","fg0478","fg0431","fg0792","fg0856","fg0810","fg0526","fg0704","fg0086","fg0486","fg0832","fg0918"
"fq001236","vx_bee5d952c7befc45","fg0260","1","fg0260","fg0147","fg0345","fg0573","fg0012","fg0490","fg0589","fg0175","fg0505","fg0657","fg0519","fg0421","fg0972","fg0460","fg0914","fg0669","fg0411","fg0738","fg0922","fg0158"
"fq001237","vx_b80f75ff67b7eb89","fg0261","1","fg0261","fg0522","fg0343","fg0273","fg0654","fg0785","fg0445","fg0643","fg0483","fg0210","fg0325","fg0313","fg0773","fg0650","fg0891","fg0093","fg0203","fg0014","fg0034","fg0314"
"fq001238","vx_325d9df9b5683c24","fg0262","1","fg0262","fg0256","fg0619","fg0781","fg0246","fg0789","fg0807","fg0545","fg0967","fg0987","fg0616","fg0036","fg0585","fg0855","fg0197","fg0554","fg0525","fg0270","fg0331","fg0049"
"fq001239","vx_770e6b634ec46c9d","fg0263","2","fg0982","fg0263","fg0737","fg0603","fg0716","fg0993","fg0639","fg0646","fg0792","fg0008","fg0177","fg0324","fg0170","fg0799","fg0765","fg0269","fg0695","fg0680","fg0439","fg0361"
"fq001240","vx_770e6b634ec46c9d","fg0263","1","fg0263","fg0982","fg0737","fg0716","fg0603","fg0993","fg0639","fg0792","fg0170","fg0646","fg0680","fg0546","fg0177","fg0072","fg0008","fg0050","fg0799","fg0099","fg0324","fg0269"
"fq001241","vx_a147eb375e658cb0","fg0264","1","fg0264","fg0589","fg0338","fg0385","fg0776","fg0750","fg0432","fg0291","fg0398","fg0272","fg0621","fg0222","fg0674","fg0892","fg0715","fg0797","fg0707","fg0011","fg0283","fg0775"
"fq001242","vx_bd6f8c6e0cc050a2","fg0265","1","fg0265","fg0878","fg0292","fg0005","fg0314","fg0749","fg0238","fg0833","fg0930","fg0822","fg0857","fg0605","fg0677","fg0418","fg0219","fg0498","fg0803","fg0664","fg0221","fg0250"
"fq001243","vx_bd6f8c6e0cc050a2","fg0265","1","fg0265","fg0878","fg0292","fg0314","fg0238","fg0803","fg0822","fg0005","fg0463","fg0857","fg0099","fg0629","fg0412","fg0188","fg0833","fg0517","fg0029","fg0113","fg0592","fg0964"
"fq001244","vx_6706357c47860d6d","fg0266","1","fg0266","fg0855","fg0887","fg0004","fg0010","fg0549","fg0431","fg0301","fg0888","fg0366","fg0031","fg0607","fg0443","fg0461","fg0161","fg0807","fg0987","fg0912","fg0898","fg0822"
"fq001245","vx_f203910bd199c165","fg0267","1","fg0267","fg0430","fg0490","fg0649","fg0460","fg0867","fg0891","fg0453","fg0177","fg0527","fg0588","fg0584","fg0355","fg0910","fg0186","fg0889","fg0983","fg0317","fg0820","fg0225"
"fq001246","vx_f203910bd199c165","fg0267","1","fg0267","fg0430","fg0867","fg0490","fg0891","fg0649","fg0569","fg0527","fg0983","fg0460","fg0355","fg0588","fg0584","fg0533","fg0889","fg0224","fg0453","fg0177","fg0659","fg0729"
"fq001247","vx_1f66bf13de5cb227","fg0268","1","fg0268","fg0015","fg0467","fg0346","fg0531","fg0702","fg0428","fg0409","fg0489","fg0860","fg0829","fg0924","fg0634","fg0281","fg0582","fg0865","fg0368","fg0046","fg0586","fg0360"
"fq001248","vx_a63a6f2c8044c806","fg0269","1","fg0269","fg0063","fg0598","fg0932","fg0440","fg0606","fg0469","fg0691","fg0669","fg0993","fg0716","fg0263","fg0519","fg0646","fg0599","fg0809","fg0233","fg0794","fg0051","fg0032"
"fq001249","vx_a63a6f2c8044c806","fg0269","153","fg0219","fg0250","fg0498","fg0605","fg0458","fg0132","fg0023","fg0230","fg0337","fg0934","fg0727","fg0634","fg0984","fg0135","fg0281","fg0377","fg0443","fg0483","fg0449","fg0160"
"fq001250","vx_a63a6f2c8044c806","fg0269","4","fg0696","fg0394","fg0726","fg0269","fg0034","fg0254","fg0290","fg0063","fg0598","fg0258","fg0550","fg0928","fg0004","fg0665","fg0469","fg0386","fg0877","fg0932","fg0750","fg0174"
"fq001251","vx_32339657247a9199","fg0270","1","fg0270","fg0579","fg0584","fg0159","fg0588","fg0889","fg0490","fg0298","fg0105","fg0749","fg0453","fg0503","fg0304","fg0910","fg0682","fg0430","fg0245","fg0071","fg0263","fg0768"
"fq001252","vx_32339657247a9199","fg0270","1","fg0270","fg0159","fg0579","fg0889","fg0584","fg0197","fg0105","fg0588","fg0490","fg0298","fg0749","fg0659","fg0071","fg0729","fg0867","fg0503","fg0551","fg0430","fg0249","fg0604"
"fq001253","vx_32339657247a9199","fg0270","1","fg0270","fg0159","fg0579","fg0197","fg0889","fg0584","fg0320","fg0105","fg0867","fg0490","fg0583","fg0886","fg0298","fg0749","fg0659","fg0397","fg0719","fg0588","fg0595","fg0910"
"fq001254","vx_32339657247a9199","fg0270","1","fg0270","fg0579","fg0889","fg0159","fg0584","fg0105","fg0588","fg0298","fg0071","fg0197","fg0490","fg0749","fg0867","fg0551","fg0503","fg0910","fg0430","fg0682","fg0659","fg0249"
"fq001255","vx_32339657247a9199","fg0270","1","fg0270","fg0579","fg0159","fg0584","fg0889","fg0105","fg0197","fg0298","fg0588","fg0749","fg0490","fg0867","fg0071","fg0895","fg0910","fg0430","fg0503","fg0439","fg0551","fg0682"
"fq001256","vx_32339657247a9199","fg0270","1","fg0270","fg0105","fg0579","fg0197","fg0584","fg0889","fg0298","fg0722","fg0867","fg0159","fg0397","fg0249","fg0868","fg0749","fg0071","fg0656","fg0595","fg0439","fg0551","fg0588"
"fq001257","vx_32339657247a9199","fg0270","1","fg0270","fg0579","fg0159","fg0584","fg0889","fg0588","fg0490","fg0105","fg0298","fg0749","fg0503","fg0453","fg0071","fg0263","fg0659","fg0464","fg0430","fg0233","fg0910","fg0729"
"fq001258","vx_32339657247a9199","fg0270","1","fg0270","fg0579","fg0159","fg0584","fg0490","fg0889","fg0298","fg0588","fg0105","fg0749","fg0071","fg0263","fg0659","fg0503","fg0453","fg0430","fg0867","fg0233","fg0464","fg0910"
"fq001259","vx_32339657247a9199","fg0270","1","fg0270","fg0159","fg0579","fg0889","fg0197","fg0105","fg0584","fg0298","fg0173","fg0910","fg0439","fg0867","fg0749","fg0490","fg0895","fg0588","fg0430","fg0453","fg0503","fg0249"
"fq001260","vx_32339657247a9199","fg0270","1","fg0270","fg0579","fg0159","fg0889","fg0584","fg0490","fg0588","fg0105","fg0659","fg0298","fg0071","fg0503","fg0749","fg0197","fg0729","fg0464","fg0430","fg0867","fg0263","fg0551"
"fq001261","vx_92db7dd54f59d2f5","fg0271","1","fg0271","fg0155","fg0552","fg0557","fg0064","fg0218","fg0660","fg0133","fg0642","fg0783","fg0196","fg0165","fg0925","fg0576","fg0403","fg0848","fg0184","fg0283","fg0950","fg0538"
"fq001262","vx_92db7dd54f59d2f5","fg0271","1","fg0271","fg0155","fg0218","fg0196","fg0283","fg0642","fg0557","fg0783","fg0660","fg0576","fg0767","fg0064","fg0319","fg0938","fg0814","fg0204","fg0056","fg0433","fg0494","fg0208"
"fq001263","vx_92db7dd54f59d2f5","fg0271","1","fg0271","fg0155","fg0218","fg0557","fg0196","fg0642","fg0783","fg0319","fg0660","fg0064","fg0576","fg0767","fg0204","fg0208","fg0848","fg0283","fg0812","fg0814","fg0938","fg0421"
"fq001264","vx_92db7dd54f59d2f5","fg0271","1","fg0271","fg0155","fg0783","fg0552","fg0196","fg0557","fg0642","fg0064","fg0218","fg0148","fg0319","fg0767","fg0925","fg0547","fg0560","fg0133","fg0403","fg0842","fg0421","fg0826"
"fq001265","vx_92db7dd54f59d2f5","fg0271","1","fg0271","fg0560","fg0095","fg0826","fg0793","fg0155","fg0327","fg0283","fg0842","fg0148","fg0660","fg0888","fg0018","fg0731","fg0547","fg0590","fg0198","fg0569","fg0191","fg0557"
"fq001266","vx_92db7dd54f59d2f5","fg0271","1","fg0271","fg0155","fg0218","fg0196","fg0783","fg0642","fg0557","fg0319","fg0064","fg0660","fg0767","fg0576","fg0421","fg0283","fg0552","fg0042","fg0848","fg0938","fg0056","fg0494"
"fq001267","vx_92db7dd54f59d2f5","fg0271","1","fg0271","fg0155","fg0735","fg0374","fg0552","fg0509","fg0970","fg0239","fg0557","fg0612","fg0642","fg0196","fg0559","fg0950","fg0739","fg0064","fg0113","fg0184","fg0561","fg0576"
"fq001268","vx_92db7dd54f59d2f5","fg0271","6","fg0769","fg0965","fg0105","fg0155","fg0868","fg0271","fg0539","fg0435","fg0552","fg0559","fg0660","fg0294","fg0372","fg0184","fg0113","fg0771","fg0841","fg0365","fg0173","fg0329"
"fq001269","vx_c1335dd52391d327","fg0272","1","fg0272","fg0432","fg0707","fg0775","fg0906","fg0641","fg0214","fg0461","fg0952","fg0589","fg0550","fg0875","fg0038","fg0317","fg0836","fg0072","fg0912","fg0577","fg0264","fg0477"
"fq001270","vx_c1335dd52391d327","fg0272","1","fg0272","fg0432","fg0707","fg0775","fg0906","fg0641","fg0214","fg0952","fg0461","fg0589","fg0875","fg0142","fg0548","fg0377","fg0453","fg0550","fg0449","fg0317","fg0264","fg0038"
"fq001271","vx_b982e5a320673d51","fg0273","1","fg0273","fg0343","fg0654","fg0261","fg0643","fg0522","fg0483","fg0445","fg0785","fg0773","fg0313","fg0203","fg0210","fg0351","fg0624","fg0178","fg0034","fg0529","fg0470","fg0028"
"fq001272","vx_6061b37c2bbc367f","fg0274","1","fg0274","fg0931","fg0187","fg0919","fg0064","fg0497","fg0874","fg0660","fg0537","fg0979","fg0644","fg0346","fg0081","fg0113","fg0504","fg0743","fg0889","fg0888","fg0594","fg0359"
"fq001273","vx_6061b37c2bbc367f","fg0274","1","fg0274","fg0187","fg0931","fg0979","fg0497","fg0064","fg0743","fg0504","fg0919","fg0660","fg0644","fg0874","fg0346","fg0888","fg0598","fg0537","fg0081","fg0113","fg0567","fg0740"
"fq001274","vx_6061b37c2bbc367f","fg0274","1","fg0274","fg0931","fg0919","fg0064","fg0187","fg0113","fg0660","fg0874","fg0644","fg0979","fg0284","fg0346","fg0504","fg0168","fg0497","fg0769","fg0537","fg0081","fg0867","fg0889"
"fq001275","vx_4c0e6773cc702042","fg0275","7","fg0108","fg0768","fg0588","fg0159","fg0490","fg0071","fg0275","fg0503","fg0001","fg0569","fg0810","fg0659","fg0641","fg0584","fg0241","fg0867","fg0533","fg0889","fg0123","fg0388"
"fq001276","vx_4c0e6773cc702042","fg0275","1","fg0275","fg0001","fg0503","fg0123","fg0108","fg0388","fg0768","fg0688","fg0490","fg0071","fg0159","fg0778","fg0729","fg0241","fg0533","fg0885","fg0659","fg0760","fg0810","fg0569"
"fq001277","vx_51f40aec6c01fe3d","fg0276","101","fg0173","fg0868","fg0105","fg0539","fg0771","fg0769","fg0086","fg0991","fg0452","fg0965","fg0570","fg0060","fg0527","fg0329","fg0238","fg0435","fg0034","fg0513","fg0912","fg0787"
"fq001278","vx_51f40aec6c01fe3d","fg0276","27","fg0086","fg0048","fg0893","fg0069","fg0980","fg0961","fg0648","fg0570","fg0863","fg0390","fg0722","fg0360","fg0854","fg0190","fg0113","fg0513","fg0735","fg0397","fg0843","fg0293"
"fq001279","vx_51f40aec6c01fe3d","fg0276","102","fg0893","fg0048","fg0980","fg0863","fg0648","fg0961","fg0086","fg0390","fg0014","fg0991","fg0527","fg0570","fg0513","fg0060","fg0521","fg0854","fg0360","fg0542","fg0423","fg0787"
"fq001280","vx_51f40aec6c01fe3d","fg0276","22","fg0086","fg0360","fg0069","fg0961","fg0570","fg0423","fg0129","fg0527","fg0980","fg0893","fg0648","fg0048","fg0863","fg0513","fg0521","fg0364","fg0854","fg0542","fg0117","fg0390"
"fq001281","vx_51f40aec6c01fe3d","fg0276","33","fg0086","fg0893","fg0980","fg0048","fg0863","fg0961","fg0069","fg0570","fg0648","fg0527","fg0360","fg0364","fg0513","fg0521","fg0588","fg0423","fg0129","fg0390","fg0060","fg0014"
"fq001282","vx_51f40aec6c01fe3d","fg0276","274","fg0086","fg0513","fg0735","fg0239","fg0570","fg0561","fg0364","fg0588","fg0173","fg0961","fg0360","fg0028","fg0880","fg0652","fg0894","fg0951","fg0527","fg0666","fg0559","fg0907"
"fq001283","vx_51f40aec6c01fe3d","fg0276","28","fg0086","fg0069","fg0961","fg0527","fg0521","fg0991","fg0364","fg0570","fg0588","fg0360","fg0854","fg0704","fg0060","fg0129","fg0413","fg0787","fg0513","fg0559","fg0931","fg0390"
"fq001284","vx_51f40aec6c01fe3d","fg0276","54","fg0086","fg0893","fg0980","fg0048","fg0863","fg0648","fg0961","fg0360","fg0570","fg0390","fg0527","fg0423","fg0129","fg0513","fg0364","fg0854","fg0130","fg0991","fg0014","fg0931"
"fq001285","vx_51f40aec6c01fe3d","fg0276","13","fg0527","fg0435","fg0521","fg0086","fg0961","fg0069","fg0365","fg0810","fg0991","fg0684","fg0390","fg0513","fg0276","fg0570","fg0364","fg0060","fg0787","fg0916","fg0413","fg0394"
"fq001286","vx_51f40aec6c01fe3d","fg0276","45","fg0069","fg0527","fg0570","fg0521","fg0961","fg0513","fg0854","fg0893","fg0980","fg0364","fg0991","fg0048","fg0588","fg0060","fg0863","fg0648","fg0951","fg0840","fg0413","fg0907"
"fq001287","vx_07999ca196f1d435","fg0277","1","fg0277","fg0176","fg0097","fg0735","fg0652","fg0239","fg0190","fg0134","fg0561","fg0725","fg0674","fg0739","fg0676","fg0763","fg0558","fg0098","fg0953","fg0691","fg0405","fg0943"
"fq001288","vx_0ab214b4c46b1e39","fg0278","1","fg0278","fg0723","fg0681","fg0548","fg0056","fg0166","fg0221","fg0377","fg0722","fg0759","fg0041","fg0189","fg0414","fg0665","fg0112","fg0580","fg0996","fg0268","fg0825","fg0142"
"fq001289","vx_893342667741bced","fg0279","1","fg0279","fg0025","fg0847","fg0117","fg0942","fg0106","fg0130","fg0620","fg0400","fg0359","fg0120","fg0169","fg0086","fg0892","fg0059","fg0909","fg0591","fg0894","fg0769","fg0228"
"fq001290","vx_893342667741bced","fg0279","1","fg0279","fg0847","fg0025","fg0117","fg0942","fg0130","fg0106","fg0620","fg0059","fg0825","fg0120","fg0400","fg0894","fg0169","fg0522","fg0113","fg0228","fg0892","fg0086","fg0403"
"fq001291","vx_893342667741bced","fg0279","1","fg0279","fg0025","fg0106","fg0942","fg0847","fg0117","fg0825","fg0258","fg0909","fg0403","fg0113","fg0228","fg0750","fg0892","fg0059","fg0907","fg0591","fg0400","fg0767","fg0844"
"fq001292","vx_893342667741bced","fg0279","1","fg0279","fg0025","fg0117","fg0847","fg0106","fg0942","fg0130","fg0591","fg0620","fg0400","fg0892","fg0767","fg0068","fg0825","fg0910","fg0228","fg0055","fg0258","fg0909","fg0646"
"fq001293","vx_f4acace6f945adf4","fg0280","1","fg0280","fg0805","fg0661","fg0068","fg0547","fg0687","fg0572","fg0199","fg0013","fg0523","fg0820","fg0300","fg0084","fg0399","fg0880","fg0864","fg0976","fg0366","fg0666","fg0291"
"fq001294","vx_f4acace6f945adf4","fg0280","1","fg0280","fg0805","fg0661","fg0013","fg0068","fg0687","fg0572","fg0523","fg0976","fg0199","fg0547","fg0529","fg0864","fg0442","fg0150","fg0335","fg0399","fg0406","fg0204","fg0084"
"fq001295","vx_5850c062da53aea2","fg0281","1","fg0281","fg0634","fg0702","fg0819","fg0924","fg0418","fg0132","fg0135","fg0165","fg0864","fg0016","fg0534","fg0109","fg0268","fg0801","fg0015","fg0984","fg0454","fg0217","fg0478"
"fq001296","vx_a24845ef31e7e32b","fg0282","1","fg0282","fg0247","fg0747","fg0843","fg0624","fg0390","fg0513","fg0693","fg0206","fg0183","fg0060","fg0743","fg0327","fg0055","fg0095","fg0827","fg0793","fg0746","fg0379","fg0750"
"fq001297","vx_bfb458f3ccb55770","fg0283","8","fg0523","fg0722","fg0529","fg0687","fg0214","fg0046","fg0310","fg0283","fg0641","fg0873","fg0099","fg0172","fg0428","fg0229","fg0860","fg0897","fg0555","fg0877","fg0366","fg0311"
"fq001298","vx_bfb458f3ccb55770","fg0283","1","fg0283","fg0915","fg0585","fg0036","fg0046","fg0310","fg0722","fg0616","fg0877","fg0172","fg0214","fg0897","fg0641","fg0366","fg0860","fg0428","fg0688","fg0229","fg0180","fg0501"
"fq001299","vx_bfb458f3ccb55770","fg0283","32","fg0432","fg0775","fg0707","fg0272","fg0214","fg0529","fg0523","fg0674","fg0641","fg0550","fg0906","fg0687","fg0099","fg0264","fg0516","fg0873","fg0964","fg0797","fg0589","fg0009"
"fq001300","vx_bfb458f3ccb55770","fg0283","1","fg0283","fg0529","fg0523","fg0310","fg0687","fg0722","fg0214","fg0046","fg0366","fg0641","fg0099","fg0172","fg0428","fg0897","fg0873","fg0229","fg0877","fg0860","fg0555","fg0311"
"fq001301","vx_bfb458f3ccb55770","fg0283","1","fg0283","fg0366","fg0310","fg0214","fg0722","fg0046","fg0641","fg0877","fg0529","fg0172","fg0523","fg0687","fg0873","fg0229","fg0988","fg0558","fg0775","fg0897","fg0432","fg0707"
"fq001302","vx_bfb458f3ccb55770","fg0283","1","fg0283","fg0877","fg0366","fg0523","fg0529","fg0687","fg0722","fg0046","fg0310","fg0172","fg0214","fg0558","fg0229","fg0641","fg0311","fg0099","fg0555","fg0428","fg0873","fg0797"
"fq001303","vx_bfb458f3ccb55770","fg0283","1","fg0283","fg0366","fg0877","fg0310","fg1000","fg0501","fg0529","fg0523","fg0558","fg0214","fg0687","fg0046","fg0172","fg0641","fg0660","fg0888","fg0722","fg0938","fg0311","fg0229"
"fq001304","vx_bfb458f3ccb55770","fg0283","1","fg0283","fg0366","fg0310","fg0877","fg1000","fg0529","fg0046","fg0501","fg0722","fg0988","fg0214","fg0172","fg0641","fg0888","fg0660","fg0431","fg0558","fg0229","fg0897","fg0523"
"fq001305","vx_bfb458f3ccb55770","fg0283","1","fg0283","fg0310","fg0366","fg0722","fg0046","fg0214","fg0529","fg0988","fg0523","fg0687","fg0172","fg0641","fg0428","fg0860","fg0229","fg0897","fg1000","fg0877","fg0775","fg0432"
"fq001306","vx_bfb458f3ccb55770","fg0283","14","fg0523","fg0687","fg0529","fg0877","fg0722","fg0046","fg0310","fg0428","fg0099","fg0172","fg0214","fg0366","fg0229","fg0283","fg0558","fg0555","fg0873","fg0897","fg0641","fg0311"
"fq001307","vx_bfb458f3ccb55770","fg0283","16","fg0523","fg0687","fg0529","fg0722","fg0099","fg0428","fg0046","fg0214","fg0310","fg0162","fg0172","fg0555","fg0897","fg0229","fg0873","fg0283","fg0435","fg0958","fg0860","fg0105"
"fq001308","vx_bfb458f3ccb55770","fg0283","1","fg0283","fg0366","fg0310","fg0529","fg0523","fg0722","fg0214","fg0046","fg0687","fg0877","fg0641","fg0172","fg0660","fg0501","fg0988","fg1000","fg0229","fg0888","fg0558","fg0897"
"fq001309","vx_bfb458f3ccb55770","fg0283","5","fg0523","fg0687","fg0529","fg0099","fg0283","fg0214","fg0722","fg0310","fg0428","fg0046","fg0641","fg1000","fg0873","fg0599","fg0555","fg0897","fg0162","fg0172","fg0860","fg0432"
"fq001310","vx_bfb458f3ccb55770","fg0283","1","fg0283","fg0366","fg0877","fg0523","fg0722","fg0529","fg0310","fg0687","fg0046","fg0214","fg0172","fg0641","fg0229","fg0558","fg0428","fg0099","fg0311","fg0555","fg1000","fg0873"
"fq001311","vx_bfb458f3ccb55770","fg0283","1","fg0283","fg0888","fg0768","fg1000","fg0529","fg0012","fg0501","fg0366","fg0304","fg0523","fg0687","fg0431","fg0310","fg0660","fg0722","fg0172","fg0245","fg0897","fg0699","fg0099"
"fq001312","vx_bfb458f3ccb55770","fg0283","8","fg0523","fg0687","fg0529","fg0722","fg0099","fg0046","fg0310","fg0283","fg0214","fg0873","fg0172","fg0428","fg0555","fg0641","fg0229","fg0366","fg0162","fg0877","fg0897","fg0860"
"fq001313","vx_bfb458f3ccb55770","fg0283","15","fg0046","fg0722","fg0214","fg0523","fg0687","fg0310","fg0873","fg0529","fg0172","fg0877","fg0641","fg0229","fg0428","fg0366","fg0283","fg0099","fg0558","fg0555","fg0860","fg0897"
"fq001314","vx_bfb458f3ccb55770","fg0283","16","fg0523","fg0722","fg0046","fg0687","fg0529","fg0214","fg0310","fg0873","fg0641","fg0172","fg0099","fg0428","fg0897","fg0229","fg0860","fg0283","fg0555","fg0366","fg0162","fg0877"
"fq001315","vx_bfb458f3ccb55770","fg0283","1","fg0283","fg0877","fg0722","fg0046","fg0366","fg0310","fg0214","fg0558","fg0172","fg0229","fg0641","fg0311","fg0873","fg0687","fg0529","fg0523","fg0428","fg0555","fg0860","fg0897"
"fq001316","vx_bfb458f3ccb55770","fg0283","9","fg0523","fg0722","fg0687","fg0529","fg0046","fg0877","fg0214","fg0310","fg0283","fg0873","fg0172","fg0366","fg0099","fg0428","fg0558","fg0641","fg0555","fg0229","fg0311","fg0162"
"fq001317","vx_bfb458f3ccb55770","fg0283","1","fg0283","fg0877","fg0366","fg0722","fg0310","fg0046","fg0523","fg0687","fg0558","fg0529","fg0172","fg0214","fg0641","fg0229","fg0311","fg1000","fg0555","fg0897","fg0873","fg0428"
"fq001318","vx_bfb458f3ccb55770","fg0283","1","fg0283","fg0722","fg0214","fg0310","fg0046","fg0529","fg0523","fg0366","fg0641","fg0687","fg0172","fg0229","fg0428","fg0877","fg0897","fg0873","fg0558","fg0860","fg0775","fg0555"
"fq001319","vx_bfb458f3ccb55770","fg0283","1","fg0283","fg0366","fg0877","fg0310","fg1000","fg0523","fg0529","fg0501","fg0722","fg0046","fg0558","fg0687","fg0172","fg0311","fg0214","fg0641","fg0967","fg0888","fg0660","fg0229"
"fq001320","vx_bfb458f3ccb55770","fg0283","5","fg0523","fg0687","fg0529","fg0099","fg0283","fg0722","fg1000","fg0599","fg0162","fg0428","fg0310","fg0046","fg0555","fg0684","fg0961","fg0888","fg0897","fg0501","fg0306","fg0469"
"fq001321","vx_bfb458f3ccb55770","fg0283","8","fg0529","fg0523","fg0687","fg0099","fg0599","fg0162","fg0585","fg0283","fg0961","fg1000","fg0555","fg0036","fg0964","fg0012","fg0958","fg0915","fg0299","fg0888","fg0684","fg0616"
"fq001322","vx_bfb458f3ccb55770","fg0283","14","fg0523","fg0529","fg0687","fg0099","fg0162","fg0599","fg0555","fg0961","fg0964","fg0958","fg0906","fg0428","fg0299","fg0283","fg0280","fg0559","fg0273","fg0873","fg0888","fg0516"
"fq001323","vx_bfb458f3ccb55770","fg0283","1","fg0283","fg0523","fg0722","fg0046","fg0687","fg0310","fg0529","fg0214","fg0877","fg0366","fg0641","fg0172","fg0873","fg0558","fg0229","fg0099","fg0428","fg0311","fg0555","fg1000"
"fq001324","vx_bfb458f3ccb55770","fg0283","1","fg0283","fg0529","fg0366","fg0310","fg0214","fg0722","fg0046","fg0523","fg0687","fg0988","fg0172","fg0641","fg0428","fg0229","fg0775","fg0432","fg0860","fg1000","fg0873","fg0877"
"fq001325","vx_bfb458f3ccb55770","fg0283","3","fg0529","fg0523","fg0283","fg0687","fg0877","fg0722","fg0366","fg0214","fg0046","fg0310","fg0099","fg0641","fg0172","fg0428","fg1000","fg0558","fg0873","fg0229","fg0897","fg0311"
"fq001326","vx_bfb458f3ccb55770","fg0283","1","fg0283","fg0214","fg0722","fg0046","fg0310","fg0523","fg0877","fg0641","fg0529","fg0687","fg0366","fg0873","fg0172","fg0558","fg0229","fg0555","fg0775","fg0428","fg0432","fg0707"
"fq001327","vx_bfb458f3ccb55770","fg0283","1","fg0283","fg0523","fg0687","fg0529","fg0099","fg0366","fg0722","fg0046","fg0310","fg0877","fg0214","fg0555","fg0172","fg0428","fg0897","fg0641","fg0162","fg1000","fg0229","fg0873"
"fq001328","vx_bfb458f3ccb55770","fg0283","1","fg0283","fg0366","fg0877","fg0310","fg0722","fg0214","fg0046","fg0172","fg0641","fg0558","fg0229","fg0311","fg0529","fg0988","fg0523","fg0873","fg0897","fg0687","fg0501","fg0860"
"fq001329","vx_bfb458f3ccb55770","fg0283","1","fg0283","fg0660","fg0938","fg0888","fg0366","fg0768","fg0628","fg0576","fg1000","fg0699","fg0501","fg0012","fg0967","fg0304","fg0347","fg0431","fg0877","fg0271","fg0469","fg0245"
"fq001330","vx_bfb458f3ccb55770","fg0283","1","fg0283","fg1000","fg0523","fg0529","fg0687","fg0366","fg0877","fg0888","fg0012","fg0310","fg0722","fg0046","fg0501","fg0099","fg0599","fg0641","fg0214","fg0660","fg0431","fg0172"
"fq001331","vx_bfb458f3ccb55770","fg0283","1","fg0283","fg0523","fg0529","fg0687","fg0099","fg1000","fg0214","fg0722","fg0888","fg0012","fg0641","fg0046","fg0555","fg0310","fg0501","fg0684","fg0428","fg0873","fg0599","fg0707"
"fq001332","vx_bfb458f3ccb55770","fg0283","1","fg0283","fg0523","fg0687","fg0366","fg0529","fg0877","fg0722","fg0046","fg0310","fg0214","fg0172","fg0641","fg0558","fg0229","fg0428","fg0099","fg0555","fg0873","fg0311","fg0860"
"fq001333","vx_bfb458f3ccb55770","fg0283","3","fg0877","fg0172","fg0283","fg0229","fg0722","fg0366","fg0046","fg0009","fg0797","fg0818","fg0310","fg0776","fg0529","fg0860","fg0892","fg0897","fg0428","fg0992","fg0674","fg0750"
"fq001334","vx_bfb458f3ccb55770","fg0283","3","fg0722","fg0214","fg0283","fg0523","fg0310","fg0046","fg0529","fg0687","fg0641","fg0775","fg0366","fg0172","fg0873","fg0988","fg0432","fg0428","fg0860","fg0707","fg0229","fg0272"
"fq001335","vx_bfb458f3ccb55770","fg0283","23","fg0523","fg0687","fg0529","fg0099","fg0722","fg0046","fg0162","fg0310","fg0428","fg0958","fg0555","fg0214","fg0877","fg0599","fg0172","fg0897","fg0860","fg0964","fg0873","fg0366"
"fq001336","vx_bfb458f3ccb55770","fg0283","5","fg0722","fg0046","fg0310","fg0172","fg0283","fg0877","fg0366","fg0229","fg0214","fg0860","fg0428","fg0897","fg0328","fg0988","fg0191","fg0529","fg0388","fg0031","fg0687","fg0523"
"fq001337","vx_bfb458f3ccb55770","fg0283","1","fg0283","fg0366","fg0877","fg0523","fg0529","fg0687","fg0310","fg0722","fg0641","fg0214","fg0046","fg0558","fg0172","fg0229","fg0311","fg0555","fg0099","fg0660","fg0873","fg1000"
"fq001338","vx_bfb458f3ccb55770","fg0283","1","fg0283","fg0877","fg0366","fg0722","fg0046","fg0523","fg0310","fg0558","fg0687","fg0214","fg0172","fg0529","fg0229","fg0641","fg0311","fg0873","fg0555","fg0428","fg1000","fg0897"
"fq001339","vx_bfb458f3ccb55770","fg0283","1","fg0283","fg0529","fg0722","fg0310","fg1000","fg0366","fg0523","fg0877","fg0046","fg0687","fg0214","fg0641","fg0172","fg0897","fg0888","fg0558","fg0229","fg0428","fg0501","fg0012"
"fq001340","vx_bfb458f3ccb55770","fg0283","6","fg0523","fg0687","fg0529","fg0099","fg0722","fg0283","fg0310","fg0046","fg0366","fg0428","fg0877","fg0214","fg0172","fg0162","fg0599","fg1000","fg0897","fg0555","fg0229","fg0641"
"fq001341","vx_bfb458f3ccb55770","fg0283","1","fg0283","fg0877","fg0366","fg0722","fg0172","fg0046","fg0229","fg0310","fg0214","fg0558","fg0641","fg0797","fg0529","fg0873","fg0897","fg0523","fg0311","fg0428","fg0687","fg0860"
"fq001342","vx_bfb458f3ccb55770","fg0283","1","fg0283","fg0523","fg0687","fg0529","fg0722","fg0310","fg0046","fg0214","fg0099","fg0366","fg0172","fg0641","fg1000","fg0877","fg0428","fg0897","fg0229","fg0873","fg0555","fg0599"
"fq001343","vx_bfb458f3ccb55770","fg0283","4","fg0523","fg0529","fg0687","fg0283","fg0099","fg0722","fg0310","fg0214","fg0366","fg0428","fg0046","fg0555","fg0860","fg0641","fg0162","fg0172","fg0877","fg0432","fg0707","fg0964"
"fq001344","vx_250ee1a40d904f76","fg0284","1","fg0284","fg0007","fg0614","fg0828","fg0113","fg0896","fg0118","fg0796","fg0602","fg0974","fg0616","fg0472","fg0759","fg0036","fg0429","fg0477","fg0330","fg0008","fg0585","fg0173"
"fq001345","vx_dbc2827fb74a3b2f","fg0285","1","fg0285","fg0111","fg0912","fg0286","fg0808","fg0387","fg0049","fg0233","fg0348","fg0675","fg0704","fg0814","fg0958","fg0353","fg0201","fg0215","fg0818","fg0268","fg0316","fg0516"
"fq001346","vx_c752aef23109600b","fg0286","1","fg0286","fg0808","fg0111","fg0285","fg0912","fg0233","fg0773","fg0003","fg0387","fg0049","fg0704","fg0400","fg0201","fg0839","fg0870","fg0486","fg0242","fg0587","fg0959","fg0185"
"fq001347","vx_4cfeff5d60c4e15e","fg0287","1","fg0287","fg0103","fg0367","fg0227","fg0869","fg0706","fg0090","fg0209","fg0905","fg0387","fg0796","fg0555","fg0402","fg0420","fg0963","fg0955","fg0553","fg0720","fg0157","fg0519"
"fq001348","vx_4cfeff5d60c4e15e","fg0287","1","fg0287","fg0103","fg0367","fg0227","fg0706","fg0869","fg0090","fg0905","fg0209","fg0555","fg0402","fg0387","fg0796","fg0157","fg0955","fg0420","fg0519","fg0857","fg0745","fg0794"
"fq001349","vx_5022cc41391ebe56","fg0288","1","fg0288","fg0532","fg0329","fg0892","fg0157","fg0674","fg0476","fg0033","fg0387","fg0592","fg0708","fg0526","fg0009","fg0896","fg0129","fg0909","fg0918","fg0871","fg0392","fg0796"
"fq001350","vx_5022cc41391ebe56","fg0288","1","fg0288","fg0532","fg0329","fg0892","fg0157","fg0476","fg0674","fg0033","fg0592","fg0009","fg0387","fg0708","fg0526","fg0776","fg0918","fg0129","fg0896","fg0909","fg0871","fg0174"
"fq001351","vx_9ac19830051202da","fg0289","1","fg0289","fg0879","fg0943","fg0485","fg0636","fg0076","fg0653","fg0052","fg0929","fg0658","fg0452","fg0391","fg0880","fg0823","fg0295","fg0071","fg0726","fg0174","fg0997","fg0843"
"fq001352","vx_26c63f0ae5cb6c57","fg0290","1","fg0290","fg0128","fg0034","fg0726","fg0394","fg0696","fg0832","fg0837","fg0375","fg0011","fg0002","fg0134","fg0254","fg0528","fg0009","fg0665","fg0040","fg0261","fg0424","fg0637"
"fq001353","vx_26c63f0ae5cb6c57","fg0290","1","fg0290","fg0128","fg0034","fg0726","fg0394","fg0696","fg0832","fg0837","fg0011","fg0375","fg0002","fg0254","fg0134","fg0725","fg0464","fg0528","fg0040","fg0417","fg0665","fg0424"
"fq001354","vx_26c63f0ae5cb6c57","fg0290","1","fg0290","fg0128","fg0034","fg0394","fg0696","fg0726","fg0832","fg0291","fg0589","fg0665","fg0011","fg0528","fg0837","fg0464","fg0021","fg0243","fg0375","fg0399","fg0338","fg0254"
"fq001355","vx_26c63f0ae5cb6c57","fg0290","1","fg0290","fg0128","fg0034","fg0726","fg0394","fg0696","fg0832","fg0837","fg0002","fg0011","fg0375","fg0528","fg0040","fg0291","fg0254","fg0920","fg0243","fg0134","fg0716","fg0009"
"fq001356","vx_26c63f0ae5cb6c57","fg0290","1","fg0290","fg0128","fg0034","fg0394","fg0726","fg0832","fg0696","fg0837","fg0011","fg0375","fg0002","fg0528","fg0725","fg0009","fg0134","fg0716","fg0920","fg0464","fg0261","fg0040"
"fq001357","vx_0474373b4cf73f67","fg0291","1","fg0291","fg0399","fg0019","fg0264","fg0840","fg0802","fg0624","fg0338","fg0820","fg0137","fg0247","fg0589","fg0677","fg0216","fg0710","fg0729","fg0609","fg0280","fg0747","fg0123"
"fq001358","vx_0474373b4cf73f67","fg0291","1","fg0291","fg0399","fg0019","fg0264","fg0840","fg0338","fg0729","fg0677","fg0624","fg0589","fg0710","fg0123","fg0590","fg0247","fg0986","fg0137","fg0815","fg0697","fg0275","fg0609"
"fq001359","vx_0474373b4cf73f67","fg0291","1","fg0291","fg0399","fg0019","fg0264","fg0840","fg0338","fg0677","fg0729","fg0589","fg0624","fg0669","fg0247","fg0280","fg0796","fg0609","fg0710","fg0986","fg0815","fg0137","fg0123"
"fq001360","vx_ae294ea56e1acb76","fg0292","1","fg0292","fg0878","fg0238","fg0314","fg0955","fg0906","fg0570","fg0656","fg0471","fg0961","fg0265","fg0329","fg0592","fg0203","fg0005","fg0740","fg0532","fg0432","fg0621","fg0675"
"fq001361","vx_ae294ea56e1acb76","fg0292","1","fg0292","fg0878","fg0314","fg0238","fg0005","fg0265","fg0463","fg0961","fg0749","fg0800","fg0907","fg0617","fg0955","fg0995","fg0857","fg0845","fg0906","fg0570","fg0513","fg0471"
"fq001362","vx_ae294ea56e1acb76","fg0292","3","fg0906","fg0675","fg0292","fg0961","fg0527","fg0570","fg0955","fg0272","fg0994","fg0068","fg0432","fg0656","fg0907","fg0707","fg0513","fg0674","fg0461","fg0174","fg0621","fg0670"
"fq001363","vx_4c673b88180c4059","fg0293","1","fg0293","fg0960","fg0353","fg0884","fg0333","fg0574","fg0204","fg0113","fg0389","fg0975","fg0444","fg0595","fg0868","fg0320","fg0955","fg0390","fg0675","fg0547","fg0483","fg0738"
"fq001364","vx_4e96cfbbedc19fb6","fg0294","1","fg0294","fg0657","fg0505","fg0972","fg0519","fg0914","fg0669","fg0539","fg0965","fg0868","fg0559","fg0105","fg0659","fg0769","fg0043","fg0448","fg0919","fg0167","fg0052","fg0120"
"fq001365","vx_4e96cfbbedc19fb6","fg0294","1","fg0294","fg0657","fg0505","fg0972","fg0519","fg0914","fg0669","fg0043","fg0167","fg0687","fg0659","fg0490","fg0733","fg0451","fg0448","fg0763","fg0739","fg0120","fg0199","fg0147"
"fq001366","vx_4e96cfbbedc19fb6","fg0294","1","fg0294","fg0657","fg0972","fg0505","fg0519","fg0914","fg0669","fg0167","fg0659","fg0490","fg0448","fg0043","fg0733","fg0120","fg0400","fg0427","fg0295","fg0858","fg0147","fg0345"
"fq001367","vx_4e96cfbbedc19fb6","fg0294","2","fg0505","fg0294","fg0657","fg0972","fg0519","fg0914","fg0669","fg0861","fg0167","fg0451","fg0307","fg0760","fg0395","fg0063","fg0396","fg0659","fg0269","fg0410","fg0490","fg0809"
"fq001368","vx_4e96cfbbedc19fb6","fg0294","1","fg0294","fg0505","fg0657","fg0972","fg0519","fg0914","fg0669","fg0167","fg0659","fg0490","fg0448","fg0733","fg0120","fg0451","fg0063","fg0861","fg0043","fg0400","fg0345","fg0147"
"fq001369","vx_4e96cfbbedc19fb6","fg0294","1","fg0294","fg0505","fg0657","fg0972","fg0519","fg0914","fg0669","fg0167","fg0659","fg0451","fg0490","fg0733","fg0448","fg0120","fg0063","fg0861","fg0345","fg0043","fg0933","fg0753"
"fq001370","vx_4e96cfbbedc19fb6","fg0294","4","fg0972","fg0519","fg0657","fg0294","fg0505","fg0914","fg0669","fg0167","fg0659","fg0490","fg0733","fg0043","fg0448","fg0739","fg0400","fg0900","fg0763","fg0345","fg0260","fg0147"
"fq001371","vx_4e96cfbbedc19fb6","fg0294","2","fg0505","fg0294","fg0972","fg0657","fg0519","fg0914","fg0669","fg0167","fg0659","fg0490","fg0451","fg0733","fg0063","fg0932","fg0269","fg0861","fg0120","fg0345","fg0260","fg0933"
"fq001372","vx_4e96cfbbedc19fb6","fg0294","2","fg0657","fg0294","fg0505","fg0972","fg0519","fg0914","fg0669","fg0167","fg0659","fg0490","fg0733","fg0120","fg0260","fg0933","fg0345","fg0063","fg0451","fg0147","fg0932","fg0858"
"fq001373","vx_4e96cfbbedc19fb6","fg0294","1","fg0294","fg0657","fg0505","fg0972","fg0519","fg0914","fg0669","fg0659","fg0490","fg0733","fg0260","fg0345","fg0167","fg0147","fg0539","fg0675","fg0858","fg0120","fg0933","fg0427"
"fq001374","vx_4e96cfbbedc19fb6","fg0294","1","fg0294","fg0657","fg0972","fg0505","fg0519","fg0914","fg0669","fg0167","fg0659","fg0490","fg0733","fg0120","fg0043","fg0448","fg0753","fg0933","fg0400","fg0916","fg0427","fg0063"
"fq001375","vx_4e96cfbbedc19fb6","fg0294","1","fg0294","fg0505","fg0657","fg0972","fg0519","fg0914","fg0669","fg0167","fg0659","fg0451","fg0490","fg0120","fg0733","fg0063","fg0448","fg0861","fg0760","fg0932","fg0916","fg0753"
"fq001376","vx_4e96cfbbedc19fb6","fg0294","1","fg0294","fg0505","fg0657","fg0972","fg0519","fg0914","fg0669","fg0167","fg0451","fg0659","fg0490","fg0861","fg0733","fg0120","fg0448","fg0063","fg0410","fg0916","fg0307","fg0760"
"fq001377","vx_4e96cfbbedc19fb6","fg0294","1","fg0294","fg0657","fg0505","fg0972","fg0519","fg0914","fg0669","fg0659","fg0043","fg0675","fg0490","fg0167","fg0539","fg0260","fg0733","fg0916","fg0345","fg0965","fg0147","fg0052"
"fq001378","vx_4e96cfbbedc19fb6","fg0294","1","fg0294","fg0657","fg0505","fg0972","fg0519","fg0914","fg0669","fg0167","fg0659","fg0490","fg0733","fg0120","fg0675","fg0345","fg0260","fg0147","fg0858","fg0933","fg0448","fg0916"
"fq001379","vx_4e96cfbbedc19fb6","fg0294","1","fg0294","fg0657","fg0505","fg0972","fg0914","fg0519","fg0669","fg0043","fg0659","fg0167","fg0763","fg0295","fg0739","fg0935","fg0900","fg0687","fg0490","fg0976","fg0195","fg0448"
"fq001380","vx_4e96cfbbedc19fb6","fg0294","2","fg0505","fg0294","fg0972","fg0657","fg0519","fg0914","fg0669","fg0167","fg0861","fg0451","fg0659","fg0490","fg0760","fg0307","fg0063","fg0120","fg0733","fg0448","fg0400","fg0269"
"fq001381","vx_4e96cfbbedc19fb6","fg0294","1","fg0294","fg0657","fg0505","fg0972","fg0519","fg0914","fg0669","fg0167","fg0490","fg0659","fg0451","fg0733","fg0260","fg0345","fg0120","fg0147","fg0539","fg0448","fg0858","fg0753"
"fq001382","vx_4e96cfbbedc19fb6","fg0294","2","fg0505","fg0294","fg0657","fg0972","fg0519","fg0914","fg0669","fg0167","fg0451","fg0760","fg0659","fg0861","fg0490","fg0063","fg0345","fg0120","fg0733","fg0448","fg0307","fg0809"
"fq001383","vx_4e96cfbbedc19fb6","fg0294","1","fg0294","fg0657","fg0505","fg0972","fg0519","fg0914","fg0669","fg0167","fg0659","fg0490","fg0733","fg0120","fg0451","fg0063","fg0932","fg0448","fg0933","fg0753","fg0916","fg0748"
"fq001384","vx_4e96cfbbedc19fb6","fg0294","1","fg0294","fg0657","fg0505","fg0972","fg0519","fg0914","fg0669","fg0167","fg0659","fg0043","fg0490","fg0733","fg0260","fg0120","fg0448","fg0345","fg0147","fg0687","fg0932","fg0858"
"fq001385","vx_4e96cfbbedc19fb6","fg0294","1","fg0294","fg0505","fg0657","fg0972","fg0519","fg0914","fg0669","fg0167","fg0043","fg0659","fg0451","fg0490","fg0861","fg0295","fg0763","fg0739","fg0063","fg0760","fg0733","fg0120"
"fq001386","vx_4e96cfbbedc19fb6","fg0294","1","fg0294","fg0505","fg0657","fg0972","fg0519","fg0914","fg0669","fg0167","fg0659","fg0490","fg0451","fg0733","fg0539","fg0916","fg0063","fg0120","fg0448","fg0043","fg0861","fg0753"
"fq001387","vx_4e96cfbbedc19fb6","fg0294","1","fg0294","fg0657","fg0505","fg0972","fg0519","fg0914","fg0669","fg0675","fg0539","fg0656","fg0916","fg0195","fg0659","fg0919","fg0490","fg0868","fg0965","fg0955","fg0260","fg0167"
"fq001388","vx_4e96cfbbedc19fb6","fg0294","1","fg0294","fg0657","fg0505","fg0972","fg0519","fg0914","fg0669","fg0167","fg0659","fg0490","fg0916","fg0120","fg0539","fg0733","fg0448","fg0147","fg0427","fg0345","fg0260","fg0559"
"fq001389","vx_4e96cfbbedc19fb6","fg0294","1","fg0294","fg0657","fg0505","fg0972","fg0914","fg0519","fg0669","fg0043","fg0687","fg0197","fg0763","fg0739","fg0659","fg0722","fg0017","fg0167","fg0195","fg0199","fg0400","fg0127"
"fq001390","vx_4e96cfbbedc19fb6","fg0294","1","fg0294","fg0657","fg0505","fg0972","fg0519","fg0914","fg0669","fg0167","fg0043","fg0659","fg0490","fg0687","fg0733","fg0120","fg0448","fg0451","fg0147","fg0753","fg0345","fg0858"
"fq001391","vx_3967c6e7cf15200e","fg0295","1","fg0295","fg0900","fg0436","fg0124","fg0866","fg0456","fg0632","fg0853","fg0415","fg0801","fg0918","fg0776","fg0707","fg0690","fg0513","fg0065","fg0952","fg0501","fg0554","fg0580"
"fq001392","vx_3967c6e7cf15200e","fg0295","1","fg0295","fg0900","fg0124","fg0866","fg0436","fg0456","fg0853","fg0801","fg0415","fg0632","fg0918","fg0707","fg0513","fg0952","fg0501","fg0554","fg0266","fg0782","fg0935","fg0875"
"fq001393","vx_3967c6e7cf15200e","fg0295","1","fg0295","fg0900","fg0124","fg0866","fg0436","fg0456","fg0853","fg0632","fg0801","fg0918","fg0501","fg0415","fg0707","fg0266","fg0782","fg0776","fg0952","fg0513","fg0554","fg0009"
"fq001394","vx_3967c6e7cf15200e","fg0295","1","fg0295","fg0900","fg0124","fg0866","fg0436","fg0456","fg0632","fg0853","fg0918","fg0513","fg0801","fg0415","fg0952","fg0501","fg0776","fg0875","fg0707","fg0954","fg0782","fg0272"
"fq001395","vx_3967c6e7cf15200e","fg0295","1","fg0295","fg0900","fg0124","fg0866","fg0436","fg0456","fg0632","fg0554","fg0918","fg0801","fg0853","fg0501","fg0952","fg0513","fg0776","fg0799","fg0415","fg0707","fg0266","fg0935"
"fq001396","vx_3967c6e7cf15200e","fg0295","1","fg0295","fg0900","fg0124","fg0456","fg0866","fg0436","fg0853","fg0415","fg0632","fg0801","fg0513","fg0918","fg0501","fg0875","fg0707","fg0782","fg0776","fg0952","fg0272","fg0009"
"fq001397","vx_3967c6e7cf15200e","fg0295","1","fg0295","fg0900","fg0170","fg0680","fg0872","fg0853","fg0072","fg0501","fg0513","fg0801","fg0272","fg0707","fg0875","fg0898","fg0782","fg0124","fg0918","fg0925","fg0410","fg0266"
"fq001398","vx_3967c6e7cf15200e","fg0295","1","fg0295","fg0900","fg0456","fg0124","fg0866","fg0436","fg0853","fg0801","fg0554","fg0632","fg0415","fg0918","fg0707","fg0513","fg0501","fg0952","fg0875","fg0935","fg0776","fg0872"
"fq001399","vx_3967c6e7cf15200e","fg0295","1","fg0295","fg0900","fg0124","fg0436","fg0866","fg0456","fg0632","fg0513","fg0918","fg0853","fg0415","fg0776","fg0801","fg0952","fg0501","fg0707","fg0782","fg0580","fg0065","fg0266"
"fq001400","vx_3967c6e7cf15200e","fg0295","1","fg0295","fg0900","fg0436","fg0124","fg0866","fg0456","fg0632","fg0853","fg0415","fg0918","fg0801","fg0776","fg0707","fg0690","fg0513","fg0065","fg0952","fg0580","fg0501","fg0554"
"fq001401","vx_3967c6e7cf15200e","fg0295","1","fg0295","fg0900","fg0872","fg0124","fg0436","fg0866","fg0853","fg0513","fg0875","fg0801","fg0954","fg0415","fg0456","fg0501","fg0918","fg0952","fg0707","fg0272","fg0289","fg0776"
"fq001402","vx_3967c6e7cf15200e","fg0295","1","fg0295","fg0900","fg0124","fg0866","fg0436","fg0456","fg0918","fg0632","fg0853","fg0513","fg0954","fg0801","fg0952","fg0580","fg0501","fg0776","fg0707","fg0415","fg0266","fg0821"
"fq001403","vx_3967c6e7cf15200e","fg0295","1","fg0295","fg0900","fg0124","fg0866","fg0436","fg0456","fg0853","fg0632","fg0801","fg0918","fg0513","fg0554","fg0501","fg0415","fg0952","fg0875","fg0776","fg0707","fg0266","fg0782"
"fq001404","vx_3967c6e7cf15200e","fg0295","1","fg0295","fg0900","fg0124","fg0866","fg0436","fg0456","fg0632","fg0853","fg0801","fg0513","fg0918","fg0501","fg0952","fg0415","fg0707","fg0554","fg0776","fg0266","fg0799","fg0875"
"fq001405","vx_3967c6e7cf15200e","fg0295","1","fg0295","fg0900","fg0124","fg0436","fg0866","fg0632","fg0918","fg0776","fg0501","fg0456","fg0690","fg0210","fg0952","fg0853","fg0513","fg0580","fg0799","fg0415","fg0266","fg0774"
"fq001406","vx_3967c6e7cf15200e","fg0295","1","fg0295","fg0900","fg0456","fg0124","fg0866","fg0436","fg0853","fg0801","fg0632","fg0415","fg0513","fg0707","fg0501","fg0918","fg0952","fg0875","fg0872","fg0554","fg0266","fg0935"
"fq001407","vx_3967c6e7cf15200e","fg0295","1","fg0295","fg0900","fg0124","fg0436","fg0866","fg0456","fg0632","fg0853","fg0918","fg0501","fg0801","fg0513","fg0415","fg0776","fg0707","fg0782","fg0952","fg0266","fg0580","fg0875"
"fq001408","vx_333805663b3c2a22","fg0296","1","fg0296","fg0784","fg0566","fg0054","fg0323","fg0653","fg0146","fg0883","fg0929","fg0745","fg0594","fg0045","fg0819","fg0673","fg0899","fg0212","fg0686","fg0440","fg0226","fg0148"
"fq001409","vx_3670a9ab83cdc278","fg0297","1","fg0297","fg0652","fg0735","fg0239","fg0862","fg0713","fg0097","fg0490","fg0561","fg0021","fg0640","fg0858","fg0693","fg0190","fg0558","fg0929","fg0653","fg0959","fg0763","fg0739"
"fq001410","vx_7a39b63de753996b","fg0298","1","fg0298","fg0867","fg0071","fg0235","fg0533","fg0579","fg0270","fg0885","fg0569","fg0588","fg0889","fg0997","fg0197","fg0584","fg0159","fg0105","fg0503","fg0886","fg0983","fg0846"
"fq001411","vx_7a39b63de753996b","fg0298","1","fg0298","fg0235","fg0197","fg0270","fg0579","fg0889","fg0503","fg0584","fg0159","fg0071","fg0588","fg0042","fg0656","fg0105","fg0276","fg0589","fg0915","fg0847","fg0846","fg0963"
"fq001412","vx_7a39b63de753996b","fg0298","1","fg0298","fg0579","fg0270","fg0588","fg0197","fg0584","fg0503","fg0235","fg0846","fg0159","fg0071","fg0847","fg0656","fg0211","fg0889","fg0451","fg0748","fg0233","fg0042","fg0193"
"fq001413","vx_7a39b63de753996b","fg0298","1","fg0298","fg0235","fg0270","fg0579","fg0503","fg0889","fg0197","fg0963","fg0105","fg0159","fg0502","fg0407","fg0071","fg0584","fg0275","fg0001","fg0042","fg0864","fg0123","fg0719"
"fq001414","vx_7a39b63de753996b","fg0298","1","fg0298","fg0197","fg0588","fg0211","fg0579","fg0584","fg0270","fg0235","fg0042","fg0071","fg0503","fg0889","fg0159","fg0831","fg0191","fg0907","fg0847","fg0195","fg0105","fg0772"
"fq001415","vx_7a39b63de753996b","fg0298","1","fg0298","fg0579","fg0197","fg0588","fg0656","fg0159","fg0071","fg0270","fg0889","fg0276","fg0042","fg0235","fg0584","fg0503","fg0589","fg0539","fg0258","fg0211","fg0344","fg0886"
"fq001416","vx_7a39b63de753996b","fg0298","1","fg0298","fg0235","fg0197","fg0889","fg0270","fg0579","fg0159","fg0071","fg0588","fg0584","fg0042","fg0963","fg0867","fg0970","fg0105","fg0276","fg0503","fg0847","fg0589","fg0407"
"fq001417","vx_7a39b63de753996b","fg0298","1","fg0298","fg0197","fg0588","fg0584","fg0503","fg0270","fg0211","fg0042","fg0159","fg0071","fg0235","fg0889","fg0388","fg0579","fg0907","fg0589","fg0195","fg0276","fg0275","fg0105"
"fq001418","vx_7a39b63de753996b","fg0298","1","fg0298","fg0235","fg0270","fg0584","fg0963","fg0197","fg0579","fg0889","fg0502","fg0159","fg0503","fg0588","fg0105","fg0720","fg0683","fg0071","fg0864","fg0439","fg0695","fg0867"
"fq001419","vx_446ba3b8d5210e38","fg0299","330","fg0113","fg0173","fg0397","fg0868","fg0567","fg0197","fg0319","fg0854","fg0673","fg0722","fg0027","fg0204","fg0769","fg0227","fg0007","fg0331","fg0671","fg0964","fg0293","fg0539"
"fq001420","vx_6326499f12c70b4c","fg0300","1","fg0300","fg0679","fg0242","fg0870","fg0633","fg0026","fg0898","fg0068","fg0704","fg0594","fg0776","fg0678","fg0818","fg0423","fg0550","fg0042","fg0892","fg0478","fg0412","fg0881"
"fq001421","vx_6326499f12c70b4c","fg0300","1","fg0300","fg0679","fg0242","fg0870","fg0633","fg0898","fg0026","fg0068","fg0594","fg0818","fg0704","fg0776","fg0892","fg0678","fg0881","fg0042","fg0201","fg0459","fg0423","fg0412"
"fq001422","vx_42dd6d715b025f2e","fg0301","1","fg0301","fg0031","fg0873","fg0822","fg0876","fg0214","fg0549","fg0641","fg0954","fg0817","fg0266","fg0402","fg0555","fg0621","fg0550","fg0172","fg0987","fg0229","fg0377","fg0310"
"fq001423","vx_42dd6d715b025f2e","fg0301","1","fg0301","fg0031","fg0873","fg0549","fg0822","fg0214","fg0954","fg0876","fg0641","fg0621","fg0550","fg0266","fg0377","fg0555","fg0449","fg0707","fg0987","fg0402","fg0706","fg0734"
"fq001424","vx_338da0a48d0dcc33","fg0302","8","fg0264","fg0469","fg0799","fg0027","fg0011","fg0916","fg0599","fg0302","fg0630","fg0492","fg0012","fg0197","fg0407","fg0777","fg0748","fg0137","fg0871","fg0596","fg0163","fg0854"
"fq001425","vx_338da0a48d0dcc33","fg0302","1","fg0302","fg0709","fg0010","fg0799","fg0630","fg0492","fg0469","fg0510","fg0070","fg0197","fg0481","fg0677","fg0057","fg0081","fg0407","fg0228","fg0576","fg0100","fg0029","fg0027"
"fq001426","vx_338da0a48d0dcc33","fg0302","2","fg0113","fg0302","fg0868","fg0832","fg0197","fg0671","fg0854","fg0965","fg0799","fg0630","fg0492","fg0057","fg0143","fg0173","fg0769","fg0919","fg0596","fg0722","fg0469","fg0353"
"fq001427","vx_338da0a48d0dcc33","fg0302","2","fg0148","fg0302","fg0799","fg0960","fg0965","fg0164","fg0630","fg0559","fg0027","fg0558","fg0948","fg0868","fg0977","fg0720","fg0194","fg0085","fg0769","fg0113","fg0064","fg0916"
"fq001428","vx_338da0a48d0dcc33","fg0302","1","fg0302","fg0057","fg0832","fg0630","fg0799","fg0596","fg0868","fg0492","fg0677","fg0671","fg0581","fg0401","fg0919","fg0709","fg0664","fg0354","fg0965","fg0051","fg0656","fg0437"
"fq001429","vx_338da0a48d0dcc33","fg0302","1","fg0302","fg0799","fg0148","fg0492","fg0510","fg0070","fg0481","fg0630","fg0769","fg0053","fg0143","fg0559","fg0407","fg0359","fg0100","fg0318","fg0986","fg0709","fg0928","fg0469"
"fq001430","vx_338da0a48d0dcc33","fg0302","1","fg0302","fg0799","fg0868","fg0832","fg0630","fg0057","fg0965","fg0113","fg0671","fg0492","fg0854","fg0197","fg0596","fg0559","fg0771","fg0437","fg0204","fg0581","fg0027","fg0673"
"fq001431","vx_338da0a48d0dcc33","fg0302","1","fg0302","fg0868","fg0799","fg0630","fg0113","fg0197","fg0965","fg0854","fg0596","fg0469","fg0919","fg0407","fg0769","fg0832","fg0671","fg0772","fg0492","fg0673","fg0051","fg0437"
"fq001432","vx_338da0a48d0dcc33","fg0302","1","fg0302","fg0057","fg0832","fg0630","fg0799","fg0596","fg0492","fg0677","fg0868","fg0664","fg0671","fg0919","fg0581","fg0656","fg0401","fg0148","fg0081","fg0437","fg0051","fg0276"
"fq001433","vx_338da0a48d0dcc33","fg0302","784","fg0421","fg0767","fg0783","fg0319","fg0196","fg0218","fg0539","fg0271","fg0184","fg0831","fg0965","fg0642","fg0312","fg0025","fg0892","fg0372","fg0155","fg0064","fg0086","fg0880"
"fq001434","vx_338da0a48d0dcc33","fg0302","1","fg0302","fg0868","fg0113","fg0671","fg0492","fg0197","fg0799","fg0854","fg0965","fg0832","fg0769","fg0630","fg0596","fg0143","fg0919","fg0204","fg0173","fg0057","fg0722","fg0407"
"fq001435","vx_338da0a48d0dcc33","fg0302","884","fg0421","fg0767","fg0783","fg0196","fg0218","fg0319","fg0184","fg0271","fg0539","fg0892","fg0642","fg0831","fg0312","fg0064","fg0984","fg0086","fg0155","fg0372","fg0965","fg0796"
"fq001436","vx_338da0a48d0dcc33","fg0302","25","fg0868","fg0965","fg0769","fg0539","fg0559","fg0671","fg0675","fg0919","fg0955","fg0105","fg0437","fg0673","fg0656","fg0113","fg0771","fg0630","fg0740","fg0596","fg0294","fg0724"
"fq001437","vx_338da0a48d0dcc33","fg0302","33","fg0965","fg0559","fg0868","fg0539","fg0365","fg0769","fg0279","fg0760","fg0403","fg0990","fg0105","fg0211","fg0547","fg0724","fg0673","fg0771","fg0400","fg0451","fg0195","fg0748"
"fq001438","vx_338da0a48d0dcc33","fg0302","1","fg0302","fg0799","fg0965","fg0630","fg0868","fg0559","fg0057","fg0832","fg0539","fg0596","fg0673","fg0492","fg0771","fg0671","fg0724","fg0581","fg0365","fg0769","fg0113","fg0158"
"fq001439","vx_338da0a48d0dcc33","fg0302","1","fg0302","fg0671","fg0832","fg0868","fg0085","fg0965","fg0919","fg0507","fg0854","fg0322","fg0630","fg0138","fg0799","fg0057","fg0673","fg0596","fg0559","fg0113","fg0613","fg0771"
"fq001440","vx_338da0a48d0dcc33","fg0302","1","fg0302","fg0709","fg0010","fg0510","fg0148","fg0070","fg0492","fg0799","fg0481","fg0630","fg0100","fg0677","fg0228","fg0986","fg0057","fg0664","fg0469","fg0407","fg0832","fg0168"
"fq001441","vx_338da0a48d0dcc33","fg0302","7","fg0156","fg0771","fg0630","fg0965","fg0720","fg0057","fg0302","fg0760","fg0854","fg0596","fg0167","fg0673","fg0799","fg0671","fg0960","fg0559","fg0342","fg0984","fg0211","fg0738"
"fq001442","vx_338da0a48d0dcc33","fg0302","5","fg0854","fg0197","fg0469","fg0051","fg0302","fg0113","fg0599","fg0772","fg0401","fg0407","fg0799","fg0671","fg0868","fg0965","fg0847","fg0809","fg0543","fg0630","fg0559","fg0673"
"fq001443","vx_338da0a48d0dcc33","fg0302","1","fg0302","fg0630","fg0799","fg0492","fg0596","fg0027","fg0407","fg0469","fg0057","fg0148","fg0197","fg0512","fg0671","fg0868","fg0832","fg0965","fg0673","fg0559","fg0113","fg0085"
"fq001444","vx_338da0a48d0dcc33","fg0302","1","fg0302","fg0085","fg0148","fg0854","fg0630","fg0799","fg0671","fg0507","fg0113","fg0919","fg0197","fg0194","fg0407","fg0832","fg0143","fg0064","fg0469","fg0567","fg0492","fg0558"
"fq001445","vx_338da0a48d0dcc33","fg0302","784","fg0421","fg0420","fg0767","fg0196","fg0783","fg0218","fg0319","fg0539","fg0536","fg0184","fg0984","fg0312","fg0642","fg0915","fg0372","fg0086","fg0892","fg0585","fg0271","fg0360"
"fq001446","vx_338da0a48d0dcc33","fg0302","190","fg0965","fg0559","fg0868","fg0539","fg0365","fg0771","fg0403","fg0769","fg0279","fg0400","fg0673","fg0195","fg0055","fg0990","fg0708","fg0724","fg0105","fg0916","fg0163","fg0159"
"fq001447","vx_338da0a48d0dcc33","fg0302","1","fg0302","fg0630","fg0057","fg0868","fg0832","fg0799","fg0671","fg0965","fg0596","fg0492","fg0539","fg0771","fg0559","fg0724","fg0677","fg0919","fg0854","fg0769","fg0581","fg0081"
"fq001448","vx_338da0a48d0dcc33","fg0302","1","fg0302","fg0720","fg0553","fg0671","fg0799","fg0695","fg0963","fg0771","fg0726","fg0683","fg0342","fg0832","fg0110","fg0113","fg0854","fg0965","fg0287","fg0748","fg0868","fg0197"
"fq001449","vx_338da0a48d0dcc33","fg0302","1","fg0302","fg0156","fg0799","fg0057","fg0965","fg0630","fg0832","fg0738","fg0492","fg0868","fg0854","fg0559","fg0197","fg0596","fg0671","fg0677","fg0143","fg0539","fg0581","fg0673"
"fq001450","vx_338da0a48d0dcc33","fg0302","865","fg0421","fg0767","fg0783","fg0196","fg0319","fg0218","fg0420","fg0539","fg0184","fg0271","fg0312","fg0372","fg0831","fg0642","fg0915","fg0155","fg0536","fg0086","fg0585","fg0064"
"fq001451","vx_338da0a48d0dcc33","fg0302","1","fg0302","fg0799","fg0709","fg0010","fg0630","fg0510","fg0070","fg0481","fg0677","fg0492","fg0469","fg0057","fg0148","fg0100","fg0832","fg0986","fg0664","fg0407","fg0576","fg0868"
"fq001452","vx_338da0a48d0dcc33","fg0302","3","fg0868","fg0113","fg0302","fg0832","fg0799","fg0965","fg0671","fg0630","fg0197","fg0919","fg0596","fg0057","fg0769","fg0492","fg0854","fg0204","fg0675","fg0722","fg0437","fg0027"
"fq001453","vx_338da0a48d0dcc33","fg0302","1","fg0302","fg0630","fg0799","fg0596","fg0057","fg0492","fg0832","fg0868","fg0407","fg0656","fg0965","fg0671","fg0919","fg0539","fg0276","fg0158","fg0854","fg0081","fg0559","fg0955"
"fq001454","vx_338da0a48d0dcc33","fg0302","1","fg0302","fg0760","fg0984","fg0328","fg0407","fg0163","fg0524","fg0413","fg0191","fg0451","fg0492","fg0398","fg0559","fg0799","fg0053","fg0342","fg0357","fg0143","fg0167","fg0728"
"fq001455","vx_338da0a48d0dcc33","fg0302","1","fg0302","fg0492","fg0407","fg0799","fg0163","fg0053","fg0197","fg0596","fg0630","fg0559","fg0965","fg0769","fg0512","fg0539","fg0027","fg0868","fg0168","fg0895","fg0469","fg0166"
"fq001456","vx_338da0a48d0dcc33","fg0302","1","fg0302","fg0085","fg0799","fg0507","fg0919","fg0832","fg0630","fg0854","fg0671","fg0407","fg0057","fg0113","fg0596","fg0148","fg0322","fg0197","fg0868","fg0673","fg0469","fg0965"
"fq001457","vx_338da0a48d0dcc33","fg0302","1","fg0302","fg0148","fg0085","fg0630","fg0507","fg0965","fg0799","fg0919","fg0328","fg0413","fg0559","fg0191","fg0868","fg0673","fg0547","fg0211","fg0194","fg0831","fg0596","fg0146"
"fq001458","vx_338da0a48d0dcc33","fg0302","32","fg0760","fg0451","fg0328","fg0984","fg0400","fg0055","fg0279","fg0547","fg0539","fg0167","fg0965","fg0809","fg0831","fg0748","fg0507","fg0191","fg0868","fg0728","fg0559","fg0148"
"fq001459","vx_338da0a48d0dcc33","fg0302","1","fg0302","fg0148","fg0799","fg0630","fg0085","fg0507","fg0919","fg0407","fg0671","fg0057","fg0832","fg0596","fg0027","fg0558","fg0854","fg0673","fg0559","fg0965","fg0761","fg0960"
"fq001460","vx_338da0a48d0dcc33","fg0302","1","fg0302","fg0919","fg0085","fg0832","fg0671","fg0507","fg0868","fg0799","fg0854","fg0630","fg0965","fg0322","fg0407","fg0613","fg0596","fg0131","fg0469","fg0673","fg0057","fg0197"
"fq001461","vx_338da0a48d0dcc33","fg0302","1","fg0302","fg0709","fg0010","fg0510","fg0799","fg0070","fg0630","fg0492","fg0481","fg0677","fg0057","fg0228","fg0100","fg0986","fg0469","fg0148","fg0664","fg0576","fg0961","fg0407"
"fq001462","vx_338da0a48d0dcc33","fg0302","781","fg0539","fg0421","fg0196","fg0783","fg0767","fg0372","fg0211","fg0642","fg0892","fg0195","fg0025","fg0218","fg0796","fg0098","fg0271","fg0319","fg0984","fg0312","fg0042","fg0965"
"fq001463","vx_338da0a48d0dcc33","fg0302","4","fg0671","fg0965","fg0868","fg0302","fg0630","fg0771","fg0596","fg0799","fg0559","fg0492","fg0539","fg0673","fg0197","fg0724","fg0760","fg0854","fg0403","fg0769","fg0081","fg0162"
"fq001464","vx_338da0a48d0dcc33","fg0302","1","fg0302","fg0799","fg0630","fg0868","fg0965","fg0769","fg0559","fg0539","fg0492","fg0596","fg0671","fg0143","fg0148","fg0365","fg0113","fg0832","fg0027","fg0919","fg0673","fg0916"
"fq001465","vx_338da0a48d0dcc33","fg0302","1","fg0302","fg0799","fg0469","fg0197","fg0539","fg0630","fg0042","fg0053","fg0916","fg0027","fg0854","fg0512","fg0767","fg0695","fg0492","fg0163","fg0559","fg0726","fg0557","fg0168"
"fq001466","vx_338da0a48d0dcc33","fg0302","7","fg0051","fg0401","fg0599","fg0854","fg0113","fg0197","fg0302","fg0958","fg0428","fg0868","fg0469","fg0671","fg0596","fg0799","fg0455","fg0965","fg0630","fg0772","fg0832","fg0673"
"fq001467","vx_338da0a48d0dcc33","fg0302","1","fg0302","fg0868","fg0113","fg0671","fg0799","fg0965","fg0630","fg0197","fg0832","fg0854","fg0353","fg0143","fg0559","fg0057","fg0027","fg0633","fg0492","fg0919","fg0204","fg0596"
"fq001468","vx_338da0a48d0dcc33","fg0302","9","fg0197","fg0539","fg0965","fg0854","fg0051","fg0559","fg0159","fg0469","fg0302","fg0868","fg0599","fg0401","fg0673","fg0105","fg0767","fg0400","fg0589","fg0847","fg0279","fg0342"
"fq001469","vx_338da0a48d0dcc33","fg0302","1","fg0302","fg0709","fg0010","fg0510","fg0070","fg0481","fg0799","fg0148","fg0677","fg0492","fg0469","fg0100","fg0664","fg0228","fg0986","fg0630","fg0057","fg0438","fg0772","fg0576"
"fq001470","vx_338da0a48d0dcc33","fg0302","110","fg0400","fg0318","fg0328","fg0760","fg0279","fg0524","fg0559","fg0539","fg0413","fg0768","fg0724","fg0359","fg0965","fg0547","fg0191","fg0451","fg0984","fg0163","fg0831","fg0403"
"fq001471","vx_338da0a48d0dcc33","fg0302","729","fg0420","fg0421","fg0783","fg0585","fg0196","fg0915","fg0312","fg0767","fg0184","fg0536","fg0761","fg0539","fg0218","fg0036","fg0642","fg0319","fg0372","fg0778","fg0984","fg0015"
"fq001472","vx_338da0a48d0dcc33","fg0302","1","fg0302","fg0799","fg0868","fg0630","fg0113","fg0407","fg0492","fg0671","fg0854","fg0057","fg0965","fg0197","fg0832","fg0720","fg0143","fg0596","fg0173","fg0559","fg0769","fg0695"
"fq001473","vx_338da0a48d0dcc33","fg0302","1","fg0302","fg0799","fg0492","fg0053","fg0630","fg0081","fg0027","fg0197","fg0469","fg0512","fg0539","fg0168","fg0769","fg0318","fg0141","fg0143","fg0559","fg0724","fg0148","fg0671"
"fq001474","vx_338da0a48d0dcc33","fg0302","4","fg0085","fg0919","fg0507","fg0302","fg0832","fg0671","fg0322","fg0854","fg0799","fg0057","fg0113","fg0138","fg0633","fg0407","fg0613","fg0384","fg0469","fg0391","fg0630","fg0945"
"fq001475","vx_338da0a48d0dcc33","fg0302","2","fg0832","fg0302","fg0113","fg0868","fg0057","fg0799","fg0630","fg0492","fg0197","fg0965","fg0027","fg0671","fg0596","fg0854","fg0437","fg0581","fg0771","fg0722","fg0204","fg0919"
"fq001476","vx_338da0a48d0dcc33","fg0302","34","fg0720","fg0963","fg0553","fg0342","fg0110","fg0999","fg0965","fg0562","fg0683","fg0287","fg0868","fg0671","fg0726","fg0787","fg0311","fg0695","fg0539","fg0769","fg0559","fg0775"
"fq001477","vx_338da0a48d0dcc33","fg0302","4","fg0720","fg0553","fg0868","fg0302","fg0113","fg0965","fg0671","fg0342","fg0630","fg0683","fg0799","fg0197","fg0057","fg0771","fg0832","fg0854","fg0919","fg0492","fg0559","fg0633"
"fq001478","vx_338da0a48d0dcc33","fg0302","1","fg0302","fg0630","fg0868","fg0799","fg0854","fg0965","fg0671","fg0197","fg0407","fg0113","fg0596","fg0469","fg0051","fg0492","fg0559","fg0919","fg0673","fg0401","fg0832","fg0772"
"fq001479","vx_338da0a48d0dcc33","fg0302","1","fg0302","fg0709","fg0010","fg0510","fg0070","fg0799","fg0481","fg0630","fg0492","fg0148","fg0469","fg0677","fg0100","fg0986","fg0664","fg0228","fg0057","fg0576","fg0407","fg0772"
"fq001480","vx_338da0a48d0dcc33","fg0302","12","fg0720","fg0553","fg0963","fg0999","fg0562","fg0342","fg0683","fg0110","fg0965","fg0287","fg0868","fg0302","fg0726","fg0294","fg0916","fg0311","fg0559","fg0787","fg0799","fg0539"
"fq001481","vx_338da0a48d0dcc33","fg0302","1","fg0302","fg0113","fg0197","fg0854","fg0868","fg0799","fg0671","fg0630","fg0919","fg0965","fg0469","fg0675","fg0051","fg0673","fg0832","fg0596","fg0492","fg0407","fg0539","fg0771"
"fq001482","vx_338da0a48d0dcc33","fg0302","5","fg0965","fg0868","fg0671","fg0559","fg0302","fg0854","fg0197","fg0771","fg0539","fg0113","fg0769","fg0630","fg0673","fg0799","fg0173","fg0596","fg0105","fg0492","fg0919","fg0675"
"fq001483","vx_338da0a48d0dcc33","fg0302","1","fg0302","fg0148","fg0492","fg0799","fg0677","fg0100","fg0438","fg0630","fg0318","fg0510","fg0027","fg0559","fg0664","fg0673","fg0481","fg0070","fg0053","fg0558","fg0469","fg0228"
"fq001484","vx_338da0a48d0dcc33","fg0302","1","fg0302","fg0799","fg0630","fg0709","fg0010","fg0492","fg0677","fg0510","fg0407","fg0148","fg0469","fg0070","fg0481","fg0057","fg0027","fg0100","fg0832","fg0664","fg0197","fg0143"
"fq001485","vx_338da0a48d0dcc33","fg0302","1","fg0302","fg0799","fg0630","fg0148","fg0854","fg0407","fg0832","fg0051","fg0057","fg0401","fg0085","fg0596","fg0197","fg0671","fg0113","fg0492","fg0469","fg0558","fg0919","fg0673"
"fq001486","vx_338da0a48d0dcc33","fg0302","1","fg0302","fg0630","fg0057","fg0799","fg0868","fg0596","fg0965","fg0832","fg0671","fg0492","fg0769","fg0539","fg0771","fg0105","fg0559","fg0401","fg0481","fg0070","fg0724","fg0173"
"fq001487","vx_338da0a48d0dcc33","fg0302","1","fg0302","fg0510","fg0709","fg0070","fg0148","fg0481","fg0010","fg0799","fg0492","fg0677","fg0100","fg0986","fg0228","fg0630","fg0438","fg0664","fg0057","fg0469","fg0673","fg0354"
"fq001488","vx_338da0a48d0dcc33","fg0302","851","fg0421","fg0767","fg0783","fg0539","fg0196","fg0218","fg0319","fg0184","fg0372","fg0271","fg0312","fg0892","fg0642","fg0831","fg0086","fg0965","fg0025","fg0435","fg0064","fg0042"
"fq001489","vx_338da0a48d0dcc33","fg0302","1","fg0302","fg0799","fg0630","fg0709","fg0010","fg0510","fg0070","fg0492","fg0481","fg0677","fg0100","fg0148","fg0057","fg0469","fg0986","fg0664","fg0081","fg0027","fg0143","fg0168"
"fq001490","vx_338da0a48d0dcc33","fg0302","817","fg0420","fg0421","fg0783","fg0196","fg0767","fg0184","fg0536","fg0312","fg0218","fg0585","fg0319","fg0915","fg0642","fg0761","fg0271","fg0984","fg0036","fg0831","fg0539","fg0086"
"fq001491","vx_338da0a48d0dcc33","fg0302","1","fg0302","fg0630","fg0799","fg0709","fg0492","fg0010","fg0481","fg0510","fg0070","fg0156","fg0469","fg0100","fg0671","fg0960","fg0148","fg0738","fg0057","fg0559","fg0596","fg0965"
"fq001492","vx_338da0a48d0dcc33","fg0302","51","fg0965","fg0559","fg0868","fg0539","fg0400","fg0279","fg0403","fg0163","fg0771","fg0769","fg0365","fg0159","fg0990","fg0916","fg0195","fg0671","fg0708","fg0724","fg0673","fg0168"
"fq001493","vx_338da0a48d0dcc33","fg0302","1","fg0302","fg0799","fg0469","fg0027","fg0148","fg0053","fg0264","fg0512","fg0630","fg0438","fg0492","fg0012","fg0871","fg0163","fg0269","fg0257","fg0672","fg0809","fg0248","fg0577"
"fq001494","vx_338da0a48d0dcc33","fg0302","1","fg0302","fg0492","fg0709","fg0799","fg0469","fg0148","fg0854","fg0510","fg0677","fg0630","fg0070","fg0113","fg0481","fg0010","fg0671","fg0197","fg0407","fg0100","fg0772","fg0228"
"fq001495","vx_338da0a48d0dcc33","fg0302","284","fg0965","fg0559","fg0868","fg0539","fg0769","fg0990","fg0365","fg0279","fg0195","fg0708","fg0916","fg0400","fg0675","fg0435","fg0671","fg0771","fg0439","fg0105","fg0318","fg0724"
"fq001496","vx_338da0a48d0dcc33","fg0302","100","fg0965","fg0559","fg0868","fg0539","fg0769","fg0365","fg0771","fg0105","fg0163","fg0916","fg0403","fg0279","fg0195","fg0990","fg0897","fg0724","fg0673","fg0748","fg0547","fg0708"
"fq001497","vx_338da0a48d0dcc33","fg0302","1","fg0302","fg0709","fg0630","fg0799","fg0010","fg0510","fg0148","fg0070","fg0481","fg0492","fg0100","fg0596","fg0559","fg0057","fg0469","fg0965","fg0961","fg0986","fg0576","fg0228"
"fq001498","vx_338da0a48d0dcc33","fg0302","775","fg0421","fg0539","fg0767","fg0783","fg0196","fg0312","fg0184","fg0086","fg0984","fg0360","fg0372","fg0154","fg0892","fg0218","fg0129","fg0025","fg0420","fg0319","fg0002","fg0211"
"fq001499","vx_504354400ad59072","fg0303","1","fg0303","fg0518","fg0536","fg0500","fg0356","fg0918","fg0648","fg0058","fg0911","fg0048","fg0940","fg0161","fg0980","fg0863","fg0830","fg0220","fg0893","fg0273","fg0901","fg0348"
"fq001500","vx_95870b0428dc0b7a","fg0304","822","fg0880","fg0286","fg0823","fg0088","fg0221","fg0653","fg0839","fg0034","fg0665","fg0273","fg0759","fg0176","fg0077","fg0393","fg0207","fg0929","fg0650","fg0343","fg0261","fg0591"
"fq001501","vx_266b8107db75f1eb","fg0305","1","fg0305","fg0198","fg0710","fg0748","fg0335","fg0028","fg0178","fg0360","fg0154","fg0105","fg0137","fg0086","fg0068","fg0965","fg0489","fg0025","fg0221","fg0539","fg0452","fg0594"
"fq001502","vx_8567e7bd71eb8fa7","fg0306","1","fg0306","fg0139","fg0334","fg0976","fg0808","fg0520","fg0872","fg0382","fg0822","fg0316","fg0438","fg0348","fg0802","fg0813","fg0904","fg0525","fg0800","fg0369","fg0687","fg0820"
"fq001503","vx_8567e7bd71eb8fa7","fg0306","1","fg0306","fg0334","fg0139","fg0976","fg0808","fg0822","fg0520","fg0348","fg0872","fg0813","fg0438","fg0800","fg0316","fg0907","fg0802","fg0382","fg0525","fg0369","fg0707","fg0904"
"fq001504","vx_117078bd34a8aa96","fg0307","3","fg0442","fg0967","fg0307","fg0184","fg0230","fg0371","fg0620","fg0347","fg0395","fg0365","fg0783","fg0165","fg0015","fg0122","fg0475","fg0084","fg0732","fg0196","fg0642","fg0453"
"fq001505","vx_117078bd34a8aa96","fg0307","2","fg0442","fg0307","fg0967","fg0395","fg0184","fg0230","fg0371","fg0113","fg0620","fg0347","fg0783","fg0396","fg0084","fg0293","fg0365","fg0850","fg0453","fg0122","fg0015","fg0165"
"fq001506","vx_117078bd34a8aa96","fg0307","3","fg0442","fg0967","fg0307","fg0184","fg0230","fg0371","fg0395","fg0620","fg0347","fg0365","fg0783","fg0084","fg0165","fg0015","fg0453","fg0122","fg0539","fg0113","fg0965","fg0312"
"fq001507","vx_8d71dc5e76f16c20","fg0308","1","fg0308","fg0074","fg0369","fg0670","fg0806","fg0461","fg0101","fg0611","fg0794","fg0212","fg0043","fg0582","fg0032","fg0635","fg0457","fg0335","fg0051","fg0307","fg0907","fg0115"
"fq001508","vx_8d71dc5e76f16c20","fg0308","1","fg0308","fg0074","fg0369","fg0461","fg0670","fg0806","fg0611","fg0101","fg0212","fg0335","fg0032","fg0874","fg0043","fg0941","fg0131","fg0051","fg0386","fg0907","fg0582","fg0844"
"fq001509","vx_8d71dc5e76f16c20","fg0308","1","fg0308","fg0074","fg0461","fg0369","fg0101","fg0335","fg0806","fg0844","fg0254","fg0907","fg0739","fg0763","fg0278","fg0043","fg0343","fg0273","fg0041","fg0611","fg0670","fg0845"
"fq001510","vx_8d71dc5e76f16c20","fg0308","110","fg0912","fg0111","fg0285","fg0286","fg0808","fg0093","fg0343","fg0522","fg0273","fg0233","fg0210","fg0387","fg0445","fg0261","fg0643","fg0773","fg0112","fg0348","fg0049","fg0654"
"fq001511","vx_9c5200c8fecd5c56","fg0309","1","fg0309","fg0792","fg0546","fg0004","fg0050","fg0998","fg0052","fg0366","fg0170","fg0225","fg0338","fg0236","fg0410","fg0442","fg0663","fg0075","fg0879","fg0102","fg0849","fg0104"
"fq001512","vx_9c5200c8fecd5c56","fg0309","1","fg0309","fg0792","fg0546","fg0004","fg0998","fg0366","fg0050","fg0052","fg0170","fg0442","fg0225","fg0338","fg0663","fg0236","fg0075","fg0102","fg0849","fg0410","fg0879","fg0104"
"fq001513","vx_9c5200c8fecd5c56","fg0309","1","fg0309","fg0792","fg0546","fg0004","fg0050","fg0052","fg0998","fg0366","fg0170","fg0338","fg0663","fg0225","fg0442","fg0236","fg0410","fg0075","fg0102","fg0849","fg0879","fg0104"
"fq001514","vx_9c5200c8fecd5c56","fg0309","1","fg0309","fg0792","fg0546","fg0050","fg0004","fg0366","fg0052","fg0998","fg0170","fg0225","fg0236","fg0338","fg0075","fg0410","fg0663","fg0102","fg0849","fg0879","fg0442","fg0237"
"fq001515","vx_9c5200c8fecd5c56","fg0309","1","fg0309","fg0792","fg0546","fg0052","fg0004","fg0998","fg0366","fg0050","fg0170","fg0225","fg0236","fg0879","fg0102","fg0338","fg0410","fg0075","fg0849","fg0442","fg0663","fg0104"
"fq001516","vx_9c5200c8fecd5c56","fg0309","1","fg0309","fg0792","fg0546","fg0004","fg0998","fg0366","fg0052","fg0050","fg0170","fg0225","fg0338","fg0236","fg0442","fg0879","fg0410","fg0075","fg0663","fg0849","fg0102","fg0485"
"fq001517","vx_9c5200c8fecd5c56","fg0309","1","fg0309","fg0792","fg0546","fg0004","fg0050","fg0052","fg0998","fg0170","fg0366","fg0225","fg0236","fg0338","fg0075","fg0663","fg0410","fg0102","fg0442","fg0849","fg0879","fg0237"
"fq001518","vx_9c5200c8fecd5c56","fg0309","1","fg0309","fg0792","fg0546","fg0004","fg0998","fg0366","fg0052","fg0050","fg0170","fg0442","fg0225","fg0338","fg0849","fg0236","fg0102","fg0663","fg0075","fg0410","fg0104","fg0879"
"fq001519","vx_9c5200c8fecd5c56","fg0309","1","fg0309","fg0792","fg0546","fg0004","fg0366","fg0998","fg0052","fg0050","fg0170","fg0225","fg0338","fg0236","fg0075","fg0442","fg0102","fg0663","fg0410","fg0849","fg0879","fg0104"
"fq001520","vx_9c5200c8fecd5c56","fg0309","1","fg0309","fg0792","fg0546","fg0050","fg0004","fg0366","fg0998","fg0170","fg0052","fg0442","fg0225","fg0236","fg0102","fg0338","fg0075","fg0410","fg0663","fg0849","fg0879","fg0104"
"fq001521","vx_9c5200c8fecd5c56","fg0309","1","fg0309","fg0792","fg0546","fg0004","fg0052","fg0366","fg0998","fg0050","fg0170","fg0225","fg0236","fg0338","fg0663","fg0075","fg0410","fg0879","fg0102","fg0442","fg0849","fg0104"
"fq001522","vx_9c5200c8fecd5c56","fg0309","1","fg0309","fg0792","fg0546","fg0004","fg0050","fg0052","fg0998","fg0366","fg0170","fg0225","fg0338","fg0236","fg0075","fg0410","fg0663","fg0102","fg0879","fg0442","fg0849","fg0104"
"fq001523","vx_9c5200c8fecd5c56","fg0309","1","fg0309","fg0792","fg0546","fg0004","fg0050","fg0052","fg0366","fg0998","fg0170","fg0442","fg0225","fg0338","fg0236","fg0663","fg0102","fg0075","fg0410","fg0849","fg0104","fg0879"
"fq001524","vx_9c5200c8fecd5c56","fg0309","1","fg0309","fg0792","fg0546","fg0050","fg0004","fg0052","fg0170","fg0366","fg0998","fg0442","fg0225","fg0929","fg0338","fg0102","fg0236","fg0075","fg0663","fg0849","fg0410","fg0104"
"fq001525","vx_9c5200c8fecd5c56","fg0309","1","fg0309","fg0792","fg0546","fg0050","fg0170","fg0004","fg0052","fg0998","fg0366","fg0442","fg0338","fg0663","fg0225","fg0236","fg0075","fg0102","fg0849","fg0410","fg0104","fg0237"
"fq001526","vx_9c5200c8fecd5c56","fg0309","1","fg0309","fg0792","fg0546","fg0050","fg0004","fg0052","fg0170","fg0366","fg0998","fg0338","fg0225","fg0236","fg0442","fg0663","fg0075","fg0102","fg0410","fg0849","fg0104","fg0237"
"fq001527","vx_9c5200c8fecd5c56","fg0309","1","fg0309","fg0792","fg0546","fg0004","fg0052","fg0050","fg0366","fg0998","fg0170","fg0225","fg0236","fg0338","fg0663","fg0075","fg0102","fg0442","fg0879","fg0410","fg0849","fg0104"
"fq001528","vx_a07371af01e2e656","fg0310","1","fg0310","fg0897","fg0046","fg0414","fg0722","fg0363","fg0201","fg0860","fg0428","fg0892","fg0586","fg0875","fg0214","fg0254","fg0180","fg0591","fg0706","fg0172","fg0301","fg0283"
"fq001529","vx_857a26469728b1ef","fg0311","1","fg0311","fg0124","fg0666","fg0046","fg0866","fg0632","fg0339","fg0614","fg0158","fg0553","fg0722","fg0436","fg0705","fg0704","fg0077","fg0901","fg0999","fg0009","fg0786","fg0743"
"fq001530","vx_99d9816202b07f24","fg0312","1","fg0312","fg0184","fg0475","fg0967","fg0015","fg0039","fg0347","fg0544","fg0907","fg0215","fg0170","fg0490","fg0371","fg0941","fg0453","fg0372","fg0154","fg0811","fg0774","fg0393"
"fq001531","vx_99d9816202b07f24","fg0312","1","fg0312","fg0184","fg0475","fg0039","fg0170","fg0907","fg0347","fg0967","fg0544","fg0015","fg0817","fg0215","fg0106","fg0372","fg0211","fg0582","fg0941","fg0811","fg0774","fg0393"
"fq001532","vx_99d9816202b07f24","fg0312","1","fg0312","fg0184","fg0475","fg0039","fg0907","fg0170","fg0347","fg0106","fg0015","fg0393","fg0215","fg0372","fg0967","fg0582","fg0641","fg0941","fg0811","fg0544","fg0211","fg0882"
"fq001533","vx_99d9816202b07f24","fg0312","1","fg0312","fg0184","fg0039","fg0475","fg0435","fg0967","fg0965","fg0907","fg0347","fg0170","fg0372","fg0371","fg0544","fg0015","fg0868","fg0105","fg0941","fg0725","fg0307","fg0393"
"fq001534","vx_a783a43f1209d77e","fg0313","1","fg0313","fg0483","fg0583","fg0785","fg0261","fg0618","fg0886","fg0320","fg0857","fg0654","fg0643","fg0584","fg0936","fg0343","fg0241","fg0779","fg0273","fg0224","fg0178","fg0355"
"fq001535","vx_e6abfac8c0b919db","fg0314","1","fg0314","fg0878","fg0292","fg0238","fg0325","fg0265","fg0683","fg0005","fg0168","fg0691","fg0463","fg0750","fg0942","fg0759","fg0845","fg0859","fg0616","fg0796","fg0909","fg0749"
"fq001536","vx_e6abfac8c0b919db","fg0314","82","fg0338","fg0264","fg0589","fg0783","fg0233","fg0106","fg0004","fg0642","fg0398","fg0587","fg0196","fg0025","fg0852","fg0557","fg0082","fg0838","fg0793","fg0574","fg0271","fg0064"
"fq001537","vx_e6abfac8c0b919db","fg0314","1","fg0314","fg0878","fg0292","fg0238","fg0325","fg0750","fg0942","fg0168","fg0909","fg0683","fg0691","fg0847","fg0844","fg0338","fg0034","fg0059","fg0435","fg0859","fg0845","fg0665"
"fq001538","vx_e6abfac8c0b919db","fg0314","1","fg0314","fg0878","fg0292","fg0238","fg0005","fg0265","fg0463","fg0749","fg0325","fg0750","fg0683","fg0845","fg0168","fg0857","fg0697","fg0159","fg0052","fg0479","fg0617","fg0517"
"fq001539","vx_e6abfac8c0b919db","fg0314","1","fg0314","fg0878","fg0292","fg0238","fg0750","fg0325","fg0942","fg0909","fg0168","fg0691","fg0683","fg0264","fg0845","fg0847","fg0891","fg0859","fg0435","fg0665","fg0059","fg0844"
"fq001540","vx_49656e78627fdb30","fg0315","1","fg0315","fg0119","fg0017","fg0577","fg0316","fg0976","fg0373","fg0802","fg0050","fg0830","fg0339","fg0097","fg0786","fg0652","fg0480","fg0932","fg0901","fg0753","fg0158","fg0370"
"fq001541","vx_01e421ae7a3cd78a","fg0316","215","fg0297","fg0967","fg0919","fg0365","fg0184","fg0614","fg0284","fg0347","fg0371","fg0312","fg0025","fg0764","fg0442","fg0862","fg0211","fg0071","fg0588","fg0129","fg0331","fg0115"
"fq001542","vx_e25517315bc55481","fg0317","1","fg0317","fg0910","fg0836","fg0154","fg0952","fg0038","fg0906","fg0135","fg0460","fg0549","fg0413","fg0372","fg0853","fg0217","fg0453","fg0961","fg0624","fg0552","fg0272","fg0018"
"fq001543","vx_e25517315bc55481","fg0317","1","fg0317","fg0910","fg0413","fg0853","fg0836","fg0952","fg0549","fg0906","fg0453","fg0135","fg0460","fg0624","fg0038","fg0154","fg0372","fg0217","fg0272","fg0495","fg0344","fg0552"
"fq001544","vx_e25517315bc55481","fg0317","1","fg0317","fg0853","fg0910","fg0413","fg0952","fg0836","fg0906","fg0549","fg0135","fg0372","fg0154","fg0038","fg0217","fg0546","fg0727","fg0582","fg0485","fg0875","fg0961","fg0611"
"fq001545","vx_e25517315bc55481","fg0317","1","fg0317","fg0910","fg0836","fg0549","fg0952","fg0135","fg0154","fg0853","fg0906","fg0372","fg0038","fg0460","fg0217","fg0413","fg0624","fg0582","fg0495","fg0961","fg0453","fg0018"
"fq001546","vx_e25517315bc55481","fg0317","1","fg0317","fg0910","fg0836","fg0135","fg0549","fg0952","fg0154","fg0413","fg0853","fg0372","fg0038","fg0906","fg0460","fg0217","fg0344","fg0453","fg0495","fg0582","fg0624","fg0961"
"fq001547","vx_e25517315bc55481","fg0317","1","fg0317","fg0910","fg0836","fg0413","fg0952","fg0135","fg0853","fg0038","fg0154","fg0906","fg0549","fg0372","fg0453","fg0460","fg0217","fg0624","fg0344","fg0495","fg0272","fg0552"
"fq001548","vx_e25517315bc55481","fg0317","1","fg0317","fg0910","fg0836","fg0549","fg0413","fg0372","fg0460","fg0135","fg0624","fg0154","fg0906","fg0038","fg0853","fg0952","fg0217","fg0552","fg0453","fg0018","fg0186","fg0206"
"fq001549","vx_e25517315bc55481","fg0317","1","fg0317","fg0910","fg0836","fg0154","fg0135","fg0952","fg0549","fg0413","fg0038","fg0460","fg0906","fg0372","fg0853","fg0217","fg0495","fg0624","fg0344","fg0018","fg0272","fg0453"
"fq001550","vx_e25517315bc55481","fg0317","1","fg0317","fg0910","fg0836","fg0549","fg0853","fg0135","fg0952","fg0154","fg0372","fg0413","fg0460","fg0217","fg0038","fg0906","fg0624","fg0453","fg0018","fg0495","fg0344","fg0350"
"fq001551","vx_e25517315bc55481","fg0317","1","fg0317","fg0910","fg0853","fg0836","fg0460","fg0372","fg0549","fg0906","fg0135","fg0413","fg0624","fg0952","fg0154","fg0038","fg0217","fg0206","fg0195","fg0350","fg0546","fg0142"
"fq001552","vx_e25517315bc55481","fg0317","1","fg0317","fg0910","fg0836","fg0906","fg0952","fg0413","fg0853","fg0372","fg0154","fg0549","fg0038","fg0460","fg0135","fg0453","fg0624","fg0217","fg0546","fg0018","fg0961","fg0344"
"fq001553","vx_e25517315bc55481","fg0317","1","fg0317","fg0910","fg0853","fg0952","fg0906","fg0413","fg0836","fg0135","fg0453","fg0038","fg0372","fg0549","fg0217","fg0154","fg0875","fg0546","fg0495","fg0344","fg0727","fg0611"
"fq001554","vx_e25517315bc55481","fg0317","1","fg0317","fg0910","fg0836","fg0413","fg0154","fg0460","fg0549","fg0952","fg0135","fg0906","fg0038","fg0372","fg0853","fg0453","fg0624","fg0272","fg0217","fg0552","fg0344","fg0961"
"fq001555","vx_e25517315bc55481","fg0317","1","fg0317","fg0910","fg0836","fg0413","fg0549","fg0460","fg0906","fg0952","fg0853","fg0038","fg0135","fg0624","fg0154","fg0372","fg0217","fg0552","fg0453","fg0961","fg0018","fg0206"
"fq001556","vx_e25517315bc55481","fg0317","1","fg0317","fg0910","fg0836","fg0413","fg0135","fg0549","fg0154","fg0853","fg0038","fg0460","fg0952","fg0217","fg0372","fg0906","fg0272","fg0495","fg0453","fg0961","fg0624","fg0018"
"fq001557","vx_e25517315bc55481","fg0317","1","fg0317","fg0910","fg0836","fg0906","fg0413","fg0952","fg0549","fg0853","fg0460","fg0372","fg0154","fg0135","fg0272","fg0038","fg0453","fg0624","fg0217","fg0344","fg0552","fg0495"
"fq001558","vx_e25517315bc55481","fg0317","1","fg0317","fg0910","fg0836","fg0135","fg0952","fg0549","fg0853","fg0154","fg0413","fg0372","fg0038","fg0906","fg0217","fg0460","fg0453","fg0624","fg0495","fg0875","fg0961","fg0344"
"fq001559","vx_9182ed5161ecc6f7","fg0318","1","fg0318","fg0644","fg0081","fg0359","fg0897","fg0400","fg0663","fg0594","fg0360","fg0854","fg0348","fg0415","fg0502","fg0903","fg0602","fg0391","fg0445","fg0700","fg0795","fg0768"
"fq001560","vx_117a0102866456bd","fg0319","11","fg0173","fg0769","fg0113","fg0868","fg0671","fg0771","fg0965","fg0284","fg0439","fg0722","fg0319","fg0539","fg0854","fg0933","fg0118","fg0435","fg0197","fg0272","fg0248","fg0143"
"fq001561","vx_117a0102866456bd","fg0319","3","fg0173","fg0767","fg0319","fg0218","fg0938","fg0783","fg0435","fg0769","fg0270","fg0895","fg0469","fg0671","fg0113","fg0143","fg0086","fg0810","fg0699","fg0916","fg0283","fg0934"
"fq001562","vx_117a0102866456bd","fg0319","1","fg0319","fg0767","fg0783","fg0218","fg0064","fg0173","fg0421","fg0854","fg0271","fg0196","fg0400","fg0331","fg0113","fg0197","fg0155","fg0889","fg0567","fg0831","fg0159","fg0143"
"fq001563","vx_117a0102866456bd","fg0319","707","fg0868","fg0965","fg0769","fg0539","fg0173","fg0105","fg0559","fg0671","fg0435","fg0113","fg0771","fg0294","fg0143","fg0439","fg0365","fg0086","fg0675","fg0195","fg0919","fg0588"
"fq001564","vx_39df866c8f610369","fg0320","1","fg0320","fg0886","fg0583","fg0595","fg0333","fg0066","fg0182","fg0719","fg0779","fg0758","fg0527","fg0140","fg0983","fg0389","fg0854","fg0313","fg0500","fg0867","fg0884","fg0454"
"fq001565","vx_39df866c8f610369","fg0320","1","fg0320","fg0886","fg0583","fg0333","fg0595","fg0066","fg0779","fg0719","fg0182","fg0140","fg0389","fg0758","fg0527","fg0999","fg0884","fg0313","fg0562","fg0983","fg0574","fg0500"
"fq001566","vx_39df866c8f610369","fg0320","1","fg0320","fg0886","fg0583","fg0595","fg0333","fg0182","fg0719","fg0779","fg0066","fg0758","fg0140","fg0389","fg0527","fg0313","fg0884","fg0983","fg0854","fg0500","fg0574","fg0454"
"fq001567","vx_39df866c8f610369","fg0320","1","fg0320","fg0886","fg0583","fg0333","fg0595","fg0779","fg0719","fg0066","fg0182","fg0758","fg0140","fg0389","fg0527","fg0884","fg0983","fg0313","fg0574","fg0454","fg0500","fg0854"
"fq001568","vx_39df866c8f610369","fg0320","1","fg0320","fg0886","fg0583","fg0595","fg0333","fg0999","fg0066","fg0719","fg0779","fg0562","fg0182","fg0140","fg0758","fg0527","fg0389","fg0983","fg0454","fg0313","fg0500","fg0854"
"fq001569","vx_661015b3de49d02f","fg0321","1","fg0321","fg0160","fg0816","fg0552","fg0556","fg0996","fg0165","fg0995","fg0514","fg0091","fg0925","fg0044","fg0041","fg0801","fg0259","fg0133","fg0652","fg0727","fg0109","fg0111"
"fq001570","vx_661015b3de49d02f","fg0321","1","fg0321","fg0160","fg0816","fg0552","fg0556","fg0996","fg0041","fg0514","fg0925","fg0995","fg0091","fg0044","fg0165","fg0652","fg0259","fg0133","fg0727","fg0801","fg0735","fg0904"
"fq001571","vx_661015b3de49d02f","fg0321","1","fg0321","fg0816","fg0160","fg0552","fg0556","fg0996","fg0995","fg0514","fg0041","fg0091","fg0044","fg0727","fg0925","fg0259","fg0032","fg0536","fg0904","fg0233","fg0165","fg0289"
"fq001572","vx_661015b3de49d02f","fg0321","1","fg0321","fg0816","fg0160","fg0552","fg0556","fg0727","fg0514","fg0091","fg0995","fg0996","fg0044","fg0925","fg0536","fg0041","fg0032","fg0233","fg0023","fg0289","fg0904","fg0109"
"fq001573","vx_3fd1717ca6e163f7","fg0322","1","fg0322","fg0138","fg0945","fg0391","fg0238","fg0613","fg0211","fg0002","fg0701","fg0612","fg0445","fg0551","fg0529","fg0419","fg0513","fg0907","fg0118","fg0029","fg0966","fg0327"
"fq001574","vx_71b0de7a3385076a","fg0323","1","fg0323","fg0471","fg0883","fg0985","fg0539","fg0868","fg0296","fg0769","fg0965","fg0656","fg0042","fg0084","fg0105","fg0675","fg0955","fg0276","fg0372","fg0294","fg0006","fg0738"
"fq001575","vx_b34d0dc437a2071e","fg0324","1","fg0324","fg0136","fg0248","fg0094","fg0240","fg0475","fg0414","fg0263","fg0818","fg0393","fg0716","fg0500","fg0284","fg0558","fg0901","fg0400","fg0021","fg0202","fg0949","fg0950"
"fq001576","vx_c2e3d01117006ffe","fg0325","1","fg0325","fg0859","fg0314","fg0168","fg0691","fg0896","fg0750","fg0683","fg0541","fg0828","fg0759","fg0508","fg0842","fg0531","fg0020","fg0991","fg0034","fg0796","fg0787","fg0443"
"fq001577","vx_c2e3d01117006ffe","fg0325","1","fg0325","fg0859","fg0168","fg0314","fg0691","fg0683","fg0750","fg0896","fg0541","fg0828","fg0034","fg0842","fg0508","fg0759","fg0991","fg0020","fg0531","fg0787","fg0443","fg0261"
"fq001578","vx_c2e3d01117006ffe","fg0325","1","fg0325","fg0859","fg0314","fg0168","fg0896","fg0683","fg0750","fg0828","fg0691","fg0541","fg0759","fg0034","fg0020","fg0531","fg0443","fg0842","fg0508","fg0261","fg0991","fg0796"
"fq001579","vx_426dd29f356dd69c","fg0326","1","fg0326","fg0024","fg0908","fg0574","fg0946","fg0333","fg0949","fg0884","fg0763","fg0739","fg0890","fg0510","fg0070","fg0481","fg0480","fg0719","fg0389","fg0758","fg0756","fg0753"
"fq001580","vx_426dd29f356dd69c","fg0326","1","fg0326","fg0024","fg0946","fg0908","fg0890","fg0574","fg0949","fg0333","fg0884","fg0763","fg0753","fg0739","fg0480","fg0259","fg0510","fg0389","fg0719","fg0758","fg0136","fg0070"
"fq001581","vx_8c4a8179a7dca218","fg0327","1","fg0327","fg0364","fg0612","fg0551","fg0668","fg0095","fg0560","fg0826","fg0793","fg0701","fg0770","fg0104","fg0647","fg0945","fg0779","fg0419","fg0989","fg0148","fg0231","fg0133"
"fq001582","vx_8c4a8179a7dca218","fg0327","1","fg0327","fg0612","fg0364","fg0551","fg0668","fg0701","fg0770","fg0945","fg0095","fg0322","fg0445","fg0138","fg0560","fg0826","fg0419","fg0647","fg0478","fg0104","fg0793","fg0121"
"fq001583","vx_8c4a8179a7dca218","fg0327","1","fg0327","fg0612","fg0364","fg0095","fg0551","fg0560","fg0668","fg0826","fg0793","fg0701","fg0104","fg0647","fg0945","fg0445","fg0770","fg0419","fg0322","fg0097","fg0231","fg0779"
"fq001584","vx_8c4a8179a7dca218","fg0327","1","fg0327","fg0364","fg0612","fg0095","fg0560","fg0668","fg0826","fg0551","fg0793","fg0647","fg0770","fg0779","fg0104","fg0701","fg0989","fg0588","fg0148","fg0945","fg0419","fg0133"
"fq001585","vx_8c4a8179a7dca218","fg0327","1","fg0327","fg0612","fg0364","fg0551","fg0668","fg0095","fg0560","fg0826","fg0701","fg0793","fg0770","fg0945","fg0445","fg0647","fg0104","fg0322","fg0419","fg0138","fg0097","fg0478"
"fq001586","vx_f2abd5d737705b4a","fg0328","3","fg0233","fg0783","fg0328","fg0808","fg0767","fg0111","fg0196","fg0271","fg0557","fg0319","fg0421","fg0286","fg0155","fg0642","fg0841","fg0831","fg0218","fg0779","fg0285","fg0084"
"fq001587","vx_f2abd5d737705b4a","fg0328","1","fg0328","fg0783","fg0767","fg0421","fg0319","fg0196","fg0271","fg0831","fg0184","fg0233","fg0235","fg0557","fg0218","fg0173","fg0155","fg0841","fg0544","fg0642","fg0064","fg0435"
"fq001588","vx_f2abd5d737705b4a","fg0328","1","fg0328","fg0191","fg0831","fg0841","fg0934","fg0540","fg0731","fg0235","fg0783","fg0111","fg0184","fg0569","fg0767","fg0640","fg0319","fg0207","fg0975","fg0196","fg0020","fg0271"
"fq001589","vx_f2abd5d737705b4a","fg0328","1","fg0328","fg0841","fg0111","fg0783","fg0233","fg0184","fg0767","fg0235","fg0831","fg0196","fg0207","fg0285","fg0271","fg0557","fg0971","fg0421","fg0101","fg0975","fg0909","fg0310"
"fq001590","vx_f2abd5d737705b4a","fg0328","1","fg0328","fg0233","fg0783","fg0111","fg0841","fg0767","fg0557","fg0196","fg0285","fg0271","fg0831","fg0808","fg0372","fg0421","fg0235","fg0184","fg0084","fg0155","fg0779","fg0975"
"fq001591","vx_f2abd5d737705b4a","fg0328","1","fg0328","fg0841","fg0233","fg0783","fg0111","fg0271","fg0184","fg0196","fg0101","fg0767","fg0106","fg0372","fg0557","fg0319","fg0971","fg0831","fg0576","fg0285","fg0207","fg0909"
"fq001592","vx_f2abd5d737705b4a","fg0328","1","fg0328","fg0783","fg0767","fg0421","fg0196","fg0184","fg0319","fg0233","fg0173","fg0271","fg0841","fg0218","fg0435","fg0372","fg0235","fg0557","fg0155","fg0539","fg0642","fg0831"
"fq001593","vx_f2abd5d737705b4a","fg0328","1","fg0328","fg0783","fg0196","fg0767","fg0421","fg0319","fg0271","fg0233","fg0557","fg0184","fg0218","fg0155","fg0642","fg0235","fg0831","fg0064","fg0173","fg0154","fg0841","fg0111"
"fq001594","vx_f2abd5d737705b4a","fg0328","1","fg0328","fg0233","fg0841","fg0111","fg0783","fg0106","fg0101","fg0372","fg0207","fg0285","fg0831","fg0557","fg0184","fg0235","fg0271","fg0971","fg0196","fg0576","fg0767","fg0531"
"fq001595","vx_f2abd5d737705b4a","fg0328","2","fg0233","fg0328","fg0783","fg0196","fg0767","fg0421","fg0271","fg0319","fg0557","fg0831","fg0111","fg0642","fg0235","fg0218","fg0155","fg0779","fg0587","fg0576","fg0971","fg0173"
"fq001596","vx_f2abd5d737705b4a","fg0328","1","fg0328","fg0233","fg0841","fg0111","fg0285","fg0783","fg0207","fg0372","fg0971","fg0101","fg0184","fg0235","fg0831","fg0196","fg0909","fg0557","fg0271","fg0975","fg0576","fg0084"
"fq001597","vx_f2abd5d737705b4a","fg0328","6","fg0233","fg0783","fg0767","fg0196","fg0421","fg0328","fg0587","fg0808","fg0271","fg0557","fg0539","fg0084","fg0155","fg0779","fg0642","fg0372","fg0111","fg0319","fg0559","fg0435"
"fq001598","vx_f2abd5d737705b4a","fg0328","1","fg0328","fg0233","fg0783","fg0841","fg0196","fg0767","fg0271","fg0421","fg0557","fg0372","fg0111","fg0319","fg0106","fg0101","fg0184","fg0207","fg0971","fg0155","fg0642","fg0779"
"fq001599","vx_f2abd5d737705b4a","fg0328","2","fg0783","fg0328","fg0767","fg0319","fg0421","fg0196","fg0233","fg0271","fg0831","fg0218","fg0155","fg0557","fg0184","fg0642","fg0841","fg0111","fg0064","fg0892","fg0489","fg0310"
"fq001600","vx_319f12eed1a9c985","fg0329","1","fg0329","fg0532","fg0288","fg0157","fg0892","fg0592","fg0476","fg0283","fg0615","fg0604","fg0708","fg0964","fg0526","fg0129","fg0842","fg0020","fg0608","fg0888","fg0674","fg0168"
"fq001601","vx_23225e16615dd7b3","fg0330","1","fg0330","fg0475","fg0007","fg0427","fg0614","fg0243","fg0682","fg0284","fg0597","fg0732","fg0414","fg0060","fg0828","fg0042","fg0788","fg0365","fg0974","fg0244","fg0113","fg0623"
"fq001602","vx_23225e16615dd7b3","fg0330","5","fg0007","fg0614","fg0284","fg0974","fg0330","fg0828","fg0788","fg0675","fg0113","fg0118","fg0477","fg0429","fg0472","fg0096","fg0008","fg0030","fg0602","fg0765","fg0919","fg0973"
"fq001603","vx_23225e16615dd7b3","fg0330","1","fg0330","fg0007","fg0614","fg0284","fg0475","fg0828","fg0974","fg0427","fg0243","fg0597","fg0682","fg0414","fg0118","fg0732","fg0113","fg0060","fg0477","fg0042","fg0365","fg0008"
"fq001604","vx_23225e16615dd7b3","fg0330","1","fg0330","fg0026","fg0025","fg0675","fg0106","fg0939","fg0475","fg0068","fg0367","fg0955","fg0427","fg0701","fg0244","fg0758","fg0991","fg0973","fg0678","fg0482","fg0787","fg0393"
"fq001605","vx_23225e16615dd7b3","fg0330","1","fg0330","fg0007","fg0475","fg0614","fg0427","fg0597","fg0682","fg0284","fg0243","fg0974","fg0414","fg0828","fg0042","fg0675","fg0732","fg0060","fg0113","fg0365","fg0244","fg0527"
"fq001606","vx_23225e16615dd7b3","fg0330","1","fg0330","fg0007","fg0614","fg0284","fg0475","fg0597","fg0828","fg0414","fg0682","fg0042","fg0243","fg0427","fg0060","fg0974","fg0113","fg0365","fg0769","fg0732","fg0919","fg0118"
"fq001607","vx_35df9f026f5d5cc2","fg0331","1","fg0331","fg0064","fg0769","fg0400","fg0319","fg0628","fg0403","fg0049","fg0067","fg0365","fg0825","fg0673","fg0684","fg0941","fg0226","fg0496","fg0007","fg0642","fg0184","fg0619"
"fq001608","vx_974192b2320ae979","fg0332","2","fg0141","fg0332","fg0465","fg0928","fg0564","fg0516","fg0559","fg0244","fg0312","fg0895","fg0316","fg0965","fg0498","fg0976","fg0250","fg0255","fg0971","fg0116","fg0525","fg0347"
"fq001609","vx_974192b2320ae979","fg0332","1","fg0332","fg0141","fg0465","fg0928","fg0564","fg0244","fg0312","fg0516","fg0895","fg0255","fg0559","fg0498","fg0971","fg0250","fg0316","fg0976","fg0116","fg0347","fg0965","fg0219"
"fq001610","vx_974192b2320ae979","fg0332","2","fg0141","fg0332","fg0465","fg0928","fg0244","fg0564","fg0516","fg0316","fg0312","fg0498","fg0250","fg0971","fg0255","fg0559","fg0976","fg0895","fg0965","fg0219","fg0599","fg0521"
"fq001611","vx_974192b2320ae979","fg0332","1","fg0332","fg0141","fg0465","fg0928","fg0312","fg0564","fg0244","fg0559","fg0516","fg0250","fg0498","fg0965","fg0971","fg0255","fg0895","fg0316","fg0219","fg0976","fg0116","fg0347"
"fq001612","vx_974192b2320ae979","fg0332","1","fg0332","fg0141","fg0465","fg0312","fg0210","fg0211","fg0093","fg0026","fg0115","fg0895","fg0928","fg0498","fg0164","fg0250","fg0261","fg0347","fg0244","fg0219","fg0002","fg0572"
"fq001613","vx_974192b2320ae979","fg0332","1","fg0332","fg0141","fg0465","fg0620","fg0115","fg0312","fg0895","fg0311","fg0965","fg0164","fg0559","fg0516","fg0248","fg0928","fg0564","fg0244","fg0572","fg0253","fg0116","fg0293"
"fq001614","vx_974192b2320ae979","fg0332","1","fg0332","fg0141","fg0465","fg0312","fg0115","fg0895","fg0244","fg0250","fg0498","fg0026","fg0928","fg0211","fg0164","fg0347","fg0219","fg0572","fg0559","fg0002","fg0971","fg0620"
"fq001615","vx_974192b2320ae979","fg0332","1","fg0332","fg0141","fg0465","fg0928","fg0312","fg0564","fg0244","fg0559","fg0516","fg0976","fg0316","fg0498","fg0895","fg0250","fg0971","fg0965","fg0255","fg0219","fg0521","fg0347"
"fq001616","vx_974192b2320ae979","fg0332","2","fg0141","fg0332","fg0465","fg0928","fg0244","fg0564","fg0312","fg0516","fg0316","fg0971","fg0498","fg0895","fg0559","fg0976","fg0250","fg0965","fg0255","fg0347","fg0116","fg0525"
"fq001617","vx_974192b2320ae979","fg0332","1","fg0332","fg0141","fg0465","fg0928","fg0312","fg0244","fg0564","fg0895","fg0516","fg0498","fg0250","fg0971","fg0976","fg0347","fg0559","fg0219","fg0682","fg0164","fg0521","fg0255"
"fq001618","vx_974192b2320ae979","fg0332","1","fg0332","fg0141","fg0465","fg0590","fg0211","fg0018","fg0191","fg0895","fg0731","fg0934","fg0569","fg1000","fg0682","fg0164","fg0411","fg0540","fg0975","fg0795","fg0928","fg0027"
"fq001619","vx_15fafec4c4d78d74","fg0333","1","fg0333","fg0884","fg0389","fg0574","fg0320","fg0886","fg0583","fg0392","fg0595","fg0293","fg0719","fg0758","fg0123","fg0779","fg0145","fg0326","fg0182","fg0066","fg0140","fg0853"
"fq001620","vx_d700a3781c568cdb","fg0334","1","fg0334","fg0258","fg0907","fg0411","fg0306","fg0800","fg0973","fg0191","fg0398","fg0831","fg0025","fg0117","fg0435","fg0835","fg0757","fg0814","fg0211","fg0588","fg0208","fg0350"
"fq001621","vx_d700a3781c568cdb","fg0334","1","fg0334","fg0054","fg0411","fg0398","fg0359","fg0191","fg0571","fg0973","fg0700","fg0899","fg0146","fg0907","fg0831","fg0768","fg0018","fg0587","fg0211","fg0045","fg0117","fg0588"
"fq001622","vx_d700a3781c568cdb","fg0334","1","fg0334","fg0258","fg0208","fg0588","fg0814","fg0411","fg0973","fg0117","fg0433","fg0812","fg0907","fg0191","fg0506","fg0486","fg0831","fg0204","fg0579","fg0025","fg0159","fg0211"
"fq001623","vx_d700a3781c568cdb","fg0334","1","fg0334","fg0258","fg0907","fg0411","fg0588","fg0973","fg0579","fg0889","fg0270","fg0757","fg0159","fg0211","fg0398","fg0025","fg0835","fg0191","fg0117","fg0800","fg0350","fg0306"
"fq001624","vx_d700a3781c568cdb","fg0334","1","fg0334","fg0258","fg0579","fg0191","fg0973","fg0411","fg0907","fg0831","fg0117","fg0270","fg0757","fg0889","fg0588","fg0835","fg0398","fg0800","fg0159","fg0235","fg0306","fg0350"
"fq001625","vx_3c885a3e12d6bed1","fg0335","1","fg0335","fg0954","fg0221","fg0548","fg0305","fg0020","fg0549","fg0028","fg0918","fg0178","fg0731","fg0710","fg0056","fg0217","fg0021","fg0797","fg0278","fg0723","fg0328","fg0849"
"fq001626","vx_fc20af91bf04c213","fg0336","1","fg0336","fg0079","fg0969","fg0910","fg0418","fg0102","fg0060","fg0959","fg0478","fg0534","fg0068","fg0152","fg0217","fg0038","fg0577","fg0378","fg0591","fg0087","fg0016","fg0806"
"fq001627","vx_fc20af91bf04c213","fg0336","1","fg0336","fg0079","fg0969","fg0910","fg0102","fg0418","fg0060","fg0959","fg0038","fg0068","fg0806","fg0152","fg0378","fg0577","fg0478","fg0534","fg0681","fg0176","fg0465","fg0422"
"fq001628","vx_fc20af91bf04c213","fg0336","1","fg0336","fg0969","fg0079","fg0910","fg0102","fg0418","fg0060","fg0478","fg0959","fg0152","fg0806","fg0378","fg0724","fg0016","fg0534","fg0068","fg0038","fg0577","fg0380","fg0087"
"fq001629","vx_fc20af91bf04c213","fg0336","1","fg0336","fg0969","fg0079","fg0910","fg0102","fg0060","fg0418","fg0959","fg0378","fg0152","fg0478","fg0806","fg0068","fg0577","fg0038","fg0521","fg0176","fg0534","fg0591","fg0465"
"fq001630","vx_fc20af91bf04c213","fg0336","1","fg0336","fg0969","fg0079","fg0910","fg0418","fg0102","fg0060","fg0959","fg0378","fg0152","fg0806","fg0577","fg0478","fg0521","fg0217","fg0016","fg0038","fg0176","fg0069","fg0864"
"fq001631","vx_fc20af91bf04c213","fg0336","1","fg0336","fg0079","fg0969","fg0910","fg0102","fg0418","fg0060","fg0959","fg0068","fg0152","fg0534","fg0478","fg0591","fg0217","fg0378","fg0577","fg0038","fg0521","fg0380","fg0806"
"fq001632","vx_fc20af91bf04c213","fg0336","1","fg0336","fg0079","fg0969","fg0910","fg0102","fg0418","fg0060","fg0959","fg0068","fg0478","fg0806","fg0038","fg0378","fg0152","fg0534","fg0577","fg0212","fg0087","fg0217","fg0591"
"fq001633","vx_fc20af91bf04c213","fg0336","1","fg0336","fg0969","fg0079","fg0910","fg0418","fg0102","fg0060","fg0959","fg0378","fg0806","fg0864","fg0068","fg0478","fg0038","fg0577","fg0152","fg0016","fg0217","fg0681","fg0534"
"fq001634","vx_fc20af91bf04c213","fg0336","1","fg0336","fg0079","fg0969","fg0910","fg0102","fg0418","fg0060","fg0959","fg0068","fg0378","fg0152","fg0577","fg0038","fg0478","fg0806","fg0591","fg0217","fg0534","fg0521","fg0176"
"fq001635","vx_fc20af91bf04c213","fg0336","1","fg0336","fg0969","fg0079","fg0910","fg0418","fg0102","fg0060","fg0959","fg0378","fg0152","fg0478","fg0806","fg0068","fg0038","fg0864","fg0577","fg0217","fg0016","fg0176","fg0521"
"fq001636","vx_fc20af91bf04c213","fg0336","1","fg0336","fg0969","fg0079","fg0910","fg0102","fg0418","fg0060","fg0959","fg0806","fg0478","fg0378","fg0152","fg0577","fg0068","fg0016","fg0212","fg0724","fg0038","fg0217","fg0521"
"fq001637","vx_d00a5231110be702","fg0337","1","fg0337","fg0250","fg0498","fg0219","fg0623","fg0689","fg0605","fg0934","fg0744","fg0377","fg0881","fg0352","fg0449","fg0240","fg0383","fg0083","fg0128","fg0701","fg0622","fg0587"
"fq001638","vx_d00a5231110be702","fg0337","1","fg0337","fg0623","fg0689","fg0250","fg0498","fg0219","fg0605","fg0744","fg0881","fg0934","fg0352","fg0083","fg0383","fg0377","fg0240","fg0449","fg0622","fg0128","fg0002","fg0759"
"fq001639","vx_d00a5231110be702","fg0337","1","fg0337","fg0623","fg0689","fg0250","fg0498","fg0219","fg0605","fg0744","fg0881","fg0083","fg0352","fg0240","fg0383","fg0377","fg0449","fg0934","fg0622","fg0002","fg0128","fg0759"
"fq001640","vx_d3caab5bc9eebdd8","fg0338","1","fg0338","fg0264","fg0589","fg0956","fg0309","fg0004","fg0398","fg0411","fg0539","fg0052","fg0748","fg0574","fg0305","fg0266","fg0291","fg0840","fg0950","fg0667","fg0198","fg0595"
"fq001641","vx_8739c637aee0e8be","fg0339","1","fg0339","fg0901","fg0385","fg0830","fg0786","fg0480","fg0158","fg0949","fg0932","fg0553","fg0894","fg0124","fg0436","fg0631","fg0982","fg0315","fg0799","fg0581","fg0692","fg0984"
"fq001642","vx_8739c637aee0e8be","fg0339","1","fg0339","fg0901","fg0385","fg0830","fg0786","fg0480","fg0949","fg0158","fg0932","fg0894","fg0553","fg0124","fg0436","fg0692","fg0581","fg0866","fg0799","fg0796","fg0315","fg0961"
"fq001643","vx_8739c637aee0e8be","fg0339","1","fg0339","fg0901","fg0385","fg0982","fg0737","fg0830","fg0786","fg0158","fg0894","fg0480","fg0603","fg0949","fg0932","fg0124","fg0553","fg0315","fg0436","fg0692","fg0631","fg0799"
"fq001644","vx_8739c637aee0e8be","fg0339","1","fg0339","fg0901","fg0385","fg0830","fg0786","fg0480","fg0949","fg0158","fg0932","fg0553","fg0894","fg0692","fg0581","fg0315","fg0796","fg0799","fg0906","fg0124","fg0436","fg0631"
"fq001645","vx_8739c637aee0e8be","fg0339","1","fg0339","fg0901","fg0385","fg0830","fg0786","fg0480","fg0158","fg0949","fg0932","fg0894","fg0553","fg0124","fg0436","fg0796","fg0866","fg0581","fg0799","fg0692","fg0315","fg0459"
"fq001646","vx_8739c637aee0e8be","fg0339","1","fg0339","fg0901","fg0830","fg0385","fg0786","fg0480","fg0949","fg0158","fg0932","fg0553","fg0581","fg0692","fg0315","fg0799","fg0631","fg0658","fg0436","fg0894","fg0984","fg0796"
"fq001647","vx_1a819e5a2bb5afef","fg0340","1","fg0340","fg0766","fg0251","fg0960","fg0685","fg0441","fg0770","fg0554","fg0798","fg0540","fg0353","fg0154","fg0092","fg0015","fg0141","fg0488","fg0631","fg0480","fg0204","fg0316"
"fq001648","vx_5c8ada0c66e54529","fg0341","1","fg0341","fg0944","fg0231","fg0926","fg0710","fg0698","fg0598","fg0883","fg0264","fg0609","fg0537","fg0665","fg0243","fg0776","fg0025","fg0852","fg0471","fg0589","fg0817","fg0507"
"fq001649","vx_5c8ada0c66e54529","fg0341","1","fg0341","fg0944","fg0231","fg0926","fg0710","fg0698","fg0598","fg0883","fg0264","fg0737","fg0609","fg0852","fg0384","fg0714","fg0085","fg0776","fg0471","fg0589","fg0479","fg0675"
"fq001650","vx_5c8ada0c66e54529","fg0341","1","fg0341","fg0944","fg0231","fg0926","fg0710","fg0698","fg0598","fg0883","fg0264","fg0609","fg0675","fg0737","fg0471","fg0852","fg0537","fg0665","fg0714","fg0776","fg0243","fg0025"
"fq001651","vx_cafa8d8b83e587a9","fg0342","1","fg0342","fg0720","fg0963","fg0110","fg0553","fg0683","fg0999","fg0562","fg0212","fg0287","fg0787","fg0311","fg0125","fg0966","fg0695","fg0596","fg0502","fg0718","fg0991","fg0726"
"fq001652","vx_cafa8d8b83e587a9","fg0342","1","fg0342","fg0963","fg0720","fg0553","fg0110","fg0683","fg0562","fg0999","fg0212","fg0287","fg0311","fg0125","fg0966","fg0787","fg0695","fg0502","fg0718","fg0596","fg0059","fg0942"
"fq001653","vx_cafa8d8b83e587a9","fg0342","1","fg0342","fg0720","fg0963","fg0553","fg0110","fg0999","fg0212","fg0562","fg0683","fg0125","fg0966","fg0287","fg0695","fg0311","fg0787","fg0502","fg0542","fg0718","fg0825","fg0596"
"fq001654","vx_5c11a8579b870f75","fg0343","1","fg0343","fg0273","fg0654","fg0261","fg0522","fg0643","fg0483","fg0445","fg0785","fg0773","fg0210","fg0351","fg0203","fg0624","fg0313","fg0178","fg0470","fg0923","fg0034","fg0797"
"fq001655","vx_5c11a8579b870f75","fg0343","2","fg0273","fg0343","fg0261","fg0654","fg0522","fg0643","fg0483","fg0785","fg0445","fg0210","fg0773","fg0351","fg0203","fg0313","fg0178","fg0624","fg0034","fg0470","fg0923","fg0028"
"fq001656","vx_5c11a8579b870f75","fg0343","2","fg0273","fg0343","fg0654","fg0643","fg0261","fg0483","fg0522","fg0785","fg0445","fg0773","fg0108","fg0313","fg0624","fg0857","fg0210","fg0351","fg0203","fg0618","fg0403","fg0099"
"fq001657","vx_5c11a8579b870f75","fg0343","1","fg0343","fg0273","fg0654","fg0261","fg0643","fg0522","fg0483","fg0785","fg0445","fg0773","fg0313","fg0624","fg0210","fg0203","fg0351","fg0618","fg0857","fg0034","fg0178","fg0521"
"fq001658","vx_002e6e5e7d1d6910","fg0344","1","fg0344","fg0461","fg0426","fg0415","fg0800","fg0211","fg0414","fg0570","fg0643","fg0159","fg0413","fg0855","fg0774","fg0266","fg0540","fg0258","fg0334","fg0310","fg0374","fg0907"
"fq001659","vx_002e6e5e7d1d6910","fg0344","1","fg0344","fg0105","fg0415","fg0461","fg0889","fg0764","fg0159","fg0211","fg0426","fg0570","fg0579","fg0372","fg0800","fg0414","fg0071","fg0814","fg0285","fg0298","fg0004","fg0258"
"fq001660","vx_002e6e5e7d1d6910","fg0344","1","fg0344","fg0426","fg0461","fg0413","fg0415","fg0718","fg0111","fg0285","fg0912","fg0386","fg0790","fg0774","fg0570","fg0174","fg0917","fg0317","fg0208","fg0211","fg0312","fg0864"
"fq001661","vx_002e6e5e7d1d6910","fg0344","1","fg0344","fg0105","fg0579","fg0588","fg0159","fg0334","fg0426","fg0211","fg0461","fg0258","fg0415","fg0570","fg0643","fg0108","fg0025","fg0659","fg0800","fg0413","fg0835","fg0709"
"fq001662","vx_002e6e5e7d1d6910","fg0344","1","fg0344","fg0426","fg0413","fg0461","fg0415","fg0211","fg0718","fg0774","fg0194","fg0077","fg0111","fg0776","fg0790","fg0748","fg0666","fg0285","fg0003","fg0105","fg0436","fg0798"
"fq001663","vx_bc8f2bdc5244c507","fg0345","1","fg0345","fg0147","fg0260","fg0573","fg0490","fg0012","fg0589","fg0659","fg0914","fg0460","fg0505","fg0175","fg0159","fg0411","fg0421","fg0922","fg0972","fg0657","fg0669","fg0519"
"fq001664","vx_bc8f2bdc5244c507","fg0345","2","fg0147","fg0345","fg0260","fg0573","fg0012","fg0490","fg0589","fg0175","fg0421","fg0416","fg0047","fg0460","fg0505","fg0411","fg0922","fg0659","fg0657","fg0914","fg0858","fg0519"
"fq001665","vx_08ec07cd6d323118","fg0346","1","fg0346","fg0737","fg0982","fg0489","fg0603","fg0231","fg0368","fg0706","fg0944","fg0008","fg0765","fg0710","fg0926","fg0341","fg0555","fg0860","fg0268","fg0157","fg0264","fg0227"
"fq001666","vx_afd22bfd0366e255","fg0347","166","fg0274","fg0054","fg0045","fg0700","fg0567","fg0899","fg0064","fg0672","fg0113","fg0197","fg0146","fg0644","fg0919","fg0027","fg0587","fg0359","fg0719","fg0825","fg0081","fg0684"
"fq001667","vx_668ac1e613c11e8b","fg0348","1","fg0348","fg0663","fg0111","fg0912","fg0285","fg0497","fg0400","fg0765","fg0008","fg0049","fg0306","fg0318","fg0808","fg0378","fg0042","fg0671","fg0594","fg0233","fg0368","fg0644"
"fq001668","vx_668ac1e613c11e8b","fg0348","1","fg0348","fg0912","fg0111","fg0285","fg0663","fg0049","fg0497","fg0400","fg0808","fg0042","fg0286","fg0318","fg0233","fg0704","fg0594","fg0387","fg0201","fg0378","fg0306","fg0671"
"fq001669","vx_9e6eff27b7a78c47","fg0349","1","fg0349","fg0367","fg0933","fg0061","fg0103","fg0090","fg0796","fg0869","fg0287","fg0880","fg0387","fg0042","fg0992","fg0955","fg0384","fg0909","fg0014","fg0176","fg0773","fg0794"
"fq001670","vx_9e6eff27b7a78c47","fg0349","1","fg0349","fg0367","fg0103","fg0061","fg0090","fg0869","fg0933","fg0880","fg0796","fg0287","fg0955","fg0387","fg0042","fg0384","fg0992","fg0189","fg0561","fg0773","fg0823","fg0909"
"fq001671","vx_9e6eff27b7a78c47","fg0349","1","fg0349","fg0061","fg0933","fg0367","fg0042","fg0384","fg0003","fg0966","fg0942","fg0773","fg0396","fg0334","fg0831","fg0633","fg0025","fg0564","fg0861","fg0794","fg0397","fg0992"
"fq001672","vx_9e6eff27b7a78c47","fg0349","1","fg0349","fg0003","fg0587","fg0773","fg0757","fg0113","fg0197","fg0398","fg0557","fg0334","fg0956","fg0411","fg0027","fg0950","fg0007","fg0595","fg0258","fg0042","fg0841","fg0396"
"fq001673","vx_9e6eff27b7a78c47","fg0349","1","fg0349","fg0061","fg0933","fg0396","fg0042","fg0966","fg0861","fg0384","fg0003","fg0307","fg0773","fg0756","fg0633","fg0193","fg0950","fg0323","fg0334","fg0177","fg0347","fg0298"
"fq001674","vx_9e6eff27b7a78c47","fg0349","1","fg0349","fg0061","fg0396","fg0933","fg0861","fg0307","fg0003","fg0042","fg0384","fg0773","fg0193","fg0395","fg0334","fg0966","fg0347","fg0323","fg0633","fg0950","fg0794","fg0082"
"fq001675","vx_9e6eff27b7a78c47","fg0349","1","fg0349","fg0367","fg0103","fg0933","fg0061","fg0090","fg0869","fg0287","fg0014","fg0387","fg0880","fg0796","fg0955","fg0042","fg0992","fg0633","fg0831","fg0384","fg0773","fg0561"
"fq001676","vx_9e6eff27b7a78c47","fg0349","1","fg0349","fg0367","fg0061","fg0933","fg0103","fg0992","fg0831","fg0773","fg0384","fg0042","fg0189","fg0287","fg0090","fg0235","fg0185","fg0003","fg0966","fg0869","fg0633","fg0298"
"fq001677","vx_9e6eff27b7a78c47","fg0349","1","fg0349","fg0367","fg0103","fg0061","fg0933","fg0090","fg0869","fg0796","fg0287","fg0880","fg0387","fg0014","fg0992","fg0042","fg0955","fg0384","fg0561","fg0369","fg0189","fg0909"
"fq001678","vx_9e6eff27b7a78c47","fg0349","1","fg0349","fg0367","fg0103","fg0090","fg0061","fg0955","fg0869","fg0796","fg0287","fg0933","fg0880","fg0387","fg0992","fg0042","fg0773","fg0909","fg0823","fg0561","fg0384","fg0014"
"fq001679","vx_9e6eff27b7a78c47","fg0349","1","fg0349","fg0367","fg0061","fg0933","fg0103","fg0090","fg0014","fg0992","fg0869","fg0396","fg0773","fg0287","fg0387","fg0185","fg0796","fg0042","fg0384","fg0082","fg0003","fg0966"
"fq001680","vx_8930e30ac1f4d848","fg0350","1","fg0350","fg0039","fg0556","fg0782","fg0092","fg0122","fg0591","fg0093","fg0195","fg0100","fg0639","fg0921","fg0815","fg0025","fg0820","fg0435","fg0751","fg0263","fg0764","fg0973"
"fq001681","vx_8930e30ac1f4d848","fg0350","1","fg0350","fg0039","fg0973","fg0782","fg0360","fg0195","fg0815","fg0594","fg0556","fg0092","fg0093","fg0126","fg0591","fg0489","fg0334","fg0587","fg0122","fg0639","fg0088","fg0098"
"fq001682","vx_d18b80ea064faf7b","fg0351","1","fg0351","fg0617","fg0925","fg0210","fg0918","fg0343","fg0273","fg0552","fg0522","fg0386","fg0654","fg0396","fg0643","fg0261","fg0983","fg0773","fg0516","fg0483","fg0093","fg0303"
"fq001683","vx_c6d5a3331642761b","fg0352","1","fg0352","fg0083","fg0744","fg0881","fg0383","fg0622","fg0902","fg0337","fg0623","fg0689","fg0252","fg0377","fg0559","fg0449","fg0778","fg0450","fg0111","fg0071","fg0065","fg0827"
"fq001684","vx_c6d5a3331642761b","fg0352","1","fg0352","fg0083","fg0744","fg0881","fg0383","fg0622","fg0902","fg0337","fg0623","fg0689","fg0252","fg0377","fg0559","fg0449","fg0778","fg0450","fg0065","fg0111","fg0112","fg0286"
"fq001685","vx_c6d5a3331642761b","fg0352","1","fg0352","fg0083","fg0744","fg0881","fg0383","fg0622","fg0902","fg0337","fg0623","fg0689","fg0252","fg0377","fg0559","fg0449","fg0778","fg0450","fg0111","fg0285","fg0642","fg0021"
"fq001686","vx_fc02899b8e1c2145","fg0353","1","fg0353","fg0960","fg0500","fg0071","fg0444","fg0833","fg0770","fg0459","fg0675","fg0340","fg0222","fg0293","fg0253","fg0286","fg0958","fg0760","fg0140","fg0251","fg0937","fg0285"
"fq001687","vx_11b42c73304f92b2","fg0354","1","fg0354","fg0438","fg0664","fg0057","fg0449","fg0377","fg0677","fg0609","fg0512","fg0500","fg0929","fg0006","fg0976","fg0145","fg0302","fg0873","fg0986","fg0306","fg0199","fg0820"
"fq001688","vx_11b42c73304f92b2","fg0354","1","fg0354","fg0438","fg0057","fg0664","fg0873","fg0449","fg0145","fg0609","fg0377","fg0677","fg0575","fg0512","fg0476","fg0733","fg0149","fg0006","fg0641","fg0993","fg0058","fg0023"
"fq001689","vx_11b42c73304f92b2","fg0354","1","fg0354","fg0438","fg0664","fg0057","fg0873","fg0449","fg0145","fg0677","fg0609","fg0377","fg0641","fg0575","fg0695","fg0023","fg0409","fg0993","fg0149","fg0512","fg0580","fg0476"
"fq001690","vx_11b42c73304f92b2","fg0354","1","fg0354","fg0438","fg0664","fg0057","fg0873","fg0449","fg0609","fg0145","fg0575","fg0377","fg0023","fg0641","fg0695","fg0512","fg0677","fg0409","fg0993","fg0149","fg0476","fg0580"
"fq001691","vx_11b42c73304f92b2","fg0354","1","fg0354","fg0438","fg0057","fg0664","fg0873","fg0609","fg0575","fg0449","fg0149","fg0993","fg0451","fg0145","fg0023","fg0992","fg0108","fg0377","fg0929","fg0641","fg0409","fg0500"
"fq001692","vx_11b42c73304f92b2","fg0354","1","fg0354","fg0438","fg0057","fg0664","fg0873","fg0449","fg0609","fg0377","fg0677","fg0575","fg0145","fg0512","fg0476","fg0733","fg0641","fg0058","fg0149","fg0409","fg0023","fg0006"
"fq001693","vx_11b42c73304f92b2","fg0354","1","fg0354","fg0438","fg0664","fg0057","fg0873","fg0449","fg0609","fg0575","fg0145","fg0377","fg0677","fg0023","fg0409","fg0512","fg0641","fg0006","fg0929","fg0695","fg0653","fg0476"
"fq001694","vx_11b42c73304f92b2","fg0354","1","fg0354","fg0438","fg0664","fg0057","fg0873","fg0449","fg0609","fg0575","fg0145","fg0377","fg0023","fg0641","fg0993","fg0695","fg0677","fg0409","fg0476","fg0149","fg0006","fg0512"
"fq001695","vx_11b42c73304f92b2","fg0354","1","fg0354","fg0438","fg0664","fg0057","fg0873","fg0677","fg0449","fg0609","fg0145","fg0377","fg0575","fg0512","fg0641","fg0023","fg0993","fg0409","fg0149","fg0672","fg0929","fg0653"
"fq001696","vx_11b42c73304f92b2","fg0354","1","fg0354","fg0438","fg0057","fg0664","fg0873","fg0609","fg0449","fg0993","fg0145","fg0575","fg0149","fg0023","fg0451","fg0108","fg0377","fg0058","fg0512","fg0641","fg0409","fg0677"
"fq001697","vx_11b42c73304f92b2","fg0354","1","fg0354","fg0438","fg0664","fg0057","fg0449","fg0873","fg0609","fg0377","fg0575","fg0145","fg0006","fg0023","fg0641","fg0695","fg0149","fg0677","fg0993","fg0929","fg0954","fg0108"
"fq001698","vx_11b42c73304f92b2","fg0354","1","fg0354","fg0438","fg0664","fg0057","fg0873","fg0449","fg0609","fg0377","fg0575","fg0145","fg0023","fg0677","fg0695","fg0641","fg0993","fg0006","fg0409","fg0672","fg0206","fg0451"
"fq001699","vx_11b42c73304f92b2","fg0354","1","fg0354","fg0438","fg0057","fg0664","fg0873","fg0449","fg0677","fg0609","fg0377","fg0145","fg0512","fg0575","fg0672","fg0641","fg0023","fg0149","fg0500","fg0976","fg0476","fg0006"
"fq001700","vx_11b42c73304f92b2","fg0354","1","fg0354","fg0438","fg0057","fg0664","fg0873","fg0449","fg0609","fg0575","fg0377","fg0677","fg0145","fg0149","fg0476","fg0641","fg0512","fg0023","fg0058","fg0409","fg0733","fg0993"
"fq001701","vx_11b42c73304f92b2","fg0354","598","fg0199","fg0285","fg0286","fg0994","fg0912","fg0111","fg0823","fg0508","fg0675","fg0435","fg0353","fg0679","fg0482","fg0447","fg0880","fg0808","fg0868","fg0759","fg0314","fg0704"
"fq001702","vx_11b42c73304f92b2","fg0354","1","fg0354","fg0438","fg0057","fg0664","fg0873","fg0609","fg0449","fg0575","fg0695","fg0377","fg0006","fg0023","fg0145","fg0149","fg0641","fg0409","fg0249","fg0476","fg0330","fg0500"
"fq001703","vx_11b42c73304f92b2","fg0354","1","fg0354","fg0438","fg0664","fg0057","fg0449","fg0609","fg0677","fg0873","fg0377","fg0145","fg0575","fg0006","fg0512","fg0023","fg0451","fg0409","fg0929","fg0306","fg0653","fg0641"
"fq001704","vx_11b42c73304f92b2","fg0354","1","fg0354","fg0438","fg0664","fg0057","fg0873","fg0449","fg0609","fg0993","fg0145","fg0677","fg0023","fg0575","fg0377","fg0451","fg0641","fg0409","fg0929","fg0058","fg0149","fg0580"
"fq001705","vx_11b42c73304f92b2","fg0354","1","fg0354","fg0438","fg0664","fg0057","fg0449","fg0873","fg0609","fg0377","fg0575","fg0145","fg0149","fg0677","fg0006","fg0023","fg0993","fg0476","fg0512","fg0695","fg0976","fg0641"
"fq001706","vx_11b42c73304f92b2","fg0354","1","fg0354","fg0438","fg0664","fg0057","fg0449","fg0873","fg0609","fg0677","fg0377","fg0145","fg0575","fg0641","fg0695","fg0993","fg0023","fg0512","fg0409","fg0451","fg0149","fg0476"
"fq001707","vx_11b42c73304f92b2","fg0354","1","fg0354","fg0438","fg0664","fg0057","fg0873","fg0449","fg0609","fg0145","fg0377","fg0575","fg0641","fg0023","fg0677","fg0695","fg0512","fg0993","fg0149","fg0976","fg0409","fg0476"
"fq001708","vx_11b42c73304f92b2","fg0354","1","fg0354","fg0438","fg0057","fg0664","fg0873","fg0449","fg0609","fg0377","fg0575","fg0023","fg0145","fg0677","fg0409","fg0641","fg0929","fg0653","fg0512","fg0149","fg0500","fg0451"
"fq001709","vx_11b42c73304f92b2","fg0354","1","fg0354","fg0438","fg0664","fg0057","fg0873","fg0449","fg0609","fg0575","fg0145","fg0377","fg0695","fg0006","fg0023","fg0641","fg0149","fg0677","fg0302","fg0249","fg0976","fg0929"
"fq001710","vx_11b42c73304f92b2","fg0354","1","fg0354","fg0438","fg0664","fg0057","fg0873","fg0449","fg0609","fg0677","fg0575","fg0145","fg0377","fg0023","fg0409","fg0512","fg0641","fg0476","fg0718","fg0733","fg0672","fg0695"
"fq001711","vx_11b42c73304f92b2","fg0354","1","fg0354","fg0438","fg0057","fg0664","fg0873","fg0449","fg0609","fg0377","fg0677","fg0575","fg0145","fg0733","fg0149","fg0929","fg0641","fg0993","fg0302","fg0653","fg0023","fg0451"
"fq001712","vx_11b42c73304f92b2","fg0354","1","fg0354","fg0438","fg0664","fg0057","fg0873","fg0449","fg0609","fg0377","fg0677","fg0512","fg0145","fg0575","fg0476","fg0023","fg0641","fg0149","fg0733","fg0409","fg0006","fg0976"
"fq001713","vx_11b42c73304f92b2","fg0354","1","fg0354","fg0438","fg0664","fg0057","fg0873","fg0449","fg0609","fg0145","fg0677","fg0377","fg0575","fg0512","fg0409","fg0023","fg0641","fg0476","fg0993","fg0500","fg0149","fg0672"
"fq001714","vx_11b42c73304f92b2","fg0354","1","fg0354","fg0438","fg0664","fg0057","fg0873","fg0449","fg0677","fg0609","fg0377","fg0145","fg0575","fg0695","fg0641","fg0512","fg0993","fg0023","fg0149","fg0006","fg0976","fg0476"
"fq001715","vx_11b42c73304f92b2","fg0354","1","fg0354","fg0438","fg0057","fg0873","fg0449","fg0609","fg0149","fg0993","fg0664","fg0377","fg0145","fg0575","fg0695","fg0006","fg0023","fg0641","fg0499","fg0476","fg0976","fg0294"
"fq001716","vx_11b42c73304f92b2","fg0354","1","fg0354","fg0438","fg0057","fg0664","fg0873","fg0449","fg0609","fg0575","fg0377","fg0145","fg0023","fg0677","fg0733","fg0512","fg0149","fg0409","fg0500","fg0672","fg0993","fg0476"
"fq001717","vx_11b42c73304f92b2","fg0354","1","fg0354","fg0438","fg0664","fg0057","fg0873","fg0449","fg0609","fg0377","fg0677","fg0145","fg0575","fg0512","fg0023","fg0641","fg0409","fg0006","fg0476","fg0993","fg0149","fg0929"
"fq001718","vx_11b42c73304f92b2","fg0354","1","fg0354","fg0438","fg0057","fg0664","fg0873","fg0449","fg0609","fg0575","fg0145","fg0023","fg0641","fg0993","fg0149","fg0377","fg0451","fg0409","fg0058","fg0929","fg0108","fg0954"
"fq001719","vx_11b42c73304f92b2","fg0354","1","fg0354","fg0438","fg0664","fg0057","fg0873","fg0449","fg0677","fg0377","fg0609","fg0575","fg0023","fg0145","fg0409","fg0672","fg0993","fg0641","fg0512","fg0929","fg0580","fg0954"
"fq001720","vx_11b42c73304f92b2","fg0354","1","fg0354","fg0438","fg0664","fg0057","fg0677","fg0449","fg0873","fg0609","fg0377","fg0145","fg0575","fg0409","fg0512","fg0653","fg0476","fg0641","fg0993","fg0992","fg0023","fg0500"
"fq001721","vx_11b42c73304f92b2","fg0354","1","fg0354","fg0438","fg0664","fg0057","fg0449","fg0873","fg0377","fg0677","fg0145","fg0609","fg0512","fg0575","fg0641","fg0993","fg0006","fg0149","fg0929","fg0306","fg0976","fg0476"
"fq001722","vx_11b42c73304f92b2","fg0354","1","fg0354","fg0438","fg0664","fg0057","fg0677","fg0609","fg0449","fg0873","fg0575","fg0145","fg0377","fg0512","fg0409","fg0733","fg0006","fg0672","fg0023","fg0476","fg0451","fg0500"
"fq001723","vx_11b42c73304f92b2","fg0354","1","fg0354","fg0438","fg0664","fg0057","fg0449","fg0873","fg0145","fg0609","fg0377","fg0575","fg0512","fg0695","fg0677","fg0641","fg0023","fg0006","fg0580","fg0409","fg0476","fg0241"
"fq001724","vx_11b42c73304f92b2","fg0354","1","fg0354","fg0438","fg0664","fg0057","fg0873","fg0449","fg0609","fg0377","fg0677","fg0575","fg0145","fg0023","fg0512","fg0409","fg0641","fg0500","fg0672","fg0993","fg0476","fg0929"
"fq001725","vx_11b42c73304f92b2","fg0354","1","fg0354","fg0438","fg0664","fg0057","fg0449","fg0873","fg0609","fg0377","fg0575","fg0677","fg0023","fg0145","fg0512","fg0409","fg0641","fg0451","fg0476","fg0672","fg0993","fg0306"
"fq001726","vx_11b42c73304f92b2","fg0354","1","fg0354","fg0438","fg0664","fg0057","fg0873","fg0677","fg0449","fg0145","fg0609","fg0377","fg0575","fg0695","fg0641","fg0512","fg0023","fg0149","fg0993","fg0409","fg0006","fg0476"
"fq001727","vx_11b42c73304f92b2","fg0354","1","fg0354","fg0438","fg0664","fg0057","fg0449","fg0677","fg0377","fg0873","fg0609","fg0145","fg0575","fg0929","fg0306","fg0512","fg0695","fg0006","fg0653","fg0302","fg0976","fg0954"
"fq001728","vx_11b42c73304f92b2","fg0354","1","fg0354","fg0438","fg0664","fg0057","fg0873","fg0449","fg0609","fg0145","fg0677","fg0377","fg0575","fg0023","fg0641","fg0512","fg0409","fg0993","fg0976","fg0306","fg0302","fg0108"
"fq001729","vx_11b42c73304f92b2","fg0354","1","fg0354","fg0438","fg0664","fg0057","fg0449","fg0873","fg0377","fg0145","fg0609","fg0575","fg0929","fg0641","fg0954","fg0006","fg0023","fg0149","fg0993","fg0677","fg0695","fg0512"
"fq001730","vx_11b42c73304f92b2","fg0354","1","fg0354","fg0438","fg0664","fg0057","fg0677","fg0449","fg0873","fg0609","fg0377","fg0145","fg0575","fg0512","fg0409","fg0641","fg0023","fg0006","fg0695","fg0451","fg0993","fg0241"
"fq001731","vx_11b42c73304f92b2","fg0354","1","fg0354","fg0438","fg0664","fg0057","fg0449","fg0677","fg0609","fg0873","fg0377","fg0145","fg0695","fg0575","fg0023","fg0641","fg0512","fg0409","fg0006","fg0976","fg0149","fg0993"
"fq001732","vx_11b42c73304f92b2","fg0354","1","fg0354","fg0438","fg0664","fg0057","fg0449","fg0873","fg0609","fg0377","fg0575","fg0677","fg0145","fg0512","fg0476","fg0641","fg0023","fg0976","fg0409","fg0733","fg0149","fg0993"
"fq001733","vx_11b42c73304f92b2","fg0354","1","fg0354","fg0438","fg0057","fg0664","fg0449","fg0377","fg0873","fg0609","fg0145","fg0575","fg0149","fg0058","fg0641","fg0929","fg0023","fg0500","fg0653","fg0409","fg0451","fg0512"
"fq001734","vx_11b42c73304f92b2","fg0354","1","fg0354","fg0438","fg0057","fg0664","fg0873","fg0449","fg0377","fg0609","fg0145","fg0641","fg0575","fg0149","fg0695","fg0677","fg0929","fg0993","fg0058","fg0653","fg0006","fg0023"
"fq001735","vx_11b42c73304f92b2","fg0354","1","fg0354","fg0438","fg0664","fg0057","fg0449","fg0873","fg0609","fg0377","fg0575","fg0145","fg0023","fg0641","fg0993","fg0476","fg0149","fg0677","fg0929","fg0058","fg0512","fg0500"
"fq001736","vx_11b42c73304f92b2","fg0354","1","fg0354","fg0438","fg0664","fg0057","fg0449","fg0677","fg0609","fg0873","fg0377","fg0145","fg0512","fg0575","fg0641","fg0695","fg0409","fg0023","fg0993","fg0006","fg0306","fg0476"
"fq001737","vx_11b42c73304f92b2","fg0354","1","fg0354","fg0438","fg0664","fg0057","fg0873","fg0449","fg0609","fg0145","fg0377","fg0575","fg0677","fg0023","fg0409","fg0512","fg0641","fg0929","fg0653","fg0993","fg0580","fg0992"
"fq001738","vx_11b42c73304f92b2","fg0354","1","fg0354","fg0438","fg0057","fg0873","fg0664","fg0449","fg0609","fg0377","fg0575","fg0023","fg0145","fg0641","fg0695","fg0149","fg0993","fg0954","fg0006","fg0476","fg0976","fg0214"
"fq001739","vx_11b42c73304f92b2","fg0354","1","fg0354","fg0438","fg0664","fg0057","fg0449","fg0873","fg0677","fg0609","fg0377","fg0145","fg0512","fg0575","fg0023","fg0641","fg0993","fg0409","fg0733","fg0058","fg0306","fg0580"
"fq001740","vx_11b42c73304f92b2","fg0354","1","fg0354","fg0438","fg0664","fg0057","fg0449","fg0873","fg0609","fg0377","fg0677","fg0145","fg0575","fg0929","fg0641","fg0302","fg0986","fg0653","fg0512","fg0306","fg0451","fg0058"
"fq001741","vx_11b42c73304f92b2","fg0354","1","fg0354","fg0438","fg0664","fg0057","fg0449","fg0873","fg0609","fg0377","fg0145","fg0575","fg0677","fg0641","fg0023","fg0512","fg0993","fg0409","fg0929","fg0476","fg0006","fg0451"
"fq001742","vx_11b42c73304f92b2","fg0354","1","fg0354","fg0438","fg0664","fg0057","fg0449","fg0873","fg0609","fg0377","fg0575","fg0145","fg0023","fg0006","fg0476","fg0677","fg0641","fg0409","fg0929","fg0512","fg0149","fg0733"
"fq001743","vx_11b42c73304f92b2","fg0354","1","fg0354","fg0438","fg0664","fg0057","fg0449","fg0873","fg0609","fg0377","fg0575","fg0023","fg0677","fg0145","fg0409","fg0500","fg0512","fg0929","fg0451","fg0653","fg0876","fg0641"
"fq001744","vx_11b42c73304f92b2","fg0354","1","fg0354","fg0438","fg0664","fg0057","fg0449","fg0873","fg0609","fg0377","fg0575","fg0145","fg0677","fg0023","fg0512","fg0641","fg0409","fg0006","fg0476","fg0695","fg0149","fg0993"
"fq001745","vx_11b42c73304f92b2","fg0354","1","fg0354","fg0438","fg0664","fg0057","fg0873","fg0449","fg0609","fg0145","fg0377","fg0677","fg0575","fg0512","fg0641","fg0023","fg0149","fg0058","fg0476","fg0993","fg0929","fg0500"
"fq001746","vx_11b42c73304f92b2","fg0354","1","fg0354","fg0438","fg0057","fg0664","fg0873","fg0449","fg0145","fg0512","fg0609","fg0377","fg0575","fg0733","fg0058","fg0500","fg0677","fg0149","fg0976","fg0409","fg0476","fg0684"
"fq001747","vx_11b42c73304f92b2","fg0354","1","fg0354","fg0438","fg0664","fg0057","fg0873","fg0609","fg0449","fg0145","fg0575","fg0641","fg0023","fg0377","fg0695","fg0993","fg0677","fg0149","fg0409","fg0476","fg0512","fg0580"
"fq001748","vx_68c9b4ca9fcbaf6a","fg0355","1","fg0355","fg0162","fg0224","fg0891","fg0584","fg0649","fg0417","fg0936","fg0022","fg0357","fg0711","fg0687","fg0241","fg0313","fg0507","fg0267","fg0782","fg0523","fg0178","fg0379"
"fq001749","vx_68c9b4ca9fcbaf6a","fg0355","426","fg0868","fg0965","fg0464","fg0559","fg0173","fg0671","fg0659","fg0539","fg0771","fg0105","fg0159","fg0769","fg0093","fg0270","fg0397","fg0889","fg0113","fg0930","fg0990","fg0724"
"fq001750","vx_8181013898e9cb4b","fg0356","1","fg0356","fg0121","fg0725","fg0518","fg0739","fg0303","fg0531","fg0763","fg0495","fg0911","fg0718","fg0652","fg0901","fg0029","fg0212","fg0040","fg0625","fg0434","fg0608","fg0097"
"fq001751","vx_bd4fd57e0be3b75e","fg0357","1","fg0357","fg0363","fg0417","fg0224","fg0488","fg0355","fg0584","fg0635","fg0162","fg0402","fg0936","fg0310","fg0201","fg0988","fg0076","fg0425","fg0043","fg0905","fg0313","fg0372"
"fq001752","vx_dfc32a74ab852b3c","fg0358","1","fg0358","fg0742","fg0662","fg0181","fg0757","fg0182","fg0962","fg0668","fg0715","fg0669","fg0411","fg0054","fg0398","fg0932","fg0425","fg0947","fg0973","fg0419","fg0892","fg0407"
"fq001753","vx_dfc32a74ab852b3c","fg0358","1","fg0358","fg0181","fg0742","fg0662","fg0757","fg0182","fg0669","fg0054","fg0932","fg0519","fg0962","fg0296","fg0691","fg0505","fg0045","fg0892","fg0109","fg0816","fg0063","fg0198"
"fq001754","vx_dfc32a74ab852b3c","fg0358","1","fg0358","fg0742","fg0181","fg0662","fg0757","fg0182","fg0962","fg0669","fg0668","fg0425","fg0932","fg0063","fg0398","fg0407","fg0411","fg0977","fg0198","fg0519","fg0691","fg0947"
"fq001755","vx_dfc32a74ab852b3c","fg0358","1","fg0358","fg0742","fg0181","fg0662","fg0757","fg0182","fg0962","fg0668","fg0669","fg0932","fg0411","fg0947","fg0054","fg0398","fg0063","fg0419","fg0715","fg0691","fg0973","fg0519"
"fq001756","vx_dfc32a74ab852b3c","fg0358","1","fg0358","fg0742","fg0181","fg0662","fg0757","fg0182","fg0962","fg0425","fg0816","fg0715","fg0398","fg0407","fg0834","fg0198","fg0668","fg0728","fg0892","fg0651","fg0411","fg0163"
"fq001757","vx_288a234a0d7022d6","fg0359","1","fg0359","fg0899","fg0081","fg0700","fg0318","fg0897","fg0146","fg0644","fg0054","fg0192","fg0663","fg0279","fg0594","fg0903","fg0933","fg0769","fg0825","fg0253","fg0400","fg0222"
"fq001758","vx_eb0c077ce4062589","fg0360","1","fg0360","fg0086","fg0722","fg0129","fg0423","fg0028","fg0406","fg0046","fg0542","fg0710","fg0253","fg0305","fg0135","fg0154","fg0570","fg0460","fg0350","fg0594","fg0489","fg0178"
"fq001759","vx_eb0c077ce4062589","fg0360","1","fg0360","fg0086","fg0406","fg0028","fg0722","fg0129","fg0423","fg0542","fg0046","fg0135","fg0710","fg0823","fg0126","fg0964","fg0350","fg0253","fg0917","fg0570","fg0305","fg0880"
"fq001760","vx_eb0c077ce4062589","fg0360","1","fg0360","fg0086","fg0406","fg0028","fg0722","fg0129","fg0423","fg0542","fg0046","fg0135","fg0710","fg0823","fg0126","fg0305","fg0350","fg0253","fg0880","fg0964","fg0917","fg0594"
"fq001761","vx_f06f6139efe37ec1","fg0361","1","fg0361","fg0161","fg0755","fg0974","fg0613","fg0833","fg0263","fg0716","fg0749","fg0368","fg0477","fg0058","fg0491","fg0005","fg0067","fg0030","fg0232","fg0549","fg0625","fg0052"
"fq001762","vx_7a19d2e713831d18","fg0362","1","fg0362","fg0904","fg0740","fg0419","fg0056","fg0029","fg0665","fg0844","fg0880","fg0823","fg0590","fg0759","fg0153","fg0847","fg0092","fg0568","fg0890","fg0202","fg0158","fg0825"
"fq001763","vx_7a19d2e713831d18","fg0362","1","fg0362","fg0690","fg0823","fg0880","fg0056","fg0665","fg0844","fg0590","fg0759","fg0073","fg0801","fg0202","fg0846","fg0153","fg0937","fg0568","fg0825","fg0230","fg0419","fg0968"
"fq001764","vx_3ab2210b7a1722ff","fg0363","1","fg0363","fg0008","fg0765","fg0635","fg0488","fg0310","fg0414","fg0201","fg0357","fg0417","fg0380","fg0632","fg0607","fg0982","fg0214","fg0178","fg0007","fg0355","fg0966","fg0224"
"fq001765","vx_3ab2210b7a1722ff","fg0363","1","fg0363","fg0008","fg0765","fg0310","fg0414","fg0357","fg0201","fg0355","fg0488","fg0417","fg0635","fg0224","fg0891","fg0584","fg0178","fg0982","fg0897","fg0439","fg0007","fg0255"
"fq001766","vx_3ab2210b7a1722ff","fg0363","1","fg0363","fg0008","fg0765","fg0310","fg0414","fg0635","fg0201","fg0488","fg0357","fg0417","fg0982","fg0178","fg0607","fg0214","fg0007","fg0380","fg0611","fg0891","fg0335","fg0564"
"fq001767","vx_3ab2210b7a1722ff","fg0363","1","fg0363","fg0008","fg0765","fg0635","fg0488","fg0310","fg0414","fg0201","fg0357","fg0417","fg0380","fg0632","fg0607","fg0982","fg0214","fg0178","fg0007","fg0439","fg0255","fg0467"
"fq001768","vx_fec0732ac3c76ca4","fg0364","1","fg0364","fg0560","fg0327","fg0826","fg0095","fg0793","fg0668","fg0612","fg0148","fg0551","fg0527","fg0779","fg0593","fg0842","fg0133","fg0588","fg0552","fg0983","fg0277","fg0647"
"fq001769","vx_58e22bc711ba2ceb","fg0365","1","fg0365","fg0852","fg0082","fg0804","fg0978","fg0093","fg0939","fg0129","fg0919","fg0243","fg0330","fg0771","fg0916","fg0615","fg0732","fg0475","fg0244","fg0177","fg0532","fg0639"
"fq001770","vx_a0ad928a2b7c8562","fg0366","1","fg0366","fg0546","fg0792","fg0608","fg0309","fg0283","fg0877","fg0004","fg0998","fg1000","fg0225","fg0726","fg0501","fg0461","fg0237","fg0485","fg0076","fg0888","fg0236","fg0253"
"fq001771","vx_a0ad928a2b7c8562","fg0366","1","fg0366","fg0546","fg0792","fg0608","fg0283","fg0309","fg0877","fg1000","fg0004","fg0998","fg0501","fg0934","fg0225","fg0726","fg0394","fg0888","fg0461","fg0237","fg0041","fg0172"
"fq001772","vx_6e8444eeefd28aa3","fg0367","1","fg0367","fg0103","fg0090","fg0869","fg0387","fg0287","fg0955","fg0334","fg0025","fg0258","fg0227","fg0209","fg0831","fg0117","fg0973","fg0796","fg0939","fg0745","fg0880","fg0191"
"fq001773","vx_6e8444eeefd28aa3","fg0367","1","fg0367","fg0025","fg0334","fg0103","fg0117","fg0831","fg0258","fg0411","fg0973","fg0191","fg0942","fg0090","fg0841","fg0869","fg0387","fg0287","fg0398","fg0552","fg0796","fg0757"
"fq001774","vx_b37a7ffab3ad1074","fg0368","1","fg0368","fg0097","fg0346","fg0717","fg0652","fg0145","fg0152","fg0998","fg0187","fg0428","fg0701","fg0612","fg0479","fg0268","fg0489","fg0561","fg0735","fg0183","fg0752","fg0361"
"fq001775","vx_b37a7ffab3ad1074","fg0368","1","fg0368","fg0097","fg0652","fg0998","fg0735","fg0346","fg0612","fg0060","fg0183","fg0561","fg0239","fg0187","fg0717","fg0701","fg0540","fg0152","fg0145","fg0928","fg0428","fg0327"
"fq001776","vx_b37a7ffab3ad1074","fg0368","1","fg0368","fg0097","fg0652","fg0346","fg0145","fg0998","fg0717","fg0152","fg0428","fg0187","fg0928","fg0735","fg0701","fg0060","fg0561","fg0540","fg0752","fg0268","fg0479","fg0489"
"fq001777","vx_b37a7ffab3ad1074","fg0368","1","fg0368","fg0097","fg0652","fg0346","fg0717","fg0145","fg0152","fg0540","fg0187","fg0998","fg0752","fg0701","fg0735","fg0680","fg0268","fg0428","fg0561","fg0479","fg0239","fg0183"
"fq001778","vx_b37a7ffab3ad1074","fg0368","1","fg0368","fg0097","fg0652","fg0928","fg0998","fg0561","fg0735","fg0346","fg0060","fg0239","fg0540","fg0701","fg0752","fg0187","fg0717","fg0612","fg0680","fg0134","fg0152","fg0268"
"fq001779","vx_b37a7ffab3ad1074","fg0368","1","fg0368","fg0097","fg0346","fg0717","fg0145","fg0152","fg0652","fg0428","fg0998","fg0479","fg0701","fg0187","fg0268","fg0752","fg0489","fg0033","fg0565","fg0612","fg0361","fg0124"
"fq001780","vx_b37a7ffab3ad1074","fg0368","1","fg0368","fg0097","fg0346","fg0145","fg0717","fg0652","fg0152","fg0998","fg0428","fg0187","fg0701","fg0268","fg0479","fg0489","fg0612","fg0361","fg0060","fg0752","fg0565","fg0033"
"fq001781","vx_b37a7ffab3ad1074","fg0368","1","fg0368","fg0097","fg0652","fg0998","fg0928","fg0346","fg0145","fg0717","fg0735","fg0561","fg0060","fg0187","fg0152","fg0239","fg0428","fg0134","fg0540","fg0752","fg0701","fg0268"
"fq001782","vx_b37a7ffab3ad1074","fg0368","1","fg0368","fg0097","fg0346","fg0717","fg0152","fg0145","fg0998","fg0428","fg0187","fg0652","fg0489","fg0268","fg0701","fg0479","fg0361","fg0612","fg0752","fg0033","fg0565","fg0183"
"fq001783","vx_b37a7ffab3ad1074","fg0368","1","fg0368","fg0097","fg0652","fg0346","fg0717","fg0998","fg0152","fg0145","fg0187","fg0428","fg0752","fg0268","fg0540","fg0735","fg0701","fg0060","fg0479","fg0680","fg0134","fg0612"
"fq001784","vx_5b5e0c863a4bca52","fg0369","1","fg0369","fg0448","fg0224","fg0308","fg0074","fg0909","fg0209","fg0838","fg0685","fg0584","fg0534","fg0976","fg0796","fg0316","fg0334","fg0306","fg0022","fg0611","fg0857","fg0800"
"fq001785","vx_fa5b0e18a07c4e3c","fg0370","1","fg0370","fg0062","fg0087","fg0257","fg0478","fg0850","fg0851","fg0578","fg0575","fg0577","fg0315","fg0836","fg0049","fg0985","fg0006","fg0017","fg0871","fg0678","fg0802","fg0770"
"fq001786","vx_fa5b0e18a07c4e3c","fg0370","1","fg0370","fg0062","fg0087","fg0257","fg0478","fg0851","fg0836","fg0578","fg0850","fg0871","fg0575","fg0140","fg0315","fg0577","fg0678","fg0006","fg0049","fg0770","fg0756","fg0510"
"fq001787","vx_81153d8f63571b2d","fg0371","1","fg0371","fg0967","fg0780","fg0184","fg0442","fg0307","fg0414","fg0122","fg0330","fg0544","fg0395","fg0115","fg0347","fg0534","fg0682","fg0254","fg0060","fg0283","fg0312","fg0620"
"fq001788","vx_ab0c38b7d724522a","fg0372","1","fg0372","fg0844","fg0258","fg0548","fg0721","fg0539","fg0800","fg0554","fg0112","fg0076","fg0101","fg0170","fg0750","fg0701","fg0105","fg0334","fg0546","fg0425","fg0310","fg0445"
"fq001789","vx_7b96b9b751d36492","fg0373","1","fg0373","fg0820","fg0802","fg0017","fg0119","fg0547","fg0068","fg0315","fg0176","fg0435","fg0043","fg0199","fg0590","fg0216","fg0687","fg0577","fg0256","fg0995","fg0807","fg0800"
"fq001790","vx_7b96b9b751d36492","fg0373","1","fg0373","fg0017","fg0802","fg0820","fg0119","fg0547","fg0315","fg0068","fg0216","fg0435","fg0176","fg0577","fg0043","fg0199","fg0674","fg0800","fg0262","fg0545","fg0781","fg0256"
"fq001791","vx_7b96b9b751d36492","fg0373","1","fg0373","fg0820","fg0802","fg0017","fg0119","fg0547","fg0068","fg0043","fg0315","fg0176","fg0435","fg0199","fg0216","fg0591","fg0590","fg0577","fg0800","fg0687","fg0995","fg0688"
"fq001792","vx_7b96b9b751d36492","fg0373","1","fg0373","fg0820","fg0802","fg0017","fg0119","fg0547","fg0068","fg0315","fg0043","fg0435","fg0176","fg0199","fg0800","fg0577","fg0216","fg0590","fg0995","fg0687","fg0508","fg0762"
"fq001793","vx_30e1ed65c5200f25","fg0374","6","fg0735","fg0239","fg0652","fg0561","fg0097","fg0374","fg0739","fg0763","fg0190","fg0558","fg0683","fg0970","fg0200","fg0297","fg0466","fg0877","fg0470","fg0968","fg0544","fg0176"
"fq001794","vx_6496172539fb2d07","fg0375","1","fg0375","fg0837","fg0149","fg0058","fg0014","fg0582","fg0443","fg0386","fg0134","fg0745","fg0040","fg0094","fg0290","fg0474","fg0542","fg0035","fg0920","fg0392","fg0911","fg0716"
"fq001795","vx_6496172539fb2d07","fg0375","1","fg0375","fg0837","fg0149","fg0058","fg0014","fg0582","fg0443","fg0386","fg0134","fg0040","fg0745","fg0094","fg0290","fg0474","fg0035","fg0542","fg0917","fg0511","fg0920","fg0911"
"fq001796","vx_6496172539fb2d07","fg0375","2","fg0837","fg0375","fg0149","fg0058","fg0582","fg0014","fg0443","fg0386","fg0134","fg0745","fg0040","fg0474","fg0094","fg0290","fg0035","fg0542","fg0911","fg0716","fg0917","fg0920"
"fq001797","vx_6496172539fb2d07","fg0375","2","fg0837","fg0375","fg0149","fg0058","fg0014","fg0582","fg0443","fg0386","fg0134","fg0745","fg0040","fg0094","fg0290","fg0474","fg0920","fg0542","fg0911","fg0511","fg0013","fg0035"
"fq001798","vx_6496172539fb2d07","fg0375","2","fg0837","fg0375","fg0149","fg0058","fg0014","fg0582","fg0443","fg0386","fg0134","fg0040","fg0745","fg0094","fg0474","fg0290","fg0750","fg0920","fg0542","fg0917","fg0716","fg0394"
"fq001799","vx_6496172539fb2d07","fg0375","2","fg0837","fg0375","fg0149","fg0058","fg0014","fg0582","fg0443","fg0386","fg0134","fg0745","fg0040","fg0094","fg0290","fg0474","fg0920","fg0911","fg0392","fg0542","fg0750","fg0394"
"fq001800","vx_6496172539fb2d07","fg0375","2","fg0837","fg0375","fg0149","fg0058","fg0014","fg0443","fg0582","fg0386","fg0745","fg0134","fg0040","fg0094","fg0290","fg0474","fg0750","fg0920","fg0394","fg0392","fg0911","fg0842"
"fq001801","vx_6496172539fb2d07","fg0375","2","fg0837","fg0375","fg0149","fg0058","fg0014","fg0582","fg0386","fg0443","fg0040","fg0134","fg0094","fg0745","fg0290","fg0474","fg0035","fg0511","fg0911","fg0920","fg0716","fg0542"
"fq001802","vx_6496172539fb2d07","fg0375","2","fg0837","fg0375","fg0149","fg0058","fg0014","fg0443","fg0582","fg0134","fg0386","fg0745","fg0750","fg0040","fg0290","fg0094","fg0394","fg0842","fg0920","fg0474","fg0570","fg0392"
"fq001803","vx_6496172539fb2d07","fg0375","2","fg0837","fg0375","fg0149","fg0058","fg0582","fg0014","fg0443","fg0386","fg0134","fg0745","fg0040","fg0094","fg0474","fg0920","fg0290","fg0511","fg0750","fg0911","fg0392","fg0542"
"fq001804","vx_6496172539fb2d07","fg0375","2","fg0837","fg0375","fg0149","fg0058","fg0582","fg0014","fg0386","fg0443","fg0134","fg0040","fg0745","fg0290","fg0094","fg0474","fg0920","fg0542","fg0511","fg0917","fg0716","fg0911"
"fq001805","vx_6496172539fb2d07","fg0375","2","fg0837","fg0375","fg0149","fg0058","fg0014","fg0582","fg0443","fg0386","fg0134","fg0040","fg0290","fg0745","fg0094","fg0542","fg0392","fg0920","fg0474","fg0716","fg0511","fg0405"
"fq001806","vx_6496172539fb2d07","fg0375","2","fg0837","fg0375","fg0149","fg0058","fg0014","fg0582","fg0443","fg0386","fg0134","fg0745","fg0040","fg0290","fg0094","fg0474","fg0542","fg0750","fg0920","fg0394","fg0842","fg0917"
"fq001807","vx_76406c76acb060ee","fg0376","6","fg0539","fg0965","fg0105","fg0868","fg0769","fg0376","fg0372","fg0559","fg0435","fg0086","fg0588","fg0052","fg0294","fg0022","fg0803","fg0195","fg0841","fg0675","fg0782","fg0070"
"fq001808","vx_76406c76acb060ee","fg0376","1","fg0376","fg0155","fg0636","fg0557","fg0271","fg0916","fg0593","fg0042","fg0466","fg0216","fg0632","fg0301","fg0879","fg0841","fg0232","fg0959","fg0071","fg0694","fg0918","fg0960"
"fq001809","vx_76406c76acb060ee","fg0376","1","fg0376","fg0636","fg0557","fg0916","fg0593","fg0959","fg0271","fg0155","fg0042","fg0216","fg0694","fg0232","fg0879","fg0301","fg0632","fg0841","fg0918","fg0392","fg0821","fg0518"
"fq001810","vx_76406c76acb060ee","fg0376","1","fg0376","fg0557","fg0959","fg0155","fg0841","fg0271","fg0636","fg0621","fg0758","fg0042","fg0916","fg0232","fg0821","fg0071","fg0593","fg0632","fg0936","fg0241","fg0301","fg0216"
"fq001811","vx_76406c76acb060ee","fg0376","1","fg0376","fg0557","fg0959","fg0841","fg0155","fg0271","fg0621","fg0758","fg0042","fg0636","fg0916","fg0892","fg0587","fg0071","fg0288","fg0593","fg0196","fg0632","fg0361","fg0879"
"fq001812","vx_76406c76acb060ee","fg0376","1","fg0376","fg0557","fg0959","fg0841","fg0271","fg0155","fg0636","fg0916","fg0042","fg0621","fg0593","fg0232","fg0361","fg0301","fg0216","fg0632","fg0396","fg0013","fg0288","fg0918"
"fq001813","vx_76406c76acb060ee","fg0376","1","fg0376","fg0557","fg0636","fg0042","fg0049","fg0155","fg0916","fg0839","fg0890","fg0197","fg0959","fg0259","fg0232","fg0271","fg0593","fg0500","fg0841","fg0694","fg0288","fg0946"
"fq001814","vx_76406c76acb060ee","fg0376","1","fg0376","fg0636","fg0557","fg0916","fg0593","fg0959","fg0232","fg0518","fg0216","fg0042","fg0271","fg0841","fg0301","fg0694","fg0918","fg0303","fg0782","fg0546","fg0155","fg0821"
"fq001815","vx_76406c76acb060ee","fg0376","1","fg0376","fg0557","fg0959","fg0636","fg0916","fg0841","fg0621","fg0042","fg0288","fg0155","fg0593","fg0271","fg0216","fg0232","fg0892","fg0758","fg0918","fg0071","fg0694","fg0546"
"fq001816","vx_76406c76acb060ee","fg0376","1","fg0376","fg0155","fg0557","fg0001","fg0916","fg0636","fg0123","fg0758","fg0275","fg0959","fg0841","fg0593","fg0232","fg0216","fg0271","fg0388","fg0821","fg0361","fg0621","fg0071"
"fq001817","vx_76406c76acb060ee","fg0376","1","fg0376","fg0049","fg0557","fg0636","fg0042","fg0916","fg0959","fg0155","fg0841","fg0839","fg0271","fg0621","fg0593","fg0216","fg0232","fg0301","fg0361","fg0694","fg0918","fg0288"
"fq001818","vx_76406c76acb060ee","fg0376","1","fg0376","fg0636","fg0123","fg0916","fg0593","fg0557","fg0001","fg0275","fg0216","fg0042","fg0918","fg0235","fg0232","fg0271","fg0959","fg0645","fg0124","fg0960","fg0155","fg0013"
"fq001819","vx_374951c7b6e7facc","fg0377","1","fg0377","fg0449","fg0183","fg0548","fg0337","fg0876","fg0142","fg0559","fg0166","fg0734","fg0723","fg0221","fg0278","fg0052","fg0301","fg0352","fg0881","fg0076","fg0689","fg0031"
"fq001820","vx_374951c7b6e7facc","fg0377","1","fg0377","fg0449","fg0183","fg0548","fg0337","fg0142","fg0166","fg0723","fg0559","fg0734","fg0221","fg0876","fg0278","fg0052","fg0352","fg0076","fg0881","fg0744","fg0301","fg0689"
"fq001821","vx_374951c7b6e7facc","fg0377","1","fg0377","fg0449","fg0183","fg0548","fg0337","fg0559","fg0142","fg0876","fg0221","fg0166","fg0734","fg0689","fg0301","fg0723","fg0052","fg0031","fg0278","fg0352","fg0881","fg0623"
"fq001822","vx_374951c7b6e7facc","fg0377","1","fg0377","fg0449","fg0183","fg0337","fg0876","fg0548","fg0559","fg0352","fg0166","fg0881","fg0052","fg0744","fg0734","fg0689","fg0301","fg0076","fg0221","fg0142","fg0870","fg0873"
"fq001823","vx_374951c7b6e7facc","fg0377","1","fg0377","fg0449","fg0183","fg0548","fg0337","fg0142","fg0559","fg0166","fg0876","fg0221","fg0734","fg0723","fg0052","fg0278","fg0352","fg0881","fg0689","fg0076","fg0744","fg0870"
"fq001824","vx_374951c7b6e7facc","fg0377","1","fg0377","fg0449","fg0183","fg0548","fg0337","fg0559","fg0876","fg0734","fg0166","fg0142","fg0221","fg0301","fg0052","fg0689","fg0723","fg0354","fg0076","fg0438","fg0031","fg0870"
"fq001825","vx_ad3741eb19941ef8","fg0378","1","fg0378","fg0948","fg0079","fg0969","fg0426","fg0464","fg0424","fg0061","fg0032","fg0336","fg0826","fg0865","fg0957","fg0199","fg0348","fg0560","fg0482","fg0827","fg0095","fg0542"
"fq001826","vx_ad3741eb19941ef8","fg0378","1","fg0378","fg0948","fg0079","fg0969","fg0336","fg0865","fg0426","fg0826","fg0424","fg0464","fg0560","fg0348","fg0061","fg0040","fg0957","fg0095","fg0439","fg0827","fg0672","fg0762"
"fq001827","vx_af4aaed645519b82","fg0379","1","fg0379","fg0417","fg0827","fg0183","fg0355","fg0563","fg0482","fg0975","fg0567","fg0600","fg0224","fg0492","fg0748","fg0423","fg0817","fg0357","fg0128","fg0116","fg0631","fg0847"
"fq001828","vx_af4aaed645519b82","fg0379","1","fg0379","fg0417","fg0827","fg0183","fg0355","fg0563","fg0482","fg0620","fg0748","fg0492","fg0567","fg0600","fg0975","fg0224","fg0631","fg0891","fg0423","fg0817","fg0128","fg0116"
"fq001829","vx_af4aaed645519b82","fg0379","1","fg0379","fg0417","fg0827","fg0482","fg0183","fg0563","fg0355","fg0492","fg0357","fg0748","fg0116","fg0600","fg0282","fg0224","fg0162","fg0817","fg0631","fg0975","fg0778","fg0567"
"fq001830","vx_af4aaed645519b82","fg0379","1","fg0379","fg0417","fg0827","fg0183","fg0563","fg0482","fg0355","fg0567","fg0600","fg0748","fg0975","fg0492","fg0357","fg0423","fg0224","fg0116","fg0282","fg0881","fg0709","fg0631"
"fq001831","vx_af4aaed645519b82","fg0379","1","fg0379","fg0417","fg0827","fg0355","fg0183","fg0563","fg0482","fg0600","fg0567","fg0748","fg0224","fg0975","fg0492","fg0423","fg0620","fg0631","fg0128","fg0357","fg0116","fg0881"
"fq001832","vx_af4aaed645519b82","fg0379","1","fg0379","fg0417","fg0827","fg0183","fg0482","fg0563","fg0355","fg0492","fg0748","fg0600","fg0357","fg0282","fg0420","fg0116","fg0975","fg0431","fg0817","fg0987","fg0418","fg0811"
"fq001833","vx_af4aaed645519b82","fg0379","1","fg0379","fg0417","fg0827","fg0183","fg0563","fg0355","fg0482","fg0600","fg0567","fg0748","fg0492","fg0423","fg0975","fg0116","fg0631","fg0282","fg0620","fg0224","fg0128","fg0357"
"fq001834","vx_af4aaed645519b82","fg0379","1","fg0379","fg0417","fg0827","fg0183","fg0355","fg0482","fg0563","fg0975","fg0600","fg0224","fg0567","fg0620","fg0748","fg0492","fg0423","fg0847","fg0817","fg0631","fg0128","fg0116"
"fq001835","vx_af4aaed645519b82","fg0379","1","fg0379","fg0417","fg0827","fg0355","fg0183","fg0563","fg0567","fg0482","fg0600","fg0975","fg0423","fg0748","fg0224","fg0631","fg0492","fg0128","fg0881","fg0620","fg0817","fg0747"
"fq001836","vx_af4aaed645519b82","fg0379","1","fg0379","fg0417","fg0827","fg0355","fg0563","fg0183","fg0975","fg0224","fg0482","fg0567","fg0492","fg0600","fg0162","fg0748","fg0128","fg0817","fg0357","fg0116","fg0891","fg0263"
"fq001837","vx_af4aaed645519b82","fg0379","1","fg0379","fg0417","fg0827","fg0183","fg0355","fg0563","fg0482","fg0567","fg0600","fg0975","fg0748","fg0492","fg0224","fg0620","fg0423","fg0128","fg0631","fg0817","fg0847","fg0881"
"fq001838","vx_af4aaed645519b82","fg0379","1","fg0379","fg0417","fg0827","fg0183","fg0563","fg0355","fg0482","fg0600","fg0748","fg0357","fg0567","fg0492","fg0975","fg0116","fg0224","fg0282","fg0631","fg0817","fg0423","fg0881"
"fq001839","vx_af4aaed645519b82","fg0379","1","fg0379","fg0417","fg0827","fg0183","fg0563","fg0482","fg0355","fg0492","fg0748","fg0600","fg0620","fg0116","fg0224","fg0567","fg0128","fg0975","fg0631","fg0423","fg0357","fg0282"
"fq001840","vx_af4aaed645519b82","fg0379","1","fg0379","fg0417","fg0827","fg0183","fg0355","fg0563","fg0482","fg0600","fg0567","fg0975","fg0748","fg0224","fg0492","fg0423","fg0631","fg0128","fg0620","fg0116","fg0891","fg0282"
"fq001841","vx_a98f6867cbab29bb","fg0380","1","fg0380","fg0488","fg0635","fg0632","fg0604","fg0918","fg0577","fg0742","fg0662","fg0181","fg0310","fg0585","fg0821","fg0712","fg0558","fg0363","fg0954","fg0388","fg0497","fg0743"
"fq001842","vx_a98f6867cbab29bb","fg0380","4","fg0124","fg0866","fg0436","fg0380","fg0632","fg0900","fg0743","fg0295","fg0918","fg0954","fg0580","fg0712","fg0774","fg0776","fg0194","fg0497","fg0635","fg0210","fg0690","fg0873"
"fq001843","vx_a98f6867cbab29bb","fg0380","1","fg0380","fg0488","fg0635","fg0632","fg0604","fg0577","fg0918","fg0310","fg0585","fg0742","fg0662","fg0181","fg0821","fg0363","fg0743","fg0915","fg0712","fg0774","fg0437","fg0558"
"fq001844","vx_a98f6867cbab29bb","fg0380","1","fg0380","fg0635","fg0488","fg0632","fg0918","fg0604","fg0577","fg0954","fg0742","fg0662","fg0181","fg0585","fg0310","fg0712","fg0743","fg0558","fg0301","fg0900","fg0821","fg0774"
"fq001845","vx_a98f6867cbab29bb","fg0380","1","fg0380","fg0124","fg0866","fg0436","fg0632","fg0743","fg0900","fg0918","fg0635","fg0488","fg0295","fg0954","fg0712","fg0580","fg0497","fg0194","fg0776","fg0210","fg0181","fg0662"
"fq001846","vx_a98f6867cbab29bb","fg0380","1","fg0380","fg0488","fg0635","fg0632","fg0604","fg0918","fg0577","fg0742","fg0662","fg0363","fg0181","fg0310","fg0585","fg0558","fg0712","fg0821","fg0588","fg0301","fg0194","fg0988"
"fq001847","vx_c9249ad52efd2498","fg0381","1","fg0381","fg0169","fg0779","fg0543","fg0398","fg0524","fg0692","fg0229","fg0172","fg0437","fg0618","fg0413","fg0772","fg0269","fg0140","fg0063","fg0469","fg0889","fg0867","fg0931"
"fq001848","vx_c9249ad52efd2498","fg0381","1","fg0381","fg0524","fg0398","fg0413","fg0169","fg0772","fg0779","fg0146","fg0440","fg0269","fg0063","fg0543","fg0727","fg0140","fg0618","fg0816","fg0328","fg0692","fg0191","fg0984"
"fq001849","vx_83005e636bad9e3f","fg0382","1","fg0382","fg0139","fg0791","fg0043","fg0530","fg0196","fg0276","fg0975","fg0929","fg0306","fg0642","fg0408","fg0042","fg0271","fg0601","fg0912","fg0285","fg0462","fg0080","fg0653"
"fq001850","vx_83005e636bad9e3f","fg0382","1","fg0382","fg0919","fg0675","fg0656","fg0471","fg0769","fg0276","fg0955","fg0740","fg0376","fg0203","fg0271","fg0286","fg0621","fg0113","fg0365","fg0218","fg0155","fg0285","fg0841"
"fq001851","vx_7e0bc5dbddef19de","fg0383","1","fg0383","fg0352","fg0881","fg0083","fg0744","fg0902","fg0622","fg0337","fg0623","fg0689","fg0252","fg0377","fg0912","fg0926","fg0771","fg0449","fg0111","fg0658","fg0420","fg0559"
"fq001852","vx_28d015ec5b4d7bce","fg0384","1","fg0384","fg0703","fg0598","fg0233","fg0736","fg0567","fg0676","fg0341","fg0451","fg0764","fg0269","fg0497","fg0747","fg0009","fg0247","fg0063","fg0992","fg0284","fg0349","fg0476"
"fq001853","vx_28d015ec5b4d7bce","fg0384","1","fg0384","fg0233","fg0341","fg0676","fg0703","fg0736","fg0598","fg0944","fg0269","fg0497","fg0992","fg0567","fg0247","fg0747","fg0710","fg0077","fg0476","fg0926","fg0063","fg0231"
"fq001854","vx_607e851eab341ec2","fg0385","1","fg0385","fg0339","fg0901","fg0025","fg0949","fg0830","fg0068","fg0158","fg0480","fg0222","fg0909","fg0786","fg0594","fg0932","fg0892","fg0553","fg0453","fg0154","fg0710","fg0845"
"fq001855","vx_607e851eab341ec2","fg0385","1","fg0385","fg0339","fg0222","fg0909","fg0901","fg0264","fg0949","fg0830","fg0480","fg0786","fg0158","fg0796","fg0553","fg0589","fg0068","fg0932","fg0453","fg0838","fg0845","fg0195"
"fq001856","vx_607e851eab341ec2","fg0385","1","fg0385","fg0339","fg0901","fg0830","fg0786","fg0222","fg0949","fg0480","fg0158","fg0932","fg0909","fg0553","fg0068","fg0453","fg0581","fg0264","fg0845","fg0315","fg0025","fg0658"
"fq001857","vx_607e851eab341ec2","fg0385","1","fg0385","fg0339","fg0901","fg0830","fg0222","fg0786","fg0158","fg0480","fg0949","fg0932","fg0909","fg0553","fg0264","fg0068","fg0025","fg0581","fg0453","fg0845","fg0796","fg0692"
"fq001858","vx_607e851eab341ec2","fg0385","1","fg0385","fg0339","fg0901","fg0830","fg0786","fg0949","fg0222","fg0480","fg0158","fg0909","fg0932","fg0553","fg0068","fg0581","fg0264","fg0453","fg0845","fg0315","fg0692","fg0025"
"fq001859","vx_607e851eab341ec2","fg0385","1","fg0385","fg0339","fg0901","fg0830","fg0786","fg0949","fg0222","fg0480","fg0158","fg0909","fg0932","fg0553","fg0068","fg0581","fg0453","fg0692","fg0658","fg0315","fg0845","fg0264"
"fq001860","vx_607e851eab341ec2","fg0385","1","fg0385","fg0339","fg0222","fg0909","fg0901","fg0949","fg0830","fg0932","fg0786","fg0480","fg0796","fg0158","fg0264","fg0854","fg0553","fg0068","fg0154","fg0838","fg0581","fg0216"
"fq001861","vx_607e851eab341ec2","fg0385","1","fg0385","fg0264","fg0222","fg0909","fg0339","fg0796","fg0589","fg0949","fg0068","fg0901","fg0892","fg0158","fg0455","fg0453","fg0195","fg0845","fg0154","fg0559","fg0594","fg0910"
"fq001862","vx_5583f1d6f029dd30","fg0386","1","fg0386","fg0443","fg0023","fg0375","fg0837","fg0647","fg0149","fg0351","fg0696","fg0047","fg0034","fg0416","fg0582","fg0074","fg0394","fg0254","fg0210","fg0617","fg0021","fg0981"
"fq001863","vx_5583f1d6f029dd30","fg0386","1","fg0386","fg0443","fg0023","fg0375","fg0837","fg0074","fg0647","fg0351","fg0149","fg0034","fg0254","fg0394","fg0617","fg0696","fg0582","fg0047","fg0416","fg0210","fg0220","fg0021"
"fq001864","vx_d5e7cdfcef61e8d4","fg0387","1","fg0387","fg0367","fg0103","fg0090","fg0869","fg0111","fg0287","fg0955","fg0285","fg0912","fg0209","fg0808","fg0796","fg0745","fg0286","fg0939","fg0758","fg0101","fg0227","fg0233"
"fq001865","vx_473cb714695f5fcb","fg0388","1","fg0388","fg0503","fg0186","fg0688","fg0142","fg0584","fg0885","fg0587","fg0533","fg0159","fg0460","fg0879","fg0001","fg0475","fg0588","fg0624","fg0211","fg0037","fg0275","fg0317"
"fq001866","vx_473cb714695f5fcb","fg0388","1","fg0388","fg0186","fg0503","fg0142","fg0584","fg0588","fg0159","fg0688","fg0885","fg0587","fg0879","fg0533","fg0460","fg0071","fg0037","fg0211","fg0042","fg0001","fg0475","fg0485"
"fq001867","vx_fdb85aaeda667bd2","fg0389","1","fg0389","fg0333","fg0884","fg0574","fg0817","fg0293","fg0392","fg0795","fg0320","fg0031","fg0804","fg0145","fg0590","fg0056","fg0123","fg0661","fg0896","fg0886","fg0665","fg0570"
"fq001868","vx_fdb85aaeda667bd2","fg0389","1","fg0389","fg0333","fg0884","fg0574","fg0392","fg0293","fg0320","fg0817","fg0123","fg0145","fg0886","fg0595","fg0661","fg0719","fg0326","fg0853","fg0795","fg0275","fg0031","fg0127"
"fq001869","vx_44b5c681d4b81a70","fg0390","1","fg0390","fg0624","fg0570","fg0360","fg0114","fg0282","fg0247","fg0813","fg0534","fg0460","fg0060","fg0574","fg0028","fg0224","fg0127","fg0056","fg0863","fg0893","fg0496","fg0980"
"fq001870","vx_1190abd0d8a45812","fg0391","1","fg0391","fg0138","fg0322","fg0613","fg0945","fg0002","fg0211","fg0289","fg0795","fg0134","fg0755","fg0534","fg0238","fg0118","fg0921","fg0625","fg0262","fg0175","fg0318","fg0246"
"fq001871","vx_1190abd0d8a45812","fg0391","1","fg0391","fg0138","fg0322","fg0613","fg0945","fg0002","fg0211","fg0134","fg0817","fg0534","fg0289","fg0795","fg0118","fg0238","fg0755","fg0318","fg0540","fg0921","fg0644","fg0907"
"fq001872","vx_1190abd0d8a45812","fg0391","1","fg0391","fg0138","fg0613","fg0322","fg0945","fg0002","fg0211","fg0795","fg0134","fg0289","fg0817","fg0534","fg0118","fg0238","fg0921","fg0175","fg0540","fg0146","fg0318","fg0755"
"fq001873","vx_1190abd0d8a45812","fg0391","1","fg0391","fg0138","fg0322","fg0613","fg0945","fg0002","fg0211","fg0795","fg0817","fg0134","fg0289","fg0118","fg0755","fg0534","fg0238","fg0318","fg0907","fg0175","fg0921","fg0146"
"fq001874","vx_1190abd0d8a45812","fg0391","1","fg0391","fg0138","fg0322","fg0613","fg0945","fg0002","fg0817","fg0211","fg0534","fg0118","fg0795","fg0289","fg0146","fg0318","fg0238","fg0134","fg0175","fg0786","fg0540","fg0907"
"fq001875","vx_1190abd0d8a45812","fg0391","1","fg0391","fg0138","fg0322","fg0613","fg0945","fg0002","fg0211","fg0134","fg0817","fg0795","fg0534","fg0118","fg0289","fg0755","fg0238","fg0175","fg0146","fg0318","fg0907","fg0262"
"fq001876","vx_1190abd0d8a45812","fg0391","1","fg0391","fg0138","fg0322","fg0613","fg0945","fg0002","fg0211","fg0134","fg0534","fg0795","fg0289","fg0817","fg0318","fg0238","fg0118","fg0907","fg0175","fg0755","fg0262","fg0540"
"fq001877","vx_fdea9061f1649050","fg0392","1","fg0392","fg0574","fg0884","fg0333","fg0389","fg0853","fg0058","fg0525","fg0694","fg0123","fg0225","fg0837","fg0572","fg0649","fg0387","fg0727","fg0375","fg0104","fg0094","fg0802"
"fq001878","vx_63a4c4f60d04169d","fg0393","1","fg0393","fg0223","fg0482","fg0205","fg0228","fg0665","fg0056","fg0126","fg0443","fg0548","fg0721","fg0863","fg0725","fg0475","fg0759","fg0800","fg0718","fg0106","fg0653","fg0254"
"fq001879","vx_63a4c4f60d04169d","fg0393","1","fg0393","fg0223","fg0205","fg0482","fg0725","fg0475","fg0228","fg0624","fg0324","fg0126","fg0312","fg0863","fg0741","fg0106","fg0520","fg0648","fg0718","fg0829","fg0443","fg0980"
"fq001880","vx_63a4c4f60d04169d","fg0393","1","fg0393","fg0223","fg0482","fg0205","fg0475","fg0228","fg0725","fg0443","fg0126","fg0624","fg0907","fg0548","fg0106","fg0665","fg0759","fg0324","fg0863","fg0170","fg0800","fg0056"
"fq001881","vx_63a4c4f60d04169d","fg0393","1","fg0393","fg0205","fg0223","fg0482","fg0475","fg0725","fg0228","fg0312","fg0520","fg0548","fg0126","fg0863","fg0372","fg0759","fg0624","fg0056","fg0665","fg0324","fg0829","fg0721"
"fq001882","vx_63a4c4f60d04169d","fg0393","1","fg0393","fg0482","fg0223","fg0205","fg0228","fg0475","fg0725","fg0548","fg0126","fg0312","fg0056","fg0520","fg0106","fg0863","fg0721","fg0759","fg0372","fg0443","fg0665","fg0800"
"fq001883","vx_63a4c4f60d04169d","fg0393","1","fg0393","fg0482","fg0223","fg0205","fg0228","fg0725","fg0475","fg0548","fg0126","fg0056","fg0665","fg0759","fg0863","fg0520","fg0312","fg0443","fg0372","fg0106","fg0721","fg0800"
"fq001884","vx_63a4c4f60d04169d","fg0393","1","fg0393","fg0223","fg0482","fg0205","fg0475","fg0228","fg0725","fg0907","fg0443","fg0126","fg0106","fg0548","fg0624","fg0759","fg0665","fg0324","fg0863","fg0170","fg0721","fg0520"
"fq001885","vx_e252e2afc60f5037","fg0394","63","fg0886","fg0748","fg0451","fg0320","fg0779","fg0809","fg0984","fg0583","fg0760","fg0527","fg0066","fg0670","fg0766","fg0454","fg0137","fg0482","fg0055","fg0595","fg0193","fg0072"
"fq001886","vx_f5e9277b4b2ebb19","fg0395","1","fg0395","fg0307","fg0193","fg0451","fg0442","fg0809","fg0861","fg0396","fg0398","fg0888","fg0230","fg0760","fg0371","fg0615","fg0524","fg0732","fg0967","fg0293","fg0538","fg0460"
"fq001887","vx_f5e9277b4b2ebb19","fg0395","1","fg0395","fg0307","fg0193","fg0861","fg0451","fg0809","fg0396","fg0888","fg0524","fg0398","fg0615","fg0760","fg0732","fg0936","fg0241","fg0773","fg0346","fg0660","fg0347","fg0984"
"fq001888","vx_50b14c6bbdb049a9","fg0396","1","fg0396","fg0307","fg0861","fg0773","fg0167","fg0395","fg0003","fg0227","fg0451","fg0064","fg0760","fg0168","fg0108","fg0964","fg0331","fg0703","fg0676","fg0617","fg0400","fg0941"
"fq001889","vx_319f26fc339593b5","fg0397","4","fg0730","fg0871","fg0953","fg0397","fg0606","fg0979","fg0598","fg0956","fg0589","fg0762","fg0966","fg0130","fg0637","fg0025","fg0159","fg0942","fg0515","fg0334","fg0091","fg0825"
"fq001890","vx_f8aa7c7ac836c8fc","fg0398","1","fg0398","fg0524","fg0413","fg0772","fg0411","fg0973","fg0146","fg0191","fg0809","fg0334","fg0328","fg0345","fg0346","fg0728","fg0063","fg0835","fg0668","fg0338","fg0446","fg0984"
"fq001891","vx_c0d9f6dede90d058","fg0399","1","fg0399","fg0291","fg0019","fg0624","fg0589","fg0247","fg0840","fg0677","fg0390","fg0282","fg0068","fg0643","fg0020","fg0747","fg0212","fg0280","fg0515","fg0609","fg0986","fg0572"
"fq001892","vx_c0d9f6dede90d058","fg0399","1","fg0399","fg0291","fg0019","fg0624","fg0589","fg0840","fg0125","fg0677","fg0247","fg0390","fg0068","fg0212","fg0020","fg0515","fg0969","fg0341","fg0264","fg0643","fg0338","fg0280"
"fq001893","vx_c0d9f6dede90d058","fg0399","1","fg0399","fg0291","fg0019","fg0624","fg0589","fg0247","fg0390","fg0125","fg0677","fg0068","fg0020","fg0212","fg0840","fg0282","fg0341","fg0547","fg0515","fg0969","fg0609","fg0643"
"fq001894","vx_c0d9f6dede90d058","fg0399","1","fg0399","fg0291","fg0019","fg0624","fg0589","fg0247","fg0390","fg0125","fg0677","fg0840","fg0212","fg0282","fg0020","fg0068","fg0969","fg0341","fg0747","fg0643","fg0264","fg0515"
"fq001895","vx_762cb25e676eecf6","fg0400","315","fg0087","fg0259","fg0478","fg0201","fg0049","fg0062","fg0435","fg0713","fg0890","fg0042","fg0486","fg0912","fg0370","fg0704","fg0675","fg0136","fg0946","fg0828","fg0679","fg0950"
"fq001896","vx_6082bdea9efc8a78","fg0401","1","fg0401","fg0051","fg0599","fg0428","fg0698","fg0671","fg0455","fg0213","fg0958","fg0365","fg0299","fg0057","fg0854","fg0966","fg0596","fg0957","fg0670","fg0771","fg0630","fg0403"
"fq001897","vx_6082bdea9efc8a78","fg0401","1","fg0401","fg0051","fg0599","fg0428","fg0020","fg0854","fg0455","fg0213","fg0698","fg0671","fg0958","fg0957","fg0076","fg0966","fg0319","fg0403","fg0057","fg0331","fg0677","fg0107"
"fq001898","vx_6082bdea9efc8a78","fg0401","1","fg0401","fg0051","fg0671","fg0854","fg0599","fg0428","fg0299","fg0958","fg0057","fg0455","fg0698","fg0817","fg0113","fg0771","fg0213","fg0365","fg0957","fg0173","fg0596","fg0403"
"fq001899","vx_6082bdea9efc8a78","fg0401","1","fg0401","fg0051","fg0599","fg0698","fg0428","fg0455","fg0213","fg0958","fg0671","fg0957","fg0966","fg0670","fg0365","fg0299","fg0596","fg0854","fg0020","fg0302","fg0046","fg0113"
"fq001900","vx_6082bdea9efc8a78","fg0401","1","fg0401","fg0051","fg0671","fg0020","fg0771","fg0365","fg0435","fg0299","fg0076","fg0057","fg0105","fg0173","fg0630","fg0107","fg0492","fg0596","fg0817","fg0086","fg0599","fg0795"
"fq001901","vx_6082bdea9efc8a78","fg0401","1","fg0401","fg0051","fg0599","fg0854","fg0455","fg0428","fg0671","fg0958","fg0213","fg0698","fg0057","fg0771","fg0403","fg0020","fg0817","fg0319","fg0957","fg0677","fg0173","fg0966"
"fq001902","vx_6082bdea9efc8a78","fg0401","1","fg0401","fg0076","fg0020","fg0671","fg0107","fg0173","fg0854","fg0630","fg0771","fg0795","fg0090","fg0817","fg0492","fg0869","fg0318","fg0534","fg0403","fg0503","fg0388","fg0900"
"fq001903","vx_6082bdea9efc8a78","fg0401","1","fg0401","fg0051","fg0671","fg0854","fg0599","fg0817","fg0771","fg0403","fg0173","fg0455","fg0958","fg0428","fg0057","fg0213","fg0698","fg0319","fg0113","fg0331","fg0957","fg0931"
"fq001904","vx_dfc97d48364e8919","fg0402","1","fg0402","fg0555","fg0706","fg0905","fg0157","fg0227","fg0678","fg0175","fg0804","fg0244","fg0346","fg0955","fg0287","fg0209","fg0031","fg0357","fg0519","fg0499","fg0154","fg0817"
"fq001905","vx_69302c9990bbc0a0","fg0403","1","fg0403","fg0299","fg0729","fg0400","fg0810","fg0671","fg0108","fg0771","fg0640","fg0207","fg0026","fg0552","fg0983","fg0934","fg0055","fg0684","fg0695","fg0365","fg0279","fg0249"
"fq001906","vx_69302c9990bbc0a0","fg0403","1","fg0403","fg0299","fg0729","fg0552","fg0810","fg0400","fg0771","fg0108","fg0934","fg0983","fg0026","fg0640","fg0249","fg0671","fg0925","fg0055","fg0207","fg0695","fg0684","fg0133"
"fq001907","vx_f3d1fa5a4419c015","fg0404","1","fg0404","fg0073","fg0937","fg0153","fg0927","fg0568","fg0846","fg0968","fg0202","fg0783","fg0623","fg0689","fg0230","fg0839","fg0642","fg0616","fg0473","fg0857","fg0778","fg0337"
"fq001908","vx_c41ab6e031456cff","fg0405","1","fg0405","fg0203","fg0815","fg0127","fg0423","fg0069","fg0325","fg0412","fg0232","fg0725","fg0392","fg0179","fg0508","fg0488","fg0708","fg0330","fg0872","fg0777","fg0741","fg0072"
"fq001909","vx_f25c99f3da2fcc23","fg0406","1","fg0406","fg0360","fg0168","fg0171","fg0984","fg0649","fg0887","fg0032","fg0325","fg0772","fg0536","fg0722","fg0002","fg0228","fg0423","fg0542","fg0029","fg0198","fg0135","fg0066"
"fq001910","vx_f25c99f3da2fcc23","fg0406","1","fg0406","fg0171","fg0360","fg0536","fg0542","fg0984","fg0135","fg0028","fg0002","fg0198","fg0228","fg0722","fg0006","fg0168","fg0420","fg0578","fg0066","fg0305","fg0887","fg0709"
"fq001911","vx_358152b150f231a3","fg0407","1","fg0407","fg0825","fg0854","fg0055","fg0067","fg0740","fg0957","fg0213","fg0566","fg0284","fg0131","fg0676","fg0603","fg0051","fg0755","fg0182","fg0358","fg0599","fg0996","fg0799"
"fq001912","vx_12997affbf40e696","fg0408","1","fg0408","fg0530","fg0107","fg0791","fg0869","fg0090","fg0447","fg0382","fg0076","fg0987","fg0592","fg0158","fg0803","fg0626","fg0618","fg0846","fg0780","fg0602","fg0749","fg0200"
"fq001913","vx_12997affbf40e696","fg0408","1","fg0408","fg0530","fg0107","fg0791","fg0869","fg0447","fg0090","fg0382","fg0540","fg0191","fg0731","fg0686","fg0803","fg0345","fg0987","fg0020","fg0618","fg0831","fg0076","fg0569"
"fq001914","vx_12997affbf40e696","fg0408","810","fg0626","fg0158","fg0013","fg0477","fg0118","fg0892","fg0974","fg0195","fg0776","fg0688","fg0046","fg0985","fg0681","fg0084","fg0614","fg0471","fg0310","fg0284","fg0030","fg0469"
"fq001915","vx_12997affbf40e696","fg0408","1","fg0408","fg0530","fg0791","fg0447","fg0107","fg0382","fg0869","fg0090","fg0435","fg0602","fg0253","fg0592","fg0803","fg0618","fg0987","fg0846","fg0076","fg0213","fg0301","fg0749"
"fq001916","vx_67a2a536d116899a","fg0409","1","fg0409","fg0531","fg0859","fg0541","fg0268","fg0988","fg0996","fg0041","fg0467","fg0191","fg0841","fg0831","fg0236","fg0544","fg0601","fg0894","fg0075","fg0653","fg0976","fg0354"
"fq001917","vx_67a2a536d116899a","fg0409","1","fg0409","fg0531","fg0859","fg0541","fg0268","fg0988","fg0996","fg0041","fg0467","fg0191","fg0841","fg0544","fg0831","fg0236","fg0894","fg0601","fg0075","fg0427","fg0442","fg0653"
"fq001918","vx_0e2e12e80e5eb8e4","fg0410","1","fg0410","fg0170","fg0102","fg0680","fg0072","fg0850","fg0844","fg0233","fg0309","fg0752","fg0050","fg0871","fg0372","fg0953","fg0847","fg0065","fg0746","fg0783","fg0772","fg0935"
"fq001919","vx_0f44f725d0bcfc6c","fg0411","1","fg0411","fg0973","fg0334","fg0398","fg0757","fg0258","fg0171","fg0025","fg0835","fg0435","fg0942","fg0688","fg0338","fg0350","fg0537","fg0594","fg0552","fg0358","fg0159","fg0809"
"fq001920","vx_ad2ee349ea70663b","fg0412","1","fg0412","fg0242","fg0898","fg0870","fg0502","fg0776","fg0300","fg0258","fg0167","fg0672","fg0887","fg0679","fg0726","fg0881","fg0834","fg0760","fg0542","fg0750","fg0134","fg0419"
"fq001921","vx_ad2ee349ea70663b","fg0412","4","fg0242","fg0898","fg0870","fg0412","fg0300","fg0502","fg0776","fg0887","fg0672","fg0881","fg0258","fg0679","fg0206","fg0167","fg0818","fg0542","fg0226","fg0760","fg0419","fg0824"
"fq001922","vx_ad2ee349ea70663b","fg0412","1","fg0412","fg0258","fg0732","fg0696","fg0242","fg0822","fg0965","fg0550","fg0766","fg0116","fg0834","fg0214","fg0127","fg0415","fg0559","fg0750","fg0521","fg0868","fg0724","fg0405"
"fq001923","vx_96e16821ff2d4dcc","fg0413","1","fg0413","fg0426","fg0344","fg0906","fg0524","fg0317","fg0570","fg0643","fg0961","fg0984","fg0415","fg0772","fg0328","fg0611","fg0086","fg0951","fg0120","fg0769","fg0069","fg0398"
"fq001924","vx_96e16821ff2d4dcc","fg0413","1","fg0413","fg0173","fg0769","fg0524","fg0283","fg0086","fg0671","fg0559","fg0113","fg0888","fg0398","fg0453","fg0772","fg0795","fg0965","fg0660","fg0151","fg0012","fg0501","fg0702"
"fq001925","vx_96e16821ff2d4dcc","fg0413","1","fg0413","fg0795","fg0304","fg0426","fg0245","fg0888","fg0451","fg0344","fg0440","fg0768","fg0173","fg0906","fg0453","fg0086","fg0018","fg0012","fg0317","fg0524","fg0861","fg0307"
"fq001926","vx_486255c9ab37b0ed","fg0414","1","fg0414","fg0310","fg0363","fg0681","fg0597","fg0521","fg0330","fg0682","fg0371","fg0060","fg0152","fg0201","fg0278","fg0042","fg0897","fg0723","fg0046","fg0112","fg0116","fg0717"
"fq001927","vx_486255c9ab37b0ed","fg0414","1","fg0414","fg0310","fg0363","fg0681","fg0597","fg0330","fg0682","fg0371","fg0201","fg0521","fg0060","fg0042","fg0152","fg0278","fg0112","fg0723","fg0897","fg0780","fg0717","fg0046"
"fq001928","vx_486255c9ab37b0ed","fg0414","1","fg0414","fg0310","fg0597","fg0330","fg0682","fg0521","fg0681","fg0371","fg0363","fg0060","fg0042","fg0278","fg0112","fg0201","fg0723","fg0152","fg0470","fg0897","fg0390","fg0046"
"fq001929","vx_486255c9ab37b0ed","fg0414","1","fg0414","fg0310","fg0363","fg0201","fg0060","fg0371","fg0330","fg0897","fg0682","fg0112","fg0597","fg0042","fg0152","fg0046","fg0681","fg0496","fg0521","fg0470","fg0254","fg0774"
"fq001930","vx_486255c9ab37b0ed","fg0414","1","fg0414","fg0310","fg0597","fg0330","fg0682","fg0681","fg0363","fg0042","fg0521","fg0371","fg0152","fg0201","fg0060","fg0470","fg0116","fg0112","fg0278","fg0723","fg0717","fg0897"
"fq001931","vx_486255c9ab37b0ed","fg0414","1","fg0414","fg0310","fg0597","fg0330","fg0363","fg0682","fg0681","fg0521","fg0371","fg0042","fg0060","fg0152","fg0201","fg0470","fg0897","fg0278","fg0112","fg0116","fg0611","fg0717"
"fq001932","vx_486255c9ab37b0ed","fg0414","1","fg0414","fg0310","fg0597","fg0330","fg0682","fg0681","fg0363","fg0201","fg0371","fg0060","fg0521","fg0042","fg0152","fg0278","fg0116","fg0723","fg0112","fg0897","fg0780","fg0418"
"fq001933","vx_486255c9ab37b0ed","fg0414","1","fg0414","fg0310","fg0597","fg0330","fg0521","fg0681","fg0682","fg0060","fg0371","fg0152","fg0116","fg0201","fg0278","fg0042","fg0363","fg0723","fg0418","fg0713","fg0897","fg0046"
"fq001934","vx_aa11efa1b7434af0","fg0415","1","fg0415","fg0853","fg0570","fg0800","fg0732","fg0817","fg0481","fg0070","fg0295","fg0510","fg0015","fg0413","fg0920","fg0643","fg0571","fg0344","fg0105","fg0129","fg0258","fg0745"
"fq001935","vx_aa11efa1b7434af0","fg0415","1","fg0415","fg0853","fg0800","fg0570","fg0817","fg0295","fg0732","fg0413","fg0643","fg0920","fg0481","fg0015","fg0070","fg0344","fg0745","fg0510","fg0907","fg0456","fg0883","fg0571"
"fq001936","vx_aa11efa1b7434af0","fg0415","1","fg0415","fg0853","fg0817","fg0800","fg0570","fg0413","fg0295","fg0732","fg0920","fg0015","fg0745","fg0883","fg0093","fg0317","fg0105","fg0344","fg0129","fg0643","fg0844","fg0031"
"fq001937","vx_6a1c25f9e539d0b4","fg0416","106","fg0279","fg0086","fg0892","fg0710","fg0028","fg0106","fg0482","fg0068","fg0117","fg0026","fg0129","fg0178","fg0201","fg0002","fg0620","fg0766","fg0305","fg0418","fg0423","fg0335"
"fq001938","vx_c1f45d90227d836e","fg0417","1","fg0417","fg0379","fg0355","fg0224","fg0357","fg0891","fg0726","fg0563","fg0363","fg0584","fg0632","fg0488","fg0635","fg0180","fg0567","fg0162","fg0827","fg0731","fg0183","fg0975"
"fq001939","vx_c1f45d90227d836e","fg0417","1","fg0417","fg0379","fg0355","fg0224","fg0357","fg0563","fg0584","fg0891","fg0363","fg0567","fg0488","fg0635","fg0162","fg0632","fg0726","fg0827","fg0183","fg0180","fg0626","fg0597"
"fq001940","vx_c1f45d90227d836e","fg0417","1","fg0417","fg0379","fg0355","fg0224","fg0363","fg0357","fg0891","fg0488","fg0635","fg0726","fg0632","fg0731","fg0584","fg0563","fg0180","fg0183","fg0827","fg0084","fg0975","fg0507"
"fq001941","vx_c1f45d90227d836e","fg0417","1","fg0417","fg0379","fg0355","fg0224","fg0726","fg0891","fg0357","fg0363","fg0584","fg0243","fg0563","fg0488","fg0635","fg0632","fg0180","fg0162","fg0731","fg0507","fg0665","fg0494"
"fq001942","vx_c1f45d90227d836e","fg0417","1","fg0417","fg0379","fg0355","fg0224","fg0357","fg0891","fg0363","fg0563","fg0584","fg0827","fg0488","fg0635","fg0632","fg0726","fg0162","fg0567","fg0183","fg0180","fg0731","fg0975"
"fq001943","vx_c1f45d90227d836e","fg0417","1","fg0417","fg0379","fg0355","fg0224","fg0891","fg0363","fg0357","fg0584","fg0726","fg0488","fg0563","fg0827","fg0635","fg0632","fg0731","fg0162","fg0180","fg0183","fg0567","fg0507"
"fq001944","vx_c1f45d90227d836e","fg0417","1","fg0417","fg0379","fg0355","fg0224","fg0357","fg0584","fg0891","fg0563","fg0567","fg0162","fg0488","fg0635","fg0363","fg0632","fg0827","fg0726","fg0183","fg0313","fg0597","fg0649"
"fq001945","vx_c1f45d90227d836e","fg0417","1","fg0417","fg0379","fg0355","fg0224","fg0357","fg0363","fg0891","fg0488","fg0563","fg0635","fg0632","fg0584","fg0726","fg0731","fg0162","fg0567","fg0180","fg0380","fg0827","fg0975"
"fq001946","vx_c1f45d90227d836e","fg0417","1","fg0417","fg0379","fg0224","fg0355","fg0584","fg0891","fg0357","fg0162","fg0632","fg0180","fg0726","fg0293","fg0243","fg0665","fg0570","fg0588","fg0460","fg0056","fg0563","fg0975"
"fq001947","vx_c1f45d90227d836e","fg0417","1","fg0417","fg0379","fg0355","fg0224","fg0357","fg0891","fg0584","fg0563","fg0488","fg0363","fg0635","fg0632","fg0162","fg0726","fg0567","fg0827","fg0183","fg0180","fg0626","fg0975"
"fq001948","vx_c1f45d90227d836e","fg0417","1","fg0417","fg0379","fg0355","fg0224","fg0357","fg0891","fg0726","fg0584","fg0363","fg0563","fg0827","fg0632","fg0488","fg0180","fg0635","fg0162","fg0731","fg0975","fg0567","fg0183"
"fq001949","vx_c1f45d90227d836e","fg0417","1","fg0417","fg0379","fg0355","fg0224","fg0357","fg0584","fg0891","fg0563","fg0162","fg0567","fg0363","fg0632","fg0726","fg0635","fg0731","fg0488","fg0180","fg0649","fg0313","fg0300"
"fq001950","vx_c1f45d90227d836e","fg0417","1","fg0417","fg0379","fg0355","fg0357","fg0224","fg0635","fg0363","fg0488","fg0632","fg0731","fg0584","fg0726","fg0152","fg0380","fg0891","fg0597","fg0563","fg0827","fg0183","fg0626"
"fq001951","vx_3e47a24359a14f7e","fg0418","1","fg0418","fg0117","fg0217","fg0005","fg0749","fg0833","fg0544","fg0335","fg0865","fg0454","fg0281","fg0819","fg0043","fg0336","fg0930","fg0478","fg0702","fg0534","fg0470","fg0414"
"fq001952","vx_3e47a24359a14f7e","fg0418","1","fg0418","fg0819","fg0702","fg0281","fg0924","fg0217","fg0865","fg0454","fg0544","fg0864","fg0467","fg0117","fg0336","fg0534","fg0478","fg0115","fg0634","fg0414","fg0015","fg0833"
"fq001953","vx_21257aeb7169da7a","fg0419","1","fg0419","fg0029","fg0668","fg0612","fg0551","fg0701","fg0945","fg0322","fg0757","fg0362","fg0327","fg0559","fg0875","fg0529","fg0174","fg0943","fg0898","fg0138","fg0364","fg0585"
"fq001954","vx_21257aeb7169da7a","fg0419","1","fg0419","fg0029","fg0668","fg0612","fg0551","fg0701","fg0322","fg0945","fg0757","fg0362","fg0327","fg0559","fg0585","fg0445","fg0138","fg0529","fg0811","fg0875","fg0174","fg0943"
"fq001955","vx_7af6e6f444bcf548","fg0420","1","fg0420","fg0536","fg0923","fg0989","fg0761","fg0116","fg0778","fg0585","fg0287","fg0171","fg0824","fg0063","fg0743","fg0261","fg0131","fg0036","fg0135","fg0816","fg0794","fg0915"
"fq001956","vx_7af6e6f444bcf548","fg0420","1","fg0420","fg0536","fg0989","fg0923","fg0761","fg0116","fg0585","fg0778","fg0135","fg0915","fg0131","fg0287","fg0171","fg0743","fg0727","fg0816","fg0063","fg0542","fg0616","fg0036"
"fq001957","vx_df2cdd4786c6f50f","fg0421","1","fg0421","fg0196","fg0767","fg0218","fg0783","fg0319","fg0271","fg0573","fg0155","fg0539","fg0642","fg0064","fg0587","fg0147","fg0892","fg0345","fg0372","fg0260","fg0557","fg0184"
"fq001958","vx_df2cdd4786c6f50f","fg0421","1","fg0421","fg0573","fg0767","fg0319","fg0196","fg0218","fg0783","fg0271","fg0147","fg0345","fg0047","fg0260","fg0064","fg0642","fg0155","fg0416","fg0831","fg0589","fg0892","fg0331"
"fq001959","vx_158f5770b00f58c3","fg0422","1","fg0422","fg0739","fg0763","fg0724","fg0608","fg0504","fg0637","fg0868","fg0174","fg0672","fg0693","fg0726","fg0832","fg0151","fg0152","fg0761","fg0563","fg0009","fg0102","fg0879"
"fq001960","vx_158f5770b00f58c3","fg0422","1","fg0422","fg0868","fg0656","fg0955","fg0675","fg0919","fg0204","fg0539","fg0294","fg0437","fg0965","fg0769","fg0739","fg0276","fg0763","fg0638","fg0632","fg0113","fg0975","fg0009"
"fq001961","vx_102ea1bba205609d","fg0423","1","fg0423","fg0104","fg0649","fg0572","fg0022","fg0086","fg0590","fg0482","fg0507","fg0849","fg0360","fg0508","fg0984","fg0355","fg0891","fg0325","fg0547","fg0406","fg0026","fg0904"
"fq001962","vx_615e7ec279f2a819","fg0424","1","fg0424","fg0151","fg0059","fg0980","fg0648","fg0942","fg0863","fg0893","fg0048","fg0865","fg0890","fg0084","fg0378","fg0169","fg0946","fg0776","fg0174","fg0705","fg0504","fg0259"
"fq001963","vx_2385f2365c21e984","fg0425","1","fg0425","fg0089","fg0063","fg0892","fg0482","fg0446","fg0750","fg0670","fg0443","fg0794","fg0372","fg0818","fg0037","fg0586","fg0909","fg0357","fg0881","fg0014","fg0258","fg0181"
"fq001964","vx_2385f2365c21e984","fg0425","1","fg0425","fg0089","fg0892","fg0482","fg0063","fg0446","fg0750","fg0670","fg0443","fg0818","fg0794","fg0586","fg0037","fg0026","fg0991","fg0787","fg0258","fg0881","fg0181","fg0662"
"fq001965","vx_2385f2365c21e984","fg0425","1","fg0425","fg0089","fg0892","fg0482","fg0063","fg0446","fg0750","fg0372","fg0670","fg0026","fg0443","fg0818","fg0586","fg0787","fg0991","fg0794","fg0881","fg0258","fg0678","fg0387"
"fq001966","vx_2385f2365c21e984","fg0425","1","fg0425","fg0089","fg0063","fg0892","fg0482","fg0446","fg0670","fg0750","fg0443","fg0016","fg0794","fg0372","fg0818","fg0037","fg0258","fg0582","fg0181","fg0662","fg0586","fg0136"
"fq001967","vx_2385f2365c21e984","fg0425","1","fg0425","fg0089","fg0892","fg0482","fg0063","fg0446","fg0670","fg0026","fg0750","fg0372","fg0443","fg0550","fg0881","fg0862","fg0794","fg0586","fg0434","fg0678","fg0818","fg0991"
"fq001968","vx_2385f2365c21e984","fg0425","1","fg0425","fg0089","fg0063","fg0446","fg0892","fg0482","fg0750","fg0670","fg0372","fg0443","fg0818","fg0586","fg0794","fg0026","fg0037","fg0016","fg0357","fg0181","fg0881","fg0582"
"fq001969","vx_2385f2365c21e984","fg0425","1","fg0425","fg0089","fg0063","fg0892","fg0482","fg0446","fg0670","fg0750","fg0443","fg0794","fg0037","fg0586","fg0818","fg0026","fg0881","fg0288","fg0258","fg0372","fg0242","fg0016"
"fq001970","vx_2385f2365c21e984","fg0425","1","fg0425","fg0089","fg0063","fg0482","fg0892","fg0446","fg0670","fg0750","fg0372","fg0443","fg0586","fg0794","fg0818","fg0037","fg0357","fg0181","fg0662","fg0258","fg0016","fg0199"
"fq001971","vx_2385f2365c21e984","fg0425","1","fg0425","fg0089","fg0482","fg0063","fg0892","fg0446","fg0750","fg0670","fg0026","fg0443","fg0818","fg0372","fg0037","fg0794","fg0678","fg0586","fg0156","fg0175","fg0787","fg0881"
"fq001972","vx_2385f2365c21e984","fg0425","1","fg0425","fg0089","fg0482","fg0892","fg0063","fg0446","fg0026","fg0750","fg0670","fg0372","fg0443","fg0675","fg0678","fg0818","fg0787","fg0991","fg0586","fg0387","fg0939","fg0258"
"fq001973","vx_2385f2365c21e984","fg0425","1","fg0425","fg0089","fg0675","fg0482","fg0063","fg0892","fg0446","fg0527","fg0670","fg0026","fg0656","fg0750","fg0973","fg0276","fg0977","fg0955","fg0443","fg0372","fg0583","fg0738"
"fq001974","vx_2385f2365c21e984","fg0425","1","fg0425","fg0089","fg0892","fg0063","fg0482","fg0446","fg0670","fg0750","fg0026","fg0794","fg0586","fg0443","fg0037","fg0787","fg0818","fg0881","fg0288","fg0991","fg0175","fg0242"
"fq001975","vx_2385f2365c21e984","fg0425","1","fg0425","fg0089","fg0063","fg0446","fg0892","fg0482","fg0670","fg0750","fg0443","fg0794","fg0586","fg0037","fg0818","fg0357","fg0181","fg0662","fg0526","fg0258","fg0881","fg0638"
"fq001976","vx_2385f2365c21e984","fg0425","1","fg0425","fg0089","fg0063","fg0482","fg0892","fg0446","fg0670","fg0750","fg0372","fg0443","fg0026","fg0794","fg0818","fg0586","fg0037","fg0258","fg0181","fg0662","fg0016","fg0387"
"fq001977","vx_2385f2365c21e984","fg0425","1","fg0425","fg0089","fg0063","fg0446","fg0892","fg0670","fg0482","fg0750","fg0586","fg0443","fg0662","fg0181","fg0357","fg0794","fg0037","fg0742","fg0397","fg0255","fg0818","fg0871"
"fq001978","vx_2385f2365c21e984","fg0425","1","fg0425","fg0089","fg0063","fg0446","fg0892","fg0482","fg0670","fg0750","fg0443","fg0794","fg0586","fg0037","fg0818","fg0016","fg0372","fg0258","fg0662","fg0181","fg0582","fg0357"
"fq001979","vx_2385f2365c21e984","fg0425","1","fg0425","fg0089","fg0063","fg0892","fg0482","fg0446","fg0670","fg0750","fg0443","fg0586","fg0372","fg0818","fg0026","fg0794","fg0037","fg0662","fg0181","fg0881","fg0357","fg0242"
"fq001980","vx_2385f2365c21e984","fg0425","1","fg0425","fg0089","fg0063","fg0482","fg0446","fg0892","fg0670","fg0750","fg0443","fg0794","fg0016","fg0372","fg0582","fg0037","fg0181","fg0586","fg0818","fg0662","fg0199","fg0357"
"fq001981","vx_2385f2365c21e984","fg0425","1","fg0425","fg0089","fg0063","fg0446","fg0892","fg0482","fg0670","fg0750","fg0372","fg0443","fg0026","fg0181","fg0818","fg0662","fg0586","fg0794","fg0742","fg0037","fg0358","fg0881"
"fq001982","vx_2385f2365c21e984","fg0425","1","fg0425","fg0089","fg0063","fg0446","fg0892","fg0482","fg0670","fg0750","fg0443","fg0794","fg0372","fg0586","fg0357","fg0037","fg0016","fg0582","fg0181","fg0818","fg0662","fg0285"
"fq001983","vx_2385f2365c21e984","fg0425","1","fg0425","fg0089","fg0482","fg0063","fg0892","fg0446","fg0670","fg0372","fg0750","fg0443","fg0026","fg0258","fg0794","fg0037","fg0586","fg0818","fg0016","fg0787","fg0357","fg0156"
"fq001984","vx_2385f2365c21e984","fg0425","1","fg0425","fg0089","fg0063","fg0446","fg0750","fg0670","fg0482","fg0892","fg0372","fg0675","fg0016","fg0443","fg0582","fg0181","fg0662","fg0818","fg0258","fg0357","fg0101","fg0199"
"fq001985","vx_2385f2365c21e984","fg0425","1","fg0425","fg0089","fg0482","fg0063","fg0892","fg0446","fg0670","fg0372","fg0750","fg0026","fg0143","fg0285","fg0443","fg0638","fg0586","fg0037","fg0818","fg0794","fg0218","fg0868"
"fq001986","vx_2385f2365c21e984","fg0425","1","fg0425","fg0089","fg0063","fg0446","fg0892","fg0670","fg0482","fg0750","fg0443","fg0794","fg0586","fg0037","fg0357","fg0662","fg0181","fg0255","fg0582","fg0818","fg0016","fg0526"
"fq001987","vx_2385f2365c21e984","fg0425","1","fg0425","fg0089","fg0063","fg0446","fg0892","fg0482","fg0670","fg0750","fg0586","fg0443","fg0372","fg0818","fg0037","fg0794","fg0357","fg0881","fg0156","fg0255","fg0862","fg0526"
"fq001988","vx_2385f2365c21e984","fg0425","1","fg0425","fg0089","fg0482","fg0892","fg0063","fg0446","fg0670","fg0750","fg0026","fg0372","fg0787","fg0443","fg0991","fg0037","fg0586","fg0818","fg0794","fg0678","fg0258","fg0175"
"fq001989","vx_6adea789b053ab44","fg0426","1","fg0426","fg0413","fg0344","fg0378","fg0330","fg0230","fg0923","fg0506","fg0069","fg0079","fg0801","fg0969","fg0433","fg0948","fg0855","fg0161","fg0208","fg0361","fg0616","fg0711"
"fq001990","vx_bf6e8aaee90c3404","fg0427","1","fg0427","fg0475","fg0244","fg0243","fg0732","fg0623","fg0939","fg0330","fg0225","fg0236","fg0023","fg0075","fg0337","fg0175","fg0460","fg0429","fg0365","fg0222","fg0493","fg0211"
"fq001991","vx_d2bc8233a6f29cba","fg0428","1","fg0428","fg0599","fg0958","fg0213","fg0051","fg0455","fg0401","fg0022","fg0860","fg0310","fg0046","fg0687","fg0268","fg0053","fg0523","fg0368","fg0516","fg0529","fg0897","fg0004"
"fq001992","vx_0495eab6fa550c01","fg0429","1","fg0429","fg0788","fg0096","fg0472","fg0602","fg0686","fg0188","fg0427","fg0081","fg0629","fg0222","fg0475","fg0042","fg0919","fg0084","fg0330","fg0113","fg0471","fg0644","fg0276"
"fq001993","vx_0495eab6fa550c01","fg0429","1","fg0429","fg0096","fg0472","fg0788","fg0602","fg0686","fg0188","fg0629","fg0330","fg0165","fg0644","fg0868","fg0897","fg0671","fg0388","fg0965","fg0700","fg0173","fg0480","fg0107"
"fq001994","vx_600e2e1af71a4707","fg0430","1","fg0430","fg0267","fg0706","fg0227","fg0402","fg0555","fg0905","fg0287","fg0103","fg0367","fg0869","fg0090","fg0804","fg0157","fg0527","fg0177","fg0867","fg0490","fg0588","fg0579"
"fq001995","vx_eaf028208f134d0c","fg0431","1","fg0431","fg0660","fg0140","fg0768","fg0888","fg0492","fg0630","fg0338","fg0895","fg0469","fg0110","fg0516","fg0283","fg0266","fg0018","fg0169","fg1000","fg0259","fg0799","fg0012"
"fq001996","vx_eaf028208f134d0c","fg0431","1","fg0431","fg0768","fg0888","fg0660","fg0140","fg1000","fg0018","fg0283","fg0012","fg0895","fg0338","fg0110","fg0492","fg0630","fg0469","fg0684","fg0266","fg0516","fg0259","fg0169"
"fq001997","vx_eaf028208f134d0c","fg0431","1","fg0431","fg0768","fg1000","fg0140","fg0888","fg0660","fg0012","fg0110","fg0283","fg0684","fg0338","fg0018","fg0492","fg0469","fg0895","fg0180","fg0169","fg0516","fg0304","fg0266"
"fq001998","vx_eaf028208f134d0c","fg0431","1","fg0431","fg0140","fg0660","fg0768","fg0110","fg0888","fg1000","fg0492","fg0338","fg0283","fg0259","fg0516","fg0018","fg0169","fg0266","fg0012","fg0469","fg0180","fg0489","fg0684"
"fq001999","vx_eaf028208f134d0c","fg0431","1","fg0431","fg0660","fg0140","fg0768","fg0888","fg0110","fg0338","fg0492","fg0283","fg1000","fg0259","fg0516","fg0018","fg0266","fg0169","fg0555","fg0630","fg0469","fg0180","fg0489"
"fq002000","vx_eaf028208f134d0c","fg0431","1","fg0431","fg0660","fg0363","fg0110","fg0492","fg0516","fg0259","fg0140","fg0768","fg0338","fg0888","fg0180","fg0266","fg0895","fg0469","fg0201","fg0283","fg0827","fg0889","fg0489"
"fq002001","vx_fd19c33b50f6434b","fg0432","1","fg0432","fg0775","fg0707","fg0272","fg0906","fg0214","fg0641","fg0550","fg0477","fg0453","fg0008","fg0873","fg0264","fg0589","fg0072","fg0952","fg0954","fg0994","fg0621","fg0725"
"fq002002","vx_c4ed6f739c25eb38","fg0433","1","fg0433","fg0814","fg0208","fg0204","fg0506","fg0812","fg0486","fg0743","fg0037","fg0394","fg0551","fg0992","fg0478","fg0650","fg0011","fg0297","fg0717","fg0179","fg0322","fg0704"
"fq002003","vx_c4ed6f739c25eb38","fg0433","1","fg0433","fg0208","fg0814","fg0204","fg0506","fg0812","fg0486","fg0105","fg0539","fg0743","fg0551","fg0717","fg0394","fg0478","fg0037","fg0633","fg0152","fg0372","fg0426","fg0011"
"fq002004","vx_ed56be1eb126525f","fg0434","1","fg0434","fg0511","fg0917","fg0495","fg0590","fg0012","fg0989","fg1000","fg0856","fg0027","fg0888","fg0768","fg0684","fg0731","fg0069","fg0441","fg0862","fg0501","fg0202","fg0360"
"fq002005","vx_ed56be1eb126525f","fg0434","3","fg0917","fg0511","fg0434","fg0495","fg0856","fg0035","fg0202","fg0590","fg0989","fg0862","fg0360","fg0998","fg0223","fg0711","fg0137","fg0716","fg0647","fg0179","fg0906","fg0942"
"fq002006","vx_ed56be1eb126525f","fg0434","3","fg0511","fg0917","fg0434","fg0495","fg0856","fg0035","fg0590","fg0202","fg0862","fg0360","fg0711","fg0223","fg0716","fg0069","fg0998","fg0717","fg0864","fg0989","fg0906","fg0647"
"fq002007","vx_ed56be1eb126525f","fg0434","1","fg0434","fg0495","fg0917","fg0511","fg0989","fg0590","fg0856","fg1000","fg0536","fg0012","fg0947","fg0148","fg0684","fg0027","fg0528","fg0223","fg0647","fg0058","fg0137","fg0862"
"fq002008","vx_ed56be1eb126525f","fg0434","1","fg0434","fg0511","fg0495","fg0917","fg0856","fg0989","fg0590","fg0035","fg0223","fg0947","fg0862","fg0536","fg0906","fg0202","fg0148","fg0137","fg1000","fg0647","fg0360","fg0012"
"fq002009","vx_ed56be1eb126525f","fg0434","1","fg0434","fg0495","fg0917","fg0511","fg0989","fg0856","fg0590","fg0536","fg0981","fg1000","fg0148","fg0356","fg0647","fg0947","fg0223","fg0862","fg0684","fg0906","fg0012","fg0593"
"fq002010","vx_9050b5f0dfe4ad16","fg0435","1","fg0435","fg0411","fg0159","fg0490","fg0184","fg0659","fg0314","fg0973","fg0197","fg0238","fg0398","fg0942","fg0460","fg0878","fg0397","fg0214","fg0243","fg0589","fg0292","fg0854"
"fq002011","vx_d152e79c7fdb6d7d","fg0436","1","fg0436","fg0866","fg0124","fg0632","fg0900","fg0295","fg0210","fg0501","fg0690","fg0894","fg0799","fg0896","fg0705","fg0831","fg0918","fg0339","fg0776","fg0074","fg0459","fg0961"
"fq002012","vx_e4345609a127d16a","fg0437","1","fg0437","fg0229","fg0172","fg0543","fg0381","fg0692","fg0169","fg0779","fg0587","fg0140","fg0276","fg0658","fg0656","fg0955","fg0595","fg0726","fg0011","fg0015","fg0712","fg0618"
"fq002013","vx_21c2b88e2b9b7367","fg0438","20","fg0106","fg0039","fg0025","fg0312","fg0184","fg0159","fg0628","fg0544","fg0258","fg0211","fg0270","fg0907","fg0279","fg0942","fg0228","fg0122","fg0733","fg0197","fg0945","fg0438"
"fq002014","vx_21c2b88e2b9b7367","fg0438","2","fg0025","fg0438","fg0211","fg0588","fg0106","fg0312","fg0907","fg0594","fg0039","fg0641","fg0591","fg0942","fg0159","fg0258","fg0464","fg0559","fg0334","fg0354","fg0350","fg0579"
"fq002015","vx_21c2b88e2b9b7367","fg0438","1","fg0438","fg0354","fg0664","fg0512","fg0145","fg0449","fg0057","fg0677","fg0641","fg0377","fg0053","fg0302","fg0873","fg0306","fg0594","fg0214","fg0047","fg0993","fg0580","fg0573"
"fq002016","vx_21c2b88e2b9b7367","fg0438","1","fg0438","fg0354","fg0664","fg0512","fg0677","fg0145","fg0057","fg0449","fg0302","fg0306","fg0377","fg0641","fg0993","fg0976","fg0873","fg0047","fg0025","fg0393","fg0450","fg0573"
"fq002017","vx_21c2b88e2b9b7367","fg0438","1","fg0438","fg0354","fg0664","fg0512","fg0449","fg0145","fg0641","fg0976","fg0377","fg0047","fg0695","fg0416","fg0302","fg0306","fg0025","fg0450","fg0677","fg0057","fg0573","fg0106"
"fq002018","vx_21c2b88e2b9b7367","fg0438","1","fg0438","fg0025","fg0354","fg0211","fg0106","fg0312","fg0594","fg0559","fg0039","fg0641","fg0628","fg0588","fg0907","fg0464","fg0512","fg0258","fg0540","fg0938","fg0509","fg0591"
"fq002019","vx_21c2b88e2b9b7367","fg0438","50","fg0328","fg0984","fg0191","fg0760","fg0547","fg0211","fg0831","fg0728","fg0413","fg0025","fg0540","fg0106","fg0167","fg0398","fg0524","fg0675","fg0345","fg0146","fg0039","fg0569"
"fq002020","vx_21c2b88e2b9b7367","fg0438","1","fg0438","fg0354","fg0664","fg0512","fg0677","fg0057","fg0145","fg0449","fg0377","fg0641","fg0306","fg0873","fg0302","fg0609","fg0047","fg0993","fg0976","fg0575","fg0695","fg0393"
"fq002021","vx_ed7c273f1b02ed33","fg0439","1","fg0439","fg0400","fg0055","fg0167","fg0173","fg0903","fg0331","fg0567","fg0673","fg0964","fg0407","fg0227","fg0736","fg0823","fg0703","fg0777","fg0130","fg0748","fg0769","fg0451"
"fq002022","vx_ed7c273f1b02ed33","fg0439","1","fg0439","fg0255","fg0173","fg0564","fg0400","fg0769","fg0216","fg0236","fg0567","fg0270","fg0225","fg0903","fg0911","fg0075","fg0933","fg0996","fg0716","fg0473","fg0639","fg0080"
"fq002023","vx_ed7c273f1b02ed33","fg0439","1","fg0439","fg0255","fg0173","fg0769","fg0270","fg0236","fg0225","fg0639","fg0075","fg0716","fg0263","fg0216","fg0933","fg0564","fg0996","fg0447","fg0237","fg0400","fg0177","fg0284"
"fq002024","vx_ed7c273f1b02ed33","fg0439","1","fg0439","fg0255","fg0236","fg0225","fg0075","fg0173","fg0237","fg0769","fg0564","fg0270","fg0400","fg0189","fg0639","fg0933","fg0216","fg0996","fg0567","fg0284","fg0177","fg0041"
"fq002025","vx_7d43e25c9f07c81c","fg0440","1","fg0440","fg0598","fg0606","fg0269","fg0888","fg0063","fg0930","fg0061","fg0450","fg0054","fg0304","fg0245","fg0660","fg0146","fg0571","fg0928","fg0169","fg0603","fg0413","fg0451"
"fq002026","vx_7d43e25c9f07c81c","fg0440","2","fg0054","fg0440","fg0598","fg0606","fg0708","fg0930","fg0146","fg0413","fg0045","fg0359","fg0524","fg0398","fg0700","fg0061","fg0358","fg0903","fg0063","fg0908","fg0644","fg0318"
"fq002027","vx_7d43e25c9f07c81c","fg0440","1","fg0440","fg0598","fg0606","fg0888","fg0054","fg0146","fg0061","fg0269","fg0063","fg0930","fg0413","fg0571","fg0169","fg0524","fg0045","fg0660","fg0795","fg0451","fg0799","fg0304"
"fq002028","vx_7d43e25c9f07c81c","fg0440","4","fg0054","fg0708","fg0146","fg0440","fg0606","fg0413","fg0930","fg0598","fg0045","fg0359","fg0296","fg0908","fg0524","fg0700","fg0526","fg0318","fg0191","fg0398","fg0644","fg0594"
"fq002029","vx_7d43e25c9f07c81c","fg0440","1","fg0440","fg0054","fg0606","fg0590","fg0146","fg0598","fg0768","fg0191","fg0888","fg0930","fg0795","fg0731","fg0760","fg0148","fg0045","fg0708","fg0413","fg0318","fg0018","fg0644"
"fq002030","vx_7d43e25c9f07c81c","fg0440","1","fg0440","fg0598","fg0606","fg0269","fg0888","fg0063","fg0450","fg0304","fg0061","fg0245","fg0930","fg0660","fg0928","fg0451","fg0169","fg0603","fg0180","fg0054","fg0566","fg0862"
"fq002031","vx_7d43e25c9f07c81c","fg0440","1","fg0440","fg0598","fg0606","fg0146","fg0054","fg0888","fg0304","fg0245","fg0413","fg0045","fg0524","fg0795","fg0930","fg0450","fg0660","fg0426","fg0398","fg0269","fg0063","fg0148"
"fq002032","vx_7d43e25c9f07c81c","fg0440","2","fg0054","fg0440","fg0045","fg0146","fg0700","fg0606","fg0296","fg0598","fg0899","fg0930","fg0768","fg0359","fg0061","fg0148","fg0192","fg0358","fg0413","fg0883","fg0501","fg0644"
"fq002033","vx_7d43e25c9f07c81c","fg0440","1","fg0440","fg0598","fg0606","fg0888","fg0269","fg0063","fg0930","fg0061","fg0450","fg0054","fg0413","fg0169","fg0660","fg0304","fg0928","fg0245","fg0524","fg0045","fg0603","fg0146"
"fq002034","vx_7d43e25c9f07c81c","fg0440","1","fg0440","fg0598","fg0606","fg0269","fg0063","fg0888","fg0061","fg0054","fg0930","fg0571","fg0660","fg0169","fg0450","fg0146","fg0245","fg0304","fg0928","fg0413","fg0795","fg0451"
"fq002035","vx_7d43e25c9f07c81c","fg0440","1","fg0440","fg0598","fg0606","fg0063","fg0061","fg0930","fg0054","fg0269","fg0413","fg0888","fg0146","fg0524","fg0398","fg0169","fg0827","fg0571","fg0045","fg0198","fg0450","fg0117"
"fq002036","vx_7d43e25c9f07c81c","fg0440","1","fg0440","fg0598","fg0606","fg0269","fg0888","fg0063","fg0304","fg0245","fg0450","fg0061","fg0660","fg0169","fg0451","fg0283","fg0795","fg0930","fg0180","fg0603","fg0146","fg0431"
"fq002037","vx_7d43e25c9f07c81c","fg0440","1","fg0440","fg0054","fg0045","fg0146","fg0768","fg0795","fg0930","fg0606","fg0304","fg0598","fg0148","fg0245","fg0018","fg0760","fg0888","fg0191","fg0899","fg0296","fg0590","fg0700"
"fq002038","vx_7d43e25c9f07c81c","fg0440","2","fg0054","fg0440","fg0146","fg0598","fg0606","fg0045","fg0930","fg0296","fg0708","fg0700","fg0413","fg0359","fg0768","fg0191","fg0899","fg0644","fg0358","fg0148","fg0061","fg0772"
"fq002039","vx_7d43e25c9f07c81c","fg0440","2","fg0054","fg0440","fg0598","fg0606","fg0708","fg0930","fg0146","fg0045","fg0413","fg0359","fg0524","fg0398","fg0061","fg0358","fg0700","fg0318","fg0903","fg0644","fg0063","fg0931"
"fq002040","vx_7d43e25c9f07c81c","fg0440","139","fg0296","fg0784","fg0566","fg0054","fg0708","fg0594","fg0883","fg0323","fg0526","fg0700","fg0604","fg0045","fg0930","fg0146","fg0359","fg0644","fg0963","fg0964","fg0318","fg0365"
"fq002041","vx_7d43e25c9f07c81c","fg0440","1","fg0440","fg0598","fg0606","fg0269","fg0888","fg0304","fg0245","fg0063","fg0450","fg0061","fg0660","fg0451","fg0930","fg0603","fg0169","fg0283","fg0431","fg0795","fg0180","fg0054"
"fq002042","vx_8f1ca55659bba00b","fg0441","2","fg0038","fg0441","fg0770","fg0853","fg0207","fg0803","fg0478","fg0200","fg0317","fg0040","fg0272","fg0875","fg0734","fg0801","fg0906","fg0984","fg0448","fg0552","fg0534","fg0907"
"fq002043","vx_8f1ca55659bba00b","fg0441","1","fg0441","fg0995","fg0952","fg0340","fg0616","fg0258","fg0013","fg0149","fg0360","fg0803","fg0032","fg0316","fg0865","fg0770","fg0784","fg0771","fg0637","fg0338","fg0435","fg0369"
"fq002044","vx_18a2bf881d4846cd","fg0442","1","fg0442","fg0230","fg0307","fg0538","fg0395","fg0967","fg0084","fg0620","fg0371","fg0690","fg0293","fg0104","fg0320","fg0088","fg0179","fg0309","fg0184","fg0849","fg0453","fg0015"
"fq002045","vx_506991fb91497897","fg0443","1","fg0443","fg0386","fg0023","fg0375","fg0800","fg0004","fg0837","fg0446","fg0920","fg0014","fg0647","fg0425","fg0063","fg0842","fg0998","fg0266","fg0750","fg0862","fg0482","fg0855"
"fq002046","vx_994e56455ec0c117","fg0444","101","fg0878","fg0292","fg0314","fg0238","fg0265","fg0159","fg0005","fg0749","fg0108","fg0463","fg0768","fg0957","fg0845","fg0617","fg0671","fg0323","fg0464","fg0883","fg0889","fg0293"
"fq002047","vx_994e56455ec0c117","fg0444","54","fg0878","fg0314","fg0292","fg0238","fg0108","fg0768","fg0159","fg0293","fg0265","fg0884","fg0005","fg0099","fg0595","fg0523","fg0574","fg0113","fg0249","fg0397","fg0964","fg0749"
"fq002048","vx_994e56455ec0c117","fg0444","34","fg0523","fg0687","fg0099","fg0529","fg0964","fg0162","fg0958","fg0314","fg0878","fg0159","fg0292","fg0238","fg0595","fg0113","fg0555","fg0108","fg0397","fg0293","fg0961","fg0599"
"fq002049","vx_942dedd87208b512","fg0445","1","fg0445","fg0522","fg0654","fg0273","fg0343","fg0643","fg0261","fg0483","fg0785","fg0624","fg0773","fg0203","fg0327","fg0612","fg0945","fg0529","fg0238","fg0701","fg0322","fg0210"
"fq002050","vx_050df1ef52f29c87","fg0446","872","fg0312","fg0015","fg0488","fg0363","fg0544","fg0642","fg0310","fg0783","fg0357","fg0635","fg0634","fg0293","fg0027","fg0442","fg0201","fg0347","fg0774","fg0184","fg0196","fg0077"
"fq002051","vx_c0b0ef20ac2ad4eb","fg0447","1","fg0447","fg0199","fg0791","fg0679","fg0439","fg0904","fg0408","fg0994","fg0751","fg0373","fg0820","fg0611","fg0497","fg0823","fg0300","fg0382","fg0687","fg0969","fg0100","fg0650"
"fq002052","vx_76f7e35fd6d9bfb5","fg0448","1","fg0448","fg0209","fg0857","fg0369","fg0224","fg0616","fg0517","fg0073","fg0534","fg0353","fg0927","fg0724","fg0584","fg0314","fg0588","fg0016","fg0418","fg0937","fg0478","fg0878"
"fq002053","vx_76f7e35fd6d9bfb5","fg0448","1","fg0448","fg0209","fg0224","fg0369","fg0724","fg0534","fg0857","fg0105","fg0539","fg0584","fg0418","fg0588","fg0544","fg0016","fg0936","fg0965","fg0927","fg0073","fg0559","fg0478"
"fq002054","vx_731ada53e3ba5224","fg0449","1","fg0449","fg0377","fg0183","fg0337","fg0548","fg0559","fg0876","fg0689","fg0623","fg0498","fg0166","fg0052","fg0744","fg0301","fg0250","fg0881","fg0219","fg0221","fg0352","fg0142"
"fq002055","vx_731ada53e3ba5224","fg0449","1","fg0449","fg0377","fg0183","fg0548","fg0337","fg0876","fg0559","fg0166","fg0734","fg0052","fg0142","fg0354","fg0221","fg0689","fg0747","fg0438","fg0623","fg0352","fg0723","fg0301"
"fq002056","vx_799dfe601bfa4140","fg0450","296","fg0183","fg0337","fg0623","fg0689","fg0240","fg0002","fg0363","fg0234","fg0913","fg0731","fg0468","fg0449","fg0310","fg0666","fg0357","fg0417","fg0377","fg0559","fg0414","fg0043"
"fq002057","vx_a7a957565a0b9f2a","fg0451","4","fg0748","fg0305","fg0638","fg0451","fg0198","fg0137","fg0452","fg0492","fg0055","fg0771","fg0328","fg0809","fg0193","fg0487","fg0105","fg0173","fg0671","fg0491","fg0338","fg0994"
"fq002058","vx_a7a957565a0b9f2a","fg0451","1","fg0451","fg0884","fg0333","fg0193","fg0574","fg0389","fg0395","fg0760","fg0809","fg0307","fg0861","fg0320","fg0123","fg0055","fg0145","fg0779","fg0615","fg0326","fg0886","fg0135"
"fq002059","vx_3c7f82f85f67cac5","fg0452","1","fg0452","fg0485","fg0879","fg0487","fg0033","fg0998","fg0991","fg0817","fg0734","fg0133","fg0787","fg0289","fg0943","fg0479","fg0590","fg0810","fg0910","fg0451","fg0546","fg0112"
"fq002060","vx_3c7f82f85f67cac5","fg0452","1","fg0452","fg0485","fg0879","fg0487","fg0991","fg0787","fg0810","fg0033","fg0451","fg0289","fg0508","fg0748","fg0943","fg0479","fg0175","fg0910","fg0997","fg0521","fg0174","fg0809"
"fq002061","vx_5be0ef1164c67403","fg0453","1","fg0453","fg0688","fg0910","fg0388","fg0591","fg0503","fg0810","fg0270","fg0001","fg0778","fg0186","fg0604","fg0577","fg0452","fg0641","fg0307","fg0967","fg0704","fg0275","fg0572"
"fq002062","vx_33a5960d124b06f3","fg0454","1","fg0454","fg0217","fg0829","fg0418","fg0467","fg0223","fg0798","fg0478","fg0779","fg0563","fg0281","fg0872","fg0320","fg0886","fg0702","fg0102","fg0140","fg0532","fg0583","fg0266"
"fq002063","vx_33a5960d124b06f3","fg0454","1","fg0454","fg0217","fg0829","fg0418","fg0223","fg0798","fg0467","fg0478","fg0281","fg0320","fg0102","fg0140","fg0886","fg0779","fg0583","fg0087","fg0702","fg0872","fg0062","fg0819"
"fq002064","vx_473145395a1e7faf","fg0455","1","fg0455","fg0051","fg0401","fg0428","fg0599","fg0796","fg0004","fg0698","fg0896","fg0559","fg0958","fg0036","fg0213","fg0909","fg0868","fg0919","fg0068","fg0616","fg0764","fg0499"
"fq002065","vx_8f58f3f628cc3f37","fg0456","125","fg0472","fg0686","fg0096","fg0602","fg0788","fg0629","fg0429","fg0188","fg0833","fg0803","fg0616","fg0517","fg0857","fg0073","fg0154","fg0463","fg0353","fg0927","fg0385","fg0889"
"fq002066","vx_f54a346f72c2c3d7","fg0457","1","fg0457","fg0687","fg0523","fg0101","fg0099","fg0529","fg0625","fg0176","fg0909","fg0162","fg0043","fg0958","fg0599","fg0092","fg0409","fg0182","fg0308","fg0824","fg0555","fg0170"
"fq002067","vx_fbbbff4144884fb7","fg0458","1","fg0458","fg0997","fg0885","fg0727","fg0533","fg0999","fg0569","fg0023","fg0562","fg0230","fg0810","fg0787","fg0508","fg0991","fg0071","fg0867","fg0175","fg0453","fg0614","fg0065"
"fq002068","vx_fbbbff4144884fb7","fg0458","1","fg0458","fg0997","fg0727","fg0885","fg0533","fg0569","fg0999","fg0023","fg0787","fg0810","fg0508","fg0562","fg0175","fg0230","fg0991","fg0071","fg0721","fg0614","fg0817","fg0759"
"fq002069","vx_bdd08580f4215dc8","fg0459","1","fg0459","fg0253","fg0629","fg0894","fg0766","fg0222","fg0896","fg0833","fg0862","fg0165","fg0124","fg0118","fg0796","fg0436","fg0466","fg0951","fg0902","fg0828","fg0866","fg0547"
"fq002070","vx_acc68b769002f40c","fg0460","1","fg0460","fg0490","fg0588","fg0154","fg0075","fg0236","fg0056","fg0665","fg0225","fg0584","fg0345","fg0549","fg0659","fg0147","fg0175","fg0260","fg0241","fg0678","fg0427","fg0836"
"fq002071","vx_add8d86d685e12ab","fg0461","1","fg0461","fg0570","fg0912","fg0735","fg0665","fg0021","fg0561","fg0239","fg0855","fg0190","fg0696","fg0477","fg0823","fg0800","fg0845","fg0004","fg0906","fg0161","fg0864","fg0761"
"fq002072","vx_d17cd069bb12ff3a","fg0462","1","fg0462","fg0601","fg0839","fg0080","fg0796","fg0896","fg0685","fg0139","fg0043","fg0049","fg0508","fg0820","fg0092","fg0423","fg0687","fg0559","fg0195","fg0802","fg0591","fg0528"
"fq002073","vx_d17cd069bb12ff3a","fg0462","1","fg0462","fg0601","fg0796","fg0896","fg0080","fg0839","fg0092","fg0909","fg0815","fg0195","fg0820","fg0043","fg0508","fg0168","fg0211","fg0802","fg0840","fg0528","fg0880","fg0251"
"fq002074","vx_d17cd069bb12ff3a","fg0462","1","fg0462","fg0601","fg0839","fg0796","fg0077","fg0080","fg0896","fg0538","fg0116","fg0591","fg0251","fg0092","fg0423","fg0815","fg0455","fg0917","fg0195","fg0043","fg0139","fg0211"
"fq002075","vx_d17cd069bb12ff3a","fg0462","1","fg0462","fg0601","fg0839","fg0080","fg0796","fg0896","fg0880","fg0685","fg0139","fg0043","fg0077","fg0559","fg0687","fg0508","fg0538","fg0049","fg0211","fg0195","fg0721","fg0492"
"fq002076","vx_d17cd069bb12ff3a","fg0462","1","fg0462","fg0896","fg0796","fg0601","fg0092","fg0080","fg0839","fg0216","fg0168","fg0820","fg0815","fg0909","fg0838","fg0508","fg0195","fg0385","fg0759","fg0423","fg0251","fg0547"
"fq002077","vx_d17cd069bb12ff3a","fg0462","1","fg0462","fg0601","fg0839","fg0116","fg0080","fg0139","fg0049","fg0077","fg0493","fg0043","fg0143","fg0492","fg0796","fg0769","fg0591","fg0685","fg0721","fg0211","fg0195","fg0013"
"fq002078","vx_d17cd069bb12ff3a","fg0462","1","fg0462","fg0116","fg0077","fg0493","fg0601","fg0143","fg0839","fg0211","fg0721","fg0591","fg0769","fg0492","fg0139","fg0013","fg0513","fg0868","fg0861","fg0049","fg0043","fg0293"
"fq002079","vx_d17cd069bb12ff3a","fg0462","1","fg0462","fg0601","fg0839","fg0080","fg0796","fg0896","fg0092","fg0195","fg0508","fg0043","fg0820","fg0815","fg0909","fg0251","fg0168","fg0685","fg0216","fg0802","fg0423","fg0385"
"fq002080","vx_d17cd069bb12ff3a","fg0462","1","fg0462","fg0796","fg0896","fg0077","fg0601","fg0528","fg0211","fg0116","fg0559","fg0195","fg0168","fg0815","fg0591","fg0989","fg0839","fg0284","fg0453","fg0880","fg0455","fg0293"
"fq002081","vx_d17cd069bb12ff3a","fg0462","1","fg0462","fg0116","fg0077","fg0493","fg0143","fg0211","fg0769","fg0601","fg0868","fg0492","fg0721","fg0013","fg0861","fg0173","fg0839","fg0293","fg0215","fg0591","fg0395","fg0513"
"fq002082","vx_6f158f03e797b160","fg0463","1","fg0463","fg0517","fg0397","fg0567","fg0073","fg0289","fg0844","fg0592","fg0854","fg0314","fg0052","fg0907","fg0721","fg0927","fg0270","fg0616","fg0071","fg0857","fg0880","fg0197"
"fq002083","vx_6f158f03e797b160","fg0463","11","fg0071","fg0353","fg0675","fg0879","fg0774","fg0868","fg0567","fg0197","fg0289","fg0588","fg0463","fg0722","fg0397","fg0636","fg0113","fg0919","fg0485","fg0512","fg0958","fg0653"
"fq002084","vx_6f158f03e797b160","fg0463","121","fg0397","fg0113","fg0567","fg0007","fg0722","fg0197","fg0173","fg0854","fg0319","fg0274","fg0721","fg0867","fg0270","fg0560","fg0293","fg0284","fg0964","fg0671","fg0289","fg0071"
"fq002085","vx_6f158f03e797b160","fg0463","126","fg0191","fg0328","fg0760","fg0831","fg0984","fg0413","fg0728","fg0569","fg0146","fg0167","fg0332","fg0547","fg0211","fg0731","fg0540","fg0590","fg0061","fg0524","fg0397","fg0795"
"fq002086","vx_6f158f03e797b160","fg0463","1","fg0463","fg0517","fg0592","fg0868","fg0769","fg0173","fg0289","fg0238","fg0314","fg0052","fg0105","fg0073","fg0071","fg0965","fg0879","fg0937","fg0353","fg0204","fg0292","fg0927"
"fq002087","vx_6f158f03e797b160","fg0463","85","fg0397","fg0567","fg0854","fg0319","fg0173","fg0071","fg0879","fg0636","fg0113","fg0197","fg0289","fg0007","fg0774","fg0867","fg0930","fg0671","fg0045","fg0412","fg0331","fg0464"
"fq002088","vx_906a26f7fd277710","fg0464","1","fg0464","fg0659","fg0588","fg0159","fg0378","fg0025","fg0559","fg0071","fg0539","fg0584","fg0270","fg0729","fg0236","fg0989","fg0579","fg0060","fg0075","fg0894","fg0202","fg0105"
"fq002089","vx_9f208b1d815dad53","fg0465","1","fg0465","fg0141","fg0332","fg0928","fg0244","fg0647","fg0862","fg0316","fg0564","fg0521","fg0599","fg0525","fg0537","fg0895","fg0498","fg0516","fg0250","fg0976","fg0219","fg0627"
"fq002090","vx_9f208b1d815dad53","fg0465","1","fg0465","fg0141","fg0332","fg0928","fg0316","fg0862","fg0647","fg0564","fg0244","fg0599","fg0525","fg0521","fg0498","fg0976","fg0250","fg0895","fg0537","fg0516","fg0559","fg0450"
"fq002091","vx_9dbd20a9f9ce71fe","fg0466","1","fg0466","fg0629","fg0803","fg0322","fg0138","fg0945","fg0265","fg0188","fg0238","fg0686","fg0882","fg0391","fg0857","fg0374","fg0833","fg0459","fg0970","fg0211","fg0388","fg0968"
"fq002092","vx_9dbd20a9f9ce71fe","fg0466","1","fg0466","fg0374","fg0970","fg0835","fg0968","fg0629","fg0803","fg0509","fg0686","fg0502","fg0656","fg0886","fg0579","fg0188","fg0030","fg0660","fg0938","fg0997","fg0459","fg0275"
"fq002093","vx_9c99f844efac2641","fg0467","1","fg0467","fg0864","fg0894","fg0829","fg0268","fg0055","fg0892","fg0117","fg0217","fg0622","fg0702","fg0418","fg0086","fg0120","fg0818","fg0180","fg0666","fg0847","fg0830","fg0143"
"fq002094","vx_9c99f844efac2641","fg0467","1","fg0467","fg0894","fg0864","fg0829","fg0117","fg0268","fg0279","fg1000","fg0847","fg0055","fg0217","fg0830","fg0418","fg0731","fg0622","fg0901","fg0892","fg0702","fg0120","fg0199"
"fq002095","vx_9c99f844efac2641","fg0467","1","fg0467","fg0894","fg0864","fg0829","fg0268","fg0055","fg0892","fg0117","fg0180","fg0217","fg0120","fg0880","fg0751","fg0622","fg0086","fg0666","fg0796","fg0143","fg0708","fg0418"
"fq002096","vx_9c99f844efac2641","fg0467","1","fg0467","fg0894","fg0117","fg0864","fg0279","fg0847","fg1000","fg0268","fg0055","fg0731","fg0120","fg0180","fg0892","fg0829","fg0199","fg0086","fg0830","fg0880","fg0418","fg0666"
"fq002097","vx_9c99f844efac2641","fg0467","1","fg0467","fg0829","fg0864","fg0894","fg0217","fg0268","fg0622","fg0702","fg0055","fg0105","fg0892","fg0143","fg0086","fg0539","fg0418","fg0984","fg0120","fg0576","fg0796","fg0015"
"fq002098","vx_9c99f844efac2641","fg0467","1","fg0467","fg0894","fg0864","fg0829","fg0279","fg0086","fg0117","fg0847","fg0880","fg0120","fg0751","fg0180","fg0055","fg0823","fg0199","fg0622","fg0892","fg0130","fg0268","fg0418"
"fq002099","vx_9c99f844efac2641","fg0467","20","fg0173","fg0113","fg0931","fg0889","fg0105","fg0671","fg0249","fg0868","fg0329","fg0159","fg0539","fg0197","fg0270","fg0771","fg0854","fg0965","fg0769","fg0357","fg0293","fg0467"
"fq002100","vx_9c99f844efac2641","fg0467","6","fg0476","fg0206","fg0509","fg0532","fg0892","fg0467","fg0526","fg0129","fg0666","fg0731","fg0798","fg0288","fg0500","fg0117","fg0157","fg0615","fg0365","fg0180","fg0329","fg0818"
"fq002101","vx_9c99f844efac2641","fg0467","1","fg0467","fg0864","fg0894","fg0829","fg0268","fg0217","fg0622","fg0117","fg0702","fg0055","fg0180","fg0830","fg0418","fg0847","fg0279","fg0892","fg0120","fg0086","fg0818","fg0901"
"fq002102","vx_9c99f844efac2641","fg0467","1","fg0467","fg0829","fg0864","fg0894","fg0143","fg0268","fg0702","fg0055","fg0622","fg0418","fg0830","fg0217","fg0279","fg0901","fg0751","fg0767","fg0201","fg0469","fg0204","fg0697"
"fq002103","vx_9c99f844efac2641","fg0467","29","fg0476","fg0892","fg0086","fg0532","fg0129","fg0206","fg0365","fg0708","fg0329","fg0960","fg0964","fg0288","fg0509","fg0666","fg0117","fg0526","fg0157","fg0615","fg0120","fg0500"
"fq002104","vx_9c99f844efac2641","fg0467","1","fg0467","fg0864","fg0894","fg0829","fg0268","fg0143","fg0117","fg0055","fg0702","fg0217","fg0418","fg0622","fg0892","fg0279","fg0830","fg0199","fg0180","fg0847","fg0666","fg0084"
"fq002105","vx_9c99f844efac2641","fg0467","1","fg0467","fg0864","fg0829","fg0894","fg0055","fg0268","fg0622","fg0702","fg0217","fg0418","fg0830","fg0892","fg0143","fg0901","fg0818","fg0117","fg0180","fg0454","fg0924","fg0984"
"fq002106","vx_9c99f844efac2641","fg0467","1","fg0467","fg0864","fg0829","fg0894","fg0217","fg0702","fg0622","fg0268","fg0055","fg0418","fg0454","fg0830","fg0892","fg0143","fg0901","fg0818","fg0666","fg0924","fg0634","fg0731"
"fq002107","vx_9c99f844efac2641","fg0467","1","fg0467","fg0864","fg0829","fg0894","fg0055","fg0268","fg0892","fg0143","fg0622","fg0702","fg0173","fg0217","fg0418","fg0086","fg0818","fg0329","fg0117","fg0666","fg0105","fg0539"
"fq002108","vx_9c99f844efac2641","fg0467","1","fg0467","fg0829","fg0864","fg0894","fg0055","fg0217","fg0702","fg0892","fg0622","fg0268","fg0143","fg0418","fg0818","fg0666","fg0708","fg0086","fg0526","fg0830","fg0180","fg0084"
"fq002109","vx_9c99f844efac2641","fg0467","1","fg0467","fg0829","fg0864","fg0894","fg0217","fg0105","fg0622","fg0268","fg0055","fg0892","fg0702","fg0539","fg0086","fg0143","fg0372","fg0796","fg0965","fg0666","fg0818","fg0435"
"fq002110","vx_9c99f844efac2641","fg0467","1","fg0467","fg0829","fg0894","fg0864","fg0217","fg0268","fg0418","fg0622","fg0279","fg0055","fg0751","fg0847","fg0117","fg0702","fg0880","fg0199","fg0180","fg0830","fg0454","fg0120"
"fq002111","vx_9c99f844efac2641","fg0467","1","fg0467","fg0864","fg0829","fg0894","fg0268","fg0217","fg0055","fg0622","fg0143","fg0117","fg0418","fg0702","fg0892","fg0120","fg0086","fg0180","fg0279","fg0818","fg0830","fg0666"
"fq002112","vx_9c99f844efac2641","fg0467","1","fg0467","fg0864","fg0894","fg0829","fg1000","fg0268","fg0847","fg0117","fg0055","fg0279","fg0012","fg0418","fg0830","fg0702","fg0217","fg0622","fg0201","fg0901","fg0892","fg0180"
"fq002113","vx_9c99f844efac2641","fg0467","1","fg0467","fg0894","fg0864","fg0829","fg0055","fg0622","fg0279","fg0268","fg0086","fg0117","fg0847","fg0217","fg0143","fg0892","fg0702","fg0130","fg0418","fg0120","fg0751","fg0767"
"fq002114","vx_9c99f844efac2641","fg0467","1","fg0467","fg0894","fg0892","fg0864","fg0829","fg0217","fg0268","fg0117","fg0666","fg0818","fg0476","fg0418","fg0180","fg0055","fg0120","fg0751","fg0279","fg0847","fg0901","fg0702"
"fq002115","vx_2e05edc8700263e3","fg0468","1","fg0468","fg0913","fg0234","fg0183","fg0187","fg0756","fg0663","fg0081","fg0719","fg0768","fg0521","fg0899","fg0359","fg0700","fg0002","fg0061","fg0446","fg0253","fg0613","fg0108"
"fq002116","vx_2951692a4e635af8","fg0469","54","fg0522","fg0194","fg0261","fg0654","fg0273","fg0343","fg0445","fg0483","fg0643","fg0385","fg0238","fg0203","fg0945","fg0731","fg0222","fg0521","fg0785","fg0816","fg0180","fg0077"
"fq002117","vx_2951692a4e635af8","fg0469","176","fg0182","fg0757","fg0742","fg0358","fg0662","fg0181","fg0962","fg0300","fg0270","fg0380","fg0159","fg0604","fg0197","fg0190","fg0679","fg0551","fg0945","fg0585","fg0818","fg0529"
"fq002118","vx_2951692a4e635af8","fg0469","1","fg0469","fg0895","fg0772","fg0197","fg0018","fg0584","fg0159","fg0910","fg0809","fg0767","fg0269","fg0854","fg0889","fg0847","fg0154","fg0283","fg0922","fg0012","fg0879","fg0848"
"fq002119","vx_2951692a4e635af8","fg0469","9","fg0411","fg0398","fg0973","fg0688","fg0171","fg0757","fg0591","fg0258","fg0469","fg0025","fg0334","fg0772","fg0338","fg0594","fg0524","fg0835","fg0350","fg0668","fg0552","fg0809"
"fq002120","vx_2951692a4e635af8","fg0469","13","fg0584","fg0588","fg0224","fg0270","fg0579","fg0197","fg0388","fg0159","fg0503","fg0113","fg0936","fg0241","fg0469","fg0334","fg0298","fg0889","fg0071","fg0970","fg0460","fg0466"
"fq002121","vx_2951692a4e635af8","fg0469","101","fg0068","fg0249","fg0190","fg0317","fg0186","fg0910","fg0695","fg0324","fg0529","fg0879","fg0084","fg0399","fg0687","fg0385","fg0523","fg0154","fg0113","fg0240","fg0958","fg0453"
"fq002122","vx_2951692a4e635af8","fg0469","1","fg0469","fg0018","fg0772","fg0895","fg0809","fg0910","fg0197","fg0584","fg0012","fg0186","fg0879","fg0269","fg0063","fg0027","fg0317","fg0847","fg1000","fg0159","fg0411","fg0142"
"fq002123","vx_2951692a4e635af8","fg0469","1","fg0469","fg0197","fg0895","fg0159","fg0854","fg0584","fg0889","fg0018","fg0772","fg0411","fg0270","fg0490","fg0910","fg0659","fg0579","fg0973","fg0588","fg0460","fg0334","fg0258"
"fq002124","vx_2951692a4e635af8","fg0469","47","fg0068","fg0249","fg0190","fg0317","fg0186","fg0529","fg0910","fg0687","fg0523","fg0695","fg0324","fg0084","fg0399","fg0385","fg0879","fg0961","fg0240","fg0818","fg0958","fg0670"
"fq002125","vx_2951692a4e635af8","fg0469","1","fg0469","fg0895","fg0197","fg0772","fg0018","fg0411","fg0270","fg0889","fg0584","fg0159","fg0973","fg0579","fg0757","fg0012","fg0910","fg0854","fg0588","fg0722","fg0105","fg0334"
"fq002126","vx_2951692a4e635af8","fg0469","92","fg0182","fg0757","fg0962","fg0358","fg0662","fg0742","fg0181","fg0585","fg0419","fg0537","fg0551","fg0714","fg0190","fg0668","fg0940","fg0380","fg0995","fg0411","fg0612","fg0200"
"fq002127","vx_2951692a4e635af8","fg0469","1","fg0469","fg0895","fg0962","fg0757","fg0182","fg0018","fg0197","fg0411","fg0012","fg0358","fg0027","fg0772","fg0910","fg0662","fg0584","fg0159","fg0973","fg0742","fg1000","fg0181"
"fq002128","vx_2951692a4e635af8","fg0469","1","fg0469","fg0895","fg0772","fg0018","fg0197","fg0411","fg0584","fg0973","fg0159","fg0757","fg0012","fg0910","fg0398","fg0027","fg0809","fg0854","fg1000","fg0270","fg0334","fg0283"
"fq002129","vx_2951692a4e635af8","fg0469","95","fg0688","fg0591","fg0973","fg0388","fg0411","fg0503","fg0398","fg0350","fg0258","fg0572","fg0025","fg0001","fg0594","fg0778","fg0704","fg0668","fg0757","fg0577","fg0835","fg0195"
"fq002130","vx_2951692a4e635af8","fg0469","1","fg0469","fg0895","fg0772","fg0018","fg0197","fg0910","fg0584","fg0159","fg0809","fg0854","fg0767","fg0847","fg0269","fg0599","fg0012","fg0283","fg0922","fg0889","fg0579","fg0027"
"fq002131","vx_c379b44a151ecb50","fg0470","1","fg0470","fg0597","fg0763","fg0739","fg0239","fg0414","fg0923","fg0343","fg0042","fg0152","fg0735","fg0865","fg0547","fg0755","fg0717","fg0273","fg0555","fg0780","fg0817","fg0682"
"fq002132","vx_c379b44a151ecb50","fg0470","1","fg0470","fg0763","fg0739","fg0239","fg0597","fg0735","fg0152","fg0923","fg0343","fg0755","fg0865","fg0414","fg0717","fg0544","fg0273","fg0682","fg0481","fg0652","fg0780","fg0547"
"fq002133","vx_c379b44a151ecb50","fg0470","1","fg0470","fg0763","fg0739","fg0239","fg0735","fg0597","fg0923","fg0343","fg0152","fg0414","fg0510","fg0547","fg0273","fg0780","fg0717","fg0070","fg0481","fg0755","fg0652","fg0865"
"fq002134","vx_647cf78e003bbf20","fg0471","1","fg0471","fg0323","fg0985","fg0883","fg0975","fg0595","fg0950","fg0276","fg0956","fg0656","fg0042","fg0003","fg0784","fg0494","fg0084","fg0296","fg0818","fg0899","fg0562","fg0382"
"fq002135","vx_647cf78e003bbf20","fg0471","1","fg0471","fg0323","fg0985","fg0883","fg0276","fg0975","fg0675","fg0656","fg0939","fg0098","fg0960","fg0084","fg0222","fg0909","fg0796","fg0950","fg0086","fg0341","fg0444","fg0892"
"fq002136","vx_647cf78e003bbf20","fg0471","2","fg0675","fg0471","fg0656","fg0084","fg0868","fg0919","fg0173","fg0955","fg0539","fg0113","fg0353","fg0889","fg0769","fg0740","fg0203","fg0276","fg0249","fg0105","fg0455","fg0965"
"fq002137","vx_fbb044da50bc54b9","fg0472","1","fg0472","fg0602","fg0788","fg0096","fg0429","fg0686","fg0188","fg0629","fg0644","fg0081","fg0897","fg0165","fg0700","fg0791","fg0388","fg0276","fg0480","fg0975","fg0821","fg0318"
"fq002138","vx_fbb044da50bc54b9","fg0472","1","fg0472","fg0602","fg0096","fg0788","fg0429","fg0686","fg0188","fg0629","fg0081","fg0644","fg0165","fg0656","fg0700","fg0897","fg0276","fg0437","fg0955","fg0388","fg0791","fg0200"
"fq002139","vx_fbb044da50bc54b9","fg0472","54","fg0673","fg0965","fg0868","fg0539","fg0559","fg0769","fg0105","fg0990","fg0915","fg0380","fg0671","fg0294","fg0585","fg0724","fg0675","fg0036","fg0616","fg0543","fg0955","fg0858"
"fq002140","vx_fbb044da50bc54b9","fg0472","1","fg0472","fg0602","fg0788","fg0096","fg0429","fg0686","fg0188","fg0629","fg0644","fg0081","fg0388","fg0897","fg0165","fg0791","fg0700","fg0821","fg0503","fg0642","fg0480","fg0318"
"fq002141","vx_fbb044da50bc54b9","fg0472","248","fg0673","fg0965","fg0868","fg0769","fg0027","fg0559","fg0650","fg0113","fg0541","fg0539","fg0409","fg0990","fg0380","fg0859","fg0724","fg0596","fg0554","fg0988","fg0228","fg0523"
"fq002142","vx_fbb044da50bc54b9","fg0472","208","fg0673","fg0965","fg0868","fg0559","fg0539","fg0990","fg0671","fg0769","fg0094","fg0105","fg0858","fg0085","fg0380","fg0650","fg0675","fg0724","fg0507","fg0962","fg0948","fg0111"
"fq002143","vx_fbb044da50bc54b9","fg0472","1","fg0472","fg0602","fg0788","fg0096","fg0429","fg0686","fg0188","fg0629","fg0644","fg0081","fg0897","fg0165","fg0791","fg0700","fg0276","fg0388","fg0656","fg0955","fg0821","fg0437"
"fq002144","vx_fbb044da50bc54b9","fg0472","1","fg0472","fg0602","fg0788","fg0096","fg0686","fg0429","fg0188","fg0629","fg0081","fg0644","fg0165","fg0897","fg0791","fg0388","fg0700","fg0821","fg0480","fg0503","fg0946","fg0784"
"fq002145","vx_fbb044da50bc54b9","fg0472","1","fg0472","fg0602","fg0788","fg0096","fg0429","fg0686","fg0188","fg0629","fg0644","fg0165","fg0081","fg0897","fg0700","fg0791","fg0388","fg0642","fg0821","fg0480","fg0946","fg0494"
"fq002146","vx_fbb044da50bc54b9","fg0472","730","fg0156","fg0559","fg0738","fg0965","fg0539","fg0916","fg0588","fg0294","fg0365","fg0868","fg0105","fg0004","fg0344","fg0334","fg0025","fg0505","fg0167","fg0760","fg0372","fg0159"
"fq002147","vx_7e0e04df1affb15d","fg0473","1","fg0473","fg0911","fg0903","fg0642","fg0669","fg0507","fg0085","fg0691","fg0269","fg0724","fg0932","fg0676","fg0832","fg0808","fg0065","fg0879","fg0187","fg0271","fg0058","fg0444"
"fq002148","vx_54ad561863d269c0","fg0474","1","fg0474","fg0035","fg0571","fg0117","fg0120","fg0537","fg0717","fg0258","fg0862","fg0831","fg0191","fg0932","fg0856","fg0837","fg0598","fg0883","fg0375","fg0350","fg0152","fg0973"
"fq002149","vx_ea045e9cd8e5951d","fg0475","1","fg0475","fg0427","fg0328","fg0191","fg0244","fg0782","fg0312","fg0243","fg0984","fg0623","fg0524","fg0882","fg0332","fg0100","fg0330","fg0732","fg0022","fg0184","fg0731","fg0413"
"fq002150","vx_ea045e9cd8e5951d","fg0475","1","fg0475","fg0427","fg0312","fg0244","fg0243","fg0732","fg0330","fg0623","fg0882","fg0184","fg0196","fg0725","fg0939","fg0393","fg0165","fg0039","fg0782","fg0022","fg0170","fg0142"
"fq002151","vx_ea045e9cd8e5951d","fg0475","1","fg0475","fg0427","fg0243","fg0244","fg0312","fg0732","fg0330","fg0623","fg0196","fg0939","fg0882","fg0725","fg0494","fg0184","fg0165","fg0393","fg0347","fg0324","fg0039","fg0023"
"fq002152","vx_ea045e9cd8e5951d","fg0475","1","fg0475","fg0427","fg0243","fg0244","fg0732","fg0330","fg0623","fg0312","fg0725","fg0939","fg0393","fg0365","fg0165","fg0324","fg0500","fg0247","fg0106","fg0142","fg0882","fg0039"
"fq002153","vx_ea045e9cd8e5951d","fg0475","1","fg0475","fg0427","fg0243","fg0312","fg0244","fg0732","fg0623","fg0330","fg0725","fg0393","fg0939","fg0882","fg0196","fg0165","fg0500","fg0324","fg0184","fg0142","fg0170","fg0023"
"fq002154","vx_ea045e9cd8e5951d","fg0475","1","fg0475","fg0427","fg0243","fg0244","fg0732","fg0312","fg0623","fg0330","fg0725","fg0184","fg0393","fg0939","fg0165","fg0882","fg0324","fg0196","fg0365","fg0868","fg0500","fg0106"
"fq002155","vx_ea045e9cd8e5951d","fg0475","1","fg0475","fg0427","fg0243","fg0244","fg0732","fg0623","fg0330","fg0312","fg0725","fg0165","fg0393","fg0939","fg0184","fg0106","fg0882","fg0500","fg0196","fg0142","fg0324","fg0186"
"fq002156","vx_ea045e9cd8e5951d","fg0475","1","fg0475","fg0427","fg0243","fg0244","fg0732","fg0312","fg0330","fg0623","fg0725","fg0393","fg0939","fg0882","fg0142","fg0196","fg0023","fg0165","fg0170","fg0184","fg0347","fg0500"
"fq002157","vx_ea045e9cd8e5951d","fg0475","1","fg0475","fg0427","fg0312","fg0243","fg0732","fg0244","fg0725","fg0623","fg0330","fg0393","fg0882","fg0142","fg0170","fg0939","fg0184","fg0196","fg0186","fg0500","fg0907","fg0106"
"fq002158","vx_792b72030e887f29","fg0476","1","fg0476","fg0206","fg0532","fg0509","fg0288","fg0329","fg0500","fg0892","fg0526","fg0666","fg0964","fg0848","fg0941","fg0129","fg0615","fg0354","fg0157","fg0450","fg0211","fg0443"
"fq002159","vx_792b72030e887f29","fg0476","1","fg0476","fg0206","fg0532","fg0509","fg0288","fg0329","fg0500","fg0892","fg0526","fg0964","fg0666","fg0848","fg0941","fg0443","fg0615","fg0450","fg0129","fg0211","fg0354","fg0157"
"fq002160","vx_47f95bc17812bf87","fg0477","1","fg0477","fg0030","fg0974","fg0828","fg0775","fg0007","fg0057","fg0461","fg0361","fg0614","fg0432","fg0118","fg0284","fg0886","fg0906","fg0720","fg0015","fg0509","fg0570","fg0835"
"fq002161","vx_31f1aae5ffd38278","fg0478","1","fg0478","fg0087","fg0062","fg0201","fg0049","fg0486","fg0370","fg0713","fg0704","fg0812","fg0840","fg0912","fg0839","fg0042","fg0534","fg0257","fg0259","fg0802","fg0506","fg0075"
"fq002162","vx_18af5b44d1a0b42a","fg0479","1","fg0479","fg0033","fg0487","fg0715","fg0360","fg0722","fg0452","fg0129","fg0710","fg0485","fg0397","fg0173","fg0982","fg0270","fg0737","fg0931","fg0159","fg0174","fg0567","fg0854"
"fq002163","vx_18af5b44d1a0b42a","fg0479","1","fg0479","fg0033","fg0487","fg0715","fg0452","fg0397","fg0485","fg0174","fg0879","fg0567","fg0701","fg0598","fg0270","fg0765","fg0807","fg0360","fg0854","fg0909","fg0982","fg0956"
"fq002164","vx_4d7bd5b05b604c24","fg0480","1","fg0480","fg0901","fg0830","fg0949","fg0786","fg0339","fg0385","fg0932","fg0553","fg0315","fg0658","fg0320","fg0101","fg0326","fg0753","fg0328","fg0158","fg0806","fg0322","fg0138"
"fq002165","vx_4d7bd5b05b604c24","fg0480","1","fg0480","fg0901","fg0830","fg0949","fg0786","fg0339","fg0385","fg0932","fg0315","fg0553","fg0658","fg0326","fg0101","fg0753","fg0320","fg0158","fg0322","fg0629","fg0328","fg0265"
"fq002166","vx_4d7bd5b05b604c24","fg0480","1","fg0480","fg0901","fg0830","fg0949","fg0786","fg0339","fg0385","fg0320","fg0932","fg0658","fg0315","fg0553","fg0326","fg0101","fg0753","fg0138","fg0328","fg0806","fg0158","fg0184"
"fq002167","vx_4d7bd5b05b604c24","fg0480","1","fg0480","fg0901","fg0830","fg0949","fg0786","fg0339","fg0385","fg0932","fg0553","fg0320","fg0658","fg0315","fg0138","fg0101","fg0326","fg0868","fg0629","fg0753","fg0158","fg0322"
"fq002168","vx_4d7bd5b05b604c24","fg0480","1","fg0480","fg0901","fg0830","fg0949","fg0786","fg0339","fg0385","fg0553","fg0320","fg0658","fg0932","fg0315","fg0868","fg0437","fg0158","fg0138","fg0204","fg0101","fg0326","fg0442"
"fq002169","vx_4d7bd5b05b604c24","fg0480","1","fg0480","fg0901","fg0949","fg0830","fg0786","fg0339","fg0385","fg0320","fg0328","fg0101","fg0658","fg0932","fg0315","fg0138","fg0326","fg0015","fg0553","fg0753","fg0629","fg0184"
"fq002170","vx_4d7bd5b05b604c24","fg0480","1","fg0480","fg0901","fg0830","fg0949","fg0786","fg0339","fg0385","fg0932","fg0658","fg0553","fg0326","fg0315","fg0753","fg0158","fg0101","fg0692","fg0320","fg0328","fg0806","fg0322"
"fq002171","vx_4d7bd5b05b604c24","fg0480","1","fg0480","fg0901","fg0830","fg0949","fg0786","fg0339","fg0385","fg0932","fg0553","fg0658","fg0315","fg0326","fg0320","fg0753","fg0158","fg0101","fg0806","fg0328","fg0138","fg0322"
"fq002172","vx_4d7bd5b05b604c24","fg0480","1","fg0480","fg0901","fg0830","fg0949","fg0786","fg0339","fg0385","fg0932","fg0553","fg0658","fg0315","fg0326","fg0753","fg0320","fg0158","fg0806","fg0101","fg0138","fg0692","fg0322"
"fq002173","vx_4d7bd5b05b604c24","fg0480","1","fg0480","fg0901","fg0830","fg0949","fg0786","fg0339","fg0385","fg0932","fg0315","fg0658","fg0553","fg0320","fg0328","fg0158","fg0101","fg0326","fg0753","fg0806","fg0322","fg0015"
"fq002174","vx_4d7bd5b05b604c24","fg0480","1","fg0480","fg0901","fg0830","fg0949","fg0786","fg0339","fg0385","fg0932","fg0553","fg0658","fg0315","fg0326","fg0753","fg0965","fg0158","fg0320","fg0322","fg0138","fg0806","fg0629"
"fq002175","vx_3f12f1a916490ce9","fg0481","1","fg0481","fg0070","fg0510","fg0908","fg0571","fg0302","fg0100","fg0733","fg0682","fg0539","fg0849","fg0326","fg0763","fg0739","fg0415","fg0470","fg0435","fg0391","fg0086","fg0372"
"fq002176","vx_3f12f1a916490ce9","fg0481","1","fg0481","fg0070","fg0510","fg0571","fg0908","fg0302","fg0100","fg0539","fg0733","fg0739","fg0763","fg0326","fg0682","fg0849","fg0470","fg0415","fg0435","fg0086","fg0989","fg0372"
"fq002177","vx_3f12f1a916490ce9","fg0481","1","fg0481","fg0070","fg0510","fg0908","fg0302","fg0571","fg0100","fg0733","fg0326","fg0539","fg0682","fg0849","fg0470","fg0739","fg0763","fg0415","fg0435","fg0391","fg0086","fg0709"
"fq002178","vx_f846a0416c90cee2","fg0482","1","fg0482","fg0175","fg0787","fg0991","fg0508","fg0670","fg0393","fg0178","fg0199","fg0555","fg0402","fg0423","fg0028","fg0157","fg0706","fg0849","fg0759","fg0892","fg0521","fg0254"
"fq002179","vx_49ded974e5725eac","fg0483","1","fg0483","fg0643","fg0654","fg0785","fg0273","fg0343","fg0261","fg0445","fg0522","fg0773","fg0857","fg0313","fg0618","fg0624","fg0203","fg0351","fg0210","fg0987","fg0449","fg0752"
"fq002180","vx_49ded974e5725eac","fg0483","1","fg0483","fg0643","fg0654","fg0785","fg0273","fg0343","fg0261","fg0445","fg0522","fg0773","fg0857","fg0313","fg0618","fg0624","fg0203","fg0351","fg0987","fg0449","fg0210","fg0752"
"fq002181","vx_34a75e660e3e315e","fg0484","1","fg0484","fg0759","fg0689","fg0240","fg0623","fg0337","fg0453","fg0891","fg0621","fg0128","fg0485","fg0879","fg0174","fg0251","fg0589","fg0858","fg0734","fg0699","fg0183","fg0820"
"fq002182","vx_596426f705b610a3","fg0485","1","fg0485","fg0879","fg0452","fg0487","fg0289","fg0033","fg0623","fg0689","fg0997","fg0479","fg0885","fg0533","fg0186","fg0759","fg0002","fg0337","fg0174","fg0546","fg0998","fg0726"
"fq002183","vx_596426f705b610a3","fg0485","1","fg0485","fg0879","fg0452","fg0289","fg0487","fg0817","fg0033","fg0943","fg0479","fg0186","fg0031","fg0133","fg0998","fg0734","fg0309","fg0623","fg0636","fg0997","fg0689","fg0726"
"fq002184","vx_35d066cadaca6ce8","fg0486","2","fg0812","fg0486","fg0506","fg0208","fg0433","fg0814","fg0204","fg0478","fg0201","fg0777","fg0704","fg0713","fg0087","fg0815","fg0957","fg0600","fg0679","fg0062","fg0952","fg0075"
"fq002185","vx_35d066cadaca6ce8","fg0486","2","fg0812","fg0486","fg0506","fg0208","fg0433","fg0814","fg0204","fg0777","fg0478","fg0201","fg0704","fg0087","fg0713","fg0957","fg0600","fg0815","fg0062","fg0049","fg0075","fg0679"
"fq002186","vx_35d066cadaca6ce8","fg0486","3","fg0539","fg0673","fg0486","fg0812","fg0105","fg0579","fg0433","fg0372","fg0506","fg0585","fg0208","fg0559","fg0965","fg0858","fg0616","fg0814","fg0713","fg0478","fg0656","fg0915"
"fq002187","vx_35d066cadaca6ce8","fg0486","1","fg0486","fg0812","fg0506","fg0208","fg0433","fg0204","fg0814","fg0478","fg0201","fg0777","fg0704","fg0713","fg0600","fg0087","fg0075","fg0957","fg0062","fg0815","fg0236","fg0952"
"fq002188","vx_c5ee1ec9a08d9557","fg0487","1","fg0487","fg0452","fg0033","fg0485","fg0879","fg0479","fg0528","fg0715","fg0546","fg0491","fg0161","fg0174","fg0305","fg0198","fg0590","fg0748","fg0749","fg0360","fg0492","fg0910"
"fq002189","vx_8e149a75efcafc60","fg0488","1","fg0488","fg0635","fg0632","fg0380","fg0363","fg0357","fg0417","fg0405","fg0203","fg0224","fg0539","fg0965","fg0132","fg0746","fg0588","fg0988","fg0077","fg0777","fg0584","fg0129"
"fq002190","vx_8e149a75efcafc60","fg0488","1","fg0488","fg0635","fg0632","fg0380","fg0363","fg0357","fg0417","fg0224","fg0203","fg0588","fg0746","fg0405","fg0539","fg0584","fg0077","fg0132","fg0777","fg0074","fg0667","fg0988"
"fq002191","vx_8e149a75efcafc60","fg0488","1","fg0488","fg0635","fg0632","fg0380","fg0363","fg0417","fg0357","fg0224","fg0405","fg0203","fg0746","fg0539","fg0588","fg0777","fg0584","fg0077","fg0988","fg0132","fg0965","fg0611"
"fq002192","vx_0f4df0d00c77aa9b","fg0489","1","fg0489","fg0860","fg0346","fg0028","fg0782","fg0178","fg0154","fg0718","fg0022","fg0710","fg0114","fg0039","fg0360","fg0593","fg0268","fg0135","fg0305","fg0578","fg0722","fg0355"
"fq002193","vx_95e3ce2c9722c1ce","fg0490","1","fg0490","fg0659","fg0569","fg0588","fg0460","fg0345","fg0147","fg0260","fg0867","fg0533","fg0071","fg0573","fg0159","fg0584","fg0012","fg0411","fg0241","fg0589","fg0936","fg0914"
"fq002194","vx_f898d8f5ec8298dc","fg0491","1","fg0491","fg0748","fg0487","fg0305","fg0834","fg0715","fg0386","fg0009","fg0198","fg0161","fg0492","fg0724","fg0361","fg0875","fg0573","fg0127","fg0263","fg0630","fg0033","fg0774"
"fq002195","vx_5e0e1e50495b5f37","fg0492","1","fg0492","fg0596","fg0630","fg0799","fg0771","fg0053","fg0452","fg0748","fg0302","fg0235","fg0201","fg0575","fg0173","fg0027","fg0695","fg0646","fg0305","fg0671","fg0491","fg0431"
"fq002196","vx_f5ae5ba73369e5d0","fg0493","1","fg0493","fg0165","fg0210","fg0235","fg0261","fg0351","fg0343","fg0643","fg0785","fg0273","fg0015","fg0540","fg0654","fg0522","fg0967","fg0483","fg0602","fg0445","fg0966","fg0215"
"fq002197","vx_2750b23a9e9f6496","fg0494","1","fg0494","fg0975","fg0196","fg0642","fg0576","fg0547","fg0590","fg0180","fg0271","fg0731","fg0679","fg0068","fg0475","fg0098","fg0595","fg0950","fg0276","fg0118","fg0761","fg0496"
"fq002198","vx_24104833a0dad29a","fg0495","1","fg0495","fg0434","fg0989","fg0801","fg0536","fg0104","fg0727","fg0317","fg0528","fg0131","fg0770","fg0853","fg0372","fg0893","fg0202","fg0364","fg0462","fg0947","fg0151","fg0078"
"fq002199","vx_24104833a0dad29a","fg0495","1","fg0495","fg0989","fg0801","fg0434","fg0727","fg0173","fg0536","fg0868","fg0528","fg0105","fg0769","fg0317","fg0853","fg0372","fg0965","fg0104","fg0162","fg0551","fg0230","fg0588"
"fq002200","vx_24104833a0dad29a","fg0495","1","fg0495","fg0989","fg0801","fg0434","fg0536","fg0727","fg0104","fg0528","fg0317","fg0853","fg0131","fg0364","fg0588","fg0893","fg0230","fg0551","fg0770","fg0202","fg0151","fg0947"
"fq002201","vx_c86100f39d7323a5","fg0496","1","fg0496","fg0576","fg0184","fg0331","fg0130","fg0279","fg0159","fg0169","fg0371","fg0894","fg0889","fg0467","fg0150","fg0293","fg0064","fg0117","fg0494","fg0659","fg0400","fg0120"
"fq002202","vx_c86100f39d7323a5","fg0496","1","fg0496","fg0130","fg0778","fg0873","fg0734","fg0189","fg0641","fg0681","fg0580","fg0414","fg0577","fg0310","fg0844","fg0723","fg0513","fg0046","fg0961","fg0621","fg0891","fg0620"
"fq002203","vx_c86100f39d7323a5","fg0496","1","fg0496","fg0576","fg0778","fg0130","fg0681","fg0873","fg0189","fg0184","fg0331","fg0150","fg0414","fg0310","fg0169","fg0293","fg0494","fg0641","fg0758","fg0155","fg0734","fg0580"
"fq002204","vx_bf142e0fca3a78ff","fg0497","1","fg0497","fg0743","fg0754","fg0274","fg0185","fg0736","fg0348","fg0888","fg0187","fg0948","fg0384","fg0751","fg0874","fg0447","fg0670","fg0966","fg0787","fg0535","fg0667","fg0991"
"fq002205","vx_bf142e0fca3a78ff","fg0497","1","fg0497","fg0743","fg0754","fg0348","fg0274","fg0736","fg0185","fg0888","fg0384","fg0187","fg0948","fg0670","fg0991","fg0787","fg0667","fg0289","fg0751","fg0966","fg0447","fg0703"
"fq002206","vx_6f8f70b52a990cf3","fg0498","1","fg0498","fg0250","fg0219","fg0605","fg0337","fg0934","fg0704","fg0506","fg0991","fg0508","fg0132","fg0701","fg0787","fg0812","fg0486","fg0254","fg0975","fg0810","fg0583","fg0521"
"fq002207","vx_6f8f70b52a990cf3","fg0498","1","fg0498","fg0250","fg0219","fg0605","fg0337","fg0934","fg0132","fg0991","fg0506","fg0787","fg0508","fg0521","fg0583","fg0975","fg0332","fg0845","fg0810","fg0088","fg0254","fg0701"
"fq002208","vx_6f8f70b52a990cf3","fg0498","1","fg0498","fg0250","fg0219","fg0605","fg0337","fg0934","fg0506","fg0132","fg0433","fg0521","fg0991","fg0583","fg0814","fg0845","fg0208","fg0508","fg0787","fg0332","fg0465","fg0377"
"fq002209","vx_6f8f70b52a990cf3","fg0498","1","fg0498","fg0219","fg0250","fg0605","fg0337","fg0934","fg0583","fg0521","fg0132","fg0991","fg0508","fg0701","fg0845","fg0787","fg0777","fg0332","fg0810","fg0465","fg0975","fg0548"
"fq002210","vx_6f8f70b52a990cf3","fg0498","1","fg0498","fg0250","fg0219","fg0605","fg0337","fg0934","fg0701","fg0583","fg0845","fg0975","fg0132","fg0521","fg0991","fg0088","fg0508","fg0377","fg0787","fg0254","fg0465","fg0419"
"fq002211","vx_a17d8daa314657af","fg0499","1","fg0499","fg0127","fg0741","fg0755","fg0943","fg0513","fg0240","fg0128","fg0119","fg0875","fg0455","fg0747","fg0277","fg0176","fg0834","fg0361","fg0911","fg0774","fg0963","fg0716"
"fq002212","vx_a17d8daa314657af","fg0499","1","fg0499","fg0639","fg0741","fg0755","fg0943","fg0993","fg0513","fg0716","fg0127","fg0875","fg0455","fg0164","fg0240","fg0804","fg0326","fg0060","fg0082","fg0263","fg0747","fg0361"
"fq002213","vx_a17d8daa314657af","fg0499","1","fg0499","fg0741","fg0943","fg0817","fg0804","fg0774","fg0639","fg0544","fg0127","fg0060","fg0455","fg0755","fg0716","fg0277","fg0391","fg0082","fg0747","fg0414","fg0402","fg0176"
"fq002214","vx_f45725f30251b0f1","fg0500","1","fg0500","fg0886","fg0583","fg0320","fg0527","fg0595","fg0758","fg0983","fg0182","fg0066","fg0140","fg0779","fg0303","fg0687","fg0523","fg0895","fg0964","fg0535","fg0518","fg0737"
"fq002215","vx_f45725f30251b0f1","fg0500","1","fg0500","fg0886","fg0583","fg0320","fg0527","fg0182","fg0758","fg0983","fg0066","fg0595","fg0140","fg0779","fg0964","fg0895","fg0303","fg0737","fg0203","fg0533","fg0535","fg0313"
"fq002216","vx_ecb9444be26df121","fg0501","24","fg0884","fg0333","fg0389","fg0574","fg0123","fg0320","fg0293","fg0392","fg0886","fg0145","fg0595","fg0719","fg0275","fg0326","fg0583","fg0758","fg0866","fg0436","fg0124","fg0001"
"fq002217","vx_dfc98350bcc1a3e1","fg0502","1","fg0502","fg0898","fg0887","fg0242","fg0824","fg0870","fg0579","fg0672","fg0970","fg0835","fg0466","fg0206","fg0110","fg0374","fg0298","fg0718","fg0891","fg0342","fg0381","fg0024"
"fq002218","vx_c9fd38771b168b12","fg0503","1","fg0503","fg0490","fg0270","fg0584","fg0001","fg0388","fg0275","fg0159","fg0588","fg0071","fg0579","fg0298","fg0659","fg0123","fg0889","fg0936","fg0241","fg0778","fg0197","fg0460"
"fq002219","vx_43b452ba060fe92f","fg0504","1","fg0504","fg0672","fg0950","fg0637","fg0708","fg0931","fg0559","fg0274","fg0422","fg0965","fg0151","fg0620","fg0424","fg0594","fg0049","fg0242","fg0872","fg0728","fg0870","fg0761"
"fq002220","vx_43b452ba060fe92f","fg0504","1","fg0504","fg0672","fg0931","fg0117","fg0594","fg0728","fg0531","fg0467","fg0559","fg0897","fg0644","fg0274","fg0950","fg0894","fg0201","fg0965","fg0541","fg0663","fg0708","fg0859"
"fq002221","vx_43b452ba060fe92f","fg0504","1","fg0504","fg0672","fg0117","fg0728","fg0950","fg0559","fg0637","fg0965","fg0708","fg0531","fg0201","fg0422","fg0467","fg0620","fg0931","fg0594","fg0894","fg0541","fg0274","fg0015"
"fq002222","vx_43b452ba060fe92f","fg0504","1","fg0504","fg0672","fg0950","fg0117","fg0931","fg0594","fg0637","fg0728","fg0274","fg0708","fg0620","fg0201","fg0559","fg0422","fg0965","fg0531","fg0467","fg0663","fg0872","fg0424"
"fq002223","vx_43b452ba060fe92f","fg0504","1","fg0504","fg0672","fg0931","fg0117","fg0728","fg0191","fg0594","fg0201","fg0644","fg0467","fg0950","fg0897","fg0831","fg0531","fg0274","fg0081","fg0663","fg0894","fg0198","fg0637"
"fq002224","vx_43b452ba060fe92f","fg0504","1","fg0504","fg0672","fg0931","fg0950","fg0274","fg0594","fg0637","fg0728","fg0422","fg0965","fg0708","fg0559","fg0663","fg0201","fg0897","fg0467","fg0620","fg0644","fg0424","fg0220"
"fq002225","vx_43b452ba060fe92f","fg0504","1","fg0504","fg0672","fg0950","fg0931","fg0594","fg0637","fg0274","fg0201","fg0620","fg0117","fg0728","fg0708","fg0644","fg0663","fg0779","fg0081","fg0049","fg0422","fg0897","fg0015"
"fq002226","vx_43b452ba060fe92f","fg0504","1","fg0504","fg0672","fg0117","fg0950","fg0728","fg0637","fg0531","fg0201","fg0467","fg0708","fg0931","fg0422","fg0620","fg0663","fg0894","fg0594","fg0274","fg0541","fg0872","fg0559"
"fq002227","vx_43b452ba060fe92f","fg0504","1","fg0504","fg0672","fg0950","fg0637","fg0728","fg0708","fg0422","fg0117","fg0201","fg0620","fg0274","fg0931","fg0424","fg0049","fg0721","fg0663","fg0594","fg0266","fg0563","fg0894"
"fq002228","vx_43b452ba060fe92f","fg0504","1","fg0504","fg0672","fg0950","fg0728","fg0637","fg0422","fg0620","fg0117","fg0708","fg0494","fg0975","fg0872","fg0559","fg0531","fg0201","fg0541","fg0081","fg0894","fg0049","fg0467"
"fq002229","vx_43b452ba060fe92f","fg0504","1","fg0504","fg0672","fg0950","fg0637","fg0117","fg0708","fg0728","fg0620","fg0931","fg0201","fg0559","fg0594","fg0422","fg0274","fg0872","fg0049","fg0424","fg0467","fg0894","fg0015"
"fq002230","vx_43b452ba060fe92f","fg0504","1","fg0504","fg0672","fg0950","fg0637","fg0931","fg0274","fg0708","fg0620","fg0594","fg0422","fg0049","fg0872","fg0201","fg0728","fg0559","fg0424","fg0663","fg0761","fg0965","fg0645"
"fq002231","vx_43b452ba060fe92f","fg0504","1","fg0504","fg0672","fg0117","fg0531","fg0728","fg0931","fg0594","fg0467","fg0950","fg0201","fg0541","fg0894","fg0897","fg0831","fg0559","fg0859","fg0637","fg0015","fg0409","fg0268"
"fq002232","vx_43b452ba060fe92f","fg0504","1","fg0504","fg0672","fg0950","fg0931","fg0274","fg0594","fg0422","fg0081","fg0539","fg0965","fg0637","fg0559","fg0708","fg0897","fg0761","fg0494","fg0620","fg0644","fg0779","fg0049"
"fq002233","vx_0c51bf55f2423fde","fg0505","1","fg0505","fg0657","fg0972","fg0294","fg0519","fg0914","fg0669","fg0260","fg0345","fg0147","fg0490","fg0659","fg0167","fg0733","fg0120","fg0448","fg0300","fg0858","fg0451","fg0052"
"fq002234","vx_625170c951406f7f","fg0506","1","fg0506","fg0208","fg0812","fg0433","fg0814","fg0486","fg0204","fg0109","fg0132","fg0704","fg0478","fg0201","fg0777","fg0815","fg0426","fg0563","fg0322","fg0498","fg0992","fg0238"
"fq002235","vx_625170c951406f7f","fg0506","1","fg0506","fg0812","fg0208","fg0433","fg0486","fg0814","fg0204","fg0109","fg0132","fg0704","fg0135","fg0165","fg0605","fg0478","fg0777","fg0498","fg0201","fg0426","fg0585","fg0281"
"fq002236","vx_625170c951406f7f","fg0506","1","fg0506","fg0208","fg0812","fg0433","fg0486","fg0814","fg0204","fg0777","fg0426","fg0704","fg0478","fg0563","fg0201","fg0957","fg0322","fg0810","fg0138","fg0992","fg0633","fg0815"
"fq002237","vx_e74bfc46ce6af76f","fg0507","1","fg0507","fg0085","fg0919","fg0891","fg0473","fg0808","fg0194","fg0286","fg0347","fg0676","fg0649","fg0355","fg0740","fg0484","fg0162","fg0562","fg0776","fg0400","fg0267","fg0288"
"fq002238","vx_e74bfc46ce6af76f","fg0507","1","fg0507","fg0085","fg0919","fg0891","fg0473","fg0194","fg0808","fg0347","fg0676","fg0286","fg0649","fg0162","fg0484","fg0355","fg0400","fg0740","fg0288","fg0776","fg0562","fg0633"
"fq002239","vx_e74bfc46ce6af76f","fg0507","1","fg0507","fg0891","fg0354","fg0085","fg0919","fg0438","fg0649","fg0355","fg0162","fg0769","fg0224","fg0868","fg0841","fg0609","fg0965","fg0484","fg0671","fg0267","fg0105","fg0927"
"fq002240","vx_e74bfc46ce6af76f","fg0507","1","fg0507","fg0085","fg0919","fg0891","fg0676","fg0473","fg0808","fg0347","fg0194","fg0649","fg0286","fg0355","fg0162","fg0484","fg0341","fg0981","fg0671","fg0718","fg0396","fg0423"
"fq002241","vx_e74bfc46ce6af76f","fg0507","1","fg0507","fg0085","fg0919","fg0891","fg0473","fg0347","fg0808","fg0355","fg0649","fg0162","fg0286","fg0194","fg0676","fg0740","fg0224","fg0400","fg0671","fg0562","fg0718","fg0267"
"fq002242","vx_e74bfc46ce6af76f","fg0507","1","fg0507","fg0085","fg0891","fg0919","fg0355","fg0649","fg0224","fg0162","fg0484","fg0473","fg0267","fg0808","fg0286","fg0740","fg0194","fg0347","fg0776","fg0870","fg0097","fg0417"
"fq002243","vx_e74bfc46ce6af76f","fg0507","1","fg0507","fg0085","fg0919","fg0891","fg0473","fg0347","fg0194","fg0649","fg0355","fg0808","fg0676","fg0162","fg0484","fg0286","fg0740","fg0267","fg0224","fg0400","fg0288","fg0776"
"fq002244","vx_e74bfc46ce6af76f","fg0507","1","fg0507","fg0085","fg0919","fg0891","fg0473","fg0808","fg0347","fg0676","fg0194","fg0286","fg0162","fg0649","fg0355","fg0400","fg0396","fg0740","fg0981","fg0671","fg0484","fg0718"
"fq002245","vx_e74bfc46ce6af76f","fg0507","1","fg0507","fg0085","fg0919","fg0891","fg0347","fg0649","fg0355","fg0473","fg0162","fg0808","fg0194","fg0286","fg0224","fg0671","fg0676","fg0633","fg0484","fg0740","fg0423","fg0267"
"fq002246","vx_e74bfc46ce6af76f","fg0507","1","fg0507","fg0085","fg0919","fg0891","fg0473","fg0347","fg0808","fg0649","fg0194","fg0676","fg0355","fg0286","fg0162","fg0484","fg0400","fg0740","fg0396","fg0224","fg0718","fg0671"
"fq002247","vx_e74bfc46ce6af76f","fg0507","1","fg0507","fg0085","fg0919","fg0891","fg0649","fg0355","fg0162","fg0473","fg0347","fg0808","fg0676","fg0224","fg0194","fg0286","fg0267","fg0484","fg0396","fg0423","fg0671","fg0718"
"fq002248","vx_e74bfc46ce6af76f","fg0507","1","fg0507","fg0085","fg0919","fg0676","fg0808","fg0347","fg0473","fg0286","fg0194","fg0891","fg0162","fg0981","fg0400","fg0341","fg0740","fg0649","fg0562","fg0718","fg0633","fg0355"
"fq002249","vx_e74bfc46ce6af76f","fg0507","1","fg0507","fg0085","fg0919","fg0347","fg0473","fg0808","fg0676","fg0194","fg0286","fg0400","fg0740","fg0341","fg0671","fg0562","fg0981","fg0633","fg0891","fg0162","fg0223","fg0126"
"fq002250","vx_e74bfc46ce6af76f","fg0507","1","fg0507","fg0085","fg0919","fg0473","fg0891","fg0808","fg0347","fg0194","fg0007","fg0676","fg0162","fg0286","fg0649","fg0355","fg0484","fg0671","fg0740","fg0396","fg0224","fg0633"
"fq002251","vx_e74bfc46ce6af76f","fg0507","1","fg0507","fg0085","fg0919","fg0891","fg0676","fg0347","fg0194","fg0484","fg0649","fg0473","fg0776","fg0355","fg0162","fg0740","fg0328","fg0728","fg0808","fg0400","fg0341","fg0633"
"fq002252","vx_e74bfc46ce6af76f","fg0507","1","fg0507","fg0085","fg0919","fg0676","fg0808","fg0347","fg0473","fg0286","fg0007","fg0194","fg0981","fg0740","fg0223","fg0341","fg0162","fg0965","fg0671","fg0562","fg0495","fg0400"
"fq002253","vx_e74bfc46ce6af76f","fg0507","1","fg0507","fg0085","fg0919","fg0891","fg0649","fg0473","fg0355","fg0347","fg0162","fg0194","fg0808","fg0224","fg0484","fg0676","fg0267","fg0286","fg0718","fg0396","fg0423","fg0740"
"fq002254","vx_e74bfc46ce6af76f","fg0507","1","fg0507","fg0085","fg0919","fg0347","fg0473","fg0676","fg0194","fg0808","fg0891","fg0286","fg0400","fg0162","fg0740","fg0633","fg0671","fg0981","fg0126","fg0718","fg0341","fg0605"
"fq002255","vx_e74bfc46ce6af76f","fg0507","1","fg0507","fg0085","fg0919","fg0891","fg0649","fg0355","fg0162","fg0224","fg0267","fg0484","fg0671","fg0965","fg0868","fg0740","fg0841","fg0417","fg0473","fg0927","fg0194","fg0808"
"fq002256","vx_e74bfc46ce6af76f","fg0507","1","fg0507","fg0085","fg0919","fg0891","fg0473","fg0808","fg0649","fg0347","fg0162","fg0355","fg0194","fg0286","fg0676","fg0484","fg0981","fg0671","fg0740","fg0224","fg0633","fg0400"
"fq002257","vx_e74bfc46ce6af76f","fg0507","1","fg0507","fg0085","fg0919","fg0891","fg0649","fg0676","fg0355","fg0808","fg0194","fg0162","fg0347","fg0473","fg0286","fg0484","fg0224","fg0267","fg0341","fg0981","fg0671","fg0396"
"fq002258","vx_e74bfc46ce6af76f","fg0507","1","fg0507","fg0085","fg0919","fg0808","fg0473","fg0286","fg0891","fg0347","fg0740","fg0649","fg0400","fg0355","fg0676","fg0162","fg0194","fg0671","fg0562","fg0088","fg0981","fg0489"
"fq002259","vx_e74bfc46ce6af76f","fg0507","1","fg0507","fg0085","fg0919","fg0891","fg0355","fg0649","fg0162","fg0473","fg0224","fg0347","fg0484","fg0267","fg0194","fg0808","fg0396","fg0676","fg0423","fg0288","fg0927","fg0740"
"fq002260","vx_e74bfc46ce6af76f","fg0507","1","fg0507","fg0085","fg0919","fg0891","fg0473","fg0649","fg0355","fg0347","fg0194","fg0808","fg0162","fg0286","fg0676","fg0740","fg0484","fg0400","fg0267","fg0224","fg0718","fg0562"
"fq002261","vx_e74bfc46ce6af76f","fg0507","1","fg0507","fg0085","fg0919","fg0891","fg0808","fg0286","fg0473","fg0649","fg0740","fg0355","fg0162","fg0194","fg0484","fg0676","fg0400","fg0347","fg0562","fg0675","fg0224","fg0621"
"fq002262","vx_e74bfc46ce6af76f","fg0507","1","fg0507","fg0085","fg0919","fg0347","fg0676","fg0194","fg0808","fg0473","fg0286","fg0740","fg0671","fg0341","fg0981","fg0162","fg0633","fg0562","fg0718","fg0423","fg0126","fg0223"
"fq002263","vx_e74bfc46ce6af76f","fg0507","1","fg0507","fg0085","fg0919","fg0676","fg0808","fg0473","fg0347","fg0286","fg0194","fg0400","fg0981","fg0740","fg0341","fg0633","fg0671","fg0223","fg0718","fg0126","fg0562","fg0605"
"fq002264","vx_e74bfc46ce6af76f","fg0507","1","fg0507","fg0085","fg0919","fg0891","fg0473","fg0808","fg0347","fg0676","fg0649","fg0355","fg0162","fg0194","fg0286","fg0396","fg0224","fg0484","fg0267","fg0718","fg0288","fg0400"
"fq002265","vx_e74bfc46ce6af76f","fg0507","1","fg0507","fg0085","fg0919","fg0891","fg0649","fg0675","fg0355","fg0162","fg0224","fg0973","fg0400","fg0671","fg0740","fg0621","fg0703","fg0451","fg0527","fg0484","fg0583","fg0473"
"fq002266","vx_e74bfc46ce6af76f","fg0507","1","fg0507","fg0085","fg0919","fg0891","fg0649","fg0355","fg0473","fg0808","fg0162","fg0347","fg0676","fg0194","fg0286","fg0224","fg0267","fg0484","fg0740","fg0981","fg0562","fg0400"
"fq002267","vx_e74bfc46ce6af76f","fg0507","1","fg0507","fg0085","fg0919","fg0891","fg0649","fg0355","fg0808","fg0347","fg0162","fg0676","fg0194","fg0473","fg0286","fg0981","fg0267","fg0484","fg0224","fg0740","fg0400","fg0718"
"fq002268","vx_e74bfc46ce6af76f","fg0507","1","fg0507","fg0085","fg0919","fg0891","fg0473","fg0355","fg0808","fg0649","fg0286","fg0162","fg0194","fg0347","fg0224","fg0484","fg0740","fg0676","fg0267","fg0671","fg0633","fg0400"
"fq002269","vx_e74bfc46ce6af76f","fg0507","1","fg0507","fg0085","fg0919","fg0891","fg0473","fg0347","fg0808","fg0676","fg0194","fg0286","fg0649","fg0740","fg0355","fg0162","fg0400","fg0484","fg0341","fg0718","fg0671","fg0633"
"fq002270","vx_e74bfc46ce6af76f","fg0507","1","fg0507","fg0085","fg0919","fg0891","fg0347","fg0473","fg0355","fg0649","fg0162","fg0808","fg0676","fg0194","fg0224","fg0286","fg0740","fg0671","fg0484","fg0267","fg0718","fg0562"
"fq002271","vx_e74bfc46ce6af76f","fg0507","1","fg0507","fg0085","fg0919","fg0891","fg0347","fg0649","fg0473","fg0355","fg0808","fg0676","fg0162","fg0194","fg0286","fg0224","fg0396","fg0267","fg0484","fg0718","fg0288","fg0671"
"fq002272","vx_e74bfc46ce6af76f","fg0507","1","fg0507","fg0085","fg0919","fg0891","fg0355","fg0649","fg0162","fg0473","fg0347","fg0484","fg0224","fg0194","fg0267","fg0808","fg0981","fg0676","fg0740","fg0718","fg0286","fg0423"
"fq002273","vx_e74bfc46ce6af76f","fg0507","1","fg0507","fg0085","fg0919","fg0891","fg0355","fg0649","fg0162","fg0224","fg0473","fg0194","fg0484","fg0347","fg0267","fg0808","fg0676","fg0740","fg0286","fg0417","fg0718","fg0423"
"fq002274","vx_e74bfc46ce6af76f","fg0507","1","fg0507","fg0085","fg0919","fg0891","fg0808","fg0286","fg0649","fg0473","fg0740","fg0347","fg0355","fg0162","fg0676","fg0194","fg0671","fg0400","fg0562","fg0224","fg0981","fg0484"
"fq002275","vx_e74bfc46ce6af76f","fg0507","1","fg0507","fg0085","fg0919","fg0891","fg0473","fg0355","fg0649","fg0347","fg0808","fg0162","fg0286","fg0194","fg0676","fg0224","fg0400","fg0396","fg0267","fg0484","fg0740","fg0718"
"fq002276","vx_e74bfc46ce6af76f","fg0507","1","fg0507","fg0085","fg0919","fg0891","fg0473","fg0347","fg0808","fg0355","fg0649","fg0286","fg0162","fg0194","fg0740","fg0676","fg0224","fg0484","fg0400","fg0642","fg0489","fg0562"
"fq002277","vx_e74bfc46ce6af76f","fg0507","1","fg0507","fg0085","fg0919","fg0891","fg0355","fg0649","fg0162","fg0473","fg0808","fg0224","fg0484","fg0347","fg0194","fg0267","fg0286","fg0740","fg0676","fg0562","fg0671","fg0417"
"fq002278","vx_e74bfc46ce6af76f","fg0507","1","fg0507","fg0085","fg0919","fg0473","fg0891","fg0007","fg0808","fg0671","fg0162","fg0347","fg0194","fg0740","fg0965","fg0649","fg0286","fg0841","fg0027","fg0484","fg0981","fg0355"
"fq002279","vx_e74bfc46ce6af76f","fg0507","1","fg0507","fg0085","fg0919","fg0891","fg0473","fg0347","fg0808","fg0649","fg0355","fg0676","fg0194","fg0162","fg0286","fg0718","fg0740","fg0400","fg0224","fg0484","fg0562","fg0423"
"fq002280","vx_e74bfc46ce6af76f","fg0507","1","fg0507","fg0085","fg0919","fg0808","fg0286","fg0891","fg0473","fg0676","fg0347","fg0194","fg0649","fg0162","fg0740","fg0400","fg0355","fg0671","fg0633","fg0981","fg0562","fg0341"
"fq002281","vx_e74bfc46ce6af76f","fg0507","1","fg0507","fg0085","fg0919","fg0808","fg0676","fg0286","fg0473","fg0891","fg0194","fg0347","fg0162","fg0740","fg0649","fg0355","fg0671","fg0981","fg0223","fg0633","fg0562","fg0484"
"fq002282","vx_e74bfc46ce6af76f","fg0507","1","fg0507","fg0085","fg0919","fg0891","fg0473","fg0355","fg0649","fg0347","fg0162","fg0808","fg0194","fg0484","fg0224","fg0676","fg0267","fg0286","fg0740","fg0396","fg0718","fg0642"
"fq002283","vx_e74bfc46ce6af76f","fg0507","1","fg0507","fg0085","fg0919","fg0891","fg0347","fg0473","fg0808","fg0676","fg0194","fg0286","fg0649","fg0162","fg0740","fg0355","fg0400","fg0671","fg0341","fg0981","fg0718","fg0562"
"fq002284","vx_e74bfc46ce6af76f","fg0507","1","fg0507","fg0085","fg0919","fg0891","fg0473","fg0194","fg0808","fg0347","fg0676","fg0162","fg0649","fg0355","fg0484","fg0286","fg0267","fg0562","fg0396","fg0341","fg0671","fg0740"
"fq002285","vx_e74bfc46ce6af76f","fg0507","1","fg0507","fg0085","fg0919","fg0891","fg0347","fg0473","fg0808","fg0676","fg0649","fg0194","fg0286","fg0162","fg0355","fg0740","fg0671","fg0981","fg0224","fg0484","fg0633","fg0562"
"fq002286","vx_e74bfc46ce6af76f","fg0507","1","fg0507","fg0085","fg0919","fg0891","fg0808","fg0347","fg0473","fg0676","fg0194","fg0286","fg0740","fg0649","fg0162","fg0484","fg0400","fg0355","fg0981","fg0562","fg0341","fg0633"
"fq002287","vx_e74bfc46ce6af76f","fg0507","1","fg0507","fg0085","fg0919","fg0891","fg0649","fg0355","fg0808","fg0473","fg0347","fg0286","fg0676","fg0194","fg0162","fg0484","fg0224","fg0267","fg0740","fg0671","fg0400","fg0718"
"fq002288","vx_e74bfc46ce6af76f","fg0507","1","fg0507","fg0085","fg0919","fg0891","fg0649","fg0355","fg0740","fg0473","fg0484","fg0194","fg0162","fg0808","fg0286","fg0347","fg0621","fg0267","fg0224","fg0841","fg0671","fg0776"
"fq002289","vx_e74bfc46ce6af76f","fg0507","1","fg0507","fg0085","fg0919","fg0891","fg0649","fg0355","fg0473","fg0808","fg0162","fg0194","fg0286","fg0347","fg0224","fg0676","fg0484","fg0267","fg0740","fg0396","fg0718","fg0562"
"fq002290","vx_e74bfc46ce6af76f","fg0507","1","fg0507","fg0085","fg0919","fg0891","fg0649","fg0355","fg0162","fg0224","fg0473","fg0808","fg0267","fg0484","fg0347","fg0740","fg0286","fg0194","fg0671","fg0417","fg0676","fg0841"
"fq002291","vx_e74bfc46ce6af76f","fg0507","1","fg0507","fg0085","fg0919","fg0891","fg0808","fg0649","fg0162","fg0473","fg0194","fg0286","fg0355","fg0347","fg0676","fg0740","fg0484","fg0981","fg0671","fg0562","fg0633","fg0965"
"fq002292","vx_e74bfc46ce6af76f","fg0507","1","fg0507","fg0085","fg0919","fg0891","fg0355","fg0649","fg0473","fg0347","fg0484","fg0162","fg0808","fg0194","fg0224","fg0286","fg0740","fg0671","fg0267","fg0633","fg0417","fg0642"
"fq002293","vx_e74bfc46ce6af76f","fg0507","1","fg0507","fg0085","fg0919","fg0891","fg0649","fg0355","fg0473","fg0162","fg0224","fg0808","fg0347","fg0194","fg0484","fg0267","fg0286","fg0676","fg0740","fg0671","fg0396","fg0423"
"fq002294","vx_e74bfc46ce6af76f","fg0507","1","fg0507","fg0085","fg0919","fg0473","fg0891","fg0007","fg0162","fg0808","fg0224","fg0355","fg0649","fg0484","fg0347","fg0194","fg0286","fg0676","fg0400","fg0740","fg0858","fg0671"
"fq002295","vx_e74bfc46ce6af76f","fg0507","1","fg0507","fg0085","fg0919","fg0891","fg0808","fg0286","fg0194","fg0473","fg0676","fg0347","fg0355","fg0649","fg0162","fg0484","fg0740","fg0400","fg0776","fg0981","fg0267","fg0633"
"fq002296","vx_e74bfc46ce6af76f","fg0507","1","fg0507","fg0085","fg0919","fg0473","fg0347","fg0676","fg0808","fg0194","fg0286","fg0740","fg0400","fg0981","fg0891","fg0162","fg0633","fg0671","fg0562","fg0341","fg0718","fg0489"
"fq002297","vx_c1b116262fbc2a25","fg0508","1","fg0508","fg0787","fg0991","fg0175","fg0810","fg0896","fg0325","fg0823","fg0610","fg0482","fg0880","fg0820","fg0176","fg0910","fg0683","fg0458","fg0802","fg0022","fg0127","fg0034"
"fq002298","vx_06f6b379606acb90","fg0509","1","fg0509","fg0938","fg0628","fg0922","fg0374","fg0848","fg0970","fg0699","fg0218","fg0155","fg0466","fg0660","fg0656","fg0030","fg0968","fg0576","fg0167","fg0271","fg0476","fg0110"
"fq002299","vx_dce9a201a90c0cb9","fg0510","1","fg0510","fg0070","fg0481","fg0302","fg0908","fg0100","fg0571","fg0576","fg0326","fg0539","fg0763","fg0849","fg0739","fg0415","fg0470","fg0733","fg0682","fg0709","fg0086","fg0372"
"fq002300","vx_dce9a201a90c0cb9","fg0510","2","fg0070","fg0510","fg0481","fg0302","fg0908","fg0100","fg0571","fg0326","fg0539","fg0709","fg0733","fg0470","fg0682","fg0415","fg0849","fg0739","fg0763","fg0121","fg0435","fg0372"
"fq002301","vx_dce9a201a90c0cb9","fg0510","3","fg0070","fg0481","fg0510","fg0908","fg0302","fg0571","fg0100","fg0733","fg0539","fg0326","fg0470","fg0682","fg0415","fg0849","fg0739","fg0763","fg0709","fg0372","fg0435","fg0086"
"fq002302","vx_dce9a201a90c0cb9","fg0510","2","fg0070","fg0510","fg0481","fg0908","fg0302","fg0100","fg0571","fg0539","fg0326","fg0470","fg0733","fg0682","fg0849","fg0763","fg0739","fg0709","fg0372","fg0415","fg0435","fg0105"
"fq002303","vx_dce9a201a90c0cb9","fg0510","3","fg0070","fg0481","fg0510","fg0302","fg0908","fg0100","fg0571","fg0539","fg0326","fg0733","fg0763","fg0739","fg0470","fg0849","fg0682","fg0415","fg0709","fg0372","fg0086","fg0435"
"fq002304","vx_dce9a201a90c0cb9","fg0510","2","fg0070","fg0510","fg0481","fg0302","fg0908","fg0100","fg0571","fg0539","fg0733","fg0326","fg0849","fg0470","fg0415","fg0682","fg0709","fg0576","fg0086","fg0763","fg0739","fg0121"
"fq002305","vx_dce9a201a90c0cb9","fg0510","2","fg0070","fg0510","fg0481","fg0908","fg0763","fg0739","fg0326","fg0302","fg0100","fg0470","fg0733","fg0571","fg0849","fg0539","fg0682","fg0415","fg0086","fg0024","fg0461","fg0372"
"fq002306","vx_dce9a201a90c0cb9","fg0510","1","fg0510","fg0070","fg0481","fg0374","fg0970","fg0466","fg0968","fg0656","fg0509","fg0835","fg0100","fg0908","fg0302","fg0709","fg0849","fg0739","fg0763","fg0571","fg0470","fg0326"
"fq002307","vx_dce9a201a90c0cb9","fg0510","1","fg0510","fg0070","fg0481","fg0302","fg0908","fg0100","fg0576","fg0571","fg0326","fg0849","fg0415","fg0733","fg0682","fg0470","fg0539","fg0763","fg0739","fg0709","fg0283","fg0903"
"fq002308","vx_9126f352357bd1bf","fg0511","1","fg0511","fg0917","fg0856","fg0202","fg0035","fg0434","fg0069","fg0716","fg0360","fg0942","fg0059","fg0998","fg0375","fg0324","fg0581","fg0136","fg0197","fg0457","fg0100","fg0837"
"fq002309","vx_4c281b83e2abe7ed","fg0512","1","fg0512","fg0053","fg0596","fg0438","fg0021","fg0297","fg0158","fg0626","fg0449","fg0700","fg0398","fg0354","fg0958","fg0985","fg0377","fg0673","fg0899","fg0209","fg0819","fg0323"
"fq002310","vx_a3f343789f0cf56d","fg0513","1","fg0513","fg0907","fg0211","fg0961","fg0951","fg0025","fg0539","fg0372","fg0665","fg0334","fg0138","fg0322","fg0965","fg0796","fg0843","fg0086","fg0559","fg0880","fg0195","fg0853"
"fq002311","vx_95c4bc9581987f55","fg0514","462","fg0910","fg0579","fg0270","fg0105","fg0525","fg0197","fg0453","fg0018","fg0235","fg0159","fg0469","fg0142","fg0559","fg0895","fg0079","fg0772","fg0435","fg0452","fg0969","fg0298"
"fq002312","vx_fc9a45743054f786","fg0515","1","fg0515","fg0594","fg0903","fg0118","fg0966","fg0192","fg0815","fg0778","fg0730","fg0614","fg0973","fg0298","fg0953","fg0565","fg0325","fg0110","fg0617","fg0944","fg0351","fg0926"
"fq002313","vx_fc9a45743054f786","fg0515","1","fg0515","fg0594","fg0966","fg0903","fg0118","fg0815","fg0192","fg0730","fg0325","fg0614","fg0953","fg0298","fg0156","fg0973","fg0565","fg0778","fg0926","fg0351","fg0424","fg0617"
"fq002314","vx_fc9a45743054f786","fg0515","1","fg0515","fg0594","fg0903","fg0966","fg0118","fg0192","fg0730","fg0815","fg0953","fg0614","fg0298","fg0325","fg0778","fg0565","fg0973","fg0137","fg0708","fg0871","fg0474","fg0120"
"fq002315","vx_fc9a45743054f786","fg0515","1","fg0515","fg0594","fg0903","fg0118","fg0192","fg0129","fg0815","fg0614","fg0086","fg0966","fg0778","fg0565","fg0325","fg0973","fg0617","fg0926","fg0399","fg0984","fg0120","fg0944"
"fq002316","vx_fc9a45743054f786","fg0515","1","fg0515","fg0594","fg0903","fg0966","fg0118","fg0192","fg0778","fg0973","fg0730","fg0815","fg0325","fg0129","fg0953","fg0614","fg0565","fg0086","fg0974","fg0527","fg0298","fg0944"
"fq002317","vx_fc9a45743054f786","fg0515","1","fg0515","fg0594","fg0903","fg0118","fg0192","fg0730","fg0966","fg0614","fg0325","fg0815","fg0973","fg0778","fg0953","fg0298","fg0565","fg0399","fg0974","fg0617","fg0535","fg0871"
"fq002318","vx_fc9a45743054f786","fg0515","1","fg0515","fg0594","fg0903","fg0118","fg0966","fg0192","fg0614","fg0325","fg0730","fg0815","fg0778","fg0565","fg0953","fg0973","fg0617","fg0944","fg0399","fg0129","fg0926","fg0298"
"fq002319","vx_fc9a45743054f786","fg0515","1","fg0515","fg0594","fg0069","fg0086","fg0129","fg0903","fg0815","fg0778","fg0973","fg0118","fg0840","fg0966","fg0577","fg0298","fg0120","fg0325","fg0192","fg0984","fg0614","fg0423"
"fq002320","vx_fc9a45743054f786","fg0515","124","fg0069","fg0086","fg0276","fg0203","fg0521","fg0129","fg0360","fg0405","fg0152","fg0717","fg0840","fg0815","fg0489","fg0117","fg0798","fg0127","fg0546","fg0423","fg0366","fg0176"
"fq002321","vx_fc9a45743054f786","fg0515","1","fg0515","fg0594","fg0903","fg0966","fg0118","fg0399","fg0730","fg0048","fg0815","fg0192","fg0893","fg0778","fg0648","fg0325","fg0424","fg0974","fg0565","fg0944","fg0298","fg0353"
"fq002322","vx_fc9a45743054f786","fg0515","1","fg0515","fg0594","fg0903","fg0118","fg0815","fg0966","fg0614","fg0069","fg0778","fg0192","fg0325","fg0570","fg0399","fg0953","fg0298","fg0120","fg0730","fg0565","fg0617","fg0291"
"fq002323","vx_fc9a45743054f786","fg0515","1","fg0515","fg0594","fg0903","fg0966","fg0118","fg0730","fg0192","fg0953","fg0815","fg0565","fg0614","fg0298","fg0325","fg0871","fg0617","fg0974","fg0944","fg0156","fg0973","fg0110"
"fq002324","vx_fc9a45743054f786","fg0515","1","fg0515","fg0594","fg0903","fg0118","fg0192","fg0966","fg0778","fg0815","fg0325","fg0730","fg0953","fg0973","fg0110","fg0129","fg0565","fg0614","fg0399","fg0086","fg0298","fg0120"
"fq002325","vx_fc9a45743054f786","fg0515","1","fg0515","fg0539","fg0965","fg0868","fg0559","fg0594","fg0105","fg0769","fg0294","fg0372","fg0724","fg0588","fg0173","fg0617","fg0796","fg0159","fg0708","fg0192","fg0424","fg0435"
"fq002326","vx_fc9a45743054f786","fg0515","1","fg0515","fg0594","fg0903","fg0966","fg0192","fg0118","fg0730","fg0815","fg0614","fg0973","fg0298","fg0953","fg0325","fg0565","fg0778","fg0974","fg0944","fg0351","fg0399","fg0926"
"fq002327","vx_fc9a45743054f786","fg0515","1","fg0515","fg0594","fg0903","fg0815","fg0966","fg0778","fg0118","fg0973","fg0192","fg0325","fg0730","fg0614","fg0565","fg0953","fg0298","fg0840","fg0527","fg0120","fg0110","fg0069"
"fq002328","vx_ec7e961e96782388","fg0516","1","fg0516","fg0674","fg0617","fg0110","fg0984","fg0206","fg0720","fg0116","fg0958","fg0351","fg0431","fg0581","fg0141","fg0728","fg0703","fg0845","fg0332","fg0232","fg0428","fg0562"
"fq002329","vx_ec7e961e96782388","fg0516","1","fg0516","fg0674","fg0617","fg0110","fg0116","fg0958","fg0141","fg0091","fg0332","fg0206","fg0044","fg0431","fg0720","fg0465","fg0728","fg0514","fg0845","fg0581","fg0351","fg0562"
"fq002330","vx_ec7e961e96782388","fg0516","1","fg0516","fg0674","fg0617","fg0110","fg0958","fg0116","fg0206","fg0351","fg0720","fg0984","fg0581","fg0728","fg0141","fg0703","fg0431","fg0845","fg0562","fg0332","fg0925","fg0465"
"fq002331","vx_ec7e961e96782388","fg0516","1","fg0516","fg0674","fg0617","fg0110","fg0116","fg0958","fg0141","fg0332","fg0431","fg0465","fg0728","fg0581","fg0091","fg0720","fg0206","fg0562","fg0845","fg0703","fg0044","fg0428"
"fq002332","vx_07c0df192e892ce6","fg0517","1","fg0517","fg0463","fg0592","fg0588","fg0616","fg0314","fg0857","fg0073","fg0927","fg0937","fg0292","fg0334","fg0159","fg0071","fg0490","fg0878","fg0568","fg0889","fg0659","fg0052"
"fq002333","vx_03d4c3070be02e1a","fg0518","1","fg0518","fg0303","fg0536","fg0648","fg0500","fg0356","fg0058","fg0220","fg0918","fg0911","fg0048","fg0179","fg0901","fg0980","fg0594","fg0535","fg0984","fg0232","fg0863","fg0646"
"fq002334","vx_2c49ad51c19aded2","fg0519","1","fg0519","fg0972","fg0657","fg0669","fg0505","fg0914","fg0294","fg0659","fg0490","fg0555","fg0733","fg0167","fg0706","fg0120","fg0858","fg0260","fg0227","fg0932","fg0691","fg0147"
"fq002335","vx_2c49ad51c19aded2","fg0519","1","fg0519","fg0972","fg0657","fg0505","fg0294","fg0914","fg0669","fg0706","fg0555","fg0227","fg0659","fg0490","fg0287","fg0402","fg0157","fg0733","fg0858","fg0260","fg0120","fg0905"
"fq002336","vx_409efbcd946f4cd6","fg0520","1","fg0520","fg0306","fg0808","fg0134","fg0864","fg0294","fg0105","fg0882","fg0920","fg0390","fg0378","fg0467","fg0011","fg0572","fg0443","fg0230","fg0769","fg0755","fg0014","fg0658"
"fq002337","vx_409efbcd946f4cd6","fg0520","1","fg0520","fg0306","fg0808","fg0393","fg0390","fg0864","fg0475","fg0467","fg0882","fg0134","fg0624","fg0378","fg0312","fg0217","fg0995","fg0829","fg0572","fg0737","fg0658","fg0755"
"fq002338","vx_409efbcd946f4cd6","fg0520","1","fg0520","fg0306","fg0808","fg0864","fg0390","fg0393","fg0378","fg0134","fg0882","fg0467","fg0572","fg0755","fg0614","fg0737","fg0658","fg0014","fg0995","fg0829","fg0443","fg0213"
"fq002339","vx_409efbcd946f4cd6","fg0520","1","fg0520","fg0306","fg0808","fg0864","fg0134","fg0882","fg0390","fg0175","fg0378","fg0427","fg0508","fg0572","fg0467","fg0443","fg0393","fg0755","fg0014","fg0678","fg0787","fg0450"
"fq002340","vx_409efbcd946f4cd6","fg0520","1","fg0520","fg0808","fg0306","fg0390","fg0864","fg0882","fg0134","fg0658","fg0378","fg0572","fg0487","fg0393","fg0755","fg0853","fg0995","fg0614","fg0624","fg0467","fg0014","fg0217"
"fq002341","vx_501666301c0c97ae","fg0521","12","fg0250","fg0498","fg0219","fg0337","fg0605","fg0271","fg0934","fg0218","fg0196","fg0783","fg0991","fg0521","fg0155","fg0701","fg0787","fg0975","fg0419","fg0642","fg0767","fg0508"
"fq002342","vx_501666301c0c97ae","fg0521","1","fg0521","fg0250","fg0498","fg0219","fg0991","fg0337","fg0810","fg0605","fg0787","fg0783","fg0414","fg0271","fg0910","fg0116","fg0508","fg0084","fg0155","fg0196","fg0218","fg0069"
"fq002343","vx_1506e1485d1fc5e6","fg0522","1","fg0522","fg0261","fg0343","fg0273","fg0210","fg0654","fg0445","fg0975","fg0847","fg0254","fg0643","fg0203","fg0785","fg0809","fg0483","fg0093","fg0112","fg0883","fg0772","fg0726"
"fq002344","vx_fd5d8df5ceff0230","fg0523","1","fg0523","fg0687","fg0529","fg0099","fg0958","fg0162","fg0964","fg0599","fg0961","fg0213","fg0113","fg0555","fg0249","fg0428","fg0906","fg0170","fg0273","fg0945","fg0280","fg0880"
"fq002345","vx_4048ea3722b7a9a2","fg0524","1","fg0524","fg0398","fg0133","fg0552","fg0165","fg0809","fg0148","fg0413","fg0612","fg0925","fg0772","fg0801","fg0364","fg0327","fg0668","fg0560","fg0615","fg0647","fg0193","fg0826"
"fq002346","vx_2814068521177d8b","fg0525","1","fg0525","fg0995","fg0973","fg0350","fg0334","fg0910","fg0258","fg0392","fg0018","fg0521","fg0176","fg0262","fg0714","fg0127","fg0904","fg0528","fg0256","fg0619","fg0435","fg0453"
"fq002347","vx_2814068521177d8b","fg0525","1","fg0525","fg0904","fg0910","fg0392","fg0018","fg0995","fg0650","fg0973","fg0334","fg0350","fg0521","fg0554","fg0829","fg0815","fg0465","fg0495","fg0714","fg0194","fg0923","fg0528"
"fq002348","vx_77d64fae79c67c88","fg0526","1","fg0526","fg0129","fg0615","fg0532","fg0892","fg0708","fg0471","fg0890","fg0764","fg0329","fg0946","fg0604","fg0476","fg0939","fg0874","fg0259","fg0024","fg0964","fg0753","fg0365"
"fq002349","vx_a4eb2a1bfb1c455e","fg0527","6","fg0533","fg0885","fg0569","fg0867","fg0997","fg0527","fg0758","fg0983","fg0583","fg0071","fg0886","fg0320","fg0500","fg0779","fg0140","fg0719","fg0364","fg0907","fg0854","fg0595"
"fq002350","vx_a4eb2a1bfb1c455e","fg0527","4","fg0533","fg0885","fg0867","fg0527","fg0569","fg0997","fg0983","fg0758","fg0583","fg0886","fg0320","fg0500","fg0779","fg0186","fg0071","fg0140","fg0066","fg0142","fg0719","fg0182"
"fq002351","vx_a4eb2a1bfb1c455e","fg0527","2","fg0533","fg0527","fg0867","fg0885","fg0569","fg0997","fg0983","fg0758","fg0583","fg0886","fg0320","fg0779","fg0071","fg0500","fg0140","fg0595","fg0719","fg0364","fg0066","fg0182"
"fq002352","vx_a4eb2a1bfb1c455e","fg0527","3","fg0533","fg0867","fg0527","fg0569","fg0885","fg0983","fg0997","fg0758","fg0583","fg0886","fg0071","fg0267","fg0779","fg0320","fg0588","fg0490","fg0140","fg0364","fg0430","fg0931"
"fq002353","vx_a4eb2a1bfb1c455e","fg0527","7","fg0533","fg0569","fg0867","fg0997","fg0885","fg0758","fg0527","fg0983","fg0071","fg0320","fg0886","fg0583","fg0868","fg0588","fg0719","fg0965","fg0131","fg0140","fg0490","fg0907"
"fq002354","vx_a4eb2a1bfb1c455e","fg0527","1","fg0527","fg0533","fg0867","fg0885","fg0569","fg0983","fg0997","fg0758","fg0583","fg0886","fg0320","fg0779","fg0500","fg0364","fg0140","fg0071","fg0186","fg0931","fg0991","fg0595"
"fq002355","vx_a4eb2a1bfb1c455e","fg0527","1","fg0527","fg0867","fg0983","fg0533","fg0569","fg0583","fg0885","fg0758","fg0886","fg0779","fg0364","fg0320","fg0500","fg0997","fg0140","fg0931","fg0991","fg0588","fg0071","fg0684"
"fq002356","vx_a4eb2a1bfb1c455e","fg0527","1","fg0527","fg0533","fg0867","fg0983","fg0885","fg0569","fg0583","fg0500","fg0758","fg0779","fg0364","fg0886","fg0997","fg0186","fg0991","fg0140","fg0320","fg0931","fg0142","fg0071"
"fq002357","vx_a4eb2a1bfb1c455e","fg0527","6","fg0533","fg0569","fg0867","fg0885","fg0997","fg0527","fg0983","fg0758","fg0071","fg0588","fg0583","fg0490","fg0320","fg0886","fg0186","fg0854","fg0779","fg0267","fg0500","fg0140"
"fq002358","vx_a4eb2a1bfb1c455e","fg0527","4","fg0533","fg0885","fg0867","fg0527","fg0569","fg0583","fg0758","fg0997","fg0320","fg0886","fg0983","fg0500","fg0779","fg0140","fg0719","fg0186","fg0066","fg0182","fg0071","fg0595"
"fq002359","vx_a4eb2a1bfb1c455e","fg0527","8","fg0569","fg0533","fg0885","fg0997","fg0867","fg0758","fg0071","fg0527","fg0983","fg0191","fg0328","fg0831","fg0583","fg0886","fg0500","fg0140","fg0779","fg0320","fg0588","fg0490"
"fq002360","vx_a4eb2a1bfb1c455e","fg0527","1","fg0527","fg0533","fg0885","fg0867","fg0983","fg0569","fg0997","fg0758","fg0583","fg0186","fg0500","fg0779","fg0886","fg0320","fg0364","fg0142","fg0071","fg0140","fg0991","fg0931"
"fq002361","vx_a4eb2a1bfb1c455e","fg0527","1","fg0527","fg0533","fg0867","fg0569","fg0885","fg0997","fg0983","fg0583","fg0758","fg0675","fg0071","fg0886","fg0320","fg0140","fg0500","fg0656","fg0276","fg0364","fg0588","fg0779"
"fq002362","vx_a4eb2a1bfb1c455e","fg0527","1","fg0527","fg0867","fg0533","fg0983","fg0320","fg0569","fg0583","fg0885","fg0886","fg0758","fg0997","fg0779","fg0500","fg0364","fg0140","fg0071","fg0931","fg0066","fg0907","fg0719"
"fq002363","vx_a4eb2a1bfb1c455e","fg0527","8","fg0533","fg0885","fg0569","fg0997","fg0867","fg0758","fg0983","fg0527","fg0583","fg0886","fg0071","fg0320","fg0500","fg0140","fg0779","fg0719","fg0588","fg0131","fg0854","fg0490"
"fq002364","vx_a4eb2a1bfb1c455e","fg0527","4","fg0533","fg0867","fg0569","fg0527","fg0885","fg0997","fg0758","fg0983","fg0583","fg0886","fg0320","fg0071","fg0779","fg0140","fg0500","fg0719","fg0854","fg0364","fg0595","fg0588"
"fq002365","vx_a4eb2a1bfb1c455e","fg0527","1","fg0527","fg0533","fg0867","fg0983","fg0583","fg0886","fg0885","fg0569","fg0758","fg0320","fg0500","fg0997","fg0779","fg0140","fg0364","fg0931","fg0066","fg0595","fg0182","fg0719"
"fq002366","vx_a4eb2a1bfb1c455e","fg0527","5","fg0533","fg0867","fg0885","fg0569","fg0527","fg0997","fg0758","fg0983","fg0583","fg0886","fg0320","fg0500","fg0779","fg0071","fg0140","fg0595","fg0719","fg0186","fg0364","fg0854"
"fq002367","vx_6752a78ed60758e3","fg0528","1","fg0528","fg0989","fg0536","fg0131","fg0893","fg0487","fg0048","fg0040","fg0980","fg0434","fg0947","fg0495","fg0128","fg0801","fg0525","fg0727","fg0648","fg0542","fg0038","fg0290"
"fq002368","vx_e73f61413ffffb43","fg0529","1","fg0529","fg0961","fg0523","fg0687","fg0099","fg0322","fg0513","fg0559","fg0162","fg0945","fg0875","fg0551","fg0776","fg0046","fg0242","fg0818","fg0138","fg0722","fg0907","fg0419"
"fq002369","vx_9a1553a1e3393699","fg0530","1","fg0530","fg0408","fg0107","fg0869","fg0090","fg0008","fg0765","fg0007","fg0382","fg0614","fg0791","fg0987","fg0769","fg0076","fg0284","fg0363","fg0628","fg0828","fg0459","fg0330"
"fq002370","vx_9a1553a1e3393699","fg0530","1","fg0530","fg0408","fg0107","fg0869","fg0090","fg0007","fg0008","fg0765","fg0614","fg0382","fg0284","fg0791","fg0076","fg0987","fg0769","fg0695","fg0330","fg0113","fg0727","fg0982"
"fq002371","vx_9a1553a1e3393699","fg0530","1","fg0530","fg0408","fg0107","fg0090","fg0869","fg0382","fg0008","fg0007","fg0765","fg0614","fg0791","fg0987","fg0076","fg0769","fg0284","fg0459","fg0828","fg0628","fg0404","fg0330"
"fq002372","vx_9a1553a1e3393699","fg0530","1","fg0530","fg0408","fg0107","fg0090","fg0869","fg0382","fg0008","fg0007","fg0769","fg0765","fg0791","fg0076","fg0987","fg0012","fg0614","fg0395","fg0828","fg0330","fg0459","fg0284"
"fq002373","vx_9a1553a1e3393699","fg0530","1","fg0530","fg0408","fg0107","fg0869","fg0090","fg0382","fg0007","fg0008","fg0765","fg0791","fg0614","fg0076","fg0987","fg0284","fg0447","fg0828","fg0459","fg0330","fg0020","fg0214"
"fq002374","vx_9a1553a1e3393699","fg0530","1","fg0530","fg0408","fg0107","fg0869","fg0090","fg0008","fg0765","fg0007","fg0614","fg0284","fg0382","fg0076","fg0828","fg0987","fg0363","fg0791","fg0695","fg0982","fg0330","fg0727"
"fq002375","vx_6a8d6b0797cc6928","fg0531","1","fg0531","fg0409","fg0191","fg0230","fg0831","fg0728","fg0541","fg0859","fg0801","fg0328","fg0996","fg0117","fg0540","fg0268","fg0841","fg0211","fg0984","fg0098","fg0404","fg0041"
"fq002376","vx_6a8d6b0797cc6928","fg0531","1","fg0531","fg0409","fg0191","fg0859","fg0541","fg0831","fg0235","fg0841","fg0268","fg0117","fg0230","fg0838","fg0334","fg0801","fg0325","fg0988","fg0853","fg0728","fg0601","fg0800"
"fq002377","vx_6a8d6b0797cc6928","fg0531","1","fg0531","fg0409","fg0230","fg0801","fg0541","fg0728","fg0117","fg0841","fg0859","fg0268","fg0996","fg0404","fg0191","fg0442","fg0838","fg0831","fg0929","fg0568","fg0041","fg0184"
"fq002378","vx_6a8d6b0797cc6928","fg0531","1","fg0531","fg0409","fg0191","fg0230","fg0541","fg0831","fg0268","fg0859","fg0841","fg0235","fg0801","fg0117","fg0838","fg0728","fg0988","fg0544","fg0334","fg0601","fg0404","fg0853"
"fq002379","vx_6a8d6b0797cc6928","fg0531","1","fg0531","fg0409","fg0230","fg0191","fg0801","fg0541","fg0268","fg0831","fg0841","fg0235","fg0859","fg0117","fg0404","fg0334","fg0601","fg0728","fg0838","fg0544","fg0853","fg0415"
"fq002380","vx_6a8d6b0797cc6928","fg0531","1","fg0531","fg0409","fg0191","fg0457","fg0831","fg0328","fg0728","fg0230","fg0841","fg0801","fg0117","fg0166","fg0268","fg0541","fg0859","fg0601","fg0984","fg0404","fg0631","fg0334"
"fq002381","vx_6a8d6b0797cc6928","fg0531","1","fg0531","fg0409","fg0230","fg0801","fg0191","fg0831","fg0841","fg0541","fg0859","fg0117","fg0268","fg0235","fg0728","fg0404","fg0544","fg0853","fg0334","fg0568","fg0838","fg0467"
"fq002382","vx_6a8d6b0797cc6928","fg0531","1","fg0531","fg0409","fg0191","fg0268","fg0541","fg0831","fg0859","fg0230","fg0841","fg0235","fg0117","fg0988","fg0801","fg0728","fg0334","fg0601","fg0544","fg0838","fg0467","fg0404"
"fq002383","vx_6a8d6b0797cc6928","fg0531","1","fg0531","fg0409","fg0541","fg0191","fg0859","fg0268","fg0831","fg0841","fg0988","fg0235","fg0117","fg0601","fg0728","fg0334","fg0467","fg0230","fg0838","fg0544","fg0822","fg0839"
"fq002384","vx_6a8d6b0797cc6928","fg0531","1","fg0531","fg0409","fg0230","fg0801","fg0191","fg0831","fg0841","fg0541","fg0117","fg0859","fg0268","fg0235","fg0853","fg0404","fg0728","fg0838","fg0544","fg0334","fg0467","fg0568"
"fq002385","vx_6a8d6b0797cc6928","fg0531","1","fg0531","fg0409","fg0230","fg0191","fg0801","fg0541","fg0831","fg0268","fg0117","fg0841","fg0859","fg0235","fg0728","fg0838","fg0404","fg0544","fg0467","fg0853","fg0334","fg0988"
"fq002386","vx_6a8d6b0797cc6928","fg0531","1","fg0531","fg0409","fg0191","fg0541","fg0230","fg0831","fg0859","fg0841","fg0268","fg0235","fg0117","fg0801","fg0334","fg0728","fg0988","fg0838","fg0544","fg0467","fg0601","fg0853"
"fq002387","vx_6a8d6b0797cc6928","fg0531","1","fg0531","fg0409","fg0191","fg0541","fg0859","fg0268","fg0831","fg0230","fg0841","fg0801","fg0235","fg0117","fg0728","fg0988","fg0838","fg0544","fg0601","fg0467","fg0334","fg0404"
"fq002388","vx_6a8d6b0797cc6928","fg0531","1","fg0531","fg0409","fg0230","fg0831","fg0191","fg0801","fg0541","fg0841","fg0268","fg0859","fg0117","fg0728","fg0838","fg0235","fg0853","fg0544","fg0988","fg0334","fg0404","fg0325"
"fq002389","vx_6a8d6b0797cc6928","fg0531","1","fg0531","fg0409","fg0191","fg0541","fg0859","fg0831","fg0268","fg0841","fg0117","fg0230","fg0235","fg0988","fg0801","fg0728","fg0334","fg0838","fg0601","fg0544","fg0467","fg0404"
"fq002390","vx_6a8d6b0797cc6928","fg0531","1","fg0531","fg0409","fg0230","fg0801","fg0191","fg0404","fg0541","fg0831","fg0841","fg0117","fg0235","fg0544","fg0859","fg0105","fg0268","fg0853","fg0838","fg0415","fg0568","fg0728"
"fq002391","vx_6a8d6b0797cc6928","fg0531","1","fg0531","fg0409","fg0191","fg0831","fg0728","fg0541","fg0859","fg0117","fg0268","fg0841","fg0988","fg0235","fg0601","fg0328","fg0334","fg0838","fg0839","fg0230","fg0467","fg0984"
"fq002392","vx_6a8d6b0797cc6928","fg0531","1","fg0531","fg0230","fg0191","fg0409","fg0328","fg0831","fg0601","fg0801","fg0235","fg0334","fg0540","fg0426","fg0105","fg0211","fg0404","fg0800","fg0415","fg0728","fg0734","fg0018"
"fq002393","vx_6a8d6b0797cc6928","fg0531","1","fg0531","fg0230","fg0409","fg0801","fg0235","fg0334","fg0426","fg0105","fg0404","fg0838","fg0853","fg0415","fg0601","fg0088","fg0568","fg0191","fg0800","fg0254","fg0831","fg0896"
"fq002394","vx_6a8d6b0797cc6928","fg0531","1","fg0531","fg0409","fg0541","fg0859","fg0191","fg0268","fg0831","fg0841","fg0988","fg0117","fg0235","fg0728","fg0838","fg0230","fg0544","fg0601","fg0467","fg0801","fg0334","fg0996"
"fq002395","vx_6a8d6b0797cc6928","fg0531","1","fg0531","fg0409","fg0230","fg0801","fg0541","fg0191","fg0117","fg0831","fg0268","fg0841","fg0859","fg0728","fg0838","fg0996","fg0544","fg0404","fg0853","fg0235","fg0041","fg0988"
"fq002396","vx_6a8d6b0797cc6928","fg0531","1","fg0531","fg0409","fg0191","fg0541","fg0230","fg0831","fg0859","fg0268","fg0801","fg0841","fg0235","fg0117","fg0988","fg0728","fg0334","fg0601","fg0838","fg0853","fg0544","fg0404"
"fq002397","vx_6a8d6b0797cc6928","fg0531","1","fg0531","fg0409","fg0191","fg0541","fg0859","fg0831","fg0268","fg0841","fg0117","fg0230","fg0235","fg0988","fg0801","fg0728","fg0838","fg0334","fg0853","fg0544","fg0996","fg0467"
"fq002398","vx_6a8d6b0797cc6928","fg0531","1","fg0531","fg0409","fg0191","fg0831","fg0859","fg0541","fg0728","fg0268","fg0841","fg0230","fg0117","fg0988","fg0235","fg0601","fg0328","fg0801","fg0467","fg0334","fg0544","fg0984"
"fq002399","vx_6a8d6b0797cc6928","fg0531","1","fg0531","fg0409","fg0541","fg0191","fg0859","fg0268","fg0841","fg0831","fg0230","fg0988","fg0117","fg0801","fg0728","fg0235","fg0838","fg0467","fg0544","fg0996","fg0853","fg0098"
"fq002400","vx_6a8d6b0797cc6928","fg0531","1","fg0531","fg0409","fg0191","fg0541","fg0831","fg0859","fg0268","fg0457","fg0841","fg0117","fg0230","fg0235","fg0838","fg0467","fg0988","fg0728","fg0801","fg0601","fg0544","fg0334"
"fq002401","vx_6a8d6b0797cc6928","fg0531","1","fg0531","fg0409","fg0541","fg0191","fg0230","fg0831","fg0859","fg0268","fg0841","fg0117","fg0235","fg0801","fg0728","fg0334","fg0988","fg0404","fg0544","fg0467","fg0601","fg0838"
"fq002402","vx_6a8d6b0797cc6928","fg0531","1","fg0531","fg0409","fg0191","fg0831","fg0541","fg0859","fg0268","fg0841","fg0728","fg0235","fg0988","fg0117","fg0601","fg0230","fg0334","fg0838","fg0544","fg0467","fg0801","fg0328"
"fq002403","vx_f8dd0c6b6113743d","fg0532","1","fg0532","fg0329","fg0892","fg0288","fg0939","fg0526","fg0157","fg0615","fg0030","fg0758","fg0372","fg0365","fg0691","fg0548","fg0098","fg0477","fg0244","fg0964","fg0643","fg0129"
"fq002404","vx_18938eb1e727439c","fg0533","1","fg0533","fg0885","fg0997","fg0569","fg0867","fg0071","fg0758","fg0983","fg0458","fg0490","fg0588","fg0275","fg0879","fg0854","fg0636","fg0527","fg0857","fg0907","fg0131","fg0659"
"fq002405","vx_80d59b3f9e7cf353","fg0534","1","fg0534","fg0448","fg0478","fg0281","fg0418","fg0134","fg0115","fg0839","fg0770","fg0209","fg0254","fg0705","fg0819","fg0681","fg0369","fg0702","fg0371","fg0391","fg0016","fg0087"
"fq002406","vx_bd930c4cd9ba4136","fg0535","1","fg0535","fg0144","fg0725","fg0672","fg0500","fg0714","fg0757","fg0121","fg0059","fg0518","fg0356","fg0554","fg0497","fg0333","fg0187","fg0942","fg0811","fg0342","fg0504","fg0152"
"fq002407","vx_f5d953435e8f0e0c","fg0536","1","fg0536","fg0989","fg0528","fg0420","fg0131","fg0893","fg0727","fg0495","fg0048","fg0434","fg0542","fg0648","fg0980","fg0135","fg0863","fg0984","fg0816","fg0801","fg0915","fg0303"
"fq002408","vx_f5d953435e8f0e0c","fg0536","1","fg0536","fg0989","fg0420","fg0727","fg0528","fg0131","fg0495","fg0542","fg0434","fg0893","fg0816","fg0984","fg0048","fg0135","fg0648","fg0303","fg0518","fg0980","fg0801","fg0406"
"fq002409","vx_2c5fe775dd14561d","fg0537","1","fg0537","fg0394","fg0117","fg0334","fg0202","fg0987","fg0696","fg0262","fg0545","fg0350","fg0665","fg0366","fg0274","fg0474","fg0973","fg0191","fg0411","fg0060","fg0171","fg0789"
"fq002410","vx_fc40565e524e02a6","fg0538","1","fg0538","fg0831","fg0191","fg0531","fg0442","fg0084","fg0117","fg0728","fg0104","fg0950","fg0544","fg0334","fg0690","fg0222","fg0230","fg0541","fg0409","fg0631","fg0841","fg0865"
"fq002411","vx_c81a57e94a56e0ea","fg0539","1","fg0539","fg0435","fg0588","fg0195","fg0199","fg0975","fg0796","fg0159","fg0372","fg0084","fg0994","fg0595","fg0616","fg0197","fg0779","fg0767","fg0042","fg0904","fg0559","fg0036"
"fq002412","vx_e2d30ac9a55631c7","fg0540","1","fg0540","fg0798","fg0951","fg0652","fg0097","fg0137","fg0232","fg0211","fg0060","fg0010","fg0328","fg0018","fg0731","fg0210","fg0547","fg0680","fg0239","fg0484","fg0569","fg0593"
"fq002413","vx_e2d30ac9a55631c7","fg0540","1","fg0540","fg0652","fg0211","fg0097","fg0735","fg0239","fg0060","fg0951","fg0561","fg0002","fg0077","fg0544","fg0896","fg0232","fg0720","fg0138","fg0798","fg0210","fg0093","fg0459"
"fq002414","vx_e2d30ac9a55631c7","fg0540","1","fg0540","fg0798","fg0951","fg0652","fg0060","fg0232","fg0137","fg0097","fg0450","fg0010","fg0554","fg0239","fg0735","fg0210","fg0340","fg0896","fg0766","fg0002","fg0205","fg0368"
"fq002415","vx_e2d30ac9a55631c7","fg0540","1","fg0540","fg0798","fg0137","fg0951","fg0652","fg0232","fg0060","fg0593","fg0010","fg0205","fg0097","fg0210","fg0002","fg0239","fg0450","fg0735","fg0896","fg0340","fg0200","fg0844"
"fq002416","vx_ed1d1ac6deb35551","fg0541","2","fg0859","fg0541","fg0988","fg0038","fg0325","fg1000","fg0409","fg0531","fg0665","fg0168","fg0691","fg0406","fg0728","fg0223","fg0314","fg0182","fg0935","fg0032","fg0696","fg0405"
"fq002417","vx_686b5d633b6411a3","fg0542","1","fg0542","fg0536","fg0360","fg0135","fg0406","fg0131","fg0984","fg0126","fg0904","fg0989","fg0528","fg0740","fg0613","fg0716","fg0570","fg0648","fg0086","fg0566","fg0375","fg0450"
"fq002418","vx_29c0493bddb3c254","fg0543","1","fg0543","fg0692","fg0381","fg0229","fg0437","fg0172","fg0169","fg0779","fg0587","fg0618","fg0140","fg0868","fg0350","fg0965","fg0955","fg0658","fg0675","fg0656","fg0646","fg0937"
"fq002419","vx_80cae84cc530a3c8","fg0544","1","fg0544","fg0831","fg0117","fg0191","fg0030","fg0477","fg0312","fg0628","fg0841","fg0184","fg0235","fg0880","fg0886","fg0965","fg0531","fg0470","fg0559","fg0418","fg0974","fg0239"
"fq002420","vx_12d553626e41dbd0","fg0545","1","fg0545","fg0807","fg0789","fg0256","fg0262","fg0246","fg0619","fg0781","fg0967","fg0987","fg0855","fg0556","fg0049","fg0190","fg0896","fg0263","fg0554","fg0266","fg0616","fg0921"
"fq002421","vx_12d553626e41dbd0","fg0545","1","fg0545","fg0807","fg0256","fg0262","fg0789","fg0619","fg0246","fg0781","fg0967","fg0987","fg0855","fg0556","fg0049","fg0266","fg0190","fg0554","fg0263","fg0896","fg0953","fg0163"
"fq002422","vx_12d553626e41dbd0","fg0545","1","fg0545","fg0807","fg0789","fg0256","fg0262","fg0246","fg0619","fg0781","fg0967","fg0987","fg0855","fg0556","fg0049","fg0554","fg0616","fg0190","fg0896","fg0266","fg0263","fg0921"
"fq002423","vx_12d553626e41dbd0","fg0545","1","fg0545","fg0807","fg0789","fg0262","fg0246","fg0256","fg0619","fg0781","fg0967","fg0987","fg0855","fg0556","fg0896","fg0616","fg0049","fg0190","fg0263","fg0266","fg0554","fg0455"
"fq002424","vx_12d553626e41dbd0","fg0545","1","fg0545","fg0807","fg0789","fg0619","fg0256","fg0262","fg0246","fg0781","fg0967","fg0987","fg0855","fg0049","fg0554","fg0896","fg0616","fg0325","fg0953","fg0190","fg0556","fg0266"
"fq002425","vx_12d553626e41dbd0","fg0545","1","fg0545","fg0807","fg0789","fg0262","fg0246","fg0619","fg0256","fg0781","fg0967","fg0987","fg0855","fg0049","fg0556","fg0266","fg0554","fg0263","fg0190","fg0175","fg0616","fg0953"
"fq002426","vx_12d553626e41dbd0","fg0545","1","fg0545","fg0807","fg0619","fg0262","fg0256","fg0789","fg0246","fg0781","fg0967","fg0987","fg0855","fg0049","fg0554","fg0190","fg0896","fg0775","fg0432","fg0266","fg0556","fg0455"
"fq002427","vx_d75eb54384bdf5fe","fg0546","1","fg0546","fg0792","fg0366","fg0998","fg0309","fg0004","fg0608","fg0251","fg0487","fg0920","fg0485","fg0443","fg0035","fg0879","fg0452","fg0890","fg0076","fg0225","fg0941","fg0461"
"fq002428","vx_29f9ab26aa88b1b4","fg0547","1","fg0547","fg0590","fg0017","fg0373","fg0820","fg0817","fg0068","fg0119","fg0802","fg0591","fg0118","fg0786","fg0084","fg0293","fg0830","fg0031","fg0951","fg0774","fg0658","fg0894"
"fq002429","vx_f194bf58dfb37fde","fg0548","1","fg0548","fg0759","fg0723","fg0800","fg0278","fg0221","fg0377","fg0689","fg0845","fg0112","fg0372","fg0449","fg0056","fg0142","fg0844","fg0623","fg0258","fg0337","fg0393","fg0373"
"fq002430","vx_6545167ef9808fe7","fg0549","1","fg0549","fg0217","fg0954","fg0301","fg0031","fg0825","fg0335","fg0317","fg0056","fg0266","fg0759","fg0460","fg0844","fg0161","fg0200","fg0115","fg0755","fg0836","fg0822","fg0665"
"fq002431","vx_cda5ad2245065d65","fg0550","1","fg0550","fg0707","fg0432","fg0214","fg0994","fg0272","fg0775","fg0726","fg0822","fg0301","fg0906","fg0442","fg0549","fg0696","fg0031","fg0964","fg0264","fg0823","fg0641","fg0880"
"fq002432","vx_cda5ad2245065d65","fg0550","1","fg0550","fg0707","fg0432","fg0214","fg0726","fg0775","fg0994","fg0272","fg0113","fg0854","fg0301","fg0906","fg0243","fg0822","fg0696","fg0964","fg0264","fg0026","fg0641","fg0310"
"fq002433","vx_2a694076b5de0e16","fg0551","1","fg0551","fg0612","fg0327","fg0668","fg0364","fg0962","fg0579","fg0585","fg0105","fg0529","fg0701","fg0945","fg0419","fg0989","fg0231","fg0322","fg0588","fg0559","fg0270","fg0184"
"fq002434","vx_f1ecd4de670a272e","fg0552","1","fg0552","fg0925","fg0133","fg0910","fg0321","fg0403","fg0148","fg0453","fg0165","fg0770","fg0317","fg0612","fg0942","fg0435","fg0647","fg0816","fg0018","fg0411","fg0973","fg0714"
"fq002435","vx_e434c0c28065d835","fg0553","1","fg0553","fg0720","fg0963","fg0417","fg0110","fg0342","fg0683","fg0276","fg0379","fg0726","fg0007","fg0287","fg0562","fg0339","fg0999","fg0830","fg0631","fg0786","fg0975","fg0224"
"fq002436","vx_e434c0c28065d835","fg0553","1","fg0553","fg0720","fg0963","fg0342","fg0185","fg0754","fg0830","fg0339","fg0786","fg0385","fg0633","fg0901","fg0562","fg0683","fg0417","fg0110","fg0276","fg0999","fg0949","fg0726"
"fq002437","vx_e434c0c28065d835","fg0553","1","fg0553","fg0720","fg0963","fg0342","fg0110","fg0683","fg0339","fg0830","fg0786","fg0562","fg0901","fg0185","fg0385","fg0754","fg0949","fg0417","fg0726","fg0287","fg0999","fg0276"
"fq002438","vx_bdf2b6568d4f82f9","fg0554","65","fg0539","fg0559","fg0965","fg0588","fg0868","fg0195","fg0769","fg0105","fg0365","fg0673","fg0675","fg0372","fg0211","fg0159","fg0659","fg0464","fg0916","fg0919","fg0042","fg0025"
"fq002439","vx_a97cf49a7cf5ce7d","fg0555","1","fg0555","fg0706","fg0402","fg0905","fg0157","fg0523","fg0687","fg0227","fg0175","fg0529","fg0244","fg0287","fg0346","fg0162","fg0519","fg0031","fg0804","fg0099","fg0678","fg0955"
"fq002440","vx_c8f70665a0682a61","fg0556","1","fg0556","fg0039","fg0782","fg0100","fg0350","fg0105","fg0845","fg0698","fg0122","fg0697","fg0751","fg0321","fg0816","fg0109","fg0796","fg0293","fg0270","fg0173","fg0902","fg0220"
"fq002441","vx_2d1886f14de4b3d6","fg0557","1","fg0557","fg0271","fg0155","fg0959","fg0841","fg0376","fg0621","fg0233","fg0642","fg0783","fg0113","fg0218","fg0042","fg0587","fg0196","fg0591","fg0660","fg0705","fg0779","fg0232"
"fq002442","vx_76384b36a315a639","fg0558","1","fg0558","fg0021","fg0954","fg0797","fg0641","fg0214","fg0877","fg0873","fg0432","fg0707","fg0239","fg0335","fg0272","fg0775","fg0652","fg0100","fg0621","fg0735","fg0589","fg0128"
"fq002443","vx_73fb41edb7145dbc","fg0559","2","fg0240","fg0559","fg0689","fg0183","fg0337","fg0623","fg0449","fg0377","fg0128","fg0900","fg0043","fg0965","fg0484","fg0687","fg0046","fg0456","fg0499","fg0414","fg0993","fg0870"
"fq002444","vx_73fb41edb7145dbc","fg0559","3","fg0419","fg0029","fg0559","fg0455","fg0362","fg0240","fg0337","fg0004","fg0689","fg0623","fg0083","fg0551","fg0965","fg0668","fg0168","fg0881","fg0352","fg0698","fg0696","fg0611"
"fq002445","vx_73fb41edb7145dbc","fg0559","1","fg0559","fg0965","fg0240","fg0689","fg0868","fg0151","fg0539","fg0623","fg0453","fg0990","fg0337","fg0105","fg0183","fg0043","fg0875","fg0377","fg0687","fg0086","fg0128","fg0909"
"fq002446","vx_73fb41edb7145dbc","fg0559","2","fg0240","fg0559","fg0689","fg0183","fg0965","fg0484","fg0337","fg0449","fg0377","fg0499","fg0623","fg0453","fg0128","fg0151","fg0868","fg0726","fg0539","fg0870","fg0898","fg0242"
"fq002447","vx_73fb41edb7145dbc","fg0559","4","fg0108","fg0159","fg0768","fg0559","fg0889","fg0659","fg0810","fg0721","fg0403","fg0760","fg0490","fg0589","fg0400","fg0825","fg0729","fg0279","fg0169","fg0965","fg0004","fg0059"
"fq002448","vx_73fb41edb7145dbc","fg0559","1","fg0559","fg0240","fg0965","fg0689","fg0183","fg0539","fg0868","fg0687","fg0151","fg0449","fg0377","fg0623","fg0043","fg0455","fg0337","fg0499","fg0046","fg0453","fg0294","fg0993"
"fq002449","vx_73fb41edb7145dbc","fg0559","1","fg0559","fg0833","fg0459","fg0965","fg0353","fg0253","fg0222","fg0105","fg0803","fg0616","fg0517","fg0151","fg0539","fg0629","fg0857","fg0453","fg0435","fg0588","fg0365","fg0880"
"fq002450","vx_77a5a849ee014565","fg0560","2","fg0552","fg0560","fg0925","fg0148","fg0826","fg0133","fg0095","fg0403","fg0364","fg0793","fg0165","fg0647","fg0668","fg0327","fg0612","fg0842","fg0801","fg0640","fg0593","fg0617"
"fq002451","vx_886240fb2a743c49","fg0561","1","fg0561","fg0239","fg0735","fg0652","fg0097","fg0381","fg0769","fg0693","fg0683","fg0173","fg0190","fg0311","fg0727","fg0740","fg0587","fg0867","fg0543","fg0779","fg0928","fg0553"
"fq002452","vx_5f5e263ebc1bd27d","fg0562","1","fg0562","fg0999","fg0553","fg0276","fg0675","fg0656","fg0955","fg0230","fg0720","fg0342","fg0727","fg0203","fg0734","fg0527","fg0471","fg0919","fg0458","fg0218","fg0437","fg0740"
"fq002453","vx_5f5e263ebc1bd27d","fg0562","1","fg0562","fg0999","fg0955","fg0656","fg0230","fg0203","fg0276","fg0553","fg0675","fg0442","fg0919","fg0769","fg0740","fg0218","fg0734","fg0342","fg0592","fg0868","fg0720","fg0455"
"fq002454","vx_6a45877a9e63565c","fg0563","1","fg0563","fg0711","fg0417","fg0355","fg0057","fg0040","fg0454","fg0379","fg0266","fg0637","fg0977","fg0832","fg0828","fg0721","fg0506","fg0814","fg0022","fg0157","fg0649","fg0892"
"fq002455","vx_9381ea13f3d39de9","fg0564","1","fg0564","fg0255","fg0689","fg0623","fg0911","fg0337","fg0465","fg0439","fg0080","fg0114","fg0332","fg0864","fg0734","fg0862","fg0121","fg0141","fg0485","fg0087","fg0986","fg0894"
"fq002456","vx_9381ea13f3d39de9","fg0564","1","fg0564","fg0894","fg0121","fg0864","fg0478","fg0087","fg0467","fg0814","fg0907","fg0062","fg0734","fg0255","fg0055","fg0917","fg0998","fg0829","fg0204","fg0208","fg0681","fg0840"
"fq002457","vx_51908dae37c0e386","fg0565","9","fg0524","fg0398","fg0191","fg0328","fg0146","fg0656","fg0413","fg0675","fg0565","fg0411","fg0772","fg0888","fg0276","fg0607","fg0434","fg0590","fg0018","fg0934","fg0831","fg0569"
"fq002458","vx_51908dae37c0e386","fg0565","1","fg0565","fg0627","fg0649","fg0102","fg0552","fg0368","fg0605","fg0515","fg0680","fg0749","fg0045","fg0544","fg0528","fg0086","fg0331","fg0336","fg0891","fg0882","fg0965","fg0124"
"fq002459","vx_d586724bf6269b91","fg0566","1","fg0566","fg0784","fg0296","fg0653","fg0825","fg0146","fg0054","fg0323","fg0700","fg0407","fg0106","fg0226","fg0424","fg0899","fg0594","fg0591","fg0865","fg0212","fg0966","fg0985"
"fq002460","vx_d586724bf6269b91","fg0566","1","fg0566","fg0784","fg0296","fg0054","fg0146","fg0653","fg0700","fg0825","fg0106","fg0899","fg0407","fg0424","fg0440","fg0493","fg0594","fg0542","fg0985","fg0644","fg0865","fg0966"
"fq002461","vx_e6450f81282c5a25","fg0567","1","fg0567","fg0007","fg0397","fg0727","fg0417","fg0045","fg0736","fg0930","fg0614","fg0600","fg0319","fg0883","fg0854","fg0173","fg0192","fg0384","fg0695","fg0858","fg0379","fg0575"
"fq002462","vx_5afd4a9659f75afd","fg0568","1","fg0568","fg0846","fg0073","fg0937","fg0927","fg0153","fg0404","fg0968","fg0527","fg0867","fg0583","fg0919","fg0320","fg0779","fg0886","fg0341","fg0889","fg0931","fg0230","fg0675"
"fq002463","vx_4169081567318195","fg0569","1","fg0569","fg0533","fg0885","fg0867","fg0997","fg0071","fg0490","fg0588","fg0758","fg0983","fg0159","fg0659","fg0270","fg0579","fg0584","fg0527","fg0267","fg0729","fg0460","fg0889"
"fq002464","vx_4169081567318195","fg0569","2","fg0533","fg0569","fg0885","fg0997","fg0867","fg0071","fg0758","fg0983","fg0588","fg0490","fg0527","fg0159","fg0270","fg0275","fg0854","fg0458","fg0729","fg0636","fg0320","fg0584"
"fq002465","vx_a4749ff598aca5c0","fg0570","1","fg0570","fg0561","fg0161","fg0837","fg0239","fg0149","fg0375","fg0735","fg0461","fg0058","fg0097","fg0069","fg0998","fg0745","fg0360","fg0652","fg0842","fg0542","fg0920","fg0912"
"fq002466","vx_a4749ff598aca5c0","fg0570","1","fg0570","fg0461","fg0906","fg0912","fg0998","fg0239","fg0004","fg0735","fg0561","fg0415","fg0920","fg0097","fg0413","fg0643","fg0190","fg0652","fg0842","fg0360","fg0477","fg0961"
"fq002467","vx_a4749ff598aca5c0","fg0570","1","fg0570","fg0461","fg0906","fg0239","fg0735","fg0912","fg0561","fg0998","fg0097","fg0920","fg0413","fg0190","fg0415","fg0643","fg0842","fg0652","fg0004","fg0029","fg0360","fg0224"
"fq002468","vx_a4749ff598aca5c0","fg0570","1","fg0570","fg0461","fg0735","fg0239","fg0561","fg0998","fg0097","fg0004","fg0961","fg0652","fg0912","fg0920","fg0196","fg0643","fg0842","fg0190","fg0906","fg0739","fg0763","fg0413"
"fq002469","vx_a4749ff598aca5c0","fg0570","1","fg0570","fg0161","fg0461","fg0561","fg0998","fg0837","fg0375","fg0920","fg0239","fg0735","fg0842","fg0149","fg0004","fg0415","fg0097","fg0912","fg0413","fg0542","fg0745","fg0643"
"fq002470","vx_a4749ff598aca5c0","fg0570","1","fg0570","fg0461","fg0906","fg0912","fg0998","fg0239","fg0735","fg0561","fg0004","fg0097","fg0643","fg0415","fg0920","fg0413","fg0652","fg0190","fg0961","fg0842","fg0029","fg0360"
"fq002471","vx_a4749ff598aca5c0","fg0570","1","fg0570","fg0461","fg0912","fg0998","fg0004","fg0920","fg0561","fg0906","fg0196","fg0735","fg0161","fg0042","fg0239","fg0961","fg0643","fg0842","fg0097","fg0360","fg0783","fg0224"
"fq002472","vx_f236c8ff48c0a882","fg0571","1","fg0571","fg0932","fg0611","fg0682","fg0691","fg0474","fg0481","fg0035","fg0070","fg0715","fg0098","fg0359","fg0947","fg0998","fg0888","fg0510","fg0973","fg0461","fg0669","fg0519"
"fq002473","vx_58e3400eb49e70ac","fg0572","1","fg0572","fg0688","fg0796","fg0332","fg0547","fg0465","fg0141","fg0839","fg0388","fg0020","fg0211","fg0590","fg0503","fg0293","fg0123","fg0755","fg0423","fg0280","fg0195","fg0328"
"fq002474","vx_58e3400eb49e70ac","fg0572","1","fg0572","fg0688","fg0796","fg0423","fg0280","fg0547","fg0839","fg0293","fg0388","fg0591","fg0711","fg0853","fg0329","fg0755","fg0195","fg0119","fg0520","fg0392","fg0253","fg0029"
"fq002475","vx_58e3400eb49e70ac","fg0572","1","fg0572","fg0796","fg0688","fg0423","fg0280","fg0711","fg0195","fg0547","fg0293","fg0591","fg0755","fg0853","fg0839","fg0392","fg0388","fg0119","fg0253","fg0329","fg0369","fg0207"
"fq002476","vx_58e3400eb49e70ac","fg0572","1","fg0572","fg0688","fg0796","fg0839","fg0388","fg0547","fg0423","fg0591","fg0503","fg0293","fg0280","fg0711","fg0755","fg0195","fg0329","fg0548","fg0123","fg0119","fg0029","fg0254"
"fq002477","vx_58e3400eb49e70ac","fg0572","1","fg0572","fg0796","fg0423","fg0688","fg0853","fg0293","fg0195","fg0880","fg0711","fg0823","fg0755","fg0945","fg0547","fg0253","fg0280","fg0896","fg0369","fg0207","fg0209","fg0211"
"fq002478","vx_58e3400eb49e70ac","fg0572","1","fg0572","fg0688","fg0796","fg0388","fg0839","fg0280","fg0195","fg0423","fg0503","fg0465","fg0547","fg0141","fg0591","fg0293","fg0755","fg0711","fg0880","fg0332","fg0853","fg0119"
"fq002479","vx_58e3400eb49e70ac","fg0572","1","fg0572","fg0796","fg0465","fg0141","fg0332","fg0755","fg0195","fg0369","fg0907","fg0211","fg0499","fg0280","fg0945","fg0293","fg0896","fg0806","fg0880","fg0329","fg0688","fg0853"
"fq002480","vx_58e3400eb49e70ac","fg0572","1","fg0572","fg0796","fg0423","fg0195","fg0329","fg0280","fg0293","fg0755","fg0688","fg0711","fg0853","fg0119","fg0945","fg0547","fg0590","fg0253","fg0896","fg0567","fg0823","fg0942"
"fq002481","vx_0bbebab6bc5d304a","fg0573","118","fg0907","fg0942","fg0312","fg0106","fg0475","fg0170","fg0211","fg0025","fg0059","fg0279","fg0258","fg0844","fg0228","fg0988","fg0223","fg0039","fg0372","fg0697","fg0725","fg0393"
"fq002482","vx_0bbebab6bc5d304a","fg0573","1","fg0573","fg0147","fg0260","fg0345","fg0012","fg0490","fg0421","fg0589","fg0175","fg0047","fg0416","fg0505","fg0657","fg0460","fg0914","fg0487","fg0858","fg0297","fg0554","fg0203"
"fq002483","vx_0bbebab6bc5d304a","fg0573","1","fg0573","fg0147","fg0345","fg0260","fg0421","fg0047","fg0416","fg0012","fg0490","fg0589","fg0175","fg0411","fg0638","fg0914","fg0588","fg0115","fg0069","fg0438","fg0487","fg0491"
"fq002484","vx_0bbebab6bc5d304a","fg0573","1","fg0573","fg0147","fg0345","fg0260","fg0421","fg0490","fg0012","fg0589","fg0047","fg0416","fg0175","fg0460","fg0659","fg0914","fg0411","fg0203","fg0487","fg0539","fg0922","fg0491"
"fq002485","vx_0bbebab6bc5d304a","fg0573","1","fg0573","fg0147","fg0260","fg0345","fg0012","fg0490","fg0421","fg0589","fg0175","fg0047","fg0416","fg0505","fg0460","fg0657","fg0914","fg0858","fg0203","fg0297","fg0487","fg0115"
"fq002486","vx_acc455d74aa65a6e","fg0574","1","fg0574","fg0884","fg0333","fg0389","fg0392","fg0293","fg0326","fg0123","fg0320","fg0886","fg0853","fg0719","fg0145","fg0758","fg0583","fg0661","fg0104","fg0595","fg0589","fg0264"
"fq002487","vx_acc455d74aa65a6e","fg0574","1","fg0574","fg0884","fg0333","fg0389","fg0392","fg0293","fg0853","fg0320","fg0886","fg0326","fg0123","fg0719","fg0583","fg0145","fg0104","fg0733","fg0661","fg0758","fg0127","fg0595"
"fq002488","vx_acc455d74aa65a6e","fg0574","1","fg0574","fg0884","fg0333","fg0389","fg0392","fg0293","fg0320","fg0326","fg0123","fg0886","fg0853","fg0719","fg0145","fg0583","fg0104","fg0758","fg0661","fg0595","fg0733","fg0275"
"fq002489","vx_acc455d74aa65a6e","fg0574","1","fg0574","fg0884","fg0333","fg0389","fg0392","fg0293","fg0853","fg0326","fg0123","fg0320","fg0886","fg0719","fg0661","fg0733","fg0104","fg0145","fg0583","fg0589","fg0127","fg0387"
"fq002490","vx_acc455d74aa65a6e","fg0574","1","fg0574","fg0884","fg0333","fg0389","fg0392","fg0293","fg0853","fg0326","fg0320","fg0886","fg0123","fg0719","fg0583","fg0145","fg0661","fg0104","fg0758","fg0595","fg0733","fg0127"
"fq002491","vx_b1d2984a216927cf","fg0575","1","fg0575","fg0851","fg0578","fg0006","fg0228","fg0236","fg0075","fg0225","fg0066","fg0237","fg0370","fg0189","fg0492","fg0850","fg0354","fg0493","fg0253","fg0836","fg0460","fg0194"
"fq002492","vx_79da32edfd0f8004","fg0576","1","fg0576","fg0915","fg0496","fg0283","fg0494","fg0585","fg0628","fg0036","fg0271","fg0642","fg0056","fg0938","fg0510","fg0660","fg0798","fg0616","fg0984","fg0196","fg0926","fg0419"
"fq002493","vx_c0228351e8108922","fg0577","1","fg0577","fg0130","fg0315","fg0119","fg0380","fg0017","fg0688","fg0821","fg0778","fg0973","fg0734","fg0373","fg0988","fg0388","fg0350","fg0828","fg0257","fg0087","fg0120","fg0062"
"fq002494","vx_c0228351e8108922","fg0577","1","fg0577","fg0315","fg0130","fg0119","fg0017","fg0049","fg0744","fg0087","fg0821","fg0380","fg0062","fg0704","fg0828","fg0370","fg0734","fg0257","fg0478","fg0388","fg0778","fg0604"
"fq002495","vx_6b8ee4b0977c3be5","fg0578","1","fg0578","fg0851","fg0006","fg0228","fg0575","fg0066","fg0370","fg0889","fg0108","fg0931","fg0709","fg0406","fg0400","fg0194","fg0171","fg0589","fg0836","fg0850","fg0064","fg0854"
"fq002496","vx_6b8ee4b0977c3be5","fg0578","1","fg0578","fg0851","fg0006","fg0228","fg0575","fg0066","fg0370","fg0889","fg0108","fg0850","fg0406","fg0703","fg0400","fg0490","fg0836","fg0194","fg0919","fg0604","fg0673","fg0205"
"fq002497","vx_87630f0aebb78d63","fg0579","1","fg0579","fg0105","fg0588","fg0270","fg0659","fg0490","fg0159","fg0503","fg0569","fg0018","fg0889","fg0698","fg0211","fg0547","fg0411","fg0016","fg0695","fg0584","fg0032","fg0167"
"fq002498","vx_85d4673af5495908","fg0580","1","fg0580","fg0145","fg0241","fg0936","fg0821","fg0681","fg0822","fg0723","fg0620","fg0033","fg0278","fg0776","fg0189","fg0052","fg0015","fg0819","fg0743","fg0041","fg0712","fg0643"
"fq002499","vx_ce65eec3df007d0e","fg0581","1","fg0581","fg0631","fg0339","fg0813","fg0158","fg0385","fg0901","fg0799","fg0863","fg0617","fg0918","fg0215","fg0120","fg0832","fg0226","fg0124","fg0516","fg0019","fg0830","fg0862"
"fq002500","vx_6ddb7bfe61d890cc","fg0582","1","fg0582","fg0670","fg0861","fg0375","fg0149","fg0837","fg0013","fg0794","fg0154","fg0101","fg0795","fg0386","fg0103","fg0645","fg0367","fg0188","fg0308","fg0074","fg0268","fg0134"
"fq002501","vx_6ddb7bfe61d890cc","fg0582","1","fg0582","fg0861","fg0670","fg0375","fg0149","fg0013","fg0837","fg0154","fg0794","fg0101","fg0103","fg0372","fg0645","fg0386","fg0367","fg0795","fg0188","fg0134","fg0317","fg0721"
"fq002502","vx_6ddb7bfe61d890cc","fg0582","1","fg0582","fg0154","fg0372","fg0670","fg0101","fg0861","fg0013","fg0149","fg0794","fg0721","fg0831","fg0375","fg0312","fg0837","fg0750","fg0076","fg0622","fg0367","fg0844","fg0645"
"fq002503","vx_c0bf7217b4d65a5b","fg0583","1","fg0583","fg0886","fg0320","fg0527","fg0719","fg0313","fg0066","fg0182","fg0983","fg0140","fg0758","fg0779","fg0500","fg0737","fg0595","fg0867","fg0333","fg0931","fg0854","fg0224"
"fq002504","vx_c0bf7217b4d65a5b","fg0583","1","fg0583","fg0886","fg0320","fg0719","fg0527","fg0182","fg0313","fg0066","fg0758","fg0595","fg0983","fg0140","fg0779","fg0500","fg0737","fg0333","fg0867","fg0579","fg0931","fg0854"
"fq002505","vx_c0bf7217b4d65a5b","fg0583","1","fg0583","fg0886","fg0320","fg0719","fg0182","fg0066","fg0595","fg0527","fg0758","fg0983","fg0313","fg0140","fg0779","fg0737","fg0500","fg0854","fg0867","fg0931","fg0333","fg0884"
"fq002506","vx_c0bf7217b4d65a5b","fg0583","1","fg0583","fg0886","fg0320","fg0719","fg0527","fg0182","fg0758","fg0066","fg0140","fg0313","fg0983","fg0779","fg0595","fg0500","fg0333","fg0737","fg0867","fg0574","fg0454","fg0884"
"fq002507","vx_c0bf7217b4d65a5b","fg0583","1","fg0583","fg0886","fg0320","fg0719","fg0182","fg0313","fg0066","fg0527","fg0758","fg0983","fg0595","fg0779","fg0140","fg0500","fg0737","fg0333","fg0854","fg0867","fg0884","fg0579"
"fq002508","vx_c0bf7217b4d65a5b","fg0583","1","fg0583","fg0886","fg0320","fg0719","fg0313","fg0527","fg0500","fg0140","fg0983","fg0182","fg0066","fg0584","fg0867","fg0758","fg0779","fg0595","fg0737","fg0270","fg0579","fg0224"
"fq002509","vx_c0bf7217b4d65a5b","fg0583","540","fg0462","fg0043","fg0591","fg0865","fg0839","fg0534","fg0687","fg0688","fg0195","fg0207","fg0017","fg0601","fg0964","fg0802","fg0685","fg0849","fg0499","fg0293","fg0123","fg0113"
"fq002510","vx_c0bf7217b4d65a5b","fg0583","1","fg0583","fg0886","fg0320","fg0719","fg0527","fg0182","fg0066","fg0313","fg0140","fg0758","fg0779","fg0983","fg0595","fg0500","fg0737","fg0867","fg0333","fg0454","fg0931","fg0854"
"fq002511","vx_c0bf7217b4d65a5b","fg0583","1","fg0583","fg0886","fg0320","fg0719","fg0527","fg0182","fg0983","fg0313","fg0066","fg0758","fg0595","fg0140","fg0500","fg0867","fg0779","fg0737","fg0931","fg0854","fg0454","fg0333"
"fq002512","vx_c0bf7217b4d65a5b","fg0583","1","fg0583","fg0886","fg0320","fg0719","fg0313","fg0182","fg0527","fg0066","fg0983","fg0595","fg0758","fg0140","fg0779","fg0737","fg0500","fg0867","fg0224","fg0854","fg0584","fg0931"
"fq002513","vx_c0bf7217b4d65a5b","fg0583","1","fg0583","fg0886","fg0320","fg0719","fg0182","fg0595","fg0066","fg0527","fg0983","fg0758","fg0140","fg0313","fg0779","fg0854","fg0333","fg0500","fg0867","fg0737","fg0884","fg0931"
"fq002514","vx_c0bf7217b4d65a5b","fg0583","1","fg0583","fg0886","fg0320","fg0719","fg0066","fg0182","fg0527","fg0313","fg0758","fg0595","fg0983","fg0779","fg0140","fg0500","fg0737","fg0333","fg0867","fg0270","fg0884","fg0931"
"fq002515","vx_c0bf7217b4d65a5b","fg0583","1","fg0583","fg0886","fg0320","fg0719","fg0527","fg0758","fg0182","fg0313","fg0140","fg0066","fg0983","fg0779","fg0500","fg0595","fg0737","fg0867","fg0931","fg0854","fg0333","fg0579"
"fq002516","vx_c0bf7217b4d65a5b","fg0583","401","fg0534","fg0043","fg0839","fg0462","fg0293","fg0687","fg0865","fg0113","fg0849","fg0688","fg0591","fg0802","fg0960","fg0002","fg0286","fg0709","fg0123","fg0388","fg0353","fg0112"
"fq002517","vx_c0bf7217b4d65a5b","fg0583","1","fg0583","fg0886","fg0320","fg0719","fg0983","fg0066","fg0182","fg0527","fg0595","fg0313","fg0867","fg0500","fg0140","fg0737","fg0779","fg0758","fg0931","fg0270","fg0333","fg0854"
"fq002518","vx_85c84fb052b16a5d","fg0584","1","fg0584","fg0503","fg0588","fg0388","fg0001","fg0275","fg0936","fg0241","fg0490","fg0123","fg0071","fg0159","fg0469","fg0270","fg0197","fg0460","fg0042","fg0579","fg0298","fg0895"
"fq002519","vx_85c84fb052b16a5d","fg0584","1","fg0584","fg0588","fg0469","fg0503","fg0159","fg0270","fg0490","fg0579","fg0071","fg0197","fg0895","fg0460","fg0388","fg0889","fg0241","fg0801","fg0936","fg0552","fg0682","fg0364"
"fq002520","vx_a76b36a8a7c4e5d9","fg0585","1","fg0585","fg0036","fg0915","fg0616","fg0721","fg0178","fg0261","fg0650","fg0926","fg0551","fg0220","fg0312","fg0372","fg0363","fg0420","fg0816","fg0380","fg0310","fg0201","fg0877"
"fq002521","vx_a76b36a8a7c4e5d9","fg0585","1","fg0585","fg0036","fg0915","fg0616","fg0926","fg0551","fg0816","fg0420","fg0380","fg0650","fg0529","fg0180","fg0109","fg0132","fg0865","fg0494","fg0627","fg0576","fg0201","fg0563"
"fq002522","vx_6b5b3bb704c53f85","fg0586","1","fg0586","fg0940","fg0046","fg0818","fg0089","fg0186","fg0142","fg0892","fg0310","fg0949","fg0268","fg0830","fg0425","fg0601","fg0141","fg0771","fg0897","fg0714","fg0786","fg0252"
"fq002523","vx_6b5b3bb704c53f85","fg0586","2","fg0949","fg0586","fg0025","fg0901","fg0553","fg0339","fg0480","fg0830","fg0665","fg0056","fg0786","fg0360","fg0570","fg0823","fg0253","fg0268","fg0992","fg0461","fg0211","fg0844"
"fq002524","vx_b95761d7f77a3e20","fg0587","1","fg0587","fg0337","fg0240","fg0689","fg0449","fg0388","fg0377","fg0623","fg0098","fg0183","fg0622","fg0214","fg0233","fg0484","fg0334","fg0196","fg0692","fg0128","fg0975","fg0642"
"fq002525","vx_6b448b50227cc3fc","fg0588","2","fg0297","fg0588","fg0914","fg0490","fg0657","fg0972","fg0768","fg0211","fg0895","fg0659","fg0590","fg1000","fg0435","fg0018","fg0411","fg0294","fg0519","fg0469","fg0713","fg0682"
"fq002526","vx_0b1f3b3a8cda7d44","fg0589","1","fg0589","fg0214","fg0432","fg0641","fg0775","fg0707","fg0272","fg0873","fg0722","fg0310","fg0621","fg0064","fg0695","fg0550","fg0889","fg0906","fg0825","fg0113","fg0264","fg0130"
"fq002527","vx_97c73c9265c0bd7b","fg0590","2","fg0817","fg0590","fg0031","fg0547","fg0656","fg0276","fg0118","fg0112","fg0389","fg0804","fg0042","fg0195","fg0955","fg0539","fg0847","fg0494","fg0825","fg0975","fg0056","fg0479"
"fq002528","vx_97c73c9265c0bd7b","fg0590","1","fg0590","fg0847","fg0926","fg0547","fg0894","fg0817","fg0944","fg0487","fg0759","fg0130","fg0579","fg0197","fg0150","fg0942","fg0276","fg0452","fg0035","fg0231","fg0112","fg0825"
"fq002529","vx_c51dc8be2447219e","fg0591","1","fg0591","fg0688","fg0388","fg0704","fg0810","fg0705","fg0311","fg0025","fg0503","fg0614","fg0910","fg0211","fg0077","fg0973","fg0557","fg0350","fg0547","fg0750","fg0753","fg0060"
"fq002530","vx_33fb3ac188ce863e","fg0592","1","fg0592","fg0329","fg0656","fg0892","fg0517","fg0532","fg0964","fg0675","fg0463","fg0955","fg0288","fg0157","fg0939","fg0203","fg0615","fg0740","fg0539","fg0526","fg0769","fg0604"
"fq002531","vx_ff0cfcfe583472c3","fg0593","1","fg0593","fg0135","fg0489","fg0028","fg0364","fg0165","fg0109","fg0295","fg0154","fg0971","fg0132","fg0178","fg0801","fg0935","fg0071","fg0136","fg0842","fg0826","fg0142","fg0605"
"fq002532","vx_ff0cfcfe583472c3","fg0593","1","fg0593","fg0135","fg0028","fg0165","fg0489","fg0109","fg0364","fg0178","fg0295","fg0971","fg0154","fg0132","fg0801","fg0148","fg0842","fg0142","fg0605","fg0741","fg0216","fg0826"
"fq002533","vx_6ef915b8de7c6201","fg0594","1","fg0594","fg0515","fg0973","fg0350","fg0411","fg0910","fg0025","fg0931","fg0644","fg0398","fg0296","fg0300","fg0348","fg0334","fg0318","fg0710","fg0117","fg0757","fg0131","fg0258"
"fq002534","vx_a29a02dcc986584d","fg0595","156","fg0186","fg0624","fg0500","fg0142","fg0317","fg0879","fg0485","fg0460","fg0390","fg0282","fg0910","fg0452","fg0747","fg0475","fg0247","fg0753","fg0453","fg0885","fg0206","fg0129"
"fq002535","vx_428d8eee5d7a7144","fg0596","1","fg0596","fg0630","fg0053","fg0512","fg0492","fg0799","fg0645","fg0646","fg0390","fg0170","fg0954","fg0873","fg0935","fg0018","fg0158","fg0409","fg0309","fg0299","fg0501","fg0626"
"fq002536","vx_78e989cd46241524","fg0597","1","fg0597","fg0755","fg0330","fg0414","fg0682","fg0470","fg0042","fg0521","fg0780","fg0060","fg0637","fg0152","fg0865","fg0969","fg0079","fg0043","fg0159","fg0611","fg0203","fg0681"
"fq002537","vx_5779b5a4b7547853","fg0598","1","fg0598","fg0606","fg0440","fg0269","fg0063","fg0061","fg0341","fg0944","fg0932","fg0474","fg0871","fg0231","fg0397","fg0710","fg0703","fg0926","fg0979","fg0571","fg0035","fg0413"
"fq002538","vx_5779b5a4b7547853","fg0598","1","fg0598","fg0440","fg0606","fg0269","fg0063","fg0061","fg0932","fg0703","fg0474","fg0930","fg0469","fg0169","fg0571","fg0397","fg0207","fg0944","fg0871","fg0799","fg0117","fg0035"
"fq002539","vx_807e4756b8037c20","fg0599","1","fg0599","fg0958","fg0428","fg0523","fg0099","fg0051","fg0529","fg0588","fg0687","fg0364","fg0022","fg0401","fg0213","fg0560","fg0854","fg0793","fg0327","fg0826","fg0551","fg0197"
"fq002540","vx_d34b7b9f06a7d24e","fg0600","1","fg0600","fg0189","fg0237","fg0236","fg0129","fg0075","fg0486","fg0225","fg0201","fg0379","fg0777","fg0028","fg0681","fg0812","fg0360","fg0248","fg0567","fg0811","fg0300","fg0478"
"fq002541","vx_f2eceffc6631b227","fg0601","1","fg0601","fg0080","fg0839","fg0462","fg0685","fg0940","fg0139","fg0531","fg0166","fg0409","fg0493","fg0976","fg0382","fg0818","fg0049","fg0191","fg0448","fg0235","fg0586","fg0008"
"fq002542","vx_f2eceffc6631b227","fg0601","1","fg0601","fg0080","fg0839","fg0462","fg0685","fg0940","fg0139","fg0531","fg0166","fg0409","fg0049","fg0493","fg0586","fg0448","fg0008","fg0361","fg0976","fg0255","fg0564","fg0191"
"fq002543","vx_f2eceffc6631b227","fg0601","1","fg0601","fg0080","fg0839","fg0462","fg0685","fg0940","fg0139","fg0531","fg0166","fg0409","fg0493","fg0191","fg0382","fg0540","fg0235","fg0818","fg0049","fg0976","fg0448","fg0586"
"fq002544","vx_79d57a02a9fe67a4","fg0602","1","fg0602","fg0472","fg0096","fg0788","fg0188","fg0686","fg0429","fg0629","fg0644","fg0165","fg0897","fg0318","fg0081","fg0253","fg0480","fg0700","fg0359","fg0388","fg0510","fg0015"
"fq002545","vx_79d57a02a9fe67a4","fg0602","1","fg0602","fg0472","fg0096","fg0788","fg0188","fg0686","fg0429","fg0629","fg0165","fg0644","fg0897","fg0318","fg0480","fg0081","fg0700","fg0253","fg0015","fg0359","fg0388","fg0281"
"fq002546","vx_ca7128983d4f35c4","fg0603","1","fg0603","fg0982","fg0737","fg0027","fg0796","fg0850","fg0451","fg0896","fg0759","fg0012","fg0760","fg0106","fg0642","fg0097","fg0473","fg1000","fg0825","fg0799","fg0173","fg0113"
"fq002547","vx_ca7128983d4f35c4","fg0603","1","fg0603","fg0372","fg0217","fg0549","fg0084","fg0759","fg0027","fg0106","fg0825","fg0173","fg0113","fg0539","fg0642","fg0896","fg0046","fg0056","fg0454","fg0576","fg0721","fg1000"
"fq002548","vx_db39700dcd143742","fg0604","1","fg0604","fg0615","fg0700","fg0380","fg0939","fg0146","fg0453","fg0899","fg0054","fg0020","fg0329","fg0964","fg0455","fg0764","fg0439","fg0029","fg0742","fg0577","fg0270","fg0199"
"fq002549","vx_67117d03b1c2efa3","fg0605","1","fg0605","fg0219","fg0498","fg0250","fg0934","fg0132","fg0337","fg0109","fg0975","fg0910","fg0165","fg0043","fg0991","fg0776","fg0088","fg0135","fg0787","fg0802","fg0940","fg0845"
"fq002550","vx_67117d03b1c2efa3","fg0605","1","fg0605","fg0219","fg0498","fg0250","fg0934","fg0132","fg0109","fg0337","fg0975","fg0165","fg0043","fg0135","fg0940","fg0776","fg0088","fg0910","fg0991","fg0877","fg0845","fg0787"
"fq002551","vx_bde27c74d8dd7aec","fg0606","1","fg0606","fg0598","fg0953","fg0871","fg0730","fg0979","fg0061","fg0440","fg0397","fg0269","fg0063","fg0956","fg0930","fg0762","fg0637","fg0233","fg0595","fg0834","fg0950","fg0474"
"fq002552","vx_bde27c74d8dd7aec","fg0606","1","fg0606","fg0598","fg0953","fg0730","fg0871","fg0956","fg0979","fg0397","fg0595","fg0061","fg0637","fg0762","fg0440","fg0950","fg0233","fg0013","fg0063","fg0269","fg0715","fg0587"
"fq002553","vx_89fb4442a305734d","fg0607","1","fg0607","fg0765","fg0019","fg0008","fg0853","fg0574","fg0589","fg0884","fg0278","fg0723","fg0333","fg0115","fg0681","fg0145","fg0521","fg0387","fg0295","fg0955","fg0367","fg0266"
"fq002554","vx_f7d760e2c2de59a8","fg0608","1","fg0608","fg0366","fg0546","fg0004","fg0422","fg0998","fg0934","fg0739","fg0792","fg0763","fg0722","fg0920","fg0570","fg0616","fg0394","fg0020","fg0036","fg0309","fg0461","fg0532"
"fq002555","vx_f7d760e2c2de59a8","fg0608","1","fg0608","fg0366","fg0004","fg0422","fg0934","fg0739","fg0546","fg0763","fg0722","fg0998","fg0394","fg0920","fg0570","fg0708","fg0036","fg0627","fg0329","fg0616","fg0253","fg0172"
"fq002556","vx_f7d760e2c2de59a8","fg0608","1","fg0608","fg0366","fg0004","fg0546","fg0422","fg0934","fg0998","fg0394","fg0739","fg0920","fg0763","fg0750","fg0722","fg0792","fg0365","fg0570","fg0904","fg0329","fg0532","fg0036"
"fq002557","vx_763070f2cacf6510","fg0609","60","fg0753","fg0024","fg0417","fg0946","fg0136","fg0224","fg0908","fg0890","fg0379","fg0355","fg0786","fg0584","fg0259","fg0480","fg0830","fg0162","fg0936","fg0313","fg0891","fg0901"
"fq002558","vx_72d007e702ba4d94","fg0610","1","fg0610","fg0694","fg0649","fg0022","fg0128","fg0508","fg0172","fg0214","fg0229","fg0056","fg0844","fg0186","fg0108","fg0679","fg0587","fg0142","fg0317","fg0406","fg0543","fg0458"
"fq002559","vx_72d007e702ba4d94","fg0610","1","fg0610","fg0694","fg0022","fg0508","fg0649","fg0172","fg0214","fg0797","fg0056","fg0587","fg0108","fg0128","fg0679","fg0229","fg0186","fg0543","fg0844","fg0688","fg0142","fg0240"
"fq002560","vx_72d007e702ba4d94","fg0610","1","fg0610","fg0694","fg0649","fg0022","fg0508","fg0128","fg0172","fg0056","fg0186","fg0679","fg0086","fg0108","fg0214","fg0229","fg0797","fg0142","fg0983","fg0458","fg0036","fg0725"
"fq002561","vx_72d007e702ba4d94","fg0610","1","fg0610","fg0694","fg0172","fg0022","fg0214","fg0797","fg0128","fg0508","fg0649","fg0229","fg0056","fg0679","fg0587","fg0108","fg0034","fg0844","fg0186","fg0543","fg0983","fg0688"
"fq002562","vx_72d007e702ba4d94","fg0610","1","fg0610","fg0694","fg0128","fg0240","fg0056","fg0022","fg0587","fg0108","fg0508","fg0214","fg0649","fg0186","fg0172","fg0679","fg0229","fg0142","fg0797","fg0155","fg0844","fg0688"
"fq002563","vx_72d007e702ba4d94","fg0610","1","fg0610","fg0694","fg0508","fg0022","fg0649","fg0128","fg0172","fg0214","fg0056","fg0229","fg0108","fg0797","fg0679","fg0587","fg0844","fg0186","fg0983","fg0458","fg0142","fg0636"
"fq002564","vx_cbf089aebfe3886f","fg0611","1","fg0611","fg0599","fg0958","fg0074","fg0571","fg0428","fg0032","fg0308","fg0932","fg0414","fg0413","fg0717","fg0635","fg0906","fg0387","fg0369","fg0961","fg0152","fg0952","fg0029"
"fq002565","vx_286a4f3bdd9e8a22","fg0612","1","fg0612","fg0668","fg0551","fg0327","fg0552","fg0419","fg0770","fg0973","fg0113","fg0701","fg0364","fg0910","fg0989","fg0675","fg0945","fg0453","fg0204","fg0029","fg0184","fg0104"
"fq002566","vx_286a4f3bdd9e8a22","fg0612","1","fg0612","fg0668","fg0327","fg0551","fg0364","fg0701","fg0419","fg0945","fg0925","fg0322","fg0770","fg0552","fg0029","fg0138","fg0184","fg0231","fg0445","fg0757","fg0104","fg0989"
"fq002567","vx_286a4f3bdd9e8a22","fg0612","1","fg0612","fg0668","fg0327","fg0551","fg0364","fg0701","fg0945","fg0770","fg0989","fg0419","fg0925","fg0552","fg0647","fg0184","fg0138","fg0104","fg0322","fg0973","fg0133","fg0398"
"fq002568","vx_286a4f3bdd9e8a22","fg0612","1","fg0612","fg0327","fg0668","fg0551","fg0364","fg0701","fg0945","fg0560","fg0419","fg0104","fg0095","fg0826","fg0133","fg0322","fg0138","fg0925","fg0647","fg0989","fg0770","fg0552"
"fq002569","vx_286a4f3bdd9e8a22","fg0612","1","fg0612","fg0327","fg0668","fg0551","fg0364","fg0701","fg0945","fg0419","fg0322","fg0138","fg0104","fg0925","fg0770","fg0560","fg0231","fg0445","fg0133","fg0552","fg0647","fg0184"
"fq002570","vx_286a4f3bdd9e8a22","fg0612","1","fg0612","fg0104","fg0538","fg0327","fg0668","fg0690","fg0551","fg0640","fg0684","fg0552","fg0207","fg0227","fg0364","fg0770","fg0701","fg0989","fg0925","fg0113","fg0419","fg0794"
"fq002571","vx_b620f6dc8f0bdd63","fg0613","1","fg0613","fg0391","fg0322","fg0945","fg0138","fg0572","fg0542","fg0120","fg0525","fg0137","fg0232","fg0853","fg0990","fg0361","fg0875","fg0058","fg0146","fg0966","fg0296","fg0619"
"fq002572","vx_4f9b3d9343fd540f","fg0614","1","fg0614","fg0284","fg0007","fg0828","fg0118","fg0974","fg0330","fg0477","fg0777","fg0113","fg0705","fg0530","fg0727","fg0515","fg0941","fg0704","fg0015","fg0933","fg0919","fg0030"
"fq002573","vx_4f9b3d9343fd540f","fg0614","1","fg0614","fg0284","fg0007","fg0828","fg0777","fg0118","fg0974","fg0330","fg0477","fg0957","fg0704","fg0113","fg0705","fg0530","fg0361","fg0486","fg0015","fg0515","fg0815","fg0941"
"fq002574","vx_4f9b3d9343fd540f","fg0614","1","fg0614","fg0007","fg0284","fg0828","fg0118","fg0330","fg0974","fg0727","fg0530","fg0705","fg0113","fg0477","fg0632","fg0777","fg0515","fg0941","fg0311","fg0666","fg0933","fg0695"
"fq002575","vx_4f9b3d9343fd540f","fg0614","1","fg0614","fg0284","fg0007","fg0777","fg0828","fg0330","fg0118","fg0974","fg0704","fg0957","fg0705","fg0477","fg0530","fg0113","fg0486","fg0515","fg0361","fg0683","fg0325","fg0934"
"fq002576","vx_430fc050d73d20e1","fg0615","4","fg0158","fg0626","fg0985","fg0615","fg0471","fg0394","fg0323","fg0750","fg0435","fg0490","fg0522","fg0580","fg0726","fg0461","fg0310","fg0776","fg0551","fg0241","fg0260","fg0235"
"fq002577","vx_430fc050d73d20e1","fg0615","1","fg0615","fg0604","fg0939","fg0526","fg0329","fg0020","fg0451","fg0193","fg0398","fg0532","fg0365","fg0732","fg0055","fg0395","fg0244","fg0524","fg0809","fg0592","fg0892","fg0243"
"fq002578","vx_aa610d55d4b3ec50","fg0616","1","fg0616","fg0036","fg0585","fg0915","fg0796","fg0816","fg0160","fg0759","fg0823","fg0626","fg0180","fg0926","fg0896","fg0865","fg0288","fg0608","fg0666","fg0909","fg1000","fg0556"
"fq002579","vx_b58f8f2a38b92cc2","fg0617","1","fg0617","fg0351","fg0925","fg0516","fg0396","fg0983","fg0192","fg0552","fg0581","fg0386","fg0202","fg0223","fg0101","fg0918","fg0845","fg0857","fg0674","fg0780","fg0703","fg0973"
"fq002580","vx_b58f8f2a38b92cc2","fg0617","1","fg0617","fg0351","fg0925","fg0516","fg0396","fg0983","fg0581","fg0552","fg0202","fg0386","fg0845","fg0192","fg0857","fg0223","fg0973","fg0918","fg0685","fg0703","fg0674","fg0292"
"fq002581","vx_b58f8f2a38b92cc2","fg0617","1","fg0617","fg0351","fg0925","fg0516","fg0845","fg0202","fg0396","fg0386","fg0581","fg0552","fg0983","fg0192","fg0973","fg0292","fg0800","fg0372","fg0860","fg0352","fg0857","fg0083"
"fq002582","vx_746b68fabf2177db","fg0618","102","fg0432","fg0272","fg0775","fg0707","fg0906","fg0214","fg0641","fg0691","fg0932","fg0402","fg0555","fg0905","fg0952","fg0706","fg0669","fg0269","fg0473","fg0157","fg0227","fg0469"
"fq002583","vx_0ff6e1601d84b70b","fg0619","1","fg0619","fg0246","fg0262","fg0789","fg0256","fg0781","fg0545","fg0807","fg0967","fg0987","fg0855","fg0049","fg0554","fg0331","fg0149","fg0853","fg0613","fg0263","fg0190","fg0693"
"fq002584","vx_0ff6e1601d84b70b","fg0619","1","fg0619","fg0262","fg0246","fg0256","fg0789","fg0781","fg0545","fg0807","fg0967","fg0987","fg0855","fg0049","fg0554","fg0331","fg0190","fg0853","fg0149","fg0525","fg0613","fg0391"
"fq002585","vx_0ff6e1601d84b70b","fg0619","1","fg0619","fg0262","fg0246","fg0789","fg0256","fg0781","fg0545","fg0807","fg0967","fg0987","fg0855","fg0049","fg0554","fg0525","fg0149","fg0331","fg0613","fg0263","fg0190","fg0693"
"fq002586","vx_555cacdcf3ecf808","fg0620","1","fg0620","fg0442","fg0130","fg0015","fg0847","fg0279","fg0120","fg0732","fg0184","fg0967","fg0580","fg0365","fg0577","fg0852","fg0129","fg0785","fg0201","fg0335","fg0950","fg0086"
"fq002587","vx_0b7146d1252f235b","fg0621","1","fg0621","fg0959","fg0376","fg0873","fg0641","fg0841","fg0214","fg0557","fg0675","fg0301","fg0484","fg0769","fg0734","fg0707","fg0031","fg0961","fg0155","fg0232","fg0432","fg0272"
"fq002588","vx_a5b003c6e16c6dfa","fg0622","1","fg0622","fg0352","fg0744","fg0083","fg0881","fg0383","fg0902","fg0337","fg0623","fg0689","fg0864","fg0467","fg0016","fg0134","fg0692","fg0055","fg0663","fg0065","fg0252","fg0021"
"fq002589","vx_baacdb31dc1fee88","fg0623","1","fg0623","fg0689","fg0337","fg0881","fg0083","fg0002","fg0744","fg0352","fg0383","fg0759","fg0475","fg0622","fg0564","fg0427","fg0485","fg0243","fg0559","fg0377","fg0240","fg0449"
"fq002590","vx_baacdb31dc1fee88","fg0623","1","fg0623","fg0689","fg0337","fg0475","fg0427","fg0002","fg0243","fg0759","fg0564","fg0083","fg0881","fg0744","fg0352","fg0383","fg0485","fg0732","fg0244","fg0622","fg0484","fg0404"
"fq002591","vx_b7badcaf1cde6a99","fg0624","1","fg0624","fg0390","fg0282","fg0247","fg0747","fg0643","fg0843","fg0483","fg0445","fg0654","fg0399","fg0725","fg0273","fg0317","fg0343","fg0393","fg0206","fg0587","fg0261","fg0186"
"fq002592","vx_b7badcaf1cde6a99","fg0624","1","fg0624","fg0390","fg0282","fg0247","fg0747","fg0643","fg0654","fg0483","fg0445","fg0399","fg0273","fg0343","fg0843","fg0725","fg0393","fg0261","fg0522","fg0317","fg0114","fg0186"
"fq002593","vx_b7badcaf1cde6a99","fg0624","1","fg0624","fg0390","fg0282","fg0247","fg0747","fg0643","fg0445","fg0654","fg0399","fg0483","fg0843","fg0725","fg0273","fg0393","fg0343","fg0317","fg0522","fg0114","fg0261","fg0186"
"fq002594","vx_b7badcaf1cde6a99","fg0624","1","fg0624","fg0390","fg0282","fg0247","fg0747","fg0643","fg0445","fg0399","fg0725","fg0483","fg0393","fg0654","fg0587","fg0843","fg0186","fg0478","fg0060","fg0114","fg0317","fg0313"
"fq002595","vx_b7badcaf1cde6a99","fg0624","1","fg0624","fg0390","fg0282","fg0247","fg0747","fg0643","fg0399","fg0725","fg0843","fg0445","fg0483","fg0654","fg0393","fg0317","fg0273","fg0114","fg0343","fg0587","fg0186","fg0206"
"fq002596","vx_e0d0bb5943e4b58a","fg0625","1","fg0625","fg0468","fg0234","fg0913","fg0261","fg0785","fg0483","fg0544","fg0654","fg0183","fg0795","fg0643","fg0391","fg0343","fg0857","fg0273","fg0092","fg0200","fg0522","fg0798"
"fq002597","vx_ff9ebcff8c4052ac","fg0626","1","fg0626","fg0158","fg0985","fg0471","fg0163","fg0036","fg0209","fg0323","fg0512","fg0645","fg0057","fg0144","fg0799","fg0103","fg0630","fg0900","fg0616","fg0918","fg0780","fg0053"
"fq002598","vx_ff9ebcff8c4052ac","fg0626","1","fg0626","fg0158","fg0985","fg0471","fg0323","fg0163","fg0630","fg0645","fg0799","fg0596","fg0512","fg0918","fg0144","fg0057","fg0172","fg0900","fg0873","fg0780","fg0260","fg0036"
"fq002599","vx_ff9ebcff8c4052ac","fg0626","1","fg0626","fg0158","fg0985","fg0036","fg0471","fg0163","fg0209","fg0616","fg0345","fg0512","fg0900","fg0323","fg0645","fg0780","fg0195","fg0799","fg0918","fg0152","fg0580","fg0630"
"fq002600","vx_ff9ebcff8c4052ac","fg0626","1","fg0626","fg0158","fg0985","fg0471","fg0323","fg0163","fg0057","fg0512","fg0036","fg0144","fg0260","fg0918","fg0722","fg0799","fg0900","fg0596","fg0645","fg0580","fg0630","fg0053"
"fq002601","vx_ff9ebcff8c4052ac","fg0626","1","fg0626","fg0158","fg0985","fg0471","fg0163","fg0209","fg0323","fg0036","fg0057","fg0645","fg0195","fg0512","fg0144","fg0630","fg0799","fg0596","fg0780","fg0873","fg0260","fg0900"
"fq002602","vx_ff9ebcff8c4052ac","fg0626","1","fg0626","fg0158","fg0985","fg0036","fg0471","fg0163","fg0209","fg0323","fg0057","fg0616","fg0918","fg0645","fg0799","fg0512","fg0900","fg0780","fg0104","fg0103","fg0630","fg0722"
"fq002603","vx_ff9ebcff8c4052ac","fg0626","1","fg0626","fg0158","fg0985","fg0036","fg0471","fg0209","fg0163","fg0323","fg0616","fg0057","fg0103","fg0512","fg0144","fg0645","fg0900","fg0195","fg0630","fg0799","fg0894","fg0053"
"fq002604","vx_ff9ebcff8c4052ac","fg0626","1","fg0626","fg0158","fg0985","fg0471","fg0323","fg0163","fg0036","fg0512","fg0722","fg0900","fg0057","fg0144","fg0873","fg0209","fg0214","fg0681","fg0580","fg0596","fg0053","fg0260"
"fq002605","vx_1701a8eec1c92099","fg0627","1","fg0627","fg0331","fg0099","fg0915","fg0565","fg0585","fg0036","fg0141","fg0616","fg0170","fg0916","fg0608","fg0465","fg0005","fg0904","fg0579","fg0276","fg0749","fg0197","fg0103"
"fq002606","vx_1701a8eec1c92099","fg0627","1","fg0627","fg0331","fg0099","fg0565","fg0915","fg0036","fg0585","fg0141","fg0005","fg0608","fg0616","fg0170","fg0749","fg0757","fg0904","fg0019","fg0916","fg0762","fg0465","fg0276"
"fq002607","vx_8670f38a97ddb27e","fg0628","1","fg0628","fg0509","fg0938","fg0283","fg0030","fg0576","fg0660","fg0374","fg0218","fg0970","fg0155","fg0466","fg0025","fg0477","fg0641","fg0056","fg0684","fg0699","fg0012","fg0974"
"fq002608","vx_8384474c1be06dea","fg0629","1","fg0629","fg0686","fg0188","fg0472","fg0602","fg0803","fg0459","fg0466","fg0788","fg0096","fg0429","fg0833","fg0253","fg0165","fg0480","fg0265","fg0081","fg0862","fg0857","fg0138"
"fq002609","vx_54c8488fc5608d54","fg0630","1","fg0630","fg0799","fg0596","fg0492","fg0057","fg0645","fg0646","fg0490","fg0768","fg0302","fg0053","fg0108","fg0626","fg0163","fg0158","fg0431","fg0479","fg0811","fg0411","fg0491"
"fq002610","vx_1f8daadc1976a6f5","fg0631","1","fg0631","fg0581","fg0226","fg0191","fg0765","fg0531","fg0467","fg0019","fg0956","fg0982","fg0728","fg0824","fg0831","fg0975","fg0008","fg0553","fg0813","fg0607","fg0339","fg0187"
"fq002611","vx_24fe4673c9d2ca10","fg0632","1","fg0632","fg0488","fg0635","fg0380","fg0705","fg0124","fg0866","fg0077","fg0666","fg0436","fg0704","fg0777","fg0810","fg0009","fg0557","fg0203","fg0311","fg0614","fg0224","fg0900"
"fq002612","vx_24fe4673c9d2ca10","fg0632","1","fg0632","fg0488","fg0635","fg0705","fg0380","fg0777","fg0124","fg0704","fg0666","fg0866","fg0809","fg0224","fg0436","fg0614","fg0077","fg0193","fg0417","fg0395","fg0557","fg0810"
"fq002613","vx_24fe4673c9d2ca10","fg0632","1","fg0632","fg0488","fg0635","fg0380","fg0124","fg0436","fg0866","fg0705","fg0704","fg0666","fg0203","fg0777","fg0077","fg0311","fg0009","fg0810","fg0877","fg0614","fg0224","fg0900"
"fq002614","vx_24fe4673c9d2ca10","fg0632","1","fg0632","fg0488","fg0635","fg0380","fg0124","fg0705","fg0866","fg0436","fg0777","fg0666","fg0224","fg0877","fg0077","fg0704","fg0009","fg0588","fg0584","fg0810","fg0900","fg0311"
"fq002615","vx_24fe4673c9d2ca10","fg0632","1","fg0632","fg0488","fg0635","fg0380","fg0705","fg0124","fg0077","fg0866","fg0666","fg0436","fg0704","fg0777","fg0810","fg0009","fg0557","fg0203","fg0311","fg0614","fg0224","fg0900"
"fq002616","vx_e115662a97e83fb4","fg0633","1","fg0633","fg0756","fg0300","fg0255","fg0679","fg0933","fg0085","fg0801","fg0754","fg0221","fg0854","fg0703","fg0449","fg0185","fg0400","fg0118","fg0671","fg0497","fg0507","fg0132"
"fq002617","vx_e115662a97e83fb4","fg0633","1","fg0633","fg0756","fg0671","fg0300","fg0173","fg0931","fg0113","fg0353","fg0854","fg0085","fg0868","fg0771","fg0326","fg0559","fg0965","fg0507","fg0449","fg0933","fg0660","fg0679"
"fq002618","vx_e115662a97e83fb4","fg0633","1","fg0633","fg0756","fg0300","fg0255","fg0085","fg0679","fg0801","fg0933","fg0221","fg0449","fg0754","fg0671","fg0854","fg0507","fg0703","fg0118","fg0165","fg0349","fg0284","fg0132"
"fq002619","vx_e115662a97e83fb4","fg0633","1","fg0633","fg0756","fg0300","fg0255","fg0085","fg0801","fg0679","fg0933","fg0221","fg0284","fg0854","fg0449","fg0507","fg0118","fg0132","fg0349","fg0671","fg0165","fg0065","fg0377"
"fq002620","vx_e115662a97e83fb4","fg0633","1","fg0633","fg0756","fg0300","fg0255","fg0679","fg0284","fg0854","fg0085","fg0801","fg0970","fg0374","fg0754","fg0933","fg0221","fg0449","fg0165","fg0968","fg0911","fg0065","fg0671"
"fq002621","vx_e115662a97e83fb4","fg0633","1","fg0633","fg0756","fg0300","fg0255","fg0679","fg0085","fg0801","fg0221","fg0933","fg0754","fg0854","fg0449","fg0703","fg0507","fg0400","fg0671","fg0185","fg0165","fg0118","fg0564"
"fq002622","vx_e115662a97e83fb4","fg0633","1","fg0633","fg0756","fg0300","fg0679","fg0085","fg0754","fg0255","fg0801","fg0221","fg0185","fg0400","fg0507","fg0933","fg0703","fg0966","fg0497","fg0065","fg0449","fg0349","fg0284"
"fq002623","vx_23a59fbdad7c08c9","fg0634","627","fg0552","fg0148","fg0593","fg0026","fg0046","fg0133","fg0722","fg0414","fg0129","fg0278","fg0560","fg0364","fg0086","fg0360","fg0403","fg0925","fg0135","fg0028","fg0842","fg0681"
"fq002624","vx_23a59fbdad7c08c9","fg0634","311","fg0364","fg0560","fg0148","fg0552","fg0133","fg0826","fg0593","fg0095","fg0793","fg0842","fg0527","fg0277","fg0668","fg0925","fg0327","fg0810","fg0016","fg0086","fg0403","fg0521"
"fq002625","vx_23a59fbdad7c08c9","fg0634","390","fg0527","fg0364","fg0521","fg0026","fg0991","fg0787","fg0133","fg0681","fg0278","fg0148","fg0028","fg0141","fg0332","fg0414","fg0810","fg0154","fg0943","fg0280","fg0552","fg0013"
"fq002626","vx_3e6096a1e67b67f4","fg0635","1","fg0635","fg0488","fg0632","fg0380","fg0363","fg0224","fg0074","fg0588","fg0777","fg0584","fg0456","fg0417","fg0308","fg0611","fg0539","fg0490","fg0918","fg0357","fg0077","fg0009"
"fq002627","vx_3e6096a1e67b67f4","fg0635","1","fg0635","fg0488","fg0632","fg0380","fg0363","fg0074","fg0224","fg0588","fg0777","fg0584","fg0456","fg0417","fg0308","fg0611","fg0539","fg0701","fg0357","fg0077","fg0009","fg0918"
"fq002628","vx_3e6096a1e67b67f4","fg0635","1","fg0635","fg0488","fg0632","fg0380","fg0363","fg0074","fg0224","fg0777","fg0456","fg0588","fg0308","fg0584","fg0417","fg0611","fg0701","fg0357","fg0539","fg0548","fg0077","fg0906"
"fq002629","vx_3e6096a1e67b67f4","fg0635","1","fg0635","fg0488","fg0632","fg0380","fg0363","fg0224","fg0074","fg0417","fg0588","fg0777","fg0456","fg0701","fg0308","fg0611","fg0584","fg0357","fg0548","fg0670","fg0581","fg0009"
"fq002630","vx_3e6096a1e67b67f4","fg0635","1","fg0635","fg0488","fg0632","fg0380","fg0363","fg0224","fg0074","fg0588","fg0777","fg0417","fg0584","fg0701","fg0456","fg0611","fg0308","fg0539","fg0357","fg0009","fg0077","fg0548"
"fq002631","vx_3e6096a1e67b67f4","fg0635","1","fg0635","fg0488","fg0632","fg0380","fg0363","fg0224","fg0074","fg0588","fg0777","fg0417","fg0584","fg0456","fg0611","fg0308","fg0539","fg0357","fg0077","fg0009","fg0918","fg0490"
"fq002632","vx_0ddaad015e9eec18","fg0636","1","fg0636","fg0200","fg0052","fg0289","fg0879","fg0774","fg0739","fg0763","fg0912","fg0071","fg0997","fg0188","fg0022","fg0215","fg0076","fg0795","fg0533","fg0885","fg0285","fg0929"
"fq002633","vx_0429764a2f972bf9","fg0637","1","fg0637","fg0956","fg0950","fg0762","fg0563","fg0504","fg0299","fg0595","fg0422","fg0672","fg0597","fg0730","fg0953","fg0397","fg0923","fg0872","fg0335","fg0426","fg0926","fg0164"
"fq002634","vx_0429764a2f972bf9","fg0637","1","fg0637","fg0504","fg0563","fg0950","fg0672","fg0762","fg0422","fg0164","fg0597","fg0136","fg0956","fg0299","fg0135","fg0083","fg0593","fg0352","fg0872","fg0335","fg0744","fg0278"
"fq002635","vx_0429764a2f972bf9","fg0637","1","fg0637","fg0956","fg0950","fg0762","fg0299","fg0563","fg0504","fg0595","fg0422","fg0730","fg0597","fg0672","fg0923","fg0953","fg0335","fg0926","fg0983","fg0872","fg0136","fg0640"
"fq002636","vx_c4f1c73ff15ede49","fg0638","11","fg0471","fg0985","fg0323","fg0883","fg0675","fg0868","fg0656","fg0919","fg0204","fg0353","fg0638","fg0958","fg0276","fg0437","fg0955","fg0965","fg0113","fg0722","fg0674","fg0293"
"fq002637","vx_c4f1c73ff15ede49","fg0638","9","fg0675","fg0722","fg0204","fg0868","fg0353","fg0958","fg0919","fg0113","fg0638","fg0471","fg0276","fg0046","fg0965","fg0955","fg0656","fg0437","fg0559","fg0086","fg0365","fg0769"
"fq002638","vx_10ed0cbf21bd0a86","fg0639","3","fg0670","fg0030","fg0639","fg0082","fg0093","fg0484","fg0477","fg0804","fg0978","fg0852","fg0365","fg0892","fg0820","fg0009","fg0210","fg0351","fg0177","fg0425","fg0886","fg0750"
"fq002639","vx_c5a0b375ac0cde1c","fg0640","1","fg0640","fg0104","fg0026","fg0690","fg0684","fg0538","fg0403","fg0986","fg0934","fg0207","fg0695","fg0423","fg0908","fg0329","fg0771","fg0892","fg0612","fg0304","fg0625","fg0964"
"fq002640","vx_c5a0b375ac0cde1c","fg0640","1","fg0640","fg0104","fg0690","fg0538","fg0684","fg0026","fg0403","fg0986","fg0207","fg0695","fg0612","fg0214","fg0934","fg0908","fg0552","fg0329","fg0496","fg0873","fg0825","fg0641"
"fq002641","vx_aabba8cb2311a472","fg0641","1","fg0641","fg0214","fg0432","fg0707","fg0873","fg0272","fg0775","fg0453","fg0768","fg0108","fg0906","fg0621","fg0435","fg0310","fg0283","fg0240","fg0994","fg0159","fg0954","fg0589"
"fq002642","vx_3a8bc000d4c21e2c","fg0642","1","fg0642","fg0700","fg0769","fg0825","fg0899","fg0955","fg0539","fg0919","fg0868","fg0271","fg0965","fg0675","fg0195","fg0841","fg0196","fg0294","fg0587","fg0621","fg0376","fg0365"
"fq002643","vx_3a8bc000d4c21e2c","fg0642","1","fg0642","fg0196","fg0271","fg0783","fg0421","fg0319","fg0494","fg0347","fg0587","fg0064","fg0218","fg0767","fg0331","fg0473","fg0155","fg0576","fg0557","fg0975","fg0892","fg0427"
"fq002644","vx_3a8bc000d4c21e2c","fg0642","1","fg0642","fg0196","fg0271","fg0783","fg0347","fg0494","fg0587","fg0473","fg0319","fg0700","fg0825","fg0331","fg0421","fg0557","fg0064","fg0975","fg0899","fg0892","fg0126","fg0098"
"fq002645","vx_3a8bc000d4c21e2c","fg0642","1","fg0642","fg0271","fg0196","fg0347","fg0783","fg0587","fg0473","fg0825","fg0919","fg0195","fg0700","fg0955","fg0376","fg0769","fg0557","fg0494","fg0283","fg0675","fg0218","fg0331"
"fq002646","vx_3a8bc000d4c21e2c","fg0642","1","fg0642","fg0196","fg0271","fg0783","fg0587","fg0347","fg0494","fg0473","fg0331","fg0700","fg0825","fg0557","fg0064","fg0421","fg0319","fg0475","fg0576","fg0975","fg0899","fg0283"
"fq002647","vx_bf265a20a1fb6fc9","fg0643","1","fg0643","fg0483","fg0654","fg0343","fg0273","fg0261","fg0445","fg0785","fg0522","fg0773","fg0624","fg0413","fg0618","fg0857","fg0547","fg0313","fg0570","fg0398","fg0987","fg0351"
"fq002648","vx_cca8a521bccc6870","fg0644","1","fg0644","fg0318","fg0081","fg0897","fg0594","fg0359","fg0931","fg0700","fg0146","fg0054","fg0400","fg0663","fg0293","fg0274","fg0348","fg0686","fg0296","fg0854","fg0391","fg0867"
"fq002649","vx_453da6735f02e73a","fg0645","1","fg0645","fg0646","fg0630","fg0316","fg0596","fg0158","fg0582","fg0133","fg0626","fg0013","fg0543","fg0976","fg0998","fg0799","fg0492","fg0431","fg0185","fg0342","fg0289","fg0144"
"fq002650","vx_453da6735f02e73a","fg0645","1","fg0645","fg0646","fg0630","fg0316","fg0582","fg0596","fg0158","fg0976","fg0543","fg0013","fg0626","fg0133","fg0998","fg0492","fg0799","fg0431","fg0185","fg0754","fg0144","fg0342"
"fq002651","vx_8c2cb99a099b6778","fg0646","1","fg0646","fg0645","fg0993","fg0716","fg0193","fg0263","fg0084","fg0307","fg1000","fg0451","fg0395","fg0760","fg0442","fg0630","fg0538","fg0639","fg0603","fg0492","fg0230","fg0543"
"fq002652","vx_8c2cb99a099b6778","fg0646","1","fg0646","fg0645","fg0993","fg0193","fg0559","fg0716","fg0630","fg0451","fg0263","fg0769","fg0458","fg0543","fg0492","fg0990","fg0639","fg0596","fg0177","fg0965","fg0767","fg0809"
"fq002653","vx_183e18f9a04db1fb","fg0647","1","fg0647","fg0533","fg0867","fg0885","fg0569","fg0997","fg0758","fg0983","fg0077","fg0394","fg0527","fg0112","fg0320","fg0583","fg0071","fg0842","fg0719","fg0886","fg0465","fg0560"
"fq002654","vx_2538f7669b1b1acc","fg0648","1","fg0648","fg0980","fg0863","fg0893","fg0048","fg0424","fg0536","fg0989","fg0131","fg0528","fg0542","fg0303","fg0518","fg0942","fg0059","fg0434","fg0581","fg0625","fg0151","fg0577"
"fq002655","vx_2538f7669b1b1acc","fg0648","1","fg0648","fg0980","fg0863","fg0893","fg0048","fg0536","fg0424","fg0989","fg0303","fg0518","fg0131","fg0542","fg0528","fg0434","fg0942","fg0577","fg0059","fg0135","fg0581","fg0495"
"fq002656","vx_2538f7669b1b1acc","fg0648","1","fg0648","fg0980","fg0863","fg0893","fg0048","fg0424","fg0536","fg0989","fg0942","fg0518","fg0528","fg0131","fg0059","fg0542","fg0303","fg0581","fg0577","fg0434","fg0151","fg0625"
"fq002657","vx_2538f7669b1b1acc","fg0648","1","fg0648","fg0980","fg0863","fg0893","fg0048","fg0424","fg0536","fg0989","fg0518","fg0303","fg0542","fg0942","fg0131","fg0059","fg0528","fg0434","fg0581","fg0577","fg0625","fg0151"
"fq002658","vx_2538f7669b1b1acc","fg0648","1","fg0648","fg0980","fg0863","fg0893","fg0048","fg0424","fg0536","fg0989","fg0518","fg0542","fg0131","fg0303","fg0942","fg0059","fg0528","fg0625","fg0581","fg0434","fg0151","fg0577"
"fq002659","vx_a2e58a8a1e759ed6","fg0649","1","fg0649","fg0651","fg0022","fg0355","fg0891","fg0224","fg0584","fg0011","fg0267","fg0162","fg0507","fg0965","fg0456","fg0023","fg0423","fg0936","fg0559","fg0326","fg0392","fg0610"
"fq002660","vx_31d03ba49ddaa389","fg0650","1","fg0650","fg0501","fg0179","fg0711","fg0525","fg0673","fg0307","fg0223","fg0631","fg0861","fg0447","fg0205","fg0396","fg0355","fg0604","fg0585","fg0948","fg0059","fg0255","fg0193"
"fq002661","vx_0346fd72fbca1dac","fg0651","1","fg0651","fg0367","fg0103","fg0955","fg0387","fg0649","fg0894","fg0745","fg0090","fg0869","fg0357","fg0460","fg0939","fg0197","fg0159","fg0864","fg0907","fg0456","fg0722","fg0242"
"fq002662","vx_998ef28c17683dfc","fg0652","99","fg0749","fg0005","fg0113","fg0930","fg0159","fg0833","fg0397","fg0108","fg0931","fg0249","fg0227","fg0854","fg0768","fg0197","fg0964","fg0265","fg0983","fg0099","fg0539","fg0729"
"fq002663","vx_8103a3d80ea48603","fg0653","1","fg0653","fg0929","fg0205","fg0289","fg0052","fg0088","fg0490","fg0296","fg0784","fg0297","fg0768","fg0584","fg0690","fg0382","fg0636","fg0729","fg0299","fg0569","fg0071","fg0409"
"fq002664","vx_8103a3d80ea48603","fg0653","1","fg0653","fg0929","fg0583","fg0289","fg0886","fg0088","fg0879","fg0490","fg0320","fg0779","fg0758","fg0636","fg0140","fg0485","fg0052","fg0313","fg0719","fg0867","fg0983","fg0595"
"fq002665","vx_8103a3d80ea48603","fg0653","1","fg0653","fg0929","fg0289","fg0490","fg0088","fg0205","fg0052","fg0768","fg0569","fg0690","fg0297","fg0584","fg0299","fg0071","fg0382","fg0934","fg0636","fg0729","fg0826","fg0296"
"fq002666","vx_8103a3d80ea48603","fg0653","26","fg0886","fg0320","fg0583","fg0523","fg0687","fg0595","fg0099","fg0066","fg0182","fg0529","fg0527","fg0820","fg0983","fg0140","fg0854","fg0500","fg0964","fg0802","fg0867","fg0719"
"fq002667","vx_8103a3d80ea48603","fg0653","1","fg0653","fg0929","fg0289","fg0490","fg0088","fg0296","fg0784","fg0205","fg0052","fg0636","fg0886","fg0583","fg0297","fg0566","fg0071","fg0584","fg0299","fg0729","fg0313","fg0779"
"fq002668","vx_8103a3d80ea48603","fg0653","1","fg0653","fg0929","fg0205","fg0289","fg0784","fg0296","fg0052","fg0088","fg0490","fg0636","fg0584","fg0690","fg0297","fg0566","fg0729","fg0299","fg0826","fg0382","fg0409","fg0071"
"fq002669","vx_8103a3d80ea48603","fg0653","1","fg0653","fg0929","fg0205","fg0289","fg0490","fg0052","fg0088","fg0584","fg0784","fg0690","fg0296","fg0382","fg0636","fg0729","fg0297","fg0827","fg0826","fg0409","fg0104","fg0354"
"fq002670","vx_8103a3d80ea48603","fg0653","1","fg0653","fg0929","fg0289","fg0052","fg0088","fg0490","fg0205","fg0296","fg0784","fg0636","fg0382","fg0584","fg0690","fg0729","fg0297","fg0071","fg0139","fg0104","fg0588","fg0566"
"fq002671","vx_8103a3d80ea48603","fg0653","1","fg0653","fg0929","fg0205","fg0289","fg0052","fg0296","fg0088","fg0784","fg0584","fg0299","fg0297","fg0636","fg0490","fg0382","fg0690","fg0729","fg0826","fg0409","fg0438","fg0566"
"fq002672","vx_58bee8c48eb35411","fg0654","1","fg0654","fg0273","fg0343","fg0483","fg0643","fg0261","fg0445","fg0522","fg0785","fg0773","fg0313","fg0624","fg0210","fg0203","fg0521","fg0351","fg0752","fg0903","fg0961","fg0618"
"fq002673","vx_58bee8c48eb35411","fg0654","1","fg0654","fg0273","fg0483","fg0343","fg0643","fg0261","fg0785","fg0445","fg0522","fg0773","fg0313","fg0624","fg0210","fg0521","fg0203","fg0857","fg0351","fg0618","fg0752","fg0961"
"fq002674","vx_58bee8c48eb35411","fg0654","1","fg0654","fg0273","fg0483","fg0643","fg0343","fg0261","fg0522","fg0445","fg0785","fg0773","fg0313","fg0624","fg0618","fg0521","fg0210","fg0857","fg0351","fg0203","fg0752","fg0043"
"fq002675","vx_58bee8c48eb35411","fg0654","1","fg0654","fg0273","fg0343","fg0483","fg0643","fg0261","fg0522","fg0445","fg0785","fg0773","fg0313","fg0210","fg0521","fg0203","fg0624","fg0724","fg0752","fg0351","fg0708","fg0961"
"fq002676","vx_58bee8c48eb35411","fg0654","1","fg0654","fg0273","fg0343","fg0483","fg0643","fg0522","fg0261","fg0445","fg0785","fg0773","fg0313","fg0624","fg0203","fg0521","fg0210","fg0351","fg0618","fg0857","fg0752","fg0961"
"fq002677","vx_58bee8c48eb35411","fg0654","1","fg0654","fg0273","fg0343","fg0522","fg0261","fg0483","fg0445","fg0643","fg0785","fg0773","fg0313","fg0624","fg0203","fg0210","fg0521","fg0752","fg0351","fg0903","fg0961","fg0883"
"fq002678","vx_58bee8c48eb35411","fg0654","1","fg0654","fg0273","fg0343","fg0483","fg0643","fg0261","fg0445","fg0522","fg0785","fg0773","fg0313","fg0624","fg0210","fg0203","fg0521","fg0351","fg0618","fg0857","fg0752","fg0807"
"fq002679","vx_58bee8c48eb35411","fg0654","1","fg0654","fg0273","fg0343","fg0483","fg0643","fg0261","fg0785","fg0445","fg0522","fg0773","fg0313","fg0624","fg0210","fg0203","fg0521","fg0351","fg0857","fg0618","fg0752","fg0708"
"fq002680","vx_58bee8c48eb35411","fg0654","1","fg0654","fg0273","fg0343","fg0522","fg0445","fg0261","fg0483","fg0643","fg0785","fg0773","fg0203","fg0313","fg0210","fg0624","fg0521","fg0752","fg0351","fg0883","fg0903","fg0708"
"fq002681","vx_58bee8c48eb35411","fg0654","1","fg0654","fg0273","fg0343","fg0483","fg0643","fg0445","fg0261","fg0522","fg0785","fg0773","fg0313","fg0624","fg0203","fg0210","fg0351","fg0521","fg0752","fg0618","fg0961","fg0807"
"fq002682","vx_58bee8c48eb35411","fg0654","1","fg0654","fg0273","fg0483","fg0343","fg0643","fg0261","fg0785","fg0522","fg0445","fg0773","fg0313","fg0624","fg0210","fg0203","fg0351","fg0521","fg0618","fg0857","fg0752","fg0903"
"fq002683","vx_58bee8c48eb35411","fg0654","1","fg0654","fg0273","fg0343","fg0483","fg0643","fg0261","fg0445","fg0522","fg0785","fg0773","fg0313","fg0624","fg0521","fg0210","fg0203","fg0752","fg0351","fg0903","fg0961","fg0857"
"fq002684","vx_6aa86c0618be3faf","fg0655","1","fg0655","fg0761","fg0745","fg0297","fg0603","fg0970","fg0114","fg0164","fg0027","fg0099","fg0252","fg0932","fg0026","fg0460","fg0374","fg0265","fg0466","fg0605","fg0665","fg0150"
"fq002685","vx_6aa86c0618be3faf","fg0655","1","fg0655","fg0745","fg0761","fg0367","fg0113","fg0357","fg0026","fg0955","fg0103","fg0435","fg0695","fg0771","fg0818","fg0197","fg0099","fg0173","fg0460","fg0869","fg0387","fg0586"
"fq002686","vx_5fa89d9814b2ee57","fg0656","1","fg0656","fg0675","fg0276","fg0955","fg0868","fg0740","fg0203","fg0539","fg0592","fg0965","fg0471","fg0218","fg0527","fg0769","fg0105","fg0437","fg0919","fg0353","fg0204","fg0374"
"fq002687","vx_5fa89d9814b2ee57","fg0656","1","fg0656","fg0276","fg0675","fg0955","fg0975","fg0740","fg0539","fg0218","fg0203","fg0592","fg0595","fg0471","fg0937","fg0527","fg0437","fg0294","fg0950","fg0939","fg0919","fg0964"
"fq002688","vx_5fa89d9814b2ee57","fg0656","1","fg0656","fg0276","fg0975","fg0595","fg0950","fg0675","fg0956","fg0955","fg0437","fg0494","fg0964","fg0569","fg0539","fg0592","fg0579","fg0003","fg0822","fg0939","fg0937","fg0490"
"fq002689","vx_5fa89d9814b2ee57","fg0656","1","fg0656","fg0276","fg0675","fg0868","fg0592","fg0539","fg0374","fg0955","fg0203","fg0740","fg0466","fg0965","fg0970","fg0769","fg0579","fg0105","fg0509","fg0294","fg0218","fg0968"
"fq002690","vx_5fa89d9814b2ee57","fg0656","1","fg0656","fg0276","fg0675","fg0955","fg0740","fg0203","fg0592","fg0975","fg0471","fg0527","fg0218","fg0374","fg0868","fg0970","fg0937","fg0466","fg0539","fg0155","fg0437","fg0595"
"fq002691","vx_9628f10798a32318","fg0657","1","fg0657","fg0505","fg0972","fg0294","fg0914","fg0519","fg0669","fg0659","fg0490","fg0260","fg0345","fg0147","fg0733","fg0858","fg0167","fg0738","fg0192","fg0120","fg0400","fg0091"
"fq002692","vx_9628f10798a32318","fg0657","1","fg0657","fg0505","fg0972","fg0914","fg0294","fg0519","fg0669","fg0659","fg0490","fg0394","fg0260","fg0345","fg0907","fg0147","fg0167","fg0844","fg0942","fg0400","fg0750","fg0034"
"fq002693","vx_9628f10798a32318","fg0657","1","fg0657","fg0505","fg0972","fg0294","fg0914","fg0519","fg0669","fg0345","fg0490","fg0659","fg0260","fg0147","fg0167","fg0733","fg0731","fg0858","fg0191","fg0738","fg0332","fg0569"
"fq002694","vx_9628f10798a32318","fg0657","1","fg0657","fg0505","fg0972","fg0294","fg0914","fg0519","fg0669","fg0260","fg0490","fg0345","fg0659","fg0147","fg0733","fg0167","fg0858","fg0738","fg0933","fg0192","fg0091","fg0671"
"fq002695","vx_d67569e5f4cd665d","fg0658","1","fg0658","fg0786","fg0692","fg0901","fg0289","fg0437","fg0949","fg0696","fg0830","fg0239","fg0480","fg0171","fg0339","fg0406","fg0229","fg0735","fg0011","fg0543","fg0441","fg0172"
"fq002696","vx_3652c82fc00dc847","fg0659","1","fg0659","fg0612","fg0327","fg0551","fg0364","fg0490","fg0668","fg0770","fg0464","fg0095","fg0826","fg0159","fg0588","fg0914","fg0560","fg0647","fg0552","fg0972","fg0945","fg0793"
"fq002697","vx_3652c82fc00dc847","fg0659","5","fg0926","fg0944","fg0231","fg0341","fg0659","fg0159","fg0710","fg0588","fg0539","fg0579","fg0698","fg0490","fg0589","fg0889","fg0464","fg0559","fg0105","fg0270","fg0573","fg0460"
"fq002698","vx_3652c82fc00dc847","fg0659","3","fg0327","fg0612","fg0659","fg0364","fg0551","fg0668","fg0095","fg0490","fg0560","fg0826","fg0588","fg0770","fg0793","fg0464","fg0104","fg0989","fg0647","fg0552","fg0159","fg0231"
"fq002699","vx_1a1560ffdbb88b92","fg0660","1","fg0660","fg0970","fg0283","fg0155","fg0576","fg0271","fg0374","fg0968","fg0628","fg0997","fg0885","fg0533","fg0888","fg0867","fg0431","fg0835","fg0938","fg0509","fg0113","fg0922"
"fq002700","vx_52346b401d7da0bf","fg0661","1","fg0661","fg0805","fg0746","fg0280","fg0389","fg0825","fg0884","fg0574","fg0112","fg0418","fg0844","fg0609","fg0667","fg0013","fg0924","fg0115","fg0051","fg0676","fg0333","fg0304"
"fq002701","vx_4c3e6a730c89a21f","fg0662","2","fg0742","fg0662","fg0181","fg0358","fg0757","fg0182","fg0962","fg0380","fg0407","fg0198","fg0544","fg0425","fg0455","fg0794","fg0728","fg0604","fg0977","fg0163","fg0933","fg0982"
"fq002702","vx_4c3e6a730c89a21f","fg0662","1","fg0662","fg0742","fg0181","fg0358","fg0757","fg0182","fg0962","fg0407","fg0425","fg0198","fg0728","fg0455","fg0794","fg0163","fg0380","fg0933","fg0603","fg0604","fg0411","fg0544"
"fq002703","vx_4c3e6a730c89a21f","fg0662","1","fg0662","fg0742","fg0181","fg0358","fg0757","fg0182","fg0962","fg0407","fg0425","fg0198","fg0380","fg0794","fg0544","fg0455","fg0728","fg0163","fg0604","fg0982","fg0977","fg0194"
"fq002704","vx_4c3e6a730c89a21f","fg0662","2","fg0181","fg0662","fg0742","fg0358","fg0757","fg0182","fg0962","fg0380","fg0544","fg0425","fg0794","fg0455","fg0198","fg0407","fg0603","fg0604","fg0958","fg0163","fg0977","fg0670"
"fq002705","vx_4c3e6a730c89a21f","fg0662","1","fg0662","fg0742","fg0181","fg0358","fg0757","fg0182","fg0962","fg0380","fg0198","fg0425","fg0407","fg0544","fg0794","fg0982","fg0604","fg0163","fg0933","fg0523","fg0603","fg0977"
"fq002706","vx_4749b398ac5200de","fg0663","1","fg0663","fg0359","fg0318","fg0348","fg0081","fg0309","fg0200","fg0115","fg0400","fg0644","fg0963","fg0622","fg0209","fg0078","fg0933","fg0015","fg0152","fg0279","fg0281","fg0016"
"fq002707","vx_4749b398ac5200de","fg0663","1","fg0663","fg0359","fg0467","fg0078","fg0348","fg0829","fg0318","fg0217","fg0016","fg0081","fg0281","fg0622","fg0115","fg0309","fg0209","fg0200","fg0644","fg0634","fg0702","fg0015"
"fq002708","vx_168e6d114f57c680","fg0664","1","fg0664","fg0677","fg0438","fg0638","fg0354","fg0833","fg0240","fg0684","fg0302","fg0012","fg0986","fg0057","fg0361","fg0749","fg0305","fg0306","fg1000","fg0291","fg0027","fg0005"
"fq002709","vx_168e6d114f57c680","fg0664","1","fg0664","fg0677","fg0438","fg0354","fg0638","fg0684","fg0833","fg0012","fg0240","fg0057","fg1000","fg0302","fg0986","fg0587","fg0306","fg0361","fg0888","fg0291","fg0749","fg0305"
"fq002710","vx_168e6d114f57c680","fg0664","1","fg0664","fg0677","fg0438","fg0354","fg0638","fg0684","fg0833","fg0012","fg0302","fg0057","fg0240","fg0986","fg0888","fg0305","fg1000","fg0361","fg0291","fg0749","fg0399","fg0027"
"fq002711","vx_f37507f69fdc317b","fg0665","1","fg0665","fg0056","fg0394","fg0844","fg0034","fg0772","fg0859","fg0180","fg0683","fg0691","fg0847","fg0880","fg0759","fg0460","fg0823","fg0025","fg0362","fg0461","fg0696","fg0168"
"fq002712","vx_e003f923c8c9d429","fg0666","1","fg0666","fg0077","fg0777","fg0212","fg0705","fg0910","fg0159","fg0501","fg0173","fg0521","fg0009","fg0614","fg0064","fg0889","fg0520","fg0931","fg0755","fg0125","fg0476","fg0086"
"fq002713","vx_0b3caeb6ff4196bc","fg0667","1","fg0667","fg0488","fg0482","fg0213","fg0143","fg0137","fg0883","fg0794","fg0635","fg0676","fg0985","fg0661","fg0777","fg0497","fg0957","fg0632","fg0338","fg0384","fg0051","fg0711"
"fq002714","vx_0b3caeb6ff4196bc","fg0667","1","fg0667","fg0482","fg0213","fg0794","fg0488","fg0137","fg0676","fg0143","fg0051","fg0670","fg0338","fg0401","fg0269","fg0883","fg0635","fg0711","fg0985","fg0632","fg0777","fg0795"
"fq002715","vx_0b3caeb6ff4196bc","fg0667","1","fg0667","fg0488","fg0794","fg0482","fg0213","fg0635","fg0676","fg0137","fg0143","fg0632","fg0883","fg0985","fg0401","fg0941","fg0661","fg0129","fg0777","fg0051","fg0670","fg0338"
"fq002716","vx_974435cba3642f05","fg0668","1","fg0668","fg0612","fg0551","fg0327","fg0364","fg0419","fg0701","fg0560","fg0770","fg0095","fg0133","fg0231","fg0826","fg0793","fg0925","fg0148","fg0989","fg0945","fg0398","fg0794"
"fq002717","vx_974435cba3642f05","fg0668","1","fg0668","fg0612","fg0327","fg0551","fg0364","fg0701","fg0419","fg0560","fg0945","fg0231","fg0770","fg0989","fg0095","fg0133","fg0826","fg0925","fg0552","fg0322","fg0148","fg0445"
"fq002718","vx_bd5019bdd268d55b","fg0669","2","fg0519","fg0669","fg0972","fg0505","fg0657","fg0914","fg0294","fg0659","fg0490","fg0260","fg0167","fg0147","fg0210","fg0269","fg0372","fg0345","fg0691","fg0932","fg0093","fg0858"
"fq002719","vx_bd5019bdd268d55b","fg0669","1","fg0669","fg0519","fg0972","fg0505","fg0657","fg0914","fg0294","fg0659","fg0691","fg0490","fg0932","fg0167","fg0269","fg0911","fg0260","fg0473","fg0147","fg0345","fg0063","fg0120"
"fq002720","vx_bd5019bdd268d55b","fg0669","2","fg0519","fg0669","fg0972","fg0505","fg0657","fg0914","fg0294","fg0659","fg0490","fg0691","fg0260","fg0167","fg0932","fg0147","fg0345","fg0911","fg0473","fg0269","fg0733","fg0858"
"fq002721","vx_53028abf5558a881","fg0670","782","fg0170","fg0052","fg0680","fg0580","fg0049","fg0842","fg0072","fg0588","fg0912","fg0309","fg0325","fg0230","fg0042","fg0102","fg0780","fg0750","fg0365","fg0442","fg0034","fg0004"
"fq002722","vx_bad017a4e97f9d5b","fg0671","1","fg0671","fg0151","fg0559","fg0312","fg0105","fg0211","fg0453","fg0965","fg0025","fg0159","fg0957","fg0086","fg0401","fg0365","fg0464","fg0113","fg0520","fg0539","fg0579","fg0588"
"fq002723","vx_f2b27beae3e07649","fg0672","1","fg0672","fg0504","fg0971","fg0469","fg0535","fg0144","fg0027","fg0269","fg0824","fg0637","fg0950","fg0872","fg0063","fg0772","fg0024","fg0891","fg0502","fg0166","fg0642","fg0598"
"fq002724","vx_f2b27beae3e07649","fg0672","1","fg0672","fg0504","fg0824","fg0502","fg0891","fg0898","fg0870","fg0242","fg0535","fg0950","fg0637","fg0718","fg0024","fg0144","fg0971","fg0872","fg0946","fg0887","fg0469","fg0762"
"fq002725","vx_f2b27beae3e07649","fg0672","1","fg0672","fg0504","fg0502","fg0898","fg0824","fg0535","fg0870","fg0950","fg0242","fg0637","fg0144","fg0891","fg0872","fg0971","fg0024","fg0762","fg0718","fg0469","fg0887","fg0946"
"fq002726","vx_0974ed6130d8641a","fg0673","13","fg0965","fg0559","fg0868","fg0539","fg0105","fg0588","fg0365","fg0990","fg0769","fg0211","fg0195","fg0025","fg0673","fg0941","fg0151","fg0312","fg0828","fg0464","fg0129","fg0547"
"fq002727","vx_0974ed6130d8641a","fg0673","13","fg0965","fg0559","fg0868","fg0365","fg0105","fg0539","fg0990","fg0588","fg0960","fg0769","fg0195","fg0435","fg0673","fg0151","fg0916","fg0211","fg0547","fg0675","fg0596","fg0750"
"fq002728","vx_0974ed6130d8641a","fg0673","35","fg0828","fg0559","fg0965","fg0030","fg0941","fg0477","fg0007","fg0974","fg0365","fg0868","fg0539","fg0105","fg0614","fg0588","fg0067","fg0129","fg0211","fg0312","fg0195","fg0563"
"fq002729","vx_0974ed6130d8641a","fg0673","28","fg0312","fg0559","fg0965","fg0211","fg0105","fg0365","fg0539","fg0588","fg0868","fg0025","fg0990","fg0941","fg0372","fg0769","fg0334","fg0435","fg0907","fg0828","fg0258","fg0184"
"fq002730","vx_0974ed6130d8641a","fg0673","28","fg0941","fg0965","fg0105","fg0195","fg0159","fg0093","fg0868","fg0397","fg0539","fg0039","fg0588","fg0184","fg0007","fg0211","fg0025","fg0129","fg0828","fg0312","fg0559","fg0030"
"fq002731","vx_5060530b75773968","fg0674","1","fg0674","fg0516","fg0174","fg0009","fg0288","fg0741","fg0750","fg0216","fg0017","fg0939","fg0925","fg0892","fg0277","fg0435","fg0306","fg0818","fg0026","fg0099","fg0617","fg0776"
"fq002732","vx_5060530b75773968","fg0674","1","fg0674","fg0516","fg0174","fg0009","fg0288","fg0939","fg0741","fg0026","fg0925","fg0017","fg0216","fg0750","fg0277","fg0758","fg0834","fg0678","fg0776","fg0119","fg0244","fg0995"
"fq002733","vx_5ac2b24744b5be1c","fg0675","1","fg0675","fg0656","fg0965","fg0868","fg0276","fg0955","fg0527","fg0559","fg0539","fg0195","fg0294","fg0738","fg0919","fg0200","fg0740","fg0444","fg0204","fg0513","fg0907","fg0841"
"fq002734","vx_c30e1ea622ddd60b","fg0676","955","fg0365","fg0828","fg0941","fg0614","fg0435","fg0284","fg0559","fg0118","fg0129","fg0007","fg0018","fg0974","fg0588","fg0539","fg0131","fg0475","fg0330","fg0530","fg0086","fg0015"
"fq002735","vx_c30e1ea622ddd60b","fg0676","1","fg0676","fg0085","fg0808","fg0286","fg0384","fg0194","fg0226","fg0396","fg0223","fg0507","fg0323","fg0714","fg0277","fg0471","fg0941","fg0067","fg0868","fg0446","fg0725","fg0748"
"fq002736","vx_c30e1ea622ddd60b","fg0676","365","fg0828","fg0941","fg0614","fg0365","fg0007","fg0284","fg0559","fg0974","fg0965","fg0129","fg0118","fg0477","fg0068","fg0131","fg0475","fg0067","fg0082","fg0086","fg0961","fg0552"
"fq002737","vx_c30e1ea622ddd60b","fg0676","564","fg0653","fg0929","fg0445","fg0690","fg0261","fg0522","fg0273","fg0785","fg0654","fg0343","fg0826","fg0643","fg0056","fg0774","fg0166","fg0093","fg0207","fg0448","fg0289","fg0534"
"fq002738","vx_c30e1ea622ddd60b","fg0676","1","fg0676","fg0085","fg0323","fg0286","fg0808","fg0223","fg0194","fg0471","fg0277","fg0396","fg0714","fg0507","fg0384","fg0725","fg0868","fg0941","fg0226","fg0446","fg0740","fg0067"
"fq002739","vx_c30e1ea622ddd60b","fg0676","687","fg0653","fg0929","fg0445","fg0522","fg0273","fg0261","fg0785","fg0343","fg0690","fg0826","fg0654","fg0056","fg0643","fg0093","fg0289","fg0458","fg0448","fg0205","fg0170","fg0534"
"fq002740","vx_c30e1ea622ddd60b","fg0676","196","fg0828","fg0007","fg0614","fg0974","fg0941","fg0477","fg0284","fg0030","fg0067","fg0365","fg0965","fg0118","fg0131","fg0129","fg0086","fg0559","fg0475","fg0330","fg0082","fg0057"
"fq002741","vx_583618a1c64386b0","fg0677","1","fg0677","fg0664","fg0302","fg0438","fg0833","fg0399","fg0749","fg0057","fg0728","fg0729","fg0291","fg0005","fg0354","fg0464","fg0930","fg0659","fg0526","fg0465","fg0986","fg0832"
"fq002742","vx_da45c97d7812f32a","fg0678","1","fg0678","fg0026","fg0939","fg0244","fg0140","fg0991","fg0955","fg0787","fg0169","fg0836","fg0402","fg0154","fg0758","fg0175","fg0135","fg0370","fg0230","fg0387","fg0300","fg0381"
"fq002743","vx_da45c97d7812f32a","fg0678","1","fg0678","fg0026","fg0939","fg0154","fg0402","fg0244","fg0991","fg0787","fg0955","fg0175","fg0135","fg0230","fg0758","fg0387","fg0555","fg0460","fg0129","fg0397","fg0836","fg0415"
"fq002744","vx_da45c97d7812f32a","fg0678","1","fg0678","fg0026","fg0939","fg0140","fg0955","fg0169","fg0244","fg0402","fg0991","fg0787","fg0758","fg0836","fg0154","fg0387","fg0135","fg0367","fg0175","fg0437","fg0103","fg0229"
"fq002745","vx_da45c97d7812f32a","fg0678","1","fg0678","fg0026","fg0939","fg0402","fg0244","fg0955","fg0991","fg0787","fg0154","fg0105","fg0175","fg0093","fg0135","fg0230","fg0365","fg0758","fg0555","fg0905","fg0482","fg0836"
"fq002746","vx_da45c97d7812f32a","fg0678","1","fg0678","fg0026","fg0939","fg0140","fg0991","fg0787","fg0402","fg0154","fg0169","fg0955","fg0244","fg0836","fg0175","fg0135","fg0758","fg0460","fg0555","fg0300","fg0370","fg0229"
"fq002747","vx_da45c97d7812f32a","fg0678","1","fg0678","fg0026","fg0787","fg0991","fg0939","fg0244","fg0175","fg0154","fg0402","fg0955","fg0836","fg0230","fg0683","fg0135","fg0720","fg0553","fg0300","fg0370","fg0758","fg0460"
"fq002748","vx_da45c97d7812f32a","fg0678","1","fg0678","fg0026","fg0939","fg0402","fg0991","fg0787","fg0244","fg0169","fg0154","fg0140","fg0955","fg0175","fg0381","fg0836","fg0135","fg0758","fg0437","fg0555","fg0229","fg0543"
"fq002749","vx_da45c97d7812f32a","fg0678","1","fg0678","fg0026","fg0939","fg0402","fg0955","fg0244","fg0154","fg0991","fg0787","fg0140","fg0175","fg0230","fg0836","fg0555","fg0135","fg0905","fg0758","fg0169","fg0387","fg0370"
"fq002750","vx_da45c97d7812f32a","fg0678","1","fg0678","fg0026","fg0939","fg0140","fg0169","fg0991","fg0402","fg0787","fg0154","fg0244","fg0955","fg0836","fg0175","fg0231","fg0370","fg0431","fg0758","fg0230","fg0944","fg0135"
"fq002751","vx_da45c97d7812f32a","fg0678","1","fg0678","fg0140","fg0026","fg0939","fg0169","fg0244","fg0991","fg0955","fg0402","fg0787","fg0836","fg0758","fg0154","fg0381","fg0370","fg0175","fg0230","fg0543","fg0779","fg0229"
"fq002752","vx_da45c97d7812f32a","fg0678","1","fg0678","fg0140","fg0169","fg0026","fg0939","fg0991","fg0787","fg0402","fg0244","fg0381","fg0836","fg0431","fg0175","fg0955","fg0229","fg0543","fg0779","fg0889","fg0370","fg0437"
"fq002753","vx_da45c97d7812f32a","fg0678","1","fg0678","fg0026","fg0939","fg0140","fg0169","fg0991","fg0787","fg0836","fg0955","fg0244","fg0154","fg0402","fg0758","fg0370","fg0381","fg0175","fg0135","fg0230","fg0300","fg0779"
"fq002754","vx_da45c97d7812f32a","fg0678","1","fg0678","fg0026","fg0939","fg0991","fg0787","fg0402","fg0244","fg0154","fg0955","fg0175","fg0230","fg0387","fg0135","fg0836","fg0758","fg0397","fg0093","fg0370","fg0555","fg0300"
"fq002755","vx_da45c97d7812f32a","fg0678","1","fg0678","fg0140","fg0026","fg0939","fg0169","fg0991","fg0836","fg0787","fg0955","fg0244","fg0370","fg0758","fg0381","fg0154","fg0779","fg0543","fg0229","fg0175","fg0300","fg0889"
"fq002756","vx_da45c97d7812f32a","fg0678","1","fg0678","fg0026","fg0939","fg0140","fg0402","fg0169","fg0955","fg0244","fg0154","fg0991","fg0836","fg0787","fg0758","fg0135","fg0555","fg0175","fg0229","fg0905","fg0387","fg0370"
"fq002757","vx_da45c97d7812f32a","fg0678","1","fg0678","fg0026","fg0939","fg0402","fg0140","fg0169","fg0991","fg0787","fg0955","fg0244","fg0154","fg0555","fg0175","fg0836","fg0905","fg0135","fg0370","fg0889","fg0381","fg0758"
"fq002758","vx_da45c97d7812f32a","fg0678","1","fg0678","fg0026","fg0140","fg0939","fg0169","fg0991","fg0836","fg0787","fg0154","fg0955","fg0244","fg0402","fg0370","fg0175","fg0381","fg0758","fg0543","fg0300","fg0135","fg0229"
"fq002759","vx_da45c97d7812f32a","fg0678","1","fg0678","fg0026","fg0787","fg0991","fg0939","fg0154","fg0402","fg0175","fg0244","fg0720","fg0955","fg0836","fg0963","fg0553","fg0737","fg0135","fg0683","fg0758","fg0460","fg0482"
"fq002760","vx_da45c97d7812f32a","fg0678","1","fg0678","fg0026","fg0939","fg0402","fg0991","fg0955","fg0154","fg0140","fg0787","fg0244","fg0836","fg0169","fg0175","fg0135","fg0758","fg0555","fg0370","fg0300","fg0460","fg0387"
"fq002761","vx_da45c97d7812f32a","fg0678","1","fg0678","fg0026","fg0939","fg0402","fg0154","fg0991","fg0955","fg0787","fg0244","fg0175","fg0135","fg0555","fg0758","fg0482","fg0836","fg0140","fg0460","fg0905","fg0387","fg0129"
"fq002762","vx_e6dd6be9bd92f6a3","fg0679","1","fg0679","fg0300","fg0704","fg0909","fg0713","fg0633","fg0950","fg0478","fg0818","fg0322","fg0912","fg0776","fg0447","fg0242","fg0486","fg0870","fg0199","fg0610","fg0385","fg0898"
"fq002763","vx_37476a47fc1279ed","fg0680","1","fg0680","fg0752","fg0072","fg0951","fg0170","fg0232","fg0102","fg0410","fg0731","fg0941","fg0137","fg0806","fg0993","fg0263","fg0858","fg0513","fg0882","fg0540","fg0282","fg0581"
"fq002764","vx_d2f896e1ae5b2040","fg0681","1","fg0681","fg0278","fg0723","fg0414","fg0189","fg0041","fg0722","fg0996","fg0580","fg0496","fg0046","fg0478","fg0534","fg0778","fg0130","fg0129","fg0418","fg0691","fg0843","fg0521"
"fq002765","vx_93556e75f1bb4062","fg0682","1","fg0682","fg0330","fg0071","fg0042","fg0597","fg0414","fg0713","fg0060","fg0780","fg0969","fg0588","fg0571","fg0079","fg0470","fg0136","fg0481","fg0270","fg0371","fg0159","fg0923"
"fq002766","vx_93556e75f1bb4062","fg0682","1","fg0682","fg0071","fg0330","fg0414","fg0597","fg0042","fg0060","fg0780","fg0713","fg0571","fg0969","fg0270","fg0588","fg0079","fg0371","fg0159","fg0481","fg0923","fg0070","fg0755"
"fq002767","vx_93556e75f1bb4062","fg0682","1","fg0682","fg0330","fg0071","fg0414","fg0588","fg0042","fg0780","fg0060","fg0597","fg0159","fg0270","fg0371","fg0334","fg0584","fg0211","fg0713","fg0923","fg0521","fg0426","fg0770"
"fq002768","vx_93556e75f1bb4062","fg0682","1","fg0682","fg0071","fg0330","fg0414","fg0060","fg0713","fg0780","fg0597","fg0042","fg0571","fg0588","fg0270","fg0481","fg0159","fg0070","fg0969","fg0510","fg0247","fg0136","fg0371"
"fq002769","vx_93556e75f1bb4062","fg0682","1","fg0682","fg0330","fg0071","fg0414","fg0597","fg0042","fg0780","fg0060","fg0571","fg0481","fg0713","fg0969","fg0588","fg0070","fg0270","fg0371","fg0510","fg0247","fg0923","fg0159"
"fq002770","vx_93556e75f1bb4062","fg0682","1","fg0682","fg0071","fg0330","fg0060","fg0588","fg0780","fg0247","fg0159","fg0042","fg0414","fg0587","fg0270","fg0747","fg0713","fg0584","fg0334","fg0624","fg0206","fg0693","fg0282"
"fq002771","vx_93556e75f1bb4062","fg0682","1","fg0682","fg0330","fg0597","fg0071","fg0042","fg0414","fg0780","fg0060","fg0470","fg0713","fg0571","fg0588","fg0481","fg0969","fg0159","fg0270","fg0079","fg0371","fg0070","fg0923"
"fq002772","vx_bd54ecb8dc146401","fg0683","4","fg0720","fg0553","fg0963","fg0683","fg0342","fg0110","fg0287","fg0999","fg0562","fg0787","fg0695","fg0726","fg0991","fg0235","fg0057","fg0007","fg0298","fg0734","fg0370","fg0775"
"fq002773","vx_73868d620b0abec4","fg0684","1","fg0684","fg0012","fg1000","fg0527","fg0207","fg0640","fg0104","fg0690","fg0825","fg0027","fg0331","fg0769","fg0986","fg0113","fg0364","fg0983","fg0590","fg0964","fg0403","fg0779"
"fq002774","vx_73868d620b0abec4","fg0684","1","fg0684","fg0207","fg1000","fg0012","fg0527","fg0640","fg0690","fg0104","fg0986","fg0364","fg0983","fg0769","fg0888","fg0027","fg0590","fg0779","fg0331","fg0403","fg0113","fg0434"
"fq002775","vx_e47c8c93a8f89154","fg0685","1","fg0685","fg0852","fg0601","fg0082","fg0838","fg0804","fg0978","fg0839","fg0015","fg0080","fg0462","fg0639","fg0177","fg0369","fg0365","fg0057","fg0946","fg0940","fg0617","fg0011"
"fq002776","vx_e47c8c93a8f89154","fg0685","1","fg0685","fg0601","fg0852","fg0082","fg0838","fg0804","fg0839","fg0978","fg0080","fg0462","fg0015","fg0639","fg0057","fg0946","fg0940","fg0369","fg0177","fg0365","fg0617","fg0011"
"fq002777","vx_e47c8c93a8f89154","fg0685","1","fg0685","fg0601","fg0852","fg0082","fg0838","fg0804","fg0978","fg0839","fg0462","fg0015","fg0080","fg0409","fg0760","fg0177","fg0139","fg0369","fg0639","fg0617","fg0905","fg0365"
"fq002778","vx_18fc83cd3f8a8687","fg0686","1","fg0686","fg0629","fg0472","fg0602","fg0188","fg0788","fg0096","fg0429","fg0803","fg0894","fg0466","fg0120","fg0130","fg0734","fg0847","fg0821","fg0459","fg0620","fg0448","fg0665"
"fq002779","vx_18fc83cd3f8a8687","fg0686","1","fg0686","fg0472","fg0602","fg0788","fg0096","fg0429","fg0629","fg0188","fg0734","fg0120","fg0894","fg0130","fg0803","fg0847","fg0577","fg0496","fg0590","fg0821","fg0778","fg0620"
"fq002780","vx_a2ccf40b0fae2a52","fg0687","1","fg0687","fg0523","fg0043","fg0529","fg0099","fg0162","fg0555","fg0820","fg0373","fg0802","fg0199","fg0958","fg0849","fg0961","fg0280","fg0599","fg0964","fg0017","fg0547","fg0462"
"fq002781","vx_a2ccf40b0fae2a52","fg0687","1","fg0687","fg0523","fg0043","fg0529","fg0099","fg0162","fg0555","fg0958","fg0820","fg0849","fg0373","fg0802","fg0280","fg0599","fg0199","fg0961","fg0888","fg0964","fg0547","fg0017"
"fq002782","vx_a2ccf40b0fae2a52","fg0687","1","fg0687","fg0523","fg0529","fg0099","fg0043","fg0162","fg0555","fg0958","fg0849","fg0961","fg0964","fg0599","fg0373","fg0280","fg0820","fg0199","fg0595","fg0888","fg0802","fg0590"
"fq002783","vx_a2ccf40b0fae2a52","fg0687","1","fg0687","fg0523","fg0043","fg0529","fg0099","fg0304","fg0795","fg0245","fg0162","fg0555","fg0849","fg0802","fg0958","fg0768","fg0280","fg0373","fg0888","fg0590","fg0820","fg0595"
"fq002784","vx_a2ccf40b0fae2a52","fg0687","1","fg0687","fg0523","fg0529","fg0099","fg0043","fg0162","fg0555","fg0958","fg0961","fg0964","fg0599","fg0820","fg0280","fg0802","fg0373","fg0199","fg0849","fg0428","fg0139","fg0273"
"fq002785","vx_a2ccf40b0fae2a52","fg0687","1","fg0687","fg0523","fg0043","fg0529","fg0099","fg0162","fg0199","fg0820","fg0373","fg0802","fg0555","fg0017","fg0849","fg0958","fg0280","fg0462","fg0964","fg0599","fg0240","fg0961"
"fq002786","vx_a2ccf40b0fae2a52","fg0687","1","fg0687","fg0523","fg0043","fg0529","fg0099","fg0162","fg0820","fg0373","fg0802","fg0199","fg0555","fg0017","fg0958","fg0849","fg0280","fg0462","fg0599","fg0447","fg0547","fg0176"
"fq002787","vx_e6cc474be66c02ae","fg0688","1","fg0688","fg0591","fg0388","fg0503","fg0778","fg0001","fg0572","fg0275","fg0195","fg0180","fg0123","fg0704","fg0973","fg0988","fg0577","fg0207","fg0411","fg0119","fg0373","fg0998"
"fq002788","vx_2343d2fec3949a26","fg0689","1","fg0689","fg0623","fg0337","fg0759","fg0002","fg0564","fg0240","fg0484","fg0128","fg0485","fg0559","fg0245","fg0083","fg0744","fg0404","fg0881","fg0461","fg0352","fg0377","fg0622"
"fq002789","vx_4d5208ef739db692","fg0690","1","fg0690","fg0929","fg0436","fg0866","fg0124","fg0653","fg0104","fg0049","fg0900","fg0595","fg0442","fg0056","fg0207","fg0640","fg0439","fg0719","fg0430","fg0447","fg0230","fg0382"
"fq002790","vx_4d5208ef739db692","fg0690","1","fg0690","fg0104","fg0929","fg0653","fg0640","fg0538","fg0207","fg0442","fg0684","fg0986","fg0326","fg0230","fg0719","fg0436","fg0124","fg0866","fg0041","fg0192","fg0255","fg0900"
"fq002791","vx_4d5208ef739db692","fg0690","3","fg0867","fg0533","fg0690","fg0569","fg0997","fg0583","fg0758","fg0885","fg0719","fg0983","fg0320","fg0595","fg0197","fg0527","fg0886","fg0442","fg0071","fg0436","fg0866","fg0588"
"fq002792","vx_4d5208ef739db692","fg0690","1","fg0690","fg0104","fg0640","fg0436","fg0866","fg0124","fg0684","fg0207","fg0538","fg0230","fg0719","fg0442","fg0192","fg0900","fg0929","fg0574","fg0986","fg0179","fg0583","fg0389"
"fq002793","vx_4d5208ef739db692","fg0690","1","fg0690","fg0104","fg0436","fg0640","fg0207","fg0866","fg0929","fg0124","fg0719","fg0684","fg0442","fg0538","fg0653","fg0230","fg0192","fg0900","fg0326","fg0062","fg0583","fg0320"
"fq002794","vx_9b825499889861d0","fg0691","1","fg0691","fg0932","fg0032","fg0325","fg0269","fg0669","fg0314","fg0168","fg1000","fg0772","fg0571","fg0665","fg0859","fg0435","fg0469","fg0806","fg0896","fg0759","fg0473","fg0796"
"fq002795","vx_f187d22e84864dda","fg0692","1","fg0692","fg0543","fg0381","fg0229","fg0172","fg0587","fg0437","fg0169","fg0779","fg0195","fg0658","fg0618","fg0140","fg0786","fg0350","fg0830","fg0838","fg0622","fg0334","fg0591"
"fq002796","vx_e93adf3d6d5626b0","fg0693","1","fg0693","fg0239","fg0561","fg0735","fg0652","fg0763","fg0739","fg0683","fg0247","fg0558","fg0282","fg0297","fg0097","fg0747","fg0422","fg0190","fg0805","fg0060","fg0495","fg0455"
"fq002797","vx_e93adf3d6d5626b0","fg0693","1","fg0693","fg0239","fg0561","fg0735","fg0652","fg0763","fg0739","fg0683","fg0247","fg0282","fg0558","fg0297","fg0097","fg0060","fg0747","fg0422","fg0190","fg0495","fg0805","fg0470"
"fq002798","vx_e93adf3d6d5626b0","fg0693","1","fg0693","fg0239","fg0561","fg0735","fg0652","fg0763","fg0739","fg0247","fg0683","fg0282","fg0558","fg0297","fg0097","fg0747","fg0060","fg0422","fg0495","fg0455","fg0805","fg0190"
"fq002799","vx_e93adf3d6d5626b0","fg0693","1","fg0693","fg0239","fg0561","fg0735","fg0652","fg0247","fg0282","fg0558","fg0739","fg0763","fg0683","fg0060","fg0297","fg0747","fg0422","fg0097","fg0805","fg0470","fg0455","fg0746"
"fq002800","vx_e93adf3d6d5626b0","fg0693","1","fg0693","fg0239","fg0561","fg0735","fg0652","fg0763","fg0739","fg0683","fg0247","fg0558","fg0282","fg0297","fg0097","fg0422","fg0747","fg0190","fg0060","fg0805","fg0470","fg0455"
"fq002801","vx_e93adf3d6d5626b0","fg0693","1","fg0693","fg0239","fg0561","fg0735","fg0652","fg0763","fg0739","fg0683","fg0558","fg0097","fg0247","fg0297","fg0282","fg0190","fg0747","fg0422","fg0060","fg0805","fg0470","fg0495"
"fq002802","vx_e93adf3d6d5626b0","fg0693","1","fg0693","fg0239","fg0735","fg0561","fg0652","fg0247","fg0282","fg0763","fg0739","fg0683","fg0558","fg0060","fg0097","fg0747","fg0297","fg0805","fg0422","fg0624","fg0190","fg0495"
"fq002803","vx_e93adf3d6d5626b0","fg0693","1","fg0693","fg0561","fg0239","fg0247","fg0735","fg0282","fg0652","fg0739","fg0763","fg0558","fg0683","fg0747","fg0060","fg0475","fg0624","fg0954","fg0422","fg0495","fg0455","fg0805"
"fq002804","vx_e93adf3d6d5626b0","fg0693","1","fg0693","fg0239","fg0561","fg0735","fg0652","fg0763","fg0739","fg0683","fg0247","fg0282","fg0558","fg0097","fg0422","fg0297","fg0747","fg0060","fg0190","fg0805","fg0495","fg0470"
"fq002805","vx_e93adf3d6d5626b0","fg0693","1","fg0693","fg0239","fg0561","fg0735","fg0652","fg0739","fg0763","fg0683","fg0097","fg0558","fg0247","fg0190","fg0297","fg0282","fg0747","fg0422","fg0805","fg0470","fg0060","fg0495"
"fq002806","vx_c4ee1e5b3a93a734","fg0694","1","fg0694","fg0610","fg0777","fg0078","fg0186","fg0392","fg0142","fg0562","fg0999","fg0337","fg0009","fg0818","fg0205","fg0626","fg0679","fg0057","fg0776","fg0063","fg0484","fg0300"
"fq002807","vx_c4ee1e5b3a93a734","fg0694","1","fg0694","fg0610","fg0777","fg0078","fg0186","fg0142","fg0392","fg0562","fg0999","fg0009","fg0818","fg0205","fg0337","fg0679","fg0626","fg0057","fg0300","fg0776","fg0063","fg0848"
"fq002808","vx_a261db600c3fe3a1","fg0695","1","fg0695","fg0771","fg0966","fg0249","fg0934","fg0235","fg0055","fg0854","fg0026","fg0964","fg0173","fg0963","fg0403","fg0640","fg0720","fg0553","fg0982","fg0105","fg0007","fg0727"
"fq002809","vx_ae7e7084675bf4f0","fg0696","1","fg0696","fg0726","fg0394","fg0254","fg0698","fg0290","fg0386","fg0658","fg0665","fg0461","fg0034","fg0957","fg0013","fg0258","fg0550","fg0035","fg0537","fg0171","fg0412","fg0065"
"fq002810","vx_ae7e7084675bf4f0","fg0696","94","fg0207","fg0995","fg0823","fg0570","fg0684","fg0880","fg0360","fg0176","fg0294","fg0499","fg0917","fg0441","fg0657","fg0670","fg0334","fg0034","fg0755","fg0505","fg0538","fg0972"
"fq002811","vx_e6c5fb444b2b5cd9","fg0697","1","fg0697","fg0215","fg0192","fg0110","fg0209","fg0575","fg0228","fg0260","fg0751","fg0643","fg0121","fg0993","fg0698","fg0441","fg0556","fg0147","fg0345","fg0051","fg0040","fg0942"
"fq002812","vx_e6c5fb444b2b5cd9","fg0697","1","fg0697","fg0215","fg0110","fg0209","fg0192","fg0698","fg0643","fg0051","fg0260","fg0926","fg0993","fg0575","fg0040","fg0121","fg0751","fg0228","fg0770","fg0147","fg0467","fg0556"
"fq002813","vx_e6c5fb444b2b5cd9","fg0697","1","fg0697","fg0215","fg0192","fg0993","fg0770","fg0698","fg0110","fg0209","fg0121","fg0040","fg0926","fg0575","fg0051","fg0228","fg0751","fg0260","fg0942","fg0038","fg0643","fg0207"
"fq002814","vx_92d6bb66741fcda2","fg0698","1","fg0698","fg0231","fg0944","fg0926","fg0710","fg0341","fg0051","fg0401","fg0455","fg0696","fg0966","fg0825","fg0598","fg0589","fg0371","fg0697","fg0082","fg0226","fg0737","fg0957"
"fq002815","vx_92d6bb66741fcda2","fg0698","1","fg0698","fg0051","fg0401","fg0231","fg0710","fg0944","fg0926","fg0455","fg0341","fg0696","fg0966","fg0825","fg0957","fg0226","fg0371","fg0748","fg0780","fg0697","fg0589","fg0082"
"fq002816","vx_80dfaf855ce1faba","fg0699","737","fg0308","fg0074","fg0369","fg0115","fg0372","fg0800","fg0531","fg0004","fg0838","fg0701","fg0949","fg0896","fg0853","fg0334","fg0101","fg0750","fg0801","fg0274","fg0572","fg0392"
"fq002817","vx_762da8c0924c4b56","fg0700","1","fg0700","fg0899","fg0146","fg0054","fg0359","fg0192","fg0642","fg0825","fg0045","fg0587","fg0566","fg0604","fg0106","fg0903","fg0788","fg0764","fg0571","fg0081","fg0473","fg0455"
"fq002818","vx_762da8c0924c4b56","fg0700","1","fg0700","fg0899","fg0359","fg0146","fg0054","fg0192","fg0825","fg0081","fg0045","fg0604","fg0897","fg0318","fg0919","fg0106","fg0571","fg0455","fg0788","fg0566","fg0644","fg0587"
"fq002819","vx_762da8c0924c4b56","fg0700","1","fg0700","fg0899","fg0146","fg0054","fg0359","fg0642","fg0192","fg0587","fg0825","fg0045","fg0081","fg0604","fg0566","fg0226","fg0788","fg0764","fg0106","fg0347","fg0455","fg0279"
"fq002820","vx_762da8c0924c4b56","fg0700","1","fg0700","fg0899","fg0146","fg0054","fg0359","fg0192","fg0045","fg0825","fg0604","fg0764","fg0644","fg0566","fg0455","fg0226","fg0919","fg0106","fg0903","fg0788","fg0587","fg0347"
"fq002821","vx_762da8c0924c4b56","fg0700","1","fg0700","fg0899","fg0146","fg0054","fg0359","fg0192","fg0825","fg0642","fg0045","fg0106","fg0903","fg0604","fg0587","fg0081","fg0566","fg0034","fg0764","fg0919","fg0226","fg0455"
"fq002822","vx_74d7bfe7458d96bb","fg0701","1","fg0701","fg0612","fg0945","fg0327","fg0138","fg0668","fg0419","fg0322","fg0551","fg0445","fg0730","fg0871","fg0238","fg0953","fg0250","fg0372","fg0368","fg0479","fg0498","fg0097"
"fq002823","vx_94f8c823238e0dbd","fg0702","1","fg0702","fg0819","fg0924","fg0634","fg0281","fg0418","fg0467","fg0864","fg0217","fg0829","fg0268","fg0454","fg0015","fg0534","fg0016","fg0478","fg0310","fg0681","fg0414","fg0622"
"fq002824","vx_94f8c823238e0dbd","fg0702","1","fg0702","fg0467","fg0819","fg0924","fg0281","fg0829","fg0634","fg0418","fg0217","fg0864","fg0268","fg0015","fg0016","fg0310","fg0454","fg0798","fg0622","fg0156","fg0078","fg0143"
"fq002825","vx_94f8c823238e0dbd","fg0702","1","fg0702","fg0819","fg0924","fg0634","fg0281","fg0418","fg0467","fg0217","fg0829","fg0864","fg0268","fg0454","fg0015","fg0016","fg0310","fg0478","fg0534","fg0681","fg0143","fg0414"
"fq002826","vx_94f8c823238e0dbd","fg0702","1","fg0702","fg0819","fg0924","fg0281","fg0418","fg0634","fg0467","fg0864","fg0829","fg0217","fg0268","fg0454","fg0016","fg0015","fg0310","fg0534","fg0681","fg0414","fg0478","fg0798"
"fq002827","vx_94f8c823238e0dbd","fg0702","2","fg0467","fg0702","fg0829","fg0418","fg0819","fg0217","fg0924","fg0281","fg0634","fg0864","fg0268","fg0454","fg0015","fg0016","fg0798","fg0143","fg0310","fg0078","fg0622","fg0478"
"fq002828","vx_94f8c823238e0dbd","fg0702","1","fg0702","fg0924","fg0819","fg0634","fg0281","fg0418","fg0864","fg0467","fg0268","fg0217","fg0015","fg0829","fg0534","fg0920","fg0310","fg0478","fg0454","fg0016","fg0414","fg0904"
"fq002829","vx_819ca1b8b9da5b13","fg0703","1","fg0703","fg0973","fg0396","fg0502","fg0108","fg0933","fg0038","fg0384","fg0003","fg0760","fg0579","fg0736","fg0621","fg0424","fg0346","fg0984","fg0903","fg0454","fg0284","fg0832"
"fq002830","vx_3faa2d0c6894cf74","fg0704","1","fg0704","fg0679","fg0591","fg0201","fg0688","fg0713","fg0478","fg0300","fg0912","fg0812","fg0810","fg0632","fg0486","fg0909","fg0506","fg0388","fg0705","fg0009","fg0111","fg0777"
"fq002831","vx_0c1d32f4dbfaafb7","fg0705","1","fg0705","fg0666","fg0077","fg0632","fg0614","fg0124","fg0501","fg0741","fg0866","fg0591","fg0777","fg0704","fg0436","fg0112","fg0534","fg0810","fg0084","fg0644","fg0928","fg0193"
"fq002832","vx_04e35fc1a4588d88","fg0706","1","fg0706","fg0227","fg0555","fg0287","fg0103","fg0402","fg0905","fg0157","fg0367","fg0209","fg0869","fg0090","fg0955","fg0796","fg0731","fg0519","fg0804","fg0387","fg0346","fg0894"
"fq002833","vx_04e35fc1a4588d88","fg0706","1","fg0706","fg0227","fg0103","fg0287","fg0367","fg0555","fg0209","fg0157","fg0402","fg0905","fg0869","fg0090","fg0955","fg0796","fg0731","fg0387","fg0894","fg0821","fg0880","fg0180"
"fq002834","vx_04e35fc1a4588d88","fg0706","1","fg0706","fg0227","fg0555","fg0287","fg0103","fg0402","fg0157","fg0905","fg0367","fg0209","fg0869","fg0090","fg0796","fg0955","fg0731","fg0387","fg0519","fg0821","fg0894","fg0175"
"fq002835","vx_84603cd695ed2cc8","fg0707","1","fg0707","fg0272","fg0432","fg0775","fg0906","fg0214","fg0641","fg0550","fg0954","fg0952","fg0589","fg0873","fg0994","fg0722","fg0004","fg0295","fg0072","fg0621","fg0038","fg0372"
"fq002836","vx_8382c4a6e3a129e7","fg0708","1","fg0708","fg0903","fg0526","fg0532","fg0559","fg0504","fg0151","fg0329","fg0892","fg0118","fg0424","fg0654","fg0157","fg0594","fg0965","fg0129","fg0288","fg0356","fg0405","fg0597"
"fq002837","vx_8382c4a6e3a129e7","fg0708","1","fg0708","fg0526","fg0903","fg0532","fg0892","fg0559","fg0504","fg0329","fg0118","fg0157","fg0129","fg0965","fg0594","fg0151","fg0597","fg0365","fg0288","fg0654","fg0764","fg0424"
"fq002838","vx_8382c4a6e3a129e7","fg0708","1","fg0708","fg0903","fg0526","fg0532","fg0559","fg0151","fg0504","fg0118","fg0965","fg0892","fg0424","fg0329","fg0594","fg0654","fg0356","fg0248","fg0149","fg0365","fg0157","fg0288"
"fq002839","vx_8382c4a6e3a129e7","fg0708","1","fg0708","fg0903","fg0526","fg0532","fg0559","fg0118","fg0504","fg0151","fg0965","fg0654","fg0892","fg0356","fg0424","fg0329","fg0597","fg0157","fg0594","fg0149","fg0288","fg0405"
"fq002840","vx_8382c4a6e3a129e7","fg0708","1","fg0708","fg0526","fg0903","fg0532","fg0504","fg0118","fg0559","fg0965","fg0424","fg0329","fg0761","fg0151","fg0654","fg0594","fg0157","fg0892","fg0597","fg0405","fg0356","fg0930"
"fq002841","vx_8382c4a6e3a129e7","fg0708","1","fg0708","fg0903","fg0526","fg0532","fg0559","fg0504","fg0965","fg0118","fg0329","fg0157","fg0424","fg0594","fg0892","fg0151","fg0654","fg0597","fg0356","fg0764","fg0288","fg0761"
"fq002842","vx_8382c4a6e3a129e7","fg0708","1","fg0708","fg0526","fg0903","fg0965","fg0559","fg0532","fg0329","fg0539","fg0504","fg0118","fg0868","fg0365","fg0151","fg0424","fg0157","fg0288","fg0105","fg0892","fg0597","fg0356"
"fq002843","vx_8382c4a6e3a129e7","fg0708","1","fg0708","fg0903","fg0526","fg0532","fg0901","fg0892","fg0830","fg0339","fg0151","fg0559","fg0654","fg0504","fg0385","fg0329","fg0118","fg0157","fg0365","fg0880","fg0786","fg0288"
"fq002844","vx_d4717f0f27fb89b4","fg0709","1","fg0709","fg0010","fg0302","fg0228","fg0066","fg0339","fg0070","fg0388","fg0510","fg0555","fg0964","fg0006","fg0037","fg0113","fg0133","fg0578","fg0469","fg0150","fg0029","fg0481"
"fq002845","vx_d4717f0f27fb89b4","fg0709","1","fg0709","fg0010","fg0302","fg0339","fg0228","fg0388","fg0066","fg0964","fg0480","fg0555","fg0905","fg0043","fg0070","fg0722","fg0113","fg0037","fg0578","fg0459","fg0510","fg0956"
"fq002846","vx_db5badd35d4ed33b","fg0710","1","fg0710","fg0341","fg0944","fg0231","fg0926","fg0698","fg0305","fg0028","fg0363","fg0598","fg0892","fg0417","fg0178","fg0360","fg0025","fg0335","fg0589","fg0666","fg0068","fg0137"
"fq002847","vx_454df86479b778fe","fg0711","1","fg0711","fg0823","fg0650","fg0355","fg0572","fg0880","fg0014","fg0137","fg0815","fg0426","fg0667","fg0116","fg0616","fg0035","fg0051","fg0917","fg0754","fg0338","fg0945","fg0811"
"fq002848","vx_454df86479b778fe","fg0711","1","fg0711","fg0823","fg0650","fg0880","fg0572","fg0355","fg0014","fg0137","fg0815","fg0035","fg0616","fg0051","fg0547","fg0917","fg0426","fg0667","fg0199","fg0322","fg0401","fg0603"
"fq002849","vx_454df86479b778fe","fg0711","1","fg0711","fg0823","fg0880","fg0355","fg0650","fg0572","fg0014","fg0137","fg0616","fg0426","fg0035","fg0547","fg0815","fg0199","fg0051","fg0917","fg0667","fg0508","fg0401","fg0116"
"fq002850","vx_454df86479b778fe","fg0711","1","fg0711","fg0572","fg0137","fg0823","fg0014","fg0355","fg0426","fg0815","fg0650","fg0051","fg0945","fg0322","fg0203","fg0216","fg0880","fg0858","fg0616","fg0405","fg0508","fg0138"
"fq002851","vx_454df86479b778fe","fg0711","1","fg0711","fg0823","fg0650","fg0355","fg0572","fg0880","fg0137","fg0014","fg0815","fg0426","fg0035","fg0616","fg0116","fg0917","fg0667","fg0051","fg0199","fg0338","fg0754","fg0511"
"fq002852","vx_454df86479b778fe","fg0711","1","fg0711","fg0823","fg0355","fg0650","fg0880","fg0014","fg0572","fg0137","fg0815","fg0616","fg0426","fg0035","fg0051","fg0547","fg0667","fg0917","fg0116","fg0401","fg0754","fg0199"
"fq002853","vx_454df86479b778fe","fg0711","1","fg0711","fg0823","fg0880","fg0572","fg0355","fg0014","fg0650","fg0815","fg0035","fg0616","fg0137","fg0426","fg0603","fg0051","fg0547","fg0667","fg0508","fg0116","fg0036","fg0401"
"fq002854","vx_454df86479b778fe","fg0711","1","fg0711","fg0823","fg0650","fg0355","fg0014","fg0880","fg0572","fg0815","fg0616","fg0035","fg0137","fg0667","fg0426","fg0322","fg0547","fg0603","fg0508","fg0754","fg0338","fg0116"
"fq002855","vx_454df86479b778fe","fg0711","1","fg0711","fg0823","fg0880","fg0014","fg0355","fg0572","fg0650","fg0815","fg0035","fg0616","fg0137","fg0426","fg0667","fg0322","fg0547","fg0116","fg0051","fg0508","fg0754","fg0917"
"fq002856","vx_1337b5b8c7c440cd","fg0712","1","fg0712","fg0543","fg0015","fg0229","fg0437","fg0381","fg0172","fg0169","fg0692","fg0954","fg0335","fg0779","fg0587","fg0580","fg0618","fg0797","fg0269","fg0480","fg0760","fg0932"
"fq002857","vx_f55a29c9696ffc22","fg0713","1","fg0713","fg0201","fg0259","fg0704","fg0478","fg0679","fg0297","fg0682","fg0486","fg0453","fg0909","fg0414","fg0587","fg0815","fg0552","fg0840","fg0300","fg0812","fg0136","fg0595"
"fq002858","vx_f55a29c9696ffc22","fg0713","1","fg0713","fg0201","fg0588","fg0584","fg0682","fg0159","fg0270","fg0297","fg0204","fg0478","fg0704","fg0069","fg0071","fg0397","fg0868","fg0285","fg0259","fg0195","fg0042","fg0435"
"fq002859","vx_e51bf32f31d50c02","fg0714","1","fg0714","fg0252","fg0910","fg0676","fg0060","fg0926","fg0330","fg0535","fg0350","fg0757","fg0125","fg0552","fg0034","fg0988","fg0077","fg0944","fg0525","fg0710","fg0981","fg0932"
"fq002860","vx_e51bf32f31d50c02","fg0714","1","fg0714","fg0252","fg0676","fg0535","fg0910","fg0761","fg0060","fg0180","fg0981","fg0926","fg0350","fg0586","fg0944","fg0757","fg0525","fg0813","fg0182","fg0034","fg0125","fg0077"
"fq002861","vx_e51bf32f31d50c02","fg0714","1","fg0714","fg0252","fg0910","fg0676","fg0535","fg0552","fg0060","fg0757","fg0350","fg0926","fg0525","fg0034","fg0981","fg0710","fg0586","fg0813","fg0605","fg0988","fg0944","fg0180"
"fq002862","vx_e51bf32f31d50c02","fg0714","1","fg0714","fg0252","fg0910","fg0060","fg0535","fg0757","fg0552","fg0330","fg0676","fg0350","fg0034","fg0926","fg0710","fg0525","fg0942","fg0813","fg0125","fg0329","fg0944","fg0988"
"fq002863","vx_e51bf32f31d50c02","fg0714","1","fg0714","fg0252","fg0910","fg0535","fg0676","fg0552","fg0034","fg0757","fg0926","fg0329","fg0060","fg0525","fg0981","fg0586","fg0710","fg0194","fg0180","fg0771","fg0813","fg0350"
"fq002864","vx_e51bf32f31d50c02","fg0714","1","fg0714","fg0252","fg0910","fg0060","fg0330","fg0676","fg0771","fg0125","fg0329","fg0535","fg0042","fg0105","fg0813","fg0350","fg0965","fg0525","fg0414","fg0093","fg0394","fg0944"
"fq002865","vx_e51bf32f31d50c02","fg0714","1","fg0714","fg0252","fg0910","fg0676","fg0757","fg0535","fg0350","fg0552","fg0981","fg0525","fg0761","fg0926","fg0180","fg0089","fg0419","fg0710","fg0988","fg0182","fg0586","fg0034"
"fq002866","vx_e51bf32f31d50c02","fg0714","1","fg0714","fg0252","fg0910","fg0757","fg0535","fg0676","fg0552","fg0350","fg0060","fg0034","fg0926","fg0981","fg0710","fg0586","fg0525","fg0988","fg0182","fg0330","fg0944","fg0329"
"fq002867","vx_e51bf32f31d50c02","fg0714","1","fg0714","fg0252","fg0910","fg0060","fg0676","fg0330","fg0535","fg0926","fg0710","fg0034","fg0350","fg0125","fg0525","fg0077","fg0757","fg0813","fg0944","fg0586","fg0981","fg0552"
"fq002868","vx_e51bf32f31d50c02","fg0714","1","fg0714","fg0252","fg0910","fg0757","fg0060","fg0227","fg0034","fg0552","fg0535","fg0577","fg0412","fg0350","fg0926","fg0525","fg0676","fg0182","fg0725","fg0018","fg0981","fg0586"
"fq002869","vx_e51bf32f31d50c02","fg0714","1","fg0714","fg0252","fg0910","fg0676","fg0060","fg0757","fg0535","fg0350","fg0926","fg0525","fg0586","fg0330","fg0710","fg0552","fg0034","fg0125","fg0981","fg0944","fg0180","fg0813"
"fq002870","vx_e51bf32f31d50c02","fg0714","1","fg0714","fg0252","fg0910","fg0676","fg0535","fg0926","fg0757","fg0060","fg0350","fg0525","fg0710","fg0034","fg0981","fg0944","fg0586","fg0552","fg0330","fg0988","fg0125","fg0813"
"fq002871","vx_e51bf32f31d50c02","fg0714","1","fg0714","fg0252","fg0910","fg0757","fg0535","fg0676","fg0350","fg0060","fg0552","fg0525","fg0981","fg0034","fg0710","fg0329","fg0586","fg0988","fg0926","fg0182","fg0330","fg0761"
"fq002872","vx_e51bf32f31d50c02","fg0714","1","fg0714","fg0252","fg0910","fg0060","fg0535","fg0676","fg0757","fg0034","fg0330","fg0926","fg0552","fg0710","fg0813","fg0586","fg0125","fg0350","fg0180","fg0525","fg0944","fg0942"
"fq002873","vx_e51bf32f31d50c02","fg0714","1","fg0714","fg0252","fg0910","fg0676","fg0535","fg0350","fg0757","fg0525","fg0981","fg0060","fg0194","fg0926","fg0552","fg0761","fg0710","fg0988","fg0586","fg0329","fg0180","fg0813"
"fq002874","vx_e51bf32f31d50c02","fg0714","1","fg0714","fg0252","fg0910","fg0757","fg0535","fg0676","fg0350","fg0552","fg0981","fg0060","fg0034","fg0525","fg0926","fg0710","fg0988","fg0182","fg0329","fg0180","fg0813","fg0761"
"fq002875","vx_e51bf32f31d50c02","fg0714","1","fg0714","fg0252","fg0910","fg0757","fg0535","fg0676","fg0350","fg0060","fg0552","fg0926","fg0034","fg0710","fg0525","fg0182","fg0981","fg0329","fg0988","fg0944","fg0813","fg0586"
"fq002876","vx_d7b59f86ae6237ce","fg0715","1","fg0715","fg0033","fg0479","fg0121","fg0487","fg0174","fg0394","fg0918","fg0485","fg0264","fg0491","fg0750","fg0134","fg0254","fg0358","fg0757","fg0163","fg0411","fg0668","fg0571"
"fq002877","vx_41786a610361f719","fg0716","1","fg0716","fg0263","fg0993","fg0639","fg0177","fg0646","fg0248","fg0082","fg0439","fg0269","fg0361","fg0941","fg0804","fg0202","fg0542","fg0161","fg0511","fg0136","fg0917","fg0837"
"fq002878","vx_644ef5818e63f680","fg0717","1","fg0717","fg0152","fg0368","fg0414","fg0611","fg0069","fg0060","fg0019","fg0470","fg0151","fg0163","fg0474","fg0029","fg0419","fg0145","fg0356","fg0746","fg0208","fg0250","fg0865"
"fq002879","vx_6cc966b96cbe2816","fg0718","1","fg0718","fg0114","fg0489","fg0178","fg0028","fg0898","fg0242","fg0672","fg0911","fg0342","fg0502","fg0045","fg0456","fg0344","fg0689","fg0212","fg0542","fg0887","fg0870","fg0198"
"fq002880","vx_9476aa0d07cfac6a","fg0719","1","fg0719","fg0583","fg0847","fg0758","fg0197","fg0320","fg0886","fg0595","fg0779","fg0854","fg0772","fg0809","fg0533","fg0867","fg0333","fg0884","fg0469","fg0182","fg0574","fg0690"
"fq002881","vx_f1ef987f1dad71d0","fg0720","1","fg0720","fg0553","fg0963","fg0342","fg0110","fg0999","fg0683","fg0562","fg0056","fg0287","fg0800","fg0787","fg0235","fg0726","fg0477","fg0372","fg0991","fg0057","fg0460","fg0322"
"fq002882","vx_f1ef987f1dad71d0","fg0720","1","fg0720","fg0553","fg0963","fg0342","fg0110","fg0683","fg0999","fg0562","fg0787","fg0287","fg0991","fg0726","fg0477","fg0235","fg0695","fg0461","fg0057","fg0775","fg0516","fg0372"
"fq002883","vx_f1ef987f1dad71d0","fg0720","1","fg0720","fg0553","fg0963","fg0342","fg0110","fg0683","fg0999","fg0562","fg0287","fg0787","fg0477","fg0726","fg0235","fg0991","fg0800","fg0057","fg0695","fg0372","fg0056","fg0460"
"fq002884","vx_f1ef987f1dad71d0","fg0720","1","fg0720","fg0553","fg0963","fg0342","fg0110","fg0683","fg0999","fg0562","fg0726","fg0787","fg0287","fg0235","fg0004","fg0991","fg0477","fg0266","fg0461","fg0695","fg0057","fg0460"
"fq002885","vx_715ef9b70825efd5","fg0721","1","fg0721","fg0504","fg0211","fg0907","fg0164","fg0108","fg0825","fg0372","fg0810","fg0836","fg0056","fg0563","fg0235","fg0977","fg0880","fg0896","fg0138","fg0768","fg0992","fg0585"
"fq002886","vx_5e022a4fcfe8d1aa","fg0722","9","fg0197","fg0469","fg0772","fg0895","fg0854","fg0113","fg0847","fg0889","fg0722","fg0719","fg0159","fg0249","fg0018","fg0584","fg0270","fg0319","fg0579","fg0910","fg0397","fg0130"
"fq002887","vx_5e022a4fcfe8d1aa","fg0722","1","fg0722","fg0046","fg0310","fg0197","fg0360","fg0860","fg0897","fg0875","fg0172","fg0278","fg0723","fg0214","fg0681","fg0229","fg0589","fg0272","fg0608","fg0469","fg0253","fg0707"
"fq002888","vx_5e022a4fcfe8d1aa","fg0722","1","fg0722","fg0046","fg0310","fg0197","fg0860","fg0360","fg0897","fg0172","fg0875","fg0214","fg0229","fg0278","fg0707","fg0723","fg0608","fg0113","fg0681","fg1000","fg0775","fg0272"
"fq002889","vx_5e022a4fcfe8d1aa","fg0722","1","fg0722","fg0046","fg0310","fg0360","fg0860","fg0875","fg0897","fg0214","fg0278","fg0723","fg0172","fg0707","fg0681","fg0197","fg0641","fg0775","fg0272","fg0229","fg0189","fg0129"
"fq002890","vx_4a8dd198e405d4b7","fg0723","2","fg0278","fg0723","fg0681","fg0548","fg0221","fg0166","fg0056","fg0189","fg0377","fg0722","fg0046","fg0414","fg0759","fg0142","fg0665","fg0905","fg0845","fg0041","fg0112","fg0825"
"fq002891","vx_4a8dd198e405d4b7","fg0723","1","fg0723","fg0278","fg0681","fg0548","fg0189","fg0166","fg0221","fg0056","fg0041","fg0722","fg0759","fg0414","fg0046","fg0377","fg0580","fg0996","fg0665","fg0142","fg0112","fg0825"
"fq002892","vx_eaba7bd16e180b54","fg0724","1","fg0724","fg0422","fg0065","fg0965","fg0559","fg0473","fg0868","fg0671","fg0390","fg0016","fg0911","fg0785","fg0791","fg0151","fg0903","fg0986","fg0087","fg0739","fg0418","fg0763"
"fq002893","vx_eddb671adb2cfc1f","fg0725","1","fg0725","fg0535","fg0144","fg0223","fg0475","fg0356","fg0277","fg0943","fg0114","fg0393","fg0624","fg0738","fg0901","fg0205","fg0676","fg0432","fg0312","fg0986","fg0707","fg0121"
"fq002894","vx_db6fd0843b40d6f9","fg0726","1","fg0726","fg0696","fg0394","fg0290","fg0004","fg0550","fg0254","fg0417","fg0084","fg0258","fg0461","fg0877","fg0437","fg0879","fg0731","fg0034","fg0366","fg0152","fg0975","fg0412"
"fq002895","vx_27c19ebe2f951d11","fg0727","1","fg0727","fg0458","fg0536","fg0023","fg0816","fg0999","fg0562","fg0614","fg0984","fg0230","fg0007","fg0989","fg0194","fg0551","fg0495","fg0915","fg0321","fg0274","fg0875","fg0287"
"fq002896","vx_27c19ebe2f951d11","fg0727","1","fg0727","fg0458","fg0023","fg0536","fg0816","fg0999","fg0562","fg0614","fg0230","fg0984","fg0007","fg0989","fg0495","fg0551","fg0321","fg0194","fg0274","fg0875","fg0801","fg0853"
"fq002897","vx_27c19ebe2f951d11","fg0727","1","fg0727","fg0536","fg0458","fg0023","fg0816","fg0999","fg0562","fg0230","fg0989","fg0551","fg0614","fg0984","fg0007","fg0495","fg0875","fg0194","fg0274","fg0695","fg0321","fg0162"
"fq002898","vx_27c19ebe2f951d11","fg0727","1","fg0727","fg0536","fg0023","fg0458","fg0816","fg0999","fg0562","fg0614","fg0984","fg0007","fg0989","fg0194","fg0230","fg0321","fg0551","fg0495","fg0915","fg0875","fg0160","fg0853"
"fq002899","vx_27c19ebe2f951d11","fg0727","25","fg0392","fg0884","fg0574","fg0333","fg0965","fg0105","fg0853","fg0875","fg0389","fg0123","fg0539","fg0326","fg0950","fg0868","fg0372","fg0559","fg0387","fg0115","fg0145","fg0052"
"fq002900","vx_27c19ebe2f951d11","fg0727","1","fg0727","fg0458","fg0023","fg0536","fg0999","fg0816","fg0562","fg0614","fg0984","fg0230","fg0007","fg0194","fg0989","fg0321","fg0551","fg0495","fg0915","fg0695","fg0274","fg0160"
"fq002901","vx_27c19ebe2f951d11","fg0727","1","fg0727","fg0536","fg0458","fg0023","fg0999","fg0816","fg0562","fg0614","fg0230","fg0989","fg0984","fg0007","fg0551","fg0495","fg0801","fg0194","fg0321","fg0875","fg0274","fg0853"
"fq002902","vx_27c19ebe2f951d11","fg0727","1","fg0727","fg0458","fg0999","fg0536","fg0023","fg0562","fg0816","fg0230","fg0614","fg0984","fg0007","fg0551","fg0875","fg0853","fg0989","fg0274","fg0695","fg0281","fg0194","fg0495"
"fq002903","vx_5d55124dae2a8324","fg0728","1","fg0728","fg0634","fg0531","fg0838","fg0268","fg0702","fg0281","fg0117","fg0924","fg0841","fg0859","fg0831","fg0984","fg0819","fg0962","fg0467","fg0011","fg0748","fg0541","fg0409"
"fq002904","vx_5d55124dae2a8324","fg0728","9","fg0634","fg0984","fg0924","fg0702","fg0889","fg0159","fg0173","fg0281","fg0728","fg0319","fg0964","fg0055","fg0854","fg0819","fg0268","fg0197","fg0467","fg0113","fg0666","fg0397"
"fq002905","vx_5d55124dae2a8324","fg0728","1","fg0728","fg0117","fg0268","fg0531","fg0841","fg0353","fg0831","fg0838","fg0011","fg0634","fg0962","fg0071","fg0467","fg0859","fg0889","fg0984","fg0191","fg0845","fg0500","fg0541"
"fq002906","vx_5d55124dae2a8324","fg0728","8","fg0634","fg0702","fg0924","fg0819","fg0281","fg0268","fg0864","fg0728","fg0418","fg0984","fg0467","fg0622","fg0920","fg0838","fg0066","fg0531","fg0978","fg0369","fg0406","fg0055"
"fq002907","vx_5d55124dae2a8324","fg0728","1","fg0728","fg0531","fg0841","fg0634","fg0268","fg0838","fg0769","fg0281","fg0702","fg0409","fg0467","fg0143","fg0868","fg0117","fg0105","fg0965","fg0173","fg0859","fg0962","fg0435"
"fq002908","vx_5d55124dae2a8324","fg0728","1","fg0728","fg0531","fg0838","fg0634","fg0841","fg0281","fg0268","fg0702","fg0978","fg0769","fg0965","fg0105","fg0467","fg0962","fg0924","fg0859","fg0409","fg0011","fg0143","fg0868"
"fq002909","vx_5d55124dae2a8324","fg0728","6","fg0634","fg0702","fg0924","fg0819","fg0281","fg0728","fg0268","fg0984","fg0864","fg0467","fg0622","fg0173","fg0838","fg0531","fg0418","fg0055","fg0644","fg0117","fg0077","fg0500"
"fq002910","vx_5d55124dae2a8324","fg0728","1","fg0728","fg0634","fg0838","fg0117","fg0962","fg0281","fg0358","fg0845","fg0984","fg0011","fg0748","fg0056","fg0841","fg0702","fg0268","fg0467","fg0055","fg0662","fg0181","fg0531"
"fq002911","vx_5d55124dae2a8324","fg0728","1","fg0728","fg0117","fg0841","fg0531","fg0268","fg0962","fg0011","fg0831","fg0889","fg0838","fg0859","fg0845","fg0541","fg0729","fg0181","fg0677","fg0662","fg0143","fg0406","fg0467"
"fq002912","vx_5d55124dae2a8324","fg0728","1","fg0728","fg0531","fg0841","fg0117","fg0268","fg0962","fg0838","fg0011","fg0996","fg0056","fg0831","fg0845","fg0173","fg0748","fg0750","fg0859","fg0677","fg0634","fg0409","fg0143"
"fq002913","vx_5d55124dae2a8324","fg0728","1","fg0728","fg0531","fg0117","fg0841","fg0962","fg0268","fg0831","fg0859","fg0838","fg0011","fg0845","fg0634","fg0541","fg0889","fg0677","fg0467","fg0631","fg0191","fg0748","fg0984"
"fq002914","vx_5d55124dae2a8324","fg0728","1","fg0728","fg0531","fg0117","fg0841","fg0268","fg0831","fg0996","fg0838","fg0962","fg0859","fg0467","fg0011","fg0191","fg0409","fg0160","fg0541","fg0889","fg0143","fg0845","fg0056"
"fq002915","vx_5d55124dae2a8324","fg0728","1","fg0728","fg0531","fg0841","fg0268","fg0117","fg0838","fg0962","fg0831","fg0011","fg0859","fg0567","fg0191","fg0409","fg0541","fg0181","fg0845","fg0467","fg0631","fg0677","fg0056"
"fq002916","vx_5d55124dae2a8324","fg0728","1","fg0728","fg0996","fg0531","fg0117","fg0841","fg0160","fg0268","fg0831","fg0962","fg0838","fg0041","fg0011","fg0859","fg0845","fg0541","fg0889","fg0567","fg0409","fg0677","fg0056"
"fq002917","vx_5d55124dae2a8324","fg0728","1","fg0728","fg0996","fg0531","fg0841","fg0268","fg0962","fg0117","fg0838","fg0011","fg0160","fg0409","fg0859","fg0041","fg0056","fg0831","fg0541","fg0845","fg0055","fg0748","fg0143"
"fq002918","vx_5d55124dae2a8324","fg0728","1","fg0728","fg0962","fg0011","fg0531","fg0117","fg0841","fg0845","fg0859","fg0268","fg0541","fg0181","fg0729","fg0677","fg0358","fg0662","fg0889","fg0831","fg0621","fg0838","fg0516"
"fq002919","vx_5d55124dae2a8324","fg0728","7","fg0634","fg0702","fg0924","fg0819","fg0281","fg0268","fg0728","fg0531","fg0467","fg0984","fg0418","fg0864","fg0409","fg0838","fg0841","fg0066","fg0055","fg0859","fg0622","fg0920"
"fq002920","vx_5d55124dae2a8324","fg0728","1","fg0728","fg0531","fg0962","fg0841","fg0859","fg0268","fg0634","fg0011","fg0541","fg0831","fg0117","fg0984","fg0748","fg0409","fg0838","fg0467","fg0055","fg0924","fg0281","fg0191"
"fq002921","vx_5d55124dae2a8324","fg0728","1","fg0728","fg0838","fg0531","fg0268","fg0634","fg0841","fg0996","fg0117","fg0011","fg0281","fg0962","fg0984","fg0859","fg0978","fg0702","fg0831","fg0160","fg0143","fg0845","fg0467"
"fq002922","vx_5d55124dae2a8324","fg0728","1","fg0728","fg0838","fg0531","fg0268","fg0117","fg0841","fg0173","fg0996","fg0962","fg0831","fg0011","fg0634","fg0143","fg0889","fg0467","fg0055","fg0748","fg0845","fg0859","fg0160"
"fq002923","vx_5d55124dae2a8324","fg0728","1","fg0728","fg0634","fg0838","fg0662","fg0281","fg0358","fg0181","fg0962","fg0742","fg0702","fg0425","fg0531","fg0924","fg0056","fg0748","fg0984","fg0859","fg0268","fg0819","fg0443"
"fq002924","vx_5d55124dae2a8324","fg0728","1","fg0728","fg0838","fg0634","fg0962","fg0268","fg0531","fg0841","fg0662","fg0748","fg0181","fg0281","fg0358","fg0425","fg0056","fg0742","fg0924","fg0117","fg0702","fg0143","fg0173"
"fq002925","vx_5d55124dae2a8324","fg0728","1","fg0728","fg0996","fg0041","fg0160","fg0173","fg0889","fg0117","fg0055","fg0531","fg0268","fg0841","fg0854","fg0567","fg0319","fg0962","fg0729","fg0113","fg0660","fg0747","fg0439"
"fq002926","vx_5d55124dae2a8324","fg0728","1","fg0728","fg0531","fg0268","fg0841","fg0117","fg0634","fg0996","fg0838","fg0831","fg0859","fg0962","fg0467","fg0011","fg0924","fg0702","fg0541","fg0984","fg0409","fg0281","fg0160"
"fq002927","vx_5d55124dae2a8324","fg0728","7","fg0634","fg0702","fg0924","fg0281","fg0819","fg0531","fg0728","fg0268","fg0467","fg0409","fg0984","fg0841","fg0435","fg0965","fg0769","fg0859","fg0838","fg0191","fg0105","fg0055"
"fq002928","vx_5d55124dae2a8324","fg0728","1","fg0728","fg0117","fg0838","fg0181","fg0962","fg0358","fg0662","fg0634","fg0531","fg0268","fg0845","fg0841","fg0011","fg0742","fg0984","fg0831","fg0056","fg0859","fg0281","fg0748"
"fq002929","vx_5d55124dae2a8324","fg0728","1","fg0728","fg0531","fg0962","fg0117","fg0838","fg0662","fg0742","fg0181","fg0841","fg0358","fg0831","fg0859","fg0268","fg0011","fg0677","fg0541","fg0425","fg0748","fg0056","fg0634"
"fq002930","vx_5d55124dae2a8324","fg0728","1","fg0728","fg0831","fg0191","fg0984","fg0328","fg0531","fg0117","fg0841","fg0748","fg0056","fg0055","fg0838","fg0467","fg0634","fg0268","fg0800","fg0859","fg0760","fg0541","fg0631"
"fq002931","vx_5d55124dae2a8324","fg0728","1","fg0728","fg0634","fg0531","fg0281","fg0838","fg0268","fg0841","fg0702","fg0924","fg0984","fg0173","fg0748","fg0962","fg0143","fg0750","fg0055","fg0409","fg0425","fg0056","fg0859"
"fq002932","vx_5d55124dae2a8324","fg0728","1","fg0728","fg0531","fg0962","fg0841","fg0011","fg0838","fg0859","fg0845","fg0117","fg0268","fg0541","fg0748","fg0634","fg0677","fg0831","fg0056","fg0504","fg0662","fg0088","fg0181"
"fq002933","vx_5d55124dae2a8324","fg0728","1","fg0728","fg0531","fg0962","fg0841","fg0838","fg0634","fg0358","fg0181","fg0662","fg0859","fg0268","fg0742","fg0011","fg0281","fg0541","fg0748","fg0117","fg0056","fg0845","fg0831"
"fq002934","vx_5d55124dae2a8324","fg0728","1","fg0728","fg0531","fg0011","fg0117","fg0962","fg0841","fg0838","fg0859","fg0268","fg0845","fg0541","fg0677","fg0748","fg0831","fg0406","fg0889","fg0729","fg0621","fg0504","fg0516"
"fq002935","vx_5d55124dae2a8324","fg0728","1","fg0728","fg0838","fg0531","fg0268","fg0634","fg0841","fg0281","fg0117","fg0173","fg0748","fg0702","fg0443","fg0924","fg0056","fg0467","fg0425","fg0978","fg0750","fg0831","fg0409"
"fq002936","vx_5d55124dae2a8324","fg0728","1","fg0728","fg0634","fg0531","fg0838","fg0984","fg0281","fg0268","fg0702","fg0117","fg0924","fg0841","fg0467","fg0831","fg0567","fg0173","fg0889","fg0143","fg0622","fg0425","fg0055"
"fq002937","vx_5d55124dae2a8324","fg0728","1","fg0728","fg0531","fg0841","fg0996","fg0268","fg0838","fg0117","fg0962","fg0831","fg0011","fg0409","fg0859","fg0160","fg0634","fg0055","fg0541","fg0845","fg0143","fg0467","fg0631"
"fq002938","vx_5d55124dae2a8324","fg0728","1","fg0728","fg0962","fg0838","fg0011","fg0531","fg0358","fg0841","fg0859","fg0748","fg0677","fg0181","fg0662","fg0117","fg0541","fg0742","fg0845","fg0729","fg0268","fg0889","fg0634"
"fq002939","vx_5d55124dae2a8324","fg0728","1","fg0728","fg0531","fg0838","fg0841","fg0962","fg0268","fg0011","fg0117","fg0859","fg0541","fg0845","fg0831","fg0181","fg0677","fg0748","fg0634","fg0662","fg0143","fg0358","fg0621"
"fq002940","vx_5d55124dae2a8324","fg0728","1","fg0728","fg0996","fg0531","fg0841","fg0117","fg0268","fg0831","fg0962","fg0859","fg0160","fg0838","fg0056","fg0541","fg0409","fg0011","fg0041","fg0845","fg0467","fg0055","fg0889"
"fq002941","vx_5d55124dae2a8324","fg0728","1","fg0728","fg0838","fg0268","fg0634","fg0531","fg0841","fg0281","fg0143","fg0011","fg0996","fg0117","fg0425","fg0984","fg0978","fg0467","fg0924","fg0962","fg0702","fg0173","fg0181"
"fq002942","vx_5d55124dae2a8324","fg0728","1","fg0728","fg0634","fg0531","fg0924","fg0838","fg0268","fg0702","fg0281","fg0984","fg0117","fg0859","fg0841","fg0962","fg0011","fg0831","fg0819","fg0541","fg0631","fg0467","fg0748"
"fq002943","vx_5d55124dae2a8324","fg0728","1","fg0728","fg0531","fg0841","fg0962","fg0117","fg0268","fg0011","fg0859","fg0838","fg0831","fg0541","fg0748","fg0845","fg0056","fg0889","fg0677","fg0634","fg0621","fg0662","fg0358"
"fq002944","vx_5d55124dae2a8324","fg0728","4","fg0634","fg0924","fg0702","fg0728","fg0819","fg0281","fg0531","fg0268","fg0409","fg0467","fg0841","fg0838","fg0984","fg0055","fg0769","fg0831","fg0748","fg0859","fg0117","fg0173"
"fq002945","vx_5d55124dae2a8324","fg0728","1","fg0728","fg0191","fg0831","fg0984","fg0634","fg0117","fg0531","fg0328","fg0838","fg0841","fg0748","fg0859","fg0962","fg0198","fg0281","fg0011","fg0702","fg0845","fg0411","fg0268"
"fq002946","vx_5d55124dae2a8324","fg0728","1","fg0728","fg0838","fg0962","fg0531","fg0748","fg0978","fg0011","fg0841","fg0852","fg0268","fg0634","fg0859","fg0750","fg0117","fg0425","fg0889","fg0845","fg0305","fg0381","fg0056"
"fq002947","vx_5d55124dae2a8324","fg0728","1","fg0728","fg0531","fg0962","fg0841","fg0117","fg0634","fg0268","fg0838","fg0859","fg0831","fg0750","fg0425","fg0056","fg0748","fg0541","fg0011","fg0996","fg0409","fg0281","fg0662"
"fq002948","vx_5d55124dae2a8324","fg0728","1","fg0728","fg0831","fg0838","fg0748","fg0996","fg0531","fg0845","fg0984","fg0962","fg0117","fg0841","fg0055","fg0268","fg0011","fg0056","fg0160","fg0859","fg0541","fg0143","fg0191"
"fq002949","vx_5d55124dae2a8324","fg0728","1","fg0728","fg0531","fg0841","fg0962","fg0838","fg0117","fg0268","fg0859","fg0748","fg0011","fg0845","fg0831","fg0056","fg0662","fg0677","fg0181","fg0541","fg0634","fg0358","fg0742"
"fq002950","vx_5d55124dae2a8324","fg0728","1","fg0728","fg0531","fg0748","fg0841","fg0962","fg0838","fg0056","fg0268","fg0055","fg0117","fg0831","fg0859","fg0634","fg0845","fg0541","fg0011","fg0305","fg0677","fg0662","fg0800"
"fq002951","vx_5d55124dae2a8324","fg0728","1","fg0728","fg0531","fg0634","fg0268","fg0841","fg0702","fg0838","fg0281","fg0117","fg0962","fg0924","fg0859","fg0831","fg0011","fg0467","fg0409","fg0541","fg0984","fg0819","fg0845"
"fq002952","vx_5d55124dae2a8324","fg0728","1","fg0728","fg0962","fg0011","fg0531","fg0845","fg0117","fg0841","fg0268","fg0859","fg0838","fg0677","fg0541","fg0729","fg0358","fg0748","fg0831","fg0181","fg0662","fg0504","fg0406"
"fq002953","vx_5d55124dae2a8324","fg0728","1","fg0728","fg0531","fg0838","fg0841","fg0117","fg0268","fg0634","fg0962","fg0831","fg0859","fg0011","fg0467","fg0748","fg0541","fg0409","fg0281","fg0056","fg0702","fg0845","fg0978"
"fq002954","vx_5d55124dae2a8324","fg0728","1","fg0728","fg0634","fg0984","fg0702","fg0889","fg0924","fg0281","fg0117","fg0055","fg0173","fg0819","fg0319","fg0159","fg0467","fg0838","fg0964","fg0331","fg0854","fg0666","fg0831"
"fq002955","vx_5d55124dae2a8324","fg0728","1","fg0728","fg0117","fg0531","fg0841","fg0962","fg0011","fg0268","fg0831","fg0859","fg0845","fg0838","fg0541","fg0677","fg0748","fg0631","fg0467","fg0889","fg0621","fg0729","fg0504"
"fq002956","vx_5d55124dae2a8324","fg0728","1","fg0728","fg0531","fg0841","fg0634","fg0268","fg0117","fg0831","fg0409","fg0962","fg0838","fg0859","fg0996","fg0281","fg0467","fg0702","fg0541","fg0055","fg0984","fg0924","fg0160"
"fq002957","vx_5d55124dae2a8324","fg0728","1","fg0728","fg0531","fg0996","fg0841","fg0268","fg0634","fg0409","fg0055","fg0041","fg0962","fg0160","fg0838","fg0117","fg0281","fg0831","fg0859","fg0984","fg0541","fg0143","fg0467"
"fq002958","vx_5d55124dae2a8324","fg0728","1","fg0728","fg0962","fg0531","fg0117","fg0838","fg0841","fg0011","fg0662","fg0358","fg0748","fg0742","fg0181","fg0859","fg0677","fg0831","fg0541","fg0268","fg0729","fg0845","fg0889"
"fq002959","vx_5d55124dae2a8324","fg0728","6","fg0634","fg0924","fg0702","fg0819","fg0281","fg0728","fg0268","fg0531","fg0984","fg0467","fg0838","fg0622","fg0055","fg0864","fg0409","fg0631","fg0418","fg0841","fg0859","fg0978"
"fq002960","vx_5d55124dae2a8324","fg0728","1","fg0728","fg0531","fg0996","fg0841","fg0268","fg0838","fg0117","fg0160","fg0962","fg0831","fg0634","fg0409","fg0041","fg0859","fg0011","fg0055","fg0845","fg0173","fg0143","fg0541"
"fq002961","vx_5d55124dae2a8324","fg0728","1","fg0728","fg0531","fg0634","fg0268","fg0117","fg0841","fg0924","fg0962","fg0702","fg0859","fg0838","fg0281","fg0831","fg0889","fg0011","fg0467","fg0409","fg0541","fg0984","fg0449"
"fq002962","vx_03b490c3bac85f55","fg0729","1","fg0729","fg0299","fg0071","fg0403","fg0159","fg0490","fg0569","fg0588","fg0983","fg0533","fg0810","fg0885","fg0108","fg0584","fg0659","fg0464","fg0997","fg0653","fg0867","fg0929"
"fq002963","vx_03b490c3bac85f55","fg0729","1","fg0729","fg0299","fg0403","fg0810","fg0159","fg0490","fg0771","fg0071","fg0464","fg0983","fg0108","fg0824","fg0202","fg0659","fg0929","fg0588","fg0579","fg0270","fg0908","fg0653"
"fq002964","vx_03b490c3bac85f55","fg0729","1","fg0729","fg0159","fg0588","fg0490","fg0071","fg0299","fg0584","fg0659","fg0270","fg0569","fg0983","fg0403","fg0889","fg0671","fg0559","fg0810","fg0867","fg0460","fg0579","fg0464"
"fq002965","vx_03b490c3bac85f55","fg0729","1","fg0729","fg0490","fg0299","fg0071","fg0588","fg0569","fg0159","fg0403","fg0659","fg0983","fg0810","fg0533","fg0584","fg0460","fg0885","fg0464","fg0270","fg0997","fg0867","fg0241"
"fq002966","vx_03b490c3bac85f55","fg0729","1","fg0729","fg0299","fg0403","fg0810","fg0983","fg0490","fg0771","fg0159","fg0569","fg0071","fg0671","fg0588","fg0086","fg0753","fg0637","fg0929","fg0270","fg0653","fg0136","fg0460"
"fq002967","vx_03b490c3bac85f55","fg0729","1","fg0729","fg0299","fg0490","fg0403","fg0071","fg0810","fg0983","fg0569","fg0159","fg0588","fg0659","fg0771","fg0464","fg0533","fg0108","fg0270","fg0929","fg0086","fg0202","fg0637"
"fq002968","vx_03b490c3bac85f55","fg0729","1","fg0729","fg0299","fg0403","fg0810","fg0159","fg0490","fg0071","fg0983","fg0489","fg0569","fg0771","fg0588","fg0464","fg0584","fg0270","fg0659","fg0929","fg0533","fg0086","fg0108"
"fq002969","vx_bae31469f6b9f45f","fg0730","1","fg0730","fg0953","fg0871","fg0606","fg0979","fg0397","fg0956","fg0199","fg0762","fg0370","fg0637","fg0994","fg0233","fg0598","fg0410","fg0966","fg0952","fg0306","fg0211","fg0140"
"fq002970","vx_4c37d4efc3856a80","fg0731","12","fg0781","fg0246","fg0789","fg0256","fg0619","fg0262","fg0545","fg0807","fg0967","fg0987","fg0590","fg0731","fg0191","fg1000","fg0540","fg0934","fg0018","fg0855","fg0149","fg0411"
"fq002971","vx_4c37d4efc3856a80","fg0731","9","fg0402","fg0555","fg0905","fg0157","fg0678","fg0706","fg0175","fg0244","fg0731","fg0191","fg0939","fg0346","fg0590","fg0547","fg0031","fg0049","fg0787","fg0955","fg0934","fg0991"
"fq002972","vx_4c37d4efc3856a80","fg0731","12","fg0262","fg0781","fg0246","fg0256","fg0619","fg0789","fg0807","fg0545","fg0540","fg0967","fg0191","fg0731","fg0018","fg0547","fg0934","fg1000","fg0590","fg0205","fg0411","fg0855"
"fq002973","vx_e5eb5bc973b9e08a","fg0732","500","fg0517","fg0616","fg0965","fg0073","fg0086","fg0052","fg0539","fg0353","fg0105","fg0559","fg0937","fg0448","fg0314","fg0857","fg0463","fg0435","fg0202","fg0927","fg0292","fg0372"
"fq002974","vx_a60621b1a6eda9d0","fg0733","167","fg0500","fg0583","fg0886","fg0624","fg0529","fg0140","fg0687","fg0527","fg0320","fg0878","fg0523","fg0595","fg0779","fg0910","fg0292","fg0533","fg0753","fg0314","fg0206","fg0317"
"fq002975","vx_ca52002561760aea","fg0734","1","fg0734","fg0130","fg0577","fg0120","fg0583","fg0320","fg0886","fg0562","fg0770","fg0894","fg0230","fg0121","fg0891","fg0998","fg0333","fg0207","fg0377","fg0719","fg0104","fg0884"
"fq002976","vx_3e9a1bee0164290d","fg0735","1","fg0735","fg0239","fg0652","fg0561","fg0097","fg0739","fg0763","fg0190","fg0558","fg0683","fg0693","fg0297","fg0470","fg0251","fg0277","fg0021","fg0374","fg0877","fg0898","fg0176"
"fq002977","vx_8bce3d68f1002579","fg0736","1","fg0736","fg0497","fg0384","fg0703","fg0636","fg0348","fg0690","fg0854","fg0098","fg0187","fg0712","fg0444","fg0446","fg0932","fg0269","fg0567","fg0948","fg0063","fg0699","fg0243"
"fq002978","vx_8bce3d68f1002579","fg0736","1","fg0736","fg0497","fg0384","fg0854","fg0636","fg0098","fg0703","fg0348","fg0446","fg0712","fg0187","fg0400","fg0063","fg0269","fg0633","fg0567","fg0407","fg0948","fg0933","fg0932"
"fq002979","vx_8bce3d68f1002579","fg0736","1","fg0736","fg0497","fg0384","fg0703","fg0636","fg0854","fg0348","fg0187","fg0948","fg0446","fg0407","fg0712","fg0400","fg0633","fg0567","fg0848","fg0933","fg0444","fg0098","fg0932"
"fq002980","vx_8bce3d68f1002579","fg0736","1","fg0736","fg0497","fg0384","fg0854","fg0187","fg0703","fg0636","fg0348","fg0567","fg0712","fg0446","fg0933","fg0948","fg0850","fg0400","fg0098","fg0407","fg0410","fg0633","fg0931"
"fq002981","vx_3bdbe43b0106bfaa","fg0737","883","fg0105","fg0579","fg0915","fg0585","fg0559","fg0036","fg0453","fg0616","fg0151","fg0588","fg0270","fg0539","fg0889","fg0880","fg0926","fg0965","fg0233","fg0365","fg0086","fg0211"
"fq002982","vx_884d806bdc60887b","fg0738","1","fg0738","fg0098","fg0587","fg0595","fg0956","fg0975","fg0156","fg0494","fg0473","fg0539","fg0187","fg0691","fg0003","fg0012","fg0950","fg0084","fg0960","fg0372","fg0444","fg0557"
"fq002983","vx_59d13a8d776abda5","fg0739","2","fg0763","fg0739","fg0735","fg0239","fg0652","fg0470","fg0422","fg0097","fg0176","fg0561","fg0693","fg0636","fg0558","fg0683","fg0608","fg0043","fg0326","fg0297","fg0356","fg0418"
"fq002984","vx_59d13a8d776abda5","fg0739","1","fg0739","fg0763","fg0735","fg0239","fg0652","fg0422","fg0470","fg0097","fg0176","fg0561","fg0693","fg0636","fg0608","fg0558","fg0683","fg0326","fg0043","fg0297","fg0356","fg0724"
"fq002985","vx_59d13a8d776abda5","fg0739","2","fg0763","fg0739","fg0735","fg0239","fg0652","fg0470","fg0422","fg0097","fg0176","fg0561","fg0636","fg0693","fg0043","fg0608","fg0326","fg0683","fg0418","fg0297","fg0558","fg0356"
"fq002986","vx_59d13a8d776abda5","fg0739","1","fg0739","fg0763","fg0735","fg0239","fg0652","fg0097","fg0422","fg0561","fg0470","fg0176","fg0693","fg0636","fg0683","fg0558","fg0043","fg0608","fg0190","fg0326","fg0297","fg0277"
"fq002987","vx_59d13a8d776abda5","fg0739","2","fg0763","fg0739","fg0735","fg0239","fg0652","fg0470","fg0422","fg0176","fg0097","fg0561","fg0636","fg0693","fg0608","fg0326","fg0043","fg0683","fg0297","fg0558","fg0418","fg0908"
"fq002988","vx_d670e125bc96387c","fg0740","1","fg0740","fg0904","fg0919","fg0675","fg0955","fg0656","fg0203","fg0362","fg0974","fg0868","fg0195","fg0276","fg0769","fg0218","fg0527","fg0542","fg0867","fg0507","fg0407","fg0621"
"fq002989","vx_2229fa83f1e11f11","fg0741","1","fg0741","fg0943","fg0009","fg0981","fg0499","fg0705","fg0174","fg0126","fg0674","fg0962","fg0651","fg0636","fg0419","fg0493","fg0632","fg0495","fg0216","fg0221","fg0077","fg0405"
"fq002990","vx_b9c04b10b4d95fdd","fg0742","1","fg0742","fg0662","fg0181","fg0358","fg0757","fg0182","fg0962","fg0380","fg0425","fg0407","fg0604","fg0794","fg0198","fg0982","fg0544","fg0603","fg0163","fg0977","fg0933","fg0455"
"fq002991","vx_b4805d8bef77fe82","fg0743","1","fg0743","fg0814","fg0037","fg0497","fg0254","fg0204","fg0063","fg0433","fg0274","fg0580","fg0134","fg0187","fg0420","fg0208","fg0723","fg0311","fg0066","fg0370","fg0670","fg0214"
"fq002992","vx_3d4562014e15140c","fg0744","1","fg0744","fg0083","fg0881","fg0352","fg0383","fg0622","fg0902","fg0337","fg0689","fg0623","fg0252","fg0339","fg0377","fg0030","fg0559","fg0830","fg0449","fg0786","fg0901","fg0692"
"fq002993","vx_41165c0142250970","fg0745","1","fg0745","fg0149","fg0058","fg0103","fg0367","fg0387","fg0837","fg0869","fg0375","fg0090","fg0655","fg0209","fg0094","fg0911","fg0233","fg0955","fg0287","fg0296","fg0356","fg0415"
"fq002994","vx_0f4543fe146493cc","fg0746","1","fg0746","fg0127","fg0247","fg0661","fg0550","fg0521","fg0810","fg0069","fg0508","fg0405","fg0259","fg0154","fg0964","fg0206","fg0865","fg0282","fg0458","fg0426","fg0997","fg0624"
"fq002995","vx_3ae60f2672e7c2bd","fg0747","1","fg0747","fg0843","fg0247","fg0282","fg0513","fg0390","fg0624","fg0206","fg0046","fg0183","fg0186","fg0961","fg0831","fg0191","fg0278","fg0841","fg0449","fg0723","fg0644","fg0377"
"fq002996","vx_25360b118ffaa57d","fg0748","1","fg0748","fg0305","fg0198","fg0586","fg0452","fg0491","fg0897","fg0264","fg0137","fg0492","fg0771","fg0338","fg0451","fg0379","fg0055","fg0728","fg0710","fg0769","fg0180","fg0916"
"fq002997","vx_25360b118ffaa57d","fg0748","1","fg0748","fg0305","fg0198","fg0451","fg0491","fg0137","fg0452","fg0338","fg0809","fg0264","fg0055","fg0492","fg0193","fg0586","fg0897","fg0779","fg0487","fg0710","fg0379","fg0728"
"fq002998","vx_0121da5c158eb906","fg0749","4","fg0270","fg0579","fg0159","fg0749","fg0105","fg0910","fg0889","fg0453","fg0197","fg0551","fg0584","fg0525","fg0298","fg0469","fg0018","fg0005","fg0660","fg0487","fg0033","fg0249"
"fq002999","vx_0121da5c158eb906","fg0749","12","fg0270","fg0579","fg0584","fg0159","fg0889","fg0105","fg0197","fg0298","fg0503","fg0469","fg0588","fg0749","fg0910","fg0490","fg0895","fg0018","fg0659","fg0071","fg0453","fg0525"
"fq003000","vx_0121da5c158eb906","fg0749","7","fg0270","fg0579","fg0159","fg0584","fg0105","fg0889","fg0749","fg0197","fg0249","fg0910","fg0298","fg0397","fg0503","fg0005","fg0173","fg0186","fg0878","fg0238","fg0388","fg0317"
"fq003001","vx_0121da5c158eb906","fg0749","7","fg0270","fg0159","fg0579","fg0197","fg0584","fg0889","fg0749","fg0469","fg0895","fg0490","fg0772","fg0105","fg0910","fg0071","fg0867","fg0155","fg0298","fg0854","fg0258","fg0719"
"fq003002","vx_0121da5c158eb906","fg0749","2","fg0270","fg0749","fg0005","fg0579","fg0910","fg0453","fg0159","fg0930","fg0878","fg0018","fg0833","fg0525","fg0487","fg0238","fg0889","fg0033","fg0105","fg0460","fg0317","fg0967"
"fq003003","vx_0121da5c158eb906","fg0749","1","fg0749","fg0005","fg0833","fg0930","fg0270","fg0878","fg0910","fg0292","fg0314","fg0453","fg0238","fg0889","fg0159","fg0677","fg0487","fg0713","fg0874","fg0584","fg0579","fg0923"
"fq003004","vx_0121da5c158eb906","fg0749","1","fg0749","fg0005","fg0270","fg0833","fg0878","fg0930","fg0579","fg0292","fg0238","fg0889","fg0159","fg0314","fg0453","fg0910","fg0105","fg0487","fg0249","fg0033","fg0551","fg0018"
"fq003005","vx_0121da5c158eb906","fg0749","3","fg0270","fg0579","fg0749","fg0159","fg0910","fg0453","fg0889","fg0105","fg0005","fg0018","fg0490","fg0298","fg0584","fg0460","fg0469","fg0033","fg0659","fg0525","fg0487","fg0197"
"fq003006","vx_0121da5c158eb906","fg0749","1","fg0749","fg0005","fg0878","fg0270","fg0292","fg0238","fg0314","fg0833","fg0579","fg0930","fg0159","fg0889","fg0910","fg0105","fg0197","fg0453","fg0018","fg0298","fg0487","fg0584"
"fq003007","vx_0121da5c158eb906","fg0749","6","fg0270","fg0579","fg0159","fg0105","fg0197","fg0749","fg0889","fg0584","fg0298","fg0551","fg0397","fg0910","fg0005","fg0930","fg0469","fg0729","fg0503","fg0249","fg0588","fg0258"
"fq003008","vx_0121da5c158eb906","fg0749","2","fg0270","fg0749","fg0159","fg0005","fg0579","fg0197","fg0889","fg0584","fg0105","fg0930","fg0878","fg0249","fg0298","fg0469","fg0910","fg0071","fg0551","fg0292","fg0682","fg0238"
"fq003009","vx_0121da5c158eb906","fg0749","11","fg0270","fg0579","fg0105","fg0197","fg0159","fg0584","fg0298","fg0889","fg0397","fg0503","fg0749","fg0895","fg0490","fg0867","fg0722","fg0071","fg0469","fg0588","fg0551","fg0069"
"fq003010","vx_0121da5c158eb906","fg0749","6","fg0270","fg0579","fg0197","fg0910","fg0159","fg0749","fg0105","fg0018","fg0584","fg0889","fg0453","fg0005","fg0469","fg0525","fg0722","fg0397","fg0298","fg0660","fg0930","fg0551"
"fq003011","vx_67b0bb9c2ae43fdd","fg0750","1","fg0750","fg0550","fg0715","fg0823","fg0707","fg0272","fg0432","fg0264","fg0880","fg0214","fg0674","fg0892","fg0797","fg0425","fg0254","fg0258","fg0033","fg0818","fg0696","fg0394"
"fq003012","vx_67b0bb9c2ae43fdd","fg0750","1","fg0750","fg0550","fg0715","fg0707","fg0823","fg0272","fg0105","fg0435","fg0880","fg0394","fg0432","fg0674","fg0372","fg0818","fg0033","fg0258","fg0214","fg0425","fg0579","fg0264"
"fq003013","vx_c3f756b94c56cd27","fg0751","1","fg0751","fg0921","fg0823","fg0039","fg0880","fg0199","fg0447","fg0782","fg0497","fg0755","fg0056","fg0683","fg0482","fg0697","fg0122","fg0041","fg0556","fg0894","fg0108","fg0984"
"fq003014","vx_c3f756b94c56cd27","fg0751","1","fg0751","fg0921","fg0823","fg0880","fg0199","fg0467","fg0894","fg0447","fg0755","fg0984","fg0829","fg0120","fg0016","fg0916","fg0622","fg0634","fg0268","fg0353","fg0955","fg0864"
"fq003015","vx_0386e576f047f8f1","fg0752","1","fg0752","fg0680","fg0072","fg0932","fg0410","fg0102","fg0654","fg0095","fg0158","fg0323","fg0170","fg0883","fg0445","fg0941","fg0339","fg0137","fg0368","fg0643","fg0327","fg0122"
"fq003016","vx_0386e576f047f8f1","fg0752","1","fg0752","fg0680","fg0072","fg0932","fg0410","fg0654","fg0170","fg0102","fg0445","fg0883","fg0137","fg0643","fg0323","fg0095","fg0339","fg0122","fg0368","fg0158","fg0941","fg0483"
"fq003017","vx_ff43ca7cd2d6fac5","fg0753","1","fg0753","fg0024","fg0946","fg0890","fg0259","fg0136","fg0908","fg0206","fg0856","fg0526","fg0100","fg0830","fg0315","fg0786","fg0932","fg0593","fg0035","fg0326","fg0792","fg0299"
"fq003018","vx_a0a6b11b377800a2","fg0754","1","fg0754","fg0185","fg0497","fg0216","fg0151","fg0798","fg0840","fg0633","fg0679","fg0135","fg0711","fg0283","fg0276","fg0257","fg0682","fg0645","fg0132","fg0880","fg0038","fg0579"
"fq003019","vx_a0a6b11b377800a2","fg0754","1","fg0754","fg0185","fg0497","fg0216","fg0679","fg0633","fg0840","fg0135","fg0711","fg0132","fg0109","fg0431","fg0682","fg0762","fg0516","fg0645","fg0971","fg0276","fg0918","fg0658"
"fq003020","vx_a0a6b11b377800a2","fg0754","1","fg0754","fg0185","fg0497","fg0216","fg0840","fg0633","fg0151","fg0679","fg0276","fg0135","fg0711","fg0682","fg0798","fg0342","fg0516","fg0645","fg0579","fg0658","fg0283","fg0264"
"fq003021","vx_a0a6b11b377800a2","fg0754","1","fg0754","fg0185","fg0497","fg0216","fg0135","fg0840","fg0633","fg0679","fg0132","fg0798","fg0711","fg0109","fg0682","fg0645","fg0516","fg0257","fg0151","fg0264","fg0276","fg0121"
"fq003022","vx_57229125091ace18","fg0755","1","fg0755","fg0597","fg0823","fg0361","fg0161","fg0880","fg0796","fg0844","fg0199","fg0499","fg0616","fg0666","fg0682","fg0470","fg0572","fg0549","fg0249","fg0160","fg0055","fg0211"
"fq003023","vx_57229125091ace18","fg0755","1","fg0755","fg0597","fg0823","fg0880","fg0361","fg0161","fg0796","fg0199","fg0666","fg0499","fg0844","fg0616","fg0682","fg0249","fg0572","fg0470","fg0160","fg0838","fg0293","fg0549"
"fq003024","vx_57229125091ace18","fg0755","1","fg0755","fg0597","fg0361","fg0823","fg0161","fg0880","fg0796","fg0844","fg0499","fg0199","fg0682","fg0666","fg0572","fg0470","fg0616","fg0549","fg0249","fg0211","fg0751","fg0160"
"fq003025","vx_57229125091ace18","fg0755","1","fg0755","fg0597","fg0823","fg0161","fg0361","fg0880","fg0796","fg0666","fg0844","fg0499","fg0199","fg0572","fg0616","fg0682","fg0751","fg0470","fg0211","fg0160","fg0249","fg0055"
"fq003026","vx_e24628bc94e4cf90","fg0756","1","fg0756","fg0894","fg0633","fg0077","fg0591","fg0038","fg0998","fg0370","fg0734","fg0986","fg0902","fg0112","fg0770","fg0622","fg0040","fg0501","fg0255","fg0741","fg0326","fg0006"
"fq003027","vx_49597d48221d8ad6","fg0757","1","fg0757","fg0662","fg0742","fg0181","fg0358","fg0182","fg0411","fg0962","fg0334","fg0981","fg0973","fg0398","fg0419","fg0535","fg0594","fg0714","fg0258","fg0117","fg0943","fg0034"
"fq003028","vx_49597d48221d8ad6","fg0757","1","fg0757","fg0742","fg0662","fg0358","fg0181","fg0182","fg0962","fg0411","fg0973","fg0334","fg0419","fg0398","fg0535","fg0668","fg0594","fg0715","fg0714","fg0003","fg0241","fg0943"
"fq003029","vx_49597d48221d8ad6","fg0757","1","fg0757","fg0742","fg0662","fg0181","fg0358","fg0182","fg0411","fg0962","fg0334","fg0973","fg0398","fg0419","fg0535","fg0981","fg0943","fg0594","fg0003","fg0367","fg0012","fg0241"
"fq003030","vx_21164434c17abc06","fg0758","1","fg0758","fg0533","fg0997","fg0569","fg0885","fg0867","fg0886","fg0939","fg0719","fg0320","fg0071","fg0779","fg0583","fg0983","fg0595","fg0140","fg0527","fg0854","fg0275","fg0182"
"fq003031","vx_efa42e8a9315183f","fg0759","1","fg0759","fg0896","fg0056","fg0689","fg0548","fg0484","fg0796","fg0616","fg0623","fg0112","fg0825","fg0800","fg0549","fg0665","fg0844","fg0325","fg0823","fg0880","fg0216","fg0278"
"fq003032","vx_efa42e8a9315183f","fg0759","1","fg0759","fg0896","fg0689","fg0548","fg0056","fg0484","fg0112","fg0623","fg0616","fg0825","fg0796","fg0549","fg0800","fg0665","fg0844","fg0823","fg0880","fg0325","fg0278","fg0251"
"fq003033","vx_efa42e8a9315183f","fg0759","1","fg0759","fg0896","fg0689","fg0484","fg0548","fg0056","fg0623","fg0796","fg0616","fg0112","fg0825","fg0665","fg0800","fg0844","fg0549","fg0325","fg0723","fg0106","fg0002","fg0894"
"fq003034","vx_efa42e8a9315183f","fg0759","1","fg0759","fg0896","fg0548","fg0056","fg0689","fg0484","fg0796","fg0112","fg0616","fg0623","fg0825","fg0549","fg0800","fg0665","fg0723","fg0278","fg0844","fg0325","fg0823","fg0106"
"fq003035","vx_efa42e8a9315183f","fg0759","1","fg0759","fg0896","fg0689","fg0548","fg0056","fg0484","fg0796","fg0623","fg0825","fg0616","fg0112","fg0800","fg0844","fg0723","fg0549","fg0278","fg0665","fg0325","fg0823","fg0106"
"fq003036","vx_efa42e8a9315183f","fg0759","1","fg0759","fg0896","fg0689","fg0484","fg0548","fg0056","fg0623","fg0796","fg0616","fg0825","fg0112","fg0325","fg0665","fg0549","fg0723","fg0828","fg0002","fg0278","fg0106","fg0800"
"fq003037","vx_f1cf8304e907df78","fg0760","8","fg0738","fg0156","fg0444","fg0098","fg0590","fg0960","fg0731","fg0760","fg0724","fg0583","fg0539","fg0595","fg0611","fg0965","fg0691","fg0027","fg0527","fg1000","fg0975","fg0569"
"fq003038","vx_024059e8de7f2c8f","fg0761","1","fg0761","fg0655","fg0220","fg0420","fg0776","fg0470","fg0239","fg0981","fg0461","fg0763","fg0739","fg0735","fg0818","fg0544","fg0180","fg0923","fg0422","fg0714","fg0570","fg0504"
"fq003039","vx_0332a5dfa59cebe3","fg0762","1","fg0762","fg0637","fg0956","fg0730","fg0979","fg0872","fg0794","fg0606","fg0672","fg0871","fg0595","fg0953","fg0766","fg0397","fg0137","fg0631","fg0115","fg0947","fg0019","fg0216"
"fq003040","vx_cb5d65f036ba8926","fg0763","1","fg0763","fg0739","fg0470","fg0735","fg0422","fg0239","fg0043","fg0326","fg0908","fg0481","fg0176","fg0652","fg0849","fg0418","fg0343","fg0608","fg0510","fg0273","fg0070","fg0461"
"fq003041","vx_cb5d65f036ba8926","fg0763","1","fg0763","fg0739","fg0735","fg0239","fg0422","fg0652","fg0470","fg0176","fg0097","fg0636","fg0561","fg0693","fg0608","fg0326","fg0043","fg0724","fg0356","fg0297","fg0558","fg0683"
"fq003042","vx_cb5d65f036ba8926","fg0763","1","fg0763","fg0739","fg0735","fg0239","fg0652","fg0422","fg0470","fg0097","fg0176","fg0561","fg0693","fg0636","fg0608","fg0326","fg0683","fg0043","fg0558","fg0297","fg0356","fg0908"
"fq003043","vx_e05ddb8c8d5d9498","fg0764","1","fg0764","fg0187","fg0889","fg0064","fg0274","fg0902","fg0227","fg0144","fg0146","fg0700","fg0821","fg0851","fg0887","fg0024","fg0192","fg0578","fg0891","fg0451","fg0535","fg0396"
"fq003044","vx_ba5f7002d79db0b6","fg0765","1","fg0765","fg0008","fg0607","fg0363","fg0019","fg0007","fg0982","fg0530","fg0737","fg0214","fg0589","fg0876","fg0064","fg0974","fg0614","fg0226","fg0631","fg0346","fg0603","fg0348"
"fq003045","vx_be975616144bbcf3","fg0766","1","fg0766","fg0340","fg0251","fg0459","fg0813","fg0986","fg0733","fg0762","fg0137","fg0412","fg0631","fg0798","fg0581","fg0175","fg0725","fg0035","fg0444","fg0894","fg0413","fg0960"
"fq003046","vx_ee41f5b19981b41a","fg0767","4","fg0179","fg0522","fg0654","fg0767","fg0445","fg0261","fg0273","fg0343","fg0483","fg0643","fg0254","fg0203","fg0830","fg0319","fg0892","fg0526","fg0785","fg0521","fg0615","fg0173"
"fq003047","vx_ee41f5b19981b41a","fg0767","2","fg0179","fg0767","fg0912","fg0522","fg0049","fg0042","fg0285","fg0319","fg0654","fg0421","fg0173","fg0273","fg0254","fg0218","fg0343","fg0445","fg0111","fg0155","fg0643","fg0892"
"fq003048","vx_3a4b737891925260","fg0768","1","fg0768","fg0108","fg0159","fg0071","fg0569","fg0867","fg0533","fg0490","fg0641","fg0885","fg0167","fg0854","fg0588","fg0760","fg0997","fg0729","fg0983","fg0275","fg0400","fg0388"
"fq003049","vx_3a4b737891925260","fg0768","1","fg0768","fg0108","fg0641","fg0159","fg0490","fg0411","fg0088","fg0214","fg0810","fg0721","fg0703","fg0630","fg0054","fg0283","fg0589","fg0799","fg0659","fg0729","fg0469","fg0264"
"fq003050","vx_3a4b737891925260","fg0768","2","fg0159","fg0768","fg0503","fg0388","fg0001","fg0275","fg0108","fg0688","fg0270","fg0490","fg0588","fg0123","fg0760","fg0584","fg0071","fg0241","fg0889","fg0042","fg0451","fg0411"
"fq003051","vx_3a4b737891925260","fg0768","1","fg0768","fg0108","fg0159","fg0411","fg0973","fg0167","fg0334","fg0258","fg0760","fg0641","fg0388","fg0503","fg0490","fg0688","fg0227","fg0017","fg0729","fg0656","fg0039","fg0931"
"fq003052","vx_3a4b737891925260","fg0768","2","fg0159","fg0768","fg0108","fg0167","fg0490","fg0641","fg0071","fg0760","fg0569","fg0411","fg0729","fg0588","fg0867","fg0854","fg0227","fg0659","fg0533","fg0155","fg0400","fg0810"
"fq003053","vx_3a4b737891925260","fg0768","2","fg0159","fg0768","fg0108","fg0071","fg0867","fg0854","fg0983","fg0588","fg0197","fg0641","fg0490","fg0569","fg0270","fg0931","fg0889","fg0320","fg0533","fg0113","fg0042","fg0512"
"fq003054","vx_3a4b737891925260","fg0768","1","fg0768","fg0108","fg0159","fg0490","fg0411","fg0641","fg0760","fg0569","fg0018","fg0451","fg0795","fg0810","fg0012","fg0934","fg0148","fg1000","fg0403","fg0431","fg0630","fg0398"
"fq003055","vx_3a4b737891925260","fg0768","2","fg0159","fg0768","fg0108","fg0411","fg0641","fg0973","fg0490","fg0854","fg0334","fg0931","fg0910","fg0258","fg0889","fg0227","fg0810","fg0460","fg0071","fg0729","fg0588","fg0167"
"fq003056","vx_415e4add05392152","fg0769","318","fg0207","fg0403","fg0684","fg0168","fg0004","fg0546","fg0998","fg0853","fg0792","fg0309","fg0649","fg0032","fg0906","fg0643","fg0690","fg0875","fg0443","fg0104","fg0075","fg0022"
"fq003057","vx_a6eb6146784a1054","fg0770","1","fg0770","fg0588","fg0539","fg0559","fg0159","fg0195","fg0659","fg0965","fg0868","fg0211","fg0071","fg0769","fg0464","fg0340","fg0889","fg0584","fg0251","fg0025","fg0682","fg0579"
"fq003058","vx_a6eb6146784a1054","fg0770","1","fg0770","fg0612","fg0327","fg0552","fg0364","fg0668","fg0551","fg0647","fg0207","fg0133","fg0423","fg0226","fg0534","fg0826","fg0129","fg0560","fg0925","fg0734","fg0460","fg0104"
"fq003059","vx_951af45b815550fb","fg0771","367","fg0717","fg0152","fg0611","fg0414","fg0042","fg0571","fg0145","fg0474","fg0019","fg0292","fg0029","fg0060","fg0878","fg0368","fg0731","fg0597","fg0419","fg0746","fg0163","fg0387"
"fq003060","vx_16632370f6b1f31c","fg0772","1","fg0772","fg0665","fg0197","fg0847","fg0469","fg0895","fg0056","fg0018","fg0394","fg0844","fg0034","fg0683","fg0524","fg0398","fg0153","fg0579","fg0691","fg0809","fg0180","fg0290"
"fq003061","vx_81f3e63ea098cf1e","fg0773","1","fg0773","fg0483","fg0643","fg0654","fg0785","fg0261","fg0343","fg0273","fg0522","fg0003","fg0445","fg0210","fg0857","fg0618","fg0396","fg0624","fg0313","fg0335","fg0351","fg0975"
"fq003062","vx_f043b251e08e5ea5","fg0774","1","fg0774","fg0200","fg0636","fg0795","fg0817","fg0016","fg0210","fg0310","fg0625","fg0215","fg0804","fg0312","fg0872","fg0076","fg0653","fg0205","fg0380","fg0488","fg0639","fg0372"
"fq003063","vx_f4460662b653ee4c","fg0775","1","fg0775","fg0432","fg0707","fg0272","fg0906","fg0214","fg0641","fg0477","fg0550","fg0030","fg0264","fg0589","fg0974","fg0873","fg0994","fg0072","fg0008","fg0453","fg0954","fg0128"
"fq003064","vx_b8a3aeeee8698818","fg0776","1","fg0776","fg0818","fg0194","fg0019","fg0242","fg0124","fg0009","fg0892","fg0300","fg0918","fg0866","fg0679","fg0436","fg0761","fg0940","fg0529","fg0212","fg0870","fg0158","fg0580"
"fq003065","vx_b8a3aeeee8698818","fg0776","1","fg0776","fg0194","fg0818","fg0019","fg0761","fg0892","fg0918","fg0009","fg0158","fg0529","fg0242","fg0124","fg0940","fg0666","fg0212","fg0866","fg0580","fg0731","fg0436","fg0876"
"fq003066","vx_b8a3aeeee8698818","fg0776","1","fg0776","fg0818","fg0194","fg0019","fg0892","fg0242","fg0009","fg0124","fg0761","fg0300","fg0866","fg0918","fg0212","fg0436","fg0940","fg0666","fg0679","fg0870","fg0580","fg0529"
"fq003067","vx_b8a3aeeee8698818","fg0776","1","fg0776","fg0818","fg0019","fg0242","fg0300","fg0892","fg0679","fg0009","fg0194","fg0761","fg0940","fg0870","fg0918","fg0529","fg0834","fg0174","fg0731","fg0750","fg0674","fg0881"
"fq003068","vx_b8a3aeeee8698818","fg0776","1","fg0776","fg0818","fg0019","fg0731","fg0892","fg0009","fg0242","fg0194","fg0918","fg0679","fg0300","fg0761","fg0124","fg0529","fg0934","fg0666","fg0212","fg0580","fg0870","fg0020"
"fq003069","vx_b8a3aeeee8698818","fg0776","1","fg0776","fg0818","fg0194","fg0019","fg0892","fg0009","fg0242","fg0918","fg0124","fg0761","fg0866","fg0666","fg0300","fg0436","fg0940","fg0679","fg0580","fg0529","fg0158","fg0212"
"fq003070","vx_b8a3aeeee8698818","fg0776","1","fg0776","fg0194","fg0818","fg0019","fg0242","fg0124","fg0892","fg0761","fg0009","fg0918","fg0866","fg0300","fg0436","fg0679","fg0940","fg0158","fg0529","fg0580","fg0870","fg0731"
"fq003071","vx_b8a3aeeee8698818","fg0776","1","fg0776","fg0194","fg0818","fg0892","fg0019","fg0009","fg0242","fg0124","fg0761","fg0918","fg0866","fg0212","fg0436","fg0666","fg0940","fg0679","fg0529","fg0300","fg0834","fg0158"
"fq003072","vx_b8a3aeeee8698818","fg0776","1","fg0776","fg0818","fg0300","fg0679","fg0009","fg0242","fg0918","fg0892","fg0019","fg0174","fg0870","fg0834","fg0940","fg0674","fg0295","fg0529","fg0750","fg0124","fg0666","fg0731"
"fq003073","vx_b8a3aeeee8698818","fg0776","1","fg0776","fg0194","fg0818","fg0019","fg0761","fg0892","fg0124","fg0009","fg0918","fg0242","fg0866","fg0436","fg0212","fg0940","fg0529","fg0158","fg0666","fg0580","fg0834","fg0288"
"fq003074","vx_b8a3aeeee8698818","fg0776","1","fg0776","fg0194","fg0818","fg0009","fg0019","fg0918","fg0124","fg0892","fg0242","fg0761","fg0866","fg0212","fg0436","fg0666","fg0731","fg0158","fg0329","fg0529","fg0580","fg0834"
"fq003075","vx_b8a3aeeee8698818","fg0776","1","fg0776","fg0818","fg0194","fg0019","fg0242","fg0892","fg0009","fg0679","fg0300","fg0761","fg0918","fg0124","fg0529","fg0212","fg0940","fg0870","fg0866","fg0834","fg0436","fg0288"
"fq003076","vx_b8a3aeeee8698818","fg0776","1","fg0776","fg0194","fg0818","fg0019","fg0761","fg0731","fg0892","fg0242","fg0009","fg0918","fg0940","fg0124","fg0158","fg0666","fg0212","fg0529","fg0866","fg0934","fg0180","fg0436"
"fq003077","vx_b8a3aeeee8698818","fg0776","1","fg0776","fg0818","fg0194","fg0009","fg0892","fg0019","fg0242","fg0918","fg0761","fg0124","fg0679","fg0300","fg0731","fg0212","fg0529","fg0158","fg0666","fg0866","fg0940","fg0834"
"fq003078","vx_b8a3aeeee8698818","fg0776","1","fg0776","fg0194","fg0818","fg0019","fg0761","fg0892","fg0009","fg0124","fg0242","fg0866","fg0918","fg0436","fg0212","fg0666","fg0940","fg0529","fg0158","fg0679","fg0580","fg0300"
"fq003079","vx_b8a3aeeee8698818","fg0776","1","fg0776","fg0818","fg0194","fg0009","fg0019","fg0892","fg0242","fg0918","fg0300","fg0679","fg0124","fg0761","fg0666","fg0940","fg0212","fg0529","fg0870","fg0866","fg0436","fg0158"
"fq003080","vx_b8a3aeeee8698818","fg0776","1","fg0776","fg0194","fg0818","fg0892","fg0019","fg0009","fg0918","fg0761","fg0124","fg0242","fg0866","fg0666","fg0529","fg0436","fg0580","fg0158","fg0940","fg0212","fg0731","fg0679"
"fq003081","vx_b8a3aeeee8698818","fg0776","1","fg0776","fg0818","fg0009","fg0892","fg0019","fg0918","fg0242","fg0940","fg0679","fg0666","fg0300","fg0529","fg0580","fg0674","fg0870","fg0174","fg0731","fg0212","fg0124","fg0750"
"fq003082","vx_b8a3aeeee8698818","fg0776","1","fg0776","fg0194","fg0818","fg0019","fg0892","fg0009","fg0124","fg0242","fg0761","fg0918","fg0866","fg0436","fg0666","fg0940","fg0679","fg0529","fg0300","fg0212","fg0580","fg0158"
"fq003083","vx_b8a3aeeee8698818","fg0776","1","fg0776","fg0818","fg0009","fg0918","fg0194","fg0892","fg0242","fg0019","fg0124","fg0679","fg0666","fg0866","fg0300","fg0761","fg0212","fg0940","fg0529","fg0436","fg0580","fg0158"
"fq003084","vx_b8a3aeeee8698818","fg0776","1","fg0776","fg0194","fg0818","fg0918","fg0009","fg0892","fg0124","fg0242","fg0019","fg0866","fg0679","fg0436","fg0300","fg0212","fg0666","fg0761","fg0529","fg0158","fg0580","fg0295"
"fq003085","vx_aec4e117e0c5476a","fg0777","1","fg0777","fg0486","fg0957","fg0812","fg0506","fg0704","fg0694","fg0600","fg0208","fg0137","fg0699","fg0232","fg0078","fg0815","fg0810","fg0077","fg0035","fg0501","fg0705","fg0711"
"fq003086","vx_aec4e117e0c5476a","fg0777","1","fg0777","fg0486","fg0957","fg0812","fg0506","fg0694","fg0704","fg0208","fg0137","fg0600","fg0699","fg0204","fg0078","fg0609","fg0810","fg0711","fg0216","fg0232","fg0035","fg0009"
"fq003087","vx_aec4e117e0c5476a","fg0777","1","fg0777","fg0957","fg0486","fg0812","fg0694","fg0704","fg0506","fg0137","fg0600","fg0705","fg0208","fg0632","fg0232","fg0077","fg0810","fg0078","fg0699","fg0204","fg0501","fg0203"
"fq003088","vx_aec4e117e0c5476a","fg0777","1","fg0777","fg0957","fg0486","fg0812","fg0704","fg0506","fg0694","fg0204","fg0705","fg0600","fg0208","fg0137","fg0203","fg0632","fg0078","fg0232","fg0810","fg0405","fg0077","fg0699"
"fq003089","vx_aec4e117e0c5476a","fg0777","1","fg0777","fg0486","fg0957","fg0812","fg0506","fg0694","fg0704","fg0208","fg0600","fg0137","fg0699","fg0204","fg0078","fg0232","fg0705","fg0216","fg0009","fg0810","fg0691","fg0609"
"fq003090","vx_aec4e117e0c5476a","fg0777","1","fg0777","fg0486","fg0957","fg0812","fg0506","fg0694","fg0704","fg0208","fg0600","fg0137","fg0699","fg0632","fg0501","fg0078","fg0232","fg0705","fg0810","fg0815","fg0883","fg0405"
"fq003091","vx_aec4e117e0c5476a","fg0777","1","fg0777","fg0957","fg0486","fg0812","fg0506","fg0694","fg0704","fg0208","fg0705","fg0600","fg0204","fg0203","fg0137","fg0078","fg0077","fg0632","fg0009","fg0232","fg0405","fg0571"
"fq003092","vx_aec4e117e0c5476a","fg0777","1","fg0777","fg0957","fg0486","fg0812","fg0506","fg0694","fg0704","fg0705","fg0600","fg0208","fg0137","fg0632","fg0077","fg0699","fg0810","fg0078","fg0232","fg0204","fg0009","fg0405"
"fq003093","vx_aec4e117e0c5476a","fg0777","1","fg0777","fg0957","fg0486","fg0812","fg0506","fg0694","fg0704","fg0600","fg0208","fg0137","fg0705","fg0204","fg0232","fg0078","fg0699","fg0203","fg0077","fg0035","fg0810","fg0632"
"fq003094","vx_3ac03f426dd6fe30","fg0778","1","fg0778","fg0688","fg0490","fg0503","fg0388","fg0189","fg0496","fg0460","fg0001","fg0155","fg0241","fg0591","fg0577","fg0659","fg0704","fg0588","fg0275","fg0936","fg0071","fg0641"
"fq003095","vx_e92a78517b4295e5","fg0779","1","fg0779","fg0381","fg0320","fg0140","fg0364","fg0886","fg0758","fg0684","fg0527","fg0583","fg0587","fg0867","fg0196","fg0983","fg0783","fg0595","fg0719","fg0647","fg0543","fg0421"
"fq003096","vx_ec49949cc6267a4d","fg0780","1","fg0780","fg0371","fg0052","fg0060","fg0042","fg0682","fg0953","fg0849","fg0871","fg0698","fg0330","fg0597","fg0414","fg0923","fg0730","fg0879","fg0470","fg0065","fg0320","fg0165"
"fq003097","vx_ec49949cc6267a4d","fg0780","1","fg0780","fg0371","fg0052","fg0042","fg0682","fg0060","fg0330","fg0597","fg0470","fg0953","fg0871","fg0849","fg0414","fg0998","fg0320","fg0617","fg0065","fg0348","fg0615","fg0325"
"fq003098","vx_ec49949cc6267a4d","fg0780","1","fg0780","fg0371","fg0052","fg0682","fg0042","fg0060","fg0597","fg0330","fg0849","fg0165","fg0470","fg0953","fg0998","fg0320","fg0871","fg0414","fg0159","fg0836","fg0117","fg0879"
"fq003099","vx_ec49949cc6267a4d","fg0780","7","fg0042","fg0155","fg0656","fg0271","fg0218","fg0597","fg0780","fg0330","fg0276","fg0376","fg0060","fg0675","fg0683","fg0562","fg0557","fg0642","fg0203","fg0740","fg0999","fg0955"
"fq003100","vx_5cd0e0335e7b5302","fg0781","1","fg0781","fg0246","fg0262","fg0619","fg0256","fg0789","fg0545","fg0807","fg0967","fg0987","fg0855","fg1000","fg0049","fg0772","fg0684","fg0554","fg0487","fg0190","fg0149","fg0895"
"fq003101","vx_5cd0e0335e7b5302","fg0781","1","fg0781","fg0262","fg0246","fg0619","fg0256","fg0789","fg0545","fg0807","fg0967","fg0987","fg0855","fg0487","fg0220","fg0034","fg0684","fg0190","fg0895","fg0772","fg0554","fg0049"
"fq003102","vx_5cd0e0335e7b5302","fg0781","1","fg0781","fg0262","fg0246","fg0619","fg0256","fg0789","fg0545","fg0807","fg0967","fg0987","fg0855","fg0772","fg0554","fg0049","fg0895","fg0190","fg0684","fg0487","fg0469","fg0616"
"fq003103","vx_5cd0e0335e7b5302","fg0781","1","fg0781","fg0262","fg0246","fg0619","fg0256","fg0789","fg0545","fg0807","fg0967","fg0987","fg0855","fg0772","fg0049","fg0684","fg0190","fg0895","fg0487","fg0554","fg0018","fg1000"
"fq003104","vx_14c0bf8a39856735","fg0782","1","fg0782","fg0022","fg0039","fg0489","fg0860","fg0100","fg0224","fg0350","fg0556","fg0122","fg0355","fg0751","fg0584","fg0921","fg0649","fg0896","fg0423","fg0295","fg0900","fg0891"
"fq003105","vx_14c0bf8a39856735","fg0782","1","fg0782","fg0022","fg0039","fg0489","fg0860","fg0100","fg0224","fg0350","fg0556","fg0122","fg0751","fg0896","fg0355","fg0921","fg0423","fg0649","fg0584","fg0949","fg0295","fg0289"
"fq003106","vx_14c0bf8a39856735","fg0782","1","fg0782","fg0022","fg0039","fg0860","fg0489","fg0224","fg0584","fg0350","fg0556","fg0100","fg0649","fg0896","fg0355","fg0198","fg0122","fg0289","fg0965","fg0305","fg0423","fg0137"
"fq003107","vx_14c0bf8a39856735","fg0782","1","fg0782","fg0022","fg0039","fg0489","fg0860","fg0100","fg0224","fg0556","fg0350","fg0122","fg0355","fg0584","fg0896","fg0649","fg0423","fg0751","fg0921","fg0289","fg0328","fg0731"
"fq003108","vx_14c0bf8a39856735","fg0782","1","fg0782","fg0022","fg0039","fg0860","fg0489","fg0100","fg0224","fg0350","fg0556","fg0584","fg0355","fg0122","fg0751","fg0649","fg0896","fg0921","fg0295","fg0900","fg0423","fg0891"
"fq003109","vx_14c0bf8a39856735","fg0782","1","fg0782","fg0022","fg0100","fg0039","fg0489","fg0860","fg0224","fg0350","fg0649","fg0556","fg0355","fg0122","fg0891","fg0114","fg0840","fg0949","fg0624","fg0896","fg0423","fg0845"
"fq003110","vx_14c0bf8a39856735","fg0782","1","fg0782","fg0022","fg0039","fg0100","fg0489","fg0860","fg0224","fg0556","fg0350","fg0122","fg0896","fg0355","fg0649","fg0584","fg0751","fg0423","fg0891","fg0949","fg0921","fg0114"
"fq003111","vx_14c0bf8a39856735","fg0782","1","fg0782","fg0022","fg0039","fg0100","fg0489","fg0860","fg0224","fg0556","fg0350","fg0649","fg0122","fg0355","fg0751","fg0584","fg0891","fg0423","fg0921","fg0949","fg0896","fg0295"
"fq003112","vx_14c0bf8a39856735","fg0782","223","fg0688","fg0591","fg0973","fg0350","fg0388","fg0195","fg0211","fg0503","fg0572","fg0594","fg0547","fg0577","fg0119","fg0068","fg0398","fg0025","fg0123","fg0373","fg0126","fg0001"
"fq003113","vx_2e19cf26d13b37f8","fg0783","1","fg0783","fg0689","fg0623","fg0196","fg0319","fg0337","fg0271","fg0002","fg0642","fg0767","fg0421","fg0347","fg0759","fg0218","fg0184","fg0154","fg0485","fg0404","fg0064","fg0245"
"fq003114","vx_2e19cf26d13b37f8","fg0783","1","fg0783","fg0196","fg0767","fg0319","fg0271","fg0421","fg0642","fg0218","fg0347","fg0064","fg0184","fg0233","fg0557","fg0155","fg0679","fg0794","fg0892","fg0559","fg0004","fg0042"
"fq003115","vx_2e19cf26d13b37f8","fg0783","1","fg0783","fg0196","fg0319","fg0767","fg0271","fg0421","fg0218","fg0689","fg0623","fg0642","fg0002","fg0759","fg0347","fg0064","fg0042","fg0155","fg0154","fg0184","fg0557","fg0004"
"fq003116","vx_2e19cf26d13b37f8","fg0783","1","fg0783","fg0689","fg0767","fg0623","fg0319","fg0759","fg0196","fg0421","fg0271","fg0868","fg0218","fg0197","fg0965","fg0337","fg0484","fg0002","fg0184","fg0642","fg0106","fg0435"
"fq003117","vx_2e19cf26d13b37f8","fg0783","1","fg0783","fg0689","fg0623","fg0196","fg0319","fg0271","fg0421","fg0767","fg0002","fg0759","fg0642","fg0218","fg0337","fg0347","fg0184","fg0064","fg0559","fg0042","fg0154","fg0004"
"fq003118","vx_2e19cf26d13b37f8","fg0783","3","fg0689","fg0623","fg0783","fg0337","fg0759","fg0002","fg0196","fg0319","fg0767","fg0642","fg0484","fg0271","fg0421","fg0485","fg0559","fg0245","fg0564","fg0404","fg0154","fg0475"
"fq003119","vx_2e19cf26d13b37f8","fg0783","1","fg0783","fg0689","fg0623","fg0196","fg0759","fg0002","fg0767","fg0271","fg0319","fg0421","fg0337","fg0642","fg0218","fg0559","fg0106","fg0485","fg0154","fg0965","fg0042","fg0004"
"fq003120","vx_2e19cf26d13b37f8","fg0783","1","fg0783","fg0196","fg0319","fg0767","fg0271","fg0347","fg0642","fg0421","fg0218","fg0794","fg0064","fg0154","fg0002","fg0557","fg0689","fg0042","fg0233","fg0184","fg0623","fg0559"
"fq003121","vx_2e19cf26d13b37f8","fg0783","1","fg0783","fg0196","fg0319","fg0271","fg0421","fg0767","fg0218","fg0642","fg0347","fg0184","fg0064","fg0689","fg0623","fg0155","fg0002","fg0154","fg0557","fg0794","fg0679","fg0042"
"fq003122","vx_2e19cf26d13b37f8","fg0783","1","fg0783","fg0196","fg0319","fg0421","fg0767","fg0271","fg0218","fg0642","fg0623","fg0689","fg0184","fg0347","fg0064","fg0002","fg0155","fg0337","fg0759","fg0154","fg0679","fg0404"
"fq003123","vx_2e19cf26d13b37f8","fg0783","1","fg0783","fg0196","fg0767","fg0271","fg0421","fg0642","fg0319","fg0559","fg0689","fg0623","fg0347","fg0218","fg0154","fg0539","fg0064","fg0892","fg0042","fg0004","fg0794","fg0184"
"fq003124","vx_2e19cf26d13b37f8","fg0783","3","fg0689","fg0623","fg0783","fg0759","fg0337","fg0002","fg0196","fg0559","fg0965","fg0106","fg0271","fg0767","fg0484","fg0485","fg0642","fg0564","fg0868","fg0547","fg0245","fg0004"
"fq003125","vx_2e19cf26d13b37f8","fg0783","1","fg0783","fg0196","fg0319","fg0271","fg0421","fg0689","fg0767","fg0642","fg0218","fg0623","fg0347","fg0337","fg0002","fg0184","fg0064","fg0759","fg0155","fg0233","fg0794","fg0154"
"fq003126","vx_2e19cf26d13b37f8","fg0783","1","fg0783","fg0689","fg0319","fg0623","fg0196","fg0767","fg0271","fg0421","fg0759","fg0218","fg0002","fg0184","fg0642","fg0337","fg0197","fg0106","fg0064","fg0155","fg0557","fg0042"
"fq003127","vx_2e19cf26d13b37f8","fg0783","1","fg0783","fg0689","fg0623","fg0196","fg0319","fg0271","fg0767","fg0002","fg0642","fg0421","fg0759","fg0337","fg0218","fg0347","fg0154","fg0559","fg0485","fg0106","fg0184","fg0064"
"fq003128","vx_2e19cf26d13b37f8","fg0783","1","fg0783","fg0196","fg0319","fg0271","fg0347","fg0767","fg0642","fg0421","fg0218","fg0689","fg0623","fg0002","fg0184","fg0064","fg0759","fg0679","fg0154","fg0337","fg0404","fg0794"
"fq003129","vx_2e19cf26d13b37f8","fg0783","1","fg0783","fg0347","fg0196","fg0642","fg0319","fg0271","fg0421","fg0767","fg0218","fg0184","fg0064","fg0233","fg0794","fg0679","fg0307","fg0155","fg0967","fg0831","fg0154","fg0557"
"fq003130","vx_2e19cf26d13b37f8","fg0783","1","fg0783","fg0767","fg0271","fg0559","fg0196","fg0539","fg0421","fg0197","fg0319","fg0642","fg0233","fg0347","fg0965","fg0042","fg0794","fg0557","fg0218","fg0004","fg0779","fg0916"
"fq003131","vx_50fabd48be1ccff7","fg0784","1","fg0784","fg0566","fg0296","fg0207","fg0355","fg0891","fg0587","fg0899","fg0224","fg0975","fg0176","fg0642","fg0653","fg0584","fg0825","fg0507","fg0656","fg0880","fg0822","fg0146"
"fq003132","vx_50fabd48be1ccff7","fg0784","1","fg0784","fg0566","fg0296","fg0653","fg0207","fg0176","fg0995","fg0441","fg0929","fg0493","fg0058","fg0587","fg0899","fg0755","fg0226","fg0212","fg0146","fg0642","fg0424","fg0966"
"fq003133","vx_aa8cbf4508d4ad3b","fg0785","1","fg0785","fg0261","fg0483","fg0654","fg0273","fg0343","fg0778","fg0643","fg0445","fg0522","fg0456","fg0313","fg0620","fg0011","fg0773","fg0129","fg0857","fg0681","fg0618","fg0724"
"fq003134","vx_0ab0e26009fbbfe1","fg0786","773","fg0609","fg0992","fg0671","fg0858","fg0076","fg0162","fg0636","fg0052","fg0101","fg0575","fg0113","fg0289","fg0224","fg0589","fg0879","fg0827","fg0357","fg0931","fg0941","fg0085"
"fq003135","vx_0ab0e26009fbbfe1","fg0786","346","fg0609","fg0636","fg0992","fg0076","fg0879","fg0289","fg0052","fg0162","fg0071","fg0605","fg0653","fg0997","fg0929","fg0934","fg0885","fg0949","fg0836","fg0224","fg0357","fg0533"
"fq003136","vx_0ab0e26009fbbfe1","fg0786","1","fg0786","fg0830","fg0901","fg0480","fg0339","fg0949","fg0932","fg0658","fg0385","fg0692","fg0553","fg0158","fg0753","fg0315","fg0817","fg0547","fg0905","fg0254","fg0442","fg0943"
"fq003137","vx_0ab0e26009fbbfe1","fg0786","903","fg0609","fg0605","fg0992","fg0934","fg0498","fg0250","fg0219","fg0076","fg0162","fg0636","fg0132","fg0975","fg0101","fg0052","fg0836","fg0337","fg0043","fg0109","fg0827","fg0165"
"fq003138","vx_a3dd0da4d5539015","fg0787","1","fg0787","fg0991","fg0508","fg0810","fg0175","fg0678","fg0026","fg0683","fg0452","fg0482","fg0720","fg0553","fg0963","fg0910","fg0999","fg0521","fg0939","fg0527","fg0562","fg0342"
"fq003139","vx_a3dd0da4d5539015","fg0787","2","fg0991","fg0787","fg0508","fg0810","fg0175","fg0452","fg0521","fg0678","fg0527","fg0482","fg0683","fg0910","fg0026","fg0458","fg0720","fg0999","fg0325","fg0963","fg0498","fg0939"
"fq003140","vx_a3dd0da4d5539015","fg0787","2","fg0991","fg0787","fg0508","fg0175","fg0810","fg0678","fg0452","fg0482","fg0026","fg0521","fg0910","fg0527","fg0683","fg0939","fg0244","fg0300","fg0498","fg0605","fg0325","fg0034"
"fq003141","vx_a3dd0da4d5539015","fg0787","1","fg0787","fg0991","fg0508","fg0810","fg0175","fg0452","fg0683","fg0678","fg0482","fg0720","fg0026","fg0521","fg0963","fg0527","fg0910","fg0999","fg0553","fg0458","fg0342","fg0562"
"fq003142","vx_a3dd0da4d5539015","fg0787","2","fg0991","fg0787","fg0508","fg0810","fg0678","fg0175","fg0452","fg0026","fg0482","fg0910","fg0683","fg0521","fg0527","fg0720","fg0963","fg0553","fg0498","fg0939","fg0325","fg0999"
"fq003143","vx_a3dd0da4d5539015","fg0787","2","fg0991","fg0787","fg0508","fg0175","fg0810","fg0678","fg0452","fg0026","fg0482","fg0521","fg0683","fg0527","fg0910","fg0939","fg0720","fg0963","fg0325","fg0244","fg0498","fg0458"
"fq003144","vx_a3dd0da4d5539015","fg0787","2","fg0991","fg0787","fg0508","fg0810","fg0175","fg0452","fg0482","fg0678","fg0521","fg0683","fg0527","fg0026","fg0910","fg0720","fg0999","fg0963","fg0458","fg0498","fg0605","fg0325"
"fq003145","vx_a3dd0da4d5539015","fg0787","2","fg0991","fg0787","fg0508","fg0810","fg0175","fg0678","fg0452","fg0026","fg0683","fg0527","fg0482","fg0521","fg0984","fg0934","fg0720","fg0910","fg0963","fg0191","fg0939","fg0569"
"fq003146","vx_a3dd0da4d5539015","fg0787","2","fg0991","fg0787","fg0508","fg0810","fg0175","fg0678","fg0452","fg0026","fg0482","fg0521","fg0683","fg0527","fg0910","fg0939","fg0720","fg0963","fg0244","fg0999","fg0458","fg0451"
"fq003147","vx_a3dd0da4d5539015","fg0787","2","fg0991","fg0787","fg0508","fg0810","fg0175","fg0678","fg0452","fg0026","fg0521","fg0527","fg0683","fg0482","fg0910","fg0939","fg0720","fg0244","fg0999","fg0498","fg0963","fg0325"
"fq003148","vx_a3dd0da4d5539015","fg0787","2","fg0991","fg0787","fg0508","fg0810","fg0175","fg0452","fg0678","fg0683","fg0521","fg0527","fg0026","fg0482","fg0720","fg0910","fg0963","fg0999","fg0458","fg0553","fg0939","fg0325"
"fq003149","vx_a3dd0da4d5539015","fg0787","2","fg0991","fg0787","fg0508","fg0810","fg0175","fg0527","fg0452","fg0678","fg0521","fg0683","fg0482","fg0720","fg0026","fg0910","fg0963","fg0999","fg0458","fg0562","fg0553","fg0939"
"fq003150","vx_a3dd0da4d5539015","fg0787","2","fg0991","fg0787","fg0508","fg0175","fg0810","fg0678","fg0452","fg0482","fg0026","fg0910","fg0527","fg0683","fg0521","fg0720","fg0553","fg0963","fg0939","fg0999","fg0983","fg0458"
"fq003151","vx_a3dd0da4d5539015","fg0787","2","fg0991","fg0787","fg0508","fg0175","fg0810","fg0452","fg0678","fg0026","fg0482","fg0683","fg0521","fg0910","fg0527","fg0720","fg0939","fg0963","fg0999","fg0458","fg0244","fg0325"
"fq003152","vx_a3dd0da4d5539015","fg0787","2","fg0991","fg0787","fg0508","fg0810","fg0175","fg0452","fg0678","fg0683","fg0720","fg0521","fg0026","fg0482","fg0527","fg0963","fg0910","fg0999","fg0553","fg0458","fg0342","fg0562"
"fq003153","vx_a3dd0da4d5539015","fg0787","2","fg0991","fg0787","fg0508","fg0175","fg0810","fg0678","fg0026","fg0452","fg0683","fg0482","fg0521","fg0910","fg0527","fg0720","fg0939","fg0963","fg0999","fg0458","fg0553","fg0325"
"fq003154","vx_a3dd0da4d5539015","fg0787","1","fg0787","fg0991","fg0508","fg0810","fg0175","fg0678","fg0452","fg0683","fg0026","fg0720","fg0963","fg0482","fg0521","fg0553","fg0527","fg0910","fg0999","fg0342","fg0458","fg0939"
"fq003155","vx_a3dd0da4d5539015","fg0787","2","fg0991","fg0787","fg0508","fg0810","fg0175","fg0678","fg0452","fg0026","fg0683","fg0521","fg0910","fg0482","fg0720","fg0527","fg0963","fg0939","fg0553","fg0342","fg0498","fg0325"
"fq003156","vx_a3dd0da4d5539015","fg0787","2","fg0991","fg0787","fg0508","fg0175","fg0810","fg0452","fg0678","fg0482","fg0521","fg0026","fg0910","fg0527","fg0683","fg0458","fg0939","fg0498","fg0325","fg0605","fg0244","fg0451"
"fq003157","vx_a3dd0da4d5539015","fg0787","2","fg0991","fg0787","fg0508","fg0810","fg0175","fg0452","fg0678","fg0527","fg0521","fg0683","fg0910","fg0026","fg0482","fg0720","fg0963","fg0999","fg0458","fg0553","fg0939","fg0342"
"fq003158","vx_a3dd0da4d5539015","fg0787","2","fg0991","fg0787","fg0508","fg0175","fg0810","fg0678","fg0452","fg0026","fg0683","fg0482","fg0521","fg0527","fg0720","fg0910","fg0999","fg0458","fg0963","fg0939","fg0553","fg0325"
"fq003159","vx_a3dd0da4d5539015","fg0787","2","fg0991","fg0787","fg0508","fg0175","fg0810","fg0452","fg0678","fg0482","fg0683","fg0026","fg0521","fg0527","fg0910","fg0720","fg0963","fg0451","fg0999","fg0553","fg0458","fg0498"
"fq003160","vx_a3dd0da4d5539015","fg0787","2","fg0991","fg0787","fg0508","fg0810","fg0452","fg0175","fg0683","fg0720","fg0521","fg0527","fg0963","fg0553","fg0458","fg0999","fg0910","fg0451","fg0809","fg0482","fg0342","fg0287"
"fq003161","vx_a3dd0da4d5539015","fg0787","2","fg0991","fg0787","fg0508","fg0175","fg0810","fg0678","fg0452","fg0026","fg0482","fg0521","fg0683","fg0527","fg0910","fg0939","fg0325","fg0451","fg0458","fg0244","fg0999","fg0720"
"fq003162","vx_a3dd0da4d5539015","fg0787","2","fg0991","fg0787","fg0508","fg0810","fg0452","fg0175","fg0683","fg0720","fg0521","fg0910","fg0678","fg0482","fg0963","fg0026","fg0458","fg0999","fg0527","fg0553","fg0325","fg0342"
"fq003163","vx_a3dd0da4d5539015","fg0787","2","fg0991","fg0787","fg0508","fg0810","fg0175","fg0678","fg0452","fg0026","fg0683","fg0482","fg0521","fg0527","fg0910","fg0939","fg0720","fg0963","fg0999","fg0458","fg0325","fg0498"
"fq003164","vx_a3dd0da4d5539015","fg0787","2","fg0991","fg0787","fg0508","fg0810","fg0175","fg0452","fg0678","fg0683","fg0521","fg0910","fg0482","fg0026","fg0527","fg0720","fg0963","fg0999","fg0458","fg0553","fg0325","fg0342"
"fq003165","vx_a3dd0da4d5539015","fg0787","2","fg0991","fg0787","fg0508","fg0175","fg0678","fg0810","fg0026","fg0452","fg0683","fg0482","fg0910","fg0521","fg0720","fg0963","fg0939","fg0527","fg0999","fg0244","fg0553","fg0325"
"fq003166","vx_c331bd7fcad105ff","fg0788","1","fg0788","fg0096","fg0472","fg0429","fg0602","fg0686","fg0188","fg0629","fg0700","fg0644","fg0165","fg0897","fg0330","fg0675","fg0427","fg0341","fg0098","fg0388","fg0682","fg0286"
"fq003167","vx_c331bd7fcad105ff","fg0788","146","fg0195","fg0539","fg0159","fg0889","fg0975","fg0482","fg0767","fg0319","fg0064","fg0093","fg0400","fg0771","fg0571","fg0403","fg0892","fg0588","fg0659","fg0421","fg0435","fg0439"
"fq003168","vx_c331bd7fcad105ff","fg0788","1","fg0788","fg0096","fg0429","fg0472","fg0602","fg0686","fg0188","fg0629","fg0330","fg0165","fg0700","fg0427","fg0897","fg0644","fg0475","fg0243","fg0388","fg0007","fg0564","fg0098"
"fq003169","vx_c331bd7fcad105ff","fg0788","1","fg0788","fg0675","fg0286","fg0098","fg0429","fg0276","fg0195","fg0071","fg0642","fg0808","fg0587","fg0892","fg0975","fg0588","fg0472","fg0096","fg0682","fg0539","fg0185","fg0365"
"fq003170","vx_c331bd7fcad105ff","fg0788","1","fg0788","fg0429","fg0096","fg0472","fg0602","fg0686","fg0188","fg0629","fg0700","fg0330","fg0427","fg0098","fg0897","fg0642","fg0165","fg0675","fg0587","fg0286","fg0276","fg0007"
"fq003171","vx_c331bd7fcad105ff","fg0788","1","fg0788","fg0096","fg0429","fg0472","fg0602","fg0686","fg0188","fg0629","fg0700","fg0897","fg0165","fg0644","fg0330","fg0427","fg0675","fg0341","fg0286","fg0359","fg0480","fg0388"
"fq003172","vx_983315053e89c3a8","fg0789","1","fg0789","fg0246","fg0262","fg0619","fg0256","fg0781","fg0545","fg0807","fg0967","fg0987","fg0855","fg0049","fg0554","fg0149","fg0331","fg0190","fg0263","fg0934","fg0613","fg0391"
"fq003173","vx_63d004df8489746e","fg0790","1","fg0790","fg0114","fg0194","fg0240","fg0174","fg0792","fg0752","fg0776","fg0818","fg0344","fg0326","fg0300","fg0257","fg0529","fg0998","fg0192","fg0487","fg0961","fg0558","fg0156"
"fq003174","vx_63d004df8489746e","fg0790","1","fg0790","fg0422","fg0174","fg0114","fg0818","fg0194","fg0776","fg0300","fg0020","fg0249","fg0240","fg0998","fg0717","fg0608","fg0152","fg0055","fg0326","fg0344","fg0539","fg0366"
"fq003175","vx_a702852c8dee0450","fg0791","1","fg0791","fg0442","fg0967","fg0307","fg0447","fg0382","fg0371","fg0230","fg0184","fg0395","fg0347","fg0620","fg0200","fg0080","fg0783","fg0618","fg0642","fg0115","fg0987","fg0015"
"fq003176","vx_a702852c8dee0450","fg0791","1","fg0791","fg0382","fg0447","fg0408","fg0080","fg0618","fg0530","fg0987","fg0929","fg0081","fg0368","fg0472","fg0052","fg0653","fg0686","fg0539","fg0783","fg0585","fg0724","fg0200"
"fq003177","vx_a702852c8dee0450","fg0791","1","fg0791","fg0442","fg0967","fg0447","fg0382","fg0656","fg0080","fg0184","fg0200","fg0371","fg0276","fg0230","fg0307","fg0620","fg0347","fg0618","fg0987","fg0437","fg0154","fg0955"
"fq003178","vx_c7ef7b00b23f4674","fg0792","1","fg0792","fg0546","fg0309","fg0366","fg0050","fg0153","fg0998","fg0004","fg0937","fg0073","fg0846","fg0213","fg0568","fg0927","fg0170","fg0404","fg0968","fg0890","fg0024","fg0259"
"fq003179","vx_6f9fb3a4b9ff9a8b","fg0793","1","fg0793","fg0826","fg0560","fg0095","fg0327","fg0364","fg0842","fg0312","fg0371","fg0967","fg0148","fg0466","fg0668","fg0184","fg0133","fg0647","fg0414","fg0058","fg0839","fg0593"
"fq003180","vx_363273b4b4bf3f6b","fg0794","1","fg0794","fg0612","fg0668","fg0670","fg0551","fg0327","fg0582","fg0364","fg0074","fg0989","fg0585","fg0962","fg0307","fg0701","fg0795","fg0482","fg0861","fg0269","fg0037","fg0420"
"fq003181","vx_363273b4b4bf3f6b","fg0794","1","fg0794","fg0197","fg0270","fg0159","fg0173","fg0771","fg0612","fg0671","fg0439","fg0552","fg0551","fg0184","fg0307","fg0659","fg0962","fg0895","fg0889","fg0464","fg0482","fg0722"
"fq003182","vx_363273b4b4bf3f6b","fg0794","1","fg0794","fg0670","fg0307","fg0582","fg0783","fg0962","fg0482","fg0347","fg0269","fg0014","fg0074","fg0051","fg0861","fg0425","fg0037","fg0089","fg0646","fg0762","fg0304","fg0126"
"fq003183","vx_363273b4b4bf3f6b","fg0794","1","fg0794","fg0670","fg0582","fg0482","fg0307","fg0962","fg0074","fg0014","fg0269","fg0425","fg0783","fg0037","fg0051","fg0347","fg0089","fg0861","fg0795","fg0762","fg0308","fg0646"
"fq003184","vx_921dae9f0fc5d2f9","fg0795","1","fg0795","fg0817","fg0774","fg0391","fg0031","fg0389","fg0118","fg0670","fg0200","fg0016","fg0582","fg0547","fg0173","fg0901","fg0353","fg0794","fg0767","fg0312","fg0804","fg0086"
"fq003185","vx_b2fe6f325a2b32a2","fg0796","1","fg0796","fg0896","fg0332","fg0141","fg0465","fg0572","fg0909","fg0539","fg0616","fg0965","fg0211","fg0880","fg0105","fg0559","fg0755","fg0195","fg0253","fg0293","fg0387","fg0868"
"fq003186","vx_848b1409e129792b","fg0797","1","fg0797","fg0558","fg0954","fg0508","fg0810","fg0175","fg0787","fg0822","fg0991","fg0949","fg0021","fg0735","fg0618","fg0335","fg0550","fg0009","fg0342","fg0283","fg0610","fg0239"
"fq003187","vx_a529b17f672d3076","fg0798","1","fg0798","fg0547","fg0820","fg0373","fg0590","fg0423","fg0017","fg0802","fg0894","fg0834","fg0540","fg0591","fg0621","fg0853","fg0917","fg0209","fg0891","fg0711","fg0167","fg0951"
"fq003188","vx_a529b17f672d3076","fg0798","230","fg0373","fg0820","fg0547","fg0802","fg0017","fg0590","fg0834","fg0423","fg0119","fg0591","fg0894","fg0068","fg0435","fg0917","fg0199","fg0904","fg0491","fg0511","fg0209","fg0459"
"fq003189","vx_33bf7e1bcee66d3c","fg0799","7","fg0036","fg0585","fg0915","fg0616","fg0075","fg0225","fg0799","fg0236","fg0237","fg0603","fg0189","fg0349","fg0027","fg0796","fg0850","fg0926","fg0309","fg0113","fg1000","fg0587"
"fq003190","vx_570e3431e8799377","fg0800","1","fg0800","fg0056","fg0548","fg0845","fg0844","fg0443","fg0334","fg0415","fg0461","fg0372","fg0820","fg0074","fg0802","fg0759","fg0907","fg0094","fg0112","fg0161","fg0734","fg0373"
"fq003191","vx_a5e5168aab86fda3","fg0801","1","fg0801","fg0165","fg0989","fg0230","fg0135","fg0133","fg0588","fg0528","fg0221","fg0536","fg0281","fg0073","fg0495","fg0364","fg0088","fg0434","fg0633","fg0937","fg0927","fg0568"
"fq003192","vx_1aafd44245351c5b","fg0802","1","fg0802","fg0820","fg0373","fg0017","fg0043","fg0119","fg0547","fg0605","fg0068","fg0508","fg0315","fg0176","fg0934","fg0435","fg0800","fg0687","fg0199","fg0995","fg0574","fg0392"
"fq003193","vx_2c98c62d8690091a","fg0803","1","fg0803","fg0629","fg0466","fg0686","fg0857","fg0833","fg0188","fg0265","fg0200","fg0154","fg0459","fg0441","fg0105","fg0448","fg0135","fg0916","fg0317","fg0559","fg0145","fg0052"
"fq003194","vx_7c4596aa6e958ccb","fg0804","3","fg0817","fg0217","fg0804","fg0402","fg0031","fg0555","fg0418","fg0706","fg0478","fg0157","fg0829","fg0547","fg0454","fg0389","fg0227","fg0905","fg0078","fg0795","fg0016","fg0056"
"fq003195","vx_7c4596aa6e958ccb","fg0804","11","fg0217","fg0871","fg0730","fg0953","fg0829","fg0454","fg0467","fg0817","fg0606","fg0370","fg0804","fg0418","fg0402","fg0555","fg0016","fg0470","fg0770","fg0478","fg0389","fg0157"
"fq003196","vx_7c4596aa6e958ccb","fg0804","6","fg0217","fg0829","fg0817","fg0467","fg0454","fg0804","fg0402","fg0418","fg0031","fg0555","fg0016","fg0795","fg0389","fg0706","fg0227","fg0478","fg0078","fg0547","fg0770","fg0470"
"fq003197","vx_08ea1595783a5540","fg0805","1","fg0805","fg0280","fg0661","fg0013","fg0735","fg0949","fg0060","fg0652","fg0097","fg0693","fg0150","fg0239","fg0414","fg0310","fg0705","fg0171","fg0557","fg0689","fg0845","fg0561"
"fq003198","vx_08ea1595783a5540","fg0805","1","fg0805","fg0280","fg0661","fg0013","fg0949","fg0414","fg0150","fg0693","fg0060","fg0171","fg0735","fg0310","fg0705","fg0652","fg0254","fg0689","fg0534","fg0845","fg0371","fg0114"
"fq003199","vx_08ea1595783a5540","fg0805","1","fg0805","fg0280","fg0661","fg0735","fg0013","fg0652","fg0949","fg0239","fg0693","fg0097","fg0060","fg0114","fg0150","fg0171","fg0689","fg0561","fg0845","fg0134","fg0251","fg0414"
"fq003200","vx_08ea1595783a5540","fg0805","1","fg0805","fg0280","fg0661","fg0013","fg0693","fg0949","fg0150","fg0060","fg0114","fg0735","fg0171","fg0097","fg0652","fg0251","fg0239","fg0689","fg0582","fg0010","fg0046","fg0845"
"fq003201","vx_438fe7da97948071","fg0806","1","fg0806","fg0212","fg0074","fg0932","fg0308","fg0077","fg0666","fg0965","fg0020","fg0032","fg0483","fg0480","fg0210","fg0605","fg0336","fg0988","fg0691","fg0125","fg0705","fg0141"
"fq003202","vx_6164d6f54cbc576f","fg0807","1","fg0807","fg0545","fg0262","fg0256","fg0246","fg0619","fg0789","fg0781","fg0967","fg0987","fg0855","fg0445","fg0643","fg0049","fg0654","fg0261","fg0998","fg0266","fg0522","fg0894"
"fq003203","vx_6164d6f54cbc576f","fg0807","1","fg0807","fg0545","fg0262","fg0246","fg0619","fg0789","fg0256","fg0781","fg0967","fg0987","fg0855","fg0445","fg0643","fg0049","fg0266","fg0331","fg0654","fg0998","fg0190","fg0554"
"fq003204","vx_1cabc88df7d1f4e1","fg0808","1","fg0808","fg0286","fg0233","fg0111","fg0285","fg0912","fg0387","fg0520","fg0306","fg0773","fg0003","fg0933","fg0704","fg0507","fg0396","fg0242","fg0270","fg0718","fg0825","fg0348"
"fq003205","vx_1cabc88df7d1f4e1","fg0808","1","fg0808","fg0286","fg0233","fg0285","fg0111","fg0912","fg0387","fg0520","fg0773","fg0003","fg0306","fg0825","fg0675","fg0933","fg0270","fg0071","fg0353","fg0507","fg0704","fg0400"
"fq003206","vx_1cabc88df7d1f4e1","fg0808","1","fg0808","fg0286","fg0233","fg0111","fg0285","fg0912","fg0387","fg0520","fg0306","fg0773","fg0003","fg0704","fg0507","fg0390","fg0718","fg0933","fg0071","fg0242","fg0353","fg0348"
"fq003207","vx_1cabc88df7d1f4e1","fg0808","1","fg0808","fg0286","fg0676","fg0233","fg0285","fg0111","fg0912","fg0520","fg0085","fg0387","fg0384","fg0400","fg0507","fg0825","fg0003","fg0773","fg0396","fg0306","fg0067","fg0277"
"fq003208","vx_1cabc88df7d1f4e1","fg0808","1","fg0808","fg0286","fg0233","fg0111","fg0285","fg0912","fg0387","fg0520","fg0003","fg0773","fg0306","fg0507","fg0396","fg0933","fg0704","fg0676","fg0353","fg0242","fg0825","fg0473"
"fq003209","vx_1cabc88df7d1f4e1","fg0808","1","fg0808","fg0286","fg0111","fg0233","fg0285","fg0912","fg0387","fg0520","fg0306","fg0773","fg0003","fg0507","fg0704","fg0353","fg0396","fg0242","fg0933","fg0676","fg0985","fg0085"
"fq003210","vx_1cabc88df7d1f4e1","fg0808","1","fg0808","fg0286","fg0233","fg0111","fg0285","fg0912","fg0387","fg0520","fg0306","fg0003","fg0773","fg0704","fg0242","fg0353","fg0507","fg0933","fg0071","fg0675","fg0516","fg0718"
"fq003211","vx_1cabc88df7d1f4e1","fg0808","1","fg0808","fg0286","fg0233","fg0111","fg0285","fg0912","fg0387","fg0520","fg0306","fg0773","fg0003","fg0507","fg0400","fg0718","fg0704","fg0933","fg0353","fg0396","fg0825","fg0985"
"fq003212","vx_1cabc88df7d1f4e1","fg0808","1","fg0808","fg0286","fg0233","fg0111","fg0285","fg0912","fg0520","fg0387","fg0306","fg0773","fg0003","fg0396","fg0507","fg0933","fg0704","fg0985","fg0242","fg0718","fg0825","fg0400"
"fq003213","vx_1cabc88df7d1f4e1","fg0808","1","fg0808","fg0286","fg0233","fg0111","fg0285","fg0912","fg0387","fg0520","fg0306","fg0003","fg0773","fg0507","fg0353","fg0933","fg0675","fg0516","fg0704","fg0242","fg0384","fg0718"
"fq003214","vx_1cabc88df7d1f4e1","fg0808","1","fg0808","fg0286","fg0233","fg0111","fg0285","fg0912","fg0387","fg0773","fg0520","fg0003","fg0306","fg0704","fg0507","fg0933","fg0396","fg0353","fg0270","fg0959","fg0071","fg0084"
"fq003215","vx_1cabc88df7d1f4e1","fg0808","1","fg0808","fg0286","fg0233","fg0111","fg0285","fg0912","fg0387","fg0520","fg0306","fg0773","fg0003","fg0933","fg0675","fg0704","fg0353","fg0507","fg0270","fg0471","fg0718","fg0985"
"fq003216","vx_1cabc88df7d1f4e1","fg0808","1","fg0808","fg0286","fg0233","fg0111","fg0285","fg0912","fg0387","fg0520","fg0306","fg0773","fg0003","fg0933","fg0704","fg0353","fg0071","fg0270","fg0675","fg0507","fg0396","fg0242"
"fq003217","vx_1cabc88df7d1f4e1","fg0808","1","fg0808","fg0286","fg0233","fg0111","fg0285","fg0912","fg0520","fg0387","fg0306","fg0003","fg0773","fg0507","fg0704","fg0933","fg0353","fg0396","fg0270","fg0718","fg0242","fg0985"
"fq003218","vx_1cabc88df7d1f4e1","fg0808","1","fg0808","fg0286","fg0233","fg0111","fg0285","fg0912","fg0387","fg0520","fg0773","fg0003","fg0306","fg0933","fg0396","fg0071","fg0704","fg0242","fg0270","fg0507","fg0985","fg0012"
"fq003219","vx_1cabc88df7d1f4e1","fg0808","1","fg0808","fg0286","fg0233","fg0111","fg0285","fg0912","fg0387","fg0520","fg0306","fg0773","fg0003","fg0704","fg0507","fg0933","fg0242","fg0270","fg0985","fg0396","fg0718","fg0353"
"fq003220","vx_1cabc88df7d1f4e1","fg0808","1","fg0808","fg0286","fg0233","fg0285","fg0111","fg0912","fg0387","fg0520","fg0306","fg0773","fg0353","fg0003","fg0675","fg0853","fg0270","fg0704","fg0105","fg0071","fg0507","fg0933"
"fq003221","vx_1cabc88df7d1f4e1","fg0808","6","fg0959","fg0557","fg0621","fg0376","fg0841","fg0808","fg0155","fg0233","fg0769","fg0587","fg0539","fg0286","fg0271","fg0490","fg0012","fg0758","fg0098","fg0106","fg0825","fg0642"
"fq003222","vx_1cabc88df7d1f4e1","fg0808","1","fg0808","fg0286","fg0233","fg0111","fg0285","fg0912","fg0387","fg0520","fg0003","fg0773","fg0306","fg0507","fg0396","fg0242","fg0704","fg0718","fg0676","fg0933","fg0353","fg0985"
"fq003223","vx_7f52f84295cd9461","fg0809","1","fg0809","fg0847","fg0398","fg0395","fg0772","fg0193","fg0451","fg0410","fg0469","fg0783","fg0557","fg0524","fg0063","fg0153","fg0112","fg0779","fg0748","fg0233","fg0861","fg0271"
"fq003224","vx_2f9a4cd7d4e414e7","fg0810","1","fg0810","fg0991","fg0787","fg0508","fg0077","fg0591","fg0704","fg0453","fg0009","fg0632","fg0521","fg0452","fg0175","fg0910","fg0527","fg0666","fg0705","fg0458","fg0713","fg0084"
"fq003225","vx_2f9a4cd7d4e414e7","fg0810","1","fg0810","fg0403","fg0500","fg0320","fg0299","fg0886","fg0583","fg0983","fg0066","fg0771","fg0108","fg0527","fg0140","fg0173","fg0435","fg0729","fg0768","fg0317","fg0182","fg0595"
"fq003226","vx_2f9a4cd7d4e414e7","fg0810","1","fg0810","fg0991","fg0787","fg0508","fg0704","fg0453","fg0077","fg0591","fg0521","fg0452","fg0632","fg0009","fg0175","fg0910","fg0527","fg0666","fg0705","fg0084","fg0679","fg0713"
"fq003227","vx_ce21c48a5eae9209","fg0811","1","fg0811","fg0025","fg0106","fg0105","fg0372","fg0733","fg0312","fg0746","fg0539","fg0965","fg0600","fg0120","fg0089","fg0446","fg0941","fg0862","fg0554","fg0425","fg0125","fg0419"
"fq003228","vx_1bfeb62d2ca9f87a","fg0812","2","fg0486","fg0812","fg0506","fg0208","fg0433","fg0204","fg0814","fg0478","fg0777","fg0201","fg0704","fg0713","fg0087","fg0049","fg0957","fg0600","fg0062","fg0815","fg0075","fg0679"
"fq003229","vx_1bfeb62d2ca9f87a","fg0812","1","fg0812","fg0486","fg0506","fg0208","fg0433","fg0204","fg0814","fg0777","fg0478","fg0201","fg0704","fg0713","fg0087","fg0957","fg0815","fg0600","fg0062","fg0078","fg0138","fg0075"
"fq003230","vx_9a5adc50da1f88bb","fg0813","1","fg0813","fg0766","fg0360","fg0984","fg0681","fg0800","fg0845","fg0534","fg0836","fg0056","fg0460","fg0278","fg0350","fg0478","fg0770","fg0723","fg0814","fg0581","fg0306","fg0125"
"fq003231","vx_9a5adc50da1f88bb","fg0813","1","fg0813","fg0766","fg0125","fg0212","fg0800","fg0360","fg0581","fg0845","fg0306","fg0460","fg0984","fg0631","fg0681","fg0390","fg0334","fg0836","fg0723","fg0278","fg0548","fg0714"
"fq003232","vx_f59d5e8b91e9a107","fg0814","1","fg0814","fg0208","fg0433","fg0204","fg0506","fg0812","fg0486","fg0743","fg0037","fg0322","fg0011","fg0704","fg0426","fg0945","fg0717","fg0478","fg0992","fg0394","fg0563","fg0179"
"fq003233","vx_f59d5e8b91e9a107","fg0814","1","fg0814","fg0208","fg0433","fg0204","fg0506","fg0588","fg0812","fg0539","fg0486","fg0559","fg0025","fg0159","fg0365","fg0211","fg0616","fg0759","fg0322","fg0659","fg0195","fg0105"
"fq003234","vx_d6ec50939a763cc9","fg0815","1","fg0815","fg0405","fg0203","fg0840","fg0360","fg0909","fg0350","fg0841","fg0361","fg0796","fg0812","fg0478","fg0486","fg0415","fg0711","fg0334","fg0025","fg0208","fg0423","fg0069"
"fq003235","vx_a98917b389347ae8","fg0816","1","fg0816","fg0321","fg0160","fg0585","fg0036","fg0727","fg0556","fg0616","fg0915","fg0796","fg0194","fg0536","fg0552","fg0385","fg0420","fg0995","fg0092","fg0381","fg0288","fg0127"
"fq003236","vx_5938b40458f2f8d2","fg0817","1","fg0817","fg0031","fg0804","fg0547","fg0786","fg0795","fg0389","fg0118","fg0056","fg0590","fg0312","fg0112","fg0830","fg0825","fg0901","fg0555","fg0402","fg0274","fg0774","fg0458"
"fq003237","vx_5938b40458f2f8d2","fg0817","2","fg0809","fg0817","fg0779","fg0451","fg0312","fg0346","fg0193","fg0155","fg0915","fg0588","fg0398","fg0031","fg0227","fg0659","fg0395","fg0271","fg0579","fg0118","fg0547","fg0389"
"fq003238","vx_5938b40458f2f8d2","fg0817","1","fg0817","fg0031","fg0804","fg0547","fg0056","fg0112","fg0590","fg0389","fg0795","fg0786","fg0118","fg0555","fg0415","fg0687","fg0402","fg0043","fg0146","fg0485","fg0548","fg0312"
"fq003239","vx_24f30e2209aa3769","fg0818","1","fg0818","fg0679","fg0300","fg0892","fg0776","fg0242","fg0425","fg0586","fg0909","fg0249","fg0180","fg0750","fg0761","fg0310","fg0435","fg0790","fg0055","fg0940","fg0089","fg0084"
"fq003240","vx_24f30e2209aa3769","fg0818","1","fg0818","fg0776","fg0892","fg0249","fg0679","fg0586","fg0940","fg0300","fg0242","fg0324","fg0425","fg0435","fg0790","fg0761","fg0285","fg0084","fg0750","fg0976","fg0019","fg0881"
"fq003241","vx_24f30e2209aa3769","fg0818","1","fg0818","fg0776","fg0892","fg0249","fg0435","fg0586","fg0679","fg0940","fg0242","fg0084","fg0750","fg0425","fg0300","fg0285","fg0761","fg0769","fg0129","fg0881","fg0909","fg0790"
"fq003242","vx_6561f52e6d03b9c2","fg0819","1","fg0819","fg0702","fg0924","fg0634","fg0281","fg0941","fg0864","fg0418","fg0942","fg0067","fg0296","fg0740","fg0920","fg0907","fg0844","fg0007","fg0131","fg0025","fg0796","fg0086"
"fq003243","vx_6561f52e6d03b9c2","fg0819","32","fg0248","fg0844","fg0942","fg0941","fg0007","fg0067","fg0025","fg0907","fg0793","fg0965","fg0139","fg0462","fg0372","fg0131","fg0931","fg0828","fg0847","fg0170","fg0559","fg0976"
"fq003244","vx_6561f52e6d03b9c2","fg0819","1","fg0819","fg0702","fg0924","fg0634","fg0281","fg0418","fg0864","fg0920","fg0534","fg0296","fg0062","fg0740","fg0087","fg0369","fg0478","fg0904","fg0360","fg0770","fg0681","fg0580"
"fq003245","vx_6561f52e6d03b9c2","fg0819","2","fg0030","fg0819","fg0007","fg0477","fg0974","fg0941","fg0965","fg0828","fg0907","fg0844","fg0942","fg0924","fg0702","fg0614","fg0067","fg0312","fg0131","fg0334","fg0796","fg0372"
"fq003246","vx_6561f52e6d03b9c2","fg0819","24","fg0941","fg0067","fg0131","fg0248","fg0942","fg0025","fg0844","fg0907","fg0965","fg0007","fg0312","fg0793","fg0170","fg0559","fg0828","fg0976","fg0796","fg0177","fg0462","fg0825"
"fq003247","vx_6561f52e6d03b9c2","fg0819","69","fg0965","fg0941","fg0007","fg0559","fg0671","fg0868","fg0397","fg0030","fg0085","fg0796","fg0113","fg0907","fg0067","fg0477","fg0886","fg0942","fg0974","fg0720","fg0105","fg0553"
"fq003248","vx_6561f52e6d03b9c2","fg0819","36","fg0941","fg0067","fg0965","fg0131","fg0559","fg0007","fg0844","fg0942","fg0907","fg0868","fg0828","fg0796","fg0372","fg0030","fg0248","fg0025","fg0177","fg0931","fg0974","fg0539"
"fq003249","vx_6561f52e6d03b9c2","fg0819","118","fg0248","fg0976","fg0793","fg0796","fg0593","fg0139","fg0479","fg0212","fg0170","fg0844","fg0572","fg0806","fg0033","fg0277","fg0801","fg0900","fg0872","fg0826","fg0410","fg0935"
"fq003250","vx_6561f52e6d03b9c2","fg0819","1","fg0819","fg0702","fg0924","fg0634","fg0281","fg0418","fg0864","fg0534","fg0448","fg0580","fg0904","fg0740","fg0478","fg0369","fg0296","fg0062","fg0865","fg0770","fg0217","fg0087"
"fq003251","vx_6561f52e6d03b9c2","fg0819","25","fg0942","fg0844","fg0907","fg0248","fg0025","fg0462","fg0793","fg0847","fg0059","fg0279","fg0170","fg0007","fg0796","fg0838","fg0513","fg0590","fg0931","fg0731","fg0976","fg0825"
"fq003252","vx_6561f52e6d03b9c2","fg0819","51","fg0941","fg0067","fg0007","fg0248","fg0131","fg0965","fg0844","fg0559","fg0907","fg0025","fg0372","fg0828","fg0964","fg0462","fg0942","fg0931","fg0099","fg0796","fg0170","fg0130"
"fq003253","vx_6561f52e6d03b9c2","fg0819","153","fg0248","fg0362","fg0965","fg0559","fg0941","fg0796","fg0007","fg0067","fg0396","fg0868","fg0860","fg0801","fg0105","fg0372","fg0410","fg0539","fg0156","fg0131","fg0872","fg0029"
"fq003254","vx_6561f52e6d03b9c2","fg0819","1","fg0819","fg0702","fg0924","fg0634","fg0281","fg0418","fg0864","fg0534","fg0920","fg0062","fg0844","fg0087","fg0369","fg0580","fg0296","fg0740","fg0478","fg0681","fg0770","fg0942"
"fq003255","vx_6561f52e6d03b9c2","fg0819","1","fg0819","fg0702","fg0924","fg0634","fg0281","fg0418","fg0864","fg0920","fg0296","fg0478","fg0904","fg0534","fg0740","fg0767","fg0580","fg0062","fg0369","fg0525","fg0217","fg0360"
"fq003256","vx_6561f52e6d03b9c2","fg0819","1","fg0819","fg0924","fg0702","fg0634","fg0281","fg0418","fg0864","fg0920","fg0740","fg0062","fg0534","fg0087","fg0769","fg0638","fg0478","fg0296","fg0369","fg0770","fg0681","fg0844"
"fq003257","vx_6561f52e6d03b9c2","fg0819","1","fg0819","fg0702","fg0924","fg0634","fg0281","fg0418","fg0864","fg0534","fg0920","fg0062","fg0296","fg0454","fg0087","fg0369","fg0478","fg0360","fg0217","fg0681","fg0740","fg0406"
"fq003258","vx_6561f52e6d03b9c2","fg0819","47","fg0941","fg0067","fg0131","fg0362","fg0007","fg0550","fg0030","fg0796","fg0828","fg0740","fg0964","fg0099","fg0372","fg0607","fg0656","fg0675","fg0731","fg0177","fg0025","fg0931"
"fq003259","vx_6561f52e6d03b9c2","fg0819","1","fg0819","fg0702","fg0924","fg0634","fg0281","fg0418","fg0864","fg0920","fg0478","fg0534","fg0454","fg0062","fg0296","fg0087","fg0369","fg0638","fg0978","fg0770","fg0740","fg0217"
"fq003260","vx_6561f52e6d03b9c2","fg0819","1","fg0819","fg0702","fg0924","fg0634","fg0281","fg0418","fg0864","fg0534","fg0296","fg0580","fg0062","fg0478","fg0217","fg0740","fg0369","fg0448","fg0087","fg0865","fg0904","fg0920"
"fq003261","vx_6561f52e6d03b9c2","fg0819","70","fg0248","fg0113","fg0462","fg0007","fg0796","fg0139","fg0844","fg0674","fg0801","fg0559","fg0976","fg0931","fg0277","fg0847","fg0362","fg0099","fg0130","fg0818","fg0767","fg0965"
"fq003262","vx_146920966b8200ed","fg0820","1","fg0820","fg0373","fg0802","fg0017","fg0547","fg0068","fg0043","fg0435","fg0119","fg0176","fg0800","fg0216","fg0687","fg0199","fg0306","fg0995","fg0084","fg0508","fg0315","fg0674"
"fq003263","vx_78ac6abb6c7186fa","fg0821","1","fg0821","fg0577","fg0580","fg0583","fg0130","fg0367","fg0380","fg0737","fg0103","fg0620","fg0182","fg0758","fg0157","fg0778","fg0827","fg0041","fg0315","fg0686","fg0378","fg0855"
"fq003264","vx_78ac6abb6c7186fa","fg0821","16","fg0583","fg0886","fg0320","fg0182","fg0527","fg0719","fg0737","fg0382","fg0066","fg0595","fg0577","fg0139","fg0706","fg0779","fg0227","fg0821","fg0983","fg0867","fg0758","fg0380"
"fq003265","vx_86763de1bbf854d6","fg0822","1","fg0822","fg0301","fg0975","fg0797","fg0031","fg0265","fg0580","fg0306","fg0550","fg0004","fg0558","fg0531","fg0549","fg0987","fg0049","fg0214","fg0587","fg0994","fg0412","fg0437"
"fq003266","vx_0abe2279e1528eca","fg0823","1","fg0823","fg0880","fg0751","fg0755","fg0711","fg0964","fg0056","fg0199","fg0108","fg0921","fg0961","fg0021","fg0796","fg0616","fg0360","fg0227","fg0167","fg0014","fg0025","fg0665"
"fq003267","vx_0abe2279e1528eca","fg0823","1","fg0823","fg0880","fg0751","fg0108","fg0755","fg0199","fg0056","fg0921","fg0711","fg0909","fg0796","fg0961","fg0360","fg0021","fg0616","fg0768","fg0994","fg0665","fg0529","fg0014"
"fq003268","vx_0abe2279e1528eca","fg0823","1","fg0823","fg0880","fg0751","fg0755","fg0711","fg0056","fg0921","fg0995","fg0199","fg0021","fg0014","fg0108","fg0055","fg0289","fg0961","fg0665","fg0750","fg0461","fg0650","fg0796"
"fq003269","vx_0abe2279e1528eca","fg0823","1","fg0823","fg0880","fg0199","fg0751","fg0755","fg0994","fg0108","fg0447","fg0909","fg0921","fg0616","fg0056","fg0796","fg0360","fg0711","fg0159","fg0683","fg0759","fg1000","fg0167"
"fq003270","vx_0abe2279e1528eca","fg0823","1","fg0823","fg0880","fg0751","fg0755","fg0711","fg0199","fg0056","fg0529","fg0921","fg0796","fg0961","fg0360","fg0909","fg0014","fg0021","fg0995","fg0964","fg0687","fg0523","fg0289"
"fq003271","vx_0abe2279e1528eca","fg0823","1","fg0823","fg0880","fg0751","fg0755","fg0199","fg0056","fg0921","fg0711","fg0796","fg0961","fg0665","fg0909","fg0360","fg0759","fg0994","fg0995","fg0021","fg0289","fg0025","fg0616"
"fq003272","vx_0abe2279e1528eca","fg0823","1","fg0823","fg0880","fg0755","fg0751","fg0796","fg0199","fg0056","fg0108","fg0760","fg0362","fg0909","fg0055","fg0616","fg0759","fg0572","fg0964","fg0711","fg0994","fg0921","fg0435"
"fq003273","vx_0abe2279e1528eca","fg0823","1","fg0823","fg0880","fg0751","fg0755","fg0711","fg0921","fg0199","fg0056","fg0021","fg0513","fg0961","fg0108","fg0055","fg0760","fg0360","fg0014","fg0665","fg0683","fg0995","fg0362"
"fq003274","vx_0abe2279e1528eca","fg0823","1","fg0823","fg0880","fg0751","fg0755","fg0199","fg0921","fg0711","fg0056","fg0909","fg0796","fg0360","fg0447","fg1000","fg0014","fg0665","fg0039","fg0616","fg0994","fg0362","fg0759"
"fq003275","vx_0abe2279e1528eca","fg0823","1","fg0823","fg0880","fg0751","fg0199","fg0755","fg0108","fg0796","fg0056","fg0909","fg0921","fg0711","fg0759","fg0994","fg0616","fg0665","fg0360","fg0547","fg0014","fg0750","fg0025"
"fq003276","vx_0abe2279e1528eca","fg0823","1","fg0823","fg0880","fg0751","fg0755","fg0199","fg0921","fg0711","fg0056","fg0447","fg0360","fg0523","fg0796","fg1000","fg0665","fg0362","fg0099","fg0039","fg0964","fg0909","fg0995"
"fq003277","vx_0abe2279e1528eca","fg0823","1","fg0823","fg0880","fg0751","fg0755","fg0108","fg0056","fg0921","fg0199","fg0711","fg0796","fg0021","fg0961","fg0665","fg0909","fg0360","fg0750","fg0995","fg0014","fg0616","fg0768"
"fq003278","vx_0abe2279e1528eca","fg0823","1","fg0823","fg0880","fg0751","fg0755","fg0711","fg0056","fg0199","fg0921","fg0167","fg0964","fg0760","fg0039","fg0513","fg0961","fg0360","fg0796","fg0289","fg0055","fg0021","fg0665"
"fq003279","vx_0abe2279e1528eca","fg0823","1","fg0823","fg0880","fg0751","fg0755","fg0199","fg0921","fg0796","fg0397","fg0056","fg0909","fg0711","fg0964","fg0362","fg1000","fg0360","fg0447","fg0039","fg0523","fg0994","fg0550"
"fq003280","vx_0abe2279e1528eca","fg0823","1","fg0823","fg0880","fg0755","fg0751","fg0056","fg0199","fg0711","fg0961","fg0964","fg0167","fg0796","fg0499","fg0360","fg0760","fg0039","fg0289","fg0921","fg0665","fg0995","fg0909"
"fq003281","vx_0abe2279e1528eca","fg0823","1","fg0823","fg0880","fg0108","fg0768","fg0751","fg0755","fg0199","fg0616","fg0056","fg0994","fg0711","fg0796","fg0921","fg0810","fg0650","fg0909","fg0021","fg0703","fg0403","fg0036"
"fq003282","vx_0abe2279e1528eca","fg0823","1","fg0823","fg0880","fg0108","fg0751","fg0768","fg0755","fg0199","fg0796","fg0909","fg0711","fg0994","fg0056","fg0921","fg0750","fg0616","fg0014","fg0810","fg0759","fg0650","fg0021"
"fq003283","vx_0abe2279e1528eca","fg0823","1","fg0823","fg0880","fg0751","fg0755","fg0108","fg0199","fg0056","fg0796","fg0711","fg0921","fg0909","fg0547","fg0961","fg0994","fg0014","fg0665","fg0759","fg0360","fg0750","fg0616"
"fq003284","vx_d922d81fc0dc518e","fg0824","1","fg0824","fg0887","fg0502","fg0898","fg0891","fg0242","fg0729","fg0672","fg0870","fg0579","fg0795","fg0013","fg0206","fg0773","fg0957","fg0986","fg0760","fg0835","fg0003","fg0101"
"fq003285","vx_d922d81fc0dc518e","fg0824","1","fg0824","fg0502","fg0898","fg0887","fg0891","fg0242","fg0672","fg0729","fg0579","fg0870","fg0206","fg0013","fg0835","fg0760","fg0457","fg0795","fg0986","fg0003","fg0167","fg0957"
"fq003286","vx_d922d81fc0dc518e","fg0824","34","fg0328","fg0111","fg0285","fg0049","fg0841","fg0184","fg0490","fg0205","fg0310","fg0101","fg0480","fg0822","fg0659","fg0207","fg0145","fg0159","fg0297","fg0544","fg0912","fg0201"
"fq003287","vx_33ada0b0477c7d85","fg0825","1","fg0825","fg0056","fg0759","fg0549","fg0106","fg0152","fg0112","fg0278","fg0394","fg0844","fg0217","fg0330","fg0723","fg0717","fg0721","fg0767","fg0414","fg0146","fg0372","fg0780"
"fq003288","vx_33ada0b0477c7d85","fg0825","1","fg0825","fg0106","fg0759","fg0064","fg0056","fg0700","fg0549","fg0899","fg0146","fg0192","fg0721","fg0204","fg0217","fg0278","fg0544","fg0112","fg0319","fg0723","fg0889","fg0847"
"fq003289","vx_6ac4556955fc3a00","fg0826","1","fg0826","fg0095","fg0560","fg0793","fg0327","fg0364","fg0842","fg0647","fg0148","fg0588","fg0779","fg0612","fg0770","fg0133","fg0668","fg0343","fg0445","fg0522","fg0948","fg0093"
"fq003290","vx_6ac4556955fc3a00","fg0826","1","fg0826","fg0095","fg0560","fg0793","fg0327","fg0842","fg0364","fg0148","fg0647","fg0668","fg0612","fg0133","fg0056","fg0948","fg0378","fg0104","fg0770","fg0653","fg0779","fg0277"
"fq003291","vx_6ac4556955fc3a00","fg0826","1","fg0826","fg0095","fg0560","fg0793","fg0327","fg0364","fg0842","fg0148","fg0647","fg0612","fg0104","fg0668","fg0133","fg0948","fg0378","fg0056","fg0770","fg0779","fg0538","fg0653"
"fq003292","vx_6ac4556955fc3a00","fg0826","1","fg0826","fg0095","fg0560","fg0793","fg0327","fg0842","fg0364","fg0148","fg0647","fg0668","fg0612","fg0133","fg0948","fg0378","fg0056","fg0104","fg0779","fg0770","fg0653","fg0016"
"fq003293","vx_6ac4556955fc3a00","fg0826","1","fg0826","fg0560","fg0095","fg0793","fg0327","fg0842","fg0364","fg0148","fg0647","fg0668","fg0612","fg0056","fg0133","fg0770","fg0779","fg0653","fg0104","fg0948","fg0016","fg0277"
"fq003294","vx_9f6573e59968b400","fg0827","1","fg0827","fg0379","fg0417","fg0154","fg0482","fg0079","fg0282","fg0336","fg0041","fg0821","fg0013","fg0378","fg0879","fg0969","fg0178","fg0929","fg0492","fg0309","fg0095","fg0431"
"fq003295","vx_9f6573e59968b400","fg0827","1","fg0827","fg0379","fg0417","fg0154","fg0772","fg0378","fg0482","fg0079","fg0821","fg0929","fg0653","fg0879","fg0431","fg0282","fg0309","fg0699","fg0865","fg0969","fg0018","fg0041"
"fq003296","vx_9f6573e59968b400","fg0827","1","fg0827","fg0379","fg0417","fg0154","fg0482","fg0079","fg0041","fg0282","fg0013","fg0821","fg0336","fg0378","fg0865","fg0879","fg0213","fg0116","fg0431","fg0969","fg0705","fg0492"
"fq003297","vx_9f6573e59968b400","fg0827","1","fg0827","fg0379","fg0154","fg0417","fg0772","fg0378","fg0821","fg0079","fg0041","fg0431","fg0309","fg0482","fg0879","fg0061","fg0929","fg0653","fg0071","fg0282","fg0969","fg0948"
"fq003298","vx_7cd6fab6de4e628d","fg0828","6","fg0119","fg0017","fg0315","fg0373","fg0802","fg0828","fg0577","fg0820","fg0976","fg0547","fg0068","fg0316","fg0971","fg0674","fg0050","fg0087","fg0062","fg0750","fg0127","fg0310"
"fq003299","vx_5373106118d2d494","fg0829","1","fg0829","fg0467","fg0217","fg0454","fg0622","fg0223","fg0576","fg0894","fg0016","fg0078","fg0268","fg0864","fg0702","fg0418","fg0525","fg0718","fg0575","fg0698","fg0976","fg0316"
"fq003300","vx_8ab7f75156a9f7ca","fg0830","1","fg0830","fg0786","fg0901","fg0339","fg0480","fg0932","fg0158","fg0385","fg0105","fg0254","fg0965","fg0553","fg0949","fg0539","fg0692","fg0849","fg0467","fg0868","fg0220","fg0753"
"fq003301","vx_8ab7f75156a9f7ca","fg0830","1","fg0830","fg0786","fg0901","fg0339","fg0480","fg0932","fg0158","fg0949","fg0254","fg0385","fg0547","fg0553","fg0692","fg0753","fg0817","fg0658","fg0905","fg0220","fg0849","fg0310"
"fq003302","vx_cc6aad705ff2b7b2","fg0831","1","fg0831","fg0191","fg0117","fg0334","fg0767","fg0783","fg0421","fg0841","fg0319","fg0436","fg0124","fg0866","fg0218","fg0531","fg0907","fg0544","fg0235","fg0196","fg0211","fg0184"
"fq003303","vx_cc6aad705ff2b7b2","fg0831","1","fg0831","fg0191","fg0117","fg0783","fg0767","fg0421","fg0319","fg0334","fg0218","fg0544","fg0196","fg0841","fg0271","fg0747","fg0531","fg0235","fg0247","fg0211","fg0513","fg0907"
"fq003304","vx_cc6aad705ff2b7b2","fg0831","1","fg0831","fg0191","fg0117","fg0767","fg0319","fg0783","fg0421","fg0218","fg0334","fg0841","fg0907","fg0531","fg0544","fg0235","fg0184","fg0271","fg0064","fg0124","fg0211","fg0196"
"fq003305","vx_cc6aad705ff2b7b2","fg0831","1","fg0831","fg0191","fg0334","fg0247","fg0747","fg0117","fg0513","fg0767","fg0843","fg0282","fg0907","fg0421","fg0211","fg0841","fg0390","fg0783","fg0319","fg0124","fg0436","fg0377"
"fq003306","vx_cc6aad705ff2b7b2","fg0831","1","fg0831","fg0191","fg0117","fg0334","fg0767","fg0841","fg0421","fg0218","fg0783","fg0235","fg0319","fg0907","fg0531","fg0124","fg0544","fg0436","fg0435","fg0513","fg0747","fg0866"
"fq003307","vx_cc6aad705ff2b7b2","fg0831","1","fg0831","fg0191","fg0247","fg0334","fg0747","fg0117","fg0843","fg0282","fg0513","fg0390","fg0841","fg0235","fg0767","fg0783","fg0531","fg0319","fg0421","fg0624","fg0367","fg0544"
"fq003308","vx_cc6aad705ff2b7b2","fg0831","1","fg0831","fg0191","fg0334","fg0117","fg0841","fg0531","fg0747","fg0907","fg0767","fg0124","fg0247","fg0783","fg0513","fg0235","fg0436","fg0319","fg0866","fg0421","fg0367","fg0199"
"fq003309","vx_cc6aad705ff2b7b2","fg0831","1","fg0831","fg0191","fg0767","fg0319","fg0783","fg0421","fg0218","fg0117","fg0271","fg0196","fg0064","fg0124","fg0841","fg0334","fg0436","fg0530","fg0866","fg0408","fg0184","fg0155"
"fq003310","vx_cc6aad705ff2b7b2","fg0831","1","fg0831","fg0191","fg0328","fg0319","fg0984","fg0117","fg0728","fg0218","fg0767","fg0421","fg0211","fg0334","fg0783","fg0841","fg0747","fg0760","fg0271","fg0413","fg0569","fg0544"
"fq003311","vx_cc6aad705ff2b7b2","fg0831","1","fg0831","fg0191","fg0117","fg0334","fg0841","fg0783","fg0767","fg0531","fg0319","fg0421","fg0530","fg0218","fg0235","fg0544","fg0907","fg0408","fg0107","fg0090","fg0124","fg0588"
"fq003312","vx_483699392835807f","fg0832","1","fg0832","fg0057","fg0473","fg0128","fg0911","fg0903","fg0669","fg0290","fg0563","fg0716","fg0259","fg0890","fg0581","fg0940","fg0974","fg0703","fg0422","fg0048","fg0356","fg0854"
"fq003313","vx_483699392835807f","fg0832","1","fg0832","fg0057","fg0128","fg0290","fg0473","fg0903","fg0911","fg0669","fg0563","fg0940","fg0259","fg0037","fg0890","fg0918","fg0581","fg0854","fg0418","fg0040","fg0716","fg0010"
"fq003314","vx_b241b093d82eb0cf","fg0833","1","fg0833","fg0749","fg0005","fg0930","fg0459","fg0253","fg0222","fg0629","fg0803","fg0677","fg0874","fg0664","fg0353","fg0361","fg0437","fg0128","fg0748","fg0528","fg0265","fg0011"
"fq003315","vx_3828d01afa758bac","fg0834","1","fg0834","fg0009","fg0174","fg0499","fg0242","fg0776","fg0674","fg0995","fg0491","fg0961","fg0116","fg0412","fg0422","fg0850","fg0870","fg0529","fg0577","fg0718","fg0947","fg0906"
"fq003316","vx_183bb4bce0dd1240","fg0835","1","fg0835","fg0970","fg0374","fg0968","fg0466","fg0579","fg0973","fg0411","fg0502","fg0887","fg0334","fg0398","fg0898","fg0030","fg0435","fg0258","fg0153","fg0660","fg0206","fg0824"
"fq003317","vx_183bb4bce0dd1240","fg0835","1","fg0835","fg0970","fg0374","fg0968","fg0466","fg0973","fg0579","fg0887","fg0502","fg0411","fg0398","fg0030","fg0898","fg0334","fg0153","fg0258","fg0206","fg0668","fg0203","fg0922"
"fq003318","vx_183bb4bce0dd1240","fg0835","953","fg0256","fg0781","fg0262","fg0246","fg0619","fg0789","fg0545","fg0807","fg0967","fg0987","fg0855","fg0554","fg0049","fg0331","fg0684","fg0149","fg0190","fg0069","fg0391","fg0220"
"fq003319","vx_b90d545f92338244","fg0836","1","fg0836","fg0798","fg0135","fg0317","fg0165","fg0844","fg0540","fg0975","fg0549","fg0372","fg0281","fg0211","fg0370","fg0217","fg0934","fg0454","fg0508","fg0132","fg0678","fg0750"
"fq003320","vx_88417ebac05a2b38","fg0837","1","fg0837","fg0375","fg0149","fg0058","fg0014","fg0582","fg0386","fg0443","fg0134","fg0040","fg0745","fg0094","fg0290","fg0474","fg0035","fg0542","fg0511","fg0920","fg0917","fg0716"
"fq003321","vx_3e8907ea778928ac","fg0838","1","fg0838","fg0852","fg0978","fg0685","fg0796","fg0082","fg0531","fg0909","fg0369","fg0804","fg0692","fg0365","fg0385","fg0015","fg0901","fg0339","fg0905","fg0334","fg0932","fg0755"
"fq003322","vx_3e8907ea778928ac","fg0838","1","fg0838","fg0852","fg0978","fg0685","fg0796","fg0082","fg0804","fg0909","fg0369","fg0531","fg0692","fg0365","fg0385","fg0015","fg0339","fg0901","fg0905","fg0639","fg0225","fg0177"
"fq003323","vx_3e8907ea778928ac","fg0838","1","fg0838","fg0852","fg0978","fg0685","fg0082","fg0796","fg0909","fg0804","fg0369","fg0692","fg0531","fg0015","fg0365","fg0385","fg0901","fg0905","fg0339","fg0932","fg0225","fg0334"
"fq003324","vx_3e8907ea778928ac","fg0838","1","fg0838","fg0852","fg0978","fg0685","fg0796","fg0082","fg0909","fg0804","fg0369","fg0531","fg0365","fg0385","fg0905","fg0015","fg0692","fg0339","fg0755","fg0639","fg0901","fg0896"
"fq003325","vx_3e8907ea778928ac","fg0838","1","fg0838","fg0852","fg0978","fg0685","fg0082","fg0796","fg0804","fg0015","fg0909","fg0369","fg0692","fg0365","fg0905","fg0901","fg0339","fg0932","fg0755","fg0639","fg0385","fg0907"
"fq003326","vx_3e8907ea778928ac","fg0838","1","fg0838","fg0852","fg0978","fg0685","fg0082","fg0796","fg0909","fg0804","fg0369","fg0531","fg0692","fg0365","fg0015","fg0385","fg0905","fg0901","fg0339","fg0932","fg0264","fg0639"
"fq003327","vx_3e8907ea778928ac","fg0838","1","fg0838","fg0852","fg0978","fg0685","fg0796","fg0909","fg0082","fg0531","fg0369","fg0804","fg0015","fg0692","fg0905","fg0365","fg0901","fg0755","fg0339","fg0385","fg0334","fg0932"
"fq003328","vx_3e8907ea778928ac","fg0838","1","fg0838","fg0852","fg0685","fg0978","fg0796","fg0909","fg0901","fg0385","fg0082","fg0339","fg0369","fg0692","fg0531","fg0932","fg0804","fg0830","fg0365","fg0905","fg0786","fg0015"
"fq003329","vx_3e8907ea778928ac","fg0838","1","fg0838","fg0852","fg0978","fg0685","fg0082","fg0796","fg0804","fg0909","fg0015","fg0369","fg0365","fg0905","fg0692","fg0531","fg0385","fg0901","fg0755","fg0639","fg0932","fg0339"
"fq003330","vx_0f016d0a95d6800d","fg0839","1","fg0839","fg0601","fg0080","fg0462","fg0049","fg0534","fg0685","fg0388","fg0221","fg0503","fg0478","fg0112","fg0286","fg0793","fg0166","fg0073","fg0205","fg0705","fg0572","fg0846"
"fq003331","vx_0f016d0a95d6800d","fg0839","5","fg0534","fg0159","fg0695","fg0326","fg0839","fg0559","fg0588","fg0769","fg0371","fg0412","fg0230","fg0197","fg0967","fg0705","fg0720","fg0106","fg0115","fg0439","fg0692","fg0758"
"fq003332","vx_0b0eb3b367d30a7e","fg0840","1","fg0840","fg0815","fg0478","fg0713","fg0338","fg0291","fg0069","fg0185","fg0754","fg0399","fg0907","fg0078","fg0016","fg0864","fg0195","fg0956","fg0211","fg0487","fg0916","fg0363"
"fq003333","vx_9c7cc959b432fe3c","fg0841","1","fg0841","fg0959","fg0557","fg0621","fg0376","fg0769","fg0155","fg0191","fg0831","fg0868","fg0232","fg0328","fg0909","fg0758","fg0919","fg0117","fg0271","fg0740","fg0106","fg0203"
"fq003334","vx_9c7cc959b432fe3c","fg0841","1","fg0841","fg0557","fg0909","fg0815","fg0113","fg0328","fg0959","fg0796","fg0191","fg0025","fg0809","fg0376","fg0831","fg0168","fg0334","fg0117","fg0314","fg0621","fg0975","fg0919"
"fq003335","vx_29e5cde94e4ab815","fg0842","1","fg0842","fg0826","fg0560","fg0683","fg0095","fg0020","fg0750","fg0647","fg0034","fg0793","fg0570","fg0394","fg0325","fg0443","fg0293","fg0538","fg0084","fg0329","fg0975","fg0254"
"fq003336","vx_29e5cde94e4ab815","fg0842","1","fg0842","fg0826","fg0560","fg0095","fg0020","fg0683","fg0647","fg0793","fg0293","fg0538","fg0084","fg0559","fg0975","fg0328","fg0034","fg0394","fg0750","fg0917","fg0325","fg0315"
"fq003337","vx_29e5cde94e4ab815","fg0842","1","fg0842","fg0826","fg0560","fg0095","fg0683","fg0793","fg0647","fg0020","fg0034","fg0750","fg0293","fg0570","fg0325","fg0394","fg0329","fg0084","fg0538","fg0004","fg0443","fg0190"
"fq003338","vx_29e5cde94e4ab815","fg0842","1","fg0842","fg0826","fg0560","fg0095","fg0020","fg0683","fg0750","fg0647","fg0793","fg0084","fg0293","fg0329","fg0538","fg0394","fg0034","fg0443","fg0559","fg0004","fg0325","fg0570"
"fq003339","vx_29e5cde94e4ab815","fg0842","1","fg0842","fg0826","fg0560","fg0095","fg0793","fg0647","fg0538","fg0020","fg0683","fg0084","fg0293","fg0455","fg0750","fg0559","fg0443","fg0077","fg0975","fg0880","fg0394","fg0004"
"fq003340","vx_b53c13d2fa541aad","fg0843","1","fg0843","fg0747","fg0282","fg0247","fg0513","fg0390","fg0624","fg0868","fg0206","fg0183","fg0965","fg0976","fg0638","fg0105","fg0769","fg0681","fg0743","fg0722","fg0644","fg0955"
"fq003341","vx_b53c13d2fa541aad","fg0843","1","fg0843","fg0747","fg0247","fg0282","fg0513","fg0390","fg0624","fg0183","fg0278","fg0961","fg0206","fg0644","fg0046","fg0831","fg0127","fg0681","fg0723","fg0191","fg0722","fg0449"
"fq003342","vx_b53c13d2fa541aad","fg0843","1","fg0843","fg0747","fg0247","fg0282","fg0513","fg0390","fg0624","fg0206","fg0183","fg0644","fg0681","fg0961","fg0211","fg0265","fg0046","fg0289","fg0976","fg0855","fg0449","fg0318"
"fq003343","vx_b53c13d2fa541aad","fg0843","1","fg0843","fg0747","fg0247","fg0282","fg0513","fg0390","fg0624","fg0206","fg0961","fg0183","fg0681","fg0127","fg0644","fg0046","fg0778","fg0211","fg0278","fg0102","fg0265","fg0743"
"fq003344","vx_b53c13d2fa541aad","fg0843","1","fg0843","fg0747","fg0247","fg0282","fg0513","fg0390","fg0624","fg0206","fg0183","fg0961","fg0644","fg0681","fg0976","fg0046","fg0127","fg0265","fg0211","fg0449","fg0289","fg0278"
"fq003345","vx_b53c13d2fa541aad","fg0843","1","fg0843","fg0747","fg0247","fg0282","fg0513","fg0390","fg0624","fg0206","fg0183","fg0961","fg0046","fg0644","fg0681","fg0211","fg0278","fg0449","fg0976","fg0855","fg0289","fg0041"
"fq003346","vx_b53c13d2fa541aad","fg0843","1","fg0843","fg0747","fg0247","fg0282","fg0513","fg0390","fg0624","fg0206","fg0183","fg0046","fg0681","fg0976","fg0265","fg0644","fg0722","fg0961","fg0127","fg0449","fg0996","fg0293"
"fq003347","vx_b53c13d2fa541aad","fg0843","1","fg0843","fg0747","fg0247","fg0282","fg0513","fg0390","fg0624","fg0206","fg0183","fg0046","fg0961","fg0644","fg0976","fg0449","fg0681","fg0127","fg0743","fg0041","fg0265","fg0278"
"fq003348","vx_b53c13d2fa541aad","fg0843","1","fg0843","fg0747","fg0247","fg0282","fg0513","fg0390","fg0624","fg0206","fg0183","fg0961","fg0644","fg0681","fg0046","fg0449","fg0265","fg0976","fg0743","fg0127","fg0289","fg0278"
"fq003349","vx_b53c13d2fa541aad","fg0843","1","fg0843","fg0747","fg0247","fg0282","fg0513","fg0390","fg0624","fg0206","fg0183","fg0681","fg0644","fg0961","fg0976","fg0046","fg0855","fg0265","fg0449","fg0211","fg0041","fg0289"
"fq003350","vx_b53c13d2fa541aad","fg0843","1","fg0843","fg0747","fg0247","fg0282","fg0513","fg0390","fg0624","fg0206","fg0961","fg0183","fg0046","fg0644","fg0681","fg0976","fg0127","fg0278","fg0449","fg0211","fg0191","fg0289"
"fq003351","vx_b53c13d2fa541aad","fg0843","1","fg0843","fg0747","fg0247","fg0282","fg0513","fg0390","fg0624","fg0206","fg0183","fg0961","fg0681","fg0644","fg0046","fg0976","fg0127","fg0449","fg0265","fg0855","fg0041","fg0278"
"fq003352","vx_b53c13d2fa541aad","fg0843","1","fg0843","fg0747","fg0247","fg0282","fg0513","fg0390","fg0624","fg0206","fg0183","fg0961","fg0681","fg0644","fg0127","fg0046","fg0976","fg0211","fg0265","fg0449","fg0278","fg0289"
"fq003353","vx_b53c13d2fa541aad","fg0843","1","fg0843","fg0747","fg0247","fg0282","fg0513","fg0390","fg0624","fg0206","fg0183","fg0644","fg0681","fg0976","fg0046","fg0127","fg0961","fg0278","fg0996","fg0855","fg0449","fg0265"
"fq003354","vx_b53c13d2fa541aad","fg0843","1","fg0843","fg0747","fg0247","fg0282","fg0513","fg0390","fg0624","fg0206","fg0183","fg0961","fg0681","fg0644","fg0046","fg0976","fg0449","fg0278","fg0127","fg0743","fg0855","fg0041"
"fq003355","vx_b53c13d2fa541aad","fg0843","1","fg0843","fg0747","fg0247","fg0282","fg0513","fg0390","fg0624","fg0206","fg0961","fg0183","fg0644","fg0681","fg0046","fg0976","fg0127","fg0265","fg0855","fg0289","fg0449","fg0278"
"fq003356","vx_b53c13d2fa541aad","fg0843","1","fg0843","fg0747","fg0247","fg0282","fg0513","fg0390","fg0624","fg0206","fg0183","fg0961","fg0127","fg0046","fg0976","fg0681","fg0644","fg0449","fg0278","fg0211","fg0041","fg0743"
"fq003357","vx_b53c13d2fa541aad","fg0843","1","fg0843","fg0747","fg0247","fg0282","fg0513","fg0390","fg0624","fg0206","fg0183","fg0961","fg0046","fg0644","fg0681","fg0976","fg0127","fg0278","fg0449","fg0289","fg0041","fg0265"
"fq003358","vx_b53c13d2fa541aad","fg0843","1","fg0843","fg0747","fg0247","fg0282","fg0513","fg0390","fg0624","fg0206","fg0183","fg0961","fg0644","fg0681","fg0046","fg0976","fg0449","fg0265","fg0855","fg0127","fg0743","fg0289"
"fq003359","vx_b53c13d2fa541aad","fg0843","1","fg0843","fg0747","fg0247","fg0282","fg0513","fg0390","fg0624","fg0206","fg0183","fg0644","fg0961","fg0046","fg0681","fg0278","fg0102","fg0449","fg0831","fg0041","fg0976","fg0265"
"fq003360","vx_b53c13d2fa541aad","fg0843","1","fg0843","fg0747","fg0247","fg0282","fg0513","fg0191","fg0390","fg0328","fg0831","fg0413","fg0731","fg0211","fg0984","fg0624","fg0540","fg0760","fg0772","fg0547","fg0569","fg0961"
"fq003361","vx_b53c13d2fa541aad","fg0843","1","fg0843","fg0747","fg0247","fg0282","fg0513","fg0390","fg0624","fg0206","fg0183","fg0961","fg0681","fg0644","fg0046","fg0976","fg0855","fg0449","fg0265","fg0041","fg0289","fg0743"
"fq003362","vx_b53c13d2fa541aad","fg0843","1","fg0843","fg0747","fg0247","fg0282","fg0513","fg0390","fg0624","fg0206","fg0183","fg0855","fg0644","fg0681","fg0976","fg0961","fg0265","fg0449","fg0289","fg0041","fg0046","fg0211"
"fq003363","vx_b53c13d2fa541aad","fg0843","1","fg0843","fg0747","fg0247","fg0282","fg0513","fg0390","fg0624","fg0206","fg0183","fg0681","fg0961","fg0046","fg0644","fg0976","fg0211","fg0278","fg0855","fg0265","fg0041","fg0289"
"fq003364","vx_b53c13d2fa541aad","fg0843","1","fg0843","fg0747","fg0247","fg0282","fg0513","fg0390","fg0624","fg0206","fg0183","fg0127","fg0644","fg0961","fg0681","fg0976","fg0046","fg0265","fg0211","fg0289","fg0449","fg0855"
"fq003365","vx_b53c13d2fa541aad","fg0843","1","fg0843","fg0747","fg0282","fg0247","fg0513","fg0390","fg0206","fg0624","fg0211","fg0976","fg0681","fg0183","fg0961","fg0644","fg0289","fg0855","fg0046","fg0041","fg0265","fg0311"
"fq003366","vx_b53c13d2fa541aad","fg0843","1","fg0843","fg0747","fg0247","fg0282","fg0513","fg0390","fg0624","fg0206","fg0183","fg0046","fg0961","fg0644","fg0449","fg0681","fg0976","fg0041","fg0278","fg0127","fg0265","fg0743"
"fq003367","vx_b53c13d2fa541aad","fg0843","1","fg0843","fg0747","fg0247","fg0282","fg0513","fg0390","fg0624","fg0183","fg0206","fg0961","fg0046","fg0644","fg0449","fg0976","fg0681","fg0041","fg0127","fg0265","fg0855","fg0743"
"fq003368","vx_b53c13d2fa541aad","fg0843","1","fg0843","fg0747","fg0247","fg0282","fg0513","fg0390","fg0624","fg0206","fg0638","fg0183","fg0868","fg0722","fg0046","fg0955","fg0191","fg0644","fg0293","fg0681","fg0983","fg0976"
"fq003369","vx_b53c13d2fa541aad","fg0843","1","fg0843","fg0747","fg0247","fg0282","fg0513","fg0390","fg0624","fg0206","fg0961","fg0183","fg0644","fg0681","fg0046","fg0211","fg0449","fg0976","fg0278","fg0265","fg0855","fg0127"
"fq003370","vx_b53c13d2fa541aad","fg0843","1","fg0843","fg0747","fg0282","fg0247","fg0513","fg0588","fg0206","fg0490","fg0159","fg0211","fg0539","fg0855","fg0659","fg0464","fg0183","fg0025","fg0559","fg0976","fg0390","fg0071"
"fq003371","vx_b53c13d2fa541aad","fg0843","1","fg0843","fg0747","fg0247","fg0282","fg0513","fg0390","fg0624","fg0206","fg0961","fg0183","fg0681","fg0644","fg0046","fg0278","fg0976","fg0449","fg0127","fg0855","fg0265","fg0166"
"fq003372","vx_b53c13d2fa541aad","fg0843","1","fg0843","fg0747","fg0247","fg0282","fg0513","fg0390","fg0624","fg0206","fg0183","fg0644","fg0961","fg0046","fg0681","fg0449","fg0976","fg0127","fg0041","fg0289","fg0278","fg0265"
"fq003373","vx_b53c13d2fa541aad","fg0843","1","fg0843","fg0747","fg0247","fg0282","fg0513","fg0390","fg0624","fg0206","fg0183","fg0961","fg0681","fg0046","fg0644","fg0127","fg0278","fg0976","fg0102","fg0449","fg0778","fg0041"
"fq003374","vx_b53c13d2fa541aad","fg0843","1","fg0843","fg0747","fg0247","fg0282","fg0513","fg0390","fg0624","fg0206","fg0183","fg0961","fg0644","fg0046","fg0681","fg0127","fg0976","fg0211","fg0449","fg0278","fg0265","fg0289"
"fq003375","vx_b53c13d2fa541aad","fg0843","1","fg0843","fg0747","fg0247","fg0282","fg0513","fg0965","fg0390","fg0868","fg0206","fg0624","fg0105","fg0183","fg0961","fg0539","fg0644","fg0191","fg0481","fg0265","fg0976","fg0211"
"fq003376","vx_b53c13d2fa541aad","fg0843","1","fg0843","fg0747","fg0247","fg0282","fg0513","fg0390","fg0624","fg0206","fg0183","fg0961","fg0644","fg0681","fg0976","fg0127","fg0046","fg0449","fg0211","fg0855","fg0289","fg0265"
"fq003377","vx_b53c13d2fa541aad","fg0843","1","fg0843","fg0747","fg0247","fg0282","fg0513","fg0390","fg0624","fg0206","fg0183","fg0127","fg0449","fg0046","fg0961","fg0976","fg0681","fg0644","fg0265","fg0831","fg0211","fg0743"
"fq003378","vx_b53c13d2fa541aad","fg0843","1","fg0843","fg0747","fg0247","fg0282","fg0513","fg0390","fg0624","fg0206","fg0183","fg0961","fg0976","fg0681","fg0127","fg0046","fg0644","fg0211","fg0278","fg0449","fg0289","fg0265"
"fq003379","vx_b53c13d2fa541aad","fg0843","1","fg0843","fg0747","fg0282","fg0247","fg0513","fg0965","fg0539","fg0868","fg0105","fg0559","fg0206","fg0390","fg0183","fg0481","fg0769","fg0070","fg0435","fg0211","fg0510","fg0248"
"fq003380","vx_b53c13d2fa541aad","fg0843","1","fg0843","fg0747","fg0247","fg0282","fg0513","fg0390","fg0206","fg0624","fg0183","fg0644","fg0976","fg0961","fg0681","fg0855","fg0211","fg0265","fg0041","fg0996","fg0106","fg0127"
"fq003381","vx_b53c13d2fa541aad","fg0843","1","fg0843","fg0747","fg0247","fg0282","fg0513","fg0390","fg0624","fg0206","fg0183","fg0961","fg0046","fg0681","fg0644","fg0976","fg0449","fg0278","fg0265","fg0127","fg0743","fg0289"
"fq003382","vx_b53c13d2fa541aad","fg0843","1","fg0843","fg0747","fg0247","fg0282","fg0513","fg0390","fg0206","fg0624","fg0490","fg0183","fg0961","fg0681","fg0211","fg0778","fg0041","fg0278","fg0976","fg0743","fg0588","fg0046"
"fq003383","vx_b53c13d2fa541aad","fg0843","1","fg0843","fg0747","fg0247","fg0282","fg0513","fg0390","fg0624","fg0206","fg0183","fg0127","fg0976","fg0211","fg0644","fg0961","fg0046","fg0681","fg0265","fg0289","fg0449","fg0041"
"fq003384","vx_b53c13d2fa541aad","fg0843","1","fg0843","fg0747","fg0247","fg0282","fg0513","fg0390","fg0624","fg0183","fg0206","fg0191","fg0046","fg0961","fg0644","fg0681","fg0831","fg0449","fg0211","fg0127","fg0278","fg0976"
"fq003385","vx_b53c13d2fa541aad","fg0843","1","fg0843","fg0747","fg0247","fg0282","fg0513","fg0390","fg0624","fg0206","fg0183","fg0961","fg0046","fg0681","fg0644","fg0127","fg0449","fg0976","fg0278","fg0743","fg0377","fg0289"
"fq003386","vx_b53c13d2fa541aad","fg0843","1","fg0843","fg0747","fg0282","fg0247","fg0513","fg0206","fg0390","fg0183","fg0961","fg0624","fg0831","fg0191","fg0644","fg0855","fg0278","fg0449","fg0211","fg0289","fg0544","fg0377"
"fq003387","vx_b53c13d2fa541aad","fg0843","1","fg0843","fg0747","fg0247","fg0282","fg0513","fg0390","fg0624","fg0206","fg0183","fg0961","fg0046","fg0681","fg0644","fg0976","fg0127","fg0449","fg0278","fg0265","fg0289","fg0041"
"fq003388","vx_b53c13d2fa541aad","fg0843","1","fg0843","fg0747","fg0247","fg0282","fg0513","fg0390","fg0624","fg0206","fg0183","fg0961","fg0127","fg0644","fg0976","fg0681","fg0046","fg0449","fg0278","fg0996","fg0041","fg0265"
"fq003389","vx_b53c13d2fa541aad","fg0843","1","fg0843","fg0747","fg0247","fg0282","fg0513","fg0390","fg0624","fg0206","fg0183","fg0976","fg0681","fg0449","fg0644","fg0127","fg0722","fg0743","fg0278","fg0265","fg0377","fg0996"
"fq003390","vx_b53c13d2fa541aad","fg0843","1","fg0843","fg0747","fg0247","fg0282","fg0513","fg0390","fg0624","fg0206","fg0183","fg0644","fg0681","fg0265","fg0976","fg0961","fg0855","fg0449","fg0046","fg0041","fg0996","fg0289"
"fq003391","vx_b53c13d2fa541aad","fg0843","1","fg0843","fg0747","fg0247","fg0282","fg0513","fg0390","fg0624","fg0206","fg0183","fg0046","fg0961","fg0644","fg0976","fg0127","fg0681","fg0449","fg0265","fg0278","fg0211","fg0289"
"fq003392","vx_b53c13d2fa541aad","fg0843","1","fg0843","fg0747","fg0247","fg0282","fg0513","fg0390","fg0624","fg0206","fg0183","fg0961","fg0681","fg0644","fg0046","fg0976","fg0127","fg0449","fg0743","fg0278","fg0855","fg0265"
"fq003393","vx_b53c13d2fa541aad","fg0843","1","fg0843","fg0747","fg0247","fg0282","fg0513","fg0390","fg0624","fg0206","fg0183","fg0644","fg0961","fg0681","fg0046","fg0265","fg0976","fg0449","fg0041","fg0996","fg0855","fg0127"
"fq003394","vx_b53c13d2fa541aad","fg0843","1","fg0843","fg0747","fg0247","fg0282","fg0513","fg0390","fg0624","fg0206","fg0183","fg0961","fg0644","fg0046","fg0976","fg0681","fg0127","fg0449","fg0211","fg0289","fg0102","fg0265"
"fq003395","vx_b53c13d2fa541aad","fg0843","1","fg0843","fg0747","fg0247","fg0282","fg0513","fg0390","fg0624","fg0206","fg0961","fg0183","fg0681","fg0127","fg0644","fg0046","fg0211","fg0976","fg0278","fg0145","fg0265","fg0289"
"fq003396","vx_b53c13d2fa541aad","fg0843","1","fg0843","fg0747","fg0247","fg0282","fg0513","fg0390","fg0624","fg0206","fg0183","fg0644","fg0976","fg0961","fg0681","fg0046","fg0449","fg0743","fg0278","fg0041","fg0265","fg0855"
"fq003397","vx_b53c13d2fa541aad","fg0843","1","fg0843","fg0747","fg0247","fg0282","fg0513","fg0390","fg0624","fg0206","fg0183","fg0644","fg0976","fg0046","fg0211","fg0961","fg0127","fg0265","fg0681","fg0743","fg0289","fg0041"
"fq003398","vx_b53c13d2fa541aad","fg0843","1","fg0843","fg0747","fg0247","fg0282","fg0513","fg0390","fg0624","fg0206","fg0211","fg0183","fg0961","fg0976","fg0681","fg0644","fg0046","fg0127","fg0289","fg0145","fg0693","fg0102"
"fq003399","vx_b53c13d2fa541aad","fg0843","1","fg0843","fg0747","fg0247","fg0282","fg0513","fg0390","fg0624","fg0206","fg0183","fg0644","fg0855","fg0976","fg0681","fg0961","fg0041","fg0046","fg0265","fg0743","fg0996","fg0289"
"fq003400","vx_b53c13d2fa541aad","fg0843","1","fg0843","fg0747","fg0247","fg0282","fg0513","fg0390","fg0206","fg0624","fg0183","fg0644","fg0868","fg0722","fg0638","fg0211","fg0983","fg0173","fg0996","fg0961","fg0265","fg0965"
"fq003401","vx_b53c13d2fa541aad","fg0843","1","fg0843","fg0747","fg0247","fg0282","fg0513","fg0390","fg0624","fg0206","fg0183","fg0681","fg0644","fg0976","fg0127","fg0211","fg0722","fg0046","fg0961","fg0293","fg0106","fg0638"
"fq003402","vx_b53c13d2fa541aad","fg0843","1","fg0843","fg0747","fg0247","fg0282","fg0513","fg0390","fg0624","fg0206","fg0183","fg0681","fg0961","fg0644","fg0046","fg0976","fg0127","fg0449","fg0289","fg0265","fg0278","fg0743"
"fq003403","vx_b53c13d2fa541aad","fg0843","1","fg0843","fg0747","fg0247","fg0282","fg0513","fg0390","fg0624","fg0206","fg0183","fg0265","fg0681","fg0961","fg0127","fg0278","fg0644","fg0449","fg0643","fg0976","fg0046","fg0743"
"fq003404","vx_b53c13d2fa541aad","fg0843","1","fg0843","fg0747","fg0247","fg0282","fg0513","fg0390","fg0624","fg0206","fg0183","fg0961","fg0644","fg0681","fg0046","fg0449","fg0976","fg0265","fg0041","fg0855","fg0278","fg0743"
"fq003405","vx_b53c13d2fa541aad","fg0843","52","fg0588","fg0211","fg0025","fg0594","fg0515","fg0365","fg0159","fg0167","fg0258","fg0180","fg0318","fg0274","fg0682","fg0545","fg0487","fg0916","fg0464","fg0641","fg0807","fg0644"
"fq003406","vx_b53c13d2fa541aad","fg0843","1","fg0843","fg0747","fg0247","fg0282","fg0513","fg0390","fg0624","fg0206","fg0183","fg0211","fg0681","fg0961","fg0644","fg0046","fg0127","fg0743","fg0265","fg0102","fg0449","fg0778"
"fq003407","vx_b53c13d2fa541aad","fg0843","1","fg0843","fg0747","fg0247","fg0282","fg0513","fg0390","fg0624","fg0206","fg0183","fg0961","fg0644","fg0211","fg0127","fg0681","fg0046","fg0265","fg0976","fg0289","fg0855","fg0449"
"fq003408","vx_b53c13d2fa541aad","fg0843","1","fg0843","fg0747","fg0247","fg0282","fg0513","fg0390","fg0624","fg0206","fg0183","fg0961","fg0046","fg0644","fg0681","fg0976","fg0127","fg0449","fg0743","fg0278","fg0265","fg0289"
"fq003409","vx_b53c13d2fa541aad","fg0843","1","fg0843","fg0747","fg0247","fg0282","fg0513","fg0390","fg0624","fg0206","fg0183","fg0211","fg0644","fg0976","fg0289","fg0855","fg0127","fg0046","fg0681","fg0961","fg0265","fg0391"
"fq003410","vx_b53c13d2fa541aad","fg0843","1","fg0843","fg0747","fg0282","fg0247","fg0513","fg0390","fg0206","fg0624","fg0183","fg0976","fg0961","fg0211","fg0644","fg0855","fg0289","fg0681","fg0265","fg0559","fg0041","fg0025"
"fq003411","vx_b53c13d2fa541aad","fg0843","1","fg0843","fg0747","fg0247","fg0282","fg0513","fg0390","fg0624","fg0206","fg0961","fg0211","fg0644","fg0681","fg0183","fg0046","fg0976","fg0289","fg0127","fg0855","fg0449","fg0265"
"fq003412","vx_b53c13d2fa541aad","fg0843","1","fg0843","fg0747","fg0247","fg0282","fg0513","fg0390","fg0206","fg0624","fg0183","fg0449","fg0211","fg0644","fg0831","fg0278","fg0855","fg0191","fg0681","fg0046","fg0377","fg0265"
"fq003413","vx_b53c13d2fa541aad","fg0843","1","fg0843","fg0747","fg0247","fg0282","fg0513","fg0390","fg0624","fg0206","fg0127","fg0183","fg0644","fg0976","fg0046","fg0961","fg0681","fg0211","fg0293","fg0499","fg0106","fg0722"
"fq003414","vx_b53c13d2fa541aad","fg0843","1","fg0843","fg0747","fg0247","fg0282","fg0513","fg0390","fg0868","fg0624","fg0206","fg0965","fg0183","fg0211","fg0638","fg0105","fg0127","fg0976","fg0955","fg0722","fg0293","fg0644"
"fq003415","vx_b53c13d2fa541aad","fg0843","1","fg0843","fg0747","fg0247","fg0282","fg0513","fg0390","fg0624","fg0206","fg0183","fg0681","fg0644","fg0961","fg0046","fg0449","fg0976","fg0855","fg0211","fg0265","fg0127","fg0041"
"fq003416","vx_b53c13d2fa541aad","fg0843","1","fg0843","fg0747","fg0247","fg0282","fg0513","fg0390","fg0624","fg0206","fg0183","fg0046","fg0681","fg0644","fg0961","fg0449","fg0976","fg0855","fg0289","fg0041","fg0127","fg0743"
"fq003417","vx_b53c13d2fa541aad","fg0843","1","fg0843","fg0747","fg0282","fg0247","fg0513","fg0390","fg0624","fg0206","fg0183","fg0644","fg0961","fg0211","fg0681","fg0855","fg0976","fg0265","fg0289","fg0041","fg0046","fg0449"
"fq003418","vx_b53c13d2fa541aad","fg0843","1","fg0843","fg0747","fg0247","fg0282","fg0513","fg0390","fg0624","fg0206","fg0961","fg0183","fg0046","fg0644","fg0681","fg0976","fg0449","fg0127","fg0278","fg0743","fg0289","fg0265"
"fq003419","vx_b53c13d2fa541aad","fg0843","1","fg0843","fg0747","fg0247","fg0282","fg0513","fg0390","fg0624","fg0206","fg0681","fg0183","fg0961","fg0644","fg0127","fg0278","fg0265","fg0046","fg0996","fg0976","fg0722","fg0211"
"fq003420","vx_b53c13d2fa541aad","fg0843","1","fg0843","fg0747","fg0247","fg0282","fg0513","fg0390","fg0624","fg0206","fg0183","fg0976","fg0046","fg0961","fg0681","fg0644","fg0855","fg0127","fg0449","fg0289","fg0743","fg0211"
"fq003421","vx_b53c13d2fa541aad","fg0843","1","fg0843","fg0747","fg0247","fg0282","fg0513","fg0390","fg0624","fg0206","fg0183","fg0961","fg0046","fg0681","fg0644","fg0976","fg0127","fg0743","fg0449","fg0211","fg0265","fg0041"
"fq003422","vx_b53c13d2fa541aad","fg0843","1","fg0843","fg0747","fg0247","fg0282","fg0513","fg0390","fg0624","fg0206","fg0183","fg0961","fg0644","fg0681","fg0046","fg0127","fg0976","fg0449","fg0265","fg0855","fg0289","fg0278"
"fq003423","vx_b53c13d2fa541aad","fg0843","1","fg0843","fg0747","fg0247","fg0282","fg0513","fg0390","fg0624","fg0206","fg0183","fg0127","fg0681","fg0644","fg0046","fg0961","fg0976","fg0278","fg0449","fg0265","fg0996","fg0855"
"fq003424","vx_b53c13d2fa541aad","fg0843","1","fg0843","fg0747","fg0247","fg0282","fg0513","fg0390","fg0624","fg0206","fg0961","fg0183","fg0046","fg0644","fg0681","fg0278","fg0449","fg0127","fg0289","fg0976","fg0041","fg0265"
"fq003425","vx_b53c13d2fa541aad","fg0843","1","fg0843","fg0747","fg0247","fg0282","fg0513","fg0390","fg0624","fg0206","fg0183","fg0644","fg0449","fg0265","fg0681","fg0961","fg0855","fg0976","fg0046","fg0377","fg0278","fg0289"
"fq003426","vx_b53c13d2fa541aad","fg0843","1","fg0843","fg0747","fg0247","fg0282","fg0513","fg0390","fg0624","fg0206","fg0183","fg0644","fg0961","fg0046","fg0265","fg0976","fg0681","fg0127","fg0449","fg0041","fg0855","fg0211"
"fq003427","vx_b53c13d2fa541aad","fg0843","1","fg0843","fg0747","fg0247","fg0282","fg0513","fg0390","fg0624","fg0191","fg0206","fg0183","fg0211","fg0644","fg0681","fg0831","fg0127","fg0046","fg0961","fg0289","fg0265","fg0449"
"fq003428","vx_b53c13d2fa541aad","fg0843","1","fg0843","fg0747","fg0247","fg0282","fg0513","fg0390","fg0624","fg0206","fg0183","fg0681","fg0961","fg0976","fg0449","fg0644","fg0265","fg0278","fg0041","fg0996","fg0743","fg0046"
"fq003429","vx_b53c13d2fa541aad","fg0843","1","fg0843","fg0747","fg0247","fg0282","fg0513","fg0390","fg0624","fg0206","fg0183","fg0211","fg0265","fg0644","fg0855","fg0289","fg0681","fg0041","fg0961","fg0976","fg0449","fg0046"
"fq003430","vx_b53c13d2fa541aad","fg0843","1","fg0843","fg0747","fg0247","fg0282","fg0513","fg0390","fg0624","fg0206","fg0183","fg0644","fg0681","fg0961","fg0046","fg0976","fg0449","fg0211","fg0127","fg0265","fg0278","fg0855"
"fq003431","vx_b53c13d2fa541aad","fg0843","1","fg0843","fg0747","fg0247","fg0282","fg0513","fg0390","fg0624","fg0206","fg0183","fg0961","fg0681","fg0046","fg0644","fg0976","fg0449","fg0743","fg0041","fg0265","fg0278","fg0855"
"fq003432","vx_b53c13d2fa541aad","fg0843","1","fg0843","fg0747","fg0247","fg0282","fg0513","fg0390","fg0624","fg0206","fg0183","fg0961","fg0644","fg0681","fg0046","fg0211","fg0976","fg0127","fg0265","fg0289","fg0855","fg0449"
"fq003433","vx_b53c13d2fa541aad","fg0843","1","fg0843","fg0747","fg0247","fg0282","fg0513","fg0390","fg0624","fg0206","fg0183","fg0961","fg0046","fg0681","fg0644","fg0278","fg0127","fg0449","fg0976","fg0289","fg0743","fg0265"
"fq003434","vx_b53c13d2fa541aad","fg0843","1","fg0843","fg0747","fg0247","fg0282","fg0513","fg0390","fg0191","fg0624","fg0831","fg0211","fg0328","fg0206","fg0127","fg0183","fg0984","fg0644","fg0961","fg0681","fg0547","fg0046"
"fq003435","vx_b53c13d2fa541aad","fg0843","1","fg0843","fg0747","fg0247","fg0282","fg0513","fg0390","fg0624","fg0206","fg0183","fg0644","fg0855","fg0681","fg0976","fg0265","fg0961","fg0449","fg0106","fg0996","fg0127","fg0041"
"fq003436","vx_b53c13d2fa541aad","fg0843","1","fg0843","fg0747","fg0247","fg0282","fg0513","fg0390","fg0624","fg0206","fg0183","fg0961","fg0681","fg0644","fg0046","fg0278","fg0449","fg0976","fg0127","fg0855","fg0041","fg0265"
"fq003437","vx_b53c13d2fa541aad","fg0843","1","fg0843","fg0747","fg0247","fg0282","fg0513","fg0390","fg0624","fg0206","fg0183","fg0961","fg0644","fg0046","fg0681","fg0265","fg0976","fg0449","fg0211","fg0855","fg0041","fg0278"
"fq003438","vx_b53c13d2fa541aad","fg0843","1","fg0843","fg0747","fg0247","fg0282","fg0513","fg0390","fg0624","fg0206","fg0681","fg0961","fg0183","fg0644","fg0046","fg0976","fg0278","fg0289","fg0449","fg0855","fg0743","fg0166"
"fq003439","vx_b53c13d2fa541aad","fg0843","1","fg0843","fg0747","fg0247","fg0282","fg0513","fg0390","fg0624","fg0206","fg0183","fg0681","fg0644","fg0961","fg0046","fg0976","fg0127","fg0449","fg0289","fg0265","fg0855","fg0211"
"fq003440","vx_b53c13d2fa541aad","fg0843","1","fg0843","fg0747","fg0247","fg0282","fg0513","fg0390","fg0624","fg0206","fg0183","fg0961","fg0644","fg0681","fg0449","fg0278","fg0976","fg0046","fg0211","fg0855","fg0289","fg0265"
"fq003441","vx_b53c13d2fa541aad","fg0843","1","fg0843","fg0747","fg0247","fg0282","fg0513","fg0390","fg0624","fg0206","fg0183","fg0681","fg0961","fg0976","fg0046","fg0644","fg0041","fg0102","fg0278","fg0855","fg0127","fg0743"
"fq003442","vx_b53c13d2fa541aad","fg0843","1","fg0843","fg0747","fg0247","fg0282","fg0513","fg0390","fg0167","fg0760","fg0624","fg0206","fg0191","fg0831","fg0961","fg0183","fg0055","fg0984","fg0644","fg0265","fg0681","fg0278"
"fq003443","vx_b53c13d2fa541aad","fg0843","1","fg0843","fg0747","fg0247","fg0282","fg0513","fg0390","fg0624","fg0206","fg0183","fg0644","fg0961","fg0976","fg0046","fg0681","fg0855","fg0041","fg0449","fg0211","fg0996","fg0265"
"fq003444","vx_b53c13d2fa541aad","fg0843","1","fg0843","fg0747","fg0247","fg0282","fg0513","fg0390","fg0624","fg0206","fg0183","fg0976","fg0644","fg0855","fg0211","fg0681","fg0961","fg0127","fg0265","fg0449","fg0743","fg0046"
"fq003445","vx_b53c13d2fa541aad","fg0843","1","fg0843","fg0747","fg0247","fg0282","fg0513","fg0390","fg0624","fg0206","fg0183","fg0961","fg0449","fg0046","fg0644","fg0681","fg0855","fg0278","fg0976","fg0041","fg0377","fg0743"
"fq003446","vx_b53c13d2fa541aad","fg0843","1","fg0843","fg0747","fg0247","fg0282","fg0513","fg0390","fg0624","fg0206","fg0183","fg0976","fg0644","fg0681","fg0106","fg0855","fg0996","fg0127","fg0961","fg0046","fg0449","fg0278"
"fq003447","vx_b53c13d2fa541aad","fg0843","1","fg0843","fg0747","fg0965","fg0282","fg0539","fg0247","fg0513","fg0105","fg0559","fg0868","fg0481","fg0435","fg0206","fg0070","fg0510","fg0183","fg0086","fg0365","fg0390","fg0769"
"fq003448","vx_b53c13d2fa541aad","fg0843","1","fg0843","fg0747","fg0247","fg0282","fg0513","fg0390","fg0624","fg0206","fg0183","fg0961","fg0681","fg0046","fg0644","fg0127","fg0976","fg0449","fg0265","fg0289","fg0855","fg0743"
"fq003449","vx_b53c13d2fa541aad","fg0843","1","fg0843","fg0747","fg0247","fg0282","fg0513","fg0390","fg0624","fg0206","fg0961","fg0183","fg0681","fg0644","fg0046","fg0278","fg0289","fg0127","fg0449","fg0102","fg0976","fg0265"
"fq003450","vx_b53c13d2fa541aad","fg0843","1","fg0843","fg0747","fg0247","fg0282","fg0513","fg0390","fg0624","fg0206","fg0183","fg0211","fg0976","fg0681","fg0046","fg0127","fg0644","fg0961","fg0855","fg0289","fg0743","fg0041"
"fq003451","vx_b53c13d2fa541aad","fg0843","1","fg0843","fg0747","fg0247","fg0282","fg0513","fg0211","fg0390","fg0976","fg0206","fg0624","fg0183","fg0145","fg0907","fg0681","fg0265","fg0127","fg0289","fg0644","fg0106","fg0248"
"fq003452","vx_b53c13d2fa541aad","fg0843","1","fg0843","fg0747","fg0247","fg0282","fg0513","fg0390","fg0624","fg0206","fg0961","fg0183","fg0644","fg0976","fg0681","fg0855","fg0046","fg0289","fg0211","fg0265","fg0041","fg0449"
"fq003453","vx_b53c13d2fa541aad","fg0843","1","fg0843","fg0747","fg0247","fg0282","fg0513","fg0390","fg0624","fg0206","fg0183","fg0449","fg0046","fg0377","fg0743","fg0693","fg0831","fg0976","fg0644","fg0681","fg0127","fg0746"
"fq003454","vx_b53c13d2fa541aad","fg0843","1","fg0843","fg0747","fg0247","fg0282","fg0513","fg0390","fg0624","fg0206","fg0183","fg0976","fg0961","fg0644","fg0046","fg0681","fg0449","fg0265","fg0855","fg0289","fg0377","fg0041"
"fq003455","vx_b53c13d2fa541aad","fg0843","1","fg0843","fg0747","fg0247","fg0282","fg0513","fg0390","fg0624","fg0206","fg0183","fg0046","fg0961","fg0644","fg0681","fg0976","fg0127","fg0278","fg0449","fg0041","fg0265","fg0289"
"fq003456","vx_b53c13d2fa541aad","fg0843","1","fg0843","fg0747","fg0247","fg0282","fg0513","fg0390","fg0624","fg0206","fg0183","fg0961","fg0644","fg0265","fg0046","fg0449","fg0681","fg0127","fg0976","fg0211","fg0855","fg0289"
"fq003457","vx_b53c13d2fa541aad","fg0843","1","fg0843","fg0747","fg0247","fg0282","fg0513","fg0390","fg0624","fg0206","fg0961","fg0644","fg0211","fg0183","fg0681","fg0127","fg0046","fg0289","fg0976","fg0265","fg0855","fg0278"
"fq003458","vx_b53c13d2fa541aad","fg0843","1","fg0843","fg0747","fg0247","fg0282","fg0513","fg0390","fg0624","fg0206","fg0183","fg0961","fg0644","fg0681","fg0046","fg0211","fg0976","fg0127","fg0855","fg0265","fg0289","fg0278"
"fq003459","vx_b53c13d2fa541aad","fg0843","1","fg0843","fg0747","fg0247","fg0282","fg0513","fg0390","fg0624","fg0206","fg0183","fg0211","fg0127","fg0976","fg0046","fg0681","fg0961","fg0644","fg0743","fg0449","fg0265","fg0778"
"fq003460","vx_b53c13d2fa541aad","fg0843","1","fg0843","fg0747","fg0247","fg0282","fg0513","fg0390","fg0624","fg0206","fg0183","fg0961","fg0046","fg0127","fg0644","fg0681","fg0449","fg0278","fg0976","fg0265","fg0743","fg0211"
"fq003461","vx_b53c13d2fa541aad","fg0843","1","fg0843","fg0747","fg0247","fg0282","fg0513","fg0390","fg0624","fg0206","fg0183","fg0127","fg0644","fg0976","fg0046","fg0961","fg0211","fg0855","fg0289","fg0681","fg0743","fg0265"
"fq003462","vx_b53c13d2fa541aad","fg0843","1","fg0843","fg0747","fg0247","fg0282","fg0513","fg0390","fg0206","fg0624","fg0183","fg0127","fg0976","fg0961","fg0644","fg0265","fg0211","fg0743","fg0449","fg0855","fg0046","fg0681"
"fq003463","vx_b53c13d2fa541aad","fg0843","1","fg0843","fg0747","fg0247","fg0282","fg0513","fg0390","fg0624","fg0206","fg0183","fg0681","fg0046","fg0961","fg0644","fg0449","fg0976","fg0289","fg0743","fg0278","fg0855","fg0831"
"fq003464","vx_b53c13d2fa541aad","fg0843","1","fg0843","fg0747","fg0247","fg0282","fg0513","fg0390","fg0624","fg0206","fg0183","fg0449","fg0644","fg0046","fg0976","fg0681","fg0127","fg0743","fg0278","fg0377","fg0831","fg0191"
"fq003465","vx_b53c13d2fa541aad","fg0843","1","fg0843","fg0747","fg0247","fg0282","fg0513","fg0390","fg0624","fg0206","fg0183","fg0644","fg0681","fg0961","fg0046","fg0265","fg0976","fg0211","fg0127","fg0855","fg0289","fg0041"
"fq003466","vx_b53c13d2fa541aad","fg0843","1","fg0843","fg0747","fg0247","fg0282","fg0513","fg0390","fg0624","fg0206","fg0183","fg0644","fg0046","fg0449","fg0961","fg0681","fg0976","fg0127","fg0041","fg0278","fg0996","fg0743"
"fq003467","vx_b53c13d2fa541aad","fg0843","1","fg0843","fg0747","fg0247","fg0282","fg0513","fg0390","fg0624","fg0206","fg0961","fg0644","fg0681","fg0183","fg0976","fg0046","fg0855","fg0265","fg0289","fg0211","fg0449","fg0643"
"fq003468","vx_b53c13d2fa541aad","fg0843","1","fg0843","fg0747","fg0247","fg0282","fg0513","fg0390","fg0624","fg0206","fg0183","fg0127","fg0976","fg0961","fg0644","fg0046","fg0211","fg0681","fg0743","fg0289","fg0265","fg0449"
"fq003469","vx_b53c13d2fa541aad","fg0843","1","fg0843","fg0747","fg0247","fg0282","fg0513","fg0390","fg0624","fg0206","fg0183","fg0681","fg0961","fg0046","fg0644","fg0278","fg0976","fg0127","fg0449","fg0855","fg0041","fg0289"
"fq003470","vx_b53c13d2fa541aad","fg0843","1","fg0843","fg0747","fg0247","fg0282","fg0513","fg0390","fg0624","fg0206","fg0183","fg0961","fg0046","fg0681","fg0976","fg0644","fg0127","fg0278","fg0211","fg0449","fg0289","fg0041"
"fq003471","vx_b53c13d2fa541aad","fg0843","1","fg0843","fg0747","fg0247","fg0282","fg0513","fg0390","fg0624","fg0206","fg0183","fg0961","fg0681","fg0976","fg0046","fg0644","fg0211","fg0449","fg0127","fg0743","fg0855","fg0265"
"fq003472","vx_b53c13d2fa541aad","fg0843","1","fg0843","fg0747","fg0247","fg0282","fg0513","fg0390","fg0624","fg0206","fg0183","fg0961","fg0681","fg0046","fg0644","fg0976","fg0127","fg0449","fg0743","fg0278","fg0041","fg0102"
"fq003473","vx_b53c13d2fa541aad","fg0843","1","fg0843","fg0747","fg0247","fg0282","fg0513","fg0390","fg0624","fg0206","fg0183","fg0046","fg0449","fg0644","fg0681","fg0961","fg0102","fg0127","fg0831","fg0976","fg0289","fg0743"
"fq003474","vx_b53c13d2fa541aad","fg0843","1","fg0843","fg0747","fg0247","fg0282","fg0513","fg0390","fg0624","fg0206","fg0183","fg0046","fg0644","fg0961","fg0681","fg0127","fg0976","fg0449","fg0278","fg0265","fg0855","fg0041"
"fq003475","vx_b53c13d2fa541aad","fg0843","1","fg0843","fg0747","fg0247","fg0282","fg0513","fg0390","fg0624","fg0206","fg0183","fg0644","fg0961","fg0681","fg0046","fg0278","fg0449","fg0743","fg0831","fg0289","fg0976","fg0377"
"fq003476","vx_b53c13d2fa541aad","fg0843","1","fg0843","fg0747","fg0247","fg0282","fg0513","fg0390","fg0624","fg0961","fg0206","fg0183","fg0681","fg0644","fg0046","fg0278","fg0976","fg0449","fg0855","fg0041","fg0289","fg0102"
"fq003477","vx_b53c13d2fa541aad","fg0843","1","fg0843","fg0747","fg0247","fg0282","fg0513","fg0390","fg0624","fg0206","fg0961","fg0183","fg0046","fg0681","fg0644","fg0127","fg0976","fg0278","fg0102","fg0449","fg0778","fg0743"
"fq003478","vx_b53c13d2fa541aad","fg0843","1","fg0843","fg0747","fg0247","fg0282","fg0513","fg0390","fg0624","fg0206","fg0183","fg0644","fg0046","fg0211","fg0961","fg0127","fg0976","fg0681","fg0855","fg0041","fg0289","fg0265"
"fq003479","vx_b53c13d2fa541aad","fg0843","1","fg0843","fg0747","fg0247","fg0282","fg0513","fg0390","fg0624","fg0206","fg0183","fg0961","fg0644","fg0046","fg0681","fg0127","fg0265","fg0976","fg0449","fg0278","fg0855","fg0041"
"fq003480","vx_b53c13d2fa541aad","fg0843","1","fg0843","fg0747","fg0247","fg0282","fg0513","fg0390","fg0624","fg0206","fg0183","fg0961","fg0681","fg0046","fg0644","fg0976","fg0449","fg0265","fg0743","fg0289","fg0127","fg0855"
"fq003481","vx_b53c13d2fa541aad","fg0843","1","fg0843","fg0747","fg0247","fg0282","fg0513","fg0390","fg0624","fg0206","fg0211","fg0961","fg0644","fg0183","fg0976","fg0681","fg0855","fg0289","fg0265","fg0106","fg0041","fg0449"
"fq003482","vx_b53c13d2fa541aad","fg0843","1","fg0843","fg0747","fg0247","fg0282","fg0513","fg0390","fg0624","fg0206","fg0183","fg0681","fg0644","fg0976","fg0278","fg0961","fg0046","fg0449","fg0996","fg0722","fg0127","fg0191"
"fq003483","vx_b53c13d2fa541aad","fg0843","1","fg0843","fg0747","fg0247","fg0282","fg0513","fg0390","fg0624","fg0206","fg0183","fg0644","fg0961","fg0046","fg0449","fg0681","fg0278","fg0191","fg0831","fg0377","fg0166","fg0211"
"fq003484","vx_b53c13d2fa541aad","fg0843","1","fg0843","fg0747","fg0247","fg0282","fg0513","fg0390","fg0624","fg0206","fg0183","fg0644","fg0681","fg0976","fg0127","fg0046","fg0961","fg0278","fg0449","fg0743","fg0722","fg0996"
"fq003485","vx_b53c13d2fa541aad","fg0843","1","fg0843","fg0747","fg0247","fg0282","fg0513","fg0390","fg0624","fg0206","fg0183","fg0644","fg0681","fg0961","fg0976","fg0127","fg0046","fg0265","fg0211","fg0855","fg0449","fg0289"
"fq003486","vx_b53c13d2fa541aad","fg0843","1","fg0843","fg0747","fg0247","fg0282","fg0513","fg0390","fg0624","fg0206","fg0183","fg0644","fg0046","fg0681","fg0976","fg0127","fg0041","fg0449","fg0996","fg0855","fg0211","fg0265"
"fq003487","vx_b53c13d2fa541aad","fg0843","1","fg0843","fg0747","fg0247","fg0282","fg0513","fg0390","fg0624","fg0206","fg0183","fg0644","fg0681","fg0127","fg0976","fg0961","fg0046","fg0211","fg0278","fg0449","fg0743","fg0680"
"fq003488","vx_b53c13d2fa541aad","fg0843","1","fg0843","fg0747","fg0247","fg0282","fg0513","fg0390","fg0624","fg0206","fg0183","fg0961","fg0976","fg0644","fg0681","fg0046","fg0127","fg0211","fg0289","fg0102","fg0855","fg0265"
"fq003489","vx_b53c13d2fa541aad","fg0843","1","fg0843","fg0747","fg0247","fg0282","fg0513","fg0390","fg0624","fg0206","fg0183","fg0976","fg0127","fg0961","fg0644","fg0681","fg0046","fg0996","fg0106","fg0743","fg0211","fg0449"
"fq003490","vx_b53c13d2fa541aad","fg0843","1","fg0843","fg0747","fg0247","fg0282","fg0513","fg0390","fg0624","fg0206","fg0183","fg0961","fg0046","fg0644","fg0681","fg0976","fg0265","fg0449","fg0278","fg0127","fg0211","fg0041"
"fq003491","vx_b53c13d2fa541aad","fg0843","1","fg0843","fg0747","fg0247","fg0282","fg0513","fg0390","fg0624","fg0183","fg0206","fg0976","fg0644","fg0046","fg0681","fg0961","fg0127","fg0449","fg0996","fg0211","fg0265","fg0041"
"fq003492","vx_b53c13d2fa541aad","fg0843","1","fg0843","fg0747","fg0247","fg0282","fg0513","fg0390","fg0624","fg0206","fg0183","fg0211","fg0046","fg0449","fg0681","fg0644","fg0961","fg0127","fg0265","fg0743","fg0191","fg0831"
"fq003493","vx_b53c13d2fa541aad","fg0843","1","fg0843","fg0747","fg0247","fg0282","fg0513","fg0390","fg0206","fg0211","fg0624","fg0961","fg0183","fg0644","fg0681","fg0976","fg0855","fg0289","fg0265","fg0127","fg0046","fg0680"
"fq003494","vx_b53c13d2fa541aad","fg0843","1","fg0843","fg0747","fg0247","fg0282","fg0513","fg0390","fg0624","fg0206","fg0183","fg0127","fg0976","fg0046","fg0681","fg0961","fg0211","fg0644","fg0743","fg0289","fg0449","fg0746"
"fq003495","vx_b53c13d2fa541aad","fg0843","1","fg0843","fg0747","fg0247","fg0282","fg0513","fg0390","fg0624","fg0206","fg0183","fg0961","fg0644","fg0681","fg0046","fg0976","fg0127","fg0449","fg0265","fg0289","fg0278","fg0041"
"fq003496","vx_b53c13d2fa541aad","fg0843","1","fg0843","fg0747","fg0247","fg0282","fg0513","fg0390","fg0624","fg0206","fg0211","fg0961","fg0681","fg0644","fg0127","fg0183","fg0046","fg0976","fg0265","fg0278","fg0778","fg0289"
"fq003497","vx_b53c13d2fa541aad","fg0843","1","fg0843","fg0747","fg0247","fg0282","fg0513","fg0390","fg0624","fg0961","fg0206","fg0644","fg0183","fg0681","fg0046","fg0976","fg0289","fg0278","fg0778","fg0211","fg0265","fg0449"
"fq003498","vx_b53c13d2fa541aad","fg0843","1","fg0843","fg0747","fg0247","fg0282","fg0513","fg0390","fg0624","fg0206","fg0183","fg0681","fg0961","fg0976","fg0644","fg0046","fg0449","fg0855","fg0211","fg0289","fg0041","fg0265"
"fq003499","vx_b53c13d2fa541aad","fg0843","1","fg0843","fg0747","fg0247","fg0282","fg0513","fg0390","fg0624","fg0206","fg0183","fg0127","fg0961","fg0681","fg0211","fg0046","fg0976","fg0644","fg0449","fg0278","fg0265","fg0743"
"fq003500","vx_b53c13d2fa541aad","fg0843","1","fg0843","fg0747","fg0247","fg0282","fg0513","fg0390","fg0624","fg0206","fg0183","fg0644","fg0681","fg0976","fg0449","fg0961","fg0265","fg0996","fg0046","fg0855","fg0127","fg0041"
"fq003501","vx_b53c13d2fa541aad","fg0843","1","fg0843","fg0747","fg0247","fg0282","fg0513","fg0390","fg0624","fg0206","fg0976","fg0681","fg0183","fg0211","fg0961","fg0046","fg0644","fg0127","fg0278","fg0311","fg0743","fg0289"
"fq003502","vx_b53c13d2fa541aad","fg0843","1","fg0843","fg0747","fg0247","fg0282","fg0513","fg0390","fg0624","fg0206","fg0183","fg0961","fg0681","fg0976","fg0644","fg0046","fg0855","fg0278","fg0449","fg0041","fg0265","fg0743"
"fq003503","vx_b53c13d2fa541aad","fg0843","1","fg0843","fg0747","fg0247","fg0282","fg0513","fg0390","fg0624","fg0206","fg0183","fg0961","fg0046","fg0644","fg0681","fg0976","fg0449","fg0278","fg0265","fg0127","fg0289","fg0041"
"fq003504","vx_b53c13d2fa541aad","fg0843","1","fg0843","fg0747","fg0247","fg0282","fg0513","fg0390","fg0206","fg0624","fg0183","fg0868","fg0644","fg0638","fg0722","fg0983","fg0681","fg0191","fg0046","fg0976","fg0743","fg0855"
"fq003505","vx_b53c13d2fa541aad","fg0843","1","fg0843","fg0747","fg0247","fg0282","fg0513","fg0390","fg0624","fg0206","fg0183","fg0681","fg0211","fg0976","fg0127","fg0046","fg0644","fg0961","fg0289","fg0265","fg0145","fg0743"
"fq003506","vx_b53c13d2fa541aad","fg0843","1","fg0843","fg0747","fg0247","fg0282","fg0513","fg0390","fg0624","fg0183","fg0206","fg0961","fg0644","fg0211","fg0046","fg0681","fg0265","fg0976","fg0449","fg0041","fg0743","fg0278"
"fq003507","vx_b53c13d2fa541aad","fg0843","1","fg0843","fg0747","fg0247","fg0282","fg0513","fg0390","fg0624","fg0206","fg0183","fg0644","fg0976","fg0961","fg0449","fg0046","fg0265","fg0681","fg0127","fg0041","fg0855","fg0289"
"fq003508","vx_b53c13d2fa541aad","fg0843","1","fg0843","fg0747","fg0247","fg0282","fg0513","fg0390","fg0624","fg0206","fg0183","fg0961","fg0211","fg0976","fg0046","fg0681","fg0644","fg0127","fg0449","fg0265","fg0743","fg0855"
"fq003509","vx_b53c13d2fa541aad","fg0843","1","fg0843","fg0747","fg0247","fg0282","fg0513","fg0390","fg0624","fg0206","fg0211","fg0183","fg0976","fg0127","fg0681","fg0644","fg0961","fg0106","fg0046","fg0289","fg0855","fg0265"
"fq003510","vx_b53c13d2fa541aad","fg0843","1","fg0843","fg0747","fg0247","fg0282","fg0513","fg0390","fg0624","fg0206","fg0183","fg0681","fg0644","fg0976","fg0961","fg0449","fg0046","fg0855","fg0265","fg0743","fg0278","fg0041"
"fq003511","vx_b53c13d2fa541aad","fg0843","1","fg0843","fg0747","fg0247","fg0282","fg0513","fg0390","fg0624","fg0206","fg0183","fg0961","fg0046","fg0127","fg0449","fg0681","fg0976","fg0644","fg0041","fg0743","fg0278","fg0265"
"fq003512","vx_b53c13d2fa541aad","fg0843","1","fg0843","fg0747","fg0247","fg0282","fg0513","fg0390","fg0624","fg0206","fg0183","fg0961","fg0127","fg0046","fg0681","fg0211","fg0976","fg0644","fg0449","fg0289","fg0743","fg0278"
"fq003513","vx_b53c13d2fa541aad","fg0843","1","fg0843","fg0747","fg0247","fg0282","fg0513","fg0390","fg0868","fg0965","fg0206","fg0624","fg0183","fg0105","fg0539","fg0769","fg0638","fg0644","fg0976","fg0961","fg0265","fg0211"
"fq003514","vx_b53c13d2fa541aad","fg0843","1","fg0843","fg0747","fg0247","fg0282","fg0513","fg0390","fg0624","fg0206","fg0183","fg0961","fg0644","fg0681","fg0046","fg0976","fg0127","fg0449","fg0211","fg0265","fg0102","fg0855"
"fq003515","vx_b53c13d2fa541aad","fg0843","1","fg0843","fg0747","fg0247","fg0282","fg0513","fg0390","fg0624","fg0206","fg0183","fg0961","fg0644","fg0046","fg0681","fg0976","fg0211","fg0855","fg0265","fg0041","fg0127","fg0449"
"fq003516","vx_b53c13d2fa541aad","fg0843","1","fg0843","fg0747","fg0247","fg0282","fg0513","fg0390","fg0624","fg0206","fg0183","fg0961","fg0644","fg0046","fg0449","fg0681","fg0976","fg0265","fg0855","fg0041","fg0278","fg0289"
"fq003517","vx_b53c13d2fa541aad","fg0843","1","fg0843","fg0747","fg0247","fg0282","fg0513","fg0390","fg0624","fg0206","fg0183","fg0868","fg0638","fg0644","fg0722","fg0976","fg0127","fg0743","fg0681","fg0046","fg0961","fg0965"
"fq003518","vx_b53c13d2fa541aad","fg0843","1","fg0843","fg0747","fg0247","fg0282","fg0513","fg0390","fg0624","fg0206","fg0183","fg0211","fg0681","fg0976","fg0046","fg0127","fg0961","fg0644","fg0041","fg0855","fg0278","fg0289"
"fq003519","vx_b53c13d2fa541aad","fg0843","1","fg0843","fg0747","fg0247","fg0282","fg0513","fg0390","fg0624","fg0206","fg0183","fg0681","fg0961","fg0644","fg0046","fg0976","fg0211","fg0265","fg0855","fg0127","fg0289","fg0449"
"fq003520","vx_b53c13d2fa541aad","fg0843","1","fg0843","fg0747","fg0247","fg0282","fg0513","fg0390","fg0624","fg0206","fg0183","fg0644","fg0961","fg0046","fg0681","fg0127","fg0976","fg0278","fg0265","fg0855","fg0449","fg0041"
"fq003521","vx_b53c13d2fa541aad","fg0843","1","fg0843","fg0747","fg0247","fg0282","fg0513","fg0390","fg0624","fg0206","fg0183","fg0644","fg0965","fg0961","fg0265","fg0211","fg0046","fg0976","fg0105","fg0855","fg0481","fg0681"
"fq003522","vx_b53c13d2fa541aad","fg0843","1","fg0843","fg0747","fg0247","fg0282","fg0513","fg0390","fg0624","fg0206","fg0183","fg0961","fg0046","fg0644","fg0127","fg0681","fg0976","fg0449","fg0278","fg0265","fg0289","fg0855"
"fq003523","vx_b53c13d2fa541aad","fg0843","1","fg0843","fg0747","fg0247","fg0282","fg0513","fg0390","fg0624","fg0206","fg0961","fg0211","fg0681","fg0644","fg0183","fg0127","fg0046","fg0976","fg0278","fg0289","fg0265","fg0102"
"fq003524","vx_b53c13d2fa541aad","fg0843","1","fg0843","fg0747","fg0247","fg0282","fg0513","fg0390","fg0624","fg0206","fg0183","fg0681","fg0644","fg0961","fg0976","fg0046","fg0449","fg0041","fg0855","fg0127","fg0278","fg0743"
"fq003525","vx_b53c13d2fa541aad","fg0843","1","fg0843","fg0747","fg0247","fg0282","fg0513","fg0390","fg0624","fg0206","fg0183","fg0681","fg0961","fg0644","fg0449","fg0046","fg0127","fg0265","fg0743","fg0211","fg0831","fg0289"
"fq003526","vx_b53c13d2fa541aad","fg0843","1","fg0843","fg0747","fg0247","fg0282","fg0513","fg0390","fg0624","fg0206","fg0183","fg0961","fg0127","fg0046","fg0644","fg0278","fg0265","fg0681","fg0976","fg0449","fg0289","fg0041"
"fq003527","vx_b53c13d2fa541aad","fg0843","1","fg0843","fg0747","fg0247","fg0282","fg0513","fg0390","fg0624","fg0206","fg0183","fg0961","fg0681","fg0644","fg0046","fg0127","fg0976","fg0211","fg0449","fg0289","fg0265","fg0855"
"fq003528","vx_b53c13d2fa541aad","fg0843","1","fg0843","fg0747","fg0247","fg0282","fg0513","fg0390","fg0624","fg0206","fg0183","fg0961","fg0644","fg0681","fg0976","fg0046","fg0855","fg0265","fg0041","fg0449","fg0289","fg0211"
"fq003529","vx_b53c13d2fa541aad","fg0843","1","fg0843","fg0747","fg0247","fg0282","fg0513","fg0390","fg0191","fg0624","fg0831","fg0206","fg0183","fg0328","fg0984","fg0961","fg0127","fg0413","fg0211","fg0728","fg0644","fg0046"
"fq003530","vx_b53c13d2fa541aad","fg0843","1","fg0843","fg0747","fg0247","fg0282","fg0513","fg0390","fg0624","fg0206","fg0183","fg0644","fg0681","fg0961","fg0976","fg0046","fg0211","fg0289","fg0855","fg0127","fg0265","fg0743"
"fq003531","vx_b53c13d2fa541aad","fg0843","1","fg0843","fg0747","fg0247","fg0282","fg0513","fg0390","fg0624","fg0206","fg0183","fg0644","fg0681","fg0976","fg0961","fg0855","fg0046","fg0265","fg0041","fg0211","fg0289","fg0449"
"fq003532","vx_b53c13d2fa541aad","fg0843","1","fg0843","fg0747","fg0247","fg0282","fg0513","fg0390","fg0624","fg0206","fg0183","fg0961","fg0644","fg0046","fg0449","fg0681","fg0265","fg0041","fg0278","fg0976","fg0855","fg0127"
"fq003533","vx_b53c13d2fa541aad","fg0843","1","fg0843","fg0747","fg0247","fg0282","fg0513","fg0390","fg0624","fg0046","fg0206","fg0681","fg0183","fg0961","fg0278","fg0127","fg0644","fg0211","fg0976","fg0289","fg0265","fg0041"
"fq003534","vx_b53c13d2fa541aad","fg0843","1","fg0843","fg0747","fg0247","fg0282","fg0513","fg0390","fg0624","fg0206","fg0183","fg0961","fg0976","fg0644","fg0046","fg0681","fg0127","fg0265","fg0449","fg0211","fg0041","fg0289"
"fq003535","vx_b53c13d2fa541aad","fg0843","1","fg0843","fg0747","fg0282","fg0247","fg0513","fg0206","fg0390","fg0624","fg0183","fg0855","fg0961","fg0265","fg0976","fg0211","fg0644","fg0681","fg0025","fg0490","fg0041","fg0278"
"fq003536","vx_b53c13d2fa541aad","fg0843","1","fg0843","fg0747","fg0247","fg0282","fg0513","fg0390","fg0624","fg0206","fg0183","fg0211","fg0855","fg0644","fg0265","fg0681","fg0289","fg0976","fg0961","fg0046","fg0041","fg0365"
"fq003537","vx_b53c13d2fa541aad","fg0843","1","fg0843","fg0747","fg0247","fg0282","fg0513","fg0390","fg0624","fg0206","fg0183","fg0961","fg0681","fg0046","fg0644","fg0976","fg0855","fg0449","fg0127","fg0278","fg0743","fg0041"
"fq003538","vx_b53c13d2fa541aad","fg0843","1","fg0843","fg0747","fg0247","fg0282","fg0513","fg0390","fg0624","fg0206","fg0183","fg0961","fg0681","fg0644","fg0046","fg0449","fg0127","fg0278","fg0976","fg0211","fg0265","fg0743"
"fq003539","vx_b53c13d2fa541aad","fg0843","1","fg0843","fg0747","fg0247","fg0282","fg0513","fg0390","fg0624","fg0206","fg0183","fg0644","fg0961","fg0681","fg0046","fg0127","fg0265","fg0855","fg0449","fg0976","fg0211","fg0289"
"fq003540","vx_b53c13d2fa541aad","fg0843","1","fg0843","fg0747","fg0247","fg0282","fg0513","fg0390","fg0624","fg0206","fg0211","fg0961","fg0127","fg0183","fg0046","fg0681","fg0644","fg0976","fg0278","fg0907","fg0289","fg0265"
"fq003541","vx_b53c13d2fa541aad","fg0843","1","fg0843","fg0747","fg0247","fg0282","fg0513","fg0390","fg0624","fg0206","fg0183","fg0961","fg0681","fg0644","fg0976","fg0046","fg0127","fg0211","fg0289","fg0278","fg0855","fg0265"
"fq003542","vx_b53c13d2fa541aad","fg0843","1","fg0843","fg0747","fg0247","fg0282","fg0513","fg0390","fg0624","fg0183","fg0206","fg0046","fg0127","fg0644","fg0961","fg0681","fg0722","fg0278","fg0976","fg0449","fg0996","fg0265"
"fq003543","vx_b53c13d2fa541aad","fg0843","1","fg0843","fg0747","fg0247","fg0282","fg0513","fg0390","fg0624","fg0206","fg0681","fg0183","fg0961","fg0644","fg0046","fg0976","fg0278","fg0127","fg0265","fg0855","fg0693","fg0211"
"fq003544","vx_b53c13d2fa541aad","fg0843","1","fg0843","fg0747","fg0247","fg0282","fg0513","fg0390","fg0624","fg0206","fg0183","fg0961","fg0644","fg0046","fg0681","fg0976","fg0127","fg0265","fg0449","fg0743","fg0211","fg0041"
"fq003545","vx_b53c13d2fa541aad","fg0843","1","fg0843","fg0747","fg0247","fg0282","fg0513","fg0390","fg0624","fg0191","fg0206","fg0183","fg0211","fg0681","fg0644","fg0961","fg0831","fg0046","fg0731","fg0976","fg0289","fg0265"
"fq003546","vx_b53c13d2fa541aad","fg0843","1","fg0843","fg0747","fg0247","fg0282","fg0513","fg0390","fg0624","fg0206","fg0183","fg0644","fg0046","fg0681","fg0127","fg0961","fg0976","fg0449","fg0265","fg0278","fg0289","fg0211"
"fq003547","vx_b53c13d2fa541aad","fg0843","1","fg0843","fg0747","fg0247","fg0282","fg0513","fg0390","fg0624","fg0206","fg0183","fg0449","fg0644","fg0377","fg0265","fg0961","fg0743","fg0681","fg0046","fg0041","fg0831","fg0855"
"fq003548","vx_b53c13d2fa541aad","fg0843","1","fg0843","fg0747","fg0247","fg0282","fg0513","fg0390","fg0624","fg0206","fg0183","fg0644","fg0046","fg0961","fg0681","fg0976","fg0449","fg0289","fg0127","fg0265","fg0743","fg0855"
"fq003549","vx_b53c13d2fa541aad","fg0843","1","fg0843","fg0747","fg0247","fg0282","fg0513","fg0390","fg0624","fg0206","fg0183","fg0976","fg0681","fg0127","fg0449","fg0046","fg0644","fg0996","fg0278","fg0743","fg0961","fg0855"
"fq003550","vx_b53c13d2fa541aad","fg0843","1","fg0843","fg0747","fg0247","fg0282","fg0513","fg0390","fg0624","fg0206","fg0183","fg0961","fg0681","fg0976","fg0046","fg0644","fg0127","fg0449","fg0211","fg0041","fg0289","fg0743"
"fq003551","vx_b53c13d2fa541aad","fg0843","1","fg0843","fg0747","fg0247","fg0282","fg0513","fg0390","fg0624","fg0206","fg0183","fg0681","fg0127","fg0976","fg0449","fg0046","fg0644","fg0211","fg0743","fg0961","fg0102","fg0693"
"fq003552","vx_b53c13d2fa541aad","fg0843","1","fg0843","fg0747","fg0247","fg0282","fg0513","fg0390","fg0624","fg0206","fg0183","fg0961","fg0681","fg0046","fg0644","fg0976","fg0127","fg0278","fg0743","fg0449","fg0265","fg0041"
"fq003553","vx_b53c13d2fa541aad","fg0843","1","fg0843","fg0747","fg0247","fg0282","fg0513","fg0390","fg0624","fg0206","fg0183","fg0681","fg0961","fg0127","fg0644","fg0278","fg0976","fg0046","fg0449","fg0722","fg0265","fg0996"
"fq003554","vx_b53c13d2fa541aad","fg0843","1","fg0843","fg0747","fg0247","fg0282","fg0513","fg0390","fg0624","fg0206","fg0183","fg0644","fg0961","fg0681","fg0265","fg0976","fg0855","fg0449","fg0211","fg0046","fg0127","fg0041"
"fq003555","vx_b53c13d2fa541aad","fg0843","1","fg0843","fg0747","fg0247","fg0282","fg0513","fg0390","fg0624","fg0961","fg0206","fg0644","fg0681","fg0211","fg0183","fg0127","fg0046","fg0976","fg0278","fg0318","fg0102","fg0289"
"fq003556","vx_b53c13d2fa541aad","fg0843","1","fg0843","fg0747","fg0247","fg0282","fg0513","fg0390","fg0624","fg0206","fg0183","fg0976","fg0644","fg0961","fg0046","fg0449","fg0681","fg0265","fg0743","fg0855","fg0041","fg0127"
"fq003557","vx_b53c13d2fa541aad","fg0843","1","fg0843","fg0747","fg0247","fg0282","fg0513","fg0390","fg0624","fg0206","fg0961","fg0183","fg0681","fg0644","fg0046","fg0976","fg0127","fg0278","fg0449","fg0289","fg0855","fg0743"
"fq003558","vx_b53c13d2fa541aad","fg0843","1","fg0843","fg0747","fg0247","fg0282","fg0513","fg0390","fg0624","fg0183","fg0206","fg0961","fg0046","fg0278","fg0831","fg0681","fg0449","fg0191","fg0127","fg0644","fg0041","fg0743"
"fq003559","vx_b53c13d2fa541aad","fg0843","1","fg0843","fg0747","fg0247","fg0282","fg0513","fg0390","fg0624","fg0206","fg0183","fg0961","fg0127","fg0681","fg0046","fg0644","fg0976","fg0278","fg0449","fg0211","fg0743","fg0265"
"fq003560","vx_b53c13d2fa541aad","fg0843","1","fg0843","fg0747","fg0247","fg0282","fg0513","fg0390","fg0624","fg0206","fg0183","fg0961","fg0681","fg0046","fg0211","fg0127","fg0976","fg0644","fg0278","fg0289","fg0041","fg0265"
"fq003561","vx_b53c13d2fa541aad","fg0843","1","fg0843","fg0747","fg0247","fg0282","fg0513","fg0390","fg0624","fg0206","fg0183","fg0961","fg0644","fg0976","fg0046","fg0681","fg0855","fg0289","fg0041","fg0743","fg0449","fg0265"
"fq003562","vx_b53c13d2fa541aad","fg0843","1","fg0843","fg0747","fg0247","fg0282","fg0513","fg0390","fg0624","fg0206","fg0183","fg0046","fg0961","fg0644","fg0449","fg0681","fg0211","fg0127","fg0278","fg0976","fg0041","fg0265"
"fq003563","vx_b53c13d2fa541aad","fg0843","1","fg0843","fg0747","fg0247","fg0282","fg0513","fg0390","fg0624","fg0206","fg0961","fg0183","fg0681","fg0644","fg0278","fg0046","fg0449","fg0265","fg0166","fg0041","fg0377","fg0743"
"fq003564","vx_b53c13d2fa541aad","fg0843","1","fg0843","fg0747","fg0247","fg0282","fg0513","fg0390","fg0624","fg0206","fg0183","fg0976","fg0046","fg0644","fg0127","fg0449","fg0681","fg0961","fg0996","fg0743","fg0693","fg0265"
"fq003565","vx_b53c13d2fa541aad","fg0843","1","fg0843","fg0747","fg0247","fg0282","fg0513","fg0390","fg0624","fg0206","fg0183","fg0644","fg0961","fg0681","fg0976","fg0265","fg0046","fg0449","fg0127","fg0211","fg0855","fg0743"
"fq003566","vx_b53c13d2fa541aad","fg0843","1","fg0843","fg0747","fg0247","fg0282","fg0513","fg0390","fg0624","fg0206","fg0183","fg0644","fg0681","fg0976","fg0211","fg0046","fg0127","fg0961","fg0743","fg0265","fg0449","fg0278"
"fq003567","vx_b53c13d2fa541aad","fg0843","1","fg0843","fg0747","fg0247","fg0282","fg0513","fg0390","fg0624","fg0206","fg0183","fg0961","fg0127","fg0046","fg0681","fg0644","fg0976","fg0211","fg0449","fg0743","fg0265","fg0778"
"fq003568","vx_b53c13d2fa541aad","fg0843","1","fg0843","fg0747","fg0247","fg0282","fg0513","fg0390","fg0624","fg0206","fg0183","fg0961","fg0644","fg0046","fg0681","fg0976","fg0127","fg0449","fg0265","fg0041","fg0278","fg0855"
"fq003569","vx_b53c13d2fa541aad","fg0843","1","fg0843","fg0747","fg0247","fg0282","fg0513","fg0390","fg0624","fg0206","fg0183","fg0046","fg0681","fg0961","fg0644","fg0449","fg0976","fg0743","fg0127","fg0278","fg0041","fg0831"
"fq003570","vx_b53c13d2fa541aad","fg0843","1","fg0843","fg0747","fg0247","fg0282","fg0513","fg0390","fg0624","fg0206","fg0183","fg0855","fg0644","fg0681","fg0976","fg0046","fg0961","fg0265","fg0211","fg0289","fg0041","fg0449"
"fq003571","vx_b53c13d2fa541aad","fg0843","1","fg0843","fg0747","fg0247","fg0282","fg0513","fg0390","fg0624","fg0206","fg0183","fg0681","fg0046","fg0961","fg0976","fg0644","fg0449","fg0743","fg0278","fg0127","fg0855","fg0166"
"fq003572","vx_b53c13d2fa541aad","fg0843","1","fg0843","fg0747","fg0247","fg0282","fg0513","fg0390","fg0624","fg0206","fg0183","fg0961","fg0644","fg0681","fg0046","fg0127","fg0976","fg0211","fg0278","fg0265","fg0102","fg0680"
"fq003573","vx_b53c13d2fa541aad","fg0843","1","fg0843","fg0747","fg0247","fg0282","fg0513","fg0390","fg0624","fg0206","fg0183","fg0976","fg0644","fg0961","fg0046","fg0681","fg0265","fg0449","fg0127","fg0855","fg0289","fg0211"
"fq003574","vx_b53c13d2fa541aad","fg0843","1","fg0843","fg0747","fg0247","fg0282","fg0513","fg0191","fg0390","fg0831","fg0328","fg0413","fg0984","fg0624","fg0760","fg0728","fg0345","fg0524","fg0206","fg0146","fg0961","fg0772"
"fq003575","vx_b53c13d2fa541aad","fg0843","1","fg0843","fg0747","fg0247","fg0282","fg0513","fg0390","fg0624","fg0206","fg0183","fg0449","fg0644","fg0681","fg0046","fg0831","fg0278","fg0265","fg0976","fg0961","fg0191","fg0041"
"fq003576","vx_b53c13d2fa541aad","fg0843","1","fg0843","fg0747","fg0282","fg0247","fg0513","fg0206","fg0390","fg0183","fg0211","fg0855","fg0624","fg0644","fg0041","fg0976","fg0093","fg0996","fg0106","fg0265","fg0449","fg0681"
"fq003577","vx_b53c13d2fa541aad","fg0843","1","fg0843","fg0747","fg0247","fg0282","fg0513","fg0390","fg0624","fg0206","fg0183","fg0644","fg0961","fg0681","fg0046","fg0449","fg0289","fg0265","fg0976","fg0127","fg0855","fg0743"
"fq003578","vx_b53c13d2fa541aad","fg0843","1","fg0843","fg0747","fg0247","fg0282","fg0513","fg0390","fg0624","fg0206","fg0183","fg0961","fg0681","fg0046","fg0976","fg0644","fg0278","fg0449","fg0127","fg0831","fg0191","fg0166"
"fq003579","vx_b53c13d2fa541aad","fg0843","1","fg0843","fg0747","fg0247","fg0282","fg0513","fg0390","fg0624","fg0206","fg0183","fg0976","fg0046","fg0644","fg0961","fg0127","fg0289","fg0855","fg0681","fg0743","fg0265","fg0449"
"fq003580","vx_b53c13d2fa541aad","fg0843","1","fg0843","fg0747","fg0247","fg0282","fg0513","fg0390","fg0624","fg0206","fg0183","fg0961","fg0644","fg0681","fg0046","fg0211","fg0976","fg0265","fg0041","fg0855","fg0449","fg0289"
"fq003581","vx_b53c13d2fa541aad","fg0843","1","fg0843","fg0747","fg0282","fg0247","fg0513","fg0390","fg0206","fg0624","fg0855","fg0644","fg0681","fg0183","fg0961","fg0211","fg0976","fg0265","fg0041","fg0289","fg0680","fg0025"
"fq003582","vx_b53c13d2fa541aad","fg0843","1","fg0843","fg0747","fg0247","fg0282","fg0513","fg0390","fg0624","fg0206","fg0183","fg0961","fg0681","fg0644","fg0046","fg0127","fg0976","fg0449","fg0265","fg0743","fg0278","fg0289"
"fq003583","vx_b53c13d2fa541aad","fg0843","1","fg0843","fg0747","fg0247","fg0282","fg0513","fg0390","fg0624","fg0206","fg0183","fg0644","fg0681","fg0638","fg0722","fg0976","fg0996","fg0743","fg0868","fg0449","fg0983","fg0265"
"fq003584","vx_b53c13d2fa541aad","fg0843","1","fg0843","fg0747","fg0247","fg0282","fg0513","fg0390","fg0624","fg0206","fg0183","fg0681","fg0976","fg0961","fg0127","fg0644","fg0211","fg0278","fg0046","fg0449","fg0265","fg0041"
"fq003585","vx_b53c13d2fa541aad","fg0843","1","fg0843","fg0747","fg0247","fg0282","fg0513","fg0390","fg0624","fg0206","fg0183","fg0976","fg0046","fg0127","fg0681","fg0996","fg0449","fg0961","fg0041","fg0644","fg0265","fg0743"
"fq003586","vx_8a3711baff15aae6","fg0844","1","fg0844","fg0372","fg0170","fg0800","fg0056","fg0665","fg0548","fg0394","fg0759","fg0907","fg0847","fg0755","fg0825","fg0845","fg0836","fg0161","fg0942","fg0750","fg0101","fg0721"
"fq003587","vx_af9d2beebf1f7ed4","fg0845","1","fg0845","fg0800","fg0548","fg0461","fg0056","fg0385","fg0728","fg0498","fg0250","fg0219","fg0278","fg0836","fg0759","fg0325","fg0847","fg0161","fg0556","fg0878","fg0855","fg0292"
"fq003588","vx_84425ec2a734b5fc","fg0846","5","fg0886","fg0583","fg0320","fg0066","fg0846","fg0159","fg0588","fg0867","fg0527","fg0659","fg0579","fg0779","fg0140","fg0490","fg0595","fg0983","fg0889","fg0854","fg0758","fg0270"
"fq003589","vx_1dd6e5c828f9524b","fg0847","1","fg0847","fg0772","fg0809","fg0279","fg0719","fg0197","fg0665","fg0844","fg0025","fg0469","fg0130","fg0398","fg0032","fg0579","fg0825","fg0410","fg0942","fg0892","fg0056","fg0117"
"fq003590","vx_1dd6e5c828f9524b","fg0847","1","fg0847","fg0719","fg0772","fg0279","fg0130","fg0032","fg0197","fg0620","fg0579","fg0809","fg0942","fg0986","fg0844","fg0410","fg0120","fg0394","fg0665","fg0298","fg0892","fg0889"
"fq003591","vx_7c31dc5388757f48","fg0848","1","fg0848","fg0186","fg0922","fg0142","fg0699","fg0938","fg0037","fg0271","fg0888","fg0885","fg0694","fg0155","fg0046","fg0892","fg0533","fg0331","fg0084","fg0810","fg0460","fg0991"
"fq003592","vx_7c31dc5388757f48","fg0848","1","fg0848","fg0186","fg0922","fg0142","fg0699","fg0938","fg0037","fg0885","fg0888","fg0271","fg0533","fg0694","fg0046","fg0155","fg0586","fg0084","fg0892","fg0958","fg0028","fg0331"
"fq003593","vx_f3e0ac6e743393cb","fg0849","1","fg0849","fg0052","fg0043","fg0084","fg0780","fg0687","fg0309","fg0442","fg0482","fg0830","fg0178","fg0904","fg0203","fg0111","fg0786","fg0423","fg0510","fg0220","fg0070","fg0335"
"fq003594","vx_f3e0ac6e743393cb","fg0849","5","fg0111","fg0235","fg0328","fg0138","fg0849","fg0322","fg0105","fg0945","fg0002","fg0391","fg0965","fg0293","fg0211","fg0815","fg0841","fg0442","fg0868","fg0207","fg0951","fg0726"
"fq003595","vx_f3e0ac6e743393cb","fg0849","1","fg0849","fg0052","fg0070","fg0510","fg0043","fg0481","fg0084","fg0111","fg0687","fg0139","fg0328","fg0442","fg0203","fg0965","fg0482","fg0547","fg0068","fg0152","fg0841","fg0539"
"fq003596","vx_f3e0ac6e743393cb","fg0849","1","fg0849","fg0052","fg0084","fg0043","fg0442","fg0780","fg0309","fg0510","fg0070","fg0687","fg0111","fg0481","fg0178","fg0547","fg0786","fg0904","fg0211","fg0830","fg0138","fg0028"
"fq003597","vx_919450e7290fea72","fg0850","1","fg0850","fg0370","fg0575","fg0578","fg0836","fg0851","fg0919","fg0006","fg0354","fg0113","fg0603","fg0410","fg0868","fg0955","fg0081","fg0799","fg0276","fg0451","fg0678","fg0052"
"fq003598","vx_919450e7290fea72","fg0850","1","fg0850","fg0956","fg0578","fg0595","fg0006","fg0851","fg0575","fg0370","fg0113","fg0950","fg0919","fg0836","fg0451","fg0081","fg0354","fg0276","fg0473","fg0722","fg0449","fg0197"
"fq003599","vx_919450e7290fea72","fg0850","1","fg0850","fg0575","fg0578","fg0370","fg0851","fg0006","fg0836","fg0919","fg0113","fg0354","fg0471","fg0410","fg0603","fg0955","fg0451","fg0276","fg0449","fg0868","fg0052","fg0722"
"fq003600","vx_919450e7290fea72","fg0850","1","fg0850","fg0575","fg0578","fg0370","fg0851","fg0919","fg0006","fg0836","fg0354","fg0113","fg0276","fg0471","fg0955","fg0449","fg0451","fg0228","fg0939","fg0377","fg0740","fg0507"
"fq003601","vx_919450e7290fea72","fg0850","1","fg0850","fg0370","fg0578","fg0851","fg0575","fg0836","fg0006","fg0410","fg0354","fg0919","fg0603","fg0058","fg0052","fg0992","fg0507","fg0113","fg0756","fg0993","fg0449","fg0724"
"fq003602","vx_0b05e04f0a0ef3c3","fg0851","1","fg0851","fg0578","fg0006","fg0228","fg0575","fg0066","fg0370","fg0836","fg0889","fg0931","fg0850","fg0194","fg0105","fg0171","fg0771","fg0611","fg0854","fg0539","fg0965","fg0190"
"fq003603","vx_08329ee93524f706","fg0852","1","fg0852","fg0082","fg0804","fg0978","fg0365","fg0639","fg0177","fg0838","fg0685","fg0243","fg0341","fg0710","fg0564","fg0944","fg0732","fg0255","fg0231","fg0015","fg0926","fg0129"
"fq003604","vx_b11ccac75f007c6c","fg0853","1","fg0853","fg0875","fg0415","fg0392","fg0884","fg0907","fg0574","fg0295","fg0801","fg0961","fg0333","fg0906","fg0513","fg0572","fg0339","fg0317","fg0389","fg0796","fg0613","fg0531"
"fq003605","vx_b11ccac75f007c6c","fg0853","1","fg0853","fg0875","fg0415","fg0392","fg0907","fg0884","fg0295","fg0574","fg0801","fg0572","fg0961","fg0333","fg0906","fg0339","fg0513","fg0317","fg0796","fg0613","fg0293","fg0145"
"fq003606","vx_b11ccac75f007c6c","fg0853","1","fg0853","fg0875","fg0415","fg0392","fg0907","fg0295","fg0884","fg0801","fg0961","fg0574","fg0513","fg0906","fg0333","fg0317","fg0572","fg0613","fg0796","fg0339","fg0389","fg0207"
"fq003607","vx_2160f4946dd8a525","fg0854","1","fg0854","fg0320","fg0931","fg0886","fg0583","fg0719","fg0173","fg0758","fg0113","fg0197","fg0867","fg0983","fg0066","fg0771","fg0182","fg0695","fg0930","fg0595","fg0533","fg0884"
"fq003608","vx_a0d7bee718ab367e","fg0855","1","fg0855","fg0266","fg0461","fg0887","fg0161","fg0807","fg0912","fg0821","fg0010","fg0545","fg0870","fg0665","fg0898","fg0443","fg0262","fg0025","fg0845","fg0366","fg0435","fg0206"
"fq003609","vx_a0d7bee718ab367e","fg0855","1","fg0855","fg0266","fg0461","fg0161","fg0887","fg0843","fg0821","fg0912","fg0807","fg0665","fg0845","fg0206","fg0025","fg0010","fg0443","fg0545","fg0747","fg0502","fg0262","fg0898"
"fq003610","vx_410585b5d418d18a","fg0856","1","fg0856","fg0917","fg0035","fg0511","fg0890","fg0753","fg0038","fg0024","fg0259","fg0315","fg0098","fg0514","fg0434","fg0757","fg0546","fg0136","fg0091","fg0044","fg0567","fg0474"
"fq003611","vx_410585b5d418d18a","fg0856","420","fg0365","fg0559","fg0892","fg0329","fg0965","fg0532","fg0129","fg0476","fg0288","fg0769","fg0868","fg0588","fg0539","fg0157","fg0708","fg0964","fg0435","fg0195","fg0082","fg0093"
"fq003612","vx_410585b5d418d18a","fg0856","1","fg0856","fg0917","fg0035","fg0511","fg0890","fg0753","fg0024","fg0259","fg0038","fg0434","fg0315","fg0567","fg0098","fg0136","fg0474","fg0546","fg0757","fg0571","fg0178","fg0717"
"fq003613","vx_bc94ac78684f3035","fg0857","8","fg0617","fg0351","fg0925","fg0588","fg0559","fg0973","fg0539","fg0857","fg0021","fg0718","fg0552","fg0159","fg0998","fg0460","fg0516","fg0350","fg0202","fg0770","fg0571","fg0570"
"fq003614","vx_bc94ac78684f3035","fg0857","1","fg0857","fg0618","fg0987","fg0617","fg0483","fg0313","fg0803","fg0643","fg0785","fg0351","fg0925","fg0517","fg0448","fg0463","fg0569","fg0798","fg0265","fg0654","fg0983","fg0568"
"fq003615","vx_8c9b25a1d5bc3367","fg0858","238","fg0919","fg0700","fg0360","fg0587","fg0899","fg0054","fg0277","fg0323","fg0850","fg0471","fg0042","fg0867","fg0992","fg0429","fg0880","fg0286","fg0233","fg0769","fg0081","fg0113"
"fq003616","vx_8c9b25a1d5bc3367","fg0858","396","fg0919","fg0676","fg0740","fg0769","fg0507","fg0277","fg0471","fg0323","fg0286","fg0203","fg0012","fg0841","fg0587","fg0360","fg0675","fg0561","fg0656","fg0085","fg0725","fg0955"
"fq003617","vx_8c9b25a1d5bc3367","fg0858","346","fg0919","fg0676","fg0360","fg0277","fg0286","fg0769","fg0740","fg0203","fg0850","fg0034","fg0841","fg0471","fg0587","fg0223","fg0691","fg0323","fg0684","fg0725","fg0507","fg0992"
"fq003618","vx_8c9b25a1d5bc3367","fg0858","369","fg0919","fg0587","fg0277","fg0769","fg0740","fg0700","fg0286","fg0850","fg0012","fg0233","fg0779","fg0471","fg0561","fg0360","fg0429","fg0899","fg0867","fg0684","fg0113","fg0323"
"fq003619","vx_ed10bfccec227dbd","fg0859","1","fg0859","fg0541","fg0665","fg0325","fg0038","fg0988","fg0168","fg1000","fg0314","fg0691","fg0928","fg0394","fg0759","fg0847","fg0844","fg0180","fg0750","fg0942","fg0783","fg0845"
"fq003620","vx_ed10bfccec227dbd","fg0859","1","fg0859","fg0541","fg0988","fg0038","fg0325","fg0409","fg0531","fg0665","fg1000","fg0168","fg0728","fg0691","fg0406","fg0223","fg0935","fg0314","fg0894","fg0696","fg0268","fg0405"
"fq003621","vx_ed10bfccec227dbd","fg0859","1","fg0859","fg0541","fg0988","fg0038","fg0325","fg1000","fg0168","fg0665","fg0409","fg0873","fg0577","fg0691","fg0531","fg0223","fg0406","fg0935","fg0182","fg0314","fg0728","fg0121"
"fq003622","vx_8275e35e4c01e800","fg0860","1","fg0860","fg0489","fg0310","fg0782","fg0722","fg0022","fg0346","fg0897","fg0428","fg0046","fg0268","fg0719","fg0214","fg0039","fg0202","fg0114","fg0003","fg0172","fg1000","fg0986"
"fq003623","vx_8275e35e4c01e800","fg0860","1","fg0860","fg0489","fg0782","fg0310","fg0022","fg0722","fg0897","fg0346","fg0428","fg0046","fg0039","fg0719","fg0268","fg0396","fg0214","fg0307","fg0986","fg0586","fg0114","fg1000"
"fq003624","vx_8275e35e4c01e800","fg0860","1","fg0860","fg0489","fg0722","fg0310","fg0719","fg0897","fg0782","fg0039","fg1000","fg0346","fg0268","fg0428","fg0046","fg0022","fg0986","fg0032","fg0586","fg0214","fg0029","fg0360"
"fq003625","vx_8275e35e4c01e800","fg0860","1","fg0860","fg0722","fg0310","fg0428","fg0897","fg0046","fg0489","fg0214","fg0022","fg0782","fg0719","fg0750","fg0380","fg0172","fg0268","fg0986","fg0039","fg0229","fg0029","fg0586"
"fq003626","vx_8275e35e4c01e800","fg0860","1","fg0860","fg0489","fg0782","fg0022","fg0722","fg0310","fg0039","fg0897","fg0428","fg0719","fg0046","fg0088","fg0268","fg0346","fg0396","fg0202","fg0986","fg0003","fg0029","fg0586"
"fq003627","vx_277010f73c90a2d8","fg0861","1","fg0861","fg0307","fg0395","fg0193","fg0451","fg0396","fg0888","fg0582","fg0809","fg0760","fg0013","fg0936","fg0241","fg0660","fg0794","fg0524","fg0167","fg0650","fg0632","fg0555"
"fq003628","vx_277010f73c90a2d8","fg0861","1","fg0861","fg0307","fg0395","fg0396","fg0451","fg0193","fg0888","fg0582","fg0760","fg0809","fg0794","fg0936","fg0167","fg0660","fg0013","fg0241","fg0650","fg0555","fg0505","fg0074"
"fq003629","vx_277010f73c90a2d8","fg0861","1","fg0861","fg0307","fg0395","fg0396","fg0451","fg0193","fg0888","fg0582","fg0760","fg0809","fg0167","fg0936","fg0013","fg0794","fg0241","fg0660","fg0650","fg0505","fg0555","fg0410"
"fq003630","vx_277010f73c90a2d8","fg0861","1","fg0861","fg0307","fg0395","fg0396","fg0451","fg0193","fg0888","fg0582","fg0760","fg0809","fg0936","fg0794","fg0167","fg0241","fg0013","fg0660","fg0773","fg0650","fg0555","fg0074"
"fq003631","vx_277010f73c90a2d8","fg0861","1","fg0861","fg0307","fg0395","fg0396","fg0451","fg0193","fg0888","fg0582","fg0760","fg0809","fg0167","fg0936","fg0794","fg0013","fg0241","fg0660","fg0555","fg0650","fg0505","fg0410"
"fq003632","vx_13c9641e2669341b","fg0862","1","fg0862","fg0459","fg0297","fg0564","fg0443","fg0212","fg0647","fg0874","fg0882","fg0465","fg0050","fg0255","fg0322","fg0138","fg0190","fg0474","fg0792","fg0204","fg0440","fg0089"
"fq003633","vx_49247a827ae36eb6","fg0863","1","fg0863","fg0980","fg0648","fg0893","fg0048","fg0424","fg0536","fg0989","fg0581","fg0866","fg0436","fg0124","fg0625","fg0542","fg0434","fg0131","fg0151","fg0393","fg0303","fg0528"
"fq003634","vx_49247a827ae36eb6","fg0863","1","fg0863","fg0980","fg0648","fg0893","fg0048","fg0424","fg0866","fg0436","fg0934","fg0393","fg0328","fg0124","fg0151","fg0059","fg0536","fg0028","fg0581","fg0989","fg0942","fg0849"
"fq003635","vx_78cba185fb9e3979","fg0864","1","fg0864","fg0467","fg0702","fg0924","fg0819","fg0281","fg0634","fg0622","fg0418","fg0829","fg0478","fg0298","fg0461","fg0520","fg0016","fg0268","fg0770","fg0564","fg0894","fg0840"
"fq003636","vx_78cba185fb9e3979","fg0864","1","fg0864","fg0467","fg0702","fg0819","fg0924","fg0634","fg0622","fg0281","fg0418","fg0829","fg0478","fg0298","fg0461","fg0520","fg0010","fg0016","fg0178","fg0564","fg0235","fg0894"
"fq003637","vx_78cba185fb9e3979","fg0864","1","fg0864","fg0467","fg0702","fg0924","fg0819","fg0634","fg0622","fg0281","fg0418","fg0829","fg0298","fg0461","fg0478","fg0520","fg0564","fg0010","fg0235","fg0016","fg0084","fg0178"
"fq003638","vx_78cba185fb9e3979","fg0864","1","fg0864","fg0467","fg0702","fg0924","fg0819","fg0622","fg0634","fg0418","fg0281","fg0829","fg0478","fg0461","fg0298","fg0520","fg0010","fg0016","fg0564","fg0280","fg0894","fg0856"
"fq003639","vx_78cba185fb9e3979","fg0864","1","fg0864","fg0467","fg0702","fg0924","fg0622","fg0819","fg0418","fg0281","fg0634","fg0829","fg0478","fg0268","fg0016","fg0298","fg0461","fg0770","fg0078","fg0173","fg0520","fg0840"
"fq003640","vx_78cba185fb9e3979","fg0864","1","fg0864","fg0467","fg0702","fg0924","fg0819","fg0634","fg0622","fg0418","fg0281","fg0461","fg0298","fg0829","fg0478","fg0520","fg0010","fg0564","fg0840","fg0521","fg0894","fg0084"
"fq003641","vx_78cba185fb9e3979","fg0864","1","fg0864","fg0467","fg0702","fg0924","fg0819","fg0622","fg0634","fg0418","fg0281","fg0829","fg0461","fg0478","fg0298","fg0520","fg0564","fg0010","fg0840","fg0016","fg0894","fg0280"
"fq003642","vx_78cba185fb9e3979","fg0864","1","fg0864","fg0467","fg0702","fg0622","fg0829","fg0924","fg0634","fg0418","fg0819","fg0281","fg0016","fg0795","fg0454","fg0268","fg0217","fg0894","fg0434","fg0770","fg0520","fg0010"
"fq003643","vx_78cba185fb9e3979","fg0864","1","fg0864","fg0467","fg0702","fg0924","fg0819","fg0634","fg0622","fg0418","fg0281","fg0829","fg0461","fg0478","fg0520","fg0298","fg0010","fg0564","fg0894","fg0840","fg0280","fg0178"
"fq003644","vx_78cba185fb9e3979","fg0864","1","fg0864","fg0467","fg0702","fg0622","fg0924","fg0634","fg0281","fg0819","fg0418","fg0461","fg0829","fg0055","fg0298","fg0016","fg0520","fg0521","fg0478","fg0708","fg0894","fg0770"
"fq003645","vx_78cba185fb9e3979","fg0864","1","fg0864","fg0467","fg0702","fg0819","fg0924","fg0418","fg0622","fg0634","fg0478","fg0281","fg0461","fg0829","fg0298","fg0520","fg0840","fg0084","fg0564","fg0087","fg0010","fg0268"
"fq003646","vx_78cba185fb9e3979","fg0864","1","fg0864","fg0467","fg0702","fg0924","fg0634","fg0819","fg0281","fg0622","fg0418","fg0829","fg0478","fg0016","fg0461","fg0298","fg0520","fg0055","fg0894","fg0087","fg0770","fg0336"
"fq003647","vx_78cba185fb9e3979","fg0864","1","fg0864","fg0467","fg0702","fg0819","fg0924","fg0622","fg0281","fg0634","fg0418","fg0829","fg0016","fg0520","fg0298","fg0478","fg0178","fg0770","fg0840","fg0461","fg0105","fg0521"
"fq003648","vx_78cba185fb9e3979","fg0864","1","fg0864","fg0467","fg0702","fg0418","fg0924","fg0634","fg0819","fg0622","fg0281","fg0829","fg0016","fg0770","fg0298","fg0795","fg0478","fg0461","fg0521","fg0336","fg0894","fg0840"
"fq003649","vx_78cba185fb9e3979","fg0864","1","fg0864","fg0467","fg0702","fg0819","fg0924","fg0622","fg0634","fg0281","fg0418","fg0461","fg0829","fg0298","fg0478","fg0520","fg0564","fg0084","fg0840","fg0010","fg0178","fg0174"
"fq003650","vx_78cba185fb9e3979","fg0864","1","fg0864","fg0467","fg0702","fg0924","fg0622","fg0819","fg0418","fg0634","fg0281","fg0829","fg0478","fg0268","fg0078","fg0173","fg0016","fg0298","fg0770","fg0461","fg0353","fg0840"
"fq003651","vx_78cba185fb9e3979","fg0864","1","fg0864","fg0467","fg0702","fg0924","fg0819","fg0634","fg0418","fg0622","fg0281","fg0829","fg0461","fg0478","fg0520","fg0298","fg0010","fg0564","fg0280","fg0016","fg0840","fg0336"
"fq003652","vx_78cba185fb9e3979","fg0864","1","fg0864","fg0467","fg0702","fg0924","fg0634","fg0819","fg0418","fg0622","fg0281","fg0829","fg0478","fg0298","fg0461","fg0016","fg0055","fg0520","fg0336","fg0840","fg0770","fg0564"
"fq003653","vx_78cba185fb9e3979","fg0864","1","fg0864","fg0467","fg0702","fg0819","fg0924","fg0634","fg0622","fg0281","fg0418","fg0478","fg0461","fg0829","fg0298","fg0520","fg0084","fg0564","fg0178","fg0268","fg0016","fg0010"
"fq003654","vx_78cba185fb9e3979","fg0864","1","fg0864","fg0467","fg0702","fg0924","fg0819","fg0634","fg0622","fg0281","fg0418","fg0829","fg0461","fg0010","fg0298","fg0520","fg0478","fg0894","fg0564","fg0840","fg0280","fg0770"
"fq003655","vx_78cba185fb9e3979","fg0864","1","fg0864","fg0467","fg0702","fg0819","fg0924","fg0634","fg0418","fg0622","fg0281","fg0461","fg0298","fg0829","fg0520","fg0478","fg0010","fg0564","fg0894","fg0084","fg0174","fg0280"
"fq003656","vx_78cba185fb9e3979","fg0864","1","fg0864","fg0467","fg0702","fg0622","fg0281","fg0418","fg0924","fg0634","fg0819","fg0829","fg0016","fg0478","fg0298","fg0520","fg0770","fg0217","fg0461","fg0894","fg0840","fg0336"
"fq003657","vx_78cba185fb9e3979","fg0864","1","fg0864","fg0467","fg0702","fg0924","fg0819","fg0634","fg0622","fg0281","fg0418","fg0829","fg0520","fg0298","fg0478","fg0461","fg0016","fg0770","fg0564","fg0894","fg0178","fg0087"
"fq003658","vx_78cba185fb9e3979","fg0864","1","fg0864","fg0467","fg0702","fg0622","fg0924","fg0819","fg0418","fg0634","fg0281","fg0829","fg0478","fg0016","fg0298","fg0461","fg0010","fg0520","fg0770","fg0178","fg0268","fg0564"
"fq003659","vx_78cba185fb9e3979","fg0864","1","fg0864","fg0467","fg0702","fg0622","fg0924","fg0634","fg0418","fg0819","fg0281","fg0829","fg0478","fg0016","fg0461","fg0298","fg0795","fg0055","fg0520","fg0268","fg0084","fg0454"
"fq003660","vx_78cba185fb9e3979","fg0864","1","fg0864","fg0467","fg0702","fg0924","fg0634","fg0819","fg0622","fg0281","fg0418","fg0829","fg0461","fg0478","fg0298","fg0520","fg0016","fg0564","fg0770","fg0010","fg0894","fg0840"
"fq003661","vx_78cba185fb9e3979","fg0864","1","fg0864","fg0467","fg0702","fg0924","fg0281","fg0634","fg0819","fg0622","fg0418","fg0829","fg0478","fg0016","fg0298","fg0520","fg0461","fg0894","fg0840","fg0770","fg0564","fg0268"
"fq003662","vx_78cba185fb9e3979","fg0864","1","fg0864","fg0467","fg0702","fg0924","fg0819","fg0418","fg0634","fg0622","fg0281","fg0461","fg0298","fg0478","fg0829","fg0010","fg0520","fg0173","fg0840","fg0268","fg0178","fg0084"
"fq003663","vx_78cba185fb9e3979","fg0864","1","fg0864","fg0467","fg0702","fg0924","fg0819","fg0622","fg0418","fg0634","fg0281","fg0829","fg0478","fg0298","fg0268","fg0353","fg0461","fg0078","fg0770","fg0173","fg0010","fg0840"
"fq003664","vx_78cba185fb9e3979","fg0864","1","fg0864","fg0467","fg0702","fg0819","fg0924","fg0622","fg0634","fg0281","fg0418","fg0478","fg0829","fg0016","fg0298","fg0520","fg0840","fg0461","fg0178","fg0663","fg0564","fg0894"
"fq003665","vx_78cba185fb9e3979","fg0864","1","fg0864","fg0467","fg0702","fg0622","fg0829","fg0418","fg0281","fg0924","fg0634","fg0819","fg0016","fg0268","fg0217","fg0478","fg0454","fg0894","fg0663","fg0055","fg0840","fg0520"
"fq003666","vx_78cba185fb9e3979","fg0864","1","fg0864","fg0467","fg0702","fg0622","fg0819","fg0924","fg0634","fg0281","fg0418","fg0829","fg0520","fg0461","fg0298","fg0478","fg0016","fg0178","fg0564","fg0840","fg0010","fg0235"
"fq003667","vx_78cba185fb9e3979","fg0864","1","fg0864","fg0467","fg0702","fg0924","fg0819","fg0634","fg0622","fg0281","fg0418","fg0829","fg0478","fg0461","fg0298","fg0520","fg0770","fg0894","fg0016","fg0564","fg0336","fg0268"
"fq003668","vx_78cba185fb9e3979","fg0864","1","fg0864","fg0467","fg0702","fg0281","fg0924","fg0634","fg0418","fg0622","fg0819","fg0016","fg0829","fg0478","fg0770","fg0795","fg0268","fg0461","fg0055","fg0454","fg0298","fg0217"
"fq003669","vx_78cba185fb9e3979","fg0864","1","fg0864","fg0467","fg0622","fg0435","fg0702","fg0105","fg0894","fg0829","fg0924","fg0634","fg0173","fg0281","fg0520","fg0819","fg0418","fg0016","fg0365","fg0880","fg0055","fg0521"
"fq003670","vx_78cba185fb9e3979","fg0864","1","fg0864","fg0467","fg0702","fg0819","fg0924","fg0634","fg0622","fg0281","fg0418","fg0461","fg0478","fg0829","fg0298","fg0520","fg0084","fg0564","fg0010","fg0280","fg0174","fg0235"
"fq003671","vx_78cba185fb9e3979","fg0864","1","fg0864","fg0467","fg0702","fg0924","fg0819","fg0622","fg0634","fg0281","fg0418","fg0829","fg0478","fg0016","fg0298","fg0520","fg0461","fg0770","fg0564","fg0894","fg0840","fg0087"
"fq003672","vx_78cba185fb9e3979","fg0864","1","fg0864","fg0467","fg0702","fg0622","fg0819","fg0924","fg0634","fg0418","fg0281","fg0829","fg0010","fg0461","fg0478","fg0298","fg0520","fg0016","fg0840","fg0564","fg0856","fg0178"
"fq003673","vx_78cba185fb9e3979","fg0864","1","fg0864","fg0467","fg0702","fg0622","fg0924","fg0281","fg0634","fg0418","fg0819","fg0829","fg0016","fg0478","fg0298","fg0770","fg0894","fg0520","fg0461","fg0840","fg0268","fg0336"
"fq003674","vx_78cba185fb9e3979","fg0864","1","fg0864","fg0467","fg0702","fg0924","fg0418","fg0634","fg0281","fg0622","fg0819","fg0016","fg0829","fg0478","fg0795","fg0268","fg0454","fg0770","fg0461","fg0434","fg0055","fg0520"
"fq003675","vx_78cba185fb9e3979","fg0864","1","fg0864","fg0467","fg0702","fg0924","fg0819","fg0634","fg0418","fg0281","fg0622","fg0478","fg0461","fg0829","fg0298","fg0520","fg0564","fg0087","fg0010","fg0084","fg0770","fg0708"
"fq003676","vx_78cba185fb9e3979","fg0864","1","fg0864","fg0467","fg0702","fg0819","fg0924","fg0622","fg0634","fg0281","fg0418","fg0478","fg0461","fg0829","fg0520","fg0298","fg0564","fg0010","fg0084","fg0770","fg0174","fg0894"
"fq003677","vx_78cba185fb9e3979","fg0864","1","fg0864","fg0467","fg0702","fg0924","fg0819","fg0634","fg0418","fg0622","fg0281","fg0478","fg0829","fg0461","fg0010","fg0298","fg0520","fg0840","fg0016","fg0894","fg0564","fg0280"
"fq003678","vx_78cba185fb9e3979","fg0864","1","fg0864","fg0467","fg0702","fg0924","fg0634","fg0819","fg0281","fg0622","fg0418","fg0461","fg0829","fg0298","fg0478","fg0010","fg0770","fg0520","fg0708","fg0353","fg0336","fg0016"
"fq003679","vx_78cba185fb9e3979","fg0864","1","fg0864","fg0467","fg0702","fg0622","fg0418","fg0829","fg0281","fg0634","fg0924","fg0819","fg0016","fg0478","fg0268","fg0298","fg0217","fg0894","fg0840","fg0770","fg0078","fg0454"
"fq003680","vx_78cba185fb9e3979","fg0864","1","fg0864","fg0467","fg0702","fg0819","fg0924","fg0622","fg0634","fg0418","fg0281","fg0461","fg0829","fg0478","fg0298","fg0520","fg0564","fg0840","fg0016","fg0010","fg0087","fg0178"
"fq003681","vx_78cba185fb9e3979","fg0864","1","fg0864","fg0467","fg0702","fg0819","fg0622","fg0924","fg0634","fg0281","fg0418","fg0829","fg0461","fg0478","fg0298","fg0520","fg0564","fg0016","fg0770","fg0894","fg0084","fg0178"
"fq003682","vx_78cba185fb9e3979","fg0864","1","fg0864","fg0467","fg0702","fg0924","fg0819","fg0634","fg0622","fg0418","fg0281","fg0461","fg0298","fg0829","fg0010","fg0478","fg0520","fg0564","fg0280","fg0840","fg0084","fg0894"
"fq003683","vx_78cba185fb9e3979","fg0864","1","fg0864","fg0467","fg0702","fg0622","fg0924","fg0819","fg0281","fg0634","fg0418","fg0829","fg0016","fg0478","fg0520","fg0298","fg0840","fg0268","fg0798","fg0663","fg0461","fg0894"
"fq003684","vx_78cba185fb9e3979","fg0864","1","fg0864","fg0467","fg0702","fg0924","fg0819","fg0634","fg0281","fg0622","fg0418","fg0829","fg0478","fg0520","fg0016","fg0461","fg0298","fg0840","fg0010","fg0894","fg0770","fg0564"
"fq003685","vx_78cba185fb9e3979","fg0864","1","fg0864","fg0467","fg0702","fg0924","fg0819","fg0634","fg0622","fg0418","fg0281","fg0010","fg0829","fg0298","fg0520","fg0461","fg0478","fg0840","fg0894","fg0178","fg0770","fg0016"
"fq003686","vx_78cba185fb9e3979","fg0864","1","fg0864","fg0467","fg0702","fg0924","fg0819","fg0622","fg0634","fg0418","fg0281","fg0829","fg0461","fg0478","fg0298","fg0010","fg0520","fg0564","fg0268","fg0016","fg0840","fg0178"
"fq003687","vx_78cba185fb9e3979","fg0864","1","fg0864","fg0467","fg0702","fg0924","fg0819","fg0634","fg0622","fg0281","fg0418","fg0461","fg0298","fg0829","fg0010","fg0520","fg0564","fg0478","fg0521","fg0840","fg0235","fg0178"
"fq003688","vx_78cba185fb9e3979","fg0864","1","fg0864","fg0467","fg0702","fg0622","fg0924","fg0819","fg0634","fg0281","fg0418","fg0829","fg0478","fg0016","fg0520","fg0178","fg0298","fg0084","fg0840","fg0268","fg0461","fg0010"
"fq003689","vx_78cba185fb9e3979","fg0864","1","fg0864","fg0467","fg0702","fg0924","fg0819","fg0418","fg0281","fg0634","fg0622","fg0829","fg0478","fg0298","fg0016","fg0268","fg0461","fg0520","fg0770","fg0840","fg0894","fg0055"
"fq003690","vx_78cba185fb9e3979","fg0864","1","fg0864","fg0467","fg0702","fg0924","fg0819","fg0622","fg0634","fg0418","fg0281","fg0829","fg0298","fg0478","fg0461","fg0016","fg0268","fg0520","fg0840","fg0770","fg0336","fg0564"
"fq003691","vx_78cba185fb9e3979","fg0864","1","fg0864","fg0467","fg0702","fg0924","fg0819","fg0634","fg0622","fg0418","fg0281","fg0829","fg0478","fg0461","fg0298","fg0520","fg0016","fg0010","fg0840","fg0564","fg0894","fg0087"
"fq003692","vx_78cba185fb9e3979","fg0864","1","fg0864","fg0467","fg0702","fg0924","fg0819","fg0634","fg0622","fg0418","fg0281","fg0010","fg0461","fg0298","fg0478","fg0829","fg0520","fg0840","fg0564","fg0280","fg0894","fg0084"
"fq003693","vx_78cba185fb9e3979","fg0864","1","fg0864","fg0467","fg0702","fg0622","fg0819","fg0924","fg0634","fg0281","fg0418","fg0829","fg0478","fg0298","fg0461","fg0520","fg0010","fg0016","fg0840","fg0564","fg0894","fg0856"
"fq003694","vx_78cba185fb9e3979","fg0864","1","fg0864","fg0467","fg0702","fg0924","fg0819","fg0622","fg0634","fg0418","fg0281","fg0829","fg0461","fg0010","fg0298","fg0478","fg0520","fg0840","fg0564","fg0894","fg0521","fg0770"
"fq003695","vx_78cba185fb9e3979","fg0864","1","fg0864","fg0467","fg0702","fg0924","fg0819","fg0634","fg0622","fg0281","fg0418","fg0461","fg0478","fg0298","fg0829","fg0520","fg0010","fg0840","fg0564","fg0894","fg0016","fg0084"
"fq003696","vx_78cba185fb9e3979","fg0864","1","fg0864","fg0467","fg0702","fg0924","fg0622","fg0819","fg0281","fg0634","fg0418","fg0829","fg0016","fg0478","fg0520","fg0298","fg0461","fg0770","fg0564","fg0894","fg0840","fg0010"
"fq003697","vx_78cba185fb9e3979","fg0864","1","fg0864","fg0467","fg0702","fg0622","fg0634","fg0924","fg0281","fg0819","fg0418","fg0829","fg0016","fg0478","fg0461","fg0298","fg0055","fg0520","fg0770","fg0268","fg0795","fg0178"
"fq003698","vx_78cba185fb9e3979","fg0864","1","fg0864","fg0467","fg0702","fg0622","fg0281","fg0924","fg0634","fg0418","fg0819","fg0829","fg0016","fg0478","fg0298","fg0461","fg0520","fg0770","fg0894","fg0268","fg0178","fg0564"
"fq003699","vx_78cba185fb9e3979","fg0864","1","fg0864","fg0467","fg0702","fg0924","fg0281","fg0634","fg0622","fg0819","fg0418","fg0829","fg0478","fg0016","fg0461","fg0298","fg0894","fg0055","fg0520","fg0268","fg0770","fg0840"
"fq003700","vx_78cba185fb9e3979","fg0864","1","fg0864","fg0467","fg0702","fg0924","fg0819","fg0634","fg0418","fg0622","fg0281","fg0461","fg0829","fg0478","fg0520","fg0298","fg0840","fg0010","fg0564","fg0894","fg0016","fg0084"
"fq003701","vx_78cba185fb9e3979","fg0864","1","fg0864","fg0467","fg0702","fg0924","fg0819","fg0634","fg0622","fg0281","fg0418","fg0461","fg0829","fg0478","fg0298","fg0520","fg0564","fg0010","fg0087","fg0770","fg0016","fg0894"
"fq003702","vx_78cba185fb9e3979","fg0864","1","fg0864","fg0467","fg0702","fg0622","fg0418","fg0924","fg0281","fg0634","fg0819","fg0829","fg0016","fg0298","fg0894","fg0268","fg0478","fg0840","fg0520","fg0770","fg0217","fg0336"
"fq003703","vx_78cba185fb9e3979","fg0864","1","fg0864","fg0467","fg0702","fg0924","fg0634","fg0819","fg0281","fg0622","fg0418","fg0829","fg0478","fg0298","fg0461","fg0016","fg0520","fg0564","fg0055","fg0770","fg0268","fg0178"
"fq003704","vx_78cba185fb9e3979","fg0864","1","fg0864","fg0467","fg0702","fg0924","fg0819","fg0634","fg0418","fg0622","fg0281","fg0461","fg0010","fg0829","fg0520","fg0298","fg0478","fg0564","fg0840","fg0280","fg0178","fg0894"
"fq003705","vx_78cba185fb9e3979","fg0864","1","fg0864","fg0467","fg0702","fg0924","fg0622","fg0634","fg0819","fg0281","fg0418","fg0829","fg0298","fg0461","fg0478","fg0016","fg0520","fg0010","fg0840","fg0894","fg0178","fg0770"
"fq003706","vx_78cba185fb9e3979","fg0864","1","fg0864","fg0467","fg0702","fg0924","fg0819","fg0634","fg0622","fg0281","fg0418","fg0461","fg0298","fg0829","fg0478","fg0520","fg0770","fg0010","fg0564","fg0708","fg0280","fg0353"
"fq003707","vx_78cba185fb9e3979","fg0864","1","fg0864","fg0467","fg0702","fg0819","fg0924","fg0634","fg0418","fg0622","fg0281","fg0461","fg0298","fg0829","fg0010","fg0478","fg0520","fg0564","fg0084","fg0840","fg0280","fg0235"
"fq003708","vx_78cba185fb9e3979","fg0864","1","fg0864","fg0467","fg0702","fg0924","fg0819","fg0634","fg0418","fg0622","fg0281","fg0461","fg0829","fg0298","fg0010","fg0520","fg0478","fg0564","fg0280","fg0840","fg0894","fg0708"
"fq003709","vx_78cba185fb9e3979","fg0864","1","fg0864","fg0467","fg0702","fg0622","fg0924","fg0819","fg0634","fg0281","fg0418","fg0010","fg0520","fg0829","fg0298","fg0268","fg0840","fg0478","fg0016","fg0178","fg0105","fg0663"
"fq003710","vx_78cba185fb9e3979","fg0864","1","fg0864","fg0467","fg0702","fg0924","fg0819","fg0622","fg0634","fg0418","fg0281","fg0461","fg0298","fg0829","fg0478","fg0010","fg0520","fg0840","fg0564","fg0336","fg0268","fg0280"
"fq003711","vx_78cba185fb9e3979","fg0864","1","fg0864","fg0467","fg0702","fg0924","fg0622","fg0819","fg0634","fg0281","fg0418","fg0829","fg0461","fg0478","fg0520","fg0298","fg0016","fg0010","fg0840","fg0894","fg0770","fg0087"
"fq003712","vx_78cba185fb9e3979","fg0864","1","fg0864","fg0467","fg0702","fg0819","fg0924","fg0634","fg0622","fg0418","fg0281","fg0829","fg0461","fg0478","fg0298","fg0010","fg0520","fg0016","fg0894","fg0564","fg0336","fg0280"
"fq003713","vx_78cba185fb9e3979","fg0864","1","fg0864","fg0467","fg0702","fg0924","fg0634","fg0281","fg0819","fg0622","fg0418","fg0829","fg0478","fg0016","fg0298","fg0770","fg0461","fg0894","fg0520","fg0055","fg0268","fg0840"
"fq003714","vx_78cba185fb9e3979","fg0864","1","fg0864","fg0467","fg0702","fg0924","fg0622","fg0819","fg0634","fg0281","fg0418","fg0829","fg0478","fg0461","fg0298","fg0520","fg0016","fg0010","fg0087","fg0840","fg0564","fg0894"
"fq003715","vx_78cba185fb9e3979","fg0864","1","fg0864","fg0467","fg0702","fg0924","fg0819","fg0634","fg0281","fg0622","fg0418","fg0829","fg0478","fg0298","fg0461","fg0016","fg0520","fg0894","fg0564","fg0770","fg0336","fg0010"
"fq003716","vx_78cba185fb9e3979","fg0864","1","fg0864","fg0467","fg0702","fg0819","fg0924","fg0622","fg0634","fg0281","fg0418","fg0829","fg0178","fg0520","fg0298","fg0016","fg0010","fg0461","fg0840","fg0478","fg0028","fg0084"
"fq003717","vx_78cba185fb9e3979","fg0864","1","fg0864","fg0467","fg0702","fg0622","fg0924","fg0819","fg0634","fg0418","fg0281","fg0829","fg0478","fg0675","fg0016","fg0461","fg0298","fg0520","fg0840","fg0178","fg0084","fg0010"
"fq003718","vx_78cba185fb9e3979","fg0864","1","fg0864","fg0467","fg0702","fg0819","fg0924","fg0634","fg0281","fg0622","fg0418","fg0829","fg0298","fg0478","fg0461","fg0520","fg0235","fg0770","fg0016","fg0564","fg0178","fg0010"
"fq003719","vx_78cba185fb9e3979","fg0864","1","fg0864","fg0467","fg0702","fg0622","fg0924","fg0819","fg0281","fg0634","fg0418","fg0829","fg0016","fg0268","fg0894","fg0770","fg0663","fg0478","fg0454","fg0520","fg0840","fg0217"
"fq003720","vx_78cba185fb9e3979","fg0864","1","fg0864","fg0467","fg0702","fg0634","fg0924","fg0622","fg0819","fg0281","fg0418","fg0829","fg0520","fg0298","fg0461","fg0016","fg0478","fg0010","fg0840","fg0894","fg0770","fg0564"
"fq003721","vx_78cba185fb9e3979","fg0864","1","fg0864","fg0467","fg0702","fg0622","fg0819","fg0924","fg0634","fg0281","fg0418","fg0829","fg0478","fg0010","fg0461","fg0520","fg0840","fg0298","fg0016","fg0178","fg0856","fg0894"
"fq003722","vx_78cba185fb9e3979","fg0864","1","fg0864","fg0467","fg0702","fg0622","fg0924","fg0819","fg0281","fg0634","fg0418","fg0829","fg0016","fg0478","fg0298","fg0461","fg0520","fg0770","fg0840","fg0894","fg0564","fg0178"
"fq003723","vx_62cfc0eb76ea8295","fg0865","1","fg0865","fg0424","fg0418","fg0470","fg0152","fg0544","fg0597","fg0482","fg0151","fg0036","fg0616","fg0378","fg0904","fg0717","fg0566","fg0109","fg0079","fg0585","fg0980","fg0969"
"fq003724","vx_3ba9315bd7ba5d1d","fg0866","1","fg0866","fg0436","fg0124","fg0632","fg0900","fg0295","fg0501","fg0210","fg0799","fg0690","fg0705","fg0896","fg0918","fg0863","fg0776","fg0339","fg0666","fg0074","fg0311","fg0894"
"fq003725","vx_0ece9bf4112a0f8e","fg0867","1","fg0867","fg0931","fg0071","fg0919","fg0569","fg0588","fg0889","fg0490","fg0533","fg0159","fg0140","fg0740","fg0270","fg0173","fg0584","fg0594","fg0885","fg0298","fg0769","fg0042"
"fq003726","vx_0ece9bf4112a0f8e","fg0867","1","fg0867","fg0931","fg0919","fg0140","fg0071","fg0983","fg0889","fg0644","fg0569","fg0740","fg0490","fg0173","fg0779","fg0527","fg0588","fg0594","fg0298","fg0533","fg0270","fg0159"
"fq003727","vx_9ebc3232e03e6d1e","fg0868","186","fg0345","fg0147","fg0260","fg0191","fg0573","fg0831","fg0334","fg0747","fg0490","fg0247","fg0589","fg0012","fg0843","fg0117","fg0841","fg0513","fg0958","fg0175","fg0282","fg0588"
"fq003728","vx_9ebc3232e03e6d1e","fg0868","860","fg0147","fg0260","fg0345","fg0573","fg0831","fg0191","fg0747","fg0247","fg0334","fg0589","fg0490","fg0513","fg0843","fg0012","fg0117","fg0175","fg0127","fg0841","fg0282","fg0907"
"fq003729","vx_9ebc3232e03e6d1e","fg0868","783","fg0147","fg0260","fg0345","fg0573","fg0831","fg0191","fg0490","fg0589","fg0505","fg0657","fg0519","fg0334","fg0914","fg0972","fg0669","fg0012","fg0175","fg0747","fg0247","fg0117"
"fq003730","vx_acfd933036260f59","fg0869","2","fg0090","fg0869","fg0107","fg0103","fg0367","fg0530","fg0287","fg0387","fg0076","fg0408","fg0222","fg0033","fg0209","fg0227","fg0955","fg0479","fg0939","fg0706","fg0745","fg0800"
"fq003731","vx_acfd933036260f59","fg0869","4","fg0103","fg0367","fg0090","fg0869","fg0287","fg0387","fg0227","fg0791","fg0706","fg0209","fg0955","fg0987","fg0857","fg0618","fg0222","fg0200","fg0905","fg0244","fg0745","fg0796"
"fq003732","vx_acfd933036260f59","fg0869","2","fg0090","fg0869","fg0103","fg0107","fg0367","fg0287","fg0530","fg0387","fg0227","fg0408","fg0706","fg0209","fg0076","fg0222","fg0905","fg0955","fg0745","fg0939","fg0555","fg0244"
"fq003733","vx_acfd933036260f59","fg0869","2","fg0090","fg0869","fg0103","fg0107","fg0367","fg0287","fg0530","fg0387","fg0408","fg0227","fg0209","fg0955","fg0706","fg0076","fg0939","fg0222","fg0905","fg0745","fg0894","fg0555"
"fq003734","vx_acfd933036260f59","fg0869","2","fg0090","fg0869","fg0103","fg0367","fg0107","fg0287","fg0387","fg0227","fg0530","fg0209","fg0706","fg0076","fg0408","fg0955","fg0222","fg0796","fg0905","fg0939","fg0745","fg0555"
"fq003735","vx_acfd933036260f59","fg0869","2","fg0090","fg0869","fg0107","fg0103","fg0367","fg0530","fg0287","fg0408","fg0387","fg0076","fg0227","fg0209","fg0706","fg0955","fg0939","fg0222","fg0745","fg0905","fg0244","fg0555"
"fq003736","vx_acfd933036260f59","fg0869","2","fg0090","fg0869","fg0107","fg0103","fg0530","fg0367","fg0408","fg0287","fg0076","fg0387","fg0227","fg0209","fg0222","fg0706","fg0939","fg0955","fg0987","fg0745","fg0905","fg0244"
"fq003737","vx_acfd933036260f59","fg0869","4","fg0103","fg0367","fg0090","fg0869","fg0287","fg0387","fg0227","fg0209","fg0706","fg0955","fg0222","fg0745","fg0857","fg0905","fg0796","fg0791","fg0244","fg0618","fg0200","fg0987"
"fq003738","vx_acfd933036260f59","fg0869","2","fg0090","fg0869","fg0107","fg0103","fg0367","fg0287","fg0530","fg0408","fg0387","fg0227","fg0076","fg0706","fg0209","fg0955","fg0222","fg0939","fg0745","fg0905","fg0555","fg0244"
"fq003739","vx_0d9540d6efc9819c","fg0870","1","fg0870","fg0898","fg0242","fg0502","fg0206","fg0887","fg0300","fg0158","fg0672","fg0877","fg0251","fg0824","fg0760","fg0097","fg0183","fg0377","fg0891","fg0339","fg0753","fg0449"
"fq003740","vx_0d9540d6efc9819c","fg0870","1","fg0870","fg0898","fg0242","fg0502","fg0206","fg0300","fg0887","fg0672","fg0824","fg0877","fg0158","fg0097","fg0881","fg0891","fg0251","fg0183","fg0776","fg0753","fg0679","fg0412"
"fq003741","vx_0d9540d6efc9819c","fg0870","1","fg0870","fg0898","fg0242","fg0502","fg0206","fg0887","fg0300","fg0672","fg0877","fg0824","fg0097","fg0251","fg0158","fg0881","fg0183","fg0891","fg0561","fg0735","fg0322","fg0776"
"fq003742","vx_0d9540d6efc9819c","fg0870","1","fg0870","fg0898","fg0242","fg0502","fg0206","fg0887","fg0672","fg0300","fg0824","fg0158","fg0251","fg0877","fg0097","fg0183","fg0891","fg0377","fg0881","fg0718","fg0760","fg0753"
"fq003743","vx_0d9540d6efc9819c","fg0870","1","fg0870","fg0898","fg0242","fg0502","fg0206","fg0887","fg0300","fg0672","fg0877","fg0824","fg0158","fg0183","fg0251","fg0377","fg0891","fg0881","fg0097","fg0449","fg0776","fg0266"
"fq003744","vx_0d9540d6efc9819c","fg0870","1","fg0870","fg0898","fg0242","fg0502","fg0300","fg0206","fg0887","fg0672","fg0158","fg0877","fg0824","fg0183","fg0251","fg0377","fg0891","fg0776","fg0097","fg0138","fg0881","fg0180"
"fq003745","vx_0d9540d6efc9819c","fg0870","1","fg0870","fg0898","fg0242","fg0502","fg0887","fg0206","fg0300","fg0672","fg0158","fg0877","fg0824","fg0339","fg0251","fg0377","fg0881","fg0183","fg0097","fg0891","fg0322","fg0449"
"fq003746","vx_0d9540d6efc9819c","fg0870","1","fg0870","fg0898","fg0242","fg0502","fg0887","fg0206","fg0300","fg0672","fg0158","fg0183","fg0824","fg0377","fg0251","fg0449","fg0877","fg0891","fg0097","fg0339","fg0753","fg0881"
"fq003747","vx_0d9540d6efc9819c","fg0870","1","fg0870","fg0898","fg0242","fg0502","fg0887","fg0206","fg0300","fg0158","fg0672","fg0824","fg0877","fg0251","fg0183","fg0097","fg0881","fg0891","fg0377","fg0322","fg0776","fg0718"
"fq003748","vx_0d9540d6efc9819c","fg0870","1","fg0870","fg0898","fg0242","fg0502","fg0206","fg0887","fg0300","fg0672","fg0824","fg0877","fg0158","fg0183","fg0251","fg0881","fg0679","fg0891","fg0377","fg0097","fg0776","fg0718"
"fq003749","vx_0d9540d6efc9819c","fg0870","1","fg0870","fg0898","fg0242","fg0502","fg0206","fg0887","fg0672","fg0300","fg0824","fg0158","fg0251","fg0877","fg0377","fg0097","fg0891","fg0183","fg0449","fg0753","fg0266","fg0339"
"fq003750","vx_0d9540d6efc9819c","fg0870","1","fg0870","fg0898","fg0242","fg0502","fg0206","fg0887","fg0300","fg0672","fg0877","fg0824","fg0158","fg0183","fg0251","fg0881","fg0891","fg0097","fg0776","fg0679","fg0377","fg0322"
"fq003751","vx_0d9540d6efc9819c","fg0870","1","fg0870","fg0898","fg0242","fg0502","fg0206","fg0300","fg0887","fg0672","fg0183","fg0877","fg0377","fg0449","fg0824","fg0891","fg0251","fg0097","fg0679","fg0881","fg0158","fg0322"
"fq003752","vx_0d9540d6efc9819c","fg0870","1","fg0870","fg0898","fg0242","fg0502","fg0206","fg0300","fg0887","fg0672","fg0877","fg0097","fg0251","fg0824","fg0561","fg0735","fg0158","fg0183","fg0377","fg0776","fg0881","fg0322"
"fq003753","vx_0d9540d6efc9819c","fg0870","1","fg0870","fg0898","fg0242","fg0502","fg0206","fg0887","fg0300","fg0672","fg0158","fg0824","fg0877","fg0891","fg0753","fg0251","fg0881","fg0377","fg0183","fg0679","fg0339","fg0097"
"fq003754","vx_0d9540d6efc9819c","fg0870","1","fg0870","fg0898","fg0242","fg0502","fg0206","fg0887","fg0300","fg0672","fg0158","fg0824","fg0877","fg0251","fg0097","fg0776","fg0881","fg0891","fg0183","fg0760","fg0412","fg0377"
"fq003755","vx_0d9540d6efc9819c","fg0870","1","fg0870","fg0898","fg0242","fg0502","fg0206","fg0887","fg0300","fg0672","fg0877","fg0824","fg0158","fg0097","fg0251","fg0881","fg0891","fg0183","fg0377","fg0679","fg0322","fg0561"
"fq003756","vx_0d9540d6efc9819c","fg0870","1","fg0870","fg0898","fg0242","fg0300","fg0502","fg0206","fg0887","fg0672","fg0824","fg0877","fg0183","fg0158","fg0251","fg0097","fg0377","fg0881","fg0891","fg0679","fg0449","fg0776"
"fq003757","vx_0d9540d6efc9819c","fg0870","1","fg0870","fg0898","fg0242","fg0300","fg0502","fg0206","fg0887","fg0672","fg0877","fg0824","fg0183","fg0158","fg0881","fg0679","fg0251","fg0377","fg0891","fg0097","fg0776","fg0322"
"fq003758","vx_0d9540d6efc9819c","fg0870","1","fg0870","fg0898","fg0242","fg0502","fg0206","fg0887","fg0672","fg0300","fg0824","fg0251","fg0877","fg0097","fg0183","fg0377","fg0891","fg0735","fg0561","fg0158","fg0322","fg0449"
"fq003759","vx_0d9540d6efc9819c","fg0870","1","fg0870","fg0898","fg0242","fg0502","fg0300","fg0206","fg0887","fg0672","fg0877","fg0824","fg0183","fg0377","fg0251","fg0449","fg0881","fg0158","fg0097","fg0891","fg0322","fg0718"
"fq003760","vx_0d9540d6efc9819c","fg0870","1","fg0870","fg0898","fg0242","fg0502","fg0300","fg0206","fg0887","fg0672","fg0158","fg0824","fg0877","fg0183","fg0251","fg0377","fg0881","fg0097","fg0776","fg0891","fg0449","fg0679"
"fq003761","vx_0d9540d6efc9819c","fg0870","1","fg0870","fg0898","fg0242","fg0300","fg0502","fg0206","fg0887","fg0672","fg0877","fg0251","fg0183","fg0776","fg0824","fg0097","fg0158","fg0881","fg0377","fg0679","fg0322","fg0561"
"fq003762","vx_0d9540d6efc9819c","fg0870","1","fg0870","fg0898","fg0242","fg0502","fg0206","fg0887","fg0300","fg0672","fg0877","fg0824","fg0097","fg0251","fg0158","fg0891","fg0183","fg0881","fg0760","fg0561","fg0322","fg0776"
"fq003763","vx_0d9540d6efc9819c","fg0870","1","fg0870","fg0898","fg0242","fg0502","fg0206","fg0300","fg0887","fg0672","fg0877","fg0824","fg0251","fg0158","fg0097","fg0183","fg0881","fg0377","fg0776","fg0561","fg0679","fg0891"
"fq003764","vx_0d9540d6efc9819c","fg0870","1","fg0870","fg0898","fg0242","fg0502","fg0300","fg0206","fg0887","fg0158","fg0672","fg0824","fg0877","fg0776","fg0679","fg0881","fg0097","fg0183","fg0251","fg0891","fg0753","fg0419"
"fq003765","vx_0d9540d6efc9819c","fg0870","1","fg0870","fg0898","fg0242","fg0502","fg0206","fg0887","fg0300","fg0672","fg0877","fg0824","fg0251","fg0183","fg0158","fg0377","fg0097","fg0891","fg0881","fg0449","fg0561","fg0718"
"fq003766","vx_0d9540d6efc9819c","fg0870","1","fg0870","fg0898","fg0242","fg0502","fg0887","fg0206","fg0300","fg0158","fg0672","fg0251","fg0377","fg0824","fg0097","fg0547","fg0183","fg0877","fg0449","fg0891","fg0760","fg0339"
"fq003767","vx_0d9540d6efc9819c","fg0870","1","fg0870","fg0898","fg0242","fg0502","fg0300","fg0206","fg0887","fg0672","fg0877","fg0824","fg0158","fg0679","fg0776","fg0251","fg0881","fg0097","fg0891","fg0183","fg0322","fg0377"
"fq003768","vx_0d9540d6efc9819c","fg0870","1","fg0870","fg0898","fg0242","fg0502","fg0887","fg0206","fg0300","fg0672","fg0158","fg0877","fg0824","fg0377","fg0251","fg0183","fg0339","fg0891","fg0097","fg0449","fg0881","fg0322"
"fq003769","vx_bb5c4b4abd7327d9","fg0871","1","fg0871","fg0953","fg0730","fg0606","fg0397","fg0979","fg0370","fg0598","fg0257","fg0009","fg0061","fg0410","fg0762","fg0288","fg0780","fg0851","fg0187","fg0956","fg0637","fg0484"
"fq003770","vx_bb5c4b4abd7327d9","fg0871","1","fg0871","fg0953","fg0730","fg0606","fg0979","fg0397","fg0370","fg0257","fg0410","fg0598","fg0780","fg0851","fg0061","fg0762","fg0515","fg0288","fg0187","fg0637","fg0966","fg0091"
"fq003771","vx_8aedf6e1b5753b13","fg0872","1","fg0872","fg0762","fg0067","fg0672","fg0637","fg0295","fg0940","fg0306","fg0131","fg0134","fg0454","fg0774","fg0405","fg0277","fg0950","fg0296","fg0601","fg0200","fg0125","fg0094"
"fq003772","vx_8aedf6e1b5753b13","fg0872","1","fg0872","fg0295","fg0801","fg0239","fg0853","fg0735","fg0264","fg0073","fg0707","fg0561","fg0415","fg0067","fg0875","fg0652","fg0372","fg0589","fg0774","fg0454","fg0272","fg0052"
"fq003773","vx_8aedf6e1b5753b13","fg0872","1","fg0872","fg0233","fg0587","fg0197","fg0672","fg0642","fg0595","fg0084","fg0975","fg0195","fg0004","fg0539","fg0098","fg0196","fg0779","fg0892","fg0557","fg0173","fg0726","fg0950"
"fq003774","vx_8aedf6e1b5753b13","fg0872","1","fg0872","fg0762","fg0067","fg0637","fg0672","fg0295","fg0306","fg0940","fg0277","fg0774","fg0131","fg0094","fg0134","fg0454","fg0052","fg0950","fg0156","fg0405","fg0125","fg0032"
"fq003775","vx_8aedf6e1b5753b13","fg0872","1","fg0872","fg0762","fg0067","fg0672","fg0637","fg0306","fg0295","fg0940","fg0277","fg0774","fg0454","fg0131","fg0134","fg0052","fg0094","fg0156","fg0405","fg0296","fg0125","fg0950"
"fq003776","vx_8aedf6e1b5753b13","fg0872","1","fg0872","fg0067","fg0295","fg0762","fg0672","fg0248","fg0277","fg0010","fg0637","fg0094","fg0080","fg0601","fg0774","fg0415","fg0929","fg0950","fg0131","fg0975","fg0853","fg0676"
"fq003777","vx_8aedf6e1b5753b13","fg0872","1","fg0872","fg0067","fg0672","fg0295","fg0762","fg0940","fg0454","fg0405","fg0131","fg0277","fg0094","fg0134","fg0950","fg0032","fg0306","fg0637","fg0740","fg0601","fg0726","fg0296"
"fq003778","vx_8aedf6e1b5753b13","fg0872","1","fg0872","fg0762","fg0672","fg0637","fg0595","fg0067","fg0950","fg0975","fg0956","fg0726","fg0134","fg0233","fg0131","fg0042","fg0306","fg0774","fg0349","fg0940","fg0730","fg0504"
"fq003779","vx_8aedf6e1b5753b13","fg0872","1","fg0872","fg0067","fg0672","fg0762","fg0295","fg0306","fg0940","fg0277","fg0637","fg0774","fg0131","fg0454","fg0405","fg0094","fg0601","fg0134","fg0296","fg0950","fg0200","fg0125"
"fq003780","vx_8aedf6e1b5753b13","fg0872","1","fg0872","fg0762","fg0672","fg0067","fg0637","fg0156","fg0306","fg0296","fg0131","fg0295","fg0277","fg0601","fg0454","fg0940","fg0738","fg0405","fg0134","fg0774","fg0950","fg0032"
"fq003781","vx_8aedf6e1b5753b13","fg0872","1","fg0872","fg0762","fg0637","fg0067","fg0672","fg0306","fg0134","fg0940","fg0740","fg0200","fg0454","fg0156","fg0203","fg0295","fg0956","fg0774","fg0052","fg0131","fg0296","fg0504"
"fq003782","vx_8aedf6e1b5753b13","fg0872","1","fg0872","fg0067","fg0762","fg0672","fg0295","fg0637","fg0277","fg0306","fg0774","fg0940","fg0131","fg0094","fg0052","fg0454","fg0405","fg0200","fg0929","fg0032","fg0296","fg0950"
"fq003783","vx_8aedf6e1b5753b13","fg0872","1","fg0872","fg0067","fg0762","fg0672","fg0306","fg0295","fg0940","fg0277","fg0637","fg0774","fg0454","fg0131","fg0134","fg0405","fg0094","fg0950","fg0052","fg0032","fg0601","fg0296"
"fq003784","vx_8aedf6e1b5753b13","fg0872","1","fg0872","fg0762","fg0672","fg0067","fg0940","fg0637","fg0277","fg0306","fg0454","fg0191","fg0405","fg0295","fg0772","fg0676","fg0601","fg0131","fg0134","fg0032","fg0328","fg0296"
"fq003785","vx_8aedf6e1b5753b13","fg0872","1","fg0872","fg0067","fg0672","fg0277","fg0295","fg0940","fg0405","fg0774","fg0094","fg0248","fg0131","fg0454","fg0306","fg0032","fg0134","fg0745","fg0784","fg0740","fg0601","fg0052"
"fq003786","vx_8aedf6e1b5753b13","fg0872","1","fg0872","fg0067","fg0762","fg0672","fg0295","fg0306","fg0637","fg0277","fg0940","fg0774","fg0131","fg0134","fg0094","fg0454","fg0405","fg0032","fg0950","fg0125","fg0296","fg0601"
"fq003787","vx_8aedf6e1b5753b13","fg0872","1","fg0872","fg0067","fg0762","fg0672","fg0306","fg0637","fg0295","fg0940","fg0277","fg0774","fg0131","fg0454","fg0134","fg0405","fg0052","fg0094","fg0950","fg0200","fg0601","fg0740"
"fq003788","vx_8aedf6e1b5753b13","fg0872","1","fg0872","fg0762","fg0067","fg0637","fg0672","fg0306","fg0295","fg0940","fg0131","fg0774","fg0277","fg0134","fg0950","fg0052","fg0094","fg0032","fg0405","fg0200","fg0454","fg0296"
"fq003789","vx_8aedf6e1b5753b13","fg0872","1","fg0872","fg0067","fg0672","fg0295","fg0762","fg0940","fg0306","fg0277","fg0131","fg0405","fg0454","fg0094","fg0774","fg0637","fg0950","fg0134","fg0032","fg0601","fg0504","fg0200"
"fq003790","vx_8aedf6e1b5753b13","fg0872","1","fg0872","fg0067","fg0762","fg0672","fg0295","fg0306","fg0277","fg0637","fg0940","fg0774","fg0131","fg0454","fg0134","fg0405","fg0094","fg0950","fg0032","fg0601","fg0139","fg0052"
"fq003791","vx_8aedf6e1b5753b13","fg0872","1","fg0872","fg0067","fg0762","fg0672","fg0637","fg0295","fg0940","fg0306","fg0277","fg0950","fg0774","fg0131","fg0601","fg0134","fg0454","fg0405","fg0740","fg0032","fg0200","fg0094"
"fq003792","vx_8aedf6e1b5753b13","fg0872","1","fg0872","fg0672","fg0067","fg0306","fg0940","fg0774","fg0295","fg0277","fg0454","fg0094","fg0134","fg0405","fg0131","fg0637","fg0125","fg0950","fg0052","fg0601","fg0296","fg0762"
"fq003793","vx_8aedf6e1b5753b13","fg0872","1","fg0872","fg0762","fg0637","fg0672","fg0950","fg0067","fg0956","fg0595","fg0306","fg0134","fg0940","fg0774","fg0052","fg0156","fg0904","fg0730","fg0131","fg0975","fg0504","fg0296"
"fq003794","vx_8aedf6e1b5753b13","fg0872","1","fg0872","fg0762","fg0067","fg0672","fg0306","fg0637","fg0295","fg0940","fg0277","fg0131","fg0454","fg0134","fg0774","fg0950","fg0405","fg0601","fg0094","fg0740","fg0032","fg0139"
"fq003795","vx_8aedf6e1b5753b13","fg0872","1","fg0872","fg0762","fg0067","fg0672","fg0306","fg0637","fg0295","fg0940","fg0277","fg0774","fg0131","fg0454","fg0134","fg0094","fg0405","fg0601","fg0950","fg0032","fg0125","fg0052"
"fq003796","vx_8aedf6e1b5753b13","fg0872","1","fg0872","fg0762","fg0067","fg0672","fg0295","fg0637","fg0306","fg0940","fg0131","fg0454","fg0277","fg0774","fg0134","fg0094","fg0950","fg0156","fg0405","fg0052","fg0125","fg0296"
"fq003797","vx_8aedf6e1b5753b13","fg0872","1","fg0872","fg0762","fg0067","fg0672","fg0637","fg0306","fg0774","fg0295","fg0940","fg0200","fg0134","fg0950","fg0277","fg0131","fg0454","fg0405","fg0094","fg0052","fg0032","fg0296"
"fq003798","vx_8aedf6e1b5753b13","fg0872","1","fg0872","fg0762","fg0067","fg0672","fg0637","fg0306","fg0774","fg0940","fg0134","fg0277","fg0131","fg0094","fg0454","fg0200","fg0295","fg0405","fg0052","fg0156","fg0950","fg0296"
"fq003799","vx_8aedf6e1b5753b13","fg0872","1","fg0872","fg0762","fg0637","fg0672","fg0306","fg0067","fg0950","fg0940","fg0134","fg0296","fg0295","fg0454","fg0156","fg0774","fg0052","fg0131","fg0125","fg0032","fg0405","fg0277"
"fq003800","vx_8aedf6e1b5753b13","fg0872","1","fg0872","fg0762","fg0067","fg0672","fg0295","fg0637","fg0306","fg0131","fg0277","fg0940","fg0774","fg0950","fg0454","fg0405","fg0094","fg0052","fg0200","fg0134","fg0032","fg0156"
"fq003801","vx_8aedf6e1b5753b13","fg0872","1","fg0872","fg0762","fg0067","fg0637","fg0672","fg0306","fg0295","fg0774","fg0131","fg0052","fg0940","fg0277","fg0134","fg0200","fg0094","fg0296","fg0405","fg0454","fg0156","fg0032"
"fq003802","vx_8aedf6e1b5753b13","fg0872","852","fg0965","fg0868","fg0559","fg0539","fg0105","fg0769","fg0990","fg0724","fg0671","fg0294","fg0673","fg0675","fg0151","fg0771","fg0156","fg0052","fg0365","fg0086","fg0738","fg0806"
"fq003803","vx_8aedf6e1b5753b13","fg0872","1","fg0872","fg0762","fg0067","fg0672","fg0637","fg0306","fg0295","fg0277","fg0940","fg0774","fg0131","fg0134","fg0405","fg0052","fg0950","fg0454","fg0929","fg0094","fg0139","fg0125"
"fq003804","vx_8aedf6e1b5753b13","fg0872","1","fg0872","fg0672","fg0067","fg0940","fg0405","fg0134","fg0975","fg0950","fg0277","fg0197","fg0094","fg0642","fg0740","fg0784","fg0676","fg0774","fg0248","fg0131","fg0296","fg0904"
"fq003805","vx_8aedf6e1b5753b13","fg0872","1","fg0872","fg0762","fg0067","fg0672","fg0637","fg0940","fg0295","fg0306","fg0131","fg0950","fg0454","fg0277","fg0774","fg0405","fg0134","fg0200","fg0296","fg0601","fg0094","fg0032"
"fq003806","vx_8aedf6e1b5753b13","fg0872","2","fg0762","fg0872","fg0637","fg0956","fg0595","fg0672","fg0950","fg0975","fg0730","fg0631","fg0197","fg0979","fg0233","fg0397","fg0871","fg0042","fg0494","fg0821","fg0606","fg0587"
"fq003807","vx_8aedf6e1b5753b13","fg0872","5","fg0197","fg0298","fg0672","fg0762","fg0872","fg0235","fg0595","fg0642","fg0726","fg0233","fg0587","fg0539","fg0975","fg0771","fg0105","fg0004","fg0783","fg0195","fg0196","fg0042"
"fq003808","vx_8aedf6e1b5753b13","fg0872","1","fg0872","fg0762","fg0067","fg0672","fg0306","fg0940","fg0637","fg0277","fg0131","fg0295","fg0405","fg0774","fg0134","fg0454","fg0950","fg0601","fg0094","fg0296","fg0032","fg0740"
"fq003809","vx_a8ac76c8bf328dab","fg0873","1","fg0873","fg0641","fg0214","fg0621","fg0432","fg0301","fg0031","fg0775","fg0707","fg0954","fg0558","fg0272","fg0734","fg0496","fg0876","fg0906","fg0665","fg0961","fg0529","fg0108"
"fq003810","vx_a8ac76c8bf328dab","fg0873","1","fg0873","fg0641","fg0214","fg0621","fg0301","fg0108","fg0031","fg0432","fg0734","fg0558","fg0954","fg0775","fg0876","fg0496","fg0707","fg0353","fg0665","fg0768","fg0272","fg0311"
"fq003811","vx_a8ac76c8bf328dab","fg0873","1","fg0873","fg0641","fg0214","fg0621","fg0301","fg0031","fg0432","fg0558","fg0876","fg0734","fg0954","fg0775","fg0496","fg0891","fg0707","fg0665","fg0354","fg0311","fg0961","fg0377"
"fq003812","vx_a8ac76c8bf328dab","fg0873","1","fg0873","fg0641","fg0214","fg0301","fg0621","fg0031","fg0954","fg0432","fg0558","fg0876","fg0496","fg0734","fg0775","fg0707","fg0311","fg0354","fg0891","fg0377","fg0999","fg0449"
"fq003813","vx_c795d8c56532390e","fg0874","1","fg0874","fg0931","fg0064","fg0144","fg0067","fg0131","fg0889","fg0941","fg0764","fg0526","fg0497","fg0005","fg0833","fg0749","fg0589","fg0930","fg0121","fg0957","fg0308","fg0862"
"fq003814","vx_4d0974e9de5c42dc","fg0875","1","fg0875","fg0853","fg0950","fg0722","fg0415","fg0278","fg0681","fg0046","fg0801","fg0295","fg0310","fg0513","fg0907","fg0723","fg0499","fg0105","fg0230","fg0785","fg0372","fg0162"
"fq003815","vx_c1c248db2cfa94ff","fg0876","1","fg0876","fg0301","fg0031","fg0987","fg0734","fg0873","fg0549","fg0558","fg0449","fg0377","fg0621","fg0863","fg0641","fg0822","fg0024","fg0647","fg0498","fg0954","fg0797","fg0802"
"fq003816","vx_c1c248db2cfa94ff","fg0876","1","fg0876","fg0301","fg0031","fg0873","fg0449","fg0377","fg0734","fg0549","fg0987","fg0558","fg0621","fg0641","fg0822","fg0214","fg0498","fg0954","fg0496","fg0863","fg0802","fg0647"
"fq003817","vx_23c2c8340bb25c94","fg0877","1","fg0877","fg0558","fg0021","fg0366","fg0992","fg0652","fg0870","fg0898","fg0735","fg0632","fg0239","fg0097","fg0253","fg0726","fg0242","fg0887","fg0977","fg0152","fg0605","fg0300"
"fq003818","vx_9b9704f284a64cff","fg0878","17","fg0820","fg0043","fg0802","fg0017","fg0373","fg0270","fg0197","fg0849","fg0687","fg0068","fg0547","fg0159","fg0579","fg0066","fg0670","fg0105","fg0878","fg0176","fg0889","fg0228"
"fq003819","vx_86646817e9b5aa21","fg0879","1","fg0879","fg0485","fg0452","fg0289","fg0487","fg0076","fg0033","fg0943","fg0052","fg0997","fg0186","fg0309","fg0636","fg0817","fg0031","fg0885","fg0479","fg0301","fg0726","fg0998"
"fq003820","vx_f832e65171fa5b7b","fg0880","1","fg0880","fg0823","fg0755","fg0796","fg0751","fg0199","fg0056","fg0025","fg0909","fg0994","fg0550","fg0907","fg0711","fg0360","fg0293","fg0513","fg0945","fg0721","fg0572","fg0362"
"fq003821","vx_f832e65171fa5b7b","fg0880","1","fg0880","fg0823","fg0751","fg0755","fg0199","fg0796","fg0711","fg0056","fg0921","fg0721","fg0750","fg0909","fg0994","fg0759","fg0025","fg0039","fg0665","fg0293","fg0021","fg0014"
"fq003822","vx_f832e65171fa5b7b","fg0880","1","fg0880","fg0823","fg0796","fg0751","fg0755","fg0199","fg0711","fg0367","fg0915","fg0056","fg0955","fg0921","fg0616","fg0435","fg0994","fg0293","fg0036","fg0086","fg0909","fg0759"
"fq003823","vx_f832e65171fa5b7b","fg0880","1","fg0880","fg0823","fg0559","fg0151","fg0750","fg0751","fg0755","fg0965","fg0199","fg0796","fg0711","fg0086","fg0453","fg0746","fg0025","fg0909","fg0550","fg0547","fg0921","fg0994"
"fq003824","vx_f832e65171fa5b7b","fg0880","1","fg0880","fg0823","fg0755","fg0796","fg0751","fg0199","fg0711","fg0056","fg0909","fg0907","fg0750","fg0721","fg0994","fg0086","fg0665","fg0513","fg0559","fg0289","fg0021","fg0921"
"fq003825","vx_f832e65171fa5b7b","fg0880","1","fg0880","fg0823","fg0751","fg0755","fg0199","fg0711","fg0796","fg0056","fg0921","fg0721","fg0665","fg0559","fg0759","fg0750","fg0025","fg0994","fg0909","fg0086","fg0039","fg0360"
"fq003826","vx_f832e65171fa5b7b","fg0880","1","fg0880","fg0823","fg0755","fg0796","fg0751","fg0199","fg0056","fg0367","fg0711","fg0909","fg0994","fg0907","fg0289","fg0086","fg0025","fg0513","fg0665","fg0021","fg0921","fg0955"
"fq003827","vx_f832e65171fa5b7b","fg0880","1","fg0880","fg0823","fg0796","fg0755","fg0199","fg0751","fg0293","fg0994","fg0113","fg0056","fg0173","fg0550","fg0721","fg0909","fg0711","fg0868","fg0572","fg0138","fg1000","fg0759"
"fq003828","vx_f832e65171fa5b7b","fg0880","1","fg0880","fg0823","fg0751","fg0711","fg0755","fg0199","fg0796","fg0056","fg0921","fg0750","fg0994","fg0909","fg0014","fg0616","fg0721","fg0086","fg0759","fg0572","fg0746","fg0360"
"fq003829","vx_f832e65171fa5b7b","fg0880","1","fg0880","fg0823","fg0751","fg0755","fg0796","fg0711","fg0056","fg0199","fg0367","fg0921","fg0665","fg0759","fg0289","fg0025","fg0909","fg0955","fg0559","fg0907","fg0021","fg0086"
"fq003830","vx_f832e65171fa5b7b","fg0880","1","fg0880","fg0823","fg0199","fg0796","fg0915","fg0751","fg0755","fg0711","fg0616","fg0909","fg0036","fg0994","fg0585","fg0750","fg0056","fg0759","fg0890","fg0014","fg0721","fg0921"
"fq003831","vx_049fb44e1b550100","fg0881","1","fg0881","fg0083","fg0744","fg0352","fg0383","fg0622","fg0902","fg0337","fg0623","fg0252","fg0689","fg0559","fg0377","fg0892","fg0242","fg0449","fg0870","fg0300","fg0450","fg0285"
"fq003832","vx_049fb44e1b550100","fg0881","1","fg0881","fg0242","fg0300","fg0870","fg0898","fg0892","fg0337","fg0083","fg0744","fg0710","fg0383","fg0623","fg0352","fg0689","fg0559","fg0776","fg0622","fg0028","fg0117","fg0423"
"fq003833","vx_049fb44e1b550100","fg0881","1","fg0881","fg0083","fg0744","fg0352","fg0383","fg0622","fg0902","fg0337","fg0623","fg0689","fg0252","fg0377","fg0559","fg0242","fg0892","fg0449","fg0870","fg0818","fg0425","fg0450"
"fq003834","vx_049fb44e1b550100","fg0881","1","fg0881","fg0744","fg0083","fg0352","fg0383","fg0622","fg0902","fg0337","fg0623","fg0689","fg0242","fg0892","fg0300","fg0377","fg0559","fg0870","fg0449","fg0898","fg0252","fg0710"
"fq003835","vx_049fb44e1b550100","fg0881","1","fg0881","fg0083","fg0744","fg0352","fg0383","fg0622","fg0902","fg0337","fg0623","fg0689","fg0242","fg0377","fg0870","fg0252","fg0559","fg0449","fg0425","fg0898","fg0778","fg0887"
"fq003836","vx_049fb44e1b550100","fg0881","1","fg0881","fg0083","fg0744","fg0352","fg0383","fg0622","fg0902","fg0337","fg0623","fg0689","fg0242","fg0377","fg0252","fg0559","fg0449","fg0870","fg0892","fg0898","fg0300","fg0425"
"fq003837","vx_049fb44e1b550100","fg0881","1","fg0881","fg0083","fg0744","fg0352","fg0383","fg0622","fg0902","fg0337","fg0623","fg0689","fg0252","fg0242","fg0892","fg0377","fg0559","fg0449","fg0870","fg0778","fg0300","fg0898"
"fq003838","vx_eb70d7dcdd3cda81","fg0882","1","fg0882","fg0971","fg0680","fg0475","fg0072","fg0862","fg0245","fg0277","fg0251","fg0312","fg0705","fg0906","fg0704","fg0459","fg0265","fg0304","fg0565","fg0520","fg0642","fg0674"
"fq003839","vx_eb70d7dcdd3cda81","fg0882","1","fg0882","fg0971","fg0862","fg0680","fg0475","fg0072","fg0459","fg0565","fg0906","fg0212","fg0277","fg0642","fg0149","fg0792","fg0188","fg0520","fg0312","fg0803","fg0466","fg0282"
"fq003840","vx_eb70d7dcdd3cda81","fg0882","1","fg0882","fg0971","fg0475","fg0862","fg0680","fg0072","fg0906","fg0312","fg0277","fg0642","fg0459","fg0149","fg0565","fg0212","fg0404","fg0080","fg0265","fg0833","fg0704","fg0520"
"fq003841","vx_eb70d7dcdd3cda81","fg0882","1","fg0882","fg0124","fg0632","fg0866","fg0436","fg0971","fg0680","fg0475","fg0906","fg0900","fg0072","fg0277","fg0705","fg0501","fg0295","fg0666","fg0862","fg0459","fg0009","fg0312"
"fq003842","vx_eb70d7dcdd3cda81","fg0882","1","fg0882","fg0971","fg0475","fg0704","fg0862","fg0680","fg0705","fg0833","fg0520","fg0277","fg0080","fg0642","fg0565","fg0803","fg0422","fg0459","fg0906","fg0466","fg0404","fg0265"
"fq003843","vx_eb70d7dcdd3cda81","fg0882","1","fg0882","fg0971","fg0704","fg0475","fg0705","fg0520","fg0794","fg0422","fg0833","fg0277","fg0076","fg0906","fg0186","fg0777","fg0840","fg0753","fg0803","fg0912","fg0188","fg0080"
"fq003844","vx_eb70d7dcdd3cda81","fg0882","1","fg0882","fg0971","fg0680","fg0475","fg0245","fg0304","fg0072","fg0795","fg0862","fg0906","fg0265","fg0312","fg0459","fg0251","fg0833","fg0277","fg0565","fg0520","fg0794","fg0080"
"fq003845","vx_b883c0b4ed9af243","fg0883","1","fg0883","fg0522","fg0445","fg0261","fg0471","fg0654","fg0323","fg0985","fg0093","fg0343","fg0273","fg0210","fg0537","fg0785","fg0394","fg0643","fg0665","fg0117","fg0483","fg0203"
"fq003846","vx_cb457cbe3ce3bee5","fg0884","4","fg0886","fg0320","fg0583","fg0884","fg0333","fg0574","fg0389","fg0758","fg0719","fg0216","fg0182","fg0595","fg0779","fg0140","fg0066","fg0896","fg0983","fg0313","fg0123","fg0145"
"fq003847","vx_cb457cbe3ce3bee5","fg0884","4","fg0320","fg0886","fg0583","fg0884","fg0333","fg0574","fg0389","fg0066","fg0719","fg0758","fg0182","fg0779","fg0140","fg0983","fg0595","fg0527","fg0500","fg0313","fg0854","fg0293"
"fq003848","vx_cb457cbe3ce3bee5","fg0884","1","fg0884","fg0333","fg0389","fg0574","fg0320","fg0886","fg0583","fg0392","fg0293","fg0145","fg0123","fg0719","fg0758","fg0595","fg0066","fg0853","fg0896","fg0182","fg0275","fg0326"
"fq003849","vx_cb457cbe3ce3bee5","fg0884","1","fg0884","fg0333","fg0389","fg0574","fg0886","fg0320","fg0392","fg0583","fg0293","fg0123","fg0719","fg0853","fg0145","fg0758","fg0595","fg0326","fg0896","fg0140","fg0182","fg0104"
"fq003850","vx_cb457cbe3ce3bee5","fg0884","5","fg0886","fg0583","fg0320","fg0779","fg0884","fg0983","fg0140","fg0758","fg0527","fg0066","fg0333","fg0182","fg0313","fg0719","fg0500","fg0595","fg0574","fg0199","fg0796","fg0867"
"fq003851","vx_cb457cbe3ce3bee5","fg0884","4","fg0320","fg0886","fg0583","fg0884","fg0333","fg0389","fg0574","fg0719","fg0758","fg0182","fg0066","fg0595","fg0779","fg0140","fg0983","fg0854","fg0313","fg0527","fg0293","fg0392"
"fq003852","vx_cb457cbe3ce3bee5","fg0884","1","fg0884","fg0333","fg0886","fg0320","fg0389","fg0574","fg0583","fg0758","fg0719","fg0595","fg0392","fg0123","fg0182","fg0145","fg0066","fg0779","fg0140","fg0216","fg0293","fg0896"
"fq003853","vx_cb457cbe3ce3bee5","fg0884","6","fg0320","fg0886","fg0583","fg0313","fg0333","fg0884","fg0779","fg0758","fg0066","fg0503","fg0574","fg0719","fg0182","fg0275","fg0936","fg0983","fg0224","fg0140","fg0123","fg0595"
"fq003854","vx_cb457cbe3ce3bee5","fg0884","6","fg0320","fg0886","fg0583","fg0333","fg0313","fg0884","fg0574","fg0066","fg0389","fg0779","fg0758","fg0182","fg0527","fg0595","fg0983","fg0140","fg0719","fg0275","fg0123","fg0503"
"fq003855","vx_cb457cbe3ce3bee5","fg0884","1","fg0884","fg0333","fg0389","fg0574","fg0886","fg0320","fg0583","fg0392","fg0719","fg0758","fg0595","fg0182","fg0123","fg0066","fg0216","fg0779","fg0293","fg0145","fg0896","fg0140"
"fq003856","vx_cb457cbe3ce3bee5","fg0884","4","fg0886","fg0583","fg0320","fg0884","fg0758","fg0333","fg0719","fg0182","fg0779","fg0140","fg0595","fg0574","fg0216","fg0066","fg0983","fg0389","fg0313","fg0527","fg0737","fg0500"
"fq003857","vx_cb457cbe3ce3bee5","fg0884","1","fg0884","fg0333","fg0389","fg0574","fg0886","fg0320","fg0583","fg0392","fg0758","fg0719","fg0293","fg0595","fg0182","fg0123","fg0066","fg0140","fg0779","fg0145","fg0853","fg0326"
"fq003858","vx_cb457cbe3ce3bee5","fg0884","4","fg0886","fg0583","fg0320","fg0884","fg0758","fg0333","fg0313","fg0182","fg0719","fg0779","fg0066","fg0140","fg0216","fg0983","fg0595","fg0574","fg0527","fg0389","fg0737","fg0896"
"fq003859","vx_cb457cbe3ce3bee5","fg0884","5","fg0320","fg0886","fg0583","fg0066","fg0884","fg0333","fg0719","fg0758","fg0049","fg0779","fg0182","fg0527","fg0574","fg0983","fg0595","fg0854","fg0389","fg0140","fg0313","fg0867"
"fq003860","vx_cb457cbe3ce3bee5","fg0884","28","fg0503","fg0313","fg0320","fg0224","fg0388","fg0688","fg0355","fg0001","fg0275","fg0584","fg0583","fg0936","fg0123","fg0162","fg0886","fg0778","fg0333","fg0891","fg0846","fg0241"
"fq003861","vx_cb457cbe3ce3bee5","fg0884","1","fg0884","fg0333","fg0389","fg0574","fg0320","fg0886","fg0583","fg0392","fg0758","fg0123","fg0595","fg0293","fg0719","fg0145","fg0853","fg0066","fg0182","fg0326","fg0896","fg0140"
"fq003862","vx_32bba36dafb972cc","fg0885","2","fg0533","fg0885","fg0997","fg0569","fg0867","fg0758","fg0071","fg0186","fg0142","fg0983","fg0458","fg0388","fg0275","fg0879","fg0527","fg0719","fg0131","fg0636","fg0907","fg0001"
"fq003863","vx_32bba36dafb972cc","fg0885","1","fg0885","fg0533","fg0997","fg0569","fg0867","fg0758","fg0186","fg0071","fg0142","fg0458","fg0983","fg0388","fg0879","fg0275","fg0503","fg0719","fg0037","fg0527","fg0854","fg0131"
"fq003864","vx_1d28ecdd74238731","fg0886","1","fg0886","fg0320","fg0583","fg0182","fg0595","fg0719","fg0983","fg0066","fg0758","fg0527","fg0333","fg0884","fg0140","fg0867","fg0779","fg0500","fg0574","fg0737","fg0313","fg0931"
"fq003865","vx_bebc6bb49f370280","fg0887","1","fg0887","fg0898","fg0824","fg0502","fg0266","fg0870","fg0242","fg0855","fg0835","fg0132","fg0970","fg0374","fg0406","fg0024","fg0760","fg0968","fg0731","fg0357","fg0952","fg0206"
"fq003866","vx_aa08d5ebf4ed3166","fg0888","2","fg0283","fg0888","fg0304","fg0795","fg0245","fg0768","fg0012","fg0660","fg0699","fg0769","fg0883","fg0501","fg1000","fg0451","fg0148","fg0413","fg0233","fg0431","fg0027","fg0198"
"fq003867","vx_aa08d5ebf4ed3166","fg0888","1","fg0888","fg0861","fg0283","fg0699","fg0395","fg0451","fg0571","fg0848","fg0307","fg0660","fg0193","fg0012","fg0440","fg0590","fg0431","fg0524","fg0768","fg1000","fg0795","fg0264"
"fq003868","vx_aa08d5ebf4ed3166","fg0888","1","fg0888","fg0699","fg0848","fg0283","fg0660","fg0571","fg0440","fg0922","fg0861","fg0366","fg0264","fg0451","fg0395","fg0431","fg0012","fg0266","fg0307","fg0948","fg0590","fg0524"
"fq003869","vx_aa08d5ebf4ed3166","fg0888","1","fg0888","fg0884","fg0333","fg0389","fg0501","fg0574","fg0123","fg0179","fg0661","fg0283","fg0731","fg0293","fg0590","fg0392","fg0975","fg0684","fg0012","fg0366","fg0145","fg0434"
"fq003870","vx_aa08d5ebf4ed3166","fg0888","5","fg0119","fg0315","fg0499","fg0577","fg0888","fg0828","fg0513","fg0283","fg0781","fg0807","fg0366","fg0262","fg0097","fg0477","fg0796","fg0998","fg0706","fg0619","fg0256","fg0246"
"fq003871","vx_9cca2c6f38b131eb","fg0889","1","fg0889","fg0159","fg0588","fg0270","fg0584","fg0579","fg0071","fg0490","fg0659","fg0298","fg0155","fg0764","fg0589","fg0435","fg0503","fg0105","fg0334","fg0169","fg0258","fg0064"
"fq003872","vx_202e2022ec125f87","fg0890","1","fg0890","fg0946","fg0259","fg0024","fg0753","fg0136","fg0908","fg0326","fg0949","fg0763","fg0739","fg0735","fg0856","fg0792","fg0713","fg0546","fg0526","fg0239","fg0470","fg0035"
"fq003873","vx_f76e0a82ee6d6f60","fg0891","396","fg0184","fg0165","fg0967","fg0442","fg0965","fg0312","fg0836","fg0307","fg0293","fg0371","fg0496","fg0868","fg0365","fg0039","fg0132","fg0559","fg0135","fg0015","fg0109","fg0284"
"fq003874","vx_793939f2d0d17570","fg0892","1","fg0892","fg0532","fg0288","fg0329","fg0157","fg0129","fg0526","fg0818","fg0089","fg0425","fg0196","fg0964","fg0776","fg0975","fg0587","fg0046","fg0847","fg0779","fg0476","fg0642"
"fq003875","vx_793939f2d0d17570","fg0892","1","fg0892","fg0532","fg0288","fg0329","fg0129","fg0157","fg0046","fg0310","fg0964","fg0526","fg0476","fg0592","fg0710","fg0587","fg0196","fg0975","fg0086","fg0385","fg0708","fg0897"
"fq003876","vx_793939f2d0d17570","fg0892","1","fg0892","fg0532","fg0288","fg0329","fg0129","fg0157","fg0783","fg0046","fg0310","fg0196","fg0818","fg0801","fg0779","fg0776","fg0642","fg0526","fg0421","fg0089","fg0425","fg0271"
"fq003877","vx_793939f2d0d17570","fg0892","1","fg0892","fg0532","fg0129","fg0329","fg0288","fg0310","fg0046","fg0157","fg0028","fg0897","fg0086","fg0964","fg0526","fg0710","fg0587","fg0196","fg0026","fg0476","fg0154","fg0592"
"fq003878","vx_70a3003d38a2625b","fg0893","1","fg0893","fg0980","fg0048","fg0648","fg0863","fg0989","fg0536","fg0424","fg0528","fg0131","fg0434","fg0542","fg0390","fg0151","fg0942","fg0495","fg0059","fg0581","fg0809","fg0303"
"fq003879","vx_39c1b751910a79fb","fg0894","1","fg0894","fg0304","fg0245","fg0795","fg0590","fg0859","fg0902","fg0209","fg0251","fg0279","fg0467","fg0117","fg0270","fg0453","fg0056","fg0440","fg0665","fg0547","fg0084","fg0951"
"fq003880","vx_39c1b751910a79fb","fg0894","1","fg0894","fg0955","fg0467","fg0902","fg0951","fg0209","fg0367","fg0339","fg0055","fg0590","fg0796","fg0103","fg0847","fg0098","fg0279","fg0120","fg0998","fg0124","fg0665","fg0121"
"fq003881","vx_39c1b751910a79fb","fg0894","1","fg0894","fg0590","fg0847","fg0951","fg0902","fg0759","fg0279","fg0547","fg0120","fg0084","fg0467","fg0459","fg0665","fg0998","fg0124","fg0055","fg0734","fg0251","fg0559","fg0098"
"fq003882","vx_39c1b751910a79fb","fg0894","1","fg0894","fg0467","fg0279","fg0590","fg0955","fg0847","fg0120","fg0829","fg0951","fg0098","fg0547","fg0055","fg0251","fg0902","fg0367","fg0121","fg0622","fg0796","fg0665","fg0209"
"fq003883","vx_dededf8bf05f1c8a","fg0895","2","fg0469","fg0895","fg0772","fg0197","fg0018","fg0027","fg1000","fg0012","fg0599","fg0684","fg0584","fg0264","fg0298","fg0776","fg0854","fg0550","fg0501","fg0431","fg0269","fg0492"
"fq003884","vx_dededf8bf05f1c8a","fg0895","1","fg0895","fg0469","fg0772","fg0018","fg1000","fg0027","fg0918","fg0012","fg0197","fg0684","fg0632","fg0776","fg0436","fg0124","fg0866","fg0599","fg0501","fg0900","fg0584","fg0158"
"fq003885","vx_dededf8bf05f1c8a","fg0895","2","fg0918","fg0895","fg0469","fg0900","fg1000","fg0012","fg0124","fg0027","fg0866","fg0436","fg0684","fg0776","fg0018","fg0501","fg0772","fg0632","fg0295","fg0626","fg0158","fg0197"
"fq003886","vx_dededf8bf05f1c8a","fg0895","1","fg0895","fg0469","fg0772","fg0197","fg0018","fg0027","fg1000","fg0599","fg0012","fg0584","fg0684","fg0672","fg0269","fg0691","fg0889","fg0264","fg0847","fg0854","fg0492","fg0431"
"fq003887","vx_dededf8bf05f1c8a","fg0895","1","fg0895","fg0469","fg0772","fg0018","fg1000","fg0012","fg0027","fg0197","fg0684","fg0768","fg0590","fg0599","fg0809","fg0431","fg0584","fg0501","fg0781","fg0269","fg0332","fg0434"
"fq003888","vx_dededf8bf05f1c8a","fg0895","2","fg0469","fg0895","fg1000","fg0027","fg0012","fg0018","fg0772","fg0776","fg0197","fg0684","fg0436","fg0124","fg0866","fg0264","fg0918","fg0501","fg0768","fg0599","fg0431","fg0009"
"fq003889","vx_d2ada97d2338fe0d","fg0896","1","fg0896","fg0759","fg0796","fg0616","fg0036","fg0689","fg0909","fg0572","fg0002","fg0721","fg0164","fg0825","fg0325","fg0499","fg0195","fg0701","fg0844","fg0800","fg0623","fg0216"
"fq003890","vx_647362945d3c77da","fg0897","1","fg0897","fg0310","fg0414","fg0046","fg0722","fg0359","fg0363","fg0201","fg0860","fg0318","fg0428","fg0081","fg0254","fg0283","fg0644","fg0586","fg0372","fg0875","fg0180","fg0641"
"fq003891","vx_647362945d3c77da","fg0897","2","fg0310","fg0897","fg0414","fg0046","fg0363","fg0722","fg0201","fg0254","fg0112","fg0860","fg0774","fg0428","fg0641","fg0283","fg0214","fg0371","fg0875","fg0372","fg0622","fg0286"
"fq003892","vx_afbcc2d67ccbc43e","fg0898","1","fg0898","fg0870","fg0242","fg0887","fg0502","fg0206","fg0300","fg0824","fg0672","fg0718","fg0097","fg0183","fg0877","fg0561","fg0735","fg0419","fg0881","fg0679","fg0652","fg0266"
"fq003893","vx_afbcc2d67ccbc43e","fg0898","1","fg0898","fg0870","fg0242","fg0887","fg0502","fg0206","fg0824","fg0672","fg0300","fg0718","fg0183","fg0097","fg0735","fg0877","fg0561","fg0251","fg0266","fg0835","fg0374","fg0412"
"fq003894","vx_2446d3789ecc9196","fg0899","1","fg0899","fg0700","fg0359","fg0146","fg0054","fg0081","fg0192","fg0045","fg0318","fg0587","fg0825","fg0897","fg0604","fg0644","fg0566","fg0106","fg0222","fg0975","fg0784","fg0239"
"fq003895","vx_68302e60d8fcb687","fg0900","1","fg0900","fg0295","fg0866","fg0436","fg0124","fg0918","fg0456","fg0632","fg0158","fg0651","fg0626","fg0952","fg0690","fg0240","fg0046","fg0776","fg0644","fg0210","fg0782","fg0166"
"fq003896","vx_4ad97dc54577b8cd","fg0901","1","fg0901","fg0830","fg0786","fg0480","fg0339","fg0949","fg0932","fg0385","fg0158","fg0658","fg0553","fg0795","fg0692","fg0753","fg0223","fg0943","fg0725","fg0254","fg0220","fg0315"
"fq003897","vx_4ad97dc54577b8cd","fg0901","1","fg0901","fg0830","fg0786","fg0480","fg0339","fg0949","fg0932","fg0385","fg0553","fg0158","fg0658","fg0692","fg0753","fg0223","fg0315","fg0943","fg0254","fg0725","fg0795","fg0220"
"fq003898","vx_0cece4c9f2bc9044","fg0902","1","fg0902","fg0881","fg0083","fg0744","fg0352","fg0383","fg0622","fg0337","fg0894","fg0623","fg0689","fg0252","fg0556","fg0449","fg0558","fg0377","fg0210","fg0797","fg0883","fg0459"
"fq003899","vx_feaddddaa454086c","fg0903","1","fg0903","fg0473","fg0911","fg0832","fg0974","fg0515","fg0700","fg0400","fg0708","fg0933","fg0054","fg0359","fg0146","fg0192","fg0318","fg0899","fg0729","fg0644","fg0326","fg0724"
"fq003900","vx_feaddddaa454086c","fg0903","1","fg0903","fg0473","fg0911","fg0708","fg0515","fg0974","fg0832","fg0700","fg0054","fg0400","fg0933","fg0146","fg0724","fg0359","fg0192","fg0654","fg0729","fg0065","fg0899","fg0318"
"fq003901","vx_feaddddaa454086c","fg0903","1","fg0903","fg0473","fg0911","fg0708","fg0974","fg0515","fg0832","fg0054","fg0400","fg0700","fg0933","fg0359","fg0884","fg0146","fg0326","fg0065","fg0333","fg0192","fg0389","fg0318"
"fq003902","vx_feaddddaa454086c","fg0903","1","fg0903","fg0473","fg0911","fg0708","fg0832","fg0515","fg0974","fg0054","fg0326","fg0884","fg0400","fg0700","fg0933","fg0359","fg0192","fg0333","fg0065","fg0389","fg0899","fg0146"
"fq003903","vx_feaddddaa454086c","fg0903","1","fg0903","fg0473","fg0911","fg0832","fg0708","fg0700","fg0515","fg0065","fg0974","fg0724","fg0933","fg0054","fg0359","fg0146","fg0654","fg0192","fg0510","fg0899","fg0729","fg0576"
"fq003904","vx_feaddddaa454086c","fg0903","1","fg0903","fg0473","fg0911","fg0832","fg0974","fg0708","fg0515","fg0700","fg0933","fg0400","fg0654","fg0054","fg0146","fg0192","fg0724","fg0899","fg0729","fg0359","fg0015","fg0065"
"fq003905","vx_feaddddaa454086c","fg0903","1","fg0903","fg0473","fg0911","fg0974","fg0832","fg0515","fg0933","fg0708","fg0700","fg0054","fg0400","fg0146","fg0654","fg0192","fg0015","fg0724","fg0729","fg0359","fg0899","fg0065"
"fq003906","vx_feaddddaa454086c","fg0903","1","fg0903","fg0473","fg0911","fg0832","fg0708","fg0974","fg0515","fg0933","fg0400","fg0700","fg0054","fg0724","fg0729","fg0192","fg0359","fg0065","fg0146","fg0654","fg0899","fg0510"
"fq003907","vx_feaddddaa454086c","fg0903","1","fg0903","fg0473","fg0911","fg0708","fg0974","fg0515","fg0832","fg0700","fg0054","fg0933","fg0400","fg0065","fg0146","fg0724","fg0192","fg0359","fg0729","fg0654","fg0015","fg0899"
"fq003908","vx_feaddddaa454086c","fg0903","1","fg0903","fg0473","fg0911","fg0832","fg0974","fg0515","fg0933","fg0708","fg0700","fg0054","fg0192","fg0015","fg0400","fg0146","fg0359","fg0899","fg0654","fg0510","fg0724","fg0729"
"fq003909","vx_feaddddaa454086c","fg0903","1","fg0903","fg0473","fg0911","fg0708","fg0832","fg0974","fg0515","fg0700","fg0400","fg0933","fg0054","fg0146","fg0724","fg0359","fg0192","fg0654","fg0729","fg0065","fg0899","fg0318"
"fq003910","vx_feaddddaa454086c","fg0903","1","fg0903","fg0473","fg0911","fg0832","fg0974","fg0933","fg0515","fg0708","fg0700","fg0192","fg0054","fg0065","fg0146","fg0359","fg0654","fg0899","fg0724","fg0400","fg0729","fg0633"
"fq003911","vx_feaddddaa454086c","fg0903","1","fg0903","fg0473","fg0911","fg0832","fg0974","fg0515","fg0708","fg0700","fg0933","fg0192","fg0054","fg0359","fg0400","fg0654","fg0015","fg0065","fg0146","fg0899","fg0729","fg0633"
"fq003912","vx_feaddddaa454086c","fg0903","1","fg0903","fg0473","fg0911","fg0832","fg0974","fg0515","fg0708","fg0933","fg0700","fg0400","fg0054","fg0192","fg0729","fg0146","fg0884","fg0326","fg0654","fg0065","fg0724","fg0899"
"fq003913","vx_feaddddaa454086c","fg0903","1","fg0903","fg0473","fg0911","fg0724","fg0832","fg0065","fg0699","fg0054","fg0974","fg0700","fg0515","fg0146","fg0708","fg0400","fg0654","fg0660","fg0933","fg0729","fg0192","fg0283"
"fq003914","vx_feaddddaa454086c","fg0903","1","fg0903","fg0473","fg0911","fg0974","fg0708","fg0515","fg0832","fg0933","fg0700","fg0359","fg0054","fg0192","fg0015","fg0146","fg0724","fg0729","fg0510","fg0318","fg0400","fg0654"
"fq003915","vx_feaddddaa454086c","fg0903","1","fg0903","fg0473","fg0911","fg0832","fg0974","fg0708","fg0933","fg0700","fg0515","fg0400","fg0054","fg0065","fg0724","fg0359","fg0146","fg0654","fg0192","fg0729","fg0669","fg0899"
"fq003916","vx_feaddddaa454086c","fg0903","1","fg0903","fg0473","fg0911","fg0974","fg0708","fg0832","fg0515","fg0933","fg0700","fg0400","fg0054","fg0654","fg0192","fg0724","fg0146","fg0359","fg0899","fg0015","fg0729","fg0065"
"fq003917","vx_feaddddaa454086c","fg0903","1","fg0903","fg0473","fg0911","fg0832","fg0708","fg0974","fg0515","fg0933","fg0400","fg0724","fg0700","fg0054","fg0729","fg0065","fg0669","fg0359","fg0146","fg0192","fg0922","fg0654"
"fq003918","vx_feaddddaa454086c","fg0903","1","fg0903","fg0473","fg0911","fg0832","fg0974","fg0708","fg0515","fg0400","fg0700","fg0933","fg0054","fg0724","fg0146","fg0359","fg0654","fg0899","fg0192","fg0729","fg0065","fg0318"
"fq003919","vx_feaddddaa454086c","fg0903","1","fg0903","fg0473","fg0911","fg0832","fg0974","fg0515","fg0708","fg0933","fg0700","fg0054","fg0654","fg0192","fg0724","fg0065","fg0359","fg0899","fg0400","fg0146","fg0729","fg0510"
"fq003920","vx_f72731771f74c531","fg0904","1","fg0904","fg0740","fg0590","fg0362","fg0199","fg0542","fg0447","fg0525","fg0865","fg0316","fg0435","fg0079","fg0920","fg0969","fg0976","fg0306","fg0924","fg0849","fg0994","fg0160"
"fq003921","vx_7086d1fda3a625bd","fg0905","1","fg0905","fg0402","fg0706","fg0555","fg0157","fg0287","fg0227","fg0103","fg0209","fg0175","fg0869","fg0786","fg0244","fg0278","fg0310","fg0723","fg0830","fg0334","fg0804","fg0090"
"fq003922","vx_196d71be1c15b064","fg0906","1","fg0906","fg0272","fg0432","fg0707","fg0570","fg0775","fg0961","fg0461","fg0529","fg0413","fg0912","fg0501","fg0687","fg0641","fg0523","fg0853","fg0952","fg0998","fg0550","fg0875"
"fq003923","vx_0416a2375de6999c","fg0907","1","fg0907","fg0513","fg0211","fg0334","fg0025","fg0951","fg0312","fg0961","fg0844","fg0106","fg0170","fg0853","fg0322","fg0138","fg0755","fg0880","fg0191","fg0588","fg0364","fg0843"
"fq003924","vx_0416a2375de6999c","fg0907","1","fg0907","fg0513","fg0211","fg0025","fg0844","fg0106","fg0942","fg0334","fg0853","fg0228","fg0755","fg0312","fg0880","fg0170","fg0909","fg0951","fg0961","fg0279","fg0875","fg0838"
"fq003925","vx_0416a2375de6999c","fg0907","1","fg0907","fg0513","fg0211","fg0334","fg0853","fg0951","fg0961","fg0533","fg0025","fg0138","fg0885","fg0195","fg0322","fg0844","fg0170","fg0588","fg0312","fg0945","fg0875","fg0796"
"fq003926","vx_42d2ba6edd93a450","fg0908","1","fg0908","fg0024","fg0890","fg0946","fg0753","fg0326","fg0070","fg0510","fg0971","fg0259","fg0481","fg0136","fg0739","fg0763","fg0470","fg0176","fg0152","fg0304","fg0133","fg0949"
"fq003927","vx_51278ccc3ddad30a","fg0909","1","fg0909","fg0796","fg0385","fg0679","fg0222","fg0387","fg0101","fg0841","fg0838","fg0216","fg0950","fg0823","fg0815","fg0457","fg0199","fg0896","fg0055","fg0369","fg0942","fg0704"
"fq003928","vx_a3615dc8ee941e45","fg0910","1","fg0910","fg0453","fg0018","fg0336","fg0959","fg0469","fg0060","fg0317","fg0969","fg0525","fg0714","fg0079","fg0435","fg0521","fg0594","fg0991","fg0154","fg0350","fg0810","fg0460"
"fq003929","vx_60c0d1a9aa7fa719","fg0911","1","fg0911","fg0473","fg0669","fg0903","fg0691","fg0226","fg0187","fg0255","fg0564","fg0058","fg0149","fg0832","fg0718","fg0724","fg0745","fg0200","fg0947","fg0932","fg0193","fg0356"
"fq003930","vx_60c0d1a9aa7fa719","fg0911","1","fg0911","fg0473","fg0669","fg0903","fg0226","fg0187","fg0691","fg0255","fg0564","fg0832","fg0724","fg0149","fg0745","fg0058","fg0718","fg0200","fg0356","fg0065","fg0947","fg0303"
"fq003931","vx_019fa25a6be5bb59","fg0912","1","fg0912","fg0461","fg0570","fg0111","fg0906","fg0285","fg0049","fg0272","fg0286","fg0855","fg0695","fg0266","fg0998","fg0004","fg0432","fg0808","fg0920","fg0501","fg0477","fg0415"
"fq003932","vx_019fa25a6be5bb59","fg0912","1","fg0912","fg0111","fg0285","fg0286","fg0570","fg0461","fg0049","fg0808","fg0387","fg0704","fg0348","fg0906","fg0855","fg0042","fg0233","fg0266","fg0201","fg0998","fg0004","fg0478"
"fq003933","vx_03c88db730c88e4b","fg0913","1","fg0913","fg0234","fg0468","fg0183","fg0719","fg0187","fg0002","fg0768","fg0756","fg0798","fg0274","fg0610","fg0952","fg0446","fg0797","fg0200","fg0247","fg0166","fg0391","fg0348"
"fq003934","vx_d340fdf77af53023","fg0914","1","fg0914","fg0972","fg0657","fg0519","fg0505","fg0294","fg0669","fg0490","fg0659","fg0573","fg0167","fg0539","fg0588","fg0345","fg0147","fg0559","fg0260","fg0120","fg0159","fg0460"
"fq003935","vx_d340fdf77af53023","fg0914","1","fg0914","fg0972","fg0657","fg0519","fg0505","fg0294","fg0669","fg0490","fg0659","fg0167","fg0435","fg0260","fg0733","fg0345","fg0147","fg0571","fg0858","fg0120","fg0456","fg0539"
"fq003936","vx_ae3b451efa8414e3","fg0915","641","fg0523","fg0687","fg0529","fg0099","fg0574","fg0293","fg0389","fg0333","fg0884","fg0162","fg0961","fg0306","fg0896","fg0796","fg0555","fg0958","fg0387","fg0145","fg0559","fg0539"
"fq003937","vx_ae3b451efa8414e3","fg0915","1","fg0915","fg0585","fg0036","fg0616","fg0926","fg0420","fg0627","fg0536","fg0576","fg0816","fg0038","fg0984","fg0194","fg0880","fg0385","fg0435","fg0109","fg0340","fg0727","fg0040"
"fq003938","vx_8a55a9825709bc03","fg0916","1","fg0916","fg0539","fg0965","fg0435","fg0365","fg0868","fg0105","fg0294","fg0769","fg0559","fg0195","fg0675","fg0919","fg0771","fg0796","fg0588","fg0372","fg0173","fg0955","fg0669"
"fq003939","vx_8a55a9825709bc03","fg0916","1","fg0916","fg0471","fg0919","fg0365","fg0985","fg0271","fg0196","fg0539","fg0347","fg0376","fg0840","fg0475","fg0427","fg0669","fg0202","fg0195","fg0946","fg0546","fg0126","fg0216"
"fq003940","vx_8a55a9825709bc03","fg0916","1","fg0916","fg0365","fg0195","fg0294","fg0919","fg0471","fg0539","fg0669","fg0840","fg0435","fg0136","fg0519","fg0751","fg0498","fg0675","fg0250","fg0934","fg0376","fg0546","fg0216"
"fq003941","vx_8a55a9825709bc03","fg0916","1","fg0916","fg0471","fg0365","fg0985","fg0347","fg0196","fg0669","fg0840","fg0539","fg0783","fg0126","fg0202","fg0475","fg0427","fg0216","fg0571","fg0748","fg0919","fg0271","fg0376"
"fq003942","vx_8a55a9825709bc03","fg0916","1","fg0916","fg0328","fg0191","fg0547","fg0984","fg0934","fg0524","fg0831","fg0271","fg0216","fg0919","fg0471","fg0413","fg0728","fg0211","fg0365","fg0760","fg0731","fg0196","fg0353"
"fq003943","vx_8a55a9825709bc03","fg0916","1","fg0916","fg0471","fg0365","fg0196","fg0985","fg0347","fg0126","fg0783","fg0202","fg0946","fg0475","fg0840","fg0271","fg0546","fg0562","fg0427","fg0011","fg0216","fg0751","fg0396"
"fq003944","vx_b596082123d0a3b9","fg0917","1","fg0917","fg0511","fg0856","fg0035","fg0202","fg0434","fg0360","fg0998","fg0590","fg0069","fg0894","fg0942","fg0711","fg0199","fg0862","fg0951","fg0375","fg0581","fg0650","fg0647"
"fq003945","vx_8e03614a6d4c06e5","fg0918","1","fg0918","fg0351","fg0009","fg0335","fg0954","fg0776","fg0900","fg0124","fg0303","fg0731","fg0295","fg0715","fg0210","fg0925","fg0866","fg0518","fg0158","fg0581","fg0580","fg0380"
"fq003946","vx_8e03614a6d4c06e5","fg0918","1","fg0918","fg0351","fg0009","fg0124","fg0900","fg0776","fg0335","fg0954","fg0866","fg0295","fg0731","fg0436","fg0303","fg0925","fg0210","fg0715","fg0581","fg0580","fg0158","fg0518"
"fq003947","vx_8e03614a6d4c06e5","fg0918","1","fg0918","fg0009","fg0124","fg0351","fg0776","fg0866","fg0900","fg0436","fg0731","fg0666","fg0295","fg0954","fg0210","fg0925","fg0632","fg0580","fg0303","fg0335","fg0715","fg0191"
"fq003948","vx_8e03614a6d4c06e5","fg0918","1","fg0918","fg0756","fg0633","fg0009","fg0351","fg0954","fg0776","fg0925","fg0335","fg0720","fg0553","fg0110","fg0266","fg0666","fg0501","fg0855","fg0295","fg0963","fg0900","fg0057"
"fq003949","vx_8e03614a6d4c06e5","fg0918","1","fg0918","fg0009","fg0351","fg0776","fg0303","fg0900","fg0715","fg0124","fg0954","fg0335","fg0295","fg0925","fg0210","fg0518","fg0731","fg0580","fg0935","fg0892","fg0866","fg0666"
"fq003950","vx_8e03614a6d4c06e5","fg0918","1","fg0918","fg0756","fg0633","fg0009","fg0776","fg0925","fg0501","fg0351","fg0666","fg0731","fg0954","fg0212","fg0855","fg0679","fg0057","fg0705","fg0124","fg0335","fg0266","fg0720"
"fq003951","vx_8e03614a6d4c06e5","fg0918","1","fg0918","fg0351","fg0009","fg0335","fg0954","fg0776","fg0900","fg0303","fg0295","fg0124","fg0715","fg0925","fg0210","fg0158","fg0518","fg0580","fg0380","fg0581","fg0832","fg0626"
"fq003952","vx_8e03614a6d4c06e5","fg0918","1","fg0918","fg0009","fg0351","fg0776","fg0124","fg0900","fg0335","fg0954","fg0866","fg0731","fg0295","fg0925","fg0436","fg0210","fg0666","fg0303","fg0581","fg0715","fg0580","fg0158"
"fq003953","vx_8e03614a6d4c06e5","fg0918","1","fg0918","fg0351","fg0009","fg0776","fg0335","fg0954","fg0731","fg0124","fg0900","fg0925","fg0303","fg0295","fg0892","fg0158","fg0580","fg0715","fg0866","fg0518","fg0581","fg0191"
"fq003954","vx_8e03614a6d4c06e5","fg0918","1","fg0918","fg0351","fg0009","fg0776","fg0335","fg0124","fg0954","fg0900","fg0295","fg0731","fg0925","fg0866","fg0303","fg0580","fg0210","fg0158","fg0436","fg0715","fg0518","fg0581"
"fq003955","vx_8e03614a6d4c06e5","fg0918","1","fg0918","fg0351","fg0335","fg0009","fg0954","fg0776","fg0900","fg0303","fg0715","fg0210","fg0295","fg0925","fg0124","fg0380","fg0518","fg0158","fg0581","fg0892","fg0580","fg0832"
"fq003956","vx_81bca3e5c2eba677","fg0919","1","fg0919","fg0740","fg0507","fg0274","fg0868","fg0769","fg0085","fg0081","fg0955","fg0347","fg0113","fg0284","fg0700","fg0764","fg0173","fg0867","fg0455","fg0671","fg0675","fg0841"
"fq003957","vx_81bca3e5c2eba677","fg0919","1","fg0919","fg0740","fg0675","fg0455","fg0955","fg0507","fg0769","fg0868","fg0656","fg0274","fg0195","fg0173","fg0471","fg0867","fg0113","fg0539","fg0841","fg0764","fg0225","fg0168"
"fq003958","vx_cae2457437b98374","fg0920","1","fg0920","fg0634","fg0998","fg0570","fg0924","fg0443","fg0702","fg0521","fg0029","fg0819","fg0415","fg0134","fg0004","fg0413","fg0375","fg0546","fg0904","fg0608","fg0837","fg0100"
"fq003959","vx_cae2457437b98374","fg0920","1","fg0920","fg0634","fg0998","fg0570","fg0443","fg0924","fg0004","fg0702","fg0521","fg0546","fg0819","fg0413","fg0792","fg0415","fg0134","fg0375","fg0608","fg0032","fg0029","fg0904"
"fq003960","vx_3bb98161a6ceaaa7","fg0921","1","fg0921","fg0751","fg0039","fg0823","fg0782","fg0880","fg0088","fg0620","fg0122","fg0935","fg0015","fg0442","fg0391","fg0849","fg0350","fg0230","fg0545","fg0556","fg0163","fg0199"
"fq003961","vx_02bf779aa0a7cb40","fg0922","3","fg0105","fg0552","fg0922","fg0826","fg0699","fg0848","fg0560","fg0842","fg0095","fg0148","fg0403","fg0133","fg0965","fg0365","fg0769","fg0771","fg0793","fg0868","fg0086","fg0539"
"fq003962","vx_02bf779aa0a7cb40","fg0922","1","fg0922","fg0699","fg0848","fg0938","fg0469","fg0888","fg0660","fg0400","fg0159","fg0998","fg0729","fg0509","fg0238","fg0958","fg0271","fg0945","fg0764","fg0064","fg0961","fg0628"
"fq003963","vx_02bf779aa0a7cb40","fg0922","1","fg0922","fg0699","fg0848","fg0938","fg0400","fg0509","fg0469","fg0271","fg0888","fg0260","fg0147","fg0064","fg0660","fg0764","fg0108","fg0835","fg0945","fg0464","fg0826","fg0159"
"fq003964","vx_02bf779aa0a7cb40","fg0922","1","fg0922","fg0699","fg0848","fg0938","fg0509","fg0400","fg0260","fg0345","fg0147","fg0469","fg0835","fg0660","fg0271","fg0764","fg0945","fg0970","fg0238","fg0903","fg0209","fg0968"
"fq003965","vx_02bf779aa0a7cb40","fg0922","1","fg0922","fg0848","fg0699","fg0938","fg0400","fg0469","fg0509","fg0159","fg0260","fg0889","fg0064","fg0660","fg0147","fg0888","fg0764","fg0659","fg0345","fg0271","fg0945","fg0958"
"fq003966","vx_02bf779aa0a7cb40","fg0922","1","fg0922","fg0699","fg0848","fg0270","fg0159","fg0105","fg0889","fg0197","fg0173","fg0113","fg0938","fg0771","fg0320","fg0722","fg0579","fg0638","fg0400","fg0660","fg0064","fg0671"
"fq003967","vx_02bf779aa0a7cb40","fg0922","1","fg0922","fg0699","fg0848","fg0938","fg0509","fg0400","fg0113","fg0469","fg0227","fg0159","fg0660","fg0319","fg0854","fg0889","fg0064","fg0888","fg0958","fg0345","fg0970","fg0260"
"fq003968","vx_923480dff8eaa118","fg0923","1","fg0923","fg0116","fg0058","fg0420","fg0161","fg0470","fg0426","fg0011","fg0761","fg0239","fg0516","fg0456","fg0422","fg0343","fg0637","fg0273","fg0330","fg0371","fg0198","fg0682"
"fq003969","vx_923480dff8eaa118","fg0923","1","fg0923","fg0058","fg0116","fg0420","fg0161","fg0470","fg0239","fg0426","fg0011","fg0516","fg0456","fg0343","fg0198","fg0682","fg0330","fg0422","fg0637","fg0134","fg0097","fg0273"
"fq003970","vx_923480dff8eaa118","fg0923","1","fg0923","fg0058","fg0116","fg0420","fg0161","fg0470","fg0239","fg0426","fg0761","fg0011","fg0516","fg0422","fg0456","fg0637","fg0343","fg0198","fg0371","fg0739","fg0763","fg0330"
"fq003971","vx_923480dff8eaa118","fg0923","1","fg0923","fg0116","fg0058","fg0420","fg0161","fg0761","fg0239","fg0011","fg0516","fg0426","fg0456","fg0097","fg0637","fg0561","fg0470","fg0343","fg0014","fg0198","fg0134","fg0422"
"fq003972","vx_923480dff8eaa118","fg0923","1","fg0923","fg0116","fg0058","fg0420","fg0161","fg0470","fg0426","fg0239","fg0330","fg0516","fg0637","fg0011","fg0422","fg0761","fg0682","fg0198","fg0456","fg0343","fg0371","fg0273"
"fq003973","vx_923480dff8eaa118","fg0923","1","fg0923","fg0116","fg0058","fg0420","fg0161","fg0470","fg0426","fg0239","fg0343","fg0011","fg0516","fg0761","fg0273","fg0637","fg0422","fg0456","fg0198","fg0682","fg0371","fg0330"
"fq003974","vx_923480dff8eaa118","fg0923","1","fg0923","fg0058","fg0116","fg0420","fg0161","fg0470","fg0426","fg0239","fg0011","fg0516","fg0456","fg0637","fg0761","fg0343","fg0682","fg0422","fg0330","fg0198","fg0134","fg0763"
"fq003975","vx_a7690caa69f3a1d5","fg0924","2","fg0702","fg0924","fg0819","fg0634","fg0281","fg0418","fg0864","fg0268","fg0920","fg0467","fg0534","fg0015","fg0829","fg0740","fg0904","fg0360","fg0525","fg0217","fg0406","fg0296"
"fq003976","vx_a7690caa69f3a1d5","fg0924","29","fg0170","fg0680","fg0072","fg0410","fg0102","fg0752","fg0844","fg0524","fg0050","fg0309","fg0168","fg0485","fg0792","fg0546","fg0809","fg0879","fg0802","fg0398","fg0099","fg0647"
"fq003977","vx_a7690caa69f3a1d5","fg0924","933","fg0170","fg0102","fg0680","fg0410","fg0072","fg0844","fg0752","fg0050","fg0309","fg0168","fg0546","fg0792","fg0099","fg0802","fg0485","fg0879","fg0935","fg0820","fg0301","fg0232"
"fq003978","vx_a7690caa69f3a1d5","fg0924","2","fg0702","fg0924","fg0819","fg0634","fg0170","fg0281","fg0102","fg0844","fg0680","fg0752","fg0410","fg0072","fg0050","fg0864","fg0454","fg0467","fg0099","fg0920","fg0904","fg0268"
"fq003979","vx_a7690caa69f3a1d5","fg0924","37","fg0170","fg0102","fg0680","fg0844","fg0410","fg0309","fg0072","fg0752","fg0050","fg0168","fg0792","fg0546","fg0099","fg0301","fg0935","fg0819","fg0879","fg0798","fg0454","fg0485"
"fq003980","vx_a7690caa69f3a1d5","fg0924","21","fg0170","fg0102","fg0680","fg0072","fg0410","fg0844","fg0752","fg0309","fg0050","fg0168","fg0792","fg0099","fg0546","fg0819","fg0454","fg0879","fg0485","fg0702","fg0802","fg0301"
"fq003981","vx_a7690caa69f3a1d5","fg0924","23","fg0170","fg0102","fg0844","fg0680","fg0410","fg0309","fg0072","fg0050","fg0752","fg0099","fg0168","fg0935","fg0798","fg0546","fg0819","fg0792","fg0879","fg0076","fg0301","fg0105"
"fq003982","vx_a7690caa69f3a1d5","fg0924","28","fg0170","fg0680","fg0102","fg0072","fg0410","fg0752","fg0844","fg0309","fg0168","fg0050","fg0792","fg0546","fg0485","fg0099","fg0879","fg0802","fg0647","fg0452","fg0820","fg0819"
"fq003983","vx_a7690caa69f3a1d5","fg0924","2","fg0702","fg0924","fg0819","fg0634","fg0281","fg0418","fg0864","fg0920","fg0268","fg0467","fg0740","fg0904","fg0360","fg0525","fg0534","fg0015","fg0829","fg0406","fg0296","fg0217"
"fq003984","vx_a7690caa69f3a1d5","fg0924","2","fg0702","fg0924","fg0819","fg0634","fg0170","fg0281","fg0680","fg0072","fg0102","fg0410","fg0050","fg0844","fg0752","fg0099","fg0731","fg0413","fg0524","fg0864","fg0454","fg0920"
"fq003985","vx_a7690caa69f3a1d5","fg0924","14","fg0170","fg0680","fg0102","fg0072","fg0844","fg0410","fg0752","fg0309","fg0050","fg0168","fg0099","fg0819","fg0798","fg0924","fg0454","fg0702","fg0792","fg0546","fg0879","fg0802"
"fq003986","vx_a7690caa69f3a1d5","fg0924","936","fg0170","fg0680","fg0102","fg0410","fg0072","fg0844","fg0752","fg0309","fg0050","fg0168","fg0485","fg0546","fg0792","fg0879","fg0802","fg0099","fg0820","fg0301","fg0373","fg0647"
"fq003987","vx_a7690caa69f3a1d5","fg0924","661","fg0170","fg0680","fg0102","fg0072","fg0410","fg0752","fg0844","fg0309","fg0050","fg0168","fg0485","fg0546","fg0792","fg0879","fg0802","fg0820","fg0576","fg0099","fg0452","fg0373"
"fq003988","vx_a7690caa69f3a1d5","fg0924","29","fg0170","fg0680","fg0102","fg0072","fg0410","fg0844","fg0752","fg0309","fg0050","fg0168","fg0792","fg0546","fg0099","fg0485","fg0879","fg0802","fg0820","fg0454","fg0819","fg0366"
"fq003989","vx_a7690caa69f3a1d5","fg0924","14","fg0170","fg0102","fg0680","fg0844","fg0072","fg0410","fg0309","fg0752","fg0050","fg0819","fg0702","fg0168","fg0099","fg0924","fg0634","fg0792","fg0546","fg0454","fg0301","fg0935"
"fq003990","vx_a7690caa69f3a1d5","fg0924","214","fg0170","fg0680","fg0102","fg0072","fg0410","fg0752","fg0844","fg0309","fg0168","fg0050","fg0485","fg0879","fg0546","fg0792","fg0802","fg0820","fg0099","fg0452","fg0647","fg0301"
"fq003991","vx_a7690caa69f3a1d5","fg0924","958","fg0170","fg0680","fg0102","fg0072","fg0410","fg0752","fg0844","fg0309","fg0050","fg0168","fg0546","fg0792","fg0485","fg0879","fg0802","fg0820","fg0099","fg0647","fg0452","fg0301"
"fq003992","vx_a7690caa69f3a1d5","fg0924","939","fg0170","fg0680","fg0102","fg0410","fg0072","fg0844","fg0752","fg0309","fg0050","fg0168","fg0546","fg0792","fg0099","fg0485","fg0879","fg0935","fg0802","fg0301","fg0333","fg0366"
"fq003993","vx_a7690caa69f3a1d5","fg0924","957","fg0170","fg0680","fg0072","fg0102","fg0410","fg0752","fg0844","fg0309","fg0168","fg0050","fg0485","fg0546","fg0879","fg0792","fg0802","fg0820","fg0373","fg0301","fg0099","fg0452"
"fq003994","vx_a7690caa69f3a1d5","fg0924","2","fg0702","fg0924","fg0819","fg0634","fg0281","fg0418","fg0864","fg0920","fg0268","fg0467","fg0534","fg0740","fg0015","fg0829","fg0904","fg0360","fg0525","fg0217","fg0296","fg0406"
"fq003995","vx_a7690caa69f3a1d5","fg0924","18","fg0170","fg0102","fg0680","fg0072","fg0844","fg0410","fg0309","fg0752","fg0050","fg0168","fg0792","fg0546","fg0819","fg0099","fg0702","fg0879","fg0485","fg0924","fg0301","fg0802"
"fq003996","vx_a7690caa69f3a1d5","fg0924","2","fg0702","fg0924","fg0819","fg0634","fg0281","fg0418","fg0864","fg0268","fg0467","fg0920","fg0829","fg0534","fg0015","fg0217","fg0740","fg0360","fg0904","fg0525","fg0406","fg0016"
"fq003997","vx_a7690caa69f3a1d5","fg0924","955","fg0170","fg0680","fg0410","fg0072","fg0102","fg0752","fg0309","fg0844","fg0792","fg0050","fg0546","fg0524","fg0485","fg0879","fg0168","fg0809","fg0647","fg0802","fg0099","fg0452"
"fq003998","vx_a7690caa69f3a1d5","fg0924","984","fg0170","fg0309","fg0680","fg0102","fg0792","fg0410","fg0072","fg0546","fg0752","fg0844","fg0050","fg0168","fg0366","fg0802","fg0879","fg0485","fg0099","fg0301","fg0647","fg0820"
"fq003999","vx_a7690caa69f3a1d5","fg0924","146","fg0170","fg0680","fg0102","fg0410","fg0072","fg0844","fg0752","fg0309","fg0050","fg0792","fg0546","fg0168","fg0099","fg0879","fg0485","fg0366","fg0802","fg0333","fg0452","fg0076"
"fq004000","vx_a7690caa69f3a1d5","fg0924","742","fg0170","fg0680","fg0102","fg0410","fg0072","fg0844","fg0752","fg0309","fg0050","fg0168","fg0546","fg0792","fg0099","fg0879","fg0485","fg0802","fg0820","fg0333","fg0301","fg0452"
"fq004001","vx_a7690caa69f3a1d5","fg0924","958","fg0170","fg0680","fg0410","fg0072","fg0102","fg0752","fg0844","fg0524","fg0168","fg0809","fg0050","fg0309","fg0485","fg0398","fg0879","fg0451","fg0546","fg0792","fg0576","fg0647"
"fq004002","vx_a7690caa69f3a1d5","fg0924","941","fg0170","fg0680","fg0102","fg0072","fg0410","fg0752","fg0844","fg0309","fg0050","fg0168","fg0792","fg0546","fg0802","fg0485","fg0879","fg0820","fg0301","fg0373","fg0099","fg0647"
"fq004003","vx_a7690caa69f3a1d5","fg0924","960","fg0170","fg0680","fg0102","fg0072","fg0410","fg0309","fg0752","fg0844","fg0792","fg0050","fg0168","fg0546","fg0879","fg0485","fg0802","fg0099","fg0366","fg0647","fg0820","fg0452"
"fq004004","vx_a7690caa69f3a1d5","fg0924","4","fg0170","fg0819","fg0702","fg0924","fg0102","fg0680","fg0634","fg0072","fg0410","fg0844","fg0281","fg0752","fg0050","fg0309","fg0168","fg0454","fg0099","fg0864","fg0485","fg0879"
"fq004005","vx_a7690caa69f3a1d5","fg0924","894","fg0170","fg0680","fg0410","fg0072","fg0102","fg0752","fg0524","fg0844","fg0809","fg0309","fg0050","fg0660","fg0485","fg0168","fg0398","fg0879","fg0546","fg0792","fg0576","fg0193"
"fq004006","vx_a7690caa69f3a1d5","fg0924","136","fg0170","fg0102","fg0680","fg0072","fg0410","fg0844","fg0752","fg0309","fg0168","fg0050","fg0099","fg0802","fg0798","fg0879","fg0546","fg0792","fg0485","fg0454","fg0820","fg0935"
"fq004007","vx_a7690caa69f3a1d5","fg0924","19","fg0170","fg0680","fg0102","fg0072","fg0410","fg0752","fg0844","fg0309","fg0050","fg0168","fg0792","fg0546","fg0485","fg0802","fg0879","fg0702","fg0099","fg0647","fg0924","fg0820"
"fq004008","vx_a7690caa69f3a1d5","fg0924","947","fg0170","fg0680","fg0102","fg0072","fg0410","fg0844","fg0752","fg0309","fg0168","fg0050","fg0546","fg0792","fg0485","fg0879","fg0802","fg0099","fg0820","fg0647","fg0333","fg0301"
"fq004009","vx_a7690caa69f3a1d5","fg0924","942","fg0170","fg0680","fg0102","fg0410","fg0072","fg0844","fg0752","fg0309","fg0168","fg0050","fg0546","fg0792","fg0485","fg0802","fg0879","fg0099","fg0301","fg0820","fg0076","fg0366"
"fq004010","vx_a7690caa69f3a1d5","fg0924","966","fg0170","fg0680","fg0102","fg0072","fg0410","fg0752","fg0844","fg0309","fg0168","fg0050","fg0792","fg0546","fg0485","fg0802","fg0879","fg0820","fg0647","fg0452","fg0301","fg0099"
"fq004011","vx_a7690caa69f3a1d5","fg0924","353","fg0170","fg0680","fg0102","fg0072","fg0410","fg0844","fg0752","fg0309","fg0168","fg0050","fg0099","fg0546","fg0792","fg0879","fg0485","fg0935","fg0301","fg0802","fg0454","fg0452"
"fq004012","vx_a7690caa69f3a1d5","fg0924","946","fg0170","fg0680","fg0102","fg0072","fg0410","fg0309","fg0792","fg0752","fg0844","fg0546","fg0050","fg0168","fg0879","fg0485","fg0099","fg0802","fg0366","fg0820","fg0452","fg0647"
"fq004013","vx_a7690caa69f3a1d5","fg0924","867","fg0170","fg0680","fg0102","fg0072","fg0410","fg0844","fg0752","fg0168","fg0309","fg0050","fg0792","fg0546","fg0099","fg0485","fg0879","fg0802","fg0820","fg0452","fg0373","fg0647"
"fq004014","vx_a7690caa69f3a1d5","fg0924","923","fg0170","fg0680","fg0102","fg0072","fg0410","fg0844","fg0752","fg0309","fg0050","fg0168","fg0485","fg0546","fg0792","fg0879","fg0099","fg0802","fg0820","fg0301","fg0366","fg0452"
"fq004015","vx_a7690caa69f3a1d5","fg0924","173","fg0170","fg0680","fg0102","fg0410","fg0072","fg0844","fg0752","fg0309","fg0050","fg0168","fg0546","fg0792","fg0485","fg0099","fg0105","fg0879","fg0301","fg0802","fg0452","fg0935"
"fq004016","vx_a7690caa69f3a1d5","fg0924","758","fg0170","fg0102","fg0680","fg0844","fg0410","fg0072","fg0309","fg0752","fg0050","fg0168","fg0099","fg0546","fg0792","fg0935","fg0879","fg0485","fg0301","fg0802","fg0076","fg0333"
"fq004017","vx_a7690caa69f3a1d5","fg0924","926","fg0170","fg0680","fg0072","fg0410","fg0102","fg0752","fg0050","fg0844","fg0309","fg0168","fg0731","fg0540","fg0485","fg0792","fg0802","fg0546","fg0879","fg0373","fg0820","fg0099"
"fq004018","vx_a7690caa69f3a1d5","fg0924","19","fg0170","fg0680","fg0102","fg0072","fg0410","fg0752","fg0844","fg0309","fg0050","fg0792","fg0546","fg0168","fg0802","fg0099","fg0702","fg0485","fg0366","fg0879","fg0924","fg0647"
"fq004019","vx_a7690caa69f3a1d5","fg0924","954","fg0680","fg0170","fg0072","fg0102","fg0410","fg0752","fg0844","fg0309","fg0168","fg0546","fg0485","fg0792","fg0050","fg0879","fg0802","fg0820","fg0452","fg0373","fg0099","fg0647"
"fq004020","vx_c8ce5abef2347980","fg0925","1","fg0925","fg0617","fg0351","fg0552","fg0133","fg0165","fg0612","fg0321","fg0403","fg0668","fg0674","fg0918","fg0396","fg0770","fg0816","fg0016","fg0009","fg0288","fg0432","fg0516"
"fq004021","vx_c8ce5abef2347980","fg0925","1","fg0925","fg0617","fg0552","fg0351","fg0133","fg0612","fg0674","fg0165","fg0009","fg0918","fg0321","fg0816","fg0288","fg0403","fg0668","fg0033","fg0516","fg0396","fg0750","fg0432"
"fq004022","vx_c8ce5abef2347980","fg0925","1","fg0925","fg0617","fg0552","fg0351","fg0133","fg0165","fg0674","fg0009","fg0612","fg0918","fg0321","fg0516","fg0396","fg0288","fg0403","fg0668","fg0109","fg0816","fg0775","fg0432"
"fq004023","vx_c8ce5abef2347980","fg0925","1","fg0925","fg0617","fg0351","fg0552","fg0133","fg0612","fg0674","fg0165","fg0918","fg0009","fg0668","fg0403","fg0396","fg0288","fg0321","fg0770","fg0432","fg0516","fg0775","fg0816"
"fq004024","vx_6dc39228edc79823","fg0926","1","fg0926","fg0944","fg0231","fg0341","fg0710","fg0698","fg0915","fg0598","fg0585","fg0036","fg0589","fg0714","fg0737","fg0631","fg0697","fg0579","fg0637","fg0252","fg0966","fg0515"
"fq004025","vx_3a1a8eb9c1010a94","fg0927","1","fg0927","fg0073","fg0937","fg0568","fg0153","fg0846","fg0404","fg0968","fg0230","fg0801","fg0202","fg0857","fg0839","fg0517","fg0569","fg0616","fg0778","fg0552","fg0935","fg0531"
"fq004026","vx_3a1a8eb9c1010a94","fg0927","1","fg0927","fg0073","fg0937","fg0568","fg0846","fg0153","fg0404","fg0968","fg0108","fg0202","fg0857","fg0768","fg0230","fg0801","fg0517","fg0403","fg0839","fg0569","fg0616","fg0552"
"fq004027","vx_d4b2fae56a6b521c","fg0928","1","fg0928","fg0141","fg0465","fg0332","fg0040","fg0561","fg0190","fg0149","fg0763","fg0450","fg0739","fg0971","fg0104","fg0134","fg0508","fg0652","fg0840","fg0682","fg0994","fg0179"
"fq004028","vx_d4b2fae56a6b521c","fg0928","1","fg0928","fg0141","fg0465","fg0332","fg0971","fg0190","fg0450","fg0508","fg0994","fg0040","fg0561","fg0104","fg0683","fg0149","fg0440","fg0760","fg0682","fg0615","fg0179","fg0840"
"fq004029","vx_d4b2fae56a6b521c","fg0928","1","fg0928","fg0141","fg0465","fg0332","fg0971","fg0561","fg0190","fg0450","fg0705","fg0040","fg0149","fg0763","fg0134","fg0739","fg0104","fg0840","fg0508","fg0682","fg0666","fg0760"
"fq004030","vx_d4b2fae56a6b521c","fg0928","1","fg0928","fg0141","fg0465","fg0332","fg0561","fg0190","fg0971","fg0450","fg0040","fg0149","fg0134","fg0440","fg0763","fg0840","fg0652","fg0760","fg0739","fg0364","fg0682","fg0683"
"fq004031","vx_d4b2fae56a6b521c","fg0928","1","fg0928","fg0561","fg0735","fg0239","fg0652","fg0097","fg0190","fg0763","fg0739","fg0693","fg0364","fg0683","fg0898","fg0558","fg0149","fg0040","fg0134","fg0332","fg0465","fg0176"
"fq004032","vx_d4b2fae56a6b521c","fg0928","1","fg0928","fg0141","fg0465","fg0332","fg0561","fg0190","fg0763","fg0971","fg0739","fg0040","fg0450","fg0652","fg0134","fg0508","fg0149","fg0683","fg0239","fg0994","fg0104","fg0682"
"fq004033","vx_bcde1be3b8609a23","fg0929","1","fg0929","fg0653","fg0205","fg0052","fg0289","fg0088","fg0382","fg0690","fg0584","fg0636","fg0041","fg0139","fg0729","fg0784","fg0297","fg0296","fg0996","fg0104","fg0763","fg0739"
"fq004034","vx_bcde1be3b8609a23","fg0929","1","fg0929","fg0653","fg0205","fg0052","fg0690","fg0382","fg0088","fg0041","fg0139","fg0996","fg0584","fg0289","fg0104","fg0729","fg0791","fg0763","fg0297","fg0739","fg0636","fg0354"
"fq004035","vx_054c4c52a571101e","fg0930","1","fg0930","fg0045","fg0749","fg0054","fg0005","fg0833","fg0173","fg0598","fg0931","fg0854","fg0606","fg0118","fg0440","fg0270","fg0889","fg0061","fg0752","fg0353","fg0397","fg0265"
"fq004036","vx_054c4c52a571101e","fg0930","1","fg0930","fg0749","fg0005","fg0833","fg0045","fg0054","fg0173","fg0931","fg0107","fg0854","fg0530","fg0869","fg0598","fg0270","fg0408","fg0118","fg0090","fg0265","fg0448","fg0606"
"fq004037","vx_054c4c52a571101e","fg0930","1","fg0930","fg0045","fg0054","fg0598","fg0173","fg0606","fg0854","fg0931","fg0440","fg0749","fg0005","fg0061","fg0118","fg0397","fg0833","fg0353","fg0270","fg0752","fg0889","fg0450"
"fq004038","vx_054c4c52a571101e","fg0930","1","fg0930","fg0749","fg0005","fg0045","fg0833","fg0054","fg0173","fg0931","fg0598","fg0854","fg0606","fg0270","fg0118","fg0397","fg0440","fg0889","fg0752","fg0061","fg0874","fg0353"
"fq004039","vx_c59016c5c6ef5555","fg0931","1","fg0931","fg0867","fg0886","fg0527","fg0983","fg0539","fg0583","fg0490","fg0159","fg0173","fg0320","fg0659","fg0569","fg0588","fg0533","fg0854","fg0140","fg0889","fg0965","fg0500"
"fq004040","vx_59e6c86168f4709e","fg0932","1","fg0932","fg0691","fg0269","fg0032","fg0669","fg0806","fg0571","fg0063","fg0611","fg0901","fg0151","fg0830","fg0786","fg0519","fg0960","fg0378","fg0339","fg0473","fg0474","fg0469"
"fq004041","vx_68fc43199e3b7e16","fg0933","1","fg0933","fg0349","fg0118","fg0007","fg0703","fg0733","fg0903","fg0113","fg0633","fg0173","fg0736","fg0284","fg0614","fg0446","fg0972","fg0854","fg0808","fg0832","fg0663","fg0359"
"fq004042","vx_68fc43199e3b7e16","fg0933","1","fg0933","fg0349","fg0118","fg0903","fg0007","fg0113","fg0703","fg0733","fg0633","fg0359","fg0173","fg0284","fg0972","fg0614","fg0736","fg0446","fg0663","fg0854","fg0808","fg0439"
"fq004043","vx_68fc43199e3b7e16","fg0933","1","fg0933","fg0349","fg0118","fg0703","fg0903","fg0007","fg0113","fg0733","fg0972","fg0173","fg0359","fg0284","fg0633","fg0736","fg0063","fg0614","fg0854","fg0832","fg0446","fg0663"
"fq004044","vx_68fc43199e3b7e16","fg0933","1","fg0933","fg0349","fg0118","fg0113","fg0903","fg0007","fg0733","fg0703","fg0633","fg0284","fg0173","fg0359","fg0972","fg0614","fg0671","fg0736","fg0663","fg0063","fg0808","fg0535"
"fq004045","vx_68fc43199e3b7e16","fg0933","1","fg0933","fg0349","fg0118","fg0007","fg0703","fg0903","fg0733","fg0284","fg0359","fg0633","fg0614","fg0972","fg0446","fg0113","fg0173","fg0400","fg0063","fg0736","fg0854","fg0663"
"fq004046","vx_68fc43199e3b7e16","fg0933","1","fg0933","fg0349","fg0118","fg0113","fg0903","fg0703","fg0733","fg0007","fg0633","fg0173","fg0284","fg0359","fg0972","fg0614","fg0671","fg0736","fg0446","fg0808","fg0854","fg0003"
"fq004047","vx_68fc43199e3b7e16","fg0933","1","fg0933","fg0349","fg0007","fg0769","fg0284","fg0173","fg0118","fg0113","fg0614","fg0903","fg0733","fg0633","fg0439","fg0703","fg0868","fg0671","fg0841","fg0359","fg0663","fg0771"
"fq004048","vx_f647366b059c3504","fg0934","1","fg0934","fg0605","fg0695","fg0219","fg0498","fg0250","fg0608","fg0055","fg0026","fg0640","fg0975","fg0212","fg0403","fg0906","fg0365","fg0337","fg0132","fg0771","fg0854","fg0579"
"fq004049","vx_f647366b059c3504","fg0934","1","fg0934","fg0605","fg0952","fg0498","fg0219","fg0250","fg0906","fg0432","fg0775","fg0272","fg0337","fg1000","fg0695","fg0583","fg0132","fg0995","fg0975","fg0707","fg0086","fg0810"
"fq004050","vx_f647366b059c3504","fg0934","1","fg0934","fg0695","fg0403","fg0055","fg0640","fg0365","fg0771","fg0026","fg0299","fg0964","fg0579","fg0608","fg0722","fg0854","fg0249","fg0795","fg0916","fg0605","fg0810","fg0046"
"fq004051","vx_f647366b059c3504","fg0934","1","fg0934","fg0605","fg0608","fg0219","fg0498","fg0250","fg0132","fg0975","fg0337","fg0109","fg0026","fg0695","fg0165","fg0043","fg0403","fg0365","fg0366","fg0810","fg0991","fg0906"
"fq004052","vx_f647366b059c3504","fg0934","1","fg0934","fg0695","fg0960","fg0026","fg0055","fg0365","fg0403","fg0767","fg0640","fg0353","fg0605","fg0854","fg0151","fg0964","fg0579","fg0916","fg0453","fg0340","fg0975","fg0608"
"fq004053","vx_f647366b059c3504","fg0934","1","fg0934","fg0608","fg0605","fg0498","fg0219","fg0250","fg0695","fg0026","fg0403","fg0337","fg0132","fg0366","fg0975","fg0906","fg0055","fg0365","fg0640","fg0722","fg0310","fg0854"
"fq004054","vx_2c9212f4a03988cc","fg0935","1","fg0935","fg0295","fg0540","fg0162","fg0135","fg0099","fg0801","fg0853","fg0950","fg0937","fg0456","fg0394","fg0921","fg0798","fg0170","fg0073","fg0521","fg0599","fg0731","fg0074"
"fq004055","vx_d552ca43574ada00","fg0936","1","fg0936","fg0241","fg0584","fg0503","fg0588","fg0490","fg0355","fg0275","fg0001","fg0224","fg0313","fg0580","fg0388","fg0357","fg0071","fg0460","fg0162","fg0778","fg0737","fg0659"
"fq004056","vx_5a7641f0ec28b949","fg0937","1","fg0937","fg0073","fg0927","fg0568","fg0153","fg0846","fg0404","fg0968","fg0656","fg0675","fg0276","fg0868","fg0955","fg0539","fg0230","fg0202","fg0517","fg0740","fg0839","fg0801"
"fq004057","vx_9aad6152a85ee7f4","fg0938","1","fg0938","fg0628","fg0509","fg0848","fg0922","fg0699","fg0283","fg0576","fg0218","fg0660","fg0271","fg0328","fg0469","fg0155","fg0270","fg0056","fg0332","fg0319","fg0641","fg0970"
"fq004058","vx_9aad6152a85ee7f4","fg0938","17","fg0411","fg0283","fg0973","fg0825","fg0398","fg0056","fg0012","fg0270","fg0759","fg0668","fg0660","fg0106","fg0757","fg0469","fg0146","fg0460","fg0938","fg0772","fg0490","fg0768"
"fq004059","vx_be6b833b09a7cafd","fg0939","1","fg0939","fg0244","fg0678","fg0026","fg0365","fg0758","fg0615","fg0955","fg0604","fg0555","fg0243","fg0402","fg0090","fg0991","fg0330","fg0427","fg0787","fg0367","fg0475","fg0869"
"fq004060","vx_01ee7817f0997ba0","fg0940","2","fg0165","fg0940","fg0132","fg0427","fg0475","fg0605","fg0109","fg0975","fg0135","fg0836","fg0244","fg0788","fg0732","fg0801","fg0243","fg0934","fg0281","fg0586","fg0818","fg0429"
"fq004061","vx_01ee7817f0997ba0","fg0940","1","fg0940","fg0975","fg0776","fg0818","fg0605","fg0731","fg0934","fg0084","fg0586","fg0601","fg0761","fg0194","fg0892","fg0180","fg0132","fg0250","fg0498","fg0097","fg0810","fg0219"
"fq004062","vx_7bb3494179a7e09b","fg0941","1","fg0941","fg0067","fg0131","fg0177","fg0828","fg0007","fg0129","fg0082","fg0093","fg0874","fg0544","fg0804","fg0614","fg0974","fg0957","fg0563","fg0297","fg0639","fg0344","fg0061"
"fq004063","vx_7bb3494179a7e09b","fg0941","1","fg0941","fg0067","fg0131","fg0177","fg0828","fg0082","fg0007","fg0874","fg0129","fg0312","fg0639","fg0614","fg0544","fg0957","fg0804","fg0974","fg0676","fg0872","fg0093","fg0990"
"fq004064","vx_97e5f6880b86b6a7","fg0942","1","fg0942","fg0059","fg0025","fg0100","fg0424","fg0258","fg0907","fg0279","fg0909","fg0847","fg0334","fg0475","fg0435","fg0552","fg0697","fg0159","fg0411","fg0980","fg0648","fg0894"
"fq004065","vx_97e5f6880b86b6a7","fg0942","2","fg0059","fg0942","fg0424","fg0100","fg0151","fg0847","fg0797","fg0980","fg0648","fg0342","fg0768","fg0279","fg0893","fg0863","fg0590","fg0745","fg0845","fg0029","fg0566","fg0120"
"fq004066","vx_ea5f19520272424b","fg0943","1","fg0943","fg0289","fg0741","fg0879","fg0174","fg0485","fg0452","fg0830","fg0499","fg0786","fg0597","fg0901","fg0033","fg0034","fg0658","fg0726","fg0625","fg0414","fg0817","fg0795"
"fq004067","vx_c4e6199e9b324948","fg0944","1","fg0944","fg0231","fg0926","fg0341","fg0710","fg0698","fg0598","fg0589","fg0737","fg0714","fg0883","fg0631","fg0966","fg0085","fg0852","fg0252","fg0120","fg0982","fg0697","fg0515"
"fq004068","vx_c4e6199e9b324948","fg0944","1","fg0944","fg0926","fg0231","fg0341","fg0710","fg0698","fg0598","fg0133","fg0560","fg0579","fg0270","fg0737","fg0771","fg0165","fg0552","fg0095","fg0801","fg0826","fg0668","fg0714"
"fq004069","vx_c4e6199e9b324948","fg0944","2","fg0926","fg0944","fg0341","fg0231","fg0710","fg0698","fg0598","fg0589","fg0714","fg0883","fg0264","fg0737","fg0776","fg0397","fg0252","fg0697","fg0194","fg0966","fg0727","fg0120"
"fq004070","vx_c4e6199e9b324948","fg0944","1","fg0944","fg0926","fg0341","fg0231","fg0710","fg0698","fg0598","fg0589","fg0737","fg0714","fg0883","fg0631","fg0133","fg0697","fg0399","fg0252","fg0829","fg0085","fg0095","fg0801"
"fq004071","vx_c4e6199e9b324948","fg0944","1","fg0944","fg0926","fg0231","fg0341","fg0710","fg0698","fg0598","fg0589","fg0737","fg0714","fg0847","fg0697","fg0579","fg0631","fg0055","fg0966","fg0125","fg0883","fg0776","fg0399"
"fq004072","vx_c4e6199e9b324948","fg0944","1","fg0944","fg0926","fg0341","fg0231","fg0710","fg0698","fg0598","fg0589","fg0737","fg0133","fg0714","fg0085","fg0883","fg0631","fg0399","fg0852","fg0165","fg0697","fg0801","fg0130"
"fq004073","vx_c4e6199e9b324948","fg0944","1","fg0944","fg0926","fg0231","fg0341","fg0710","fg0698","fg0598","fg0589","fg0714","fg0737","fg0133","fg0883","fg0801","fg0085","fg0966","fg0852","fg0252","fg0631","fg0095","fg0264"
"fq004074","vx_c4e6199e9b324948","fg0944","1","fg0944","fg0231","fg0341","fg0926","fg0710","fg0698","fg0598","fg0133","fg0552","fg0560","fg0095","fg0148","fg0668","fg0826","fg0801","fg0852","fg0589","fg0737","fg0165","fg0883"
"fq004075","vx_c4e6199e9b324948","fg0944","1","fg0944","fg0926","fg0231","fg0341","fg0710","fg0698","fg0598","fg0095","fg0589","fg0560","fg0826","fg0737","fg0631","fg0714","fg0883","fg0801","fg0159","fg0133","fg0399","fg0125"
"fq004076","vx_c4e6199e9b324948","fg0944","1","fg0944","fg0926","fg0231","fg0341","fg0710","fg0698","fg0598","fg0589","fg0714","fg0737","fg0883","fg0631","fg0252","fg0697","fg0852","fg0399","fg0966","fg0085","fg0120","fg0264"
"fq004077","vx_c4e6199e9b324948","fg0944","1","fg0944","fg0231","fg0926","fg0341","fg0710","fg0698","fg0598","fg0105","fg0771","fg0965","fg0737","fg0868","fg0714","fg0589","fg0270","fg0883","fg0085","fg0982","fg0252","fg0697"
"fq004078","vx_c4e6199e9b324948","fg0944","1","fg0944","fg0231","fg0926","fg0341","fg0710","fg0698","fg0598","fg0133","fg0589","fg0737","fg0560","fg0095","fg0714","fg0826","fg0552","fg0852","fg0631","fg0085","fg0883","fg0668"
"fq004079","vx_c4e6199e9b324948","fg0944","1","fg0944","fg0926","fg0341","fg0231","fg0710","fg0698","fg0598","fg0159","fg0883","fg0270","fg0560","fg0589","fg0397","fg0095","fg0737","fg0734","fg0551","fg0697","fg0771","fg0579"
"fq004080","vx_c4e6199e9b324948","fg0944","1","fg0944","fg0231","fg0341","fg0926","fg0710","fg0698","fg0598","fg0560","fg0095","fg0826","fg0327","fg0364","fg0793","fg0133","fg0551","fg0647","fg0159","fg0552","fg0737","fg0634"
"fq004081","vx_c4e6199e9b324948","fg0944","2","fg0926","fg0944","fg0341","fg0231","fg0710","fg0698","fg0281","fg0634","fg0702","fg0924","fg0598","fg0819","fg0589","fg0055","fg0467","fg0560","fg0095","fg0826","fg0579","fg0165"
"fq004082","vx_c4e6199e9b324948","fg0944","1","fg0944","fg0926","fg0341","fg0231","fg0710","fg0698","fg0560","fg0552","fg0598","fg0159","fg0104","fg0538","fg0647","fg0826","fg0551","fg0095","fg0133","fg0197","fg0589","fg0697"
"fq004083","vx_c4e6199e9b324948","fg0944","2","fg0926","fg0944","fg0231","fg0341","fg0710","fg0819","fg0702","fg0634","fg0281","fg0924","fg0698","fg0418","fg0598","fg0714","fg0727","fg0130","fg0681","fg0217","fg0194","fg0040"
"fq004084","vx_c4e6199e9b324948","fg0944","1","fg0944","fg0926","fg0231","fg0341","fg0710","fg0698","fg0598","fg0589","fg0714","fg0737","fg0634","fg0966","fg0883","fg0697","fg0252","fg0702","fg0281","fg0631","fg0264","fg0399"
"fq004085","vx_c4e6199e9b324948","fg0944","1","fg0944","fg0231","fg0341","fg0926","fg0710","fg0698","fg0598","fg0737","fg0589","fg0852","fg0714","fg0095","fg0631","fg0883","fg0826","fg0085","fg0560","fg0133","fg0982","fg0252"
"fq004086","vx_2c7b26aecdae6beb","fg0945","2","fg0322","fg0945","fg0138","fg0238","fg0391","fg0613","fg0211","fg0701","fg0612","fg0002","fg0907","fg0880","fg0551","fg0445","fg0529","fg0056","fg0327","fg0118","fg0572","fg0966"
"fq004087","vx_2c7b26aecdae6beb","fg0945","2","fg0138","fg0945","fg0322","fg0238","fg0613","fg0391","fg0701","fg0551","fg0612","fg0211","fg0002","fg0445","fg0907","fg0529","fg0327","fg0419","fg0029","fg0118","fg0880","fg0870"
"fq004088","vx_2c7b26aecdae6beb","fg0945","1","fg0945","fg0322","fg0138","fg0238","fg0613","fg0391","fg0612","fg0701","fg0551","fg0211","fg0327","fg0445","fg0529","fg0419","fg0002","fg0907","fg0029","fg0880","fg0966","fg0118"
"fq004089","vx_2c7b26aecdae6beb","fg0945","2","fg0322","fg0945","fg0138","fg0238","fg0391","fg0613","fg0211","fg0701","fg0612","fg0551","fg0880","fg0002","fg0056","fg0907","fg0445","fg0529","fg0327","fg0870","fg0118","fg0419"
"fq004090","vx_4efa168b4c69ba7c","fg0946","118","fg1000","fg0823","fg0796","fg0880","fg0859","fg0541","fg0759","fg0988","fg0180","fg0909","fg0360","fg0227","fg0025","fg0860","fg0367","fg0616","fg0722","fg0287","fg0103","fg0325"
"fq004091","vx_29ad834996aa95e1","fg0947","1","fg0947","fg0989","fg0528","fg0434","fg0536","fg0495","fg0571","fg0226","fg0462","fg0740","fg0801","fg0397","fg0131","fg0612","fg0481","fg0070","fg0691","fg0893","fg0048","fg0510"
"fq004092","vx_29ad834996aa95e1","fg0947","1","fg0947","fg0989","fg0528","fg0536","fg0226","fg0434","fg0495","fg0131","fg0571","fg0462","fg0740","fg0612","fg0691","fg0893","fg0048","fg0801","fg0948","fg0895","fg0834","fg0743"
"fq004093","vx_d3d0aef95e15e5e8","fg0948","1","fg0948","fg0378","fg0957","fg0977","fg0007","fg0888","fg0947","fg0079","fg0826","fg0497","fg0966","fg0426","fg0061","fg0095","fg0008","fg0969","fg0560","fg0650","fg0736","fg0743"
"fq004094","vx_d3d0aef95e15e5e8","fg0948","1","fg0948","fg0378","fg0957","fg0007","fg0671","fg0695","fg0947","fg0977","fg0284","fg0079","fg0560","fg0826","fg0008","fg0765","fg0426","fg0966","fg0743","fg0095","fg0868","fg0085"
"fq004095","vx_d3d0aef95e15e5e8","fg0948","1","fg0948","fg0378","fg0957","fg0888","fg0007","fg0977","fg0426","fg0947","fg0497","fg0826","fg0966","fg0148","fg0008","fg0061","fg0671","fg0095","fg0079","fg0304","fg0027","fg0743"
"fq004096","vx_d3d0aef95e15e5e8","fg0948","1","fg0948","fg0378","fg0977","fg0957","fg0007","fg0426","fg0966","fg0947","fg0497","fg0675","fg0826","fg0858","fg0888","fg0736","fg0671","fg0095","fg0695","fg0079","fg0743","fg0973"
"fq004097","vx_d3d0aef95e15e5e8","fg0948","1","fg0948","fg0378","fg0957","fg0977","fg0007","fg0888","fg0966","fg0947","fg0497","fg0426","fg0826","fg0061","fg0079","fg0095","fg0650","fg0743","fg0736","fg0085","fg0008","fg0699"
"fq004098","vx_d3d0aef95e15e5e8","fg0948","247","fg0965","fg0868","fg0559","fg0539","fg0105","fg0769","fg0724","fg0990","fg0673","fg0151","fg0671","fg0675","fg0156","fg0294","fg0365","fg0052","fg0086","fg0771","fg0746","fg0806"
"fq004099","vx_d3d0aef95e15e5e8","fg0948","1","fg0948","fg0378","fg0957","fg0977","fg0007","fg0888","fg0426","fg0966","fg0826","fg0947","fg0095","fg0079","fg0497","fg0008","fg0671","fg0560","fg0061","fg0695","fg0085","fg0284"
"fq004100","vx_d3d0aef95e15e5e8","fg0948","1","fg0948","fg0378","fg0957","fg0977","fg0937","fg0073","fg0568","fg0927","fg0404","fg0007","fg0153","fg0966","fg0947","fg0426","fg0846","fg0497","fg0826","fg0888","fg0858","fg0503"
"fq004101","vx_d3d0aef95e15e5e8","fg0948","1","fg0948","fg0378","fg0957","fg0007","fg0977","fg0966","fg0947","fg0426","fg0698","fg0826","fg0061","fg0008","fg0095","fg0858","fg0085","fg0497","fg0079","fg0671","fg0027","fg0650"
"fq004102","vx_d3d0aef95e15e5e8","fg0948","1","fg0948","fg0378","fg0957","fg0977","fg0007","fg0966","fg0426","fg0008","fg0671","fg0826","fg0497","fg0947","fg0695","fg0095","fg0765","fg0284","fg0888","fg0828","fg0079","fg0560"
"fq004103","vx_d3d0aef95e15e5e8","fg0948","1","fg0948","fg0378","fg0977","fg0957","fg0007","fg0966","fg0947","fg0426","fg0826","fg0497","fg0858","fg0095","fg0079","fg0736","fg0650","fg0061","fg0888","fg0743","fg0008","fg0560"
"fq004104","vx_d3d0aef95e15e5e8","fg0948","1","fg0948","fg0378","fg0957","fg0007","fg0977","fg0079","fg0966","fg0965","fg0426","fg0671","fg0008","fg0695","fg0826","fg0086","fg0095","fg0284","fg0765","fg0868","fg0085","fg0105"
"fq004105","vx_91b6399ace8ebf09","fg0949","1","fg0949","fg0480","fg0901","fg0385","fg0830","fg0786","fg0339","fg0553","fg0909","fg0965","fg0797","fg0326","fg0024","fg0868","fg0586","fg0072","fg0658","fg0961","fg0539","fg0805"
"fq004106","vx_a87ca59eaae66e02","fg0950","1","fg0950","fg0956","fg0656","fg0276","fg0595","fg0637","fg0675","fg0955","fg0875","fg0504","fg0539","fg0975","fg0679","fg0769","fg0218","fg0740","fg0271","fg0203","fg0155","fg0592"
"fq004107","vx_db11155f82792015","fg0951","1","fg0951","fg0137","fg0513","fg0540","fg0907","fg0293","fg0211","fg0232","fg0680","fg0072","fg0894","fg0077","fg0195","fg0798","fg0547","fg0955","fg0961","fg0459","fg0060","fg0138"
"fq004108","vx_6c9edea811466e02","fg0952","1","fg0952","fg0906","fg0272","fg0707","fg0432","fg0145","fg0775","fg0317","fg0295","fg0875","fg0900","fg0595","fg0611","fg0887","fg0441","fg0995","fg0501","fg0038","fg0641","fg0812"
"fq004109","vx_6c9edea811466e02","fg0952","1","fg0952","fg0906","fg0707","fg0272","fg0295","fg0875","fg0900","fg0317","fg0432","fg0688","fg0775","fg0038","fg0207","fg0441","fg0853","fg0120","fg0641","fg0453","fg0812","fg0995"
"fq004110","vx_8c85d57de0c57f1d","fg0953","1","fg0953","fg0730","fg0871","fg0606","fg0397","fg0979","fg0410","fg0966","fg0190","fg0780","fg0956","fg0061","fg0515","fg0637","fg0598","fg0762","fg0277","fg0371","fg0288","fg0745"
"fq004111","vx_8c85d57de0c57f1d","fg0953","1","fg0953","fg0730","fg0871","fg0606","fg0397","fg0979","fg0410","fg0780","fg0966","fg0956","fg0190","fg0598","fg0061","fg0637","fg0762","fg0515","fg0288","fg0370","fg0045","fg0277"
"fq004112","vx_60d4e715c145c580","fg0954","1","fg0954","fg0335","fg0797","fg0214","fg0641","fg0558","fg0873","fg0712","fg0949","fg0031","fg0301","fg0549","fg0707","fg0432","fg0918","fg0775","fg0621","fg0480","fg0901","fg0994"
"fq004113","vx_b9357f1c018ab745","fg0955","9","fg0720","fg0553","fg0963","fg0683","fg0342","fg0110","fg0287","fg0787","fg0955","fg0999","fg0562","fg0991","fg0367","fg0695","fg0235","fg0387","fg0103","fg0894","fg0678","fg0758"
"fq004114","vx_58078bae6660b6ff","fg0956","1","fg0956","fg0950","fg0595","fg0637","fg0338","fg0276","fg0397","fg0762","fg0975","fg0606","fg0656","fg0979","fg0953","fg0730","fg0631","fg0494","fg0871","fg0049","fg0013","fg0305"
"fq004115","vx_58078bae6660b6ff","fg0956","1","fg0956","fg0950","fg0595","fg0637","fg0276","fg0656","fg0338","fg0397","fg0762","fg0975","fg0631","fg0730","fg0606","fg0722","fg0675","fg0979","fg0203","fg0953","fg0955","fg0871"
"fq004116","vx_58078bae6660b6ff","fg0956","1","fg0956","fg0950","fg0595","fg0637","fg0338","fg0276","fg0397","fg0975","fg0762","fg0656","fg0730","fg0953","fg0606","fg0631","fg0979","fg0722","fg0013","fg0049","fg0150","fg0494"
"fq004117","vx_58078bae6660b6ff","fg0956","1","fg0956","fg0656","fg0276","fg0950","fg0595","fg0675","fg0338","fg0637","fg0955","fg0203","fg0589","fg0740","fg0397","fg0868","fg0539","fg0524","fg0264","fg0769","fg0437","fg0218"
"fq004118","vx_58078bae6660b6ff","fg0956","1","fg0956","fg0950","fg0595","fg0637","fg0338","fg0276","fg0397","fg0762","fg0656","fg0975","fg0730","fg0631","fg0979","fg0722","fg0606","fg0953","fg0013","fg0049","fg0203","fg0709"
"fq004119","vx_58078bae6660b6ff","fg0956","1","fg0956","fg0950","fg0595","fg0637","fg0276","fg0656","fg0975","fg0338","fg0397","fg0631","fg0722","fg0762","fg0979","fg0730","fg0606","fg0494","fg0953","fg0081","fg0150","fg0049"
"fq004120","vx_58078bae6660b6ff","fg0956","1","fg0956","fg0950","fg0595","fg0637","fg0338","fg0276","fg0397","fg0975","fg0656","fg0762","fg0979","fg0606","fg0631","fg0730","fg0953","fg0494","fg0722","fg0013","fg0150","fg0305"
"fq004121","vx_58078bae6660b6ff","fg0956","1","fg0956","fg0950","fg0595","fg0276","fg0637","fg0656","fg0338","fg0397","fg0975","fg0631","fg0762","fg0722","fg0675","fg0730","fg0203","fg0955","fg0953","fg0606","fg0218","fg0979"
"fq004122","vx_58078bae6660b6ff","fg0956","1","fg0956","fg0950","fg0595","fg0637","fg0338","fg0276","fg0397","fg0762","fg0975","fg0606","fg0730","fg0979","fg0953","fg0631","fg0656","fg0013","fg0049","fg0871","fg0709","fg0150"
"fq004123","vx_a8a4a19122f1974b","fg0957","1","fg0957","fg0777","fg0486","fg0159","fg0067","fg0812","fg0131","fg0704","fg0506","fg0208","fg0696","fg0051","fg0232","fg0941","fg0948","fg0694","fg0401","fg0600","fg0821","fg0204"
"fq004124","vx_a8a4a19122f1974b","fg0957","1","fg0957","fg0067","fg0131","fg0777","fg0159","fg0051","fg0698","fg0401","fg0941","fg0948","fg0108","fg0696","fg0671","fg0966","fg0378","fg0232","fg0407","fg0486","fg0768","fg0007"
"fq004125","vx_572f838c0e56ad64","fg0958","2","fg0599","fg0958","fg0428","fg0213","fg0170","fg0099","fg0051","fg0072","fg0455","fg0523","fg0401","fg0844","fg0680","fg0053","fg0687","fg0611","fg0543","fg0050","fg0516","fg0022"
"fq004126","vx_572f838c0e56ad64","fg0958","1","fg0958","fg0113","fg0599","fg0581","fg0428","fg0170","fg0213","fg0276","fg0353","fg0204","fg0674","fg0554","fg0638","fg0105","fg0731","fg0471","fg0285","fg0042","fg0722","fg0071"
"fq004127","vx_572f838c0e56ad64","fg0958","1","fg0958","fg0599","fg0428","fg0213","fg0051","fg0099","fg0455","fg0401","fg0170","fg0523","fg0331","fg0227","fg0064","fg0964","fg0687","fg0922","fg0072","fg0053","fg0319","fg0798"
"fq004128","vx_f9bae9b6fd92a270","fg0959","1","fg0959","fg0557","fg0376","fg0621","fg0841","fg0155","fg0232","fg0233","fg0271","fg0910","fg0758","fg0297","fg0587","fg0336","fg0033","fg0808","fg0378","fg0092","fg0479","fg0433"
"fq004129","vx_f9bae9b6fd92a270","fg0959","1","fg0959","fg0557","fg0376","fg0621","fg0841","fg0232","fg0155","fg0271","fg0233","fg0297","fg0758","fg0587","fg0033","fg0283","fg0102","fg0092","fg0764","fg0910","fg0336","fg0479"
"fq004130","vx_f9bae9b6fd92a270","fg0959","1","fg0959","fg0557","fg0376","fg0621","fg0841","fg0910","fg0155","fg0232","fg0233","fg0271","fg0587","fg0336","fg0758","fg0297","fg0033","fg0433","fg0092","fg0378","fg0060","fg0808"
"fq004131","vx_98bb0fae66383b7c","fg0960","10","fg0965","fg0559","fg0868","fg0539","fg0105","fg0769","fg0086","fg0481","fg0365","fg0960","fg0435","fg0070","fg0990","fg0673","fg0588","fg0372","fg0510","fg0796","fg0453","fg0025"
"fq004132","vx_56ea78988a5fed7d","fg0961","1","fg0961","fg0529","fg0390","fg0413","fg0998","fg0906","fg0174","fg0317","fg0513","fg0843","fg0485","fg0072","fg0611","fg0523","fg0293","fg0635","fg0038","fg0853","fg0823","fg0644"
"fq004133","vx_56ea78988a5fed7d","fg0961","1","fg0961","fg0529","fg0413","fg0174","fg0998","fg0317","fg0390","fg0072","fg0906","fg0523","fg0009","fg0485","fg0635","fg0038","fg0344","fg0666","fg0581","fg0823","fg0289","fg0452"
"fq004134","vx_56ea78988a5fed7d","fg0961","1","fg0961","fg0529","fg0390","fg0998","fg0513","fg0843","fg0687","fg0413","fg0906","fg0786","fg0523","fg0174","fg0038","fg0681","fg0823","fg0644","fg0317","fg0478","fg0559","fg0293"
"fq004135","vx_56ea78988a5fed7d","fg0961","1","fg0961","fg0529","fg0390","fg0998","fg0906","fg0413","fg0317","fg0174","fg0843","fg0513","fg0644","fg0038","fg0485","fg0823","fg0339","fg0611","fg0853","fg0293","fg0072","fg0452"
"fq004136","vx_56ea78988a5fed7d","fg0961","1","fg0961","fg0529","fg0413","fg0998","fg0174","fg0390","fg0906","fg0513","fg0072","fg0485","fg0843","fg0452","fg0611","fg0317","fg0687","fg0823","fg0009","fg0635","fg0559","fg0951"
"fq004137","vx_56ea78988a5fed7d","fg0961","1","fg0961","fg0390","fg0529","fg0513","fg0998","fg0843","fg0906","fg0853","fg0413","fg0293","fg0644","fg0523","fg0687","fg0624","fg0031","fg0114","fg0174","fg0301","fg0570","fg0823"
"fq004138","vx_56ea78988a5fed7d","fg0961","1","fg0961","fg0529","fg0998","fg0413","fg0174","fg0906","fg0390","fg0485","fg0317","fg0635","fg0289","fg0879","fg0072","fg0452","fg0559","fg0009","fg0513","fg0581","fg0843","fg0570"
"fq004139","vx_56ea78988a5fed7d","fg0961","1","fg0961","fg0529","fg0390","fg0413","fg0174","fg0998","fg0317","fg0906","fg0843","fg0485","fg0289","fg0293","fg0072","fg0635","fg0644","fg0523","fg0038","fg0879","fg0009","fg0452"
"fq004140","vx_56ea78988a5fed7d","fg0961","1","fg0961","fg0998","fg0174","fg0317","fg0581","fg0344","fg0774","fg0413","fg0072","fg0949","fg0222","fg0790","fg0485","fg0559","fg0786","fg0452","fg0635","fg0906","fg0646","fg0385"
"fq004141","vx_56ea78988a5fed7d","fg0961","1","fg0961","fg0174","fg0317","fg0998","fg0413","fg0529","fg0072","fg0485","fg0452","fg0289","fg0879","fg0581","fg0906","fg0635","fg0726","fg0390","fg0038","fg0731","fg0674","fg0344"
"fq004142","vx_56ea78988a5fed7d","fg0961","1","fg0961","fg0529","fg0390","fg0513","fg0998","fg0906","fg0523","fg0687","fg0843","fg0853","fg0644","fg0413","fg0293","fg0823","fg0114","fg0570","fg0174","fg0339","fg0624","fg0301"
"fq004143","vx_56ea78988a5fed7d","fg0961","1","fg0961","fg0529","fg0998","fg0317","fg0072","fg0413","fg0174","fg0036","fg0906","fg0485","fg0823","fg0452","fg0038","fg0289","fg0635","fg0879","fg0222","fg0009","fg0666","fg0581"
"fq004144","vx_56ea78988a5fed7d","fg0961","1","fg0961","fg0529","fg0390","fg0513","fg0906","fg0853","fg0523","fg0413","fg0687","fg0998","fg0114","fg0293","fg0174","fg0570","fg0843","fg0823","fg0644","fg0317","fg0624","fg0951"
"fq004145","vx_56ea78988a5fed7d","fg0961","1","fg0961","fg0529","fg0390","fg0998","fg0513","fg0906","fg0413","fg0174","fg0853","fg0843","fg0523","fg0317","fg0823","fg0687","fg0644","fg0570","fg0038","fg0293","fg0611","fg0951"
"fq004146","vx_56ea78988a5fed7d","fg0961","1","fg0961","fg0529","fg0513","fg0390","fg0906","fg0174","fg0413","fg0998","fg0687","fg0853","fg0523","fg0823","fg0317","fg0843","fg0485","fg0559","fg0951","fg0009","fg0038","fg0293"
"fq004147","vx_56ea78988a5fed7d","fg0961","1","fg0961","fg0529","fg0513","fg0390","fg0906","fg0413","fg0853","fg0523","fg0687","fg0998","fg0951","fg0174","fg0570","fg0823","fg0293","fg0907","fg0644","fg0643","fg0317","fg0654"
"fq004148","vx_56ea78988a5fed7d","fg0961","1","fg0961","fg0529","fg0390","fg0413","fg0513","fg0906","fg0998","fg0174","fg0687","fg0317","fg0843","fg0523","fg0485","fg0293","fg0823","fg0038","fg0853","fg0644","fg0951","fg0009"
"fq004149","vx_56ea78988a5fed7d","fg0961","1","fg0961","fg0529","fg0390","fg0523","fg0998","fg0906","fg0513","fg0823","fg0317","fg0687","fg0413","fg0853","fg0644","fg0293","fg0174","fg0339","fg0843","fg0038","fg0009","fg0485"
"fq004150","vx_56ea78988a5fed7d","fg0961","1","fg0961","fg0529","fg0413","fg0174","fg0390","fg0998","fg0906","fg0317","fg0635","fg0485","fg0289","fg0843","fg0611","fg0879","fg0072","fg0038","fg0009","fg0523","fg0513","fg0293"
"fq004151","vx_56ea78988a5fed7d","fg0961","1","fg0961","fg0174","fg0529","fg0413","fg0998","fg0317","fg0072","fg0906","fg0344","fg0581","fg0485","fg0289","fg0635","fg0559","fg0390","fg0009","fg0452","fg0879","fg0951","fg0687"
"fq004152","vx_56ea78988a5fed7d","fg0961","1","fg0961","fg0390","fg0529","fg0513","fg0998","fg0413","fg0906","fg0843","fg0644","fg0174","fg0293","fg0611","fg0853","fg0951","fg0523","fg0687","fg0581","fg0823","fg0747","fg0292"
"fq004153","vx_56ea78988a5fed7d","fg0961","1","fg0961","fg0529","fg0390","fg0513","fg0523","fg0998","fg0687","fg0906","fg0843","fg0413","fg0644","fg0293","fg0174","fg0853","fg0823","fg0031","fg0114","fg0301","fg0873","fg0478"
"fq004154","vx_56ea78988a5fed7d","fg0961","1","fg0961","fg0529","fg0390","fg0513","fg0906","fg0998","fg0523","fg0687","fg0853","fg0413","fg0174","fg0823","fg0843","fg0293","fg0644","fg0951","fg0114","fg0570","fg0559","fg0317"
"fq004155","vx_56ea78988a5fed7d","fg0961","1","fg0961","fg0529","fg0513","fg0390","fg0413","fg0906","fg0998","fg0951","fg0293","fg0174","fg0843","fg0570","fg0853","fg0644","fg0687","fg0823","fg0292","fg0643","fg0907","fg0114"
"fq004156","vx_56ea78988a5fed7d","fg0961","1","fg0961","fg0529","fg0390","fg0513","fg0906","fg0853","fg0523","fg0687","fg0413","fg0998","fg0843","fg0293","fg0174","fg0951","fg0644","fg0823","fg0570","fg0114","fg0611","fg0643"
"fq004157","vx_56ea78988a5fed7d","fg0961","1","fg0961","fg0529","fg0513","fg0390","fg0413","fg0906","fg0998","fg0823","fg0523","fg0038","fg0174","fg0644","fg0843","fg0570","fg0317","fg0687","fg0478","fg0951","fg0853","fg0452"
"fq004158","vx_56ea78988a5fed7d","fg0961","1","fg0961","fg0529","fg0390","fg0998","fg0906","fg0513","fg0413","fg0174","fg0523","fg0853","fg0687","fg0317","fg0823","fg0843","fg0038","fg0485","fg0611","fg0570","fg0949","fg0644"
"fq004159","vx_56ea78988a5fed7d","fg0961","1","fg0961","fg0529","fg0513","fg0998","fg0390","fg0906","fg0413","fg0523","fg0570","fg0853","fg0823","fg0644","fg0687","fg0174","fg0293","fg0951","fg0949","fg0292","fg0478","fg0843"
"fq004160","vx_56ea78988a5fed7d","fg0961","1","fg0961","fg0529","fg0513","fg0390","fg0906","fg0523","fg0998","fg0687","fg0853","fg0570","fg0413","fg0823","fg0644","fg0843","fg0951","fg0293","fg0114","fg0907","fg0478","fg0174"
"fq004161","vx_56ea78988a5fed7d","fg0961","1","fg0961","fg0529","fg0390","fg0998","fg0413","fg0906","fg0513","fg0174","fg0843","fg0644","fg0823","fg0293","fg0611","fg0317","fg0853","fg0687","fg0523","fg0009","fg0485","fg0559"
"fq004162","vx_56ea78988a5fed7d","fg0961","1","fg0961","fg0529","fg0390","fg0998","fg0413","fg0906","fg0513","fg0174","fg0317","fg0687","fg0823","fg0853","fg0523","fg0843","fg0611","fg0485","fg0072","fg0293","fg0644","fg0951"
"fq004163","vx_56ea78988a5fed7d","fg0961","1","fg0961","fg0390","fg0529","fg0513","fg0413","fg0293","fg0174","fg0906","fg0998","fg0843","fg0951","fg0853","fg0570","fg0611","fg0523","fg0644","fg0317","fg0292","fg0635","fg0485"
"fq004164","vx_4136f2208bb73bbd","fg0962","1","fg0962","fg0858","fg0123","fg0001","fg0275","fg0757","fg0182","fg0662","fg0794","fg0742","fg0358","fg0181","fg0092","fg0503","fg0719","fg0297","fg0758","fg0728","fg0326","fg0388"
"fq004165","vx_ee304c2c8a3392a8","fg0963","1","fg0963","fg0720","fg0553","fg0342","fg0110","fg0683","fg0726","fg0287","fg0212","fg0695","fg0235","fg0787","fg0061","fg0054","fg0663","fg0125","fg0897","fg0562","fg0045","fg0359"
"fq004166","vx_ee304c2c8a3392a8","fg0963","1","fg0963","fg0720","fg0553","fg0342","fg0110","fg0683","fg0287","fg0787","fg0235","fg0212","fg0562","fg0061","fg0695","fg0999","fg0726","fg0054","fg0991","fg0045","fg0311","fg0298"
"fq004167","vx_ee304c2c8a3392a8","fg0963","1","fg0963","fg0720","fg0553","fg0342","fg0110","fg0683","fg0287","fg0212","fg0787","fg0235","fg0061","fg0695","fg0054","fg0045","fg0999","fg0726","fg0562","fg0311","fg0298","fg0125"
"fq004168","vx_ee304c2c8a3392a8","fg0963","1","fg0963","fg0720","fg0553","fg0342","fg0110","fg0683","fg0287","fg0726","fg0787","fg0235","fg0695","fg0061","fg0562","fg0999","fg0212","fg0897","fg0054","fg0045","fg0663","fg0311"
"fq004169","vx_ba67483795f6829e","fg0964","1","fg0964","fg0523","fg0329","fg0892","fg0099","fg0687","fg0529","fg0526","fg0532","fg0983","fg0299","fg0162","fg0984","fg0365","fg0129","fg0958","fg0320","fg0796","fg0093","fg0536"
"fq004170","vx_ba67483795f6829e","fg0964","1","fg0964","fg0400","fg0892","fg0329","fg0526","fg0099","fg0684","fg0941","fg0299","fg0695","fg0532","fg0523","fg0687","fg0854","fg0129","fg0592","fg0403","fg0934","fg0661","fg0746"
"fq004171","vx_ba67483795f6829e","fg0964","1","fg0964","fg0099","fg0523","fg0687","fg0529","fg0162","fg0299","fg0400","fg0684","fg0113","fg0007","fg0958","fg0892","fg0483","fg0709","fg0595","fg0029","fg0026","fg0365","fg0360"
"fq004172","vx_ba67483795f6829e","fg0964","5","fg0908","fg0024","fg0753","fg0946","fg0964","fg0890","fg0326","fg0070","fg0510","fg0136","fg0259","fg0971","fg0523","fg0099","fg0481","fg0526","fg0299","fg0529","fg0633","fg0684"
"fq004173","vx_ba67483795f6829e","fg0964","1","fg0964","fg0099","fg0523","fg0687","fg0400","fg0529","fg0329","fg0892","fg0695","fg0299","fg0526","fg0162","fg0854","fg0550","fg0532","fg0884","fg0365","fg0397","fg0771","fg0684"
"fq004174","vx_7501c108bed27fae","fg0965","505","fg0919","fg0571","fg0691","fg0740","fg0587","fg0595","fg1000","fg0897","fg0359","fg0656","fg0098","fg0081","fg0769","fg0947","fg0276","fg0539","fg0859","fg0541","fg0203","fg0523"
"fq004175","vx_74529bd09fb47cf7","fg0966","1","fg0966","fg0695","fg0698","fg0493","fg0401","fg0342","fg0051","fg0515","fg0957","fg0948","fg0953","fg0226","fg0185","fg0322","fg0613","fg0926","fg0497","fg0730","fg0566","fg0423"
"fq004176","vx_33ace8a73a62c3da","fg0967","1","fg0967","fg0262","fg0619","fg0256","fg0246","fg0781","fg0789","fg0807","fg0545","fg0184","fg0371","fg0987","fg0312","fg0442","fg0122","fg0307","fg0453","fg0347","fg0283","fg0620"
"fq004177","vx_d833c39988646065","fg0968","4","fg0374","fg0835","fg0970","fg0968","fg0466","fg0758","fg0997","fg0533","fg0569","fg0867","fg0886","fg0320","fg0887","fg0885","fg0030","fg0502","fg0509","fg0595","fg0854","fg0583"
"fq004178","vx_d833c39988646065","fg0968","1","fg0968","fg0374","fg0970","fg0835","fg0466","fg0153","fg0846","fg0073","fg0937","fg0568","fg0927","fg0509","fg0758","fg0997","fg0404","fg0502","fg0569","fg0867","fg0533","fg0887"
"fq004179","vx_d833c39988646065","fg0968","1","fg0968","fg0374","fg0835","fg0970","fg0466","fg0153","fg0846","fg0073","fg0568","fg0937","fg0927","fg0404","fg0502","fg0887","fg0758","fg0579","fg0509","fg0030","fg0997","fg0898"
"fq004180","vx_21f76e22999fde3e","fg0969","1","fg0969","fg0079","fg0336","fg0378","fg0060","fg0682","fg0910","fg0738","fg0114","fg0426","fg0330","fg0724","fg0954","fg0597","fg0904","fg0918","fg0399","fg0042","fg0993","fg0307"
"fq004181","vx_f0abfc1c1261c413","fg0970","1","fg0970","fg0374","fg0835","fg0466","fg0968","fg0113","fg0509","fg0655","fg0502","fg0887","fg0579","fg0660","fg0656","fg0030","fg0155","fg0817","fg0206","fg0203","fg0997","fg0460"
"fq004182","vx_f0abfc1c1261c413","fg0970","1","fg0970","fg0374","fg0835","fg0466","fg0968","fg0113","fg0509","fg0502","fg0660","fg0579","fg0887","fg0656","fg0655","fg0206","fg0203","fg0030","fg0155","fg0153","fg0997","fg0824"
"fq004183","vx_f0abfc1c1261c413","fg0970","1","fg0970","fg0374","fg0466","fg0835","fg0968","fg0509","fg0502","fg0887","fg0656","fg0030","fg0660","fg0206","fg0824","fg0898","fg0153","fg0579","fg0113","fg0655","fg0155","fg0997"
"fq004184","vx_f0abfc1c1261c413","fg0970","1","fg0970","fg0374","fg0835","fg0466","fg0968","fg0113","fg0509","fg0656","fg0579","fg0155","fg0655","fg0660","fg0203","fg0030","fg0206","fg0817","fg0118","fg0502","fg0887","fg0460"
"fq004185","vx_3a68f37c10b3f79e","fg0971","1","fg0971","fg0882","fg0908","fg0672","fg0141","fg0119","fg0593","fg0047","fg0605","fg0928","fg0416","fg0976","fg0002","fg0332","fg0132","fg0104","fg0017","fg0328","fg0109","fg0802"
"fq004186","vx_bf4c432b5b053fea","fg0972","1","fg0972","fg0294","fg0657","fg0914","fg0505","fg0519","fg0669","fg0490","fg0659","fg0167","fg0588","fg0435","fg0569","fg0411","fg0460","fg0159","fg0018","fg0345","fg0616","fg0012"
"fq004187","vx_99e98264a6ecd771","fg0973","1","fg0973","fg0411","fg0703","fg0675","fg0350","fg0398","fg0835","fg0334","fg0757","fg0688","fg0594","fg0527","fg0154","fg0258","fg0068","fg0552","fg0435","fg0910","fg0159","fg0591"
"fq004188","vx_bac0fde46771b510","fg0974","1","fg0974","fg0030","fg0477","fg0828","fg0007","fg0614","fg0118","fg0284","fg0067","fg0903","fg0513","fg0131","fg0675","fg0740","fg0941","fg0361","fg0907","fg0015","fg0875","fg0940"
"fq004189","vx_9303807e6d4f9fbe","fg0975","1","fg0975","fg0731","fg0494","fg0605","fg0084","fg0656","fg0522","fg0203","fg0132","fg0276","fg0822","fg0934","fg0109","fg0165","fg0595","fg0632","fg0250","fg0498","fg0950","fg0587"
"fq004190","vx_37d94417547acdf4","fg0976","1","fg0976","fg0316","fg0050","fg0315","fg0652","fg0306","fg0119","fg0907","fg0248","fg0334","fg0531","fg0369","fg0843","fg0645","fg0211","fg0818","fg0280","fg0141","fg0409","fg0940"
"fq004191","vx_0f3caccfda5017b8","fg0977","1","fg0977","fg0164","fg0948","fg0170","fg0919","fg0721","fg0844","fg0348","fg0848","fg0563","fg0102","fg0636","fg0902","fg0736","fg0160","fg0237","fg0625","fg0609","fg0378","fg0619"
"fq004192","vx_0f3caccfda5017b8","fg0977","1","fg0977","fg0164","fg0170","fg0844","fg0173","fg0868","fg0771","fg0102","fg0769","fg0050","fg0721","fg0143","fg0160","fg0919","fg0309","fg0563","fg0965","fg0948","fg0609","fg0410"
"fq004193","vx_0f3caccfda5017b8","fg0977","1","fg0977","fg0164","fg0170","fg0948","fg0844","fg0102","fg0919","fg0160","fg0072","fg0680","fg0187","fg0902","fg0721","fg0237","fg0410","fg0848","fg0736","fg0636","fg0050","fg0348"
"fq004194","vx_0f3caccfda5017b8","fg0977","1","fg0977","fg0164","fg0170","fg0844","fg0948","fg0102","fg0410","fg0680","fg0160","fg0050","fg0072","fg0721","fg0625","fg0309","fg0919","fg0563","fg0181","fg0043","fg0992","fg0052"
"fq004195","vx_0f3caccfda5017b8","fg0977","1","fg0977","fg0164","fg0170","fg0948","fg0844","fg0919","fg0160","fg0102","fg0625","fg0736","fg0064","fg0974","fg0848","fg0740","fg0721","fg0644","fg0902","fg0348","fg0187","fg0636"
"fq004196","vx_0f3caccfda5017b8","fg0977","1","fg0977","fg0164","fg0170","fg0844","fg0102","fg0948","fg0721","fg0410","fg0563","fg0160","fg0050","fg0680","fg0771","fg0992","fg0625","fg0435","fg0309","fg0609","fg0143","fg0902"
"fq004197","vx_0f3caccfda5017b8","fg0977","1","fg0977","fg0164","fg0948","fg0170","fg0919","fg0844","fg0625","fg0160","fg0181","fg0102","fg0902","fg0736","fg0721","fg0187","fg0348","fg0848","fg0085","fg0407","fg0662","fg0644"
"fq004198","vx_0f3caccfda5017b8","fg0977","1","fg0977","fg0164","fg0170","fg0844","fg0102","fg0948","fg0680","fg0072","fg0050","fg0410","fg0143","fg0160","fg0721","fg0309","fg0902","fg0052","fg0609","fg0992","fg0563","fg0644"
"fq004199","vx_0f3caccfda5017b8","fg0977","1","fg0977","fg0164","fg0064","fg0948","fg0170","fg0160","fg0844","fg0187","fg0740","fg0644","fg0848","fg0919","fg0874","fg0736","fg0902","fg0535","fg0144","fg0721","fg0077","fg0621"
"fq004200","vx_0f3caccfda5017b8","fg0977","1","fg0977","fg0164","fg0170","fg0948","fg0844","fg0102","fg0919","fg0160","fg0721","fg0237","fg0625","fg0348","fg0072","fg0410","fg0902","fg0992","fg0563","fg0848","fg0636","fg0974"
"fq004201","vx_0f3caccfda5017b8","fg0977","1","fg0977","fg0164","fg0170","fg0948","fg0844","fg0919","fg0160","fg0187","fg0736","fg0064","fg0902","fg0721","fg0848","fg0348","fg0636","fg0644","fg0625","fg0181","fg0102","fg0740"
"fq004202","vx_0f3caccfda5017b8","fg0977","1","fg0977","fg0164","fg0760","fg0861","fg0396","fg0948","fg0307","fg0170","fg0395","fg0167","fg0328","fg0984","fg0348","fg0728","fg0809","fg0451","fg0055","fg0844","fg0721","fg0191"
"fq004203","vx_0f3caccfda5017b8","fg0977","1","fg0977","fg0164","fg0170","fg0948","fg0919","fg0844","fg0736","fg0187","fg0740","fg0102","fg0848","fg0160","fg0064","fg0974","fg0644","fg0625","fg0407","fg0195","fg0636","fg0050"
"fq004204","vx_0f3caccfda5017b8","fg0977","1","fg0977","fg0164","fg0948","fg0170","fg0844","fg0160","fg0102","fg0919","fg0348","fg0902","fg0187","fg0644","fg0848","fg0636","fg0237","fg0992","fg0721","fg0625","fg0736","fg0181"
"fq004205","vx_0f3caccfda5017b8","fg0977","1","fg0977","fg0164","fg0170","fg0948","fg0844","fg0919","fg0102","fg0160","fg0740","fg0974","fg0064","fg0407","fg0625","fg0902","fg0072","fg0181","fg0043","fg0050","fg0085","fg0736"
"fq004206","vx_0f3caccfda5017b8","fg0977","1","fg0977","fg0164","fg0170","fg0948","fg0844","fg0102","fg0919","fg0625","fg0160","fg0348","fg0721","fg0410","fg0563","fg0992","fg0181","fg0848","fg0720","fg0902","fg0085","fg0609"
"fq004207","vx_0f3caccfda5017b8","fg0977","1","fg0977","fg0164","fg0948","fg0170","fg0919","fg0844","fg0160","fg0102","fg0848","fg0721","fg0974","fg0736","fg0625","fg0740","fg0636","fg0187","fg0902","fg0644","fg0181","fg0043"
"fq004208","vx_0f3caccfda5017b8","fg0977","1","fg0977","fg0164","fg0919","fg0170","fg0948","fg0740","fg0064","fg0187","fg0844","fg0644","fg0979","fg0274","fg0271","fg0160","fg0769","fg0535","fg0621","fg0636","fg0868","fg0841"
"fq004209","vx_0f3caccfda5017b8","fg0977","1","fg0977","fg0164","fg0948","fg0170","fg0919","fg0974","fg0844","fg0160","fg0102","fg0848","fg0181","fg0625","fg0721","fg0902","fg0736","fg0348","fg0237","fg0740","fg0636","fg0609"
"fq004210","vx_0f3caccfda5017b8","fg0977","1","fg0977","fg0164","fg0948","fg0919","fg0170","fg0992","fg0563","fg0721","fg0625","fg0636","fg0160","fg0902","fg0094","fg0609","fg0868","fg0407","fg0844","fg0057","fg0195","fg0102"
"fq004211","vx_0f3caccfda5017b8","fg0977","1","fg0977","fg0164","fg0170","fg0948","fg0844","fg0102","fg0919","fg0160","fg0736","fg0187","fg0181","fg0721","fg0625","fg0848","fg0507","fg0457","fg0410","fg0662","fg0050","fg0072"
"fq004212","vx_0f3caccfda5017b8","fg0977","1","fg0977","fg0164","fg0948","fg0675","fg0919","fg0621","fg0625","fg0902","fg0721","fg0455","fg0994","fg0740","fg0974","fg0527","fg0973","fg0583","fg0472","fg0877","fg0636","fg0160"
"fq004213","vx_0f3caccfda5017b8","fg0977","1","fg0977","fg0164","fg0948","fg0170","fg0919","fg0844","fg0902","fg0102","fg0721","fg0625","fg0348","fg0563","fg0848","fg0992","fg0736","fg0237","fg0160","fg0974","fg0094","fg0609"
"fq004214","vx_0f3caccfda5017b8","fg0977","1","fg0977","fg0164","fg0170","fg0948","fg0844","fg0102","fg0919","fg0721","fg0410","fg0868","fg0563","fg0072","fg0992","fg0160","fg0143","fg0680","fg0625","fg0609","fg0902","fg0094"
"fq004215","vx_0f3caccfda5017b8","fg0977","44","fg0170","fg0844","fg0113","fg0099","fg0173","fg0197","fg0722","fg0854","fg0868","fg0397","fg0320","fg0050","fg0293","fg0958","fg0798","fg0771","fg0309","fg0769","fg0388","fg0357"
"fq004216","vx_0f3caccfda5017b8","fg0977","1","fg0977","fg0164","fg0170","fg0844","fg0948","fg0102","fg0050","fg0721","fg0160","fg0992","fg0625","fg0410","fg0563","fg0609","fg0902","fg0919","fg0309","fg0435","fg0237","fg0904"
"fq004217","vx_0f3caccfda5017b8","fg0977","1","fg0977","fg0164","fg0948","fg0625","fg0621","fg0675","fg0994","fg0919","fg0721","fg0902","fg0636","fg0973","fg0583","fg0861","fg0974","fg0527","fg0877","fg0472","fg0455","fg0382"
"fq004218","vx_0f3caccfda5017b8","fg0977","1","fg0977","fg0164","fg0170","fg0844","fg0948","fg0102","fg0919","fg0721","fg0160","fg0410","fg0050","fg0902","fg0181","fg0625","fg0143","fg0043","fg0992","fg0072","fg0309","fg0609"
"fq004219","vx_0f3caccfda5017b8","fg0977","1","fg0977","fg0164","fg0170","fg0844","fg0948","fg0102","fg0410","fg0680","fg0050","fg0072","fg0721","fg0160","fg0868","fg0143","fg0563","fg0919","fg0187","fg0902","fg0625","fg0609"
"fq004220","vx_0f3caccfda5017b8","fg0977","1","fg0977","fg0164","fg0948","fg0170","fg0187","fg0064","fg0919","fg0844","fg0740","fg0979","fg0644","fg0160","fg0274","fg0848","fg0736","fg0888","fg0636","fg0271","fg0902","fg0625"
"fq004221","vx_0f3caccfda5017b8","fg0977","1","fg0977","fg0164","fg0170","fg0948","fg0844","fg0102","fg0072","fg0680","fg0721","fg0410","fg0919","fg0625","fg0160","fg0050","fg0563","fg0187","fg0902","fg0613","fg0309","fg0457"
"fq004222","vx_0f3caccfda5017b8","fg0977","1","fg0977","fg0164","fg0170","fg0844","fg0102","fg0948","fg0680","fg0410","fg0072","fg0050","fg0721","fg0309","fg0160","fg0902","fg0187","fg0143","fg0992","fg0625","fg0237","fg0609"
"fq004223","vx_39359b4ec16e6026","fg0978","1","fg0978","fg0852","fg0804","fg0082","fg0639","fg0838","fg0177","fg0365","fg0685","fg0015","fg0016","fg0409","fg0984","fg0281","fg0418","fg0770","fg0531","fg0905","fg0634","fg0798"
"fq004224","vx_39359b4ec16e6026","fg0978","1","fg0978","fg0852","fg0804","fg0082","fg0639","fg0838","fg0177","fg0365","fg0685","fg0015","fg0409","fg0016","fg0281","fg0984","fg0418","fg0634","fg0770","fg0268","fg0217","fg0454"
"fq004225","vx_943bb0a2f3c13f2f","fg0979","1","fg0979","fg0187","fg0606","fg0274","fg0730","fg0953","fg0871","fg0598","fg0064","fg0762","fg0091","fg0044","fg0514","fg0397","fg0956","fg0226","fg0134","fg0586","fg0938","fg0148"
"fq004226","vx_cb6b8eebeb7eda71","fg0980","1","fg0980","fg0863","fg0648","fg0893","fg0048","fg0424","fg0059","fg0942","fg0989","fg0151","fg0890","fg0536","fg0024","fg0528","fg0949","fg0625","fg0131","fg0303","fg0908","fg0518"
"fq004227","vx_f2c64d991295d456","fg0981","1","fg0981","fg0220","fg0034","fg0741","fg0126","fg0761","fg0651","fg0386","fg0085","fg0023","fg0507","fg0962","fg0661","fg0830","fg0363","fg0254","fg0205","fg0714","fg0343","fg0522"
"fq004228","vx_39ed64b4036ef11f","fg0982","1","fg0982","fg0737","fg0603","fg0008","fg0765","fg0235","fg0231","fg0695","fg0850","fg0263","fg0007","fg0944","fg0710","fg0646","fg0926","fg0363","fg0966","fg0963","fg0916","fg0993"
"fq004229","vx_39ed64b4036ef11f","fg0982","1","fg0982","fg0737","fg0603","fg0963","fg0235","fg0720","fg0765","fg0008","fg0695","fg0007","fg0553","fg0787","fg0287","fg0850","fg0263","fg0342","fg0614","fg0683","fg0999","fg0799"
"fq004230","vx_39ed64b4036ef11f","fg0982","1","fg0982","fg0737","fg0603","fg0963","fg0235","fg0720","fg0765","fg0008","fg0695","fg0553","fg0007","fg0787","fg0287","fg0850","fg0799","fg0342","fg0407","fg0263","fg0999","fg0683"
"fq004231","vx_39ed64b4036ef11f","fg0982","1","fg0982","fg0737","fg0603","fg0008","fg0765","fg0263","fg0231","fg0850","fg0235","fg0646","fg0363","fg0007","fg0695","fg0993","fg0944","fg0014","fg0710","fg0916","fg0341","fg0966"
"fq004232","vx_39ed64b4036ef11f","fg0982","1","fg0982","fg0737","fg0603","fg0235","fg0963","fg0765","fg0187","fg0008","fg0695","fg0720","fg0226","fg0064","fg0007","fg0263","fg0407","fg0787","fg0850","fg0143","fg0947","fg0553"
"fq004233","vx_39ed64b4036ef11f","fg0982","1","fg0982","fg0737","fg0603","fg0235","fg0963","fg0008","fg0720","fg0765","fg0695","fg0007","fg0850","fg0799","fg0287","fg0553","fg0787","fg0263","fg0614","fg0477","fg0407","fg0999"
"fq004234","vx_39ed64b4036ef11f","fg0982","1","fg0982","fg0737","fg0603","fg0008","fg0765","fg0235","fg0850","fg0695","fg0263","fg0963","fg0007","fg0646","fg0993","fg0231","fg0966","fg0676","fg0143","fg0363","fg0407","fg0742"
"fq004235","vx_39ed64b4036ef11f","fg0982","1","fg0982","fg0737","fg0603","fg0008","fg0765","fg0235","fg0850","fg0263","fg0695","fg0007","fg0646","fg0363","fg0963","fg0993","fg0143","fg0966","fg0407","fg0231","fg0742","fg0676"
"fq004236","vx_c1bd402ac1d0c9bf","fg0983","1","fg0983","fg0527","fg0867","fg0886","fg0583","fg0533","fg0931","fg0569","fg0364","fg0320","fg0758","fg0997","fg0779","fg0684","fg0991","fg0854","fg0885","fg0500","fg0140","fg0066"
"fq004237","vx_60bc9fbc40e42e30","fg0984","1","fg0984","fg0634","fg0281","fg0191","fg0702","fg0135","fg1000","fg0540","fg0727","fg0924","fg0731","fg0831","fg0770","fg0590","fg0018","fg0467","fg0211","fg0268","fg0536","fg0542"
"fq004238","vx_60bc9fbc40e42e30","fg0984","1","fg0984","fg0634","fg0281","fg0135","fg0770","fg0727","fg0536","fg0542","fg0531","fg0409","fg0467","fg0702","fg0406","fg0339","fg0915","fg0836","fg0268","fg0116","fg0644","fg0853"
"fq004239","vx_60bc9fbc40e42e30","fg0984","1","fg0984","fg0634","fg0281","fg0770","fg0678","fg0467","fg0340","fg0766","fg0154","fg0534","fg0026","fg0409","fg0798","fg0702","fg0135","fg0836","fg0864","fg0482","fg0268","fg0751"
"fq004240","vx_5d4d4e67b03d1ff4","fg0985","1","fg0985","fg0471","fg0883","fg0323","fg0158","fg0339","fg0010","fg0666","fg0626","fg0425","fg0818","fg0978","fg0776","fg0266","fg0106","fg0112","fg0042","fg0341","fg0120","fg0145"
"fq004241","vx_88a07b0a26e175d6","fg0986","1","fg0986","fg0207","fg0684","fg0719","fg0104","fg0766","fg0824","fg0640","fg0724","fg0538","fg0690","fg0302","fg0847","fg0875","fg0738","fg0894","fg0088","fg0860","fg0725","fg0525"
"fq004242","vx_41335fde2f320b7c","fg0987","1","fg0987","fg0262","fg0545","fg0789","fg0619","fg0246","fg0256","fg0807","fg0781","fg0618","fg0857","fg0967","fg0031","fg0301","fg0791","fg0530","fg0855","fg0822","fg0220","fg0266"
"fq004243","vx_41335fde2f320b7c","fg0987","1","fg0987","fg0857","fg0618","fg0791","fg0483","fg0643","fg0313","fg0785","fg0530","fg0408","fg0559","fg0569","fg0965","fg0997","fg0107","fg0822","fg0886","fg0447","fg0015","fg0510"
"fq004244","vx_41335fde2f320b7c","fg0987","1","fg0987","fg0618","fg0530","fg0408","fg0857","fg0107","fg0791","fg0869","fg0090","fg0807","fg0545","fg0262","fg0301","fg0789","fg0619","fg0031","fg0246","fg0256","fg0313","fg0781"
"fq004245","vx_41335fde2f320b7c","fg0987","1","fg0987","fg0618","fg0857","fg0791","fg0643","fg0483","fg0313","fg0822","fg0785","fg0447","fg0530","fg0559","fg0408","fg0170","fg0412","fg0997","fg0569","fg0311","fg0510","fg0886"
"fq004246","vx_9ce80e86f0beb382","fg0988","1","fg0988","fg0541","fg0859","fg0038","fg0409","fg1000","fg0531","fg0688","fg0223","fg0577","fg0806","fg0170","fg0227","fg0207","fg0182","fg0488","fg0935","fg0996","fg0310","fg0041"
"fq004247","vx_ffc7a105e4b7863c","fg0989","1","fg0989","fg0536","fg0528","fg0131","fg0947","fg0434","fg0588","fg0495","fg0893","fg0801","fg0420","fg0048","fg0727","fg0551","fg0364","fg0980","fg0648","fg0584","fg0779","fg0542"
"fq004248","vx_ffc7a105e4b7863c","fg0989","1","fg0989","fg0536","fg0528","fg0588","fg0434","fg0495","fg0131","fg0947","fg0801","fg0893","fg0048","fg0584","fg0420","fg0364","fg0727","fg0980","fg0551","fg0770","fg0135","fg0648"
"fq004249","vx_ee6071fe4d24ee8d","fg0990","105","fg0401","fg0051","fg0698","fg0599","fg0428","fg0769","fg0957","fg0559","fg0958","fg0965","fg0455","fg0868","fg0213","fg0948","fg0365","fg0670","fg0966","fg0588","fg0659","fg0539"
"fq004250","vx_ee6071fe4d24ee8d","fg0990","163","fg0948","fg0378","fg0401","fg0957","fg0051","fg0671","fg0397","fg0966","fg0965","fg0007","fg0868","fg0365","fg0771","fg0093","fg0698","fg0105","fg0695","fg0159","fg0673","fg0129"
"fq004251","vx_ee6071fe4d24ee8d","fg0990","83","fg0948","fg0378","fg0957","fg0401","fg0079","fg0969","fg0397","fg0426","fg0868","fg0061","fg0826","fg0007","fg0560","fg0965","fg0966","fg0919","fg0977","fg0274","fg0129","fg0464"
"fq004252","vx_ee6071fe4d24ee8d","fg0990","124","fg0401","fg0051","fg0948","fg0698","fg0957","fg0599","fg0966","fg0428","fg0378","fg0958","fg0365","fg0455","fg0213","fg0670","fg0825","fg0308","fg0067","fg0046","fg0615","fg0057"
"fq004253","vx_c4440a7bc84ad4ab","fg0991","1","fg0991","fg0787","fg0508","fg0175","fg0810","fg0482","fg0452","fg0678","fg0521","fg0026","fg0527","fg0910","fg0983","fg0683","fg0300","fg0498","fg0458","fg0219","fg0218","fg0775"
"fq004254","vx_c4440a7bc84ad4ab","fg0991","2","fg0787","fg0991","fg0508","fg0175","fg0678","fg0810","fg0026","fg0482","fg0452","fg0683","fg0910","fg0521","fg0720","fg0527","fg0963","fg0553","fg0939","fg0775","fg0300","fg0999"
"fq004255","vx_c4440a7bc84ad4ab","fg0991","2","fg0787","fg0991","fg0508","fg0810","fg0175","fg0683","fg0678","fg0026","fg0720","fg0452","fg0963","fg0999","fg0553","fg0482","fg0521","fg0527","fg0562","fg0342","fg0910","fg0458"
"fq004256","vx_c4440a7bc84ad4ab","fg0991","1","fg0991","fg0787","fg0508","fg0810","fg0175","fg0678","fg0452","fg0683","fg0026","fg0720","fg0482","fg0521","fg0527","fg0963","fg0553","fg0999","fg0910","fg0939","fg0458","fg0342"
"fq004257","vx_c4440a7bc84ad4ab","fg0991","1","fg0991","fg0787","fg0508","fg0810","fg0175","fg0452","fg0678","fg0482","fg0521","fg0683","fg0026","fg0910","fg0527","fg0720","fg0963","fg0999","fg0458","fg0939","fg0325","fg0553"
"fq004258","vx_c4440a7bc84ad4ab","fg0991","1","fg0991","fg0787","fg0508","fg0810","fg0175","fg0452","fg0678","fg0026","fg0521","fg0683","fg0482","fg0910","fg0527","fg0939","fg0720","fg0458","fg0325","fg0999","fg0244","fg0963"
"fq004259","vx_c4440a7bc84ad4ab","fg0991","1","fg0991","fg0787","fg0508","fg0810","fg0175","fg0452","fg0678","fg0683","fg0026","fg0482","fg0720","fg0521","fg0527","fg0910","fg0963","fg0999","fg0553","fg0458","fg0939","fg0562"
"fq004260","vx_c4440a7bc84ad4ab","fg0991","2","fg0787","fg0991","fg0508","fg0175","fg0810","fg0678","fg0026","fg0452","fg0482","fg0683","fg0521","fg0939","fg0527","fg0720","fg0934","fg0963","fg0910","fg0999","fg0553","fg0984"
"fq004261","vx_c4440a7bc84ad4ab","fg0991","2","fg0787","fg0991","fg0508","fg0175","fg0810","fg0678","fg0452","fg0026","fg0683","fg0482","fg0720","fg0521","fg0527","fg0963","fg0999","fg0910","fg0934","fg0553","fg0458","fg0562"
"fq004262","vx_c4440a7bc84ad4ab","fg0991","1","fg0991","fg0787","fg0508","fg0810","fg0175","fg0452","fg0678","fg0683","fg0026","fg0482","fg0521","fg0720","fg0527","fg0963","fg0999","fg0910","fg0553","fg0458","fg0939","fg0342"
"fq004263","vx_c4440a7bc84ad4ab","fg0991","1","fg0991","fg0787","fg0508","fg0810","fg0175","fg0678","fg0452","fg0026","fg0527","fg0521","fg0482","fg0683","fg0720","fg0910","fg0939","fg0963","fg0553","fg0999","fg0498","fg0458"
"fq004264","vx_c4440a7bc84ad4ab","fg0991","1","fg0991","fg0787","fg0508","fg0810","fg0175","fg0678","fg0452","fg0026","fg0482","fg0521","fg0527","fg0683","fg0910","fg0939","fg0458","fg0720","fg0963","fg0999","fg0934","fg0498"
"fq004265","vx_c4440a7bc84ad4ab","fg0991","1","fg0991","fg0787","fg0508","fg0810","fg0175","fg0678","fg0452","fg0683","fg0026","fg0720","fg0527","fg0521","fg0482","fg0963","fg0999","fg0553","fg0910","fg0458","fg0562","fg0939"
"fq004266","vx_c4440a7bc84ad4ab","fg0991","2","fg0787","fg0991","fg0508","fg0175","fg0678","fg0026","fg0810","fg0482","fg0452","fg0683","fg0984","fg0934","fg0191","fg0939","fg0328","fg0521","fg0963","fg0999","fg0146","fg0720"
"fq004267","vx_c4440a7bc84ad4ab","fg0991","1","fg0991","fg0787","fg0508","fg0810","fg0175","fg0452","fg0521","fg0683","fg0678","fg0482","fg0527","fg0910","fg0026","fg0720","fg0458","fg0963","fg0999","fg0325","fg0939","fg0498"
"fq004268","vx_c4440a7bc84ad4ab","fg0991","1","fg0991","fg0787","fg0508","fg0175","fg0810","fg0678","fg0452","fg0482","fg0026","fg0910","fg0521","fg0683","fg0527","fg0458","fg0999","fg0939","fg0325","fg0135","fg0605","fg0498"
"fq004269","vx_c4440a7bc84ad4ab","fg0991","1","fg0991","fg0787","fg0508","fg0810","fg0175","fg0452","fg0482","fg0678","fg0521","fg0026","fg0527","fg0683","fg0910","fg0498","fg0939","fg0497","fg0325","fg0244","fg0300","fg0458"
"fq004270","vx_c4440a7bc84ad4ab","fg0991","2","fg0787","fg0991","fg0508","fg0175","fg0810","fg0452","fg0678","fg0026","fg0683","fg0482","fg0720","fg0521","fg0963","fg0910","fg0939","fg0999","fg0553","fg0458","fg0527","fg0325"
"fq004271","vx_c4440a7bc84ad4ab","fg0991","2","fg0787","fg0991","fg0508","fg0810","fg0175","fg0678","fg0452","fg0683","fg0026","fg0482","fg0720","fg0521","fg0910","fg0527","fg0963","fg0553","fg0999","fg0342","fg0939","fg0458"
"fq004272","vx_c4440a7bc84ad4ab","fg0991","1","fg0991","fg0787","fg0508","fg0175","fg0678","fg0810","fg0026","fg0452","fg0482","fg0910","fg0984","fg0521","fg0527","fg0939","fg0191","fg0413","fg0934","fg0328","fg0524","fg0300"
"fq004273","vx_c4440a7bc84ad4ab","fg0991","1","fg0991","fg0787","fg0508","fg0810","fg0175","fg0452","fg0521","fg0527","fg0683","fg0482","fg0720","fg0910","fg0963","fg0678","fg0458","fg0999","fg0026","fg0553","fg0342","fg0451"
"fq004274","vx_eaca14329ddf79ba","fg0992","1","fg0992","fg0609","fg0877","fg0366","fg0993","fg0102","fg0349","fg0021","fg0880","fg0208","fg0243","fg0698","fg0721","fg0384","fg0850","fg0486","fg0812","fg0299","fg0841","fg0825"
"fq004275","vx_327ed01c996b8a2c","fg0993","1","fg0993","fg0716","fg0263","fg0639","fg0177","fg0646","fg0269","fg0202","fg0248","fg0439","fg0215","fg0082","fg0226","fg0992","fg0270","fg0697","fg0794","fg0559","fg0837","fg0737"
"fq004276","vx_a36080eef14951ee","fg0994","1","fg0994","fg0199","fg0550","fg0224","fg0641","fg0214","fg0189","fg0707","fg0722","fg0104","fg0954","fg0166","fg0432","fg0046","fg0823","fg0775","fg0880","fg0272","fg0955","fg0527"
"fq004277","vx_a36080eef14951ee","fg0994","1","fg0994","fg0199","fg0550","fg0641","fg0214","fg0224","fg0675","fg0435","fg0880","fg0722","fg0189","fg0707","fg0823","fg0424","fg0104","fg0954","fg0166","fg0527","fg0432","fg0353"
"fq004278","vx_a36080eef14951ee","fg0994","1","fg0994","fg0199","fg0550","fg0214","fg0224","fg0641","fg0707","fg0189","fg0722","fg0432","fg0104","fg0823","fg0954","fg0166","fg0775","fg0272","fg0880","fg0046","fg0447","fg0955"
"fq004279","vx_18512ce98f7052d4","fg0995","1","fg0995","fg0176","fg0441","fg0640","fg0160","fg0321","fg0435","fg0525","fg0934","fg0605","fg0816","fg0820","fg0373","fg0802","fg0207","fg0059","fg0834","fg0521","fg0552","fg0718"
"fq004280","vx_18512ce98f7052d4","fg0995","1","fg0995","fg0441","fg0176","fg0802","fg0160","fg0321","fg0820","fg0373","fg0525","fg0029","fg0674","fg0605","fg0816","fg0934","fg0435","fg0240","fg0457","fg0092","fg0316","fg0385"
"fq004281","vx_2afccf8c19a6b042","fg0996","1","fg0996","fg0041","fg0160","fg0052","fg0321","fg0681","fg0409","fg0189","fg0929","fg0723","fg0237","fg0660","fg0597","fg0816","fg0278","fg0531","fg0653","fg0439","fg0988","fg0255"
"fq004282","vx_2afccf8c19a6b042","fg0996","22","fg0555","fg0402","fg0706","fg0905","fg0157","fg0227","fg0175","fg0173","fg0244","fg0678","fg0346","fg0804","fg0830","fg0901","fg0786","fg0519","fg0113","fg0287","fg0955","fg0722"
"fq004283","vx_2afccf8c19a6b042","fg0996","1","fg0996","fg0041","fg0160","fg0052","fg0321","fg0681","fg0929","fg0409","fg0189","fg0439","fg0816","fg0723","fg0843","fg0597","fg0660","fg0237","fg0592","fg0747","fg0407","fg0278"
"fq004284","vx_8da4e11bf76ba2b5","fg0997","1","fg0997","fg0533","fg0885","fg0569","fg0867","fg0758","fg0071","fg0458","fg0879","fg0983","fg0636","fg0527","fg0968","fg0970","fg0857","fg0374","fg0275","fg0835","fg0485","fg0452"
"fq004285","vx_f645c7b8578c4dcb","fg0998","1","fg0998","fg0546","fg0792","fg0004","fg0309","fg0366","fg0452","fg0961","fg0485","fg0570","fg0879","fg0920","fg0894","fg0590","fg0906","fg0038","fg0368","fg0608","fg0726","fg0443"
"fq004286","vx_64169135366fd3e0","fg0999","1","fg0999","fg0562","fg0720","fg0727","fg0553","fg0342","fg0458","fg0230","fg0311","fg0787","fg0110","fg0287","fg0330","fg0963","fg0390","fg0683","fg0734","fg0873","fg0694","fg0991"
"fq004287","vx_64169135366fd3e0","fg0999","1","fg0999","fg0562","fg0720","fg0727","fg0553","fg0342","fg0458","fg0230","fg0311","fg0390","fg0330","fg0110","fg0787","fg0873","fg0963","fg0287","fg0060","fg0301","fg0683","fg0750"
"fq004288","vx_64169135366fd3e0","fg0999","1","fg0999","fg0562","fg0720","fg0727","fg0553","fg0458","fg0342","fg0230","fg0311","fg0330","fg0110","fg0287","fg0787","fg0873","fg0963","fg0838","fg0390","fg0694","fg0683","fg0786"
"fq004289","vx_64169135366fd3e0","fg0999","1","fg0999","fg0562","fg0720","fg0727","fg0553","fg0342","fg0458","fg0230","fg0838","fg0311","fg0110","fg0830","fg0786","fg0330","fg0287","fg0963","fg0873","fg0787","fg0750","fg0082"
"fq004290","vx_64169135366fd3e0","fg0999","1","fg0999","fg0562","fg0720","fg0727","fg0553","fg0342","fg0458","fg0230","fg0787","fg0311","fg0750","fg0110","fg0683","fg0963","fg0287","fg0330","fg0060","fg0390","fg0873","fg0991"
"fq004291","vx_64169135366fd3e0","fg0999","4","fg0750","fg0591","fg0559","fg0999","fg0060","fg0880","fg0721","fg0547","fg0211","fg0907","fg0025","fg0951","fg0894","fg0965","fg0823","fg0215","fg0513","fg0831","fg0365","fg0279"
"fq004292","vx_64169135366fd3e0","fg0999","1","fg0999","fg0562","fg0720","fg0727","fg0342","fg0553","fg0230","fg0458","fg0750","fg0787","fg0963","fg0110","fg0330","fg0060","fg0311","fg0683","fg0287","fg0831","fg0991","fg0873"
"fq004293","vx_64169135366fd3e0","fg0999","1","fg0999","fg0562","fg0720","fg0727","fg0553","fg0342","fg0458","fg0230","fg0311","fg0110","fg0963","fg0750","fg0873","fg0287","fg0786","fg0787","fg0330","fg0830","fg0734","fg0683"
"fq004294","vx_64169135366fd3e0","fg0999","1","fg0999","fg0562","fg0720","fg0727","fg0553","fg0342","fg0458","fg0230","fg0390","fg0311","fg0330","fg0110","fg0873","fg0787","fg0287","fg0963","fg0301","fg0031","fg0734","fg0060"
"fq004295","vx_7bb5806a5926e963","fg1000","1","fg1000","fg0012","fg0684","fg0027","fg0590","fg0707","fg0272","fg0432","fg0317","fg0775","fg0768","fg0550","fg0501","fg0772","fg0018","fg0587","fg0148","fg0906","fg0038","fg0895"
