"query_id","class_id","true_gallery_id","true_rank","top01_gallery_id","top02_gallery_id","top03_gallery_id","top04_gallery_id","top05_gallery_id","top06_gallery_id","top07_gallery_id","top08_gallery_id","top09_gallery_id","top10_gallery_id","top11_gallery_id","top12_gallery_id","top13_gallery_id","top14_gallery_id","top15_gallery_id","top16_gallery_id","top17_gallery_id","top18_gallery_id","top19_gallery_id","top20_gallery_id"
"fq000001","vx_6ddeac381ea9502a","fg0001","47","fg0123","fg0180","fg0888","fg0545","fg0839","fg0036","fg0775","fg0687","fg0176","fg0739","fg0601","fg0076","fg0962","fg0462","fg0119","fg0763","fg0420","fg0681","fg0691","fg0705"
"fq000002","vx_6ddeac381ea9502a","fg0001","221","fg0888","fg0681","fg0183","fg0849","fg0705","fg0805","fg0898","fg0691","fg0119","fg0547","fg0739","fg0617","fg0545","fg0256","fg0180","fg0262","fg0123","fg0687","fg0557","fg0398"
"fq000003","vx_6ddeac381ea9502a","fg0001","242","fg0545","fg0927","fg0455","fg0880","fg0383","fg0274","fg0906","fg0054","fg0705","fg0839","fg0568","fg0617","fg0137","fg0681","fg0857","fg0368","fg0310","fg0937","fg0123","fg0400"
"fq000004","vx_6ddeac381ea9502a","fg0001","221","fg0888","fg0681","fg0545","fg0705","fg0691","fg0455","fg0849","fg0119","fg0123","fg0547","fg0617","fg0805","fg0368","fg0601","fg0266","fg0687","fg0839","fg0927","fg0183","fg0857"
"fq000005","vx_7987aeee0fad32f4","fg0002","1","fg0002","fg0141","fg0916","fg0175","fg0427","fg0783","fg0365","fg0689","fg0337","fg0311","fg0744","fg0586","fg0924","fg0901","fg0015","fg0332","fg0540","fg0391","fg0861","fg0986"
"fq000006","vx_b809225e843d525d","fg0003","1","fg0003","fg0606","fg0979","fg0965","fg0384","fg0598","fg0850","fg0703","fg0676","fg0712","fg0587","fg0736","fg0996","fg0672","fg0254","fg0889","fg0769","fg0808","fg0804","fg0973"
"fq000007","vx_b809225e843d525d","fg0003","1","fg0003","fg0676","fg0384","fg0606","fg0965","fg0598","fg0850","fg0703","fg0712","fg0672","fg0979","fg0507","fg0769","fg0736","fg0587","fg0468","fg0358","fg0561","fg0804","fg0808"
"fq000008","vx_500a69b74f502c18","fg0004","1","fg0004","fg0266","fg0726","fg0394","fg0694","fg0443","fg0168","fg0111","fg0928","fg0309","fg0290","fg0105","fg0602","fg0919","fg0608","fg0557","fg0317","fg0541","fg0269","fg0094"
"fq000009","vx_1792aa550c914d7c","fg0005","1","fg0005","fg0727","fg0833","fg0009","fg0360","fg0381","fg0818","fg0986","fg0418","fg0188","fg1000","fg0536","fg0160","fg0912","fg0212","fg0900","fg0728","fg0123","fg0870","fg0757"
"fq000010","vx_4f89938d5bda39f5","fg0006","1","fg0006","fg0851","fg0850","fg0996","fg0370","fg0158","fg0813","fg0075","fg0615","fg0799","fg0095","fg0409","fg0339","fg0845","fg0764","fg0121","fg0735","fg0836","fg0862","fg0197"
"fq000011","vx_4f89938d5bda39f5","fg0006","1","fg0006","fg0850","fg0851","fg0370","fg0996","fg0813","fg0735","fg0197","fg0764","fg0762","fg0615","fg0606","fg0094","fg0288","fg0845","fg0271","fg0799","fg0767","fg0660","fg0510"
"fq000012","vx_bfdcbd83893aa36b","fg0007","1","fg0007","fg0336","fg0697","fg0058","fg0806","fg0212","fg0819","fg0564","fg0531","fg0984","fg0030","fg0045","fg0829","fg0979","fg0362","fg0923","fg0902","fg0329","fg0494","fg0976"
"fq000013","vx_bfdcbd83893aa36b","fg0007","1","fg0007","fg0371","fg0085","fg0030","fg0082","fg0564","fg0472","fg0716","fg0330","fg0623","fg0960","fg0146","fg0829","fg0819","fg0891","fg0336","fg0212","fg0791","fg0382","fg0530"
"fq000014","vx_bfdcbd83893aa36b","fg0007","1","fg0007","fg0960","fg0819","fg0806","fg0716","fg0146","fg0371","fg0045","fg0530","fg0085","fg0623","fg0330","fg0740","fg0030","fg0082","fg0663","fg0765","fg0212","fg0639","fg0362"
"fq000015","vx_3fa41f8a36512a76","fg0008","1","fg0008","fg0516","fg0166","fg0531","fg0063","fg0822","fg0409","fg0765","fg0738","fg0873","fg0890","fg0545","fg0601","fg0149","fg0462","fg0385","fg0291","fg0216","fg0432","fg0199"
"fq000016","vx_3fa41f8a36512a76","fg0008","1","fg0008","fg0516","fg0166","fg0545","fg0063","fg0462","fg0822","fg0432","fg0531","fg0199","fg0873","fg0765","fg0738","fg0216","fg0409","fg0072","fg0909","fg0775","fg0149","fg0838"
"fq000017","vx_3fa41f8a36512a76","fg0008","1","fg0008","fg0516","fg0166","fg0063","fg0545","fg0531","fg0072","fg0409","fg0462","fg0890","fg0822","fg0873","fg0432","fg0765","fg0199","fg0268","fg0738","fg0216","fg0149","fg0775"
"fq000018","vx_3fa41f8a36512a76","fg0008","1","fg0008","fg0516","fg0166","fg0063","fg0531","fg0545","fg0268","fg0409","fg0890","fg0072","fg0822","fg0873","fg0432","fg0199","fg0601","fg0738","fg0462","fg0216","fg0909","fg0765"
"fq000019","vx_3fa41f8a36512a76","fg0008","1","fg0008","fg0516","fg0166","fg0063","fg0545","fg0531","fg0822","fg0873","fg0765","fg0462","fg0890","fg0268","fg0409","fg0738","fg0199","fg0432","fg0216","fg0852","fg0072","fg0116"
"fq000020","vx_8c0604923ebcd6fa","fg0009","1","fg0009","fg0918","fg0776","fg0116","fg0025","fg0087","fg0581","fg0916","fg0363","fg0718","fg0292","fg0420","fg0126","fg0380","fg0748","fg0797","fg0212","fg0174","fg0374","fg0062"
"fq000021","vx_8c0604923ebcd6fa","fg0009","1","fg0009","fg0918","fg0776","fg0116","fg0087","fg0025","fg0581","fg0718","fg0916","fg0766","fg0797","fg0363","fg0126","fg0174","fg0232","fg0748","fg0062","fg0410","fg0834","fg0380"
"fq000022","vx_8c0604923ebcd6fa","fg0009","1","fg0009","fg0918","fg0776","fg0116","fg0025","fg0718","fg0087","fg0834","fg0062","fg0581","fg0710","fg0797","fg0198","fg0720","fg0174","fg0249","fg0232","fg0067","fg0810","fg0557"
"fq000023","vx_8c0604923ebcd6fa","fg0009","1","fg0009","fg0918","fg0776","fg0025","fg0718","fg0087","fg0232","fg0710","fg0834","fg0116","fg0809","fg0363","fg0374","fg0062","fg0350","fg0249","fg0810","fg0067","fg0699","fg0174"
"fq000024","vx_a7bc2a885fed382c","fg0010","1","fg0010","fg0345","fg0201","fg0767","fg0259","fg0539","fg0563","fg0912","fg0713","fg0421","fg0062","fg0426","fg0506","fg0769","fg0420","fg0215","fg0031","fg0814","fg0049","fg0087"
"fq000025","vx_5ec210ab740422d8","fg0011","1","fg0011","fg0215","fg0111","fg0657","fg0325","fg0725","fg0285","fg0520","fg0345","fg0693","fg0309","fg0828","fg0168","fg0286","fg0020","fg0814","fg0347","fg0935","fg0314","fg0427"
"fq000026","vx_3a040e0d9e5d03bd","fg0012","1","fg0012","fg0318","fg0512","fg0561","fg0599","fg0911","fg0543","fg0299","fg0676","fg0085","fg0667","fg0407","fg0341","fg0965","fg0981","fg0530","fg0795","fg0832","fg0799","fg0804"
"fq000027","vx_8a33e7c9a670ddc8","fg0013","1","fg0013","fg0021","fg0514","fg0861","fg0626","fg0101","fg0009","fg0491","fg0044","fg0144","fg0853","fg0900","fg0477","fg0572","fg0824","fg0145","fg0622","fg0119","fg0264","fg0237"
"fq000028","vx_ec8e411bbe12bbca","fg0014","1","fg0014","fg0629","fg0314","fg0842","fg0089","fg0508","fg0514","fg0044","fg0964","fg0920","fg0276","fg0582","fg0423","fg0030","fg0471","fg0127","fg0711","fg0111","fg0016","fg0259"
"fq000029","vx_ec8e411bbe12bbca","fg0014","1","fg0014","fg0276","fg0314","fg0471","fg0842","fg0210","fg0920","fg0964","fg0566","fg0536","fg0647","fg0294","fg0261","fg0518","fg0711","fg0465","fg0259","fg0285","fg0570","fg0200"
"fq000030","vx_ec8e411bbe12bbca","fg0014","1","fg0014","fg0314","fg0276","fg0423","fg0920","fg0964","fg0089","fg0842","fg0887","fg0650","fg0994","fg0259","fg0629","fg0305","fg0111","fg0514","fg0508","fg0199","fg0044","fg0711"
"fq000031","vx_0715cc56a731bc04","fg0015","1","fg0015","fg0732","fg0916","fg0702","fg0365","fg0002","fg0791","fg0663","fg0312","fg0712","fg0811","fg0106","fg0620","fg0515","fg0039","fg0941","fg0279","fg0924","fg0397","fg0819"
"fq000032","vx_0715cc56a731bc04","fg0015","1","fg0015","fg0732","fg0852","fg0039","fg0916","fg0365","fg0307","fg0130","fg0843","fg0811","fg0268","fg0712","fg0515","fg0791","fg0702","fg0663","fg0082","fg0941","fg0278","fg0960"
"fq000033","vx_68d6c21266d0a622","fg0016","1","fg0016","fg0944","fg0634","fg0281","fg0638","fg0735","fg0978","fg0552","fg0536","fg0277","fg0751","fg0629","fg0584","fg0364","fg0207","fg0829","fg0742","fg0582","fg0177","fg0702"
"fq000034","vx_68d6c21266d0a622","fg0016","1","fg0016","fg0944","fg0277","fg0364","fg0634","fg0148","fg0281","fg0552","fg0829","fg0629","fg0892","fg0751","fg0524","fg0165","fg0612","fg0133","fg0735","fg0582","fg0560","fg0742"
"fq000035","vx_45b7f4872fdcb1f7","fg0017","1","fg0017","fg0373","fg0092","fg0104","fg0820","fg0043","fg0687","fg0216","fg0458","fg0711","fg0904","fg0199","fg0798","fg0127","fg0423","fg0240","fg0138","fg0280","fg0555","fg0734"
"fq000036","vx_4ded9ff03c69df6c","fg0018","1","fg0018","fg0411","fg0262","fg0895","fg0749","fg0187","fg0469","fg0147","fg0772","fg0297","fg0922","fg0781","fg0627","fg0735","fg0588","fg0973","fg0270","fg0835","fg0197","fg0789"
"fq000037","vx_4ded9ff03c69df6c","fg0018","1","fg0018","fg1000","fg0469","fg0895","fg0272","fg0970","fg0707","fg0934","fg0772","fg0270","fg0775","fg0722","fg0541","fg0549","fg0859","fg0197","fg0297","fg0490","fg0589","fg0749"
"fq000038","vx_4ded9ff03c69df6c","fg0018","1","fg0018","fg0469","fg0895","fg0772","fg0270","fg0722","fg0749","fg0147","fg0197","fg1000","fg0922","fg0735","fg0938","fg0272","fg0794","fg0934","fg0781","fg0789","fg0557","fg0395"
"fq000039","vx_4ded9ff03c69df6c","fg0018","3","fg0270","fg0469","fg0018","fg0749","fg0735","fg0430","fg0895","fg0536","fg0922","fg0500","fg0147","fg0910","fg0722","fg0821","fg0847","fg0272","fg0772","fg0584","fg0557","fg0666"
"fq000040","vx_4ded9ff03c69df6c","fg0018","1","fg0018","fg0411","fg0469","fg0262","fg0835","fg0627","fg0781","fg0895","fg0973","fg0772","fg0270","fg0825","fg0735","fg0722","fg0297","fg0588","fg0187","fg0398","fg0147","fg0789"
"fq000041","vx_4ded9ff03c69df6c","fg0018","5","fg0835","fg0256","fg0411","fg0262","fg0018","fg0781","fg0973","fg0398","fg0967","fg0246","fg0789","fg0469","fg0888","fg0627","fg0297","fg0588","fg0538","fg0638","fg0772","fg0187"
"fq000042","vx_4ded9ff03c69df6c","fg0018","1","fg0018","fg0895","fg0469","fg0772","fg0197","fg0749","fg1000","fg0270","fg0735","fg0934","fg0794","fg0272","fg0147","fg0722","fg0922","fg0541","fg0297","fg0781","fg0707","fg0153"
"fq000043","vx_4ded9ff03c69df6c","fg0018","1","fg0018","fg0469","fg0895","fg0772","fg0270","fg1000","fg0749","fg0147","fg0722","fg0272","fg0197","fg0934","fg0970","fg0922","fg0789","fg0938","fg0262","fg0735","fg0707","fg0794"
"fq000044","vx_4ded9ff03c69df6c","fg0018","1","fg0018","fg0895","fg0749","fg0147","fg0270","fg0922","fg0772","fg0735","fg0197","fg0469","fg0500","fg0050","fg0722","fg0411","fg0794","fg0401","fg0509","fg0729","fg0599","fg0588"
"fq000045","vx_39e0f69bf8c56f18","fg0019","1","fg0019","fg0291","fg0481","fg0771","fg0008","fg0626","fg0924","fg0099","fg0095","fg0762","fg0392","fg0163","fg0421","fg0141","fg0709","fg0362","fg0462","fg0476","fg0226","fg0776"
"fq000046","vx_39e0f69bf8c56f18","fg0019","1","fg0019","fg0539","fg0345","fg0291","fg0421","fg0012","fg0147","fg0911","fg0444","fg0323","fg0509","fg0438","fg0588","fg0095","fg0055","fg0771","fg0401","fg0659","fg0811","fg0729"
"fq000047","vx_39e0f69bf8c56f18","fg0019","1","fg0019","fg0291","fg0481","fg0771","fg0008","fg0924","fg0095","fg0421","fg0099","fg0626","fg0458","fg0163","fg0023","fg0610","fg0762","fg0288","fg0509","fg0392","fg0476","fg0408"
"fq000048","vx_5de36348ded97b9c","fg0020","1","fg0020","fg0325","fg0111","fg0030","fg0067","fg0837","fg0842","fg0657","fg0375","fg0386","fg0290","fg0750","fg0239","fg0828","fg0836","fg0829","fg0508","fg0964","fg0285","fg0691"
"fq000049","vx_5de36348ded97b9c","fg0020","1","fg0020","fg0325","fg0111","fg0217","fg0842","fg0030","fg0067","fg0239","fg0837","fg0237","fg0964","fg0375","fg0386","fg0750","fg0657","fg0508","fg0290","fg0903","fg0391","fg0836"
"fq000050","vx_5de36348ded97b9c","fg0020","1","fg0020","fg0111","fg0325","fg0030","fg0842","fg0067","fg0837","fg0657","fg0964","fg0375","fg0239","fg0290","fg0386","fg0691","fg0836","fg0394","fg0508","fg0750","fg0217","fg0828"
"fq000051","vx_5de36348ded97b9c","fg0020","1","fg0020","fg0111","fg0325","fg0842","fg0030","fg0217","fg0657","fg0067","fg0386","fg0239","fg0837","fg0828","fg0750","fg0394","fg0691","fg0508","fg0290","fg0964","fg0237","fg0935"
"fq000052","vx_c1e16691c2b19cb2","fg0021","1","fg0021","fg0797","fg0014","fg0834","fg0641","fg0558","fg0198","fg0414","fg0843","fg0786","fg0696","fg0928","fg0750","fg0551","fg0493","fg0829","fg0508","fg0540","fg0674","fg0375"
"fq000053","vx_c1e16691c2b19cb2","fg0021","1","fg0021","fg0558","fg0198","fg0797","fg0641","fg0414","fg0290","fg0873","fg0696","fg0843","fg0834","fg0954","fg0375","fg0665","fg0335","fg0490","fg0593","fg0900","fg0508","fg0888"
"fq000054","vx_c1e16691c2b19cb2","fg0021","1","fg0021","fg0797","fg0558","fg0198","fg0014","fg0641","fg0013","fg0665","fg0954","fg0900","fg0873","fg0335","fg0290","fg0346","fg0696","fg0493","fg0414","fg0283","fg0750","fg0994"
"fq000055","vx_c1e16691c2b19cb2","fg0021","1","fg0021","fg0797","fg0014","fg0198","fg0493","fg0558","fg0375","fg0641","fg0696","fg0066","fg0665","fg0843","fg0414","fg0551","fg0829","fg0335","fg0938","fg0235","fg0441","fg0540"
"fq000056","vx_c1e16691c2b19cb2","fg0021","1","fg0021","fg0558","fg0797","fg0665","fg0900","fg0198","fg0102","fg0641","fg0954","fg0346","fg0551","fg0834","fg0938","fg0829","fg0750","fg0540","fg0290","fg0843","fg0836","fg0116"
"fq000057","vx_c1e16691c2b19cb2","fg0021","1","fg0021","fg0797","fg0014","fg0198","fg0558","fg0540","fg0013","fg0414","fg0641","fg0665","fg0493","fg0696","fg0346","fg0508","fg0994","fg0335","fg0829","fg0593","fg0750","fg0551"
"fq000058","vx_c1e16691c2b19cb2","fg0021","1","fg0021","fg0797","fg0014","fg0508","fg0493","fg0696","fg0994","fg0198","fg0262","fg0414","fg0558","fg0665","fg0829","fg0066","fg0888","fg0375","fg0335","fg0346","fg0807","fg0540"
"fq000059","vx_c1e16691c2b19cb2","fg0021","1","fg0021","fg0558","fg0665","fg0433","fg0013","fg0696","fg0579","fg0490","fg0198","fg0375","fg0814","fg0843","fg0641","fg0551","fg0837","fg0797","fg0414","fg0829","fg0010","fg0009"
"fq000060","vx_e2296b287bc7a304","fg0022","1","fg0022","fg0233","fg0073","fg0137","fg0972","fg0328","fg0792","fg0443","fg0936","fg0927","fg0397","fg0920","fg0513","fg0386","fg0584","fg0186","fg0814","fg0727","fg0948","fg0594"
"fq000061","vx_e2296b287bc7a304","fg0022","1","fg0022","fg0233","fg0328","fg0073","fg0137","fg0584","fg0920","fg0792","fg0801","fg0972","fg0346","fg0443","fg0727","fg0936","fg0213","fg0927","fg0937","fg0814","fg0594","fg0105"
"fq000062","vx_e2296b287bc7a304","fg0022","1","fg0022","fg0233","fg0328","fg0792","fg0972","fg0927","fg0073","fg0584","fg0137","fg0386","fg0920","fg0489","fg0346","fg0936","fg0839","fg0801","fg0948","fg0186","fg0397","fg0314"
"fq000063","vx_663d96ed96fc602f","fg0023","1","fg0023","fg0419","fg0417","fg0029","fg0355","fg0099","fg0529","fg0727","fg0756","fg0275","fg0634","fg0823","fg0742","fg0536","fg0729","fg0321","fg0794","fg0213","fg0936","fg0500"
"fq000064","vx_663d96ed96fc602f","fg0023","1","fg0023","fg0529","fg0419","fg0417","fg0756","fg0029","fg0213","fg0373","fg0727","fg0099","fg0536","fg0355","fg0321","fg0714","fg0823","fg0559","fg0627","fg0644","fg0584","fg0240"
"fq000065","vx_c263d2029971d40e","fg0024","1","fg0024","fg0890","fg0949","fg0917","fg0976","fg0884","fg0781","fg0216","fg0967","fg0435","fg0983","fg0994","fg0312","fg0196","fg0987","fg0096","fg0043","fg0823","fg0017","fg0100"
"fq000066","vx_c263d2029971d40e","fg0024","1","fg0024","fg0890","fg0949","fg0917","fg0196","fg0976","fg0435","fg0312","fg0216","fg0579","fg0983","fg0967","fg0096","fg0805","fg0043","fg0884","fg0674","fg0100","fg0781","fg0946"
"fq000067","vx_84402e63f17ae5e8","fg0025","3","fg0895","fg0735","fg0025","fg0469","fg0009","fg0018","fg0748","fg0272","fg0772","fg0305","fg0707","fg0722","fg0190","fg0270","fg0749","fg0374","fg0938","fg1000","fg0198","fg0050"
"fq000068","vx_c407836609a41b13","fg0026","1","fg0026","fg0199","fg0787","fg0991","fg0089","fg0175","fg0394","fg0935","fg0745","fg0696","fg0346","fg0014","fg0396","fg0010","fg0290","fg0168","fg0607","fg0406","fg0758","fg0952"
"fq000069","vx_60e538c4d5533ce2","fg0027","1","fg0027","fg0279","fg0716","fg0085","fg0603","fg0672","fg0512","fg0338","fg0347","fg0960","fg0532","fg0601","fg0911","fg0143","fg0543","fg0167","fg0966","fg0712","fg0590","fg0791"
"fq000070","vx_60e538c4d5533ce2","fg0027","1","fg0027","fg0716","fg0843","fg0712","fg0039","fg0015","fg0513","fg0620","fg0085","fg0279","fg0268","fg0852","fg0515","fg0046","fg0338","fg0214","fg0590","fg0732","fg0791","fg0960"
"fq000071","vx_60e538c4d5533ce2","fg0027","1","fg0027","fg0716","fg0513","fg0279","fg0712","fg0843","fg0039","fg0015","fg0515","fg0448","fg0791","fg0620","fg0490","fg0214","fg0146","fg0207","fg0397","fg0173","fg0085","fg0911"
"fq000072","vx_60e538c4d5533ce2","fg0027","1","fg0027","fg0716","fg0279","fg0338","fg0085","fg0015","fg0712","fg0843","fg0911","fg0513","fg0620","fg0603","fg0039","fg0177","fg0947","fg0791","fg0146","fg0590","fg0515","fg0532"
"fq000073","vx_60e538c4d5533ce2","fg0027","1","fg0027","fg0716","fg0712","fg0279","fg0947","fg0843","fg0039","fg0515","fg0338","fg0046","fg0214","fg0085","fg0513","fg0347","fg0268","fg0207","fg0490","fg0791","fg0218","fg0590"
"fq000074","vx_60e538c4d5533ce2","fg0027","1","fg0027","fg0716","fg0279","fg0843","fg0712","fg0015","fg0911","fg0146","fg0085","fg0039","fg0338","fg0791","fg0601","fg0515","fg0544","fg0620","fg0947","fg0332","fg0492","fg0397"
"fq000075","vx_60e538c4d5533ce2","fg0027","22","fg0673","fg0299","fg0667","fg0990","fg0440","fg0993","fg0769","fg0347","fg0302","fg0131","fg0512","fg0947","fg0543","fg0657","fg0407","fg0318","fg0671","fg0981","fg0338","fg0672"
"fq000076","vx_60e538c4d5533ce2","fg0027","1","fg0027","fg0716","fg0279","fg0513","fg0620","fg0015","fg0712","fg0843","fg0332","fg0207","fg0590","fg0791","fg0946","fg0515","fg0173","fg0448","fg0947","fg0039","fg0085","fg0186"
"fq000077","vx_60e538c4d5533ce2","fg0027","1","fg0027","fg0716","fg0279","fg0947","fg0085","fg0338","fg0039","fg0843","fg0332","fg0911","fg0532","fg0515","fg0941","fg0712","fg0106","fg0015","fg0791","fg0347","fg0207","fg0244"
"fq000078","vx_60e538c4d5533ce2","fg0027","2","fg0279","fg0027","fg0716","fg0448","fg0360","fg0513","fg0129","fg0620","fg0207","fg0139","fg0096","fg0490","fg0054","fg0086","fg0371","fg0669","fg0515","fg0186","fg0420","fg0332"
"fq000079","vx_60e538c4d5533ce2","fg0027","1","fg0027","fg0716","fg0279","fg0015","fg0085","fg0911","fg0620","fg0843","fg0338","fg0712","fg0603","fg0513","fg0960","fg0601","fg0791","fg0039","fg0332","fg0177","fg0590","fg0732"
"fq000080","vx_60e538c4d5533ce2","fg0027","1","fg0027","fg0716","fg0015","fg0513","fg0843","fg0515","fg0712","fg0279","fg0791","fg0620","fg0338","fg0732","fg0947","fg0039","fg0085","fg0307","fg0448","fg0146","fg0177","fg0207"
"fq000081","vx_60e538c4d5533ce2","fg0027","1","fg0027","fg0716","fg0279","fg0338","fg0015","fg0712","fg0947","fg0843","fg0085","fg0039","fg0791","fg0513","fg0515","fg0404","fg0620","fg0982","fg0207","fg0603","fg0532","fg0177"
"fq000082","vx_60e538c4d5533ce2","fg0027","1","fg0027","fg0716","fg0279","fg0620","fg0513","fg0085","fg0911","fg0015","fg0338","fg0843","fg0515","fg0590","fg0791","fg0177","fg0712","fg0732","fg0603","fg0852","fg0960","fg0007"
"fq000083","vx_60e538c4d5533ce2","fg0027","1","fg0027","fg0716","fg0712","fg0279","fg0513","fg0515","fg0207","fg0791","fg0015","fg0338","fg0916","fg0039","fg0143","fg0946","fg0843","fg0620","fg0852","fg0085","fg0397","fg0106"
"fq000084","vx_60e538c4d5533ce2","fg0027","1","fg0027","fg0716","fg0513","fg0015","fg0712","fg0279","fg0515","fg0177","fg0338","fg0791","fg0620","fg0843","fg0946","fg0011","fg0207","fg0448","fg0332","fg0081","fg0214","fg0490"
"fq000085","vx_ac90af8f71c3602b","fg0028","1","fg0028","fg0273","fg0755","fg0172","fg0154","fg0521","fg0229","fg0718","fg0162","fg0078","fg0558","fg0114","fg0343","fg0313","fg0023","fg0722","fg0651","fg0536","fg0159","fg0203"
"fq000086","vx_ac90af8f71c3602b","fg0028","1","fg0028","fg0273","fg0172","fg0755","fg0229","fg0718","fg0154","fg0159","fg0391","fg0558","fg0360","fg0521","fg0920","fg0162","fg0770","fg0313","fg0178","fg0113","fg0383","fg0114"
"fq000087","vx_1d07568b488db971","fg0029","1","fg0029","fg0419","fg0417","fg0718","fg0138","fg0023","fg0945","fg0362","fg0635","fg0163","fg0906","fg0794","fg0322","fg0032","fg0908","fg0772","fg0627","fg0519","fg0238","fg0529"
"fq000088","vx_dbefafeb5aedff5b","fg0030","1","fg0030","fg0637","fg0976","fg0020","fg0629","fg0593","fg0007","fg0531","fg0982","fg0255","fg0803","fg0562","fg0682","fg0923","fg0067","fg0969","fg0790","fg0414","fg0142","fg0212"
"fq000089","vx_dbefafeb5aedff5b","fg0030","1","fg0030","fg0946","fg0058","fg0923","fg0079","fg0315","fg0277","fg0424","fg0308","fg0969","fg0693","fg0990","fg0007","fg0593","fg0976","fg0074","fg0673","fg0562","fg0558","fg0842"
"fq000090","vx_dbefafeb5aedff5b","fg0030","1","fg0030","fg0531","fg0976","fg0801","fg0790","fg0637","fg0020","fg0803","fg0829","fg0414","fg0990","fg0255","fg0260","fg0982","fg0994","fg0855","fg0217","fg0285","fg0067","fg0907"
"fq000091","vx_dbefafeb5aedff5b","fg0030","1","fg0030","fg0593","fg0637","fg0976","fg0020","fg0629","fg0074","fg0531","fg0562","fg0255","fg0014","fg0982","fg0969","fg0060","fg0790","fg0414","fg0923","fg0079","fg0946","fg0999"
"fq000092","vx_d2e7883530cc75ae","fg0031","1","fg0031","fg0301","fg0590","fg0150","fg0617","fg0961","fg0271","fg0485","fg0549","fg0675","fg0393","fg0817","fg0112","fg0998","fg0777","fg0970","fg0762","fg0820","fg0121","fg0759"
"fq000093","vx_d2e7883530cc75ae","fg0031","1","fg0031","fg0301","fg0549","fg0876","fg0150","fg0675","fg0140","fg0348","fg0590","fg0271","fg0820","fg0112","fg0485","fg0961","fg0121","fg0686","fg0759","fg0345","fg0734","fg0501"
"fq000094","vx_0a43881d1be86e91","fg0032","1","fg0032","fg0887","fg0718","fg0029","fg0300","fg0147","fg0749","fg0281","fg0396","fg0846","fg0182","fg0050","fg0757","fg0794","fg0238","fg0159","fg0483","fg0858","fg0551","fg0945"
"fq000095","vx_1ebbf5a122b43998","fg0033","1","fg0033","fg0181","fg0662","fg0479","fg0270","fg0776","fg0742","fg0175","fg0996","fg0310","fg0715","fg0103","fg0761","fg0825","fg0938","fg0580","fg0471","fg0249","fg0734","fg0174"
"fq000096","vx_98efccdda5083b7d","fg0034","1","fg0034","fg0691","fg0957","fg0405","fg0760","fg0168","fg0991","fg0615","fg0619","fg0325","fg0114","fg0508","fg0669","fg0398","fg0066","fg0823","fg0262","fg0741","fg0610","fg0787"
"fq000097","vx_bd0c31d8c3ee7ad6","fg0035","1","fg0035","fg0099","fg0627","fg0362","fg0650","fg0509","fg0262","fg0823","fg0535","fg0789","fg0781","fg0959","fg0271","fg0331","fg0029","fg0749","fg0276","fg0069","fg0888","fg0922"
"fq000098","vx_bd0c31d8c3ee7ad6","fg0035","1","fg0035","fg0099","fg0627","fg0362","fg0509","fg0650","fg0535","fg0262","fg0825","fg0959","fg0749","fg0331","fg0922","fg0276","fg0271","fg0823","fg0161","fg0781","fg0450","fg0588"
"fq000099","vx_bd0c31d8c3ee7ad6","fg0035","1","fg0035","fg0099","fg0627","fg0362","fg0650","fg0448","fg0517","fg0781","fg0877","fg0823","fg0535","fg0789","fg0262","fg0276","fg0246","fg0959","fg0680","fg0613","fg0888","fg0331"
"fq000100","vx_bd0c31d8c3ee7ad6","fg0035","1","fg0035","fg0627","fg0099","fg0362","fg0650","fg0535","fg0276","fg0448","fg0789","fg0781","fg0823","fg0262","fg0825","fg0959","fg0221","fg0331","fg0463","fg0628","fg0527","fg0509"
"fq000101","vx_1a9a2dfb70dcd14d","fg0036","2","fg0037","fg0036","fg0385","fg0769","fg0539","fg0180","fg0355","fg0990","fg0673","fg0144","fg0541","fg0789","fg0411","fg0915","fg0975","fg0665","fg0778","fg0767","fg0626","fg0776"
"fq000102","vx_1a9a2dfb70dcd14d","fg0036","1","fg0036","fg0616","fg0896","fg0179","fg0796","fg0209","fg0585","fg0261","fg0884","fg0222","fg0455","fg0816","fg0759","fg0080","fg0572","fg0646","fg0287","fg0052","fg0037","fg0359"
"fq000103","vx_1a9a2dfb70dcd14d","fg0036","1","fg0036","fg0616","fg0037","fg0179","fg0144","fg0585","fg0896","fg0789","fg0385","fg0209","fg0455","fg0626","fg0572","fg0261","fg0845","fg0964","fg0816","fg0359","fg0646","fg0160"
"fq000104","vx_1a9a2dfb70dcd14d","fg0036","5","fg0196","fg0782","fg0677","fg0759","fg0036","fg0383","fg0788","fg0209","fg0246","fg0222","fg0308","fg0074","fg0876","fg0744","fg0231","fg0048","fg0385","fg0301","fg0277","fg0237"
"fq000105","vx_1a9a2dfb70dcd14d","fg0036","1","fg0036","fg0616","fg0896","fg0585","fg0179","fg0209","fg0796","fg0037","fg0261","fg0144","fg0646","fg0759","fg0845","fg0222","fg0789","fg0455","fg0816","fg0688","fg0359","fg0626"
"fq000106","vx_1a9a2dfb70dcd14d","fg0036","1","fg0036","fg0037","fg0616","fg0845","fg0385","fg0144","fg0915","fg0585","fg0789","fg0179","fg0455","fg0896","fg0288","fg0222","fg0209","fg0964","fg0344","fg0160","fg0926","fg0626"
"fq000107","vx_1a9a2dfb70dcd14d","fg0036","1","fg0036","fg0037","fg0616","fg0144","fg0385","fg0585","fg0789","fg0179","fg0915","fg0604","fg0896","fg0455","fg0926","fg0160","fg0222","fg0163","fg0845","fg0344","fg0263","fg0288"
"fq000108","vx_0fa56c8dea8e548f","fg0037","1","fg0037","fg0036","fg0616","fg0179","fg0144","fg0180","fg0915","fg0585","fg0163","fg0572","fg0626","fg0688","fg0775","fg0455","fg0778","fg0263","fg0208","fg0385","fg0046","fg0576"
"fq000109","vx_df588b67c458e308","fg0038","1","fg0038","fg0111","fg0215","fg0345","fg0912","fg0168","fg0286","fg0856","fg0348","fg0329","fg0814","fg0285","fg0842","fg0346","fg0387","fg0010","fg0675","fg0431","fg0040","fg0020"
"fq000110","vx_687f6b3987873f80","fg0039","1","fg0039","fg0218","fg0811","fg0307","fg0106","fg0397","fg0941","fg0573","fg0214","fg0155","fg0475","fg0915","fg0843","fg0474","fg0082","fg0947","fg0298","fg0297","fg0852","fg0515"
"fq000111","vx_fde9a75eedeca234","fg0040","1","fg0040","fg0978","fg0149","fg0038","fg0926","fg0121","fg0697","fg0045","fg0075","fg0829","fg0509","fg0931","fg0147","fg0208","fg0564","fg0433","fg0915","fg0692","fg0334","fg0540"
"fq000112","vx_fde9a75eedeca234","fg0040","1","fg0040","fg0509","fg0147","fg0829","fg0978","fg0262","fg0411","fg0254","fg0979","fg0398","fg0561","fg0607","fg0599","fg0149","fg0921","fg0038","fg0045","fg0765","fg0007","fg0318"
"fq000113","vx_a3e1a2e87eedcdb5","fg0041","1","fg0041","fg0237","fg0236","fg0189","fg0775","fg0075","fg0065","fg0048","fg0996","fg0426","fg0577","fg0310","fg0100","fg0782","fg0193","fg0213","fg0906","fg0622","fg0216","fg0125"
"fq000114","vx_89cf29367292f0b1","fg0042","1","fg0042","fg0298","fg0241","fg0388","fg0503","fg0123","fg0001","fg0258","fg0533","fg0942","fg0474","fg0948","fg0297","fg0959","fg0885","fg0411","fg0565","fg0886","fg0059","fg0314"
"fq000115","vx_1c5e145a118e3437","fg0043","1","fg0043","fg0802","fg0687","fg0904","fg0559","fg0555","fg0522","fg0017","fg0122","fg0995","fg0216","fg0092","fg0457","fg0108","fg0199","fg0159","fg0579","fg0435","fg0820","fg0152"
"fq000116","vx_1c5e145a118e3437","fg0043","1","fg0043","fg0802","fg0904","fg0687","fg0522","fg0017","fg0199","fg0555","fg0122","fg0559","fg0995","fg0457","fg0216","fg0435","fg0654","fg0092","fg0579","fg0108","fg0994","fg0917"
"fq000117","vx_1c5e145a118e3437","fg0043","1","fg0043","fg0802","fg0904","fg0687","fg0522","fg0017","fg0435","fg0555","fg0457","fg0216","fg0199","fg0559","fg0122","fg0654","fg0994","fg0995","fg0820","fg0092","fg0189","fg0108"
"fq000118","vx_ff2da3c4350dc934","fg0044","1","fg0044","fg0514","fg0091","fg0014","fg0961","fg0013","fg0824","fg0477","fg0127","fg0072","fg0165","fg0775","fg0064","fg0304","fg0455","fg0152","fg0119","fg0896","fg0845","fg0465"
"fq000119","vx_555255e04ec862e6","fg0045","1","fg0045","fg0702","fg0217","fg0181","fg0390","fg0303","fg0984","fg0829","fg0662","fg0462","fg0978","fg0770","fg0260","fg0742","fg0612","fg0015","fg0842","fg0534","fg0920","fg0233"
"fq000120","vx_f296725c1525169a","fg0046","1","fg0046","fg0428","fg0892","fg0986","fg0414","fg0929","fg0310","fg0900","fg0988","fg0268","fg0586","fg0283","fg0916","fg0229","fg0214","fg0089","fg0656","fg0608","fg0897","fg0172"
"fq000121","vx_f296725c1525169a","fg0046","1","fg0046","fg0900","fg0608","fg0428","fg0229","fg0414","fg0988","fg0586","fg0268","fg0986","fg0425","fg0143","fg0892","fg0310","fg0172","fg0897","fg0181","fg0916","fg0089","fg0360"
"fq000122","vx_f296725c1525169a","fg0046","1","fg0046","fg0428","fg0892","fg0608","fg0268","fg0181","fg0986","fg0988","fg0243","fg1000","fg0582","fg0662","fg0586","fg0310","fg0283","fg0929","fg0414","fg0425","fg0897","fg0108"
"fq000123","vx_f296725c1525169a","fg0046","1","fg0046","fg0988","fg0892","fg0900","fg0425","fg0143","fg0897","fg0101","fg0586","fg0310","fg0608","fg0428","fg0916","fg0063","fg0268","fg0414","fg0214","fg0243","fg0986","fg0360"
"fq000124","vx_f296725c1525169a","fg0046","1","fg0046","fg0988","fg0900","fg0425","fg0892","fg0608","fg0428","fg0268","fg0586","fg0986","fg0414","fg0384","fg0897","fg0310","fg0169","fg0582","fg0243","fg0143","fg0229","fg0606"
"fq000125","vx_c1e833d742a14d73","fg0047","2","fg0769","fg0047","fg0990","fg0416","fg0673","fg0979","fg0960","fg0509","fg0803","fg0623","fg0007","fg0708","fg0379","fg0260","fg0082","fg0030","fg0254","fg0131","fg0355","fg0440"
"fq000126","vx_d5a8443d2cc630a1","fg0048","1","fg0048","fg0231","fg0677","fg0216","fg0277","fg0063","fg0136","fg0041","fg0315","fg0304","fg0517","fg0266","fg0237","fg0744","fg0923","fg0196","fg0017","fg0656","fg0453","fg0660"
"fq000127","vx_68e0261cf94de795","fg0049","1","fg0049","fg0465","fg0796","fg0345","fg0336","fg0482","fg0678","fg0291","fg0709","fg0101","fg0145","fg0062","fg0912","fg0892","fg0286","fg0087","fg0861","fg0971","fg0871","fg0400"
"fq000128","vx_68e0261cf94de795","fg0049","1","fg0049","fg0465","fg0678","fg0796","fg0291","fg0336","fg0482","fg0345","fg0871","fg0101","fg0971","fg0145","fg0827","fg0709","fg0087","fg0286","fg0257","fg0400","fg0127","fg0913"
"fq000129","vx_17550a64af3b1505","fg0050","1","fg0050","fg0437","fg0852","fg0772","fg0018","fg0541","fg0574","fg0366","fg0859","fg0147","fg0735","fg0032","fg0922","fg0749","fg0919","fg0641","fg0777","fg0900","fg0300","fg0889"
"fq000130","vx_17550a64af3b1505","fg0050","1","fg0050","fg0735","fg0772","fg0852","fg0018","fg0437","fg0574","fg1000","fg0300","fg0859","fg0919","fg0541","fg0366","fg0922","fg0711","fg0032","fg0469","fg0749","fg0270","fg0254"
"fq000131","vx_17550a64af3b1505","fg0050","1","fg0050","fg0852","fg0772","fg0735","fg0859","fg0437","fg0366","fg0018","fg1000","fg0056","fg0541","fg0070","fg0032","fg0919","fg0510","fg0749","fg0490","fg0665","fg0922","fg0870"
"fq000132","vx_17550a64af3b1505","fg0050","1","fg0050","fg0852","fg0437","fg0018","fg0772","fg0574","fg0366","fg0735","fg0032","fg0119","fg0922","fg0862","fg0858","fg0300","fg0459","fg0641","fg0859","fg0477","fg0182","fg0100"
"fq000133","vx_17550a64af3b1505","fg0050","1","fg0050","fg0772","fg0735","fg0018","fg0852","fg0574","fg0859","fg0437","fg1000","fg0541","fg0922","fg0665","fg0873","fg0300","fg0056","fg0919","fg0032","fg0150","fg0858","fg0029"
"fq000134","vx_17550a64af3b1505","fg0050","1","fg0050","fg0852","fg0772","fg0735","fg0859","fg0018","fg0119","fg1000","fg0366","fg0437","fg0477","fg0056","fg0070","fg0541","fg0152","fg0711","fg0510","fg0641","fg0490","fg0870"
"fq000135","vx_17550a64af3b1505","fg0050","1","fg0050","fg0735","fg0772","fg0852","fg0437","fg1000","fg0018","fg0366","fg0859","fg0749","fg0922","fg0919","fg0613","fg0147","fg0119","fg0056","fg0270","fg0032","fg0541","fg0490"
"fq000136","vx_17550a64af3b1505","fg0050","1","fg0050","fg0852","fg0437","fg0574","fg0979","fg0772","fg0254","fg0018","fg0922","fg0665","fg0735","fg0589","fg0032","fg0859","fg0541","fg0366","fg0858","fg0919","fg0100","fg0300"
"fq000137","vx_17550a64af3b1505","fg0050","1","fg0050","fg0772","fg0735","fg0018","fg1000","fg0613","fg0574","fg0665","fg0437","fg0859","fg0922","fg0457","fg0102","fg0852","fg0711","fg0641","fg0541","fg0031","fg0749","fg0270"
"fq000138","vx_17550a64af3b1505","fg0050","1","fg0050","fg0574","fg0437","fg0772","fg0735","fg0979","fg0018","fg0665","fg0922","fg0852","fg0254","fg0749","fg0859","fg0300","fg0457","fg0541","fg0366","fg0748","fg0889","fg0099"
"fq000139","vx_17550a64af3b1505","fg0050","1","fg0050","fg0735","fg0772","fg0437","fg0574","fg0852","fg0018","fg0859","fg0366","fg0300","fg0613","fg0922","fg0541","fg0032","fg0749","fg0919","fg0119","fg0457","fg0147","fg0459"
"fq000140","vx_e8a90fbf90e63f0a","fg0051","1","fg0051","fg0589","fg0939","fg0672","fg0804","fg0228","fg0742","fg0779","fg0341","fg0825","fg0290","fg0722","fg0276","fg0879","fg0335","fg0612","fg0593","fg0347","fg0625","fg0981"
"fq000141","vx_e8a90fbf90e63f0a","fg0051","1","fg0051","fg0825","fg0939","fg0248","fg0625","fg0742","fg0879","fg0276","fg0181","fg0994","fg0233","fg0227","fg0450","fg0566","fg0804","fg0779","fg0618","fg0650","fg0955","fg0701"
"fq000142","vx_cfebb52cd40cd4d0","fg0052","1","fg0052","fg0216","fg0104","fg0522","fg0994","fg0636","fg0222","fg0555","fg0884","fg0759","fg0017","fg0194","fg0830","fg0904","fg0457","fg0199","fg0538","fg0983","fg0711","fg0077"
"fq000143","vx_df75f3907385171e","fg0053","1","fg0053","fg0354","fg0596","fg0645","fg0543","fg0935","fg0664","fg0302","fg0311","fg0342","fg0507","fg0512","fg0905","fg0104","fg0963","fg0630","fg0141","fg0199","fg0608","fg0004"
"fq000144","vx_e06f5d7e70e30c02","fg0054","1","fg0054","fg0588","fg0170","fg0528","fg0736","fg0578","fg0291","fg0742","fg0924","fg0470","fg0926","fg0953","fg0962","fg0206","fg0659","fg0703","fg0936","fg0948","fg0979","fg0381"
"fq000145","vx_e06f5d7e70e30c02","fg0054","1","fg0054","fg0588","fg0291","fg0528","fg0979","fg0170","fg0953","fg0358","fg0440","fg0736","fg0598","fg0578","fg0687","fg0470","fg0703","fg0742","fg0464","fg0980","fg0659","fg0117"
"fq000146","vx_e06f5d7e70e30c02","fg0054","1","fg0054","fg0926","fg0578","fg0915","fg0528","fg0936","fg0516","fg0703","fg0358","fg0588","fg0381","fg0576","fg0757","fg0742","fg0659","fg0464","fg0948","fg0001","fg0639","fg0962"
"fq000147","vx_e06f5d7e70e30c02","fg0054","1","fg0054","fg0528","fg0588","fg0001","fg0926","fg0358","fg0516","fg0634","fg0464","fg0915","fg0742","fg0936","fg0703","fg0170","fg0736","fg0659","fg0948","fg0291","fg0962","fg0440"
"fq000148","vx_e06f5d7e70e30c02","fg0054","1","fg0054","fg0588","fg0979","fg0291","fg0398","fg0358","fg0440","fg0598","fg0687","fg0528","fg0578","fg0953","fg0117","fg0411","fg0003","fg0254","fg0304","fg0736","fg0703","fg0169"
"fq000149","vx_e06f5d7e70e30c02","fg0054","1","fg0054","fg0578","fg0516","fg0528","fg0926","fg0149","fg0291","fg0588","fg0170","fg0540","fg0703","fg0948","fg0470","fg0440","fg0915","fg0434","fg0358","fg0659","fg0369","fg0736"
"fq000150","vx_e06f5d7e70e30c02","fg0054","1","fg0054","fg0170","fg0926","fg0578","fg0470","fg0528","fg0540","fg0516","fg0915","fg0344","fg0659","fg0588","fg0736","fg0206","fg0291","fg0434","fg0246","fg0634","fg0742","fg0703"
"fq000151","vx_e06f5d7e70e30c02","fg0054","1","fg0054","fg0170","fg0528","fg0470","fg0588","fg0578","fg0736","fg0450","fg0206","fg0953","fg0926","fg0291","fg0742","fg0980","fg0659","fg0381","fg0703","fg0915","fg0398","fg0516"
"fq000152","vx_e06f5d7e70e30c02","fg0054","1","fg0054","fg0170","fg0578","fg0926","fg0528","fg0540","fg0291","fg0470","fg0736","fg0588","fg0516","fg0206","fg0915","fg0924","fg0344","fg0450","fg0350","fg0381","fg0464","fg0149"
"fq000153","vx_e06f5d7e70e30c02","fg0054","1","fg0054","fg0528","fg0170","fg0291","fg0588","fg0979","fg0736","fg0578","fg0953","fg0358","fg0742","fg0516","fg0440","fg0926","fg0304","fg0703","fg0470","fg0948","fg0634","fg0687"
"fq000154","vx_e06f5d7e70e30c02","fg0054","1","fg0054","fg0578","fg0516","fg0470","fg0926","fg0170","fg0291","fg0540","fg0149","fg0948","fg0915","fg0344","fg0528","fg0206","fg0687","fg0953","fg0267","fg0703","fg0061","fg0936"
"fq000155","vx_e06f5d7e70e30c02","fg0054","1","fg0054","fg0578","fg0926","fg0516","fg0291","fg0528","fg0540","fg0170","fg0703","fg0149","fg0915","fg0687","fg0948","fg0470","fg0588","fg0063","fg0736","fg0893","fg0369","fg0962"
"fq000156","vx_e06f5d7e70e30c02","fg0054","1","fg0054","fg0578","fg0170","fg0528","fg0926","fg0540","fg0291","fg0470","fg0915","fg0516","fg0736","fg0206","fg0149","fg0659","fg0434","fg0953","fg0588","fg0742","fg0246","fg0450"
"fq000157","vx_e06f5d7e70e30c02","fg0054","1","fg0054","fg0528","fg0926","fg0588","fg0516","fg0170","fg0915","fg0962","fg0936","fg0742","fg0634","fg0464","fg0703","fg0659","fg0381","fg0736","fg0924","fg0001","fg0291","fg0578"
"fq000158","vx_e06f5d7e70e30c02","fg0054","1","fg0054","fg0170","fg0578","fg0291","fg0528","fg0516","fg0470","fg0926","fg0953","fg0736","fg0588","fg0540","fg0962","fg0149","fg0915","fg0206","fg0948","fg0434","fg0703","fg0742"
"fq000159","vx_e06f5d7e70e30c02","fg0054","1","fg0054","fg0578","fg0516","fg0926","fg0170","fg0948","fg0540","fg0528","fg0291","fg0470","fg0915","fg0149","fg0369","fg0344","fg0350","fg0687","fg0206","fg0420","fg0953","fg0576"
"fq000160","vx_e06f5d7e70e30c02","fg0054","1","fg0054","fg0528","fg0578","fg0170","fg0588","fg0926","fg0291","fg0953","fg0470","fg0980","fg0516","fg0703","fg0915","fg0149","fg0736","fg0434","fg0687","fg0540","fg0659","fg0962"
"fq000161","vx_e06f5d7e70e30c02","fg0054","1","fg0054","fg0578","fg0170","fg0528","fg0926","fg0516","fg0291","fg0540","fg0470","fg0915","fg0206","fg0149","fg0736","fg0434","fg0948","fg0588","fg0246","fg0953","fg0369","fg0344"
"fq000162","vx_e06f5d7e70e30c02","fg0054","1","fg0054","fg0926","fg0170","fg0528","fg0516","fg0578","fg0470","fg0953","fg0149","fg0915","fg0540","fg0358","fg0588","fg0736","fg0464","fg0576","fg0924","fg0291","fg0369","fg0962"
"fq000163","vx_e06f5d7e70e30c02","fg0054","1","fg0054","fg0528","fg0578","fg0588","fg0736","fg0170","fg0206","fg0464","fg0926","fg0893","fg0936","fg0915","fg0516","fg0291","fg0659","fg0819","fg0381","fg0470","fg0369","fg0924"
"fq000164","vx_e06f5d7e70e30c02","fg0054","1","fg0054","fg0588","fg0528","fg0170","fg0578","fg0703","fg0291","fg0736","fg0742","fg0470","fg0659","fg0980","fg0398","fg0440","fg0358","fg0979","fg0962","fg0516","fg0948","fg0117"
"fq000165","vx_e06f5d7e70e30c02","fg0054","1","fg0054","fg0979","fg0291","fg0588","fg0170","fg0440","fg0470","fg0598","fg0578","fg0358","fg0953","fg0398","fg0687","fg0528","fg0980","fg0149","fg0381","fg0736","fg0304","fg0254"
"fq000166","vx_e06f5d7e70e30c02","fg0054","1","fg0054","fg0528","fg0588","fg0170","fg0578","fg0962","fg0291","fg0926","fg0659","fg0703","fg0470","fg0742","fg0634","fg0736","fg0149","fg0540","fg0001","fg0915","fg0924","fg0948"
"fq000167","vx_e06f5d7e70e30c02","fg0054","1","fg0054","fg0578","fg0588","fg0170","fg0736","fg0528","fg0206","fg0369","fg0926","fg0470","fg0291","fg0703","fg0915","fg0516","fg0687","fg0001","fg0464","fg0155","fg0819","fg0948"
"fq000168","vx_e06f5d7e70e30c02","fg0054","1","fg0054","fg0578","fg0170","fg0291","fg0528","fg0206","fg0926","fg0588","fg0516","fg0736","fg0540","fg0915","fg0344","fg0687","fg0358","fg0659","fg0434","fg0470","fg0953","fg0149"
"fq000169","vx_e06f5d7e70e30c02","fg0054","1","fg0054","fg0578","fg0516","fg0540","fg0926","fg0170","fg0291","fg0528","fg0470","fg0149","fg0915","fg0450","fg0736","fg0953","fg0206","fg0344","fg0659","fg0350","fg0588","fg0246"
"fq000170","vx_e06f5d7e70e30c02","fg0054","1","fg0054","fg0578","fg0926","fg0170","fg0528","fg0516","fg0915","fg0470","fg0291","fg0149","fg0588","fg0540","fg0953","fg0948","fg0434","fg0703","fg0358","fg0659","fg0736","fg0634"
"fq000171","vx_e06f5d7e70e30c02","fg0054","1","fg0054","fg0578","fg0170","fg0926","fg0470","fg0915","fg0149","fg0516","fg0540","fg0291","fg0246","fg0953","fg0528","fg0344","fg0256","fg0736","fg0206","fg0434","fg0659","fg0742"
"fq000172","vx_e06f5d7e70e30c02","fg0054","1","fg0054","fg0926","fg0516","fg0578","fg0915","fg0528","fg0470","fg0170","fg0540","fg0576","fg0434","fg0149","fg0369","fg0936","fg0291","fg0588","fg0464","fg0962","fg0659","fg0634"
"fq000173","vx_e06f5d7e70e30c02","fg0054","1","fg0054","fg0578","fg0926","fg0540","fg0516","fg0170","fg0470","fg0915","fg0149","fg0291","fg0528","fg0948","fg0369","fg0703","fg0687","fg0206","fg0659","fg0576","fg0063","fg0155"
"fq000174","vx_e06f5d7e70e30c02","fg0054","1","fg0054","fg0170","fg0528","fg0291","fg0736","fg0516","fg0953","fg0588","fg0915","fg0470","fg0578","fg0926","fg0206","fg0962","fg0659","fg0149","fg0344","fg0924","fg0464","fg0450"
"fq000175","vx_e06f5d7e70e30c02","fg0054","1","fg0054","fg0588","fg0703","fg0979","fg0358","fg0953","fg0192","fg0170","fg0440","fg0291","fg0598","fg0578","fg0398","fg0736","fg0980","fg0528","fg0742","fg0687","fg0304","fg0464"
"fq000176","vx_e06f5d7e70e30c02","fg0054","1","fg0054","fg0528","fg0588","fg0358","fg0703","fg0953","fg0736","fg0742","fg0634","fg0516","fg0659","fg0192","fg0001","fg0926","fg0962","fg0924","fg0291","fg0149","fg0979","fg0464"
"fq000177","vx_e06f5d7e70e30c02","fg0054","1","fg0054","fg0588","fg0926","fg0291","fg0528","fg0358","fg0979","fg0578","fg0516","fg0170","fg0703","fg0915","fg0953","fg0936","fg0440","fg0464","fg0206","fg0398","fg0948","fg0001"
"fq000178","vx_e06f5d7e70e30c02","fg0054","1","fg0054","fg0578","fg0170","fg0528","fg0926","fg0588","fg0470","fg0291","fg0516","fg0703","fg0948","fg0149","fg0953","fg0915","fg0540","fg0736","fg0980","fg0281","fg0962","fg0634"
"fq000179","vx_e06f5d7e70e30c02","fg0054","1","fg0054","fg0578","fg0170","fg0528","fg0516","fg0926","fg0540","fg0344","fg0470","fg0149","fg0291","fg0915","fg0736","fg0123","fg0659","fg0206","fg0948","fg0962","fg0369","fg0953"
"fq000180","vx_e06f5d7e70e30c02","fg0054","1","fg0054","fg0578","fg0926","fg0540","fg0470","fg0149","fg0516","fg0915","fg0528","fg0170","fg0687","fg0291","fg0703","fg0588","fg0659","fg0576","fg0980","fg0948","fg0369","fg0440"
"fq000181","vx_e06f5d7e70e30c02","fg0054","1","fg0054","fg0578","fg0926","fg0516","fg0915","fg0170","fg0470","fg0528","fg0540","fg0576","fg0149","fg0659","fg0350","fg0291","fg0948","fg0736","fg0358","fg0936","fg0155","fg0634"
"fq000182","vx_e06f5d7e70e30c02","fg0054","1","fg0054","fg0578","fg0170","fg0926","fg0470","fg0540","fg0516","fg0528","fg0915","fg0149","fg0434","fg0344","fg0291","fg0948","fg0687","fg0588","fg0206","fg0256","fg0659","fg0369"
"fq000183","vx_e06f5d7e70e30c02","fg0054","1","fg0054","fg0578","fg0170","fg0926","fg0528","fg0516","fg0915","fg0344","fg0470","fg0540","fg0381","fg0149","fg0588","fg0817","fg0291","fg0659","fg0703","fg0458","fg0634","fg0948"
"fq000184","vx_e06f5d7e70e30c02","fg0054","1","fg0054","fg0528","fg0170","fg0578","fg0736","fg0926","fg0206","fg0588","fg0540","fg0470","fg0659","fg0291","fg0450","fg0915","fg0434","fg0246","fg0516","fg0344","fg0256","fg0948"
"fq000185","vx_e06f5d7e70e30c02","fg0054","1","fg0054","fg0578","fg0516","fg0540","fg0926","fg0528","fg0149","fg0291","fg0170","fg0369","fg0953","fg0736","fg0470","fg0948","fg0915","fg0246","fg0358","fg0206","fg0256","fg0434"
"fq000186","vx_e06f5d7e70e30c02","fg0054","1","fg0054","fg0170","fg0578","fg0926","fg0470","fg0516","fg0528","fg0344","fg0291","fg0953","fg0540","fg0206","fg0915","fg0149","fg0358","fg0736","fg0450","fg0924","fg0979","fg0634"
"fq000187","vx_e06f5d7e70e30c02","fg0054","1","fg0054","fg0578","fg0926","fg0170","fg0528","fg0516","fg0291","fg0915","fg0588","fg0948","fg0434","fg0470","fg0381","fg0206","fg0540","fg0634","fg0936","fg0703","fg0736","fg0344"
"fq000188","vx_e06f5d7e70e30c02","fg0054","1","fg0054","fg0170","fg0578","fg0926","fg0206","fg0528","fg0291","fg0516","fg0540","fg0736","fg0470","fg0434","fg0915","fg0936","fg0948","fg0588","fg0001","fg0464","fg0953","fg0893"
"fq000189","vx_e06f5d7e70e30c02","fg0054","1","fg0054","fg0578","fg0926","fg0516","fg0149","fg0470","fg0915","fg0540","fg0528","fg0170","fg0576","fg0703","fg0291","fg0358","fg0953","fg0434","fg0369","fg0359","fg0588","fg0659"
"fq000190","vx_e06f5d7e70e30c02","fg0054","1","fg0054","fg0578","fg0926","fg0470","fg0170","fg0516","fg0149","fg0540","fg0358","fg0915","fg0369","fg0528","fg0576","fg0953","fg0291","fg0703","fg0687","fg0948","fg0236","fg0344"
"fq000191","vx_e06f5d7e70e30c02","fg0054","1","fg0054","fg0170","fg0578","fg0528","fg0588","fg0470","fg0742","fg0736","fg0434","fg0926","fg0291","fg0381","fg0936","fg0924","fg0464","fg0001","fg0344","fg0948","fg0893","fg0659"
"fq000192","vx_e06f5d7e70e30c02","fg0054","1","fg0054","fg0578","fg0516","fg0528","fg0926","fg0170","fg0540","fg0149","fg0206","fg0291","fg0915","fg0659","fg0948","fg0369","fg0470","fg0434","fg0736","fg0246","fg0953","fg0687"
"fq000193","vx_e06f5d7e70e30c02","fg0054","1","fg0054","fg0578","fg0516","fg0528","fg0540","fg0170","fg0149","fg0291","fg0206","fg0926","fg0369","fg0915","fg0470","fg0736","fg0953","fg0948","fg0256","fg0246","fg0434","fg0358"
"fq000194","vx_e06f5d7e70e30c02","fg0054","1","fg0054","fg0170","fg0528","fg0588","fg0578","fg0924","fg0736","fg0962","fg0634","fg0742","fg0926","fg0464","fg0291","fg0819","fg0001","fg0659","fg0936","fg0381","fg0470","fg0434"
"fq000195","vx_e06f5d7e70e30c02","fg0054","1","fg0054","fg0170","fg0578","fg0926","fg0528","fg0736","fg0915","fg0588","fg0516","fg0470","fg0358","fg0291","fg0924","fg0742","fg0540","fg0659","fg0819","fg0381","fg0434","fg0077"
"fq000196","vx_e06f5d7e70e30c02","fg0054","1","fg0054","fg0291","fg0578","fg0588","fg0528","fg0516","fg0703","fg0948","fg0962","fg0358","fg0953","fg0001","fg0398","fg0979","fg0659","fg0170","fg0936","fg0736","fg0169","fg0123"
"fq000197","vx_e06f5d7e70e30c02","fg0054","1","fg0054","fg0578","fg0926","fg0516","fg0170","fg0540","fg0528","fg0470","fg0915","fg0149","fg0291","fg0369","fg0948","fg0434","fg0736","fg0703","fg0206","fg0659","fg0344","fg0576"
"fq000198","vx_e06f5d7e70e30c02","fg0054","1","fg0054","fg0170","fg0470","fg0578","fg0926","fg0588","fg0540","fg0528","fg0915","fg0962","fg0742","fg0516","fg0736","fg0703","fg0953","fg0634","fg0980","fg0291","fg0936","fg0924"
"fq000199","vx_e06f5d7e70e30c02","fg0054","1","fg0054","fg0578","fg0528","fg0926","fg0516","fg0291","fg0170","fg0948","fg0703","fg0588","fg0149","fg0540","fg0915","fg0470","fg0962","fg0440","fg0358","fg0434","fg0736","fg0063"
"fq000200","vx_e06f5d7e70e30c02","fg0054","1","fg0054","fg0528","fg0578","fg0170","fg0926","fg0291","fg0588","fg0540","fg0516","fg0703","fg0948","fg0470","fg0149","fg0369","fg0736","fg0953","fg0915","fg0358","fg0962","fg0440"
"fq000201","vx_e06f5d7e70e30c02","fg0054","1","fg0054","fg0588","fg0291","fg0979","fg0170","fg0736","fg0528","fg0440","fg0464","fg0687","fg0381","fg0578","fg0206","fg0358","fg0953","fg0980","fg0598","fg0117","fg0659","fg0304"
"fq000202","vx_e06f5d7e70e30c02","fg0054","1","fg0054","fg0578","fg0926","fg0369","fg0516","fg0170","fg0540","fg0915","fg0149","fg0206","fg0350","fg0576","fg0948","fg0344","fg0528","fg0291","fg0470","fg0953","fg0061","fg0155"
"fq000203","vx_e06f5d7e70e30c02","fg0054","1","fg0054","fg0528","fg0170","fg0588","fg0926","fg0742","fg0578","fg0291","fg0358","fg0736","fg0953","fg0516","fg0634","fg0470","fg0924","fg0659","fg0915","fg0001","fg0206","fg0149"
"fq000204","vx_e06f5d7e70e30c02","fg0054","1","fg0054","fg0578","fg0516","fg0528","fg0170","fg0926","fg0540","fg0291","fg0915","fg0149","fg0470","fg0953","fg0948","fg0206","fg0659","fg0588","fg0736","fg0703","fg0236","fg0687"
"fq000205","vx_e06f5d7e70e30c02","fg0054","1","fg0054","fg0170","fg0528","fg0926","fg0578","fg0588","fg0291","fg0915","fg0206","fg0953","fg0470","fg0540","fg0736","fg0516","fg0434","fg0149","fg0962","fg0464","fg0924","fg0742"
"fq000206","vx_e06f5d7e70e30c02","fg0054","1","fg0054","fg0578","fg0926","fg0516","fg0170","fg0540","fg0344","fg0470","fg0528","fg0915","fg0434","fg0206","fg0149","fg0291","fg0687","fg0659","fg0736","fg0953","fg0464","fg0369"
"fq000207","vx_e06f5d7e70e30c02","fg0054","1","fg0054","fg0578","fg0170","fg0344","fg0926","fg0528","fg0924","fg0291","fg0206","fg0915","fg0438","fg0736","fg0588","fg0470","fg0516","fg0948","fg0350","fg0936","fg0819","fg0659"
"fq000208","vx_e06f5d7e70e30c02","fg0054","1","fg0054","fg0528","fg0578","fg0516","fg0926","fg0291","fg0948","fg0588","fg0703","fg0915","fg0576","fg0440","fg0434","fg0540","fg0149","fg0358","fg0659","fg0936","fg0170","fg0001"
"fq000209","vx_e06f5d7e70e30c02","fg0054","1","fg0054","fg0170","fg0528","fg0926","fg0578","fg0736","fg0206","fg0924","fg0540","fg0588","fg0470","fg0344","fg0936","fg0742","fg0634","fg0516","fg0915","fg0464","fg0291","fg0953"
"fq000210","vx_e06f5d7e70e30c02","fg0054","1","fg0054","fg0578","fg0540","fg0170","fg0470","fg0926","fg0516","fg0344","fg0915","fg0149","fg0246","fg0077","fg0291","fg0450","fg0256","fg0528","fg0948","fg0953","fg0434","fg0781"
"fq000211","vx_e06f5d7e70e30c02","fg0054","1","fg0054","fg0578","fg0170","fg0540","fg0926","fg0516","fg0528","fg0344","fg0915","fg0470","fg0206","fg0291","fg0420","fg0149","fg0256","fg0659","fg0246","fg0434","fg0687","fg0588"
"fq000212","vx_e06f5d7e70e30c02","fg0054","1","fg0054","fg0578","fg0170","fg0926","fg0962","fg0703","fg0528","fg0516","fg0588","fg0470","fg0291","fg0915","fg0736","fg0953","fg0948","fg0936","fg0464","fg0358","fg0742","fg0659"
"fq000213","vx_e06f5d7e70e30c02","fg0054","1","fg0054","fg0578","fg0540","fg0516","fg0170","fg0528","fg0291","fg0926","fg0149","fg0915","fg0736","fg0344","fg0948","fg0953","fg0420","fg0206","fg0659","fg0434","fg0246","fg0470"
"fq000214","vx_e06f5d7e70e30c02","fg0054","1","fg0054","fg0926","fg0516","fg0470","fg0915","fg0578","fg0170","fg0703","fg0358","fg0149","fg0540","fg0528","fg0464","fg0155","fg0291","fg0936","fg0588","fg0634","fg0687","fg0953"
"fq000215","vx_e06f5d7e70e30c02","fg0054","1","fg0054","fg0578","fg0170","fg0470","fg0926","fg0516","fg0948","fg0291","fg0540","fg0344","fg0736","fg0003","fg0206","fg0953","fg0915","fg0703","fg0588","fg0149","fg0438","fg0369"
"fq000216","vx_e06f5d7e70e30c02","fg0054","1","fg0054","fg0578","fg0170","fg0926","fg0516","fg0528","fg0206","fg0915","fg0369","fg0540","fg0149","fg0736","fg0291","fg0470","fg0948","fg0576","fg0893","fg0962","fg0953","fg0434"
"fq000217","vx_e06f5d7e70e30c02","fg0054","1","fg0054","fg0170","fg0528","fg0588","fg0578","fg0736","fg0742","fg0659","fg0470","fg0291","fg0819","fg0926","fg0450","fg0936","fg0924","fg0962","fg0001","fg0634","fg0206","fg0398"
"fq000218","vx_e06f5d7e70e30c02","fg0054","1","fg0054","fg0578","fg0516","fg0540","fg0926","fg0170","fg0528","fg0149","fg0915","fg0291","fg0420","fg0344","fg0948","fg0659","fg0470","fg0953","fg0206","fg0687","fg0369","fg0236"
"fq000219","vx_e06f5d7e70e30c02","fg0054","1","fg0054","fg0578","fg0926","fg0516","fg0170","fg0540","fg0149","fg0915","fg0528","fg0291","fg0470","fg0246","fg0206","fg0256","fg0948","fg0369","fg0736","fg0344","fg0434","fg0953"
"fq000220","vx_e06f5d7e70e30c02","fg0054","1","fg0054","fg0170","fg0291","fg0953","fg0578","fg0588","fg0470","fg0528","fg0703","fg0516","fg0736","fg0979","fg0926","fg0948","fg0540","fg0962","fg0061","fg0358","fg0915","fg0192"
"fq000221","vx_e06f5d7e70e30c02","fg0054","1","fg0054","fg0578","fg0170","fg0516","fg0540","fg0926","fg0528","fg0149","fg0291","fg0915","fg0470","fg0953","fg0736","fg0344","fg0206","fg0659","fg0358","fg0948","fg0434","fg0588"
"fq000222","vx_e06f5d7e70e30c02","fg0054","1","fg0054","fg0578","fg0516","fg0926","fg0170","fg0540","fg0291","fg0948","fg0369","fg0470","fg0155","fg0703","fg0149","fg0687","fg0528","fg0915","fg0206","fg0003","fg0350","fg0061"
"fq000223","vx_e06f5d7e70e30c02","fg0054","1","fg0054","fg0578","fg0926","fg0528","fg0516","fg0170","fg0291","fg0915","fg0149","fg0948","fg0540","fg0470","fg0588","fg0206","fg0687","fg0703","fg0369","fg0962","fg0576","fg0155"
"fq000224","vx_e06f5d7e70e30c02","fg0054","1","fg0054","fg0578","fg0170","fg0528","fg0948","fg0588","fg0516","fg0936","fg0470","fg0703","fg0926","fg0962","fg0291","fg0464","fg0001","fg0659","fg0742","fg0736","fg0540","fg0206"
"fq000225","vx_e06f5d7e70e30c02","fg0054","1","fg0054","fg0170","fg0578","fg0926","fg0528","fg0470","fg0206","fg0736","fg0344","fg0924","fg0516","fg0540","fg0915","fg0634","fg0953","fg0291","fg0943","fg0588","fg0256","fg0246"
"fq000226","vx_e06f5d7e70e30c02","fg0054","1","fg0054","fg0578","fg0170","fg0528","fg0926","fg0516","fg0948","fg0470","fg0588","fg0915","fg0962","fg0291","fg0659","fg0703","fg0936","fg0540","fg0434","fg0149","fg0924","fg0687"
"fq000227","vx_e06f5d7e70e30c02","fg0054","1","fg0054","fg0578","fg0170","fg0926","fg0516","fg0540","fg0291","fg0206","fg0528","fg0470","fg0736","fg0948","fg0943","fg0953","fg0703","fg0434","fg0344","fg0915","fg0588","fg0893"
"fq000228","vx_e06f5d7e70e30c02","fg0054","1","fg0054","fg0170","fg0528","fg0578","fg0206","fg0470","fg0926","fg0588","fg0516","fg0736","fg0953","fg0915","fg0819","fg0291","fg0540","fg0149","fg0450","fg0123","fg0634","fg0924"
"fq000229","vx_e06f5d7e70e30c02","fg0054","1","fg0054","fg0578","fg0516","fg0528","fg0540","fg0291","fg0170","fg0926","fg0149","fg0948","fg0915","fg0434","fg0953","fg0206","fg0344","fg0369","fg0736","fg0659","fg0063","fg0470"
"fq000230","vx_e06f5d7e70e30c02","fg0054","1","fg0054","fg0578","fg0516","fg0170","fg0528","fg0926","fg0291","fg0540","fg0915","fg0149","fg0470","fg0948","fg0206","fg0953","fg0736","fg0659","fg0464","fg0369","fg0344","fg0123"
"fq000231","vx_e06f5d7e70e30c02","fg0054","1","fg0054","fg0588","fg0291","fg0703","fg0578","fg0528","fg0948","fg0170","fg0962","fg0979","fg0687","fg0440","fg0470","fg0659","fg0398","fg0195","fg0149","fg0334","fg0980","fg0736"
"fq000232","vx_e06f5d7e70e30c02","fg0054","1","fg0054","fg0578","fg0170","fg0926","fg0528","fg0540","fg0915","fg0470","fg0149","fg0516","fg0736","fg0291","fg0434","fg0369","fg0588","fg0948","fg0703","fg0659","fg0576","fg0344"
"fq000233","vx_e06f5d7e70e30c02","fg0054","1","fg0054","fg0578","fg0528","fg0516","fg0170","fg0926","fg0369","fg0540","fg0149","fg0291","fg0736","fg0948","fg0915","fg0173","fg0703","fg0659","fg0206","fg0819","fg0962","fg0063"
"fq000234","vx_e06f5d7e70e30c02","fg0054","1","fg0054","fg0578","fg0516","fg0528","fg0926","fg0149","fg0170","fg0540","fg0915","fg0470","fg0948","fg0369","fg0291","fg0063","fg0434","fg0358","fg0703","fg0576","fg0953","fg0659"
"fq000235","vx_e06f5d7e70e30c02","fg0054","1","fg0054","fg0578","fg0516","fg0291","fg0540","fg0528","fg0149","fg0926","fg0440","fg0206","fg0358","fg0953","fg0170","fg0915","fg0736","fg0369","fg0192","fg0344","fg0063","fg0703"
"fq000236","vx_e06f5d7e70e30c02","fg0054","1","fg0054","fg0926","fg0578","fg0516","fg0528","fg0915","fg0170","fg0291","fg0358","fg0953","fg0149","fg0540","fg0470","fg0588","fg0576","fg0703","fg0736","fg0634","fg0206","fg0369"
"fq000237","vx_e06f5d7e70e30c02","fg0054","1","fg0054","fg0578","fg0926","fg0170","fg0369","fg0470","fg0540","fg0528","fg0915","fg0516","fg0588","fg0434","fg0149","fg0291","fg0948","fg0576","fg0703","fg0687","fg0003","fg0829"
"fq000238","vx_e06f5d7e70e30c02","fg0054","1","fg0054","fg0926","fg0516","fg0578","fg0915","fg0540","fg0170","fg0576","fg0149","fg0420","fg0470","fg0358","fg0528","fg0369","fg0063","fg0344","fg0291","fg0236","fg0953","fg0659"
"fq000239","vx_e06f5d7e70e30c02","fg0054","1","fg0054","fg0528","fg0170","fg0588","fg0206","fg0634","fg0962","fg0915","fg0926","fg0736","fg0924","fg0470","fg0123","fg0819","fg0488","fg0344","fg0464","fg0001","fg0659","fg0578"
"fq000240","vx_e06f5d7e70e30c02","fg0054","1","fg0054","fg0578","fg0516","fg0540","fg0170","fg0528","fg0926","fg0291","fg0915","fg0149","fg0953","fg0206","fg0736","fg0470","fg0440","fg0948","fg0358","fg0687","fg0344","fg0434"
"fq000241","vx_e06f5d7e70e30c02","fg0054","1","fg0054","fg0170","fg0578","fg0588","fg0528","fg0470","fg0980","fg0926","fg0291","fg0450","fg0736","fg0659","fg0979","fg0742","fg0915","fg0381","fg0398","fg0540","fg0953","fg0789"
"fq000242","vx_e06f5d7e70e30c02","fg0054","1","fg0054","fg0528","fg0578","fg0926","fg0170","fg0516","fg0540","fg0915","fg0470","fg0369","fg0588","fg0703","fg0149","fg0736","fg0291","fg0962","fg0659","fg0434","fg0001","fg0576"
"fq000243","vx_e06f5d7e70e30c02","fg0054","1","fg0054","fg0979","fg0588","fg0291","fg0170","fg0578","fg0440","fg0598","fg0117","fg0003","fg0948","fg0470","fg0267","fg0398","fg0703","fg0061","fg0254","fg0411","fg0169","fg0704"
"fq000244","vx_e06f5d7e70e30c02","fg0054","1","fg0054","fg0578","fg0926","fg0516","fg0170","fg0915","fg0149","fg0540","fg0528","fg0470","fg0420","fg0344","fg0358","fg0576","fg0291","fg0359","fg0458","fg0948","fg0953","fg0236"
"fq000245","vx_e06f5d7e70e30c02","fg0054","1","fg0054","fg0578","fg0170","fg0528","fg0540","fg0926","fg0516","fg0291","fg0470","fg0149","fg0915","fg0736","fg0948","fg0588","fg0659","fg0206","fg0450","fg0344","fg0246","fg0369"
"fq000246","vx_e06f5d7e70e30c02","fg0054","1","fg0054","fg0170","fg0528","fg0926","fg0291","fg0578","fg0588","fg0358","fg0516","fg0440","fg0915","fg0948","fg0736","fg0470","fg0464","fg0149","fg0979","fg0703","fg0381","fg0936"
"fq000247","vx_e06f5d7e70e30c02","fg0054","1","fg0054","fg0736","fg0528","fg0588","fg0170","fg0291","fg0206","fg0953","fg0578","fg0281","fg0464","fg0926","fg0634","fg0470","fg0915","fg0924","fg0687","fg0962","fg0703","fg0819"
"fq000248","vx_e06f5d7e70e30c02","fg0054","1","fg0054","fg0170","fg0578","fg0528","fg0344","fg0206","fg0926","fg0516","fg0540","fg0246","fg0256","fg0470","fg0736","fg0953","fg0915","fg0291","fg0659","fg0450","fg0149","fg0410"
"fq000249","vx_e06f5d7e70e30c02","fg0054","1","fg0054","fg0578","fg0516","fg0170","fg0926","fg0528","fg0915","fg0149","fg0291","fg0206","fg0540","fg0948","fg0470","fg0123","fg0659","fg0962","fg0464","fg0736","fg0588","fg0953"
"fq000250","vx_e06f5d7e70e30c02","fg0054","1","fg0054","fg0588","fg0528","fg0440","fg0291","fg0979","fg0516","fg0953","fg0358","fg0464","fg0703","fg0736","fg0192","fg0578","fg0936","fg0926","fg0598","fg0962","fg0948","fg0206"
"fq000251","vx_e06f5d7e70e30c02","fg0054","1","fg0054","fg0578","fg0926","fg0470","fg0516","fg0170","fg0540","fg0149","fg0915","fg0528","fg0291","fg0576","fg0953","fg0434","fg0948","fg0236","fg0358","fg0703","fg0344","fg0687"
"fq000252","vx_0fb9e0727ad2c6d6","fg0055","1","fg0055","fg0728","fg0760","fg0864","fg0152","fg0193","fg0666","fg0729","fg0467","fg0114","fg0751","fg0355","fg0909","fg0147","fg0652","fg0978","fg0400","fg0521","fg0894","fg0748"
"fq000253","vx_efdf3fa59bf5f4ec","fg0056","1","fg0056","fg0772","fg0602","fg0699","fg0150","fg0406","fg0628","fg0938","fg0749","fg0945","fg0050","fg0154","fg0198","fg0238","fg0922","fg0833","fg0271","fg0777","fg0394","fg0641"
"fq000254","vx_12b3b3af815b7c44","fg0057","1","fg0057","fg0573","fg0563","fg0082","fg0733","fg0771","fg0085","fg0832","fg0015","fg0288","fg0730","fg0706","fg0354","fg0019","fg0981","fg0829","fg0630","fg0713","fg0039","fg0921"
"fq000255","vx_6dd7e938a7ac423c","fg0058","1","fg0058","fg0239","fg0329","fg0212","fg0923","fg0479","fg0424","fg0765","fg0315","fg0399","fg0953","fg0007","fg0856","fg0291","fg0171","fg0535","fg0524","fg0764","fg0990","fg0093"
"fq000256","vx_6dd7e938a7ac423c","fg0058","1","fg0058","fg0239","fg0923","fg0212","fg0424","fg0329","fg0315","fg0765","fg0479","fg0149","fg0020","fg0007","fg0856","fg0399","fg0524","fg0171","fg0237","fg0693","fg0828","fg0303"
"fq000257","vx_6dd7e938a7ac423c","fg0058","1","fg0058","fg0923","fg0239","fg0424","fg0315","fg0212","fg0329","fg0171","fg0237","fg0393","fg0149","fg0362","fg0564","fg0744","fg0637","fg0308","fg0693","fg0765","fg0059","fg0445"
"fq000258","vx_6dd7e938a7ac423c","fg0058","1","fg0058","fg0239","fg0923","fg0212","fg0424","fg0315","fg0329","fg0149","fg0765","fg0479","fg0524","fg0020","fg0237","fg0171","fg0059","fg0856","fg0564","fg0093","fg0362","fg0399"
"fq000259","vx_6dd7e938a7ac423c","fg0058","1","fg0058","fg0923","fg0239","fg0212","fg0424","fg0315","fg0329","fg0149","fg0237","fg0479","fg0765","fg0059","fg0020","fg0393","fg0524","fg0007","fg0171","fg0399","fg0693","fg0079"
"fq000260","vx_6dd7e938a7ac423c","fg0058","1","fg0058","fg0923","fg0239","fg0212","fg0424","fg0315","fg0329","fg0149","fg0237","fg0765","fg0479","fg0020","fg0277","fg0171","fg0744","fg0393","fg0007","fg0399","fg0059","fg0564"
"fq000261","vx_6dd7e938a7ac423c","fg0058","1","fg0058","fg0923","fg0239","fg0424","fg0212","fg0315","fg0329","fg0765","fg0149","fg0479","fg0393","fg0237","fg0079","fg0399","fg0007","fg0171","fg0826","fg0693","fg0303","fg0744"
"fq000262","vx_6dd7e938a7ac423c","fg0058","1","fg0058","fg0923","fg0239","fg0212","fg0424","fg0315","fg0329","fg0149","fg0237","fg0393","fg0744","fg0308","fg0171","fg0059","fg0564","fg0277","fg0524","fg0765","fg0842","fg0488"
"fq000263","vx_6dd7e938a7ac423c","fg0058","1","fg0058","fg0239","fg0923","fg0212","fg0424","fg0315","fg0329","fg0479","fg0149","fg0007","fg0765","fg0093","fg0171","fg0020","fg0856","fg0237","fg0524","fg0828","fg0487","fg0744"
"fq000264","vx_6dd7e938a7ac423c","fg0058","1","fg0058","fg0923","fg0239","fg0424","fg0315","fg0329","fg0212","fg0237","fg0842","fg0744","fg0059","fg0171","fg0149","fg0765","fg0445","fg0393","fg0277","fg0334","fg0362","fg0303"
"fq000265","vx_6dd7e938a7ac423c","fg0058","1","fg0058","fg0239","fg0923","fg0424","fg0212","fg0329","fg0315","fg0479","fg0171","fg0765","fg0149","fg0362","fg0007","fg0399","fg0693","fg0856","fg0524","fg0826","fg0079","fg0308"
"fq000266","vx_6dd7e938a7ac423c","fg0058","1","fg0058","fg0239","fg0923","fg0424","fg0212","fg0329","fg0315","fg0479","fg0765","fg0399","fg0171","fg0149","fg0693","fg0524","fg0237","fg0362","fg0445","fg0564","fg0856","fg0842"
"fq000267","vx_6dd7e938a7ac423c","fg0058","1","fg0058","fg0212","fg0239","fg0424","fg0315","fg0329","fg0923","fg0479","fg0149","fg0399","fg0020","fg0765","fg0524","fg0171","fg0828","fg0007","fg0237","fg0445","fg0693","fg0079"
"fq000268","vx_6dd7e938a7ac423c","fg0058","1","fg0058","fg0923","fg0239","fg0424","fg0212","fg0315","fg0329","fg0149","fg0277","fg0308","fg0617","fg0237","fg0059","fg0744","fg0020","fg0693","fg0336","fg0828","fg0479","fg0524"
"fq000269","vx_6dd7e938a7ac423c","fg0058","1","fg0058","fg0424","fg0212","fg0239","fg0479","fg0990","fg0315","fg0149","fg0329","fg0765","fg0923","fg0007","fg0524","fg0093","fg0673","fg0828","fg0399","fg0079","fg0564","fg0171"
"fq000270","vx_6dd7e938a7ac423c","fg0058","1","fg0058","fg0239","fg0479","fg0212","fg0329","fg0765","fg0424","fg0315","fg0149","fg0923","fg0171","fg0399","fg0990","fg0291","fg0856","fg0093","fg0953","fg0445","fg0007","fg0020"
"fq000271","vx_6dd7e938a7ac423c","fg0058","1","fg0058","fg0923","fg0239","fg0424","fg0315","fg0212","fg0149","fg0329","fg0237","fg0308","fg0277","fg0393","fg0171","fg0765","fg0079","fg0744","fg0020","fg0637","fg0564","fg0733"
"fq000272","vx_6dd7e938a7ac423c","fg0058","1","fg0058","fg0923","fg0239","fg0424","fg0315","fg0212","fg0329","fg0149","fg0237","fg0479","fg0828","fg0277","fg0393","fg0765","fg0617","fg0171","fg0308","fg0362","fg0693","fg0079"
"fq000273","vx_6dd7e938a7ac423c","fg0058","1","fg0058","fg0923","fg0239","fg0212","fg0424","fg0315","fg0329","fg0149","fg0237","fg0393","fg0765","fg0171","fg0744","fg0059","fg0277","fg0308","fg0479","fg0007","fg0399","fg0079"
"fq000274","vx_6dd7e938a7ac423c","fg0058","1","fg0058","fg0239","fg0923","fg0212","fg0424","fg0315","fg0329","fg0765","fg0479","fg0399","fg0171","fg0007","fg0149","fg0524","fg0564","fg0565","fg0079","fg0764","fg0990","fg0020"
"fq000275","vx_6dd7e938a7ac423c","fg0058","1","fg0058","fg0212","fg0424","fg0239","fg0329","fg0990","fg0765","fg0479","fg0923","fg0953","fg0315","fg0769","fg0149","fg0399","fg0007","fg0093","fg0171","fg0174","fg0539","fg0291"
"fq000276","vx_6dd7e938a7ac423c","fg0058","1","fg0058","fg0923","fg0239","fg0212","fg0329","fg0424","fg0315","fg0149","fg0479","fg0765","fg0399","fg0171","fg0524","fg0856","fg0007","fg0020","fg0564","fg0303","fg0577","fg0336"
"fq000277","vx_6dd7e938a7ac423c","fg0058","1","fg0058","fg0923","fg0239","fg0315","fg0212","fg0424","fg0329","fg0765","fg0020","fg0149","fg0856","fg0007","fg0093","fg0479","fg0399","fg0171","fg0693","fg0828","fg0291","fg0524"
"fq000278","vx_3d3e6ff8eae3b800","fg0059","1","fg0059","fg0942","fg0397","fg0106","fg0647","fg0907","fg0843","fg0334","fg0211","fg0279","fg0312","fg0565","fg0146","fg0948","fg0657","fg0889","fg0371","fg0819","fg0039","fg0544"
"fq000279","vx_3d3e6ff8eae3b800","fg0059","1","fg0059","fg0942","fg0397","fg0647","fg0106","fg0843","fg0907","fg0211","fg0474","fg0811","fg0039","fg0657","fg0312","fg0565","fg0573","fg0367","fg0533","fg0279","fg0314","fg0475"
"fq000280","vx_3d3e6ff8eae3b800","fg0059","2","fg0942","fg0059","fg0811","fg0474","fg0397","fg0907","fg0421","fg0647","fg0843","fg0039","fg0533","fg0657","fg0007","fg0573","fg0740","fg0106","fg0211","fg0297","fg0411","fg0539"
"fq000281","vx_3d3e6ff8eae3b800","fg0059","1","fg0059","fg0942","fg0397","fg0647","fg0907","fg0843","fg0565","fg0211","fg0312","fg0106","fg0889","fg0544","fg0334","fg0657","fg0371","fg0367","fg0573","fg0819","fg0511","fg0279"
"fq000282","vx_5e66dddc13dfd640","fg0060","1","fg0060","fg0693","fg0682","fg0780","fg0999","fg0597","fg0119","fg0775","fg0152","fg0556","fg0247","fg0083","fg0206","fg0114","fg0828","fg0615","fg0320","fg0547","fg0095","fg0079"
"fq000283","vx_be21365851bd9590","fg0061","1","fg0061","fg0873","fg0148","fg0944","fg0364","fg0277","fg0982","fg0801","fg0733","fg0634","fg0826","fg0972","fg0953","fg0531","fg0516","fg0929","fg0858","fg0698","fg0605","fg0936"
"fq000284","vx_ab07adefb88a7166","fg0062","2","fg0087","fg0062","fg0918","fg0009","fg0770","fg0534","fg0174","fg0116","fg0385","fg0871","fg0176","fg0718","fg0581","fg0257","fg0725","fg0881","fg0326","fg0370","fg0478","fg0724"
"fq000285","vx_ab07adefb88a7166","fg0062","1","fg0062","fg0087","fg0918","fg0534","fg0176","fg0985","fg0009","fg0385","fg0257","fg0725","fg0478","fg0871","fg0370","fg0770","fg0785","fg0586","fg0174","fg0420","fg0326","fg0158"
"fq000286","vx_ab07adefb88a7166","fg0062","1","fg0062","fg0087","fg0918","fg0116","fg0881","fg0257","fg0564","fg0370","fg0460","fg0009","fg0798","fg0770","fg0174","fg0478","fg0242","fg0748","fg0622","fg0198","fg0834","fg0985"
"fq000287","vx_ab07adefb88a7166","fg0062","1","fg0062","fg0087","fg0918","fg0534","fg0009","fg0370","fg0385","fg0257","fg0871","fg0174","fg0798","fg0770","fg0119","fg0116","fg0985","fg0478","fg0881","fg0315","fg0725","fg0724"
"fq000288","vx_dd17759b61141f4f","fg0063","1","fg0063","fg0269","fg0516","fg0008","fg0900","fg0606","fg0054","fg0550","fg0209","fg0750","fg0048","fg0193","fg0369","fg0996","fg0656","fg0196","fg0728","fg0453","fg0703","fg0707"
"fq000289","vx_dd17759b61141f4f","fg0063","1","fg0063","fg0269","fg0008","fg0606","fg0900","fg0550","fg0598","fg0750","fg0850","fg0965","fg0694","fg0453","fg0516","fg0775","fg0428","fg0996","fg0703","fg0048","fg0358","fg0634"
"fq000290","vx_dd17759b61141f4f","fg0063","1","fg0063","fg0269","fg0900","fg0606","fg0750","fg0008","fg0598","fg0550","fg0996","fg0516","fg0696","fg0965","fg0209","fg0428","fg0850","fg0694","fg0703","fg0193","fg0358","fg0412"
"fq000291","vx_5a87b03022e36ffe","fg0064","1","fg0064","fg0836","fg0346","fg0137","fg0254","fg0557","fg0902","fg0540","fg0766","fg0613","fg0691","fg0979","fg0459","fg0406","fg0044","fg0094","fg0574","fg0405","fg0489","fg0014"
"fq000292","vx_c8d329b8d9a77d7f","fg0065","1","fg0065","fg0984","fg0534","fg0409","fg0770","fg0686","fg0734","fg0733","fg0634","fg0098","fg0166","fg0724","fg0622","fg0295","fg0766","fg0071","fg0782","fg0389","fg0723","fg0821"
"fq000293","vx_c8d329b8d9a77d7f","fg0065","1","fg0065","fg0984","fg0686","fg0734","fg0409","fg0622","fg0534","fg0166","fg0733","fg0723","fg0056","fg0389","fg0770","fg0782","fg0634","fg0313","fg0295","fg0116","fg0278","fg0071"
"fq000294","vx_c8d329b8d9a77d7f","fg0065","1","fg0065","fg0984","fg0686","fg0534","fg0734","fg0409","fg0733","fg0098","fg0295","fg0770","fg0166","fg0782","fg0622","fg0634","fg0732","fg0389","fg0821","fg0766","fg0071","fg0056"
"fq000295","vx_c8d329b8d9a77d7f","fg0065","1","fg0065","fg0984","fg0409","fg0534","fg0770","fg0686","fg0734","fg0733","fg0724","fg0166","fg0634","fg0389","fg0782","fg0098","fg0766","fg0622","fg0821","fg0071","fg0116","fg0281"
"fq000296","vx_c8d329b8d9a77d7f","fg0065","1","fg0065","fg0984","fg0686","fg0770","fg0734","fg0534","fg0166","fg0733","fg0409","fg0389","fg0634","fg0622","fg0724","fg0295","fg0723","fg0458","fg0782","fg0281","fg0098","fg0813"
"fq000297","vx_c8d329b8d9a77d7f","fg0065","1","fg0065","fg0984","fg0686","fg0734","fg0534","fg0770","fg0409","fg0295","fg0733","fg0622","fg0166","fg0389","fg0634","fg0056","fg0098","fg0782","fg0766","fg0724","fg0116","fg0723"
"fq000298","vx_c8d329b8d9a77d7f","fg0065","1","fg0065","fg0984","fg0686","fg0734","fg0409","fg0770","fg0389","fg0534","fg0733","fg0724","fg0166","fg0634","fg0612","fg0622","fg0732","fg0281","fg0098","fg0454","fg0415","fg0782"
"fq000299","vx_c8d329b8d9a77d7f","fg0065","1","fg0065","fg0984","fg0770","fg0409","fg0686","fg0734","fg0534","fg0389","fg0166","fg0733","fg0724","fg0622","fg0634","fg0766","fg0281","fg0732","fg0723","fg0071","fg0813","fg0098"
"fq000300","vx_c8d329b8d9a77d7f","fg0065","1","fg0065","fg0984","fg0734","fg0686","fg0409","fg0166","fg0770","fg0622","fg0534","fg0782","fg0733","fg0389","fg0634","fg0071","fg0724","fg0098","fg0766","fg0723","fg0253","fg0821"
"fq000301","vx_c8d329b8d9a77d7f","fg0065","1","fg0065","fg0984","fg0686","fg0734","fg0409","fg0770","fg0733","fg0534","fg0166","fg0724","fg0634","fg0389","fg0098","fg0622","fg0732","fg0281","fg0116","fg0766","fg0821","fg0782"
"fq000302","vx_c8d329b8d9a77d7f","fg0065","1","fg0065","fg0984","fg0686","fg0734","fg0770","fg0409","fg0733","fg0534","fg0166","fg0389","fg0724","fg0723","fg0813","fg0612","fg0217","fg0622","fg0634","fg0116","fg0458","fg0732"
"fq000303","vx_c8d329b8d9a77d7f","fg0065","1","fg0065","fg0984","fg0770","fg0686","fg0409","fg0732","fg0734","fg0098","fg0634","fg0534","fg0458","fg0295","fg0724","fg0723","fg0733","fg0041","fg0281","fg0782","fg0166","fg0071"
"fq000304","vx_c8d329b8d9a77d7f","fg0065","1","fg0065","fg0984","fg0686","fg0534","fg0734","fg0409","fg0770","fg0733","fg0166","fg0295","fg0389","fg0634","fg0782","fg0622","fg0098","fg0821","fg0724","fg0766","fg0732","fg0116"
"fq000305","vx_c8d329b8d9a77d7f","fg0065","1","fg0065","fg0984","fg0686","fg0734","fg0770","fg0534","fg0733","fg0409","fg0634","fg0166","fg0295","fg0098","fg0724","fg0389","fg0723","fg0622","fg0766","fg0281","fg0116","fg0732"
"fq000306","vx_c8d329b8d9a77d7f","fg0065","1","fg0065","fg0984","fg0686","fg0770","fg0409","fg0734","fg0534","fg0733","fg0166","fg0634","fg0098","fg0281","fg0389","fg0724","fg0622","fg0295","fg0723","fg0766","fg0782","fg0116"
"fq000307","vx_c8d329b8d9a77d7f","fg0065","1","fg0065","fg0984","fg0733","fg0686","fg0734","fg0409","fg0770","fg0166","fg0534","fg0724","fg0389","fg0634","fg0098","fg0622","fg0766","fg0782","fg0281","fg0612","fg0813","fg0071"
"fq000308","vx_c8d329b8d9a77d7f","fg0065","1","fg0065","fg0984","fg0686","fg0734","fg0534","fg0166","fg0409","fg0770","fg0622","fg0389","fg0733","fg0724","fg0723","fg0782","fg0612","fg0071","fg0634","fg0732","fg0278","fg0766"
"fq000309","vx_c8d329b8d9a77d7f","fg0065","1","fg0065","fg0984","fg0686","fg0409","fg0734","fg0534","fg0770","fg0733","fg0166","fg0389","fg0098","fg0634","fg0724","fg0295","fg0766","fg0622","fg0732","fg0782","fg0821","fg0723"
"fq000310","vx_c8d329b8d9a77d7f","fg0065","1","fg0065","fg0984","fg0686","fg0770","fg0409","fg0734","fg0534","fg0733","fg0166","fg0389","fg0098","fg0634","fg0622","fg0724","fg0766","fg0782","fg0295","fg0732","fg0281","fg0821"
"fq000311","vx_c8d329b8d9a77d7f","fg0065","1","fg0065","fg0984","fg0686","fg0770","fg0734","fg0733","fg0409","fg0634","fg0534","fg0724","fg0166","fg0098","fg0281","fg0782","fg0622","fg0389","fg0295","fg0071","fg0766","fg0821"
"fq000312","vx_c8d329b8d9a77d7f","fg0065","1","fg0065","fg0984","fg0686","fg0734","fg0770","fg0534","fg0409","fg0733","fg0098","fg0634","fg0166","fg0724","fg0732","fg0389","fg0281","fg0622","fg0829","fg0782","fg0071","fg0041"
"fq000313","vx_c8d329b8d9a77d7f","fg0065","1","fg0065","fg0984","fg0686","fg0409","fg0770","fg0734","fg0534","fg0724","fg0733","fg0634","fg0166","fg0098","fg0281","fg0389","fg0458","fg0071","fg0766","fg0732","fg0723","fg0295"
"fq000314","vx_c8d329b8d9a77d7f","fg0065","1","fg0065","fg0984","fg0534","fg0686","fg0770","fg0409","fg0733","fg0734","fg0295","fg0766","fg0098","fg0782","fg0166","fg0389","fg0554","fg0622","fg0821","fg0724","fg0634","fg0071"
"fq000315","vx_c8d329b8d9a77d7f","fg0065","1","fg0065","fg0984","fg0686","fg0734","fg0409","fg0770","fg0166","fg0634","fg0733","fg0534","fg0098","fg0389","fg0723","fg0724","fg0281","fg0732","fg0622","fg0295","fg0071","fg0116"
"fq000316","vx_c8d329b8d9a77d7f","fg0065","1","fg0065","fg0984","fg0770","fg0534","fg0409","fg0686","fg0634","fg0734","fg0733","fg0098","fg0724","fg0071","fg0281","fg0821","fg0389","fg0813","fg0766","fg0295","fg0041","fg0166"
"fq000317","vx_c8d329b8d9a77d7f","fg0065","1","fg0065","fg0984","fg0409","fg0534","fg0166","fg0770","fg0686","fg0733","fg0622","fg0734","fg0766","fg0389","fg0634","fg0116","fg0098","fg0724","fg0295","fg0056","fg0071","fg0782"
"fq000318","vx_c8d329b8d9a77d7f","fg0065","1","fg0065","fg0984","fg0686","fg0734","fg0409","fg0622","fg0770","fg0733","fg0166","fg0534","fg0634","fg0723","fg0782","fg0389","fg0724","fg0295","fg0071","fg0391","fg0098","fg0116"
"fq000319","vx_c8d329b8d9a77d7f","fg0065","1","fg0065","fg0984","fg0686","fg0734","fg0534","fg0770","fg0409","fg0733","fg0166","fg0389","fg0634","fg0622","fg0723","fg0724","fg0732","fg0098","fg0295","fg0782","fg0766","fg0056"
"fq000320","vx_c8d329b8d9a77d7f","fg0065","1","fg0065","fg0984","fg0686","fg0734","fg0409","fg0770","fg0166","fg0733","fg0534","fg0724","fg0389","fg0634","fg0281","fg0723","fg0622","fg0782","fg0098","fg0732","fg0766","fg0116"
"fq000321","vx_c8d329b8d9a77d7f","fg0065","1","fg0065","fg0984","fg0534","fg0770","fg0686","fg0734","fg0409","fg0098","fg0733","fg0634","fg0071","fg0724","fg0732","fg0458","fg0295","fg0723","fg0766","fg0166","fg0821","fg0041"
"fq000322","vx_c8d329b8d9a77d7f","fg0065","1","fg0065","fg0984","fg0686","fg0770","fg0409","fg0534","fg0734","fg0389","fg0733","fg0166","fg0724","fg0622","fg0813","fg0295","fg0766","fg0723","fg0056","fg0098","fg0634","fg0732"
"fq000323","vx_c8d329b8d9a77d7f","fg0065","1","fg0065","fg0984","fg0686","fg0409","fg0770","fg0734","fg0534","fg0098","fg0733","fg0634","fg0732","fg0166","fg0389","fg0724","fg0723","fg0612","fg0281","fg0782","fg0622","fg0813"
"fq000324","vx_c8d329b8d9a77d7f","fg0065","1","fg0065","fg0984","fg0686","fg0734","fg0409","fg0534","fg0770","fg0733","fg0634","fg0389","fg0098","fg0166","fg0295","fg0732","fg0723","fg0766","fg0782","fg0071","fg0724","fg0821"
"fq000325","vx_c8d329b8d9a77d7f","fg0065","1","fg0065","fg0984","fg0686","fg0770","fg0734","fg0534","fg0409","fg0733","fg0098","fg0634","fg0732","fg0389","fg0166","fg0724","fg0071","fg0782","fg0622","fg0821","fg0281","fg0766"
"fq000326","vx_c8d329b8d9a77d7f","fg0065","1","fg0065","fg0984","fg0686","fg0734","fg0622","fg0409","fg0166","fg0733","fg0534","fg0770","fg0389","fg0724","fg0723","fg0782","fg0634","fg0071","fg0391","fg0313","fg0253","fg0766"
"fq000327","vx_c8d329b8d9a77d7f","fg0065","1","fg0065","fg0984","fg0686","fg0534","fg0770","fg0389","fg0409","fg0166","fg0723","fg0612","fg0733","fg0734","fg0724","fg0458","fg0813","fg0914","fg0217","fg0622","fg0496","fg0732"
"fq000328","vx_c8d329b8d9a77d7f","fg0065","1","fg0065","fg0984","fg0686","fg0734","fg0733","fg0409","fg0166","fg0534","fg0770","fg0723","fg0389","fg0622","fg0634","fg0782","fg0724","fg0766","fg0116","fg0071","fg0732","fg0391"
"fq000329","vx_c8d329b8d9a77d7f","fg0065","1","fg0065","fg0984","fg0686","fg0770","fg0734","fg0534","fg0733","fg0409","fg0166","fg0724","fg0634","fg0389","fg0281","fg0098","fg0622","fg0766","fg0723","fg0782","fg0071","fg0612"
"fq000330","vx_c8d329b8d9a77d7f","fg0065","1","fg0065","fg0984","fg0770","fg0686","fg0534","fg0734","fg0634","fg0098","fg0409","fg0071","fg0724","fg0733","fg0281","fg0295","fg0732","fg0723","fg0821","fg0782","fg0166","fg0041"
"fq000331","vx_c8d329b8d9a77d7f","fg0065","1","fg0065","fg0984","fg0770","fg0534","fg0634","fg0409","fg0734","fg0686","fg0098","fg0733","fg0071","fg0724","fg0295","fg0766","fg0281","fg0732","fg0166","fg0821","fg0116","fg0723"
"fq000332","vx_c8d329b8d9a77d7f","fg0065","1","fg0065","fg0984","fg0409","fg0770","fg0166","fg0534","fg0634","fg0734","fg0733","fg0098","fg0686","fg0295","fg0766","fg0724","fg0389","fg0116","fg0071","fg0281","fg0622","fg0821"
"fq000333","vx_c8d329b8d9a77d7f","fg0065","1","fg0065","fg0984","fg0686","fg0734","fg0622","fg0166","fg0770","fg0409","fg0733","fg0534","fg0389","fg0724","fg0723","fg0782","fg0634","fg0766","fg0391","fg0253","fg0071","fg0116"
"fq000334","vx_c8d329b8d9a77d7f","fg0065","1","fg0065","fg0984","fg0686","fg0534","fg0734","fg0409","fg0770","fg0098","fg0733","fg0634","fg0782","fg0166","fg0295","fg0732","fg0622","fg0724","fg0821","fg0389","fg0071","fg0723"
"fq000335","vx_c8d329b8d9a77d7f","fg0065","1","fg0065","fg0984","fg0409","fg0686","fg0770","fg0534","fg0734","fg0098","fg0733","fg0724","fg0166","fg0634","fg0389","fg0766","fg0732","fg0782","fg0071","fg0295","fg0281","fg0622"
"fq000336","vx_c8d329b8d9a77d7f","fg0065","1","fg0065","fg0984","fg0686","fg0734","fg0622","fg0733","fg0166","fg0409","fg0534","fg0770","fg0389","fg0782","fg0724","fg0634","fg0723","fg0295","fg0766","fg0281","fg0821","fg0278"
"fq000337","vx_c8d329b8d9a77d7f","fg0065","1","fg0065","fg0984","fg0734","fg0686","fg0770","fg0409","fg0166","fg0733","fg0389","fg0724","fg0634","fg0534","fg0723","fg0071","fg0281","fg0732","fg0622","fg0116","fg0782","fg0766"
"fq000338","vx_c8d329b8d9a77d7f","fg0065","1","fg0065","fg0984","fg0686","fg0770","fg0734","fg0733","fg0409","fg0534","fg0098","fg0166","fg0634","fg0732","fg0766","fg0724","fg0622","fg0281","fg0389","fg0782","fg0116","fg0723"
"fq000339","vx_c8d329b8d9a77d7f","fg0065","1","fg0065","fg0984","fg0686","fg0734","fg0534","fg0733","fg0770","fg0409","fg0782","fg0166","fg0295","fg0622","fg0634","fg0389","fg0098","fg0056","fg0724","fg0723","fg0821","fg0766"
"fq000340","vx_c8d329b8d9a77d7f","fg0065","1","fg0065","fg0984","fg0770","fg0686","fg0534","fg0733","fg0166","fg0409","fg0734","fg0724","fg0634","fg0766","fg0295","fg0281","fg0389","fg0622","fg0782","fg0098","fg0723","fg0458"
"fq000341","vx_c8d329b8d9a77d7f","fg0065","1","fg0065","fg0984","fg0733","fg0686","fg0734","fg0622","fg0389","fg0770","fg0295","fg0166","fg0534","fg0409","fg0315","fg0155","fg0829","fg0116","fg0071","fg0821","fg0634","fg0782"
"fq000342","vx_c8d329b8d9a77d7f","fg0065","1","fg0065","fg0984","fg0686","fg0734","fg0166","fg0409","fg0534","fg0770","fg0622","fg0634","fg0733","fg0724","fg0782","fg0389","fg0295","fg0098","fg0281","fg0253","fg0723","fg0732"
"fq000343","vx_c8d329b8d9a77d7f","fg0065","1","fg0065","fg0984","fg0534","fg0770","fg0686","fg0634","fg0734","fg0409","fg0733","fg0098","fg0724","fg0071","fg0295","fg0821","fg0281","fg0041","fg0612","fg0458","fg0766","fg0166"
"fq000344","vx_c8d329b8d9a77d7f","fg0065","1","fg0065","fg0984","fg0686","fg0770","fg0534","fg0734","fg0409","fg0098","fg0634","fg0733","fg0166","fg0389","fg0295","fg0281","fg0724","fg0732","fg0723","fg0071","fg0782","fg0622"
"fq000345","vx_9a596b183b88f0ba","fg0066","1","fg0066","fg0678","fg0737","fg0502","fg0836","fg0563","fg0682","fg0299","fg0921","fg0489","fg0345","fg0758","fg0719","fg0561","fg0828","fg0968","fg0508","fg0948","fg0649","fg0799"
"fq000346","vx_9a596b183b88f0ba","fg0066","1","fg0066","fg0508","fg0127","fg0111","fg0563","fg0756","fg0235","fg0038","fg0928","fg0668","fg0011","fg0280","fg0964","fg0935","fg0325","fg0199","fg0610","fg0968","fg0615","fg0828"
"fq000347","vx_9a596b183b88f0ba","fg0066","1","fg0066","fg0508","fg0836","fg0563","fg0737","fg0127","fg0756","fg0678","fg0102","fg0802","fg0235","fg0020","fg0921","fg0346","fg0619","fg0828","fg0502","fg0225","fg0405","fg0325"
"fq000348","vx_64db29bf79573cc2","fg0067","1","fg0067","fg0350","fg0907","fg0438","fg0916","fg0131","fg0145","fg0790","fg0843","fg0009","fg0211","fg0397","fg0982","fg0112","fg0811","fg0803","fg0137","fg0836","fg0039","fg0106"
"fq000349","vx_64db29bf79573cc2","fg0067","1","fg0067","fg0803","fg0818","fg0907","fg0790","fg0131","fg0881","fg0020","fg0916","fg0300","fg0391","fg0009","fg0811","fg0427","fg0913","fg0255","fg0116","fg0039","fg0941","fg0030"
"fq000350","vx_64db29bf79573cc2","fg0067","1","fg0067","fg0109","fg0907","fg0009","fg0350","fg0790","fg0397","fg0593","fg0106","fg0039","fg0913","fg0843","fg0211","fg0137","fg0803","fg0916","fg0112","fg0122","fg0982","fg0836"
"fq000351","vx_64db29bf79573cc2","fg0067","1","fg0067","fg0907","fg0009","fg0350","fg0790","fg0843","fg0391","fg0020","fg0211","fg0699","fg0397","fg0232","fg0109","fg0438","fg0340","fg0818","fg0593","fg0170","fg0261","fg0106"
"fq000352","vx_64db29bf79573cc2","fg0067","1","fg0067","fg0803","fg0907","fg0131","fg0790","fg0391","fg0020","fg0699","fg0009","fg0593","fg0916","fg0350","fg0211","fg0913","fg0109","fg0637","fg0138","fg0404","fg0843","fg0436"
"fq000353","vx_64db29bf79573cc2","fg0067","1","fg0067","fg0350","fg0211","fg0907","fg0790","fg0843","fg0397","fg0438","fg0106","fg0039","fg0811","fg0131","fg0941","fg0916","fg0803","fg0593","fg0137","fg0112","fg0145","fg0030"
"fq000354","vx_64db29bf79573cc2","fg0067","1","fg0067","fg0350","fg0907","fg0916","fg0131","fg0438","fg0843","fg0790","fg0145","fg0009","fg0211","fg0397","fg0982","fg0112","fg0811","fg0803","fg0137","fg0836","fg0039","fg0106"
"fq000355","vx_64db29bf79573cc2","fg0067","1","fg0067","fg0340","fg0907","fg0145","fg0112","fg0391","fg0790","fg0106","fg0332","fg0020","fg0593","fg0843","fg0350","fg0766","fg0920","fg0211","fg0699","fg0170","fg0175","fg0916"
"fq000356","vx_e8629e0cef8d1ad1","fg0068","1","fg0068","fg0305","fg0594","fg0385","fg0710","fg0358","fg0335","fg0881","fg0341","fg0916","fg0494","fg0708","fg0974","fg0198","fg0084","fg0379","fg0482","fg0855","fg0892","fg0453"
"fq000357","vx_5d68590dff658b3c","fg0069","1","fg0069","fg0813","fg0190","fg0096","fg0930","fg0276","fg0423","fg0937","fg0210","fg0086","fg0607","fg0994","fg0483","fg0135","fg0029","fg0945","fg0652","fg0471","fg0603","fg0735"
"fq000358","vx_5d68590dff658b3c","fg0069","1","fg0069","fg0190","fg0813","fg0735","fg0930","fg0249","fg0382","fg0522","fg0825","fg0994","fg0722","fg0248","fg0471","fg0603","fg0147","fg0938","fg0607","fg0483","fg0945","fg0889"
"fq000359","vx_73e84c62615cf115","fg0070","1","fg0070","fg0510","fg0878","fg0735","fg0006","fg0772","fg0481","fg0938","fg0374","fg0642","fg0050","fg0190","fg0629","fg0898","fg0978","fg0541","fg0767","fg0859","fg0366","fg0660"
"fq000360","vx_73e84c62615cf115","fg0070","1","fg0070","fg0510","fg0509","fg0878","fg0374","fg0366","fg0735","fg0898","fg0767","fg0938","fg0481","fg0541","fg0069","fg0629","fg0803","fg0708","fg0901","fg0623","fg0870","fg0271"
"fq000361","vx_73e84c62615cf115","fg0070","1","fg0070","fg0510","fg0878","fg0735","fg0898","fg0749","fg0006","fg0772","fg0050","fg0481","fg0938","fg0321","fg0509","fg0629","fg0069","fg0366","fg0767","fg0374","fg0190","fg0056"
"fq000362","vx_73e84c62615cf115","fg0070","1","fg0070","fg0510","fg0735","fg0374","fg0509","fg0878","fg0629","fg0538","fg0638","fg0767","fg0978","fg0938","fg0803","fg0660","fg0772","fg0395","fg0898","fg0623","fg0956","fg0069"
"fq000363","vx_5bad01e92f5ce422","fg0071","1","fg0071","fg0723","fg0155","fg0569","fg0278","fg0496","fg0936","fg0768","fg0734","fg0159","fg0214","fg0824","fg0275","fg0600","fg0397","fg0347","fg0140","fg0778","fg0172","fg0656"
"fq000364","vx_5bad01e92f5ce422","fg0071","1","fg0071","fg0768","fg0824","fg0155","fg0140","fg0214","fg0569","fg0159","fg0936","fg0734","fg0778","fg0723","fg0397","fg0270","fg0347","fg0207","fg0278","fg0641","fg0525","fg0162"
"fq000365","vx_9c51cdf21b9bcc40","fg0072","1","fg0072","fg0786","fg0949","fg0008","fg0641","fg0775","fg0454","fg0626","fg0581","fg0750","fg0680","fg0516","fg0961","fg0209","fg0158","fg0137","fg0541","fg0845","fg0357","fg0105"
"fq000366","vx_9c51cdf21b9bcc40","fg0072","1","fg0072","fg0775","fg0786","fg0008","fg0626","fg0516","fg0137","fg0541","fg0454","fg0680","fg0750","fg0641","fg0961","fg0105","fg0949","fg0581","fg0731","fg0615","fg0996","fg0836"
"fq000367","vx_9c51cdf21b9bcc40","fg0072","1","fg0072","fg0786","fg0949","fg0454","fg0641","fg0209","fg0775","fg0961","fg0626","fg0008","fg0457","fg0541","fg0581","fg0750","fg0516","fg0680","fg0845","fg0105","fg0216","fg0155"
"fq000368","vx_9c51cdf21b9bcc40","fg0072","1","fg0072","fg0786","fg0775","fg0949","fg0641","fg0541","fg0750","fg0626","fg0008","fg0961","fg0996","fg0454","fg0144","fg0105","fg0615","fg0516","fg0160","fg0432","fg0457","fg0044"
"fq000369","vx_f08bc5a8ce5b48d6","fg0073","1","fg0073","fg0568","fg0937","fg0839","fg0393","fg0274","fg0846","fg0792","fg0360","fg0153","fg0927","fg0022","fg0569","fg0402","fg0513","fg0906","fg0758","fg0969","fg0455","fg0790"
"fq000370","vx_05e7b6f00cb33be9","fg0074","1","fg0074","fg0800","fg0308","fg0415","fg0212","fg0456","fg0418","fg0776","fg0374","fg0222","fg0004","fg0101","fg0125","fg0301","fg0031","fg0016","fg0009","fg0079","fg0175","fg0892"
"fq000371","vx_b6b3e47aa51b2371","fg0075","1","fg0075","fg0735","fg0270","fg0225","fg0236","fg0681","fg0459","fg0190","fg0382","fg0638","fg0722","fg0050","fg0182","fg0719","fg0749","fg0978","fg0922","fg0300","fg0469","fg0395"
"fq000372","vx_b6b3e47aa51b2371","fg0075","1","fg0075","fg0236","fg0735","fg0121","fg0270","fg0681","fg0794","fg0459","fg0182","fg0915","fg0922","fg0894","fg0006","fg0242","fg0225","fg0697","fg0189","fg0749","fg0041","fg0395"
"fq000373","vx_b6b3e47aa51b2371","fg0075","1","fg0075","fg0236","fg0681","fg0735","fg0459","fg0121","fg0182","fg0189","fg0813","fg0270","fg0190","fg0237","fg0615","fg0894","fg0697","fg0041","fg0794","fg0225","fg0006","fg0069"
"fq000374","vx_b6b3e47aa51b2371","fg0075","1","fg0075","fg0236","fg0041","fg0681","fg0735","fg0237","fg0189","fg0121","fg0459","fg0915","fg0697","fg0270","fg0978","fg0182","fg0615","fg0050","fg0100","fg0782","fg0894","fg0905"
"fq000375","vx_b6b3e47aa51b2371","fg0075","1","fg0075","fg0735","fg0270","fg0236","fg0182","fg0225","fg0262","fg0922","fg0749","fg0681","fg0794","fg0638","fg0627","fg0834","fg0300","fg0406","fg0121","fg0190","fg0523","fg0152"
"fq000376","vx_b6b3e47aa51b2371","fg0075","1","fg0075","fg0236","fg0681","fg0237","fg0041","fg0189","fg0459","fg0121","fg0735","fg0915","fg0615","fg0697","fg0182","fg0523","fg0270","fg0006","fg0813","fg0100","fg0782","fg0576"
"fq000377","vx_b6b3e47aa51b2371","fg0075","1","fg0075","fg0236","fg0121","fg0681","fg0735","fg0459","fg0189","fg0894","fg0006","fg0225","fg0182","fg0697","fg0270","fg0523","fg0615","fg0915","fg0983","fg0041","fg0190","fg0406"
"fq000378","vx_b6b3e47aa51b2371","fg0075","1","fg0075","fg0735","fg0270","fg0681","fg0236","fg0190","fg0922","fg0749","fg0121","fg0459","fg0182","fg0262","fg0041","fg0813","fg0894","fg0050","fg0794","fg0607","fg0697","fg0834"
"fq000379","vx_34db91f4c2e6d37a","fg0076","1","fg0076","fg0311","fg0901","fg0705","fg0339","fg0247","fg0581","fg0827","fg0870","fg0289","fg0623","fg0708","fg0777","fg0449","fg0949","fg0586","fg0480","fg0481","fg0752","fg0853"
"fq000380","vx_34db91f4c2e6d37a","fg0076","1","fg0076","fg0247","fg0311","fg0289","fg0451","fg0901","fg0827","fg0705","fg0581","fg0623","fg0178","fg0763","fg0881","fg0087","fg0777","fg0480","fg0871","fg0916","fg0885","fg0914"
"fq000381","vx_34db91f4c2e6d37a","fg0076","1","fg0076","fg0289","fg0901","fg0451","fg0247","fg0827","fg0311","fg0763","fg0623","fg0422","fg0885","fg0487","fg0795","fg0637","fg0739","fg0705","fg0533","fg0115","fg0178","fg0480"
"fq000382","vx_34db91f4c2e6d37a","fg0076","1","fg0076","fg0247","fg0289","fg0451","fg0901","fg0705","fg0885","fg0827","fg0763","fg0623","fg0311","fg0637","fg0487","fg0997","fg0485","fg0533","fg0795","fg0704","fg0527","fg0422"
"fq000383","vx_34db91f4c2e6d37a","fg0076","1","fg0076","fg0311","fg0705","fg0901","fg0708","fg0339","fg0581","fg0481","fg0870","fg0916","fg0247","fg0827","fg0158","fg0744","fg0623","fg0586","fg0416","fg0738","fg0704","fg0553"
"fq000384","vx_34db91f4c2e6d37a","fg0076","1","fg0076","fg0247","fg0289","fg0451","fg0827","fg0885","fg0527","fg0795","fg0901","fg0879","fg0623","fg0311","fg0918","fg0178","fg0487","fg0422","fg0582","fg0705","fg0480","fg0763"
"fq000385","vx_34db91f4c2e6d37a","fg0076","1","fg0076","fg0451","fg0247","fg0289","fg0827","fg0623","fg0311","fg0901","fg0705","fg0885","fg0795","fg0527","fg0763","fg0911","fg0546","fg0898","fg0637","fg0422","fg0178","fg0581"
"fq000386","vx_34db91f4c2e6d37a","fg0076","1","fg0076","fg0451","fg0289","fg0827","fg0247","fg0311","fg0901","fg0911","fg0623","fg0795","fg0401","fg0527","fg0020","fg0581","fg0705","fg0885","fg0763","fg0777","fg0178","fg0449"
"fq000387","vx_34db91f4c2e6d37a","fg0076","1","fg0076","fg0901","fg0247","fg0311","fg0289","fg0451","fg0827","fg0623","fg0581","fg0705","fg0885","fg0480","fg0527","fg0422","fg0115","fg0795","fg0449","fg0178","fg0916","fg0363"
"fq000388","vx_34db91f4c2e6d37a","fg0076","1","fg0076","fg0451","fg0289","fg0247","fg0879","fg0485","fg0115","fg0901","fg0885","fg0827","fg0623","fg0422","fg0311","fg0377","fg0052","fg0527","fg0449","fg0899","fg0294","fg0997"
"fq000389","vx_34db91f4c2e6d37a","fg0076","1","fg0076","fg0311","fg0705","fg0708","fg0901","fg0581","fg0481","fg0827","fg0916","fg0586","fg0870","fg0738","fg0339","fg0055","fg0416","fg0247","fg0123","fg0363","fg0871","fg0752"
"fq000390","vx_34db91f4c2e6d37a","fg0076","1","fg0076","fg0247","fg0901","fg0311","fg0289","fg0451","fg0705","fg0827","fg0763","fg0581","fg0623","fg0422","fg0480","fg0739","fg0885","fg0637","fg0777","fg0388","fg0546","fg0449"
"fq000391","vx_34db91f4c2e6d37a","fg0076","1","fg0076","fg0901","fg0451","fg0247","fg0289","fg0311","fg0827","fg0795","fg0623","fg0885","fg0763","fg0911","fg0422","fg0449","fg0705","fg0480","fg0115","fg0581","fg0377","fg0739"
"fq000392","vx_34db91f4c2e6d37a","fg0076","1","fg0076","fg0451","fg0247","fg0289","fg0827","fg0901","fg0795","fg0623","fg0581","fg0911","fg0879","fg0898","fg0311","fg0401","fg0527","fg0899","fg0997","fg0485","fg0885","fg0763"
"fq000393","vx_5a806020bbb23d67","fg0077","1","fg0077","fg0899","fg0773","fg0647","fg0740","fg0538","fg0638","fg0566","fg0781","fg0956","fg0557","fg0994","fg0404","fg0756","fg0784","fg0604","fg0967","fg0372","fg0522","fg0084"
"fq000394","vx_b5d3a8c5e187b980","fg0078","1","fg0078","fg0147","fg0710","fg0084","fg0249","fg0203","fg0973","fg0666","fg0889","fg0350","fg0399","fg0227","fg0712","fg0593","fg0025","fg0869","fg0813","fg0624","fg0069","fg0397"
"fq000395","vx_b5d3a8c5e187b980","fg0078","1","fg0078","fg0147","fg0249","fg0666","fg0227","fg0889","fg0084","fg0500","fg0710","fg0522","fg0894","fg0350","fg0399","fg0671","fg0593","fg0203","fg0973","fg0319","fg0869","fg0250"
"fq000396","vx_b5d3a8c5e187b980","fg0078","1","fg0078","fg0350","fg0147","fg0203","fg0084","fg0249","fg0710","fg0973","fg0025","fg0712","fg0666","fg0889","fg0593","fg0937","fg0718","fg0227","fg0399","fg0907","fg0671","fg0069"
"fq000397","vx_0e82dc4a2cee5420","fg0079","1","fg0079","fg0969","fg0806","fg0248","fg0839","fg0233","fg0585","fg0051","fg0635","fg0826","fg0690","fg0999","fg0910","fg0060","fg0785","fg0972","fg0923","fg0205","fg0022","fg0336"
"fq000398","vx_0e82dc4a2cee5420","fg0079","1","fg0079","fg0969","fg0910","fg0806","fg0585","fg0839","fg0233","fg0336","fg0635","fg0248","fg0999","fg0826","fg0923","fg0060","fg0022","fg0955","fg0943","fg0972","fg0785","fg0051"
"fq000399","vx_0e82dc4a2cee5420","fg0079","1","fg0079","fg0969","fg0336","fg0955","fg0718","fg0806","fg0524","fg0839","fg0060","fg0635","fg0585","fg0233","fg0923","fg0315","fg0968","fg0785","fg0725","fg0826","fg0690","fg0597"
"fq000400","vx_0e82dc4a2cee5420","fg0079","1","fg0079","fg0969","fg0718","fg0060","fg0585","fg0336","fg0524","fg0725","fg0999","fg0770","fg0955","fg0315","fg0826","fg0972","fg0910","fg0755","fg0154","fg0597","fg0714","fg0785"
"fq000401","vx_0e82dc4a2cee5420","fg0079","1","fg0079","fg0969","fg0806","fg0839","fg0635","fg0233","fg0585","fg0056","fg0336","fg0999","fg0972","fg0690","fg0022","fg0814","fg0910","fg0315","fg0248","fg0955","fg0406","fg0060"
"fq000402","vx_26e242d9ec2d1897","fg0080","1","fg0080","fg0839","fg0937","fg0656","fg0601","fg0119","fg0531","fg0069","fg0127","fg0724","fg0801","fg0987","fg0508","fg0858","fg0049","fg0462","fg0382","fg0610","fg0711","fg0017"
"fq000403","vx_26e242d9ec2d1897","fg0080","1","fg0080","fg0601","fg0531","fg0839","fg0127","fg0069","fg0937","fg0656","fg0801","fg0903","fg0360","fg0017","fg0119","fg0462","fg0096","fg0822","fg0508","fg0166","fg0987","fg0724"
"fq000404","vx_26e242d9ec2d1897","fg0080","1","fg0080","fg0601","fg0839","fg0531","fg0656","fg0937","fg0069","fg0127","fg0017","fg0903","fg0801","fg0987","fg0724","fg0360","fg0119","fg0508","fg0462","fg0822","fg0964","fg0610"
"fq000405","vx_26e242d9ec2d1897","fg0080","1","fg0080","fg0937","fg0601","fg0801","fg0531","fg0462","fg0656","fg0839","fg0127","fg0724","fg0119","fg0069","fg0360","fg0166","fg0017","fg0903","fg0987","fg0447","fg0822","fg0849"
"fq000406","vx_26e242d9ec2d1897","fg0080","1","fg0080","fg0601","fg0531","fg0069","fg0839","fg0656","fg0903","fg0127","fg0937","fg0017","fg0987","fg0801","fg0447","fg0462","fg0508","fg0119","fg0724","fg0711","fg0822","fg0849"
"fq000407","vx_26e242d9ec2d1897","fg0080","1","fg0080","fg0937","fg0839","fg0801","fg0601","fg0127","fg0531","fg0656","fg0360","fg0462","fg0119","fg0964","fg0069","fg0724","fg0166","fg0903","fg0987","fg0017","fg0508","fg0610"
"fq000408","vx_26e242d9ec2d1897","fg0080","1","fg0080","fg0601","fg0903","fg0531","fg0839","fg0127","fg0656","fg0069","fg0801","fg0937","fg0017","fg0724","fg0119","fg0360","fg0508","fg0166","fg0096","fg0352","fg0987","fg0462"
"fq000409","vx_26e242d9ec2d1897","fg0080","1","fg0080","fg0531","fg0937","fg0601","fg0801","fg0656","fg0127","fg0839","fg0724","fg0017","fg0987","fg0462","fg0119","fg0069","fg0360","fg0858","fg0166","fg0964","fg0822","fg0455"
"fq000410","vx_26e242d9ec2d1897","fg0080","1","fg0080","fg0937","fg0839","fg0069","fg0656","fg0724","fg0531","fg0601","fg0987","fg0382","fg0858","fg0360","fg0801","fg0462","fg0119","fg0964","fg0395","fg0508","fg0610","fg0825"
"fq000411","vx_26e242d9ec2d1897","fg0080","1","fg0080","fg0601","fg0937","fg0531","fg0656","fg0724","fg0839","fg0127","fg0069","fg0801","fg0987","fg0017","fg0903","fg0119","fg0360","fg0462","fg0508","fg0610","fg0166","fg0964"
"fq000412","vx_7f2b2bc2af4b2eaa","fg0081","1","fg0081","fg0504","fg0908","fg0143","fg0444","fg0603","fg0323","fg0606","fg0956","fg0832","fg0610","fg0177","fg0721","fg0672","fg0623","fg0512","fg0244","fg0416","fg0380","fg0204"
"fq000413","vx_7f2b2bc2af4b2eaa","fg0081","1","fg0081","fg0444","fg0908","fg0672","fg0504","fg0667","fg0512","fg0606","fg0143","fg0416","fg0027","fg0956","fg0603","fg0832","fg0598","fg0131","fg0323","fg0299","fg0623","fg0467"
"fq000414","vx_26d7005a01be9ad4","fg0082","1","fg0082","fg0573","fg0941","fg0211","fg0397","fg0716","fg0639","fg0371","fg0614","fg0948","fg0438","fg0146","fg0587","fg0330","fg0947","fg0085","fg0039","fg0411","fg0260","fg0713"
"fq000415","vx_9c6635cec8ccea45","fg0083","1","fg0083","fg0206","fg0694","fg0240","fg0352","fg0998","fg0383","fg0622","fg0881","fg0810","fg0914","fg0114","fg0355","fg0644","fg0559","fg0403","fg0744","fg0525","fg0119","fg0152"
"fq000416","vx_fde97f6260ab2b6e","fg0084","1","fg0084","fg0249","fg0337","fg0940","fg0970","fg0437","fg0794","fg0952","fg0068","fg0818","fg0305","fg0417","fg0606","fg0250","fg0875","fg0025","fg0975","fg0335","fg1000","fg0722"
"fq000417","vx_925cd2545ddebd5d","fg0085","1","fg0085","fg0307","fg0626","fg0929","fg0046","fg0039","fg0027","fg0214","fg0338","fg0709","fg0986","fg0832","fg0606","fg0630","fg0960","fg0172","fg0988","fg0775","fg0633","fg0507"
"fq000418","vx_b793adc39ba5832c","fg0086","1","fg0086","fg0210","fg0276","fg0600","fg0406","fg0423","fg0201","fg0405","fg0431","fg0632","fg0957","fg0699","fg0552","fg0169","fg0652","fg0173","fg0135","fg0842","fg0991","fg0815"
"fq000419","vx_b793adc39ba5832c","fg0086","1","fg0086","fg0276","fg0210","fg0173","fg0319","fg0600","fg0201","fg0815","fg0207","fg0713","fg0521","fg0156","fg0405","fg0957","fg0671","fg0991","fg0544","fg0787","fg0842","fg0060"
"fq000420","vx_b793adc39ba5832c","fg0086","1","fg0086","fg0210","fg0276","fg0173","fg0201","fg0515","fg0423","fg0544","fg0600","fg0815","fg0207","fg0946","fg0414","fg0156","fg0713","fg0907","fg0431","fg0632","fg0405","fg0135"
"fq000421","vx_b793adc39ba5832c","fg0086","1","fg0086","fg0276","fg0210","fg0423","fg0201","fg0815","fg0431","fg0600","fg0991","fg0787","fg0405","fg0173","fg0513","fg0515","fg0345","fg0406","fg0699","fg0652","fg0544","fg0841"
"fq000422","vx_b793adc39ba5832c","fg0086","1","fg0086","fg0276","fg0210","fg0515","fg0946","fg0423","fg0173","fg0920","fg0360","fg0135","fg0907","fg0406","fg0863","fg0362","fg0278","fg0201","fg0542","fg0544","fg0600","fg0982"
"fq000423","vx_b793adc39ba5832c","fg0086","1","fg0086","fg0276","fg0210","fg0991","fg0787","fg0423","fg0600","fg0201","fg0034","fg0431","fg0815","fg0173","fg0405","fg0699","fg0842","fg0406","fg0957","fg0632","fg0628","fg0841"
"fq000424","vx_b793adc39ba5832c","fg0086","1","fg0086","fg0276","fg0210","fg0515","fg0423","fg0173","fg0632","fg0946","fg0406","fg0513","fg0600","fg0207","fg0815","fg0421","fg0841","fg0035","fg0544","fg0907","fg0414","fg0201"
"fq000425","vx_b793adc39ba5832c","fg0086","1","fg0086","fg0276","fg0210","fg0173","fg0815","fg0201","fg0652","fg0959","fg0513","fg0841","fg0423","fg0406","fg0632","fg0713","fg0207","fg0156","fg0910","fg0319","fg0405","fg0509"
"fq000426","vx_b793adc39ba5832c","fg0086","1","fg0086","fg0552","fg0405","fg0267","fg0173","fg0147","fg0509","fg0815","fg0210","fg0795","fg0671","fg0276","fg0421","fg0345","fg0319","fg0749","fg0729","fg0423","fg0824","fg0201"
"fq000427","vx_b793adc39ba5832c","fg0086","1","fg0086","fg0276","fg0210","fg0173","fg0815","fg0201","fg0652","fg0959","fg0513","fg0841","fg0406","fg0423","fg0632","fg0713","fg0156","fg0910","fg0207","fg0319","fg0405","fg0509"
"fq000428","vx_b793adc39ba5832c","fg0086","1","fg0086","fg0276","fg0210","fg0173","fg0539","fg0421","fg0513","fg0815","fg0713","fg0811","fg0515","fg0565","fg0907","fg0544","fg0156","fg0423","fg0657","fg0946","fg0260","fg0168"
"fq000429","vx_b793adc39ba5832c","fg0086","1","fg0086","fg0210","fg0276","fg0173","fg0815","fg0405","fg0201","fg0156","fg0552","fg0319","fg0207","fg0544","fg0713","fg0600","fg0345","fg0842","fg0824","fg0515","fg0423","fg0438"
"fq000430","vx_b793adc39ba5832c","fg0086","1","fg0086","fg0173","fg0276","fg0210","fg0815","fg0207","fg0907","fg0515","fg0423","fg0201","fg0156","fg0811","fg0438","fg0539","fg0421","fg0713","fg0319","fg0824","fg0544","fg0513"
"fq000431","vx_b793adc39ba5832c","fg0086","1","fg0086","fg0210","fg0276","fg0173","fg0815","fg0207","fg0201","fg0515","fg0600","fg0135","fg0713","fg0423","fg0405","fg0544","fg0811","fg0345","fg0156","fg0513","fg0431","fg0178"
"fq000432","vx_b793adc39ba5832c","fg0086","1","fg0086","fg0210","fg0276","fg0173","fg0201","fg0423","fg0815","fg0515","fg0600","fg0544","fg0946","fg0135","fg0207","fg0907","fg0414","fg0406","fg0527","fg0513","fg0156","fg0552"
"fq000433","vx_b793adc39ba5832c","fg0086","1","fg0086","fg0210","fg0276","fg0600","fg0201","fg0173","fg0405","fg0423","fg0319","fg0414","fg0207","fg0406","fg0815","fg0345","fg0552","fg0328","fg0842","fg0671","fg0156","fg0060"
"fq000434","vx_b793adc39ba5832c","fg0086","1","fg0086","fg0276","fg0210","fg0173","fg0423","fg0515","fg0815","fg0201","fg0513","fg0946","fg0991","fg0406","fg0544","fg0907","fg0713","fg0600","fg0135","fg0527","fg0699","fg0360"
"fq000435","vx_b793adc39ba5832c","fg0086","1","fg0086","fg0210","fg0276","fg0201","fg0173","fg0600","fg0345","fg0713","fg0815","fg0544","fg0207","fg0431","fg0946","fg0423","fg0156","fg0129","fg0405","fg0515","fg0414","fg0547"
"fq000436","vx_b793adc39ba5832c","fg0086","1","fg0086","fg0276","fg0210","fg0600","fg0201","fg0345","fg0405","fg0423","fg0173","fg0815","fg0713","fg0169","fg0515","fg0842","fg0260","fg0414","fg0957","fg0156","fg0421","fg0824"
"fq000437","vx_b793adc39ba5832c","fg0086","1","fg0086","fg0201","fg0173","fg0276","fg0210","fg0319","fg0207","fg0824","fg0405","fg0552","fg0345","fg0671","fg0509","fg0815","fg0729","fg0323","fg0421","fg0600","fg0156","fg0270"
"fq000438","vx_b793adc39ba5832c","fg0086","1","fg0086","fg0210","fg0276","fg0173","fg0207","fg0815","fg0201","fg0423","fg0515","fg0552","fg0600","fg0544","fg0405","fg0135","fg0808","fg0438","fg0270","fg0824","fg0414","fg0811"
"fq000439","vx_b793adc39ba5832c","fg0086","1","fg0086","fg0276","fg0210","fg0201","fg0600","fg0423","fg0431","fg0406","fg0173","fg0815","fg0405","fg0632","fg0060","fg0515","fg0135","fg0513","fg0699","fg0652","fg0207","fg0527"
"fq000440","vx_ec45594c19d7728c","fg0087","1","fg0087","fg0062","fg0918","fg0881","fg0622","fg0744","fg0083","fg0914","fg0326","fg0174","fg0383","fg0985","fg0352","fg0009","fg0247","fg0871","fg0718","fg0534","fg0586","fg0116"
"fq000441","vx_ec45594c19d7728c","fg0087","1","fg0087","fg0062","fg0918","fg0881","fg0622","fg0744","fg0914","fg0083","fg0326","fg0985","fg0174","fg0352","fg0586","fg0009","fg0383","fg0116","fg0247","fg0871","fg0718","fg0534"
"fq000442","vx_127a67a63bdbf60e","fg0088","1","fg0088","fg0929","fg0873","fg0860","fg0801","fg0924","fg0634","fg0785","fg0986","fg0958","fg0221","fg0198","fg0307","fg0360","fg0289","fg0722","fg0774","fg0442","fg0531","fg0554"
"fq000443","vx_352c9a6f701b6bcd","fg0089","1","fg0089","fg0229","fg0394","fg0199","fg0991","fg0172","fg0428","fg0787","fg0290","fg0986","fg0026","fg0396","fg0046","fg0214","fg0143","fg0180","fg0490","fg0014","fg0679","fg0310"
"fq000444","vx_352c9a6f701b6bcd","fg0089","1","fg0089","fg0229","fg0394","fg0428","fg0199","fg0991","fg0986","fg0787","fg0172","fg0290","fg0214","fg0143","fg0026","fg0046","fg0396","fg0310","fg0679","fg0168","fg0180","fg0111"
"fq000445","vx_352c9a6f701b6bcd","fg0089","1","fg0089","fg0229","fg0394","fg0199","fg0143","fg0314","fg0991","fg0425","fg0787","fg0014","fg0887","fg0172","fg0818","fg0679","fg0396","fg0026","fg0290","fg0189","fg0657","fg0111"
"fq000446","vx_352c9a6f701b6bcd","fg0089","1","fg0089","fg0229","fg0394","fg0199","fg0172","fg0991","fg0787","fg0428","fg0143","fg0214","fg0986","fg0679","fg0290","fg0026","fg0425","fg0014","fg0310","fg0396","fg0168","fg0314"
"fq000447","vx_352c9a6f701b6bcd","fg0089","1","fg0089","fg0229","fg0394","fg0199","fg0172","fg0143","fg0991","fg0787","fg0428","fg0986","fg0425","fg0290","fg0026","fg0141","fg0111","fg0314","fg0679","fg0014","fg0046","fg0214"
"fq000448","vx_352c9a6f701b6bcd","fg0089","1","fg0089","fg0229","fg0172","fg0394","fg0143","fg0199","fg0991","fg0787","fg0425","fg0818","fg0396","fg0428","fg0679","fg0026","fg0986","fg0180","fg0014","fg0214","fg0046","fg0887"
"fq000449","vx_95dddc8dddaa6062","fg0090","1","fg0090","fg0869","fg0103","fg0666","fg0675","fg0025","fg0647","fg0232","fg0107","fg0745","fg0227","fg0186","fg0190","fg0113","fg0126","fg0078","fg0374","fg0367","fg0249","fg0809"
"fq000450","vx_95dddc8dddaa6062","fg0090","1","fg0090","fg0869","fg0103","fg0107","fg0186","fg0521","fg0666","fg0776","fg0413","fg0652","fg0675","fg0374","fg0810","fg0922","fg0227","fg0250","fg0514","fg0033","fg0854","fg0401"
"fq000451","vx_95dddc8dddaa6062","fg0090","2","fg0869","fg0090","fg0103","fg0374","fg0078","fg0203","fg0632","fg0809","fg0025","fg0232","fg0227","fg0126","fg0675","fg0666","fg0647","fg0471","fg0745","fg0593","fg0319","fg0940"
"fq000452","vx_0bd36a795e62e4b6","fg0091","1","fg0091","fg0559","fg0820","fg0272","fg0772","fg0970","fg0619","fg0674","fg0707","fg0490","fg0368","fg0292","fg0783","fg0551","fg0240","fg0152","fg0477","fg0461","fg0967","fg0649"
"fq000453","vx_0bd36a795e62e4b6","fg0091","1","fg0091","fg0559","fg0970","fg0272","fg0514","fg0044","fg0240","fg0707","fg0859","fg0368","fg0262","fg0783","fg0490","fg0127","fg0152","fg0772","fg0820","fg0108","fg0674","fg0508"
"fq000454","vx_da7c5c4328e5d25f","fg0092","1","fg0092","fg0810","fg0373","fg0559","fg0017","fg0802","fg0525","fg0240","fg0904","fg0151","fg0968","fg0127","fg0555","fg0815","fg0613","fg0547","fg0304","fg0043","fg0690","fg0284"
"fq000455","vx_da7c5c4328e5d25f","fg0092","1","fg0092","fg0810","fg0373","fg0017","fg0240","fg0151","fg0968","fg0802","fg0559","fg0904","fg0525","fg0304","fg0127","fg0547","fg0815","fg0119","fg0555","fg0687","fg0690","fg0862"
"fq000456","vx_da7c5c4328e5d25f","fg0092","1","fg0092","fg0810","fg0017","fg0373","fg0802","fg0240","fg0968","fg0525","fg0904","fg0555","fg0127","fg0690","fg0559","fg0304","fg0815","fg0043","fg0083","fg0458","fg0119","fg0574"
"fq000457","vx_da7c5c4328e5d25f","fg0092","1","fg0092","fg0810","fg0017","fg0373","fg0559","fg0802","fg0240","fg0525","fg0555","fg0127","fg0904","fg0968","fg0151","fg0043","fg0613","fg0284","fg0820","fg0547","fg0815","fg0690"
"fq000458","vx_da7c5c4328e5d25f","fg0092","1","fg0092","fg0810","fg0373","fg0559","fg0151","fg0240","fg0525","fg0017","fg0802","fg0127","fg0904","fg0815","fg0547","fg0555","fg0299","fg0119","fg0687","fg0043","fg0284","fg0968"
"fq000459","vx_da7c5c4328e5d25f","fg0092","1","fg0092","fg0810","fg0017","fg0373","fg0240","fg0559","fg0802","fg0968","fg0904","fg0525","fg0555","fg0127","fg0151","fg0815","fg0909","fg0547","fg0690","fg0613","fg0043","fg0304"
"fq000460","vx_da7c5c4328e5d25f","fg0092","1","fg0092","fg0810","fg0373","fg0017","fg0240","fg0802","fg0559","fg0525","fg0904","fg0555","fg0968","fg0127","fg0613","fg0815","fg0820","fg0151","fg0043","fg0304","fg0690","fg0119"
"fq000461","vx_da7c5c4328e5d25f","fg0092","1","fg0092","fg0810","fg0017","fg0373","fg0802","fg0904","fg0240","fg0968","fg0525","fg0555","fg0690","fg0304","fg0559","fg0613","fg0127","fg0815","fg0043","fg0547","fg0909","fg0119"
"fq000462","vx_da7c5c4328e5d25f","fg0092","1","fg0092","fg0810","fg0373","fg0017","fg0802","fg0968","fg0240","fg0904","fg0555","fg0559","fg0127","fg0525","fg0613","fg0690","fg0284","fg0815","fg0547","fg0151","fg0304","fg0119"
"fq000463","vx_da7c5c4328e5d25f","fg0092","1","fg0092","fg0810","fg0373","fg0017","fg0802","fg0525","fg0240","fg0904","fg0968","fg0559","fg0690","fg0555","fg0043","fg0304","fg0127","fg0815","fg0687","fg0547","fg0119","fg0151"
"fq000464","vx_da7c5c4328e5d25f","fg0092","1","fg0092","fg0810","fg0017","fg0373","fg0240","fg0802","fg0904","fg0127","fg0968","fg0559","fg0555","fg0525","fg0613","fg0815","fg0151","fg0820","fg0284","fg0043","fg0690","fg0547"
"fq000465","vx_da7c5c4328e5d25f","fg0092","1","fg0092","fg0810","fg0373","fg0017","fg0968","fg0802","fg0904","fg0690","fg0547","fg0559","fg0555","fg0240","fg0119","fg0304","fg0127","fg0525","fg0423","fg0815","fg0798","fg0820"
"fq000466","vx_da7c5c4328e5d25f","fg0092","1","fg0092","fg0810","fg0017","fg0373","fg0802","fg0240","fg0904","fg0525","fg0555","fg0968","fg0127","fg0815","fg0559","fg0909","fg0613","fg0043","fg0119","fg0547","fg0690","fg0798"
"fq000467","vx_da7c5c4328e5d25f","fg0092","1","fg0092","fg0810","fg0017","fg0373","fg0968","fg0802","fg0240","fg0904","fg0690","fg0559","fg0815","fg0555","fg0525","fg0119","fg0127","fg0547","fg0828","fg0613","fg0304","fg0151"
"fq000468","vx_da7c5c4328e5d25f","fg0092","1","fg0092","fg0810","fg0017","fg0373","fg0968","fg0802","fg0904","fg0525","fg0240","fg0555","fg0690","fg0127","fg0559","fg0613","fg0815","fg0547","fg0304","fg0119","fg0043","fg0828"
"fq000469","vx_da7c5c4328e5d25f","fg0092","1","fg0092","fg0810","fg0017","fg0373","fg0559","fg0240","fg0151","fg0968","fg0304","fg0802","fg0525","fg0687","fg0299","fg0909","fg0815","fg0828","fg0555","fg0547","fg0127","fg0043"
"fq000470","vx_da7c5c4328e5d25f","fg0092","1","fg0092","fg0810","fg0559","fg0373","fg0802","fg0525","fg0017","fg0240","fg0151","fg0968","fg0304","fg0904","fg0555","fg0815","fg0127","fg0547","fg0690","fg0613","fg0284","fg0043"
"fq000471","vx_da7c5c4328e5d25f","fg0092","1","fg0092","fg0810","fg0017","fg0373","fg0240","fg0802","fg0525","fg0904","fg0968","fg0559","fg0555","fg0127","fg0151","fg0815","fg0119","fg0547","fg0304","fg0909","fg0613","fg0043"
"fq000472","vx_da7c5c4328e5d25f","fg0092","1","fg0092","fg0810","fg0373","fg0017","fg0240","fg0525","fg0802","fg0559","fg0151","fg0904","fg0127","fg0043","fg0555","fg0547","fg0968","fg0815","fg0687","fg0304","fg0820","fg0119"
"fq000473","vx_da7c5c4328e5d25f","fg0092","1","fg0092","fg0810","fg0373","fg0559","fg0017","fg0802","fg0904","fg0240","fg0555","fg0525","fg0127","fg0968","fg0613","fg0151","fg0815","fg0043","fg0547","fg0284","fg0820","fg0119"
"fq000474","vx_da7c5c4328e5d25f","fg0092","1","fg0092","fg0810","fg0017","fg0373","fg0802","fg0240","fg0559","fg0525","fg0127","fg0904","fg0151","fg0555","fg0547","fg0815","fg0968","fg0613","fg0119","fg0284","fg0304","fg0798"
"fq000475","vx_da7c5c4328e5d25f","fg0092","1","fg0092","fg0810","fg0373","fg0559","fg0017","fg0802","fg0240","fg0904","fg0525","fg0151","fg0555","fg0127","fg0968","fg0815","fg0284","fg0613","fg0909","fg0304","fg0119","fg0687"
"fq000476","vx_da7c5c4328e5d25f","fg0092","1","fg0092","fg0810","fg0017","fg0373","fg0968","fg0904","fg0559","fg0240","fg0802","fg0815","fg0525","fg0690","fg0555","fg0119","fg0304","fg0547","fg0127","fg0828","fg0909","fg0613"
"fq000477","vx_da7c5c4328e5d25f","fg0092","1","fg0092","fg0017","fg0810","fg0373","fg0904","fg0968","fg0802","fg0690","fg0555","fg0613","fg0240","fg0815","fg0525","fg0043","fg0547","fg0127","fg0820","fg0458","fg0119","fg0423"
"fq000478","vx_da7c5c4328e5d25f","fg0092","1","fg0092","fg0810","fg0559","fg0802","fg0017","fg0373","fg0904","fg0127","fg0284","fg0555","fg0240","fg0525","fg0547","fg0613","fg0968","fg0762","fg0304","fg0151","fg0690","fg0815"
"fq000479","vx_da7c5c4328e5d25f","fg0092","1","fg0092","fg0810","fg0017","fg0373","fg0802","fg0525","fg0240","fg0904","fg0559","fg0613","fg0555","fg0127","fg0815","fg0968","fg0547","fg0043","fg0820","fg0909","fg0687","fg0690"
"fq000480","vx_ec587044a2b060de","fg0093","1","fg0093","fg0098","fg0953","fg0473","fg0445","fg0146","fg0493","fg0733","fg0436","fg0094","fg0960","fg0866","fg0598","fg0318","fg0850","fg0883","fg0673","fg0944","fg0351","fg0117"
"fq000481","vx_e31c6b7e7f776fdd","fg0094","1","fg0094","fg0836","fg0370","fg0737","fg0850","fg0206","fg0119","fg0845","fg0114","fg0452","fg0145","fg0575","fg0093","fg0413","fg0152","fg0800","fg0871","fg0851","fg0861","fg0953"
"fq000482","vx_e31c6b7e7f776fdd","fg0094","1","fg0094","fg0370","fg0836","fg0850","fg0737","fg0093","fg0206","fg0845","fg0318","fg0851","fg0575","fg0502","fg0871","fg0953","fg0861","fg0114","fg0012","fg0872","fg0800","fg0119"
"fq000483","vx_e31c6b7e7f776fdd","fg0094","1","fg0094","fg0370","fg0850","fg0836","fg0093","fg0737","fg0206","fg0502","fg0861","fg0871","fg0851","fg0953","fg0452","fg0575","fg0845","fg0678","fg0145","fg0119","fg0114","fg0318"
"fq000484","vx_e31c6b7e7f776fdd","fg0094","1","fg0094","fg0370","fg0737","fg0318","fg0800","fg0850","fg0874","fg0413","fg0012","fg0836","fg0575","fg0206","fg0093","fg0845","fg0250","fg0064","fg0903","fg0235","fg0953","fg0145"
"fq000485","vx_df935a8d6ad22c60","fg0095","1","fg0095","fg0444","fg0729","fg0152","fg0249","fg0509","fg0147","fg0735","fg0652","fg0922","fg0659","fg0055","fg0270","fg0525","fg0556","fg0930","fg0355","fg0204","fg0495","fg0721"
"fq000486","vx_df935a8d6ad22c60","fg0095","1","fg0095","fg0444","fg0729","fg0294","fg0152","fg0055","fg0752","fg0559","fg0525","fg0043","fg0509","fg0495","fg0721","fg0017","fg0652","fg0556","fg0104","fg0504","fg0439","fg0659"
"fq000487","vx_01ef6551e839a78f","fg0096","1","fg0096","fg0069","fg0813","fg0935","fg0306","fg0601","fg0230","fg0189","fg0976","fg0382","fg0530","fg0657","fg0730","fg0224","fg0614","fg0391","fg0024","fg0082","fg0531","fg0994"
"fq000488","vx_01ef6551e839a78f","fg0096","1","fg0096","fg0813","fg0069","fg0976","fg0306","fg0730","fg0382","fg0530","fg0935","fg0601","fg0994","fg0224","fg0104","fg0230","fg0017","fg0334","fg0590","fg0614","fg0265","fg0082"
"fq000489","vx_01ef6551e839a78f","fg0096","1","fg0096","fg0699","fg0224","fg0730","fg0632","fg0994","fg0705","fg0928","fg0614","fg0390","fg0572","fg0292","fg0935","fg0522","fg0195","fg0078","fg0115","fg0352","fg0920","fg0907"
"fq000490","vx_01ef6551e839a78f","fg0096","1","fg0096","fg0069","fg0813","fg0306","fg0614","fg0976","fg0935","fg0224","fg0994","fg0730","fg0334","fg0601","fg0522","fg0391","fg0104","fg0896","fg0530","fg0253","fg0024","fg0230"
"fq000491","vx_01ef6551e839a78f","fg0096","1","fg0096","fg0994","fg0705","fg0730","fg0935","fg0224","fg0522","fg0104","fg0928","fg0699","fg0755","fg0632","fg0199","fg0391","fg0614","fg0435","fg0069","fg0636","fg0189","fg0790"
"fq000492","vx_50386a85b3a23bcf","fg0097","1","fg0097","fg0789","fg0595","fg0896","fg0368","fg0928","fg0262","fg0259","fg0190","fg0899","fg0390","fg0690","fg0121","fg0805","fg0961","fg0284","fg0627","fg0781","fg0304","fg0824"
"fq000493","vx_50386a85b3a23bcf","fg0097","1","fg0097","fg0896","fg0899","fg0368","fg0928","fg0595","fg0789","fg0390","fg0805","fg0190","fg0044","fg0514","fg0259","fg0455","fg0917","fg0961","fg0024","fg0315","fg0262","fg0824"
"fq000494","vx_50386a85b3a23bcf","fg0097","1","fg0097","fg0190","fg0896","fg0471","fg0789","fg0262","fg0928","fg0899","fg0368","fg0500","fg0044","fg0272","fg0735","fg0152","fg0774","fg0595","fg0824","fg0607","fg0270","fg0781"
"fq000495","vx_2802d1ebbde328f5","fg0098","1","fg0098","fg0093","fg0473","fg0733","fg0984","fg0146","fg0404","fg0415","fg0806","fg0891","fg0436","fg0065","fg0716","fg0481","fg0351","fg0196","fg0474","fg0732","fg0522","fg0421"
"fq000496","vx_2802d1ebbde328f5","fg0098","1","fg0098","fg0093","fg0984","fg0415","fg0473","fg0351","fg0806","fg0733","fg0409","fg0146","fg0313","fg0835","fg0474","fg0065","fg0798","fg0235","fg0308","fg0657","fg0635","fg0445"
"fq000497","vx_7b970cf5c4f4201e","fg0099","1","fg0099","fg0627","fg0823","fg0035","fg0102","fg0959","fg0213","fg0523","fg0525","fg0714","fg0362","fg0729","fg0652","fg0444","fg0276","fg0505","fg0108","fg0760","fg0931","fg0772"
"fq000498","vx_c1be73c36b6959a3","fg0100","1","fg0100","fg0189","fg0782","fg0095","fg0556","fg0768","fg0860","fg0852","fg0949","fg0870","fg0041","fg0236","fg0428","fg0013","fg0278","fg0155","fg0513","fg0778","fg0707","fg0986"
"fq000499","vx_c1be73c36b6959a3","fg0100","1","fg0100","fg0782","fg0095","fg0749","fg0887","fg0270","fg0236","fg0075","fg0147","fg0189","fg0050","fg0355","fg0870","fg0070","fg0729","fg0541","fg0556","fg0852","fg0691","fg0315"
"fq000500","vx_c1be73c36b6959a3","fg0100","1","fg0100","fg0189","fg0782","fg0236","fg0870","fg0041","fg0075","fg0095","fg0556","fg0887","fg0949","fg0050","fg0852","fg0707","fg0237","fg0768","fg0691","fg0545","fg0270","fg0860"
"fq000501","vx_e2acb625cb43eb6e","fg0101","1","fg0101","fg0861","fg0420","fg0013","fg0971","fg0876","fg0145","fg0332","fg0670","fg0822","fg0141","fg0477","fg0111","fg0582","fg0336","fg0115","fg0626","fg0074","fg0456","fg0796"
"fq000502","vx_e2acb625cb43eb6e","fg0101","1","fg0101","fg0670","fg0145","fg0078","fg0861","fg0111","fg0876","fg0030","fg0971","fg0013","fg0745","fg0477","fg0822","fg0332","fg0800","fg0336","fg0308","fg0456","fg0115","fg0020"
"fq000503","vx_e2acb625cb43eb6e","fg0101","1","fg0101","fg0420","fg0861","fg0477","fg0013","fg0971","fg0111","fg0670","fg0336","fg0876","fg0456","fg0141","fg0145","fg0822","fg0332","fg0115","fg0800","fg0074","fg0277","fg0499"
"fq000504","vx_347305ed2e899c74","fg0102","1","fg0102","fg0213","fg0523","fg0820","fg0627","fg0127","fg0976","fg0119","fg0653","fg0457","fg0888","fg0066","fg0235","fg0105","fg0967","fg0410","fg0368","fg0802","fg0262","fg0099"
"fq000505","vx_347305ed2e899c74","fg0102","1","fg0102","fg0627","fg0820","fg0235","fg0213","fg0262","fg0368","fg0888","fg0976","fg0523","fg0119","fg0246","fg0802","fg0127","fg0967","fg0256","fg0451","fg0619","fg0781","fg0849"
"fq000506","vx_347305ed2e899c74","fg0102","1","fg0102","fg0627","fg0235","fg0262","fg0127","fg0820","fg0066","fg0368","fg0119","fg0213","fg0976","fg0451","fg0457","fg0802","fg0225","fg0888","fg0114","fg0849","fg0523","fg0967"
"fq000507","vx_347305ed2e899c74","fg0102","1","fg0102","fg0627","fg0976","fg0820","fg0849","fg0262","fg0119","fg0127","fg0802","fg0888","fg0213","fg0402","fg0967","fg0235","fg0523","fg0368","fg0547","fg0099","fg0451","fg0867"
"fq000508","vx_347305ed2e899c74","fg0102","1","fg0102","fg0213","fg0235","fg0225","fg0066","fg0262","fg0127","fg0451","fg0523","fg0627","fg0119","fg0802","fg0114","fg0820","fg0931","fg0760","fg0099","fg0888","fg0092","fg0976"
"fq000509","vx_6d1721510e99d518","fg0103","1","fg0103","fg0869","fg0090","fg0227","fg0666","fg0880","fg0652","fg0025","fg0906","fg0675","fg0113","fg0931","fg0202","fg0810","fg0232","fg0249","fg0203","fg0568","fg0877","fg0153"
"fq000510","vx_af5dd966603f9745","fg0104","1","fg0104","fg0994","fg0522","fg0730","fg0017","fg0052","fg0711","fg0224","fg0935","fg0904","fg0118","fg0216","fg0199","fg0069","fg0095","fg0096","fg0654","fg0120","fg0705","fg0884"
"fq000511","vx_697b617018111603","fg0105","1","fg0105","fg0694","fg0004","fg0137","fg0540","fg0409","fg0531","fg0317","fg0801","fg0450","fg0392","fg0426","fg0309","fg0862","fg0613","fg0064","fg0664","fg0443","fg0774","fg0072"
"fq000512","vx_5bf554f5524d0765","fg0106","1","fg0106","fg0025","fg0843","fg0039","fg0312","fg0279","fg0811","fg0347","fg0126","fg0941","fg0214","fg0228","fg0397","fg0907","fg0942","fg0170","fg0582","fg0059","fg0544","fg0515"
"fq000513","vx_6a919eddf8d64c1b","fg0107","1","fg0107","fg0530","fg0616","fg0090","fg0891","fg0253","fg0230","fg0458","fg0924","fg0472","fg0244","fg0623","fg0163","fg0732","fg0869","fg0141","fg0939","fg0330","fg0096","fg0987"
"fq000514","vx_6a919eddf8d64c1b","fg0107","1","fg0107","fg0530","fg0090","fg0230","fg0891","fg0253","fg0623","fg0007","fg0616","fg0472","fg0769","fg0939","fg0096","fg0244","fg0732","fg0979","fg0960","fg0047","fg0365","fg0082"
"fq000515","vx_6a919eddf8d64c1b","fg0107","1","fg0107","fg0530","fg0090","fg0891","fg0616","fg0253","fg0230","fg0458","fg0096","fg0623","fg0472","fg0244","fg0732","fg0924","fg0007","fg0141","fg0365","fg0330","fg0987","fg0548"
"fq000516","vx_6a919eddf8d64c1b","fg0107","1","fg0107","fg0530","fg0090","fg0891","fg0616","fg0253","fg0230","fg0458","fg0623","fg0924","fg0096","fg0244","fg0472","fg0069","fg0813","fg0869","fg0330","fg0141","fg0007","fg0939"
"fq000517","vx_6a919eddf8d64c1b","fg0107","1","fg0107","fg0530","fg0090","fg0891","fg0616","fg0230","fg0924","fg0458","fg0253","fg0939","fg0623","fg0244","fg0732","fg0747","fg0987","fg0096","fg0069","fg0930","fg0869","fg0745"
"fq000518","vx_6a919eddf8d64c1b","fg0107","1","fg0107","fg0530","fg0090","fg0616","fg0891","fg0253","fg0732","fg0458","fg0939","fg0623","fg0230","fg0924","fg0141","fg0244","fg0869","fg0987","fg0007","fg0483","fg0163","fg0548"
"fq000519","vx_6a919eddf8d64c1b","fg0107","1","fg0107","fg0530","fg0090","fg0616","fg0891","fg0253","fg0230","fg0458","fg0924","fg0623","fg0141","fg0732","fg0007","fg0244","fg0163","fg0096","fg0939","fg0987","fg0548","fg0330"
"fq000520","vx_6a919eddf8d64c1b","fg0107","1","fg0107","fg0530","fg0090","fg0891","fg0230","fg0616","fg0458","fg0732","fg0623","fg0769","fg0987","fg0939","fg0253","fg0365","fg0244","fg0724","fg0685","fg0924","fg0783","fg0442"
"fq000521","vx_6a919eddf8d64c1b","fg0107","1","fg0107","fg0530","fg0090","fg0891","fg0253","fg0616","fg0230","fg0623","fg0007","fg0096","fg0458","fg0732","fg0472","fg0869","fg0987","fg0684","fg0769","fg0924","fg0939","fg0783"
"fq000522","vx_6a919eddf8d64c1b","fg0107","1","fg0107","fg0530","fg0090","fg0616","fg0891","fg0253","fg0230","fg0732","fg0458","fg0924","fg0623","fg0244","fg0548","fg0987","fg0472","fg0141","fg0939","fg0096","fg0163","fg0783"
"fq000523","vx_6a919eddf8d64c1b","fg0107","1","fg0107","fg0530","fg0090","fg0891","fg0253","fg0616","fg0230","fg0007","fg0732","fg0623","fg0458","fg0244","fg0939","fg0548","fg0141","fg0472","fg0979","fg0685","fg0869","fg0769"
"fq000524","vx_4b117ce1eacd5e2f","fg0108","1","fg0108","fg0428","fg0283","fg0929","fg0240","fg0988","fg0273","fg0986","fg0046","fg0310","fg0555","fg0229","fg0931","fg0897","fg0373","fg0870","fg0172","fg0922","fg1000","fg0900"
"fq000525","vx_4b117ce1eacd5e2f","fg0108","1","fg0108","fg0283","fg0240","fg0273","fg0929","fg0428","fg0555","fg0860","fg0310","fg1000","fg0897","fg0922","fg0373","fg0986","fg0996","fg0988","fg0870","fg0194","fg0729","fg0343"
"fq000526","vx_4b117ce1eacd5e2f","fg0108","1","fg0108","fg0283","fg0273","fg0355","fg0240","fg0929","fg0729","fg0343","fg0922","fg0652","fg0147","fg0525","fg0500","fg0559","fg0931","fg0897","fg0760","fg0444","fg1000","fg0555"
"fq000527","vx_4b117ce1eacd5e2f","fg0108","1","fg0108","fg0283","fg0273","fg0922","fg0240","fg0929","fg0729","fg0652","fg0559","fg0525","fg0343","fg0355","fg0147","fg0659","fg0749","fg0931","fg0500","fg1000","fg0444","fg0152"
"fq000528","vx_4b117ce1eacd5e2f","fg0108","1","fg0108","fg0240","fg0283","fg0273","fg0355","fg0559","fg0729","fg0525","fg0721","fg0996","fg0929","fg0114","fg0897","fg0922","fg0152","fg0504","fg0373","fg0151","fg0652","fg0659"
"fq000529","vx_f65c60eee2815f2a","fg0109","1","fg0109","fg0143","fg0907","fg0067","fg0745","fg0491","fg0918","fg0009","fg0169","fg0843","fg0916","fg0386","fg0281","fg0720","fg0005","fg0135","fg0211","fg0138","fg0982","fg0819"
"fq000530","vx_f65c60eee2815f2a","fg0109","1","fg0109","fg0907","fg0143","fg0745","fg0135","fg0728","fg0067","fg0916","fg0005","fg0391","fg0491","fg0529","fg0193","fg0551","fg0819","fg0009","fg0536","fg0255","fg0116","fg0918"
"fq000531","vx_f65c60eee2815f2a","fg0109","1","fg0109","fg0907","fg0745","fg0067","fg0143","fg0916","fg0169","fg0386","fg0281","fg0843","fg0381","fg0135","fg0415","fg0009","fg0142","fg0074","fg0491","fg0800","fg0720","fg0138"
"fq000532","vx_f65c60eee2815f2a","fg0109","1","fg0109","fg0135","fg0907","fg0916","fg0143","fg0067","fg0819","fg0536","fg0281","fg0745","fg0924","fg0391","fg0005","fg0491","fg0116","fg0009","fg0843","fg0529","fg0126","fg0002"
"fq000533","vx_f65c60eee2815f2a","fg0109","1","fg0109","fg0135","fg0907","fg0916","fg0067","fg0143","fg0819","fg0745","fg0391","fg0009","fg0924","fg0142","fg0843","fg0281","fg0536","fg0950","fg0529","fg0918","fg0728","fg0290"
"fq000534","vx_f65c60eee2815f2a","fg0109","1","fg0109","fg0143","fg0067","fg0745","fg0491","fg0529","fg0907","fg0135","fg0255","fg0116","fg0005","fg0818","fg0391","fg0009","fg0536","fg0728","fg0138","fg0916","fg0281","fg0476"
"fq000535","vx_c592b26126205203","fg0110","1","fg0110","fg0338","fg0720","fg0421","fg0993","fg0342","fg0401","fg0965","fg0767","fg0468","fg0012","fg0603","fg0550","fg0836","fg0543","fg0354","fg0642","fg0756","fg0509","fg0254"
"fq000536","vx_c592b26126205203","fg0110","1","fg0110","fg0338","fg0993","fg0720","fg0767","fg0401","fg0965","fg0421","fg0543","fg0509","fg0342","fg0012","fg0960","fg0603","fg0708","fg0070","fg0354","fg0468","fg0254","fg0550"
"fq000537","vx_e2ba2fc6583e2a69","fg0111","1","fg0111","fg0038","fg0168","fg0286","fg0329","fg0285","fg0928","fg0844","fg0508","fg0912","fg0405","fg0325","fg0345","fg0020","fg0014","fg0215","fg0348","fg0199","fg0842","fg0089"
"fq000538","vx_e2ba2fc6583e2a69","fg0111","1","fg0111","fg0168","fg0038","fg0285","fg0329","fg0928","fg0286","fg0508","fg0014","fg0405","fg0293","fg0844","fg0020","fg0199","fg0431","fg0753","fg0089","fg0210","fg0930","fg0691"
"fq000539","vx_e2ba2fc6583e2a69","fg0111","1","fg0111","fg0168","fg0038","fg0286","fg0928","fg0329","fg0285","fg0844","fg0912","fg0325","fg0215","fg0508","fg0935","fg0814","fg0348","fg0199","fg0020","fg0004","fg0991","fg0427"
"fq000540","vx_35f8bb1b834bc06f","fg0112","1","fg0112","fg0328","fg0031","fg0301","fg0390","fg0175","fg0762","fg0121","fg0233","fg0399","fg0955","fg0137","fg0554","fg0145","fg0285","fg0205","fg0402","fg0280","fg0204","fg0590"
"fq000541","vx_988aab28acaec965","fg0113","1","fg0113","fg0692","fg0898","fg0918","fg0877","fg0456","fg0159","fg0771","fg0774","fg0420","fg0009","fg0870","fg0248","fg0830","fg0132","fg0718","fg0103","fg0621","fg0273","fg0739"
"fq000542","vx_988aab28acaec965","fg0113","1","fg0113","fg0159","fg0877","fg0918","fg0722","fg0523","fg0249","fg0420","fg0152","fg0557","fg0250","fg0771","fg0660","fg0028","fg0103","fg0456","fg0692","fg0718","fg0248","fg0350"
"fq000543","vx_988aab28acaec965","fg0113","1","fg0113","fg0692","fg0774","fg0918","fg0771","fg0159","fg0830","fg0870","fg0420","fg0834","fg0898","fg0534","fg0805","fg0877","fg0009","fg0273","fg0248","fg0849","fg0456","fg0621"
"fq000544","vx_988aab28acaec965","fg0113","1","fg0113","fg0159","fg0877","fg0009","fg0248","fg0557","fg0722","fg0718","fg0830","fg0771","fg0943","fg0774","fg0918","fg0523","fg0350","fg0700","fg0898","fg0273","fg0103","fg0692"
"fq000545","vx_988aab28acaec965","fg0113","1","fg0113","fg0877","fg0830","fg0159","fg0420","fg0692","fg0456","fg0997","fg0771","fg0248","fg0918","fg0898","fg0621","fg0805","fg0266","fg0722","fg0660","fg0870","fg0774","fg0084"
"fq000546","vx_318801137ffdefde","fg0114","1","fg0114","fg0152","fg0206","fg0525","fg0652","fg0154","fg0083","fg0055","fg0504","fg0355","fg0444","fg0998","fg0694","fg0147","fg0810","fg0600","fg0240","fg0729","fg0225","fg0802"
"fq000547","vx_318801137ffdefde","fg0114","1","fg0114","fg0152","fg0718","fg0652","fg0154","fg0699","fg0083","fg0206","fg0729","fg0055","fg0028","fg0504","fg0694","fg0525","fg0198","fg0998","fg0444","fg0087","fg0390","fg0803"
"fq000548","vx_318801137ffdefde","fg0114","1","fg0114","fg0998","fg0152","fg0206","fg0154","fg0127","fg0813","fg0083","fg0600","fg0652","fg0240","fg0525","fg0810","fg0718","fg0694","fg0699","fg0741","fg0721","fg0102","fg0802"
"fq000549","vx_318801137ffdefde","fg0114","1","fg0114","fg0718","fg0998","fg0813","fg0154","fg0694","fg0534","fg0083","fg0725","fg0127","fg0198","fg0617","fg0206","fg0087","fg0240","fg0373","fg0699","fg0652","fg0409","fg0849"
"fq000550","vx_318801137ffdefde","fg0114","1","fg0114","fg0998","fg0154","fg0718","fg0206","fg0694","fg0083","fg0699","fg0600","fg0813","fg0906","fg0152","fg0741","fg0127","fg0240","fg0810","fg0534","fg0652","fg0028","fg0087"
"fq000551","vx_318801137ffdefde","fg0114","1","fg0114","fg0694","fg0154","fg0998","fg0152","fg0240","fg0127","fg0813","fg0718","fg0525","fg0206","fg0083","fg0652","fg0721","fg0906","fg0600","fg0810","fg0373","fg0504","fg0699"
"fq000552","vx_318801137ffdefde","fg0114","1","fg0114","fg0998","fg0694","fg0206","fg0083","fg0525","fg0152","fg0154","fg0240","fg0652","fg0810","fg0813","fg0718","fg0127","fg0802","fg0373","fg0355","fg0729","fg0687","fg0906"
"fq000553","vx_318801137ffdefde","fg0114","1","fg0114","fg0998","fg0206","fg0152","fg0154","fg0083","fg0694","fg0813","fg0718","fg0810","fg0127","fg0741","fg0525","fg0600","fg0652","fg0240","fg0699","fg0534","fg0802","fg0721"
"fq000554","vx_318801137ffdefde","fg0114","1","fg0114","fg0152","fg0652","fg0206","fg0154","fg0083","fg0355","fg0147","fg0922","fg0729","fg0600","fg0998","fg0500","fg0060","fg0525","fg0444","fg0102","fg0810","fg0521","fg0327"
"fq000555","vx_318801137ffdefde","fg0114","1","fg0114","fg0154","fg0699","fg0152","fg0998","fg0055","fg0652","fg0206","fg0355","fg0525","fg0147","fg0703","fg0922","fg0034","fg0440","fg0813","fg0729","fg0802","fg0600","fg0810"
"fq000556","vx_318801137ffdefde","fg0114","1","fg0114","fg0152","fg0355","fg0147","fg0055","fg0500","fg0729","fg0922","fg0444","fg0760","fg0504","fg0652","fg0319","fg0721","fg0407","fg0225","fg0525","fg0249","fg0102","fg0600"
"fq000557","vx_318801137ffdefde","fg0114","1","fg0114","fg0998","fg0206","fg0718","fg0699","fg0154","fg0083","fg0813","fg0152","fg0810","fg0087","fg0534","fg0694","fg0617","fg0652","fg0802","fg0741","fg0028","fg0721","fg0240"
"fq000558","vx_318801137ffdefde","fg0114","1","fg0114","fg0998","fg0718","fg0206","fg0083","fg0694","fg0810","fg0240","fg0154","fg0152","fg0534","fg0813","fg0127","fg0373","fg0617","fg0028","fg0802","fg0087","fg0652","fg0525"
"fq000559","vx_318801137ffdefde","fg0114","1","fg0114","fg0652","fg0152","fg0147","fg0444","fg0922","fg0355","fg0729","fg0525","fg0600","fg0154","fg0687","fg0102","fg0500","fg0206","fg0319","fg0802","fg0140","fg0699","fg0718"
"fq000560","vx_318801137ffdefde","fg0114","1","fg0114","fg0998","fg0718","fg0813","fg0694","fg0154","fg0206","fg0083","fg0534","fg0725","fg0617","fg0240","fg0810","fg0087","fg0373","fg0127","fg0198","fg0028","fg0062","fg0849"
"fq000561","vx_318801137ffdefde","fg0114","1","fg0114","fg0998","fg0206","fg0152","fg0083","fg0154","fg0525","fg0240","fg0810","fg0127","fg0694","fg0718","fg0652","fg0802","fg0813","fg0102","fg0729","fg0373","fg0600","fg0699"
"fq000562","vx_318801137ffdefde","fg0114","1","fg0114","fg0998","fg0206","fg0152","fg0154","fg0600","fg0060","fg0652","fg0694","fg0699","fg0523","fg0127","fg0225","fg0083","fg0102","fg0213","fg0525","fg0718","fg0813","fg0741"
"fq000563","vx_318801137ffdefde","fg0114","1","fg0114","fg0152","fg0147","fg0652","fg0083","fg0240","fg0355","fg0922","fg0206","fg0444","fg0500","fg0729","fg0998","fg0055","fg0225","fg0525","fg0102","fg0600","fg0319","fg0034"
"fq000564","vx_318801137ffdefde","fg0114","1","fg0114","fg0998","fg0718","fg0083","fg0206","fg0154","fg0694","fg0813","fg0127","fg0240","fg0152","fg0617","fg0534","fg0810","fg0087","fg0652","fg0198","fg0028","fg0699","fg0725"
"fq000565","vx_318801137ffdefde","fg0114","1","fg0114","fg0152","fg0998","fg0652","fg0154","fg0525","fg0802","fg0206","fg0699","fg0504","fg0813","fg0810","fg0083","fg0240","fg0718","fg0721","fg0055","fg0147","fg0559","fg0922"
"fq000566","vx_318801137ffdefde","fg0114","1","fg0114","fg0152","fg0055","fg0206","fg0355","fg0703","fg0729","fg0083","fg0154","fg0652","fg0922","fg0147","fg0240","fg0998","fg0504","fg0525","fg0600","fg0721","fg0699","fg0694"
"fq000567","vx_318801137ffdefde","fg0114","1","fg0114","fg0152","fg0998","fg0206","fg0652","fg0083","fg0721","fg0504","fg0154","fg0810","fg0718","fg0006","fg0802","fg0741","fg0240","fg0699","fg0525","fg0813","fg0729","fg0127"
"fq000568","vx_318801137ffdefde","fg0114","1","fg0114","fg0152","fg0652","fg0998","fg0525","fg0729","fg0504","fg0206","fg0154","fg0083","fg0355","fg0225","fg0721","fg0444","fg0240","fg0147","fg0500","fg0810","fg0319","fg0249"
"fq000569","vx_3fe85769fe1c4fb2","fg0115","1","fg0115","fg0141","fg0661","fg0333","fg0822","fg0200","fg0601","fg0199","fg0002","fg0129","fg0791","fg0253","fg0332","fg0607","fg0876","fg0365","fg0422","fg0389","fg0911","fg0869"
"fq000570","vx_9ae40e91e7c2a053","fg0116","1","fg0116","fg0425","fg0009","fg0918","fg0818","fg0984","fg0516","fg0586","fg0172","fg0198","fg0748","fg0679","fg0491","fg0087","fg0229","fg0881","fg0909","fg0766","fg0558","fg0900"
"fq000571","vx_c3b7b7168d75cc30","fg0117","1","fg0117","fg0474","fg0941","fg0397","fg0973","fg0889","fg0106","fg0279","fg0015","fg0939","fg0254","fg0811","fg0562","fg0025","fg0902","fg0347","fg0841","fg0930","fg0039","fg0544"
"fq000572","vx_c3b7b7168d75cc30","fg0117","1","fg0117","fg0889","fg0254","fg0474","fg0973","fg0902","fg0764","fg0939","fg0930","fg0279","fg0598","fg0227","fg0335","fg0397","fg0841","fg0594","fg0811","fg0710","fg0015","fg0147"
"fq000573","vx_c3b7b7168d75cc30","fg0117","1","fg0117","fg0474","fg0889","fg0254","fg0973","fg0941","fg0939","fg0397","fg0764","fg0902","fg0930","fg0015","fg0811","fg0025","fg0573","fg0147","fg0279","fg0589","fg0841","fg0297"
"fq000574","vx_c3b7b7168d75cc30","fg0117","1","fg0117","fg0474","fg0973","fg0889","fg0254","fg0811","fg0279","fg0841","fg0025","fg0438","fg0350","fg0398","fg0169","fg0939","fg0764","fg0297","fg0397","fg0015","fg0573","fg0979"
"fq000575","vx_c3b7b7168d75cc30","fg0117","1","fg0117","fg0474","fg0973","fg0811","fg0254","fg0889","fg0939","fg0106","fg0398","fg0941","fg0279","fg0297","fg0438","fg0397","fg0503","fg0025","fg0841","fg0169","fg0573","fg0211"
"fq000576","vx_68c970997b6401be","fg0118","1","fg0118","fg0862","fg0891","fg0459","fg0093","fg0322","fg0762","fg0743","fg0795","fg0629","fg0104","fg0547","fg0092","fg0138","fg0623","fg0590","fg0146","fg0330","fg0175","fg0799"
"fq000577","vx_37d52652f8ebb6b5","fg0119","1","fg0119","fg0828","fg0477","fg0206","fg0775","fg0152","fg0226","fg0998","fg0316","fg0315","fg0092","fg0127","fg0097","fg0861","fg0332","fg0432","fg0094","fg0102","fg0060","fg0083"
"fq000578","vx_37d52652f8ebb6b5","fg0119","1","fg0119","fg0477","fg0828","fg0775","fg0226","fg0316","fg0206","fg0998","fg0315","fg0432","fg0102","fg0152","fg0094","fg0127","fg0092","fg0332","fg0861","fg0827","fg0547","fg0499"
"fq000579","vx_37d52652f8ebb6b5","fg0119","1","fg0119","fg0477","fg0206","fg0775","fg0828","fg0102","fg0152","fg0998","fg0127","fg0316","fg0226","fg0083","fg0432","fg0060","fg0834","fg0400","fg0097","fg0807","fg0094","fg0315"
"fq000580","vx_37d52652f8ebb6b5","fg0119","1","fg0119","fg0477","fg0206","fg0828","fg0226","fg0775","fg0316","fg0127","fg0102","fg0998","fg0152","fg0092","fg0060","fg0315","fg0291","fg0083","fg0827","fg0094","fg0479","fg0572"
"fq000581","vx_a6800b3c3771b7d8","fg0120","1","fg0120","fg1000","fg0958","fg0501","fg0415","fg0970","fg0483","fg0467","fg0346","fg0104","fg0960","fg0955","fg0929","fg0978","fg0730","fg0157","fg0751","fg0212","fg0333","fg0984"
"fq000582","vx_f94bb17e674a604c","fg0121","1","fg0121","fg0197","fg0783","fg0075","fg0735","fg0627","fg0271","fg0029","fg0772","fg0794","fg0697","fg0722","fg0612","fg0719","fg0031","fg0445","fg0557","fg0711","fg0270","fg0681"
"fq000583","vx_d159d701c316b6a0","fg0122","1","fg0122","fg0372","fg0987","fg0621","fg0368","fg0261","fg0806","fg0106","fg0263","fg0273","fg0773","fg0343","fg0862","fg0043","fg0532","fg0459","fg0347","fg0826","fg0245","fg0941"
"fq000584","vx_4f57dff99bda50bb","fg0123","1","fg0123","fg0388","fg0962","fg0025","fg0001","fg0298","fg0501","fg0130","fg0241","fg0929","fg0490","fg0870","fg0503","fg0742","fg0884","fg0005","fg0180","fg0881","fg0705","fg0948"
"fq000585","vx_3f3730b2fa76e0d3","fg0124","1","fg0124","fg0142","fg0009","fg0860","fg0782","fg0834","fg0779","fg0563","fg0130","fg0758","fg0958","fg0774","fg0116","fg0488","fg0918","fg0649","fg0699","fg0821","fg0087","fg0062"
"fq000586","vx_3f3730b2fa76e0d3","fg0124","1","fg0124","fg0009","fg0142","fg0860","fg0782","fg0834","fg0130","fg0025","fg0779","fg0488","fg0583","fg0292","fg0563","fg0857","fg0584","fg0402","fg0551","fg0888","fg0699","fg0774"
"fq000587","vx_3f3730b2fa76e0d3","fg0124","1","fg0124","fg0009","fg0779","fg0834","fg0758","fg0130","fg0782","fg0725","fg0583","fg0918","fg0860","fg0584","fg0088","fg0774","fg0551","fg0488","fg0292","fg0142","fg0563","fg0077"
"fq000588","vx_460ce5258428da09","fg0125","1","fg0125","fg0838","fg0222","fg0664","fg0332","fg0580","fg0261","fg0162","fg0105","fg0714","fg0787","fg0991","fg0344","fg0521","fg0865","fg0426","fg0026","fg0413","fg0203","fg0210"
"fq000589","vx_d2f04e6ce77e8e4a","fg0126","1","fg0126","fg0350","fg0843","fg0515","fg0474","fg0367","fg0211","fg0106","fg0039","fg0973","fg0811","fg0297","fg0025","fg0347","fg0591","fg0841","fg0809","fg0298","fg0228","fg0573"
"fq000590","vx_d2f04e6ce77e8e4a","fg0126","1","fg0126","fg0350","fg0367","fg0515","fg0973","fg0809","fg0843","fg0474","fg0297","fg0841","fg0811","fg0712","fg0039","fg0591","fg0106","fg0211","fg0186","fg0025","fg0398","fg0947"
"fq000591","vx_d2f04e6ce77e8e4a","fg0126","1","fg0126","fg0350","fg0515","fg0367","fg0843","fg0474","fg0811","fg0973","fg0106","fg0039","fg0809","fg0211","fg0025","fg0228","fg0297","fg0712","fg0591","fg0841","fg0186","fg0947"
"fq000592","vx_d2f04e6ce77e8e4a","fg0126","1","fg0126","fg0515","fg0350","fg0973","fg0367","fg0843","fg0474","fg0211","fg0811","fg0106","fg0809","fg0297","fg0039","fg0712","fg0025","fg0186","fg0421","fg0438","fg0169","fg0594"
"fq000593","vx_d2f04e6ce77e8e4a","fg0126","1","fg0126","fg0350","fg0515","fg0843","fg0367","fg0106","fg0474","fg0228","fg0211","fg0973","fg0039","fg0025","fg0811","fg0809","fg0297","fg0841","fg0712","fg0591","fg0186","fg0972"
"fq000594","vx_d2f04e6ce77e8e4a","fg0126","1","fg0126","fg0350","fg0515","fg0811","fg0474","fg0367","fg0843","fg0438","fg0809","fg0973","fg0106","fg0025","fg0297","fg0421","fg0712","fg0039","fg0211","fg0947","fg0214","fg0841"
"fq000595","vx_9eecd65b55db32ae","fg0127","1","fg0127","fg0066","fg0499","fg0964","fg0092","fg0201","fg0508","fg0225","fg0810","fg0129","fg0721","fg0119","fg0017","fg0920","fg0525","fg0138","fg0080","fg0514","fg0849","fg0664"
"fq000596","vx_9eecd65b55db32ae","fg0127","1","fg0127","fg0499","fg0066","fg0964","fg0092","fg0920","fg0201","fg0721","fg0225","fg0508","fg0849","fg0813","fg0119","fg0810","fg0138","fg0114","fg0525","fg0514","fg0802","fg0017"
"fq000597","vx_35e343a3fd25d697","fg0128","1","fg0128","fg0373","fg0957","fg0018","fg0154","fg0772","fg0469","fg0783","fg0262","fg0998","fg0240","fg0270","fg0525","fg0910","fg0881","fg0114","fg0198","fg0423","fg0151","fg0718"
"fq000598","vx_ad771921a5757645","fg0129","1","fg0129","fg0600","fg0785","fg0663","fg0779","fg0127","fg0496","fg0897","fg0423","fg0563","fg0360","fg0982","fg0131","fg0730","fg0414","fg0921","fg0206","fg0705","fg0733","fg0030"
"fq000599","vx_3745c84afa7faf89","fg0130","1","fg0130","fg0758","fg0723","fg0778","fg0071","fg0641","fg0821","fg0278","fg0025","fg0852","fg0088","fg0885","fg0214","fg0713","fg0397","fg0855","fg0490","fg0124","fg0527","fg0569"
"fq000600","vx_417e7106fae4ef09","fg0131","1","fg0131","fg0719","fg0299","fg0667","fg0023","fg0908","fg0081","fg0698","fg0355","fg0927","fg0416","fg0327","fg0963","fg0635","fg0561","fg0936","fg0846","fg0404","fg0244","fg0758"
"fq000601","vx_f94a2ae176eb44b0","fg0132","1","fg0132","fg0764","fg0650","fg0940","fg0898","fg0473","fg0126","fg0171","fg0363","fg0254","fg0261","fg0337","fg0165","fg0113","fg0285","fg0404","fg0465","fg0510","fg0474","fg0117"
"fq000602","vx_f94a2ae176eb44b0","fg0132","1","fg0132","fg0764","fg0254","fg0650","fg0940","fg0898","fg0473","fg0261","fg0171","fg0337","fg0113","fg0395","fg0144","fg0363","fg0804","fg0510","fg0710","fg0979","fg0026","fg0465"
"fq000603","vx_f94a2ae176eb44b0","fg0132","1","fg0132","fg0650","fg0940","fg0473","fg0898","fg0363","fg0261","fg0113","fg0764","fg0165","fg0126","fg0367","fg0395","fg0246","fg0510","fg0256","fg0254","fg0465","fg0285","fg0973"
"fq000604","vx_f94a2ae176eb44b0","fg0132","1","fg0132","fg0650","fg0254","fg0764","fg0940","fg0363","fg0261","fg0898","fg0473","fg0510","fg0465","fg0113","fg0171","fg0337","fg0026","fg0161","fg0395","fg0070","fg0804","fg0956"
"fq000605","vx_f94a2ae176eb44b0","fg0132","1","fg0132","fg0650","fg0940","fg0261","fg0898","fg0510","fg0126","fg0363","fg0473","fg0367","fg0538","fg0474","fg0009","fg0585","fg0113","fg0256","fg0070","fg0638","fg0761","fg0835"
"fq000606","vx_f94a2ae176eb44b0","fg0132","1","fg0132","fg0940","fg0650","fg0254","fg0764","fg0261","fg0898","fg0973","fg0510","fg0473","fg0363","fg0126","fg0761","fg0113","fg0070","fg0538","fg0117","fg0395","fg0337","fg0165"
"fq000607","vx_f94a2ae176eb44b0","fg0132","1","fg0132","fg0650","fg0940","fg0261","fg0764","fg0473","fg0898","fg0126","fg0363","fg0113","fg0585","fg0254","fg0171","fg0367","fg0285","fg0465","fg0510","fg0337","fg0165","fg0009"
"fq000608","vx_f94a2ae176eb44b0","fg0132","1","fg0132","fg0650","fg0898","fg0940","fg0510","fg0473","fg0261","fg0585","fg0764","fg0363","fg0113","fg0126","fg0070","fg0165","fg0337","fg0956","fg0367","fg0538","fg0638","fg0009"
"fq000609","vx_f94a2ae176eb44b0","fg0132","1","fg0132","fg0254","fg0940","fg0764","fg0650","fg0473","fg0337","fg0898","fg0363","fg0510","fg0395","fg0261","fg0113","fg0804","fg0165","fg0171","fg0939","fg0708","fg0144","fg0117"
"fq000610","vx_f94a2ae176eb44b0","fg0132","1","fg0132","fg0650","fg0940","fg0473","fg0363","fg0898","fg0261","fg0254","fg0764","fg0126","fg0973","fg0510","fg0337","fg0113","fg0165","fg0367","fg0381","fg0161","fg0246","fg0026"
"fq000611","vx_f94a2ae176eb44b0","fg0132","1","fg0132","fg0254","fg0650","fg0940","fg0764","fg0395","fg0473","fg0510","fg0538","fg0898","fg0337","fg0956","fg0363","fg0979","fg0070","fg0165","fg0161","fg0285","fg0113","fg0117"
"fq000612","vx_f94a2ae176eb44b0","fg0132","1","fg0132","fg0395","fg0254","fg0956","fg0538","fg0764","fg0940","fg0638","fg0469","fg0895","fg0979","fg0557","fg0510","fg0922","fg0404","fg0070","fg0783","fg0719","fg0204","fg0804"
"fq000613","vx_f94a2ae176eb44b0","fg0132","1","fg0132","fg0650","fg0940","fg0473","fg0898","fg0764","fg0254","fg0510","fg0113","fg0337","fg0165","fg0261","fg0363","fg0126","fg0538","fg0070","fg0246","fg0367","fg0256","fg0395"
"fq000614","vx_f94a2ae176eb44b0","fg0132","1","fg0132","fg0254","fg0473","fg0979","fg0764","fg0940","fg0650","fg0538","fg0117","fg0898","fg0510","fg0603","fg0973","fg0708","fg0113","fg0395","fg0939","fg0902","fg0804","fg0469"
"fq000615","vx_e3405a4986814a79","fg0133","1","fg0133","fg0599","fg0552","fg0262","fg0270","fg0795","fg0922","fg0789","fg0944","fg0729","fg0524","fg0148","fg0035","fg0735","fg0749","fg0246","fg0016","fg0044","fg0850","fg0165"
"fq000616","vx_66096d52b2e7fde4","fg0134","1","fg0134","fg0353","fg0380","fg0429","fg0602","fg0672","fg0561","fg0150","fg0947","fg0559","fg0299","fg0833","fg0252","fg0477","fg0805","fg0701","fg0832","fg0512","fg0799","fg0631"
"fq000617","vx_66096d52b2e7fde4","fg0134","1","fg0134","fg0631","fg0011","fg0141","fg0928","fg0002","fg0199","fg0520","fg0561","fg0339","fg0693","fg0427","fg0799","fg0957","fg0168","fg0760","fg0963","fg0111","fg0615","fg0683"
"fq000618","vx_66096d52b2e7fde4","fg0134","1","fg0134","fg0631","fg0141","fg0011","fg0561","fg0002","fg0963","fg0928","fg0199","fg0053","fg0339","fg0302","fg0832","fg0427","fg0991","fg0935","fg0520","fg0040","fg0957","fg0683"
"fq000619","vx_66096d52b2e7fde4","fg0134","1","fg0134","fg0141","fg0002","fg0631","fg0011","fg0199","fg0928","fg0935","fg0991","fg0561","fg0520","fg0787","fg0693","fg0427","fg0957","fg0963","fg0053","fg0040","fg0111","fg0657"
"fq000620","vx_66096d52b2e7fde4","fg0134","1","fg0134","fg0561","fg0769","fg0302","fg0963","fg0543","fg0672","fg0299","fg0011","fg0667","fg0416","fg0631","fg0141","fg0404","fg0947","fg0832","fg0053","fg0921","fg0512","fg0220"
"fq000621","vx_66096d52b2e7fde4","fg0134","1","fg0134","fg0353","fg0833","fg0150","fg0477","fg0561","fg0947","fg0559","fg0318","fg0993","fg0380","fg0391","fg0431","fg0338","fg0440","fg0602","fg0299","fg0345","fg0252","fg0094"
"fq000622","vx_66096d52b2e7fde4","fg0134","1","fg0134","fg0561","fg0631","fg0832","fg0011","fg0302","fg0672","fg0053","fg0799","fg0963","fg0512","fg0141","fg0002","fg0299","fg0380","fg0667","fg0701","fg0921","fg0928","fg0520"
"fq000623","vx_66096d52b2e7fde4","fg0134","1","fg0134","fg0561","fg0631","fg0011","fg0963","fg0769","fg0380","fg0141","fg0672","fg0002","fg0543","fg0302","fg0299","fg0832","fg0338","fg0053","fg0339","fg0040","fg0921","fg0512"
"fq000624","vx_66096d52b2e7fde4","fg0134","1","fg0134","fg0353","fg0561","fg0672","fg0380","fg0429","fg0631","fg0701","fg0963","fg0543","fg0799","fg0053","fg0011","fg0302","fg0947","fg0832","fg0602","fg0512","fg0805","fg0530"
"fq000625","vx_66096d52b2e7fde4","fg0134","1","fg0134","fg0561","fg0631","fg0832","fg0672","fg0963","fg0302","fg0799","fg0053","fg0512","fg0011","fg0002","fg0543","fg0701","fg0141","fg0299","fg0667","fg0928","fg0769","fg0380"
"fq000626","vx_66096d52b2e7fde4","fg0134","1","fg0134","fg0353","fg0380","fg0561","fg0672","fg0299","fg0559","fg0799","fg0947","fg0150","fg0429","fg0602","fg0391","fg0252","fg0477","fg0921","fg0253","fg0512","fg0431","fg0302"
"fq000627","vx_66096d52b2e7fde4","fg0134","1","fg0134","fg0631","fg0561","fg0002","fg0672","fg0011","fg0799","fg0141","fg0832","fg0380","fg0302","fg0963","fg0928","fg0805","fg0512","fg0911","fg0921","fg0113","fg0299","fg0053"
"fq000628","vx_66096d52b2e7fde4","fg0134","1","fg0134","fg0353","fg0561","fg0380","fg0947","fg0299","fg0429","fg0667","fg0602","fg0672","fg0302","fg0963","fg0559","fg0543","fg0150","fg0252","fg0921","fg0512","fg0477","fg0832"
"fq000629","vx_66096d52b2e7fde4","fg0134","1","fg0134","fg0353","fg0561","fg0631","fg0380","fg0805","fg0053","fg0011","fg0672","fg0832","fg0799","fg0928","fg0002","fg0963","fg0150","fg0429","fg0512","fg0141","fg0947","fg0701"
"fq000630","vx_66096d52b2e7fde4","fg0134","1","fg0134","fg0561","fg0631","fg0963","fg0672","fg0769","fg0011","fg0299","fg0141","fg0543","fg0339","fg0921","fg0302","fg0799","fg0667","fg0053","fg0512","fg0935","fg0657","fg0002"
"fq000631","vx_53e62b446f378bb2","fg0135","1","fg0135","fg0542","fg0920","fg0281","fg0863","fg0109","fg0593","fg0924","fg0406","fg0637","fg0935","fg0476","fg0303","fg0154","fg0607","fg0322","fg0414","fg0600","fg0994","fg0104"
"fq000632","vx_2e3dedb1b7f60a96","fg0136","1","fg0136","fg0682","fg0744","fg0753","fg0946","fg0974","fg0637","fg0247","fg0618","fg0480","fg0440","fg0982","fg0737","fg0012","fg0799","fg0048","fg0850","fg0832","fg0436","fg0358"
"fq000633","vx_2aebc8d6ce96b1da","fg0137","1","fg0137","fg0105","fg0849","fg0937","fg0064","fg0594","fg0418","fg0368","fg0557","fg0773","fg0830","fg0951","fg0602","fg0112","fg0232","fg0621","fg0056","fg0423","fg0383","fg0233"
"fq000634","vx_2aebc8d6ce96b1da","fg0137","1","fg0137","fg0064","fg0112","fg0105","fg0849","fg0285","fg0836","fg0067","fg0414","fg0205","fg0982","fg0773","fg0232","fg0423","fg0594","fg0951","fg0591","fg0328","fg0862","fg0482"
"fq000635","vx_2aebc8d6ce96b1da","fg0137","1","fg0137","fg0112","fg0539","fg0767","fg0773","fg0438","fg0849","fg0557","fg0070","fg0584","fg0405","fg0543","fg0956","fg0660","fg0416","fg0218","fg0328","fg0156","fg0372","fg0638"
"fq000636","vx_2aebc8d6ce96b1da","fg0137","1","fg0137","fg0064","fg0836","fg0105","fg0067","fg0112","fg0982","fg0285","fg0951","fg0773","fg0849","fg0414","fg0540","fg0594","fg0232","fg0397","fg0482","fg0511","fg0346","fg0766"
"fq000637","vx_2aebc8d6ce96b1da","fg0137","1","fg0137","fg0064","fg0105","fg0112","fg0951","fg0849","fg0836","fg0232","fg0067","fg0285","fg0766","fg0594","fg0547","fg0414","fg0773","fg0862","fg0205","fg0423","fg0450","fg0121"
"fq000638","vx_2aebc8d6ce96b1da","fg0137","1","fg0137","fg0064","fg0105","fg0836","fg0368","fg0951","fg0112","fg0285","fg0067","fg0022","fg0773","fg0414","fg0232","fg0594","fg0482","fg0849","fg0591","fg0937","fg0547","fg0233"
"fq000639","vx_2aebc8d6ce96b1da","fg0137","1","fg0137","fg0064","fg0112","fg0067","fg0836","fg0951","fg0105","fg0849","fg0766","fg0285","fg0232","fg0982","fg0594","fg0773","fg0205","fg0540","fg0830","fg0328","fg0414","fg0591"
"fq000640","vx_2aebc8d6ce96b1da","fg0137","1","fg0137","fg0112","fg0849","fg0773","fg0064","fg0951","fg0105","fg0067","fg0557","fg0328","fg0232","fg0982","fg0205","fg0594","fg0607","fg0285","fg0368","fg0233","fg0830","fg0584"
"fq000641","vx_e63723eb4c0733e2","fg0138","1","fg0138","fg0322","fg0466","fg0945","fg0529","fg0849","fg0238","fg0391","fg0744","fg0476","fg0635","fg0029","fg0458","fg0745","fg0127","fg0337","fg0551","fg0936","fg0711","fg0863"
"fq000642","vx_e63723eb4c0733e2","fg0138","1","fg0138","fg0322","fg0945","fg0466","fg0529","fg0238","fg0849","fg0391","fg0744","fg0029","fg0476","fg0635","fg0127","fg0337","fg0748","fg0458","fg0863","fg0745","fg0551","fg0718"
"fq000643","vx_e63723eb4c0733e2","fg0138","1","fg0138","fg0322","fg0945","fg0466","fg0238","fg0849","fg0529","fg0476","fg0391","fg0744","fg0127","fg0029","fg0458","fg0635","fg0745","fg0711","fg0337","fg0748","fg0861","fg0936"
"fq000644","vx_0953c9af79091679","fg0139","1","fg0139","fg0069","fg0382","fg0557","fg0471","fg0198","fg0276","fg0831","fg0230","fg0749","fg0813","fg0620","fg0489","fg0930","fg0910","fg0735","fg0201","fg0033","fg0469","fg0154"
"fq000645","vx_0953c9af79091679","fg0139","1","fg0139","fg0069","fg0382","fg0198","fg0557","fg0813","fg0749","fg0660","fg0735","fg0469","fg0722","fg0218","fg0831","fg0910","fg0471","fg0489","fg0154","fg0033","fg0230","fg0204"
"fq000646","vx_1821b86ebd069149","fg0140","1","fg0140","fg0503","fg0283","fg0388","fg0241","fg0624","fg0961","fg0419","fg0778","fg0406","fg0301","fg0031","fg0885","fg0469","fg0430","fg0652","fg0821","fg0873","fg0154","fg0071"
"fq000647","vx_261766aca4414bde","fg0141","1","fg0141","fg0002","fg0332","fg0115","fg0199","fg0145","fg0861","fg0365","fg0311","fg0465","fg0166","fg0164","fg0626","fg0468","fg0101","fg0008","fg0462","fg0971","fg0791","fg0491"
"fq000648","vx_261766aca4414bde","fg0141","1","fg0141","fg0002","fg0115","fg0332","fg0145","fg0861","fg0365","fg0164","fg0311","fg0199","fg0166","fg0626","fg0661","fg0791","fg0465","fg0468","fg0391","fg0418","fg0101","fg0924"
"fq000649","vx_ebb2de0709cd7eb7","fg0142","1","fg0142","fg0475","fg0624","fg0557","fg0982","fg0078","fg0499","fg0524","fg0718","fg0860","fg0388","fg0393","fg0383","fg0936","fg0324","fg0363","fg0668","fg0725","fg0315","fg0221"
"fq000650","vx_33f55f6a59d234fd","fg0143","1","fg0143","fg0916","fg0900","fg0046","fg0492","fg0295","fg0089","fg0529","fg0920","fg0679","fg0843","fg0126","fg0109","fg0909","fg0651","fg0655","fg0865","fg0391","fg0365","fg0229"
"fq000651","vx_0c6410cb0454f13c","fg0144","1","fg0144","fg0408","fg0626","fg0158","fg0748","fg0861","fg0037","fg0798","fg0615","fg0385","fg0101","fg0183","fg0379","fg0870","fg0775","fg0776","fg0145","fg0898","fg0180","fg0195"
"fq000652","vx_a445bf697ba3b405","fg0145","1","fg0145","fg0861","fg0332","fg0141","fg0112","fg0067","fg0516","fg0101","fg0175","fg0926","fg0399","fg0703","fg0618","fg0144","fg0340","fg0164","fg0586","fg0465","fg0871","fg0915"
"fq000653","vx_644922a6cac0eaa3","fg0146","1","fg0146","fg0891","fg0312","fg0716","fg0475","fg0371","fg0098","fg0039","fg0590","fg0566","fg0093","fg0614","fg0106","fg0835","fg0623","fg0885","fg0186","fg0941","fg0689","fg0279"
"fq000654","vx_1d06ff640db614a2","fg0147","1","fg0147","fg0922","fg0749","fg0270","fg0729","fg0500","fg0659","fg0652","fg0355","fg0249","fg0525","fg0140","fg0152","fg0509","fg0735","fg0262","fg0190","fg0018","fg0227","fg0671"
"fq000655","vx_1d06ff640db614a2","fg0147","1","fg0147","fg0749","fg0270","fg0922","fg0500","fg0729","fg0355","fg0249","fg0652","fg0659","fg0525","fg0552","fg0794","fg0018","fg0190","fg0889","fg0735","fg0152","fg0262","fg0671"
"fq000656","vx_1d06ff640db614a2","fg0147","1","fg0147","fg0729","fg0355","fg0749","fg0922","fg0270","fg0500","fg0525","fg0140","fg0652","fg0509","fg0411","fg0659","fg0588","fg0444","fg0671","fg0421","fg0018","fg0249","fg0959"
"fq000657","vx_e64610e600d286b4","fg0148","1","fg0148","fg0364","fg0277","fg0944","fg0599","fg0742","fg0560","fg0219","fg0552","fg0374","fg0667","fg0528","fg0826","fg0634","fg0672","fg0883","fg0729","fg0133","fg0588","fg0381"
"fq000658","vx_6930f5974dc39e27","fg0149","1","fg0149","fg0915","fg0516","fg0020","fg0196","fg0861","fg0540","fg0926","fg0576","fg0236","fg0581","fg0473","fg0474","fg0054","fg0098","fg0960","fg0979","fg0008","fg0058","fg0277"
"fq000659","vx_65563ad707adf8eb","fg0150","1","fg0150","fg0018","fg0602","fg0541","fg0772","fg0218","fg0031","fg0197","fg0783","fg0484","fg0050","fg0627","fg0896","fg0922","fg0559","fg0056","fg0301","fg0112","fg0270","fg0859"
"fq000660","vx_65563ad707adf8eb","fg0150","1","fg0150","fg0602","fg0867","fg0772","fg0559","fg0484","fg0056","fg0218","fg0656","fg0460","fg0050","fg0477","fg0353","fg0159","fg0270","fg0197","fg0833","fg0621","fg0214","fg0186"
"fq000661","vx_65563ad707adf8eb","fg0150","1","fg0150","fg0867","fg0559","fg0656","fg0353","fg0214","fg0218","fg0970","fg0490","fg0602","fg0186","fg0159","fg0484","fg0270","fg0641","fg0091","fg0579","fg0477","fg0833","fg0498"
"fq000662","vx_65563ad707adf8eb","fg0150","1","fg0150","fg0270","fg0559","fg0867","fg0656","fg0602","fg0218","fg0152","fg0018","fg0159","fg0353","fg0579","fg0970","fg0056","fg0214","fg0772","fg0484","fg0249","fg0910","fg0666"
"fq000663","vx_65563ad707adf8eb","fg0150","1","fg0150","fg0656","fg0867","fg0218","fg0559","fg0214","fg0270","fg0641","fg0159","fg0970","fg0579","fg0186","fg0152","fg0353","fg0768","fg0833","fg0910","fg0091","fg0197","fg0490"
"fq000664","vx_65563ad707adf8eb","fg0150","1","fg0150","fg0018","fg0602","fg0772","fg0541","fg0031","fg0197","fg0783","fg0627","fg0056","fg0557","fg0270","fg0301","fg0809","fg0922","fg0271","fg0749","fg0959","fg0559","fg0050"
"fq000665","vx_65563ad707adf8eb","fg0150","1","fg0150","fg0559","fg0270","fg0656","fg0641","fg0214","fg0159","fg0970","fg0867","fg0218","fg0152","fg0729","fg0666","fg0018","fg0749","fg0310","fg0768","fg0873","fg0108","fg0931"
"fq000666","vx_65563ad707adf8eb","fg0150","1","fg0150","fg0656","fg0218","fg0559","fg0867","fg0270","fg0970","fg0159","fg0579","fg0214","fg0018","fg0768","fg0641","fg0484","fg0602","fg0056","fg0490","fg0910","fg0152","fg0666"
"fq000667","vx_65563ad707adf8eb","fg0150","1","fg0150","fg0270","fg0656","fg0559","fg0218","fg0214","fg0867","fg0500","fg0152","fg0729","fg0749","fg0159","fg0147","fg0910","fg0108","fg0666","fg0671","fg0996","fg0641","fg0249"
"fq000668","vx_65563ad707adf8eb","fg0150","1","fg0150","fg0018","fg0602","fg0031","fg0541","fg0197","fg0270","fg0301","fg0772","fg0559","fg0549","fg0867","fg0218","fg0056","fg0353","fg0484","fg0749","fg0783","fg0970","fg0579"
"fq000669","vx_65563ad707adf8eb","fg0150","1","fg0150","fg0656","fg0031","fg0867","fg0559","fg0301","fg0218","fg0214","fg0018","fg0970","fg0159","fg0675","fg0549","fg0484","fg0602","fg0641","fg0270","fg0498","fg0353","fg0056"
"fq000670","vx_65563ad707adf8eb","fg0150","1","fg0150","fg0867","fg0559","fg0270","fg0218","fg0353","fg0602","fg0484","fg0656","fg0159","fg0214","fg0772","fg0641","fg0579","fg0031","fg0301","fg0018","fg0197","fg0155","fg0749"
"fq000671","vx_65563ad707adf8eb","fg0150","1","fg0150","fg0656","fg0270","fg0559","fg0867","fg0214","fg0159","fg0579","fg0218","fg0108","fg0641","fg0768","fg0970","fg0018","fg0152","fg0353","fg0810","fg0310","fg0231","fg0091"
"fq000672","vx_cf182a418d7ea780","fg0151","1","fg0151","fg0810","fg0160","fg0626","fg0299","fg0355","fg0760","fg0359","fg0525","fg0915","fg0559","fg0275","fg0854","fg0926","fg0440","fg0225","fg0610","fg0403","fg0721","fg0127"
"fq000673","vx_0143e9b1151caffd","fg0152","1","fg0152","fg0652","fg0922","fg0114","fg0559","fg0729","fg0525","fg0735","fg0659","fg0504","fg0906","fg0355","fg0444","fg0060","fg0523","fg0147","fg0699","fg0721","fg0272","fg0249"
"fq000674","vx_0143e9b1151caffd","fg0152","1","fg0152","fg0559","fg0729","fg0355","fg0652","fg0504","fg0922","fg0525","fg0327","fg0114","fg0659","fg0044","fg0514","fg0802","fg0108","fg0206","fg0931","fg0735","fg0270","fg0119"
"fq000675","vx_0143e9b1151caffd","fg0152","1","fg0152","fg0254","fg0509","fg0450","fg0477","fg0607","fg0070","fg0889","fg0603","fg0930","fg0249","fg0050","fg0861","fg0341","fg0979","fg0902","fg0356","fg0696","fg0069","fg0147"
"fq000676","vx_fb0b1eb3d4a0449a","fg0153","1","fg0153","fg0937","fg0455","fg0568","fg0073","fg0792","fg0197","fg0846","fg0469","fg0772","fg0719","fg0029","fg0927","fg0541","fg0538","fg0739","fg0834","fg0484","fg0895","fg0300"
"fq000677","vx_336125d9d1f717a9","fg0154","1","fg0154","fg0500","fg0729","fg0355","fg0469","fg0922","fg0559","fg0525","fg0652","fg0444","fg0299","fg0225","fg0147","fg0659","fg0152","fg0270","fg0931","fg0108","fg0938","fg0327"
"fq000678","vx_336125d9d1f717a9","fg0154","1","fg0154","fg0299","fg0652","fg0114","fg0922","fg0699","fg0729","fg0108","fg0151","fg0469","fg0355","fg0304","fg0525","fg0718","fg0099","fg0018","fg0559","fg0895","fg0373","fg0327"
"fq000679","vx_336125d9d1f717a9","fg0154","1","fg0154","fg0299","fg0114","fg0559","fg0444","fg0304","fg0151","fg0618","fg0652","fg0327","fg0922","fg0469","fg0729","fg0296","fg0440","fg0099","fg0355","fg0699","fg0543","fg0225"
"fq000680","vx_336125d9d1f717a9","fg0154","1","fg0154","fg0543","fg0299","fg0922","fg0509","fg0652","fg0729","fg0440","fg0444","fg0114","fg0304","fg0327","fg0451","fg0225","fg0525","fg0931","fg0151","fg0347","fg0355","fg0152"
"fq000681","vx_336125d9d1f717a9","fg0154","1","fg0154","fg0299","fg0729","fg0525","fg0225","fg0652","fg0355","fg0151","fg0559","fg0114","fg0099","fg0304","fg0108","fg0327","fg0931","fg0922","fg0152","fg0469","fg0699","fg0500"
"fq000682","vx_336125d9d1f717a9","fg0154","1","fg0154","fg0699","fg0652","fg0718","fg0635","fg0114","fg0198","fg0766","fg0922","fg0406","fg0848","fg0299","fg0347","fg0178","fg0557","fg0304","fg0866","fg0355","fg0083","fg0607"
"fq000683","vx_336125d9d1f717a9","fg0154","1","fg0154","fg0652","fg0699","fg0718","fg0299","fg0114","fg0347","fg0922","fg0198","fg0151","fg0128","fg0848","fg0099","fg0729","fg0083","fg0304","fg0469","fg0618","fg0108","fg0559"
"fq000684","vx_336125d9d1f717a9","fg0154","1","fg0154","fg0699","fg0198","fg0652","fg0718","fg0515","fg0557","fg0178","fg0766","fg0406","fg0607","fg0848","fg0114","fg0128","fg0866","fg0938","fg0794","fg0881","fg0635","fg0922"
"fq000685","vx_336125d9d1f717a9","fg0154","1","fg0154","fg0729","fg0299","fg0355","fg0500","fg0922","fg0525","fg0559","fg0151","fg0444","fg0147","fg0931","fg0225","fg0099","fg0152","fg0509","fg0327","fg0270","fg0469","fg0114"
"fq000686","vx_336125d9d1f717a9","fg0154","1","fg0154","fg0718","fg0198","fg0699","fg0482","fg0635","fg0766","fg0178","fg0652","fg0406","fg0881","fg0114","fg0128","fg0383","fg0515","fg0071","fg0557","fg0056","fg0848","fg0304"
"fq000687","vx_336125d9d1f717a9","fg0154","1","fg0154","fg0299","fg0652","fg0304","fg0114","fg0635","fg0699","fg0718","fg0525","fg0559","fg0198","fg0151","fg0373","fg0810","fg0355","fg0327","fg0607","fg0922","fg0729","fg0521"
"fq000688","vx_336125d9d1f717a9","fg0154","1","fg0154","fg0652","fg0699","fg0718","fg0114","fg0198","fg0299","fg0922","fg0304","fg0848","fg0635","fg0347","fg0152","fg0543","fg0469","fg0559","fg0729","fg0525","fg0151","fg0406"
"fq000689","vx_336125d9d1f717a9","fg0154","1","fg0154","fg0652","fg0729","fg0922","fg0152","fg0931","fg0699","fg0114","fg0444","fg0103","fg0525","fg0147","fg0347","fg0469","fg0749","fg0218","fg0659","fg0559","fg0718","fg0099"
"fq000690","vx_336125d9d1f717a9","fg0154","1","fg0154","fg0652","fg0699","fg0922","fg0114","fg0729","fg0299","fg0559","fg0618","fg0469","fg0152","fg0931","fg0355","fg0103","fg0151","fg0525","fg0451","fg0128","fg0347","fg0108"
"fq000691","vx_336125d9d1f717a9","fg0154","1","fg0154","fg0652","fg0699","fg0114","fg0198","fg0718","fg0299","fg0729","fg0922","fg0355","fg0618","fg0525","fg0151","fg0103","fg0931","fg0469","fg0521","fg0635","fg0152","fg0783"
"fq000692","vx_336125d9d1f717a9","fg0154","1","fg0154","fg0652","fg0699","fg0198","fg0114","fg0718","fg0729","fg0299","fg0635","fg0922","fg0406","fg0559","fg0355","fg0525","fg0128","fg0848","fg0083","fg0469","fg0521","fg0152"
"fq000693","vx_2ee8e11861e849de","fg0155","1","fg0155","fg0915","fg0926","fg0460","fg0576","fg0959","fg0184","fg0270","fg0421","fg0147","fg0936","fg0539","fg0824","fg0371","fg0931","fg0565","fg0283","fg0388","fg0628","fg0207"
"fq000694","vx_122ea180583cb8d7","fg0156","1","fg0156","fg0491","fg0918","fg0849","fg0834","fg0739","fg0084","fg0763","fg0119","fg0529","fg0786","fg0432","fg0201","fg0539","fg0124","fg0794","fg0907","fg0818","fg0212","fg0499"
"fq000695","vx_122ea180583cb8d7","fg0156","1","fg0156","fg0491","fg0849","fg0834","fg0918","fg0798","fg0739","fg0021","fg0119","fg0818","fg0794","fg0891","fg0763","fg0176","fg0718","fg0174","fg0655","fg0062","fg0551","fg0938"
"fq000696","vx_122ea180583cb8d7","fg0156","2","fg0491","fg0156","fg0849","fg0834","fg0918","fg0739","fg0798","fg0763","fg0119","fg0891","fg0818","fg0174","fg0718","fg0176","fg0551","fg0794","fg0021","fg0084","fg0062","fg0423"
"fq000697","vx_122ea180583cb8d7","fg0156","1","fg0156","fg0491","fg0805","fg0834","fg0119","fg0849","fg0918","fg0891","fg0102","fg0786","fg0420","fg0547","fg0888","fg0739","fg0179","fg0013","fg0201","fg0176","fg0091","fg0368"
"fq000698","vx_122ea180583cb8d7","fg0156","1","fg0156","fg0491","fg0834","fg0849","fg0918","fg0739","fg0798","fg0119","fg0891","fg0763","fg0084","fg0432","fg0655","fg0654","fg0794","fg0176","fg0539","fg0805","fg0818","fg0174"
"fq000699","vx_76c26ff7f75077dc","fg0157","1","fg0157","fg0216","fg0821","fg0686","fg0555","fg0706","fg0969","fg0985","fg0424","fg0333","fg0434","fg0579","fg0546","fg0179","fg0380","fg0287","fg0471","fg0820","fg0352","fg0453"
"fq000700","vx_e8e091a36fec71fa","fg0158","1","fg0158","fg0385","fg0626","fg0339","fg0870","fg0408","fg0006","fg0581","fg0748","fg0901","fg0360","fg0144","fg0776","fg0658","fg0062","fg0679","fg0456","fg0853","fg0479","fg0786"
"fq000701","vx_4863d71843169712","fg0159","1","fg0159","fg0936","fg0071","fg0525","fg0241","fg0464","fg0959","fg0584","fg0273","fg0350","fg0749","fg0815","fg0714","fg0275","fg0113","fg0355","fg0270","fg0213","fg0569","fg0824"
"fq000702","vx_bcea633bdba99075","fg0160","1","fg0160","fg0359","fg0209","fg0381","fg0816","fg0626","fg0036","fg0917","fg0321","fg0727","fg0926","fg0457","fg0817","fg0896","fg0756","fg0280","fg0616","fg0434","fg0511","fg0179"
"fq000703","vx_bcea633bdba99075","fg0160","1","fg0160","fg0359","fg0626","fg0816","fg0727","fg0321","fg0381","fg0036","fg0917","fg0926","fg0511","fg0915","fg0209","fg0457","fg0434","fg0454","fg0005","fg0576","fg0179","fg0072"
"fq000704","vx_bcea633bdba99075","fg0160","1","fg0160","fg0359","fg0381","fg0816","fg0727","fg0321","fg0917","fg0209","fg0511","fg0915","fg0036","fg0817","fg0626","fg0926","fg0756","fg0566","fg0457","fg0280","fg0574","fg0613"
"fq000705","vx_bcea633bdba99075","fg0160","1","fg0160","fg0359","fg0816","fg0209","fg0626","fg0381","fg0727","fg0036","fg0321","fg0926","fg0457","fg0917","fg0817","fg0072","fg0915","fg0756","fg0896","fg0280","fg0455","fg0796"
"fq000706","vx_bcea633bdba99075","fg0160","1","fg0160","fg0359","fg0727","fg0381","fg0036","fg0209","fg0566","fg0280","fg0817","fg0816","fg0626","fg0917","fg0926","fg0613","fg0796","fg0756","fg0321","fg0884","fg0005","fg0208"
"fq000707","vx_bcea633bdba99075","fg0160","1","fg0160","fg0359","fg0381","fg0506","fg0321","fg0816","fg0613","fg0817","fg0727","fg0280","fg0566","fg0926","fg0036","fg0431","fg0208","fg0756","fg0917","fg0841","fg0064","fg0005"
"fq000708","vx_bcea633bdba99075","fg0160","1","fg0160","fg0359","fg0321","fg0036","fg0381","fg0816","fg0626","fg0917","fg0209","fg0727","fg0926","fg0915","fg0457","fg0483","fg0574","fg0434","fg0566","fg0613","fg0454","fg0604"
"fq000709","vx_bcea633bdba99075","fg0160","1","fg0160","fg0359","fg0381","fg0321","fg0816","fg0727","fg0626","fg0457","fg0036","fg0483","fg0817","fg0874","fg0064","fg0926","fg0566","fg0574","fg0209","fg0915","fg0613","fg0506"
"fq000710","vx_bcea633bdba99075","fg0160","1","fg0160","fg0359","fg0036","fg0626","fg0816","fg0727","fg0381","fg0209","fg0321","fg0926","fg0457","fg0915","fg0179","fg0917","fg0511","fg0434","fg0454","fg0949","fg0072","fg0576"
"fq000711","vx_bcea633bdba99075","fg0160","1","fg0160","fg0359","fg0381","fg0321","fg0816","fg0727","fg0036","fg0209","fg0626","fg0280","fg0917","fg0817","fg0926","fg0457","fg0506","fg0756","fg0566","fg0179","fg0731","fg0915"
"fq000712","vx_bcea633bdba99075","fg0160","1","fg0160","fg0359","fg0816","fg0381","fg0727","fg0036","fg0209","fg0321","fg0626","fg0926","fg0280","fg0457","fg0917","fg0179","fg0817","fg0915","fg0511","fg0756","fg0796","fg0576"
"fq000713","vx_bcea633bdba99075","fg0160","1","fg0160","fg0359","fg0381","fg0727","fg0816","fg0321","fg0926","fg0613","fg0036","fg0566","fg0917","fg0817","fg0280","fg0209","fg0915","fg0208","fg0626","fg0904","fg0574","fg0064"
"fq000714","vx_bcea633bdba99075","fg0160","1","fg0160","fg0359","fg0381","fg0036","fg0209","fg0626","fg0727","fg0816","fg0321","fg0072","fg0917","fg0511","fg0457","fg0731","fg0410","fg0179","fg0949","fg0144","fg0434","fg0915"
"fq000715","vx_bcea633bdba99075","fg0160","1","fg0160","fg0359","fg0381","fg0727","fg0321","fg0280","fg0036","fg0816","fg0209","fg0566","fg0626","fg0917","fg0613","fg0817","fg0574","fg0604","fg0926","fg0455","fg0431","fg0731"
"fq000716","vx_bcea633bdba99075","fg0160","1","fg0160","fg0359","fg0381","fg0816","fg0321","fg0727","fg0626","fg0036","fg0209","fg0926","fg0457","fg0915","fg0817","fg0917","fg0280","fg0005","fg0574","fg0454","fg0756","fg0072"
"fq000717","vx_bcea633bdba99075","fg0160","1","fg0160","fg0359","fg0816","fg0381","fg0626","fg0036","fg0926","fg0209","fg0321","fg0917","fg0727","fg0915","fg0613","fg0817","fg0457","fg0005","fg0511","fg0756","fg0576","fg0434"
"fq000718","vx_bcea633bdba99075","fg0160","1","fg0160","fg0359","fg0381","fg0321","fg0727","fg0816","fg0036","fg0457","fg0626","fg0209","fg0926","fg0915","fg0917","fg0005","fg0072","fg0280","fg0817","fg0613","fg0574","fg0604"
"fq000719","vx_bcea633bdba99075","fg0160","1","fg0160","fg0359","fg0321","fg0626","fg0381","fg0816","fg0483","fg0036","fg0915","fg0917","fg0926","fg0727","fg0511","fg0574","fg0209","fg0434","fg0613","fg0604","fg0457","fg0576"
"fq000720","vx_bcea633bdba99075","fg0160","1","fg0160","fg0359","fg0036","fg0381","fg0209","fg0727","fg0816","fg0626","fg0566","fg0005","fg0280","fg0321","fg0817","fg0506","fg0072","fg0926","fg0457","fg0917","fg0756","fg0796"
"fq000721","vx_bcea633bdba99075","fg0160","1","fg0160","fg0359","fg0381","fg0321","fg0626","fg0816","fg0917","fg0483","fg0727","fg0036","fg0613","fg0574","fg0511","fg0209","fg0457","fg0434","fg0915","fg0064","fg0604","fg0926"
"fq000722","vx_bcea633bdba99075","fg0160","1","fg0160","fg0359","fg0816","fg0321","fg0626","fg0036","fg0915","fg0381","fg0926","fg0454","fg0917","fg0483","fg0457","fg0209","fg0727","fg0511","fg0434","fg0576","fg0574","fg0846"
"fq000723","vx_bcea633bdba99075","fg0160","1","fg0160","fg0359","fg0381","fg0036","fg0727","fg0209","fg0816","fg0926","fg0817","fg0321","fg0005","fg0506","fg0280","fg0626","fg0917","fg0457","fg0915","fg0208","fg0566","fg0613"
"fq000724","vx_bcea633bdba99075","fg0160","1","fg0160","fg0359","fg0321","fg0381","fg0816","fg0727","fg0917","fg0626","fg0209","fg0036","fg0915","fg0511","fg0457","fg0280","fg0740","fg0434","fg0647","fg0483","fg0926","fg0193"
"fq000725","vx_bcea633bdba99075","fg0160","1","fg0160","fg0359","fg0727","fg0381","fg0209","fg0036","fg0816","fg0926","fg0817","fg0005","fg0917","fg0566","fg0626","fg0613","fg0072","fg0431","fg0280","fg0756","fg0915","fg0731"
"fq000726","vx_bcea633bdba99075","fg0160","1","fg0160","fg0359","fg0727","fg0381","fg0036","fg0926","fg0817","fg0209","fg0626","fg0816","fg0915","fg0321","fg0457","fg0280","fg0917","fg0613","fg0072","fg0005","fg0566","fg0904"
"fq000727","vx_bcea633bdba99075","fg0160","1","fg0160","fg0359","fg0381","fg0727","fg0926","fg0036","fg0209","fg0917","fg0626","fg0816","fg0817","fg0321","fg0915","fg0280","fg0613","fg0566","fg0434","fg0457","fg0604","fg0867"
"fq000728","vx_bcea633bdba99075","fg0160","1","fg0160","fg0359","fg0321","fg0816","fg0381","fg0817","fg0506","fg0727","fg0566","fg0613","fg0431","fg0280","fg0926","fg0917","fg0036","fg0626","fg0072","fg0064","fg0434","fg0457"
"fq000729","vx_a88cd3f4a2ba4576","fg0161","1","fg0161","fg0074","fg0716","fg0413","fg0361","fg0096","fg0938","fg0950","fg0417","fg0601","fg0684","fg0685","fg0164","fg0643","fg0204","fg0838","fg0825","fg0689","fg0266","fg0334"
"fq000730","vx_a88cd3f4a2ba4576","fg0161","1","fg0161","fg0074","fg0413","fg0716","fg0361","fg0580","fg0838","fg0643","fg0855","fg0689","fg0755","fg0943","fg0800","fg0570","fg0234","fg0266","fg0501","fg0761","fg0727","fg0950"
"fq000731","vx_a88cd3f4a2ba4576","fg0161","1","fg0161","fg0074","fg0413","fg0716","fg0361","fg0096","fg0938","fg0234","fg0580","fg0855","fg0800","fg0950","fg0643","fg0164","fg0266","fg0689","fg0755","fg0684","fg0951","fg0943"
"fq000732","vx_a88cd3f4a2ba4576","fg0161","1","fg0161","fg0413","fg0361","fg0716","fg0074","fg0096","fg0938","fg0643","fg0234","fg0689","fg0800","fg0755","fg0761","fg0855","fg0266","fg0943","fg0501","fg0685","fg0838","fg0058"
"fq000733","vx_a88cd3f4a2ba4576","fg0161","1","fg0161","fg0361","fg0074","fg0413","fg0716","fg0234","fg0096","fg0800","fg0643","fg0684","fg0689","fg0755","fg0266","fg0308","fg0580","fg0943","fg0164","fg0855","fg0938","fg0700"
"fq000734","vx_a88cd3f4a2ba4576","fg0161","1","fg0161","fg0074","fg0413","fg0361","fg0716","fg0755","fg0950","fg0800","fg0234","fg0838","fg0643","fg0689","fg0096","fg0943","fg0855","fg0580","fg0684","fg0501","fg0938","fg0761"
"fq000735","vx_a88cd3f4a2ba4576","fg0161","1","fg0161","fg0074","fg0413","fg0716","fg0361","fg0096","fg0684","fg0234","fg0938","fg0689","fg0855","fg0755","fg0825","fg0761","fg0643","fg0266","fg0700","fg0943","fg0950","fg0800"
"fq000736","vx_be873a0e9bfafaf8","fg0162","1","fg0162","fg0240","fg0936","fg0357","fg0355","fg0213","fg0241","fg0555","fg0906","fg0071","fg0583","fg0225","fg0299","fg0927","fg0464","fg0701","fg0023","fg0108","fg0028","fg0635"
"fq000737","vx_be873a0e9bfafaf8","fg0162","1","fg0162","fg0240","fg0355","fg0028","fg0823","fg0299","fg0225","fg0555","fg0357","fg0936","fg0023","fg0241","fg0213","fg0457","fg0734","fg0927","fg0061","fg0583","fg0206","fg0729"
"fq000738","vx_16528a4161929acc","fg0163","1","fg0163","fg0737","fg0037","fg0837","fg0029","fg0181","fg0497","fg0962","fg0662","fg0356","fg0667","fg0626","fg0979","fg0263","fg0164","fg0609","fg0778","fg0062","fg0558","fg0375"
"fq000739","vx_16528a4161929acc","fg0163","1","fg0163","fg0737","fg0037","fg0029","fg0962","fg0626","fg0181","fg0497","fg0837","fg0778","fg0036","fg0662","fg0915","fg0263","fg0356","fg0979","fg0609","fg0775","fg0576","fg0667"
"fq000740","vx_16528a4161929acc","fg0163","1","fg0163","fg0667","fg0737","fg0302","fg0497","fg0029","fg0502","fg0837","fg0037","fg0626","fg0047","fg0673","fg0651","fg0803","fg0263","fg0908","fg0355","fg0913","fg0062","fg0921"
"fq000741","vx_16528a4161929acc","fg0163","1","fg0163","fg0737","fg0037","fg0667","fg0497","fg0837","fg0029","fg0181","fg0962","fg0164","fg0302","fg0263","fg0609","fg0662","fg0626","fg0775","fg0979","fg0778","fg0195","fg0356"
"fq000742","vx_16528a4161929acc","fg0163","1","fg0163","fg0737","fg0037","fg0029","fg0962","fg0626","fg0181","fg0837","fg0778","fg0036","fg0662","fg0651","fg0576","fg0455","fg0263","fg0609","fg0062","fg0516","fg0497","fg0915"
"fq000743","vx_71e08530987e07c2","fg0164","1","fg0164","fg0977","fg0141","fg0479","fg0499","fg0391","fg0972","fg0452","fg0468","fg0145","fg0465","fg0733","fg0661","fg0999","fg0175","fg0436","fg0865","fg0257","fg0637","fg0497"
"fq000744","vx_71e08530987e07c2","fg0164","1","fg0164","fg0977","fg0479","fg0141","fg0497","fg0452","fg0972","fg0979","fg0468","fg0999","fg0499","fg0465","fg0436","fg0780","fg0637","fg0257","fg0597","fg0145","fg0391","fg0865"
"fq000745","vx_71e08530987e07c2","fg0164","1","fg0164","fg0977","fg0479","fg0141","fg0452","fg0497","fg0468","fg0979","fg0499","fg0972","fg0391","fg0733","fg0257","fg0145","fg0436","fg0175","fg0465","fg0999","fg0597","fg0780"
"fq000746","vx_25a9b9305007c5cb","fg0165","1","fg0165","fg0230","fg0132","fg0248","fg0623","fg0716","fg0430","fg0217","fg0629","fg0554","fg0785","fg0135","fg0584","fg0395","fg0719","fg0732","fg0179","fg0088","fg0267","fg0783"
"fq000747","vx_8a0883d6f8c530ec","fg0166","1","fg0166","fg0531","fg0008","fg0540","fg0352","fg0141","fg0127","fg0705","fg0964","fg0199","fg0601","fg0516","fg0221","fg0080","fg0661","fg0801","fg0493","fg0145","fg0065","fg0890"
"fq000748","vx_8a0883d6f8c530ec","fg0166","1","fg0166","fg0008","fg0531","fg0141","fg0540","fg0352","fg0964","fg0127","fg0601","fg0199","fg0080","fg0516","fg0705","fg0576","fg0661","fg0915","fg0829","fg0065","fg0926","fg0221"
"fq000749","vx_8a0883d6f8c530ec","fg0166","1","fg0166","fg0008","fg0531","fg0141","fg0352","fg0199","fg0288","fg0705","fg0493","fg0311","fg0065","fg0601","fg0661","fg0221","fg0468","fg0145","fg0164","fg0061","fg0080","fg0622"
"fq000750","vx_8a0883d6f8c530ec","fg0166","1","fg0166","fg0531","fg0008","fg0352","fg0141","fg0601","fg0801","fg0493","fg0540","fg0080","fg0199","fg0221","fg0705","fg0127","fg0723","fg0145","fg0822","fg0604","fg0065","fg0586"
"fq000751","vx_1e788e51725a6561","fg0167","1","fg0167","fg0543","fg0027","fg0272","fg0638","fg0633","fg0227","fg0509","fg0945","fg0922","fg0204","fg0483","fg0666","fg0343","fg0672","fg0993","fg0710","fg0512","fg0018","fg0895"
"fq000752","vx_62eb026aab329fb0","fg0168","1","fg0168","fg0111","fg0329","fg0089","fg0928","fg0394","fg0325","fg0541","fg0004","fg0619","fg0657","fg0405","fg0406","fg0691","fg0787","fg0396","fg0991","fg0199","fg0615","fg0841"
"fq000753","vx_d5c75453fb8f2e73","fg0169","1","fg0169","fg0892","fg0046","fg0703","fg0109","fg0713","fg0260","fg0321","fg0584","fg0656","fg0381","fg0135","fg0552","fg0593","fg0364","fg0155","fg0824","fg0710","fg0384","fg0863"
"fq000754","vx_722f7eb668491b28","fg0170","1","fg0170","fg0410","fg0817","fg0844","fg0948","fg0977","fg0470","fg0067","fg0578","fg0106","fg0054","fg0146","fg0298","fg0309","fg0020","fg0885","fg0704","fg0505","fg0388","fg0130"
"fq000755","vx_df73b66e167501cd","fg0171","1","fg0171","fg0764","fg0264","fg0132","fg0006","fg0445","fg0748","fg0765","fg0395","fg0254","fg0337","fg0265","fg0818","fg0197","fg0940","fg0109","fg0526","fg0869","fg0117","fg0851"
"fq000756","vx_58d23a3f6861c0ed","fg0172","1","fg0172","fg0229","fg0089","fg0558","fg0428","fg0116","fg0268","fg0770","fg0214","fg0892","fg0986","fg0988","fg0283","fg0900","fg0046","fg0637","fg0290","fg0929","fg0991","fg0881"
"fq000757","vx_58d23a3f6861c0ed","fg0172","1","fg0172","fg0229","fg0770","fg0558","fg0089","fg0268","fg0116","fg0892","fg0428","fg0988","fg0214","fg0283","fg0860","fg0173","fg0986","fg0071","fg0819","fg0191","fg0929","fg0425"
"fq000758","vx_58d23a3f6861c0ed","fg0172","1","fg0172","fg0229","fg0558","fg0428","fg0089","fg0770","fg0988","fg0283","fg0268","fg0892","fg0986","fg0046","fg0214","fg0637","fg0929","fg0900","fg0071","fg0116","fg0310","fg0108"
"fq000759","vx_d6485a591fee2e54","fg0173","1","fg0173","fg0907","fg0086","fg0515","fg0397","fg0544","fg0976","fg0712","fg0808","fg0438","fg0703","fg0982","fg0565","fg0207","fg0513","fg0819","fg0815","fg0106","fg0211","fg0307"
"fq000760","vx_fbd4e9a19de844d4","fg0174","1","fg0174","fg0918","fg0718","fg0479","fg0062","fg0087","fg0239","fg0419","fg0739","fg0212","fg0029","fg0009","fg0116","fg0362","fg0499","fg0114","fg0326","fg0249","fg0962","fg0662"
"fq000761","vx_fbd4e9a19de844d4","fg0174","1","fg0174","fg0918","fg0718","fg0087","fg0062","fg0009","fg0739","fg0239","fg0116","fg0419","fg0499","fg0212","fg0029","fg0479","fg0391","fg0907","fg0292","fg0249","fg0662","fg0114"
"fq000762","vx_fbd4e9a19de844d4","fg0174","1","fg0174","fg0918","fg0087","fg0062","fg0718","fg0009","fg0212","fg0116","fg0739","fg0662","fg0292","fg0907","fg0198","fg0534","fg0088","fg0420","fg0700","fg0221","fg0499","fg0529"
"fq000763","vx_fbd4e9a19de844d4","fg0174","1","fg0174","fg0718","fg0907","fg0499","fg0918","fg0029","fg0419","fg0809","fg0961","fg0834","fg0249","fg0062","fg0479","fg0535","fg0084","fg0421","fg0739","fg0558","fg0539","fg0509"
"fq000764","vx_fbd4e9a19de844d4","fg0174","1","fg0174","fg0918","fg0718","fg0479","fg0062","fg0087","fg0419","fg0029","fg0662","fg0739","fg0239","fg0181","fg0009","fg0114","fg0809","fg0834","fg0212","fg0499","fg0249","fg0907"
"fq000765","vx_fbd4e9a19de844d4","fg0174","1","fg0174","fg0918","fg0087","fg0479","fg0239","fg0718","fg0062","fg0212","fg0739","fg0116","fg0009","fg0419","fg0029","fg0499","fg0907","fg0326","fg0763","fg0198","fg0662","fg0535"
"fq000766","vx_e06d4750794b56e5","fg0175","1","fg0175","fg0026","fg0363","fg0451","fg0939","fg0365","fg0952","fg0822","fg0452","fg0787","fg0391","fg0505","fg0491","fg0425","fg0033","fg0678","fg0470","fg0865","fg0574","fg0670"
"fq000767","vx_e06d4750794b56e5","fg0175","1","fg0175","fg0026","fg0002","fg0391","fg0112","fg0861","fg0939","fg0363","fg0865","fg0485","fg0797","fg0145","fg0706","fg0717","fg0952","fg0813","fg0033","fg0822","fg0365","fg0904"
"fq000768","vx_e06d4750794b56e5","fg0175","1","fg0175","fg0026","fg0002","fg0939","fg0363","fg0391","fg0865","fg0972","fg0916","fg0145","fg0365","fg0112","fg0861","fg0406","fg0482","fg0141","fg0717","fg0761","fg0706","fg0678"
"fq000769","vx_e06d4750794b56e5","fg0175","1","fg0175","fg0939","fg0002","fg0026","fg0365","fg0391","fg0141","fg0865","fg0861","fg0363","fg0972","fg0145","fg0813","fg0112","fg0491","fg0330","fg0458","fg0678","fg0423","fg0425"
"fq000770","vx_e06d4750794b56e5","fg0175","1","fg0175","fg0813","fg0112","fg0391","fg0861","fg0972","fg0797","fg0423","fg0078","fg0363","fg0710","fg0204","fg0026","fg0118","fg0706","fg0862","fg0017","fg0574","fg0904","fg0491"
"fq000771","vx_4db4f5257e412d6d","fg0176","1","fg0176","fg0888","fg0839","fg0256","fg0180","fg0432","fg0702","fg0591","fg0775","fg0967","fg0612","fg0534","fg0306","fg0062","fg0236","fg0246","fg0778","fg0781","fg0563","fg0037"
"fq000772","vx_809f3dc98db54a04","fg0177","1","fg0177","fg0467","fg0978","fg0027","fg0012","fg0663","fg0512","fg0378","fg0016","fg0255","fg0921","fg0716","fg0840","fg0478","fg0144","fg0603","fg0157","fg0832","fg0804","fg0606"
"fq000773","vx_809f3dc98db54a04","fg0177","1","fg0177","fg0016","fg0255","fg0663","fg0378","fg0978","fg0281","fg0634","fg0467","fg0892","fg0921","fg0620","fg0579","fg0061","fg0027","fg0716","fg0735","fg0702","fg0157","fg0560"
"fq000774","vx_3190e1a5b9ba4c1d","fg0178","1","fg0178","fg0482","fg0515","fg0585","fg0881","fg0718","fg0582","fg0746","fg0892","fg0340","fg0916","fg0363","fg0811","fg0154","fg0106","fg0028","fg0866","fg0128","fg0569","fg0198"
"fq000775","vx_7b71a5e2d27f57fa","fg0179","1","fg0179","fg0585","fg0036","fg0200","fg0650","fg0303","fg0465","fg0261","fg0856","fg0888","fg0688","fg0816","fg0518","fg0220","fg0616","fg0514","fg0715","fg0144","fg0670","fg0294"
"fq000776","vx_7b71a5e2d27f57fa","fg0179","1","fg0179","fg0585","fg0856","fg0200","fg0036","fg0261","fg0816","fg0220","fg0465","fg0785","fg0445","fg0332","fg0883","fg0650","fg0144","fg0442","fg0303","fg0688","fg0616","fg0518"
"fq000777","vx_7b71a5e2d27f57fa","fg0179","1","fg0179","fg0200","fg0856","fg0650","fg0465","fg0473","fg0261","fg0332","fg0220","fg0585","fg0883","fg0303","fg0442","fg0932","fg0891","fg0816","fg0171","fg0888","fg0321","fg0445"
"fq000778","vx_ece801dc614a0554","fg0180","1","fg0180","fg0731","fg0427","fg0586","fg0037","fg0870","fg0748","fg0708","fg0490","fg0778","fg0268","fg0036","fg0818","fg1000","fg0615","fg0243","fg0988","fg0626","fg0665","fg0428"
"fq000779","vx_ece801dc614a0554","fg0180","1","fg0180","fg0731","fg0586","fg0427","fg0870","fg0037","fg0490","fg0748","fg0089","fg0268","fg0615","fg0428","fg0818","fg0665","fg0708","fg0036","fg0778","fg1000","fg0988","fg0046"
"fq000780","vx_ece801dc614a0554","fg0180","1","fg0180","fg0731","fg0037","fg0427","fg0870","fg0428","fg0586","fg0089","fg0490","fg0046","fg0748","fg0036","fg0615","fg0268","fg0988","fg1000","fg0665","fg0708","fg0778","fg0818"
"fq000781","vx_ece801dc614a0554","fg0180","1","fg0180","fg0731","fg0870","fg0427","fg0586","fg0036","fg0490","fg0037","fg0748","fg0818","fg0708","fg0089","fg0268","fg1000","fg0615","fg0428","fg0988","fg0653","fg0046","fg0665"
"fq000782","vx_ece801dc614a0554","fg0180","1","fg0180","fg0731","fg0427","fg0586","fg0490","fg0870","fg0037","fg0748","fg0089","fg0818","fg0036","fg0708","fg0615","fg0428","fg1000","fg0653","fg0394","fg0243","fg0665","fg0046"
"fq000783","vx_ece801dc614a0554","fg0180","1","fg0180","fg0731","fg0586","fg0870","fg0037","fg0427","fg0490","fg0428","fg0036","fg0268","fg0988","fg0818","fg0046","fg0089","fg0653","fg0748","fg0615","fg0708","fg0778","fg0665"
"fq000784","vx_ece801dc614a0554","fg0180","1","fg0180","fg0731","fg0586","fg0427","fg0037","fg0870","fg0490","fg0748","fg0615","fg0818","fg1000","fg0089","fg0428","fg0036","fg0708","fg0243","fg0268","fg0665","fg0988","fg0046"
"fq000785","vx_1bf0db3c7bc5a373","fg0181","1","fg0181","fg0662","fg0742","fg0033","fg0884","fg0757","fg0582","fg0193","fg0962","fg0045","fg0821","fg0448","fg0492","fg0879","fg0163","fg0876","fg0005","fg0496","fg0046","fg0298"
"fq000786","vx_1bf0db3c7bc5a373","fg0181","2","fg0662","fg0181","fg0742","fg0033","fg0962","fg0448","fg0470","fg0809","fg0496","fg0884","fg0045","fg0757","fg0328","fg0193","fg0582","fg0879","fg0492","fg0163","fg0527","fg0824"
"fq000787","vx_1bf0db3c7bc5a373","fg0181","2","fg0742","fg0181","fg0662","fg0560","fg0033","fg0879","fg0328","fg0612","fg0962","fg0779","fg0233","fg0584","fg0659","fg0193","fg0051","fg0821","fg0944","fg0148","fg0527","fg0588"
"fq000788","vx_1bf0db3c7bc5a373","fg0181","1","fg0181","fg0662","fg0742","fg0033","fg0879","fg0962","fg0045","fg0824","fg0757","fg0560","fg0448","fg0492","fg0876","fg0821","fg0884","fg0496","fg0582","fg0328","fg0612","fg0193"
"fq000789","vx_1bf0db3c7bc5a373","fg0181","1","fg0181","fg0662","fg0742","fg0033","fg0582","fg0884","fg0962","fg0045","fg0821","fg0492","fg0824","fg0193","fg0876","fg0985","fg0879","fg0163","fg0496","fg0005","fg0046","fg0757"
"fq000790","vx_1bf0db3c7bc5a373","fg0181","1","fg0181","fg0662","fg0742","fg0879","fg0884","fg0985","fg0448","fg0757","fg0033","fg0328","fg0560","fg0962","fg0582","fg0876","fg0824","fg0051","fg0821","fg0492","fg0527","fg0612"
"fq000791","vx_1bf0db3c7bc5a373","fg0181","2","fg0662","fg0181","fg0742","fg0560","fg0962","fg0582","fg0448","fg0298","fg0668","fg0584","fg0364","fg0328","fg0944","fg0347","fg0515","fg0001","fg0527","fg0793","fg0612","fg0588"
"fq000792","vx_1bf0db3c7bc5a373","fg0181","1","fg0181","fg0662","fg0742","fg0033","fg0879","fg0962","fg0560","fg0821","fg0757","fg0582","fg0884","fg0328","fg0051","fg0233","fg0527","fg0876","fg0163","fg0779","fg0496","fg0584"
"fq000793","vx_1bf0db3c7bc5a373","fg0181","1","fg0181","fg0662","fg0742","fg0879","fg0033","fg0757","fg0809","fg0824","fg0962","fg0582","fg0193","fg0448","fg0045","fg0005","fg0492","fg0821","fg0496","fg0328","fg0560","fg0884"
"fq000794","vx_1bf0db3c7bc5a373","fg0181","2","fg0742","fg0181","fg0662","fg0588","fg0421","fg0539","fg0659","fg0560","fg0148","fg0538","fg0879","fg0398","fg0355","fg0729","fg0769","fg0979","fg0944","fg0703","fg0147","fg0297"
"fq000795","vx_1bf0db3c7bc5a373","fg0181","1","fg0181","fg0662","fg0742","fg0033","fg0492","fg0448","fg0045","fg0582","fg0884","fg0757","fg0193","fg0809","fg0821","fg0879","fg0985","fg0046","fg0005","fg0470","fg0496","fg0143"
"fq000796","vx_1bf0db3c7bc5a373","fg0181","1","fg0181","fg0662","fg0742","fg0033","fg0821","fg0962","fg0492","fg0582","fg0193","fg0470","fg0879","fg0005","fg0496","fg0876","fg0163","fg0045","fg0757","fg0778","fg0824","fg0046"
"fq000797","vx_1bf0db3c7bc5a373","fg0181","1","fg0181","fg0662","fg0742","fg0582","fg0876","fg0884","fg0448","fg0492","fg0033","fg0821","fg0045","fg0962","fg0496","fg0328","fg0985","fg0879","fg0824","fg0757","fg0233","fg0193"
"fq000798","vx_1bf0db3c7bc5a373","fg0181","1","fg0181","fg0662","fg0742","fg0033","fg0448","fg0884","fg0757","fg0879","fg0496","fg0492","fg0045","fg0821","fg0824","fg0809","fg0985","fg0193","fg0962","fg0071","fg0582","fg0163"
"fq000799","vx_1bf0db3c7bc5a373","fg0181","1","fg0181","fg0662","fg0742","fg0448","fg0033","fg0757","fg0884","fg0879","fg0876","fg0582","fg0045","fg0809","fg0496","fg0492","fg0163","fg0962","fg0824","fg0821","fg0005","fg0193"
"fq000800","vx_1bf0db3c7bc5a373","fg0181","1","fg0181","fg0662","fg0742","fg0033","fg0962","fg0821","fg0879","fg0045","fg0492","fg0824","fg0163","fg0612","fg0193","fg0757","fg0884","fg0560","fg0496","fg0029","fg0448","fg0046"
"fq000801","vx_1bf0db3c7bc5a373","fg0181","1","fg0181","fg0662","fg0742","fg0560","fg0033","fg0879","fg0962","fg0582","fg0821","fg0876","fg0884","fg0944","fg0328","fg0824","fg0148","fg0779","fg0193","fg0985","fg0757","fg0700"
"fq000802","vx_1bf0db3c7bc5a373","fg0181","1","fg0181","fg0662","fg0742","fg0560","fg0962","fg0033","fg0879","fg0582","fg0884","fg0045","fg0328","fg0193","fg0821","fg0148","fg0668","fg0496","fg0492","fg0779","fg0876","fg0793"
"fq000803","vx_1bf0db3c7bc5a373","fg0181","1","fg0181","fg0662","fg0742","fg0884","fg0033","fg0045","fg0448","fg0496","fg0876","fg0582","fg0492","fg0879","fg0821","fg0757","fg0785","fg0985","fg0193","fg0163","fg0824","fg0046"
"fq000804","vx_1bf0db3c7bc5a373","fg0181","1","fg0181","fg0662","fg0742","fg0033","fg0962","fg0193","fg0879","fg0492","fg0757","fg0045","fg0496","fg0582","fg0163","fg0448","fg0809","fg0005","fg0821","fg0328","fg0884","fg0298"
"fq000805","vx_1bf0db3c7bc5a373","fg0181","1","fg0181","fg0662","fg0742","fg0879","fg0560","fg0612","fg0328","fg0584","fg0527","fg0962","fg0051","fg0668","fg0821","fg0757","fg0944","fg0148","fg0809","fg0033","fg0448","fg0824"
"fq000806","vx_4ba19f9edc45c716","fg0182","1","fg0182","fg0739","fg0763","fg0818","fg0834","fg0925","fg0529","fg0674","fg0271","fg0679","fg0043","fg0962","fg0776","fg0541","fg0615","fg0558","fg0197","fg0375","fg0382","fg0583"
"fq000807","vx_4ba19f9edc45c716","fg0182","1","fg0182","fg0739","fg0763","fg0962","fg0818","fg0834","fg0529","fg0558","fg0032","fg0271","fg0925","fg0718","fg0375","fg0541","fg0679","fg0719","fg0197","fg0794","fg0940","fg0837"
"fq000808","vx_4ba19f9edc45c716","fg0182","1","fg0182","fg0739","fg0763","fg0818","fg0595","fg0679","fg0719","fg0615","fg0776","fg0271","fg0834","fg0529","fg0802","fg0820","fg0925","fg0583","fg0700","fg0043","fg0674","fg0940"
"fq000809","vx_4ba19f9edc45c716","fg0182","1","fg0182","fg0763","fg0739","fg0558","fg0719","fg0197","fg0032","fg0834","fg0529","fg0818","fg0638","fg0718","fg0375","fg0962","fg0541","fg0776","fg0794","fg0615","fg0934","fg0925"
"fq000810","vx_4ba19f9edc45c716","fg0182","1","fg0182","fg0739","fg0763","fg0818","fg0834","fg0595","fg0679","fg0802","fg0615","fg0776","fg0032","fg0043","fg0719","fg0541","fg0558","fg0271","fg0820","fg0925","fg0529","fg0777"
"fq000811","vx_4ba19f9edc45c716","fg0182","1","fg0182","fg0739","fg0763","fg0818","fg0834","fg0197","fg0776","fg0558","fg0719","fg0615","fg0153","fg0529","fg0794","fg0541","fg0032","fg0638","fg0300","fg0549","fg0271","fg0722"
"fq000812","vx_4ba19f9edc45c716","fg0182","1","fg0182","fg0739","fg0763","fg0719","fg0197","fg0271","fg0818","fg0834","fg0776","fg0558","fg0541","fg0529","fg0802","fg0579","fg0043","fg0615","fg0679","fg0288","fg0638","fg0820"
"fq000813","vx_4ba19f9edc45c716","fg0182","1","fg0182","fg0763","fg0739","fg0818","fg0271","fg0719","fg0679","fg0834","fg0615","fg0802","fg0595","fg0541","fg0776","fg0043","fg0197","fg0820","fg0777","fg0579","fg0529","fg0583"
"fq000814","vx_4ba19f9edc45c716","fg0182","1","fg0182","fg0763","fg0739","fg0719","fg0820","fg0777","fg0802","fg0595","fg0017","fg0271","fg0679","fg0373","fg0508","fg0818","fg0300","fg0043","fg0197","fg0092","fg0558","fg0834"
"fq000815","vx_4ba19f9edc45c716","fg0182","1","fg0182","fg0763","fg0739","fg0818","fg0615","fg0776","fg0834","fg0802","fg0719","fg0529","fg0197","fg0558","fg0032","fg0679","fg0595","fg0583","fg0549","fg0043","fg0541","fg0925"
"fq000816","vx_4ba19f9edc45c716","fg0182","1","fg0182","fg0739","fg0763","fg0818","fg0271","fg0834","fg0541","fg0043","fg0940","fg0679","fg0719","fg0794","fg0802","fg0925","fg0776","fg0032","fg0583","fg0529","fg0615","fg0595"
"fq000817","vx_4ba19f9edc45c716","fg0182","1","fg0182","fg0739","fg0818","fg0763","fg0834","fg0615","fg0529","fg0802","fg0776","fg0558","fg0925","fg0032","fg0583","fg0595","fg0674","fg0794","fg0719","fg0271","fg0962","fg0043"
"fq000818","vx_4ba19f9edc45c716","fg0182","1","fg0182","fg0739","fg0763","fg0719","fg0271","fg0834","fg0529","fg0802","fg0818","fg0558","fg0197","fg0615","fg0776","fg0794","fg0595","fg0153","fg0541","fg0579","fg0925","fg0032"
"fq000819","vx_4ba19f9edc45c716","fg0182","1","fg0182","fg0763","fg0739","fg0776","fg0818","fg0615","fg0834","fg0529","fg0558","fg0719","fg0802","fg0197","fg0595","fg0271","fg0583","fg0541","fg0925","fg0032","fg0674","fg0718"
"fq000820","vx_059c8acaa111180b","fg0183","1","fg0183","fg0898","fg0953","fg0449","fg0379","fg0871","fg0085","fg0257","fg0093","fg0450","fg0068","fg0874","fg0857","fg0850","fg0144","fg0979","fg0473","fg0323","fg0440","fg0598"
"fq000821","vx_059c8acaa111180b","fg0183","1","fg0183","fg0898","fg0450","fg0405","fg0449","fg0953","fg0144","fg0411","fg0591","fg0379","fg0540","fg0412","fg0226","fg0973","fg0883","fg0874","fg0834","fg0097","fg0871","fg0979"
"fq000822","vx_624d77ba65242baa","fg0184","1","fg0184","fg0794","fg0312","fg0419","fg0270","fg0612","fg0231","fg0936","fg0146","fg0925","fg0186","fg0529","fg0327","fg0082","fg0824","fg0371","fg0778","fg0001","fg0147","fg0628"
"fq000823","vx_624d77ba65242baa","fg0184","1","fg0184","fg0794","fg0936","fg0925","fg0312","fg0186","fg0001","fg0529","fg0371","fg0146","fg0082","fg0778","fg0231","fg0270","fg0686","fg0639","fg0475","fg0327","fg0824","fg0616"
"fq000824","vx_624d77ba65242baa","fg0184","1","fg0184","fg0794","fg0686","fg0778","fg0312","fg0936","fg0602","fg0001","fg0186","fg0371","fg0688","fg0562","fg0519","fg0925","fg0146","fg0723","fg0529","fg0824","fg0472","fg0419"
"fq000825","vx_624d77ba65242baa","fg0184","1","fg0184","fg0794","fg0936","fg0327","fg0082","fg0686","fg0429","fg0475","fg0925","fg0962","fg0778","fg0573","fg0421","fg0186","fg0312","fg0270","fg0961","fg0602","fg0529","fg0146"
"fq000826","vx_36176049f014b4a4","fg0185","1","fg0185","fg0553","fg0963","fg0981","fg0756","fg0765","fg0966","fg0561","fg0109","fg0720","fg0053","fg0868","fg0664","fg0530","fg0654","fg0975","fg0359","fg0110","fg0740","fg0700"
"fq000827","vx_36176049f014b4a4","fg0185","1","fg0185","fg0756","fg0571","fg0943","fg0580","fg0350","fg0553","fg0126","fg0234","fg0664","fg0843","fg0855","fg0700","fg0712","fg0899","fg0761","fg0975","fg0809","fg0286","fg0654"
"fq000828","vx_36176049f014b4a4","fg0185","1","fg0185","fg0843","fg0756","fg0109","fg0943","fg0740","fg0126","fg0553","fg0580","fg0907","fg0228","fg0084","fg0605","fg0823","fg0067","fg0819","fg0191","fg0350","fg0169","fg0765"
"fq000829","vx_36176049f014b4a4","fg0185","1","fg0185","fg0843","fg0943","fg0499","fg0109","fg0350","fg0067","fg0907","fg0361","fg0571","fg0580","fg0756","fg0078","fg0438","fg0126","fg0211","fg0391","fg0228","fg0664","fg0790"
"fq000830","vx_36176049f014b4a4","fg0185","2","fg0553","fg0185","fg0963","fg0965","fg0868","fg0769","fg0561","fg0110","fg0338","fg0633","fg0323","fg0667","fg0981","fg0318","fg0993","fg0497","fg0507","fg0421","fg0990","fg0720"
"fq000831","vx_36176049f014b4a4","fg0185","1","fg0185","fg0756","fg0843","fg0907","fg0513","fg0855","fg0109","fg0740","fg0712","fg0654","fg0571","fg0943","fg0899","fg0580","fg0191","fg0553","fg0161","fg0669","fg0966","fg0186"
"fq000832","vx_36176049f014b4a4","fg0185","1","fg0185","fg0843","fg0756","fg0433","fg0580","fg0731","fg0571","fg0765","fg0361","fg0228","fg0553","fg0245","fg0191","fg0947","fg0943","fg0669","fg0981","fg0819","fg0169","fg0260"
"fq000833","vx_36176049f014b4a4","fg0185","1","fg0185","fg0756","fg0843","fg0109","fg0553","fg0654","fg0975","fg0169","fg0740","fg0126","fg0367","fg0605","fg0907","fg0084","fg0823","fg0565","fg0669","fg0361","fg0580","fg0359"
"fq000834","vx_36176049f014b4a4","fg0185","1","fg0185","fg0756","fg0571","fg0943","fg0843","fg0580","fg0067","fg0499","fg0361","fg0350","fg0975","fg0126","fg0553","fg0234","fg0899","fg0359","fg0186","fg0109","fg0817","fg0765"
"fq000835","vx_36176049f014b4a4","fg0185","1","fg0185","fg0553","fg0819","fg0109","fg0963","fg0791","fg0028","fg0195","fg0981","fg0654","fg0720","fg0212","fg0078","fg0002","fg0438","fg0173","fg0803","fg0361","fg0868","fg0975"
"fq000836","vx_36176049f014b4a4","fg0185","1","fg0185","fg0756","fg0943","fg0843","fg0928","fg0819","fg0367","fg0077","fg0899","fg0126","fg0580","fg0869","fg0566","fg0675","fg0067","fg0842","fg0844","fg0200","fg0700","fg0433"
"fq000837","vx_36176049f014b4a4","fg0185","1","fg0185","fg0943","fg0109","fg0361","fg0126","fg0843","fg0228","fg0756","fg0289","fg0819","fg0571","fg0855","fg0518","fg0169","fg0067","fg0817","fg0712","fg0234","fg0886","fg0350"
"fq000838","vx_36176049f014b4a4","fg0185","1","fg0185","fg0756","fg0843","fg0169","fg0943","fg0109","fg0289","fg0823","fg0367","fg0211","fg0067","fg0513","fg0126","fg0899","fg0359","fg0580","fg0740","fg0674","fg0855","fg0194"
"fq000839","vx_36176049f014b4a4","fg0185","1","fg0185","fg0756","fg0553","fg0928","fg0975","fg0966","fg0367","fg0899","fg0654","fg0368","fg0843","fg0580","fg0571","fg0963","fg0981","fg0765","fg0433","fg0943","fg0513","fg0731"
"fq000840","vx_36176049f014b4a4","fg0185","1","fg0185","fg0943","fg0756","fg0350","fg0843","fg0126","fg0675","fg0067","fg0571","fg0200","fg0580","fg0664","fg0700","fg0234","fg0186","fg0819","fg0869","fg0443","fg0438","fg0928"
"fq000841","vx_36176049f014b4a4","fg0185","1","fg0185","fg0756","fg0580","fg0943","fg0899","fg0712","fg0553","fg0843","fg0350","fg0700","fg0126","fg0286","fg0664","fg0844","fg0361","fg0566","fg0675","fg0571","fg0234","fg0855"
"fq000842","vx_36176049f014b4a4","fg0185","1","fg0185","fg0756","fg0843","fg0966","fg0109","fg0819","fg0907","fg0765","fg0951","fg0565","fg0654","fg0740","fg0580","fg0899","fg0553","fg0513","fg0367","fg0544","fg0669","fg0712"
"fq000843","vx_36176049f014b4a4","fg0185","1","fg0185","fg0553","fg0868","fg0361","fg0907","fg0084","fg0109","fg0228","fg0740","fg0963","fg0078","fg0843","fg0700","fg0975","fg0126","fg0819","fg0286","fg0605","fg0765","fg0712"
"fq000844","vx_36176049f014b4a4","fg0185","1","fg0185","fg0756","fg0843","fg0943","fg0580","fg0361","fg0126","fg0367","fg0855","fg0712","fg0819","fg0109","fg0899","fg0907","fg0740","fg0067","fg0518","fg0289","fg0675","fg0161"
"fq000845","vx_36176049f014b4a4","fg0185","1","fg0185","fg0580","fg0756","fg0843","fg0654","fg0981","fg0084","fg0819","fg0571","fg0605","fg0966","fg0664","fg0975","fg0350","fg0700","fg0765","fg0438","fg0855","fg0161","fg0234"
"fq000846","vx_36176049f014b4a4","fg0185","1","fg0185","fg0756","fg0943","fg0580","fg0843","fg0571","fg0700","fg0855","fg0712","fg0234","fg0286","fg0350","fg0361","fg0186","fg0126","fg0899","fg0664","fg0819","fg0675","fg0765"
"fq000847","vx_36176049f014b4a4","fg0185","1","fg0185","fg0756","fg0553","fg0580","fg0740","fg0654","fg0843","fg0109","fg0084","fg0712","fg0963","fg0975","fg0765","fg0605","fg0855","fg0907","fg0126","fg0367","fg0819","fg0669"
"fq000848","vx_36176049f014b4a4","fg0185","1","fg0185","fg0943","fg0580","fg0756","fg0361","fg0234","fg0161","fg0843","fg0700","fg0855","fg0819","fg0675","fg0571","fg0899","fg0200","fg0844","fg0664","fg0286","fg0499","fg0350"
"fq000849","vx_36176049f014b4a4","fg0185","1","fg0185","fg0963","fg0553","fg0561","fg0981","fg0195","fg0769","fg0530","fg0754","fg0345","fg0318","fg0028","fg0868","fg0109","fg0281","fg0323","fg0169","fg0947","fg0421","fg0765"
"fq000850","vx_36176049f014b4a4","fg0185","1","fg0185","fg0756","fg0843","fg0907","fg0943","fg0126","fg0740","fg0109","fg0067","fg0367","fg0675","fg0899","fg0580","fg0712","fg0513","fg0350","fg0692","fg0077","fg0186","fg0966"
"fq000851","vx_36176049f014b4a4","fg0185","1","fg0185","fg0943","fg0843","fg0126","fg0907","fg0350","fg0186","fg0361","fg0109","fg0675","fg0571","fg0228","fg0855","fg0756","fg0067","fg0817","fg0438","fg0367","fg0664","fg0819"
"fq000852","vx_36176049f014b4a4","fg0185","1","fg0185","fg0553","fg0740","fg0712","fg0819","fg0654","fg0907","fg0580","fg0756","fg0843","fg0084","fg0947","fg0513","fg0868","fg0966","fg0228","fg0963","fg0951","fg0773","fg0338"
"fq000853","vx_36176049f014b4a4","fg0185","1","fg0185","fg0843","fg0756","fg0907","fg0126","fg0228","fg0740","fg0367","fg0109","fg0361","fg0712","fg0943","fg0819","fg0942","fg0518","fg0806","fg0191","fg0692","fg0675","fg0067"
"fq000854","vx_36176049f014b4a4","fg0185","1","fg0185","fg0843","fg0361","fg0819","fg0126","fg0109","fg0438","fg0855","fg0350","fg0580","fg0907","fg0700","fg0553","fg0756","fg0943","fg0499","fg0740","fg0654","fg0571","fg0664"
"fq000855","vx_36176049f014b4a4","fg0185","1","fg0185","fg0756","fg0228","fg0843","fg0819","fg0361","fg0907","fg0740","fg0126","fg0109","fg0806","fg0367","fg0084","fg0955","fg0518","fg0817","fg0499","fg0942","fg0943","fg0712"
"fq000856","vx_36176049f014b4a4","fg0185","1","fg0185","fg0580","fg0843","fg0756","fg0943","fg0819","fg0067","fg0571","fg0855","fg0438","fg0669","fg0654","fg0433","fg0191","fg0361","fg0161","fg0169","fg0740","fg0712","fg0605"
"fq000857","vx_26d2f0afa1bebe35","fg0186","1","fg0186","fg0485","fg0907","fg0103","fg0146","fg0616","fg0943","fg0961","fg0090","fg0747","fg0885","fg0843","fg0797","fg0452","fg0391","fg0972","fg0554","fg0022","fg0334","fg0067"
"fq000858","vx_f39ed43ed2fd32a9","fg0187","1","fg0187","fg0018","fg0895","fg0151","fg0197","fg0355","fg1000","fg0411","fg0810","fg0772","fg0638","fg0630","fg0834","fg0938","fg0374","fg0525","fg0794","fg0957","fg0108","fg0299"
"fq000859","vx_f39ed43ed2fd32a9","fg0187","1","fg0187","fg0018","fg0197","fg0895","fg0355","fg0789","fg0500","fg0411","fg0262","fg0599","fg0794","fg0834","fg0638","fg0772","fg0270","fg0922","fg0151","fg0444","fg0749","fg0541"
"fq000860","vx_f39ed43ed2fd32a9","fg0187","1","fg0187","fg0411","fg0895","fg0018","fg0262","fg0807","fg0638","fg0789","fg0355","fg0632","fg0151","fg0888","fg0869","fg0103","fg0940","fg0967","fg0197","fg0878","fg0374","fg0995"
"fq000861","vx_8b7a69f624e1a65f","fg0188","1","fg0188","fg0602","fg0833","fg0930","fg0709","fg0831","fg0056","fg0005","fg0749","fg0418","fg0882","fg0353","fg0582","fg0912","fg0011","fg0380","fg0108","fg0592","fg0219","fg0578"
"fq000862","vx_4860bf36cb98ead3","fg0189","1","fg0189","fg0100","fg0041","fg0237","fg0236","fg0199","fg0547","fg0935","fg0435","fg0278","fg0691","fg0994","fg0052","fg0216","fg0111","fg0636","fg0723","fg0654","fg0884","fg0904"
"fq000863","vx_185f4683078dcd40","fg0190","1","fg0190","fg0735","fg0069","fg0670","fg0666","fg0097","fg0749","fg0813","fg0707","fg0945","fg0147","fg0922","fg0249","fg0607","fg0471","fg0270","fg0522","fg0250","fg0551","fg0772"
"fq000864","vx_01f1a48c4da6327d","fg0191","1","fg0191","fg0747","fg0229","fg0172","fg0536","fg0712","fg0831","fg0334","fg0722","fg0870","fg0579","fg0627","fg0428","fg0749","fg0039","fg0945","fg0584","fg0268","fg0218","fg0518"
"fq000865","vx_01f1a48c4da6327d","fg0191","1","fg0191","fg0712","fg0247","fg0747","fg0474","fg0367","fg0211","fg0334","fg0835","fg0907","fg0515","fg0588","fg0527","fg0347","fg0173","fg0793","fg0448","fg0841","fg0947","fg0587"
"fq000866","vx_01f1a48c4da6327d","fg0191","1","fg0191","fg0334","fg0747","fg0712","fg0367","fg0331","fg0474","fg0835","fg0298","fg0831","fg0211","fg0247","fg0841","fg0947","fg0588","fg0740","fg0867","fg0195","fg0973","fg0703"
"fq000867","vx_01f1a48c4da6327d","fg0191","1","fg0191","fg0747","fg0334","fg0831","fg0229","fg0712","fg0172","fg0835","fg0536","fg0347","fg0211","fg0627","fg0367","fg0749","fg0870","fg0417","fg0740","fg0428","fg0247","fg0945"
"fq000868","vx_01f1a48c4da6327d","fg0191","1","fg0191","fg0747","fg0334","fg0211","fg0347","fg0247","fg0474","fg0831","fg0712","fg0367","fg0282","fg0790","fg0229","fg0835","fg0907","fg0195","fg0331","fg0870","fg0843","fg0973"
"fq000869","vx_01f1a48c4da6327d","fg0191","1","fg0191","fg0712","fg0747","fg0334","fg0367","fg0229","fg0307","fg0218","fg0907","fg0474","fg0211","fg0173","fg0039","fg0268","fg0515","fg0247","fg0172","fg0347","fg0448","fg0811"
"fq000870","vx_01f1a48c4da6327d","fg0191","1","fg0191","fg0747","fg0334","fg0722","fg0347","fg0841","fg0712","fg0831","fg0835","fg0229","fg0218","fg0749","fg0973","fg0889","fg0307","fg0367","fg0247","fg0211","fg0331","fg0627"
"fq000871","vx_01f1a48c4da6327d","fg0191","1","fg0191","fg0747","fg0334","fg0831","fg0247","fg0712","fg0835","fg0367","fg0211","fg0347","fg0627","fg0722","fg0536","fg0749","fg0841","fg0258","fg0740","fg0229","fg0870","fg0331"
"fq000872","vx_01f1a48c4da6327d","fg0191","1","fg0191","fg0747","fg0712","fg0831","fg0247","fg0307","fg0211","fg0347","fg0229","fg0334","fg0474","fg0518","fg0218","fg0448","fg0367","fg0515","fg0268","fg0841","fg0616","fg0258"
"fq000873","vx_01f1a48c4da6327d","fg0191","1","fg0191","fg0747","fg0334","fg0712","fg0973","fg0367","fg0831","fg0474","fg0947","fg0835","fg0211","fg0588","fg0841","fg0247","fg0335","fg0347","fg0527","fg0218","fg0382","fg0793"
"fq000874","vx_01f1a48c4da6327d","fg0191","1","fg0191","fg0747","fg0334","fg0835","fg0536","fg0367","fg0712","fg0247","fg0627","fg0722","fg0831","fg0347","fg0841","fg0945","fg0735","fg0211","fg0218","fg0740","fg0229","fg0307"
"fq000875","vx_01f1a48c4da6327d","fg0191","1","fg0191","fg0747","fg0247","fg0712","fg0831","fg0367","fg0334","fg0211","fg0907","fg0474","fg0793","fg0835","fg0229","fg0347","fg0282","fg0331","fg0306","fg0515","fg0448","fg0307"
"fq000876","vx_01f1a48c4da6327d","fg0191","1","fg0191","fg0747","fg0334","fg0211","fg0247","fg0367","fg0712","fg0347","fg0835","fg0831","fg0474","fg0841","fg0907","fg0278","fg0973","fg0331","fg0843","fg0218","fg0793","fg0307"
"fq000877","vx_01f1a48c4da6327d","fg0191","1","fg0191","fg0747","fg0334","fg0211","fg0367","fg0474","fg0247","fg0831","fg0793","fg0712","fg0835","fg0841","fg0907","fg0588","fg0973","fg0331","fg0347","fg0173","fg0195","fg0438"
"fq000878","vx_01f1a48c4da6327d","fg0191","1","fg0191","fg0712","fg0747","fg0229","fg0307","fg0211","fg0334","fg0907","fg0218","fg0172","fg0195","fg0986","fg0474","fg0046","fg0421","fg0367","fg0417","fg0740","fg0843","fg0831"
"fq000879","vx_01f1a48c4da6327d","fg0191","1","fg0191","fg0747","fg0334","fg0474","fg0367","fg0211","fg0835","fg0247","fg0831","fg0841","fg0712","fg0793","fg0347","fg0331","fg0973","fg0647","fg0588","fg0229","fg0258","fg0907"
"fq000880","vx_01f1a48c4da6327d","fg0191","1","fg0191","fg0712","fg0334","fg0747","fg0367","fg0331","fg0211","fg0740","fg0474","fg0218","fg0841","fg0518","fg0195","fg0889","fg0229","fg0647","fg0347","fg0335","fg0172","fg0835"
"fq000881","vx_01f1a48c4da6327d","fg0191","1","fg0191","fg0747","fg0334","fg0172","fg0229","fg0536","fg0870","fg0749","fg0831","fg0712","fg0722","fg0039","fg0735","fg0945","fg0627","fg0367","fg0579","fg0428","fg0307","fg0518"
"fq000882","vx_01f1a48c4da6327d","fg0191","1","fg0191","fg0211","fg0747","fg0334","fg0712","fg0247","fg0474","fg0347","fg0173","fg0907","fg0835","fg0811","fg0793","fg0515","fg0307","fg0841","fg0367","fg0565","fg0947","fg0126"
"fq000883","vx_01f1a48c4da6327d","fg0191","1","fg0191","fg0712","fg0211","fg0474","fg0367","fg0747","fg0347","fg0515","fg0334","fg0307","fg0835","fg0843","fg0247","fg0218","fg0448","fg0173","fg0582","fg0126","fg0907","fg0039"
"fq000884","vx_01f1a48c4da6327d","fg0191","1","fg0191","fg0712","fg0747","fg0367","fg0229","fg0334","fg0474","fg0211","fg0307","fg0518","fg0268","fg0247","fg0218","fg0448","fg0907","fg0835","fg0347","fg0278","fg0515","fg0258"
"fq000885","vx_01f1a48c4da6327d","fg0191","1","fg0191","fg0712","fg0334","fg0747","fg0211","fg0229","fg0367","fg0218","fg0307","fg0474","fg0347","fg0448","fg0331","fg0907","fg0172","fg0843","fg0126","fg0835","fg0515","fg0811"
"fq000886","vx_01f1a48c4da6327d","fg0191","1","fg0191","fg0712","fg0211","fg0747","fg0334","fg0831","fg0347","fg0096","fg0307","fg0907","fg0247","fg0367","fg0173","fg0843","fg0474","fg0448","fg0515","fg0835","fg0195","fg0306"
"fq000887","vx_01f1a48c4da6327d","fg0191","1","fg0191","fg0747","fg0334","fg0367","fg0712","fg0229","fg0831","fg0870","fg0536","fg0247","fg0172","fg0835","fg0627","fg0841","fg0740","fg0039","fg0331","fg0278","fg0268","fg0428"
"fq000888","vx_01f1a48c4da6327d","fg0191","1","fg0191","fg0334","fg0747","fg0367","fg0831","fg0835","fg0247","fg0749","fg0841","fg0712","fg0627","fg0347","fg0211","fg0536","fg0331","fg0889","fg0298","fg0870","fg0474","fg0588"
"fq000889","vx_01f1a48c4da6327d","fg0191","1","fg0191","fg0712","fg0347","fg0367","fg0211","fg0307","fg0218","fg0334","fg0515","fg0474","fg0740","fg0173","fg0518","fg0448","fg0747","fg0950","fg0582","fg0835","fg0229","fg0841"
"fq000890","vx_01f1a48c4da6327d","fg0191","1","fg0191","fg0712","fg0747","fg0334","fg0247","fg0367","fg0173","fg0211","fg0835","fg0448","fg0474","fg0347","fg0282","fg0907","fg0307","fg0515","fg0793","fg0229","fg0562","fg0096"
"fq000891","vx_01f1a48c4da6327d","fg0191","1","fg0191","fg0747","fg0334","fg0712","fg0749","fg0831","fg0627","fg0835","fg0945","fg0740","fg0211","fg0536","fg0870","fg0347","fg0579","fg0229","fg0367","fg0722","fg0172","fg0518"
"fq000892","vx_01f1a48c4da6327d","fg0191","1","fg0191","fg0712","fg0747","fg0247","fg0367","fg0474","fg0229","fg0211","fg0334","fg0218","fg0582","fg0046","fg0307","fg0448","fg0740","fg0835","fg0986","fg0278","fg0907","fg0515"
"fq000893","vx_01f1a48c4da6327d","fg0191","1","fg0191","fg0747","fg0211","fg0712","fg0474","fg0367","fg0515","fg0907","fg0307","fg0247","fg0448","fg0334","fg0841","fg0843","fg0347","fg0195","fg0314","fg0809","fg0421","fg0298"
"fq000894","vx_01f1a48c4da6327d","fg0191","1","fg0191","fg0747","fg0211","fg0367","fg0712","fg0334","fg0195","fg0841","fg0831","fg0247","fg0474","fg0229","fg0347","fg0907","fg0843","fg0947","fg0172","fg0740","fg0331","fg0218"
"fq000895","vx_01f1a48c4da6327d","fg0191","1","fg0191","fg0747","fg0334","fg0536","fg0627","fg0367","fg0740","fg0835","fg0831","fg0722","fg0749","fg0712","fg0584","fg0757","fg0417","fg0579","fg0247","fg0945","fg0347","fg0218"
"fq000896","vx_01f1a48c4da6327d","fg0191","1","fg0191","fg0712","fg0747","fg0307","fg0515","fg0229","fg0218","fg0268","fg0474","fg0278","fg0247","fg0448","fg0046","fg0211","fg0347","fg0039","fg0811","fg0367","fg0338","fg0947"
"fq000897","vx_01f1a48c4da6327d","fg0191","1","fg0191","fg0712","fg0747","fg0367","fg0334","fg0307","fg0211","fg0247","fg0347","fg0218","fg0039","fg0907","fg0229","fg0448","fg0518","fg0947","fg0950","fg0173","fg0515","fg0046"
"fq000898","vx_01f1a48c4da6327d","fg0191","1","fg0191","fg0747","fg0211","fg0334","fg0367","fg0474","fg0712","fg0835","fg0247","fg0740","fg0841","fg0173","fg0347","fg0278","fg0947","fg0298","fg0518","fg0218","fg0723","fg0207"
"fq000899","vx_01f1a48c4da6327d","fg0191","1","fg0191","fg0747","fg0334","fg0749","fg0536","fg0831","fg0627","fg0722","fg0367","fg0740","fg0712","fg0922","fg0190","fg0835","fg0735","fg0211","fg0889","fg0841","fg0945","fg0579"
"fq000900","vx_01f1a48c4da6327d","fg0191","1","fg0191","fg0334","fg0712","fg0474","fg0211","fg0747","fg0367","fg0907","fg0835","fg0247","fg0841","fg0793","fg0448","fg0811","fg0515","fg0347","fg0565","fg0173","fg0657","fg0843"
"fq000901","vx_01f1a48c4da6327d","fg0191","1","fg0191","fg0712","fg0747","fg0229","fg0474","fg0334","fg0307","fg0173","fg0907","fg0247","fg0811","fg0211","fg0791","fg0986","fg0515","fg0657","fg0172","fg0338","fg0268","fg0039"
"fq000902","vx_01f1a48c4da6327d","fg0191","1","fg0191","fg0747","fg0334","fg0247","fg0835","fg0211","fg0474","fg0712","fg0367","fg0831","fg0229","fg0278","fg0973","fg0841","fg0258","fg0843","fg0947","fg0172","fg0347","fg0907"
"fq000903","vx_01f1a48c4da6327d","fg0191","1","fg0191","fg0712","fg0229","fg0986","fg0307","fg0046","fg0211","fg0218","fg0518","fg0195","fg0172","fg0421","fg0474","fg0513","fg0039","fg0573","fg0347","fg0428","fg0268","fg0811"
"fq000904","vx_01f1a48c4da6327d","fg0191","1","fg0191","fg0747","fg0474","fg0334","fg0367","fg0211","fg0247","fg0841","fg0907","fg0793","fg0835","fg0831","fg0712","fg0740","fg0331","fg0347","fg0588","fg0573","fg0448","fg0647"
"fq000905","vx_01f1a48c4da6327d","fg0191","1","fg0191","fg0334","fg0229","fg0712","fg0747","fg0172","fg0211","fg0474","fg0046","fg0428","fg0247","fg0589","fg0268","fg0367","fg0831","fg0907","fg0988","fg0986","fg0835","fg0941"
"fq000906","vx_c1b25b28e503ae28","fg0192","1","fg0192","fg0512","fg0993","fg0440","fg0963","fg0302","fg0603","fg0667","fg0606","fg0598","fg0358","fg0296","fg0543","fg0012","fg0992","fg0933","fg0672","fg0497","fg0868","fg0323"
"fq000907","vx_dd907b77993501be","fg0193","1","fg0193","fg0728","fg0996","fg0476","fg0748","fg0055","fg0634","fg0443","fg0845","fg0644","fg0268","fg0945","fg0700","fg0978","fg0425","fg0063","fg0377","fg0915","fg0985","fg0703"
"fq000908","vx_197ed2deba1ca79e","fg0194","1","fg0194","fg0333","fg1000","fg0929","fg0289","fg0108","fg0816","fg0381","fg0549","fg0417","fg0860","fg0555","fg0052","fg0931","fg0584","fg0518","fg0823","fg0428","fg0742","fg0476"
"fq000909","vx_ee919c2dffe0c71e","fg0195","1","fg0195","fg0790","fg0438","fg0499","fg0725","fg0211","fg0391","fg0477","fg0388","fg0164","fg0309","fg0752","fg0901","fg0907","fg0998","fg0534","fg0316","fg0862","fg0082","fg0505"
"fq000910","vx_adf8118ec20aaad5","fg0196","1","fg0196","fg0677","fg0308","fg0209","fg0453","fg0766","fg0434","fg0639","fg0517","fg0744","fg0876","fg0782","fg0246","fg0560","fg0949","fg0617","fg0576","fg0488","fg0759","fg0581"
"fq000911","vx_adf8118ec20aaad5","fg0196","1","fg0196","fg0677","fg0209","fg0766","fg0560","fg0949","fg0453","fg0876","fg0782","fg0434","fg0308","fg0581","fg0246","fg0639","fg0576","fg0617","fg0517","fg0759","fg0063","fg0822"
"fq000912","vx_315fba10c6127837","fg0197","1","fg0197","fg0772","fg0719","fg0735","fg0722","fg0018","fg0895","fg0153","fg0469","fg0270","fg0583","fg0783","fg0536","fg0854","fg0922","fg0500","fg0794","fg0821","fg0627","fg0749"
"fq000913","vx_315fba10c6127837","fg0197","1","fg0197","fg0772","fg0783","fg0719","fg0627","fg0895","fg0735","fg0018","fg0583","fg0153","fg0722","fg0469","fg0652","fg0983","fg0270","fg0794","fg0854","fg0821","fg0922","fg0749"
"fq000914","vx_315fba10c6127837","fg0197","1","fg0197","fg0772","fg0719","fg0895","fg0153","fg0018","fg0735","fg0783","fg0722","fg0469","fg0922","fg0270","fg0854","fg0749","fg0536","fg0627","fg0500","fg0794","fg0859","fg0638"
"fq000915","vx_315fba10c6127837","fg0197","1","fg0197","fg0772","fg0719","fg0735","fg0153","fg0722","fg0895","fg0018","fg0270","fg0783","fg0541","fg0859","fg0583","fg0834","fg0627","fg0469","fg0922","fg0854","fg0749","fg0794"
"fq000916","vx_315fba10c6127837","fg0197","1","fg0197","fg0772","fg0719","fg0783","fg0018","fg0895","fg0735","fg0627","fg0854","fg0583","fg0722","fg0270","fg0794","fg0922","fg0153","fg0469","fg0536","fg0749","fg0652","fg0549"
"fq000917","vx_315fba10c6127837","fg0197","1","fg0197","fg0772","fg0719","fg0735","fg0722","fg0153","fg0895","fg0018","fg0541","fg0783","fg0270","fg0469","fg0627","fg0922","fg0536","fg0638","fg0854","fg0652","fg0749","fg0878"
"fq000918","vx_315fba10c6127837","fg0197","1","fg0197","fg0719","fg0772","fg0018","fg0735","fg0895","fg0153","fg0722","fg0469","fg0270","fg0783","fg0854","fg0922","fg0749","fg0541","fg0583","fg0627","fg0794","fg0652","fg0834"
"fq000919","vx_315fba10c6127837","fg0197","1","fg0197","fg0772","fg0895","fg0018","fg0735","fg0783","fg0922","fg0749","fg0153","fg0794","fg0719","fg0500","fg0270","fg0469","fg0147","fg0652","fg0583","fg0722","fg0627","fg0355"
"fq000920","vx_315fba10c6127837","fg0197","1","fg0197","fg0652","fg0772","fg0895","fg0018","fg0719","fg0469","fg0783","fg0922","fg0270","fg0735","fg0147","fg0854","fg0749","fg0153","fg0444","fg0500","fg0355","fg0722","fg0299"
"fq000921","vx_315fba10c6127837","fg0197","1","fg0197","fg0772","fg0783","fg0719","fg0854","fg0735","fg0722","fg0153","fg0583","fg0627","fg0652","fg0983","fg0018","fg0469","fg0794","fg0270","fg0922","fg0029","fg0190","fg0749"
"fq000922","vx_315fba10c6127837","fg0197","1","fg0197","fg0783","fg0772","fg0270","fg0719","fg0854","fg0018","fg0469","fg0500","fg0922","fg0722","fg0735","fg0895","fg0627","fg0583","fg0147","fg0652","fg0749","fg0262","fg0153"
"fq000923","vx_315fba10c6127837","fg0197","1","fg0197","fg0772","fg0719","fg0735","fg0722","fg0018","fg0895","fg0153","fg0783","fg0469","fg0270","fg0922","fg0500","fg0749","fg0541","fg0854","fg0627","fg0262","fg0834","fg0652"
"fq000924","vx_315fba10c6127837","fg0197","1","fg0197","fg0719","fg0772","fg0735","fg0153","fg0895","fg0722","fg0783","fg0018","fg0469","fg0541","fg0270","fg0627","fg0854","fg0652","fg0859","fg0878","fg0922","fg0794","fg0834"
"fq000925","vx_315fba10c6127837","fg0197","1","fg0197","fg0719","fg0772","fg0735","fg0153","fg0722","fg0583","fg0783","fg0270","fg0018","fg0895","fg0922","fg0854","fg0652","fg0469","fg0627","fg0500","fg0549","fg0541","fg0190"
"fq000926","vx_315fba10c6127837","fg0197","1","fg0197","fg0719","fg0772","fg0018","fg0735","fg0722","fg0895","fg0469","fg0270","fg0153","fg0190","fg0783","fg0500","fg0922","fg0749","fg0878","fg0583","fg0627","fg0541","fg0854"
"fq000927","vx_533a914f811b8efd","fg0198","1","fg0198","fg0718","fg0881","fg0305","fg0295","fg0558","fg0154","fg0954","fg0139","fg0914","fg0278","fg0515","fg0594","fg0116","fg0128","fg0852","fg0699","fg0174","fg0766","fg0360"
"fq000928","vx_533a914f811b8efd","fg0198","1","fg0198","fg0718","fg0881","fg0305","fg0295","fg0558","fg0139","fg0154","fg0278","fg0116","fg0914","fg0954","fg0594","fg0803","fg0515","fg0811","fg0360","fg0068","fg0852","fg0581"
"fq000929","vx_533a914f811b8efd","fg0198","1","fg0198","fg0718","fg0881","fg0305","fg0558","fg0295","fg0139","fg0154","fg0914","fg0954","fg0116","fg0278","fg0515","fg0581","fg0766","fg0174","fg0594","fg0335","fg0699","fg0221"
"fq000930","vx_533a914f811b8efd","fg0198","1","fg0198","fg0718","fg0881","fg0305","fg0558","fg0278","fg0295","fg0139","fg0116","fg0154","fg0914","fg0594","fg0581","fg0954","fg0766","fg0515","fg0699","fg0174","fg0417","fg0178"
"fq000931","vx_533a914f811b8efd","fg0198","1","fg0198","fg0718","fg0881","fg0305","fg0295","fg0558","fg0278","fg0154","fg0914","fg0139","fg0954","fg0116","fg0581","fg0594","fg0811","fg0515","fg0360","fg0569","fg0699","fg0068"
"fq000932","vx_533a914f811b8efd","fg0198","1","fg0198","fg0718","fg0881","fg0305","fg0295","fg0278","fg0558","fg0139","fg0154","fg0954","fg0594","fg0116","fg0914","fg0515","fg0803","fg0360","fg0178","fg0068","fg0852","fg0811"
"fq000933","vx_533a914f811b8efd","fg0198","1","fg0198","fg0718","fg0881","fg0305","fg0558","fg0295","fg0278","fg0154","fg0139","fg0954","fg0594","fg0914","fg0116","fg0699","fg0569","fg0581","fg0766","fg0360","fg0417","fg0335"
"fq000934","vx_533a914f811b8efd","fg0198","1","fg0198","fg0718","fg0881","fg0305","fg0558","fg0295","fg0278","fg0154","fg0139","fg0954","fg0914","fg0594","fg0116","fg0766","fg0515","fg0569","fg0699","fg0068","fg0803","fg0335"
"fq000935","vx_533a914f811b8efd","fg0198","1","fg0198","fg0718","fg0881","fg0305","fg0154","fg0558","fg0295","fg0278","fg0139","fg0569","fg0594","fg0335","fg0699","fg0914","fg0116","fg0581","fg0938","fg0360","fg0068","fg0811"
"fq000936","vx_533a914f811b8efd","fg0198","1","fg0198","fg0718","fg0881","fg0305","fg0558","fg0295","fg0278","fg0154","fg0954","fg0139","fg0914","fg0699","fg0116","fg0766","fg0581","fg0515","fg0569","fg0417","fg0803","fg0360"
"fq000937","vx_533a914f811b8efd","fg0198","1","fg0198","fg0718","fg0881","fg0305","fg0558","fg0295","fg0278","fg0139","fg0154","fg0954","fg0594","fg0914","fg0417","fg0116","fg0515","fg0174","fg0025","fg0221","fg0811","fg0068"
"fq000938","vx_533a914f811b8efd","fg0198","1","fg0198","fg0718","fg0305","fg0881","fg0558","fg0278","fg0295","fg0954","fg0154","fg0174","fg0722","fg0594","fg0139","fg0417","fg0515","fg0290","fg0811","fg0914","fg0360","fg0803"
"fq000939","vx_533a914f811b8efd","fg0198","1","fg0198","fg0718","fg0881","fg0305","fg0558","fg0154","fg0295","fg0139","fg0278","fg0594","fg0569","fg0116","fg0699","fg0954","fg0914","fg0766","fg0128","fg0581","fg0360","fg0557"
"fq000940","vx_533a914f811b8efd","fg0198","1","fg0198","fg0718","fg0881","fg0558","fg0305","fg0295","fg0154","fg0139","fg0278","fg0914","fg0515","fg0954","fg0116","fg0594","fg0766","fg0581","fg0174","fg0417","fg0178","fg0221"
"fq000941","vx_533a914f811b8efd","fg0198","1","fg0198","fg0718","fg0881","fg0305","fg0558","fg0278","fg0295","fg0811","fg0954","fg0803","fg0139","fg0154","fg0174","fg0594","fg0914","fg0852","fg0417","fg0116","fg0360","fg0515"
"fq000942","vx_533a914f811b8efd","fg0198","1","fg0198","fg0718","fg0305","fg0881","fg0558","fg0295","fg0954","fg0278","fg0139","fg0154","fg0722","fg0417","fg0914","fg0116","fg0594","fg0569","fg0221","fg0557","fg0699","fg0335"
"fq000943","vx_533a914f811b8efd","fg0198","1","fg0198","fg0718","fg0881","fg0305","fg0558","fg0295","fg0278","fg0139","fg0154","fg0954","fg0594","fg0174","fg0914","fg0811","fg0116","fg0417","fg0722","fg0699","fg0569","fg0557"
"fq000944","vx_533a914f811b8efd","fg0198","1","fg0198","fg0718","fg0881","fg0305","fg0558","fg0154","fg0295","fg0278","fg0139","fg0569","fg0914","fg0954","fg0699","fg0581","fg0116","fg0594","fg0766","fg0128","fg0938","fg0360"
"fq000945","vx_533a914f811b8efd","fg0198","1","fg0198","fg0718","fg0881","fg0305","fg0558","fg0295","fg0278","fg0154","fg0914","fg0954","fg0139","fg0594","fg0811","fg0803","fg0699","fg0116","fg0417","fg0174","fg0360","fg0009"
"fq000946","vx_533a914f811b8efd","fg0198","1","fg0198","fg0718","fg0881","fg0305","fg0295","fg0558","fg0154","fg0139","fg0278","fg0954","fg0914","fg0699","fg0116","fg0515","fg0417","fg0581","fg0128","fg0803","fg0594","fg0569"
"fq000947","vx_533a914f811b8efd","fg0198","1","fg0198","fg0718","fg0881","fg0305","fg0558","fg0154","fg0295","fg0139","fg0278","fg0914","fg0699","fg0116","fg0954","fg0360","fg0803","fg0557","fg0515","fg0335","fg0068","fg0811"
"fq000948","vx_533a914f811b8efd","fg0198","1","fg0198","fg0718","fg0881","fg0305","fg0154","fg0295","fg0558","fg0139","fg0569","fg0278","fg0954","fg0594","fg0938","fg0699","fg0068","fg0335","fg0581","fg0914","fg0116","fg0128"
"fq000949","vx_533a914f811b8efd","fg0198","1","fg0198","fg0718","fg0881","fg0305","fg0295","fg0558","fg0278","fg0914","fg0954","fg0139","fg0154","fg0803","fg0116","fg0811","fg0360","fg0594","fg0335","fg0515","fg0569","fg0068"
"fq000950","vx_533a914f811b8efd","fg0198","1","fg0198","fg0718","fg0881","fg0558","fg0305","fg0295","fg0278","fg0954","fg0154","fg0139","fg0914","fg0417","fg0581","fg0174","fg0594","fg0116","fg0699","fg0515","fg0766","fg0569"
"fq000951","vx_533a914f811b8efd","fg0198","1","fg0198","fg0718","fg0881","fg0305","fg0558","fg0295","fg0278","fg0154","fg0139","fg0914","fg0116","fg0581","fg0954","fg0594","fg0699","fg0766","fg0360","fg0515","fg0068","fg0174"
"fq000952","vx_adcc56d18b4e29b8","fg0199","1","fg0199","fg0189","fg0636","fg0904","fg0010","fg0089","fg0935","fg0435","fg0654","fg0994","fg0696","fg0104","fg0111","fg0052","fg0991","fg0014","fg0522","fg0026","fg0508","fg0787"
"fq000953","vx_f0df86141e5b253b","fg0200","1","fg0200","fg0761","fg0115","fg0943","fg0700","fg0623","fg0473","fg0876","fg0636","fg0822","fg0179","fg0694","fg0817","fg0531","fg0664","fg0566","fg0773","fg0218","fg0465","fg0774"
"fq000954","vx_7162bccfaf550990","fg0201","1","fg0201","fg0849","fg0563","fg0259","fg0210","fg0496","fg0156","fg0086","fg0713","fg0310","fg0547","fg0968","fg0127","fg0031","fg0092","fg0620","fg0706","fg0492","fg0957","fg0301"
"fq000955","vx_7162bccfaf550990","fg0201","1","fg0201","fg0259","fg0156","fg0086","fg0496","fg0210","fg0734","fg0310","fg0301","fg0031","fg0849","fg0620","fg0492","fg0139","fg0876","fg0713","fg0563","fg0127","fg0112","fg0423"
"fq000956","vx_c949f80f2985c964","fg0202","3","fg0511","fg0434","fg0202","fg0917","fg0886","fg0647","fg0137","fg0880","fg0441","fg0568","fg0942","fg0650","fg0846","fg0022","fg0232","fg0386","fg0927","fg0790","fg0153","fg0752"
"fq000957","vx_90e6caad53e92157","fg0203","1","fg0203","fg0773","fg0975","fg0003","fg0483","fg0012","fg0437","fg0767","fg0167","fg0323","fg0522","fg0632","fg0965","fg0078","fg0654","fg0676","fg0509","fg0335","fg0883","fg0607"
"fq000958","vx_4bd97cdd2e0a3611","fg0204","1","fg0204","fg0685","fg0735","fg0340","fg0825","fg0623","fg0197","fg0956","fg0070","fg0069","fg0510","fg0719","fg0248","fg0629","fg0029","fg0722","fg0684","fg0374","fg0190","fg0382"
"fq000959","vx_4bd97cdd2e0a3611","fg0204","1","fg0204","fg0735","fg0197","fg0722","fg0956","fg0777","fg0825","fg0638","fg0719","fg0382","fg0910","fg0772","fg0471","fg0248","fg0395","fg0121","fg0276","fg0270","fg0190","fg0983"
"fq000960","vx_4bd97cdd2e0a3611","fg0204","1","fg0204","fg0722","fg0197","fg0735","fg0956","fg0719","fg0382","fg0825","fg0638","fg0069","fg0248","fg0922","fg0190","fg0538","fg0395","fg0685","fg0557","fg0469","fg0018","fg0623"
"fq000961","vx_4bd97cdd2e0a3611","fg0204","1","fg0204","fg0814","fg0271","fg0777","fg0433","fg0956","fg0506","fg0760","fg0444","fg0121","fg0498","fg0208","fg0276","fg0812","fg0328","fg0254","fg0285","fg0112","fg0395","fg0382"
"fq000962","vx_4bd97cdd2e0a3611","fg0204","1","fg0204","fg0444","fg0956","fg0760","fg0433","fg0271","fg0814","fg0777","fg0218","fg0227","fg0323","fg0672","fg0506","fg0121","fg0395","fg0722","fg0225","fg0254","fg0638","fg0396"
"fq000963","vx_4bd97cdd2e0a3611","fg0204","1","fg0204","fg0777","fg0812","fg0814","fg0433","fg0498","fg0208","fg0280","fg0271","fg0690","fg0486","fg0121","fg0579","fg0506","fg0112","fg0218","fg0910","fg0340","fg0884","fg0293"
"fq000964","vx_4bd97cdd2e0a3611","fg0204","1","fg0204","fg0722","fg0956","fg0218","fg0735","fg0433","fg0910","fg0638","fg0777","fg0444","fg0270","fg0197","fg0249","fg0276","fg0814","fg0471","fg0559","fg0922","fg0847","fg0825"
"fq000965","vx_4bd97cdd2e0a3611","fg0204","1","fg0204","fg0218","fg0433","fg0285","fg0773","fg0814","fg0956","fg0328","fg0395","fg0444","fg0382","fg0112","fg0950","fg0669","fg0498","fg0647","fg0446","fg0506","fg0985","fg0722"
"fq000966","vx_4bd97cdd2e0a3611","fg0204","1","fg0204","fg0433","fg0777","fg0735","fg0197","fg0271","fg0814","fg0956","fg0884","fg0983","fg0121","fg0722","fg0825","fg0579","fg0690","fg0248","fg0910","fg0218","fg0812","fg0541"
"fq000967","vx_4bd97cdd2e0a3611","fg0204","1","fg0204","fg0895","fg0956","fg0684","fg0395","fg0154","fg0607","fg0735","fg0070","fg0382","fg0538","fg0510","fg0018","fg0623","fg0167","fg0922","fg0197","fg0847","fg0074","fg0629"
"fq000968","vx_4bd97cdd2e0a3611","fg0204","1","fg0204","fg0735","fg0069","fg0813","fg0825","fg0685","fg0197","fg0248","fg0623","fg0340","fg0190","fg0562","fg0978","fg0070","fg0722","fg0652","fg0249","fg0660","fg0884","fg0910"
"fq000969","vx_4bd97cdd2e0a3611","fg0204","1","fg0204","fg0735","fg0956","fg0197","fg0722","fg0719","fg0922","fg0623","fg0190","fg0248","fg0777","fg0382","fg0557","fg0395","fg0069","fg0825","fg0749","fg0340","fg0538","fg0469"
"fq000970","vx_4bd97cdd2e0a3611","fg0204","1","fg0204","fg0814","fg0433","fg0208","fg0777","fg0506","fg0812","fg0271","fg0498","fg0841","fg0760","fg0486","fg0280","fg0112","fg0218","fg0564","fg0444","fg0579","fg0293","fg0985"
"fq000971","vx_7bad75134c97e175","fg0205","1","fg0205","fg0259","fg0843","fg0682","fg0112","fg0713","fg0215","fg0690","fg0328","fg0584","fg0976","fg0022","fg0942","fg0948","fg0544","fg0124","fg0071","fg0106","fg0591","fg0267"
"fq000972","vx_479cf7fcf0450bb9","fg0206","1","fg0206","fg0083","fg0998","fg0114","fg0694","fg0810","fg0504","fg0119","fg0734","fg0528","fg0682","fg0251","fg0355","fg0240","fg0495","fg0525","fg0225","fg0893","fg0275","fg0213"
"fq000973","vx_479cf7fcf0450bb9","fg0206","1","fg0206","fg0083","fg0504","fg0495","fg0355","fg0810","fg0114","fg0525","fg0528","fg0225","fg0729","fg0152","fg0998","fg0299","fg0682","fg0500","fg0931","fg0694","fg0734","fg0403"
"fq000974","vx_479cf7fcf0450bb9","fg0206","1","fg0206","fg0083","fg0504","fg0114","fg0694","fg0998","fg0355","fg0810","fg0528","fg0119","fg0495","fg0682","fg0525","fg0893","fg0240","fg0464","fg0906","fg0440","fg0737","fg0225"
"fq000975","vx_479cf7fcf0450bb9","fg0206","1","fg0206","fg0083","fg0998","fg0694","fg0810","fg0114","fg0504","fg0119","fg0528","fg0355","fg0495","fg0240","fg0525","fg0893","fg0682","fg0251","fg0734","fg0464","fg0440","fg0225"
"fq000976","vx_479cf7fcf0450bb9","fg0206","1","fg0206","fg0083","fg0998","fg0114","fg0810","fg0694","fg0528","fg0495","fg0504","fg0355","fg0440","fg0119","fg0893","fg0734","fg0682","fg0464","fg0240","fg0225","fg0251","fg0525"
"fq000977","vx_479cf7fcf0450bb9","fg0206","1","fg0206","fg0083","fg0528","fg0495","fg0810","fg0355","fg0504","fg0998","fg0299","fg0114","fg0525","fg0682","fg0440","fg0119","fg0694","fg0379","fg0729","fg0318","fg0893","fg0151"
"fq000978","vx_479cf7fcf0450bb9","fg0206","1","fg0206","fg0083","fg0998","fg0694","fg0114","fg0810","fg0504","fg0355","fg0528","fg0119","fg0495","fg0525","fg0682","fg0464","fg0225","fg0240","fg0893","fg0251","fg0734","fg0353"
"fq000979","vx_479cf7fcf0450bb9","fg0206","1","fg0206","fg0083","fg0998","fg0694","fg0114","fg0810","fg0119","fg0504","fg0251","fg0355","fg0240","fg0893","fg0528","fg0609","fg0734","fg0479","fg0495","fg0464","fg0682","fg0094"
"fq000980","vx_479cf7fcf0450bb9","fg0206","1","fg0206","fg0083","fg0114","fg0998","fg0810","fg0694","fg0355","fg0495","fg0528","fg0525","fg0240","fg0504","fg0682","fg0225","fg0299","fg0119","fg0729","fg0464","fg0403","fg0734"
"fq000981","vx_479cf7fcf0450bb9","fg0206","1","fg0206","fg0495","fg0083","fg0504","fg0355","fg0225","fg0525","fg0810","fg0729","fg0152","fg0931","fg0528","fg0299","fg0114","fg0500","fg0559","fg0444","fg0319","fg0556","fg0440"
"fq000982","vx_479cf7fcf0450bb9","fg0206","1","fg0206","fg0083","fg0355","fg0495","fg0528","fg0504","fg0379","fg0119","fg0810","fg0299","fg0114","fg0998","fg0525","fg0440","fg0694","fg0682","fg0893","fg0318","fg0521","fg0737"
"fq000983","vx_479cf7fcf0450bb9","fg0206","1","fg0206","fg0083","fg0998","fg0694","fg0114","fg0810","fg0528","fg0504","fg0355","fg0495","fg0682","fg0225","fg0119","fg0240","fg0893","fg0734","fg0525","fg0609","fg0464","fg0440"
"fq000984","vx_479cf7fcf0450bb9","fg0206","1","fg0206","fg0083","fg0998","fg0694","fg0114","fg0810","fg0119","fg0504","fg0528","fg0251","fg0682","fg0355","fg0734","fg0609","fg0208","fg0240","fg0479","fg0383","fg0225","fg0495"
"fq000985","vx_479cf7fcf0450bb9","fg0206","1","fg0206","fg0083","fg0998","fg0114","fg0810","fg0504","fg0694","fg0495","fg0528","fg0355","fg0682","fg0440","fg0225","fg0240","fg0734","fg0464","fg0119","fg0525","fg0127","fg0893"
"fq000986","vx_479cf7fcf0450bb9","fg0206","1","fg0206","fg0083","fg0495","fg0504","fg0810","fg0528","fg0355","fg0225","fg0998","fg0525","fg0114","fg0729","fg0152","fg0694","fg0931","fg0240","fg0299","fg0403","fg0440","fg0439"
"fq000987","vx_479cf7fcf0450bb9","fg0206","1","fg0206","fg0083","fg0114","fg0998","fg0810","fg0694","fg0355","fg0504","fg0528","fg0440","fg0119","fg0525","fg0495","fg0240","fg0682","fg0687","fg0251","fg0151","fg0464","fg0893"
"fq000988","vx_479cf7fcf0450bb9","fg0206","1","fg0206","fg0083","fg0528","fg0504","fg0114","fg0998","fg0495","fg0810","fg0355","fg0893","fg0694","fg0379","fg0440","fg0119","fg0737","fg0682","fg0464","fg0502","fg0251","fg0240"
"fq000989","vx_479cf7fcf0450bb9","fg0206","1","fg0206","fg0083","fg0998","fg0114","fg0694","fg0810","fg0119","fg0504","fg0528","fg0208","fg0251","fg0479","fg0355","fg0682","fg0094","fg0495","fg0440","fg0734","fg0893","fg0464"
"fq000990","vx_479cf7fcf0450bb9","fg0206","1","fg0206","fg0083","fg0998","fg0694","fg0810","fg0114","fg0528","fg0119","fg0355","fg0682","fg0734","fg0495","fg0251","fg0504","fg0240","fg0893","fg0225","fg0440","fg0464","fg0609"
"fq000991","vx_479cf7fcf0450bb9","fg0206","1","fg0206","fg0083","fg0998","fg0694","fg0114","fg0810","fg0119","fg0251","fg0504","fg0240","fg0609","fg0734","fg0893","fg0528","fg0355","fg0664","fg0094","fg0682","fg0943","fg0208"
"fq000992","vx_479cf7fcf0450bb9","fg0206","1","fg0206","fg0083","fg0495","fg0810","fg0998","fg0504","fg0355","fg0525","fg0528","fg0114","fg0299","fg0225","fg0694","fg0403","fg0729","fg0682","fg0440","fg0734","fg0464","fg0240"
"fq000993","vx_479cf7fcf0450bb9","fg0206","1","fg0206","fg0083","fg0998","fg0694","fg0114","fg0810","fg0504","fg0528","fg0251","fg0119","fg0355","fg0682","fg0734","fg0440","fg0240","fg0893","fg0495","fg0464","fg0379","fg0383"
"fq000994","vx_479cf7fcf0450bb9","fg0206","1","fg0206","fg0083","fg0528","fg0998","fg0495","fg0810","fg0114","fg0355","fg0299","fg0318","fg0440","fg0525","fg0694","fg0304","fg0682","fg0327","fg0119","fg0464","fg0225","fg0893"
"fq000995","vx_479cf7fcf0450bb9","fg0206","1","fg0206","fg0083","fg0299","fg0318","fg0355","fg0379","fg0495","fg0440","fg0687","fg0528","fg0119","fg0883","fg0810","fg0304","fg0682","fg0114","fg0998","fg0893","fg0525","fg0729"
"fq000996","vx_479cf7fcf0450bb9","fg0206","1","fg0206","fg0083","fg0998","fg0114","fg0694","fg0810","fg0504","fg0495","fg0355","fg0528","fg0682","fg0119","fg0734","fg0225","fg0440","fg0525","fg0464","fg0893","fg0737","fg0439"
"fq000997","vx_479cf7fcf0450bb9","fg0206","1","fg0206","fg0083","fg0998","fg0504","fg0114","fg0810","fg0694","fg0495","fg0528","fg0525","fg0355","fg0225","fg0240","fg0119","fg0152","fg0682","fg0440","fg0734","fg0687","fg0893"
"fq000998","vx_479cf7fcf0450bb9","fg0206","1","fg0206","fg0083","fg0504","fg0114","fg0355","fg0495","fg0440","fg0528","fg0119","fg0810","fg0682","fg0525","fg0998","fg0225","fg0379","fg0299","fg0694","fg0737","fg0893","fg0152"
"fq000999","vx_479cf7fcf0450bb9","fg0206","1","fg0206","fg0083","fg0114","fg0998","fg0810","fg0694","fg0355","fg0504","fg0495","fg0528","fg0225","fg0240","fg0525","fg0682","fg0127","fg0464","fg0734","fg0440","fg0403","fg0119"
"fq001000","vx_479cf7fcf0450bb9","fg0206","1","fg0206","fg0083","fg0114","fg0504","fg0998","fg0810","fg0355","fg0495","fg0694","fg0225","fg0240","fg0525","fg0729","fg0528","fg0152","fg0734","fg0609","fg0556","fg0119","fg0213"
"fq001001","vx_479cf7fcf0450bb9","fg0206","1","fg0206","fg0083","fg0998","fg0810","fg0528","fg0114","fg0504","fg0694","fg0495","fg0355","fg0525","fg0299","fg0440","fg0119","fg0682","fg0893","fg0225","fg0151","fg0240","fg0318"
"fq001002","vx_7fc96b0a42b577fa","fg0207","1","fg0207","fg0480","fg0577","fg0173","fg0791","fg0785","fg0513","fg0388","fg0267","fg0176","fg0214","fg0155","fg0071","fg0106","fg0815","fg0241","fg0476","fg0229","fg0808","fg0172"
"fq001003","vx_a80c872aae38e2e5","fg0208","1","fg0208","fg0814","fg0812","fg0433","fg0506","fg0486","fg0479","fg0579","fg0802","fg0498","fg0743","fg0777","fg0564","fg0926","fg0206","fg0780","fg0021","fg0389","fg0753","fg0204"
"fq001004","vx_f26615e2ff6f294a","fg0209","1","fg0209","fg0516","fg0626","fg0909","fg0036","fg0369","fg0796","fg0896","fg0688","fg0576","fg0196","fg0788","fg0949","fg0359","fg0540","fg0287","fg0222","fg0759","fg0013","fg0838"
"fq001005","vx_6936c178cbcdcdcb","fg0210","1","fg0210","fg0720","fg0203","fg0156","fg0669","fg0773","fg0086","fg0201","fg0471","fg0767","fg0473","fg0374","fg0276","fg0097","fg0509","fg0774","fg0064","fg0436","fg0805","fg0405"
"fq001006","vx_6936c178cbcdcdcb","fg0210","1","fg0210","fg0086","fg0276","fg0436","fg0863","fg0201","fg0414","fg0593","fg0156","fg0699","fg0632","fg0203","fg0669","fg0946","fg0374","fg0720","fg0111","fg0471","fg0805","fg0431"
"fq001007","vx_6936c178cbcdcdcb","fg0210","1","fg0210","fg0276","fg0086","fg0632","fg0156","fg0203","fg0436","fg0875","fg0414","fg0669","fg0699","fg0374","fg0863","fg0024","fg0201","fg0593","fg0097","fg0014","fg0111","fg0406"
"fq001008","vx_6936c178cbcdcdcb","fg0210","1","fg0210","fg0086","fg0276","fg0111","fg0414","fg0436","fg0201","fg0203","fg0669","fg0156","fg0946","fg0991","fg0632","fg0522","fg0875","fg0863","fg0064","fg0471","fg0787","fg0374"
"fq001009","vx_6936c178cbcdcdcb","fg0210","1","fg0210","fg0276","fg0086","fg0203","fg0436","fg0414","fg0201","fg0156","fg0669","fg0632","fg0863","fg0699","fg0374","fg0471","fg0593","fg0720","fg0875","fg0111","fg0946","fg0064"
"fq001010","vx_6936c178cbcdcdcb","fg0210","1","fg0210","fg0086","fg0276","fg0436","fg0414","fg0201","fg0946","fg0423","fg0203","fg0156","fg0863","fg0471","fg0699","fg0593","fg0111","fg0669","fg0720","fg0374","fg0139","fg0632"
"fq001011","vx_6936c178cbcdcdcb","fg0210","1","fg0210","fg0086","fg0276","fg0414","fg0203","fg0669","fg0436","fg0471","fg0773","fg0156","fg0201","fg0632","fg0699","fg0720","fg0097","fg0946","fg0351","fg0593","fg0374","fg0064"
"fq001012","vx_6936c178cbcdcdcb","fg0210","1","fg0210","fg0276","fg0086","fg0203","fg0471","fg0720","fg0374","fg0414","fg0436","fg0201","fg0156","fg0669","fg0809","fg0593","fg0863","fg0097","fg0125","fg0946","fg0632","fg0139"
"fq001013","vx_6936c178cbcdcdcb","fg0210","1","fg0210","fg0086","fg0276","fg0436","fg0201","fg0156","fg0414","fg0946","fg0111","fg0203","fg0863","fg0699","fg0991","fg0669","fg0374","fg0875","fg0431","fg0632","fg0625","fg0593"
"fq001014","vx_6936c178cbcdcdcb","fg0210","1","fg0210","fg0086","fg0276","fg0436","fg0414","fg0863","fg0156","fg0946","fg0111","fg0201","fg0669","fg0593","fg0875","fg0699","fg0423","fg0720","fg0203","fg0125","fg0805","fg0625"
"fq001015","vx_6936c178cbcdcdcb","fg0210","1","fg0210","fg0086","fg0276","fg0720","fg0203","fg0156","fg0436","fg0414","fg0669","fg0374","fg0863","fg0201","fg0471","fg0875","fg0097","fg0292","fg0773","fg0111","fg0632","fg0805"
"fq001016","vx_6936c178cbcdcdcb","fg0210","1","fg0210","fg0086","fg0276","fg0203","fg0414","fg0669","fg0471","fg0483","fg0436","fg0699","fg0946","fg0201","fg0773","fg0937","fg0863","fg0351","fg0809","fg0513","fg0097","fg0607"
"fq001017","vx_6936c178cbcdcdcb","fg0210","1","fg0210","fg0086","fg0276","fg0436","fg0156","fg0201","fg0111","fg0946","fg0863","fg0414","fg0669","fg0203","fg0875","fg0991","fg0805","fg0471","fg0699","fg0139","fg0720","fg0125"
"fq001018","vx_6936c178cbcdcdcb","fg0210","1","fg0210","fg0276","fg0086","fg0436","fg0156","fg0201","fg0863","fg0669","fg0203","fg0720","fg0414","fg0471","fg0946","fg0805","fg0374","fg0111","fg0420","fg0875","fg0991","fg0787"
"fq001019","vx_6936c178cbcdcdcb","fg0210","1","fg0210","fg0086","fg0276","fg0436","fg0863","fg0201","fg0414","fg0156","fg0720","fg0593","fg0203","fg0699","fg0805","fg0946","fg0111","fg0374","fg0471","fg0669","fg0961","fg0064"
"fq001020","vx_6936c178cbcdcdcb","fg0210","1","fg0210","fg0276","fg0086","fg0436","fg0863","fg0203","fg0201","fg0156","fg0414","fg0111","fg0720","fg0593","fg0699","fg0374","fg0501","fg0125","fg0669","fg0471","fg0805","fg0632"
"fq001021","vx_6936c178cbcdcdcb","fg0210","1","fg0210","fg0086","fg0276","fg0436","fg0201","fg0156","fg0111","fg0414","fg0699","fg0203","fg0863","fg0669","fg0805","fg0875","fg0471","fg0632","fg0374","fg0946","fg0593","fg0720"
"fq001022","vx_6936c178cbcdcdcb","fg0210","1","fg0210","fg0086","fg0276","fg0720","fg0203","fg0436","fg0201","fg0374","fg0156","fg0699","fg0414","fg0111","fg0632","fg0593","fg0863","fg0471","fg0805","fg0875","fg0669","fg0946"
"fq001023","vx_6936c178cbcdcdcb","fg0210","1","fg0210","fg0086","fg0276","fg0414","fg0946","fg0436","fg0111","fg0201","fg0203","fg0669","fg0156","fg0471","fg0423","fg0125","fg0522","fg0863","fg0139","fg0064","fg0991","fg0450"
"fq001024","vx_6936c178cbcdcdcb","fg0210","1","fg0210","fg0086","fg0276","fg0436","fg0863","fg0156","fg0201","fg0414","fg0111","fg0203","fg0720","fg0875","fg0946","fg0669","fg0991","fg0699","fg0471","fg0513","fg0374","fg0632"
"fq001025","vx_6936c178cbcdcdcb","fg0210","1","fg0210","fg0086","fg0276","fg0436","fg0946","fg0201","fg0863","fg0414","fg0111","fg0156","fg0875","fg0669","fg0662","fg0991","fg0431","fg0699","fg0720","fg0805","fg0396","fg0513"
"fq001026","vx_6936c178cbcdcdcb","fg0210","1","fg0210","fg0086","fg0276","fg0436","fg0414","fg0156","fg0863","fg0946","fg0111","fg0201","fg0203","fg0720","fg0669","fg0125","fg0805","fg0699","fg0374","fg0544","fg0471","fg0991"
"fq001027","vx_6936c178cbcdcdcb","fg0210","1","fg0210","fg0086","fg0276","fg0436","fg0111","fg0156","fg0991","fg0201","fg0946","fg0203","fg0414","fg0875","fg0669","fg0787","fg0125","fg0374","fg0699","fg0593","fg0139","fg0805"
"fq001028","vx_6936c178cbcdcdcb","fg0210","1","fg0210","fg0086","fg0276","fg0946","fg0436","fg0414","fg0593","fg0203","fg0423","fg0863","fg0406","fg0111","fg0699","fg0937","fg0201","fg0513","fg0360","fg0014","fg0135","fg0632"
"fq001029","vx_6936c178cbcdcdcb","fg0210","1","fg0210","fg0086","fg0276","fg0436","fg0156","fg0203","fg0201","fg0863","fg0699","fg0720","fg0374","fg0669","fg0414","fg0805","fg0111","fg0946","fg0351","fg0125","fg0593","fg0471"
"fq001030","vx_6936c178cbcdcdcb","fg0210","1","fg0210","fg0086","fg0276","fg0875","fg0863","fg0946","fg0201","fg0414","fg0632","fg0156","fg0699","fg0515","fg0805","fg0720","fg0111","fg0471","fg0374","fg0406","fg0593","fg0662"
"fq001031","vx_6936c178cbcdcdcb","fg0210","1","fg0210","fg0086","fg0276","fg0436","fg0201","fg0863","fg0156","fg0946","fg0414","fg0111","fg0203","fg0720","fg0699","fg0471","fg0669","fg0593","fg0632","fg0805","fg0875","fg0374"
"fq001032","vx_6936c178cbcdcdcb","fg0210","1","fg0210","fg0086","fg0276","fg0436","fg0201","fg0156","fg0203","fg0863","fg0720","fg0501","fg0471","fg0374","fg0414","fg0593","fg0699","fg0805","fg0111","fg0125","fg0669","fg0946"
"fq001033","vx_6936c178cbcdcdcb","fg0210","1","fg0210","fg0276","fg0086","fg0203","fg0374","fg0436","fg0201","fg0720","fg0669","fg0156","fg0699","fg0632","fg0471","fg0097","fg0414","fg0863","fg0522","fg0773","fg0809","fg0292"
"fq001034","vx_6936c178cbcdcdcb","fg0210","1","fg0210","fg0086","fg0276","fg0436","fg0203","fg0156","fg0201","fg0471","fg0946","fg0720","fg0111","fg0125","fg0374","fg0414","fg0669","fg0699","fg0632","fg0875","fg0805","fg0593"
"fq001035","vx_6936c178cbcdcdcb","fg0210","1","fg0210","fg0086","fg0276","fg0875","fg0414","fg0436","fg0156","fg0111","fg0946","fg0991","fg0863","fg0203","fg0669","fg0632","fg0374","fg0201","fg0699","fg0787","fg0396","fg0593"
"fq001036","vx_6936c178cbcdcdcb","fg0210","1","fg0210","fg0086","fg0276","fg0436","fg0201","fg0863","fg0156","fg0946","fg0203","fg0111","fg0471","fg0414","fg0374","fg0632","fg0875","fg0699","fg0720","fg0669","fg0625","fg0805"
"fq001037","vx_6936c178cbcdcdcb","fg0210","1","fg0210","fg0276","fg0086","fg0436","fg0111","fg0156","fg0203","fg0875","fg0201","fg0471","fg0720","fg0414","fg0991","fg0669","fg0374","fg0632","fg0625","fg0946","fg0593","fg0756"
"fq001038","vx_6936c178cbcdcdcb","fg0210","1","fg0210","fg0086","fg0276","fg0436","fg0991","fg0111","fg0787","fg0414","fg0156","fg0201","fg0946","fg0863","fg0125","fg0805","fg0699","fg0669","fg0014","fg0625","fg0203","fg0431"
"fq001039","vx_6936c178cbcdcdcb","fg0210","1","fg0210","fg0086","fg0276","fg0436","fg0201","fg0111","fg0946","fg0156","fg0414","fg0669","fg0991","fg0625","fg0203","fg0875","fg0431","fg0787","fg0662","fg0471","fg0699","fg0593"
"fq001040","vx_6936c178cbcdcdcb","fg0210","1","fg0210","fg0276","fg0086","fg0203","fg0471","fg0863","fg0201","fg0436","fg0156","fg0632","fg0593","fg0669","fg0414","fg0699","fg0374","fg0720","fg0097","fg0064","fg0522","fg0557"
"fq001041","vx_6936c178cbcdcdcb","fg0210","1","fg0210","fg0086","fg0276","fg0203","fg0720","fg0436","fg0201","fg0374","fg0471","fg0699","fg0156","fg0414","fg0669","fg0681","fg0946","fg0863","fg0805","fg0632","fg0593","fg0111"
"fq001042","vx_6936c178cbcdcdcb","fg0210","1","fg0210","fg0276","fg0086","fg0436","fg0863","fg0414","fg0156","fg0203","fg0201","fg0669","fg0374","fg0875","fg0632","fg0699","fg0946","fg0593","fg0720","fg0805","fg0111","fg0471"
"fq001043","vx_6936c178cbcdcdcb","fg0210","1","fg0210","fg0086","fg0276","fg0414","fg0203","fg0471","fg0946","fg0669","fg0201","fg0436","fg0111","fg0156","fg0593","fg0632","fg0374","fg0423","fg0522","fg0139","fg0699","fg0773"
"fq001044","vx_6936c178cbcdcdcb","fg0210","1","fg0210","fg0276","fg0086","fg0203","fg0436","fg0156","fg0471","fg0201","fg0720","fg0669","fg0374","fg0699","fg0946","fg0414","fg0125","fg0809","fg0593","fg0632","fg0483","fg0863"
"fq001045","vx_6936c178cbcdcdcb","fg0210","1","fg0210","fg0086","fg0276","fg0436","fg0201","fg0111","fg0156","fg0669","fg0414","fg0863","fg0203","fg0946","fg0593","fg0625","fg0991","fg0471","fg0125","fg0181","fg0720","fg0699"
"fq001046","vx_6936c178cbcdcdcb","fg0210","1","fg0210","fg0086","fg0276","fg0436","fg0156","fg0201","fg0414","fg0111","fg0203","fg0863","fg0593","fg0720","fg0946","fg0669","fg0699","fg0374","fg0471","fg0805","fg0875","fg0139"
"fq001047","vx_6936c178cbcdcdcb","fg0210","1","fg0210","fg0086","fg0276","fg0436","fg0201","fg0203","fg0156","fg0374","fg0471","fg0720","fg0946","fg0414","fg0863","fg0669","fg0111","fg0139","fg0699","fg0632","fg0125","fg0593"
"fq001048","vx_6936c178cbcdcdcb","fg0210","1","fg0210","fg0086","fg0276","fg0436","fg0203","fg0720","fg0156","fg0374","fg0201","fg0414","fg0863","fg0669","fg0946","fg0125","fg0699","fg0471","fg0111","fg0351","fg0805","fg0064"
"fq001049","vx_6936c178cbcdcdcb","fg0210","1","fg0210","fg0086","fg0276","fg0436","fg0201","fg0414","fg0156","fg0111","fg0669","fg0203","fg0946","fg0471","fg0699","fg0593","fg0431","fg0632","fg0991","fg0875","fg0773","fg0863"
"fq001050","vx_6936c178cbcdcdcb","fg0210","1","fg0210","fg0086","fg0276","fg0436","fg0414","fg0201","fg0863","fg0111","fg0946","fg0156","fg0875","fg0669","fg0991","fg0699","fg0139","fg0431","fg0203","fg0423","fg0513","fg0625"
"fq001051","vx_6936c178cbcdcdcb","fg0210","1","fg0210","fg0086","fg0276","fg0203","fg0201","fg0156","fg0471","fg0669","fg0414","fg0720","fg0374","fg0436","fg0097","fg0632","fg0863","fg0593","fg0809","fg0522","fg0937","fg0699"
"fq001052","vx_6936c178cbcdcdcb","fg0210","1","fg0210","fg0086","fg0276","fg0414","fg0156","fg0203","fg0201","fg0471","fg0111","fg0436","fg0669","fg0875","fg0593","fg0946","fg0632","fg0097","fg0720","fg0064","fg0423","fg0699"
"fq001053","vx_6936c178cbcdcdcb","fg0210","1","fg0210","fg0276","fg0086","fg0436","fg0156","fg0875","fg0669","fg0863","fg0632","fg0699","fg0111","fg0805","fg0991","fg0593","fg0203","fg0414","fg0787","fg0374","fg0720","fg0351"
"fq001054","vx_6936c178cbcdcdcb","fg0210","1","fg0210","fg0086","fg0276","fg0436","fg0946","fg0111","fg0414","fg0156","fg0201","fg0863","fg0669","fg0699","fg0875","fg0662","fg0431","fg0203","fg0515","fg0593","fg0625","fg0991"
"fq001055","vx_6936c178cbcdcdcb","fg0210","1","fg0210","fg0086","fg0276","fg0436","fg0720","fg0203","fg0201","fg0471","fg0374","fg0156","fg0863","fg0125","fg0805","fg0946","fg0774","fg0414","fg0773","fg0139","fg0196","fg0111"
"fq001056","vx_6936c178cbcdcdcb","fg0210","1","fg0210","fg0086","fg0276","fg0203","fg0414","fg0374","fg0471","fg0436","fg0201","fg0156","fg0593","fg0720","fg0946","fg0669","fg0773","fg0699","fg0111","fg0069","fg0125","fg0064"
"fq001057","vx_6936c178cbcdcdcb","fg0210","1","fg0210","fg0276","fg0086","fg0203","fg0436","fg0156","fg0471","fg0414","fg0669","fg0201","fg0374","fg0111","fg0946","fg0632","fg0139","fg0720","fg0875","fg0483","fg0863","fg0593"
"fq001058","vx_6936c178cbcdcdcb","fg0210","1","fg0210","fg0276","fg0086","fg0436","fg0863","fg0156","fg0414","fg0203","fg0699","fg0201","fg0875","fg0991","fg0111","fg0374","fg0669","fg0471","fg0593","fg0423","fg0946","fg0139"
"fq001059","vx_6936c178cbcdcdcb","fg0210","1","fg0210","fg0086","fg0276","fg0436","fg0946","fg0111","fg0991","fg0156","fg0201","fg0431","fg0414","fg0519","fg0625","fg0662","fg0125","fg0787","fg0014","fg0203","fg0423","fg0875"
"fq001060","vx_6936c178cbcdcdcb","fg0210","1","fg0210","fg0086","fg0276","fg0436","fg0111","fg0201","fg0156","fg0203","fg0414","fg0471","fg0946","fg0875","fg0991","fg0669","fg0593","fg0374","fg0787","fg0125","fg0625","fg0632"
"fq001061","vx_6936c178cbcdcdcb","fg0210","1","fg0210","fg0086","fg0276","fg0436","fg0863","fg0201","fg0203","fg0414","fg0156","fg0946","fg0805","fg0699","fg0111","fg0720","fg0593","fg0669","fg0374","fg0125","fg0471","fg0632"
"fq001062","vx_6936c178cbcdcdcb","fg0210","1","fg0210","fg0086","fg0276","fg0436","fg0111","fg0946","fg0156","fg0201","fg0414","fg0699","fg0863","fg0875","fg0593","fg0203","fg0431","fg0669","fg0805","fg0423","fg0374","fg0991"
"fq001063","vx_6936c178cbcdcdcb","fg0210","1","fg0210","fg0276","fg0086","fg0436","fg0156","fg0201","fg0863","fg0203","fg0471","fg0720","fg0374","fg0699","fg0669","fg0946","fg0414","fg0593","fg0111","fg0351","fg0805","fg0139"
"fq001064","vx_6936c178cbcdcdcb","fg0210","1","fg0210","fg0276","fg0086","fg0436","fg0156","fg0875","fg0863","fg0669","fg0201","fg0414","fg0699","fg0632","fg0111","fg0203","fg0805","fg0720","fg0946","fg0374","fg0471","fg0431"
"fq001065","vx_a387ea0f21a93c3a","fg0211","1","fg0211","fg0843","fg0474","fg0397","fg0907","fg0942","fg0367","fg0106","fg0039","fg0082","fg0347","fg0647","fg0811","fg0298","fg0835","fg0350","fg0941","fg0438","fg0059","fg0067"
"fq001066","vx_85c59da61bbab814","fg0212","1","fg0212","fg0776","fg0918","fg0763","fg0058","fg0818","fg0174","fg0739","fg0605","fg0336","fg0126","fg0819","fg0546","fg0374","fg0116","fg0491","fg0007","fg0009","fg0292","fg0700"
"fq001067","vx_85c59da61bbab814","fg0212","1","fg0212","fg0918","fg0776","fg0763","fg0336","fg0739","fg0126","fg0819","fg0818","fg0174","fg0605","fg0712","fg0700","fg0546","fg0580","fg0491","fg0058","fg0074","fg0116","fg0007"
"fq001068","vx_85c59da61bbab814","fg0212","1","fg0212","fg0918","fg0776","fg0546","fg0336","fg0058","fg0580","fg0126","fg0818","fg0763","fg0174","fg0605","fg0700","fg0116","fg0074","fg0739","fg0819","fg0009","fg0292","fg0181"
"fq001069","vx_85c59da61bbab814","fg0212","1","fg0212","fg0918","fg0776","fg0546","fg0818","fg0058","fg0126","fg0336","fg0605","fg0763","fg0580","fg0174","fg0116","fg0739","fg0009","fg0074","fg0819","fg0700","fg0292","fg0567"
"fq001070","vx_b05f8d33d4cc8916","fg0213","1","fg0213","fg0225","fg0464","fg0936","fg0714","fg0304","fg0523","fg0528","fg0525","fg0959","fg0873","fg0162","fg0668","fg0997","fg0275","fg0299","fg0159","fg0099","fg0559","fg0092"
"fq001071","vx_b05f8d33d4cc8916","fg0213","1","fg0213","fg0525","fg0931","fg0225","fg0464","fg0159","fg0304","fg0528","fg0599","fg0355","fg0714","fg0729","fg0936","fg0523","fg0959","fg0270","fg0659","fg0500","fg0922","fg0319"
"fq001072","vx_b05f8d33d4cc8916","fg0213","1","fg0213","fg0225","fg0714","fg0464","fg0523","fg0936","fg0304","fg0959","fg0525","fg0528","fg0275","fg0099","fg0162","fg0997","fg0668","fg0299","fg0159","fg0802","fg0102","fg0931"
"fq001073","vx_b05f8d33d4cc8916","fg0213","1","fg0213","fg0936","fg0873","fg0225","fg0714","fg0022","fg0668","fg0466","fg0464","fg0523","fg0275","fg0842","fg0162","fg0304","fg0959","fg0823","fg0595","fg0528","fg0997","fg0584"
"fq001074","vx_b05f8d33d4cc8916","fg0213","1","fg0213","fg0225","fg0523","fg0714","fg0936","fg0959","fg0162","fg0931","fg0159","fg0464","fg0997","fg0525","fg0240","fg0823","fg0668","fg0528","fg0466","fg0599","fg0304","fg0102"
"fq001075","vx_b05f8d33d4cc8916","fg0213","1","fg0213","fg0225","fg0931","fg0599","fg0099","fg0355","fg0525","fg0159","fg0528","fg0714","fg0936","fg0464","fg0102","fg0304","fg0959","fg0523","fg0873","fg0729","fg0108","fg0823"
"fq001076","vx_e0349c158a7bd471","fg0214","1","fg0214","fg0039","fg0641","fg0656","fg0046","fg0843","fg0106","fg0229","fg0218","fg0172","fg0628","fg0297","fg0089","fg0988","fg0283","fg0319","fg0438","fg0428","fg0518","fg0947"
"fq001077","vx_b61f95de8b92a92f","fg0215","1","fg0215","fg0111","fg0205","fg0427","fg0345","fg0002","fg0011","fg0814","fg0587","fg0038","fg0387","fg0285","fg0693","fg0968","fg0620","fg0286","fg0785","fg0597","fg0725","fg0010"
"fq001078","vx_d1dd524c0ccf9a08","fg0216","1","fg0216","fg0555","fg0017","fg0917","fg0043","fg0820","fg0052","fg0435","fg0157","fg0994","fg0457","fg0884","fg0904","fg0092","fg0428","fg0687","fg0909","fg0104","fg0373","fg0545"
"fq001079","vx_d1dd524c0ccf9a08","fg0216","1","fg0216","fg0017","fg0917","fg0555","fg0043","fg0820","fg0052","fg0157","fg0687","fg0904","fg0428","fg0884","fg0457","fg0994","fg0435","fg0373","fg0092","fg0008","fg0462","fg0909"
"fq001080","vx_8478d9f462f32685","fg0217","464","fg0915","fg0576","fg0926","fg0421","fg0539","fg0155","fg0868","fg0950","fg0757","fg0483","fg0628","fg0218","fg0509","fg0444","fg0959","fg0947","fg0460","fg0429","fg0565","fg0824"
"fq001081","vx_c5ce24342a9a3ee7","fg0218","1","fg0218","fg0039","fg0307","fg0347","fg0712","fg0146","fg0214","fg0910","fg0382","fg0941","fg0437","fg0950","fg0716","fg0560","fg0472","fg0541","fg0106","fg0592","fg0641","fg0628"
"fq001082","vx_10d4f8e0581dad55","fg0219","1","fg0219","fg0250","fg0337","fg0498","fg0249","fg0138","fg0945","fg0351","fg0327","fg0529","fg0635","fg0419","fg0795","fg0612","fg0578","fg0466","fg0270","fg0026","fg0103","fg0227"
"fq001083","vx_10d4f8e0581dad55","fg0219","1","fg0219","fg0250","fg0498","fg0337","fg0635","fg0351","fg0138","fg0327","fg0521","fg0249","fg0945","fg0529","fg0578","fg0612","fg0026","fg0148","fg0670","fg0419","fg0466","fg0795"
"fq001084","vx_10d4f8e0581dad55","fg0219","1","fg0219","fg0337","fg0250","fg0498","fg0249","fg0635","fg0529","fg0351","fg0701","fg0138","fg0578","fg0940","fg0377","fg0521","fg0945","fg0327","fg0449","fg0471","fg0875","fg0612"
"fq001085","vx_10d4f8e0581dad55","fg0219","1","fg0219","fg0337","fg0250","fg0138","fg0249","fg0635","fg0498","fg0327","fg0945","fg0529","fg0351","fg0612","fg0419","fg0794","fg0270","fg0231","fg0466","fg0749","fg0521","fg0238"
"fq001086","vx_0dff77d7da12eb01","fg0220","1","fg0220","fg0444","fg0810","fg0667","fg0467","fg0729","fg0299","fg0500","fg0869","fg0355","fg0521","fg0721","fg0407","fg0318","fg0671","fg0525","fg0735","fg0504","fg0638","fg0103"
"fq001087","vx_0dff77d7da12eb01","fg0220","1","fg0220","fg0467","fg0318","fg0299","fg0405","fg0521","fg0433","fg0355","fg0794","fg0084","fg0327","fg0444","fg0006","fg0649","fg0810","fg0179","fg0500","fg0270","fg0729","fg0795"
"fq001088","vx_d6982380ab660043","fg0221","1","fg0221","fg0198","fg0305","fg0335","fg0362","fg0088","fg0873","fg0420","fg0239","fg0450","fg0781","fg0493","fg0499","fg0418","fg0558","fg0068","fg0505","fg0356","fg0545","fg0166"
"fq001089","vx_747b6a931d153fa6","fg0222","1","fg0222","fg0344","fg0125","fg0949","fg0461","fg0457","fg0909","fg0369","fg0287","fg0036","fg0385","fg0074","fg0261","fg0456","fg0664","fg0707","fg0782","fg0395","fg0084","fg0471"
"fq001090","vx_747b6a931d153fa6","fg0222","1","fg0222","fg0344","fg0125","fg0909","fg0838","fg0287","fg0369","fg0949","fg0461","fg0261","fg0531","fg0664","fg0457","fg0538","fg0800","fg0036","fg0385","fg0308","fg0074","fg0456"
"fq001091","vx_747b6a931d153fa6","fg0222","1","fg0222","fg0344","fg0125","fg0949","fg0800","fg0292","fg0456","fg0369","fg0531","fg0385","fg0314","fg0287","fg0536","fg0782","fg0909","fg0664","fg0284","fg0838","fg0691","fg0570"
"fq001092","vx_747b6a931d153fa6","fg0222","1","fg0222","fg0344","fg0125","fg0538","fg0461","fg0909","fg0369","fg0838","fg0287","fg0664","fg0457","fg0949","fg0726","fg0800","fg0782","fg0638","fg0707","fg0074","fg0531","fg0471"
"fq001093","vx_747b6a931d153fa6","fg0222","1","fg0222","fg0125","fg0344","fg0909","fg0538","fg0800","fg0949","fg0369","fg0531","fg0838","fg0074","fg0261","fg0536","fg0456","fg0287","fg0664","fg0457","fg0782","fg0774","fg0385"
"fq001094","vx_747b6a931d153fa6","fg0222","1","fg0222","fg0344","fg0125","fg0461","fg0664","fg0909","fg0838","fg0369","fg0949","fg0538","fg0287","fg0800","fg0308","fg0457","fg0456","fg0782","fg0571","fg0074","fg0036","fg0707"
"fq001095","vx_747b6a931d153fa6","fg0222","1","fg0222","fg0125","fg0909","fg0949","fg0344","fg0538","fg0369","fg0782","fg0838","fg0287","fg0457","fg0456","fg0461","fg0209","fg0800","fg0707","fg0261","fg0536","fg0074","fg0531"
"fq001096","vx_747b6a931d153fa6","fg0222","1","fg0222","fg0344","fg0949","fg0261","fg0385","fg0036","fg0369","fg0125","fg0909","fg0287","fg0209","fg0691","fg0531","fg0456","fg0838","fg0800","fg0308","fg0571","fg0461","fg0471"
"fq001097","vx_747b6a931d153fa6","fg0222","1","fg0222","fg0125","fg0344","fg0838","fg0909","fg0369","fg0949","fg0287","fg0538","fg0471","fg0782","fg0457","fg0209","fg0074","fg0456","fg0261","fg0800","fg0461","fg0036","fg0796"
"fq001098","vx_5e6eda868db31366","fg0223","1","fg0223","fg0393","fg0581","fg0670","fg0116","fg0725","fg0511","fg0717","fg0845","fg0009","fg0488","fg0639","fg0228","fg0198","fg0718","fg0425","fg0324","fg0635","fg0707","fg0402"
"fq001099","vx_083737196ae28333","fg0224","1","fg0224","fg0994","fg0104","fg0096","fg0796","fg0909","fg0522","fg0935","fg0949","fg0950","fg0369","fg0173","fg0884","fg0294","fg0932","fg0896","fg0955","fg0043","fg0900","fg0629"
"fq001100","vx_fe39f2dd9c8983ef","fg0225","1","fg0225","fg0213","fg0500","fg0644","fg0353","fg0810","fg0355","fg0504","fg0151","fg0721","fg0114","fg0854","fg0525","fg0152","fg0495","fg0127","fg0206","fg0880","fg0262","fg0403"
"fq001101","vx_fe39f2dd9c8983ef","fg0225","1","fg0225","fg0213","fg0066","fg0443","fg0102","fg0680","fg0495","fg0127","fg0968","fg0304","fg0774","fg0439","fg0151","fg0346","fg0810","fg0353","fg0933","fg0802","fg0476","fg0392"
"fq001102","vx_fe39f2dd9c8983ef","fg0225","1","fg0225","fg0213","fg0810","fg0299","fg0500","fg0355","fg0525","fg0206","fg0151","fg0403","fg0304","fg0327","fg0262","fg0998","fg0114","fg0802","fg0162","fg0559","fg0922","fg0528"
"fq001103","vx_fe39f2dd9c8983ef","fg0225","1","fg0225","fg0213","fg0500","fg0151","fg0066","fg0304","fg0810","fg0353","fg0525","fg0922","fg0802","fg0075","fg0443","fg0299","fg0998","fg0571","fg0559","fg0968","fg0127","fg0476"
"fq001104","vx_fe39f2dd9c8983ef","fg0225","1","fg0225","fg0213","fg0500","fg0810","fg0299","fg0355","fg0304","fg0151","fg0525","fg0784","fg0114","fg0262","fg0922","fg0998","fg0197","fg0353","fg0403","fg0627","fg0162","fg0368"
"fq001105","vx_fe39f2dd9c8983ef","fg0225","1","fg0225","fg0213","fg0500","fg0066","fg0355","fg0102","fg0495","fg0319","fg0802","fg0525","fg0947","fg0444","fg0734","fg0867","fg0152","fg0127","fg0328","fg0147","fg0600","fg0644"
"fq001106","vx_fe39f2dd9c8983ef","fg0225","1","fg0225","fg0213","fg0495","fg0355","fg0500","fg0721","fg0066","fg0802","fg0353","fg0127","fg0152","fg0102","fg0504","fg0897","fg0559","fg0304","fg0151","fg0407","fg0233","fg0451"
"fq001107","vx_fe39f2dd9c8983ef","fg0225","1","fg0225","fg0213","fg0500","fg0066","fg0304","fg0810","fg0353","fg0075","fg0368","fg0151","fg0525","fg0206","fg0114","fg0355","fg0615","fg0968","fg0802","fg0504","fg0998","fg0680"
"fq001108","vx_fe39f2dd9c8983ef","fg0225","1","fg0225","fg0500","fg0355","fg0525","fg0213","fg0299","fg0444","fg0729","fg0147","fg0495","fg0810","fg0327","fg0403","fg0206","fg0151","fg0304","fg0152","fg0559","fg0802","fg0959"
"fq001109","vx_fe39f2dd9c8983ef","fg0225","1","fg0225","fg0213","fg0355","fg0500","fg0319","fg0066","fg0525","fg0495","fg0147","fg0729","fg0947","fg0353","fg0444","fg0151","fg0504","fg0102","fg0299","fg0206","fg0327","fg0304"
"fq001110","vx_1edf9b0718be8acb","fg0226","1","fg0226","fg0119","fg0828","fg0462","fg0491","fg0849","fg0440","fg0318","fg0327","fg0698","fg0345","fg0687","fg0291","fg0242","fg0236","fg0379","fg0019","fg0993","fg0738","fg0862"
"fq001111","vx_b148205a6d25b336","fg0227","1","fg0227","fg0889","fg0254","fg0603","fg0939","fg0764","fg0249","fg0666","fg0552","fg0902","fg0869","fg0267","fg0922","fg0647","fg0399","fg0190","fg0598","fg0894","fg0078","fg0288"
"fq001112","vx_b148205a6d25b336","fg0227","1","fg0227","fg0254","fg0979","fg0889","fg0509","fg0147","fg0249","fg0603","fg0902","fg0598","fg0483","fg0421","fg0764","fg0930","fg0288","fg0444","fg0939","fg0710","fg0007","fg0117"
"fq001113","vx_022cfff2115fe541","fg0228","1","fg0228","fg0106","fg0393","fg0943","fg0397","fg0312","fg0324","fg0972","fg0186","fg0126","fg0647","fg0223","fg0025","fg0298","fg0591","fg0746","fg0078","fg0267","fg0505","fg0843"
"fq001114","vx_5d3b73d4625f6c98","fg0229","1","fg0229","fg0172","fg0558","fg0770","fg0089","fg0428","fg0268","fg0988","fg0900","fg0116","fg0986","fg0637","fg0214","fg0283","fg0892","fg0046","fg0860","fg0311","fg0622","fg0425"
"fq001115","vx_5d3b73d4625f6c98","fg0229","1","fg0229","fg0172","fg0558","fg0089","fg0428","fg0268","fg0770","fg0283","fg0214","fg0988","fg0900","fg0986","fg0046","fg0637","fg0071","fg0360","fg0622","fg0892","fg0929","fg0860"
"fq001116","vx_5d3b73d4625f6c98","fg0229","1","fg0229","fg0172","fg0089","fg0558","fg0428","fg0268","fg0988","fg0986","fg0900","fg0283","fg0214","fg0770","fg0046","fg0637","fg0656","fg0116","fg0929","fg0408","fg0776","fg0071"
"fq001117","vx_5d3b73d4625f6c98","fg0229","1","fg0229","fg0172","fg0089","fg0558","fg0268","fg0428","fg0116","fg0770","fg0900","fg0988","fg0046","fg0892","fg0214","fg0283","fg0637","fg0425","fg0986","fg0748","fg0071","fg0656"
"fq001118","vx_5d3b73d4625f6c98","fg0229","1","fg0229","fg0172","fg0558","fg0089","fg0428","fg0268","fg0770","fg0988","fg0900","fg0986","fg0283","fg0214","fg0116","fg0046","fg0637","fg0892","fg0929","fg0656","fg0748","fg0425"
"fq001119","vx_5d3b73d4625f6c98","fg0229","1","fg0229","fg0172","fg0558","fg0089","fg0770","fg0428","fg0268","fg0988","fg0900","fg0637","fg0046","fg0283","fg0214","fg0986","fg0116","fg0892","fg0071","fg0191","fg0929","fg0414"
"fq001120","vx_5d3b73d4625f6c98","fg0229","1","fg0229","fg0172","fg0089","fg0558","fg0637","fg0900","fg0268","fg0428","fg0191","fg0046","fg0988","fg0071","fg0986","fg0214","fg0745","fg0283","fg0028","fg0135","fg0300","fg0770"
"fq001121","vx_5d3b73d4625f6c98","fg0229","1","fg0229","fg0172","fg0558","fg0268","fg0089","fg0428","fg0770","fg0900","fg0637","fg0214","fg0988","fg0283","fg0986","fg0046","fg0071","fg0116","fg0414","fg0929","fg0656","fg0892"
"fq001122","vx_5d3b73d4625f6c98","fg0229","1","fg0229","fg0172","fg0089","fg0558","fg0770","fg0428","fg0268","fg0214","fg0988","fg0637","fg0892","fg0116","fg0900","fg0283","fg0986","fg0046","fg0425","fg0656","fg0311","fg0860"
"fq001123","vx_5d3b73d4625f6c98","fg0229","1","fg0229","fg0172","fg0089","fg0558","fg0428","fg0900","fg0268","fg0046","fg0637","fg0283","fg0988","fg0214","fg0986","fg0892","fg0071","fg0656","fg0116","fg0191","fg0414","fg0203"
"fq001124","vx_5d3b73d4625f6c98","fg0229","1","fg0229","fg0172","fg0089","fg0428","fg0558","fg0268","fg0637","fg0988","fg0900","fg0116","fg0986","fg0046","fg0770","fg0214","fg0283","fg0892","fg0071","fg0311","fg0191","fg0929"
"fq001125","vx_bd5c96ee35d4469c","fg0230","1","fg0230","fg0472","fg0531","fg0623","fg0096","fg0107","fg0601","fg0530","fg0620","fg0165","fg0069","fg0685","fg0139","fg0426","fg0082","fg0365","fg0716","fg0265","fg0422","fg0602"
"fq001126","vx_194636f7224d501f","fg0231","1","fg0231","fg0299","fg0403","fg0151","fg0794","fg0355","fg0373","fg0154","fg0559","fg0687","fg0908","fg0464","fg0240","fg0667","fg0721","fg0729","fg0327","fg0401","fg0440","fg0521"
"fq001127","vx_194636f7224d501f","fg0231","1","fg0231","fg0559","fg0296","fg0794","fg0529","fg0151","fg0083","fg0250","fg0980","fg0403","fg0788","fg0908","fg0048","fg0810","fg0299","fg0854","fg0108","fg0240","fg0464","fg0114"
"fq001128","vx_0f52acd0679150cc","fg0232","1","fg0232","fg0009","fg0423","fg0350","fg0067","fg0121","fg0542","fg0137","fg0103","fg0438","fg0790","fg0920","fg0404","fg0303","fg0287","fg0869","fg0378","fg0951","fg0540","fg0718"
"fq001129","vx_0f52acd0679150cc","fg0232","1","fg0232","fg0009","fg0121","fg0423","fg0438","fg0542","fg0350","fg0067","fg0103","fg0540","fg0378","fg0287","fg0790","fg0374","fg0137","fg0064","fg0303","fg0869","fg0699","fg0203"
"fq001130","vx_0f52acd0679150cc","fg0232","1","fg0232","fg0350","fg0009","fg0423","fg0790","fg0067","fg0137","fg0438","fg0542","fg0540","fg0591","fg0195","fg0028","fg0920","fg0064","fg0103","fg0647","fg0593","fg0869","fg0928"
"fq001131","vx_0f52acd0679150cc","fg0232","1","fg0232","fg0540","fg0121","fg0009","fg0137","fg0064","fg0067","fg0350","fg0103","fg0287","fg0542","fg0303","fg0423","fg0836","fg0920","fg0692","fg0378","fg0951","fg0843","fg0869"
"fq001132","vx_0f52acd0679150cc","fg0232","1","fg0232","fg0350","fg0009","fg0067","fg0540","fg0438","fg0423","fg0195","fg0287","fg0064","fg0137","fg0542","fg0790","fg0103","fg0406","fg0613","fg0699","fg0303","fg0404","fg0028"
"fq001133","vx_0f52acd0679150cc","fg0232","1","fg0232","fg0009","fg0121","fg0103","fg0542","fg0423","fg0287","fg0350","fg0920","fg0869","fg0540","fg0378","fg0303","fg0067","fg0438","fg0404","fg0203","fg0374","fg0064","fg0790"
"fq001134","vx_0f52acd0679150cc","fg0232","1","fg0232","fg0438","fg0350","fg0195","fg0790","fg0815","fg0920","fg0009","fg0103","fg0560","fg0121","fg0928","fg0120","fg0692","fg0542","fg0581","fg0404","fg0067","fg0126","fg0423"
"fq001135","vx_0f52acd0679150cc","fg0232","1","fg0232","fg0009","fg0103","fg0542","fg0378","fg0423","fg0121","fg0203","fg0699","fg0287","fg0374","fg0869","fg0350","fg0438","fg0067","fg0120","fg0303","fg0920","fg0064","fg0875"
"fq001136","vx_0f52acd0679150cc","fg0232","1","fg0232","fg0009","fg0542","fg0121","fg0287","fg0350","fg0423","fg0064","fg0103","fg0540","fg0067","fg0303","fg0438","fg0378","fg0120","fg0137","fg0441","fg0790","fg0920","fg0203"
"fq001137","vx_0f52acd0679150cc","fg0232","1","fg0232","fg0121","fg0009","fg0540","fg0137","fg0423","fg0064","fg0350","fg0103","fg0542","fg0067","fg0790","fg0287","fg0378","fg0621","fg0951","fg0869","fg0928","fg0438","fg0920"
"fq001138","vx_0f52acd0679150cc","fg0232","1","fg0232","fg0121","fg0009","fg0423","fg0103","fg0378","fg0542","fg0540","fg0287","fg0350","fg0137","fg0175","fg0064","fg0303","fg0251","fg0438","fg0360","fg0869","fg0581","fg0374"
"fq001139","vx_0f52acd0679150cc","fg0232","1","fg0232","fg0542","fg0121","fg0009","fg0350","fg0067","fg0438","fg0303","fg0423","fg0287","fg0103","fg0920","fg0228","fg0064","fg0692","fg0137","fg0126","fg0540","fg0815","fg0869"
"fq001140","vx_0f52acd0679150cc","fg0232","1","fg0232","fg0423","fg0790","fg0009","fg0542","fg0378","fg0028","fg0103","fg0438","fg0067","fg0404","fg0350","fg0920","fg0175","fg0360","fg0203","fg0869","fg0374","fg0287","fg0121"
"fq001141","vx_0f52acd0679150cc","fg0232","1","fg0232","fg0009","fg0423","fg0542","fg0137","fg0121","fg0540","fg0350","fg0064","fg0103","fg0067","fg0920","fg0303","fg0287","fg0790","fg0438","fg0374","fg0869","fg0404","fg0028"
"fq001142","vx_0f52acd0679150cc","fg0232","1","fg0232","fg0009","fg0350","fg0103","fg0067","fg0542","fg0137","fg0121","fg0423","fg0287","fg0438","fg0920","fg0951","fg0540","fg0374","fg0790","fg0378","fg0028","fg0064","fg0404"
"fq001143","vx_0f52acd0679150cc","fg0232","1","fg0232","fg0009","fg0121","fg0423","fg0067","fg0350","fg0137","fg0103","fg0790","fg0438","fg0542","fg0028","fg0951","fg0540","fg0404","fg0928","fg0374","fg0378","fg0699","fg0692"
"fq001144","vx_0f52acd0679150cc","fg0232","1","fg0232","fg0121","fg0423","fg0009","fg0103","fg0540","fg0378","fg0928","fg0790","fg0692","fg0952","fg0869","fg0542","fg0137","fg0120","fg0287","fg0064","fg0303","fg0374","fg0805"
"fq001145","vx_0f52acd0679150cc","fg0232","1","fg0232","fg0121","fg0009","fg0103","fg0423","fg0542","fg0378","fg0869","fg0350","fg0287","fg0303","fg0540","fg0064","fg0175","fg0137","fg0067","fg0438","fg0203","fg0374","fg0862"
"fq001146","vx_0f52acd0679150cc","fg0232","1","fg0232","fg0121","fg0423","fg0009","fg0540","fg0137","fg0378","fg0064","fg0103","fg0287","fg0251","fg0120","fg0869","fg0542","fg0350","fg0175","fg0203","fg0374","fg0790","fg0862"
"fq001147","vx_0f52acd0679150cc","fg0232","1","fg0232","fg0423","fg0009","fg0542","fg0121","fg0103","fg0378","fg0350","fg0438","fg0404","fg0067","fg0287","fg0303","fg0175","fg0705","fg0790","fg0120","fg0869","fg0374","fg0028"
"fq001148","vx_0f52acd0679150cc","fg0232","1","fg0232","fg0009","fg0542","fg0423","fg0067","fg0350","fg0103","fg0438","fg0121","fg0920","fg0790","fg0303","fg0374","fg0137","fg0404","fg0064","fg0540","fg0203","fg0378","fg0869"
"fq001149","vx_0f52acd0679150cc","fg0232","1","fg0232","fg0542","fg0009","fg0067","fg0350","fg0438","fg0699","fg0423","fg0920","fg0303","fg0404","fg0790","fg0028","fg0374","fg0287","fg0718","fg0593","fg0120","fg0103","fg0406"
"fq001150","vx_0f52acd0679150cc","fg0232","1","fg0232","fg0009","fg0121","fg0103","fg0423","fg0287","fg0542","fg0350","fg0378","fg0540","fg0067","fg0438","fg0203","fg0869","fg0790","fg0120","fg0064","fg0374","fg0441","fg0303"
"fq001151","vx_0f52acd0679150cc","fg0232","1","fg0232","fg0009","fg0350","fg0423","fg0067","fg0137","fg0540","fg0542","fg0438","fg0790","fg0121","fg0103","fg0064","fg0287","fg0951","fg0374","fg0920","fg0195","fg0378","fg0203"
"fq001152","vx_0f52acd0679150cc","fg0232","1","fg0232","fg0009","fg0423","fg0542","fg0067","fg0103","fg0121","fg0438","fg0540","fg0350","fg0120","fg0378","fg0064","fg0699","fg0790","fg0203","fg0287","fg0869","fg0374","fg0137"
"fq001153","vx_0f52acd0679150cc","fg0232","1","fg0232","fg0121","fg0009","fg0423","fg0103","fg0540","fg0137","fg0542","fg0350","fg0064","fg0287","fg0378","fg0067","fg0951","fg0920","fg0869","fg0790","fg0621","fg0303","fg0928"
"fq001154","vx_0f52acd0679150cc","fg0232","1","fg0232","fg0009","fg0423","fg0350","fg0542","fg0067","fg0540","fg0121","fg0103","fg0438","fg0137","fg0378","fg0790","fg0287","fg0064","fg0028","fg0718","fg0920","fg0203","fg0303"
"fq001155","vx_0f52acd0679150cc","fg0232","1","fg0232","fg0009","fg0121","fg0540","fg0064","fg0103","fg0137","fg0542","fg0869","fg0067","fg0423","fg0287","fg0350","fg0378","fg0203","fg0374","fg0303","fg0438","fg0025","fg0591"
"fq001156","vx_0f52acd0679150cc","fg0232","1","fg0232","fg0009","fg0121","fg0438","fg0423","fg0103","fg0542","fg0378","fg0350","fg0067","fg0540","fg0699","fg0287","fg0869","fg0374","fg0203","fg0303","fg0790","fg0064","fg0951"
"fq001157","vx_0f52acd0679150cc","fg0232","1","fg0232","fg0009","fg0423","fg0542","fg0121","fg0067","fg0540","fg0378","fg0350","fg0103","fg0287","fg0438","fg0137","fg0790","fg0203","fg0064","fg0920","fg0028","fg0303","fg0404"
"fq001158","vx_0f52acd0679150cc","fg0232","1","fg0232","fg0009","fg0121","fg0542","fg0350","fg0423","fg0137","fg0067","fg0064","fg0540","fg0287","fg0303","fg0103","fg0438","fg0378","fg0920","fg0951","fg0404","fg0581","fg0621"
"fq001159","vx_0f52acd0679150cc","fg0232","1","fg0232","fg0009","fg0121","fg0540","fg0137","fg0350","fg0103","fg0423","fg0067","fg0951","fg0064","fg0287","fg0621","fg0251","fg0378","fg0805","fg0438","fg0928","fg0542","fg0692"
"fq001160","vx_0f52acd0679150cc","fg0232","1","fg0232","fg0009","fg0103","fg0121","fg0423","fg0350","fg0378","fg0067","fg0540","fg0790","fg0438","fg0591","fg0805","fg0542","fg0028","fg0404","fg0287","fg0920","fg0869","fg0928"
"fq001161","vx_0f52acd0679150cc","fg0232","1","fg0232","fg0121","fg0009","fg0423","fg0378","fg0540","fg0103","fg0952","fg0175","fg0287","fg0790","fg0542","fg0120","fg0869","fg0705","fg0115","fg0928","fg0360","fg0350","fg0005"
"fq001162","vx_0f52acd0679150cc","fg0232","1","fg0232","fg0009","fg0540","fg0067","fg0350","fg0423","fg0121","fg0542","fg0064","fg0790","fg0137","fg0438","fg0404","fg0103","fg0287","fg0374","fg0303","fg0869","fg0805","fg0621"
"fq001163","vx_0f52acd0679150cc","fg0232","1","fg0232","fg0121","fg0009","fg0540","fg0423","fg0103","fg0064","fg0287","fg0542","fg0350","fg0378","fg0303","fg0137","fg0869","fg0251","fg0438","fg0374","fg0175","fg0120","fg0067"
"fq001164","vx_72d1a53c7bf67641","fg0233","2","fg0328","fg0233","fg0347","fg0260","fg0824","fg0106","fg0792","fg0784","fg0156","fg0587","fg0584","fg0552","fg0972","fg0205","fg0022","fg0345","fg0169","fg0808","fg0701","fg0503"
"fq001165","vx_72d1a53c7bf67641","fg0233","1","fg0233","fg0328","fg0280","fg0022","fg0347","fg0112","fg0879","fg0826","fg0205","fg0792","fg0584","fg0496","fg0824","fg0972","fg0937","fg0175","fg0137","fg0656","fg0485","fg0566"
"fq001166","vx_72d1a53c7bf67641","fg0233","1","fg0233","fg0328","fg0022","fg0347","fg0205","fg0280","fg0792","fg0112","fg0248","fg0298","fg0662","fg0742","fg0566","fg0503","fg0584","fg0879","fg0137","fg0489","fg0390","fg0175"
"fq001167","vx_72d1a53c7bf67641","fg0233","1","fg0233","fg0328","fg0347","fg0742","fg0112","fg0662","fg0584","fg0175","fg0022","fg0972","fg0181","fg0280","fg0298","fg0051","fg0889","fg0826","fg0204","fg0248","fg0503","fg0879"
"fq001168","vx_72d1a53c7bf67641","fg0233","1","fg0233","fg0328","fg0347","fg0503","fg0298","fg0527","fg0137","fg0280","fg0022","fg0260","fg0662","fg0181","fg0211","fg0889","fg0051","fg0824","fg0948","fg0742","fg0972","fg0175"
"fq001169","vx_27da43928d364095","fg0234","1","fg0234","fg0998","fg0918","fg0468","fg0664","fg0078","fg0350","fg0913","fg0361","fg0714","fg0700","fg0871","fg0356","fg0832","fg0776","fg0083","fg0535","fg0373","fg0739","fg0590"
"fq001170","vx_8efd552f5038d8a0","fg0235","1","fg0235","fg0237","fg0849","fg0508","fg0801","fg0102","fg0982","fg0813","fg0066","fg0127","fg0615","fg0531","fg0256","fg0030","fg0946","fg0246","fg0006","fg0601","fg0563","fg0976"
"fq001171","vx_8efd552f5038d8a0","fg0235","1","fg0235","fg0508","fg0836","fg0237","fg0849","fg0982","fg0066","fg0102","fg0737","fg0256","fg0801","fg0246","fg0563","fg0953","fg0597","fg0094","fg0730","fg0967","fg0096","fg0493"
"fq001172","vx_15c52144b0951e42","fg0236","1","fg0236","fg0075","fg0041","fg0237","fg0189","fg0100","fg0799","fg0105","fg0523","fg0889","fg0864","fg0366","fg0225","fg0978","fg0213","fg0660","fg0309","fg0298","fg0996","fg0973"
"fq001173","vx_15c52144b0951e42","fg0236","1","fg0236","fg0075","fg0041","fg0189","fg0978","fg0237","fg0100","fg0864","fg0889","fg0105","fg0366","fg0735","fg0152","fg0996","fg0439","fg0660","fg0461","fg0799","fg0523","fg0213"
"fq001174","vx_adbb4693ebbce863","fg0237","1","fg0237","fg0041","fg0189","fg0236","fg0235","fg0971","fg0316","fg0439","fg0775","fg0013","fg0572","fg0075","fg0610","fg0119","fg0100","fg0631","fg0004","fg0096","fg0601","fg0896"
"fq001175","vx_6ceba8af8fc3a94b","fg0238","1","fg0238","fg0322","fg0138","fg0558","fg0519","fg0445","fg0032","fg0388","fg0029","fg0683","fg0945","fg0259","fg0837","fg0466","fg0689","fg0252","fg0424","fg0718","fg0128","fg0612"
"fq001176","vx_6ceba8af8fc3a94b","fg0238","1","fg0238","fg0138","fg0322","fg0945","fg0388","fg0029","fg0032","fg0481","fg0858","fg0466","fg0622","fg0354","fg0445","fg0751","fg0689","fg0777","fg0699","fg0406","fg0558","fg0519"
"fq001177","vx_6ceba8af8fc3a94b","fg0238","1","fg0238","fg0322","fg0138","fg0519","fg0388","fg0945","fg0314","fg0252","fg0029","fg0032","fg0558","fg0466","fg0689","fg0445","fg0259","fg0056","fg0128","fg0622","fg0683","fg0751"
"fq001178","vx_6ceba8af8fc3a94b","fg0238","1","fg0238","fg0509","fg0343","fg0138","fg0945","fg0249","fg0539","fg0466","fg0794","fg0922","fg0699","fg0659","fg0652","fg0374","fg0322","fg0095","fg0842","fg0055","fg0729","fg0673"
"fq001179","vx_6ceba8af8fc3a94b","fg0238","1","fg0238","fg0322","fg0138","fg0519","fg0388","fg0032","fg0945","fg0466","fg0029","fg0558","fg0056","fg0252","fg0689","fg0622","fg0699","fg0683","fg0445","fg0259","fg0837","fg0718"
"fq001180","vx_6ceba8af8fc3a94b","fg0238","1","fg0238","fg0322","fg0138","fg0388","fg0032","fg0519","fg0558","fg0029","fg0945","fg0466","fg0445","fg0689","fg0252","fg0683","fg0718","fg0622","fg0837","fg0259","fg0128","fg0699"
"fq001181","vx_6ceba8af8fc3a94b","fg0238","1","fg0238","fg0322","fg0519","fg0138","fg0388","fg0252","fg0558","fg0314","fg0689","fg0945","fg0056","fg0029","fg0466","fg0699","fg0445","fg0032","fg0622","fg0259","fg0718","fg0424"
"fq001182","vx_6ceba8af8fc3a94b","fg0238","1","fg0238","fg0322","fg0138","fg0945","fg0388","fg0466","fg0029","fg0519","fg0032","fg0252","fg0259","fg0558","fg0699","fg0837","fg0184","fg0718","fg0314","fg0327","fg0689","fg0754"
"fq001183","vx_6ceba8af8fc3a94b","fg0238","1","fg0238","fg0322","fg0138","fg0519","fg0388","fg0029","fg0032","fg0558","fg0945","fg0445","fg0466","fg0689","fg0327","fg0718","fg0252","fg0837","fg0128","fg0622","fg0259","fg0314"
"fq001184","vx_6ceba8af8fc3a94b","fg0238","1","fg0238","fg0138","fg0322","fg0945","fg0466","fg0388","fg0751","fg0029","fg0445","fg0476","fg0032","fg0558","fg0699","fg0718","fg0770","fg0373","fg0360","fg0241","fg0622","fg0858"
"fq001185","vx_6ceba8af8fc3a94b","fg0238","1","fg0238","fg0322","fg0138","fg0388","fg0945","fg0558","fg0032","fg0519","fg0029","fg0699","fg0314","fg0466","fg0718","fg0751","fg0837","fg0252","fg0689","fg0445","fg0327","fg0622"
"fq001186","vx_9c60083e1db7d389","fg0239","1","fg0239","fg0470","fg0479","fg0174","fg0058","fg0625","fg0535","fg0923","fg0020","fg0029","fg0763","fg0864","fg0695","fg0356","fg0450","fg0221","fg0242","fg0865","fg0662","fg0796"
"fq001187","vx_9c60083e1db7d389","fg0239","1","fg0239","fg0479","fg0470","fg0058","fg0020","fg0174","fg0695","fg0625","fg0923","fg0763","fg0029","fg0259","fg0356","fg0698","fg0795","fg0401","fg0864","fg0264","fg0221","fg0558"
"fq001188","vx_9c60083e1db7d389","fg0239","1","fg0239","fg0470","fg0479","fg0174","fg0058","fg0625","fg0020","fg0695","fg0864","fg0356","fg0921","fg0923","fg0865","fg0796","fg0450","fg0339","fg0763","fg0425","fg0242","fg0516"
"fq001189","vx_08c7c00e18bdf7ec","fg0240","1","fg0240","fg0373","fg0525","fg0559","fg0355","fg0092","fg0687","fg0810","fg0783","fg0162","fg0555","fg0151","fg0114","fg0083","fg0998","fg0299","fg0225","fg0108","fg0959","fg0652"
"fq001190","vx_92692a1b5c9a5270","fg0241","1","fg0241","fg0525","fg0959","fg0355","fg0388","fg0147","fg0140","fg0001","fg0503","fg0159","fg0687","fg0936","fg0533","fg0749","fg0373","fg0421","fg0298","fg0569","fg0275","fg0411"
"fq001191","vx_2bdee5c9259bafdc","fg0242","1","fg0242","fg0802","fg0525","fg0687","fg0870","fg0327","fg0043","fg0523","fg0881","fg0114","fg0760","fg0555","fg0768","fg0355","fg0241","fg0996","fg0504","fg0748","fg0017","fg0880"
"fq001192","vx_9e63e88c09c7f127","fg0243","1","fg0243","fg0180","fg0408","fg0870","fg0490","fg0583","fg1000","fg0190","fg0748","fg0686","fg0378","fg0833","fg0268","fg0501","fg0366","fg0108","fg0747","fg0360","fg0283","fg0221"
"fq001193","vx_07aa3b0a5a2783a1","fg0244","1","fg0244","fg0532","fg0960","fg0365","fg0811","fg0939","fg0338","fg0081","fg0738","fg0708","fg0015","fg0143","fg0427","fg0623","fg0640","fg0282","fg0330","fg0436","fg0027","fg0178"
"fq001194","vx_07aa3b0a5a2783a1","fg0244","1","fg0244","fg0960","fg0811","fg0708","fg0365","fg0131","fg0015","fg0532","fg0939","fg0107","fg0803","fg0081","fg0497","fg0330","fg0667","fg0416","fg0338","fg0047","fg0302","fg0908"
"fq001195","vx_f8d1aeb5a7cc5172","fg0245","1","fg0245","fg0795","fg0945","fg0771","fg0304","fg0714","fg0616","fg0759","fg0603","fg0731","fg0825","fg0484","fg0227","fg0012","fg0666","fg0683","fg0341","fg0880","fg0911","fg0342"
"fq001196","vx_f8d1aeb5a7cc5172","fg0245","1","fg0245","fg0795","fg0666","fg0289","fg0304","fg0945","fg0751","fg0880","fg0901","fg0683","fg0002","fg0730","fg0823","fg0968","fg0227","fg0066","fg0771","fg0228","fg0333","fg0335"
"fq001197","vx_11227c8b31904a06","fg0246","1","fg0246","fg0256","fg0781","fg0888","fg0967","fg0789","fg0262","fg0619","fg0835","fg0650","fg0774","fg0398","fg0878","fg0434","fg0284","fg0604","fg0617","fg0196","fg0221","fg0277"
"fq001198","vx_11227c8b31904a06","fg0246","1","fg0246","fg0256","fg0781","fg0888","fg0967","fg0789","fg0262","fg0835","fg0619","fg0650","fg0878","fg0398","fg0774","fg0604","fg0617","fg0235","fg0277","fg0807","fg0221","fg0434"
"fq001199","vx_11227c8b31904a06","fg0246","1","fg0246","fg0256","fg0888","fg0967","fg0781","fg0789","fg0262","fg0835","fg0619","fg0650","fg0398","fg0878","fg0604","fg0617","fg0774","fg0277","fg0284","fg0196","fg0235","fg0434"
"fq001200","vx_bba95f8ee676791e","fg0247","1","fg0247","fg0747","fg0191","fg0515","fg0334","fg0835","fg0809","fg0630","fg0907","fg0351","fg0527","fg0974","fg0076","fg0682","fg0211","fg0517","fg0582","fg0805","fg0969","fg0588"
"fq001201","vx_2a8cd1fe3ae992b5","fg0248","1","fg0248","fg0955","fg0112","fg0420","fg0785","fg0207","fg0051","fg0700","fg0101","fg0660","fg0113","fg0293","fg0205","fg0347","fg0725","fg0950","fg0382","fg0624","fg0069","fg0249"
"fq001202","vx_50b8080113338def","fg0249","1","fg0249","fg0147","fg0509","fg0735","fg0749","fg0889","fg0938","fg0270","fg0069","fg0922","fg0930","fg0652","fg0190","fg0729","fg0444","fg0084","fg0421","fg0227","fg0603","fg0647"
"fq001203","vx_bdb8a8b797e5e6e1","fg0250","1","fg0250","fg0945","fg0190","fg0272","fg0922","fg0270","fg0749","fg0227","fg0735","fg0500","fg0521","fg0133","fg0543","fg0140","fg0147","fg0249","fg0304","fg0666","fg0219","fg0464"
"fq001204","vx_466978cb08616ca2","fg0251","1","fg0251","fg0894","fg0613","fg0794","fg0450","fg0304","fg0206","fg0774","fg0035","fg0147","fg0040","fg0621","fg0083","fg0659","fg0973","fg0749","fg0270","fg0694","fg0584","fg0552"
"fq001205","vx_466978cb08616ca2","fg0251","1","fg0251","fg0894","fg0613","fg0206","fg0794","fg0147","fg0018","fg0450","fg0304","fg0083","fg0621","fg0040","fg0035","fg0973","fg0694","fg0735","fg0385","fg0774","fg0092","fg0807"
"fq001206","vx_1f602f2bb4daf97b","fg0252","1","fg0252","fg0380","fg0714","fg0969","fg0356","fg0358","fg0158","fg0201","fg0456","fg0139","fg0163","fg0079","fg0003","fg0661","fg0492","fg0215","fg0725","fg0042","fg0482","fg0916"
"fq001207","vx_d86d91096f669c36","fg0253","1","fg0253","fg0602","fg0391","fg0107","fg0150","fg0833","fg0891","fg0096","fg0623","fg0252","fg0115","fg0530","fg0477","fg0282","fg0491","fg0360","fg0590","fg0542","fg0494","fg0459"
"fq001208","vx_acc72328b0c1b9e8","fg0254","1","fg0254","fg0889","fg0979","fg0227","fg0117","fg0764","fg0598","fg0710","fg0603","fg0285","fg0930","fg0851","fg0574","fg0708","fg0939","fg0902","fg0064","fg0509","fg0607","fg0084"
"fq001209","vx_8c508ca0b9ed8b80","fg0255","1","fg0255","fg0909","fg0030","fg0750","fg0730","fg0332","fg0109","fg0425","fg0949","fg0209","fg0939","fg0911","fg0891","fg0143","fg0836","fg0341","fg0663","fg0021","fg0701","fg0118"
"fq001210","vx_8c508ca0b9ed8b80","fg0255","1","fg0255","fg0750","fg0909","fg0425","fg0341","fg0021","fg0030","fg0818","fg0516","fg0891","fg0836","fg0730","fg0264","fg0586","fg0949","fg0143","fg0061","fg0109","fg0116","fg0996"
"fq001211","vx_8c508ca0b9ed8b80","fg0255","1","fg0255","fg0891","fg0750","fg0730","fg0425","fg0909","fg0146","fg0341","fg0109","fg0093","fg0586","fg0263","fg0116","fg0021","fg0716","fg0118","fg0332","fg0639","fg0939","fg0818"
"fq001212","vx_8c508ca0b9ed8b80","fg0255","1","fg0255","fg0909","fg0750","fg0425","fg0030","fg0516","fg0209","fg0021","fg0586","fg0109","fg0786","fg0949","fg0061","fg0008","fg0332","fg0143","fg0116","fg0264","fg0491","fg0730"
"fq001213","vx_ad4c60c0c99d7003","fg0256","1","fg0256","fg0246","fg0888","fg0967","fg0781","fg0262","fg0789","fg0835","fg0398","fg0619","fg0650","fg0411","fg0807","fg0973","fg0995","fg0102","fg0801","fg0235","fg0617","fg0878"
"fq001214","vx_ad4c60c0c99d7003","fg0256","1","fg0256","fg0246","fg0967","fg0888","fg0789","fg0262","fg0781","fg0398","fg0835","fg0619","fg0411","fg0973","fg0807","fg0650","fg0995","fg0533","fg0102","fg0878","fg0617","fg0653"
"fq001215","vx_ad4c60c0c99d7003","fg0256","1","fg0256","fg0246","fg0967","fg0888","fg0262","fg0781","fg0789","fg0398","fg0835","fg0411","fg0995","fg0619","fg0176","fg0973","fg0001","fg0533","fg0102","fg0807","fg0066","fg0525"
"fq001216","vx_ad4c60c0c99d7003","fg0256","1","fg0256","fg0246","fg0967","fg0888","fg0262","fg0789","fg0781","fg0398","fg0835","fg0619","fg0411","fg0995","fg0650","fg0176","fg0973","fg0807","fg0653","fg0102","fg0801","fg0001"
"fq001217","vx_ad4c60c0c99d7003","fg0256","1","fg0256","fg0246","fg0967","fg0888","fg0781","fg0789","fg0262","fg0835","fg0398","fg0619","fg0411","fg0973","fg0650","fg0807","fg0995","fg0617","fg0653","fg0176","fg0878","fg0235"
"fq001218","vx_ad4c60c0c99d7003","fg0256","1","fg0256","fg0246","fg0967","fg0888","fg0789","fg0262","fg0781","fg0398","fg0835","fg0411","fg0619","fg0995","fg0973","fg0807","fg0533","fg0176","fg0588","fg0066","fg0525","fg0102"
"fq001219","vx_ad4c60c0c99d7003","fg0256","1","fg0256","fg0246","fg0967","fg0888","fg0781","fg0262","fg0789","fg0835","fg0398","fg0619","fg0650","fg0653","fg0973","fg0617","fg0995","fg0807","fg0801","fg0411","fg0235","fg0102"
"fq001220","vx_ad4c60c0c99d7003","fg0256","1","fg0256","fg0246","fg0888","fg0967","fg0781","fg0789","fg0262","fg0835","fg0398","fg0650","fg0619","fg0235","fg0284","fg0807","fg0774","fg0617","fg0878","fg0801","fg0221","fg0973"
"fq001221","vx_ad4c60c0c99d7003","fg0256","1","fg0256","fg0246","fg0967","fg0888","fg0262","fg0835","fg0789","fg0781","fg0398","fg0973","fg0411","fg0619","fg0807","fg0650","fg0176","fg0995","fg0653","fg0886","fg0102","fg0533"
"fq001222","vx_ad4c60c0c99d7003","fg0256","1","fg0256","fg0967","fg0246","fg0888","fg0789","fg0262","fg0398","fg0781","fg0411","fg0835","fg0619","fg0807","fg0973","fg0533","fg0995","fg0650","fg0878","fg0588","fg0801","fg0176"
"fq001223","vx_ad4c60c0c99d7003","fg0256","1","fg0256","fg0246","fg0967","fg0888","fg0781","fg0262","fg0789","fg0835","fg0398","fg0619","fg0650","fg0617","fg0653","fg0235","fg0176","fg0801","fg0995","fg0973","fg0807","fg0878"
"fq001224","vx_ad4c60c0c99d7003","fg0256","1","fg0256","fg0246","fg0967","fg0888","fg0781","fg0262","fg0789","fg0835","fg0398","fg0619","fg0650","fg0973","fg0995","fg0411","fg0807","fg0617","fg0653","fg0001","fg0176","fg0102"
"fq001225","vx_ad4c60c0c99d7003","fg0256","1","fg0256","fg0246","fg0967","fg0888","fg0781","fg0262","fg0789","fg0835","fg0398","fg0617","fg0619","fg0995","fg0973","fg0653","fg0176","fg0650","fg0411","fg0807","fg0235","fg0102"
"fq001226","vx_ad4c60c0c99d7003","fg0256","1","fg0256","fg0246","fg0967","fg0888","fg0781","fg0262","fg0789","fg0835","fg0398","fg0619","fg0411","fg0617","fg0176","fg0973","fg0807","fg0650","fg0995","fg0653","fg0878","fg0102"
"fq001227","vx_152d62abb88d9a5b","fg0257","1","fg0257","fg0370","fg0953","fg0062","fg0799","fg0871","fg0087","fg0464","fg0093","fg0320","fg0743","fg0094","fg0502","fg0440","fg0076","fg0682","fg0850","fg0737","fg0497","fg0468"
"fq001228","vx_152d62abb88d9a5b","fg0257","1","fg0257","fg0953","fg0370","fg0062","fg0871","fg0093","fg0799","fg0464","fg0087","fg0094","fg0468","fg0850","fg0254","fg0563","fg0851","fg0388","fg0392","fg0743","fg0320","fg0206"
"fq001229","vx_34c841b8b3f78294","fg0258","1","fg0258","fg0503","fg0106","fg0582","fg0474","fg0835","fg0778","fg0297","fg0388","fg0647","fg0214","fg0039","fg0696","fg0942","fg0973","fg0941","fg0298","fg0191","fg0843","fg0453"
"fq001230","vx_34c841b8b3f78294","fg0258","1","fg0258","fg0647","fg0503","fg0474","fg0973","fg0835","fg0297","fg0298","fg0942","fg0411","fg0039","fg0211","fg0533","fg0696","fg0191","fg0059","fg0367","fg0106","fg0398","fg0778"
"fq001231","vx_34c841b8b3f78294","fg0258","1","fg0258","fg0503","fg0647","fg0835","fg0474","fg0297","fg0106","fg0745","fg0973","fg0191","fg0582","fg0039","fg0696","fg0942","fg0490","fg0518","fg0367","fg0298","fg0388","fg0778"
"fq001232","vx_bc4d22884b2bfa2d","fg0259","1","fg0259","fg0201","fg0111","fg0946","fg0205","fg0097","fg0968","fg0402","fg0235","fg0928","fg0839","fg0912","fg0176","fg0690","fg0238","fg0285","fg0010","fg0675","fg0304","fg0961"
"fq001233","vx_bc4d22884b2bfa2d","fg0259","1","fg0259","fg0097","fg0928","fg0445","fg0121","fg0176","fg0968","fg0789","fg0201","fg0690","fg0262","fg0114","fg0754","fg0304","fg0781","fg0752","fg0329","fg0102","fg0092","fg0888"
"fq001234","vx_bc4d22884b2bfa2d","fg0259","1","fg0259","fg0652","fg0821","fg0124","fg0523","fg0294","fg0071","fg0555","fg0860","fg0100","fg0140","fg0241","fg0559","fg0162","fg0240","fg0666","fg0782","fg0343","fg0885","fg0152"
"fq001235","vx_bc4d22884b2bfa2d","fg0259","1","fg0259","fg0205","fg0928","fg0946","fg0201","fg0176","fg0968","fg0111","fg0912","fg0097","fg0754","fg0690","fg0402","fg0839","fg0304","fg0620","fg0238","fg0675","fg0899","fg0010"
"fq001236","vx_bee5d952c7befc45","fg0260","1","fg0260","fg0573","fg0350","fg0195","fg0185","fg0421","fg0657","fg0947","fg0438","fg0474","fg0855","fg0398","fg0211","fg0397","fg0975","fg0841","fg0740","fg0973","fg0843","fg0571"
"fq001237","vx_b80f75ff67b7eb89","fg0261","1","fg0261","fg0650","fg0583","fg0585","fg0624","fg0363","fg0142","fg0642","fg0785","fg0260","fg0803","fg0325","fg0623","fg0178","fg0122","fg0332","fg0079","fg0493","fg0179","fg0351"
"fq001238","vx_325d9df9b5683c24","fg0262","1","fg0262","fg0789","fg0781","fg0272","fg0888","fg0922","fg0967","fg0147","fg0256","fg0270","fg0945","fg0246","fg0627","fg0638","fg0895","fg0525","fg0735","fg0509","fg0749","fg0607"
"fq001239","vx_770e6b634ec46c9d","fg0263","1","fg0263","fg0404","fg0039","fg0616","fg0586","fg0716","fg0891","fg0082","fg0163","fg0122","fg0036","fg0397","fg0429","fg0799","fg0180","fg0298","fg0307","fg0179","fg0730","fg0929"
"fq001240","vx_770e6b634ec46c9d","fg0263","1","fg0263","fg0404","fg0039","fg0616","fg0716","fg0891","fg0298","fg0586","fg0180","fg0929","fg0397","fg0082","fg0122","fg0307","fg0437","fg0179","fg0757","fg0799","fg0941","fg0163"
"fq001241","vx_a147eb375e658cb0","fg0264","1","fg0264","fg0818","fg0674","fg0776","fg0764","fg0171","fg0960","fg0384","fg0212","fg0707","fg0670","fg0550","fg0750","fg0239","fg0008","fg0292","fg0046","fg0385","fg0006","fg0341"
"fq001242","vx_bd6f8c6e0cc050a2","fg0265","1","fg0265","fg0930","fg0188","fg0171","fg0096","fg0964","fg0259","fg0306","fg0968","fg0416","fg0303","fg0764","fg0127","fg0831","fg0571","fg0137","fg0685","fg0230","fg0595","fg0493"
"fq001243","vx_bd6f8c6e0cc050a2","fg0265","1","fg0265","fg0930","fg0188","fg0571","fg0171","fg0303","fg0416","fg0539","fg0306","fg0230","fg0769","fg0713","fg0418","fg0592","fg0680","fg0752","fg0605","fg0526","fg0968","fg0975"
"fq001244","vx_6706357c47860d6d","fg0266","1","fg0266","fg0004","fg0309","fg0338","fg0628","fg0887","fg0795","fg0720","fg0366","fg0565","fg0934","fg0855","fg0219","fg0307","fg0161","fg0681","fg0580","fg0849","fg0413","fg0695"
"fq001245","vx_f203910bd199c165","fg0267","1","fg0267","fg0552","fg0147","fg0749","fg0078","fg0889","fg0227","fg0808","fg0169","fg0784","fg0230","fg0363","fg0106","fg0475","fg0142","fg0430","fg0936","fg0173","fg0584","fg0249"
"fq001246","vx_f203910bd199c165","fg0267","1","fg0267","fg0552","fg0749","fg0147","fg0227","fg0889","fg0169","fg0078","fg0584","fg0249","fg0808","fg0936","fg0173","fg0397","fg0671","fg0475","fg0106","fg0710","fg0142","fg0666"
"fq001247","vx_1f66bf13de5cb227","fg0268","1","fg0268","fg0988","fg0586","fg0229","fg0172","fg0180","fg0582","fg0046","fg0428","fg0409","fg0562","fg0723","fg0008","fg0015","fg0727","fg0962","fg0130","fg0778","fg0193","fg0819"
"fq001248","vx_a63a6f2c8044c806","fg0269","1","fg0269","fg0010","fg0063","fg0199","fg0696","fg0598","fg0932","fg0358","fg0329","fg0026","fg0606","fg0977","fg0550","fg0970","fg0634","fg0694","fg0254","fg0089","fg0808","fg0906"
"fq001249","vx_a63a6f2c8044c806","fg0269","1","fg0269","fg0634","fg0381","fg0063","fg0924","fg0281","fg0984","fg0193","fg0727","fg0415","fg0417","fg0369","fg0853","fg0443","fg0476","fg0456","fg0109","fg0160","fg0088","fg0396"
"fq001250","vx_a63a6f2c8044c806","fg0269","1","fg0269","fg0010","fg0696","fg0063","fg0199","fg0726","fg0394","fg0089","fg0026","fg0550","fg0329","fg0004","fg0490","fg0935","fg0750","fg0608","fg0290","fg0694","fg0598","fg0254"
"fq001251","vx_32339657247a9199","fg0270","1","fg0270","fg0749","fg0584","fg0147","fg0552","fg0794","fg0922","fg0159","fg0659","fg0729","fg0500","fg0469","fg0889","fg0525","fg0588","fg0824","fg0959","fg0018","fg0910","fg0249"
"fq001252","vx_32339657247a9199","fg0270","1","fg0270","fg0749","fg0922","fg0147","fg0729","fg0469","fg0735","fg0584","fg0659","fg0249","fg0500","fg0018","fg0536","fg0552","fg0794","fg0722","fg0889","fg0272","fg0190","fg0945"
"fq001253","vx_32339657247a9199","fg0270","1","fg0270","fg0749","fg0922","fg0147","fg0735","fg0249","fg0729","fg0469","fg0536","fg0722","fg0190","fg0500","fg0552","fg0559","fg0018","fg0272","fg0584","fg0889","fg0824","fg0033"
"fq001254","vx_32339657247a9199","fg0270","1","fg0270","fg0749","fg0147","fg0584","fg0729","fg0552","fg0922","fg0659","fg0500","fg0794","fg0469","fg0249","fg0889","fg0824","fg0735","fg0910","fg0159","fg0652","fg0588","fg0525"
"fq001255","vx_32339657247a9199","fg0270","1","fg0270","fg0749","fg0147","fg0922","fg0729","fg0469","fg0584","fg0659","fg0794","fg0500","fg0552","fg0735","fg0018","fg0249","fg0525","fg0536","fg0824","fg0889","fg0108","fg0159"
"fq001256","vx_32339657247a9199","fg0270","1","fg0270","fg0749","fg0147","fg0922","fg0729","fg0249","fg0469","fg0735","fg0500","fg0018","fg0659","fg0889","fg0722","fg0584","fg0197","fg0931","fg0552","fg0794","fg0355","fg0666"
"fq001257","vx_32339657247a9199","fg0270","1","fg0270","fg0749","fg0147","fg0922","fg0659","fg0729","fg0584","fg0552","fg0469","fg0735","fg0249","fg0794","fg0525","fg0500","fg0945","fg0889","fg0159","fg0536","fg0824","fg0190"
"fq001258","vx_32339657247a9199","fg0270","1","fg0270","fg0749","fg0147","fg0659","fg0729","fg0922","fg0500","fg0552","fg0584","fg0469","fg0735","fg0249","fg0525","fg0889","fg0588","fg0794","fg0666","fg0159","fg0652","fg0355"
"fq001259","vx_32339657247a9199","fg0270","1","fg0270","fg0749","fg0584","fg0469","fg0729","fg0922","fg0147","fg0249","fg0159","fg0659","fg0552","fg0722","fg0931","fg0525","fg0824","fg0108","fg0018","fg0735","fg0666","fg0652"
"fq001260","vx_32339657247a9199","fg0270","1","fg0270","fg0749","fg0147","fg0922","fg0729","fg0584","fg0659","fg0500","fg0469","fg0552","fg0249","fg0889","fg0735","fg0159","fg0525","fg0018","fg0794","fg0824","fg0108","fg0931"
"fq001261","vx_92db7dd54f59d2f5","fg0271","1","fg0271","fg0922","fg0509","fg0153","fg0599","fg0794","fg0783","fg0583","fg0938","fg0769","fg0940","fg0729","fg0538","fg0484","fg0902","fg0557","fg0184","fg0541","fg0031","fg0147"
"fq001262","vx_92db7dd54f59d2f5","fg0271","1","fg0271","fg0509","fg0541","fg0922","fg0767","fg0262","fg0543","fg0395","fg0538","fg0632","fg0557","fg0780","fg0182","fg0484","fg0777","fg0031","fg0153","fg0579","fg0638","fg0494"
"fq001263","vx_92db7dd54f59d2f5","fg0271","1","fg0271","fg0471","fg0780","fg0579","fg0494","fg0509","fg0541","fg0821","fg0590","fg0121","fg0777","fg0814","fg0732","fg0182","fg0922","fg0620","fg0919","fg0031","fg0848","fg0262"
"fq001264","vx_92db7dd54f59d2f5","fg0271","1","fg0271","fg0734","fg0612","fg0873","fg0794","fg0121","fg0184","fg0599","fg0821","fg0922","fg0484","fg0092","fg0641","fg0686","fg0729","fg0813","fg0847","fg0666","fg0564","fg0859"
"fq001265","vx_92db7dd54f59d2f5","fg0271","1","fg0271","fg0509","fg0543","fg0922","fg0494","fg0769","fg0031","fg0484","fg0541","fg0767","fg0153","fg0538","fg0262","fg0395","fg0938","fg0167","fg0288","fg0783","fg0848","fg0382"
"fq001266","vx_92db7dd54f59d2f5","fg0271","1","fg0271","fg0121","fg0777","fg0612","fg0509","fg0541","fg0734","fg0873","fg0092","fg0182","fg0184","fg0821","fg0599","fg0922","fg0031","fg0666","fg0794","fg0775","fg0641","fg0579"
"fq001267","vx_92db7dd54f59d2f5","fg0271","1","fg0271","fg0922","fg0583","fg0509","fg0783","fg0538","fg0940","fg0182","fg0950","fg0659","fg0599","fg0035","fg0153","fg0794","fg0541","fg0031","fg0092","fg0190","fg0484","fg0522"
"fq001268","vx_92db7dd54f59d2f5","fg0271","1","fg0271","fg0922","fg0190","fg0794","fg0659","fg0538","fg0108","fg0069","fg0813","fg0945","fg0583","fg0509","fg0599","fg0249","fg0783","fg0729","fg0772","fg0735","fg0182","fg0262"
"fq001269","vx_c1335dd52391d327","fg0272","1","fg0272","fg0707","fg0262","fg0018","fg0922","fg0970","fg0292","fg0461","fg0557","fg0945","fg0471","fg0190","fg0091","fg0652","fg0996","fg0749","fg0772","fg0906","fg0570","fg0203"
"fq001270","vx_c1335dd52391d327","fg0272","1","fg0272","fg0707","fg0203","fg0018","fg0292","fg0557","fg0461","fg0091","fg0906","fg0420","fg0970","fg0860","fg0570","fg0262","fg0772","fg0471","fg0873","fg1000","fg0789","fg0912"
"fq001271","vx_b982e5a320673d51","fg0273","1","fg0273","fg0343","fg0653","fg0108","fg0313","fg0240","fg0028","fg0275","fg0755","fg0283","fg0373","fg0159","fg0741","fg0289","fg0929","fg0823","fg0860","fg0954","fg0113","fg0229"
"fq001272","vx_6061b37c2bbc367f","fg0274","1","fg0274","fg0537","fg0545","fg0859","fg0621","fg0271","fg0772","fg0807","fg0073","fg0010","fg0759","fg0056","fg0748","fg0334","fg0969","fg0490","fg0549","fg0665","fg1000","fg0510"
"fq001273","vx_6061b37c2bbc367f","fg0274","1","fg0274","fg0537","fg0859","fg0545","fg0772","fg0271","fg0621","fg0073","fg0510","fg0010","fg0628","fg0541","fg0509","fg0504","fg1000","fg0748","fg0334","fg0906","fg0133","fg0153"
"fq001274","vx_6061b37c2bbc367f","fg0274","1","fg0274","fg0545","fg0859","fg0537","fg0807","fg0852","fg0541","fg1000","fg0010","fg0394","fg0050","fg0772","fg0759","fg0284","fg0366","fg0665","fg0696","fg0329","fg0546","fg0490"
"fq001275","vx_4c0e6773cc702042","fg0275","1","fg0275","fg0355","fg0729","fg0525","fg0559","fg0151","fg0159","fg0500","fg0147","fg0299","fg0880","fg0931","fg0521","fg0749","fg0959","fg0327","fg0225","fg0927","fg0922","fg0687"
"fq001276","vx_4c0e6773cc702042","fg0275","1","fg0275","fg0525","fg0155","fg0151","fg0355","fg0729","fg0159","fg0241","fg0768","fg0225","fg0213","fg0959","fg0559","fg0880","fg0071","fg0931","fg0857","fg0810","fg0283","fg0641"
"fq001277","vx_51f40aec6c01fe3d","fg0276","2","fg0086","fg0276","fg0210","fg0423","fg0600","fg0406","fg0431","fg0875","fg0014","fg0396","fg0699","fg0069","fg0329","fg0991","fg0168","fg0201","fg0652","fg0360","fg0513","fg0111"
"fq001278","vx_51f40aec6c01fe3d","fg0276","1","fg0276","fg0086","fg0210","fg0600","fg0423","fg0991","fg0652","fg0406","fg0699","fg0787","fg0431","fg0014","fg0111","fg0957","fg0168","fg0329","fg0069","fg0249","fg0632","fg0139"
"fq001279","vx_51f40aec6c01fe3d","fg0276","2","fg0086","fg0276","fg0210","fg0423","fg0600","fg0431","fg0406","fg0111","fg0329","fg0527","fg0699","fg0652","fg0875","fg0991","fg0033","fg0014","fg0360","fg0414","fg0662","fg0542"
"fq001280","vx_51f40aec6c01fe3d","fg0276","2","fg0086","fg0276","fg0210","fg0600","fg0423","fg0431","fg0406","fg0360","fg0875","fg0699","fg0991","fg0542","fg0014","fg0957","fg0168","fg0652","fg0396","fg0135","fg0787","fg0519"
"fq001281","vx_51f40aec6c01fe3d","fg0276","2","fg0086","fg0276","fg0210","fg0600","fg0406","fg0423","fg0431","fg0201","fg0593","fg0991","fg0014","fg0875","fg0787","fg0632","fg0519","fg0111","fg0405","fg0527","fg0135","fg0329"
"fq001282","vx_51f40aec6c01fe3d","fg0276","2","fg0086","fg0276","fg0210","fg0600","fg0699","fg0406","fg0147","fg0423","fg0652","fg0249","fg0114","fg0069","fg0729","fg0607","fg0513","fg0270","fg0666","fg0593","fg0078","fg0262"
"fq001283","vx_51f40aec6c01fe3d","fg0276","2","fg0086","fg0276","fg0210","fg0991","fg0787","fg0423","fg0111","fg0600","fg0168","fg0431","fg0329","fg0406","fg0014","fg0875","fg0360","fg0396","fg0957","fg0139","fg0405","fg0414"
"fq001284","vx_51f40aec6c01fe3d","fg0276","1","fg0276","fg0086","fg0210","fg0600","fg0423","fg0652","fg0431","fg0406","fg0875","fg0699","fg0329","fg0396","fg0360","fg0014","fg0069","fg0607","fg0034","fg0957","fg0991","fg0414"
"fq001285","vx_51f40aec6c01fe3d","fg0276","2","fg0086","fg0276","fg0210","fg0991","fg0600","fg0652","fg0787","fg0111","fg0406","fg0607","fg0329","fg0431","fg0069","fg0423","fg0875","fg0014","fg0249","fg0168","fg0147","fg0099"
"fq001286","vx_51f40aec6c01fe3d","fg0276","1","fg0276","fg0086","fg0210","fg0431","fg0406","fg0423","fg0600","fg0875","fg0991","fg0014","fg0787","fg0699","fg0542","fg0111","fg0527","fg0519","fg0360","fg0168","fg0513","fg0069"
"fq001287","vx_07999ca196f1d435","fg0277","1","fg0277","fg0944","fg0364","fg0148","fg0892","fg0016","fg0766","fg0828","fg0524","fg0560","fg0308","fg0634","fg0246","fg0876","fg0315","fg0101","fg0570","fg0842","fg0593","fg0142"
"fq001288","vx_0ab214b4c46b1e39","fg0278","2","fg0723","fg0278","fg0130","fg0778","fg0071","fg0189","fg0221","fg0496","fg0870","fg0681","fg0453","fg0665","fg0855","fg0811","fg0732","fg0191","fg0198","fg0641","fg0548","fg0065"
"fq001289","vx_893342667741bced","fg0279","1","fg0279","fg0106","fg0492","fg0347","fg0448","fg0090","fg0418","fg0670","fg0847","fg0143","fg0103","fg0214","fg0518","fg0663","fg0117","fg0941","fg0966","fg0909","fg0869","fg0314"
"fq001290","vx_893342667741bced","fg0279","1","fg0279","fg0106","fg0347","fg0448","fg0492","fg0143","fg0966","fg0518","fg0214","fg0090","fg0418","fg0847","fg0663","fg0117","fg0876","fg0544","fg0869","fg0670","fg0496","fg0941"
"fq001291","vx_893342667741bced","fg0279","1","fg0279","fg0106","fg0492","fg0847","fg0448","fg0670","fg0090","fg0347","fg0418","fg0566","fg0214","fg0103","fg0117","fg0435","fg0869","fg0876","fg0059","fg0113","fg0518","fg0025"
"fq001292","vx_893342667741bced","fg0279","1","fg0279","fg0106","fg0847","fg0670","fg0090","fg0448","fg0518","fg0492","fg0869","fg0966","fg0620","fg0059","fg0371","fg0663","fg0347","fg0143","fg0941","fg0103","fg0942","fg0025"
"fq001293","vx_f4acace6f945adf4","fg0280","1","fg0280","fg0849","fg0566","fg0904","fg0862","fg0458","fg0328","fg0322","fg0820","fg0654","fg0711","fg0303","fg0233","fg0924","fg0976","fg0727","fg0819","fg0756","fg0112","fg0985"
"fq001294","vx_f4acace6f945adf4","fg0280","1","fg0280","fg0566","fg0849","fg0328","fg0819","fg0862","fg0654","fg0950","fg0233","fg0303","fg0904","fg0518","fg0924","fg0584","fg0112","fg0194","fg0727","fg0381","fg0976","fg0711"
"fq001295","vx_5850c062da53aea2","fg0281","1","fg0281","fg0634","fg0702","fg0016","fg0924","fg0829","fg0984","fg0135","fg0819","fg0751","fg0584","fg0109","fg0378","fg0770","fg0032","fg0165","fg0864","fg0892","fg0713","fg0015"
"fq001296","vx_a24845ef31e7e32b","fg0282","1","fg0282","fg0494","fg0576","fg0908","fg0693","fg0689","fg0629","fg0309","fg0475","fg0898","fg0623","fg0459","fg0590","fg0191","fg0404","fg0882","fg0721","fg0613","fg0230","fg0011"
"fq001297","vx_bfb458f3ccb55770","fg0283","1","fg0283","fg0108","fg0366","fg0140","fg0355","fg0273","fg0929","fg0529","fg0988","fg0577","fg0653","fg0229","fg0343","fg0193","fg0240","fg0428","fg0241","fg0155","fg0959","fg0046"
"fq001298","vx_bfb458f3ccb55770","fg0283","1","fg0283","fg0108","fg0355","fg0929","fg0988","fg0140","fg0046","fg0729","fg0931","fg0428","fg0327","fg0986","fg0897","fg0310","fg0555","fg0559","fg0229","fg0687","fg0366","fg0525"
"fq001299","vx_bfb458f3ccb55770","fg0283","1","fg0283","fg0147","fg0355","fg0509","fg0729","fg0140","fg0652","fg0108","fg0366","fg0018","fg0500","fg0270","fg0666","fg0929","fg0525","fg0749","fg0970","fg0659","fg0922","fg0938"
"fq001300","vx_bfb458f3ccb55770","fg0283","1","fg0283","fg0108","fg0366","fg0273","fg0929","fg0140","fg0653","fg0577","fg0873","fg0529","fg0959","fg0668","fg0343","fg0355","fg0997","fg0558","fg0240","fg0888","fg0329","fg0229"
"fq001301","vx_bfb458f3ccb55770","fg0283","1","fg0283","fg0366","fg0108","fg0140","fg0929","fg0355","fg0509","fg0273","fg0229","fg0873","fg0018","fg0652","fg0938","fg0653","fg0959","fg0147","fg0023","fg0577","fg0525","fg0729"
"fq001302","vx_bfb458f3ccb55770","fg0283","1","fg0283","fg0108","fg0366","fg0355","fg0929","fg0273","fg0140","fg0428","fg0329","fg0988","fg0229","fg0873","fg1000","fg0558","fg0652","fg0729","fg0240","fg0343","fg0089","fg0529"
"fq001303","vx_bfb458f3ccb55770","fg0283","1","fg0283","fg0108","fg0366","fg0140","fg0273","fg0929","fg0653","fg0355","fg0229","fg0873","fg0018","fg0938","fg0147","fg0959","fg1000","fg0509","fg0729","fg0878","fg0310","fg0860"
"fq001304","vx_bfb458f3ccb55770","fg0283","1","fg0283","fg0108","fg0366","fg0140","fg0355","fg0929","fg0873","fg0273","fg0023","fg0018","fg1000","fg0729","fg0559","fg0529","fg0147","fg0653","fg0310","fg0509","fg0878","fg0229"
"fq001305","vx_bfb458f3ccb55770","fg0283","1","fg0283","fg0108","fg0366","fg0355","fg0140","fg0929","fg0729","fg0873","fg0652","fg0525","fg0273","fg0023","fg0147","fg0509","fg0559","fg0988","fg1000","fg0959","fg0938","fg0151"
"fq001306","vx_bfb458f3ccb55770","fg0283","1","fg0283","fg0140","fg0355","fg0366","fg0147","fg0108","fg0929","fg0652","fg0729","fg0229","fg0988","fg0525","fg0931","fg0509","fg0270","fg0172","fg0428","fg0959","fg0155","fg0319"
"fq001307","vx_bfb458f3ccb55770","fg0283","1","fg0283","fg0366","fg0108","fg0140","fg0929","fg0355","fg0577","fg0509","fg0229","fg0988","fg0428","fg0273","fg0652","fg0240","fg0873","fg0329","fg0147","fg0241","fg0668","fg0729"
"fq001308","vx_bfb458f3ccb55770","fg0283","1","fg0283","fg0108","fg0273","fg0140","fg0366","fg0929","fg0873","fg0653","fg0229","fg0529","fg0310","fg0559","fg0355","fg0555","fg0558","fg0860","fg0430","fg0343","fg0240","fg1000"
"fq001309","vx_bfb458f3ccb55770","fg0283","1","fg0283","fg0108","fg0366","fg0355","fg0140","fg0929","fg0988","fg0428","fg0577","fg0229","fg0986","fg0046","fg0729","fg0652","fg0193","fg0147","fg0970","fg1000","fg0055","fg0089"
"fq001310","vx_bfb458f3ccb55770","fg0283","1","fg0283","fg0108","fg0366","fg0140","fg0929","fg0355","fg0273","fg0229","fg0428","fg0873","fg0652","fg0529","fg0988","fg0240","fg0653","fg1000","fg0559","fg0172","fg0310","fg0046"
"fq001311","vx_bfb458f3ccb55770","fg0283","1","fg0283","fg0366","fg0108","fg0140","fg0273","fg0929","fg0653","fg0873","fg0529","fg0577","fg0229","fg0428","fg1000","fg0558","fg0997","fg0668","fg0959","fg0018","fg0310","fg0888"
"fq001312","vx_bfb458f3ccb55770","fg0283","1","fg0283","fg0108","fg0366","fg0140","fg0273","fg0653","fg0240","fg0555","fg0428","fg0229","fg0929","fg0430","fg0873","fg0558","fg0577","fg0310","fg0988","fg0241","fg0529","fg0373"
"fq001313","vx_bfb458f3ccb55770","fg0283","1","fg0283","fg0108","fg0273","fg0555","fg0653","fg0229","fg0559","fg0140","fg0929","fg0366","fg0310","fg0988","fg0428","fg0240","fg0529","fg0873","fg0558","fg0430","fg0877","fg0355"
"fq001314","vx_bfb458f3ccb55770","fg0283","1","fg0283","fg0108","fg0559","fg0355","fg0366","fg0140","fg0273","fg0929","fg0729","fg0525","fg0529","fg0327","fg0931","fg0988","fg0151","fg0555","fg0873","fg0240","fg0231","fg0652"
"fq001315","vx_bfb458f3ccb55770","fg0283","1","fg0283","fg0108","fg0273","fg0929","fg0873","fg0140","fg0366","fg0653","fg0529","fg0229","fg1000","fg0555","fg0355","fg0310","fg0860","fg0558","fg0559","fg0240","fg0343","fg0329"
"fq001316","vx_bfb458f3ccb55770","fg0283","1","fg0283","fg0366","fg0108","fg0140","fg0273","fg0929","fg0653","fg0529","fg0577","fg0873","fg0355","fg0888","fg0652","fg0343","fg0229","fg0988","fg0668","fg0329","fg0509","fg0938"
"fq001317","vx_bfb458f3ccb55770","fg0283","1","fg0283","fg0108","fg0366","fg0273","fg0140","fg0929","fg0355","fg0559","fg0653","fg0529","fg0873","fg0240","fg0555","fg0729","fg0229","fg0310","fg0023","fg0577","fg0430","fg0988"
"fq001318","vx_bfb458f3ccb55770","fg0283","1","fg0283","fg0108","fg0273","fg0653","fg0555","fg0310","fg0929","fg0529","fg0873","fg0140","fg0366","fg0559","fg0229","fg0240","fg0430","fg1000","fg0988","fg0860","fg0343","fg0656"
"fq001319","vx_bfb458f3ccb55770","fg0283","1","fg0283","fg0108","fg0366","fg0273","fg0929","fg0653","fg0140","fg0355","fg0873","fg0229","fg1000","fg0877","fg0147","fg0262","fg0888","fg0652","fg0558","fg0509","fg0329","fg0018"
"fq001320","vx_bfb458f3ccb55770","fg0283","1","fg0283","fg0108","fg0366","fg0140","fg0355","fg0929","fg0428","fg0273","fg0988","fg0873","fg0147","fg0652","fg0729","fg0229","fg0558","fg0046","fg0240","fg1000","fg0529","fg0986"
"fq001321","vx_bfb458f3ccb55770","fg0283","1","fg0283","fg0366","fg0108","fg0140","fg0355","fg0147","fg0929","fg0229","fg0428","fg0509","fg0490","fg0986","fg0653","fg0089","fg0018","fg1000","fg0652","fg0938","fg0687","fg0873"
"fq001322","vx_bfb458f3ccb55770","fg0283","1","fg0283","fg0355","fg0929","fg0108","fg1000","fg0970","fg0931","fg0366","fg0729","fg0490","fg0509","fg0988","fg0428","fg0018","fg0775","fg0147","fg0089","fg0229","fg0055","fg0539"
"fq001323","vx_bfb458f3ccb55770","fg0283","1","fg0283","fg0108","fg0366","fg0140","fg0273","fg0929","fg0355","fg0988","fg0873","fg0653","fg0555","fg0577","fg0229","fg0240","fg0888","fg0525","fg0529","fg0343","fg0729","fg0652"
"fq001324","vx_bfb458f3ccb55770","fg0283","1","fg0283","fg0108","fg0366","fg0140","fg0929","fg0273","fg0355","fg0873","fg0229","fg0653","fg0559","fg0577","fg1000","fg0310","fg0959","fg0729","fg0988","fg0878","fg0529","fg0525"
"fq001325","vx_bfb458f3ccb55770","fg0283","1","fg0283","fg0140","fg0366","fg0147","fg0355","fg0108","fg0509","fg0729","fg0929","fg0018","fg0270","fg0687","fg0652","fg0599","fg0938","fg0500","fg0525","fg0428","fg1000","fg0588"
"fq001326","vx_bfb458f3ccb55770","fg0283","1","fg0283","fg0108","fg0366","fg0929","fg0140","fg0653","fg0873","fg0273","fg0229","fg0577","fg0558","fg0428","fg0430","fg0510","fg0070","fg0329","fg0668","fg0986","fg0529","fg1000"
"fq001327","vx_bfb458f3ccb55770","fg0283","1","fg0283","fg0366","fg0108","fg0140","fg0873","fg0273","fg0355","fg0929","fg0653","fg0577","fg0147","fg0509","fg0018","fg0558","fg0023","fg0729","fg0229","fg1000","fg0807","fg0938"
"fq001328","vx_bfb458f3ccb55770","fg0283","1","fg0283","fg0108","fg0366","fg0273","fg0653","fg0929","fg0140","fg0873","fg0229","fg0558","fg0529","fg0577","fg0555","fg0430","fg0428","fg0668","fg0310","fg1000","fg0329","fg0343"
"fq001329","vx_bfb458f3ccb55770","fg0283","1","fg0283","fg0366","fg0108","fg0140","fg0355","fg0929","fg0147","fg0652","fg0509","fg0986","fg0729","fg0229","fg0428","fg0873","fg0988","fg0931","fg0273","fg0270","fg1000","fg0938"
"fq001330","vx_bfb458f3ccb55770","fg0283","1","fg0283","fg0366","fg0108","fg0140","fg0355","fg0147","fg0509","fg0873","fg1000","fg0929","fg0018","fg0428","fg0729","fg0970","fg0329","fg0922","fg0938","fg0273","fg0229","fg0878"
"fq001331","vx_bfb458f3ccb55770","fg0283","1","fg0283","fg0366","fg0140","fg0108","fg0355","fg0147","fg0509","fg0729","fg0929","fg0652","fg0018","fg0938","fg1000","fg0270","fg0873","fg0229","fg0659","fg0099","fg0922","fg0500"
"fq001332","vx_bfb458f3ccb55770","fg0283","1","fg0283","fg0108","fg0366","fg0140","fg0355","fg0273","fg0929","fg0653","fg0652","fg0729","fg0229","fg0577","fg1000","fg0959","fg0343","fg0873","fg0329","fg0938","fg0988","fg0931"
"fq001333","vx_bfb458f3ccb55770","fg0283","1","fg0283","fg0108","fg0273","fg0366","fg0929","fg0555","fg0229","fg0140","fg0428","fg0988","fg0240","fg0355","fg0529","fg0653","fg0046","fg0558","fg0873","fg0172","fg0373","fg0559"
"fq001334","vx_bfb458f3ccb55770","fg0283","1","fg0283","fg0108","fg0366","fg0929","fg0140","fg0355","fg0652","fg0273","fg0729","fg0558","fg0873","fg0509","fg0329","fg0147","fg1000","fg0229","fg0860","fg0988","fg0529","fg0931"
"fq001335","vx_bfb458f3ccb55770","fg0283","1","fg0283","fg0108","fg0366","fg0140","fg0929","fg0147","fg0355","fg0873","fg0577","fg0509","fg0273","fg0729","fg0229","fg0558","fg0529","fg0428","fg0659","fg0653","fg0589","fg0775"
"fq001336","vx_bfb458f3ccb55770","fg0283","1","fg0283","fg0108","fg0355","fg0273","fg0366","fg0525","fg0140","fg0559","fg0729","fg0151","fg0240","fg0929","fg0652","fg0931","fg0555","fg0959","fg0229","fg0873","fg0653","fg0310"
"fq001337","vx_bfb458f3ccb55770","fg0283","1","fg0283","fg0108","fg0273","fg0366","fg0140","fg0929","fg0355","fg0873","fg0653","fg0558","fg0310","fg0229","fg0529","fg0559","fg0343","fg0729","fg0555","fg0577","fg0652","fg0988"
"fq001338","vx_bfb458f3ccb55770","fg0283","1","fg0283","fg0108","fg0366","fg0140","fg0273","fg0929","fg0653","fg0355","fg0229","fg0873","fg0240","fg0329","fg0555","fg0343","fg0652","fg0310","fg0430","fg0970","fg1000","fg0559"
"fq001339","vx_bfb458f3ccb55770","fg0283","1","fg0283","fg0108","fg0366","fg0140","fg0273","fg0355","fg0929","fg0873","fg0653","fg0559","fg0959","fg0240","fg0729","fg0529","fg0151","fg0327","fg0555","fg0577","fg0988","fg0229"
"fq001340","vx_bfb458f3ccb55770","fg0283","1","fg0283","fg0366","fg0108","fg0355","fg0929","fg0140","fg0653","fg0577","fg0273","fg0229","fg0510","fg0988","fg0055","fg0193","fg0428","fg0070","fg0986","fg0873","fg0509","fg0046"
"fq001341","vx_bfb458f3ccb55770","fg0283","1","fg0283","fg0108","fg0366","fg0929","fg0273","fg0428","fg0140","fg0873","fg0229","fg0653","fg0329","fg0558","fg0986","fg0529","fg0555","fg0577","fg0430","fg1000","fg0240","fg0070"
"fq001342","vx_bfb458f3ccb55770","fg0283","1","fg0283","fg0108","fg0366","fg0140","fg0355","fg0273","fg0929","fg0653","fg0559","fg0959","fg0229","fg0873","fg0018","fg0877","fg0555","fg0023","fg1000","fg0729","fg0240","fg0310"
"fq001343","vx_bfb458f3ccb55770","fg0283","1","fg0283","fg0366","fg0108","fg0355","fg0140","fg0929","fg0147","fg0509","fg0652","fg0273","fg0729","fg0329","fg0970","fg0653","fg0931","fg0666","fg0229","fg1000","fg0155","fg0577"
"fq001344","vx_250ee1a40d904f76","fg0284","1","fg0284","fg0246","fg0545","fg0807","fg0619","fg0835","fg0256","fg0367","fg0789","fg0455","fg0888","fg0759","fg0274","fg0762","fg0376","fg0967","fg0102","fg0390","fg0168","fg0604"
"fq001345","vx_dbc2827fb74a3b2f","fg0285","1","fg0285","fg0286","fg0111","fg0215","fg0348","fg0254","fg0010","fg0427","fg0814","fg0395","fg0544","fg0038","fg0661","fg0168","fg0345","fg0003","fg0979","fg0928","fg0636","fg0011"
"fq001346","vx_c752aef23109600b","fg0286","1","fg0286","fg0111","fg0285","fg0774","fg0773","fg0410","fg0345","fg0903","fg0508","fg0215","fg0262","fg0781","fg0254","fg0642","fg0965","fg0839","fg0427","fg0398","fg0912","fg0010"
"fq001347","vx_4cfeff5d60c4e15e","fg0287","1","fg0287","fg0387","fg0228","fg0115","fg0674","fg0350","fg0346","fg0796","fg0869","fg0187","fg0367","fg0706","fg0009","fg0222","fg0209","fg0330","fg0952","fg0720","fg0013","fg0489"
"fq001348","vx_4cfeff5d60c4e15e","fg0287","1","fg0287","fg0387","fg0115","fg0796","fg0228","fg0350","fg0330","fg0706","fg0720","fg0909","fg0209","fg0222","fg0367","fg0333","fg0869","fg0232","fg0346","fg0964","fg0014","fg0489"
"fq001349","vx_5022cc41391ebe56","fg0288","1","fg0288","fg0915","fg0254","fg0494","fg0850","fg0872","fg0902","fg0939","fg0509","fg0979","fg0764","fg0845","fg0919","fg0610","fg0249","fg0455","fg0227","fg0708","fg0532","fg0735"
"fq001350","vx_5022cc41391ebe56","fg0288","1","fg0288","fg0915","fg0494","fg0254","fg0850","fg0872","fg0939","fg0902","fg0509","fg0610","fg0979","fg0764","fg0845","fg0919","fg0708","fg0227","fg0455","fg0532","fg0190","fg0249"
"fq001351","vx_9ac19830051202da","fg0289","1","fg0289","fg0653","fg0860","fg0194","fg0333","fg0505","fg0885","fg0076","fg0823","fg0774","fg0986","fg0879","fg1000","fg0929","fg0391","fg0490","fg0527","fg0451","fg0955","fg0827"
"fq001352","vx_26c63f0ae5cb6c57","fg0290","1","fg0290","fg0394","fg0772","fg0490","fg0335","fg0417","fg0406","fg0758","fg0089","fg0513","fg0004","fg0837","fg0375","fg0665","fg0589","fg0431","fg0020","fg0955","fg0726","fg0696"
"fq001353","vx_26c63f0ae5cb6c57","fg0290","1","fg0290","fg0394","fg0490","fg0772","fg0089","fg0417","fg0276","fg0375","fg0335","fg0513","fg0696","fg0837","fg0431","fg0758","fg0726","fg0955","fg0406","fg0168","fg0391","fg0852"
"fq001354","vx_26c63f0ae5cb6c57","fg0290","1","fg0290","fg0490","fg0589","fg0772","fg0394","fg0513","fg0089","fg0758","fg0696","fg0541","fg0665","fg0010","fg0396","fg0335","fg0269","fg0168","fg0004","fg0837","fg0406","fg0841"
"fq001355","vx_26c63f0ae5cb6c57","fg0290","1","fg0290","fg0394","fg0490","fg0335","fg0772","fg0417","fg0089","fg0375","fg0406","fg0837","fg0513","fg0955","fg0758","fg0589","fg0696","fg0431","fg0726","fg0396","fg0391","fg0558"
"fq001356","vx_26c63f0ae5cb6c57","fg0290","1","fg0290","fg0394","fg0772","fg0490","fg0089","fg0406","fg0417","fg0758","fg0335","fg0837","fg0513","fg0431","fg0375","fg0696","fg0955","fg0004","fg0391","fg0589","fg0396","fg0665"
"fq001357","vx_0474373b4cf73f67","fg0291","1","fg0291","fg0399","fg0871","fg0762","fg0913","fg0019","fg0883","fg0948","fg0054","fg0412","fg0828","fg0494","fg0687","fg0058","fg0017","fg0737","fg0078","fg0008","fg0370","fg0861"
"fq001358","vx_0474373b4cf73f67","fg0291","1","fg0291","fg0399","fg0440","fg0948","fg0871","fg0883","fg0762","fg0338","fg0304","fg0019","fg0226","fg0953","fg0008","fg0061","fg0698","fg0737","fg0516","fg0370","fg0921","fg0765"
"fq001359","vx_0474373b4cf73f67","fg0291","1","fg0291","fg0399","fg0019","fg0762","fg0871","fg0913","fg0828","fg0494","fg0516","fg0948","fg0698","fg0883","fg0008","fg0896","fg0226","fg0058","fg0796","fg0737","fg0119","fg0054"
"fq001360","vx_ae294ea56e1acb76","fg0292","1","fg0292","fg0570","fg0877","fg0707","fg0912","fg0420","fg0994","fg0203","fg0272","fg0441","fg0293","fg0970","fg0461","fg0878","fg1000","fg0306","fg0906","fg0674","fg0632","fg0456"
"fq001361","vx_ae294ea56e1acb76","fg0292","1","fg0292","fg0570","fg0707","fg0912","fg0877","fg0420","fg0272","fg0293","fg0906","fg0091","fg0699","fg0306","fg0994","fg0961","fg0674","fg0970","fg0025","fg0441","fg0878","fg0374"
"fq001362","vx_ae294ea56e1acb76","fg0292","1","fg0292","fg0570","fg0707","fg0994","fg0912","fg0877","fg0091","fg0203","fg0272","fg0420","fg0699","fg0264","fg0906","fg0674","fg0970","fg0306","fg0025","fg0907","fg0461","fg0501"
"fq001363","vx_4c673b88180c4059","fg0293","1","fg0293","fg0483","fg0773","fg0084","fg0462","fg0254","fg0077","fg0204","fg0930","fg0556","fg0539","fg0390","fg0607","fg0069","fg0955","fg0491","fg0547","fg0321","fg0399","fg0603"
"fq001364","vx_4e96cfbbedc19fb6","fg0294","1","fg0294","fg0935","fg0917","fg0822","fg0095","fg0462","fg0324","fg0365","fg0670","fg0011","fg0017","fg0259","fg0096","fg0950","fg0721","fg0143","fg0240","fg0674","fg0043","fg0224"
"fq001365","vx_4e96cfbbedc19fb6","fg0294","1","fg0294","fg0935","fg0002","fg0365","fg0950","fg0917","fg0822","fg0721","fg0017","fg0670","fg0974","fg0240","fg0932","fg0332","fg0898","fg0095","fg0324","fg0618","fg0043","fg0224"
"fq001366","vx_4e96cfbbedc19fb6","fg0294","1","fg0294","fg0324","fg0917","fg0462","fg0935","fg0721","fg0822","fg0950","fg0632","fg0701","fg0096","fg0240","fg0823","fg0670","fg0002","fg0365","fg0095","fg0674","fg0017","fg0820"
"fq001367","vx_4e96cfbbedc19fb6","fg0294","1","fg0294","fg0095","fg0935","fg0822","fg0917","fg0462","fg0096","fg0324","fg0002","fg0017","fg0670","fg0352","fg0365","fg0259","fg0950","fg0115","fg0701","fg0685","fg0721","fg0932"
"fq001368","vx_4e96cfbbedc19fb6","fg0294","1","fg0294","fg0917","fg0935","fg0462","fg0822","fg0324","fg0670","fg0017","fg0216","fg0043","fg0095","fg0096","fg0024","fg0898","fg0240","fg0820","fg0701","fg0259","fg0002","fg0687"
"fq001369","vx_4e96cfbbedc19fb6","fg0294","1","fg0294","fg0917","fg0935","fg0462","fg0095","fg0822","fg0096","fg0324","fg0670","fg0632","fg0823","fg0216","fg0898","fg0024","fg0950","fg0365","fg0674","fg0224","fg0721","fg0017"
"fq001370","vx_4e96cfbbedc19fb6","fg0294","1","fg0294","fg0095","fg0917","fg0462","fg0632","fg0935","fg0324","fg0950","fg0822","fg0096","fg0259","fg0519","fg0721","fg0511","fg0670","fg0445","fg0024","fg0006","fg0365","fg0002"
"fq001371","vx_4e96cfbbedc19fb6","fg0294","1","fg0294","fg0822","fg0917","fg0324","fg0096","fg0024","fg0670","fg0935","fg0462","fg0224","fg0352","fg0095","fg0363","fg0017","fg0002","fg0632","fg0898","fg0582","fg0554","fg0974"
"fq001372","vx_4e96cfbbedc19fb6","fg0294","1","fg0294","fg0095","fg0950","fg0365","fg0716","fg0002","fg0935","fg0324","fg0332","fg0100","fg0422","fg0946","fg0932","fg0136","fg0685","fg0224","fg0618","fg0822","fg0115","fg0701"
"fq001373","vx_4e96cfbbedc19fb6","fg0294","1","fg0294","fg0950","fg0095","fg0324","fg0932","fg0002","fg0259","fg0365","fg0224","fg0935","fg0721","fg0011","fg0632","fg0685","fg0974","fg0946","fg0422","fg0582","fg0716","fg0143"
"fq001374","vx_4e96cfbbedc19fb6","fg0294","1","fg0294","fg0095","fg0935","fg0365","fg0950","fg0324","fg0136","fg0462","fg0002","fg0822","fg0224","fg0917","fg0096","fg0259","fg0946","fg0932","fg0422","fg0901","fg0100","fg0670"
"fq001375","vx_4e96cfbbedc19fb6","fg0294","1","fg0294","fg0365","fg0095","fg0685","fg0721","fg0935","fg0136","fg0822","fg0974","fg0950","fg0011","fg0618","fg0946","fg0932","fg0324","fg0716","fg0002","fg0701","fg0224","fg0096"
"fq001376","vx_4e96cfbbedc19fb6","fg0294","1","fg0294","fg0950","fg0935","fg0822","fg0095","fg0365","fg0224","fg0721","fg0462","fg0946","fg0685","fg0716","fg0324","fg0011","fg0422","fg0096","fg0259","fg0701","fg0670","fg0136"
"fq001377","vx_4e96cfbbedc19fb6","fg0294","1","fg0294","fg0935","fg0095","fg0462","fg0365","fg0950","fg0002","fg0917","fg0721","fg0017","fg0216","fg0822","fg0143","fg0324","fg0701","fg0332","fg0096","fg0043","fg0898","fg0240"
"fq001378","vx_4e96cfbbedc19fb6","fg0294","1","fg0294","fg0935","fg0950","fg0365","fg0701","fg0932","fg0721","fg0011","fg0136","fg0974","fg0095","fg0324","fg0618","fg0002","fg0822","fg0332","fg0632","fg0716","fg0422","fg0096"
"fq001379","vx_4e96cfbbedc19fb6","fg0294","1","fg0294","fg0365","fg0721","fg0935","fg0259","fg0950","fg0822","fg0095","fg0143","fg0332","fg0701","fg0672","fg0011","fg0956","fg0324","fg0002","fg0282","fg0162","fg0632","fg0920"
"fq001380","vx_4e96cfbbedc19fb6","fg0294","1","fg0294","fg0324","fg0917","fg0822","fg0095","fg0935","fg0670","fg0462","fg0363","fg0365","fg0950","fg0352","fg0096","fg0721","fg0017","fg0932","fg0632","fg0002","fg0259","fg0974"
"fq001381","vx_4e96cfbbedc19fb6","fg0294","1","fg0294","fg0095","fg0324","fg0365","fg0950","fg0935","fg0721","fg0822","fg0462","fg0259","fg0746","fg0002","fg0670","fg0917","fg0701","fg0011","fg0932","fg0632","fg0224","fg0422"
"fq001382","vx_4e96cfbbedc19fb6","fg0294","1","fg0294","fg0365","fg0011","fg0950","fg0935","fg0095","fg0618","fg0259","fg0332","fg0822","fg0002","fg0721","fg0946","fg0134","fg0701","fg0131","fg0716","fg0911","fg0672","fg0974"
"fq001383","vx_4e96cfbbedc19fb6","fg0294","1","fg0294","fg0324","fg0822","fg0935","fg0917","fg0365","fg0002","fg0096","fg0095","fg0950","fg0462","fg0632","fg0670","fg0224","fg0363","fg0820","fg0017","fg0582","fg0721","fg0240"
"fq001384","vx_4e96cfbbedc19fb6","fg0294","1","fg0294","fg0822","fg0462","fg0365","fg0935","fg0095","fg0917","fg0324","fg0670","fg0632","fg0096","fg0017","fg0002","fg0115","fg0352","fg0216","fg0950","fg0363","fg0701","fg0721"
"fq001385","vx_4e96cfbbedc19fb6","fg0294","1","fg0294","fg0365","fg0095","fg0822","fg0670","fg0935","fg0950","fg0259","fg0932","fg0324","fg0462","fg0011","fg0002","fg0917","fg0946","fg0632","fg0721","fg0024","fg0974","fg0716"
"fq001386","vx_4e96cfbbedc19fb6","fg0294","1","fg0294","fg0935","fg0365","fg0822","fg0095","fg0950","fg0917","fg0324","fg0670","fg0002","fg0462","fg0259","fg0224","fg0096","fg0632","fg0332","fg0946","fg0721","fg0974","fg0024"
"fq001387","vx_4e96cfbbedc19fb6","fg0294","1","fg0294","fg0935","fg0365","fg0822","fg0095","fg0950","fg0721","fg0011","fg0462","fg0701","fg0324","fg0017","fg0224","fg0096","fg0259","fg0632","fg0115","fg0946","fg0422","fg0143"
"fq001388","vx_4e96cfbbedc19fb6","fg0294","1","fg0294","fg0095","fg0822","fg0365","fg0935","fg0462","fg0950","fg0332","fg0721","fg0324","fg0100","fg0701","fg0716","fg0946","fg0011","fg0002","fg0259","fg0670","fg0422","fg0200"
"fq001389","vx_4e96cfbbedc19fb6","fg0294","1","fg0294","fg0917","fg0935","fg0462","fg0324","fg0095","fg0822","fg0096","fg0017","fg0002","fg0216","fg0670","fg0024","fg0240","fg0898","fg0043","fg0365","fg0224","fg0115","fg0820"
"fq001390","vx_4e96cfbbedc19fb6","fg0294","1","fg0294","fg0095","fg0721","fg0365","fg0685","fg0950","fg0100","fg0946","fg0136","fg0259","fg0974","fg0932","fg0282","fg0462","fg0701","fg0632","fg0324","fg0011","fg0618","fg0352"
"fq001391","vx_3967c6e7cf15200e","fg0295","1","fg0295","fg0429","fg0529","fg0635","fg0380","fg0352","fg0916","fg0950","fg0820","fg0914","fg0456","fg0143","fg0065","fg0634","fg0954","fg0806","fg0694","fg0744","fg0576","fg0422"
"fq001392","vx_3967c6e7cf15200e","fg0295","1","fg0295","fg0198","fg0529","fg0352","fg0914","fg0429","fg0954","fg0380","fg0744","fg0916","fg0065","fg0635","fg0694","fg0116","fg0820","fg0900","fg0083","fg0652","fg0950","fg0087"
"fq001393","vx_3967c6e7cf15200e","fg0295","1","fg0295","fg0529","fg0352","fg0694","fg0198","fg0429","fg0380","fg0820","fg0950","fg0083","fg0954","fg0914","fg0920","fg0744","fg0916","fg0649","fg0231","fg0580","fg0422","fg0105"
"fq001394","vx_3967c6e7cf15200e","fg0295","1","fg0295","fg0529","fg0352","fg0198","fg0744","fg0954","fg0429","fg0071","fg0916","fg0936","fg0065","fg0652","fg0231","fg0950","fg0820","fg0914","fg0159","fg0083","fg0722","fg0959"
"fq001395","vx_3967c6e7cf15200e","fg0295","1","fg0295","fg0429","fg0916","fg0198","fg0109","fg0039","fg0380","fg0116","fg0460","fg0576","fg0843","fg0352","fg0641","fg0515","fg0950","fg0135","fg0305","fg0582","fg0529","fg0143"
"fq001396","vx_3967c6e7cf15200e","fg0295","1","fg0295","fg0529","fg0065","fg0954","fg0652","fg0352","fg0071","fg0694","fg0916","fg0343","fg0198","fg0950","fg0159","fg0125","fg0231","fg0744","fg0429","fg0105","fg0083","fg0143"
"fq001397","vx_3967c6e7cf15200e","fg0295","1","fg0295","fg0694","fg0744","fg0529","fg0926","fg0231","fg0352","fg0105","fg0915","fg0936","fg0155","fg0820","fg0138","fg0576","fg0523","fg0170","fg0213","fg0460","fg0071","fg0050"
"fq001398","vx_3967c6e7cf15200e","fg0295","1","fg0295","fg0529","fg0635","fg0429","fg0916","fg0352","fg0950","fg0198","fg0380","fg0744","fg0116","fg0143","fg0936","fg0694","fg0138","fg0954","fg0347","fg0065","fg0322","fg0238"
"fq001399","vx_3967c6e7cf15200e","fg0295","1","fg0295","fg0529","fg0352","fg0744","fg0198","fg0143","fg0916","fg0294","fg0820","fg0652","fg0231","fg0914","fg0138","fg0124","fg0950","fg0954","fg0635","fg0694","fg0065","fg0380"
"fq001400","vx_3967c6e7cf15200e","fg0295","1","fg0295","fg0429","fg0529","fg0635","fg0380","fg0352","fg0916","fg0950","fg0820","fg0914","fg0143","fg0456","fg0065","fg0634","fg0694","fg0954","fg0806","fg0744","fg0422","fg0071"
"fq001401","vx_3967c6e7cf15200e","fg0295","1","fg0295","fg0198","fg0916","fg0065","fg0914","fg0529","fg0352","fg0515","fg0950","fg0920","fg0071","fg0294","fg0694","fg0429","fg0139","fg0380","fg0954","fg0083","fg0305","fg0557"
"fq001402","vx_3967c6e7cf15200e","fg0295","1","fg0295","fg0198","fg0352","fg0429","fg0914","fg0380","fg0065","fg0916","fg0529","fg0954","fg0071","fg0694","fg0950","fg0515","fg0116","fg0920","fg0843","fg0083","fg0460","fg0294"
"fq001403","vx_3967c6e7cf15200e","fg0295","1","fg0295","fg0429","fg0352","fg0198","fg0529","fg0950","fg0914","fg0916","fg0380","fg0065","fg0920","fg0954","fg0744","fg0515","fg0071","fg0083","fg0278","fg0820","fg0722","fg0641"
"fq001404","vx_3967c6e7cf15200e","fg0295","1","fg0295","fg0429","fg0529","fg0352","fg0198","fg0744","fg0380","fg0065","fg0916","fg0914","fg0926","fg0460","fg0635","fg0820","fg0954","fg0576","fg0694","fg0950","fg0622","fg0116"
"fq001405","vx_3967c6e7cf15200e","fg0295","1","fg0295","fg0429","fg0352","fg0529","fg0694","fg0380","fg0198","fg0950","fg0820","fg0914","fg0744","fg0635","fg0954","fg0634","fg0916","fg0071","fg0083","fg0926","fg0065","fg0109"
"fq001406","vx_3967c6e7cf15200e","fg0295","1","fg0295","fg0529","fg0744","fg0352","fg0198","fg0694","fg0065","fg0083","fg0231","fg0954","fg0429","fg0950","fg0071","fg0138","fg0820","fg0914","fg0652","fg0635","fg0240","fg0622"
"fq001407","vx_3967c6e7cf15200e","fg0295","1","fg0295","fg0352","fg0529","fg0744","fg0429","fg0083","fg0694","fg0954","fg0065","fg0198","fg0071","fg0231","fg0380","fg0914","fg0950","fg0635","fg0820","fg0580","fg0936","fg0916"
"fq001408","vx_333805663b3c2a22","fg0296","1","fg0296","fg0440","fg0598","fg0342","fg0227","fg0407","fg0012","fg0512","fg0114","fg0401","fg0676","fg0854","fg0736","fg0353","fg0651","fg0832","fg0444","fg0741","fg0341","fg0446"
"fq001409","vx_3670a9ab83cdc278","fg0297","1","fg0297","fg0211","fg0588","fg0307","fg0039","fg0843","fg0421","fg0082","fg0515","fg0298","fg0214","fg0260","fg0397","fg0749","fg0106","fg0824","fg0474","fg0411","fg0025","fg0647"
"fq001410","vx_7a39b63de753996b","fg0298","1","fg0298","fg0503","fg0297","fg0835","fg0367","fg0474","fg0841","fg0211","fg0448","fg0039","fg0170","fg0334","fg0155","fg0042","fg0331","fg0889","fg0948","fg0627","fg0757","fg0867"
"fq001411","vx_7a39b63de753996b","fg0298","1","fg0298","fg0503","fg0297","fg0835","fg0367","fg0889","fg0474","fg0841","fg0211","fg0039","fg0170","fg0334","fg0042","fg0258","fg0948","fg0388","fg0331","fg0647","fg0973","fg0411"
"fq001412","vx_7a39b63de753996b","fg0298","1","fg0298","fg0503","fg0297","fg0367","fg0835","fg0474","fg0527","fg0211","fg0841","fg0588","fg0889","fg0258","fg0042","fg0460","fg0627","fg0388","fg0630","fg0155","fg0749","fg0411"
"fq001413","vx_7a39b63de753996b","fg0298","1","fg0298","fg0503","fg0211","fg0297","fg0835","fg0474","fg0042","fg0367","fg0889","fg0397","fg0647","fg0388","fg0841","fg0039","fg0258","fg0843","fg0948","fg0331","fg0334","fg0527"
"fq001414","vx_7a39b63de753996b","fg0298","1","fg0298","fg0503","fg0576","fg0628","fg0835","fg0331","fg0367","fg0211","fg0474","fg0155","fg0448","fg0948","fg0334","fg0297","fg0039","fg0841","fg0123","fg0460","fg0042","fg0388"
"fq001415","vx_7a39b63de753996b","fg0298","1","fg0298","fg0503","fg0367","fg0211","fg0835","fg0474","fg0628","fg0297","fg0576","fg0448","fg0331","fg0948","fg0527","fg0042","fg0334","fg0155","fg0747","fg0841","fg0460","fg0757"
"fq001416","vx_7a39b63de753996b","fg0298","1","fg0298","fg0503","fg0297","fg0835","fg0367","fg0747","fg0042","fg0474","fg0841","fg0331","fg0039","fg0211","fg0647","fg0740","fg0889","fg0123","fg0630","fg0448","fg0973","fg0334"
"fq001417","vx_7a39b63de753996b","fg0298","1","fg0298","fg0503","fg0211","fg0474","fg0297","fg0576","fg0388","fg0367","fg0039","fg0841","fg0835","fg0527","fg0331","fg0588","fg0155","fg0628","fg0747","fg0170","fg0123","fg0460"
"fq001418","vx_7a39b63de753996b","fg0298","1","fg0298","fg0503","fg0297","fg0042","fg0835","fg0211","fg0647","fg0367","fg0474","fg0749","fg0630","fg0258","fg0973","fg0889","fg0388","fg0411","fg0588","fg0039","fg0886","fg0527"
"fq001419","vx_446ba3b8d5210e38","fg0299","7","fg0319","fg0868","fg0495","fg0883","fg0500","fg0539","fg0299","fg0933","fg0446","fg0318","fg0444","fg0667","fg0355","fg0407","fg0669","fg0556","fg0034","fg0118","fg0769","fg0729"
"fq001420","vx_6326499f12c70b4c","fg0300","1","fg0300","fg0735","fg0938","fg0776","fg0018","fg0772","fg0718","fg0722","fg0469","fg0009","fg0197","fg0894","fg0777","fg1000","fg0763","fg0557","fg0153","fg0818","fg0385","fg0910"
"fq001421","vx_6326499f12c70b4c","fg0300","1","fg0300","fg0009","fg0938","fg0776","fg0735","fg0718","fg0190","fg0197","fg0581","fg0777","fg0271","fg0153","fg0385","fg0583","fg0978","fg0772","fg0223","fg0834","fg0171","fg0821"
"fq001422","vx_42dd6d715b025f2e","fg0301","1","fg0301","fg0031","fg0549","fg0876","fg0485","fg0759","fg0590","fg0140","fg0150","fg0501","fg0734","fg0112","fg0392","fg0348","fg0415","fg0804","fg0617","fg0310","fg0548","fg0675"
"fq001423","vx_42dd6d715b025f2e","fg0301","1","fg0301","fg0031","fg0549","fg0876","fg0485","fg0197","fg0590","fg0759","fg0579","fg0140","fg0150","fg0847","fg0804","fg0767","fg0830","fg0734","fg0018","fg0201","fg0878","fg0469"
"fq001424","vx_338da0a48d0dcc33","fg0302","1","fg0302","fg0667","fg0299","fg0512","fg0672","fg0769","fg0403","fg0131","fg0990","fg0618","fg0832","fg0407","fg0521","fg0192","fg0416","fg0318","fg0495","fg0673","fg0444","fg0440"
"fq001425","vx_338da0a48d0dcc33","fg0302","1","fg0302","fg0667","fg0472","fg0081","fg0832","fg0244","fg0543","fg0512","fg0192","fg0085","fg0663","fg0573","fg0701","fg0497","fg0323","fg0347","fg0338","fg0131","fg0993","fg0788"
"fq001426","vx_338da0a48d0dcc33","fg0302","1","fg0302","fg0667","fg0543","fg0512","fg0407","fg0299","fg0672","fg0618","fg0596","fg0342","fg0244","fg0832","fg0921","fg0148","fg0143","fg0993","fg0651","fg0663","fg0769","fg0803"
"fq001427","vx_338da0a48d0dcc33","fg0302","1","fg0302","fg0667","fg0618","fg0672","fg0512","fg0769","fg0407","fg0440","fg0148","fg0299","fg0561","fg0832","fg0530","fg0134","fg0598","fg0502","fg0883","fg0085","fg0543","fg0192"
"fq001428","vx_338da0a48d0dcc33","fg0302","1","fg0302","fg0667","fg0832","fg0403","fg0323","fg0868","fg0407","fg0769","fg0497","fg0543","fg0618","fg0342","fg0673","fg0990","fg0401","fg0512","fg0299","fg0148","fg0053","fg0416"
"fq001429","vx_338da0a48d0dcc33","fg0302","1","fg0302","fg0667","fg0673","fg0990","fg0497","fg0512","fg0832","fg0342","fg0993","fg0403","fg0053","fg0148","fg0407","fg0401","fg0596","fg0598","fg0244","fg0543","fg0192","fg0299"
"fq001430","vx_338da0a48d0dcc33","fg0302","1","fg0302","fg0667","fg0299","fg0512","fg0407","fg0990","fg0769","fg0673","fg0543","fg0244","fg0803","fg0832","fg0618","fg0596","fg0663","fg0403","fg0342","fg0053","fg0921","fg0085"
"fq001431","vx_338da0a48d0dcc33","fg0302","1","fg0302","fg0667","fg0769","fg0832","fg0401","fg0512","fg0407","fg0085","fg0342","fg0990","fg0673","fg0543","fg0323","fg0299","fg0507","fg0053","fg0596","fg0012","fg0573","fg0672"
"fq001432","vx_338da0a48d0dcc33","fg0302","1","fg0302","fg0667","fg0832","fg0342","fg0401","fg0403","fg0323","fg0990","fg0497","fg0512","fg0053","fg0673","fg0769","fg0573","fg0543","fg0868","fg0148","fg0989","fg0507","fg0407"
"fq001433","vx_338da0a48d0dcc33","fg0302","532","fg0513","fg0811","fg0474","fg0490","fg0518","fg0173","fg0025","fg0712","fg0438","fg0195","fg0278","fg0573","fg0515","fg0932","fg0692","fg0870","fg0594","fg0039","fg0708","fg0360"
"fq001434","vx_338da0a48d0dcc33","fg0302","1","fg0302","fg0990","fg0673","fg0667","fg0769","fg0512","fg0342","fg0053","fg0401","fg0192","fg0085","fg0832","fg0596","fg0993","fg0543","fg0507","fg0323","fg0573","fg0416","fg0598"
"fq001435","vx_338da0a48d0dcc33","fg0302","556","fg0811","fg0513","fg0025","fg0907","fg0573","fg0173","fg0474","fg0278","fg0421","fg0515","fg0438","fg0518","fg0712","fg0984","fg0490","fg0692","fg0790","fg0195","fg0594","fg0039"
"fq001436","vx_338da0a48d0dcc33","fg0302","1","fg0302","fg0667","fg0512","fg0769","fg0832","fg0323","fg0990","fg0342","fg0543","fg0673","fg0192","fg0085","fg0053","fg0507","fg0672","fg0868","fg0573","fg0598","fg0407","fg0401"
"fq001437","vx_338da0a48d0dcc33","fg0302","1","fg0302","fg0667","fg0299","fg0990","fg0618","fg0403","fg0673","fg0993","fg0148","fg0407","fg0497","fg0521","fg0512","fg0440","fg0769","fg0682","fg0342","fg0401","fg0192","fg0296"
"fq001438","vx_338da0a48d0dcc33","fg0302","1","fg0302","fg0667","fg0244","fg0512","fg0618","fg0407","fg0299","fg0673","fg0832","fg0543","fg0401","fg0497","fg0990","fg0365","fg0053","fg0921","fg0769","fg0596","fg0085","fg0403"
"fq001439","vx_338da0a48d0dcc33","fg0302","1","fg0302","fg0667","fg0673","fg0990","fg0497","fg0407","fg0342","fg0832","fg0993","fg0512","fg0401","fg0085","fg0148","fg0299","fg0192","fg0053","fg0769","fg0618","fg0868","fg0992"
"fq001440","vx_338da0a48d0dcc33","fg0302","1","fg0302","fg0667","fg0497","fg0618","fg0407","fg0403","fg0192","fg0342","fg0598","fg0512","fg0990","fg0832","fg0993","fg0299","fg0296","fg0244","fg0438","fg0148","fg0673","fg0543"
"fq001441","vx_338da0a48d0dcc33","fg0302","1","fg0302","fg0667","fg0673","fg0512","fg0769","fg0990","fg0543","fg0299","fg0993","fg0401","fg0440","fg0407","fg0012","fg0244","fg0832","fg0502","fg0085","fg0960","fg0921","fg0596"
"fq001442","vx_338da0a48d0dcc33","fg0302","1","fg0302","fg0407","fg0667","fg0832","fg0618","fg0769","fg0512","fg0502","fg0296","fg0323","fg0673","fg0990","fg0299","fg0440","fg0868","fg0543","fg0085","fg0403","fg0401","fg0672"
"fq001443","vx_338da0a48d0dcc33","fg0302","1","fg0302","fg0667","fg0832","fg0407","fg0085","fg0673","fg0990","fg0244","fg0512","fg0769","fg0618","fg0598","fg0053","fg0993","fg0497","fg0401","fg0543","fg0342","fg0323","fg0963"
"fq001444","vx_338da0a48d0dcc33","fg0302","1","fg0302","fg0667","fg0407","fg0832","fg0497","fg0085","fg0673","fg0868","fg0990","fg0512","fg0769","fg0993","fg0543","fg0299","fg0192","fg0401","fg0992","fg0053","fg0921","fg0342"
"fq001445","vx_338da0a48d0dcc33","fg0302","553","fg0811","fg0278","fg0025","fg0474","fg0513","fg0515","fg0490","fg0518","fg0573","fg0360","fg0173","fg0438","fg0712","fg0594","fg0916","fg0039","fg0195","fg0421","fg0338","fg0059"
"fq001446","vx_338da0a48d0dcc33","fg0302","1","fg0302","fg0667","fg0299","fg0618","fg0407","fg0521","fg0769","fg0403","fg0543","fg0355","fg0868","fg0440","fg0990","fg0416","fg0151","fg0131","fg0451","fg0729","fg0495","fg0559"
"fq001447","vx_338da0a48d0dcc33","fg0302","1","fg0302","fg0667","fg0299","fg0403","fg0868","fg0832","fg0497","fg0081","fg0407","fg0323","fg0543","fg0131","fg0672","fg0671","fg0220","fg0618","fg0512","fg0318","fg0769","fg0192"
"fq001448","vx_338da0a48d0dcc33","fg0302","1","fg0302","fg0667","fg0990","fg0673","fg0512","fg0497","fg0403","fg0832","fg0299","fg0769","fg0148","fg0053","fg0342","fg0598","fg0407","fg0618","fg0192","fg0416","fg0993","fg0596"
"fq001449","vx_338da0a48d0dcc33","fg0302","1","fg0302","fg0667","fg0512","fg0407","fg0299","fg0769","fg0990","fg0673","fg0244","fg0543","fg0832","fg0342","fg0403","fg0596","fg0618","fg0053","fg0192","fg0085","fg0497","fg0401"
"fq001450","vx_338da0a48d0dcc33","fg0302","381","fg0513","fg0490","fg0811","fg0474","fg0025","fg0515","fg0573","fg0173","fg0518","fg0870","fg0692","fg0360","fg0366","fg0039","fg0594","fg0130","fg0712","fg0907","fg0708","fg0852"
"fq001451","vx_338da0a48d0dcc33","fg0302","1","fg0302","fg0667","fg0407","fg0512","fg0832","fg0543","fg0497","fg0618","fg0053","fg0192","fg0244","fg0672","fg0085","fg0993","fg0342","fg0323","fg0148","fg0663","fg0012","fg0596"
"fq001452","vx_338da0a48d0dcc33","fg0302","1","fg0302","fg0990","fg0667","fg0673","fg0512","fg0769","fg0342","fg0832","fg0401","fg0053","fg0085","fg0323","fg0192","fg0573","fg0596","fg0507","fg0598","fg0543","fg0416","fg0993"
"fq001453","vx_338da0a48d0dcc33","fg0302","1","fg0302","fg0667","fg0407","fg0832","fg0673","fg0512","fg0403","fg0769","fg0401","fg0990","fg0053","fg0323","fg0342","fg0497","fg0618","fg0543","fg0148","fg0296","fg0596","fg0868"
"fq001454","vx_338da0a48d0dcc33","fg0302","1","fg0302","fg0667","fg0673","fg0407","fg0299","fg0990","fg0403","fg0401","fg0512","fg0832","fg0618","fg0148","fg0342","fg0055","fg0497","fg0440","fg0769","fg0244","fg0993","fg0543"
"fq001455","vx_338da0a48d0dcc33","fg0302","1","fg0302","fg0667","fg0769","fg0543","fg0407","fg0512","fg0299","fg0672","fg0729","fg0323","fg0416","fg0355","fg0244","fg0131","fg0192","fg0618","fg0403","fg0990","fg0012","fg0596"
"fq001456","vx_338da0a48d0dcc33","fg0302","1","fg0302","fg0667","fg0407","fg0832","fg0673","fg0990","fg0085","fg0497","fg0769","fg0512","fg0401","fg0053","fg0342","fg0993","fg0148","fg0543","fg0921","fg0244","fg0618","fg0963"
"fq001457","vx_338da0a48d0dcc33","fg0302","1","fg0302","fg0667","fg0407","fg0497","fg0085","fg0993","fg0401","fg0512","fg0673","fg0543","fg0990","fg0131","fg0318","fg0299","fg0981","fg0148","fg0769","fg0832","fg0440","fg0012"
"fq001458","vx_338da0a48d0dcc33","fg0302","1","fg0302","fg0667","fg0618","fg0299","fg0521","fg0403","fg0407","fg0868","fg0990","fg0769","fg0440","fg0355","fg0451","fg0318","fg0055","fg0495","fg0673","fg0682","fg0672","fg0729"
"fq001459","vx_338da0a48d0dcc33","fg0302","1","fg0302","fg0667","fg0085","fg0407","fg0512","fg0832","fg0769","fg0993","fg0497","fg0318","fg0673","fg0543","fg0131","fg0990","fg0401","fg0981","fg0618","fg0921","fg0299","fg0672"
"fq001460","vx_338da0a48d0dcc33","fg0302","1","fg0302","fg0667","fg0407","fg0832","fg0990","fg0673","fg0497","fg0085","fg0769","fg0512","fg0618","fg0401","fg0342","fg0053","fg0131","fg0868","fg0543","fg0573","fg0148","fg0981"
"fq001461","vx_338da0a48d0dcc33","fg0302","1","fg0302","fg0667","fg0497","fg0244","fg0832","fg0543","fg0407","fg0053","fg0512","fg0192","fg0993","fg0131","fg0598","fg0840","fg0342","fg0618","fg0438","fg0992","fg0963","fg0085"
"fq001462","vx_338da0a48d0dcc33","fg0302","518","fg0513","fg0811","fg0515","fg0474","fg0712","fg0025","fg0278","fg0907","fg0490","fg0290","fg0916","fg0173","fg0518","fg0039","fg0594","fg0950","fg0692","fg0573","fg0852","fg0195"
"fq001463","vx_338da0a48d0dcc33","fg0302","2","fg0667","fg0302","fg0299","fg0407","fg0868","fg0081","fg0671","fg0403","fg0618","fg0355","fg0832","fg0504","fg0497","fg0131","fg0721","fg0220","fg0729","fg0672","fg0682","fg0502"
"fq001464","vx_338da0a48d0dcc33","fg0302","1","fg0302","fg0667","fg0512","fg0299","fg0769","fg0407","fg0497","fg0832","fg0403","fg0673","fg0244","fg0543","fg0990","fg0618","fg0053","fg0148","fg0192","fg0401","fg0416","fg0131"
"fq001465","vx_338da0a48d0dcc33","fg0302","1","fg0302","fg0667","fg0990","fg0512","fg0832","fg0673","fg0497","fg0148","fg0403","fg0299","fg0407","fg0769","fg0192","fg0618","fg0672","fg0342","fg0598","fg0543","fg0416","fg0053"
"fq001466","vx_338da0a48d0dcc33","fg0302","1","fg0302","fg0667","fg0990","fg0342","fg0512","fg0673","fg0769","fg0401","fg0053","fg0832","fg0085","fg0192","fg0543","fg0598","fg0507","fg0323","fg0407","fg0573","fg0993","fg0299"
"fq001467","vx_338da0a48d0dcc33","fg0302","1","fg0302","fg0667","fg0512","fg0769","fg0990","fg0299","fg0407","fg0543","fg0673","fg0803","fg0244","fg0342","fg0192","fg0832","fg0618","fg0921","fg0416","fg0403","fg0131","fg0663"
"fq001468","vx_338da0a48d0dcc33","fg0302","1","fg0302","fg0667","fg0521","fg0299","fg0407","fg0618","fg0355","fg0729","fg0500","fg0403","fg0769","fg0672","fg0559","fg0990","fg0671","fg0495","fg0444","fg0895","fg0440","fg0525"
"fq001469","vx_338da0a48d0dcc33","fg0302","1","fg0302","fg0667","fg0618","fg0192","fg0512","fg0407","fg0403","fg0497","fg0598","fg0663","fg0299","fg0832","fg0244","fg0672","fg0993","fg0990","fg0543","fg0440","fg0651","fg0053"
"fq001470","vx_338da0a48d0dcc33","fg0302","1","fg0302","fg0667","fg0299","fg0318","fg0440","fg0131","fg0769","fg0512","fg0618","fg0990","fg0521","fg0403","fg0192","fg0868","fg0993","fg0416","fg0543","fg0673","fg0407","fg0451"
"fq001471","vx_338da0a48d0dcc33","fg0302","733","fg0513","fg0811","fg0518","fg0712","fg0025","fg0173","fg0453","fg0515","fg0474","fg0039","fg0490","fg0594","fg0947","fg0059","fg0692","fg0278","fg0253","fg0477","fg0870","fg0942"
"fq001472","vx_338da0a48d0dcc33","fg0302","1","fg0302","fg0667","fg0299","fg0403","fg0407","fg0512","fg0618","fg0921","fg0244","fg0543","fg0663","fg0990","fg0596","fg0769","fg0342","fg0131","fg0832","fg0440","fg0561","fg0502"
"fq001473","vx_338da0a48d0dcc33","fg0302","1","fg0302","fg0667","fg0512","fg0832","fg0990","fg0053","fg0543","fg0403","fg0497","fg0673","fg0407","fg0342","fg0769","fg0299","fg0596","fg0416","fg0148","fg0192","fg0244","fg0598"
"fq001474","vx_338da0a48d0dcc33","fg0302","1","fg0302","fg0667","fg0407","fg0832","fg0990","fg0673","fg0512","fg0497","fg0993","fg0085","fg0342","fg0401","fg0769","fg0192","fg0543","fg0992","fg0296","fg0053","fg0868","fg0981"
"fq001475","vx_338da0a48d0dcc33","fg0302","1","fg0302","fg0667","fg0148","fg0512","fg0244","fg0832","fg0407","fg0342","fg0543","fg0990","fg0769","fg0618","fg0673","fg0192","fg0299","fg0803","fg0663","fg0143","fg0053","fg0672"
"fq001476","vx_338da0a48d0dcc33","fg0302","1","fg0302","fg0667","fg0769","fg0299","fg0990","fg0131","fg0416","fg0561","fg0134","fg0512","fg0318","fg0403","fg0673","fg0497","fg0192","fg0521","fg0407","fg0543","fg0868","fg0495"
"fq001477","vx_338da0a48d0dcc33","fg0302","1","fg0302","fg0667","fg0407","fg0299","fg0244","fg0512","fg0832","fg0618","fg0990","fg0769","fg0921","fg0543","fg0403","fg0673","fg0497","fg0868","fg0401","fg0596","fg0989","fg0440"
"fq001478","vx_338da0a48d0dcc33","fg0302","1","fg0302","fg0667","fg0769","fg0407","fg0085","fg0512","fg0832","fg0990","fg0543","fg0401","fg0299","fg0673","fg0053","fg0672","fg0342","fg0323","fg0507","fg0868","fg0403","fg0573"
"fq001479","vx_338da0a48d0dcc33","fg0302","1","fg0302","fg0667","fg0407","fg0618","fg0497","fg0832","fg0512","fg0543","fg0053","fg0403","fg0244","fg0192","fg0299","fg0502","fg0673","fg0921","fg0323","fg0990","fg0769","fg0148"
"fq001480","vx_338da0a48d0dcc33","fg0302","1","fg0302","fg0667","fg0299","fg0403","fg0512","fg0769","fg0990","fg0416","fg0131","fg0407","fg0521","fg0618","fg0543","fg0832","fg0497","fg0192","fg0673","fg0318","fg0244","fg0355"
"fq001481","vx_338da0a48d0dcc33","fg0302","1","fg0302","fg0667","fg0769","fg0407","fg0832","fg0543","fg0512","fg0299","fg0990","fg0672","fg0403","fg0323","fg0342","fg0868","fg0673","fg0192","fg0012","fg0296","fg0053","fg0618"
"fq001482","vx_338da0a48d0dcc33","fg0302","1","fg0302","fg0667","fg0407","fg0832","fg0012","fg0769","fg0299","fg0868","fg0543","fg0512","fg0672","fg0990","fg0323","fg0353","fg0965","fg0403","fg0192","fg0085","fg0220","fg0296"
"fq001483","vx_338da0a48d0dcc33","fg0302","1","fg0302","fg0667","fg0497","fg0512","fg0403","fg0618","fg0990","fg0407","fg0769","fg0673","fg0192","fg0993","fg0299","fg0598","fg0342","fg0832","fg0148","fg0440","fg0053","fg0296"
"fq001484","vx_338da0a48d0dcc33","fg0302","1","fg0302","fg0667","fg0407","fg0244","fg0543","fg0618","fg0085","fg0512","fg0832","fg0053","fg0497","fg0192","fg0446","fg0148","fg0672","fg0663","fg0342","fg0921","fg0472","fg0992"
"fq001485","vx_338da0a48d0dcc33","fg0302","1","fg0302","fg0667","fg0407","fg0832","fg0497","fg0512","fg0342","fg0053","fg0990","fg0673","fg0085","fg0543","fg0769","fg0192","fg0993","fg0323","fg0299","fg0244","fg0921","fg0963"
"fq001486","vx_338da0a48d0dcc33","fg0302","1","fg0302","fg0667","fg0299","fg0990","fg0673","fg0832","fg0993","fg0497","fg0512","fg0868","fg0131","fg0403","fg0244","fg0401","fg0543","fg0192","fg0769","fg0012","fg0148","fg0318"
"fq001487","vx_338da0a48d0dcc33","fg0302","1","fg0302","fg0667","fg0497","fg0618","fg0403","fg0407","fg0990","fg0299","fg0673","fg0342","fg0512","fg0598","fg0148","fg0192","fg0993","fg0296","fg0769","fg0401","fg0438","fg0440"
"fq001488","vx_338da0a48d0dcc33","fg0302","146","fg0811","fg0573","fg0474","fg0421","fg0195","fg0039","fg0438","fg0338","fg0907","fg0025","fg0916","fg0791","fg0708","fg0173","fg0515","fg0490","fg0211","fg0015","fg0278","fg0947"
"fq001489","vx_338da0a48d0dcc33","fg0302","1","fg0302","fg0667","fg0407","fg0512","fg0832","fg0497","fg0543","fg0993","fg0192","fg0618","fg0244","fg0342","fg0148","fg0053","fg0085","fg0672","fg0598","fg0803","fg0963","fg0663"
"fq001490","vx_338da0a48d0dcc33","fg0302","730","fg0513","fg0515","fg0811","fg0025","fg0173","fg0474","fg0518","fg0453","fg0490","fg0984","fg0712","fg0278","fg0852","fg0039","fg0870","fg0594","fg0692","fg0573","fg0098","fg0641"
"fq001491","vx_338da0a48d0dcc33","fg0302","1","fg0302","fg0667","fg0342","fg0407","fg0832","fg0401","fg0512","fg0497","fg0244","fg0053","fg0990","fg0673","fg0296","fg0993","fg0618","fg0085","fg0596","fg0543","fg0507","fg0438"
"fq001492","vx_338da0a48d0dcc33","fg0302","2","fg0667","fg0302","fg0769","fg0299","fg0521","fg0416","fg0672","fg0131","fg0618","fg0990","fg0543","fg0559","fg0444","fg0355","fg0403","fg0151","fg0055","fg0729","fg0868","fg0440"
"fq001493","vx_338da0a48d0dcc33","fg0302","1","fg0302","fg0667","fg0990","fg0403","fg0673","fg0512","fg0148","fg0299","fg0497","fg0769","fg0618","fg0407","fg0993","fg0598","fg0342","fg0832","fg0672","fg0401","fg0440","fg0192"
"fq001494","vx_338da0a48d0dcc33","fg0302","1","fg0302","fg0667","fg0618","fg0407","fg0512","fg0403","fg0299","fg0497","fg0832","fg0244","fg0440","fg0296","fg0446","fg0192","fg0342","fg0651","fg0502","fg0672","fg0543","fg0993"
"fq001495","vx_338da0a48d0dcc33","fg0302","2","fg0667","fg0302","fg0299","fg0521","fg0769","fg0416","fg0318","fg0868","fg0131","fg0990","fg0543","fg0403","fg0192","fg0407","fg0618","fg0512","fg0495","fg0671","fg0440","fg0672"
"fq001496","vx_338da0a48d0dcc33","fg0302","1","fg0302","fg0667","fg0299","fg0618","fg0769","fg0318","fg0521","fg0440","fg0990","fg0355","fg0055","fg0131","fg0403","fg0416","fg0151","fg0512","fg0451","fg0673","fg0407","fg0495"
"fq001497","vx_338da0a48d0dcc33","fg0302","1","fg0302","fg0667","fg0543","fg0497","fg0192","fg0993","fg0512","fg0244","fg0407","fg0663","fg0053","fg0992","fg0803","fg0131","fg0921","fg0085","fg0963","fg0081","fg0438","fg0299"
"fq001498","vx_338da0a48d0dcc33","fg0302","594","fg0811","fg0916","fg0025","fg0278","fg0474","fg0712","fg0513","fg0573","fg0173","fg0039","fg0515","fg0438","fg0490","fg0907","fg0360","fg0211","fg0195","fg0518","fg0397","fg0586"
"fq001499","vx_504354400ad59072","fg0303","1","fg0303","fg0518","fg0964","fg0542","fg0280","fg0920","fg0863","fg0045","fg0464","fg0135","fg0924","fg0648","fg0932","fg0482","fg0179","fg0984","fg0406","fg0265","fg0715","fg0325"
"fq001500","vx_95870b0428dc0b7a","fg0304","1","fg0304","fg0968","fg0595","fg0839","fg0781","fg0774","fg0690","fg0462","fg0286","fg0077","fg0810","fg0383","fg0088","fg0246","fg0545","fg0420","fg0909","fg0261","fg0789","fg0142"
"fq001501","vx_266b8107db75f1eb","fg0305","1","fg0305","fg0594","fg0068","fg0515","fg0198","fg0385","fg0482","fg0462","fg0139","fg0916","fg0025","fg0360","fg0881","fg0276","fg0084","fg0718","fg0335","fg0937","fg0423","fg0221"
"fq001502","vx_8567e7bd71eb8fa7","fg0306","1","fg0306","fg0420","fg0096","fg0391","fg0292","fg0499","fg0813","fg0176","fg0653","fg0517","fg0265","fg0831","fg0534","fg0554","fg0477","fg0073","fg0313","fg0418","fg0513","fg0835"
"fq001503","vx_8567e7bd71eb8fa7","fg0306","1","fg0306","fg0420","fg0096","fg0391","fg0292","fg0499","fg0517","fg0176","fg0813","fg0653","fg0265","fg0513","fg0073","fg0477","fg0526","fg0554","fg0534","fg0840","fg0418","fg0441"
"fq001504","vx_117078bd34a8aa96","fg0307","1","fg0307","fg0039","fg0218","fg0716","fg0712","fg0515","fg0338","fg0297","fg0027","fg0950","fg0843","fg0791","fg0891","fg0214","fg0656","fg0155","fg0819","fg0941","fg0229","fg0191"
"fq001505","vx_117078bd34a8aa96","fg0307","1","fg0307","fg0039","fg0218","fg0712","fg0950","fg0716","fg0027","fg0722","fg0791","fg0338","fg0515","fg0382","fg0312","fg0623","fg0532","fg0891","fg0819","fg0941","fg0107","fg0106"
"fq001506","vx_117078bd34a8aa96","fg0307","1","fg0307","fg0039","fg0218","fg0712","fg0515","fg0950","fg0716","fg0791","fg0173","fg0843","fg0338","fg0297","fg0214","fg0106","fg0397","fg0656","fg0660","fg0027","fg0819","fg0623"
"fq001507","vx_8d71dc5e76f16c20","fg0308","1","fg0308","fg0074","fg0461","fg0369","fg0361","fg0835","fg0196","fg0805","fg0639","fg0761","fg0277","fg0853","fg0949","fg0101","fg0844","fg0838","fg0098","fg0434","fg0456","fg0944"
"fq001508","vx_8d71dc5e76f16c20","fg0308","1","fg0308","fg0074","fg0835","fg0461","fg0361","fg0369","fg0434","fg0196","fg0949","fg0853","fg0805","fg0761","fg0473","fg0101","fg0617","fg0277","fg0246","fg0093","fg0577","fg0639"
"fq001509","vx_8d71dc5e76f16c20","fg0308","1","fg0308","fg0835","fg0461","fg0098","fg0807","fg0647","fg0434","fg0761","fg0938","fg0643","fg0187","fg0261","fg0074","fg0369","fg0196","fg0343","fg0473","fg0757","fg0887","fg0511"
"fq001510","vx_8d71dc5e76f16c20","fg0308","1","fg0308","fg0917","fg0093","fg0461","fg0473","fg0010","fg0675","fg0434","fg0427","fg0761","fg0369","fg0345","fg0835","fg0912","fg0031","fg0286","fg0125","fg0222","fg0844","fg0767"
"fq001511","vx_9c5200c8fecd5c56","fg0309","1","fg0309","fg0505","fg0725","fg0410","fg0011","fg0266","fg0692","fg0700","fg0004","fg0844","fg0170","fg0282","fg0289","fg0955","fg0420","fg0785","fg0443","fg0792","fg0286","fg0362"
"fq001512","vx_9c5200c8fecd5c56","fg0309","1","fg0309","fg0505","fg0725","fg0011","fg0410","fg0700","fg0282","fg0362","fg0266","fg0443","fg0844","fg0955","fg0170","fg0692","fg0770","fg0420","fg0792","fg0289","fg0785","fg0004"
"fq001513","vx_9c5200c8fecd5c56","fg0309","1","fg0309","fg0505","fg0725","fg0011","fg0410","fg0700","fg0844","fg0282","fg0692","fg0266","fg0286","fg0442","fg0004","fg0170","fg0792","fg0420","fg0289","fg0362","fg0785","fg0499"
"fq001514","vx_9c5200c8fecd5c56","fg0309","1","fg0309","fg0505","fg0725","fg0410","fg0282","fg0700","fg0266","fg0011","fg0844","fg0692","fg0289","fg0792","fg0499","fg0170","fg0523","fg0420","fg0955","fg0362","fg0785","fg0443"
"fq001515","vx_9c5200c8fecd5c56","fg0309","1","fg0309","fg0505","fg0725","fg0011","fg0266","fg0410","fg0844","fg0282","fg0700","fg0443","fg0004","fg0792","fg0170","fg0692","fg0289","fg0420","fg0380","fg0785","fg0770","fg0499"
"fq001516","vx_9c5200c8fecd5c56","fg0309","1","fg0309","fg0505","fg0725","fg0011","fg0700","fg0004","fg0266","fg0410","fg0844","fg0443","fg0282","fg0692","fg0785","fg0955","fg0289","fg0362","fg0420","fg0170","fg0792","fg0105"
"fq001517","vx_9c5200c8fecd5c56","fg0309","1","fg0309","fg0505","fg0725","fg0410","fg0011","fg0700","fg0282","fg0266","fg0844","fg0955","fg0692","fg0289","fg0443","fg0420","fg0170","fg0004","fg0785","fg0792","fg0362","fg0770"
"fq001518","vx_9c5200c8fecd5c56","fg0309","1","fg0309","fg0505","fg0725","fg0011","fg0844","fg0700","fg0410","fg0282","fg0266","fg0004","fg0692","fg0443","fg0170","fg0289","fg0420","fg0442","fg0380","fg0785","fg0499","fg0362"
"fq001519","vx_9c5200c8fecd5c56","fg0309","1","fg0309","fg0505","fg0011","fg0725","fg0410","fg0700","fg0282","fg0844","fg0362","fg0785","fg0692","fg0170","fg0955","fg0266","fg0443","fg0420","fg0289","fg0286","fg0248","fg0662"
"fq001520","vx_9c5200c8fecd5c56","fg0309","1","fg0309","fg0505","fg0725","fg0011","fg0410","fg0844","fg0170","fg0282","fg0700","fg0692","fg0955","fg0420","fg0785","fg0289","fg0443","fg0362","fg0266","fg0380","fg0754","fg0442"
"fq001521","vx_9c5200c8fecd5c56","fg0309","1","fg0309","fg0505","fg0725","fg0011","fg0410","fg0844","fg0282","fg0700","fg0266","fg0170","fg0692","fg0362","fg0443","fg0004","fg0499","fg0785","fg0420","fg0955","fg0792","fg0289"
"fq001522","vx_9c5200c8fecd5c56","fg0309","1","fg0309","fg0505","fg0725","fg0011","fg0410","fg0700","fg0282","fg0844","fg0266","fg0170","fg0289","fg0692","fg0420","fg0792","fg0785","fg0443","fg0004","fg0442","fg0523","fg0362"
"fq001523","vx_9c5200c8fecd5c56","fg0309","1","fg0309","fg0505","fg0725","fg0011","fg0004","fg0844","fg0443","fg0266","fg0700","fg0692","fg0887","fg0410","fg0282","fg0346","fg0420","fg0875","fg0286","fg0792","fg0513","fg0935"
"fq001524","vx_9c5200c8fecd5c56","fg0309","1","fg0309","fg0505","fg0011","fg0725","fg0410","fg0170","fg0266","fg0700","fg0692","fg0844","fg0282","fg0955","fg0289","fg0286","fg0420","fg0105","fg0004","fg0785","fg0998","fg0443"
"fq001525","vx_9c5200c8fecd5c56","fg0309","1","fg0309","fg0505","fg0725","fg0410","fg0011","fg0700","fg0170","fg0844","fg0282","fg0266","fg0692","fg0289","fg0420","fg0955","fg0785","fg0792","fg0286","fg0499","fg0442","fg0443"
"fq001526","vx_9c5200c8fecd5c56","fg0309","1","fg0309","fg0505","fg0725","fg0011","fg0700","fg0282","fg0844","fg0410","fg0692","fg0955","fg0443","fg0362","fg0170","fg0785","fg0266","fg0420","fg0004","fg0289","fg0499","fg0442"
"fq001527","vx_9c5200c8fecd5c56","fg0309","1","fg0309","fg0505","fg0725","fg0410","fg0011","fg0266","fg0700","fg0289","fg0955","fg0692","fg0785","fg0286","fg0443","fg0282","fg0998","fg0420","fg0004","fg0844","fg0523","fg0088"
"fq001528","vx_a07371af01e2e656","fg0310","1","fg0310","fg0897","fg0986","fg0929","fg0892","fg0428","fg0501","fg0046","fg0430","fg0414","fg0283","fg0089","fg0108","fg1000","fg0229","fg0201","fg0988","fg0666","fg0900","fg0214"
"fq001529","vx_857a26469728b1ef","fg0311","1","fg0311","fg0705","fg0870","fg0141","fg0076","fg0986","fg0963","fg0342","fg0428","fg0708","fg0229","fg0553","fg0052","fg0008","fg0904","fg0002","fg0110","fg0901","fg0744","fg0053"
"fq001530","vx_99d9816202b07f24","fg0312","1","fg0312","fg0106","fg0942","fg0941","fg0488","fg0039","fg0082","fg0585","fg0490","fg0059","fg0340","fg0025","fg0976","fg0015","fg0591","fg0146","fg0397","fg0746","fg0716","fg0811"
"fq001531","vx_99d9816202b07f24","fg0312","1","fg0312","fg0490","fg0942","fg0941","fg0146","fg0082","fg0106","fg0039","fg0059","fg0585","fg0223","fg0025","fg0488","fg0592","fg0340","fg0716","fg0279","fg0976","fg0647","fg0924"
"fq001532","vx_99d9816202b07f24","fg0312","1","fg0312","fg0585","fg0106","fg0490","fg0942","fg0488","fg0059","fg0941","fg0015","fg0025","fg0082","fg0340","fg0039","fg0976","fg0924","fg0146","fg0503","fg0591","fg0562","fg0670"
"fq001533","vx_99d9816202b07f24","fg0312","1","fg0312","fg0585","fg0490","fg0146","fg0106","fg0039","fg0942","fg0924","fg0223","fg0082","fg0340","fg0365","fg0811","fg0969","fg0015","fg0448","fg0059","fg0609","fg0307","fg0716"
"fq001534","vx_a783a43f1209d77e","fg0313","1","fg0313","fg0273","fg0343","fg0837","fg0023","fg0724","fg0737","fg0864","fg0534","fg0360","fg0241","fg0665","fg0954","fg0622","fg0055","fg0355","fg0028","fg0500","fg0400","fg0464"
"fq001535","vx_e6abfac8c0b919db","fg0314","1","fg0314","fg0647","fg0657","fg0841","fg0014","fg0942","fg0325","fg0887","fg0435","fg0889","fg0731","fg0258","fg0613","fg0159","fg0059","fg0211","fg0298","fg0518","fg0367","fg0565"
"fq001536","vx_e6abfac8c0b919db","fg0314","1","fg0314","fg0647","fg0740","fg0106","fg0942","fg0338","fg0565","fg0791","fg0843","fg0267","fg0059","fg0889","fg0613","fg0532","fg0350","fg0261","fg0956","fg0642","fg0207","fg0347"
"fq001537","vx_e6abfac8c0b919db","fg0314","1","fg0314","fg0647","fg0657","fg0841","fg0014","fg0887","fg0435","fg0942","fg0325","fg0731","fg0367","fg0613","fg0740","fg0298","fg0089","fg0791","fg0312","fg0889","fg0211","fg0168"
"fq001538","vx_e6abfac8c0b919db","fg0314","1","fg0314","fg0942","fg0647","fg0657","fg0059","fg0887","fg0014","fg0325","fg0258","fg0089","fg0312","fg0294","fg0238","fg0841","fg0791","fg0011","fg0022","fg0279","fg0298","fg0211"
"fq001539","vx_e6abfac8c0b919db","fg0314","1","fg0314","fg0657","fg0841","fg0647","fg0843","fg0298","fg0887","fg0474","fg0325","fg0565","fg0106","fg0367","fg0386","fg0793","fg0791","fg0942","fg0211","fg0435","fg0740","fg0294"
"fq001540","vx_49656e78627fdb30","fg0315","1","fg0315","fg0828","fg0119","fg0577","fg0976","fg0058","fg0480","fg0097","fg0682","fg0048","fg0079","fg0277","fg0753","fg0373","fg0006","fg0316","fg0062","fg0370","fg0388","fg0259"
"fq001541","vx_01e421ae7a3cd78a","fg0316","1","fg0316","fg0397","fg0971","fg0173","fg0388","fg0224","fg0982","fg0237","fg0813","fg0001","fg0096","fg0788","fg0730","fg0211","fg0976","fg0412","fg0082","fg0936","fg0235","fg0466"
"fq001542","vx_e25517315bc55481","fg0317","1","fg0317","fg0413","fg0500","fg0643","fg0961","fg0225","fg0920","fg0919","fg0522","fg0638","fg0950","fg0611","fg0608","fg0740","fg0344","fg0097","fg0632","fg0593","fg0906","fg0910"
"fq001543","vx_e25517315bc55481","fg0317","1","fg0317","fg0643","fg0919","fg0961","fg0522","fg0500","fg0608","fg0413","fg0920","fg0694","fg0004","fg0225","fg0475","fg0638","fg0593","fg1000","fg0722","fg0950","fg0105","fg0154"
"fq001544","vx_e25517315bc55481","fg0317","1","fg0317","fg0413","fg0643","fg0500","fg0611","fg0961","fg0919","fg0078","fg0475","fg0808","fg0097","fg0251","fg0694","fg0522","fg0225","fg0800","fg0638","fg0154","fg0593","fg0344"
"fq001545","vx_e25517315bc55481","fg0317","1","fg0317","fg0413","fg0643","fg0500","fg0225","fg0638","fg0920","fg0961","fg0522","fg0919","fg0740","fg0097","fg0593","fg0632","fg0722","fg0461","fg0475","fg0695","fg0290","fg0233"
"fq001546","vx_e25517315bc55481","fg0317","1","fg0317","fg0919","fg0413","fg0500","fg0643","fg0225","fg0920","fg0608","fg0593","fg0694","fg0078","fg0004","fg0961","fg0522","fg0638","fg0097","fg0475","fg0105","fg0443","fg0722"
"fq001547","vx_e25517315bc55481","fg0317","1","fg0317","fg0643","fg0919","fg0920","fg0522","fg0950","fg0413","fg0608","fg0961","fg0500","fg0225","fg0004","fg0638","fg0475","fg0694","fg0740","fg0722","fg0489","fg0593","fg0154"
"fq001548","vx_e25517315bc55481","fg0317","1","fg0317","fg0500","fg0413","fg0643","fg0919","fg0608","fg0920","fg0522","fg0638","fg0225","fg0004","fg0934","fg0961","fg0431","fg0105","fg0290","fg0426","fg0722","fg0950","fg1000"
"fq001549","vx_e25517315bc55481","fg0317","1","fg0317","fg0643","fg0500","fg0413","fg0919","fg0638","fg0522","fg0961","fg0225","fg0344","fg0004","fg0475","fg0097","fg0078","fg0593","fg0249","fg0105","fg0920","fg0611","fg0222"
"fq001550","vx_e25517315bc55481","fg0317","1","fg0317","fg0413","fg0643","fg0919","fg0225","fg0500","fg0593","fg0638","fg0078","fg0961","fg0475","fg0608","fg0522","fg0694","fg0097","fg0105","fg0341","fg0471","fg0920","fg0004"
"fq001551","vx_e25517315bc55481","fg0317","1","fg0317","fg0500","fg0643","fg0413","fg0919","fg0225","fg0920","fg0522","fg0638","fg0694","fg0608","fg0004","fg0105","fg0097","fg0475","fg0961","fg0233","fg0593","fg0906","fg0078"
"fq001552","vx_e25517315bc55481","fg0317","1","fg0317","fg0413","fg0643","fg0500","fg0919","fg0225","fg0638","fg0004","fg0961","fg0608","fg0694","fg0611","fg0105","fg0593","fg0522","fg0222","fg0475","fg0471","fg0078","fg0154"
"fq001553","vx_e25517315bc55481","fg0317","1","fg0317","fg0643","fg0475","fg0413","fg0919","fg0961","fg0694","fg0800","fg0593","fg0105","fg0078","fg0154","fg0225","fg0500","fg0808","fg1000","fg0489","fg0135","fg0287","fg0004"
"fq001554","vx_e25517315bc55481","fg0317","1","fg0317","fg0643","fg0413","fg0500","fg0919","fg0225","fg0004","fg0608","fg0522","fg0638","fg0694","fg0105","fg0961","fg0920","fg0475","fg0443","fg0426","fg0593","fg0910","fg0611"
"fq001555","vx_e25517315bc55481","fg0317","1","fg0317","fg0643","fg0500","fg0919","fg0413","fg0225","fg0522","fg0920","fg0004","fg0638","fg0694","fg0961","fg0608","fg0475","fg0584","fg0105","fg0097","fg0078","fg0593","fg0536"
"fq001556","vx_e25517315bc55481","fg0317","1","fg0317","fg0643","fg0413","fg0919","fg0475","fg0500","fg0638","fg0004","fg0593","fg0225","fg0522","fg0961","fg0287","fg0469","fg1000","fg0608","fg0694","fg0920","fg0078","fg0722"
"fq001557","vx_e25517315bc55481","fg0317","1","fg0317","fg0643","fg0500","fg0413","fg0522","fg0920","fg0919","fg0961","fg0004","fg0608","fg0638","fg0225","fg0694","fg0950","fg0906","fg1000","fg0097","fg0740","fg0722","fg0475"
"fq001558","vx_e25517315bc55481","fg0317","1","fg0317","fg0643","fg0413","fg0919","fg0500","fg0225","fg0593","fg0638","fg0105","fg0522","fg0475","fg0694","fg0608","fg0961","fg0097","fg0489","fg0722","fg0773","fg0078","fg0611"
"fq001559","vx_9182ed5161ecc6f7","fg0318","1","fg0318","fg0012","fg0933","fg0299","fg0093","fg0226","fg0676","fg0507","fg0953","fg0743","fg0521","fg0341","fg0993","fg0495","fg0440","fg0085","fg0405","fg0446","fg0401","fg0883"
"fq001560","vx_117a0102866456bd","fg0319","1","fg0319","fg0729","fg0495","fg0931","fg0525","fg0722","fg0652","fg0868","fg0318","fg0929","fg0671","fg0561","fg0413","fg0695","fg0933","fg0147","fg0954","fg0140","fg0509","fg0832"
"fq001561","vx_117a0102866456bd","fg0319","1","fg0319","fg0525","fg0318","fg0561","fg0652","fg0722","fg0140","fg0729","fg0495","fg0931","fg0295","fg0929","fg0198","fg0868","fg0413","fg0086","fg0539","fg0444","fg0641","fg0644"
"fq001562","vx_117a0102866456bd","fg0319","1","fg0319","fg0722","fg0495","fg0560","fg0644","fg0429","fg0931","fg0933","fg0295","fg0954","fg0525","fg0868","fg0929","fg0318","fg0530","fg0754","fg0652","fg0561","fg0729","fg0671"
"fq001563","vx_117a0102866456bd","fg0319","1","fg0319","fg0729","fg0495","fg0525","fg0652","fg0722","fg0198","fg0140","fg0318","fg0561","fg0929","fg0931","fg0868","fg0641","fg0509","fg0086","fg0147","fg0444","fg0569","fg0295"
"fq001564","vx_39df866c8f610369","fg0320","1","fg0320","fg0583","fg0885","fg0624","fg0001","fg0780","fg0234","fg0389","fg0595","fg0752","fg0968","fg0424","fg0925","fg0254","fg0719","fg0917","fg0690","fg0533","fg0600","fg0846"
"fq001565","vx_39df866c8f610369","fg0320","1","fg0320","fg0583","fg0780","fg0885","fg0999","fg0254","fg0533","fg0752","fg0288","fg0624","fg0925","fg0500","fg0234","fg0001","fg0846","fg0084","fg0424","fg0389","fg0304","fg0794"
"fq001566","vx_39df866c8f610369","fg0320","1","fg0320","fg0583","fg0807","fg0254","fg0084","fg0752","fg0624","fg0794","fg0780","fg0846","fg0826","fg0884","fg0500","fg0885","fg0600","fg0288","fg0568","fg0834","fg0182","fg0925"
"fq001567","vx_39df866c8f610369","fg0320","1","fg0320","fg0624","fg0583","fg0780","fg0752","fg0885","fg0600","fg0846","fg0060","fg0478","fg0999","fg0377","fg0925","fg0826","fg0225","fg0410","fg0879","fg0001","fg0884","fg0389"
"fq001568","vx_39df866c8f610369","fg0320","1","fg0320","fg0583","fg0254","fg0885","fg0624","fg0500","fg0780","fg0234","fg0288","fg0533","fg0389","fg0304","fg0255","fg0846","fg0999","fg0752","fg0478","fg0084","fg0140","fg0341"
"fq001569","vx_661015b3de49d02f","fg0321","1","fg0321","fg0432","fg0584","fg0775","fg0259","fg0719","fg0794","fg0281","fg0830","fg0849","fg0707","fg0895","fg0091","fg0032","fg0922","fg0536","fg0165","fg0781","fg0160","fg0735"
"fq001570","vx_661015b3de49d02f","fg0321","1","fg0321","fg0584","fg0432","fg0794","fg0719","fg0830","fg0849","fg0775","fg0259","fg0922","fg0781","fg0536","fg0270","fg0735","fg0281","fg0102","fg0165","fg0004","fg0160","fg0895"
"fq001571","vx_661015b3de49d02f","fg0321","1","fg0321","fg0432","fg0570","fg0584","fg0775","fg0719","fg0707","fg0895","fg0551","fg0794","fg0295","fg0272","fg0536","fg0091","fg0004","fg0284","fg0735","fg0259","fg0050","fg0102"
"fq001572","vx_661015b3de49d02f","fg0321","1","fg0321","fg0584","fg0432","fg0794","fg0719","fg0775","fg0091","fg0570","fg0536","fg0259","fg0281","fg0849","fg0707","fg0032","fg0551","fg0895","fg0097","fg0830","fg0781","fg0102"
"fq001573","vx_3fd1717ca6e163f7","fg0322","1","fg0322","fg0138","fg0466","fg0238","fg0945","fg0391","fg0529","fg0476","fg0458","fg0849","fg0744","fg0445","fg0964","fg0280","fg0542","fg0337","fg0863","fg0306","fg0935","fg0029"
"fq001574","vx_71b0de7a3385076a","fg0323","1","fg0323","fg0543","fg0868","fg0539","fg0832","fg0444","fg0769","fg0081","fg0421","fg0956","fg0507","fg0633","fg0012","fg0975","fg0963","fg0302","fg0512","fg0296","fg0160","fg0483"
"fq001575","vx_b34d0dc437a2071e","fg0324","1","fg0324","fg0880","fg0943","fg0275","fg0393","fg0223","fg0523","fg0746","fg0792","fg0228","fg0294","fg0555","fg0624","fg0402","fg0363","fg0357","fg0854","fg0456","fg0073","fg0725"
"fq001576","vx_c2e3d01117006ffe","fg0325","1","fg0325","fg0828","fg0668","fg0691","fg0111","fg0168","fg0020","fg0842","fg0443","fg0394","fg0683","fg0657","fg0787","fg0991","fg0261","fg0777","fg0614","fg0545","fg0766","fg0693"
"fq001577","vx_c2e3d01117006ffe","fg0325","1","fg0325","fg0828","fg0668","fg0691","fg0168","fg0842","fg0111","fg0394","fg0020","fg0657","fg0991","fg0787","fg0614","fg0443","fg0750","fg0683","fg0777","fg0261","fg0545","fg0314"
"fq001578","vx_c2e3d01117006ffe","fg0325","1","fg0325","fg0828","fg0691","fg0668","fg0111","fg0168","fg0020","fg0842","fg0657","fg0443","fg0261","fg0394","fg0991","fg0787","fg0614","fg0683","fg0386","fg0545","fg0750","fg0693"
"fq001579","vx_426dd29f356dd69c","fg0326","1","fg0326","fg0918","fg0581","fg0725","fg0087","fg0062","fg0480","fg0357","fg0409","fg0871","fg0720","fg0420","fg0311","fg0174","fg0456","fg0909","fg0380","fg0497","fg0998","fg0223"
"fq001580","vx_426dd29f356dd69c","fg0326","1","fg0326","fg0918","fg0871","fg0581","fg0087","fg0725","fg0357","fg0062","fg0480","fg0497","fg0409","fg0311","fg0174","fg0720","fg0420","fg0400","fg0780","fg0288","fg0890","fg0909"
"fq001581","vx_8c4a8179a7dca218","fg0327","1","fg0327","fg0355","fg0729","fg0525","fg0500","fg0299","fg0931","fg0794","fg0464","fg0152","fg0659","fg0559","fg0159","fg0147","fg0304","fg0652","fg0444","fg0897","fg0270","fg0495"
"fq001582","vx_8c4a8179a7dca218","fg0327","1","fg0327","fg0355","fg0931","fg0893","fg0729","fg0525","fg0529","fg0419","fg0802","fg0242","fg0500","fg0659","fg0612","fg0464","fg0299","fg0794","fg0213","fg0138","fg0641","fg0114"
"fq001583","vx_8c4a8179a7dca218","fg0327","1","fg0327","fg0355","fg0583","fg0529","fg0936","fg0500","fg0893","fg0304","fg0931","fg0659","fg0242","fg0464","fg0299","fg0569","fg0466","fg0794","fg0419","fg0525","fg0635","fg0140"
"fq001584","vx_8c4a8179a7dca218","fg0327","1","fg0327","fg0355","fg0931","fg0500","fg0893","fg0729","fg0529","fg0525","fg0936","fg0927","fg0159","fg0152","fg0464","fg0897","fg0523","fg0760","fg0559","fg0466","fg0659","fg0108"
"fq001585","vx_8c4a8179a7dca218","fg0327","1","fg0327","fg0893","fg0559","fg0802","fg0353","fg0686","fg0897","fg0275","fg0184","fg0529","fg0810","fg0635","fg0242","fg0429","fg0504","fg0880","fg0525","fg0959","fg0424","fg0355"
"fq001586","vx_f2abd5d737705b4a","fg0328","1","fg0328","fg0233","fg0280","fg0347","fg0112","fg0205","fg0584","fg0175","fg0552","fg0248","fg0410","fg0260","fg0826","fg0106","fg0742","fg0031","fg0972","fg0879","fg0889","fg0656"
"fq001587","vx_f2abd5d737705b4a","fg0328","1","fg0328","fg0233","fg0280","fg0112","fg0205","fg0347","fg0175","fg0106","fg0656","fg0661","fg0826","fg0972","fg0496","fg0224","fg0031","fg0059","fg0410","fg0584","fg0669","fg0942"
"fq001588","vx_f2abd5d737705b4a","fg0328","1","fg0328","fg0233","fg0280","fg0347","fg0175","fg0112","fg0566","fg0584","fg0267","fg0224","fg0205","fg0022","fg0972","fg0862","fg0459","fg0248","fg0784","fg0656","fg0186","fg0552"
"fq001589","vx_f2abd5d737705b4a","fg0328","1","fg0328","fg0233","fg0280","fg0112","fg0175","fg0347","fg0031","fg0205","fg0584","fg0301","fg0410","fg0972","fg0527","fg0566","fg0496","fg0662","fg0224","fg0742","fg0826","fg0248"
"fq001590","vx_f2abd5d737705b4a","fg0328","1","fg0328","fg0233","fg0280","fg0347","fg0112","fg0205","fg0248","fg0584","fg0390","fg0566","fg0175","fg0106","fg0022","fg0862","fg0656","fg0784","fg0489","fg0121","fg0051","fg0624"
"fq001591","vx_f2abd5d737705b4a","fg0328","1","fg0328","fg0233","fg0280","fg0112","fg0175","fg0022","fg0347","fg0584","fg0205","fg0879","fg0662","fg0889","fg0784","fg0410","fg0942","fg0742","fg0496","fg0031","fg0566","fg0527"
"fq001592","vx_f2abd5d737705b4a","fg0328","1","fg0328","fg0233","fg0280","fg0347","fg0112","fg0205","fg0972","fg0175","fg0662","fg0742","fg0584","fg0496","fg0826","fg0181","fg0248","fg0298","fg0173","fg0527","fg0204","fg0566"
"fq001593","vx_f2abd5d737705b4a","fg0328","1","fg0328","fg0233","fg0347","fg0280","fg0527","fg0584","fg0824","fg0879","fg0106","fg0742","fg0552","fg0205","fg0496","fg0662","fg0260","fg0175","fg0224","fg0826","fg0211","fg0972"
"fq001594","vx_f2abd5d737705b4a","fg0328","1","fg0328","fg0233","fg0280","fg0112","fg0347","fg0205","fg0175","fg0051","fg0584","fg0662","fg0042","fg0248","fg0224","fg0972","fg0826","fg0879","fg0825","fg0496","fg0566","fg0742"
"fq001595","vx_f2abd5d737705b4a","fg0328","1","fg0328","fg0233","fg0347","fg0112","fg0662","fg0742","fg0181","fg0527","fg0972","fg0566","fg0298","fg0175","fg0051","fg0031","fg0661","fg0399","fg0503","fg0879","fg0584","fg0042"
"fq001596","vx_f2abd5d737705b4a","fg0328","1","fg0328","fg0233","fg0280","fg0347","fg0112","fg0496","fg0175","fg0972","fg0186","fg0121","fg0205","fg0942","fg0022","fg0312","fg0410","fg0862","fg0591","fg0051","fg0566","fg0059"
"fq001597","vx_f2abd5d737705b4a","fg0328","1","fg0328","fg0233","fg0347","fg0280","fg0112","fg0175","fg0784","fg0186","fg0889","fg0552","fg0205","fg0584","fg0671","fg0566","fg0260","fg0204","fg0051","fg0410","fg0824","fg0656"
"fq001598","vx_f2abd5d737705b4a","fg0328","1","fg0328","fg0233","fg0112","fg0280","fg0972","fg0347","fg0584","fg0826","fg0106","fg0879","fg0205","fg0552","fg0942","fg0175","fg0248","fg0496","fg0824","fg0059","fg0260","fg0713"
"fq001599","vx_f2abd5d737705b4a","fg0328","1","fg0328","fg0233","fg0280","fg0347","fg0175","fg0112","fg0205","fg0742","fg0584","fg0662","fg0204","fg0972","fg0784","fg0248","fg0298","fg0879","fg0022","fg0390","fg0224","fg0503"
"fq001600","vx_319f12eed1a9c985","fg0329","1","fg0329","fg0111","fg0168","fg0842","fg0928","fg0888","fg0283","fg0608","fg0632","fg0781","fg0010","fg0566","fg0934","fg0038","fg0549","fg0058","fg0203","fg0508","fg0089","fg0763"
"fq001601","vx_23225e16615dd7b3","fg0330","1","fg0330","fg0007","fg0438","fg0530","fg0082","fg0371","fg0350","fg0068","fg0429","fg0811","fg0788","fg0475","fg0614","fg0039","fg0594","fg0766","fg0287","fg0472","fg0107","fg0518"
"fq001602","vx_23225e16615dd7b3","fg0330","1","fg0330","fg0530","fg0007","fg0475","fg0371","fg0429","fg0082","fg0788","fg0438","fg0613","fg0012","fg0614","fg0085","fg0947","fg0766","fg0472","fg0287","fg0576","fg0068","fg0964"
"fq001603","vx_23225e16615dd7b3","fg0330","1","fg0330","fg0007","fg0530","fg0371","fg0085","fg0788","fg0429","fg0082","fg0614","fg0563","fg0475","fg0472","fg0012","fg0287","fg0696","fg0981","fg0438","fg0096","fg0663","fg0948"
"fq001604","vx_23225e16615dd7b3","fg0330","1","fg0330","fg0425","fg0026","fg0082","fg0371","fg0766","fg0640","fg0106","fg0896","fg0312","fg0228","fg0325","fg0287","fg0946","fg0811","fg0475","fg0402","fg0488","fg0530","fg0107"
"fq001605","vx_23225e16615dd7b3","fg0330","1","fg0330","fg0530","fg0082","fg0007","fg0371","fg0788","fg0068","fg0475","fg0429","fg0438","fg0563","fg0228","fg0425","fg0766","fg0614","fg0862","fg0811","fg0613","fg0948","fg0287"
"fq001606","vx_23225e16615dd7b3","fg0330","1","fg0330","fg0438","fg0425","fg0228","fg0082","fg0530","fg0766","fg0429","fg0350","fg0518","fg0614","fg0371","fg0475","fg0788","fg0287","fg0811","fg0563","fg0039","fg0696","fg0106"
"fq001607","vx_35df9f026f5d5cc2","fg0331","8","fg0490","fg0025","fg0180","fg0394","fg0474","fg0335","fg0541","fg0331","fg0859","fg0589","fg0748","fg0665","fg0591","fg0669","fg0117","fg0696","fg0573","fg0010","fg0841","fg0893"
"fq001608","vx_974192b2320ae979","fg0332","1","fg0332","fg0141","fg0465","fg0343","fg0125","fg0118","fg0952","fg0145","fg0365","fg0101","fg0932","fg0273","fg0261","fg0891","fg0112","fg0476","fg0179","fg0093","fg0796","fg0861"
"fq001609","vx_974192b2320ae979","fg0332","1","fg0332","fg0141","fg0145","fg0101","fg0093","fg0313","fg0118","fg0365","fg0891","fg0476","fg0465","fg0255","fg0112","fg0952","fg0796","fg0625","fg0592","fg0939","fg0343","fg0030"
"fq001610","vx_974192b2320ae979","fg0332","1","fg0332","fg0141","fg0365","fg0145","fg0002","fg0796","fg0101","fg0465","fg0952","fg0112","fg0924","fg0313","fg0118","fg0343","fg0891","fg0476","fg0786","fg0255","fg0625","fg0861"
"fq001611","vx_974192b2320ae979","fg0332","1","fg0332","fg0141","fg0365","fg0145","fg0002","fg0101","fg0796","fg0112","fg0313","fg0118","fg0030","fg0476","fg0592","fg0312","fg0255","fg0941","fg0939","fg0465","fg0616","fg0924"
"fq001612","vx_974192b2320ae979","fg0332","1","fg0332","fg0141","fg0313","fg0101","fg0186","fg0616","fg0112","fg0891","fg0002","fg0465","fg0796","fg0145","fg0498","fg0622","fg0365","fg0548","fg0675","fg0118","fg0125","fg0030"
"fq001613","vx_974192b2320ae979","fg0332","1","fg0332","fg0141","fg0365","fg0343","fg0465","fg0145","fg0796","fg0118","fg0273","fg0101","fg0125","fg0112","fg0891","fg0932","fg0002","fg0592","fg0952","fg0476","fg0255","fg0861"
"fq001614","vx_974192b2320ae979","fg0332","1","fg0332","fg0141","fg0465","fg0365","fg0101","fg0145","fg0112","fg0796","fg0891","fg0861","fg0313","fg0125","fg0002","fg0186","fg0118","fg0786","fg0675","fg0616","fg0952","fg0932"
"fq001615","vx_974192b2320ae979","fg0332","1","fg0332","fg0141","fg0465","fg0145","fg0891","fg0101","fg0365","fg0118","fg0255","fg0932","fg0125","fg0476","fg0952","fg0343","fg0941","fg0093","fg0313","fg0786","fg0592","fg0939"
"fq001616","vx_974192b2320ae979","fg0332","1","fg0332","fg0141","fg0891","fg0365","fg0101","fg0465","fg0145","fg0002","fg0861","fg0924","fg0118","fg0952","fg0796","fg0476","fg0125","fg0343","fg0625","fg0786","fg0255","fg0273"
"fq001617","vx_974192b2320ae979","fg0332","1","fg0332","fg0141","fg0365","fg0465","fg0952","fg0343","fg0145","fg0002","fg0273","fg0118","fg0891","fg0125","fg0101","fg0924","fg0796","fg0861","fg0476","fg0592","fg0625","fg0939"
"fq001618","vx_974192b2320ae979","fg0332","1","fg0332","fg0141","fg0911","fg0465","fg0861","fg0891","fg0625","fg0101","fg0145","fg0118","fg0939","fg0146","fg0952","fg0343","fg0493","fg0476","fg0125","fg0716","fg0255","fg0786"
"fq001619","vx_15fafec4c4d78d74","fg0333","1","fg0333","fg0194","fg0289","fg0653","fg1000","fg0052","fg0545","fg0860","fg0929","fg0180","fg0490","fg0952","fg0719","fg0501","fg0115","fg0555","fg0705","fg0758","fg0130","fg0846"
"fq001620","vx_d700a3781c568cdb","fg0334","1","fg0334","fg0835","fg0814","fg0191","fg0617","fg0976","fg0397","fg0588","fg0942","fg0841","fg0513","fg0747","fg0059","fg0106","fg0298","fg0806","fg0628","fg0594","fg0247","fg0777"
"fq001621","vx_d700a3781c568cdb","fg0334","1","fg0334","fg0835","fg0398","fg0814","fg0191","fg0588","fg0513","fg0528","fg0433","fg0397","fg0812","fg0438","fg0082","fg0628","fg0247","fg0578","fg0411","fg0747","fg0054","fg0298"
"fq001622","vx_d700a3781c568cdb","fg0334","1","fg0334","fg0835","fg0588","fg0411","fg0297","fg0191","fg0973","fg0247","fg0298","fg0398","fg0397","fg0747","fg0211","fg0889","fg0258","fg0106","fg0527","fg0942","fg0503","fg0535"
"fq001623","vx_d700a3781c568cdb","fg0334","1","fg0334","fg0835","fg0191","fg0747","fg0588","fg0889","fg0397","fg0247","fg0298","fg0973","fg0297","fg0411","fg0535","fg0942","fg0587","fg0976","fg0841","fg0398","fg0059","fg0106"
"fq001624","vx_d700a3781c568cdb","fg0334","1","fg0334","fg0835","fg0191","fg0814","fg0397","fg0747","fg0976","fg0617","fg0588","fg0247","fg0942","fg0059","fg0841","fg0448","fg0106","fg0973","fg0298","fg0435","fg0806","fg0211"
"fq001625","vx_3c885a3e12d6bed1","fg0335","1","fg0335","fg0710","fg0290","fg0377","fg0449","fg0341","fg0025","fg0305","fg0068","fg0593","fg0437","fg0020","fg0221","fg0198","fg0939","fg0227","fg0550","fg0133","fg0050","fg0855"
"fq001626","vx_fc20af91bf04c213","fg0336","1","fg0336","fg0079","fg0049","fg0968","fg0971","fg0480","fg0092","fg0418","fg0316","fg0465","fg0101","fg0969","fg0127","fg0534","fg0212","fg0810","fg0280","fg0610","fg0822","fg0175"
"fq001627","vx_fc20af91bf04c213","fg0336","1","fg0336","fg0971","fg0079","fg0049","fg0968","fg0101","fg0092","fg0316","fg0418","fg0212","fg0465","fg0127","fg0810","fg0480","fg0822","fg0763","fg0969","fg0280","fg0714","fg0074"
"fq001628","vx_fc20af91bf04c213","fg0336","1","fg0336","fg0049","fg0079","fg0971","fg0968","fg0839","fg0280","fg0092","fg0480","fg0418","fg0101","fg0822","fg0127","fg0714","fg0212","fg0316","fg0969","fg0601","fg0181","fg0690"
"fq001629","vx_fc20af91bf04c213","fg0336","1","fg0336","fg0079","fg0049","fg0968","fg0101","fg0212","fg0418","fg0480","fg0465","fg0971","fg0074","fg0577","fg0145","fg0822","fg0277","fg0763","fg0534","fg0585","fg0215","fg0092"
"fq001630","vx_fc20af91bf04c213","fg0336","1","fg0336","fg0079","fg0968","fg0049","fg0212","fg0418","fg0101","fg0971","fg0763","fg0822","fg0480","fg0605","fg0465","fg0739","fg0182","fg0181","fg0526","fg0577","fg0092","fg0690"
"fq001631","vx_fc20af91bf04c213","fg0336","1","fg0336","fg0049","fg0079","fg0971","fg0968","fg0092","fg0280","fg0480","fg0418","fg0465","fg0316","fg0101","fg0839","fg0822","fg0127","fg0601","fg0212","fg0534","fg0969","fg0045"
"fq001632","vx_fc20af91bf04c213","fg0336","1","fg0336","fg0049","fg0079","fg0971","fg0968","fg0822","fg0092","fg0280","fg0418","fg0480","fg0585","fg0839","fg0212","fg0465","fg0969","fg0245","fg0884","fg0017","fg0763","fg0690"
"fq001633","vx_fc20af91bf04c213","fg0336","1","fg0336","fg0079","fg0968","fg0212","fg0049","fg0101","fg0418","fg0480","fg0577","fg0534","fg0971","fg0316","fg0822","fg0526","fg0770","fg0605","fg0864","fg0045","fg0465","fg0092"
"fq001634","vx_fc20af91bf04c213","fg0336","1","fg0336","fg0049","fg0079","fg0092","fg0968","fg0971","fg0101","fg0418","fg0480","fg0714","fg0810","fg0465","fg0127","fg0822","fg0420","fg0534","fg0316","fg0212","fg0839","fg0280"
"fq001635","vx_fc20af91bf04c213","fg0336","1","fg0336","fg0079","fg0968","fg0212","fg0049","fg0101","fg0418","fg0480","fg0971","fg0465","fg0605","fg0763","fg0577","fg0316","fg0045","fg0822","fg0706","fg0277","fg0074","fg0969"
"fq001636","vx_fc20af91bf04c213","fg0336","1","fg0336","fg0968","fg0079","fg0212","fg0049","fg0101","fg0971","fg0526","fg0465","fg0418","fg0605","fg0763","fg0577","fg0822","fg0480","fg0739","fg0092","fg0969","fg0277","fg0316"
"fq001637","vx_d00a5231110be702","fg0337","1","fg0337","fg0250","fg0635","fg0783","fg0940","fg0689","fg0132","fg0623","fg0950","fg0219","fg0138","fg0404","fg0722","fg0919","fg0732","fg0529","fg0532","fg0764","fg0471","fg0806"
"fq001638","vx_d00a5231110be702","fg0337","1","fg0337","fg0783","fg0940","fg0689","fg0623","fg0132","fg0250","fg0635","fg0081","fg0919","fg0197","fg0404","fg0732","fg0288","fg0557","fg0719","fg0722","fg0956","fg0532","fg0190"
"fq001639","vx_d00a5231110be702","fg0337","1","fg0337","fg0250","fg0635","fg0783","fg0940","fg0689","fg0138","fg0623","fg0132","fg0529","fg0190","fg0219","fg0945","fg0764","fg0404","fg0081","fg0950","fg0732","fg0722","fg0322"
"fq001640","vx_d3caab5bc9eebdd8","fg0338","1","fg0338","fg0110","fg0868","fg0421","fg0947","fg0573","fg0543","fg0965","fg0494","fg0561","fg0027","fg0603","fg0811","fg0993","fg0963","fg0085","fg0382","fg0960","fg0966","fg0791"
"fq001641","vx_8739c637aee0e8be","fg0339","1","fg0339","fg0901","fg0158","fg0385","fg0709","fg0581","fg0853","fg0870","fg0932","fg0838","fg0786","fg0974","fg0006","fg0692","fg0631","fg0586","fg0949","fg0062","fg0239","fg0658"
"fq001642","vx_8739c637aee0e8be","fg0339","1","fg0339","fg0158","fg0385","fg0901","fg0870","fg0100","fg0709","fg0853","fg0581","fg0766","fg0932","fg0425","fg0116","fg0708","fg0223","fg0586","fg0202","fg0594","fg0006","fg0224"
"fq001643","vx_8739c637aee0e8be","fg0339","1","fg0339","fg0901","fg0158","fg0385","fg0870","fg0581","fg0838","fg0853","fg0709","fg0658","fg0932","fg0263","fg0949","fg0692","fg0006","fg0573","fg0170","fg0942","fg0796","fg0799"
"fq001644","vx_8739c637aee0e8be","fg0339","1","fg0339","fg0158","fg0901","fg0385","fg0870","fg0853","fg0709","fg0932","fg0581","fg0100","fg0006","fg0838","fg0830","fg0949","fg0692","fg0586","fg0708","fg0796","fg0224","fg0766"
"fq001645","vx_8739c637aee0e8be","fg0339","1","fg0339","fg0158","fg0870","fg0385","fg0901","fg0100","fg0581","fg0709","fg0932","fg0853","fg0708","fg0838","fg0766","fg0586","fg0692","fg0006","fg0830","fg0949","fg0224","fg0062"
"fq001646","vx_8739c637aee0e8be","fg0339","1","fg0339","fg0901","fg0158","fg0385","fg0870","fg0709","fg0853","fg0581","fg0586","fg0932","fg0006","fg0708","fg0838","fg0692","fg0949","fg0311","fg0786","fg0830","fg0224","fg0480"
"fq001647","vx_1a819e5a2bb5afef","fg0340","1","fg0340","fg0766","fg0685","fg0505","fg0746","fg0312","fg0576","fg0488","fg0178","fg0516","fg0154","fg0067","fg0204","fg0716","fg0459","fg0039","fg0307","fg0613","fg0862","fg0817"
"fq001648","vx_5c8ada0c66e54529","fg0341","1","fg0341","fg0606","fg0750","fg0384","fg0264","fg0512","fg0255","fg0871","fg0471","fg0598","fg0859","fg0068","fg0425","fg0603","fg0645","fg0710","fg0609","fg0254","fg0807","fg0012"
"fq001649","vx_5c8ada0c66e54529","fg0341","1","fg0341","fg0606","fg0012","fg0384","fg0859","fg0318","fg0254","fg0370","fg0512","fg0598","fg0603","fg0750","fg0471","fg0335","fg1000","fg0050","fg0479","fg0797","fg0401","fg0264"
"fq001650","vx_5c8ada0c66e54529","fg0341","1","fg0341","fg0606","fg0384","fg0254","fg0859","fg0598","fg0512","fg0750","fg0807","fg0255","fg0871","fg0471","fg0012","fg0603","fg0851","fg0264","fg0370","fg0996","fg0710","fg0068"
"fq001651","vx_cafa8d8b83e587a9","fg0342","1","fg0342","fg0401","fg0296","fg0596","fg0645","fg0543","fg0951","fg0110","fg0989","fg0618","fg0407","fg0633","fg0053","fg0507","fg0354","fg0302","fg0469","fg0963","fg0993","fg0922"
"fq001652","vx_cafa8d8b83e587a9","fg0342","1","fg0342","fg0401","fg0596","fg0296","fg0645","fg0951","fg0407","fg0110","fg0543","fg0989","fg0507","fg0618","fg0053","fg0469","fg0354","fg0633","fg0598","fg0302","fg0922","fg0311"
"fq001653","vx_cafa8d8b83e587a9","fg0342","1","fg0342","fg0296","fg0401","fg0596","fg0645","fg0922","fg0543","fg0951","fg0618","fg0507","fg0407","fg0989","fg0469","fg0311","fg0110","fg0633","fg0302","fg0053","fg0354","fg0197"
"fq001654","vx_5c11a8579b870f75","fg0343","2","fg0273","fg0343","fg0108","fg0240","fg0313","fg0028","fg0741","fg0373","fg0159","fg0275","fg0785","fg0653","fg0624","fg0521","fg0283","fg0332","fg0755","fg0760","fg0927","fg0034"
"fq001655","vx_5c11a8579b870f75","fg0343","2","fg0273","fg0343","fg0108","fg0028","fg0313","fg0653","fg0283","fg0240","fg0275","fg0373","fg0159","fg0897","fg0534","fg0624","fg0261","fg0741","fg0755","fg0860","fg0332","fg0785"
"fq001656","vx_5c11a8579b870f75","fg0343","2","fg0273","fg0343","fg0653","fg0108","fg0313","fg0283","fg0624","fg0289","fg0240","fg0860","fg0534","fg0275","fg0028","fg0785","fg0929","fg0324","fg0229","fg0373","fg0555","fg0261"
"fq001657","vx_5c11a8579b870f75","fg0343","1","fg0343","fg0273","fg0444","fg0652","fg0607","fg0108","fg0167","fg0240","fg0055","fg0760","fg0687","fg0643","fg0159","fg0099","fg0034","fg0114","fg0283","fg0741","fg0922","fg0669"
"fq001658","vx_002e6e5e7d1d6910","fg0344","1","fg0344","fg0702","fg0681","fg0222","fg0580","fg0643","fg0961","fg0074","fg0720","fg0461","fg0125","fg0745","fg0800","fg0551","fg0906","fg0805","fg0456","fg0415","fg0413","fg0310"
"fq001659","vx_002e6e5e7d1d6910","fg0344","1","fg0344","fg0800","fg0943","fg0415","fg0571","fg0961","fg0222","fg0161","fg0461","fg0074","fg0443","fg0702","fg0125","fg0041","fg0551","fg0456","fg0580","fg0611","fg0710","fg0009"
"fq001660","vx_002e6e5e7d1d6910","fg0344","1","fg0344","fg0461","fg0702","fg0643","fg0681","fg0580","fg0222","fg0961","fg0308","fg0800","fg0664","fg0415","fg0125","fg0317","fg0551","fg0074","fg0413","fg0426","fg0456","fg0830"
"fq001661","vx_002e6e5e7d1d6910","fg0344","1","fg0344","fg0488","fg0097","fg0979","fg0357","fg0260","fg0583","fg0402","fg0054","fg0395","fg0902","fg0702","fg0789","fg0710","fg0681","fg0183","fg0254","fg0774","fg0961","fg0990"
"fq001662","vx_002e6e5e7d1d6910","fg0344","1","fg0344","fg0260","fg0413","fg0961","fg0222","fg0500","fg0551","fg0720","fg0905","fg0643","fg0509","fg0849","fg0702","fg0183","fg0557","fg0317","fg0666","fg0142","fg0203","fg0774"
"fq001663","vx_bc8f2bdc5244c507","fg0345","1","fg0345","fg0215","fg0286","fg0348","fg0111","fg0573","fg0010","fg0675","fg0912","fg0814","fg0478","fg0387","fg0205","fg0948","fg0947","fg0808","fg0038","fg0011","fg0965","fg0508"
"fq001664","vx_bc8f2bdc5244c507","fg0345","1","fg0345","fg0573","fg0286","fg0947","fg0215","fg0421","fg0010","fg0348","fg0921","fg0965","fg0808","fg0561","fg0767","fg0563","fg0111","fg0676","fg0019","fg0788","fg0506","fg0520"
"fq001665","vx_08ec07cd6d323118","fg0346","1","fg0346","fg0508","fg0169","fg0836","fg0387","fg0064","fg0991","fg0021","fg0168","fg0431","fg0287","fg0349","fg0022","fg0120","fg0801","fg0979","fg0066","fg0014","fg0787","fg0111"
"fq001666","vx_afd22bfd0366e255","fg0347","290","fg0598","fg0736","fg0561","fg0302","fg0965","fg0874","fg0676","fg0832","fg0871","fg0933","fg0502","fg0507","fg0618","fg0342","fg0085","fg0407","fg0979","fg0319","fg0296","fg0883"
"fq001667","vx_668ac1e613c11e8b","fg0348","1","fg0348","fg0345","fg0912","fg0285","fg0111","fg0991","fg0765","fg0670","fg0038","fg0822","fg0787","fg0008","fg0574","fg0788","fg0010","fg0957","fg0346","fg0883","fg0286","fg0215"
"fq001668","vx_668ac1e613c11e8b","fg0348","1","fg0348","fg0912","fg0345","fg0111","fg0285","fg0991","fg0010","fg0038","fg0286","fg0675","fg0346","fg0787","fg0788","fg0822","fg0259","fg0917","fg0670","fg0004","fg0301","fg0008"
"fq001669","vx_9e6eff27b7a78c47","fg0349","1","fg0349","fg0367","fg0796","fg0872","fg0966","fg0887","fg0061","fg0953","fg0384","fg0014","fg0338","fg0427","fg0875","fg0346","fg0474","fg0341","fg0473","fg0286","fg0378","fg0975"
"fq001670","vx_9e6eff27b7a78c47","fg0349","1","fg0349","fg0367","fg0796","fg0966","fg0872","fg0887","fg0199","fg0756","fg0189","fg0061","fg0550","fg0823","fg0953","fg0431","fg0014","fg0384","fg0657","fg0975","fg0683","fg0239"
"fq001671","vx_9e6eff27b7a78c47","fg0349","1","fg0349","fg0367","fg0474","fg0835","fg0973","fg0966","fg0126","fg0841","fg0630","fg0473","fg0886","fg0338","fg0331","fg0528","fg0809","fg0740","fg0298","fg0211","fg0448","fg0527"
"fq001672","vx_9e6eff27b7a78c47","fg0349","1","fg0349","fg0367","fg0474","fg0973","fg0835","fg0473","fg0298","fg0947","fg0740","fg0647","fg0841","fg0631","fg0297","fg0411","fg0042","fg0211","fg0886","fg0331","fg0630","fg0398"
"fq001673","vx_9e6eff27b7a78c47","fg0349","1","fg0349","fg0367","fg0474","fg0835","fg0973","fg0473","fg0966","fg0126","fg0887","fg0841","fg0211","fg0875","fg0657","fg0132","fg0298","fg0630","fg0338","fg0314","fg0886","fg0740"
"fq001674","vx_9e6eff27b7a78c47","fg0349","1","fg0349","fg0367","fg0474","fg0973","fg0835","fg0630","fg0297","fg0211","fg0298","fg0126","fg0841","fg0740","fg0966","fg0191","fg0473","fg0528","fg0334","fg0647","fg0527","fg0338"
"fq001675","vx_9e6eff27b7a78c47","fg0349","1","fg0349","fg0367","fg0796","fg0966","fg0384","fg0872","fg0431","fg0887","fg0338","fg0756","fg0953","fg0061","fg0875","fg0341","fg0346","fg0474","fg0473","fg0014","fg0550","fg0189"
"fq001676","vx_9e6eff27b7a78c47","fg0349","1","fg0349","fg0367","fg0887","fg0346","fg0014","fg0796","fg0966","fg0842","fg0875","fg0632","fg0189","fg0199","fg0773","fg0762","fg0431","fg0761","fg0657","fg0508","fg0975","fg0089"
"fq001677","vx_9e6eff27b7a78c47","fg0349","1","fg0349","fg0796","fg0367","fg0966","fg0887","fg0842","fg0756","fg0014","fg0189","fg0872","fg0239","fg0657","fg0199","fg0264","fg0431","fg0823","fg0550","fg0465","fg0061","fg0202"
"fq001678","vx_9e6eff27b7a78c47","fg0349","1","fg0349","fg0796","fg0367","fg0966","fg0887","fg0038","fg0189","fg0286","fg0842","fg0014","fg0384","fg0657","fg0346","fg0773","fg0875","fg0199","fg0872","fg0338","fg0632","fg0761"
"fq001679","vx_9e6eff27b7a78c47","fg0349","1","fg0349","fg0367","fg0346","fg0014","fg0796","fg0966","fg0875","fg0632","fg0887","fg0773","fg0199","fg0842","fg0761","fg0762","fg0168","fg0187","fg0508","fg0227","fg0973","fg0189"
"fq001680","vx_8930e30ac1f4d848","fg0350","1","fg0350","fg0438","fg0155","fg0675","fg0126","fg0067","fg0071","fg0106","fg0275","fg0594","fg0039","fg0025","fg0857","fg0542","fg0843","fg0159","fg0811","fg0078","fg0766","fg0815"
"fq001681","vx_8930e30ac1f4d848","fg0350","1","fg0350","fg0438","fg0675","fg0155","fg0126","fg0067","fg0275","fg0106","fg0071","fg0973","fg0857","fg0159","fg0039","fg0397","fg0594","fg0314","fg0811","fg0025","fg0287","fg0815"
"fq001682","vx_d18b80ea064faf7b","fg0351","1","fg0351","fg0473","fg0522","fg0441","fg0098","fg0857","fg0261","fg0807","fg0987","fg0093","fg0548","fg0517","fg0386","fg0247","fg0975","fg0940","fg0954","fg0994","fg0654","fg0593"
"fq001683","vx_c6d5a3331642761b","fg0352","1","fg0352","fg0622","fg0914","fg0083","fg0744","fg0383","fg0881","fg0017","fg0902","fg0540","fg0644","fg0994","fg0903","fg0604","fg0547","fg0917","fg0166","fg0451","fg0915","fg0189"
"fq001684","vx_c6d5a3331642761b","fg0352","1","fg0352","fg0622","fg0914","fg0744","fg0083","fg0017","fg0383","fg0881","fg0903","fg0994","fg0902","fg0644","fg0547","fg0604","fg0540","fg0917","fg0574","fg0295","fg0112","fg0189"
"fq001685","vx_c6d5a3331642761b","fg0352","1","fg0352","fg0083","fg0914","fg0622","fg0744","fg0881","fg0902","fg0017","fg0547","fg0604","fg0983","fg0383","fg0903","fg0994","fg0451","fg0511","fg0540","fg0574","fg0644","fg0694"
"fq001686","vx_fc02899b8e1c2145","fg0353","1","fg0353","fg0559","fg0854","fg0651","fg0407","fg0714","fg0296","fg0832","fg0867","fg0150","fg0833","fg0225","fg0284","fg0741","fg0484","fg0721","fg0250","fg0492","fg0275","fg0667"
"fq001687","vx_11b42c73304f92b2","fg0354","1","fg0354","fg0435","fg0691","fg0199","fg0654","fg0189","fg0043","fg0089","fg0904","fg0636","fg0508","fg0168","fg0522","fg0991","fg0615","fg0787","fg0052","fg0802","fg0104","fg0890"
"fq001688","vx_11b42c73304f92b2","fg0354","1","fg0354","fg0507","fg0596","fg0543","fg0053","fg0633","fg0989","fg0645","fg0323","fg0110","fg0912","fg0219","fg0677","fg0905","fg0508","fg0342","fg0868","fg0010","fg0991","fg0168"
"fq001689","vx_11b42c73304f92b2","fg0354","1","fg0354","fg0507","fg0596","fg0053","fg0645","fg0691","fg0989","fg0543","fg0905","fg0219","fg0508","fg0615","fg0110","fg0089","fg0435","fg0633","fg0199","fg0991","fg0802","fg0342"
"fq001690","vx_11b42c73304f92b2","fg0354","1","fg0354","fg0507","fg0053","fg0596","fg0691","fg0645","fg0199","fg0508","fg0989","fg0435","fg0342","fg0905","fg0543","fg0110","fg0633","fg0089","fg0168","fg0904","fg0219","fg0802"
"fq001691","vx_11b42c73304f92b2","fg0354","1","fg0354","fg0596","fg0645","fg0543","fg0507","fg0053","fg0989","fg0110","fg0342","fg0401","fg0905","fg0633","fg0509","fg0438","fg0323","fg0219","fg0133","fg0147","fg0677","fg0912"
"fq001692","vx_11b42c73304f92b2","fg0354","1","fg0354","fg0596","fg0507","fg0053","fg0989","fg0645","fg0633","fg0543","fg0323","fg0342","fg0110","fg0687","fg0868","fg0219","fg0904","fg0905","fg0630","fg0085","fg0403","fg0626"
"fq001693","vx_11b42c73304f92b2","fg0354","1","fg0354","fg0507","fg0691","fg0596","fg0053","fg0508","fg0645","fg0435","fg0991","fg0089","fg0199","fg0802","fg0654","fg0787","fg0219","fg0168","fg0887","fg0904","fg0615","fg0910"
"fq001694","vx_11b42c73304f92b2","fg0354","1","fg0354","fg0507","fg0596","fg0645","fg0633","fg0110","fg0053","fg0323","fg0989","fg0342","fg0543","fg0089","fg0438","fg0912","fg0664","fg0219","fg0508","fg0019","fg0991","fg0057"
"fq001695","vx_11b42c73304f92b2","fg0354","1","fg0354","fg0507","fg0596","fg0645","fg0053","fg0342","fg0989","fg0543","fg0110","fg0912","fg0633","fg0905","fg0219","fg0887","fg0508","fg0630","fg0089","fg0323","fg0403","fg0991"
"fq001696","vx_11b42c73304f92b2","fg0354","1","fg0354","fg0507","fg0596","fg0053","fg0645","fg0905","fg0089","fg0219","fg0199","fg0342","fg0691","fg0989","fg0508","fg0615","fg0887","fg0543","fg0633","fg0991","fg0802","fg0787"
"fq001697","vx_11b42c73304f92b2","fg0354","1","fg0354","fg0691","fg0507","fg0435","fg0199","fg0053","fg0654","fg0508","fg0089","fg0991","fg0168","fg0904","fg0787","fg0596","fg0522","fg0645","fg0615","fg0189","fg0104","fg0636"
"fq001698","vx_11b42c73304f92b2","fg0354","1","fg0354","fg0507","fg0053","fg0596","fg0645","fg0199","fg0508","fg0989","fg0912","fg0543","fg0905","fg0089","fg0435","fg0168","fg0654","fg0691","fg0633","fg0787","fg0104","fg0991"
"fq001699","vx_11b42c73304f92b2","fg0354","1","fg0354","fg0507","fg0053","fg0596","fg0645","fg0199","fg0104","fg0435","fg0904","fg0342","fg0691","fg0543","fg0989","fg0508","fg0994","fg0654","fg0633","fg0522","fg0189","fg0110"
"fq001700","vx_11b42c73304f92b2","fg0354","1","fg0354","fg0596","fg0507","fg0053","fg0645","fg0989","fg0633","fg0543","fg0342","fg0323","fg0110","fg0219","fg0912","fg0905","fg0403","fg0199","fg0868","fg0630","fg0687","fg0664"
"fq001701","vx_11b42c73304f92b2","fg0354","1","fg0354","fg0435","fg0199","fg0089","fg0168","fg0991","fg0691","fg0654","fg0189","fg0787","fg0636","fg0314","fg0508","fg0111","fg0043","fg0522","fg0815","fg0329","fg0917","fg0657"
"fq001702","vx_11b42c73304f92b2","fg0354","1","fg0354","fg0507","fg0053","fg0596","fg0645","fg0691","fg0435","fg0199","fg0104","fg0989","fg0904","fg0654","fg0543","fg0508","fg0905","fg0633","fg0342","fg0189","fg0615","fg0089"
"fq001703","vx_11b42c73304f92b2","fg0354","1","fg0354","fg0691","fg0435","fg0199","fg0507","fg0654","fg0904","fg0053","fg0522","fg0508","fg0104","fg0189","fg0168","fg0089","fg0636","fg0615","fg0596","fg0991","fg0787","fg0645"
"fq001704","vx_11b42c73304f92b2","fg0354","1","fg0354","fg0691","fg0435","fg0199","fg0507","fg0654","fg0053","fg0904","fg0508","fg0089","fg0991","fg0787","fg0104","fg0596","fg0168","fg0645","fg0189","fg0687","fg0219","fg0636"
"fq001705","vx_11b42c73304f92b2","fg0354","1","fg0354","fg0507","fg0596","fg0989","fg0645","fg0053","fg0110","fg0905","fg0543","fg0633","fg0342","fg0912","fg0089","fg0403","fg0219","fg0630","fg0508","fg0615","fg0438","fg0147"
"fq001706","vx_11b42c73304f92b2","fg0354","1","fg0354","fg0507","fg0596","fg0053","fg0645","fg0989","fg0543","fg0633","fg0110","fg0342","fg0905","fg0219","fg0323","fg0912","fg0403","fg0508","fg0664","fg0089","fg0691","fg0630"
"fq001707","vx_11b42c73304f92b2","fg0354","1","fg0354","fg0507","fg0596","fg0053","fg0645","fg0989","fg0543","fg0342","fg0110","fg0912","fg0905","fg0633","fg0219","fg0991","fg0508","fg0089","fg0691","fg0787","fg0323","fg0403"
"fq001708","vx_11b42c73304f92b2","fg0354","1","fg0354","fg0507","fg0053","fg0596","fg0645","fg0691","fg0989","fg0633","fg0435","fg0219","fg0110","fg0543","fg0654","fg0508","fg0802","fg0199","fg0615","fg0904","fg0342","fg0905"
"fq001709","vx_11b42c73304f92b2","fg0354","1","fg0354","fg0507","fg0596","fg0053","fg0645","fg0989","fg0543","fg0691","fg0633","fg0110","fg0219","fg0905","fg0104","fg0199","fg0435","fg0342","fg0508","fg0323","fg0168","fg0057"
"fq001710","vx_11b42c73304f92b2","fg0354","1","fg0354","fg0507","fg0596","fg0053","fg0645","fg0989","fg0633","fg0543","fg0110","fg0342","fg0691","fg0991","fg0219","fg0508","fg0787","fg0323","fg0905","fg0912","fg0199","fg0089"
"fq001711","vx_11b42c73304f92b2","fg0354","1","fg0354","fg0596","fg0989","fg0507","fg0323","fg0633","fg0645","fg0868","fg0110","fg0147","fg0319","fg0543","fg0444","fg0677","fg0729","fg0342","fg0019","fg0403","fg0053","fg0495"
"fq001712","vx_11b42c73304f92b2","fg0354","1","fg0354","fg0507","fg0596","fg0053","fg0645","fg0633","fg0543","fg0110","fg0989","fg0323","fg0342","fg0905","fg0630","fg0219","fg0057","fg0403","fg0868","fg0691","fg0965","fg0912"
"fq001713","vx_11b42c73304f92b2","fg0354","1","fg0354","fg0507","fg0596","fg0053","fg0645","fg0989","fg0219","fg0543","fg0633","fg0905","fg0342","fg0912","fg0691","fg0615","fg0110","fg0802","fg0910","fg0508","fg0432","fg0991"
"fq001714","vx_11b42c73304f92b2","fg0354","1","fg0354","fg0507","fg0596","fg0053","fg0645","fg0989","fg0691","fg0905","fg0543","fg0110","fg0199","fg0342","fg0508","fg0219","fg0435","fg0089","fg0633","fg0912","fg0168","fg0887"
"fq001715","vx_11b42c73304f92b2","fg0354","1","fg0354","fg0596","fg0507","fg0989","fg0543","fg0633","fg0645","fg0323","fg0053","fg0110","fg0965","fg0868","fg0342","fg0147","fg0403","fg0677","fg0438","fg0401","fg0905","fg0729"
"fq001716","vx_11b42c73304f92b2","fg0354","1","fg0354","fg0596","fg0507","fg0053","fg0645","fg0989","fg0543","fg0110","fg0905","fg0633","fg0342","fg0912","fg0323","fg0219","fg0630","fg0168","fg0199","fg0057","fg0010","fg0089"
"fq001717","vx_11b42c73304f92b2","fg0354","1","fg0354","fg0507","fg0596","fg0053","fg0989","fg0912","fg0905","fg0645","fg0633","fg0543","fg0508","fg0615","fg0110","fg0342","fg0168","fg0089","fg0219","fg0323","fg0991","fg0691"
"fq001718","vx_11b42c73304f92b2","fg0354","1","fg0354","fg0507","fg0596","fg0053","fg0645","fg0543","fg0905","fg0989","fg0787","fg0991","fg0342","fg0219","fg0199","fg0630","fg0691","fg0508","fg0615","fg0089","fg0633","fg0110"
"fq001719","vx_11b42c73304f92b2","fg0354","1","fg0354","fg0199","fg0691","fg0435","fg0168","fg0508","fg0654","fg0053","fg0991","fg0089","fg0787","fg0596","fg0189","fg0522","fg0904","fg0507","fg0615","fg0645","fg0636","fg0887"
"fq001720","vx_11b42c73304f92b2","fg0354","1","fg0354","fg0596","fg0507","fg0645","fg0053","fg0989","fg0543","fg0342","fg0633","fg0912","fg0110","fg0323","fg0905","fg0219","fg0664","fg0010","fg0630","fg0286","fg0249","fg0677"
"fq001721","vx_11b42c73304f92b2","fg0354","1","fg0354","fg0507","fg0168","fg0089","fg0323","fg0991","fg0787","fg0508","fg0691","fg0683","fg0912","fg0645","fg0633","fg0615","fg0057","fg0199","fg0408","fg0762","fg0664","fg0989"
"fq001722","vx_11b42c73304f92b2","fg0354","1","fg0354","fg0507","fg0596","fg0053","fg0645","fg0543","fg0989","fg0342","fg0633","fg0110","fg0905","fg0323","fg0912","fg0403","fg0219","fg0664","fg0630","fg0965","fg0401","fg0691"
"fq001723","vx_11b42c73304f92b2","fg0354","1","fg0354","fg0507","fg0596","fg0053","fg0645","fg0543","fg0989","fg0110","fg0633","fg0342","fg0323","fg0912","fg0905","fg0286","fg0403","fg0965","fg0868","fg0219","fg0664","fg0630"
"fq001724","vx_11b42c73304f92b2","fg0354","1","fg0354","fg0507","fg0691","fg0435","fg0053","fg0199","fg0596","fg0645","fg0508","fg0654","fg0904","fg0104","fg0522","fg0989","fg0991","fg0787","fg0057","fg0089","fg0168","fg0219"
"fq001725","vx_11b42c73304f92b2","fg0354","1","fg0354","fg0596","fg0507","fg0053","fg0989","fg0645","fg0633","fg0543","fg0110","fg0342","fg0323","fg0868","fg0905","fg0403","fg0630","fg0219","fg0912","fg0057","fg0677","fg0438"
"fq001726","vx_11b42c73304f92b2","fg0354","1","fg0354","fg0507","fg0596","fg0053","fg0645","fg0633","fg0199","fg0342","fg0543","fg0905","fg0508","fg0110","fg0989","fg0904","fg0104","fg0691","fg0654","fg0435","fg0089","fg0219"
"fq001727","vx_11b42c73304f92b2","fg0354","1","fg0354","fg0691","fg0435","fg0199","fg0654","fg0168","fg0089","fg0991","fg0787","fg0189","fg0508","fg0507","fg0904","fg0636","fg0043","fg0815","fg0802","fg0104","fg0522","fg0615"
"fq001728","vx_11b42c73304f92b2","fg0354","1","fg0354","fg0507","fg0596","fg0053","fg0645","fg0691","fg0435","fg0989","fg0199","fg0543","fg0654","fg0904","fg0905","fg0508","fg0633","fg0089","fg0342","fg0104","fg0615","fg0168"
"fq001729","vx_11b42c73304f92b2","fg0354","1","fg0354","fg0507","fg0691","fg0089","fg0168","fg0199","fg0053","fg0508","fg0991","fg0787","fg0435","fg0654","fg0645","fg0596","fg0904","fg0615","fg0802","fg0104","fg0905","fg0762"
"fq001730","vx_11b42c73304f92b2","fg0354","1","fg0354","fg0596","fg0507","fg0053","fg0691","fg0435","fg0645","fg0199","fg0543","fg0508","fg0989","fg0904","fg0905","fg0633","fg0104","fg0654","fg0110","fg0342","fg0089","fg0189"
"fq001731","vx_11b42c73304f92b2","fg0354","1","fg0354","fg0507","fg0596","fg0053","fg0645","fg0691","fg0989","fg0543","fg0508","fg0905","fg0912","fg0168","fg0089","fg0342","fg0199","fg0323","fg0615","fg0991","fg0110","fg0787"
"fq001732","vx_11b42c73304f92b2","fg0354","1","fg0354","fg0596","fg0507","fg0989","fg0645","fg0543","fg0053","fg0633","fg0342","fg0110","fg0905","fg0403","fg0323","fg0912","fg0630","fg0677","fg0868","fg0147","fg0219","fg0438"
"fq001733","vx_11b42c73304f92b2","fg0354","1","fg0354","fg0507","fg0991","fg0691","fg0435","fg0787","fg0089","fg0199","fg0654","fg0633","fg0396","fg0168","fg0057","fg0687","fg0626","fg0762","fg0219","fg0323","fg0802","fg0158"
"fq001734","vx_11b42c73304f92b2","fg0354","1","fg0354","fg0507","fg0691","fg0633","fg0991","fg0089","fg0787","fg0615","fg0323","fg0019","fg0683","fg0219","fg0989","fg0433","fg0868","fg0408","fg0802","fg0057","fg0645","fg0654"
"fq001735","vx_11b42c73304f92b2","fg0354","1","fg0354","fg0507","fg0596","fg0053","fg0991","fg0645","fg0787","fg0989","fg0199","fg0615","fg0691","fg0508","fg0543","fg0089","fg0168","fg0633","fg0435","fg0219","fg0110","fg0654"
"fq001736","vx_11b42c73304f92b2","fg0354","1","fg0354","fg0507","fg0596","fg0053","fg0645","fg0989","fg0543","fg0633","fg0110","fg0342","fg0323","fg0905","fg0912","fg0630","fg0403","fg0219","fg0965","fg0868","fg0677","fg0664"
"fq001737","vx_11b42c73304f92b2","fg0354","1","fg0354","fg0507","fg0596","fg0053","fg0691","fg0645","fg0989","fg0543","fg0199","fg0508","fg0089","fg0342","fg0435","fg0168","fg0633","fg0991","fg0219","fg0110","fg0787","fg0905"
"fq001738","vx_11b42c73304f92b2","fg0354","1","fg0354","fg0507","fg0596","fg0645","fg0053","fg0989","fg0110","fg0342","fg0543","fg0633","fg0905","fg0912","fg0508","fg0199","fg0219","fg0691","fg0089","fg0323","fg0654","fg0057"
"fq001739","vx_11b42c73304f92b2","fg0354","1","fg0354","fg0507","fg0053","fg0596","fg0691","fg0989","fg0435","fg0168","fg0645","fg0199","fg0089","fg0991","fg0787","fg0508","fg0905","fg0543","fg0615","fg0219","fg0654","fg0912"
"fq001740","vx_11b42c73304f92b2","fg0354","1","fg0354","fg0691","fg0089","fg0507","fg0991","fg0787","fg0199","fg0168","fg0654","fg0435","fg0508","fg0762","fg0912","fg0522","fg0104","fg0219","fg0683","fg0904","fg0396","fg0636"
"fq001741","vx_11b42c73304f92b2","fg0354","1","fg0354","fg0507","fg0691","fg0435","fg0199","fg0654","fg0596","fg0053","fg0168","fg0508","fg0904","fg0645","fg0089","fg0991","fg0522","fg0787","fg0762","fg0104","fg0189","fg0615"
"fq001742","vx_11b42c73304f92b2","fg0354","1","fg0354","fg0507","fg0691","fg0053","fg0435","fg0596","fg0199","fg0508","fg0645","fg0654","fg0089","fg0168","fg0904","fg0991","fg0787","fg0989","fg0522","fg0104","fg0615","fg0189"
"fq001743","vx_11b42c73304f92b2","fg0354","1","fg0354","fg0168","fg0507","fg0991","fg0691","fg0089","fg0912","fg0787","fg0910","fg0887","fg0396","fg0989","fg0010","fg0550","fg0034","fg0219","fg0111","fg0194","fg0802","fg0615"
"fq001744","vx_11b42c73304f92b2","fg0354","1","fg0354","fg0507","fg0596","fg0053","fg0543","fg0989","fg0645","fg0633","fg0905","fg0110","fg0342","fg0912","fg0323","fg0219","fg0868","fg0615","fg0403","fg0664","fg0677","fg0630"
"fq001745","vx_11b42c73304f92b2","fg0354","1","fg0354","fg0507","fg0596","fg0989","fg0053","fg0905","fg0645","fg0543","fg0110","fg0342","fg0633","fg0219","fg0912","fg0615","fg0089","fg0508","fg0168","fg0691","fg0403","fg0323"
"fq001746","vx_11b42c73304f92b2","fg0354","1","fg0354","fg0596","fg0507","fg0989","fg0543","fg0645","fg0053","fg0905","fg0110","fg0633","fg0342","fg0965","fg0323","fg0219","fg0630","fg0403","fg0438","fg0573","fg0085","fg0912"
"fq001747","vx_11b42c73304f92b2","fg0354","1","fg0354","fg0507","fg0596","fg0053","fg0645","fg0543","fg0691","fg0989","fg0905","fg0110","fg0342","fg0435","fg0199","fg0633","fg0508","fg0323","fg0104","fg0219","fg0904","fg0089"
"fq001748","vx_68c9b4ca9fcbaf6a","fg0355","1","fg0355","fg0241","fg0162","fg0108","fg0240","fg0729","fg0525","fg0140","fg0555","fg0151","fg0327","fg0922","fg0823","fg0283","fg0559","fg0373","fg0687","fg0749","fg0242","fg0959"
"fq001749","vx_68c9b4ca9fcbaf6a","fg0355","1","fg0355","fg0868","fg0444","fg0652","fg0439","fg0495","fg0152","fg0729","fg0416","fg0500","fg0147","fg0990","fg0930","fg0659","fg0151","fg0521","fg0055","fg0803","fg0667","fg0609"
"fq001750","vx_8181013898e9cb4b","fg0356","1","fg0356","fg0450","fg0362","fg0149","fg0531","fg0769","fg0221","fg0979","fg0416","fg0474","fg0537","fg0163","fg0838","fg0596","fg0164","fg0047","fg0239","fg0002","fg0673","fg0658"
"fq001751","vx_bd4fd57e0be3b75e","fg0357","1","fg0357","fg0162","fg0921","fg0506","fg0737","fg0799","fg0678","fg0242","fg0206","fg0486","fg0497","fg0379","fg0363","fg0578","fg0988","fg0553","fg0326","fg0488","fg0561","fg0698"
"fq001752","vx_dfc32a74ab852b3c","fg0358","1","fg0358","fg0606","fg0192","fg0440","fg0068","fg0963","fg0672","fg0618","fg0598","fg0446","fg0269","fg0296","fg0034","fg0003","fg0305","fg0676","fg0871","fg0700","fg0063","fg0425"
"fq001753","vx_dfc32a74ab852b3c","fg0358","1","fg0358","fg0606","fg0192","fg0712","fg0269","fg0181","fg0757","fg0323","fg0375","fg0537","fg0046","fg0715","fg0700","fg0708","fg0553","fg0963","fg0871","fg0384","fg0932","fg0264"
"fq001754","vx_dfc32a74ab852b3c","fg0358","1","fg0358","fg0606","fg0192","fg0672","fg0440","fg0618","fg0305","fg0269","fg0296","fg0700","fg0598","fg0446","fg0381","fg0068","fg0003","fg0963","fg0323","fg0384","fg0769","fg0738"
"fq001755","vx_dfc32a74ab852b3c","fg0358","1","fg0358","fg0192","fg0606","fg0963","fg0269","fg0068","fg0598","fg0440","fg0618","fg0003","fg0063","fg0965","fg0384","fg0296","fg0676","fg0871","fg0446","fg0916","fg0712","fg0553"
"fq001756","vx_dfc32a74ab852b3c","fg0358","1","fg0358","fg0606","fg0965","fg0192","fg0068","fg0437","fg0003","fg0269","fg0063","fg0712","fg0296","fg0384","fg0553","fg0598","fg0381","fg0703","fg0676","fg0700","fg0305","fg0453"
"fq001757","vx_288a234a0d7022d6","fg0359","1","fg0359","fg0530","fg0192","fg0933","fg0663","fg0816","fg0512","fg0982","fg0544","fg0966","fg0575","fg0836","fg0107","fg0096","fg0263","fg0960","fg0404","fg0556","fg0347","fg0011"
"fq001758","vx_eb0c077ce4062589","fg0360","1","fg0360","fg0441","fg0837","fg0375","fg0513","fg0877","fg0414","fg0103","fg0916","fg0385","fg0423","fg0542","fg0046","fg0594","fg0159","fg0080","fg0641","fg0517","fg0305","fg0665"
"fq001759","vx_eb0c077ce4062589","fg0360","1","fg0360","fg0414","fg0423","fg0837","fg0028","fg0513","fg0375","fg0441","fg0229","fg0278","fg0529","fg0154","fg0632","fg0833","fg0224","fg0722","fg0860","fg0518","fg0920","fg1000"
"fq001760","vx_eb0c077ce4062589","fg0360","1","fg0360","fg0441","fg1000","fg0425","fg0414","fg0513","fg0080","fg0005","fg0929","fg0860","fg0837","fg0641","fg0229","fg0375","fg0385","fg0378","fg0877","fg0046","fg0705","fg0423"
"fq001761","vx_f06f6139efe37ec1","fg0361","1","fg0361","fg0308","fg0755","fg0161","fg0705","fg0689","fg0838","fg0369","fg0828","fg0239","fg0944","fg0058","fg0733","fg0234","fg0890","fg0796","fg0923","fg0664","fg0116","fg0119"
"fq001762","vx_7a19d2e713831d18","fg0362","1","fg0362","fg0099","fg0035","fg0029","fg0590","fg0331","fg0535","fg0627","fg0356","fg0823","fg0499","fg0725","fg0470","fg0448","fg0505","fg0276","fg0537","fg0221","fg0479","fg0174"
"fq001763","vx_7a19d2e713831d18","fg0362","1","fg0362","fg0590","fg0029","fg0099","fg0725","fg0221","fg0356","fg0823","fg0035","fg0331","fg0470","fg0448","fg0537","fg0239","fg0627","fg0535","fg0450","fg0825","fg0409","fg0499"
"fq001764","vx_3ab2210b7a1722ff","fg0363","1","fg0363","fg0175","fg0026","fg0746","fg0143","fg0920","fg0002","fg0717","fg0972","fg0865","fg0983","fg0650","fg0324","fg0009","fg0261","fg0199","fg0884","fg0670","fg0091","fg0674"
"fq001765","vx_3ab2210b7a1722ff","fg0363","1","fg0363","fg0746","fg0026","fg0865","fg0974","fg0143","fg0178","fg0379","fg0118","fg0357","fg0866","fg0921","fg0226","fg0827","fg0502","fg0446","fg0682","fg0374","fg0678","fg0257"
"fq001766","vx_3ab2210b7a1722ff","fg0363","1","fg0363","fg0026","fg0746","fg0324","fg0143","fg0002","fg0132","fg0865","fg0972","fg0414","fg0261","fg0717","fg0943","fg0784","fg0178","fg0112","fg0267","fg0175","fg0920","fg0624"
"fq001767","vx_3ab2210b7a1722ff","fg0363","1","fg0363","fg0746","fg0026","fg0009","fg0865","fg0175","fg0717","fg0002","fg0972","fg0324","fg0143","fg0178","fg0261","fg0920","fg0132","fg0391","fg0881","fg0365","fg0766","fg0414"
"fq001768","vx_fec0732ac3c76ca4","fg0364","1","fg0364","fg0944","fg0277","fg0560","fg0148","fg0593","fg0779","fg0570","fg0826","fg0742","fg0527","fg0936","fg0173","fg0016","fg0634","fg0552","fg0733","fg0892","fg0584","fg0466"
"fq001769","vx_58e22bc711ba2ceb","fg0365","1","fg0365","fg0015","fg0732","fg0620","fg0708","fg0332","fg0244","fg0716","fg0623","fg0107","fg0960","fg0343","fg0081","fg0939","fg0082","fg0852","fg0916","fg0911","fg0118","fg0230"
"fq001770","vx_a0ad928a2b7c8562","fg0366","1","fg0366","fg0283","fg0509","fg0070","fg0934","fg0510","fg0875","fg0120","fg0938","fg0888","fg0887","fg0010","fg0979","fg0411","fg0271","fg0133","fg0149","fg0878","fg0300","fg0630"
"fq001771","vx_a0ad928a2b7c8562","fg0366","1","fg0366","fg0283","fg0509","fg0070","fg0934","fg0050","fg0149","fg0510","fg0875","fg0010","fg0236","fg0608","fg0887","fg0490","fg0120","fg0243","fg0630","fg0938","fg0266","fg0888"
"fq001772","vx_6e8444eeefd28aa3","fg0367","1","fg0367","fg0474","fg0126","fg0835","fg0349","fg0973","fg0211","fg0515","fg0843","fg0841","fg0448","fg0132","fg0297","fg0809","fg0298","fg0966","fg0657","fg0106","fg0191","fg0712"
"fq001773","vx_6e8444eeefd28aa3","fg0367","1","fg0367","fg0126","fg0474","fg0835","fg0973","fg0349","fg0809","fg0841","fg0843","fg0448","fg0966","fg0132","fg0297","fg0211","fg0515","fg0712","fg0940","fg0875","fg0185","fg0298"
"fq001774","vx_b37a7ffab3ad1074","fg0368","1","fg0368","fg0928","fg0097","fg0121","fg0627","fg0102","fg0899","fg0615","fg0976","fg0445","fg0455","fg0792","fg0834","fg0150","fg0168","fg0091","fg0937","fg0183","fg0122","fg0334"
"fq001775","vx_b37a7ffab3ad1074","fg0368","1","fg0368","fg0928","fg0097","fg0627","fg0102","fg0792","fg0121","fg0937","fg0137","fg0976","fg0334","fg0153","fg0233","fg0615","fg0445","fg0455","fg0022","fg0899","fg0091","fg0150"
"fq001776","vx_b37a7ffab3ad1074","fg0368","1","fg0368","fg0928","fg0121","fg0137","fg0976","fg0627","fg0097","fg0615","fg0122","fg0445","fg0102","fg0899","fg0334","fg0091","fg0168","fg0937","fg0830","fg0183","fg0998","fg0834"
"fq001777","vx_b37a7ffab3ad1074","fg0368","1","fg0368","fg0928","fg0122","fg0153","fg0097","fg0937","fg0455","fg0627","fg0168","fg0137","fg0121","fg0102","fg0621","fg0899","fg0792","fg0372","fg0233","fg0150","fg0767","fg0772"
"fq001778","vx_b37a7ffab3ad1074","fg0368","1","fg0368","fg0928","fg0097","fg0121","fg0627","fg0137","fg0976","fg0168","fg0102","fg0334","fg0937","fg0615","fg0445","fg0792","fg0899","fg0805","fg0998","fg0091","fg0122","fg0455"
"fq001779","vx_b37a7ffab3ad1074","fg0368","1","fg0368","fg0928","fg0097","fg0627","fg0121","fg0899","fg0102","fg0168","fg0455","fg0091","fg0615","fg0183","fg0937","fg0044","fg0445","fg0514","fg0792","fg0976","fg0834","fg0998"
"fq001780","vx_b37a7ffab3ad1074","fg0368","1","fg0368","fg0928","fg0097","fg0168","fg0976","fg0937","fg0102","fg0091","fg0121","fg0627","fg0122","fg0899","fg0183","fg0792","fg0445","fg0615","fg0334","fg0137","fg0683","fg0455"
"fq001781","vx_b37a7ffab3ad1074","fg0368","1","fg0368","fg0928","fg0097","fg0899","fg0627","fg0615","fg0102","fg0091","fg0121","fg0976","fg0937","fg0168","fg0998","fg0792","fg0455","fg0445","fg0137","fg0683","fg0834","fg0150"
"fq001782","vx_b37a7ffab3ad1074","fg0368","1","fg0368","fg0928","fg0097","fg0627","fg0262","fg0445","fg0168","fg0834","fg0632","fg0789","fg0121","fg0183","fg0767","fg0615","fg0998","fg0102","fg0899","fg0091","fg0044","fg0541"
"fq001783","vx_b37a7ffab3ad1074","fg0368","1","fg0368","fg0097","fg0928","fg0627","fg0262","fg0168","fg0121","fg0091","fg0102","fg0789","fg0044","fg0445","fg0834","fg0541","fg0514","fg0922","fg0632","fg0150","fg0183","fg0484"
"fq001784","vx_5b5e0c863a4bca52","fg0369","1","fg0369","fg0209","fg0838","fg0441","fg0308","fg0949","fg0434","fg0835","fg0829","fg0367","fg0886","fg0973","fg0571","fg0350","fg0195","fg0701","fg0222","fg0662","fg0001","fg0361"
"fq001785","vx_fa5b0e18a07c4e3c","fg0370","1","fg0370","fg0850","fg0737","fg0871","fg0094","fg0257","fg0845","fg0851","fg0953","fg0575","fg0836","fg0006","fg0062","fg0996","fg0502","fg0736","fg0799","fg0890","fg0648","fg0288"
"fq001786","vx_fa5b0e18a07c4e3c","fg0370","1","fg0370","fg0850","fg0094","fg0737","fg0871","fg0257","fg0953","fg0851","fg0736","fg0575","fg0845","fg0836","fg0502","fg0648","fg0062","fg0006","fg0291","fg0341","fg0799","fg0384"
"fq001787","vx_81153d8f63571b2d","fg0371","1","fg0371","fg0082","fg0007","fg0173","fg0544","fg0614","fg0334","fg0397","fg0973","fg0438","fg0942","fg0330","fg0562","fg0059","fg0146","fg0042","fg0819","fg0421","fg0382","fg0211"
"fq001788","vx_ab0c38b7d724522a","fg0372","1","fg0372","fg0122","fg0582","fg0433","fg0368","fg0621","fg0617","fg0106","fg0777","fg0178","fg0112","fg0814","fg0252","fg0205","fg0156","fg0812","fg0635","fg0942","fg0498","fg0059"
"fq001789","vx_7b96b9b751d36492","fg0373","1","fg0373","fg0820","fg0017","fg0240","fg0241","fg0998","fg0555","fg0687","fg0092","fg0802","fg0995","fg0216","fg0128","fg0798","fg0590","fg0273","fg0099","fg0908","fg0959","fg0653"
"fq001790","vx_7b96b9b751d36492","fg0373","1","fg0373","fg0820","fg0240","fg0017","fg0092","fg0687","fg0043","fg0802","fg0555","fg0908","fg0525","fg0995","fg0108","fg0559","fg0273","fg0355","fg0241","fg0904","fg0444","fg0959"
"fq001791","vx_7b96b9b751d36492","fg0373","1","fg0373","fg0820","fg0240","fg0017","fg0687","fg0998","fg0241","fg0555","fg0092","fg0802","fg0216","fg0798","fg0099","fg0273","fg0559","fg0995","fg0959","fg0908","fg0128","fg0423"
"fq001792","vx_7b96b9b751d36492","fg0373","1","fg0373","fg0240","fg0820","fg0687","fg0017","fg0099","fg0559","fg0555","fg0908","fg0092","fg0998","fg0802","fg0525","fg0108","fg0241","fg0273","fg0959","fg0043","fg0444","fg0813"
"fq001793","vx_30e1ed65c5200f25","fg0374","1","fg0374","fg0509","fg0203","fg0767","fg0805","fg0069","fg0266","fg0938","fg0549","fg0568","fg0681","fg0603","fg0735","fg0190","fg0720","fg0899","fg0274","fg0540","fg0857","fg0271"
"fq001794","vx_6496172539fb2d07","fg0375","1","fg0375","fg0837","fg0696","fg0619","fg0718","fg0325","fg0406","fg0665","fg0168","fg0445","fg0020","fg0386","fg0290","fg0060","fg0021","fg0699","fg0613","fg0558","fg0594","fg0852"
"fq001795","vx_6496172539fb2d07","fg0375","1","fg0375","fg0837","fg0619","fg0718","fg0665","fg0655","fg0558","fg0020","fg0358","fg0386","fg0290","fg0060","fg0046","fg0696","fg0445","fg0758","fg0034","fg0325","fg0431","fg0516"
"fq001796","vx_6496172539fb2d07","fg0375","1","fg0375","fg0837","fg0718","fg0696","fg0665","fg0619","fg0445","fg0962","fg0558","fg0386","fg0290","fg0020","fg0032","fg0612","fg0974","fg0021","fg0238","fg0325","fg0655","fg0029"
"fq001797","vx_6496172539fb2d07","fg0375","2","fg0837","fg0375","fg0718","fg0386","fg0696","fg0665","fg0445","fg0655","fg0020","fg0127","fg0619","fg0798","fg0360","fg0974","fg0290","fg0964","fg0558","fg0313","fg0962","fg0325"
"fq001798","vx_6496172539fb2d07","fg0375","1","fg0375","fg0837","fg0718","fg0619","fg0962","fg0558","fg0032","fg0696","fg0325","fg0665","fg0445","fg0612","fg0386","fg0238","fg0020","fg0029","fg0419","fg0182","fg0668","fg0163"
"fq001799","vx_6496172539fb2d07","fg0375","1","fg0375","fg0837","fg0718","fg0962","fg0619","fg0558","fg0020","fg0386","fg0445","fg0325","fg0665","fg0358","fg0291","fg0131","fg0668","fg0032","fg0612","fg0758","fg0290","fg0029"
"fq001800","vx_6496172539fb2d07","fg0375","1","fg0375","fg0837","fg0718","fg0696","fg0619","fg0665","fg0445","fg0290","fg0386","fg0962","fg0558","fg0325","fg0238","fg0360","fg0974","fg0641","fg0021","fg0612","fg0029","fg0020"
"fq001801","vx_6496172539fb2d07","fg0375","2","fg0837","fg0375","fg0614","fg0431","fg0096","fg0696","fg0815","fg0111","fg0386","fg0619","fg0620","fg0777","fg0665","fg0841","fg0852","fg0823","fg0290","fg0325","fg0021","fg0282"
"fq001802","vx_6496172539fb2d07","fg0375","1","fg0375","fg0837","fg0718","fg0696","fg0619","fg0290","fg0558","fg0665","fg0020","fg0962","fg0238","fg0032","fg0325","fg0394","fg0419","fg0386","fg0612","fg0406","fg0668","fg0029"
"fq001803","vx_6496172539fb2d07","fg0375","2","fg0837","fg0375","fg0718","fg0696","fg0665","fg0962","fg0619","fg0386","fg0290","fg0558","fg0325","fg0020","fg0445","fg0032","fg0394","fg0238","fg0752","fg0360","fg0029","fg0163"
"fq001804","vx_6496172539fb2d07","fg0375","2","fg0837","fg0375","fg0718","fg0619","fg0558","fg0962","fg0032","fg0238","fg0696","fg0325","fg0290","fg0386","fg0182","fg0612","fg0665","fg0020","fg0419","fg0668","fg0445","fg0758"
"fq001805","vx_6496172539fb2d07","fg0375","1","fg0375","fg0837","fg0718","fg0558","fg0010","fg0962","fg0696","fg0290","fg0619","fg0665","fg0020","fg0032","fg0021","fg0111","fg0358","fg0394","fg0386","fg0445","fg0758","fg0490"
"fq001806","vx_6496172539fb2d07","fg0375","1","fg0375","fg0837","fg0718","fg0696","fg0619","fg0665","fg0445","fg0325","fg0558","fg0386","fg0032","fg0962","fg0406","fg0290","fg0020","fg0021","fg0612","fg0394","fg0238","fg0419"
"fq001807","vx_76406c76acb060ee","fg0376","1","fg0376","fg0642","fg0390","fg0690","fg0181","fg0584","fg0527","fg0719","fg0035","fg0742","fg0205","fg0968","fg0821","fg0051","fg0587","fg0662","fg0097","fg0267","fg0382","fg0430"
"fq001808","vx_76406c76acb060ee","fg0376","1","fg0376","fg0690","fg0051","fg0181","fg0968","fg0595","fg0390","fg0742","fg0205","fg0097","fg0562","fg0182","fg0785","fg0899","fg0879","fg0662","fg0286","fg0584","fg0642","fg0387"
"fq001809","vx_76406c76acb060ee","fg0376","1","fg0376","fg0051","fg0181","fg0527","fg0742","fg0662","fg0424","fg0821","fg0035","fg0587","fg0968","fg0625","fg0390","fg0642","fg0060","fg0690","fg0661","fg0758","fg0097","fg0595"
"fq001810","vx_76406c76acb060ee","fg0376","1","fg0376","fg0968","fg0051","fg0595","fg0181","fg0390","fg0690","fg0719","fg0785","fg0742","fg0205","fg0642","fg0733","fg0387","fg0544","fg0233","fg0899","fg0587","fg0286","fg0661"
"fq001811","vx_76406c76acb060ee","fg0376","1","fg0376","fg0968","fg0595","fg0690","fg0181","fg0051","fg0205","fg0390","fg0785","fg0719","fg0839","fg0112","fg0215","fg0286","fg0625","fg0733","fg0662","fg0562","fg0899","fg0544"
"fq001812","vx_76406c76acb060ee","fg0376","1","fg0376","fg0968","fg0595","fg0690","fg0051","fg0390","fg0286","fg0112","fg0215","fg0785","fg0773","fg0181","fg0899","fg0205","fg0097","fg0348","fg0719","fg0233","fg0839","fg0328"
"fq001813","vx_76406c76acb060ee","fg0376","1","fg0376","fg0968","fg0690","fg0051","fg0595","fg0205","fg0181","fg0097","fg0387","fg0562","fg0348","fg0587","fg0742","fg0215","fg0719","fg0390","fg0422","fg0839","fg0773","fg0662"
"fq001814","vx_76406c76acb060ee","fg0376","1","fg0376","fg0051","fg0181","fg0035","fg0362","fg0968","fg0642","fg0742","fg0331","fg0060","fg0595","fg0719","fg0662","fg0390","fg0825","fg0690","fg0775","fg0276","fg0584","fg0017"
"fq001815","vx_76406c76acb060ee","fg0376","1","fg0376","fg0968","fg0719","fg0690","fg0051","fg0390","fg0181","fg0595","fg0839","fg0625","fg0387","fg0771","fg0642","fg0519","fg0661","fg0649","fg0205","fg0785","fg0758","fg0097"
"fq001816","vx_76406c76acb060ee","fg0376","1","fg0376","fg0968","fg0690","fg0595","fg0051","fg0390","fg0181","fg0719","fg0742","fg0955","fg0097","fg0642","fg0839","fg0387","fg0785","fg0733","fg0205","fg0286","fg0584","fg0402"
"fq001817","vx_76406c76acb060ee","fg0376","1","fg0376","fg0968","fg0286","fg0181","fg0690","fg0051","fg0112","fg0205","fg0595","fg0719","fg0215","fg0390","fg0662","fg0742","fg0839","fg0771","fg0661","fg0773","fg0348","fg0288"
"fq001818","vx_76406c76acb060ee","fg0376","1","fg0376","fg0968","fg0690","fg0181","fg0595","fg0051","fg0390","fg0839","fg0387","fg0785","fg0742","fg0205","fg0625","fg0286","fg0662","fg0215","fg0233","fg0562","fg0097","fg0719"
"fq001819","vx_374951c7b6e7facc","fg0377","1","fg0377","fg0449","fg0850","fg0945","fg0799","fg0370","fg0655","fg0272","fg0600","fg0660","fg0335","fg0730","fg0250","fg0996","fg0871","fg0851","fg0288","fg0737","fg0227","fg0006"
"fq001820","vx_374951c7b6e7facc","fg0377","1","fg0377","fg0449","fg0799","fg0335","fg0945","fg0600","fg0850","fg0655","fg0193","fg0744","fg0660","fg0272","fg0644","fg0288","fg0370","fg0871","fg0730","fg0250","fg0996","fg0242"
"fq001821","vx_374951c7b6e7facc","fg0377","1","fg0377","fg0449","fg0945","fg0272","fg0722","fg0799","fg0850","fg0335","fg0288","fg0996","fg0730","fg0655","fg0219","fg0638","fg0250","fg0227","fg0660","fg0735","fg0341","fg0192"
"fq001822","vx_374951c7b6e7facc","fg0377","1","fg0377","fg0449","fg0945","fg0288","fg0850","fg0799","fg0272","fg0335","fg0370","fg0744","fg0655","fg0600","fg0337","fg0543","fg0250","fg0083","fg0219","fg0660","fg0646","fg0242"
"fq001823","vx_374951c7b6e7facc","fg0377","1","fg0377","fg0449","fg0799","fg0850","fg0945","fg0730","fg0335","fg0655","fg0370","fg0288","fg0871","fg0600","fg0737","fg0996","fg0644","fg0250","fg0646","fg0744","fg0219","fg0272"
"fq001824","vx_374951c7b6e7facc","fg0377","1","fg0377","fg0449","fg0945","fg0335","fg0272","fg0850","fg0799","fg0288","fg0370","fg0655","fg0730","fg0871","fg0451","fg0193","fg0660","fg0996","fg0165","fg0886","fg0378","fg0296"
"fq001825","vx_ad3741eb19941ef8","fg0378","1","fg0378","fg0232","fg0425","fg0608","fg0818","fg0751","fg0929","fg0243","fg0120","fg0952","fg0333","fg1000","fg0194","fg0932","fg0360","fg0761","fg0586","fg0366","fg0892","fg0958"
"fq001826","vx_ad3741eb19941ef8","fg0378","1","fg0378","fg0243","fg0441","fg0360","fg0327","fg0232","fg0177","fg0324","fg0892","fg0770","fg0108","fg0818","fg0366","fg0751","fg0425","fg0148","fg0827","fg0929","fg0154","fg0857"
"fq001827","vx_af4aaed645519b82","fg0379","1","fg0379","fg0748","fg0425","fg0827","fg0526","fg0881","fg0243","fg0041","fg0068","fg0242","fg0717","fg0845","fg0206","fg0766","fg0504","fg0127","fg0332","fg0357","fg0047","fg0236"
"fq001828","vx_af4aaed645519b82","fg0379","1","fg0379","fg0748","fg0827","fg0047","fg0243","fg0526","fg0881","fg0425","fg0708","fg0183","fg0385","fg0171","fg0670","fg0553","fg0068","fg0206","fg0499","fg0482","fg0360","fg0548"
"fq001829","vx_af4aaed645519b82","fg0379","1","fg0379","fg0748","fg0526","fg0827","fg0425","fg0881","fg0243","fg0068","fg0047","fg0499","fg0360","fg0553","fg0845","fg0482","fg0183","fg0514","fg0332","fg0385","fg0206","fg0265"
"fq001830","vx_af4aaed645519b82","fg0379","1","fg0379","fg0748","fg0881","fg0827","fg0526","fg0425","fg0047","fg0243","fg0708","fg0068","fg0041","fg0670","fg0766","fg0236","fg0717","fg0183","fg0845","fg0360","fg0206","fg0482"
"fq001831","vx_af4aaed645519b82","fg0379","1","fg0379","fg0748","fg0827","fg0881","fg0425","fg0243","fg0242","fg0717","fg0236","fg0068","fg0526","fg0845","fg0504","fg0360","fg0516","fg0206","fg0708","fg0670","fg0127","fg0041"
"fq001832","vx_af4aaed645519b82","fg0379","1","fg0379","fg0748","fg0881","fg0243","fg0526","fg0827","fg0425","fg0041","fg0482","fg0553","fg0236","fg0068","fg0047","fg0183","fg0499","fg0171","fg0845","fg0265","fg0766","fg0206"
"fq001833","vx_af4aaed645519b82","fg0379","1","fg0379","fg0748","fg0827","fg0425","fg0526","fg0881","fg0243","fg0068","fg0845","fg0717","fg0041","fg0708","fg0360","fg0047","fg0236","fg0766","fg0499","fg0332","fg0242","fg0482"
"fq001834","vx_af4aaed645519b82","fg0379","1","fg0379","fg0748","fg0881","fg0827","fg0243","fg0425","fg0708","fg0526","fg0183","fg0068","fg0385","fg0047","fg0670","fg0717","fg0206","fg0482","fg0499","fg0553","fg0845","fg0360"
"fq001835","vx_af4aaed645519b82","fg0379","1","fg0379","fg0748","fg0827","fg0881","fg0425","fg0526","fg0068","fg0717","fg0243","fg0708","fg0845","fg0047","fg0236","fg0041","fg0670","fg0766","fg0206","fg0242","fg0357","fg0332"
"fq001836","vx_af4aaed645519b82","fg0379","1","fg0379","fg0748","fg0881","fg0827","fg0425","fg0526","fg0243","fg0206","fg0499","fg0068","fg0047","fg0553","fg0357","fg0242","fg0482","fg0717","fg0183","fg0845","fg0360","fg0883"
"fq001837","vx_af4aaed645519b82","fg0379","1","fg0379","fg0748","fg0827","fg0425","fg0881","fg0526","fg0068","fg0243","fg0206","fg0242","fg0717","fg0845","fg0041","fg0499","fg0047","fg0766","fg0183","fg0360","fg0670","fg0127"
"fq001838","vx_af4aaed645519b82","fg0379","1","fg0379","fg0827","fg0748","fg0881","fg0425","fg0717","fg0068","fg0708","fg0236","fg0242","fg0516","fg0526","fg0845","fg0504","fg0206","fg0670","fg0047","fg0041","fg0553","fg0149"
"fq001839","vx_af4aaed645519b82","fg0379","1","fg0379","fg0748","fg0526","fg0827","fg0425","fg0881","fg0047","fg0243","fg0068","fg0708","fg0171","fg0385","fg0041","fg0845","fg0670","fg0766","fg0236","fg0717","fg0332","fg0183"
"fq001840","vx_af4aaed645519b82","fg0379","1","fg0379","fg0748","fg0881","fg0827","fg0425","fg0526","fg0068","fg0243","fg0047","fg0766","fg0845","fg0708","fg0717","fg0670","fg0041","fg0360","fg0236","fg0482","fg0385","fg0516"
"fq001841","vx_a98f6867cbab29bb","fg0380","1","fg0380","fg0610","fg0504","fg0134","fg0963","fg0721","fg0725","fg0003","fg0694","fg0081","fg0760","fg0215","fg0758","fg0622","fg0679","fg0429","fg0295","fg0701","fg0908","fg0667"
"fq001842","vx_a98f6867cbab29bb","fg0380","1","fg0380","fg0610","fg0504","fg0003","fg0694","fg0622","fg0725","fg0689","fg0721","fg0783","fg0963","fg0134","fg0758","fg0002","fg0041","fg0383","fg0744","fg0420","fg0240","fg0111"
"fq001843","vx_a98f6867cbab29bb","fg0380","1","fg0380","fg0610","fg0504","fg0725","fg0758","fg0252","fg0488","fg0003","fg0694","fg0215","fg0635","fg0622","fg0002","fg0134","fg0420","fg0295","fg0963","fg0139","fg0721","fg0783"
"fq001844","vx_a98f6867cbab29bb","fg0380","1","fg0380","fg0610","fg0504","fg0694","fg0622","fg0783","fg0002","fg0725","fg0252","fg0003","fg0963","fg0758","fg0721","fg0635","fg0114","fg0881","fg0134","fg0295","fg0744","fg0760"
"fq001845","vx_a98f6867cbab29bb","fg0380","1","fg0380","fg0610","fg0504","fg0134","fg0429","fg0003","fg0721","fg0963","fg0081","fg0252","fg0701","fg0694","fg0420","fg0622","fg0689","fg0353","fg0002","fg0783","fg0215","fg0231"
"fq001846","vx_a98f6867cbab29bb","fg0380","1","fg0380","fg0610","fg0488","fg0635","fg0420","fg0504","fg0134","fg0252","fg0725","fg0758","fg0534","fg0295","fg0215","fg0694","fg0622","fg0963","fg0456","fg0480","fg0383","fg0294"
"fq001847","vx_c9249ad52efd2498","fg0381","1","fg0381","fg0464","fg0407","fg0618","fg0727","fg0736","fg0883","fg0269","fg0795","fg0321","fg0816","fg0148","fg0169","fg0634","fg0440","fg0676","fg0304","fg0598","fg0194","fg0476"
"fq001848","vx_c9249ad52efd2498","fg0381","1","fg0381","fg0727","fg0169","fg0148","fg0676","fg0321","fg0816","fg0736","fg0464","fg0634","fg0795","fg0193","fg0269","fg0194","fg0883","fg0054","fg0618","fg0506","fg0145","fg0061"
"fq001849","vx_83005e636bad9e3f","fg0382","1","fg0382","fg0069","fg0494","fg0813","fg0082","fg0538","fg0642","fg0956","fg0338","fg0638","fg0719","fg0530","fg0472","fg0891","fg0475","fg0421","fg0831","fg0190","fg0939","fg0096"
"fq001850","vx_83005e636bad9e3f","fg0382","1","fg0382","fg0082","fg0719","fg0638","fg0642","fg0573","fg0538","fg0472","fg0956","fg0939","fg0889","fg0475","fg0711","fg0421","fg0338","fg0791","fg0069","fg0510","fg0891","fg0895"
"fq001851","vx_7e0bc5dbddef19de","fg0383","1","fg0383","fg0881","fg0083","fg0744","fg0622","fg0352","fg0782","fg0838","fg0087","fg0142","fg0759","fg0718","fg0080","fg0545","fg0644","fg0077","fg0914","fg0246","fg0203","fg0867"
"fq001852","vx_28d015ec5b4d7bce","fg0384","1","fg0384","fg0598","fg0046","fg0965","fg0468","fg0568","fg0676","fg0341","fg0979","fg0986","fg0606","fg0764","fg0254","fg0370","fg0818","fg0977","fg0804","fg0428","fg0412","fg0012"
"fq001853","vx_28d015ec5b4d7bce","fg0384","1","fg0384","fg0965","fg0568","fg0598","fg0979","fg0468","fg0254","fg0676","fg0341","fg0370","fg0710","fg0764","fg0977","fg0730","fg0412","fg0012","fg0335","fg0573","fg0874","fg0871"
"fq001854","vx_607e851eab341ec2","fg0385","1","fg0385","fg0158","fg0482","fg0339","fg0379","fg0068","fg0062","fg0305","fg0047","fg0776","fg0008","fg0881","fg0708","fg0786","fg0901","fg0949","fg0145","fg0509","fg0979","fg0581"
"fq001855","vx_607e851eab341ec2","fg0385","1","fg0385","fg0339","fg0158","fg0949","fg0482","fg0845","fg0008","fg0786","fg0379","fg0047","fg0222","fg0068","fg0062","fg0901","fg0709","fg0305","fg0455","fg0881","fg0708","fg0581"
"fq001856","vx_607e851eab341ec2","fg0385","1","fg0385","fg0158","fg0339","fg0482","fg0062","fg0408","fg0881","fg0581","fg0709","fg0453","fg0087","fg0144","fg0766","fg0068","fg0480","fg0786","fg0870","fg0261","fg0892","fg0949"
"fq001857","vx_607e851eab341ec2","fg0385","1","fg0385","fg0158","fg0881","fg0339","fg0482","fg0087","fg0062","fg0581","fg0408","fg0453","fg0892","fg0766","fg0709","fg0144","fg0626","fg0480","fg0863","fg0178","fg0744","fg0305"
"fq001858","vx_607e851eab341ec2","fg0385","1","fg0385","fg0158","fg0339","fg0482","fg0062","fg0881","fg0087","fg0408","fg0581","fg0709","fg0144","fg0766","fg0068","fg0480","fg0453","fg0892","fg0949","fg0845","fg0008","fg0305"
"fq001859","vx_607e851eab341ec2","fg0385","1","fg0385","fg0158","fg0482","fg0062","fg0087","fg0339","fg0881","fg0408","fg0581","fg0453","fg0892","fg0766","fg0709","fg0068","fg0480","fg0144","fg0305","fg0594","fg0178","fg0360"
"fq001860","vx_607e851eab341ec2","fg0385","1","fg0385","fg0996","fg0353","fg0407","fg0850","fg0799","fg0845","fg0339","fg0678","fg0949","fg0737","fg0453","fg0094","fg0452","fg0502","fg0802","fg0786","fg0206","fg0370","fg0136"
"fq001861","vx_607e851eab341ec2","fg0385","1","fg0385","fg0482","fg0158","fg0949","fg0339","fg0845","fg0222","fg0068","fg0037","fg0379","fg0047","fg0261","fg0455","fg0786","fg0062","fg0788","fg0750","fg0036","fg0776","fg0264"
"fq001862","vx_5583f1d6f029dd30","fg0386","1","fg0386","fg0806","fg0657","fg0513","fg0935","fg0325","fg0837","fg0614","fg0731","fg0699","fg0406","fg0772","fg0290","fg0907","fg0020","fg0745","fg0847","fg0443","fg0665","fg0022"
"fq001863","vx_5583f1d6f029dd30","fg0386","1","fg0386","fg0806","fg0657","fg0513","fg0907","fg0935","fg0699","fg0669","fg0837","fg0614","fg0745","fg0406","fg0325","fg0387","fg0920","fg0290","fg0020","fg0847","fg0772","fg0091"
"fq001864","vx_d5e7cdfcef61e8d4","fg0387","1","fg0387","fg0745","fg0287","fg0568","fg0345","fg0063","fg0655","fg0651","fg0968","fg0758","fg0346","fg0258","fg0706","fg0947","fg0187","fg0215","fg0386","fg0286","fg0595","fg0917"
"fq001865","vx_473cb714695f5fcb","fg0388","1","fg0388","fg0123","fg0298","fg0155","fg0503","fg0001","fg0778","fg0211","fg0885","fg0824","fg0241","fg0587","fg0936","fg0238","fg0397","fg0106","fg0275","fg0577","fg0962","fg0881"
"fq001866","vx_473cb714695f5fcb","fg0388","1","fg0388","fg0298","fg0155","fg0778","fg0503","fg0123","fg0001","fg0885","fg0170","fg0622","fg0824","fg0962","fg0238","fg0768","fg0587","fg0211","fg0936","fg0578","fg0744","fg0082"
"fq001867","vx_fdb85aaeda667bd2","fg0389","1","fg0389","fg0523","fg0495","fg0433","fg0893","fg0931","fg0699","fg0652","fg0998","fg0206","fg0225","fg0504","fg0802","fg0795","fg0867","fg0600","fg0525","fg0920","fg0102","fg0817"
"fq001868","vx_fdb85aaeda667bd2","fg0389","1","fg0389","fg0865","fg0327","fg0893","fg0496","fg0523","fg0495","fg0734","fg0569","fg0392","fg0884","fg0699","fg0151","fg0559","fg0572","fg0451","fg0574","fg0795","fg0931","fg0299"
"fq001869","vx_44b5c681d4b81a70","fg0390","1","fg0390","fg0462","fg0284","fg0119","fg0376","fg0045","fg0642","fg0613","fg0383","fg0097","fg0896","fg0849","fg0406","fg0699","fg0080","fg0519","fg0352","fg0152","fg0632","fg0499"
"fq001870","vx_1190abd0d8a45812","fg0391","1","fg0391","fg0322","fg0138","fg0534","fg0175","fg0499","fg0907","fg0141","fg0491","fg0067","fg0164","fg0096","fg0849","fg0002","fg0306","fg0935","fg0623","fg0901","fg0861","fg0020"
"fq001871","vx_1190abd0d8a45812","fg0391","1","fg0391","fg0534","fg0322","fg0499","fg0138","fg0253","fg0175","fg0002","fg0306","fg0141","fg0907","fg0725","fg0542","fg0067","fg0554","fg0096","fg0491","fg0623","fg0935","fg0164"
"fq001872","vx_1190abd0d8a45812","fg0391","1","fg0391","fg0322","fg0138","fg0534","fg0499","fg0175","fg0253","fg0306","fg0542","fg0067","fg0002","fg0907","fg0141","fg0164","fg0360","fg0916","fg0096","fg0623","fg0491","fg0849"
"fq001873","vx_1190abd0d8a45812","fg0391","1","fg0391","fg0322","fg0138","fg0534","fg0499","fg0253","fg0175","fg0306","fg0002","fg0141","fg0542","fg0907","fg0067","fg0096","fg0725","fg0491","fg0623","fg0360","fg0290","fg0916"
"fq001874","vx_1190abd0d8a45812","fg0391","1","fg0391","fg0322","fg0534","fg0138","fg0499","fg0175","fg0253","fg0067","fg0907","fg0002","fg0306","fg0554","fg0096","fg0491","fg0725","fg0141","fg0916","fg0542","fg0623","fg0935"
"fq001875","vx_1190abd0d8a45812","fg0391","1","fg0391","fg0322","fg0138","fg0534","fg0175","fg0499","fg0141","fg0253","fg0067","fg0002","fg0306","fg0907","fg0164","fg0096","fg0491","fg0623","fg0725","fg0916","fg0542","fg0849"
"fq001876","vx_1190abd0d8a45812","fg0391","1","fg0391","fg0322","fg0534","fg0138","fg0499","fg0253","fg0175","fg0002","fg0306","fg0907","fg0542","fg0141","fg0067","fg0096","fg0935","fg0554","fg0360","fg0916","fg0725","fg0164"
"fq001877","vx_fdea9061f1649050","fg0392","1","fg0392","fg0439","fg0667","fg0416","fg0868","fg0118","fg0403","fg0574","fg0960","fg0903","fg0693","fg0495","fg0093","fg0661","fg0733","fg0244","fg0299","fg0771","fg0131","fg0019"
"fq001878","vx_63a4c4f60d04169d","fg0393","1","fg0393","fg0223","fg0228","fg0943","fg0534","fg0725","fg0505","fg0424","fg0402","fg0106","fg0526","fg0624","fg0548","fg0692","fg0766","fg0591","fg0686","fg0746","fg0324","fg0073"
"fq001879","vx_63a4c4f60d04169d","fg0393","1","fg0393","fg0228","fg0223","fg0725","fg0943","fg0402","fg0534","fg0505","fg0746","fg0554","fg0692","fg0955","fg0918","fg0624","fg0324","fg0106","fg0488","fg0424","fg0923","fg0907"
"fq001880","vx_63a4c4f60d04169d","fg0393","1","fg0393","fg0228","fg0223","fg0943","fg0424","fg0725","fg0505","fg0534","fg0402","fg0746","fg0624","fg0692","fg0079","fg0918","fg0106","fg0058","fg0766","fg0554","fg0686","fg0488"
"fq001881","vx_63a4c4f60d04169d","fg0393","1","fg0393","fg0228","fg0223","fg0402","fg0725","fg0505","fg0534","fg0943","fg0955","fg0746","fg0624","fg0106","fg0692","fg0554","fg0918","fg0488","fg0907","fg0324","fg0073","fg0112"
"fq001882","vx_63a4c4f60d04169d","fg0393","1","fg0393","fg0228","fg0223","fg0402","fg0725","fg0505","fg0534","fg0943","fg0955","fg0746","fg0624","fg0554","fg0106","fg0692","fg0324","fg0488","fg0918","fg0073","fg0079","fg0142"
"fq001883","vx_63a4c4f60d04169d","fg0393","1","fg0393","fg0228","fg0223","fg0943","fg0402","fg0534","fg0725","fg0505","fg0424","fg0746","fg0692","fg0955","fg0324","fg0554","fg0488","fg0918","fg0106","fg0526","fg0624","fg0820"
"fq001884","vx_63a4c4f60d04169d","fg0393","1","fg0393","fg0223","fg0228","fg0943","fg0424","fg0505","fg0725","fg0534","fg0402","fg0746","fg0624","fg0079","fg0058","fg0766","fg0106","fg0918","fg0692","fg0686","fg0126","fg0907"
"fq001885","vx_e252e2afc60f5037","fg0394","6","fg0749","fg0188","fg0922","fg0536","fg0887","fg0394","fg0498","fg0760","fg0602","fg0638","fg0250","fg0551","fg0225","fg0406","fg0574","fg0727","fg0064","fg0489","fg0395","fg0613"
"fq001886","vx_f5e9277b4b2ebb19","fg0395","1","fg0395","fg0538","fg0557","fg0442","fg0922","fg0446","fg0895","fg0956","fg0197","fg0786","fg0638","fg0262","fg0493","fg0165","fg0848","fg0618","fg0451","fg0307","fg0510","fg0469"
"fq001887","vx_f5e9277b4b2ebb19","fg0395","1","fg0395","fg0922","fg0638","fg0262","fg0471","fg0895","fg0830","fg0446","fg0760","fg0749","fg0018","fg0767","fg0956","fg0133","fg0538","fg0307","fg0451","fg0541","fg0851","fg0108"
"fq001888","vx_50b14c6bbdb049a9","fg0396","1","fg0396","fg0089","fg0394","fg0589","fg0026","fg0229","fg0290","fg0406","fg0269","fg0010","fg0108","fg0168","fg0210","fg0887","fg0608","fg0283","fg0929","fg0227","fg0457","fg0970"
"fq001889","vx_319f26fc339593b5","fg0397","1","fg0397","fg0211","fg0082","fg0947","fg0573","fg0982","fg0438","fg0941","fg0039","fg0942","fg0334","fg0544","fg0730","fg0059","fg0173","fg0228","fg0972","fg0589","fg0907","fg0843"
"fq001890","vx_f8aa7c7ac836c8fc","fg0398","1","fg0398","fg0835","fg0973","fg0411","fg0256","fg0967","fg0793","fg0588","fg0246","fg0888","fg0474","fg0594","fg0334","fg0262","fg0297","fg0789","fg0082","fg0350","fg0533","fg0857"
"fq001891","vx_c0d9f6dede90d058","fg0399","1","fg0399","fg0291","fg0078","fg0762","fg0896","fg0145","fg0114","fg0227","fg0424","fg0407","fg0412","fg0922","fg0520","fg0572","fg0316","fg0618","fg0741","fg0802","fg0655","fg0712"
"fq001892","vx_c0d9f6dede90d058","fg0399","1","fg0399","fg0896","fg0291","fg0204","fg0721","fg0762","fg0112","fg0078","fg0655","fg0328","fg0712","fg0693","fg0390","fg0329","fg0572","fg0877","fg0058","fg0424","fg0145","fg0114"
"fq001893","vx_c0d9f6dede90d058","fg0399","1","fg0399","fg0291","fg0762","fg0114","fg0896","fg0572","fg0145","fg0494","fg0204","fg0078","fg0058","fg0655","fg0520","fg0802","fg0402","fg0693","fg0227","fg0119","fg0721","fg0741"
"fq001894","vx_c0d9f6dede90d058","fg0399","1","fg0399","fg0291","fg0114","fg0204","fg0655","fg0078","fg0762","fg0145","fg0896","fg0402","fg0741","fg0227","fg0721","fg0624","fg0802","fg0520","fg0494","fg0922","fg0660","fg0412"
"fq001895","vx_762cb25e676eecf6","fg0400","1","fg0400","fg0617","fg0545","fg0828","fg0256","fg0246","fg0216","fg0577","fg0119","fg0235","fg0704","fg0884","fg0846","fg0073","fg0792","fg0888","fg0547","fg0434","fg0202","fg0435"
"fq001896","vx_6082bdea9efc8a78","fg0401","1","fg0401","fg0012","fg0085","fg0698","fg0318","fg0133","fg0749","fg0299","fg0342","fg0018","fg0147","fg0630","fg0922","fg0468","fg0671","fg0795","fg0596","fg0296","fg0403","fg0599"
"fq001897","vx_6082bdea9efc8a78","fg0401","1","fg0401","fg0085","fg0342","fg0012","fg0698","fg0922","fg0749","fg0507","fg0589","fg0147","fg0804","fg0403","fg0296","fg0671","fg0596","fg0341","fg0133","fg0270","fg0468","fg0858"
"fq001898","vx_6082bdea9efc8a78","fg0401","1","fg0401","fg0085","fg0012","fg0342","fg0403","fg0671","fg0318","fg0698","fg0133","fg0507","fg0922","fg0147","fg0749","fg0596","fg0299","fg0296","fg0512","fg0630","fg0589","fg0667"
"fq001899","vx_6082bdea9efc8a78","fg0401","1","fg0401","fg0085","fg0698","fg0012","fg0342","fg0318","fg0133","fg0589","fg0468","fg0993","fg0804","fg0507","fg0341","fg0596","fg0749","fg0795","fg0018","fg0110","fg0922","fg0147"
"fq001900","vx_6082bdea9efc8a78","fg0401","1","fg0401","fg0012","fg0085","fg0698","fg0468","fg0318","fg0342","fg0507","fg0133","fg0341","fg0993","fg0596","fg0804","fg0599","fg0795","fg0981","fg0543","fg0299","fg0589","fg0110"
"fq001901","vx_6082bdea9efc8a78","fg0401","1","fg0401","fg0085","fg0012","fg0342","fg0922","fg0698","fg0804","fg0589","fg0596","fg0749","fg0133","fg0403","fg0318","fg0147","fg0407","fg0599","fg0468","fg0469","fg0507","fg0671"
"fq001902","vx_6082bdea9efc8a78","fg0401","1","fg0401","fg0302","fg0296","fg0342","fg0667","fg0299","fg0512","fg0403","fg0085","fg0507","fg0407","fg0832","fg0323","fg0596","fg0671","fg0353","fg0497","fg0854","fg0992","fg0012"
"fq001903","vx_6082bdea9efc8a78","fg0401","1","fg0401","fg0085","fg0342","fg0922","fg0012","fg0749","fg0698","fg0403","fg0804","fg0596","fg0296","fg0589","fg0147","fg0133","fg0407","fg0671","fg0989","fg0507","fg0599","fg0469"
"fq001904","vx_dfc97d48364e8919","fg0402","1","fg0402","fg0746","fg0259","fg0393","fg0112","fg0499","fg0725","fg0817","fg0804","fg0649","fg0534","fg0301","fg0073","fg0505","fg0023","fg0711","fg0955","fg0709","fg0488","fg0583"
"fq001905","vx_69302c9990bbc0a0","fg0403","1","fg0403","fg0299","fg0667","fg0729","fg0355","fg0151","fg0671","fg0559","fg0147","fg0525","fg0083","fg0225","fg0810","fg0302","fg0240","fg0721","fg0108","fg0407","fg0231","fg0760"
"fq001906","vx_69302c9990bbc0a0","fg0403","1","fg0403","fg0667","fg0299","fg0671","fg0729","fg0355","fg0302","fg0147","fg0225","fg0151","fg0721","fg0240","fg0407","fg0525","fg0500","fg0559","fg0400","fg0083","fg0760","fg0810"
"fq001907","vx_f3d1fa5a4419c015","fg0404","1","fg0404","fg0263","fg0716","fg0623","fg0956","fg0337","fg0475","fg0532","fg0338","fg0898","fg0783","fg0791","fg0015","fg0098","fg0039","fg0620","fg0347","fg0282","fg0230","fg0382"
"fq001908","vx_c41ab6e031456cff","fg0405","1","fg0405","fg0508","fg0127","fg0423","fg0547","fg0563","fg0168","fg0691","fg0802","fg0111","fg0810","fg0600","fg0092","fg0262","fg0066","fg0064","fg0102","fg0849","fg0137","fg0594"
"fq001909","vx_f25c99f3da2fcc23","fg0406","1","fg0406","fg0920","fg0887","fg0699","fg0772","fg0632","fg0154","fg0056","fg0396","fg0542","fg0290","fg0950","fg0431","fg0593","fg0135","fg0961","fg0029","fg0945","fg0657","fg0423"
"fq001910","vx_f25c99f3da2fcc23","fg0406","1","fg0406","fg0920","fg0887","fg0699","fg0396","fg0665","fg0542","fg0168","fg0657","fg0285","fg0056","fg0513","fg0445","fg0632","fg0772","fg0749","fg0032","fg0841","fg0593","fg0064"
"fq001911","vx_358152b150f231a3","fg0407","1","fg0407","fg0667","fg0302","fg0403","fg0452","fg0353","fg0299","fg0296","fg0721","fg0854","fg0618","fg0832","fg0734","fg0651","fg0741","fg0440","fg0502","fg0250","fg0649","fg0599"
"fq001912","vx_12997affbf40e696","fg0408","1","fg0408","fg0144","fg0626","fg0158","fg0602","fg0831","fg0253","fg0243","fg0748","fg0776","fg0229","fg0834","fg0456","fg0775","fg0583","fg0477","fg0585","fg0615","fg0432","fg0507"
"fq001913","vx_12997affbf40e696","fg0408","1","fg0408","fg0144","fg0626","fg0158","fg0243","fg0602","fg0776","fg0748","fg0253","fg0834","fg0583","fg0831","fg0585","fg0456","fg0615","fg0013","fg0327","fg0447","fg0477","fg0645"
"fq001914","vx_12997affbf40e696","fg0408","2","fg0144","fg0408","fg0626","fg0871","fg0357","fg0598","fg0291","fg0883","fg0953","fg0158","fg0151","fg0068","fg0384","fg0832","fg0655","fg0710","fg0046","fg0037","fg0261","fg0507"
"fq001915","vx_12997affbf40e696","fg0408","1","fg0408","fg0144","fg0626","fg0158","fg0602","fg0243","fg0776","fg0831","fg0748","fg0229","fg0253","fg0834","fg0385","fg0150","fg0447","fg0585","fg0456","fg0172","fg0938","fg0583"
"fq001916","vx_67a2a536d116899a","fg0409","1","fg0409","fg0685","fg0813","fg0415","fg0725","fg0531","fg0617","fg0984","fg0780","fg0268","fg0008","fg0693","fg0590","fg0724","fg0006","fg0697","fg0597","fg0859","fg0432","fg0894"
"fq001917","vx_67a2a536d116899a","fg0409","1","fg0409","fg0984","fg0415","fg0813","fg0685","fg0617","fg0724","fg0268","fg0894","fg0725","fg0006","fg0065","fg0693","fg0008","fg0590","fg0780","fg0697","fg0890","fg0531","fg0526"
"fq001918","vx_0e2e12e80e5eb8e4","fg0410","1","fg0410","fg0170","fg0819","fg0702","fg0523","fg0309","fg0798","fg0977","fg0820","fg0948","fg0844","fg0363","fg0009","fg0454","fg0665","fg0818","fg0457","fg0742","fg0176","fg0817"
"fq001919","vx_0f44f725d0bcfc6c","fg0411","1","fg0411","fg0398","fg0835","fg0973","fg0588","fg0334","fg0256","fg0297","fg0793","fg0967","fg0533","fg0262","fg0888","fg0298","fg0001","fg0630","fg0535","fg0789","fg0885","fg0474"
"fq001920","vx_ad2ee349ea70663b","fg0412","1","fg0412","fg0370","fg0316","fg0845","fg0710","fg0753","fg0384","fg0231","fg0615","fg0732","fg0006","fg0870","fg0894","fg0881","fg0764","fg0996","fg0242","fg0291","fg0818","fg0114"
"fq001921","vx_ad2ee349ea70663b","fg0412","1","fg0412","fg0615","fg0845","fg0316","fg0231","fg0242","fg0881","fg0870","fg0732","fg0384","fg0818","fg0370","fg0710","fg0750","fg0006","fg0764","fg0753","fg0041","fg0928","fg0898"
"fq001922","vx_ad2ee349ea70663b","fg0412","1","fg0412","fg0316","fg0845","fg0071","fg0242","fg0370","fg0881","fg0750","fg0732","fg0258","fg0615","fg0384","fg0231","fg0818","fg0078","fg0753","fg0870","fg0063","fg0776","fg0291"
"fq001923","vx_96e16821ff2d4dcc","fg0413","1","fg0413","fg0951","fg0299","fg0543","fg0318","fg0296","fg0012","fg0671","fg0651","fg0495","fg0323","fg0906","fg0407","fg0883","fg0561","fg0933","fg0667","fg0795","fg0611","fg0596"
"fq001924","vx_96e16821ff2d4dcc","fg0413","1","fg0413","fg0318","fg0543","fg0012","fg0299","fg0323","fg0993","fg0509","fg0401","fg0561","fg0951","fg0296","fg0596","fg0645","fg0512","fg0667","fg0433","fg0895","fg0883","fg0507"
"fq001925","vx_96e16821ff2d4dcc","fg0413","1","fg0413","fg0318","fg0299","fg0012","fg0543","fg0561","fg0401","fg0993","fg0512","fg0296","fg0596","fg0795","fg0951","fg0323","fg0507","fg0667","fg0883","fg0933","fg0440","fg0407"
"fq001926","vx_486255c9ab37b0ed","fg0414","1","fg0414","fg0897","fg0285","fg0607","fg0310","fg0600","fg0589","fg0046","fg0030","fg0363","fg0278","fg0710","fg0127","fg0060","fg0702","fg0210","fg0360","fg0129","fg0916","fg0341"
"fq001927","vx_486255c9ab37b0ed","fg0414","1","fg0414","fg0127","fg0607","fg0897","fg0423","fg0046","fg0310","fg0600","fg0285","fg0589","fg0360","fg0097","fg0813","fg0129","fg0210","fg0363","fg0278","fg0994","fg0341","fg0078"
"fq001928","vx_486255c9ab37b0ed","fg0414","1","fg0414","fg0607","fg0285","fg0897","fg0310","fg0046","fg0060","fg0278","fg0210","fg0600","fg0137","fg0276","fg0423","fg0363","fg0994","fg0558","fg0112","fg0916","fg0702","fg0589"
"fq001929","vx_486255c9ab37b0ed","fg0414","1","fg0414","fg0423","fg0600","fg0897","fg0278","fg0607","fg0360","fg0310","fg0813","fg0127","fg0129","fg0589","fg0285","fg0425","fg0175","fg0046","fg0210","fg0916","fg0994","fg0137"
"fq001930","vx_486255c9ab37b0ed","fg0414","1","fg0414","fg0285","fg0607","fg0897","fg0589","fg0046","fg0310","fg0600","fg0127","fg0210","fg0286","fg0363","fg0982","fg0097","fg0137","fg0030","fg0916","fg0168","fg0423","fg0813"
"fq001931","vx_486255c9ab37b0ed","fg0414","1","fg0414","fg0897","fg0600","fg0607","fg0589","fg0285","fg0310","fg0127","fg0097","fg0423","fg0046","fg0064","fg0210","fg0813","fg0169","fg0593","fg0613","fg0168","fg0982","fg0191"
"fq001932","vx_486255c9ab37b0ed","fg0414","1","fg0414","fg0310","fg0897","fg0127","fg0607","fg0278","fg0423","fg0285","fg0600","fg0046","fg0210","fg0097","fg0363","fg0813","fg0129","fg0137","fg0205","fg0544","fg0360","fg0702"
"fq001933","vx_486255c9ab37b0ed","fg0414","1","fg0414","fg0278","fg0897","fg0363","fg0360","fg0310","fg0046","fg0129","fg0030","fg0172","fg0607","fg0229","fg0600","fg0423","fg0916","fg0496","fg0558","fg0589","fg0702","fg0778"
"fq001934","vx_aa11efa1b7434af0","fg0415","1","fg0415","fg0800","fg0025","fg0732","fg0074","fg0748","fg0984","fg0409","fg0031","fg0670","fg0456","fg0120","fg0301","fg0344","fg0101","fg0639","fg0098","fg0461","fg0564","fg0734"
"fq001935","vx_aa11efa1b7434af0","fg0415","1","fg0415","fg0409","fg0800","fg0098","fg0732","fg0984","fg0031","fg0456","fg0748","fg0301","fg0713","fg0670","fg0074","fg0015","fg0639","fg0617","fg0419","fg0853","fg0025","fg0564"
"fq001936","vx_aa11efa1b7434af0","fg0415","1","fg0415","fg0800","fg0409","fg0713","fg0098","fg0074","fg0031","fg0984","fg0301","fg0456","fg0639","fg0564","fg0419","fg0348","fg0670","fg0075","fg0734","fg0393","fg0109","fg0190"
"fq001937","vx_6a1c25f9e539d0b4","fg0416","85","fg0178","fg0916","fg0892","fg0881","fg0015","fg0482","fg0279","fg0766","fg0128","fg0569","fg0418","fg0125","fg0492","fg0811","fg0068","fg0363","fg0670","fg0515","fg0865","fg0117"
"fq001938","vx_c1f45d90227d836e","fg0417","1","fg0417","fg0029","fg0023","fg0419","fg0276","fg0025","fg0809","fg0394","fg0986","fg0203","fg0360","fg0722","fg0537","fg0699","fg0870","fg0852","fg0028","fg0290","fg0198","fg0305"
"fq001939","vx_c1f45d90227d836e","fg0417","1","fg0417","fg0029","fg0023","fg0419","fg0203","fg0025","fg0276","fg0809","fg0699","fg0986","fg0194","fg0722","fg0028","fg0290","fg0757","fg0394","fg0906","fg0360","fg0198","fg0870"
"fq001940","vx_c1f45d90227d836e","fg0417","1","fg0417","fg0023","fg0029","fg0809","fg0276","fg0419","fg0025","fg0699","fg0537","fg0203","fg0394","fg0305","fg0360","fg0756","fg0335","fg0727","fg0757","fg0406","fg0535","fg0198"
"fq001941","vx_c1f45d90227d836e","fg0417","1","fg0417","fg0029","fg0023","fg0025","fg0276","fg0419","fg0203","fg0809","fg0986","fg0394","fg0305","fg0290","fg0198","fg0870","fg0537","fg0335","fg0722","fg0360","fg0852","fg0699"
"fq001942","vx_c1f45d90227d836e","fg0417","1","fg0417","fg0023","fg0029","fg0809","fg0699","fg0276","fg0360","fg0381","fg0203","fg0537","fg0727","fg0028","fg0394","fg0025","fg0419","fg0757","fg0756","fg0335","fg0180","fg0406"
"fq001943","vx_c1f45d90227d836e","fg0417","1","fg0417","fg0029","fg0023","fg0809","fg0276","fg0419","fg0394","fg0537","fg0025","fg0203","fg0699","fg0374","fg0305","fg0360","fg0028","fg0986","fg0757","fg0756","fg0722","fg0906"
"fq001944","vx_c1f45d90227d836e","fg0417","1","fg0417","fg0029","fg0023","fg0203","fg0025","fg0194","fg0870","fg0419","fg0699","fg0809","fg0335","fg0028","fg0290","fg0986","fg0276","fg0722","fg0360","fg0180","fg0906","fg0313"
"fq001945","vx_c1f45d90227d836e","fg0417","1","fg0417","fg0029","fg0023","fg0276","fg0419","fg0809","fg0025","fg0203","fg0394","fg0986","fg0870","fg0537","fg0194","fg0699","fg0722","fg0360","fg0906","fg0290","fg0757","fg0950"
"fq001946","vx_c1f45d90227d836e","fg0417","1","fg0417","fg0029","fg0023","fg0419","fg0276","fg0699","fg0203","fg0809","fg0537","fg0198","fg0025","fg0950","fg0757","fg0305","fg0986","fg0028","fg0722","fg0394","fg0870","fg0906"
"fq001947","vx_c1f45d90227d836e","fg0417","1","fg0417","fg0029","fg0023","fg0419","fg0276","fg0537","fg0809","fg0394","fg0699","fg0757","fg0756","fg0028","fg0360","fg0203","fg0099","fg0305","fg0870","fg0362","fg0025","fg0722"
"fq001948","vx_c1f45d90227d836e","fg0417","1","fg0417","fg0029","fg0023","fg0276","fg0699","fg0870","fg0950","fg0536","fg0203","fg0809","fg0305","fg0290","fg0722","fg0986","fg0360","fg0394","fg0419","fg0028","fg0335","fg0406"
"fq001949","vx_c1f45d90227d836e","fg0417","1","fg0417","fg0029","fg0023","fg0025","fg0419","fg0870","fg0986","fg0194","fg0290","fg0722","fg0394","fg0198","fg0852","fg1000","fg0772","fg0276","fg0229","fg0699","fg0335","fg0558"
"fq001950","vx_c1f45d90227d836e","fg0417","1","fg0417","fg0029","fg0023","fg0727","fg0809","fg0203","fg0537","fg0132","fg0757","fg0305","fg0419","fg0394","fg0699","fg0360","fg0025","fg0276","fg0870","fg0281","fg0924","fg0381"
"fq001951","vx_3e47a24359a14f7e","fg0418","1","fg0418","fg0448","fg0865","fg0074","fg0279","fg0930","fg0141","fg0702","fg0492","fg0809","fg0188","fg0861","fg0662","fg0831","fg0015","fg0770","fg0470","fg0181","fg0830","fg0221"
"fq001952","vx_3e47a24359a14f7e","fg0418","1","fg0418","fg0865","fg0448","fg0074","fg0279","fg0702","fg0809","fg0141","fg0492","fg0930","fg0819","fg0770","fg0861","fg0662","fg0470","fg0188","fg0221","fg0717","fg0830","fg0216"
"fq001953","vx_21257aeb7169da7a","fg0419","1","fg0419","fg0029","fg0509","fg0652","fg0931","fg0529","fg0249","fg0444","fg0628","fg0174","fg0272","fg0961","fg0565","fg0772","fg0718","fg0147","fg0270","fg0558","fg0184","fg0140"
"fq001954","vx_21257aeb7169da7a","fg0419","1","fg0419","fg0029","fg0529","fg0635","fg0612","fg0417","fg0184","fg0023","fg0961","fg0327","fg0859","fg0873","fg0931","fg0794","fg0099","fg0652","fg0718","fg0198","fg0558","fg0154"
"fq001955","vx_7af6e6f444bcf548","fg0420","1","fg0420","fg0456","fg0101","fg0306","fg0477","fg0292","fg0774","fg0499","fg0616","fg0248","fg0937","fg0805","fg0344","fg0054","fg0113","fg0455","fg0221","fg0380","fg0720","fg0792"
"fq001956","vx_7af6e6f444bcf548","fg0420","1","fg0420","fg0456","fg0306","fg0937","fg0292","fg0616","fg0101","fg0477","fg0774","fg0499","fg0455","fg0805","fg0303","fg0265","fg0113","fg0809","fg0688","fg0248","fg0344","fg0209"
"fq001957","vx_df2cdd4786c6f50f","fg0421","1","fg0421","fg0573","fg0539","fg0260","fg0509","fg0889","fg0249","fg0713","fg0588","fg0587","fg0147","fg0749","fg0270","fg0642","fg0382","fg0411","fg0218","fg0565","fg0474","fg0769"
"fq001958","vx_df2cdd4786c6f50f","fg0421","1","fg0421","fg0539","fg0573","fg0509","fg0260","fg0147","fg0749","fg0249","fg0889","fg0588","fg0713","fg0959","fg0587","fg0411","fg0438","fg0270","fg0082","fg0035","fg0647","fg0769"
"fq001959","vx_158f5770b00f58c3","fg0422","1","fg0422","fg0424","fg0380","fg0739","fg0048","fg0763","fg0560","fg0194","fg0869","fg0882","fg0632","fg0925","fg0817","fg0376","fg0320","fg0294","fg0295","fg0660","fg0124","fg0103"
"fq001960","vx_158f5770b00f58c3","fg0422","1","fg0422","fg0632","fg0817","fg0688","fg0115","fg0869","fg0294","fg0882","fg0660","fg0380","fg0560","fg0950","fg0656","fg0638","fg0218","fg0295","fg0048","fg0985","fg0320","fg0940"
"fq001961","vx_102ea1bba205609d","fg0423","1","fg0423","fg0798","fg0547","fg0849","fg0904","fg0360","fg0175","fg0862","fg0483","fg0572","fg0711","fg0017","fg0092","fg0482","fg0014","fg0276","fg0069","fg0232","fg0600","fg0201"
"fq001962","vx_615e7ec279f2a819","fg0424","1","fg0424","fg0925","fg0693","fg0327","fg0828","fg0583","fg0238","fg0242","fg0058","fg0320","fg0927","fg0355","fg0652","fg0569","fg0393","fg0184","fg0938","fg0241","fg0972","fg0649"
"fq001963","vx_2385f2365c21e984","fg0425","1","fg0425","fg0670","fg0116","fg0818","fg0223","fg0516","fg0360","fg0518","fg0586","fg0748","fg0822","fg0330","fg0750","fg0482","fg0026","fg0423","fg0608","fg0952","fg0143","fg0797"
"fq001964","vx_2385f2365c21e984","fg0425","1","fg0425","fg0670","fg0116","fg0748","fg0516","fg0818","fg0750","fg0586","fg0330","fg0223","fg0360","fg0518","fg0482","fg0026","fg0745","fg0952","fg0255","fg0822","fg0143","fg0797"
"fq001965","vx_2385f2365c21e984","fg0425","1","fg0425","fg0330","fg0750","fg0670","fg0516","fg0106","fg0647","fg0518","fg0766","fg0026","fg0811","fg0009","fg0223","fg0232","fg0312","fg0819","fg0089","fg0818","fg0126","fg0748"
"fq001966","vx_2385f2365c21e984","fg0425","1","fg0425","fg0670","fg0116","fg0818","fg0516","fg0748","fg0586","fg0518","fg0223","fg0360","fg0750","fg0330","fg0822","fg0482","fg0423","fg0232","fg0797","fg0952","fg0608","fg0745"
"fq001967","vx_2385f2365c21e984","fg0425","1","fg0425","fg0516","fg0330","fg0750","fg0647","fg0670","fg0518","fg0009","fg0232","fg0089","fg0106","fg0026","fg0039","fg0014","fg0766","fg0312","fg0067","fg0209","fg0064","fg0223"
"fq001968","vx_2385f2365c21e984","fg0425","1","fg0425","fg0750","fg0516","fg0330","fg0106","fg0518","fg0647","fg0670","fg0009","fg0089","fg0811","fg0766","fg0223","fg0748","fg0014","fg0116","fg0421","fg0209","fg0818","fg0674"
"fq001969","vx_2385f2365c21e984","fg0425","1","fg0425","fg0516","fg0116","fg0670","fg0818","fg0748","fg0750","fg0586","fg0223","fg0330","fg0360","fg0518","fg0745","fg0026","fg0089","fg0797","fg0255","fg0046","fg0482","fg0822"
"fq001970","vx_2385f2365c21e984","fg0425","1","fg0425","fg0330","fg0516","fg0750","fg0518","fg0009","fg0647","fg0670","fg0312","fg0014","fg0223","fg0232","fg0209","fg0766","fg0064","fg0116","fg0613","fg0314","fg0818","fg0748"
"fq001971","vx_2385f2365c21e984","fg0425","1","fg0425","fg0330","fg0516","fg0750","fg0518","fg0647","fg0106","fg0223","fg0670","fg0818","fg0009","fg0811","fg0039","fg0089","fg0312","fg0766","fg0748","fg0232","fg0026","fg0025"
"fq001972","vx_2385f2365c21e984","fg0425","1","fg0425","fg0330","fg0647","fg0516","fg0750","fg0106","fg0518","fg0009","fg0232","fg0067","fg0064","fg0670","fg0089","fg0766","fg0819","fg0026","fg0228","fg0674","fg0836","fg0014"
"fq001973","vx_2385f2365c21e984","fg0425","1","fg0425","fg0330","fg0518","fg0516","fg0647","fg0750","fg0947","fg0350","fg0438","fg0811","fg0815","fg0232","fg0089","fg0106","fg0039","fg0397","fg0421","fg0064","fg0312","fg0613"
"fq001974","vx_2385f2365c21e984","fg0425","1","fg0425","fg0516","fg0670","fg0116","fg0748","fg0750","fg0818","fg0479","fg0586","fg0223","fg0026","fg0330","fg0239","fg0518","fg0909","fg0255","fg0089","fg0482","fg0143","fg0797"
"fq001975","vx_2385f2365c21e984","fg0425","1","fg0425","fg0670","fg0818","fg0116","fg0516","fg0748","fg0750","fg0586","fg0330","fg0143","fg0518","fg0745","fg0255","fg0026","fg0223","fg0360","fg0952","fg0479","fg0089","fg0909"
"fq001976","vx_2385f2365c21e984","fg0425","1","fg0425","fg0330","fg0516","fg0750","fg0518","fg0647","fg0232","fg0064","fg0106","fg0009","fg0350","fg0209","fg0766","fg0303","fg0312","fg0067","fg0670","fg0039","fg0836","fg0397"
"fq001977","vx_2385f2365c21e984","fg0425","1","fg0425","fg0818","fg0670","fg0116","fg0750","fg0586","fg0516","fg0518","fg0360","fg0255","fg0748","fg0089","fg0223","fg0797","fg0482","fg0822","fg0026","fg0014","fg0745","fg0229"
"fq001978","vx_2385f2365c21e984","fg0425","1","fg0425","fg0670","fg0516","fg0116","fg0818","fg0750","fg0748","fg0586","fg0223","fg0360","fg0518","fg0330","fg0797","fg0482","fg0026","fg0255","fg0046","fg0822","fg0423","fg0089"
"fq001979","vx_2385f2365c21e984","fg0425","1","fg0425","fg0516","fg0750","fg0330","fg0009","fg0518","fg0232","fg0670","fg0209","fg0647","fg0064","fg0067","fg0748","fg0674","fg0116","fg0106","fg0126","fg0818","fg0766","fg0312"
"fq001980","vx_2385f2365c21e984","fg0425","1","fg0425","fg0670","fg0116","fg0516","fg0818","fg0748","fg0750","fg0586","fg0360","fg0223","fg0482","fg0330","fg0822","fg0518","fg0909","fg0423","fg0089","fg0255","fg0479","fg0026"
"fq001981","vx_2385f2365c21e984","fg0425","1","fg0425","fg0330","fg0516","fg0750","fg0670","fg0009","fg0223","fg0518","fg0766","fg0647","fg0748","fg0116","fg0818","fg0014","fg0064","fg0811","fg0089","fg0232","fg0209","fg0026"
"fq001982","vx_2385f2365c21e984","fg0425","1","fg0425","fg0516","fg0670","fg0818","fg0116","fg0479","fg0748","fg0750","fg0330","fg0586","fg0223","fg0518","fg0143","fg0360","fg0482","fg0423","fg0255","fg0127","fg0909","fg0655"
"fq001983","vx_2385f2365c21e984","fg0425","1","fg0425","fg0330","fg0750","fg0518","fg0516","fg0647","fg0670","fg0232","fg0106","fg0811","fg0766","fg0009","fg0014","fg0039","fg0064","fg0350","fg0515","fg0067","fg0209","fg0126"
"fq001984","vx_2385f2365c21e984","fg0425","1","fg0425","fg0516","fg0647","fg0330","fg0106","fg0518","fg0750","fg0397","fg0325","fg0208","fg0064","fg0232","fg0836","fg0314","fg0067","fg0089","fg0613","fg0815","fg0009","fg0303"
"fq001985","vx_2385f2365c21e984","fg0425","1","fg0425","fg0750","fg0330","fg0518","fg0516","fg0647","fg0106","fg0009","fg0064","fg0232","fg0670","fg0067","fg0350","fg0014","fg0811","fg0089","fg0126","fg0766","fg0836","fg0025"
"fq001986","vx_2385f2365c21e984","fg0425","1","fg0425","fg0516","fg0116","fg0670","fg0750","fg0818","fg0748","fg0586","fg0223","fg0518","fg0423","fg0360","fg0330","fg0255","fg0608","fg0172","fg0046","fg0143","fg0909","fg0797"
"fq001987","vx_2385f2365c21e984","fg0425","1","fg0425","fg0516","fg0518","fg0330","fg0750","fg0106","fg0647","fg0039","fg0397","fg0232","fg0350","fg0515","fg0223","fg0766","fg0811","fg0025","fg0009","fg0067","fg0815","fg0064"
"fq001988","vx_2385f2365c21e984","fg0425","1","fg0425","fg0330","fg0518","fg0516","fg0750","fg0232","fg0766","fg0647","fg0009","fg0312","fg0223","fg0039","fg0014","fg0350","fg0064","fg0106","fg0670","fg0209","fg0613","fg0067"
"fq001989","vx_6adea789b053ab44","fg0426","1","fg0426","fg0531","fg0344","fg0105","fg0801","fg0463","fg0643","fg0413","fg0472","fg0162","fg0853","fg0616","fg0230","fg0987","fg0580","fg0073","fg0734","fg0680","fg0079","fg0923"
"fq001990","vx_bf6e8aaee90c3404","fg0427","1","fg0427","fg0788","fg0111","fg0814","fg0002","fg0708","fg0286","fg0975","fg0573","fg0731","fg0215","fg0348","fg0285","fg0679","fg0180","fg0189","fg0935","fg0963","fg0625","fg0131"
"fq001991","vx_d2bc8233a6f29cba","fg0428","1","fg0428","fg0986","fg0929","fg0958","fg0229","fg0988","fg0310","fg0892","fg1000","fg0089","fg0860","fg0046","fg0172","fg0108","fg0180","fg0804","fg0870","fg0608","fg0283","fg0900"
"fq001992","vx_0495eab6fa550c01","fg0429","1","fg0429","fg0472","fg0602","fg0576","fg0530","fg0475","fg0107","fg0382","fg0134","fg0353","fg0891","fg0380","fg0716","fg0868","fg0253","fg0437","fg0184","fg0295","fg0218","fg0263"
"fq001993","vx_0495eab6fa550c01","fg0429","1","fg0429","fg0472","fg0602","fg0530","fg0253","fg0107","fg0576","fg0295","fg0330","fg0096","fg0686","fg0230","fg0081","fg0380","fg0891","fg0353","fg0475","fg0327","fg0134","fg0090"
"fq001994","vx_600e2e1af71a4707","fg0430","1","fg0430","fg0167","fg0140","fg0165","fg0267","fg0666","fg0457","fg0652","fg0945","fg0469","fg0821","fg0722","fg0719","fg0466","fg0270","fg0641","fg0929","fg0690","fg0867","fg0227"
"fq001995","vx_eaf028208f134d0c","fg0431","1","fg0431","fg0951","fg0574","fg0699","fg0519","fg0867","fg0920","fg0406","fg0935","fg0501","fg0506","fg0086","fg0433","fg0657","fg0777","fg0542","fg0111","fg0390","fg0290","fg0489"
"fq001996","vx_eaf028208f134d0c","fg0431","1","fg0431","fg0951","fg0574","fg0867","fg0699","fg0501","fg0506","fg0406","fg0390","fg0433","fg0489","fg0920","fg0519","fg0542","fg0086","fg0290","fg0169","fg0935","fg0346","fg0094"
"fq001997","vx_eaf028208f134d0c","fg0431","1","fg0431","fg0574","fg0951","fg0506","fg0699","fg0867","fg0406","fg0501","fg0433","fg0920","fg0346","fg0657","fg0290","fg0086","fg0390","fg0489","fg0020","fg0111","fg0394","fg0935"
"fq001998","vx_eaf028208f134d0c","fg0431","1","fg0431","fg0951","fg0519","fg0574","fg0867","fg0390","fg0111","fg0542","fg0935","fg0506","fg0406","fg0086","fg0920","fg0699","fg0501","fg0290","fg0391","fg0657","fg0433","fg0731"
"fq001999","vx_eaf028208f134d0c","fg0431","1","fg0431","fg0951","fg0519","fg0574","fg0406","fg0867","fg0699","fg0920","fg0542","fg0390","fg0111","fg0935","fg0506","fg0290","fg0020","fg0086","fg0501","fg0346","fg0657","fg0875"
"fq002000","vx_eaf028208f134d0c","fg0431","1","fg0431","fg0867","fg0574","fg0699","fg0951","fg0290","fg0086","fg0169","fg0501","fg0396","fg0145","fg0874","fg0875","fg0210","fg0276","fg0208","fg0965","fg0433","fg0513","fg0346"
"fq002001","vx_fd19c33b50f6434b","fg0432","1","fg0432","fg0775","fg0915","fg0904","fg0119","fg0216","fg0926","fg0781","fg0849","fg0545","fg0092","fg0447","fg0462","fg0246","fg0256","fg0284","fg0798","fg0199","fg0576","fg0017"
"fq002002","vx_c4ed6f739c25eb38","fg0433","1","fg0433","fg0812","fg0814","fg0208","fg0486","fg0204","fg0777","fg0280","fg0506","fg0498","fg0021","fg0579","fg0875","fg0372","fg0564","fg0731","fg0841","fg0223","fg0293","fg0171"
"fq002003","vx_c4ed6f739c25eb38","fg0433","1","fg0433","fg0812","fg0208","fg0280","fg0814","fg0498","fg0021","fg0486","fg0875","fg0506","fg0220","fg0204","fg0918","fg0293","fg0955","fg0886","fg0156","fg0777","fg0650","fg0372"
"fq002004","vx_ed56be1eb126525f","fg0434","1","fg0434","fg0511","fg0917","fg0202","fg0886","fg0588","fg0441","fg0665","fg0369","fg0752","fg0888","fg0887","fg0256","fg0160","fg0835","fg0898","fg0149","fg0650","fg0151","fg0856"
"fq002005","vx_ed56be1eb126525f","fg0434","1","fg0434","fg0511","fg0917","fg0202","fg0752","fg0196","fg0886","fg0650","fg0441","fg0352","fg0157","fg0647","fg0369","fg0223","fg0887","fg0856","fg0246","fg0942","fg0715","fg0022"
"fq002006","vx_ed56be1eb126525f","fg0434","1","fg0434","fg0511","fg0917","fg0202","fg0886","fg0650","fg0441","fg0752","fg0196","fg0157","fg0223","fg0352","fg0887","fg0519","fg0303","fg0369","fg0856","fg0647","fg0246","fg0715"
"fq002007","vx_ed56be1eb126525f","fg0434","1","fg0434","fg0511","fg0917","fg0202","fg0752","fg0196","fg0886","fg0223","fg0887","fg0650","fg0647","fg0441","fg0369","fg0157","fg0303","fg0097","fg0856","fg0445","fg0715","fg0942"
"fq002008","vx_ed56be1eb126525f","fg0434","1","fg0434","fg0511","fg0917","fg0202","fg0196","fg0752","fg0886","fg0441","fg0223","fg0157","fg0856","fg0246","fg0519","fg0650","fg0352","fg0303","fg0369","fg0097","fg0022","fg0887"
"fq002009","vx_ed56be1eb126525f","fg0434","1","fg0434","fg0511","fg0917","fg0202","fg0196","fg0752","fg0650","fg0886","fg0157","fg0441","fg0887","fg0352","fg0856","fg0647","fg0369","fg0223","fg0942","fg0216","fg0626","fg0519"
"fq002010","vx_9050b5f0dfe4ad16","fg0435","1","fg0435","fg0448","fg0334","fg0628","fg0877","fg0490","fg0835","fg0976","fg0411","fg0653","fg0159","fg0184","fg0398","fg0314","fg0588","fg0657","fg0312","fg0636","fg0691","fg0592"
"fq002011","vx_d152e79c7fdb6d7d","fg0436","1","fg0436","fg0866","fg0210","fg0972","fg0098","fg0699","fg0625","fg0746","fg0093","fg0164","fg0376","fg0635","fg0131","fg0766","fg0380","fg0554","fg0716","fg0597","fg0738","fg0488"
"fq002012","vx_e4345609a127d16a","fg0437","1","fg0437","fg0852","fg0050","fg0453","fg0732","fg0620","fg0471","fg0130","fg0282","fg0847","fg0218","fg0712","fg0039","fg0429","fg0139","fg0011","fg0489","fg0189","fg0278","fg0335"
"fq002013","vx_21c2b88e2b9b7367","fg0438","1","fg0438","fg0811","fg0397","fg0350","fg0106","fg0039","fg0330","fg0594","fg0941","fg0947","fg0843","fg0025","fg0173","fg0228","fg0573","fg0421","fg0082","fg0671","fg0307","fg0214"
"fq002014","vx_21c2b88e2b9b7367","fg0438","1","fg0438","fg0811","fg0947","fg0397","fg0350","fg0106","fg0211","fg0082","fg0843","fg0421","fg0025","fg0039","fg0941","fg0330","fg0573","fg0173","fg0214","fg0228","fg0474","fg0614"
"fq002015","vx_21c2b88e2b9b7367","fg0438","1","fg0438","fg0350","fg0811","fg0397","fg0421","fg0106","fg0082","fg0025","fg0330","fg0039","fg0947","fg0573","fg0211","fg0173","fg0594","fg0159","fg0843","fg0371","fg0941","fg0195"
"fq002016","vx_21c2b88e2b9b7367","fg0438","1","fg0438","fg0811","fg0350","fg0397","fg0106","fg0421","fg0082","fg0211","fg0025","fg0039","fg0947","fg0330","fg0573","fg0843","fg0228","fg0614","fg0371","fg0907","fg0941","fg0126"
"fq002017","vx_21c2b88e2b9b7367","fg0438","1","fg0438","fg0811","fg0350","fg0594","fg0397","fg0947","fg0421","fg0806","fg0025","fg0106","fg0173","fg0159","fg0211","fg0614","fg0228","fg0082","fg0573","fg0126","fg0815","fg0388"
"fq002018","vx_21c2b88e2b9b7367","fg0438","1","fg0438","fg0811","fg0350","fg0106","fg0025","fg0397","fg0211","fg0421","fg0843","fg0082","fg0947","fg0039","fg0330","fg0126","fg0228","fg0594","fg0173","fg0159","fg0515","fg0614"
"fq002019","vx_21c2b88e2b9b7367","fg0438","1","fg0438","fg0350","fg0811","fg0397","fg0211","fg0082","fg0947","fg0025","fg0421","fg0330","fg0039","fg0106","fg0594","fg0843","fg0159","fg0398","fg0573","fg0173","fg0614","fg0941"
"fq002020","vx_21c2b88e2b9b7367","fg0438","1","fg0438","fg0811","fg0350","fg0397","fg0421","fg0025","fg0211","fg0106","fg0330","fg0947","fg0815","fg0082","fg0594","fg0474","fg0573","fg0159","fg0228","fg0507","fg0843","fg0354"
"fq002021","vx_ed7c273f1b02ed33","fg0439","1","fg0439","fg0868","fg0034","fg0226","fg0495","fg0444","fg0192","fg0933","fg0440","fg0392","fg0446","fg0236","fg0927","fg0673","fg0539","fg0055","fg0979","fg0575","fg0355","fg0644"
"fq002022","vx_ed7c273f1b02ed33","fg0439","1","fg0439","fg0868","fg0495","fg0236","fg0226","fg0192","fg0392","fg0237","fg0644","fg0206","fg0933","fg0953","fg0556","fg0903","fg0677","fg0246","fg0504","fg0990","fg0034","fg0136"
"fq002023","vx_ed7c273f1b02ed33","fg0439","1","fg0439","fg0990","fg0495","fg0226","fg0868","fg0440","fg0236","fg0444","fg0192","fg0673","fg0355","fg0206","fg0504","fg0556","fg0416","fg0539","fg0737","fg0055","fg0953","fg0379"
"fq002024","vx_ed7c273f1b02ed33","fg0439","1","fg0439","fg0868","fg0236","fg0495","fg0192","fg0644","fg0226","fg0392","fg0575","fg0152","fg0933","fg0504","fg0477","fg0556","fg0206","fg0237","fg0559","fg0990","fg0721","fg0953"
"fq002025","vx_7d43e25c9f07c81c","fg0440","1","fg0440","fg0504","fg0502","fg0921","fg0206","fg0151","fg0226","fg0883","fg0963","fg0296","fg0598","fg0192","fg0737","fg0299","fg0416","fg0114","fg0318","fg0047","fg0708","fg0127"
"fq002026","vx_7d43e25c9f07c81c","fg0440","1","fg0440","fg0883","fg0318","fg0192","fg0993","fg0598","fg0921","fg0416","fg0502","fg0667","fg0226","fg0296","fg0302","fg0960","fg0504","fg0358","fg0495","fg0512","fg0933","fg0299"
"fq002027","vx_7d43e25c9f07c81c","fg0440","1","fg0440","fg0504","fg0921","fg0598","fg0502","fg0883","fg0993","fg0206","fg0192","fg0226","fg0318","fg0416","fg0479","fg0708","fg0047","fg0960","fg0296","fg0299","fg0495","fg0114"
"fq002028","vx_7d43e25c9f07c81c","fg0440","1","fg0440","fg0993","fg0598","fg0192","fg0318","fg0296","fg0416","fg0883","fg0502","fg0921","fg0299","fg0047","fg0667","fg0504","fg0512","fg0708","fg0012","fg0673","fg0960","fg0302"
"fq002029","vx_7d43e25c9f07c81c","fg0440","1","fg0440","fg0993","fg0318","fg0598","fg0504","fg0960","fg0192","fg0921","fg0296","fg0416","fg0883","fg0226","fg0299","fg0479","fg0502","fg0047","fg0206","fg0528","fg0738","fg0444"
"fq002030","vx_7d43e25c9f07c81c","fg0440","1","fg0440","fg0504","fg0151","fg0206","fg0114","fg0502","fg0299","fg0226","fg0047","fg0296","fg0908","fg0598","fg0963","fg0528","fg0737","fg0327","fg0721","fg0127","fg0479","fg0883"
"fq002031","vx_7d43e25c9f07c81c","fg0440","1","fg0440","fg0598","fg0299","fg0318","fg0883","fg0921","fg0304","fg0502","fg0226","fg0953","fg0737","fg0416","fg0291","fg0151","fg0993","fg0667","fg0673","fg0990","fg0769","fg0131"
"fq002032","vx_7d43e25c9f07c81c","fg0440","1","fg0440","fg0598","fg0883","fg0318","fg0296","fg0993","fg0299","fg0012","fg0304","fg0769","fg0192","fg0979","fg0708","fg0345","fg0960","fg0398","fg0561","fg0512","fg0990","fg0673"
"fq002033","vx_7d43e25c9f07c81c","fg0440","1","fg0440","fg0504","fg0502","fg0206","fg0151","fg0921","fg0226","fg0047","fg0114","fg0296","fg0127","fg0479","fg0299","fg0737","fg0192","fg0883","fg0963","fg0416","fg0908","fg0721"
"fq002034","vx_7d43e25c9f07c81c","fg0440","1","fg0440","fg0504","fg0883","fg0502","fg0299","fg0296","fg0226","fg0151","fg0206","fg0318","fg0598","fg0047","fg0921","fg0192","fg0114","fg0304","fg0528","fg0416","fg0708","fg0993"
"fq002035","vx_7d43e25c9f07c81c","fg0440","1","fg0440","fg0504","fg0502","fg0921","fg0598","fg0206","fg0151","fg0047","fg0296","fg0114","fg0883","fg0299","fg0192","fg0963","fg0667","fg0908","fg0528","fg0416","fg0737","fg0358"
"fq002036","vx_7d43e25c9f07c81c","fg0440","1","fg0440","fg0598","fg0921","fg0299","fg0318","fg0883","fg0304","fg0504","fg0737","fg0502","fg0226","fg0192","fg0993","fg0416","fg0444","fg0296","fg0528","fg0953","fg0114","fg0206"
"fq002037","vx_7d43e25c9f07c81c","fg0440","1","fg0440","fg0318","fg0883","fg0299","fg0598","fg0226","fg0304","fg0960","fg0192","fg0921","fg0769","fg0993","fg0444","fg0296","fg0291","fg0327","fg0345","fg0131","fg0561","fg0708"
"fq002038","vx_7d43e25c9f07c81c","fg0440","1","fg0440","fg0598","fg0883","fg0318","fg0993","fg0708","fg0960","fg0299","fg0012","fg0512","fg0921","fg0226","fg0769","fg0673","fg0304","fg0358","fg0192","fg0296","fg0502","fg0979"
"fq002039","vx_7d43e25c9f07c81c","fg0440","1","fg0440","fg0502","fg0598","fg0921","fg0883","fg0993","fg0318","fg0416","fg0504","fg0192","fg0047","fg0673","fg0206","fg0226","fg0667","fg0963","fg0960","fg0708","fg0239","fg0358"
"fq002040","vx_7d43e25c9f07c81c","fg0440","1","fg0440","fg0416","fg0192","fg0598","fg0318","fg0667","fg0302","fg0993","fg0883","fg0502","fg0673","fg0047","fg0990","fg0921","fg0512","fg0708","fg0296","fg0299","fg0960","fg0769"
"fq002041","vx_7d43e25c9f07c81c","fg0440","1","fg0440","fg0921","fg0318","fg0598","fg0502","fg0226","fg0479","fg0299","fg0206","fg0504","fg0883","fg0528","fg0993","fg0737","fg0953","fg0114","fg0136","fg0416","fg0151","fg0304"
"fq002042","vx_8f1ca55659bba00b","fg0441","1","fg0441","fg0378","fg0292","fg0369","fg0949","fg0351","fg0115","fg0807","fg0875","fg0120","fg0853","fg0014","fg0217","fg0360","fg1000","fg0876","fg0570","fg0857","fg0293","fg0886"
"fq002043","vx_8f1ca55659bba00b","fg0441","1","fg0441","fg0369","fg0351","fg0517","fg0434","fg0886","fg0949","fg0867","fg0014","fg0378","fg0835","fg0853","fg0292","fg0994","fg0115","fg0857","fg0431","fg0511","fg0435","fg0216"
"fq002044","vx_18a2bf881d4846cd","fg0442","1","fg0442","fg0395","fg0986","fg0620","fg0304","fg0690","fg0248","fg0040","fg0197","fg0179","fg0810","fg0783","fg0299","fg0347","fg0043","fg0165","fg0088","fg0922","fg0480","fg0909"
"fq002045","vx_506991fb91497897","fg0443","1","fg0443","fg0476","fg0800","fg0571","fg0668","fg0325","fg0004","fg0554","fg0322","fg0193","fg0022","fg0234","fg0608","fg0634","fg0309","fg0093","fg0386","fg0488","fg0751","fg0920"
"fq002046","vx_994e56455ec0c117","fg0444","1","fg0444","fg0355","fg0147","fg0152","fg0525","fg0559","fg0729","fg0652","fg0500","fg0225","fg0240","fg0151","fg0922","fg0504","fg0108","fg0099","fg0760","fg0403","fg0081","fg0721"
"fq002047","vx_994e56455ec0c117","fg0444","1","fg0444","fg0559","fg0108","fg0355","fg0240","fg0525","fg0225","fg0147","fg0373","fg0152","fg0099","fg0151","fg0729","fg0957","fg0500","fg0922","fg0760","fg0721","fg0652","fg0504"
"fq002048","vx_994e56455ec0c117","fg0444","1","fg0444","fg0240","fg0559","fg0355","fg0525","fg0225","fg0108","fg0152","fg0147","fg0721","fg0373","fg0151","fg0500","fg0099","fg0114","fg0504","fg0760","fg0957","fg0652","fg0729"
"fq002049","vx_942dedd87208b512","fg0445","1","fg0445","fg0624","fg0093","fg0693","fg0368","fg0343","fg0997","fg0936","fg0121","fg0006","fg0511","fg0261","fg0665","fg0519","fg0837","fg0273","fg0122","fg0171","fg0137","fg0765"
"fq002050","vx_050df1ef52f29c87","fg0446","454","fg0106","fg0347","fg0544","fg0488","fg0819","fg0312","fg0972","fg0515","fg0126","fg0924","fg0228","fg0725","fg0279","fg0011","fg0716","fg0942","fg0059","fg0534","fg0328","fg0025"
"fq002051","vx_c0b0ef20ac2ad4eb","fg0447","1","fg0447","fg0573","fg0769","fg0421","fg0990","fg0687","fg0043","fg0904","fg0474","fg0868","fg0435","fg0673","fg0831","fg0917","fg0382","fg0539","fg0037","fg0724","fg0416","fg0131"
"fq002052","vx_76f7e35fd6d9bfb5","fg0448","1","fg0448","fg0517","fg0653","fg0367","fg0515","fg0312","fg0877","fg0835","fg0474","fg0966","fg0279","fg0418","fg0594","fg0513","fg0490","fg0435","fg0662","fg0582","fg0809","fg0791"
"fq002053","vx_76f7e35fd6d9bfb5","fg0448","1","fg0448","fg0966","fg0279","fg0418","fg0515","fg0594","fg0367","fg0662","fg0809","fg0312","fg0517","fg0362","fg0544","fg0590","fg0490","fg0513","fg0106","fg0537","fg0474","fg0969"
"fq002054","vx_731ada53e3ba5224","fg0449","1","fg0449","fg0377","fg0945","fg0242","fg0272","fg0744","fg0108","fg0167","fg0335","fg0288","fg0870","fg0922","fg0850","fg0483","fg0886","fg0160","fg0722","fg0648","fg0183","fg0622"
"fq002055","vx_731ada53e3ba5224","fg0449","1","fg0449","fg0377","fg0272","fg0945","fg0850","fg0996","fg0335","fg0108","fg0370","fg0799","fg0851","fg0183","fg0600","fg0288","fg0722","fg0219","fg0167","fg0227","fg0193","fg0730"
"fq002056","vx_799dfe601bfa4140","fg0450","8","fg0002","fg0702","fg0710","fg0819","fg0175","fg0717","fg0337","fg0450","fg0731","fg0357","fg0132","fg0970","fg0795","fg0706","fg0363","fg0578","fg0089","fg0745","fg0988","fg0830"
"fq002057","vx_a7a957565a0b9f2a","fg0451","1","fg0451","fg0638","fg0104","fg0389","fg0235","fg0994","fg0618","fg0076","fg0545","fg0052","fg0651","fg0403","fg0127","fg0077","fg0879","fg0615","fg0392","fg0066","fg0407","fg0492"
"fq002058","vx_a7a957565a0b9f2a","fg0451","1","fg0451","fg0127","fg0154","fg0547","fg0607","fg0077","fg0994","fg0618","fg0699","fg0129","fg0355","fg0102","fg0920","fg0495","fg0557","fg0135","fg0446","fg0521","fg0114","fg0849"
"fq002059","vx_3c7f82f85f67cac5","fg0452","1","fg0452","fg0678","fg0407","fg0943","fg0737","fg0485","fg0502","fg0730","fg0721","fg0618","fg0114","fg0810","fg0296","fg0175","fg0600","fg0358","fg0186","fg0850","fg0451","fg0871"
"fq002060","vx_3c7f82f85f67cac5","fg0452","1","fg0452","fg0502","fg0485","fg0618","fg0737","fg0678","fg0407","fg0721","fg0943","fg0145","fg0451","fg0363","fg0164","fg0440","fg0991","fg0810","fg0787","fg0206","fg0871","fg0186"
"fq002061","vx_5be0ef1164c67403","fg0453","1","fg0453","fg0513","fg0437","fg0910","fg0039","fg0025","fg0278","fg0811","fg0106","fg0778","fg0388","fg0594","fg0068","fg0335","fg0641","fg0569","fg0591","fg0617","fg0258","fg0753"
"fq002062","vx_33a5960d124b06f3","fg0454","1","fg0454","fg0829","fg0915","fg0457","fg0576","fg0681","fg0665","fg0926","fg0574","fg0217","fg0719","fg0208","fg0516","fg0541","fg0540","fg0239","fg0160","fg0072","fg0281","fg0151"
"fq002063","vx_33a5960d124b06f3","fg0454","1","fg0454","fg0829","fg0915","fg0457","fg0576","fg0926","fg0681","fg0574","fg0719","fg0217","fg0665","fg0151","fg0516","fg0540","fg0160","fg0020","fg0281","fg0541","fg0072","fg0704"
"fq002064","vx_473145395a1e7faf","fg0455","1","fg0455","fg0937","fg0036","fg0994","fg0044","fg0899","fg0222","fg0284","fg0153","fg0568","fg0781","fg0037","fg0830","fg0288","fg0254","fg0545","fg0097","fg0538","fg0956","fg0514"
"fq002065","vx_8f58f3f628cc3f37","fg0456","1","fg0456","fg0420","fg0602","fg0519","fg0961","fg0434","fg0101","fg0517","fg0353","fg0548","fg0380","fg0857","fg0706","fg0805","fg0688","fg0616","fg0360","fg0429","fg0477","fg0792"
"fq002066","vx_f54a346f72c2c3d7","fg0457","1","fg0457","fg0895","fg0050","fg0043","fg0687","fg0190","fg0772","fg0707","fg0749","fg0454","fg0018","fg0430","fg0681","fg0270","fg0522","fg0994","fg0735","fg0922","fg0666","fg0878"
"fq002067","vx_fbbbff4144884fb7","fg0458","1","fg0458","fg0924","fg0465","fg0322","fg0280","fg0023","fg0685","fg0138","fg0727","fg0901","fg0634","fg0623","fg0092","fg0530","fg0746","fg0980","fg0303","fg0610","fg0997","fg0065"
"fq002068","vx_fbbbff4144884fb7","fg0458","1","fg0458","fg0924","fg0576","fg0915","fg0610","fg0926","fg0280","fg0322","fg0634","fg0727","fg0023","fg0465","fg0065","fg0138","fg0303","fg0041","fg0092","fg0964","fg0462","fg0002"
"fq002069","vx_bdd08580f4215dc8","fg0459","1","fg0459","fg0862","fg0766","fg0075","fg0613","fg0064","fg0282","fg0050","fg0735","fg0248","fg0904","fg0540","fg0902","fg0165","fg0683","fg0828","fg0602","fg0489","fg0105","fg0584"
"fq002070","vx_acc68b769002f40c","fg0460","1","fg0460","fg0915","fg0926","fg0150","fg0749","fg0390","fg0735","fg0056","fg0406","fg0154","fg0542","fg0135","fg0863","fg0322","fg0718","fg0284","fg0551","fg0782","fg0881","fg0147"
"fq002071","vx_add8d86d685e12ab","fg0461","1","fg0461","fg0855","fg0570","fg0707","fg0091","fg0696","fg0912","fg0906","fg0272","fg0308","fg0775","fg0477","fg0967","fg0571","fg0264","fg0222","fg0779","fg0545","fg0256","fg0772"
"fq002072","vx_d17cd069bb12ff3a","fg0462","1","fg0462","fg0493","fg0226","fg0966","fg0508","fg0045","fg0390","fg0491","fg0642","fg0284","fg0946","fg0096","fg0842","fg0545","fg0095","fg0849","fg0286","fg0080","fg0862","fg0654"
"fq002073","vx_d17cd069bb12ff3a","fg0462","1","fg0462","fg0966","fg0508","fg0226","fg0390","fg0493","fg0291","fg0491","fg0896","fg0095","fg0946","fg0044","fg0455","fg0286","fg0119","fg0842","fg0262","fg0284","fg0096","fg0514"
"fq002074","vx_d17cd069bb12ff3a","fg0462","1","fg0462","fg0226","fg0045","fg0390","fg0284","fg0493","fg0966","fg0508","fg0545","fg0781","fg0491","fg0946","fg0842","fg0796","fg0455","fg0642","fg0896","fg0286","fg0899","fg0294"
"fq002075","vx_d17cd069bb12ff3a","fg0462","1","fg0462","fg0493","fg0966","fg0226","fg0390","fg0508","fg0946","fg0095","fg0642","fg0045","fg0545","fg0284","fg0842","fg0491","fg0455","fg0796","fg0899","fg0849","fg0305","fg0294"
"fq002076","vx_d17cd069bb12ff3a","fg0462","1","fg0462","fg0284","fg0508","fg0390","fg0545","fg0493","fg0491","fg0966","fg0095","fg0842","fg0796","fg0226","fg0642","fg0045","fg0946","fg0286","fg0455","fg0111","fg0896","fg0080"
"fq002077","vx_d17cd069bb12ff3a","fg0462","1","fg0462","fg0966","fg0508","fg0493","fg0045","fg0095","fg0390","fg0946","fg0226","fg0491","fg0842","fg0284","fg0642","fg0455","fg0305","fg0849","fg0899","fg0781","fg0286","fg0080"
"fq002078","vx_d17cd069bb12ff3a","fg0462","1","fg0462","fg0493","fg0045","fg0095","fg0491","fg0390","fg0946","fg0966","fg0508","fg0849","fg0226","fg0862","fg0545","fg0650","fg0305","fg0842","fg0450","fg0286","fg0642","fg0284"
"fq002079","vx_d17cd069bb12ff3a","fg0462","1","fg0462","fg0508","fg0390","fg0284","fg0491","fg0493","fg0286","fg0045","fg0226","fg0896","fg0966","fg0654","fg0545","fg0642","fg0291","fg0080","fg0111","fg0455","fg0946","fg0095"
"fq002080","vx_d17cd069bb12ff3a","fg0462","1","fg0462","fg0508","fg0390","fg0493","fg0226","fg0966","fg0284","fg0642","fg0286","fg0491","fg0896","fg0455","fg0045","fg0993","fg0291","fg0899","fg0842","fg0545","fg0111","fg0096"
"fq002081","vx_d17cd069bb12ff3a","fg0462","1","fg0462","fg0966","fg0390","fg0508","fg0493","fg0226","fg0286","fg0896","fg0642","fg0842","fg0045","fg0491","fg0455","fg0899","fg0946","fg0284","fg0294","fg0111","fg0781","fg0545"
"fq002082","vx_6f158f03e797b160","fg0463","1","fg0463","fg0951","fg0653","fg0825","fg0354","fg0517","fg0596","fg0664","fg0452","fg0899","fg0999","fg0413","fg0645","fg0677","fg0448","fg0485","fg0531","fg0053","fg0879","fg0353"
"fq002083","vx_6f158f03e797b160","fg0463","1","fg0463","fg0512","fg0676","fg0051","fg0951","fg0318","fg0879","fg0672","fg0302","fg0452","fg0543","fg0413","fg0527","fg0667","fg0899","fg0982","fg0599","fg0507","fg0943","fg0947"
"fq002084","vx_6f158f03e797b160","fg0463","1","fg0463","fg0302","fg0543","fg0667","fg0832","fg0507","fg0323","fg0677","fg0596","fg0512","fg0633","fg0695","fg0879","fg0413","fg0053","fg0573","fg0407","fg0676","fg0354","fg0885"
"fq002085","vx_6f158f03e797b160","fg0463","1","fg0463","fg0951","fg0302","fg0676","fg0596","fg0507","fg0543","fg0645","fg0053","fg0413","fg0401","fg0512","fg0452","fg0992","fg0563","fg0667","fg0677","fg0451","fg0911","fg0999"
"fq002086","vx_6f158f03e797b160","fg0463","1","fg0463","fg0951","fg0879","fg0413","fg0452","fg0354","fg0721","fg0596","fg0667","fg0507","fg0664","fg0563","fg0899","fg0543","fg0958","fg0825","fg0051","fg0885","fg0645","fg0531"
"fq002087","vx_6f158f03e797b160","fg0463","1","fg0463","fg0667","fg0512","fg0495","fg0596","fg0543","fg0318","fg0302","fg0354","fg0053","fg0868","fg0507","fg0999","fg0989","fg0323","fg0439","fg0992","fg0990","fg0299","fg0633"
"fq002088","vx_906a26f7fd277710","fg0464","1","fg0464","fg0936","fg0159","fg0989","fg0250","fg0659","fg0355","fg0525","fg0555","fg0714","fg0213","fg0303","fg0727","fg0584","fg0542","fg0495","fg0980","fg0863","fg0749","fg0964"
"fq002089","vx_9f208b1d815dad53","fg0465","1","fg0465","fg0141","fg0514","fg0492","fg0861","fg0332","fg0646","fg0933","fg0842","fg0049","fg0585","fg0132","fg0458","fg0044","fg0145","fg0462","fg0179","fg0101","fg0226","fg0754"
"fq002090","vx_9f208b1d815dad53","fg0465","1","fg0465","fg0141","fg0492","fg0332","fg0514","fg0861","fg0646","fg0585","fg0145","fg0132","fg0101","fg0971","fg0458","fg0842","fg0933","fg0401","fg0049","fg0179","fg0044","fg0226"
"fq002091","vx_9dbd20a9f9ce71fe","fg0466","1","fg0466","fg0322","fg0138","fg0936","fg0793","fg0873","fg0945","fg0570","fg0879","fg0635","fg0391","fg0238","fg0388","fg0758","fg0857","fg0529","fg0826","fg0707","fg0360","fg0997"
"fq002092","vx_9dbd20a9f9ce71fe","fg0466","1","fg0466","fg0322","fg0138","fg0793","fg0936","fg0945","fg0873","fg0758","fg0570","fg0929","fg0584","fg0826","fg0635","fg0879","fg0529","fg0834","fg0124","fg0029","fg0997","fg0719"
"fq002093","vx_9c99f844efac2641","fg0467","1","fg0467","fg0864","fg0735","fg0509","fg0120","fg0708","fg0830","fg0894","fg0978","fg0904","fg0504","fg0081","fg0245","fg0418","fg0378","fg0847","fg0603","fg1000","fg0702","fg0870"
"fq002094","vx_9c99f844efac2641","fg0467","1","fg0467","fg0327","fg0686","fg0864","fg0378","fg0894","fg0504","fg0810","fg0893","fg0985","fg0830","fg0232","fg0220","fg0226","fg0279","fg0353","fg0206","fg0567","fg0243","fg0870"
"fq002095","vx_9c99f844efac2641","fg0467","1","fg0467","fg0735","fg0509","fg0978","fg0444","fg0603","fg0220","fg0318","fg0504","fg0931","fg0864","fg0767","fg0638","fg0323","fg0270","fg0894","fg0081","fg0539","fg0016","fg0532"
"fq002096","vx_9c99f844efac2641","fg0467","1","fg0467","fg0864","fg0327","fg0378","fg0894","fg0243","fg0686","fg0120","fg0847","fg0708","fg0279","fg0245","fg0830","fg0985","fg0904","fg0226","fg0220","fg0435","fg0755","fg0081"
"fq002097","vx_9c99f844efac2641","fg0467","1","fg0467","fg0864","fg0978","fg0735","fg0509","fg0894","fg0603","fg0120","fg0708","fg0220","fg0702","fg0830","fg0084","fg0985","fg0825","fg0217","fg0870","fg0243","fg0470","fg0245"
"fq002098","vx_9c99f844efac2641","fg0467","1","fg0467","fg0864","fg0894","fg0735","fg0504","fg0978","fg0055","fg0220","fg0081","fg0931","fg0378","fg0226","fg0830","fg0847","fg0708","fg0120","fg0327","fg0870","fg0810","fg0243"
"fq002099","vx_9c99f844efac2641","fg0467","1","fg0467","fg0509","fg0735","fg0978","fg0220","fg0767","fg0864","fg0776","fg0708","fg0055","fg0666","fg0084","fg0870","fg0985","fg0504","fg0931","fg0851","fg0638","fg0894","fg0722"
"fq002100","vx_9c99f844efac2641","fg0467","1","fg0467","fg0509","fg0318","fg0795","fg0226","fg0018","fg0440","fg0167","fg0401","fg0055","fg0931","fg0729","fg0708","fg0504","fg0133","fg0444","fg0687","fg0299","fg0355","fg0327"
"fq002101","vx_9c99f844efac2641","fg0467","1","fg0467","fg0735","fg0504","fg0509","fg0978","fg0931","fg0864","fg0638","fg0220","fg0895","fg0327","fg0318","fg0018","fg0226","fg0767","fg0081","fg0374","fg0433","fg0603","fg0444"
"fq002102","vx_9c99f844efac2641","fg0467","1","fg0467","fg0983","fg0638","fg0327","fg0830","fg0121","fg0735","fg0504","fg0985","fg0781","fg0895","fg0232","fg0549","fg0102","fg0374","fg0835","fg1000","fg0711","fg0018","fg0280"
"fq002103","vx_9c99f844efac2641","fg0467","1","fg0467","fg0509","fg0018","fg0318","fg0401","fg0895","fg0684","fg0167","fg0729","fg0270","fg0469","fg0735","fg0147","fg0934","fg0749","fg0543","fg0444","fg0960","fg0299","fg0993"
"fq002104","vx_9c99f844efac2641","fg0467","1","fg0467","fg0504","fg0220","fg0864","fg0081","fg0735","fg0638","fg0894","fg0830","fg0978","fg0226","fg0895","fg0120","fg0931","fg0719","fg0318","fg0810","fg0055","fg0847","fg0983"
"fq002105","vx_9c99f844efac2641","fg0467","1","fg0467","fg0864","fg0931","fg0509","fg0220","fg0504","fg0055","fg0735","fg0894","fg0978","fg0226","fg0795","fg0729","fg0018","fg0378","fg0444","fg0327","fg0270","fg0318","fg0708"
"fq002106","vx_9c99f844efac2641","fg0467","1","fg0467","fg0864","fg0894","fg0378","fg0245","fg0226","fg0708","fg0830","fg0120","fg0978","fg0220","fg0327","fg0904","fg0279","fg0865","fg0318","fg0658","fg0755","fg0751","fg0921"
"fq002107","vx_9c99f844efac2641","fg0467","1","fg0467","fg0864","fg0978","fg0509","fg0894","fg0120","fg0708","fg0735","fg0167","fg0603","fg0318","fg0220","fg0702","fg0795","fg0049","fg0245","fg0985","fg0433","fg0904","fg0217"
"fq002108","vx_9c99f844efac2641","fg0467","1","fg0467","fg0509","fg0864","fg0220","fg0978","fg0444","fg0735","fg0603","fg0894","fg0055","fg0433","fg0931","fg0708","fg0318","fg0985","fg0217","fg0504","fg0539","fg0767","fg0019"
"fq002109","vx_9c99f844efac2641","fg0467","1","fg0467","fg0864","fg0708","fg0735","fg0870","fg0120","fg0509","fg0978","fg0243","fg1000","fg0220","fg0084","fg0603","fg0894","fg0830","fg0702","fg0985","fg0825","fg0731","fg0470"
"fq002110","vx_9c99f844efac2641","fg0467","1","fg0467","fg0327","fg0894","fg0686","fg0864","fg0830","fg0378","fg0847","fg0435","fg0904","fg0697","fg0985","fg0751","fg0658","fg0735","fg0279","fg0232","fg0870","fg0243","fg0983"
"fq002111","vx_9c99f844efac2641","fg0467","1","fg0467","fg0864","fg0735","fg0220","fg0894","fg0978","fg0120","fg0504","fg0081","fg0509","fg0985","fg0603","fg0830","fg0055","fg0825","fg0444","fg0084","fg0956","fg0931","fg0638"
"fq002112","vx_9c99f844efac2641","fg0467","1","fg0467","fg0864","fg0504","fg0894","fg0378","fg0081","fg0810","fg0327","fg0055","fg0226","fg0708","fg0220","fg0418","fg0847","fg0830","fg0870","fg0273","fg0310","fg0931","fg0243"
"fq002113","vx_9c99f844efac2641","fg0467","1","fg0467","fg0509","fg0864","fg0931","fg0735","fg0978","fg0504","fg0525","fg0729","fg0055","fg0220","fg0444","fg0226","fg0708","fg0270","fg0018","fg0081","fg0318","fg0894","fg0327"
"fq002114","vx_9c99f844efac2641","fg0467","1","fg0467","fg0504","fg0895","fg0299","fg0810","fg0018","fg0226","fg0931","fg0525","fg0729","fg0318","fg0509","fg0327","fg0081","fg0355","fg0444","fg0735","fg0559","fg0469","fg0897"
"fq002115","vx_2e05edc8700263e3","fg0468","1","fg0468","fg0850","fg0573","fg0965","fg0913","fg0963","fg0141","fg0012","fg0384","fg0736","fg0993","fg0131","fg0598","fg0254","fg0512","fg0953","fg0164","fg0110","fg0698","fg0676"
"fq002116","vx_2951692a4e635af8","fg0469","364","fg0194","fg0466","fg0945","fg0584","fg0023","fg0757","fg0529","fg0616","fg0727","fg0522","fg0303","fg0476","fg0536","fg0381","fg0936","fg0794","fg0193","fg0261","fg0742","fg0749"
"fq002117","vx_2951692a4e635af8","fg0469","2","fg0718","fg0469","fg0558","fg0182","fg0190","fg0735","fg0612","fg0270","fg0029","fg0375","fg0652","fg0300","fg0500","fg0529","fg0108","fg0419","fg0837","fg0707","fg0032","fg0600"
"fq002118","vx_2951692a4e635af8","fg0469","1","fg0469","fg0270","fg0735","fg0749","fg0018","fg0938","fg0197","fg0722","fg0895","fg0772","fg0536","fg0584","fg0153","fg0910","fg0190","fg0922","fg0945","fg0652","fg0718","fg0147"
"fq002119","vx_2951692a4e635af8","fg0469","102","fg0297","fg0298","fg0411","fg0973","fg0809","fg0398","fg0835","fg0535","fg0560","fg0367","fg0843","fg0191","fg0588","fg0211","fg0627","fg0757","fg0331","fg0126","fg0334","fg0187"
"fq002120","vx_2951692a4e635af8","fg0469","88","fg0749","fg0523","fg0298","fg0297","fg0584","fg0388","fg0397","fg0503","fg0936","fg0032","fg0334","fg0347","fg0270","fg0889","fg0263","fg0170","fg0211","fg0718","fg0159","fg0948"
"fq002121","vx_2951692a4e635af8","fg0469","1","fg0469","fg0707","fg0558","fg0718","fg0270","fg0735","fg0182","fg0652","fg0772","fg0419","fg0190","fg0154","fg0988","fg0300","fg0108","fg0776","fg0529","fg0029","fg0666","fg0681"
"fq002122","vx_2951692a4e635af8","fg0469","1","fg0469","fg0270","fg0018","fg0735","fg0895","fg0197","fg0772","fg0749","fg0910","fg0938","fg0153","fg0536","fg0500","fg0722","fg0190","fg0781","fg0584","fg0729","fg0342","fg0552"
"fq002123","vx_2951692a4e635af8","fg0469","1","fg0469","fg0270","fg0749","fg0735","fg0018","fg0722","fg0197","fg0729","fg0895","fg0536","fg0938","fg0638","fg0557","fg0910","fg0922","fg0584","fg0772","fg0538","fg0719","fg0147"
"fq002124","vx_2951692a4e635af8","fg0469","1","fg0469","fg0558","fg0718","fg0182","fg0270","fg0735","fg0190","fg0500","fg0529","fg0300","fg0108","fg0652","fg0375","fg0419","fg0707","fg0032","fg0837","fg0029","fg0666","fg0154"
"fq002125","vx_2951692a4e635af8","fg0469","1","fg0469","fg0018","fg0270","fg0895","fg0749","fg0147","fg0735","fg0922","fg0197","fg0772","fg0722","fg0729","fg0272","fg0938","fg0536","fg0638","fg0500","fg0910","fg0411","fg0652"
"fq002126","vx_2951692a4e635af8","fg0469","9","fg0735","fg0922","fg0749","fg0270","fg0718","fg0509","fg0190","fg0938","fg0469","fg0147","fg0182","fg0029","fg0108","fg0558","fg0612","fg0018","fg0652","fg0272","fg0197","fg0945"
"fq002127","vx_2951692a4e635af8","fg0469","1","fg0469","fg0270","fg0938","fg0018","fg0735","fg0895","fg0197","fg0722","fg0718","fg0772","fg0749","fg0910","fg0584","fg0558","fg0536","fg0153","fg0638","fg0190","fg0652","fg0342"
"fq002128","vx_2951692a4e635af8","fg0469","1","fg0469","fg0018","fg0270","fg0938","fg0735","fg0722","fg0895","fg0749","fg0772","fg0536","fg0272","fg0197","fg0910","fg0922","fg0945","fg0973","fg0147","fg0297","fg0638","fg0584"
"fq002129","vx_2951692a4e635af8","fg0469","137","fg0297","fg0411","fg0973","fg0298","fg0533","fg0211","fg0535","fg0835","fg0588","fg0962","fg0388","fg0778","fg0001","fg0885","fg0503","fg0350","fg0790","fg0123","fg0843","fg0367"
"fq002130","vx_2951692a4e635af8","fg0469","1","fg0469","fg0270","fg0735","fg0018","fg0749","fg0197","fg0895","fg0772","fg0938","fg0722","fg0729","fg0147","fg0272","fg0910","fg0190","fg0922","fg0536","fg0500","fg0552","fg0153"
"fq002131","vx_c379b44a151ecb50","fg0470","1","fg0470","fg0239","fg0865","fg0980","fg0479","fg0761","fg0636","fg0625","fg0901","fg0890","fg0717","fg0864","fg0170","fg0926","fg0795","fg0331","fg0915","fg0757","fg0654","fg0658"
"fq002132","vx_c379b44a151ecb50","fg0470","1","fg0470","fg0239","fg0915","fg0980","fg0761","fg0926","fg0331","fg0890","fg0865","fg0479","fg0576","fg0717","fg0636","fg0757","fg0864","fg0658","fg0901","fg0174","fg0450","fg0362"
"fq002133","vx_c379b44a151ecb50","fg0470","1","fg0470","fg0033","fg0652","fg0152","fg0980","fg0865","fg0521","fg0331","fg0830","fg0239","fg0823","fg0108","fg0761","fg0343","fg0535","fg0922","fg0890","fg0355","fg0559","fg0099"
"fq002134","vx_647cf78e003bbf20","fg0471","10","fg0749","fg0509","fg0147","fg0735","fg0922","fg0889","fg0444","fg0270","fg0767","fg0471","fg0288","fg0382","fg0660","fg0227","fg0272","fg0249","fg0543","fg0197","fg0722","fg0603"
"fq002135","vx_647cf78e003bbf20","fg0471","1","fg0471","fg0939","fg0919","fg0732","fg0541","fg0603","fg0821","fg0722","fg0190","fg0620","fg0069","fg0735","fg0272","fg0097","fg0270","fg0894","fg0033","fg0469","fg0859","fg0782"
"fq002136","vx_647cf78e003bbf20","fg0471","1","fg0471","fg0939","fg0919","fg0069","fg0735","fg0603","fg0722","fg0272","fg0638","fg0821","fg0894","fg0341","fg0270","fg0469","fg0227","fg0249","fg0248","fg0190","fg0018","fg0825"
"fq002137","vx_fbb044da50bc54b9","fg0472","1","fg0472","fg0429","fg0602","fg0382","fg0475","fg0701","fg0230","fg0562","fg0218","fg0573","fg0347","fg0530","fg0592","fg0082","fg0107","fg0376","fg0531","fg0200","fg0688","fg0773"
"fq002138","vx_fbb044da50bc54b9","fg0472","1","fg0472","fg0429","fg0475","fg0382","fg0531","fg0701","fg0602","fg0218","fg0530","fg0562","fg0573","fg0082","fg0230","fg0347","fg0353","fg0395","fg0716","fg0671","fg0688","fg0801"
"fq002139","vx_fbb044da50bc54b9","fg0472","424","fg0673","fg0990","fg0769","fg0667","fg0416","fg0509","fg0803","fg0965","fg0497","fg0811","fg0355","fg0979","fg0539","fg0299","fg0302","fg0915","fg0421","fg0512","fg0665","fg0444"
"fq002140","vx_fbb044da50bc54b9","fg0472","1","fg0472","fg0429","fg0602","fg0230","fg0107","fg0530","fg0475","fg0618","fg0382","fg0380","fg0347","fg0576","fg0253","fg0218","fg0442","fg0672","fg0275","fg0688","fg0783","fg0562"
"fq002141","vx_fbb044da50bc54b9","fg0472","602","fg0990","fg0673","fg0769","fg0509","fg0416","fg0667","fg0355","fg0979","fg0803","fg0539","fg0965","fg0421","fg0811","fg0497","fg0512","fg0302","fg0598","fg0147","fg0299","fg0978"
"fq002142","vx_fbb044da50bc54b9","fg0472","457","fg0673","fg0990","fg0769","fg0416","fg0667","fg0979","fg0509","fg0965","fg0803","fg0302","fg0539","fg0497","fg0811","fg0598","fg0355","fg0665","fg0421","fg0915","fg0573","fg0444"
"fq002143","vx_fbb044da50bc54b9","fg0472","1","fg0472","fg0429","fg0602","fg0475","fg0230","fg0382","fg0576","fg0530","fg0531","fg0107","fg0218","fg0573","fg0592","fg0688","fg0701","fg0562","fg0082","fg0353","fg0347","fg0716"
"fq002144","vx_fbb044da50bc54b9","fg0472","1","fg0472","fg0429","fg0602","fg0382","fg0475","fg0230","fg0107","fg0562","fg0530","fg0218","fg0146","fg0791","fg0592","fg0573","fg0531","fg0253","fg0941","fg0347","fg0442","fg0082"
"fq002145","vx_fbb044da50bc54b9","fg0472","1","fg0472","fg0429","fg0531","fg0475","fg0230","fg0701","fg0602","fg0801","fg0082","fg0530","fg0347","fg0382","fg0688","fg0353","fg0576","fg0376","fg0562","fg0671","fg0832","fg0573"
"fq002146","vx_fbb044da50bc54b9","fg0472","422","fg0643","fg0212","fg0580","fg0413","fg0667","fg0646","fg0058","fg0383","fg0491","fg0136","fg0416","fg0840","fg0234","fg0494","fg0738","fg0712","fg0664","fg0546","fg0673","fg0769"
"fq002147","vx_7e0e04df1affb15d","fg0473","1","fg0473","fg0132","fg0351","fg0835","fg0098","fg0891","fg0200","fg0773","fg0381","fg0474","fg0973","fg0093","fg0650","fg0861","fg0367","fg0434","fg0898","fg0064","fg0603","fg0716"
"fq002148","vx_54ad561863d269c0","fg0474","1","fg0474","fg0545","fg0367","fg0811","fg0126","fg0973","fg0573","fg0350","fg0211","fg0258","fg0841","fg0448","fg0947","fg0025","fg0490","fg0117","fg0106","fg0843","fg0835","fg0039"
"fq002149","vx_ea045e9cd8e5951d","fg0475","1","fg0475","fg0782","fg0146","fg0039","fg0562","fg0614","fg0429","fg0472","fg0142","fg0489","fg0082","fg0697","fg0330","fg0340","fg0350","fg0382","fg0267","fg0137","fg0691","fg0317"
"fq002150","vx_ea045e9cd8e5951d","fg0475","1","fg0475","fg0782","fg0039","fg0562","fg0429","fg0472","fg0146","fg0614","fg0489","fg0697","fg0100","fg0460","fg0082","fg0317","fg0184","fg0350","fg0382","fg0267","fg0142","fg0106"
"fq002151","vx_ea045e9cd8e5951d","fg0475","1","fg0475","fg0782","fg0039","fg0562","fg0146","fg0429","fg0472","fg0697","fg0614","fg0489","fg0082","fg0573","fg0267","fg0460","fg0494","fg0382","fg0106","fg0100","fg0350","fg0811"
"fq002152","vx_ea045e9cd8e5951d","fg0475","1","fg0475","fg0039","fg0562","fg0573","fg0382","fg0082","fg0472","fg0350","fg0614","fg0494","fg0146","fg0782","fg0404","fg0085","fg0489","fg0811","fg0587","fg0421","fg0697","fg0007"
"fq002153","vx_ea045e9cd8e5951d","fg0475","1","fg0475","fg0573","fg0039","fg0082","fg0382","fg0472","fg0350","fg0085","fg0614","fg0404","fg0195","fg0421","fg0146","fg0562","fg0429","fg0811","fg0007","fg0106","fg0312","fg0474"
"fq002154","vx_ea045e9cd8e5951d","fg0475","1","fg0475","fg0782","fg0039","fg0429","fg0146","fg0472","fg0562","fg0489","fg0614","fg0350","fg0106","fg0573","fg0382","fg0460","fg0576","fg0082","fg0340","fg0697","fg0267","fg0312"
"fq002155","vx_ea045e9cd8e5951d","fg0475","1","fg0475","fg0573","fg0039","fg0382","fg0562","fg0146","fg0350","fg0472","fg0404","fg0085","fg0082","fg0614","fg0939","fg0007","fg0078","fg0429","fg0195","fg0587","fg0421","fg0312"
"fq002156","vx_ea045e9cd8e5951d","fg0475","1","fg0475","fg0573","fg0562","fg0382","fg0082","fg0697","fg0472","fg0039","fg0614","fg0317","fg0494","fg0350","fg0404","fg0489","fg0142","fg0085","fg0429","fg0146","fg0282","fg0007"
"fq002157","vx_ea045e9cd8e5951d","fg0475","1","fg0475","fg0573","fg0039","fg0082","fg0421","fg0350","fg0195","fg0106","fg0382","fg0811","fg0085","fg0942","fg0312","fg0647","fg0474","fg0614","fg0397","fg0472","fg0613","fg0218"
"fq002158","vx_792b72030e887f29","fg0476","1","fg0476","fg0193","fg0443","fg0728","fg0321","fg0023","fg0924","fg0945","fg0755","fg0322","fg0536","fg0194","fg0816","fg0138","fg0280","fg0751","fg0332","fg0135","fg0644","fg0466"
"fq002159","vx_792b72030e887f29","fg0476","1","fg0476","fg0193","fg0443","fg0728","fg0321","fg0023","fg0322","fg0138","fg0816","fg0945","fg0924","fg0332","fg0964","fg0194","fg0755","fg0751","fg0483","fg0572","fg0141","fg0207"
"fq002160","vx_47f95bc17812bf87","fg0477","1","fg0477","fg0119","fg0775","fg0101","fg0420","fg0490","fg0091","fg0461","fg0499","fg0570","fg0432","fg0947","fg0306","fg0130","fg0050","fg0545","fg0572","fg0696","fg0253","fg0855"
"fq002161","vx_31f1aae5ffd38278","fg0478","1","fg0478","fg0909","fg0884","fg0649","fg0864","fg0839","fg0912","fg0259","fg0913","fg0255","fg0746","fg0092","fg0960","fg0409","fg0596","fg0497","fg0062","fg0759","fg0353","fg0720"
"fq002162","vx_18af5b44d1a0b42a","fg0479","1","fg0479","fg0425","fg0535","fg0239","fg0174","fg0470","fg0118","fg0208","fg0414","fg0980","fg0379","fg0360","fg0058","fg0046","fg0452","fg0033","fg0291","fg0355","fg0164","fg0127"
"fq002163","vx_18af5b44d1a0b42a","fg0479","1","fg0479","fg0535","fg0239","fg0174","fg0470","fg0208","fg0033","fg0425","fg0291","fg0662","fg0362","fg0164","fg0181","fg0452","fg0980","fg0058","fg0780","fg0537","fg0871","fg0606"
"fq002164","vx_4d7bd5b05b604c24","fg0480","1","fg0480","fg0315","fg0690","fg0901","fg0744","fg0774","fg0326","fg0207","fg0136","fg0083","fg0340","fg0786","fg0658","fg0763","fg0830","fg0562","fg0946","fg0692","fg0442","fg0870"
"fq002165","vx_4d7bd5b05b604c24","fg0480","1","fg0480","fg0690","fg0901","fg0315","fg0774","fg0207","fg0326","fg0136","fg0083","fg0744","fg0562","fg0340","fg0725","fg0442","fg0785","fg0692","fg0786","fg0011","fg0791","fg0830"
"fq002166","vx_4d7bd5b05b604c24","fg0480","1","fg0480","fg0315","fg0690","fg0901","fg0326","fg0774","fg0207","fg0744","fg0083","fg0136","fg0562","fg0531","fg0725","fg0442","fg0658","fg0791","fg0786","fg0785","fg0946","fg0692"
"fq002167","vx_4d7bd5b05b604c24","fg0480","1","fg0480","fg0690","fg0901","fg0207","fg0315","fg0774","fg0326","fg0136","fg0785","fg0744","fg0554","fg0336","fg0968","fg0088","fg0011","fg0083","fg0322","fg0692","fg0658","fg0946"
"fq002168","vx_4d7bd5b05b604c24","fg0480","1","fg0480","fg0690","fg0207","fg0315","fg0774","fg0595","fg0629","fg0562","fg0901","fg0751","fg0968","fg0442","fg0340","fg0554","fg0763","fg0785","fg0683","fg0786","fg0482","fg0531"
"fq002169","vx_4d7bd5b05b604c24","fg0480","1","fg0480","fg0315","fg0690","fg0744","fg0901","fg0774","fg0531","fg0326","fg0136","fg0946","fg0786","fg0340","fg0609","fg0658","fg0336","fg0048","fg0830","fg0083","fg0763","fg0442"
"fq002170","vx_4d7bd5b05b604c24","fg0480","1","fg0480","fg0315","fg0690","fg0901","fg0774","fg0326","fg0744","fg0531","fg0136","fg0442","fg0786","fg0658","fg0340","fg0083","fg0946","fg0830","fg0562","fg0870","fg0207","fg0763"
"fq002171","vx_4d7bd5b05b604c24","fg0480","1","fg0480","fg0315","fg0901","fg0690","fg0326","fg0744","fg0786","fg0774","fg0136","fg0658","fg0946","fg0531","fg0830","fg0207","fg0562","fg0083","fg0692","fg0870","fg0442","fg0340"
"fq002172","vx_4d7bd5b05b604c24","fg0480","1","fg0480","fg0901","fg0315","fg0690","fg0786","fg0744","fg0207","fg0136","fg0340","fg0326","fg0442","fg0562","fg0339","fg0946","fg0870","fg0830","fg0083","fg0774","fg0763","fg0531"
"fq002173","vx_4d7bd5b05b604c24","fg0480","1","fg0480","fg0315","fg0901","fg0690","fg0744","fg0136","fg0340","fg0786","fg0326","fg0946","fg0774","fg0083","fg0870","fg0531","fg0830","fg0658","fg0442","fg0385","fg0763","fg0339"
"fq002174","vx_4d7bd5b05b604c24","fg0480","1","fg0480","fg0315","fg0901","fg0690","fg0326","fg0774","fg0744","fg0946","fg0658","fg0136","fg0725","fg0207","fg0786","fg0083","fg0531","fg0830","fg0692","fg0791","fg0785","fg0340"
"fq002175","vx_3f12f1a916490ce9","fg0481","1","fg0481","fg0614","fg0805","fg0777","fg0739","fg0763","fg0519","fg0568","fg0610","fg0814","fg0513","fg0111","fg0704","fg0937","fg0705","fg0657","fg0098","fg0792","fg0334","fg0153"
"fq002176","vx_3f12f1a916490ce9","fg0481","1","fg0481","fg0614","fg0777","fg0805","fg0519","fg0111","fg0763","fg0739","fg0513","fg0814","fg0887","fg0657","fg0610","fg0704","fg0189","fg0753","fg0998","fg0568","fg0705","fg0032"
"fq002177","vx_3f12f1a916490ce9","fg0481","1","fg0481","fg0777","fg0614","fg0805","fg0763","fg0739","fg0814","fg0519","fg0111","fg0610","fg0753","fg0882","fg0704","fg0070","fg0998","fg0937","fg0844","fg0309","fg0946","fg0792"
"fq002178","vx_f846a0416c90cee2","fg0482","1","fg0482","fg0178","fg0002","fg0916","fg0881","fg0385","fg0706","fg0175","fg0425","fg0518","fg0139","fg0892","fg0594","fg0515","fg0822","fg0261","fg0683","fg0744","fg0026","fg0068"
"fq002179","vx_49ded974e5725eac","fg0483","1","fg0483","fg0975","fg0423","fg0604","fg0160","fg0654","fg0509","fg0773","fg0494","fg0476","fg0321","fg0167","fg0603","fg0120","fg0816","fg0203","fg0032","fg0522","fg0643","fg0069"
"fq002180","vx_49ded974e5725eac","fg0483","1","fg0483","fg0975","fg0604","fg0654","fg0643","fg0032","fg0160","fg0423","fg0522","fg0476","fg0321","fg0816","fg0167","fg0343","fg0574","fg0846","fg0392","fg0572","fg0798","fg0607"
"fq002181","vx_34a75e660e3e315e","fg0484","1","fg0484","fg0150","fg0570","fg0353","fg0284","fg0153","fg0873","fg0867","fg0390","fg0698","fg0184","fg0826","fg0146","fg0186","fg0833","fg0445","fg0519","fg0245","fg0842","fg0128"
"fq002182","vx_596426f705b610a3","fg0485","1","fg0485","fg0885","fg0186","fg0452","fg0997","fg0879","fg0943","fg0031","fg0301","fg0623","fg0175","fg0392","fg0533","fg0289","fg0121","fg0251","fg0230","fg0146","fg0624","fg0389"
"fq002183","vx_596426f705b610a3","fg0485","1","fg0485","fg0943","fg0879","fg0885","fg0186","fg0031","fg0175","fg0997","fg0452","fg0301","fg0392","fg0623","fg0746","fg0251","fg0289","fg0121","fg0389","fg0328","fg0624","fg0230"
"fq002184","vx_35d066cadaca6ce8","fg0486","2","fg0812","fg0486","fg0506","fg0433","fg0208","fg0579","fg0814","fg0777","fg0498","fg0345","fg0795","fg0802","fg0934","fg0887","fg0713","fg0564","fg0639","fg0271","fg0478","fg0021"
"fq002185","vx_35d066cadaca6ce8","fg0486","1","fg0486","fg0812","fg0506","fg0208","fg0433","fg0579","fg0814","fg0498","fg0777","fg0713","fg0802","fg0156","fg0042","fg0796","fg0271","fg0934","fg0477","fg0345","fg0357","fg0639"
"fq002186","vx_35d066cadaca6ce8","fg0486","2","fg0812","fg0486","fg0433","fg0506","fg0713","fg0639","fg0421","fg0579","fg0345","fg0814","fg0208","fg0777","fg0338","fg0769","fg0509","fg0156","fg0539","fg0481","fg0057","fg0564"
"fq002187","vx_35d066cadaca6ce8","fg0486","1","fg0486","fg0812","fg0506","fg0579","fg0433","fg0208","fg0814","fg0777","fg0498","fg0802","fg0934","fg0271","fg0345","fg0828","fg0713","fg0887","fg0796","fg0156","fg0357","fg0042"
"fq002188","vx_c5ee1ec9a08d9557","fg0487","1","fg0487","fg0795","fg0251","fg0433","fg0997","fg0040","fg0695","fg0933","fg0954","fg0226","fg0958","fg0816","fg0239","fg0885","fg0964","fg0628","fg0319","fg0058","fg0664","fg0174"
"fq002189","vx_8e149a75efcafc60","fg0488","1","fg0488","fg0635","fg0766","fg0223","fg0106","fg0380","fg0393","fg0744","fg0881","fg0025","fg0515","fg0577","fg0699","fg0581","fg0534","fg0863","fg0340","fg0196","fg0725","fg0261"
"fq002190","vx_8e149a75efcafc60","fg0488","1","fg0488","fg0635","fg0766","fg0744","fg0746","fg0196","fg0380","fg0340","fg0863","fg0223","fg0699","fg0936","fg0106","fg0393","fg0581","fg0357","fg0848","fg0639","fg0534","fg0972"
"fq002191","vx_8e149a75efcafc60","fg0488","1","fg0488","fg0635","fg0766","fg0744","fg0699","fg0746","fg0936","fg0106","fg0380","fg0863","fg0025","fg0340","fg0393","fg0223","fg0881","fg0534","fg0196","fg0972","fg0357","fg0848"
"fq002192","vx_0f4df0d00c77aa9b","fg0489","1","fg0489","fg0064","fg0613","fg0836","fg0285","fg0475","fg0593","fg0851","fg0382","fg0860","fg0902","fg0850","fg0105","fg0722","fg0647","fg0996","fg0471","fg0347","fg0233","fg0889"
"fq002193","vx_95e3ce2c9722c1ce","fg0490","1","fg0490","fg0665","fg0025","fg0588","fg0411","fg0855","fg0147","fg0970","fg0312","fg0772","fg0018","fg0355","fg0630","fg0513","fg0477","fg0260","fg1000","fg0573","fg0082","fg0533"
"fq002194","vx_f898d8f5ec8298dc","fg0491","1","fg0491","fg0141","fg0849","fg0904","fg0601","fg0798","fg0508","fg0391","fg0818","fg0615","fg0918","fg0891","fg0834","fg0253","fg0654","fg0861","fg0175","fg0432","fg0116","fg0494"
"fq002195","vx_5e0e1e50495b5f37","fg0492","1","fg0492","fg0651","fg0465","fg0302","fg0323","fg0353","fg0543","fg0201","fg0580","fg0824","fg0630","fg0143","fg0279","fg0074","fg0407","fg0401","fg0754","fg0296","fg0418","fg0585"
"fq002196","vx_f5ae5ba73369e5d0","fg0493","1","fg0493","fg0462","fg0165","fg0946","fg0601","fg0602","fg0642","fg0801","fg0221","fg0540","fg0822","fg0698","fg0011","fg0395","fg0685","fg0582","fg0629","fg0623","fg0530","fg0235"
"fq002197","vx_2750b23a9e9f6496","fg0494","1","fg0494","fg0919","fg0975","fg0590","fg0271","fg0288","fg0382","fg0338","fg0532","fg0068","fg0282","fg0475","fg0483","fg0623","fg0762","fg0642","fg0780","fg0725","fg0070","fg0882"
"fq002198","vx_24104833a0dad29a","fg0495","1","fg0495","fg0464","fg0528","fg0304","fg0933","fg0206","fg0993","fg0936","fg0318","fg0225","fg0052","fg0810","fg0989","fg0226","fg0784","fg0392","fg0104","fg0101","fg0801","fg0131"
"fq002199","vx_24104833a0dad29a","fg0495","1","fg0495","fg0464","fg0304","fg0933","fg0989","fg0810","fg0528","fg0225","fg0936","fg0677","fg0671","fg0880","fg0206","fg0318","fg0213","fg0815","fg0525","fg0250","fg0600","fg0159"
"fq002200","vx_24104833a0dad29a","fg0495","1","fg0495","fg0464","fg0318","fg0304","fg0933","fg0226","fg0104","fg0225","fg0440","fg0993","fg0206","fg0528","fg0299","fg0600","fg0413","fg0250","fg0802","fg0810","fg0521","fg0880"
"fq002201","vx_c86100f39d7323a5","fg0496","1","fg0496","fg0175","fg0071","fg0397","fg0046","fg0492","fg0982","fg0127","fg0706","fg0233","fg0045","fg0129","fg0702","fg0279","fg0217","fg0112","fg0884","fg0984","fg0974","fg0118"
"fq002202","vx_c86100f39d7323a5","fg0496","1","fg0496","fg0492","fg0734","fg0201","fg0071","fg0129","fg0275","fg0127","fg0678","fg0897","fg0389","fg0310","fg0521","fg0721","fg0884","fg0279","fg0151","fg0618","fg0046","fg0667"
"fq002203","vx_c86100f39d7323a5","fg0496","1","fg0496","fg0071","fg0734","fg0201","fg0389","fg0492","fg0233","fg0723","fg0310","fg0884","fg0129","fg0278","fg0127","fg0897","fg0217","fg0275","fg0397","fg0785","fg0521","fg0678"
"fq002204","vx_bf142e0fca3a78ff","fg0497","1","fg0497","fg0979","fg0953","fg0667","fg0743","fg0993","fg0850","fg0302","fg0963","fg0299","fg0673","fg0871","fg0502","fg0990","fg0370","fg0737","fg0663","fg0609","fg0504","fg0965"
"fq002205","vx_bf142e0fca3a78ff","fg0497","1","fg0497","fg0979","fg0299","fg0502","fg0440","fg0993","fg0673","fg0963","fg0667","fg0953","fg0302","fg0504","fg0960","fg0737","fg0296","fg0990","fg0743","fg0871","fg0850","fg0528"
"fq002206","vx_6f8f70b52a990cf3","fg0498","1","fg0498","fg0486","fg0777","fg0812","fg0501","fg0635","fg0250","fg0208","fg0542","fg0506","fg0957","fg0766","fg0814","fg0991","fg0675","fg0731","fg0280","fg0579","fg0690","fg0048"
"fq002207","vx_6f8f70b52a990cf3","fg0498","1","fg0498","fg0777","fg0635","fg0486","fg0501","fg0250","fg0542","fg0812","fg0506","fg0353","fg0814","fg0766","fg0675","fg0570","fg0208","fg0048","fg0186","fg0548","fg0443","fg0431"
"fq002208","vx_6f8f70b52a990cf3","fg0498","1","fg0498","fg0250","fg0486","fg0186","fg0635","fg0812","fg0777","fg0103","fg0208","fg0675","fg0616","fg0501","fg0213","fg0271","fg0959","fg0280","fg0869","fg0121","fg0026","fg0506"
"fq002209","vx_6f8f70b52a990cf3","fg0498","1","fg0498","fg0777","fg0922","fg0699","fg0103","fg0182","fg0204","fg0121","fg0271","fg0666","fg0154","fg0959","fg0783","fg0684","fg0099","fg0219","fg0250","fg0869","fg0213","fg0794"
"fq002210","vx_6f8f70b52a990cf3","fg0498","1","fg0498","fg0777","fg0250","fg0501","fg0812","fg0486","fg0433","fg0635","fg0280","fg0957","fg0506","fg0699","fg0208","fg0991","fg0204","fg0959","fg0293","fg0875","fg0219","fg0121"
"fq002211","vx_a17d8daa314657af","fg0499","1","fg0499","fg0047","fg0362","fg0391","fg0127","fg0164","fg0119","fg0221","fg0477","fg0554","fg0479","fg0537","fg0718","fg0051","fg0402","fg0356","fg0625","fg0790","fg0174","fg0276"
"fq002212","vx_a17d8daa314657af","fg0499","1","fg0499","fg0391","fg0402","fg0221","fg0420","fg0127","fg0164","fg0477","fg0051","fg0101","fg0534","fg0774","fg0362","fg0119","fg0843","fg0827","fg0174","fg0943","fg0463","fg0857"
"fq002213","vx_a17d8daa314657af","fg0499","1","fg0499","fg0391","fg0127","fg0774","fg0362","fg0221","fg0051","fg0164","fg0174","fg0420","fg0477","fg0402","fg0857","fg0534","fg0943","fg0718","fg0479","fg0463","fg0101","fg0119"
"fq002214","vx_f45725f30251b0f1","fg0500","1","fg0500","fg0961","fg0097","fg0317","fg0225","fg0324","fg0072","fg0714","fg0275","fg0555","fg0114","fg0802","fg0304","fg0906","fg0464","fg0666","fg0127","fg0682","fg0880","fg0514"
"fq002215","vx_f45725f30251b0f1","fg0500","1","fg0500","fg0147","fg0270","fg0317","fg0355","fg0624","fg0583","fg0190","fg0961","fg0097","fg0922","fg0666","fg0225","fg0529","fg0760","fg0551","fg0729","fg0108","fg0304","fg0652"
"fq002216","vx_ecb9444be26df121","fg0501","1","fg0501","fg0140","fg0123","fg0866","fg0301","fg0436","fg0031","fg0266","fg0743","fg0291","fg0569","fg0607","fg0960","fg0561","fg0239","fg0299","fg0678","fg0885","fg0948","fg0549"
"fq002217","vx_dfc98350bcc1a3e1","fg0502","1","fg0502","fg0440","fg0921","fg0737","fg0682","fg0206","fg0299","fg0528","fg0407","fg0799","fg0452","fg0850","fg0504","fg0012","fg0667","fg0226","fg0446","fg0678","fg0318","fg0379"
"fq002218","vx_c9fd38771b168b12","fg0503","1","fg0503","fg0258","fg0298","fg0297","fg0140","fg0973","fg0411","fg0749","fg0589","fg0474","fg0778","fg0647","fg0889","fg0835","fg0388","fg0241","fg0582","fg0133","fg0885","fg0147"
"fq002219","vx_43b452ba060fe92f","fg0504","1","fg0504","fg0721","fg0081","fg0206","fg0114","fg0525","fg0559","fg0440","fg0908","fg0444","fg0152","fg0055","fg0956","fg0299","fg0355","fg0225","fg0416","fg0502","fg0644","fg0151"
"fq002220","vx_43b452ba060fe92f","fg0504","1","fg0504","fg0721","fg0081","fg0497","fg0206","fg0440","fg0380","fg0114","fg0908","fg0963","fg0075","fg0296","fg0151","fg0575","fg0055","fg0353","fg0299","fg0327","fg0225","fg0663"
"fq002221","vx_43b452ba060fe92f","fg0504","1","fg0504","fg0721","fg0206","fg0114","fg0440","fg0327","fg0380","fg0299","fg0502","fg0810","fg0525","fg0497","fg0081","fg0151","fg0055","fg0225","fg0575","fg0355","fg0908","fg0737"
"fq002222","vx_43b452ba060fe92f","fg0504","1","fg0504","fg0721","fg0206","fg0380","fg0440","fg0081","fg0114","fg0075","fg0327","fg0497","fg0225","fg0996","fg0151","fg0963","fg0908","fg0299","fg0810","fg0353","fg0502","fg0525"
"fq002223","vx_43b452ba060fe92f","fg0504","1","fg0504","fg0206","fg0721","fg0380","fg0327","fg0075","fg0440","fg0748","fg0114","fg0497","fg0081","fg0528","fg0055","fg0299","fg0296","fg0881","fg0225","fg0905","fg0893","fg0514"
"fq002224","vx_43b452ba060fe92f","fg0504","1","fg0504","fg0721","fg0206","fg0380","fg0327","fg0114","fg0497","fg0081","fg0353","fg0502","fg0225","fg0440","fg0075","fg0996","fg0575","fg0893","fg0850","fg0748","fg0127","fg0152"
"fq002225","vx_43b452ba060fe92f","fg0504","1","fg0504","fg0721","fg0206","fg0114","fg0497","fg0380","fg0502","fg0225","fg0081","fg0996","fg0575","fg0440","fg0152","fg0075","fg0055","fg0850","fg0240","fg0748","fg0908","fg0525"
"fq002226","vx_43b452ba060fe92f","fg0504","1","fg0504","fg0721","fg0206","fg0114","fg0081","fg0502","fg0380","fg0440","fg0525","fg0225","fg0559","fg0055","fg0152","fg0996","fg0575","fg0908","fg0810","fg0497","fg0467","fg0355"
"fq002227","vx_43b452ba060fe92f","fg0504","1","fg0504","fg0721","fg0206","fg0440","fg0114","fg0081","fg0897","fg0327","fg0502","fg0525","fg0380","fg0299","fg0151","fg0559","fg0575","fg0152","fg0467","fg0225","fg0810","fg0055"
"fq002228","vx_43b452ba060fe92f","fg0504","1","fg0504","fg0721","fg0206","fg0081","fg0114","fg0075","fg0497","fg0440","fg0502","fg0380","fg0225","fg0446","fg0963","fg0467","fg0525","fg0908","fg0055","fg0748","fg0240","fg0810"
"fq002229","vx_43b452ba060fe92f","fg0504","1","fg0504","fg0721","fg0206","fg0114","fg0081","fg0380","fg0440","fg0559","fg0152","fg0908","fg0525","fg0225","fg0575","fg0327","fg0497","fg0644","fg0810","fg0151","fg0055","fg0240"
"fq002230","vx_43b452ba060fe92f","fg0504","1","fg0504","fg0721","fg0206","fg0081","fg0380","fg0114","fg0440","fg0225","fg0575","fg0502","fg0525","fg0963","fg0908","fg0748","fg0152","fg0327","fg0497","fg0893","fg0897","fg0055"
"fq002231","vx_43b452ba060fe92f","fg0504","1","fg0504","fg0721","fg0206","fg0380","fg0114","fg0081","fg0075","fg0497","fg0440","fg0353","fg0327","fg0225","fg0908","fg0893","fg0152","fg0055","fg0236","fg0850","fg0559","fg0467"
"fq002232","vx_43b452ba060fe92f","fg0504","1","fg0504","fg0721","fg0081","fg0206","fg0114","fg0908","fg0380","fg0225","fg0502","fg0353","fg0327","fg0559","fg0152","fg0497","fg0897","fg0963","fg0446","fg0151","fg0893","fg0310"
"fq002233","vx_0c51bf55f2423fde","fg0505","1","fg0505","fg0309","fg0725","fg0170","fg0113","fg0011","fg0221","fg0289","fg0410","fg0480","fg0955","fg0106","fg0918","fg0195","fg0422","fg0901","fg0220","fg0785","fg0534","fg0985"
"fq002234","vx_625170c951406f7f","fg0506","1","fg0506","fg0486","fg0812","fg0814","fg0208","fg0579","fg0777","fg0802","fg0498","fg0433","fg0820","fg0760","fg0431","fg0280","fg0926","fg0690","fg0092","fg0564","fg0357","fg0559"
"fq002235","vx_625170c951406f7f","fg0506","1","fg0506","fg0486","fg0812","fg0802","fg0208","fg0814","fg0579","fg0242","fg0777","fg0433","fg0498","fg0357","fg0760","fg0690","fg0559","fg0092","fg0564","fg0259","fg0280","fg0353"
"fq002236","vx_625170c951406f7f","fg0506","1","fg0506","fg0486","fg0812","fg0433","fg0208","fg0802","fg0814","fg0579","fg0242","fg0498","fg0304","fg0777","fg0280","fg0760","fg0193","fg0381","fg0690","fg0668","fg0959","fg0713"
"fq002237","vx_e74bfc46ce6af76f","fg0507","1","fg0507","fg0354","fg0645","fg0323","fg0633","fg0664","fg0384","fg0543","fg0342","fg0408","fg0553","fg0318","fg0868","fg0596","fg0003","fg0615","fg0677","fg0085","fg0626","fg0093"
"fq002238","vx_e74bfc46ce6af76f","fg0507","1","fg0507","fg0354","fg0645","fg0323","fg0664","fg0384","fg0342","fg0989","fg0408","fg0596","fg0615","fg0543","fg0626","fg0633","fg0053","fg0925","fg0158","fg0003","fg0748","fg0573"
"fq002239","vx_e74bfc46ce6af76f","fg0507","1","fg0507","fg0354","fg0645","fg0596","fg0989","fg0543","fg0633","fg0664","fg0342","fg0323","fg0408","fg0905","fg0626","fg0053","fg0925","fg0615","fg0677","fg0748","fg0553","fg0384"
"fq002240","vx_e74bfc46ce6af76f","fg0507","1","fg0507","fg0354","fg0645","fg0408","fg0384","fg0925","fg0323","fg0615","fg0626","fg0866","fg0158","fg0664","fg0003","fg0748","fg0144","fg0543","fg0342","fg0776","fg0633","fg0085"
"fq002241","vx_e74bfc46ce6af76f","fg0507","1","fg0507","fg0354","fg0323","fg0318","fg0085","fg0543","fg0573","fg0342","fg0561","fg0401","fg0676","fg0645","fg0003","fg0384","fg0468","fg0664","fg0868","fg0299","fg0963","fg0053"
"fq002242","vx_e74bfc46ce6af76f","fg0507","1","fg0507","fg0354","fg0645","fg0925","fg0408","fg0323","fg0615","fg0633","fg0748","fg0866","fg0664","fg0626","fg0989","fg0158","fg0677","fg0384","fg0342","fg0053","fg0596","fg0567"
"fq002243","vx_e74bfc46ce6af76f","fg0507","1","fg0507","fg0354","fg0645","fg0543","fg0596","fg0342","fg0323","fg0053","fg0989","fg0633","fg0408","fg0664","fg0615","fg0626","fg0384","fg0573","fg0677","fg0925","fg0085","fg0905"
"fq002244","vx_e74bfc46ce6af76f","fg0507","1","fg0507","fg0354","fg0645","fg0543","fg0596","fg0323","fg0342","fg0053","fg0989","fg0384","fg0677","fg0573","fg0633","fg0318","fg0664","fg0401","fg0085","fg0676","fg0299","fg0302"
"fq002245","vx_e74bfc46ce6af76f","fg0507","1","fg0507","fg0323","fg0085","fg0543","fg0573","fg0318","fg0354","fg0302","fg0832","fg0342","fg0561","fg0868","fg0003","fg0401","fg0633","fg0676","fg0769","fg0645","fg0384","fg0965"
"fq002246","vx_e74bfc46ce6af76f","fg0507","1","fg0507","fg0354","fg0645","fg0323","fg0543","fg0342","fg0596","fg0633","fg0384","fg0318","fg0664","fg0573","fg0401","fg0085","fg0989","fg0408","fg0553","fg0003","fg0053","fg0866"
"fq002247","vx_e74bfc46ce6af76f","fg0507","1","fg0507","fg0354","fg0645","fg0925","fg0408","fg0664","fg0626","fg0323","fg0866","fg0158","fg0384","fg0567","fg0633","fg0989","fg0615","fg0808","fg0053","fg0543","fg0580","fg0424"
"fq002248","vx_e74bfc46ce6af76f","fg0507","1","fg0507","fg0354","fg0323","fg0318","fg0384","fg0543","fg0085","fg0676","fg0573","fg0645","fg0401","fg0664","fg0468","fg0003","fg0342","fg0561","fg0053","fg0093","fg0299","fg0743"
"fq002249","vx_e74bfc46ce6af76f","fg0507","1","fg0507","fg0354","fg0645","fg0323","fg0543","fg0664","fg0053","fg0384","fg0342","fg0989","fg0596","fg0633","fg0626","fg0615","fg0318","fg0408","fg0573","fg0085","fg0868","fg0003"
"fq002250","vx_e74bfc46ce6af76f","fg0507","1","fg0507","fg0354","fg0645","fg0323","fg0342","fg0633","fg0664","fg0543","fg0085","fg0003","fg0596","fg0384","fg0925","fg0868","fg0053","fg0832","fg0401","fg0989","fg0567","fg0408"
"fq002251","vx_e74bfc46ce6af76f","fg0507","1","fg0507","fg0354","fg0645","fg0615","fg0925","fg0408","fg0664","fg0323","fg0384","fg0158","fg0676","fg0748","fg0342","fg0093","fg0626","fg0144","fg0003","fg0866","fg0567","fg0085"
"fq002252","vx_e74bfc46ce6af76f","fg0507","1","fg0507","fg0085","fg0543","fg0323","fg0573","fg0318","fg0981","fg0302","fg0769","fg0012","fg0676","fg0401","fg0832","fg0561","fg0053","fg0354","fg0512","fg0530","fg0468","fg0868"
"fq002253","vx_e74bfc46ce6af76f","fg0507","1","fg0507","fg0354","fg0645","fg0323","fg0384","fg0664","fg0925","fg0408","fg0003","fg0626","fg0158","fg0543","fg0615","fg0633","fg0866","fg0596","fg0989","fg0677","fg0053","fg0342"
"fq002254","vx_e74bfc46ce6af76f","fg0507","1","fg0507","fg0354","fg0543","fg0323","fg0645","fg0085","fg0318","fg0053","fg0573","fg0596","fg0302","fg0633","fg0384","fg0342","fg0003","fg0401","fg0676","fg0664","fg0981","fg0989"
"fq002255","vx_e74bfc46ce6af76f","fg0507","1","fg0507","fg0354","fg0543","fg0323","fg0645","fg0342","fg0596","fg0633","fg0664","fg0868","fg0053","fg0989","fg0318","fg0573","fg0302","fg0384","fg0085","fg0677","fg0553","fg0438"
"fq002256","vx_e74bfc46ce6af76f","fg0507","1","fg0507","fg0354","fg0645","fg0543","fg0596","fg0323","fg0342","fg0989","fg0053","fg0633","fg0664","fg0384","fg0401","fg0573","fg0299","fg0318","fg0905","fg0302","fg0085","fg0677"
"fq002257","vx_e74bfc46ce6af76f","fg0507","1","fg0507","fg0354","fg0645","fg0342","fg0384","fg0543","fg0596","fg0664","fg0323","fg0408","fg0615","fg0401","fg0318","fg0626","fg0989","fg0053","fg0866","fg0676","fg0468","fg0299"
"fq002258","vx_e74bfc46ce6af76f","fg0507","1","fg0507","fg0354","fg0645","fg0323","fg0543","fg0596","fg0664","fg0053","fg0633","fg0342","fg0677","fg0384","fg0318","fg0003","fg0963","fg0468","fg0868","fg0553","fg0573","fg0989"
"fq002259","vx_e74bfc46ce6af76f","fg0507","1","fg0507","fg0354","fg0866","fg0323","fg0384","fg0925","fg0085","fg0318","fg0003","fg0645","fg0408","fg0615","fg0567","fg0748","fg0299","fg0868","fg0808","fg0543","fg0573","fg0561"
"fq002260","vx_e74bfc46ce6af76f","fg0507","1","fg0507","fg0354","fg0645","fg0323","fg0342","fg0543","fg0633","fg0664","fg0596","fg0053","fg0677","fg0989","fg0868","fg0384","fg0553","fg0003","fg0408","fg0318","fg0963","fg0401"
"fq002261","vx_e74bfc46ce6af76f","fg0507","1","fg0507","fg0354","fg0645","fg0323","fg0664","fg0633","fg0342","fg0596","fg0384","fg0318","fg0543","fg0866","fg0677","fg0408","fg0868","fg0989","fg0832","fg0743","fg0626","fg0615"
"fq002262","vx_e74bfc46ce6af76f","fg0507","1","fg0507","fg0543","fg0354","fg0323","fg0318","fg0085","fg0573","fg0342","fg0645","fg0401","fg0384","fg0676","fg0981","fg0868","fg0468","fg0302","fg0053","fg0299","fg0596","fg0561"
"fq002263","vx_e74bfc46ce6af76f","fg0507","1","fg0507","fg0318","fg0323","fg0676","fg0085","fg0384","fg0573","fg0561","fg0543","fg0868","fg0003","fg0981","fg0832","fg0299","fg0468","fg0743","fg0401","fg0012","fg0354","fg0302"
"fq002264","vx_e74bfc46ce6af76f","fg0507","1","fg0507","fg0354","fg0645","fg0543","fg0342","fg0596","fg0323","fg0664","fg0053","fg0384","fg0633","fg0401","fg0989","fg0318","fg0003","fg0677","fg0676","fg0573","fg0408","fg0463"
"fq002265","vx_e74bfc46ce6af76f","fg0507","1","fg0507","fg0354","fg0645","fg0318","fg0664","fg0596","fg0677","fg0743","fg0299","fg0323","fg0633","fg0438","fg0543","fg0866","fg0989","fg0384","fg0626","fg0403","fg0615","fg0206"
"fq002266","vx_e74bfc46ce6af76f","fg0507","1","fg0507","fg0354","fg0543","fg0645","fg0323","fg0596","fg0989","fg0633","fg0053","fg0342","fg0384","fg0573","fg0318","fg0664","fg0677","fg0085","fg0868","fg0302","fg0401","fg0630"
"fq002267","vx_e74bfc46ce6af76f","fg0507","1","fg0507","fg0354","fg0645","fg0543","fg0323","fg0342","fg0318","fg0596","fg0384","fg0053","fg0401","fg0676","fg0085","fg0573","fg0633","fg0664","fg0989","fg0468","fg0003","fg0743"
"fq002268","vx_e74bfc46ce6af76f","fg0507","1","fg0507","fg0354","fg0645","fg0323","fg0596","fg0989","fg0633","fg0664","fg0543","fg0615","fg0408","fg0053","fg0626","fg0342","fg0677","fg0925","fg0384","fg0866","fg0553","fg0158"
"fq002269","vx_e74bfc46ce6af76f","fg0507","1","fg0507","fg0354","fg0866","fg0323","fg0615","fg0384","fg0645","fg0408","fg0003","fg0925","fg0158","fg0626","fg0748","fg0567","fg0085","fg0808","fg0868","fg0664","fg0318","fg0144"
"fq002270","vx_e74bfc46ce6af76f","fg0507","1","fg0507","fg0354","fg0323","fg0645","fg0543","fg0085","fg0318","fg0384","fg0342","fg0573","fg0664","fg0633","fg0596","fg0053","fg0401","fg0866","fg0630","fg0003","fg0868","fg0832"
"fq002271","vx_e74bfc46ce6af76f","fg0507","1","fg0507","fg0354","fg0645","fg0543","fg0323","fg0596","fg0384","fg0342","fg0085","fg0318","fg0633","fg0989","fg0664","fg0573","fg0401","fg0408","fg0676","fg0053","fg0626","fg0615"
"fq002272","vx_e74bfc46ce6af76f","fg0507","1","fg0507","fg0354","fg0323","fg0318","fg0543","fg0085","fg0573","fg0401","fg0384","fg0645","fg0676","fg0299","fg0866","fg0003","fg0561","fg0868","fg0743","fg0342","fg0981","fg0302"
"fq002273","vx_e74bfc46ce6af76f","fg0507","1","fg0507","fg0354","fg0645","fg0408","fg0615","fg0925","fg0323","fg0989","fg0384","fg0664","fg0626","fg0543","fg0748","fg0596","fg0866","fg0633","fg0158","fg0342","fg0053","fg0677"
"fq002274","vx_e74bfc46ce6af76f","fg0507","1","fg0507","fg0354","fg0543","fg0323","fg0645","fg0342","fg0318","fg0053","fg0596","fg0664","fg0633","fg0384","fg0676","fg0302","fg0085","fg0561","fg0573","fg0868","fg0003","fg0468"
"fq002275","vx_e74bfc46ce6af76f","fg0507","1","fg0507","fg0323","fg0085","fg0003","fg0676","fg0573","fg0318","fg0384","fg0868","fg0960","fg0401","fg0354","fg0866","fg0468","fg0743","fg0645","fg0543","fg0832","fg0341","fg0963"
"fq002276","vx_e74bfc46ce6af76f","fg0507","1","fg0507","fg0354","fg0323","fg0645","fg0543","fg0384","fg0318","fg0003","fg0342","fg0866","fg0573","fg0085","fg0664","fg0676","fg0561","fg0633","fg0401","fg0868","fg0302","fg0468"
"fq002277","vx_e74bfc46ce6af76f","fg0507","1","fg0507","fg0354","fg0645","fg0408","fg0925","fg0323","fg0384","fg0664","fg0543","fg0626","fg0866","fg0989","fg0158","fg0748","fg0633","fg0596","fg0677","fg0342","fg0808","fg0003"
"fq002278","vx_e74bfc46ce6af76f","fg0507","1","fg0507","fg0354","fg0543","fg0323","fg0596","fg0645","fg0053","fg0342","fg0633","fg0302","fg0989","fg0832","fg0085","fg0868","fg0573","fg0318","fg0664","fg0677","fg0401","fg0299"
"fq002279","vx_e74bfc46ce6af76f","fg0507","1","fg0507","fg0354","fg0645","fg0323","fg0543","fg0596","fg0664","fg0342","fg0053","fg0384","fg0633","fg0677","fg0003","fg0989","fg0866","fg0573","fg0408","fg0318","fg0299","fg0925"
"fq002280","vx_e74bfc46ce6af76f","fg0507","1","fg0507","fg0354","fg0323","fg0318","fg0543","fg0645","fg0676","fg0085","fg0384","fg0866","fg0573","fg0868","fg0633","fg0401","fg0342","fg0468","fg0553","fg0003","fg0981","fg0561"
"fq002281","vx_e74bfc46ce6af76f","fg0507","1","fg0507","fg0354","fg0543","fg0323","fg0645","fg0596","fg0053","fg0318","fg0342","fg0633","fg0664","fg0676","fg0384","fg0989","fg0677","fg0085","fg0302","fg0573","fg0468","fg0868"
"fq002282","vx_e74bfc46ce6af76f","fg0507","1","fg0507","fg0354","fg0645","fg0323","fg0664","fg0543","fg0925","fg0408","fg0633","fg0596","fg0384","fg0342","fg0677","fg0003","fg0158","fg0288","fg0053","fg0615","fg0626","fg0989"
"fq002283","vx_e74bfc46ce6af76f","fg0507","1","fg0507","fg0354","fg0323","fg0318","fg0543","fg0645","fg0384","fg0676","fg0573","fg0085","fg0003","fg0468","fg0664","fg0302","fg0561","fg0053","fg0342","fg0866","fg0743","fg0596"
"fq002284","vx_e74bfc46ce6af76f","fg0507","1","fg0507","fg0354","fg0645","fg0408","fg0664","fg0323","fg0384","fg0866","fg0925","fg0626","fg0158","fg0615","fg0085","fg0567","fg0144","fg0633","fg0748","fg0342","fg0676","fg0677"
"fq002285","vx_e74bfc46ce6af76f","fg0507","1","fg0507","fg0354","fg0543","fg0645","fg0596","fg0323","fg0342","fg0318","fg0302","fg0989","fg0573","fg0053","fg0384","fg0676","fg0664","fg0633","fg0299","fg0401","fg0085","fg0905"
"fq002286","vx_e74bfc46ce6af76f","fg0507","1","fg0507","fg0354","fg0645","fg0323","fg0543","fg0596","fg0384","fg0633","fg0342","fg0408","fg0664","fg0989","fg0053","fg0626","fg0615","fg0925","fg0085","fg0318","fg0868","fg0401"
"fq002287","vx_e74bfc46ce6af76f","fg0507","1","fg0507","fg0354","fg0866","fg0925","fg0408","fg0567","fg0615","fg0158","fg0384","fg0748","fg0626","fg0144","fg0093","fg0664","fg0323","fg0645","fg0003","fg0808","fg0679","fg0776"
"fq002288","vx_e74bfc46ce6af76f","fg0507","1","fg0507","fg0354","fg0645","fg0664","fg0323","fg0633","fg0342","fg0408","fg0543","fg0596","fg0384","fg0989","fg0677","fg0626","fg0615","fg0053","fg0158","fg0925","fg0748","fg0553"
"fq002289","vx_e74bfc46ce6af76f","fg0507","1","fg0507","fg0354","fg0323","fg0645","fg0085","fg0868","fg0633","fg0543","fg0318","fg0342","fg0384","fg0408","fg0866","fg0832","fg0626","fg0401","fg0553","fg0989","fg0573","fg0925"
"fq002290","vx_e74bfc46ce6af76f","fg0507","1","fg0507","fg0354","fg0645","fg0323","fg0342","fg0543","fg0633","fg0664","fg0596","fg0384","fg0626","fg0408","fg0989","fg0053","fg0553","fg0615","fg0925","fg0302","fg0401","fg0318"
"fq002291","vx_e74bfc46ce6af76f","fg0507","1","fg0507","fg0354","fg0543","fg0596","fg0645","fg0989","fg0323","fg0053","fg0573","fg0318","fg0664","fg0633","fg0342","fg0085","fg0299","fg0302","fg0463","fg0401","fg0384","fg0866"
"fq002292","vx_e74bfc46ce6af76f","fg0507","1","fg0507","fg0354","fg0323","fg0645","fg0543","fg0633","fg0596","fg0664","fg0677","fg0866","fg0408","fg0925","fg0342","fg0085","fg0626","fg0318","fg0158","fg0553","fg0989","fg0053"
"fq002293","vx_e74bfc46ce6af76f","fg0507","1","fg0507","fg0354","fg0645","fg0323","fg0543","fg0664","fg0342","fg0633","fg0408","fg0866","fg0925","fg0596","fg0989","fg0384","fg0626","fg0677","fg0615","fg0158","fg0553","fg0567"
"fq002294","vx_e74bfc46ce6af76f","fg0507","1","fg0507","fg0354","fg0645","fg0596","fg0323","fg0633","fg0989","fg0053","fg0543","fg0342","fg0664","fg0677","fg0408","fg0626","fg0615","fg0567","fg0085","fg0925","fg0158","fg0905"
"fq002295","vx_e74bfc46ce6af76f","fg0507","1","fg0507","fg0354","fg0645","fg0323","fg0384","fg0866","fg0318","fg0543","fg0676","fg0664","fg0925","fg0003","fg0408","fg0743","fg0401","fg0573","fg0299","fg0342","fg0868","fg0808"
"fq002296","vx_e74bfc46ce6af76f","fg0507","1","fg0507","fg0318","fg0323","fg0085","fg0561","fg0543","fg0573","fg0676","fg0299","fg0981","fg0384","fg0868","fg0354","fg0743","fg0832","fg0012","fg0401","fg0769","fg0866","fg0947"
"fq002297","vx_c1b116262fbc2a25","fg0508","1","fg0508","fg0066","fg0235","fg0405","fg0262","fg0014","fg0111","fg0619","fg0563","fg0928","fg0836","fg0346","fg0967","fg0994","fg0787","fg0991","fg0286","fg0168","fg0653","fg0674"
"fq002298","vx_06f6b379606acb90","fg0509","1","fg0509","fg0922","fg0249","fg0978","fg0147","fg0262","fg0271","fg0374","fg0070","fg0652","fg0607","fg0603","fg0735","fg0729","fg0660","fg0543","fg0272","fg0167","fg0018","fg0684"
"fq002299","vx_dce9a201a90c0cb9","fg0510","1","fg0510","fg0070","fg0772","fg0006","fg0878","fg0735","fg0898","fg0132","fg0642","fg0767","fg0859","fg0366","fg0870","fg0282","fg0056","fg0538","fg0938","fg0481","fg0763","fg0541"
"fq002300","vx_dce9a201a90c0cb9","fg0510","2","fg0070","fg0510","fg0509","fg0623","fg0803","fg0735","fg0481","fg0374","fg0069","fg0908","fg0878","fg0629","fg0416","fg0494","fg0767","fg0660","fg0382","fg0960","fg0190","fg0978"
"fq002301","vx_dce9a201a90c0cb9","fg0510","2","fg0070","fg0510","fg0509","fg0803","fg0623","fg0374","fg0960","fg0629","fg0978","fg0416","fg0878","fg0481","fg0603","fg0660","fg0708","fg0767","fg0901","fg0494","fg0395","fg0069"
"fq002302","vx_dce9a201a90c0cb9","fg0510","2","fg0070","fg0510","fg0878","fg0735","fg0481","fg0898","fg0509","fg0767","fg0366","fg0541","fg0938","fg0642","fg0006","fg0772","fg0538","fg0859","fg0374","fg0629","fg0870","fg0069"
"fq002303","vx_dce9a201a90c0cb9","fg0510","2","fg0070","fg0510","fg0735","fg0006","fg0481","fg0878","fg0772","fg0366","fg0050","fg0898","fg0859","fg0537","fg0870","fg0509","fg0541","fg0767","fg0305","fg0190","fg0707","fg0321"
"fq002304","vx_dce9a201a90c0cb9","fg0510","2","fg0070","fg0510","fg0772","fg0878","fg0735","fg0481","fg0006","fg0898","fg0767","fg0366","fg0382","fg0859","fg0629","fg0050","fg0870","fg0642","fg0983","fg0739","fg0056","fg0321"
"fq002305","vx_dce9a201a90c0cb9","fg0510","1","fg0510","fg0070","fg0878","fg0006","fg0772","fg0735","fg0132","fg0898","fg0859","fg0938","fg0366","fg0537","fg0050","fg0870","fg0538","fg0374","fg0642","fg0749","fg0967","fg0273"
"fq002306","vx_dce9a201a90c0cb9","fg0510","2","fg0070","fg0510","fg0735","fg0878","fg0660","fg0006","fg0749","fg0767","fg0267","fg0772","fg0481","fg0374","fg0629","fg0898","fg0642","fg0983","fg0118","fg0190","fg0711","fg0069"
"fq002307","vx_dce9a201a90c0cb9","fg0510","1","fg0510","fg0070","fg0878","fg0735","fg0772","fg0132","fg0538","fg0898","fg0859","fg0938","fg0006","fg0638","fg0018","fg0708","fg0366","fg0382","fg0050","fg0870","fg0642","fg0262"
"fq002308","vx_9126f352357bd1bf","fg0511","1","fg0511","fg0434","fg0917","fg0202","fg0647","fg0196","fg0886","fg0650","fg0942","fg0888","fg0445","fg0223","fg0752","fg0856","fg0303","fg0064","fg0887","fg0441","fg0359","fg0097"
"fq002309","vx_4c281b83e2abe7ed","fg0512","1","fg0512","fg0012","fg0993","fg0192","fg0667","fg0341","fg0543","fg0598","fg0769","fg0302","fg0832","fg0992","fg0296","fg0990","fg0318","fg0673","fg0053","fg0468","fg0933","fg0981"
"fq002310","vx_a3f343789f0cf56d","fg0513","1","fg0513","fg0453","fg0518","fg0490","fg0173","fg0920","fg0515","fg0290","fg0386","fg0843","fg0841","fg0086","fg0692","fg0211","fg0907","fg0594","fg0657","fg0565","fg0015","fg0806"
"fq002311","vx_95c4bc9581987f55","fg0514","349","fg0772","fg0270","fg0735","fg0469","fg0749","fg0500","fg0197","fg0190","fg0018","fg0938","fg0895","fg0922","fg0945","fg0272","fg0355","fg0729","fg0147","fg0627","fg0262","fg0873"
"fq002312","vx_fc9a45743054f786","fg0515","1","fg0515","fg0448","fg0594","fg0582","fg0126","fg0811","fg0278","fg0178","fg0367","fg0513","fg0276","fg0881","fg0916","fg0039","fg0086","fg0106","fg0025","fg0778","fg0173","fg0135"
"fq002313","vx_fc9a45743054f786","fg0515","1","fg0515","fg0126","fg0474","fg0811","fg0582","fg0594","fg0367","fg0973","fg0278","fg0025","fg0297","fg0448","fg0106","fg0916","fg0039","fg0350","fg0247","fg0513","fg0843","fg0835"
"fq002314","vx_fc9a45743054f786","fg0515","1","fg0515","fg0594","fg0278","fg0916","fg0178","fg0126","fg0086","fg0025","fg0448","fg0811","fg0276","fg0582","fg0513","fg0723","fg0881","fg0518","fg0173","fg0135","fg0247","fg0305"
"fq002315","vx_fc9a45743054f786","fg0515","1","fg0515","fg0086","fg0276","fg0594","fg0448","fg0278","fg0811","fg0173","fg0367","fg0126","fg0135","fg0210","fg0178","fg0916","fg0513","fg0946","fg0881","fg0907","fg0582","fg0247"
"fq002316","vx_fc9a45743054f786","fg0515","1","fg0515","fg0916","fg0086","fg0513","fg0594","fg0173","fg0276","fg0278","fg0178","fg0448","fg0582","fg0811","fg0518","fg0015","fg0712","fg0039","fg0126","fg0135","fg0025","fg0907"
"fq002317","vx_fc9a45743054f786","fg0515","1","fg0515","fg0448","fg0126","fg0582","fg0025","fg0039","fg0367","fg0811","fg0307","fg0474","fg0218","fg0712","fg0106","fg0594","fg0297","fg0214","fg0178","fg0513","fg0809","fg0173"
"fq002318","vx_fc9a45743054f786","fg0515","1","fg0515","fg0448","fg0086","fg0276","fg0594","fg0811","fg0513","fg0367","fg0173","fg0527","fg0210","fg0916","fg0126","fg0809","fg0712","fg0662","fg0278","fg0135","fg0297","fg0582"
"fq002319","vx_fc9a45743054f786","fg0515","1","fg0515","fg0086","fg0276","fg0210","fg0448","fg0173","fg0513","fg0527","fg0946","fg0367","fg0916","fg0135","fg0360","fg0278","fg0594","fg0662","fg0811","fg0035","fg0362","fg0423"
"fq002320","vx_fc9a45743054f786","fg0515","1","fg0515","fg0086","fg0276","fg0448","fg0278","fg0594","fg0178","fg0210","fg0811","fg0946","fg0173","fg0126","fg0135","fg0881","fg0778","fg0582","fg0513","fg0723","fg0662","fg0766"
"fq002321","vx_fc9a45743054f786","fg0515","1","fg0515","fg0594","fg0218","fg0811","fg0126","fg0474","fg0025","fg0518","fg0106","fg0367","fg0448","fg0039","fg0916","fg0513","fg0582","fg0173","fg0154","fg0712","fg0178","fg0247"
"fq002322","vx_fc9a45743054f786","fg0515","1","fg0515","fg0594","fg0582","fg0278","fg0448","fg0126","fg0811","fg0086","fg0178","fg0135","fg0513","fg0247","fg0778","fg0766","fg0276","fg0474","fg0106","fg0210","fg0367","fg0723"
"fq002323","vx_fc9a45743054f786","fg0515","1","fg0515","fg0126","fg0025","fg0811","fg0039","fg0106","fg0367","fg0582","fg0712","fg0448","fg0297","fg0474","fg0307","fg0218","fg0843","fg0594","fg0173","fg0350","fg0211","fg0809"
"fq002324","vx_fc9a45743054f786","fg0515","1","fg0515","fg0448","fg0126","fg0594","fg0278","fg0367","fg0811","fg0086","fg0276","fg0173","fg0582","fg0025","fg0662","fg0916","fg0178","fg0106","fg0723","fg0015","fg0039","fg0809"
"fq002325","vx_fc9a45743054f786","fg0515","1","fg0515","fg0513","fg0740","fg0843","fg0565","fg0539","fg0868","fg0338","fg0173","fg0294","fg0716","fg0712","fg0692","fg0307","fg0974","fg0811","fg0950","fg0126","fg0131","fg0966"
"fq002326","vx_fc9a45743054f786","fg0515","1","fg0515","fg0126","fg0811","fg0106","fg0025","fg0218","fg0582","fg0039","fg0178","fg0474","fg0307","fg0594","fg0448","fg0712","fg0297","fg0214","fg0173","fg0916","fg0513","fg0367"
"fq002327","vx_fc9a45743054f786","fg0515","1","fg0515","fg0594","fg0126","fg0582","fg0448","fg0811","fg0305","fg0025","fg0278","fg0916","fg0712","fg0474","fg0039","fg0276","fg0178","fg0513","fg0490","fg0086","fg0367","fg0106"
"fq002328","vx_ec7e961e96782388","fg0516","1","fg0516","fg0209","fg0008","fg0340","fg0425","fg0054","fg0926","fg0915","fg0540","fg0909","fg0576","fg0586","fg0149","fg0061","fg0750","fg0009","fg0464","fg0352","fg0116","fg0881"
"fq002329","vx_ec7e961e96782388","fg0516","1","fg0516","fg0425","fg0209","fg0909","fg0750","fg0008","fg0340","fg0116","fg0674","fg0385","fg0242","fg0478","fg0061","fg0881","fg0581","fg0009","fg0540","fg0383","fg0072","fg0087"
"fq002330","vx_ec7e961e96782388","fg0516","1","fg0516","fg0209","fg0425","fg0909","fg0340","fg0008","fg0061","fg0009","fg0586","fg0750","fg0385","fg0540","fg0116","fg0478","fg0054","fg0383","fg0149","fg0581","fg0087","fg0838"
"fq002331","vx_ec7e961e96782388","fg0516","1","fg0516","fg0209","fg0425","fg0909","fg0008","fg0340","fg0054","fg0750","fg0061","fg0116","fg0540","fg0926","fg0586","fg0827","fg0149","fg0464","fg0009","fg0291","fg0915","fg0576"
"fq002332","vx_07c0df192e892ce6","fg0517","1","fg0517","fg0835","fg0747","fg0448","fg0877","fg0196","fg0630","fg0653","fg0351","fg0949","fg0617","fg0247","fg0441","fg0266","fg0183","fg0857","fg0548","fg0898","fg0474","fg0434"
"fq002333","vx_03d4c3070be02e1a","fg0518","1","fg0518","fg0303","fg0542","fg0214","fg0425","fg0964","fg0628","fg0513","fg0728","fg0490","fg0920","fg0280","fg0279","fg0566","fg0482","fg0367","fg0406","fg0515","fg0594","fg0984"
"fq002334","vx_2c49ad51c19aded2","fg0519","1","fg0519","fg0431","fg0777","fg0238","fg0820","fg0614","fg0699","fg0393","fg0390","fg0693","fg0424","fg0602","fg0542","fg0624","fg0322","fg0150","fg0753","fg0914","fg0434","fg0232"
"fq002335","vx_2c49ad51c19aded2","fg0519","1","fg0519","fg0699","fg0029","fg0614","fg0777","fg0632","fg0431","fg0419","fg0390","fg0404","fg0247","fg0624","fg0406","fg0417","fg0436","fg0957","fg0238","fg0741","fg0276","fg0693"
"fq002336","vx_409efbcd946f4cd6","fg0520","1","fg0520","fg0011","fg0882","fg0587","fg0443","fg0797","fg0935","fg0683","fg0116","fg0657","fg0634","fg0984","fg0693","fg0199","fg0188","fg0431","fg0399","fg0597","fg0508","fg0655"
"fq002337","vx_409efbcd946f4cd6","fg0520","1","fg0520","fg0587","fg0882","fg0443","fg0693","fg0704","fg0412","fg0011","fg0634","fg0614","fg0146","fg0921","fg0657","fg0710","fg0562","fg0399","fg0503","fg0948","fg0797","fg0117"
"fq002338","vx_409efbcd946f4cd6","fg0520","1","fg0520","fg0011","fg0797","fg0882","fg0655","fg0634","fg0269","fg0921","fg0199","fg0683","fg0493","fg0795","fg0443","fg0332","fg0188","fg0984","fg0587","fg0562","fg0935","fg0657"
"fq002339","vx_409efbcd946f4cd6","fg0520","1","fg0520","fg0011","fg0269","fg0797","fg0882","fg0199","fg0683","fg0443","fg0693","fg0634","fg0188","fg0493","fg0935","fg0655","fg0093","fg0519","fg0175","fg0111","fg0089","fg0657"
"fq002340","vx_409efbcd946f4cd6","fg0520","1","fg0520","fg0671","fg0655","fg0799","fg0440","fg0933","fg0930","fg0296","fg0882","fg0871","fg0600","fg0250","fg0832","fg0753","fg0894","fg0795","fg0345","fg0117","fg0797","fg0399"
"fq002341","vx_501666301c0c97ae","fg0521","1","fg0521","fg0522","fg0719","fg0203","fg0895","fg0557","fg0538","fg0190","fg0922","fg0722","fg0749","fg0638","fg0536","fg0382","fg0945","fg0153","fg0994","fg0154","fg0711","fg0910"
"fq002342","vx_501666301c0c97ae","fg0521","1","fg0521","fg0719","fg0522","fg0190","fg0895","fg0154","fg0922","fg0749","fg0557","fg0910","fg0722","fg0538","fg0500","fg0638","fg0250","fg0652","fg0197","fg0203","fg0735","fg0153"
"fq002343","vx_1506e1485d1fc5e6","fg0522","1","fg0522","fg0994","fg0895","fg0711","fg0772","fg0043","fg0762","fg0654","fg0975","fg0722","fg0847","fg0538","fg0457","fg0549","fg0632","fg0607","fg0190","fg0904","fg0666","fg0945"
"fq002344","vx_fd5d8df5ceff0230","fg0523","1","fg0523","fg0355","fg0327","fg0213","fg0299","fg0206","fg0464","fg0500","fg0440","fg0931","fg0906","fg0140","fg0525","fg0242","fg0225","fg0152","fg0559","fg0444","fg0114","fg0151"
"fq002345","vx_4048ea3722b7a9a2","fg0524","1","fg0524","fg0599","fg0925","fg0364","fg0142","fg0277","fg0514","fg0165","fg0842","fg0595","fg0091","fg0789","fg0230","fg0781","fg0552","fg0668","fg0044","fg0213","fg0944","fg0794"
"fq002346","vx_2814068521177d8b","fg0525","1","fg0525","fg0241","fg0959","fg0159","fg0714","fg0973","fg0802","fg0350","fg0995","fg0240","fg0213","fg0275","fg0373","fg0147","fg0687","fg0001","fg0256","fg0242","fg0559","fg0270"
"fq002347","vx_2814068521177d8b","fg0525","1","fg0525","fg0147","fg0355","fg0959","fg0159","fg0749","fg0500","fg0270","fg0687","fg0729","fg0241","fg0652","fg0151","fg0464","fg0444","fg0559","fg0714","fg0403","fg0789","fg0240"
"fq002348","vx_77d64fae79c67c88","fg0526","1","fg0526","fg0800","fg0571","fg0306","fg0288","fg0379","fg0567","fg0264","fg0764","fg0748","fg0532","fg0171","fg0393","fg0818","fg0968","fg0548","fg0409","fg0617","fg0952","fg0047"
"fq002349","vx_a4eb2a1bfb1c455e","fg0527","1","fg0527","fg0885","fg0533","fg0211","fg0367","fg0843","fg0809","fg0879","fg0647","fg0899","fg0886","fg0824","fg0907","fg0247","fg0474","fg0747","fg0889","fg0042","fg0186","fg0298"
"fq002350","vx_a4eb2a1bfb1c455e","fg0527","1","fg0527","fg0367","fg0885","fg0533","fg0298","fg0474","fg0211","fg0042","fg0448","fg0889","fg0247","fg0647","fg0886","fg0899","fg0809","fg0662","fg0276","fg0841","fg0875","fg0843"
"fq002351","vx_a4eb2a1bfb1c455e","fg0527","1","fg0527","fg0885","fg0086","fg0367","fg0211","fg0276","fg0879","fg0207","fg0515","fg0533","fg0474","fg0247","fg0042","fg0662","fg0841","fg0051","fg0886","fg0779","fg0588","fg0448"
"fq002352","vx_a4eb2a1bfb1c455e","fg0527","1","fg0527","fg0588","fg0474","fg0533","fg0367","fg0211","fg0885","fg0886","fg0793","fg0889","fg0809","fg0298","fg0539","fg0647","fg0747","fg0584","fg0879","fg0124","fg0297","fg0824"
"fq002353","vx_a4eb2a1bfb1c455e","fg0527","1","fg0527","fg0885","fg0588","fg0533","fg0474","fg0297","fg0886","fg0211","fg0515","fg0879","fg0247","fg0647","fg0130","fg0298","fg0889","fg0662","fg0490","fg0367","fg0793","fg0584"
"fq002354","vx_a4eb2a1bfb1c455e","fg0527","1","fg0527","fg0885","fg0533","fg0211","fg0367","fg0879","fg0889","fg0899","fg0474","fg0298","fg0886","fg0809","fg0042","fg0647","fg0086","fg0376","fg0276","fg0247","fg0588","fg0051"
"fq002355","vx_a4eb2a1bfb1c455e","fg0527","1","fg0527","fg0885","fg0588","fg0533","fg0211","fg0809","fg0367","fg0474","fg0647","fg0879","fg0843","fg0824","fg0298","fg0889","fg0042","fg0584","fg0124","fg0899","fg0515","fg0297"
"fq002356","vx_a4eb2a1bfb1c455e","fg0527","1","fg0527","fg0211","fg0474","fg0885","fg0298","fg0889","fg0367","fg0899","fg0843","fg0588","fg0587","fg0247","fg0042","fg0647","fg0747","fg0347","fg0533","fg0907","fg0886","fg0809"
"fq002357","vx_a4eb2a1bfb1c455e","fg0527","1","fg0527","fg0298","fg0889","fg0588","fg0211","fg0474","fg0367","fg0647","fg0841","fg0886","fg0747","fg0809","fg0843","fg0533","fg0824","fg0885","fg0573","fg0503","fg0587","fg0042"
"fq002358","vx_a4eb2a1bfb1c455e","fg0527","1","fg0527","fg0885","fg0533","fg0879","fg0367","fg0211","fg0474","fg0809","fg0662","fg0247","fg0899","fg0042","fg0364","fg0588","fg0886","fg0824","fg0130","fg0889","fg0647","fg0843"
"fq002359","vx_a4eb2a1bfb1c455e","fg0527","1","fg0527","fg0885","fg0474","fg0533","fg0211","fg0889","fg0247","fg0298","fg0367","fg0809","fg0647","fg0899","fg0886","fg0588","fg0879","fg0843","fg0451","fg0503","fg0573","fg0587"
"fq002360","vx_a4eb2a1bfb1c455e","fg0527","1","fg0527","fg0367","fg0885","fg0533","fg0474","fg0809","fg0211","fg0879","fg0042","fg0889","fg0448","fg0886","fg0841","fg0247","fg0899","fg0276","fg0747","fg0662","fg0584","fg0298"
"fq002361","vx_a4eb2a1bfb1c455e","fg0527","1","fg0527","fg0885","fg0211","fg0533","fg0588","fg0889","fg0843","fg0809","fg0367","fg0298","fg0474","fg0886","fg0747","fg0662","fg0247","fg0824","fg0647","fg0899","fg0907","fg0879"
"fq002362","vx_a4eb2a1bfb1c455e","fg0527","1","fg0527","fg0588","fg0211","fg0298","fg0367","fg0889","fg0474","fg0647","fg0584","fg0885","fg0809","fg0843","fg0533","fg0662","fg0515","fg0793","fg0747","fg0297","fg0936","fg0247"
"fq002363","vx_a4eb2a1bfb1c455e","fg0527","1","fg0527","fg0211","fg0474","fg0086","fg0889","fg0367","fg0885","fg0899","fg0647","fg0843","fg0809","fg0841","fg0298","fg0907","fg0588","fg0247","fg0042","fg0515","fg0747","fg0886"
"fq002364","vx_a4eb2a1bfb1c455e","fg0527","1","fg0527","fg0367","fg0211","fg0474","fg0298","fg0809","fg0247","fg0515","fg0588","fg0889","fg0647","fg0042","fg0886","fg0907","fg0276","fg0593","fg0747","fg0126","fg0662","fg0448"
"fq002365","vx_a4eb2a1bfb1c455e","fg0527","1","fg0527","fg0885","fg0533","fg0474","fg0647","fg0211","fg0588","fg0367","fg0886","fg0889","fg0298","fg0247","fg0500","fg0843","fg0879","fg0821","fg0899","fg0809","fg0042","fg0297"
"fq002366","vx_a4eb2a1bfb1c455e","fg0527","1","fg0527","fg0885","fg0533","fg0367","fg0211","fg0474","fg0899","fg0042","fg0086","fg0889","fg0247","fg0809","fg0276","fg0647","fg0448","fg0747","fg0886","fg0879","fg0843","fg0588"
"fq002367","vx_6752a78ed60758e3","fg0528","1","fg0528","fg0630","fg0299","fg0206","fg0921","fg0588","fg0682","fg0464","fg0947","fg0355","fg0525","fg0495","fg0729","fg0327","fg0403","fg0304","fg0989","fg0931","fg0671","fg0040"
"fq002368","vx_e73f61413ffffb43","fg0529","1","fg0529","fg0327","fg0138","fg0559","fg0231","fg0322","fg0927","fg0961","fg0521","fg0655","fg0419","fg0644","fg0818","fg0353","fg0466","fg0127","fg0386","fg0834","fg0714","fg0551"
"fq002369","vx_9a1553a1e3393699","fg0530","1","fg0530","fg0107","fg0981","fg0096","fg0012","fg0911","fg0230","fg0561","fg0007","fg0429","fg0512","fg0263","fg0960","fg0382","fg0082","fg0472","fg0330","fg0543","fg0891","fg0663"
"fq002370","vx_9a1553a1e3393699","fg0530","1","fg0530","fg0107","fg0096","fg0382","fg0230","fg0891","fg0561","fg0981","fg0472","fg0933","fg0012","fg0330","fg0429","fg0512","fg0831","fg0253","fg0263","fg0813","fg0987","fg0359"
"fq002371","vx_9a1553a1e3393699","fg0530","1","fg0530","fg0107","fg0096","fg0429","fg0891","fg0981","fg0543","fg0382","fg0472","fg0307","fg0230","fg0082","fg0012","fg0007","fg0512","fg0053","fg0561","fg0663","fg0933","fg0263"
"fq002372","vx_9a1553a1e3393699","fg0530","1","fg0530","fg0012","fg0561","fg0085","fg0911","fg0401","fg0107","fg0512","fg0543","fg0318","fg0933","fg0981","fg0795","fg0883","fg0799","fg0345","fg0960","fg0082","fg0446","fg0831"
"fq002373","vx_9a1553a1e3393699","fg0530","1","fg0530","fg0107","fg0096","fg0891","fg0230","fg0382","fg0981","fg0253","fg0512","fg0472","fg0012","fg0007","fg0813","fg0330","fg0765","fg0429","fg0987","fg0561","fg0663","fg0911"
"fq002374","vx_9a1553a1e3393699","fg0530","1","fg0530","fg0107","fg0981","fg0891","fg0096","fg0382","fg0053","fg0788","fg0512","fg0429","fg0230","fg0007","fg0012","fg0543","fg0963","fg0438","fg0330","fg0813","fg0472","fg0302"
"fq002375","vx_6a8d6b0797cc6928","fg0531","1","fg0531","fg0801","fg0601","fg0105","fg0030","fg0540","fg0688","fg0008","fg0562","fg0493","fg0786","fg0634","fg0839","fg0426","fg0395","fg0946","fg0166","fg0409","fg0829","fg0774"
"fq002376","vx_6a8d6b0797cc6928","fg0531","1","fg0531","fg0801","fg0601","fg0008","fg0052","fg0105","fg0426","fg0562","fg0409","fg0166","fg0230","fg0822","fg0080","fg0634","fg0096","fg0839","fg0472","fg0790","fg0545","fg0200"
"fq002377","vx_6a8d6b0797cc6928","fg0531","1","fg0531","fg0801","fg0601","fg0562","fg0030","fg0395","fg0166","fg0623","fg0774","fg0839","fg0688","fg0472","fg0080","fg0230","fg0634","fg0786","fg0105","fg0964","fg0409","fg0540"
"fq002378","vx_6a8d6b0797cc6928","fg0531","1","fg0531","fg0801","fg0601","fg0562","fg0426","fg0839","fg0105","fg0472","fg0634","fg0230","fg0080","fg0200","fg0166","fg0774","fg0008","fg0052","fg0822","fg0790","fg0030","fg0409"
"fq002379","vx_6a8d6b0797cc6928","fg0531","1","fg0531","fg0801","fg0601","fg0562","fg0472","fg0426","fg0105","fg0080","fg0166","fg0634","fg0008","fg0230","fg0839","fg0069","fg0774","fg0409","fg0623","fg0688","fg0822","fg0030"
"fq002380","vx_6a8d6b0797cc6928","fg0531","1","fg0531","fg0166","fg0801","fg0080","fg0455","fg0790","fg0562","fg0008","fg0096","fg0069","fg0601","fg0409","fg0052","fg0426","fg0839","fg0457","fg0545","fg0884","fg0061","fg0937"
"fq002381","vx_6a8d6b0797cc6928","fg0531","1","fg0531","fg0801","fg0601","fg0562","fg0166","fg0839","fg0230","fg0472","fg0634","fg0080","fg0623","fg0426","fg0008","fg0774","fg0069","fg0105","fg0030","fg0822","fg0200","fg0395"
"fq002382","vx_6a8d6b0797cc6928","fg0531","1","fg0531","fg0601","fg0801","fg0562","fg0839","fg0472","fg0166","fg0080","fg0105","fg0426","fg0774","fg0634","fg0230","fg0008","fg0409","fg0052","fg0200","fg0623","fg0822","fg0455"
"fq002383","vx_6a8d6b0797cc6928","fg0531","1","fg0531","fg0601","fg0801","fg0030","fg0008","fg0166","fg0105","fg0774","fg0409","fg0426","fg0562","fg0080","fg0822","fg0052","fg0356","fg0200","fg0540","fg0230","fg0472","fg0839"
"fq002384","vx_6a8d6b0797cc6928","fg0531","1","fg0531","fg0801","fg0601","fg0166","fg0080","fg0562","fg0052","fg0409","fg0455","fg0069","fg0008","fg0839","fg0774","fg0545","fg0623","fg0790","fg0096","fg0230","fg0426","fg0105"
"fq002385","vx_6a8d6b0797cc6928","fg0531","1","fg0531","fg0801","fg0601","fg0562","fg0839","fg0472","fg0166","fg0426","fg0080","fg0634","fg0105","fg0030","fg0774","fg0008","fg0230","fg0540","fg0200","fg0822","fg0790","fg0409"
"fq002386","vx_6a8d6b0797cc6928","fg0531","1","fg0531","fg0801","fg0601","fg0562","fg0166","fg0080","fg0030","fg0472","fg0426","fg0105","fg0230","fg0822","fg0634","fg0008","fg0790","fg0540","fg0839","fg0774","fg0200","fg0395"
"fq002387","vx_6a8d6b0797cc6928","fg0531","1","fg0531","fg0801","fg0562","fg0601","fg0472","fg0634","fg0426","fg0105","fg0080","fg0200","fg0839","fg0822","fg0008","fg0409","fg0230","fg0166","fg0455","fg0790","fg0545","fg0196"
"fq002388","vx_6a8d6b0797cc6928","fg0531","1","fg0531","fg0801","fg0562","fg0839","fg0601","fg0634","fg0774","fg0166","fg0080","fg0426","fg0105","fg0030","fg0200","fg0115","fg0472","fg0964","fg0545","fg0230","fg0623","fg0688"
"fq002389","vx_6a8d6b0797cc6928","fg0531","1","fg0531","fg0601","fg0801","fg0562","fg0839","fg0472","fg0080","fg0166","fg0230","fg0426","fg0008","fg0105","fg0774","fg0634","fg0822","fg0052","fg0200","fg0069","fg0623","fg0409"
"fq002390","vx_6a8d6b0797cc6928","fg0531","1","fg0531","fg0801","fg0562","fg0030","fg0601","fg0634","fg0105","fg0426","fg0472","fg0166","fg0200","fg0230","fg0080","fg0774","fg0008","fg0623","fg0540","fg0395","fg0786","fg0688"
"fq002391","vx_6a8d6b0797cc6928","fg0531","1","fg0531","fg0601","fg0801","fg0562","fg0030","fg0822","fg0230","fg0839","fg0166","fg0634","fg0080","fg0008","fg0200","fg0472","fg0395","fg0061","fg0774","fg0540","fg0623","fg0924"
"fq002392","vx_6a8d6b0797cc6928","fg0531","1","fg0531","fg0801","fg0030","fg0601","fg0562","fg0472","fg0688","fg0080","fg0426","fg0200","fg0634","fg0946","fg0822","fg0105","fg0786","fg0540","fg0230","fg0264","fg0395","fg0196"
"fq002393","vx_6a8d6b0797cc6928","fg0531","1","fg0531","fg0801","fg0030","fg0562","fg0634","fg0426","fg0822","fg0105","fg0601","fg0395","fg0946","fg0230","fg0200","fg0790","fg0786","fg0472","fg0166","fg0688","fg0264","fg0171"
"fq002394","vx_6a8d6b0797cc6928","fg0531","1","fg0531","fg0801","fg0601","fg0562","fg0426","fg0105","fg0839","fg0166","fg0634","fg0472","fg0230","fg0409","fg0008","fg0200","fg0080","fg0774","fg0052","fg0822","fg0623","fg0790"
"fq002395","vx_6a8d6b0797cc6928","fg0531","1","fg0531","fg0801","fg0601","fg0562","fg0839","fg0166","fg0634","fg0080","fg0230","fg0472","fg0022","fg0008","fg0426","fg0069","fg0964","fg0774","fg0200","fg0623","fg0105","fg0030"
"fq002396","vx_6a8d6b0797cc6928","fg0531","1","fg0531","fg0801","fg0601","fg0562","fg0426","fg0472","fg0105","fg0166","fg0634","fg0080","fg0839","fg0774","fg0230","fg0008","fg0409","fg0200","fg0069","fg0790","fg0688","fg0052"
"fq002397","vx_6a8d6b0797cc6928","fg0531","1","fg0531","fg0801","fg0601","fg0080","fg0166","fg0008","fg0562","fg0052","fg0409","fg0455","fg0069","fg0426","fg0786","fg0790","fg0105","fg0545","fg0030","fg0688","fg0774","fg0047"
"fq002398","vx_6a8d6b0797cc6928","fg0531","1","fg0531","fg0801","fg0601","fg0562","fg0839","fg0166","fg0472","fg0080","fg0426","fg0105","fg0540","fg0634","fg0774","fg0200","fg0008","fg0030","fg0230","fg0022","fg0822","fg0455"
"fq002399","vx_6a8d6b0797cc6928","fg0531","1","fg0531","fg0801","fg0601","fg0562","fg0105","fg0426","fg0472","fg0166","fg0634","fg0774","fg0008","fg0230","fg0080","fg0030","fg0409","fg0200","fg0839","fg0088","fg0052","fg0395"
"fq002400","vx_6a8d6b0797cc6928","fg0531","1","fg0531","fg0801","fg0080","fg0166","fg0601","fg0562","fg0455","fg0008","fg0409","fg0052","fg0069","fg0790","fg0426","fg0472","fg0774","fg0030","fg0545","fg0839","fg0105","fg0047"
"fq002401","vx_6a8d6b0797cc6928","fg0531","1","fg0531","fg0801","fg0562","fg0601","fg0030","fg0839","fg0634","fg0166","fg0822","fg0080","fg0008","fg0472","fg0409","fg0774","fg0200","fg0426","fg0105","fg0540","fg0790","fg0964"
"fq002402","vx_6a8d6b0797cc6928","fg0531","1","fg0531","fg0601","fg0801","fg0562","fg0105","fg0230","fg0472","fg0200","fg0426","fg0839","fg0166","fg0774","fg0030","fg0052","fg0822","fg0080","fg0540","fg0409","fg0008","fg0634"
"fq002403","vx_f8dd0c6b6113743d","fg0532","1","fg0532","fg0120","fg0333","fg0157","fg0244","fg0811","fg0955","fg0975","fg0471","fg0122","fg0960","fg0374","fg0821","fg0329","fg0779","fg0227","fg0467","fg0796","fg0212","fg0590"
"fq002404","vx_18938eb1e727439c","fg0533","1","fg0533","fg0885","fg0388","fg0140","fg0503","fg0527","fg0001","fg0490","fg0298","fg0411","fg0569","fg0573","fg0147","fg0123","fg0778","fg0421","fg0500","fg0647","fg0588","fg0258"
"fq002405","vx_80d59b3f9e7cf353","fg0534","1","fg0534","fg0554","fg0785","fg0770","fg0718","fg0692","fg0391","fg0065","fg0813","fg0505","fg0725","fg0488","fg0803","fg0984","fg0829","fg0313","fg0791","fg0955","fg0087","fg0062"
"fq002406","vx_bd930c4cd9ba4136","fg0535","1","fg0535","fg0479","fg0146","fg0590","fg0059","fg0942","fg0448","fg0174","fg0757","fg0809","fg0434","fg0885","fg0362","fg0334","fg0331","fg0470","fg0424","fg0662","fg0103","fg0537"
"fq002407","vx_f5d953435e8f0e0c","fg0536","1","fg0536","fg0749","fg0922","fg0584","fg0270","fg0794","fg0722","fg0321","fg0772","fg0740","fg0551","fg0197","fg0469","fg0729","fg0895","fg0719","fg0135","fg0659","fg0727","fg0627"
"fq002408","vx_f5d953435e8f0e0c","fg0536","1","fg0536","fg0584","fg0469","fg0722","fg0922","fg0727","fg0749","fg0270","fg0321","fg0719","fg0895","fg0772","fg0018","fg0197","fg0638","fg0542","fg0023","fg0735","fg0406","fg0740"
"fq002409","vx_2c5fe775dd14561d","fg0537","1","fg0537","fg0394","fg0859","fg0510","fg0417","fg0366","fg0356","fg0070","fg0474","fg0541","fg0221","fg0809","fg0379","fg0696","fg0479","fg0274","fg0164","fg0362","fg0870","fg0029"
"fq002410","vx_fc40565e524e02a6","fg0538","1","fg0538","fg0557","fg0531","fg0222","fg0956","fg0825","fg0454","fg0872","fg0719","fg0865","fg0541","fg0829","fg0638","fg0859","fg0167","fg0722","fg0382","fg0522","fg0838","fg0376"
"fq002411","vx_c81a57e94a56e0ea","fg0539","1","fg0539","fg0983","fg0627","fg0035","fg0904","fg0043","fg0421","fg0435","fg0917","fg0588","fg0654","fg0713","fg0762","fg0077","fg0868","fg0001","fg0099","fg0195","fg0249","fg0975"
"fq002412","vx_e2d30ac9a55631c7","fg0540","1","fg0540","fg0836","fg0576","fg0450","fg0352","fg0928","fg0105","fg0493","fg0064","fg0601","fg0459","fg0209","fg0516","fg0829","fg0759","fg0340","fg0613","fg0701","fg0899","fg0137"
"fq002413","vx_e2d30ac9a55631c7","fg0540","1","fg0540","fg0576","fg0701","fg0352","fg0054","fg0450","fg0493","fg0899","fg0759","fg0121","fg0340","fg0459","fg0516","fg0209","fg0629","fg0822","fg0858","fg0395","fg0601","fg0458"
"fq002414","vx_e2d30ac9a55631c7","fg0540","1","fg0540","fg0836","fg0105","fg0450","fg0576","fg0137","fg0064","fg0613","fg0352","fg0030","fg0459","fg0928","fg0899","fg0829","fg0149","fg0786","fg0760","fg0395","fg0574","fg0531"
"fq002415","vx_e2d30ac9a55631c7","fg0540","1","fg0540","fg0576","fg0836","fg0105","fg0352","fg0054","fg0516","fg0450","fg0209","fg0601","fg0064","fg0441","fg0200","fg0166","fg0759","fg0149","fg0531","fg0822","fg0137","fg0340"
"fq002416","vx_ed1d1ac6deb35551","fg0541","2","fg0859","fg0541","fg0772","fg0394","fg0018","fg1000","fg0970","fg0665","fg0910","fg0197","fg0050","fg0537","fg0510","fg0934","fg0272","fg0873","fg0895","fg0490","fg0274","fg0619"
"fq002417","vx_686b5d633b6411a3","fg0542","1","fg0542","fg0135","fg0303","fg0964","fg0920","fg0727","fg0518","fg0406","fg0566","fg0391","fg0322","fg0936","fg0360","fg0863","fg0476","fg0460","fg0464","fg0648","fg0926","fg0984"
"fq002418","vx_29c0493bddb3c254","fg0543","1","fg0543","fg0596","fg0937","fg0645","fg0053","fg0677","fg0073","fg0274","fg0342","fg0022","fg0651","fg0354","fg0233","fg0323","fg0153","fg0792","fg0989","fg0463","fg0633","fg0880"
"fq002419","vx_80cae84cc530a3c8","fg0544","1","fg0544","fg0966","fg0173","fg0397","fg0334","fg0398","fg0515","fg0907","fg0211","fg0371","fg0819","fg0086","fg0982","fg0106","fg0207","fg0843","fg0059","fg0972","fg0976","fg0448"
"fq002420","vx_12d553626e41dbd0","fg0545","1","fg0545","fg0274","fg0807","fg0474","fg0284","fg0691","fg0137","fg0852","fg0383","fg0455","fg0750","fg0432","fg0325","fg0792","fg0838","fg0594","fg0073","fg0994","fg0906","fg0369"
"fq002421","vx_12d553626e41dbd0","fg0545","1","fg0545","fg0274","fg0807","fg0474","fg0284","fg0137","fg0691","fg0852","fg0383","fg0455","fg0073","fg0594","fg0432","fg0100","fg0325","fg0906","fg0782","fg0994","fg0216","fg0369"
"fq002422","vx_12d553626e41dbd0","fg0545","1","fg0545","fg0274","fg0807","fg0474","fg0284","fg0137","fg0691","fg0852","fg0455","fg0792","fg0073","fg0432","fg0383","fg0838","fg0325","fg0759","fg0538","fg0906","fg0937","fg0594"
"fq002423","vx_12d553626e41dbd0","fg0545","1","fg0545","fg0274","fg0807","fg0691","fg0284","fg0474","fg0852","fg0455","fg0759","fg0325","fg0137","fg0383","fg0750","fg0216","fg0008","fg0838","fg0432","fg0538","fg0994","fg0796"
"fq002424","vx_12d553626e41dbd0","fg0545","1","fg0545","fg0807","fg0474","fg0691","fg0284","fg0256","fg0432","fg0852","fg0538","fg0274","fg0246","fg0775","fg0008","fg1000","fg0325","fg0994","fg0349","fg0759","fg0216","fg0967"
"fq002425","vx_12d553626e41dbd0","fg0545","1","fg0545","fg0274","fg0807","fg0474","fg0284","fg0137","fg0455","fg0852","fg0691","fg0792","fg0594","fg0073","fg0383","fg0906","fg0432","fg0538","fg0937","fg0325","fg0880","fg0256"
"fq002426","vx_12d553626e41dbd0","fg0545","1","fg0545","fg0807","fg0691","fg0474","fg0284","fg0274","fg0462","fg0852","fg0994","fg0008","fg1000","fg0750","fg0759","fg0325","fg0269","fg0216","fg0432","fg0256","fg0838","fg0221"
"fq002427","vx_d75eb54384bdf5fe","fg0546","1","fg0546","fg0608","fg0919","fg0750","fg0212","fg0838","fg0437","fg0366","fg0427","fg0349","fg0934","fg0852","fg0425","fg0890","fg0004","fg0691","fg0300","fg0674","fg0818","fg0541"
"fq002428","vx_29f9ab26aa88b1b4","fg0547","1","fg0547","fg0904","fg0849","fg0189","fg0423","fg0092","fg0798","fg0017","fg0119","fg0590","fg0280","fg0862","fg0201","fg0643","fg0785","fg0601","fg0914","fg0654","fg0658","fg0711"
"fq002429","vx_f194bf58dfb37fde","fg0548","1","fg0548","fg0689","fg0759","fg0800","fg0337","fg0987","fg0456","fg0783","fg0617","fg0301","fg0393","fg0031","fg0845","fg0351","fg0616","fg0557","fg0415","fg0221","fg0122","fg0526"
"fq002430","vx_6545167ef9808fe7","fg0549","1","fg0549","fg1000","fg0301","fg0895","fg0031","fg0018","fg0197","fg0825","fg0970","fg0541","fg0522","fg0217","fg0934","fg0550","fg0194","fg0772","fg0876","fg0776","fg0471","fg0108"
"fq002431","vx_cda5ad2245065d65","fg0550","1","fg0550","fg0549","fg0726","fg0026","fg0272","fg0471","fg0750","fg0089","fg0786","fg1000","fg0010","fg0970","fg0707","fg0143","fg0895","fg0063","fg0767","fg0269","fg0501","fg0014"
"fq002432","vx_cda5ad2245065d65","fg0550","1","fg0550","fg0726","fg0010","fg0417","fg0269","fg0912","fg0707","fg0203","fg0292","fg0696","fg0549","fg0471","fg0063","fg0852","fg0374","fg0089","fg0779","fg0194","fg0756","fg0348"
"fq002433","vx_2a694076b5de0e16","fg0551","1","fg0551","fg0834","fg0898","fg0529","fg0270","fg0749","fg0794","fg0936","fg0249","fg0735","fg0190","fg0945","fg0718","fg0419","fg0466","fg0938","fg0707","fg0183","fg0500","fg0584"
"fq002434","vx_f1ecd4de670a272e","fg0552","1","fg0552","fg0944","fg0584","fg0148","fg0659","fg0942","fg0059","fg0267","fg0277","fg0889","fg0364","fg0270","fg0826","fg0133","fg0980","fg0328","fg0671","fg0588","fg0001","fg0300"
"fq002435","vx_e434c0c28065d835","fg0553","1","fg0553","fg0963","fg0633","fg0765","fg0771","fg0832","fg0502","fg0981","fg0683","fg0150","fg0631","fg0537","fg0777","fg0311","fg0203","fg0893","fg0850","fg0446","fg0379","fg0085"
"fq002436","vx_e434c0c28065d835","fg0553","1","fg0553","fg0537","fg0963","fg0379","fg0765","fg0748","fg0068","fg0357","fg0581","fg0586","fg0311","fg0870","fg0683","fg0158","fg0025","fg0710","fg0771","fg0720","fg0385","fg0185"
"fq002437","vx_e434c0c28065d835","fg0553","1","fg0553","fg0537","fg0963","fg0150","fg0765","fg0633","fg0771","fg0683","fg0357","fg0185","fg0379","fg0748","fg0068","fg0477","fg0586","fg0772","fg0581","fg0339","fg0311","fg0353"
"fq002438","vx_bdf2b6568d4f82f9","fg0554","1","fg0554","fg0534","fg0791","fg0955","fg0112","fg0785","fg0746","fg0718","fg0186","fg0860","fg0391","fg0198","fg0733","fg0692","fg0803","fg0557","fg0489","fg0386","fg0848","fg0499"
"fq002439","vx_a97cf49a7cf5ce7d","fg0555","1","fg0555","fg0823","fg0355","fg0240","fg0714","fg0959","fg0283","fg0108","fg0559","fg0213","fg0652","fg0273","fg0373","fg0666","fg0880","fg0259","fg0525","fg0957","fg0333","fg0140"
"fq002440","vx_c8f70665a0682a61","fg0556","1","fg0556","fg0220","fg0495","fg0464","fg0299","fg0671","fg0729","fg0525","fg0500","fg0947","fg0933","fg0206","fg0974","fg0849","fg0921","fg0355","fg0682","fg0615","fg0226","fg0114"
"fq002441","vx_2d1886f14de4b3d6","fg0557","1","fg0557","fg0249","fg0722","fg0922","fg0203","fg0152","fg0666","fg0078","fg0699","fg0632","fg0652","fg0638","fg0509","fg0945","fg0064","fg0272","fg0271","fg0154","fg0719","fg0749"
"fq002442","vx_76384b36a315a639","fg0558","1","fg0558","fg0414","fg0172","fg0198","fg0770","fg0190","fg0335","fg0229","fg0589","fg0873","fg0147","fg0259","fg0772","fg0283","fg0290","fg0133","fg0652","fg0018","fg0954","fg0900"
"fq002443","vx_73fb41edb7145dbc","fg0559","1","fg0559","fg0240","fg0525","fg0152","fg0373","fg0355","fg0729","fg0927","fg0092","fg0687","fg0802","fg0108","fg0922","fg0299","fg0810","fg0555","fg0931","fg0403","fg0304","fg0714"
"fq002444","vx_73fb41edb7145dbc","fg0559","1","fg0559","fg0240","fg0525","fg0355","fg0729","fg0152","fg0444","fg0931","fg0159","fg0353","fg0213","fg0225","fg0652","fg0714","fg0500","fg0810","fg0555","fg0147","fg0403","fg0083"
"fq002445","vx_73fb41edb7145dbc","fg0559","1","fg0559","fg0355","fg0525","fg0353","fg0729","fg0327","fg0687","fg0240","fg0299","fg0444","fg0151","fg0897","fg0159","fg0152","fg0810","fg0225","fg0652","fg0092","fg0373","fg0231"
"fq002446","vx_73fb41edb7145dbc","fg0559","1","fg0559","fg0353","fg0151","fg0810","fg0299","fg0355","fg0525","fg0152","fg0729","fg0240","fg0231","fg0403","fg0159","fg0927","fg0092","fg0373","fg0444","fg0714","fg0897","fg0521"
"fq002447","vx_73fb41edb7145dbc","fg0559","1","fg0559","fg0355","fg0729","fg0525","fg0299","fg0151","fg0240","fg0504","fg0810","fg0225","fg0721","fg0152","fg0403","fg0500","fg0521","fg0373","fg0444","fg0083","fg0931","fg0897"
"fq002448","vx_73fb41edb7145dbc","fg0559","1","fg0559","fg0355","fg0151","fg0240","fg0525","fg0299","fg0729","fg0810","fg0152","fg0159","fg0927","fg0444","fg0403","fg0373","fg0687","fg0083","fg0231","fg0092","fg0275","fg0652"
"fq002449","vx_73fb41edb7145dbc","fg0559","1","fg0559","fg0353","fg0327","fg0023","fg0833","fg0714","fg0275","fg0867","fg0927","fg0355","fg0159","fg0151","fg0880","fg0284","fg0225","fg0127","fg0810","fg0500","fg0310","fg0525"
"fq002450","vx_77a5a849ee014565","fg0560","4","fg0944","fg0277","fg0364","fg0560","fg0148","fg0016","fg0552","fg0246","fg0538","fg0593","fg0973","fg0892","fg0629","fg0361","fg0165","fg0742","fg0634","fg0638","fg0668","fg0850"
"fq002451","vx_886240fb2a743c49","fg0561","1","fg0561","fg0965","fg0695","fg0134","fg0338","fg0947","fg0530","fg0743","fg0921","fg0868","fg0799","fg0404","fg0012","fg0429","fg0663","fg0263","fg0926","fg0345","fg0573","fg0220"
"fq002452","vx_5f5e263ebc1bd27d","fg0562","1","fg0562","fg0475","fg0625","fg0848","fg0623","fg0146","fg0924","fg0347","fg0531","fg0218","fg0197","fg0746","fg0472","fg0312","fg0939","fg0376","fg0268","fg0712","fg0716","fg0382"
"fq002453","vx_5f5e263ebc1bd27d","fg0562","1","fg0562","fg0848","fg0475","fg0146","fg0924","fg0531","fg0376","fg0746","fg0312","fg0218","fg0197","fg0625","fg0472","fg0623","fg0790","fg0587","fg0347","fg0519","fg0776","fg0268"
"fq002454","vx_6a45877a9e63565c","fg0563","1","fg0563","fg0066","fg0201","fg0713","fg0124","fg0397","fg0824","fg0057","fg0257","fg0082","fg0127","fg0176","fg0169","fg0921","fg0085","fg0676","fg0947","fg0573","fg0982","fg0753"
"fq002455","vx_9381ea13f3d39de9","fg0564","1","fg0564","fg0894","fg0724","fg0813","fg0697","fg0864","fg0770","fg0409","fg0814","fg0062","fg0689","fg0271","fg0121","fg0415","fg0622","fg0665","fg0058","fg0548","fg0087","fg0751"
"fq002456","vx_9381ea13f3d39de9","fg0564","1","fg0564","fg0894","fg0697","fg0409","fg0393","fg0814","fg0121","fg0686","fg0751","fg0770","fg0864","fg0622","fg0415","fg0689","fg0062","fg0590","fg0813","fg0829","fg0184","fg0007"
"fq002457","vx_51908dae37c0e386","fg0565","1","fg0565","fg0211","fg0398","fg0533","fg0959","fg0539","fg0169","fg0588","fg0942","fg0421","fg0388","fg0657","fg0001","fg0411","fg0438","fg0824","fg0159","fg0195","fg0059","fg0147"
"fq002458","vx_51908dae37c0e386","fg0565","1","fg0565","fg0942","fg0211","fg0059","fg0388","fg0824","fg0421","fg0889","fg0959","fg0936","fg0843","fg0397","fg0371","fg0907","fg0350","fg0591","fg0159","fg0539","fg0173","fg0713"
"fq002459","vx_d586724bf6269b91","fg0566","1","fg0566","fg0280","fg0700","fg0591","fg0757","fg0862","fg0815","fg0798","fg0371","fg0483","fg0623","fg0542","fg0227","fg0973","fg0650","fg0835","fg0762","fg0574","fg0218","fg0423"
"fq002460","vx_d586724bf6269b91","fg0566","1","fg0566","fg0280","fg0542","fg0756","fg0200","fg0329","fg0862","fg0051","fg0199","fg0233","fg0328","fg0590","fg0066","fg0817","fg0508","fg0186","fg0405","fg0700","fg0022","fg0842"
"fq002461","vx_e6450f81282c5a25","fg0567","1","fg0567","fg0327","fg0893","fg0734","fg0324","fg0706","fg0378","fg0925","fg0526","fg0454","fg0988","fg0187","fg0883","fg0555","fg0436","fg0424","fg0958","fg0129","fg0857","fg0866"
"fq002462","vx_5afd4a9659f75afd","fg0568","1","fg0568","fg0384","fg0551","fg0387","fg0834","fg0760","fg0927","fg0455","fg0958","fg0710","fg0073","fg0153","fg0254","fg0411","fg0965","fg0745","fg0937","fg0736","fg0846","fg0874"
"fq002463","vx_4169081567318195","fg0569","1","fg0569","fg0071","fg0525","fg0159","fg0641","fg0778","fg0867","fg0881","fg0155","fg0355","fg0568","fg0968","fg0690","fg0270","fg0936","fg0652","fg0198","fg0957","fg0758","fg0749"
"fq002464","vx_4169081567318195","fg0569","1","fg0569","fg0159","fg0525","fg0355","fg0690","fg0641","fg0867","fg0147","fg0936","fg0500","fg0968","fg0671","fg0749","fg0225","fg0719","fg0959","fg0319","fg0815","fg0304","fg0155"
"fq002465","vx_a4749ff598aca5c0","fg0570","1","fg0570","fg0461","fg0912","fg0292","fg0906","fg0855","fg0466","fg0742","fg0272","fg0025","fg0364","fg0348","fg0961","fg0584","fg0707","fg0259","fg0560","fg0746","fg0190","fg0761"
"fq002466","vx_a4749ff598aca5c0","fg0570","1","fg0570","fg0461","fg0292","fg0912","fg0906","fg0364","fg0542","fg0761","fg0277","fg0272","fg0466","fg0867","fg0944","fg0501","fg0857","fg0855","fg0477","fg0148","fg0351","fg0150"
"fq002467","vx_a4749ff598aca5c0","fg0570","1","fg0570","fg0461","fg0292","fg0906","fg0912","fg0272","fg0466","fg0190","fg0501","fg0761","fg0152","fg0542","fg0277","fg0707","fg0560","fg0222","fg0635","fg0121","fg0583","fg0364"
"fq002468","vx_a4749ff598aca5c0","fg0570","1","fg0570","fg0461","fg0912","fg0906","fg0259","fg0348","fg0190","fg0292","fg0121","fg0466","fg0222","fg0276","fg0097","fg0285","fg0822","fg0272","fg0301","fg0876","fg0735","fg0074"
"fq002469","vx_a4749ff598aca5c0","fg0570","1","fg0570","fg0461","fg0292","fg0906","fg0912","fg0190","fg0466","fg0950","fg0272","fg0560","fg0961","fg0761","fg0593","fg0807","fg0097","fg0222","fg0364","fg0689","fg0584","fg0308"
"fq002470","vx_a4749ff598aca5c0","fg0570","1","fg0570","fg0461","fg0292","fg0912","fg0906","fg0272","fg0761","fg0277","fg0364","fg0638","fg0466","fg0542","fg0501","fg0944","fg0560","fg0867","fg0152","fg0190","fg0857","fg0016"
"fq002471","vx_a4749ff598aca5c0","fg0570","1","fg0570","fg0912","fg0461","fg0259","fg0348","fg0906","fg0292","fg0285","fg0876","fg0807","fg0222","fg0277","fg0761","fg0272","fg0629","fg0364","fg0822","fg0501","fg0010","fg0014"
"fq002472","vx_f236c8ff48c0a882","fg0571","1","fg0571","fg0443","fg0526","fg0265","fg0790","fg0306","fg0185","fg0234","fg0800","fg0664","fg0461","fg0764","fg0053","fg0379","fg0998","fg0350","fg0171","fg0195","fg0761","fg0439"
"fq002473","vx_58e3400eb49e70ac","fg0572","1","fg0572","fg0796","fg0755","fg0423","fg0839","fg0884","fg0253","fg0316","fg0360","fg0036","fg0237","fg0496","fg0373","fg0610","fg0559","fg0047","fg0477","fg0734","fg0101","fg0880"
"fq002474","vx_58e3400eb49e70ac","fg0572","1","fg0572","fg0796","fg0423","fg0755","fg0884","fg0316","fg0496","fg0036","fg0839","fg0360","fg0237","fg0734","fg0373","fg0483","fg0971","fg0399","fg0119","fg0101","fg0017","fg0037"
"fq002475","vx_58e3400eb49e70ac","fg0572","1","fg0572","fg0796","fg0036","fg0884","fg0423","fg0755","fg0237","fg0101","fg0119","fg0477","fg0839","fg0360","fg0141","fg0971","fg0049","fg0775","fg0037","fg0483","fg0316","fg0547"
"fq002476","vx_58e3400eb49e70ac","fg0572","1","fg0572","fg0796","fg0755","fg0839","fg0884","fg0036","fg0423","fg0237","fg0477","fg0101","fg0316","fg0049","fg0253","fg0971","fg0119","fg0610","fg0013","fg0047","fg0360","fg0141"
"fq002477","vx_58e3400eb49e70ac","fg0572","1","fg0572","fg0796","fg0360","fg0423","fg0884","fg0755","fg0496","fg0316","fg0483","fg0036","fg0399","fg0237","fg0037","fg0477","fg0839","fg0778","fg0101","fg0476","fg0119","fg0626"
"fq002478","vx_58e3400eb49e70ac","fg0572","1","fg0572","fg0796","fg0884","fg0839","fg0755","fg0036","fg0101","fg0971","fg0237","fg0049","fg0477","fg0316","fg0253","fg0616","fg0119","fg0423","fg0880","fg0388","fg0399","fg0790"
"fq002479","vx_58e3400eb49e70ac","fg0572","1","fg0572","fg0796","fg0755","fg0036","fg0101","fg0884","fg0839","fg0237","fg0477","fg0971","fg0790","fg0316","fg0119","fg0049","fg0423","fg0017","fg0399","fg0047","fg0626","fg0080"
"fq002480","vx_58e3400eb49e70ac","fg0572","1","fg0572","fg0796","fg0755","fg0884","fg0423","fg0036","fg0477","fg0839","fg0253","fg0496","fg0237","fg0101","fg0013","fg0360","fg0316","fg0399","fg0049","fg0017","fg0483","fg0119"
"fq002481","vx_0bbebab6bc5d304a","fg0573","11","fg0942","fg0059","fg0397","fg0211","fg0106","fg0843","fg0907","fg0474","fg0039","fg0657","fg0573","fg0811","fg0647","fg0889","fg0367","fg0475","fg0565","fg0587","fg0819","fg0552"
"fq002482","vx_0bbebab6bc5d304a","fg0573","1","fg0573","fg0421","fg0474","fg0990","fg0947","fg0085","fg0397","fg0082","fg0811","fg0868","fg0039","fg0965","fg0468","fg0589","fg0769","fg0916","fg0131","fg0587","fg0740","fg0941"
"fq002483","vx_0bbebab6bc5d304a","fg0573","1","fg0573","fg0421","fg0990","fg0474","fg0085","fg0082","fg0039","fg0397","fg0965","fg0587","fg0811","fg0941","fg0057","fg0769","fg0589","fg0468","fg0947","fg0037","fg0592","fg0147"
"fq002484","vx_0bbebab6bc5d304a","fg0573","1","fg0573","fg0421","fg0474","fg0397","fg0039","fg0990","fg0085","fg0947","fg0082","fg0941","fg0811","fg0647","fg0965","fg0587","fg0339","fg0263","fg0592","fg0589","fg0868","fg0475"
"fq002485","vx_0bbebab6bc5d304a","fg0573","1","fg0573","fg0421","fg0474","fg0990","fg0085","fg0947","fg0397","fg0082","fg0039","fg0868","fg0965","fg0811","fg0769","fg0589","fg0131","fg0468","fg0733","fg0673","fg0587","fg0740"
"fq002486","vx_acc455d74aa65a6e","fg0574","1","fg0574","fg0017","fg0607","fg0613","fg0904","fg0483","fg0798","fg0050","fg0431","fg0392","fg0104","fg0979","fg0711","fg0352","fg0092","fg0254","fg0138","fg0175","fg0994","fg0020"
"fq002487","vx_acc455d74aa65a6e","fg0574","1","fg0574","fg0979","fg0254","fg0613","fg0607","fg0483","fg0050","fg0431","fg0760","fg0020","fg0902","fg0509","fg0392","fg0604","fg0160","fg0017","fg0829","fg0288","fg0711","fg0804"
"fq002488","vx_acc455d74aa65a6e","fg0574","1","fg0574","fg0613","fg0431","fg0017","fg0050","fg0711","fg0798","fg0607","fg0175","fg0322","fg0092","fg0138","fg0862","fg0104","fg0166","fg0904","fg0483","fg0199","fg0073","fg0979"
"fq002489","vx_acc455d74aa65a6e","fg0574","1","fg0574","fg0607","fg0017","fg0483","fg0904","fg0392","fg0979","fg0254","fg0431","fg0613","fg0711","fg0994","fg0104","fg0050","fg0352","fg0604","fg0719","fg0798","fg0092","fg0175"
"fq002490","vx_acc455d74aa65a6e","fg0574","1","fg0574","fg0017","fg0979","fg0431","fg0175","fg0073","fg0050","fg0352","fg0483","fg0020","fg0607","fg0254","fg0904","fg0798","fg0104","fg0711","fg0392","fg0092","fg0613","fg0760"
"fq002491","vx_b1d2984a216927cf","fg0575","1","fg0575","fg0370","fg0737","fg0850","fg0439","fg0094","fg0836","fg0953","fg0504","fg0845","fg0996","fg0403","fg0323","fg0851","fg0497","fg0871","fg0405","fg0508","fg0236","fg0318"
"fq002492","vx_79da32edfd0f8004","fg0576","1","fg0576","fg0915","fg0926","fg0429","fg0460","fg0540","fg0340","fg0613","fg0209","fg0454","fg0155","fg0688","fg0516","fg0282","fg0359","fg0196","fg0757","fg0352","fg0984","fg0149"
"fq002493","vx_c0228351e8108922","fg0577","1","fg0577","fg0155","fg0744","fg0703","fg0388","fg0169","fg0704","fg0315","fg0241","fg0283","fg0569","fg0421","fg0041","fg0768","fg0778","fg0775","fg0147","fg0398","fg0612","fg0668"
"fq002494","vx_c0228351e8108922","fg0577","1","fg0577","fg0744","fg0703","fg0315","fg0388","fg0155","fg0560","fg0768","fg0828","fg0207","fg0241","fg0364","fg0001","fg0277","fg0048","fg0119","fg0226","fg0634","fg0775","fg0631"
"fq002495","vx_6b8ee4b0977c3be5","fg0578","1","fg0578","fg0889","fg0054","fg0749","fg0867","fg0659","fg0666","fg0583","fg0768","fg0809","fg0298","fg0270","fg0948","fg0877","fg0155","fg0152","fg0420","fg0922","fg0660","fg0334"
"fq002496","vx_6b8ee4b0977c3be5","fg0578","1","fg0578","fg0922","fg0749","fg0889","fg0509","fg0147","fg0851","fg0270","fg0227","fg0583","fg0152","fg0902","fg0254","fg0836","fg0666","fg0973","fg0249","fg0850","fg0659","fg0607"
"fq002497","vx_87630f0aebb78d63","fg0579","1","fg0579","fg0018","fg0970","fg0486","fg0021","fg0812","fg0355","fg0870","fg0010","fg0980","fg0934","fg0589","fg0270","fg0433","fg0509","fg0666","fg0789","fg0108","fg0040","fg0385"
"fq002498","vx_85d4673af5495908","fg0580","1","fg0580","fg0413","fg0819","fg0212","fg0643","fg0491","fg0918","fg0125","fg0702","fg0015","fg0776","fg0900","fg0492","fg0905","fg0344","fg0615","fg0830","fg0185","fg0426","fg0266"
"fq002499","vx_ce65eec3df007d0e","fg0581","1","fg0581","fg0339","fg0158","fg0009","fg0720","fg0766","fg0326","fg0385","fg0805","fg0617","fg0198","fg0196","fg0516","fg0862","fg0635","fg0488","fg0670","fg0797","fg0072","fg0949"
"fq002500","vx_6ddb7bfe61d890cc","fg0582","1","fg0582","fg0629","fg0106","fg0178","fg0515","fg0474","fg0258","fg0876","fg0503","fg0367","fg0712","fg0294","fg0126","fg0135","fg0039","fg0297","fg0014","fg0670","fg0347","fg0662"
"fq002501","vx_6ddb7bfe61d890cc","fg0582","1","fg0582","fg0629","fg0178","fg0876","fg0503","fg0101","fg0258","fg0351","fg0493","fg0474","fg0650","fg0670","fg0944","fg0294","fg0014","fg0822","fg0135","fg0118","fg0106","fg0247"
"fq002502","vx_6ddb7bfe61d890cc","fg0582","1","fg0582","fg0515","fg0247","fg0178","fg0106","fg0843","fg0297","fg0294","fg0974","fg0039","fg0258","fg0629","fg0367","fg0503","fg0712","fg0126","fg0593","fg0644","fg0191","fg0214"
"fq002503","vx_c0bf7217b4d65a5b","fg0583","1","fg0583","fg0922","fg0749","fg0659","fg0500","fg0270","fg0938","fg0190","fg0147","fg0794","fg0197","fg0320","fg0035","fg0936","fg0821","fg0355","fg0304","fg0182","fg0272","fg0140"
"fq002504","vx_c0bf7217b4d65a5b","fg0583","1","fg0583","fg0922","fg0659","fg0749","fg0500","fg0190","fg0197","fg0794","fg0270","fg0147","fg0938","fg0320","fg0821","fg0271","fg0402","fg0936","fg0774","fg0140","fg0357","fg0878"
"fq002505","vx_c0bf7217b4d65a5b","fg0583","1","fg0583","fg0922","fg0749","fg0659","fg0147","fg0270","fg0500","fg0197","fg0190","fg0938","fg0320","fg0794","fg0243","fg0355","fg0272","fg0140","fg0821","fg0249","fg0936","fg0084"
"fq002506","vx_c0bf7217b4d65a5b","fg0583","1","fg0583","fg0922","fg0749","fg0500","fg0938","fg0659","fg0197","fg0270","fg0190","fg0140","fg0147","fg0794","fg0243","fg0821","fg0355","fg0357","fg0271","fg0936","fg0327","fg0878"
"fq002507","vx_c0bf7217b4d65a5b","fg0583","1","fg0583","fg0922","fg0659","fg0749","fg0500","fg0197","fg0938","fg0320","fg0190","fg0794","fg0270","fg0821","fg0147","fg0182","fg0936","fg0774","fg0357","fg0402","fg0884","fg0084"
"fq002508","vx_c0bf7217b4d65a5b","fg0583","1","fg0583","fg0659","fg0922","fg0938","fg0500","fg0749","fg0084","fg0197","fg0357","fg0320","fg0776","fg0242","fg0270","fg0794","fg0936","fg0190","fg0529","fg0271","fg0578","fg0570"
"fq002509","vx_c0bf7217b4d65a5b","fg0583","371","fg0176","fg0798","fg0591","fg0865","fg0509","fg0534","fg0839","fg0423","fg0572","fg0179","fg0373","fg0226","fg0687","fg0159","fg0815","fg0099","fg0432","fg0711","fg0018","fg0585"
"fq002510","vx_c0bf7217b4d65a5b","fg0583","1","fg0583","fg0922","fg0659","fg0749","fg0500","fg0197","fg0794","fg0270","fg0938","fg0190","fg0320","fg0821","fg0271","fg0182","fg0878","fg0147","fg0776","fg0884","fg0936","fg0509"
"fq002511","vx_c0bf7217b4d65a5b","fg0583","1","fg0583","fg0922","fg0749","fg0500","fg0197","fg0659","fg0271","fg0190","fg0270","fg0938","fg0249","fg0147","fg0243","fg0509","fg0182","fg0320","fg0821","fg0272","fg0070","fg0162"
"fq002512","vx_c0bf7217b4d65a5b","fg0583","1","fg0583","fg0922","fg0197","fg0749","fg0938","fg0500","fg0270","fg0659","fg0190","fg0794","fg0272","fg0182","fg0821","fg0776","fg0271","fg0884","fg0147","fg0320","fg0243","fg0878"
"fq002513","vx_c0bf7217b4d65a5b","fg0583","1","fg0583","fg0922","fg0749","fg0659","fg0197","fg0509","fg0938","fg0270","fg0147","fg0500","fg0190","fg0794","fg0249","fg0355","fg0776","fg0729","fg0652","fg0878","fg0243","fg0272"
"fq002514","vx_c0bf7217b4d65a5b","fg0583","1","fg0583","fg0922","fg0659","fg0749","fg0938","fg0197","fg0500","fg0794","fg0190","fg0270","fg0320","fg0357","fg0884","fg0271","fg0878","fg0821","fg0936","fg0084","fg0776","fg0029"
"fq002515","vx_c0bf7217b4d65a5b","fg0583","1","fg0583","fg0922","fg0659","fg0749","fg0938","fg0190","fg0197","fg0794","fg0500","fg0320","fg0147","fg0270","fg0271","fg0243","fg0821","fg0578","fg0242","fg0272","fg0249","fg0936"
"fq002516","vx_c0bf7217b4d65a5b","fg0583","22","fg0534","fg0572","fg0798","fg0176","fg0839","fg0391","fg0725","fg0241","fg0591","fg0952","fg0141","fg0280","fg0268","fg0585","fg0343","fg0476","fg0861","fg0865","fg0849","fg0432"
"fq002517","vx_c0bf7217b4d65a5b","fg0583","1","fg0583","fg0922","fg0659","fg0500","fg0749","fg0197","fg0270","fg0878","fg0821","fg0320","fg0884","fg0938","fg0794","fg0190","fg0162","fg0242","fg0357","fg0936","fg0147","fg0355"
"fq002518","vx_85c84fb052b16a5d","fg0584","1","fg0584","fg0270","fg0536","fg0552","fg0936","fg0297","fg0749","fg0889","fg0159","fg0742","fg0659","fg0469","fg0922","fg0551","fg0321","fg0124","fg0627","fg0588","fg0794","fg0298"
"fq002519","vx_85c84fb052b16a5d","fg0584","1","fg0584","fg0270","fg0936","fg0552","fg0297","fg0536","fg0889","fg0742","fg0124","fg0713","fg0749","fg0022","fg0588","fg0551","fg0298","fg0001","fg0251","fg0159","fg0627","fg0826"
"fq002520","vx_a76b36a8a7c4e5d9","fg0585","1","fg0585","fg0179","fg0178","fg0688","fg0261","fg0079","fg0312","fg0791","fg0036","fg0465","fg0946","fg0132","fg0670","fg0011","fg0144","fg0616","fg0492","fg0718","fg0141","fg0015"
"fq002521","vx_a76b36a8a7c4e5d9","fg0585","1","fg0585","fg0179","fg0688","fg0036","fg0178","fg0261","fg0465","fg0312","fg0946","fg0144","fg0079","fg0132","fg0616","fg0865","fg0365","fg0791","fg0830","fg0011","fg0141","fg0470"
"fq002522","vx_6b5b3bb704c53f85","fg0586","1","fg0586","fg0748","fg0708","fg0268","fg0818","fg0180","fg0870","fg0425","fg0025","fg0062","fg0130","fg0490","fg0339","fg0980","fg0871","fg0916","fg0087","fg0116","fg0901","fg0918"
"fq002523","vx_6b5b3bb704c53f85","fg0586","1","fg0586","fg0708","fg0180","fg0870","fg0748","fg0339","fg0268","fg0665","fg0025","fg0490","fg0414","fg0130","fg0470","fg0901","fg0705","fg0932","fg0855","fg0513","fg0024","fg0974"
"fq002524","vx_b95761d7f77a3e20","fg0587","1","fg0587","fg0622","fg0743","fg0196","fg0744","fg0048","fg0517","fg0205","fg0275","fg0642","fg0334","fg0071","fg0814","fg0155","fg0677","fg0237","fg0759","fg0352","fg0215","fg0003"
"fq002525","vx_6b448b50227cc3fc","fg0588","1","fg0588","fg0630","fg0082","fg0334","fg0001","fg0411","fg0835","fg0528","fg0398","fg0657","fg0173","fg0211","fg0297","fg0843","fg0682","fg0793","fg0298","fg0747","fg0247","fg0907"
"fq002526","vx_0b1f3b3a8cda7d44","fg0589","1","fg0589","fg0934","fg0804","fg0929","fg0108","fg0018","fg0085","fg0407","fg0722","fg0695","fg0133","fg0227","fg1000","fg0319","fg0401","fg0147","fg0250","fg0671","fg0970","fg0026"
"fq002527","vx_97c73c9265c0bd7b","fg0590","1","fg0590","fg0362","fg0535","fg0031","fg0150","fg0780","fg0271","fg0301","fg0862","fg0146","fg0331","fg0825","fg0448","fg0112","fg0519","fg0276","fg0121","fg0908","fg0762","fg0809"
"fq002528","vx_97c73c9265c0bd7b","fg0590","1","fg0590","fg0623","fg0362","fg0121","fg0547","fg0862","fg0448","fg0732","fg0535","fg0031","fg0780","fg0276","fg0494","fg0150","fg0762","fg0271","fg0146","fg0847","fg0029","fg0301"
"fq002529","vx_c51dc8be2447219e","fg0591","1","fg0591","fg0180","fg0176","fg0126","fg0565","fg0819","fg0865","fg0778","fg0843","fg0614","fg0388","fg0312","fg0106","fg0704","fg0183","fg0829","fg0411","fg0702","fg0025","fg0967"
"fq002530","vx_33fb3ac188ce863e","fg0592","1","fg0592","fg0039","fg0573","fg0147","fg0749","fg0509","fg0941","fg0889","fg0811","fg0082","fg0729","fg0355","fg0421","fg0444","fg0297","fg0155","fg0159","fg0824","fg0475","fg0397"
"fq002531","vx_ff0cfcfe583472c3","fg0593","1","fg0593","fg0285","fg0347","fg0078","fg0364","fg0632","fg0169","fg0647","fg0889","fg0406","fg0666","fg0210","fg0944","fg0335","fg0699","fg0067","fg0277","fg0190","fg0560","fg0211"
"fq002532","vx_ff0cfcfe583472c3","fg0593","1","fg0593","fg0285","fg0347","fg0632","fg0364","fg0889","fg0078","fg0647","fg0666","fg0560","fg0722","fg0406","fg0135","fg0210","fg0317","fg0489","fg0471","fg0335","fg0869","fg0190"
"fq002533","vx_6ef915b8de7c6201","fg0594","1","fg0594","fg0474","fg0515","fg0811","fg0025","fg0305","fg0438","fg0350","fg0068","fg0297","fg0039","fg0398","fg0973","fg0385","fg0490","fg0411","fg0117","fg0852","fg0448","fg0573"
"fq002534","vx_a29a02dcc986584d","fg0595","68","fg0324","fg0600","fg0523","fg0998","fg0624","fg0213","fg0943","fg0259","fg0225","fg0820","fg0777","fg0649","fg0500","fg0555","fg0162","fg0317","fg0746","fg0240","fg0519","fg0083"
"fq002535","vx_428d8eee5d7a7144","fg0596","1","fg0596","fg0645","fg0543","fg0989","fg0354","fg0053","fg0342","fg0507","fg0912","fg0198","fg0905","fg0633","fg0694","fg0403","fg0206","fg0083","fg0356","fg0409","fg0999","fg0492"
"fq002536","vx_78e989cd46241524","fg0597","1","fg0597","fg0693","fg0780","fg0682","fg0787","fg0079","fg0060","fg0493","fg0991","fg0685","fg0725","fg0828","fg0393","fg0215","fg0424","fg0862","fg0436","fg0409","fg0330","fg0826"
"fq002537","vx_5779b5a4b7547853","fg0598","1","fg0598","fg0606","fg0965","fg0254","fg0979","fg0736","fg0440","fg0384","fg0341","fg0850","fg0930","fg0512","fg0416","fg0468","fg0192","fg0399","fg0269","fg0871","fg0063","fg0993"
"fq002538","vx_5779b5a4b7547853","fg0598","1","fg0598","fg0254","fg0979","fg0440","fg0606","fg0736","fg0512","fg0296","fg0341","fg0603","fg0063","fg0676","fg0227","fg0444","fg0611","fg0977","fg0358","fg0672","fg0192","fg0993"
"fq002539","vx_807e4756b8037c20","fg0599","1","fg0599","fg0407","fg0729","fg0133","fg0213","fg0355","fg0411","fg0931","fg0270","fg0922","fg0085","fg0219","fg0250","fg0749","fg0147","fg0319","fg0895","fg0883","fg0500","fg0794"
"fq002540","vx_d34b7b9f06a7d24e","fg0600","1","fg0600","fg0129","fg0414","fg0687","fg0607","fg0405","fg0114","fg0423","fg0521","fg0406","fg0071","fg0154","fg0140","fg0810","fg0086","fg0152","fg0802","fg0377","fg0652","fg0250"
"fq002541","vx_f2eceffc6631b227","fg0601","1","fg0601","fg0531","fg0822","fg0096","fg0540","fg0813","fg0230","fg0685","fg0166","fg0493","fg0115","fg0491","fg0107","fg0069","fg0365","fg0080","fg0104","fg0008","fg0620","fg0530"
"fq002542","vx_f2eceffc6631b227","fg0601","1","fg0601","fg0531","fg0822","fg0096","fg0685","fg0813","fg0620","fg0230","fg0491","fg0235","fg0540","fg0493","fg0080","fg0069","fg0008","fg0107","fg0166","fg0839","fg0935","fg0115"
"fq002543","vx_f2eceffc6631b227","fg0601","1","fg0601","fg0531","fg0096","fg0822","fg0813","fg0235","fg0069","fg0685","fg0620","fg0230","fg0008","fg0107","fg0681","fg0540","fg0491","fg0015","fg0691","fg0166","fg0935","fg0580"
"fq002544","vx_79d57a02a9fe67a4","fg0602","1","fg0602","fg0253","fg0188","fg0150","fg0472","fg0056","fg0833","fg0408","fg0987","fg0429","fg0831","fg0882","fg0686","fg0493","fg0353","fg0004","fg0688","fg0494","fg0165","fg0930"
"fq002545","vx_79d57a02a9fe67a4","fg0602","1","fg0602","fg0253","fg0150","fg0429","fg0472","fg0188","fg0833","fg0056","fg0408","fg0987","fg0353","fg0831","fg0475","fg0882","fg0686","fg0688","fg0459","fg0004","fg0165","fg0456"
"fq002546","vx_ca7128983d4f35c4","fg0603","1","fg0603","fg0471","fg0254","fg0902","fg0509","fg0012","fg0911","fg0483","fg0919","fg0227","fg0606","fg0512","fg0069","fg0889","fg0494","fg0939","fg0623","fg0341","fg0738","fg0735"
"fq002547","vx_ca7128983d4f35c4","fg0603","1","fg0603","fg0217","fg0471","fg0227","fg0341","fg0254","fg0939","fg0069","fg0825","fg0735","fg0911","fg0902","fg0012","fg0919","fg0081","fg0889","fg0963","fg0956","fg0606","fg0512"
"fq002548","vx_db39700dcd143742","fg0604","1","fg0604","fg0483","fg0846","fg0964","fg0077","fg0160","fg0592","fg0816","fg0005","fg0036","fg0455","fg0642","fg0321","fg0936","fg0555","fg0536","fg0926","fg0284","fg0246","fg0383"
"fq002549","vx_67117d03b1c2efa3","fg0605","1","fg0605","fg0995","fg0819","fg0156","fg0818","fg0776","fg0242","fg0486","fg0886","fg0802","fg0549","fg0043","fg0934","fg0046","fg0124","fg0212","fg0702","fg0812","fg0526","fg0975"
"fq002550","vx_67117d03b1c2efa3","fg0605","1","fg0605","fg0819","fg0702","fg0995","fg0818","fg0336","fg0212","fg0845","fg0776","fg0975","fg0156","fg0934","fg0281","fg0242","fg0043","fg0526","fg0549","fg0171","fg0802","fg0165"
"fq002551","vx_bde27c74d8dd7aec","fg0606","1","fg0606","fg0598","fg0063","fg0192","fg0384","fg0341","fg0358","fg0965","fg0323","fg0603","fg0850","fg0003","fg0963","fg0046","fg0512","fg0871","fg0804","fg0738","fg0269","fg0468"
"fq002552","vx_bde27c74d8dd7aec","fg0606","1","fg0606","fg0323","fg0341","fg0192","fg0598","fg0063","fg0358","fg0603","fg0965","fg0384","fg0081","fg0850","fg0700","fg0512","fg0003","fg0868","fg0871","fg0963","fg0985","fg0956"
"fq002553","vx_89fb4442a305734d","fg0607","1","fg0607","fg0199","fg0632","fg0557","fg0423","fg0414","fg0574","fg0026","fg0849","fg0522","fg0175","fg0889","fg0285","fg0830","fg0077","fg0390","fg0115","fg0190","fg0813","fg0137"
"fq002554","vx_f7d760e2c2de59a8","fg0608","1","fg0608","fg0546","fg0934","fg0366","fg0004","fg0428","fg0912","fg0501","fg0998","fg0443","fg0694","fg0046","fg0329","fg0935","fg0425","fg1000","fg0168","fg0089","fg0929","fg0269"
"fq002555","vx_f7d760e2c2de59a8","fg0608","1","fg0608","fg0546","fg0366","fg0934","fg0912","fg0428","fg0046","fg0425","fg0005","fg0004","fg0168","fg0998","fg0329","fg1000","fg0378","fg0089","fg0501","fg0194","fg0694","fg0180"
"fq002556","vx_f7d760e2c2de59a8","fg0608","1","fg0608","fg0546","fg0366","fg0934","fg0443","fg0089","fg0004","fg0425","fg0935","fg0912","fg0046","fg0428","fg0501","fg0329","fg0694","fg0998","fg0920","fg0952","fg0317","fg0929"
"fq002557","vx_763070f2cacf6510","fg0609","1","fg0609","fg0553","fg0357","fg0206","fg0743","fg0274","fg0832","fg0655","fg0136","fg0042","fg0319","fg0192","fg0988","fg0663","fg0799","fg0683","fg0495","fg0556","fg0056","fg0244"
"fq002558","vx_72d007e702ba4d94","fg0610","1","fg0610","fg0380","fg0896","fg0034","fg0288","fg0458","fg0915","fg0576","fg0081","fg0721","fg0151","fg0237","fg0231","fg0644","fg0280","fg0694","fg0323","fg0481","fg0083","fg0248"
"fq002559","vx_72d007e702ba4d94","fg0610","1","fg0610","fg0380","fg0896","fg0721","fg0880","fg0151","fg0288","fg0231","fg0081","fg0237","fg0576","fg0651","fg0915","fg0034","fg0458","fg0481","fg0080","fg0644","fg0963","fg0429"
"fq002560","vx_72d007e702ba4d94","fg0610","1","fg0610","fg0380","fg0081","fg0721","fg0880","fg0231","fg0288","fg0896","fg0151","fg0240","fg0034","fg0273","fg0915","fg0651","fg0576","fg0458","fg0963","fg0504","fg0275","fg0237"
"fq002561","vx_72d007e702ba4d94","fg0610","1","fg0610","fg0380","fg0896","fg0576","fg0034","fg0151","fg0915","fg0721","fg0429","fg0288","fg0237","fg0011","fg0822","fg0602","fg0081","fg0111","fg0458","fg0231","fg0601","fg0694"
"fq002562","vx_72d007e702ba4d94","fg0610","1","fg0610","fg0380","fg0081","fg0880","fg0896","fg0233","fg0151","fg0927","fg0481","fg0651","fg0721","fg0504","fg0231","fg0288","fg0963","fg0034","fg0644","fg0792","fg0783","fg0760"
"fq002563","vx_72d007e702ba4d94","fg0610","1","fg0610","fg0380","fg0896","fg0721","fg0602","fg0288","fg0111","fg0231","fg0576","fg0429","fg0081","fg0151","fg0694","fg0034","fg0237","fg0915","fg0083","fg0754","fg0253","fg0493"
"fq002564","vx_cbf089aebfe3886f","fg0611","1","fg0611","fg0074","fg0369","fg0413","fg0317","fg0457","fg0381","fg0652","fg0838","fg0116","fg0344","fg0717","fg0308","fg0196","fg0613","fg0961","fg0958","fg0222","fg0598","fg0434"
"fq002565","vx_286a4f3bdd9e8a22","fg0612","1","fg0612","fg0207","fg0267","fg0972","fg0925","fg0668","fg0205","fg0716","fg0742","fg0584","fg0184","fg0560","fg0347","fg0248","fg0826","fg0277","fg0218","fg0364","fg0806","fg0941"
"fq002566","vx_286a4f3bdd9e8a22","fg0612","1","fg0612","fg0419","fg0742","fg0029","fg0668","fg0770","fg0997","fg0922","fg0270","fg0375","fg0558","fg0121","fg0181","fg0227","fg0176","fg0925","fg0271","fg0033","fg0051","fg0184"
"fq002567","vx_286a4f3bdd9e8a22","fg0612","1","fg0612","fg0742","fg0668","fg0419","fg0984","fg0770","fg0176","fg0270","fg0181","fg0584","fg0821","fg0051","fg0662","fg0635","fg0029","fg0997","fg0045","fg0847","fg0184","fg0829"
"fq002568","vx_286a4f3bdd9e8a22","fg0612","1","fg0612","fg0668","fg0742","fg0419","fg0176","fg0770","fg0270","fg0794","fg0984","fg0184","fg0922","fg0925","fg0584","fg0121","fg0051","fg0779","fg0045","fg0635","fg0267","fg0560"
"fq002569","vx_286a4f3bdd9e8a22","fg0612","1","fg0612","fg0742","fg0668","fg0419","fg0270","fg0770","fg0847","fg0922","fg0584","fg0029","fg0121","fg0635","fg0997","fg0181","fg0271","fg0749","fg0033","fg0925","fg0794","fg0538"
"fq002570","vx_286a4f3bdd9e8a22","fg0612","1","fg0612","fg0668","fg0770","fg0925","fg0184","fg0419","fg0984","fg0742","fg0045","fg0716","fg0829","fg0558","fg0962","fg0297","fg0205","fg0488","fg0051","fg0577","fg0398","fg0267"
"fq002571","vx_b620f6dc8f0bdd63","fg0613","1","fg0613","fg0320","fg0676","fg0593","fg0454","fg0489","fg0574","fg0917","fg0647","fg0190","fg0576","fg0829","fg0336","fg0434","fg0915","fg0058","fg0511","fg0196","fg0577","fg0524"
"fq002572","vx_4f9b3d9343fd540f","fg0614","1","fg0614","fg0777","fg0753","fg0699","fg0475","fg0704","fg0957","fg0082","fg0325","fg0481","fg0146","fg0519","fg0657","fg0928","fg0882","fg0591","fg0386","fg0513","fg0811","fg0039"
"fq002573","vx_4f9b3d9343fd540f","fg0614","1","fg0614","fg0777","fg0753","fg0699","fg0704","fg0957","fg0519","fg0475","fg0513","fg0882","fg0591","fg0841","fg0481","fg0386","fg0056","fg0082","fg0039","fg0325","fg0488","fg0657"
"fq002574","vx_4f9b3d9343fd540f","fg0614","1","fg0614","fg0777","fg0475","fg0753","fg0699","fg0811","fg0082","fg0704","fg0488","fg0325","fg0657","fg0404","fg0146","fg0519","fg0882","fg0928","fg0591","fg0438","fg0106","fg0096"
"fq002575","vx_4f9b3d9343fd540f","fg0614","1","fg0614","fg0777","fg0753","fg0699","fg0704","fg0957","fg0519","fg0481","fg0882","fg0325","fg0475","fg0657","fg0928","fg0513","fg0488","fg0082","fg0111","fg0386","fg0591","fg0146"
"fq002576","vx_430fc050d73d20e1","fg0615","1","fg0615","fg0928","fg0748","fg0905","fg0180","fg0818","fg0849","fg0726","fg0691","fg0089","fg0626","fg0006","fg0679","fg0775","fg0750","fg0491","fg0776","fg0731","fg0580","fg0408"
"fq002577","vx_430fc050d73d20e1","fg0615","1","fg0615","fg0748","fg0928","fg0905","fg0405","fg0818","fg0111","fg0089","fg0750","fg0802","fg0849","fg0691","fg0180","fg0775","fg0144","fg0760","fg0626","fg0776","fg0834","fg0900"
"fq002578","vx_aa610d55d4b3ec50","fg0616","1","fg0616","fg0036","fg0896","fg0107","fg0263","fg0179","fg0186","fg0884","fg0816","fg0209","fg0867","fg0731","fg0420","fg0701","fg0455","fg0949","fg0097","fg0796","fg0245","fg0688"
"fq002579","vx_b58f8f2a38b92cc2","fg0617","1","fg0617","fg0400","fg0857","fg0705","fg0835","fg0581","fg0409","fg0800","fg0862","fg0372","fg0548","fg0582","fg0198","fg0942","fg0196","fg0590","fg0246","fg0517","fg0351","fg0797"
"fq002580","vx_b58f8f2a38b92cc2","fg0617","1","fg0617","fg0400","fg0857","fg0835","fg0800","fg0409","fg0705","fg0813","fg0582","fg0581","fg0351","fg0548","fg0246","fg0862","fg0590","fg0372","fg0256","fg0198","fg0944","fg0247"
"fq002581","vx_b58f8f2a38b92cc2","fg0617","1","fg0617","fg0857","fg0400","fg0581","fg0409","fg0705","fg0800","fg0813","fg0198","fg0862","fg0835","fg0292","fg0797","fg0998","fg0548","fg0114","fg0683","fg0890","fg0777","fg0196"
"fq002582","vx_746b68fabf2177db","fg0618","3","fg0136","fg0610","fg0618","fg0444","fg0440","fg0114","fg0672","fg0407","fg0446","fg0242","fg0703","fg0721","fg0225","fg0358","fg0048","fg0556","fg0775","fg0947","fg0682","fg0152"
"fq002583","vx_0ff6e1601d84b70b","fg0619","1","fg0619","fg0246","fg0256","fg0967","fg0262","fg0789","fg0888","fg0168","fg0781","fg0102","fg0835","fg0411","fg0393","fg0674","fg0650","fg0180","fg0653","fg0490","fg0375","fg0837"
"fq002584","vx_0ff6e1601d84b70b","fg0619","1","fg0619","fg0246","fg0256","fg0967","fg0888","fg0262","fg0789","fg0781","fg0102","fg0835","fg0674","fg0168","fg0650","fg0398","fg0411","fg0774","fg0434","fg0393","fg0653","fg0306"
"fq002585","vx_0ff6e1601d84b70b","fg0619","1","fg0619","fg0256","fg0246","fg0262","fg0789","fg0967","fg0888","fg0781","fg0411","fg0102","fg0168","fg0398","fg0650","fg0973","fg0878","fg0508","fg0627","fg0632","fg0772","fg0035"
"fq002586","vx_555cacdcf3ecf808","fg0620","1","fg0620","fg0430","fg0732","fg0751","fg0230","fg0120","fg0245","fg0723","fg0189","fg0015","fg0442","fg0785","fg0165","fg0216","fg0572","fg0122","fg0548","fg0337","fg0427","fg0847"
"fq002587","vx_0b7146d1252f235b","fg0621","1","fg0621","fg0628","fg0984","fg0251","fg0137","fg0122","fg0873","fg0694","fg0274","fg0214","fg0350","fg0105","fg0218","fg0150","fg0106","fg0891","fg0438","fg0641","fg0025","fg0656"
"fq002588","vx_a5b003c6e16c6dfa","fg0622","1","fg0622","fg0881","fg0744","fg0352","fg0914","fg0083","fg0383","fg0087","fg0644","fg0198","fg0558","fg0718","fg0247","fg0770","fg0902","fg0430","fg0587","fg0623","fg0166","fg0229"
"fq002589","vx_baacdb31dc1fee88","fg0623","1","fg0623","fg0230","fg0282","fg0494","fg0629","fg0562","fg0107","fg0911","fg0803","fg0404","fg0365","fg0475","fg0746","fg0783","fg0337","fg0069","fg0007","fg0070","fg0253","fg0956"
"fq002590","vx_baacdb31dc1fee88","fg0623","1","fg0623","fg0230","fg0629","fg0783","fg0282","fg0107","fg0365","fg0746","fg0562","fg0911","fg0337","fg0803","fg0404","fg0494","fg0997","fg0689","fg0791","fg0956","fg0007","fg0901"
"fq002591","vx_b7badcaf1cde6a99","fg0624","1","fg0624","fg0584","fg0248","fg0719","fg0536","fg0313","fg0997","fg0722","fg0078","fg0945","fg0772","fg0943","fg0404","fg0190","fg0922","fg0746","fg0500","fg0972","fg0522","fg0889"
"fq002592","vx_b7badcaf1cde6a99","fg0624","1","fg0624","fg0313","fg0997","fg0523","fg0273","fg0522","fg0445","fg0820","fg0343","fg0719","fg0500","fg0584","fg0772","fg0393","fg0746","fg0529","fg0519","fg0943","fg0570","fg0643"
"fq002593","vx_b7badcaf1cde6a99","fg0624","1","fg0624","fg0313","fg0997","fg0273","fg0820","fg0772","fg0719","fg0445","fg0523","fg0500","fg0343","fg0746","fg0529","fg0522","fg0519","fg0247","fg0635","fg0213","fg0393","fg0406"
"fq002594","vx_b7badcaf1cde6a99","fg0624","1","fg0624","fg0719","fg0722","fg0997","fg0522","fg0772","fg0536","fg0313","fg0746","fg0523","fg0584","fg0500","fg0570","fg0404","fg0749","fg0735","fg0557","fg0190","fg0943","fg0922"
"fq002595","vx_b7badcaf1cde6a99","fg0624","1","fg0624","fg0313","fg0523","fg0584","fg0972","fg0746","fg0997","fg0719","fg0570","fg0536","fg0519","fg0247","fg0943","fg0522","fg0551","fg0213","fg0772","fg0820","fg0643","fg0500"
"fq002596","vx_e0d0bb5943e4b58a","fg0625","1","fg0625","fg0785","fg0470","fg0239","fg0932","fg0332","fg0278","fg0730","fg0911","fg0662","fg0865","fg0191","fg0923","fg0146","fg0519","fg0436","fg0210","fg0181","fg0189","fg0117"
"fq002597","vx_ff9ebcff8c4052ac","fg0626","1","fg0626","fg0144","fg0408","fg0158","fg0209","fg0072","fg0180","fg0013","fg0141","fg0457","fg0615","fg0036","fg0359","fg0988","fg0101","fg0679","fg0572","fg0160","fg0796","fg0798"
"fq002598","vx_ff9ebcff8c4052ac","fg0626","1","fg0626","fg0144","fg0408","fg0158","fg0209","fg0180","fg0072","fg0615","fg0013","fg0359","fg0457","fg0036","fg0748","fg0141","fg0988","fg0679","fg0896","fg0796","fg0731","fg0776"
"fq002599","vx_ff9ebcff8c4052ac","fg0626","1","fg0626","fg0144","fg0408","fg0158","fg0209","fg0072","fg0180","fg0013","fg0359","fg0615","fg0141","fg0457","fg0160","fg0861","fg0036","fg0896","fg0988","fg0679","fg0101","fg0163"
"fq002600","vx_ff9ebcff8c4052ac","fg0626","1","fg0626","fg0144","fg0209","fg0408","fg0158","fg0013","fg0072","fg0180","fg0359","fg0036","fg0457","fg0679","fg0141","fg0796","fg0896","fg0798","fg0572","fg0988","fg0160","fg0380"
"fq002601","vx_ff9ebcff8c4052ac","fg0626","1","fg0626","fg0144","fg0408","fg0158","fg0359","fg0209","fg0036","fg0160","fg0013","fg0615","fg0141","fg0180","fg0896","fg0072","fg0796","fg0457","fg0748","fg0163","fg0572","fg0861"
"fq002602","vx_ff9ebcff8c4052ac","fg0626","1","fg0626","fg0144","fg0408","fg0209","fg0158","fg0359","fg0072","fg0180","fg0615","fg0160","fg0013","fg0141","fg0036","fg0896","fg0796","fg0798","fg0572","fg0861","fg0457","fg0748"
"fq002603","vx_ff9ebcff8c4052ac","fg0626","1","fg0626","fg0144","fg0408","fg0209","fg0158","fg0180","fg0072","fg0013","fg0036","fg0359","fg0457","fg0141","fg0572","fg0615","fg0798","fg0731","fg0160","fg0679","fg0896","fg0796"
"fq002604","vx_ff9ebcff8c4052ac","fg0626","1","fg0626","fg0144","fg0408","fg0209","fg0072","fg0158","fg0180","fg0013","fg0679","fg0036","fg0988","fg0798","fg0359","fg0457","fg0422","fg0380","fg0731","fg0572","fg0952","fg0615"
"fq002605","vx_1701a8eec1c92099","fg0627","1","fg0627","fg0099","fg0959","fg0823","fg0035","fg0102","fg0781","fg0772","fg0121","fg0029","fg0262","fg0711","fg0373","fg0904","fg0197","fg0368","fg0983","fg0331","fg0270","fg0820"
"fq002606","vx_1701a8eec1c92099","fg0627","1","fg0627","fg0099","fg0959","fg0035","fg0102","fg0331","fg0823","fg0029","fg0820","fg0121","fg0535","fg0904","fg0368","fg0762","fg0150","fg0565","fg0781","fg0894","fg0362","fg0772"
"fq002607","vx_8670f38a97ddb27e","fg0628","1","fg0628","fg0621","fg0547","fg0214","fg0056","fg0954","fg0768","fg0435","fg0984","fg0031","fg0594","fg0653","fg0641","fg0518","fg0274","fg0159","fg0643","fg0485","fg0301","fg0873"
"fq002608","vx_8384474c1be06dea","fg0629","1","fg0629","fg0623","fg0282","fg0582","fg0070","fg0014","fg0118","fg0822","fg0030","fg0178","fg0374","fg0165","fg0876","fg0016","fg0271","fg0554","fg0538","fg0898","fg0510","fg0640"
"fq002609","vx_54c8488fc5608d54","fg0630","1","fg0630","fg0588","fg0528","fg0085","fg0411","fg0297","fg0973","fg0401","fg0018","fg0012","fg0211","fg0503","fg0298","fg0318","fg0057","fg0247","fg0921","fg0947","fg0187","fg0835"
"fq002610","vx_1f8daadc1976a6f5","fg0631","1","fg0631","fg0134","fg0291","fg0832","fg0581","fg0968","fg0339","fg0692","fg0567","fg0136","fg0338","fg0048","fg0377","fg0827","fg0494","fg0701","fg0663","fg0274","fg0792","fg0844"
"fq002611","vx_24fe4673c9d2ca10","fg0632","1","fg0632","fg0699","fg0928","fg0203","fg0406","fg0276","fg0920","fg0895","fg0940","fg0777","fg0522","fg0593","fg0010","fg0789","fg0390","fg0869","fg0638","fg0560","fg0262","fg0210"
"fq002612","vx_24fe4673c9d2ca10","fg0632","1","fg0632","fg0699","fg0262","fg0522","fg0762","fg0888","fg0920","fg0593","fg0950","fg0329","fg0877","fg0842","fg0607","fg0285","fg0940","fg0406","fg0650","fg0390","fg0604","fg0102"
"fq002613","vx_24fe4673c9d2ca10","fg0632","1","fg0632","fg0940","fg0699","fg0522","fg0950","fg0262","fg0888","fg0367","fg0593","fg0203","fg0638","fg0329","fg0607","fg0928","fg0406","fg0789","fg0877","fg0777","fg0078","fg0762"
"fq002614","vx_24fe4673c9d2ca10","fg0632","1","fg0632","fg0522","fg0699","fg0950","fg0940","fg0390","fg0888","fg0367","fg0593","fg0920","fg0762","fg0638","fg0928","fg0262","fg0406","fg0292","fg0329","fg0877","fg0203","fg0351"
"fq002615","vx_24fe4673c9d2ca10","fg0632","1","fg0632","fg0699","fg0928","fg0406","fg0203","fg0920","fg0276","fg0895","fg0940","fg0777","fg0522","fg0593","fg0010","fg0390","fg0789","fg0869","fg0262","fg0210","fg0560","fg0638"
"fq002616","vx_e115662a97e83fb4","fg0633","1","fg0633","fg0219","fg0645","fg0272","fg0929","fg0677","fg0543","fg0342","fg0649","fg0596","fg0771","fg0989","fg0428","fg0048","fg0626","fg0986","fg0099","fg0311","fg0110","fg0124"
"fq002617","vx_e115662a97e83fb4","fg0633","1","fg0633","fg0272","fg0099","fg0677","fg0929","fg0505","fg0362","fg0626","fg0295","fg0048","fg0645","fg0771","fg0219","fg0081","fg0694","fg0986","fg0652","fg0380","fg0323","fg0553"
"fq002618","vx_e115662a97e83fb4","fg0633","1","fg0633","fg0342","fg0323","fg0543","fg0219","fg0832","fg0596","fg0272","fg0110","fg0735","fg0645","fg0099","fg0338","fg0722","fg0603","fg0767","fg0085","fg0509","fg0553","fg0027"
"fq002619","vx_e115662a97e83fb4","fg0633","1","fg0633","fg0543","fg0027","fg0512","fg0832","fg0323","fg0085","fg0167","fg0302","fg0993","fg0110","fg0596","fg0667","fg0012","fg0219","fg0342","fg0509","fg0444","fg0603","fg0338"
"fq002620","vx_e115662a97e83fb4","fg0633","1","fg0633","fg0167","fg0509","fg0543","fg0771","fg0323","fg0219","fg0660","fg0502","fg0832","fg0027","fg0272","fg0993","fg0085","fg0735","fg0603","fg0338","fg0104","fg0922","fg0081"
"fq002621","vx_e115662a97e83fb4","fg0633","1","fg0633","fg0272","fg0219","fg0323","fg0543","fg0596","fg0110","fg0095","fg0660","fg0509","fg0444","fg0645","fg0989","fg0756","fg0204","fg0342","fg0502","fg0868","fg0677","fg0512"
"fq002622","vx_e115662a97e83fb4","fg0633","1","fg0633","fg0272","fg0677","fg0219","fg0645","fg0596","fg0342","fg0649","fg0459","fg0652","fg0048","fg0221","fg0720","fg0507","fg0133","fg0543","fg0771","fg0401","fg0167","fg0766"
"fq002623","vx_23a59fbdad7c08c9","fg0634","15","fg0944","fg0277","fg0364","fg0016","fg0761","fg0892","fg0148","fg0560","fg0552","fg0593","fg0169","fg0570","fg0766","fg0599","fg0634","fg0308","fg0351","fg0577","fg0582","fg0524"
"fq002624","vx_23a59fbdad7c08c9","fg0634","10","fg0277","fg0944","fg0364","fg0148","fg0016","fg0761","fg0892","fg0560","fg0570","fg0634","fg0552","fg0593","fg0524","fg0308","fg0826","fg0351","fg0577","fg0766","fg0074","fg0246"
"fq002625","vx_23a59fbdad7c08c9","fg0634","15","fg0277","fg0944","fg0364","fg0761","fg0892","fg0016","fg0148","fg0560","fg0593","fg0552","fg0570","fg0169","fg0074","fg0766","fg0634","fg0524","fg0515","fg0577","fg0200","fg0883"
"fq002626","vx_3e6096a1e67b67f4","fg0635","1","fg0635","fg0488","fg0766","fg0154","fg0419","fg0029","fg0936","fg0131","fg0380","fg0906","fg0196","fg0581","fg0699","fg0364","fg0961","fg0744","fg0466","fg0223","fg0984","fg0733"
"fq002627","vx_3e6096a1e67b67f4","fg0635","1","fg0635","fg0488","fg0766","fg0154","fg0936","fg0419","fg0906","fg0029","fg0327","fg0131","fg0961","fg0380","fg0699","fg0466","fg0223","fg0529","fg0074","fg0498","fg0984","fg0250"
"fq002628","vx_3e6096a1e67b67f4","fg0635","1","fg0635","fg0488","fg0766","fg0456","fg0196","fg0116","fg0806","fg0984","fg0733","fg0393","fg0386","fg0581","fg0074","fg0154","fg0936","fg0725","fg0223","fg0548","fg0098","fg0857"
"fq002629","vx_3e6096a1e67b67f4","fg0635","1","fg0635","fg0488","fg0766","fg0154","fg0419","fg0116","fg0936","fg0984","fg0699","fg0250","fg0961","fg0498","fg0029","fg0196","fg0223","fg0806","fg0009","fg0261","fg0581","fg0733"
"fq002630","vx_3e6096a1e67b67f4","fg0635","1","fg0635","fg0488","fg0766","fg0154","fg0419","fg0936","fg0699","fg0131","fg0581","fg0961","fg0327","fg0029","fg0364","fg0196","fg0223","fg0466","fg0733","fg0116","fg0925","fg0386"
"fq002631","vx_3e6096a1e67b67f4","fg0635","1","fg0635","fg0488","fg0766","fg0154","fg0936","fg0419","fg0906","fg0116","fg0961","fg0699","fg0380","fg0466","fg0029","fg0196","fg0581","fg0223","fg0074","fg0131","fg0984","fg0337"
"fq002632","vx_0ddaad015e9eec18","fg0636","1","fg0636","fg0731","fg0111","fg0199","fg0052","fg0670","fg0917","fg0470","fg0822","fg0285","fg0084","fg0501","fg0200","fg0243","fg0435","fg0761","fg0329","fg0774","fg0038","fg0482"
"fq002633","vx_0429764a2f972bf9","fg0637","1","fg0637","fg0030","fg0212","fg0558","fg0562","fg0770","fg0572","fg0164","fg0717","fg0803","fg0237","fg0229","fg0322","fg0950","fg0074","fg0976","fg0634","fg0913","fg0172","fg0135"
"fq002634","vx_0429764a2f972bf9","fg0637","1","fg0637","fg0030","fg0976","fg0803","fg0935","fg0572","fg0796","fg0229","fg0136","fg0237","fg0020","fg0971","fg0122","fg0322","fg0558","fg0818","fg0129","fg0164","fg0067","fg0332"
"fq002635","vx_0429764a2f972bf9","fg0637","1","fg0637","fg0558","fg0030","fg0229","fg0164","fg0172","fg0770","fg0322","fg0562","fg0866","fg0682","fg0074","fg0212","fg0135","fg0572","fg0136","fg0976","fg0803","fg0855","fg0717"
"fq002636","vx_c4f1c73ff15ede49","fg0638","1","fg0638","fg0584","fg0722","fg0471","fg0830","fg0735","fg0395","fg0536","fg0781","fg0270","fg0197","fg0763","fg0922","fg0272","fg0097","fg0919","fg0719","fg0347","fg0739","fg0956"
"fq002637","vx_c4f1c73ff15ede49","fg0638","1","fg0638","fg0722","fg0735","fg0510","fg0536","fg0584","fg0374","fg0560","fg0719","fg0467","fg0938","fg0270","fg0321","fg0763","fg0956","fg0739","fg0382","fg0895","fg0197","fg0538"
"fq002638","vx_10ed0cbf21bd0a86","fg0639","1","fg0639","fg0797","fg0146","fg0581","fg0491","fg0834","fg0156","fg0918","fg0748","fg0925","fg0776","fg0009","fg0116","fg0670","fg0891","fg0818","fg0255","fg0739","fg0261","fg0425"
"fq002639","vx_c5a0b375ac0cde1c","fg0640","1","fg0640","fg0026","fg0986","fg0288","fg0908","fg0442","fg0450","fg0491","fg0221","fg0070","fg0356","fg0742","fg0163","fg0141","fg0029","fg0418","fg0181","fg0537","fg0174","fg0516"
"fq002640","vx_c5a0b375ac0cde1c","fg0640","1","fg0640","fg0026","fg0908","fg0288","fg0070","fg0629","fg0623","fg0442","fg0986","fg0679","fg0491","fg0450","fg0029","fg0356","fg0163","fg0282","fg0221","fg0540","fg0742","fg0175"
"fq002641","vx_aabba8cb2311a472","fg0641","1","fg0641","fg0025","fg0218","fg0729","fg0931","fg0628","fg0155","fg0970","fg0525","fg0749","fg0541","fg0652","fg0490","fg0214","fg0748","fg0824","fg0147","fg0699","fg0050","fg0768"
"fq002642","vx_3a8bc000d4c21e2c","fg0642","1","fg0642","fg0382","fg0587","fg0288","fg0494","fg0700","fg0963","fg0455","fg0254","fg0468","fg0979","fg0965","fg0012","fg0543","fg0462","fg0421","fg0286","fg0939","fg0889","fg0698"
"fq002643","vx_3a8bc000d4c21e2c","fg0642","1","fg0642","fg0587","fg0382","fg0494","fg0963","fg0421","fg0286","fg0700","fg0767","fg0070","fg0468","fg0462","fg0623","fg0493","fg0288","fg0889","fg0939","fg0573","fg0012","fg0475"
"fq002644","vx_3a8bc000d4c21e2c","fg0642","1","fg0642","fg0587","fg0382","fg0494","fg0700","fg0963","fg0939","fg0286","fg0493","fg0462","fg0421","fg0468","fg0889","fg0698","fg0390","fg0623","fg0530","fg0070","fg0288","fg0604"
"fq002645","vx_3a8bc000d4c21e2c","fg0642","1","fg0642","fg0382","fg0587","fg0494","fg0700","fg0288","fg0963","fg0254","fg0939","fg0012","fg0286","fg0543","fg0468","fg0532","fg0530","fg0455","fg0889","fg0390","fg0965","fg0493"
"fq002646","vx_3a8bc000d4c21e2c","fg0642","1","fg0642","fg0587","fg0382","fg0494","fg0700","fg0390","fg0939","fg0963","fg0767","fg0889","fg0288","fg0421","fg0475","fg0070","fg0286","fg0462","fg0493","fg0532","fg0698","fg0064"
"fq002647","vx_bf265a20a1fb6fc9","fg0643","1","fg0643","fg0773","fg0317","fg0547","fg0580","fg0392","fg0413","fg0654","fg0697","fg0105","fg0426","fg0785","fg0906","fg0093","fg0826","fg0206","fg0664","fg0137","fg0405","fg0694"
"fq002648","vx_cca8a521bccc6870","fg0644","1","fg0644","fg0055","fg0561","fg0318","fg0504","fg0559","fg0319","fg0495","fg0729","fg0299","fg0543","fg0220","fg0931","fg0359","fg0416","fg0131","fg0134","fg0451","fg0440","fg0152"
"fq002649","vx_453da6735f02e73a","fg0645","1","fg0645","fg0596","fg0507","fg0354","fg0053","fg0342","fg0543","fg0646","fg0797","fg0677","fg0951","fg0633","fg0197","fg0198","fg0938","fg0776","fg0413","fg0492","fg0961","fg0652"
"fq002650","vx_453da6735f02e73a","fg0645","1","fg0645","fg0596","fg0507","fg0342","fg0543","fg0354","fg0053","fg0646","fg0677","fg0797","fg0198","fg0652","fg0951","fg0938","fg0961","fg0413","fg0633","fg0197","fg0776","fg0609"
"fq002651","vx_8c2cb99a099b6778","fg0646","1","fg0646","fg0993","fg0084","fg0677","fg0645","fg0701","fg0543","fg0462","fg0036","fg0796","fg0754","fg0896","fg0720","fg0951","fg0949","fg0209","fg0194","fg0219","fg0899","fg0549"
"fq002652","vx_8c2cb99a099b6778","fg0646","1","fg0646","fg0701","fg0993","fg0677","fg0645","fg0951","fg0720","fg0194","fg0754","fg0543","fg0209","fg0084","fg0896","fg0925","fg0549","fg0227","fg0869","fg0669","fg0492","fg0966"
"fq002653","vx_183e18f9a04db1fb","fg0647","4","fg0584","fg0879","fg0936","fg0647","fg0320","fg0885","fg0001","fg0204","fg0659","fg0566","fg0660","fg0889","fg0742","fg0552","fg0328","fg0944","fg0218","fg0523","fg0533","fg0371"
"fq002654","vx_2538f7669b1b1acc","fg0648","1","fg0648","fg0980","fg0863","fg0518","fg0542","fg0703","fg0303","fg0728","fg0322","fg0932","fg0150","fg0964","fg0984","fg0926","fg0390","fg0870","fg0537","fg0920","fg0127","fg0158"
"fq002655","vx_2538f7669b1b1acc","fg0648","1","fg0648","fg0980","fg0863","fg0703","fg0303","fg0518","fg0542","fg0932","fg0322","fg0920","fg0464","fg0458","fg0728","fg0870","fg0926","fg0406","fg0158","fg0138","fg0924","fg0068"
"fq002656","vx_2538f7669b1b1acc","fg0648","1","fg0648","fg0980","fg0518","fg0863","fg0542","fg0703","fg0150","fg0303","fg0728","fg0274","fg0284","fg0390","fg0322","fg0932","fg0964","fg0464","fg0537","fg0050","fg0870","fg0231"
"fq002657","vx_2538f7669b1b1acc","fg0648","1","fg0648","fg0980","fg0863","fg0518","fg0542","fg0703","fg0150","fg0303","fg0322","fg0728","fg0932","fg0537","fg0274","fg0984","fg0920","fg0964","fg0050","fg0870","fg0926","fg0390"
"fq002658","vx_2538f7669b1b1acc","fg0648","1","fg0648","fg0980","fg0863","fg0703","fg0518","fg0542","fg0303","fg0728","fg0932","fg0322","fg0150","fg0984","fg0926","fg0537","fg0158","fg0964","fg0050","fg0621","fg0870","fg0873"
"fq002659","vx_a2e58a8a1e759ed6","fg0649","1","fg0649","fg0758","fg0655","fg0299","fg0523","fg0124","fg0424","fg0220","fg0327","fg0854","fg0651","fg0834","fg0091","fg0301","fg0931","fg0741","fg0719","fg0821","fg0066","fg0405"
"fq002660","vx_31d03ba49ddaa389","fg0650","1","fg0650","fg0262","fg0132","fg0246","fg0967","fg0256","fg0888","fg0789","fg0395","fg0014","fg0035","fg0781","fg0473","fg0051","fg0619","fg0493","fg0591","fg0511","fg0943","fg0647"
"fq002661","vx_0346fd72fbca1dac","fg0651","2","fg0655","fg0651","fg0520","fg0671","fg0894","fg0521","fg0649","fg0495","fg0745","fg0143","fg0250","fg0600","fg0797","fg0440","fg0721","fg0996","fg0152","fg0615","fg0399","fg0407"
"fq002662","vx_998ef28c17683dfc","fg0652","1","fg0652","fg0444","fg0147","fg0922","fg0249","fg0152","fg0500","fg0729","fg0525","fg0509","fg0749","fg0355","fg0930","fg0270","fg0154","fg0659","fg0735","fg0099","fg0108","fg0959"
"fq002663","vx_8103a3d80ea48603","fg0653","1","fg0653","fg0159","fg0802","fg0108","fg0273","fg0373","fg0687","fg0559","fg0355","fg0820","fg0619","fg0213","fg0957","fg0435","fg0299","fg0092","fg0897","fg0102","fg0929","fg0555"
"fq002664","vx_8103a3d80ea48603","fg0653","1","fg0653","fg0273","fg0877","fg0820","fg0313","fg0289","fg0283","fg0435","fg0517","fg0619","fg0448","fg0159","fg0624","fg0216","fg0929","fg0343","fg0108","fg0758","fg0948","fg0102"
"fq002665","vx_8103a3d80ea48603","fg0653","1","fg0653","fg0373","fg0687","fg0159","fg0108","fg0820","fg0802","fg0948","fg0299","fg0559","fg0273","fg0997","fg0897","fg0151","fg0092","fg0240","fg0213","fg0500","fg0579","fg0355"
"fq002666","vx_8103a3d80ea48603","fg0653","1","fg0653","fg0820","fg0802","fg0523","fg0508","fg0373","fg0066","fg0213","fg0787","fg0159","fg0102","fg0948","fg0273","fg0624","fg0997","fg0092","fg0182","fg0108","fg0089","fg0991"
"fq002667","vx_8103a3d80ea48603","fg0653","1","fg0653","fg0159","fg0820","fg0802","fg0273","fg0619","fg0108","fg0948","fg0373","fg0559","fg0687","fg0089","fg0508","fg0501","fg0758","fg0435","fg0929","fg0997","fg0066","fg0213"
"fq002668","vx_8103a3d80ea48603","fg0653","1","fg0653","fg0273","fg0802","fg0159","fg0108","fg0373","fg0820","fg0213","fg0559","fg0997","fg0066","fg0092","fg0619","fg0508","fg0435","fg0102","fg0555","fg0687","fg0464","fg0283"
"fq002669","vx_8103a3d80ea48603","fg0653","1","fg0653","fg0802","fg0687","fg0820","fg0355","fg0108","fg0929","fg0373","fg0159","fg0758","fg0500","fg0299","fg0066","fg0283","fg0897","fg0043","fg0102","fg0948","fg0273","fg0619"
"fq002670","vx_8103a3d80ea48603","fg0653","1","fg0653","fg0159","fg0802","fg0355","fg0394","fg0758","fg0873","fg0140","fg0283","fg0396","fg0435","fg0957","fg0997","fg0108","fg0929","fg0018","fg0599","fg0628","fg0559","fg0464"
"fq002671","vx_8103a3d80ea48603","fg0653","3","fg0299","fg0687","fg0653","fg0373","fg0500","fg0802","fg0304","fg0355","fg0559","fg0464","fg0225","fg0092","fg0820","fg0213","fg0506","fg0948","fg0957","fg0555","fg0997","fg0327"
"fq002672","vx_58bee8c48eb35411","fg0654","1","fg0654","fg0904","fg0522","fg0199","fg0935","fg0435","fg0891","fg0483","fg0643","fg0636","fg0104","fg0995","fg0547","fg0043","fg0687","fg0447","fg0084","fg0052","fg0280","fg0975"
"fq002673","vx_58bee8c48eb35411","fg0654","1","fg0654","fg0904","fg0522","fg0483","fg0199","fg0891","fg0643","fg0687","fg0995","fg0104","fg0435","fg0043","fg0547","fg0447","fg0935","fg0975","fg0084","fg0823","fg0762","fg0636"
"fq002674","vx_58bee8c48eb35411","fg0654","1","fg0654","fg0904","fg0199","fg0522","fg0935","fg0435","fg0547","fg0643","fg0043","fg0891","fg0104","fg0932","fg0687","fg0280","fg0052","fg0189","fg0636","fg0084","fg0731","fg0462"
"fq002675","vx_58bee8c48eb35411","fg0654","1","fg0654","fg0904","fg0199","fg0435","fg0522","fg0189","fg0636","fg0547","fg0983","fg0052","fg0731","fg0104","fg0891","fg0730","fg0935","fg0643","fg0994","fg0932","fg0574","fg0224"
"fq002676","vx_58bee8c48eb35411","fg0654","1","fg0654","fg0904","fg0522","fg0199","fg0643","fg0104","fg0435","fg0483","fg0547","fg0891","fg0636","fg0935","fg0043","fg0983","fg0052","fg0447","fg0189","fg0687","fg0995","fg0280"
"fq002677","vx_58bee8c48eb35411","fg0654","1","fg0654","fg0904","fg0280","fg0522","fg0891","fg0483","fg0643","fg0199","fg0935","fg0084","fg0932","fg0547","fg0975","fg0185","fg0343","fg0043","fg0757","fg0636","fg0052","fg0773"
"fq002678","vx_58bee8c48eb35411","fg0654","1","fg0654","fg0904","fg0522","fg0199","fg0935","fg0435","fg0643","fg0043","fg0084","fg0687","fg0547","fg0104","fg0891","fg0636","fg0483","fg0983","fg0280","fg0995","fg0052","fg0189"
"fq002679","vx_58bee8c48eb35411","fg0654","1","fg0654","fg0904","fg0522","fg0199","fg0891","fg0483","fg0435","fg0995","fg0084","fg0687","fg0643","fg0043","fg0935","fg0447","fg0104","fg0636","fg0975","fg0547","fg0983","fg0052"
"fq002680","vx_58bee8c48eb35411","fg0654","1","fg0654","fg0904","fg0522","fg0483","fg0084","fg0280","fg0891","fg0199","fg0935","fg0975","fg0547","fg0932","fg0435","fg0643","fg0983","fg0731","fg0104","fg0823","fg0636","fg0687"
"fq002681","vx_58bee8c48eb35411","fg0654","1","fg0654","fg0904","fg0199","fg0522","fg0435","fg0687","fg0935","fg0891","fg0547","fg0643","fg0104","fg0483","fg0043","fg0636","fg0995","fg0280","fg0975","fg0447","fg0052","fg0084"
"fq002682","vx_58bee8c48eb35411","fg0654","1","fg0654","fg0904","fg0522","fg0483","fg0891","fg0104","fg0199","fg0435","fg0547","fg0983","fg0643","fg0935","fg0995","fg0975","fg0189","fg0636","fg0084","fg0043","fg0052","fg0687"
"fq002683","vx_58bee8c48eb35411","fg0654","1","fg0654","fg0904","fg0522","fg0199","fg0643","fg0935","fg0043","fg0483","fg0435","fg0891","fg0547","fg0687","fg0280","fg0189","fg0494","fg0636","fg0975","fg0104","fg0995","fg0447"
"fq002684","vx_6aa86c0618be3faf","fg0655","1","fg0655","fg0651","fg0520","fg0798","fg0894","fg0143","fg0649","fg0721","fg0667","fg0529","fg0748","fg0440","fg0063","fg0615","fg0837","fg0671","fg0745","fg0399","fg0375","fg0521"
"fq002685","vx_6aa86c0618be3faf","fg0655","1","fg0655","fg0651","fg0520","fg0798","fg0440","fg0667","fg0055","fg0649","fg0721","fg0143","fg0671","fg0299","fg0521","fg0760","fg0355","fg0451","fg0495","fg0407","fg0996","fg0748"
"fq002686","vx_5fa89d9814b2ee57","fg0656","1","fg0656","fg0214","fg0229","fg0172","fg0218","fg0892","fg0307","fg0071","fg0428","fg0986","fg0155","fg0080","fg0046","fg0948","fg0820","fg0988","fg0048","fg0660","fg0283","fg0910"
"fq002687","vx_5fa89d9814b2ee57","fg0656","1","fg0656","fg0214","fg0892","fg0948","fg0229","fg0172","fg0155","fg0080","fg0218","fg0986","fg0820","fg0233","fg0048","fg0071","fg0428","fg0910","fg0307","fg0283","fg0690","fg0703"
"fq002688","vx_5fa89d9814b2ee57","fg0656","1","fg0656","fg0218","fg0214","fg0892","fg0910","fg0071","fg0820","fg0660","fg0233","fg0229","fg0307","fg0172","fg0428","fg0155","fg0579","fg0948","fg0310","fg0986","fg0182","fg0048"
"fq002689","vx_5fa89d9814b2ee57","fg0656","1","fg0656","fg0214","fg0229","fg0172","fg0892","fg0428","fg0071","fg0988","fg0986","fg0218","fg0307","fg0155","fg0820","fg0080","fg0948","fg0660","fg0579","fg0046","fg0048","fg0310"
"fq002690","vx_5fa89d9814b2ee57","fg0656","1","fg0656","fg0214","fg0218","fg0892","fg0428","fg0986","fg0910","fg0229","fg0155","fg0172","fg0988","fg0233","fg0579","fg0046","fg0071","fg0283","fg0307","fg0310","fg0080","fg0820"
"fq002691","vx_9628f10798a32318","fg0657","1","fg0657","fg0935","fg0386","fg0020","fg0847","fg0406","fg0325","fg0976","fg0168","fg0011","fg0513","fg0290","fg0431","fg0920","fg0907","fg0474","fg0111","fg0314","fg0490","fg0731"
"fq002692","vx_9628f10798a32318","fg0657","1","fg0657","fg0168","fg0935","fg0386","fg0907","fg0976","fg0991","fg0406","fg0513","fg0290","fg0059","fg0787","fg0847","fg0325","fg0020","fg0314","fg0614","fg0942","fg0844","fg0474"
"fq002693","vx_9628f10798a32318","fg0657","1","fg0657","fg0386","fg0020","fg0935","fg0325","fg0907","fg0168","fg0406","fg0474","fg0614","fg0011","fg0173","fg0211","fg0847","fg0513","fg0490","fg0976","fg0431","fg0290","fg0920"
"fq002694","vx_9628f10798a32318","fg0657","1","fg0657","fg0935","fg0386","fg0168","fg0847","fg0976","fg0474","fg0907","fg0020","fg0290","fg0669","fg0406","fg0920","fg0513","fg0793","fg0841","fg0431","fg0991","fg0011","fg0435"
"fq002695","vx_d67569e5f4cd665d","fg0658","1","fg0658","fg0901","fg0480","fg0954","fg0692","fg0547","fg0470","fg0946","fg0158","fg0220","fg0024","fg0467","fg0339","fg0781","fg0830","fg0318","fg0870","fg0311","fg0949","fg0120"
"fq002696","vx_3652c82fc00dc847","fg0659","1","fg0659","fg0936","fg0922","fg0749","fg0108","fg0464","fg0466","fg0270","fg0873","fg0159","fg0742","fg0552","fg0584","fg0794","fg0729","fg0147","fg0718","fg0583","fg0652","fg0152"
"fq002697","vx_3652c82fc00dc847","fg0659","21","fg0990","fg0355","fg0147","fg0673","fg0769","fg0539","fg0573","fg0421","fg0588","fg0811","fg0729","fg0411","fg0509","fg0749","fg0085","fg0965","fg0665","fg0500","fg0599","fg0398"
"fq002698","vx_3652c82fc00dc847","fg0659","1","fg0659","fg0922","fg0749","fg0147","fg0270","fg0729","fg0936","fg0355","fg0108","fg0794","fg0140","fg0652","fg0945","fg0552","fg0588","fg0152","fg0327","fg0583","fg0464","fg0249"
"fq002699","vx_1a1560ffdbb88b92","fg0660","1","fg0660","fg0735","fg0509","fg0703","fg0922","fg0749","fg0249","fg0270","fg0652","fg0659","fg0218","fg0147","fg0069","fg0152","fg0931","fg0978","fg0666","fg0219","fg0272","fg0945"
"fq002700","vx_52346b401d7da0bf","fg0661","1","fg0661","fg0141","fg0544","fg0389","fg0496","fg0826","fg0964","fg0825","fg0115","fg0773","fg0049","fg0392","fg0286","fg0960","fg0946","fg0876","fg0491","fg0911","fg0819","fg0808"
"fq002701","vx_4c3e6a730c89a21f","fg0662","2","fg0181","fg0662","fg0742","fg0033","fg0962","fg0470","fg0163","fg0879","fg0809","fg0046","fg0193","fg0560","fg0527","fg0492","fg0821","fg0778","fg0479","fg0757","fg0051","fg0233"
"fq002702","vx_4c3e6a730c89a21f","fg0662","2","fg0181","fg0662","fg0742","fg0033","fg0962","fg0884","fg0757","fg0582","fg0005","fg0193","fg0879","fg0448","fg0470","fg0821","fg0298","fg0492","fg0824","fg0328","fg0876","fg0045"
"fq002703","vx_4c3e6a730c89a21f","fg0662","1","fg0662","fg0181","fg0742","fg0033","fg0045","fg0879","fg0560","fg0962","fg0193","fg0824","fg0496","fg0821","fg0876","fg0492","fg0809","fg0757","fg0779","fg0582","fg0470","fg0527"
"fq002704","vx_4c3e6a730c89a21f","fg0662","2","fg0181","fg0662","fg0742","fg0448","fg0879","fg0051","fg0582","fg0809","fg0821","fg0033","fg0328","fg0233","fg0492","fg0527","fg0876","fg0824","fg0193","fg0700","fg0046","fg0045"
"fq002705","vx_4c3e6a730c89a21f","fg0662","2","fg0181","fg0662","fg0742","fg0033","fg0757","fg0809","fg0470","fg0962","fg0492","fg0824","fg0582","fg0560","fg0163","fg0005","fg0046","fg0448","fg0479","fg0821","fg0193","fg0045"
"fq002706","vx_4749b398ac5200de","fg0663","1","fg0663","fg0015","fg0960","fg0129","fg0933","fg0497","fg0512","fg0177","fg0921","fg0439","fg0192","fg0561","fg0963","fg0359","fg0255","fg0601","fg0468","fg0575","fg0007","fg0701"
"fq002707","vx_4749b398ac5200de","fg0663","1","fg0663","fg0960","fg0118","fg0129","fg0982","fg0177","fg0512","fg0015","fg0330","fg0007","fg0244","fg0530","fg0104","fg0561","fg0921","fg0338","fg0192","fg0135","fg0716","fg0404"
"fq002708","vx_168e6d114f57c680","fg0664","1","fg0664","fg0053","fg0507","fg0912","fg0342","fg0543","fg0645","fg0234","fg0323","fg0354","fg0905","fg0413","fg0222","fg0286","fg0219","fg0700","fg0951","fg0677","fg0438","fg0094"
"fq002709","vx_168e6d114f57c680","fg0664","1","fg0664","fg0912","fg0053","fg0507","fg0222","fg0342","fg0645","fg0354","fg0286","fg0234","fg0951","fg0413","fg0323","fg0543","fg0127","fg0461","fg0125","fg0700","fg0905","fg0200"
"fq002710","vx_168e6d114f57c680","fg0664","1","fg0664","fg0053","fg0912","fg0354","fg0507","fg0342","fg0286","fg0905","fg0645","fg0830","fg0951","fg0543","fg0234","fg0125","fg0127","fg0296","fg0700","fg0413","fg0200","fg0219"
"fq002711","vx_f37507f69fdc317b","fg0665","1","fg0665","fg0772","fg0490","fg0180","fg0619","fg0394","fg0731","fg0056","fg0306","fg0386","fg0969","fg0513","fg0748","fg0855","fg0653","fg0150","fg0723","fg0091","fg0278","fg0686"
"fq002712","vx_e003f923c8c9d429","fg0666","1","fg0666","fg0103","fg0652","fg0931","fg0875","fg0699","fg0152","fg0787","fg0991","fg0086","fg0559","fg0521","fg0090","fg0729","fg0500","fg0355","fg0210","fg0628","fg0957","fg0374"
"fq002713","vx_0b3caeb6ff4196bc","fg0667","1","fg0667","fg0302","fg0403","fg0299","fg0416","fg0990","fg0769","fg0131","fg0512","fg0497","fg0151","fg0192","fg0407","fg0355","fg0521","fg0803","fg0868","fg0495","fg0729","fg0673"
"fq002714","vx_0b3caeb6ff4196bc","fg0667","1","fg0667","fg0302","fg0403","fg0512","fg0416","fg0990","fg0192","fg0769","fg0299","fg0497","fg0151","fg0598","fg0355","fg0868","fg0407","fg0444","fg0440","fg0240","fg0832","fg0055"
"fq002715","vx_0b3caeb6ff4196bc","fg0667","1","fg0667","fg0403","fg0302","fg0299","fg0192","fg0497","fg0512","fg0990","fg0151","fg0868","fg0416","fg0495","fg0353","fg0721","fg0081","fg0407","fg0131","fg0521","fg0769","fg0832"
"fq002716","vx_974435cba3642f05","fg0668","1","fg0668","fg0325","fg0828","fg0612","fg0962","fg0443","fg0936","fg0742","fg0032","fg0277","fg0142","fg0148","fg0364","fg0584","fg0213","fg0464","fg0838","fg0635","fg0022","fg0634"
"fq002717","vx_974435cba3642f05","fg0668","1","fg0668","fg0936","fg0612","fg0325","fg0962","fg0464","fg0828","fg0443","fg0858","fg0032","fg0659","fg0838","fg0159","fg0270","fg0584","fg0213","fg0742","fg0142","fg0148","fg0241"
"fq002718","vx_bd5019bdd268d55b","fg0669","1","fg0669","fg0883","fg0217","fg0046","fg0093","fg0145","fg0112","fg0328","fg0446","fg0285","fg0210","fg0666","fg0389","fg0363","fg0414","fg0348","fg0118","fg0034","fg0451","fg0055"
"fq002719","vx_bd5019bdd268d55b","fg0669","1","fg0669","fg0975","fg0883","fg0398","fg0809","fg0093","fg0473","fg0261","fg0126","fg0351","fg0210","fg0657","fg0343","fg0328","fg0117","fg0285","fg0098","fg0716","fg0592","fg0666"
"fq002720","vx_bd5019bdd268d55b","fg0669","1","fg0669","fg0217","fg0883","fg0210","fg0389","fg0093","fg0261","fg0473","fg0328","fg0666","fg0112","fg0046","fg0351","fg0363","fg0175","fg0145","fg0285","fg0702","fg0879","fg0975"
"fq002721","vx_53028abf5558a881","fg0670","658","fg0601","fg0011","fg0836","fg0410","fg0286","fg0844","fg0111","fg0309","fg0170","fg0839","fg0842","fg0508","fg0346","fg0137","fg0285","fg0540","fg0325","fg0105","fg0680","fg0505"
"fq002722","vx_bad017a4e97f9d5b","fg0671","1","fg0671","fg0147","fg0749","fg0525","fg0521","fg0304","fg0933","fg0520","fg0559","fg0347","fg0152","fg0159","fg0154","fg0552","fg0464","fg0225","fg0299","fg0729","fg0810","fg0930"
"fq002723","vx_f2b27beae3e07649","fg0672","1","fg0672","fg0618","fg0134","fg0302","fg0407","fg0148","fg0299","fg0701","fg0667","fg0440","fg0963","fg0543","fg0804","fg0027","fg0342","fg0956","fg0512","fg0611","fg0730","fg0599"
"fq002724","vx_f2b27beae3e07649","fg0672","1","fg0672","fg0618","fg0302","fg0299","fg0543","fg0440","fg0611","fg0667","fg0701","fg0027","fg0347","fg0598","fg0407","fg0769","fg0148","fg0512","fg0963","fg0981","fg0134","fg0012"
"fq002725","vx_f2b27beae3e07649","fg0672","1","fg0672","fg0618","fg0299","fg0134","fg0302","fg0667","fg0407","fg0783","fg0701","fg0440","fg0543","fg0956","fg0769","fg0512","fg0027","fg0148","fg0804","fg0012","fg0151","fg0347"
"fq002726","vx_0974ed6130d8641a","fg0673","61","fg0811","fg0082","fg0573","fg0397","fg0211","fg0990","fg0015","fg0941","fg0106","fg0312","fg0438","fg0039","fg0421","fg0350","fg0474","fg0067","fg0260","fg0330","fg0228","fg0591"
"fq002727","vx_0974ed6130d8641a","fg0673","21","fg0015","fg0573","fg0811","fg0082","fg0990","fg0312","fg0941","fg0039","fg0397","fg0211","fg0474","fg0106","fg0421","fg0960","fg0438","fg0260","fg0330","fg0778","fg0947","fg0488"
"fq002728","vx_0974ed6130d8641a","fg0673","24","fg0015","fg0573","fg0811","fg0082","fg0397","fg0312","fg0990","fg0941","fg0039","fg0106","fg0211","fg0421","fg0474","fg0960","fg0791","fg0438","fg0713","fg0916","fg0330","fg0778"
"fq002729","vx_0974ed6130d8641a","fg0673","84","fg0015","fg0312","fg0941","fg0811","fg0082","fg0106","fg0573","fg0039","fg0397","fg0211","fg0488","fg0990","fg0474","fg0117","fg0002","fg0916","fg0025","fg0791","fg0438","fg0421"
"fq002730","vx_0974ed6130d8641a","fg0673","65","fg0397","fg0015","fg0941","fg0573","fg0082","fg0811","fg0039","fg0312","fg0106","fg0211","fg0990","fg0438","fg0488","fg0067","fg0228","fg0330","fg0421","fg0474","fg0591","fg0791"
"fq002731","vx_5060530b75773968","fg0674","1","fg0674","fg0750","fg0909","fg0818","fg0516","fg0967","fg0292","fg0091","fg0918","fg0264","fg0604","fg0650","fg0435","fg0009","fg0585","fg0182","fg0209","fg0008","fg0261","fg0363"
"fq002732","vx_5060530b75773968","fg0674","1","fg0674","fg0091","fg0604","fg0967","fg0909","fg0516","fg0264","fg0750","fg0292","fg0650","fg0182","fg0707","fg0619","fg0818","fg0888","fg0363","fg0925","fg0008","fg0246","fg0935"
"fq002733","vx_5ac2b24744b5be1c","fg0675","1","fg0675","fg0764","fg0565","fg0334","fg0171","fg0767","fg0740","fg0331","fg0932","fg0647","fg0345","fg0444","fg0841","fg0765","fg0591","fg0350","fg0669","fg0121","fg0445","fg0844"
"fq002734","vx_c30e1ea622ddd60b","fg0676","104","fg0082","fg0960","fg0085","fg0811","fg0716","fg0404","fg0263","fg0475","fg0039","fg0573","fg0244","fg0146","fg0891","fg0338","fg0015","fg0941","fg0532","fg0614","fg0620","fg0012"
"fq002735","vx_c30e1ea622ddd60b","fg0676","1","fg0676","fg0384","fg0965","fg0507","fg0012","fg0318","fg0003","fg0573","fg0468","fg0561","fg0947","fg0381","fg0736","fg0345","fg0228","fg0286","fg0563","fg0868","fg0598","fg0341"
"fq002736","vx_c30e1ea622ddd60b","fg0676","110","fg0082","fg0716","fg0039","fg0085","fg0475","fg0891","fg0404","fg0811","fg0960","fg0573","fg0146","fg0263","fg0338","fg0941","fg0307","fg0532","fg0244","fg0057","fg0015","fg0614"
"fq002737","vx_c30e1ea622ddd60b","fg0676","151","fg0625","fg0445","fg0294","fg0442","fg0785","fg0179","fg0826","fg0716","fg0170","fg0289","fg0725","fg0499","fg0347","fg0972","fg0554","fg0273","fg0391","fg0544","fg0200","fg0480"
"fq002738","vx_c30e1ea622ddd60b","fg0676","1","fg0676","fg0965","fg0468","fg0947","fg0573","fg0384","fg0003","fg0318","fg0012","fg0868","fg0507","fg0381","fg0421","fg0850","fg0561","fg0703","fg0563","fg0885","fg0397","fg0958"
"fq002739","vx_c30e1ea622ddd60b","fg0676","217","fg0445","fg0625","fg0785","fg0826","fg0294","fg0170","fg0725","fg0364","fg0480","fg0289","fg0562","fg0179","fg0273","fg0972","fg0716","fg0458","fg0554","fg0499","fg0391","fg0347"
"fq002740","vx_c30e1ea622ddd60b","fg0676","104","fg0716","fg0082","fg0811","fg0039","fg0960","fg0404","fg0263","fg0573","fg0338","fg0891","fg0085","fg0532","fg0475","fg0244","fg0941","fg0146","fg0307","fg0639","fg0015","fg0007"
"fq002741","vx_583618a1c64386b0","fg0677","1","fg0677","fg0196","fg0645","fg0543","fg0507","fg0053","fg0323","fg0646","fg0993","fg0019","fg0048","fg0596","fg0231","fg0633","fg0606","fg0354","fg0453","fg0676","fg0743","fg0495"
"fq002742","vx_da45c97d7812f32a","fg0678","1","fg0678","fg0871","fg0407","fg0452","fg0737","fg0301","fg0031","fg0066","fg0655","fg0353","fg0799","fg0730","fg0140","fg0561","fg0502","fg0618","fg0651","fg0963","fg0876","fg0846"
"fq002743","vx_da45c97d7812f32a","fg0678","1","fg0678","fg0452","fg0871","fg0737","fg0407","fg0761","fg0746","fg0175","fg0154","fg0033","fg0651","fg0353","fg0301","fg0797","fg0554","fg0618","fg0799","fg0730","fg0358","fg0514"
"fq002744","vx_da45c97d7812f32a","fg0678","1","fg0678","fg0761","fg0871","fg0452","fg0737","fg0301","fg0407","fg0651","fg0066","fg0333","fg0031","fg0746","fg0554","fg0353","fg0154","fg0561","fg0033","fg0797","fg0925","fg0655"
"fq002745","vx_da45c97d7812f32a","fg0678","1","fg0678","fg0737","fg0452","fg0871","fg0502","fg0730","fg0066","fg0407","fg0850","fg0836","fg0799","fg0370","fg0094","fg0965","fg0561","fg0093","fg0974","fg0175","fg0921","fg0746"
"fq002746","vx_da45c97d7812f32a","fg0678","1","fg0678","fg0871","fg0452","fg0737","fg0554","fg0154","fg0407","fg0301","fg0746","fg0561","fg0761","fg0175","fg0797","fg0031","fg0066","fg0730","fg0026","fg0093","fg0340","fg0033"
"fq002747","vx_da45c97d7812f32a","fg0678","1","fg0678","fg0871","fg0452","fg0301","fg0761","fg0797","fg0737","fg0175","fg0655","fg0407","fg0651","fg0109","fg0031","fg0009","fg0006","fg0026","fg0730","fg0850","fg0606","fg0799"
"fq002748","vx_da45c97d7812f32a","fg0678","1","fg0678","fg0452","fg0737","fg0871","fg0154","fg0407","fg0746","fg0799","fg0561","fg0301","fg0066","fg0554","fg0761","fg0618","fg0175","fg0730","fg0797","fg0655","fg0651","fg0425"
"fq002749","vx_da45c97d7812f32a","fg0678","1","fg0678","fg0737","fg0871","fg0452","fg0850","fg0730","fg0370","fg0093","fg0799","fg0761","fg0333","fg0939","fg0554","fg0175","fg0836","fg0006","fg0489","fg0502","fg0094","fg0867"
"fq002750","vx_da45c97d7812f32a","fg0678","1","fg0678","fg0871","fg0452","fg0407","fg0301","fg0737","fg0502","fg0618","fg0031","fg0799","fg0651","fg0066","fg0561","fg0795","fg0333","fg0730","fg0761","fg0846","fg0655","fg0606"
"fq002751","vx_da45c97d7812f32a","fg0678","1","fg0678","fg0737","fg0452","fg0871","fg0407","fg0502","fg0799","fg0730","fg0850","fg0066","fg0370","fg0464","fg0651","fg0618","fg0094","fg0921","fg0836","fg0561","fg0489","fg0131"
"fq002752","vx_da45c97d7812f32a","fg0678","1","fg0678","fg0452","fg0871","fg0761","fg0737","fg0651","fg0407","fg0502","fg0797","fg0799","fg0301","fg0655","fg0094","fg0850","fg0175","fg0606","fg0618","fg0031","fg0353","fg0228"
"fq002753","vx_da45c97d7812f32a","fg0678","1","fg0678","fg0871","fg0452","fg0407","fg0737","fg0301","fg0761","fg0031","fg0799","fg0561","fg0797","fg0175","fg0093","fg0502","fg0066","fg0746","fg0651","fg0357","fg0033","fg0154"
"fq002754","vx_da45c97d7812f32a","fg0678","1","fg0678","fg0871","fg0452","fg0737","fg0761","fg0301","fg0175","fg0407","fg0867","fg0730","fg0093","fg0066","fg0655","fg0746","fg0031","fg0836","fg0876","fg0797","fg0033","fg0799"
"fq002755","vx_da45c97d7812f32a","fg0678","1","fg0678","fg0871","fg0737","fg0452","fg0561","fg0799","fg0301","fg0502","fg0761","fg0850","fg0066","fg0407","fg0031","fg0730","fg0836","fg0370","fg0006","fg0228","fg0876","fg0606"
"fq002756","vx_da45c97d7812f32a","fg0678","1","fg0678","fg0737","fg0452","fg0871","fg0407","fg0502","fg0066","fg0799","fg0850","fg0301","fg0730","fg0031","fg0618","fg0561","fg0651","fg0554","fg0489","fg0131","fg0353","fg0963"
"fq002757","vx_da45c97d7812f32a","fg0678","1","fg0678","fg0871","fg0452","fg0737","fg0730","fg0407","fg0066","fg0799","fg0651","fg0502","fg0228","fg0804","fg0850","fg0761","fg0996","fg0655","fg0464","fg0160","fg0169","fg0618"
"fq002758","vx_da45c97d7812f32a","fg0678","1","fg0678","fg0871","fg0737","fg0452","fg0502","fg0799","fg0407","fg0730","fg0561","fg0301","fg0850","fg0031","fg0066","fg0554","fg0357","fg0963","fg0370","fg0836","fg0606","fg0093"
"fq002759","vx_da45c97d7812f32a","fg0678","1","fg0678","fg0452","fg0407","fg0737","fg0502","fg0871","fg0963","fg0301","fg0066","fg0799","fg0464","fg0353","fg0031","fg0359","fg0730","fg0561","fg0921","fg0655","fg0854","fg0618"
"fq002760","vx_da45c97d7812f32a","fg0678","1","fg0678","fg0737","fg0452","fg0407","fg0871","fg0651","fg0066","fg0730","fg0655","fg0799","fg0618","fg0353","fg0301","fg0359","fg0854","fg0357","fg0963","fg0850","fg0031","fg0514"
"fq002761","vx_da45c97d7812f32a","fg0678","1","fg0678","fg0737","fg0154","fg0175","fg0489","fg0452","fg0746","fg0554","fg0871","fg0333","fg0370","fg0093","fg0850","fg0836","fg0064","fg0094","fg0105","fg0425","fg0730","fg0026"
"fq002762","vx_e6dd6be9bd92f6a3","fg0679","1","fg0679","fg0900","fg0775","fg0432","fg0909","fg0380","fg0798","fg0089","fg0198","fg0116","fg0428","fg0818","fg0558","fg0918","fg0111","fg0182","fg0615","fg0491","fg0184","fg0787"
"fq002763","vx_37476a47fc1279ed","fg0680","1","fg0680","fg0774","fg0286","fg0113","fg0534","fg0499","fg0517","fg0137","fg0463","fg0653","fg0791","fg0426","fg0035","fg0544","fg0448","fg0391","fg0661","fg0540","fg0976","fg0839"
"fq002764","vx_d2f896e1ae5b2040","fg0681","1","fg0681","fg0961","fg0702","fg0723","fg0075","fg0983","fg0121","fg0327","fg0735","fg0454","fg0154","fg0781","fg0834","fg0018","fg0547","fg0813","fg0579","fg0278","fg0469","fg0197"
"fq002765","vx_93556e75f1bb4062","fg0682","1","fg0682","fg0060","fg0205","fg0597","fg0315","fg0042","fg0713","fg0136","fg0247","fg0062","fg0371","fg0527","fg0173","fg0215","fg0824","fg0345","fg0948","fg0388","fg0320","fg0123"
"fq002766","vx_93556e75f1bb4062","fg0682","1","fg0682","fg0060","fg0205","fg0713","fg0206","fg0247","fg0042","fg0597","fg0528","fg0388","fg0587","fg0123","fg0136","fg0371","fg0156","fg0173","fg0948","fg0824","fg0976","fg0729"
"fq002767","vx_93556e75f1bb4062","fg0682","1","fg0682","fg0206","fg0060","fg0299","fg0528","fg0897","fg0737","fg0729","fg0502","fg0525","fg0921","fg0721","fg0504","fg0500","fg0495","fg0136","fg0597","fg0355","fg0315","fg0275"
"fq002768","vx_93556e75f1bb4062","fg0682","1","fg0682","fg0206","fg0060","fg0528","fg0737","fg0502","fg0597","fg0136","fg0247","fg0205","fg0921","fg0299","fg0440","fg0439","fg0897","fg0630","fg0504","fg0315","fg0495","fg0736"
"fq002769","vx_93556e75f1bb4062","fg0682","1","fg0682","fg0060","fg0205","fg0247","fg0136","fg0206","fg0597","fg0315","fg0173","fg0587","fg0713","fg0156","fg0201","fg0976","fg0528","fg0637","fg0824","fg0424","fg0744","fg0371"
"fq002770","vx_93556e75f1bb4062","fg0682","1","fg0682","fg0206","fg0737","fg0502","fg0528","fg0060","fg0495","fg0729","fg0407","fg0275","fg0504","fg0299","fg0114","fg0810","fg0440","fg0500","fg0525","fg0247","fg0055","fg0083"
"fq002771","vx_93556e75f1bb4062","fg0682","1","fg0682","fg0060","fg0205","fg0247","fg0597","fg0528","fg0206","fg0136","fg0714","fg0713","fg0320","fg0156","fg0079","fg0587","fg0315","fg0948","fg0897","fg0630","fg0062","fg0299"
"fq002772","vx_bd54ecb8dc146401","fg0683","1","fg0683","fg0502","fg0085","fg0553","fg0302","fg0407","fg0618","fg0965","fg0832","fg0630","fg0057","fg0633","fg0771","fg0589","fg0401","fg0871","fg0012","fg0893","fg0355","fg0981"
"fq002773","vx_73868d620b0abec4","fg0684","1","fg0684","fg0895","fg0018","fg0374","fg0997","fg0719","fg0167","fg0538","fg0321","fg0922","fg0012","fg0956","fg0599","fg0607","fg0722","fg0197","fg0825","fg1000","fg0382","fg0536"
"fq002774","vx_73868d620b0abec4","fg0684","1","fg0684","fg0895","fg0997","fg0374","fg0719","fg0018","fg0956","fg0321","fg0607","fg0270","fg0922","fg0538","fg1000","fg0167","fg0510","fg0934","fg0729","fg0781","fg0029","fg0469"
"fq002775","vx_e47c8c93a8f89154","fg0685","1","fg0685","fg0409","fg0340","fg0601","fg0813","fg0204","fg0096","fg0493","fg0800","fg0780","fg0458","fg0006","fg0724","fg0164","fg0008","fg0230","fg0822","fg0725","fg0597","fg0531"
"fq002776","vx_e47c8c93a8f89154","fg0685","1","fg0685","fg0409","fg0340","fg0601","fg0813","fg0204","fg0096","fg0493","fg0006","fg0822","fg0230","fg0458","fg0800","fg0531","fg0008","fg0724","fg0526","fg0780","fg0164","fg0597"
"fq002777","vx_e47c8c93a8f89154","fg0685","1","fg0685","fg0409","fg0601","fg0813","fg0340","fg0204","fg0096","fg0006","fg0724","fg0800","fg0493","fg0008","fg0531","fg0230","fg0822","fg0930","fg0976","fg0458","fg0780","fg0526"
"fq002778","vx_18fc83cd3f8a8687","fg0686","1","fg0686","fg0894","fg0734","fg0251","fg0243","fg0184","fg0120","fg0821","fg0583","fg0031","fg0547","fg0564","fg0327","fg0984","fg0065","fg0355","fg0140","fg0590","fg0121","fg0392"
"fq002779","vx_18fc83cd3f8a8687","fg0686","1","fg0686","fg0734","fg0894","fg0065","fg0120","fg0732","fg0821","fg0564","fg0184","fg0243","fg0590","fg0873","fg0392","fg0327","fg0547","fg0031","fg0984","fg0251","fg0810","fg0612"
"fq002780","vx_a2ccf40b0fae2a52","fg0687","1","fg0687","fg0373","fg0043","fg0240","fg0555","fg0820","fg0802","fg0242","fg0017","fg0525","fg0904","fg0241","fg0559","fg0092","fg0099","fg0216","fg0355","fg0206","fg0948","fg0444"
"fq002781","vx_a2ccf40b0fae2a52","fg0687","1","fg0687","fg0373","fg0043","fg0555","fg0240","fg0820","fg0904","fg0802","fg0017","fg0525","fg0559","fg0242","fg0092","fg0241","fg0099","fg0216","fg0355","fg0444","fg0652","fg0206"
"fq002782","vx_a2ccf40b0fae2a52","fg0687","1","fg0687","fg0043","fg0373","fg0555","fg0240","fg0242","fg0241","fg0820","fg0444","fg0559","fg0525","fg0904","fg0355","fg0802","fg0652","fg0299","fg0017","fg0099","fg0327","fg0216"
"fq002783","vx_a2ccf40b0fae2a52","fg0687","1","fg0687","fg0373","fg0043","fg0240","fg0555","fg0820","fg0242","fg0241","fg0802","fg0525","fg0017","fg0559","fg0904","fg0099","fg0948","fg0355","fg0092","fg0206","fg0216","fg0444"
"fq002784","vx_a2ccf40b0fae2a52","fg0687","1","fg0687","fg0373","fg0043","fg0555","fg0802","fg0820","fg0240","fg0242","fg0559","fg0525","fg0241","fg0355","fg0017","fg0092","fg0904","fg0948","fg0444","fg0099","fg0299","fg0652"
"fq002785","vx_a2ccf40b0fae2a52","fg0687","1","fg0687","fg0373","fg0240","fg0043","fg0555","fg0559","fg0525","fg0802","fg0355","fg0820","fg0206","fg0897","fg0099","fg0092","fg0242","fg0904","fg0017","fg0810","fg0114","fg0299"
"fq002786","vx_a2ccf40b0fae2a52","fg0687","1","fg0687","fg0373","fg0043","fg0555","fg0240","fg0820","fg0904","fg0017","fg0559","fg0241","fg0802","fg0525","fg0216","fg0242","fg0092","fg0917","fg0447","fg0355","fg0652","fg0995"
"fq002787","vx_e6cc474be66c02ae","fg0688","1","fg0688","fg0036","fg0179","fg0184","fg0460","fg0585","fg0616","fg0602","fg0576","fg0778","fg0429","fg0037","fg0805","fg0420","fg0488","fg0209","fg0150","fg0453","fg0388","fg0472"
"fq002788","vx_2343d2fec3949a26","fg0689","1","fg0689","fg0783","fg0548","fg0337","fg0461","fg0623","fg0759","fg0282","fg0938","fg0308","fg0083","fg0240","fg0564","fg0864","fg0361","fg0941","fg0576","fg0967","fg0002","fg0525"
"fq002789","vx_4d5208ef739db692","fg0690","1","fg0690","fg0719","fg0968","fg0595","fg0304","fg0092","fg0182","fg0376","fg0722","fg0480","fg0777","fg0945","fg0197","fg0248","fg0207","fg0735","fg0569","fg0758","fg0097","fg0272"
"fq002790","vx_4d5208ef739db692","fg0690","1","fg0690","fg0968","fg0595","fg0304","fg0719","fg0092","fg0777","fg0945","fg0506","fg0248","fg0711","fg0182","fg0207","fg0922","fg0735","fg0390","fg0781","fg0910","fg0839","fg0469"
"fq002791","vx_4d5208ef739db692","fg0690","1","fg0690","fg0719","fg0968","fg0595","fg0304","fg0777","fg0569","fg0092","fg0500","fg0506","fg0225","fg0957","fg0722","fg0197","fg0666","fg0735","fg0945","fg0469","fg0910","fg0922"
"fq002792","vx_4d5208ef739db692","fg0690","1","fg0690","fg0719","fg0304","fg0595","fg0968","fg0922","fg0895","fg0018","fg0262","fg0197","fg0781","fg0270","fg0735","fg0749","fg0945","fg0272","fg0772","fg0469","fg0722","fg0500"
"fq002793","vx_4d5208ef739db692","fg0690","1","fg0690","fg0968","fg0595","fg0719","fg0304","fg0777","fg0092","fg0569","fg0480","fg0839","fg0498","fg0557","fg0204","fg0620","fg0182","fg0656","fg0207","fg0121","fg0233","fg0248"
"fq002794","vx_9b825499889861d0","fg0691","1","fg0691","fg0325","fg0545","fg0615","fg0168","fg0828","fg0354","fg0189","fg0435","fg0405","fg0556","fg0796","fg0782","fg0064","fg0222","fg0034","fg0546","fg0805","fg0508","fg0111"
"fq002795","vx_f187d22e84864dda","fg0692","1","fg0692","fg0334","fg0207","fg0974","fg0195","fg0513","fg0339","fg0398","fg0793","fg0907","fg0805","fg0544","fg0815","fg0791","fg0279","fg0740","fg0658","fg0966","fg0632","fg0932"
"fq002796","vx_e93adf3d6d5626b0","fg0693","1","fg0693","fg0380","fg0424","fg0519","fg0060","fg0610","fg0083","fg0559","fg0353","fg0694","fg0828","fg0683","fg0056","fg0597","fg0324","fg0721","fg0914","fg0431","fg0390","fg0259"
"fq002797","vx_e93adf3d6d5626b0","fg0693","1","fg0693","fg0060","fg0424","fg0597","fg0282","fg0683","fg0520","fg0519","fg0746","fg0445","fg0828","fg0093","fg0409","fg0431","fg0725","fg0968","fg0610","fg0056","fg0390","fg0380"
"fq002798","vx_e93adf3d6d5626b0","fg0693","1","fg0693","fg0445","fg0424","fg0597","fg0828","fg0060","fg0519","fg0725","fg0683","fg0325","fg0746","fg0282","fg0914","fg0780","fg0972","fg0925","fg0093","fg0056","fg0733","fg0409"
"fq002799","vx_e93adf3d6d5626b0","fg0693","1","fg0693","fg0424","fg0519","fg0060","fg0683","fg0597","fg0828","fg0380","fg0746","fg0056","fg0725","fg0445","fg0282","fg0215","fg0325","fg0431","fg0390","fg0393","fg0943","fg0914"
"fq002800","vx_e93adf3d6d5626b0","fg0693","1","fg0693","fg0060","fg0424","fg0519","fg0828","fg0597","fg0683","fg0445","fg0746","fg0725","fg0390","fg0056","fg0282","fg0325","fg0914","fg0431","fg0624","fg0972","fg0093","fg0968"
"fq002801","vx_e93adf3d6d5626b0","fg0693","1","fg0693","fg0380","fg0424","fg0519","fg0610","fg0683","fg0083","fg0828","fg0694","fg0060","fg0725","fg0324","fg0390","fg0968","fg0597","fg0445","fg0282","fg0431","fg0056","fg0914"
"fq002802","vx_e93adf3d6d5626b0","fg0693","1","fg0693","fg0424","fg0060","fg0519","fg0683","fg0828","fg0597","fg0445","fg0380","fg0746","fg0968","fg0725","fg0520","fg0259","fg0056","fg0610","fg0324","fg0353","fg0943","fg0390"
"fq002803","vx_e93adf3d6d5626b0","fg0693","1","fg0693","fg0828","fg0597","fg0060","fg0445","fg0424","fg0725","fg0325","fg0093","fg0683","fg0746","fg0282","fg0520","fg0657","fg0780","fg0409","fg0488","fg0215","fg0519","fg0914"
"fq002804","vx_e93adf3d6d5626b0","fg0693","1","fg0693","fg0380","fg0610","fg0424","fg0519","fg0150","fg0683","fg0060","fg0056","fg0721","fg0597","fg0324","fg0353","fg0828","fg0083","fg0282","fg0559","fg0390","fg0725","fg0134"
"fq002805","vx_e93adf3d6d5626b0","fg0693","1","fg0693","fg0424","fg0828","fg0519","fg0683","fg0445","fg0060","fg0610","fg0259","fg0376","fg0746","fg0215","fg0380","fg0694","fg0725","fg0968","fg0277","fg0882","fg0597","fg0390"
"fq002806","vx_c4ee1e5b3a93a734","fg0694","1","fg0694","fg0105","fg0083","fg0206","fg0240","fg0998","fg0004","fg0725","fg0295","fg0142","fg0621","fg0700","fg0317","fg0392","fg0114","fg0251","fg0838","fg0906","fg0200","fg0373"
"fq002807","vx_c4ee1e5b3a93a734","fg0694","1","fg0694","fg0105","fg0083","fg0206","fg0998","fg0240","fg0004","fg0010","fg0725","fg0200","fg0295","fg0317","fg0269","fg0063","fg0142","fg0838","fg0700","fg0251","fg0906","fg0392"
"fq002808","vx_a261db600c3fe3a1","fg0695","1","fg0695","fg0239","fg0997","fg0832","fg0561","fg0671","fg0153","fg0589","fg0790","fg0965","fg0535","fg0078","fg0319","fg0628","fg0110","fg0667","fg0722","fg0469","fg0603","fg0174"
"fq002809","vx_ae7e7084675bf4f0","fg0696","1","fg0696","fg0010","fg0269","fg0199","fg0375","fg0026","fg0394","fg0726","fg0837","fg0258","fg0750","fg0852","fg0537","fg0964","fg0707","fg0545","fg0325","fg0089","fg0550","fg0508"
"fq002810","vx_ae7e7084675bf4f0","fg0696","1","fg0696","fg0898","fg0964","fg0183","fg0650","fg0551","fg0647","fg0014","fg0613","fg0434","fg0411","fg0511","fg0398","fg0967","fg0886","fg0256","fg0035","fg0187","fg0499","fg0387"
"fq002811","vx_e6c5fb444b2b5cd9","fg0697","1","fg0697","fg0587","fg0170","fg0894","fg0334","fg0725","fg0768","fg0564","fg0942","fg0643","fg0059","fg0835","fg0782","fg0889","fg0105","fg0155","fg0215","fg0547","fg0270","fg0986"
"fq002812","vx_e6c5fb444b2b5cd9","fg0697","1","fg0697","fg0564","fg0894","fg0573","fg0990","fg0547","fg0040","fg0915","fg0475","fg0474","fg0811","fg0587","fg0147","fg0215","fg0500","fg0751","fg0770","fg0814","fg0421","fg0137"
"fq002813","vx_e6c5fb444b2b5cd9","fg0697","1","fg0697","fg0894","fg0270","fg0564","fg0547","fg0643","fg0725","fg0915","fg0782","fg0409","fg0919","fg0155","fg0587","fg0889","fg0105","fg0984","fg0475","fg0821","fg0121","fg0723"
"fq002814","vx_92d6bb66741fcda2","fg0698","1","fg0698","fg0989","fg0401","fg0291","fg0464","fg0719","fg0871","fg0085","fg0913","fg0304","fg0599","fg0596","fg0197","fg0573","fg0895","fg0133","fg0468","fg0455","fg0250","fg0568"
"fq002815","vx_92d6bb66741fcda2","fg0698","1","fg0698","fg0989","fg0401","fg0871","fg0484","fg0291","fg0595","fg0719","fg0304","fg0327","fg0709","fg0462","fg0464","fg0568","fg0794","fg0642","fg0455","fg0834","fg0913","fg0563"
"fq002816","vx_80dfaf855ce1faba","fg0699","430","fg0308","fg0277","fg0148","fg0944","fg0196","fg0801","fg0369","fg0733","fg0044","fg0805","fg0013","fg0364","fg0949","fg0209","fg0511","fg0629","fg0793","fg0261","fg0101","fg0456"
"fq002817","vx_762da8c0924c4b56","fg0700","1","fg0700","fg0200","fg0642","fg0566","fg0918","fg0664","fg0203","fg0248","fg0084","fg0943","fg0818","fg0350","fg0161","fg0051","fg0078","fg0739","fg0532","fg0234","fg0557","fg0185"
"fq002818","vx_762da8c0924c4b56","fg0700","1","fg0700","fg0200","fg0818","fg0642","fg0566","fg0918","fg0664","fg0084","fg0337","fg0222","fg0203","fg0161","fg0132","fg0943","fg0051","fg0248","fg0286","fg0185","fg0234","fg0940"
"fq002819","vx_762da8c0924c4b56","fg0700","1","fg0700","fg0200","fg0642","fg0664","fg0566","fg0943","fg0350","fg0818","fg0051","fg0004","fg0309","fg0248","fg0132","fg0286","fg0694","fg0064","fg0689","fg0557","fg0222","fg0532"
"fq002820","vx_762da8c0924c4b56","fg0700","1","fg0700","fg0642","fg0200","fg0566","fg0664","fg0818","fg0421","fg0084","fg0203","fg0222","fg0694","fg0918","fg0494","fg0997","fg0286","fg0779","fg0249","fg0185","fg0943","fg0309"
"fq002821","vx_762da8c0924c4b56","fg0700","1","fg0700","fg0642","fg0200","fg0566","fg0664","fg0222","fg0943","fg0161","fg0694","fg0248","fg0084","fg0053","fg0286","fg0461","fg0532","fg0064","fg0051","fg0818","fg0337","fg0557"
"fq002822","vx_74d7bfe7458d96bb","fg0701","1","fg0701","fg0646","fg0347","fg0982","fg0097","fg0972","fg0540","fg0672","fg0492","fg0233","fg0677","fg0754","fg0196","fg0879","fg0294","fg0601","fg0397","fg0790","fg0616","fg0263"
"fq002823","vx_94f8c823238e0dbd","fg0702","1","fg0702","fg0819","fg0281","fg0681","fg0829","fg0634","fg0924","fg0045","fg0418","fg0905","fg0015","fg0217","fg0865","fg0601","fg0176","fg0984","fg0978","fg0720","fg0976","fg0344"
"fq002824","vx_94f8c823238e0dbd","fg0702","1","fg0702","fg0819","fg0681","fg0045","fg0281","fg0829","fg0217","fg0015","fg0905","fg0978","fg0418","fg0924","fg0634","fg0310","fg0865","fg0720","fg0615","fg0580","fg0864","fg0414"
"fq002825","vx_94f8c823238e0dbd","fg0702","1","fg0702","fg0819","fg0681","fg0924","fg0281","fg0045","fg0634","fg0015","fg0310","fg0829","fg0418","fg0601","fg0905","fg0217","fg0580","fg0813","fg0615","fg0414","fg0720","fg0976"
"fq002826","vx_94f8c823238e0dbd","fg0702","1","fg0702","fg0819","fg0681","fg0281","fg0045","fg0634","fg0924","fg0829","fg0015","fg0217","fg0978","fg0905","fg0418","fg0865","fg0984","fg0601","fg0280","fg0791","fg0176","fg0864"
"fq002827","vx_94f8c823238e0dbd","fg0702","1","fg0702","fg0819","fg0281","fg0924","fg0681","fg0634","fg0045","fg0829","fg0978","fg0217","fg0905","fg0720","fg0865","fg0015","fg0418","fg0615","fg0830","fg0280","fg0864","fg0984"
"fq002828","vx_94f8c823238e0dbd","fg0702","1","fg0702","fg0819","fg0681","fg0924","fg0281","fg0045","fg0634","fg0829","fg0310","fg0015","fg0905","fg0601","fg0217","fg0418","fg0280","fg0720","fg0706","fg0414","fg0615","fg0491"
"fq002829","vx_819ca1b8b9da5b13","fg0703","1","fg0703","fg0768","fg0628","fg0155","fg0453","fg0648","fg0278","fg0641","fg0660","fg0589","fg0490","fg0169","fg0214","fg0108","fg0728","fg0071","fg0114","fg0025","fg0873","fg0947"
"fq002830","vx_3faa2d0c6894cf74","fg0704","1","fg0704","fg0882","fg0777","fg0577","fg0170","fg0614","fg0957","fg0792","fg0778","fg0503","fg0474","fg0680","fg0753","fg0926","fg0713","fg0828","fg0398","fg0481","fg0573","fg0256"
"fq002831","vx_0c1d32f4dbfaafb7","fg0705","1","fg0705","fg0311","fg0870","fg0730","fg0994","fg0360","fg1000","fg0751","fg0617","fg0904","fg0903","fg0199","fg0129","fg0104","fg0224","fg0522","fg0232","fg0890","fg0180","fg0586"
"fq002832","vx_04e35fc1a4588d88","fg0706","1","fg0706","fg0731","fg0796","fg0745","fg0227","fg0175","fg0952","fg0702","fg0261","fg0084","fg0776","fg0816","fg0824","fg0078","fg0374","fg0585","fg0727","fg0169","fg0555","fg0465"
"fq002833","vx_04e35fc1a4588d88","fg0706","1","fg0706","fg0731","fg0796","fg0175","fg0952","fg0816","fg0043","fg0555","fg0745","fg0616","fg0830","fg0143","fg0332","fg0897","fg0585","fg0824","fg0122","fg0261","fg0465","fg0078"
"fq002834","vx_04e35fc1a4588d88","fg0706","1","fg0706","fg0796","fg0731","fg0745","fg0555","fg0952","fg0175","fg0036","fg0049","fg0112","fg0572","fg0078","fg0321","fg0160","fg0332","fg0408","fg0861","fg0043","fg0482","fg0287"
"fq002835","vx_84603cd695ed2cc8","fg0707","1","fg0707","fg0272","fg0461","fg0457","fg0292","fg1000","fg0970","fg0264","fg0091","fg0190","fg0570","fg0222","fg0666","fg0772","fg0988","fg0807","fg0873","fg0044","fg0949","fg0940"
"fq002836","vx_8382c4a6e3a129e7","fg0708","1","fg0708","fg0586","fg0870","fg0960","fg0047","fg0953","fg0598","fg0180","fg0149","fg0379","fg0979","fg0068","fg0427","fg0288","fg0416","fg0070","fg0811","fg0254","fg0243","fg0339"
"fq002837","vx_8382c4a6e3a129e7","fg0708","1","fg0708","fg0960","fg0953","fg0416","fg0598","fg0047","fg0254","fg0979","fg0586","fg0993","fg0509","fg0870","fg0930","fg0192","fg0070","fg0149","fg0288","fg0673","fg0963","fg0811"
"fq002838","vx_8382c4a6e3a129e7","fg0708","1","fg0708","fg0960","fg0953","fg0416","fg0047","fg0149","fg0993","fg0598","fg0870","fg0979","fg0070","fg0254","fg0288","fg0811","fg0192","fg0467","fg0509","fg0586","fg0963","fg0673"
"fq002839","vx_8382c4a6e3a129e7","fg0708","1","fg0708","fg0960","fg0953","fg0416","fg0598","fg0979","fg0254","fg0047","fg0993","fg0963","fg0192","fg0288","fg0930","fg0586","fg0509","fg0070","fg0149","fg0870","fg0497","fg0512"
"fq002840","vx_8382c4a6e3a129e7","fg0708","1","fg0708","fg0960","fg0953","fg0598","fg0416","fg0979","fg0047","fg0192","fg0993","fg0963","fg0254","fg0497","fg0930","fg0288","fg0068","fg0509","fg0512","fg0379","fg0811","fg0990"
"fq002841","vx_8382c4a6e3a129e7","fg0708","1","fg0708","fg0960","fg0953","fg0598","fg0509","fg0254","fg0930","fg0979","fg0047","fg0811","fg0192","fg0288","fg0416","fg0497","fg0993","fg0978","fg0068","fg0467","fg0990","fg0603"
"fq002842","vx_8382c4a6e3a129e7","fg0708","1","fg0708","fg0960","fg0993","fg0953","fg0416","fg0598","fg0192","fg0047","fg0673","fg0497","fg0979","fg0990","fg0963","fg0509","fg0512","fg0288","fg0149","fg0254","fg0811","fg0930"
"fq002843","vx_8382c4a6e3a129e7","fg0708","1","fg0708","fg0870","fg0586","fg0830","fg0901","fg0339","fg0470","fg0180","fg0467","fg0731","fg0932","fg0068","fg0658","fg0427","fg0158","fg0070","fg0385","fg0953","fg0311","fg0960"
"fq002844","vx_d4717f0f27fb89b4","fg0709","1","fg0709","fg0339","fg0937","fg0188","fg0049","fg0385","fg0986","fg0901","fg0830","fg0626","fg0698","fg0633","fg0703","fg0642","fg0158","fg0578","fg0006","fg0853","fg0321","fg0281"
"fq002845","vx_d4717f0f27fb89b4","fg0709","1","fg0709","fg0937","fg0385","fg0578","fg0853","fg0339","fg0188","fg0054","fg0049","fg0830","fg0626","fg0664","fg0383","fg0420","fg0048","fg0901","fg0633","fg0703","fg0308","fg0986"
"fq002846","vx_db5badd35d4ed33b","fg0710","1","fg0710","fg0979","fg0254","fg0169","fg0335","fg0764","fg0804","fg0401","fg0412","fg0341","fg0078","fg0384","fg0568","fg0589","fg0874","fg0147","fg0598","fg0183","fg0145","fg0414"
"fq002847","vx_454df86479b778fe","fg0711","1","fg0711","fg0104","fg0823","fg0798","fg0904","fg0522","fg0017","fg0994","fg0423","fg0613","fg0825","fg0547","fg0280","fg0382","fg0945","fg0650","fg0719","fg0092","fg0538","fg0781"
"fq002848","vx_454df86479b778fe","fg0711","1","fg0711","fg0798","fg0823","fg0104","fg0994","fg0904","fg0613","fg0522","fg0423","fg0547","fg0280","fg0017","fg0574","fg0538","fg0092","fg0945","fg0138","fg1000","fg0050","fg0825"
"fq002849","vx_454df86479b778fe","fg0711","1","fg0711","fg0798","fg0823","fg0994","fg0104","fg0613","fg0904","fg0280","fg0522","fg0781","fg0759","fg0547","fg0423","fg0017","fg0830","fg0825","fg0538","fg0862","fg0382","fg0574"
"fq002850","vx_454df86479b778fe","fg0711","1","fg0711","fg0798","fg0538","fg0017","fg0823","fg0382","fg0613","fg0423","fg0719","fg0104","fg0735","fg0904","fg0956","fg0945","fg0994","fg0197","fg0574","fg0522","fg0271","fg1000"
"fq002851","vx_454df86479b778fe","fg0711","1","fg0711","fg0798","fg0823","fg0104","fg0904","fg0522","fg0613","fg0994","fg0423","fg0017","fg0280","fg0825","fg0069","fg0945","fg0547","fg0719","fg0382","fg0830","fg0781","fg0759"
"fq002852","vx_454df86479b778fe","fg0711","1","fg0711","fg0823","fg0798","fg0104","fg0904","fg0613","fg0994","fg0522","fg0280","fg0547","fg0017","fg0423","fg0781","fg0759","fg0574","fg0880","fg0092","fg0830","fg0849","fg0825"
"fq002853","vx_454df86479b778fe","fg0711","1","fg0711","fg0798","fg0823","fg0104","fg0904","fg0423","fg0994","fg0547","fg0613","fg0017","fg0522","fg0280","fg0719","fg1000","fg0781","fg0092","fg0759","fg0650","fg0138","fg0849"
"fq002854","vx_454df86479b778fe","fg0711","1","fg0711","fg0823","fg0798","fg0104","fg0423","fg0994","fg0904","fg0613","fg0522","fg0547","fg0017","fg0092","fg0538","fg0719","fg0280","fg0781","fg0945","fg1000","fg0895","fg0382"
"fq002855","vx_454df86479b778fe","fg0711","1","fg0711","fg0798","fg0823","fg0104","fg0423","fg0904","fg0994","fg0719","fg0522","fg0017","fg0613","fg0781","fg0895","fg1000","fg0547","fg0280","fg0538","fg0825","fg0092","fg0382"
"fq002856","vx_1337b5b8c7c440cd","fg0712","1","fg0712","fg0515","fg0015","fg0819","fg0039","fg0218","fg0582","fg0307","fg0191","fg0126","fg0106","fg0811","fg0214","fg0843","fg0002","fg0562","fg0173","fg0268","fg0003","fg0544"
"fq002857","vx_f55a29c9696ffc22","fg0713","1","fg0713","fg0156","fg0824","fg0682","fg0205","fg0159","fg0810","fg0201","fg0211","fg0388","fg0207","fg0486","fg0729","fg0082","fg0947","fg0397","fg0936","fg0564","fg0948","fg0259"
"fq002858","vx_f55a29c9696ffc22","fg0713","1","fg0713","fg0082","fg0811","fg0539","fg0421","fg0573","fg0588","fg0936","fg0815","fg0159","fg0438","fg0260","fg0990","fg0211","fg0397","fg0749","fg0156","fg0584","fg0564","fg0525"
"fq002859","vx_e51bf32f31d50c02","fg0714","1","fg0714","fg0959","fg0213","fg0525","fg0559","fg0555","fg0240","fg0159","fg0353","fg0464","fg0042","fg0099","fg0936","fg0652","fg0108","fg0523","fg0231","fg0771","fg0906","fg0373"
"fq002860","vx_e51bf32f31d50c02","fg0714","1","fg0714","fg0959","fg0042","fg0525","fg0240","fg0555","fg0464","fg0213","fg0159","fg0353","fg0559","fg0854","fg0721","fg0099","fg0771","fg0741","fg0319","fg0424","fg0060","fg0234"
"fq002861","vx_e51bf32f31d50c02","fg0714","1","fg0714","fg0213","fg0555","fg0959","fg0464","fg0042","fg0559","fg0525","fg0936","fg0240","fg0159","fg0353","fg0906","fg0523","fg0284","fg0668","fg0142","fg0242","fg0584","fg0125"
"fq002862","vx_e51bf32f31d50c02","fg0714","1","fg0714","fg0959","fg0213","fg0525","fg0240","fg0159","fg0559","fg0555","fg0464","fg0936","fg0659","fg0652","fg0584","fg0108","fg0099","fg0270","fg0231","fg0444","fg0353","fg0042"
"fq002863","vx_e51bf32f31d50c02","fg0714","1","fg0714","fg0525","fg0959","fg0355","fg0652","fg0159","fg0444","fg0729","fg0240","fg0559","fg0099","fg0034","fg0152","fg0213","fg0931","fg0114","fg0319","fg0760","fg0922","fg0225"
"fq002864","vx_e51bf32f31d50c02","fg0714","1","fg0714","fg0959","fg0525","fg0213","fg0559","fg0555","fg0240","fg0353","fg0464","fg0159","fg0042","fg0721","fg0854","fg0523","fg0504","fg0099","fg0444","fg0114","fg0373","fg0652"
"fq002865","vx_e51bf32f31d50c02","fg0714","1","fg0714","fg0959","fg0525","fg0213","fg0464","fg0559","fg0159","fg0240","fg0042","fg0373","fg0555","fg0355","fg0275","fg0299","fg0099","fg0444","fg0242","fg0353","fg0721","fg0500"
"fq002866","vx_e51bf32f31d50c02","fg0714","1","fg0714","fg0959","fg0525","fg0559","fg0213","fg0159","fg0240","fg0355","fg0353","fg0042","fg0555","fg0464","fg0099","fg0771","fg0440","fg0444","fg0652","fg0114","fg0504","fg0729"
"fq002867","vx_e51bf32f31d50c02","fg0714","1","fg0714","fg0559","fg0213","fg0959","fg0525","fg0159","fg0555","fg0240","fg0353","fg0464","fg0659","fg0936","fg0108","fg0652","fg0444","fg0152","fg0270","fg0231","fg0042","fg0536"
"fq002868","vx_e51bf32f31d50c02","fg0714","1","fg0714","fg0959","fg0525","fg0159","fg0355","fg0213","fg0099","fg0652","fg0464","fg0444","fg0270","fg0559","fg0240","fg0771","fg0042","fg0108","fg0500","fg0729","fg0555","fg0931"
"fq002869","vx_e51bf32f31d50c02","fg0714","1","fg0714","fg0213","fg0959","fg0559","fg0555","fg0353","fg0525","fg0240","fg0936","fg0042","fg0159","fg0464","fg0099","fg0652","fg0275","fg0820","fg0108","fg0906","fg0424","fg0231"
"fq002870","vx_e51bf32f31d50c02","fg0714","1","fg0714","fg0959","fg0525","fg0213","fg0559","fg0464","fg0555","fg0240","fg0159","fg0355","fg0099","fg0353","fg0242","fg0373","fg0652","fg0444","fg0906","fg0936","fg0042","fg0108"
"fq002871","vx_e51bf32f31d50c02","fg0714","1","fg0714","fg0525","fg0959","fg0559","fg0353","fg0042","fg0159","fg0504","fg0213","fg0240","fg0555","fg0464","fg0721","fg0152","fg0108","fg0242","fg0355","fg0225","fg0659","fg0275"
"fq002872","vx_e51bf32f31d50c02","fg0714","1","fg0714","fg0959","fg0525","fg0213","fg0464","fg0042","fg0240","fg0159","fg0555","fg0559","fg0659","fg0854","fg0652","fg0936","fg0099","fg0114","fg0152","fg0270","fg0504","fg0231"
"fq002873","vx_e51bf32f31d50c02","fg0714","1","fg0714","fg0959","fg0042","fg0213","fg0525","fg0353","fg0464","fg0559","fg0159","fg0555","fg0523","fg0936","fg0771","fg0240","fg0099","fg0275","fg0820","fg0331","fg0906","fg0424"
"fq002874","vx_e51bf32f31d50c02","fg0714","1","fg0714","fg0525","fg0959","fg0464","fg0213","fg0240","fg0559","fg0159","fg0555","fg0659","fg0936","fg0042","fg0652","fg0108","fg0242","fg0114","fg0353","fg0373","fg0504","fg0802"
"fq002875","vx_e51bf32f31d50c02","fg0714","1","fg0714","fg0959","fg0525","fg0213","fg0559","fg0355","fg0240","fg0729","fg0099","fg0108","fg0152","fg0652","fg0159","fg0500","fg0721","fg0555","fg0114","fg0504","fg0444","fg0225"
"fq002876","vx_d7b59f86ae6237ce","fg0715","1","fg0715","fg0996","fg0303","fg0157","fg0120","fg0779","fg0650","fg0033","fg0742","fg0179","fg0634","fg0757","fg0396","fg0293","fg0756","fg0696","fg0776","fg0511","fg0394","fg0194"
"fq002877","vx_41786a610361f719","fg0716","1","fg0716","fg0027","fg0404","fg0039","fg0263","fg0085","fg0573","fg0603","fg0939","fg0804","fg0012","fg0082","fg0956","fg0712","fg0740","fg0911","fg0338","fg0832","fg0307","fg0347"
"fq002878","vx_644ef5818e63f680","fg0717","1","fg0717","fg0865","fg0470","fg0787","fg0670","fg0991","fg0175","fg0910","fg0223","fg0363","fg0026","fg0702","fg0418","fg0152","fg0706","fg0639","fg0731","fg0521","fg0074","fg0656"
"fq002879","vx_6cc966b96cbe2816","fg0718","1","fg0718","fg0198","fg0029","fg0558","fg0174","fg0032","fg0154","fg0881","fg0178","fg0375","fg0837","fg0860","fg0009","fg0857","fg0249","fg0114","fg0087","fg0962","fg0182","fg0813"
"fq002880","vx_9476aa0d07cfac6a","fg0719","1","fg0719","fg0197","fg0690","fg0968","fg0722","fg0557","fg0956","fg0595","fg0538","fg0469","fg0735","fg0304","fg0758","fg0536","fg0382","fg0638","fg0153","fg0821","fg0182","fg0684"
"fq002881","vx_f1ef987f1dad71d0","fg0720","1","fg0720","fg0266","fg0012","fg0603","fg0795","fg0413","fg0800","fg0745","fg0110","fg0707","fg0306","fg0433","fg0210","fg0911","fg0561","fg0476","fg0530","fg0235","fg0681","fg0554"
"fq002882","vx_f1ef987f1dad71d0","fg0720","1","fg0720","fg0266","fg0012","fg0795","fg0960","fg0530","fg0326","fg0603","fg0581","fg0911","fg0805","fg0110","fg0287","fg0413","fg0681","fg0949","fg0070","fg0707","fg0263","fg0691"
"fq002883","vx_f1ef987f1dad71d0","fg0720","1","fg0720","fg0800","fg0266","fg0745","fg0795","fg0110","fg0603","fg0707","fg0664","fg0413","fg0234","fg0726","fg0553","fg0443","fg0782","fg0245","fg0461","fg0210","fg0012","fg0235"
"fq002884","vx_f1ef987f1dad71d0","fg0720","1","fg0720","fg0266","fg0726","fg0235","fg0413","fg0603","fg0110","fg0581","fg0745","fg0746","fg0478","fg0004","fg0681","fg0707","fg0688","fg0911","fg0550","fg0210","fg0782","fg0702"
"fq002885","vx_715ef9b70825efd5","fg0721","1","fg0721","fg0504","fg0240","fg0880","fg0403","fg0114","fg0151","fg0299","fg0618","fg0559","fg0275","fg0225","fg0355","fg0152","fg0667","fg0810","fg0729","fg0127","fg0525","fg0610"
"fq002886","vx_5e022a4fcfe8d1aa","fg0722","1","fg0722","fg0772","fg0825","fg0536","fg0197","fg0719","fg0248","fg0860","fg0735","fg0069","fg0877","fg0018","fg0510","fg0653","fg0469","fg0190","fg0273","fg0108","fg0638","fg0270"
"fq002887","vx_5e022a4fcfe8d1aa","fg0722","1","fg0722","fg0772","fg0197","fg0536","fg0018","fg0735","fg0719","fg0825","fg1000","fg0069","fg0469","fg0638","fg0471","fg0190","fg0270","fg0538","fg0522","fg0749","fg0877","fg0860"
"fq002888","vx_5e022a4fcfe8d1aa","fg0722","1","fg0722","fg0772","fg0197","fg0536","fg0719","fg0018","fg1000","fg0735","fg0469","fg0638","fg0825","fg0860","fg0538","fg0934","fg0557","fg0153","fg0069","fg0877","fg0270","fg0190"
"fq002889","vx_5e022a4fcfe8d1aa","fg0722","1","fg0722","fg0772","fg0197","fg0018","fg0825","fg0719","fg0536","fg0735","fg1000","fg0627","fg0860","fg0469","fg0276","fg0877","fg0108","fg0652","fg0069","fg0579","fg0956","fg0934"
"fq002890","vx_4a8dd198e405d4b7","fg0723","1","fg0723","fg0278","fg0665","fg0681","fg0460","fg0855","fg0778","fg0243","fg0870","fg0037","fg0180","fg0191","fg0747","fg0221","fg0130","fg0490","fg0731","fg0217","fg0772","fg0467"
"fq002891","vx_4a8dd198e405d4b7","fg0723","1","fg0723","fg0278","fg0460","fg0778","fg0681","fg0665","fg0855","fg0071","fg0926","fg0184","fg0130","fg0191","fg0037","fg0915","fg0208","fg0155","fg0217","fg0835","fg0189","fg0548"
"fq002892","vx_eaba7bd16e180b54","fg0724","1","fg0724","fg0080","fg0987","fg0275","fg0409","fg0564","fg0857","fg0791","fg0073","fg0770","fg0447","fg0618","fg0257","fg0087","fg0313","fg0602","fg0062","fg0015","fg0930","fg0685"
"fq002893","vx_eddb671adb2cfc1f","fg0725","1","fg0725","fg0534","fg0505","fg0862","fg0785","fg0590","fg0955","fg0685","fg0309","fg0393","fg0391","fg0362","fg0798","fg0409","fg0494","fg0697","fg0718","fg0326","fg0289","fg0459"
"fq002894","vx_db6fd0843b40d6f9","fg0726","1","fg0726","fg0550","fg0786","fg0899","fg0004","fg0615","fg0269","fg0928","fg0830","fg0290","fg0696","fg0089","fg0774","fg0849","fg0775","fg0168","fg0010","fg0437","fg0130","fg0335"
"fq002895","vx_27c19ebe2f951d11","fg0727","1","fg0727","fg0381","fg0924","fg0926","fg0023","fg0464","fg0542","fg0536","fg0005","fg0303","fg0984","fg0816","fg0160","fg0417","fg0280","fg0476","fg0936","fg0757","fg0022","fg0634"
"fq002896","vx_27c19ebe2f951d11","fg0727","1","fg0727","fg0381","fg0924","fg0023","fg0464","fg0926","fg0634","fg0536","fg0022","fg0303","fg0280","fg0984","fg0458","fg0816","fg0476","fg0936","fg0542","fg0281","fg0989","fg0193"
"fq002897","vx_27c19ebe2f951d11","fg0727","1","fg0727","fg0381","fg0464","fg0924","fg0542","fg0023","fg0303","fg0005","fg0926","fg0984","fg0022","fg0936","fg0536","fg0417","fg0160","fg0816","fg0964","fg0280","fg0396","fg0281"
"fq002898","vx_27c19ebe2f951d11","fg0727","1","fg0727","fg0381","fg0464","fg0023","fg0924","fg0005","fg0816","fg0926","fg0536","fg0984","fg0281","fg0542","fg0022","fg0634","fg0936","fg0193","fg0906","fg0476","fg0303","fg0160"
"fq002899","vx_27c19ebe2f951d11","fg0727","1","fg0727","fg0464","fg0381","fg0023","fg0355","fg0915","fg0989","fg0984","fg0160","fg0926","fg0321","fg0924","fg0936","fg0303","fg0476","fg0816","fg0542","fg0147","fg0990","fg0281"
"fq002900","vx_27c19ebe2f951d11","fg0727","1","fg0727","fg0381","fg0023","fg0536","fg0924","fg0926","fg0464","fg0542","fg0303","fg0022","fg0936","fg0280","fg0816","fg0417","fg0476","fg0005","fg0989","fg0169","fg0132","fg0757"
"fq002901","vx_27c19ebe2f951d11","fg0727","1","fg0727","fg0381","fg0464","fg0924","fg0023","fg0536","fg0303","fg0634","fg0926","fg0022","fg0280","fg0984","fg0542","fg0005","fg0989","fg0816","fg0936","fg0417","fg0193","fg0281"
"fq002902","vx_27c19ebe2f951d11","fg0727","1","fg0727","fg0926","fg0924","fg0381","fg0542","fg0984","fg0464","fg0023","fg0634","fg0757","fg0280","fg0303","fg0536","fg0915","fg0816","fg0193","fg0417","fg0518","fg0458","fg0310"
"fq002903","vx_5d55124dae2a8324","fg0728","1","fg0728","fg0193","fg0476","fg0748","fg0996","fg0644","fg0055","fg0425","fg0518","fg0634","fg0268","fg0443","fg0109","fg0751","fg0126","fg0945","fg0005","fg0143","fg0536","fg0984"
"fq002904","vx_5d55124dae2a8324","fg0728","1","fg0728","fg0193","fg0476","fg0924","fg0945","fg0703","fg0147","fg0926","fg0536","fg0996","fg0980","fg0518","fg0648","fg0055","fg0634","fg0319","fg0915","fg0984","fg0464","fg0644"
"fq002905","vx_5d55124dae2a8324","fg0728","1","fg0728","fg0193","fg0877","fg0435","fg0476","fg0319","fg0159","fg0996","fg0722","fg0331","fg0703","fg0517","fg0147","fg0437","fg0367","fg0589","fg0518","fg0926","fg0641","fg0117"
"fq002906","vx_5d55124dae2a8324","fg0728","1","fg0728","fg0193","fg0996","fg0476","fg0055","fg0634","fg0984","fg0644","fg0932","fg0703","fg0748","fg0727","fg0926","fg0945","fg0117","fg0269","fg0005","fg0536","fg0160","fg0924"
"fq002907","vx_5d55124dae2a8324","fg0728","1","fg0728","fg0193","fg0476","fg0996","fg0644","fg0748","fg0518","fg0055","fg0425","fg0268","fg0634","fg0845","fg0443","fg0516","fg0985","fg0648","fg0005","fg0615","fg0126","fg0751"
"fq002908","vx_5d55124dae2a8324","fg0728","1","fg0728","fg0193","fg0476","fg0748","fg0268","fg0996","fg0518","fg0425","fg0644","fg0055","fg0634","fg0443","fg0143","fg0005","fg0978","fg0109","fg0864","fg0126","fg0516","fg0751"
"fq002909","vx_5d55124dae2a8324","fg0728","1","fg0728","fg0193","fg0055","fg0476","fg0996","fg0644","fg0634","fg0536","fg0377","fg0984","fg0005","fg0748","fg0926","fg0449","fg0727","fg0160","fg0109","fg0894","fg0915","fg0864"
"fq002910","vx_5d55124dae2a8324","fg0728","1","fg0728","fg0193","fg0476","fg0518","fg0425","fg0748","fg0644","fg0055","fg0751","fg0516","fg0443","fg0634","fg0996","fg0005","fg0926","fg0551","fg0536","fg0984","fg0727","fg0924"
"fq002911","vx_5d55124dae2a8324","fg0728","1","fg0728","fg0193","fg0476","fg0996","fg0877","fg0703","fg0536","fg0644","fg0641","fg0518","fg0126","fg0926","fg0367","fg0748","fg0319","fg0437","fg0843","fg0435","fg0055","fg0517"
"fq002912","vx_5d55124dae2a8324","fg0728","1","fg0728","fg0193","fg0476","fg0748","fg0425","fg0996","fg0268","fg0518","fg0055","fg0644","fg0126","fg0634","fg0172","fg0443","fg0551","fg0143","fg0516","fg0116","fg0751","fg0988"
"fq002913","vx_5d55124dae2a8324","fg0728","1","fg0728","fg0193","fg0476","fg0518","fg0996","fg0748","fg0644","fg0319","fg0877","fg0536","fg0367","fg0843","fg0551","fg0435","fg0641","fg0425","fg0055","fg0648","fg0926","fg0159"
"fq002914","vx_5d55124dae2a8324","fg0728","1","fg0728","fg0193","fg0476","fg0996","fg0644","fg0748","fg0268","fg0425","fg0518","fg0126","fg0055","fg0845","fg0877","fg0377","fg0750","fg0437","fg0843","fg0117","fg0367","fg0536"
"fq002915","vx_5d55124dae2a8324","fg0728","1","fg0728","fg0193","fg0476","fg0425","fg0748","fg0996","fg0518","fg0644","fg0268","fg0126","fg0055","fg0005","fg0551","fg0516","fg0443","fg0845","fg0750","fg0143","fg0751","fg0109"
"fq002916","vx_5d55124dae2a8324","fg0728","1","fg0728","fg0193","fg0476","fg0518","fg0319","fg0159","fg0536","fg0641","fg0877","fg0843","fg0314","fg0703","fg0996","fg0367","fg0647","fg0936","fg0211","fg0435","fg0551","fg0464"
"fq002917","vx_5d55124dae2a8324","fg0728","1","fg0728","fg0193","fg0476","fg0268","fg0748","fg0996","fg0425","fg0644","fg0518","fg0055","fg0634","fg0126","fg0443","fg0005","fg0751","fg0109","fg0516","fg0536","fg0172","fg0845"
"fq002918","vx_5d55124dae2a8324","fg0728","1","fg0728","fg0193","fg0476","fg0518","fg0644","fg0996","fg0877","fg0926","fg0319","fg0367","fg0641","fg0435","fg0536","fg0843","fg0748","fg0703","fg0055","fg0126","fg0517","fg0159"
"fq002919","vx_5d55124dae2a8324","fg0728","1","fg0728","fg0193","fg0476","fg0996","fg0644","fg0055","fg0703","fg0518","fg0748","fg0536","fg0634","fg0926","fg0425","fg0109","fg0751","fg0816","fg0437","fg0319","fg0648","fg0551"
"fq002920","vx_5d55124dae2a8324","fg0728","1","fg0728","fg0193","fg0476","fg0996","fg0055","fg0748","fg0268","fg0634","fg0425","fg0644","fg0126","fg0117","fg0703","fg0984","fg0615","fg0924","fg0586","fg0551","fg0377","fg0449"
"fq002921","vx_5d55124dae2a8324","fg0728","1","fg0728","fg0193","fg0476","fg0518","fg0644","fg0996","fg0055","fg0748","fg0425","fg0268","fg0648","fg0634","fg0005","fg0126","fg0367","fg0516","fg0536","fg0319","fg0703","fg0443"
"fq002922","vx_5d55124dae2a8324","fg0728","1","fg0728","fg0193","fg0476","fg0518","fg0644","fg0877","fg0996","fg0437","fg0367","fg0843","fg0319","fg0641","fg0926","fg0748","fg0126","fg0648","fg0722","fg0425","fg0435","fg0551"
"fq002923","vx_5d55124dae2a8324","fg0728","1","fg0728","fg0193","fg0476","fg0996","fg0055","fg0748","fg0644","fg0551","fg0615","fg0425","fg0536","fg0703","fg0945","fg0109","fg0980","fg0586","fg0005","fg0634","fg0926","fg0242"
"fq002924","vx_5d55124dae2a8324","fg0728","1","fg0728","fg0193","fg0476","fg0996","fg0748","fg0425","fg0055","fg0644","fg0268","fg0518","fg0615","fg0551","fg0586","fg0751","fg0945","fg0109","fg0005","fg0634","fg0980","fg0818"
"fq002925","vx_5d55124dae2a8324","fg0728","1","fg0728","fg0193","fg0517","fg0159","fg0877","fg0936","fg0843","fg0518","fg0435","fg0476","fg0464","fg0703","fg0926","fg0996","fg0868","fg0184","fg0367","fg0565","fg0319","fg0211"
"fq002926","vx_5d55124dae2a8324","fg0728","1","fg0728","fg0193","fg0476","fg0996","fg0644","fg0748","fg0055","fg0425","fg0518","fg0126","fg0536","fg0551","fg0109","fg0877","fg0843","fg0703","fg0117","fg0437","fg0435","fg0268"
"fq002927","vx_5d55124dae2a8324","fg0728","1","fg0728","fg0193","fg0476","fg0996","fg0644","fg0748","fg0268","fg0055","fg0126","fg0634","fg0518","fg0377","fg0117","fg0063","fg0988","fg0843","fg0425","fg0703","fg0109","fg0437"
"fq002928","vx_5d55124dae2a8324","fg0728","1","fg0728","fg0193","fg0476","fg0644","fg0518","fg0996","fg0055","fg0536","fg0926","fg0435","fg0877","fg0319","fg0425","fg0751","fg0748","fg0279","fg0005","fg0634","fg0109","fg0703"
"fq002929","vx_5d55124dae2a8324","fg0728","1","fg0728","fg0193","fg0476","fg0996","fg0055","fg0644","fg0748","fg0703","fg0926","fg0117","fg0518","fg0751","fg0551","fg0536","fg0367","fg0449","fg0425","fg0845","fg0980","fg0435"
"fq002930","vx_5d55124dae2a8324","fg0728","1","fg0728","fg0193","fg0476","fg0055","fg0748","fg0996","fg0425","fg0586","fg0117","fg0615","fg0268","fg0980","fg0644","fg0126","fg0945","fg0900","fg0377","fg0551","fg0845","fg0443"
"fq002931","vx_5d55124dae2a8324","fg0728","1","fg0728","fg0193","fg0476","fg0748","fg0518","fg0996","fg0425","fg0644","fg0268","fg0055","fg0634","fg0443","fg0109","fg0143","fg0005","fg0536","fg0172","fg0437","fg0751","fg0615"
"fq002932","vx_5d55124dae2a8324","fg0728","1","fg0728","fg0193","fg0476","fg0055","fg0996","fg0748","fg0634","fg0644","fg0268","fg0425","fg0443","fg0751","fg0984","fg0518","fg0023","fg0864","fg0109","fg0005","fg0551","fg0516"
"fq002933","vx_5d55124dae2a8324","fg0728","1","fg0728","fg0193","fg0476","fg0634","fg0055","fg0748","fg0268","fg0443","fg0644","fg0996","fg0518","fg0751","fg0425","fg0984","fg0023","fg0109","fg0978","fg0516","fg0988","fg0536"
"fq002934","vx_5d55124dae2a8324","fg0728","1","fg0728","fg0193","fg0476","fg0518","fg0644","fg0425","fg0996","fg0877","fg0748","fg0435","fg0126","fg0551","fg0055","fg0536","fg0843","fg0367","fg0845","fg0648","fg0926","fg0005"
"fq002935","vx_5d55124dae2a8324","fg0728","1","fg0728","fg0193","fg0476","fg0996","fg0055","fg0748","fg0644","fg0518","fg0425","fg0268","fg0932","fg0117","fg0703","fg0126","fg0845","fg0063","fg0437","fg0843","fg0367","fg0536"
"fq002936","vx_5d55124dae2a8324","fg0728","1","fg0728","fg0193","fg0476","fg0996","fg0644","fg0748","fg0536","fg0055","fg0751","fg0518","fg0551","fg0109","fg0945","fg0980","fg0449","fg0647","fg0425","fg0117","fg0703","fg0005"
"fq002937","vx_5d55124dae2a8324","fg0728","1","fg0728","fg0193","fg0476","fg0996","fg0748","fg0644","fg0055","fg0518","fg0425","fg0268","fg0634","fg0126","fg0551","fg0443","fg0109","fg0615","fg0063","fg0926","fg0516","fg0437"
"fq002938","vx_5d55124dae2a8324","fg0728","1","fg0728","fg0193","fg0476","fg0996","fg0644","fg0055","fg0748","fg0255","fg0437","fg0703","fg0425","fg0518","fg0536","fg0634","fg0443","fg0109","fg0945","fg0551","fg0063","fg0117"
"fq002939","vx_5d55124dae2a8324","fg0728","1","fg0728","fg0193","fg0476","fg0996","fg0644","fg0518","fg0748","fg0425","fg0055","fg0268","fg0634","fg0443","fg0109","fg0536","fg0551","fg0751","fg0516","fg0005","fg0126","fg0172"
"fq002940","vx_5d55124dae2a8324","fg0728","1","fg0728","fg0193","fg0476","fg0518","fg0748","fg0843","fg0644","fg0126","fg0996","fg0425","fg0367","fg0055","fg0551","fg0268","fg0877","fg0517","fg0536","fg0641","fg0516","fg0109"
"fq002941","vx_5d55124dae2a8324","fg0728","1","fg0728","fg0193","fg0476","fg0996","fg0644","fg0518","fg0055","fg0748","fg0268","fg0425","fg0005","fg0109","fg0536","fg0845","fg0126","fg0437","fg0751","fg0634","fg0529","fg0864"
"fq002942","vx_5d55124dae2a8324","fg0728","1","fg0728","fg0193","fg0476","fg0996","fg0055","fg0748","fg0644","fg0425","fg0634","fg0268","fg0518","fg0703","fg0536","fg0117","fg0443","fg0109","fg0926","fg0648","fg0845","fg0449"
"fq002943","vx_5d55124dae2a8324","fg0728","1","fg0728","fg0193","fg0476","fg0748","fg0425","fg0996","fg0268","fg0644","fg0055","fg0126","fg0443","fg0518","fg0634","fg0005","fg0551","fg0622","fg0516","fg0751","fg0845","fg0172"
"fq002944","vx_5d55124dae2a8324","fg0728","1","fg0728","fg0193","fg0996","fg0476","fg0748","fg0055","fg0425","fg0268","fg0644","fg0126","fg0518","fg0634","fg0988","fg0751","fg0116","fg0516","fg0750","fg0648","fg0437","fg0243"
"fq002945","vx_5d55124dae2a8324","fg0728","1","fg0728","fg0193","fg0476","fg0425","fg0748","fg0518","fg0055","fg0996","fg0516","fg0644","fg0980","fg0751","fg0551","fg0117","fg0443","fg0926","fg0634","fg0984","fg0750","fg0005"
"fq002946","vx_5d55124dae2a8324","fg0728","1","fg0728","fg0193","fg0476","fg0996","fg0926","fg0518","fg0551","fg0915","fg0644","fg0703","fg0319","fg0435","fg0437","fg0367","fg0055","fg0748","fg0722","fg0647","fg0464","fg0536"
"fq002947","vx_5d55124dae2a8324","fg0728","1","fg0728","fg0193","fg0476","fg0518","fg0644","fg0996","fg0748","fg0055","fg0425","fg0648","fg0126","fg0877","fg0437","fg0551","fg0516","fg0843","fg0750","fg0536","fg0615","fg0268"
"fq002948","vx_5d55124dae2a8324","fg0728","1","fg0728","fg0193","fg0476","fg0055","fg0748","fg0644","fg0425","fg0996","fg0518","fg0516","fg0648","fg0845","fg0126","fg0437","fg0877","fg0634","fg0926","fg0005","fg0536","fg0586"
"fq002949","vx_5d55124dae2a8324","fg0728","1","fg0728","fg0193","fg0476","fg0996","fg0518","fg0055","fg0748","fg0644","fg0425","fg0443","fg0005","fg0551","fg0126","fg0751","fg0845","fg0750","fg0615","fg0063","fg0648","fg0437"
"fq002950","vx_5d55124dae2a8324","fg0728","1","fg0728","fg0193","fg0476","fg0996","fg0055","fg0748","fg0644","fg0425","fg0518","fg0268","fg0443","fg0751","fg0845","fg0005","fg0634","fg0117","fg0449","fg0377","fg0063","fg0126"
"fq002951","vx_5d55124dae2a8324","fg0728","1","fg0728","fg0193","fg0996","fg0476","fg0748","fg0644","fg0425","fg0518","fg0367","fg0126","fg0615","fg0516","fg0750","fg0845","fg0648","fg0843","fg0268","fg0551","fg0055","fg0005"
"fq002952","vx_5d55124dae2a8324","fg0728","1","fg0728","fg0193","fg0476","fg0518","fg0644","fg0748","fg0996","fg0055","fg0425","fg0877","fg0751","fg0126","fg0843","fg0551","fg0536","fg0516","fg0268","fg0648","fg0634","fg0926"
"fq002953","vx_5d55124dae2a8324","fg0728","1","fg0728","fg0193","fg0476","fg0748","fg0425","fg0996","fg0518","fg0644","fg0055","fg0005","fg0268","fg0551","fg0843","fg0751","fg0435","fg0615","fg0648","fg0980","fg0367","fg0126"
"fq002954","vx_5d55124dae2a8324","fg0728","1","fg0728","fg0193","fg0476","fg0055","fg0945","fg0996","fg0109","fg0748","fg0536","fg0551","fg0249","fg0147","fg0449","fg0529","fg0980","fg0978","fg0005","fg0745","fg0644","fg0425"
"fq002955","vx_5d55124dae2a8324","fg0728","1","fg0728","fg0193","fg0476","fg0996","fg0748","fg0518","fg0425","fg0644","fg0055","fg0126","fg0551","fg0268","fg0117","fg0516","fg0845","fg0750","fg0536","fg0980","fg0615","fg0443"
"fq002956","vx_5d55124dae2a8324","fg0728","1","fg0728","fg0193","fg0476","fg0996","fg0518","fg0843","fg0644","fg0748","fg0703","fg0126","fg0926","fg0425","fg0367","fg0437","fg0641","fg0551","fg0435","fg0117","fg0055","fg0877"
"fq002957","vx_5d55124dae2a8324","fg0728","1","fg0728","fg0193","fg0476","fg0055","fg0996","fg0748","fg0644","fg0634","fg0268","fg0425","fg0443","fg0518","fg0109","fg0984","fg0751","fg0126","fg0117","fg0845","fg0377","fg0536"
"fq002958","vx_5d55124dae2a8324","fg0728","1","fg0728","fg0193","fg0476","fg0996","fg0748","fg0055","fg0425","fg0518","fg0644","fg0551","fg0268","fg0126","fg0634","fg0516","fg0586","fg0615","fg0063","fg0926","fg0117","fg0648"
"fq002959","vx_5d55124dae2a8324","fg0728","1","fg0728","fg0193","fg0476","fg0634","fg0748","fg0055","fg0751","fg0984","fg0996","fg0924","fg0109","fg0745","fg0268","fg0945","fg0425","fg0980","fg0443","fg0727","fg0117","fg0269"
"fq002960","vx_5d55124dae2a8324","fg0728","1","fg0728","fg0193","fg0476","fg0748","fg0996","fg0425","fg0268","fg0644","fg0055","fg0634","fg0518","fg0126","fg0109","fg0443","fg0551","fg0005","fg0516","fg0727","fg0750","fg0615"
"fq002961","vx_5d55124dae2a8324","fg0728","1","fg0728","fg0193","fg0476","fg0996","fg0518","fg0748","fg0703","fg0644","fg0425","fg0055","fg0126","fg0117","fg0926","fg0437","fg0268","fg0551","fg0536","fg0367","fg0843","fg0648"
"fq002962","vx_03b490c3bac85f55","fg0729","1","fg0729","fg0749","fg0355","fg0147","fg0270","fg0525","fg0824","fg0659","fg0922","fg0641","fg0931","fg0959","fg0159","fg0794","fg0500","fg0249","fg0108","fg0652","fg0140","fg0327"
"fq002963","vx_03b490c3bac85f55","fg0729","1","fg0729","fg0355","fg0147","fg0299","fg0525","fg0559","fg0403","fg0749","fg0500","fg0270","fg0922","fg0659","fg0760","fg0810","fg0931","fg0114","fg0151","fg0152","fg0652","fg0108"
"fq002964","vx_03b490c3bac85f55","fg0729","1","fg0729","fg0355","fg0147","fg0749","fg0525","fg0270","fg0299","fg0500","fg0559","fg0403","fg0652","fg0588","fg0931","fg0659","fg0667","fg0159","fg0922","fg0641","fg0444","fg0140"
"fq002965","vx_03b490c3bac85f55","fg0729","1","fg0729","fg0355","fg0749","fg0270","fg0147","fg0824","fg0525","fg0922","fg0659","fg0931","fg0641","fg0327","fg0500","fg0249","fg0794","fg0108","fg0959","fg0713","fg0159","fg0552"
"fq002966","vx_03b490c3bac85f55","fg0729","1","fg0729","fg0355","fg0749","fg0147","fg0641","fg0525","fg0270","fg0824","fg0794","fg0159","fg0922","fg0659","fg0652","fg0931","fg0959","fg0249","fg0713","fg0936","fg0500","fg0299"
"fq002967","vx_03b490c3bac85f55","fg0729","1","fg0729","fg0355","fg0147","fg0749","fg0270","fg0525","fg0922","fg0559","fg0659","fg0500","fg0931","fg0108","fg0299","fg0652","fg0403","fg0114","fg0152","fg0327","fg0810","fg0959"
"fq002968","vx_03b490c3bac85f55","fg0729","1","fg0729","fg0355","fg0749","fg0147","fg0525","fg0270","fg0641","fg0824","fg0922","fg0652","fg0159","fg0959","fg0659","fg0500","fg0241","fg0931","fg0559","fg0140","fg0327","fg0713"
"fq002969","vx_bae31469f6b9f45f","fg0730","1","fg0730","fg0994","fg0104","fg0096","fg0522","fg0890","fg0224","fg0935","fg0435","fg0705","fg0052","fg0199","fg0189","fg0636","fg0217","fg0955","fg0017","fg0441","fg0755","fg0823"
"fq002970","vx_4c37d4efc3856a80","fg0731","317","fg0256","fg0246","fg0888","fg0967","fg0398","fg0789","fg0835","fg0262","fg0650","fg0781","fg0284","fg0367","fg0973","fg0619","fg0524","fg0221","fg0448","fg0653","fg0545","fg0839"
"fq002971","vx_4c37d4efc3856a80","fg0731","92","fg0256","fg0246","fg0967","fg0888","fg0604","fg0789","fg0619","fg0262","fg0835","fg0398","fg0878","fg0650","fg0367","fg0503","fg0411","fg0582","fg0781","fg0333","fg0132","fg0434"
"fq002972","vx_4c37d4efc3856a80","fg0731","563","fg0256","fg0246","fg0967","fg0888","fg0398","fg0781","fg0789","fg0262","fg0857","fg0235","fg0801","fg0594","fg0619","fg0835","fg0534","fg0650","fg0524","fg0774","fg0973","fg0102"
"fq002973","vx_e5eb5bc973b9e08a","fg0732","221","fg0937","fg0073","fg0806","fg0792","fg0448","fg0513","fg0942","fg0420","fg0846","fg0839","fg0022","fg0545","fg0692","fg0059","fg0274","fg0594","fg0456","fg0548","fg0393","fg0517"
"fq002974","vx_a60621b1a6eda9d0","fg0733","124","fg0151","fg0559","fg0927","fg0525","fg0521","fg0240","fg0355","fg0659","fg0043","fg0810","fg0299","fg0131","fg0327","fg0108","fg0897","fg0729","fg0092","fg0225","fg0373","fg0721"
"fq002975","vx_ca52002561760aea","fg0734","1","fg0734","fg0686","fg0206","fg0299","fg0154","fg0310","fg0729","fg0071","fg0083","fg0373","fg0031","fg0240","fg0355","fg0810","fg0327","fg0496","fg0559","fg0755","fg0998","fg0634"
"fq002976","vx_3e9a1bee0164290d","fg0735","1","fg0735","fg0270","fg0190","fg0638","fg0749","fg0915","fg0467","fg0722","fg0510","fg0509","fg0978","fg0197","fg0469","fg0018","fg0249","fg0069","fg0922","fg0016","fg0660","fg0147"
"fq002977","vx_8bce3d68f1002579","fg0736","1","fg0736","fg0370","fg0598","fg0738","fg0703","fg0468","fg0953","fg0850","fg0341","fg0965","fg0254","fg0145","fg0606","fg0973","fg0384","fg0871","fg0676","fg0979","fg0874","fg0291"
"fq002978","vx_8bce3d68f1002579","fg0736","1","fg0736","fg0370","fg0598","fg0965","fg0850","fg0703","fg0054","fg0676","fg0677","fg0743","fg0738","fg0874","fg0660","fg0237","fg0412","fg0568","fg0003","fg0606","fg0231","fg0468"
"fq002979","vx_8bce3d68f1002579","fg0736","1","fg0736","fg0598","fg0370","fg0254","fg0738","fg0468","fg0953","fg0703","fg0850","fg0054","fg0341","fg0676","fg0965","fg0973","fg0979","fg0871","fg0568","fg0114","fg0874","fg0450"
"fq002980","vx_8bce3d68f1002579","fg0736","1","fg0736","fg0598","fg0953","fg0850","fg0254","fg0370","fg0468","fg0703","fg0965","fg0738","fg0874","fg0979","fg0444","fg0676","fg0947","fg0973","fg0003","fg0606","fg0054","fg0871"
"fq002981","vx_3bdbe43b0106bfaa","fg0737","124","fg0133","fg0318","fg0978","fg0272","fg0767","fg0979","fg0254","fg0335","fg0603","fg0750","fg0922","fg0993","fg0945","fg0655","fg0341","fg0939","fg0320","fg0902","fg0708","fg0167"
"fq002982","vx_884d806bdc60887b","fg0738","1","fg0738","fg0081","fg0606","fg0444","fg0440","fg0323","fg0721","fg0737","fg0008","fg0963","fg0504","fg0220","fg0152","fg0649","fg0063","fg0947","fg0677","fg0603","fg0610","fg0850"
"fq002983","vx_59d13a8d776abda5","fg0739","1","fg0739","fg0763","fg0182","fg0834","fg0776","fg0558","fg0153","fg0197","fg0938","fg0735","fg0818","fg0683","fg0772","fg0609","fg0798","fg0510","fg0070","fg0538","fg0918","fg0374"
"fq002984","vx_59d13a8d776abda5","fg0739","1","fg0739","fg0763","fg0182","fg0834","fg0776","fg0197","fg0558","fg0683","fg0735","fg0772","fg0174","fg0818","fg0153","fg0938","fg0918","fg0798","fg0777","fg0609","fg0190","fg0494"
"fq002985","vx_59d13a8d776abda5","fg0739","1","fg0739","fg0763","fg0182","fg0834","fg0777","fg0683","fg0776","fg0558","fg0918","fg0153","fg0818","fg0772","fg0174","fg0938","fg0735","fg0197","fg0798","fg0609","fg0718","fg0700"
"fq002986","vx_59d13a8d776abda5","fg0739","1","fg0739","fg0763","fg0182","fg0777","fg0683","fg0834","fg0776","fg0558","fg0153","fg0735","fg0938","fg0957","fg0609","fg0259","fg0818","fg0798","fg0918","fg0772","fg0719","fg0374"
"fq002987","vx_59d13a8d776abda5","fg0739","1","fg0739","fg0763","fg0182","fg0777","fg0834","fg0683","fg0918","fg0776","fg0818","fg0558","fg0798","fg0174","fg0153","fg0938","fg0609","fg0772","fg0735","fg0197","fg0212","fg0700"
"fq002988","vx_d670e125bc96387c","fg0740","1","fg0740","fg0907","fg0647","fg0367","fg0942","fg0889","fg0490","fg0806","fg0298","fg0627","fg0334","fg0716","fg0843","fg0518","fg0434","fg0511","fg0856","fg0966","fg0847","fg0513"
"fq002989","vx_2229fa83f1e11f11","fg0741","1","fg0741","fg0854","fg0810","fg0957","fg0114","fg0151","fg0998","fg0897","fg0407","fg0304","fg0353","fg0273","fg0649","fg0600","fg0525","fg0355","fg0403","fg0250","fg0721","fg0083"
"fq002990","vx_b9c04b10b4d95fdd","fg0742","1","fg0742","fg0181","fg0662","fg0612","fg0584","fg0033","fg0879","fg0560","fg0962","fg0944","fg0757","fg0668","fg0821","fg0148","fg0824","fg0270","fg0793","fg0659","fg0001","fg0328"
"fq002991","vx_b4805d8bef77fe82","fg0743","1","fg0743","fg0497","fg0370","fg0318","fg0921","fg0953","fg0208","fg0744","fg0291","fg0094","fg0311","fg0832","fg0528","fg0563","fg0814","fg0960","fg0736","fg0433","fg0758","fg0507"
"fq002992","vx_3d4562014e15140c","fg0744","1","fg0744","fg0622","fg0881","fg0577","fg0352","fg0383","fg0048","fg0914","fg0196","fg0488","fg0136","fg0087","fg0138","fg0322","fg0516","fg0083","fg0644","fg0231","fg0635","fg0974"
"fq002993","vx_41165c0142250970","fg0745","1","fg0745","fg0387","fg0706","fg0109","fg0751","fg0386","fg0731","fg0568","fg0026","fg0748","fg0655","fg0002","fg0800","fg0647","fg0555","fg0425","fg0258","fg0101","fg0952","fg0939"
"fq002994","vx_0f4543fe146493cc","fg0746","1","fg0746","fg0127","fg0259","fg0235","fg0402","fg0499","fg0136","fg0554","fg0030","fg0972","fg0475","fg0982","fg0426","fg0839","fg0920","fg0390","fg0205","fg0583","fg0624","fg0964"
"fq002995","vx_3ae60f2672e7c2bd","fg0747","1","fg0747","fg0186","fg0191","fg0334","fg0517","fg0247","fg0616","fg0843","fg0809","fg0835","fg0448","fg0211","fg0841","fg0712","fg0367","fg0831","fg0907","fg0474","fg0331","fg0630"
"fq002996","vx_25360b118ffaa57d","fg0748","1","fg0748","fg0586","fg0615","fg0425","fg0893","fg0818","fg0180","fg0025","fg0243","fg0776","fg0988","fg0327","fg0379","fg0091","fg0775","fg0745","fg0970","fg0728","fg0641","fg0859"
"fq002997","vx_25360b118ffaa57d","fg0748","1","fg0748","fg0586","fg0615","fg0425","fg0893","fg0818","fg0996","fg0988","fg0327","fg0745","fg0243","fg0180","fg0025","fg0055","fg0379","fg0970","fg0776","fg0514","fg0728","fg0193"
"fq002998","vx_0121da5c158eb906","fg0749","1","fg0749","fg0922","fg0147","fg0270","fg0525","fg0652","fg0729","fg0197","fg0641","fg0099","fg0018","fg0659","fg0910","fg0735","fg0627","fg0671","fg0959","fg0722","fg0159","fg0249"
"fq002999","vx_0121da5c158eb906","fg0749","1","fg0749","fg0147","fg0270","fg0922","fg0018","fg0355","fg0735","fg0500","fg0729","fg0525","fg0469","fg0945","fg0627","fg0262","fg0197","fg0959","fg0889","fg0794","fg0509","fg0395"
"fq003000","vx_0121da5c158eb906","fg0749","1","fg0749","fg0270","fg0147","fg0922","fg0584","fg0889","fg0659","fg0729","fg0249","fg0159","fg0297","fg0099","fg0735","fg0536","fg0627","fg0500","fg0355","fg0469","fg0647","fg0959"
"fq003001","vx_0121da5c158eb906","fg0749","1","fg0749","fg0270","fg0922","fg0147","fg0197","fg0722","fg0525","fg0018","fg0536","fg0584","fg0249","fg0659","fg0500","fg0735","fg0959","fg0469","fg0729","fg0910","fg0159","fg0794"
"fq003002","vx_0121da5c158eb906","fg0749","1","fg0749","fg0270","fg0159","fg0525","fg0147","fg0922","fg0959","fg0659","fg0584","fg0018","fg0536","fg0627","fg0355","fg0460","fg0794","fg0350","fg0729","fg0469","fg0551","fg0438"
"fq003003","vx_0121da5c158eb906","fg0749","1","fg0749","fg0270","fg0584","fg0922","fg0147","fg0469","fg0647","fg0659","fg0889","fg0159","fg0959","fg0552","fg0536","fg0936","fg0525","fg0241","fg0267","fg0249","fg0460","fg0735"
"fq003004","vx_0121da5c158eb906","fg0749","1","fg0749","fg0922","fg0270","fg0147","fg0659","fg0197","fg0729","fg0525","fg0627","fg0536","fg0735","fg0018","fg0099","fg0722","fg0190","fg0188","fg0249","fg0930","fg0500","fg0794"
"fq003005","vx_0121da5c158eb906","fg0749","1","fg0749","fg0270","fg0147","fg0922","fg0018","fg0959","fg0525","fg0735","fg0159","fg0197","fg0355","fg0627","fg0659","fg0729","fg0536","fg0794","fg0469","fg0722","fg0460","fg0772"
"fq003006","vx_0121da5c158eb906","fg0749","1","fg0749","fg0270","fg0147","fg0922","fg0659","fg0159","fg0525","fg0018","fg0959","fg0584","fg0355","fg0729","fg0910","fg0297","fg0500","fg0249","fg0735","fg0794","fg0889","fg0469"
"fq003007","vx_0121da5c158eb906","fg0749","1","fg0749","fg0270","fg0922","fg0147","fg0584","fg0659","fg0159","fg0936","fg0536","fg0889","fg0729","fg0525","fg0249","fg0735","fg0551","fg0018","fg0959","fg0945","fg0722","fg0794"
"fq003008","vx_0121da5c158eb906","fg0749","1","fg0749","fg0584","fg0270","fg0922","fg0889","fg0536","fg0735","fg0147","fg0469","fg0722","fg0298","fg0347","fg0197","fg0936","fg0071","fg0772","fg0659","fg0159","fg0552","fg0190"
"fq003009","vx_0121da5c158eb906","fg0749","1","fg0749","fg0270","fg0147","fg0922","fg0729","fg0249","fg0735","fg0509","fg0018","fg0525","fg0889","fg0659","fg0500","fg0159","fg0355","fg0469","fg0652","fg0551","fg0671","fg0794"
"fq003010","vx_0121da5c158eb906","fg0749","1","fg0749","fg0270","fg0922","fg0018","fg0147","fg0735","fg0469","fg0722","fg0525","fg0249","fg0197","fg0772","fg0536","fg0895","fg0729","fg0500","fg0959","fg0910","fg0509","fg0272"
"fq003011","vx_67b0bb9c2ae43fdd","fg0750","1","fg0750","fg0996","fg0254","fg0818","fg0613","fg0063","fg0450","fg0117","fg0985","fg0650","fg0020","fg0550","fg0786","fg0900","fg0288","fg0516","fg0696","fg0674","fg0428","fg0711"
"fq003012","vx_67b0bb9c2ae43fdd","fg0750","1","fg0750","fg0818","fg0996","fg0425","fg0650","fg0428","fg0674","fg0063","fg0021","fg0020","fg0089","fg0696","fg0325","fg0814","fg0615","fg0254","fg0375","fg0613","fg0516","fg0013"
"fq003013","vx_c3f756b94c56cd27","fg0751","1","fg0751","fg0829","fg0435","fg0745","fg0476","fg0278","fg0016","fg0705","fg0728","fg0710","fg0378","fg0945","fg0122","fg0647","fg0314","fg0994","fg0120","fg0138","fg0732","fg0245"
"fq003014","vx_c3f756b94c56cd27","fg0751","1","fg0751","fg0745","fg0476","fg0647","fg0120","fg0829","fg0730","fg0467","fg0702","fg0435","fg0335","fg0945","fg0243","fg0731","fg0245","fg0016","fg0705","fg0427","fg0322","fg0300"
"fq003015","vx_0386e576f047f8f1","fg0752","1","fg0752","fg0095","fg0511","fg0434","fg0445","fg0339","fg0870","fg0842","fg0416","fg0786","fg0320","fg0259","fg0158","fg0481","fg0462","fg0547","fg0329","fg0837","fg0946","fg0121"
"fq003016","vx_0386e576f047f8f1","fg0752","1","fg0752","fg0095","fg0434","fg0511","fg0320","fg0259","fg0917","fg0329","fg0842","fg0339","fg0445","fg0837","fg0786","fg0462","fg0798","fg0547","fg0195","fg0610","fg0238","fg0111"
"fq003017","vx_ff43ca7cd2d6fac5","fg0753","1","fg0753","fg0136","fg0883","fg0412","fg0315","fg0034","fg0799","fg0407","fg0114","fg0682","fg0703","fg0358","fg0741","fg0304","fg0618","fg0405","fg0737","fg0440","fg0764","fg0614"
"fq003018","vx_a0a6b11b377800a2","fg0754","1","fg0754","fg0981","fg0512","fg0299","fg0319","fg0651","fg0403","fg0318","fg0296","fg0495","fg0993","fg0992","fg0492","fg0672","fg0741","fg0646","fg0530","fg0028","fg0683","fg0963"
"fq003019","vx_a0a6b11b377800a2","fg0754","1","fg0754","fg0993","fg0512","fg0981","fg0646","fg0296","fg0683","fg0319","fg0992","fg0259","fg0176","fg0842","fg0530","fg0318","fg0741","fg0725","fg0066","fg0104","fg0353","fg0995"
"fq003020","vx_a0a6b11b377800a2","fg0754","1","fg0754","fg0512","fg0296","fg0992","fg0981","fg0993","fg0832","fg0667","fg0299","fg0963","fg0651","fg0672","fg0302","fg0319","fg0403","fg0543","fg0416","fg0495","fg0318","fg0530"
"fq003021","vx_a0a6b11b377800a2","fg0754","1","fg0754","fg0993","fg0512","fg0646","fg0992","fg0259","fg0416","fg0683","fg0296","fg0981","fg0319","fg0492","fg0299","fg0176","fg0741","fg0403","fg0610","fg0928","fg0725","fg0842"
"fq003022","vx_57229125091ace18","fg0755","1","fg0755","fg0880","fg0572","fg0361","fg0823","fg0521","fg0644","fg0810","fg0476","fg0220","fg0734","fg0815","fg0890","fg0796","fg0028","fg0495","fg0273","fg0730","fg0151","fg0104"
"fq003023","vx_57229125091ace18","fg0755","1","fg0755","fg0361","fg0880","fg0572","fg0823","fg0476","fg0220","fg0810","fg0495","fg0890","fg0644","fg0521","fg0815","fg0556","fg0734","fg0730","fg0470","fg0028","fg0796","fg0273"
"fq003024","vx_57229125091ace18","fg0755","1","fg0755","fg0572","fg0361","fg0880","fg0823","fg0815","fg0476","fg0273","fg0028","fg0644","fg0220","fg0890","fg0810","fg0734","fg0521","fg0114","fg0289","fg0104","fg0096","fg0796"
"fq003025","vx_57229125091ace18","fg0755","1","fg0755","fg0880","fg0823","fg0572","fg0361","fg0810","fg0815","fg0476","fg0644","fg0273","fg0521","fg0220","fg0028","fg0890","fg0796","fg0734","fg0495","fg0104","fg0114","fg0730"
"fq003026","vx_e24628bc94e4cf90","fg0756","1","fg0756","fg0038","fg0928","fg0075","fg0023","fg0566","fg0121","fg0251","fg0381","fg0842","fg0185","fg0232","fg0634","fg0894","fg0066","fg0757","fg0281","fg0727","fg0280","fg0742"
"fq003027","vx_49597d48221d8ad6","fg0757","1","fg0757","fg0809","fg0535","fg0926","fg0742","fg0297","fg0029","fg0460","fg0419","fg0627","fg0181","fg0103","fg0331","fg0915","fg0662","fg0584","fg0576","fg0344","fg0298","fg0417"
"fq003028","vx_49597d48221d8ad6","fg0757","1","fg0757","fg0809","fg0535","fg0297","fg0926","fg0584","fg0181","fg0742","fg0331","fg0460","fg0029","fg0756","fg0032","fg0350","fg0576","fg0662","fg0627","fg0727","fg0103","fg0915"
"fq003029","vx_49597d48221d8ad6","fg0757","1","fg0757","fg0809","fg0297","fg0535","fg0398","fg0627","fg0460","fg0411","fg0973","fg0835","fg0662","fg0331","fg0742","fg0367","fg0029","fg0350","fg0298","fg0181","fg0103","fg0126"
"fq003030","vx_21164434c17abc06","fg0758","1","fg0758","fg0130","fg0290","fg0779","fg0569","fg0719","fg0821","fg0490","fg0649","fg0690","fg0860","fg0837","fg0010","fg0375","fg0867","fg0387","fg0198","fg0128","fg0139","fg0197"
"fq003031","vx_efa42e8a9315183f","fg0759","1","fg0759","fg0782","fg0545","fg0896","fg0796","fg0689","fg0301","fg0274","fg0711","fg0052","fg0691","fg0383","fg0216","fg0209","fg0548","fg0376","fg0478","fg0825","fg0251","fg0839"
"fq003032","vx_efa42e8a9315183f","fg0759","1","fg0759","fg0782","fg0545","fg0689","fg0301","fg0896","fg0796","fg0548","fg0825","fg0052","fg0274","fg0209","fg0036","fg0216","fg0383","fg0196","fg0393","fg0691","fg0711","fg0478"
"fq003033","vx_efa42e8a9315183f","fg0759","1","fg0759","fg0689","fg0545","fg0782","fg0896","fg0301","fg0711","fg0796","fg0691","fg0274","fg0548","fg0825","fg0245","fg0052","fg0393","fg0216","fg0325","fg0913","fg0540","fg0683"
"fq003034","vx_efa42e8a9315183f","fg0759","1","fg0759","fg0782","fg0545","fg0689","fg0301","fg0796","fg0711","fg0896","fg0691","fg0825","fg0216","fg0548","fg0274","fg0325","fg0052","fg0017","fg0245","fg0284","fg0031","fg0196"
"fq003035","vx_efa42e8a9315183f","fg0759","1","fg0759","fg0689","fg0782","fg0545","fg0796","fg0825","fg0896","fg0301","fg0711","fg0017","fg0691","fg0274","fg0052","fg0913","fg0216","fg0548","fg0919","fg0478","fg0540","fg0683"
"fq003036","vx_efa42e8a9315183f","fg0759","1","fg0759","fg0689","fg0782","fg0545","fg0825","fg0796","fg0301","fg0274","fg0711","fg0896","fg0913","fg0691","fg0325","fg0245","fg0548","fg0052","fg0216","fg0036","fg0017","fg0919"
"fq003037","vx_f1cf8304e907df78","fg0760","1","fg0760","fg0444","fg0355","fg0611","fg0927","fg0574","fg0729","fg0957","fg0559","fg0687","fg0931","fg0506","fg0151","fg0433","fg0099","fg0525","fg0454","fg0607","fg0043","fg0055"
"fq003038","vx_024059e8de7f2c8f","fg0761","1","fg0761","fg0470","fg0973","fg0560","fg0678","fg0277","fg0367","fg0169","fg0200","fg0944","fg0855","fg0175","fg0552","fg0570","fg0892","fg0132","fg0461","fg0967","fg0943","fg0016"
"fq003039","vx_0332a5dfa59cebe3","fg0762","1","fg0762","fg0872","fg0522","fg0291","fg0538","fg0904","fg0807","fg0399","fg0284","fg0262","fg0494","fg0878","fg0767","fg0894","fg0510","fg0654","fg0627","fg0349","fg0019","fg0938"
"fq003040","vx_cb5d65f036ba8926","fg0763","2","fg0739","fg0763","fg0182","fg0776","fg0834","fg0938","fg0818","fg0609","fg0798","fg0700","fg0153","fg0494","fg0560","fg0422","fg0218","fg0918","fg0197","fg0652","fg0660","fg0549"
"fq003041","vx_cb5d65f036ba8926","fg0763","2","fg0739","fg0763","fg0182","fg0776","fg0834","fg0938","fg0153","fg0818","fg0798","fg0918","fg0794","fg0609","fg0558","fg0174","fg0212","fg0197","fg0700","fg0491","fg0980","fg0494"
"fq003042","vx_cb5d65f036ba8926","fg0763","1","fg0763","fg0739","fg0182","fg0834","fg0776","fg0153","fg0558","fg0938","fg0818","fg0683","fg0735","fg0798","fg0609","fg0197","fg0772","fg0918","fg0777","fg0510","fg0212","fg0700"
"fq003043","vx_e05ddb8c8d5d9498","fg0764","1","fg0764","fg0171","fg0889","fg0254","fg0851","fg0227","fg0190","fg0902","fg0710","fg0869","fg0841","fg0777","fg0887","fg0922","fg0818","fg0395","fg0147","fg0264","fg0341","fg0767"
"fq003044","vx_ba5f7002d79db0b6","fg0765","1","fg0765","fg0982","fg0977","fg0008","fg0007","fg0530","fg0058","fg0171","fg0291","fg0764","fg0553","fg0445","fg0981","fg0966","fg0979","fg0650","fg0842","fg0963","fg0599","fg0202"
"fq003045","vx_be975616144bbcf3","fg0766","1","fg0766","fg0459","fg0488","fg0635","fg0340","fg0699","fg0064","fg0116","fg0009","fg0862","fg0154","fg0866","fg0505","fg0803","fg0881","fg0106","fg0196","fg0581","fg0198","fg0863"
"fq003046","vx_ee41f5b19981b41a","fg0767","1","fg0767","fg0064","fg0841","fg0150","fg0675","fg0232","fg0056","fg0722","fg0368","fg0338","fg0203","fg0631","fg0550","fg0191","fg0489","fg0473","fg0862","fg0889","fg0431","fg0110"
"fq003047","vx_ee41f5b19981b41a","fg0767","1","fg0767","fg0675","fg0368","fg0112","fg0150","fg0522","fg0345","fg0064","fg0121","fg0539","fg0098","fg0010","fg0954","fg0412","fg0660","fg0517","fg0139","fg0841","fg0431","fg0932"
"fq003048","vx_3a4b737891925260","fg0768","1","fg0768","fg0159","fg0155","fg0959","fg0931","fg0525","fg0319","fg0703","fg0641","fg0729","fg0275","fg0071","fg0714","fg0628","fg0214","fg0108","fg0270","fg0240","fg0824","fg0114"
"fq003049","vx_3a4b737891925260","fg0768","1","fg0768","fg0641","fg0155","fg0959","fg0071","fg0931","fg0100","fg0275","fg0628","fg0159","fg0703","fg0490","fg0729","fg0525","fg0578","fg0569","fg0218","fg0327","fg0242","fg0114"
"fq003050","vx_3a4b737891925260","fg0768","1","fg0768","fg0931","fg0155","fg0071","fg0959","fg0275","fg0159","fg0703","fg0100","fg0525","fg0214","fg0641","fg0628","fg0714","fg0578","fg0319","fg0729","fg0867","fg0388","fg0298"
"fq003051","vx_3a4b737891925260","fg0768","1","fg0768","fg0931","fg0959","fg0159","fg0525","fg0729","fg0319","fg0155","fg0703","fg0641","fg0628","fg0214","fg0824","fg0071","fg0275","fg0108","fg0147","fg0100","fg0218","fg0355"
"fq003052","vx_3a4b737891925260","fg0768","1","fg0768","fg0931","fg0641","fg0159","fg0319","fg0729","fg0703","fg0155","fg0959","fg0490","fg0525","fg0628","fg0275","fg0824","fg0954","fg0307","fg0108","fg0100","fg0214","fg0025"
"fq003053","vx_3a4b737891925260","fg0768","1","fg0768","fg0155","fg0071","fg0959","fg0159","fg0703","fg0578","fg0275","fg0100","fg0453","fg0641","fg0319","fg0569","fg0931","fg0214","fg0525","fg0954","fg0628","fg0247","fg0867"
"fq003054","vx_3a4b737891925260","fg0768","1","fg0768","fg0703","fg0641","fg0155","fg0071","fg0159","fg0931","fg0729","fg0319","fg0628","fg0275","fg0569","fg0959","fg0108","fg0114","fg0525","fg0214","fg0100","fg0490","fg0578"
"fq003055","vx_3a4b737891925260","fg0768","1","fg0768","fg0155","fg0641","fg0071","fg0959","fg0703","fg0159","fg0628","fg0931","fg0214","fg0100","fg0490","fg0275","fg0513","fg0307","fg0218","fg0518","fg0319","fg0729","fg0453"
"fq003056","vx_415e4add05392152","fg0769","972","fg0668","fg0595","fg0555","fg0690","fg0828","fg0304","fg0213","fg0838","fg0052","fg0022","fg0884","fg0727","fg0443","fg0968","fg0873","fg0182","fg0584","fg0077","fg0372","fg0325"
"fq003057","vx_a6eb6146784a1054","fg0770","1","fg0770","fg0558","fg0172","fg0534","fg0612","fg0622","fg0718","fg0173","fg0229","fg0065","fg0697","fg0984","fg0267","fg0564","fg0829","fg0087","fg0388","fg0198","fg0724","fg0634"
"fq003058","vx_a6eb6146784a1054","fg0770","1","fg0770","fg0558","fg0172","fg0229","fg0173","fg0978","fg0612","fg0925","fg0055","fg0509","fg0729","fg0552","fg0794","fg0599","fg0147","fg0040","fg0133","fg0267","fg0659","fg0922"
"fq003059","vx_951af45b815550fb","fg0771","1","fg0771","fg0717","fg0245","fg0079","fg0026","fg0865","fg0152","fg0714","fg0167","fg0897","fg0607","fg0795","fg0945","fg0113","fg0304","fg0991","fg0574","fg0057","fg0957","fg0787"
"fq003060","vx_16632370f6b1f31c","fg0772","1","fg0772","fg0665","fg0722","fg0197","fg0290","fg0018","fg0859","fg0056","fg0541","fg0847","fg0510","fg0469","fg0394","fg0781","fg0153","fg0735","fg0910","fg0050","fg0719","fg0386"
"fq003061","vx_81f3e63ea098cf1e","fg0773","1","fg0773","fg0643","fg0137","fg0077","fg0112","fg0826","fg0899","fg0955","fg0785","fg0285","fg0849","fg0204","fg0286","fg0830","fg0395","fg0328","fg0557","fg0879","fg0261","fg0975"
"fq003062","vx_f043b251e08e5ea5","fg0774","1","fg0774","fg0800","fg0899","fg0097","fg0246","fg0420","fg0726","fg0286","fg0531","fg0456","fg0903","fg0623","fg0480","fg0450","fg0786","fg0222","fg0557","fg0289","fg0830","fg0636"
"fq003063","vx_f4460662b653ee4c","fg0775","1","fg0775","fg0432","fg0119","fg0477","fg0041","fg0778","fg0906","fg0072","fg0060","fg0996","fg0091","fg0824","fg0130","fg0723","fg0734","fg0428","fg0046","fg0641","fg0748","fg0461"
"fq003064","vx_b8a3aeeee8698818","fg0776","1","fg0776","fg0818","fg0009","fg0918","fg0212","fg0739","fg0763","fg0748","fg0938","fg0116","fg0834","fg0529","fg0900","fg0652","fg0580","fg0197","fg0605","fg0892","fg0895","fg0819"
"fq003065","vx_b8a3aeeee8698818","fg0776","1","fg0776","fg0818","fg0529","fg0938","fg0918","fg0009","fg0834","fg0900","fg0666","fg0748","fg0197","fg0679","fg0895","fg0180","fg0652","fg0549","fg0116","fg0212","fg0264","fg0940"
"fq003066","vx_b8a3aeeee8698818","fg0776","1","fg0776","fg0818","fg0009","fg0212","fg0918","fg0580","fg0033","fg0739","fg0116","fg0748","fg0763","fg0892","fg0529","fg0605","fg0900","fg0819","fg0925","fg0126","fg0143","fg0264"
"fq003067","vx_b8a3aeeee8698818","fg0776","1","fg0776","fg0818","fg0009","fg0212","fg0918","fg0900","fg0834","fg0938","fg0739","fg0529","fg0763","fg0748","fg0300","fg0264","fg0666","fg0116","fg0549","fg0182","fg0033","fg0197"
"fq003068","vx_b8a3aeeee8698818","fg0776","1","fg0776","fg0818","fg0009","fg0938","fg0549","fg0033","fg0212","fg0652","fg0666","fg0739","fg0763","fg0918","fg0748","fg0895","fg0892","fg0834","fg0925","fg0900","fg0529","fg0197"
"fq003069","vx_b8a3aeeee8698818","fg0776","1","fg0776","fg0818","fg0009","fg0212","fg0033","fg0580","fg0739","fg0652","fg0918","fg0763","fg0529","fg0549","fg0748","fg0666","fg0938","fg0892","fg0900","fg0116","fg0264","fg0819"
"fq003070","vx_b8a3aeeee8698818","fg0776","1","fg0776","fg0818","fg0009","fg0918","fg0900","fg0212","fg0938","fg0739","fg0748","fg0763","fg0549","fg0666","fg0580","fg0652","fg0895","fg0529","fg0033","fg0750","fg0300","fg0892"
"fq003071","vx_b8a3aeeee8698818","fg0776","1","fg0776","fg0009","fg0818","fg0212","fg0580","fg0033","fg0918","fg0739","fg0892","fg0763","fg0748","fg0819","fg0143","fg0126","fg0116","fg0900","fg0666","fg0938","fg0809","fg0074"
"fq003072","vx_b8a3aeeee8698818","fg0776","1","fg0776","fg0818","fg0009","fg0918","fg0739","fg0900","fg0834","fg0212","fg0763","fg0529","fg0033","fg0197","fg0666","fg0938","fg0549","fg0652","fg0748","fg0264","fg0143","fg0116"
"fq003073","vx_b8a3aeeee8698818","fg0776","1","fg0776","fg0818","fg0009","fg0212","fg0918","fg0748","fg0739","fg0529","fg0763","fg0033","fg0892","fg0264","fg0900","fg0652","fg0580","fg0549","fg0666","fg0116","fg0925","fg0750"
"fq003074","vx_b8a3aeeee8698818","fg0776","1","fg0776","fg0818","fg0212","fg0009","fg0739","fg0918","fg0763","fg0033","fg0748","fg0529","fg0264","fg0116","fg0892","fg0938","fg0197","fg0549","fg0652","fg0605","fg0834","fg0580"
"fq003075","vx_b8a3aeeee8698818","fg0776","1","fg0776","fg0818","fg0009","fg0212","fg0918","fg0739","fg0529","fg0763","fg0580","fg0033","fg0748","fg0938","fg0900","fg0892","fg0549","fg0834","fg0819","fg0666","fg0116","fg0197"
"fq003076","vx_b8a3aeeee8698818","fg0776","1","fg0776","fg0818","fg0009","fg0938","fg0212","fg0739","fg0895","fg0529","fg0652","fg0763","fg0834","fg0033","fg0264","fg0197","fg0748","fg0583","fg0549","fg0918","fg0666","fg0925"
"fq003077","vx_b8a3aeeee8698818","fg0776","1","fg0776","fg0818","fg0009","fg0212","fg0918","fg0739","fg0763","fg0748","fg0529","fg0938","fg0116","fg0834","fg0033","fg0580","fg0900","fg0605","fg0892","fg0264","fg0126","fg0652"
"fq003078","vx_b8a3aeeee8698818","fg0776","1","fg0776","fg0818","fg0009","fg0739","fg0212","fg0763","fg0197","fg0748","fg0918","fg0652","fg0033","fg0529","fg0834","fg0938","fg0549","fg0605","fg0892","fg0925","fg0264","fg0666"
"fq003079","vx_b8a3aeeee8698818","fg0776","1","fg0776","fg0818","fg0009","fg0212","fg0918","fg0580","fg0033","fg0143","fg0748","fg0892","fg0900","fg0116","fg0819","fg0529","fg0739","fg0126","fg0172","fg0763","fg0938","fg0925"
"fq003080","vx_b8a3aeeee8698818","fg0776","1","fg0776","fg0818","fg0009","fg0739","fg0033","fg0763","fg0212","fg0748","fg0925","fg0918","fg0549","fg0652","fg0666","fg0938","fg0892","fg0900","fg0834","fg0116","fg0580","fg0197"
"fq003081","vx_b8a3aeeee8698818","fg0776","1","fg0776","fg0818","fg0212","fg0009","fg0918","fg0739","fg0763","fg0748","fg0819","fg0126","fg0143","fg0580","fg0116","fg0033","fg0529","fg0892","fg0938","fg0172","fg0834","fg0900"
"fq003082","vx_b8a3aeeee8698818","fg0776","1","fg0776","fg0818","fg0009","fg0918","fg0212","fg0739","fg0748","fg0763","fg0900","fg0938","fg0264","fg0033","fg0529","fg0549","fg0834","fg0580","fg0652","fg0116","fg0892","fg0605"
"fq003083","vx_b8a3aeeee8698818","fg0776","1","fg0776","fg0818","fg0009","fg0212","fg0918","fg0739","fg0116","fg0748","fg0763","fg0938","fg0033","fg0900","fg0529","fg0580","fg0819","fg0126","fg0143","fg0652","fg0892","fg0834"
"fq003084","vx_b8a3aeeee8698818","fg0776","1","fg0776","fg0818","fg0009","fg0739","fg0918","fg0212","fg0763","fg0033","fg0580","fg0143","fg0900","fg0748","fg0938","fg0116","fg0892","fg0819","fg0126","fg0172","fg0834","fg0652"
"fq003085","vx_aec4e117e0c5476a","fg0777","1","fg0777","fg0614","fg0957","fg0699","fg0763","fg0690","fg0739","fg0928","fg0506","fg0498","fg0704","fg0814","fg0271","fg0486","fg0433","fg0753","fg0812","fg0519","fg0802","fg0182"
"fq003086","vx_aec4e117e0c5476a","fg0777","1","fg0777","fg0614","fg0957","fg0699","fg0739","fg0632","fg0763","fg0271","fg0690","fg0182","fg0753","fg0498","fg0928","fg0704","fg0506","fg0018","fg0382","fg0557","fg0882","fg0486"
"fq003087","vx_aec4e117e0c5476a","fg0777","1","fg0777","fg0614","fg0699","fg0957","fg0271","fg0506","fg0690","fg0763","fg0632","fg0928","fg0498","fg0814","fg0433","fg0486","fg0753","fg0704","fg0812","fg0739","fg0182","fg0481"
"fq003088","vx_aec4e117e0c5476a","fg0777","1","fg0777","fg0614","fg0699","fg0957","fg0763","fg0271","fg0498","fg0739","fg0690","fg0753","fg0632","fg0486","fg0433","fg0812","fg0182","fg0704","fg0506","fg0519","fg0928","fg0814"
"fq003089","vx_aec4e117e0c5476a","fg0777","1","fg0777","fg0957","fg0614","fg0699","fg0690","fg0739","fg0763","fg0271","fg0498","fg0632","fg0182","fg0506","fg0753","fg0928","fg0704","fg0486","fg0814","fg0802","fg0812","fg0433"
"fq003090","vx_aec4e117e0c5476a","fg0777","1","fg0777","fg0614","fg0699","fg0957","fg0498","fg0506","fg0704","fg0763","fg0690","fg0271","fg0814","fg0739","fg0486","fg0753","fg0433","fg0928","fg0802","fg0812","fg0632","fg0182"
"fq003091","vx_aec4e117e0c5476a","fg0777","1","fg0777","fg0699","fg0614","fg0957","fg0632","fg0739","fg0763","fg0928","fg0557","fg0271","fg0690","fg0182","fg0998","fg0882","fg0018","fg0753","fg0772","fg0719","fg0922","fg0704"
"fq003092","vx_aec4e117e0c5476a","fg0777","1","fg0777","fg0614","fg0699","fg0957","fg0739","fg0763","fg0182","fg0632","fg0271","fg0690","fg0498","fg0928","fg0753","fg0486","fg0506","fg0812","fg0557","fg0704","fg0802","fg0959"
"fq003093","vx_aec4e117e0c5476a","fg0777","1","fg0777","fg0614","fg0699","fg0957","fg0763","fg0690","fg0271","fg0739","fg0486","fg0812","fg0814","fg0182","fg0928","fg0498","fg0632","fg0506","fg0433","fg0519","fg0704","fg0481"
"fq003094","vx_3ac03f426dd6fe30","fg0778","1","fg0778","fg0278","fg0723","fg0569","fg0180","fg0503","fg0130","fg0641","fg0388","fg0155","fg0071","fg0046","fg0775","fg0453","fg0037","fg0474","fg0811","fg0513","fg0268","fg0490"
"fq003095","vx_e92a78517b4295e5","fg0779","1","fg0779","fg0129","fg0194","fg0696","fg0700","fg0010","fg0742","fg0124","fg0810","fg0879","fg0758","fg0176","fg0269","fg0051","fg0650","fg0560","fg0364","fg0410","fg0333","fg0199"
"fq003096","vx_ec49949cc6267a4d","fg0780","1","fg0780","fg0597","fg0271","fg0320","fg0326","fg0060","fg0828","fg0006","fg0409","fg0494","fg0587","fg0682","fg0901","fg0769","fg0693","fg0509","fg0479","fg0657","fg0685","fg0371"
"fq003097","vx_ec49949cc6267a4d","fg0780","1","fg0780","fg0597","fg0409","fg0208","fg0915","fg0006","fg0845","fg0693","fg0320","fg0242","fg0685","fg0060","fg0339","fg0926","fg0479","fg0617","fg0136","fg0648","fg0697","fg0326"
"fq003098","vx_ec49949cc6267a4d","fg0780","1","fg0780","fg0597","fg0409","fg0320","fg0326","fg0271","fg0006","fg0060","fg0479","fg0901","fg0845","fg0685","fg0693","fg0617","fg0494","fg0828","fg0697","fg0590","fg0709","fg0999"
"fq003099","vx_ec49949cc6267a4d","fg0780","1","fg0780","fg0271","fg0188","fg0208","fg0660","fg0056","fg0597","fg0060","fg0998","fg0504","fg0831","fg0418","fg0139","fg0617","fg0242","fg0777","fg0121","fg0042","fg0845","fg0409"
"fq003100","vx_5cd0e0335e7b5302","fg0781","1","fg0781","fg0246","fg0256","fg0262","fg0789","fg0888","fg0967","fg0627","fg0878","fg0772","fg0650","fg0018","fg0619","fg0711","fg0895","fg0197","fg0398","fg0538","fg0835","fg0434"
"fq003101","vx_5cd0e0335e7b5302","fg0781","1","fg0781","fg0246","fg0256","fg0262","fg0967","fg0888","fg0789","fg0627","fg0619","fg0650","fg0024","fg0286","fg0774","fg0329","fg0176","fg0711","fg0772","fg0895","fg0432","fg0221"
"fq003102","vx_5cd0e0335e7b5302","fg0781","1","fg0781","fg0262","fg0789","fg0256","fg0246","fg0888","fg0967","fg0895","fg0772","fg0018","fg0878","fg0627","fg0469","fg0619","fg0638","fg0197","fg0398","fg0711","fg0650","fg0395"
"fq003103","vx_5cd0e0335e7b5302","fg0781","1","fg0781","fg0256","fg0262","fg0246","fg0967","fg0888","fg0789","fg0895","fg0627","fg0772","fg0018","fg0638","fg0878","fg0510","fg0538","fg0711","fg0619","fg0197","fg0398","fg0774"
"fq003104","vx_14c0bf8a39856735","fg0782","1","fg0782","fg0100","fg0759","fg0475","fg0196","fg0541","fg0845","fg0383","fg0691","fg0453","fg0949","fg0471","fg0859","fg0460","fg0222","fg0270","fg0720","fg0516","fg0469","fg0681"
"fq003105","vx_14c0bf8a39856735","fg0782","1","fg0782","fg0475","fg0100","fg0691","fg0759","fg0541","fg0845","fg0383","fg0949","fg0720","fg0222","fg0270","fg0471","fg0735","fg0196","fg0075","fg0460","fg0859","fg0838","fg0469"
"fq003106","vx_14c0bf8a39856735","fg0782","1","fg0782","fg0759","fg0196","fg0100","fg0845","fg0541","fg0383","fg0691","fg0859","fg0949","fg0475","fg0149","fg0471","fg0222","fg0735","fg0453","fg0460","fg0677","fg0075","fg0617"
"fq003107","vx_14c0bf8a39856735","fg0782","1","fg0782","fg0100","fg0475","fg0759","fg0691","fg0541","fg0196","fg0845","fg0383","fg0859","fg0471","fg0949","fg0222","fg0453","fg0720","fg0075","fg0545","fg0460","fg0838","fg0216"
"fq003108","vx_14c0bf8a39856735","fg0782","1","fg0782","fg0759","fg0100","fg0845","fg0196","fg0383","fg0475","fg0541","fg0691","fg0838","fg0222","fg0949","fg0859","fg0720","fg0677","fg0453","fg0471","fg0460","fg0617","fg0369"
"fq003109","vx_14c0bf8a39856735","fg0782","1","fg0782","fg0759","fg0100","fg0196","fg0383","fg0691","fg0845","fg0471","fg0475","fg0453","fg0949","fg0222","fg0541","fg0838","fg0677","fg0545","fg0617","fg0455","fg0209","fg0270"
"fq003110","vx_14c0bf8a39856735","fg0782","1","fg0782","fg0100","fg0759","fg0845","fg0471","fg0222","fg0691","fg0196","fg0475","fg0541","fg0949","fg0460","fg0383","fg0270","fg0453","fg0735","fg0859","fg0075","fg0681","fg0369"
"fq003111","vx_14c0bf8a39856735","fg0782","1","fg0782","fg0100","fg0759","fg0475","fg0383","fg0196","fg0845","fg0691","fg0471","fg0545","fg0453","fg0949","fg0541","fg0838","fg0222","fg0270","fg0677","fg0369","fg0022","fg0460"
"fq003112","vx_14c0bf8a39856735","fg0782","258","fg0835","fg0350","fg0973","fg0298","fg0398","fg0942","fg0397","fg0565","fg0258","fg0211","fg0195","fg0388","fg0334","fg0411","fg0503","fg0106","fg0123","fg0792","fg0059","fg0314"
"fq003113","vx_2e19cf26d13b37f8","fg0783","1","fg0783","fg0197","fg0689","fg0337","fg0854","fg0997","fg0121","fg0719","fg0772","fg0714","fg0821","fg0562","fg0627","fg0624","fg0959","fg0154","fg0758","fg0820","fg0196","fg0231"
"fq003114","vx_2e19cf26d13b37f8","fg0783","1","fg0783","fg0197","fg0541","fg0772","fg0719","fg0121","fg0337","fg0689","fg0997","fg0895","fg0395","fg0557","fg0240","fg0794","fg0018","fg0618","fg0218","fg0271","fg0627","fg0153"
"fq003115","vx_2e19cf26d13b37f8","fg0783","1","fg0783","fg0197","fg0689","fg0854","fg0772","fg0121","fg0959","fg0337","fg0128","fg0719","fg0652","fg0154","fg0541","fg0627","fg0373","fg0002","fg0562","fg0714","fg0997","fg0271"
"fq003116","vx_2e19cf26d13b37f8","fg0783","1","fg0783","fg0197","fg0623","fg0541","fg0689","fg0672","fg0107","fg0218","fg0337","fg0794","fg0895","fg0121","fg0618","fg0627","fg0187","fg0442","fg0716","fg0154","fg0781","fg0967"
"fq003117","vx_2e19cf26d13b37f8","fg0783","1","fg0783","fg0197","fg0689","fg0337","fg0121","fg0997","fg0240","fg0772","fg0719","fg0959","fg0271","fg0150","fg0820","fg0627","fg0154","fg0218","fg0624","fg0373","fg0231","fg0623"
"fq003118","vx_2e19cf26d13b37f8","fg0783","1","fg0783","fg0197","fg0689","fg0337","fg0772","fg0997","fg0154","fg0719","fg0121","fg0373","fg0583","fg0271","fg0627","fg0240","fg0445","fg0794","fg0541","fg0150","fg0959","fg0623"
"fq003119","vx_2e19cf26d13b37f8","fg0783","1","fg0783","fg0197","fg0689","fg0627","fg0121","fg0652","fg0154","fg0794","fg0337","fg0541","fg0959","fg0445","fg0772","fg0196","fg0854","fg0859","fg0970","fg0848","fg0475","fg0218"
"fq003120","vx_2e19cf26d13b37f8","fg0783","1","fg0783","fg0197","fg0689","fg0672","fg0121","fg0337","fg0107","fg0541","fg0781","fg0623","fg0959","fg0154","fg0895","fg0627","fg0218","fg0271","fg0772","fg0692","fg0896","fg0305"
"fq003121","vx_2e19cf26d13b37f8","fg0783","1","fg0783","fg0197","fg0689","fg0719","fg0337","fg0154","fg0772","fg0627","fg0121","fg0271","fg0623","fg0997","fg0240","fg0541","fg0150","fg0218","fg0846","fg0562","fg0153","fg0821"
"fq003122","vx_2e19cf26d13b37f8","fg0783","1","fg0783","fg0197","fg0959","fg0689","fg0627","fg0772","fg0121","fg0337","fg0719","fg0445","fg0821","fg0846","fg0781","fg0196","fg0997","fg0839","fg0541","fg0854","fg0154","fg0271"
"fq003123","vx_2e19cf26d13b37f8","fg0783","1","fg0783","fg0131","fg0541","fg0154","fg0769","fg0091","fg0197","fg0599","fg0794","fg0772","fg0672","fg0218","fg0895","fg0187","fg0618","fg0153","fg0305","fg0733","fg0107","fg0623"
"fq003124","vx_2e19cf26d13b37f8","fg0783","1","fg0783","fg0197","fg0689","fg0337","fg0719","fg0121","fg0781","fg0131","fg0541","fg0672","fg0299","fg0959","fg0794","fg0445","fg0772","fg0623","fg0627","fg0294","fg0716","fg0154"
"fq003125","vx_2e19cf26d13b37f8","fg0783","1","fg0783","fg0197","fg0689","fg0121","fg0997","fg0337","fg0772","fg0719","fg0271","fg0218","fg0820","fg0624","fg0240","fg0154","fg0627","fg0150","fg0959","fg0445","fg0541","fg0848"
"fq003126","vx_2e19cf26d13b37f8","fg0783","1","fg0783","fg0197","fg0689","fg0719","fg0337","fg0240","fg0121","fg0218","fg0627","fg0623","fg0772","fg0150","fg0271","fg0154","fg0541","fg0997","fg0153","fg0128","fg0187","fg0083"
"fq003127","vx_2e19cf26d13b37f8","fg0783","1","fg0783","fg0197","fg0689","fg0854","fg0562","fg0627","fg0772","fg0781","fg0337","fg0121","fg0733","fg0541","fg0196","fg0002","fg0154","fg0821","fg0967","fg0846","fg0445","fg0652"
"fq003128","vx_2e19cf26d13b37f8","fg0783","1","fg0783","fg0197","fg0689","fg0121","fg0337","fg0271","fg0854","fg0154","fg0541","fg0772","fg0562","fg0623","fg0002","fg0153","fg0652","fg0719","fg0373","fg0583","fg0576","fg0442"
"fq003129","vx_2e19cf26d13b37f8","fg0783","1","fg0783","fg0197","fg0541","fg0772","fg0794","fg0121","fg0895","fg0781","fg0672","fg0627","fg0719","fg0959","fg0018","fg0859","fg0337","fg0271","fg0218","fg0689","fg0722","fg0618"
"fq003130","vx_2e19cf26d13b37f8","fg0783","1","fg0783","fg0769","fg0541","fg0197","fg0355","fg0794","fg0421","fg0772","fg0895","fg0539","fg0147","fg0543","fg0469","fg0153","fg0416","fg0767","fg0672","fg0037","fg0271","fg0959"
"fq003131","vx_50fabd48be1ccff7","fg0784","1","fg0784","fg0267","fg0328","fg0143","fg0824","fg0619","fg0489","fg0985","fg0420","fg0967","fg0391","fg0713","fg0591","fg0084","fg0233","fg0843","fg0298","fg0363","fg0346","fg0009"
"fq003132","vx_50fabd48be1ccff7","fg0784","1","fg0784","fg0713","fg0421","fg0084","fg0824","fg0176","fg0591","fg0267","fg0420","fg0843","fg0791","fg0009","fg0489","fg0143","fg0328","fg0233","fg0650","fg0916","fg0363","fg0967"
"fq003133","vx_aa8cbf4508d4ad3b","fg0785","1","fg0785","fg0725","fg0534","fg0955","fg0826","fg0129","fg0343","fg0903","fg0554","fg0273","fg0839","fg0176","fg0643","fg0088","fg0620","fg0547","fg0179","fg0600","fg0011","fg0480"
"fq003134","vx_0ab0e26009fbbfe1","fg0786","1","fg0786","fg0949","fg0449","fg0830","fg0858","fg0583","fg0901","fg0357","fg0455","fg0165","fg0552","fg0377","fg0255","fg0162","fg0845","fg0605","fg0097","fg0827","fg0272","fg0457"
"fq003135","vx_0ab0e26009fbbfe1","fg0786","2","fg0949","fg0786","fg0827","fg0899","fg0845","fg0457","fg0886","fg0449","fg0377","fg0109","fg0255","fg0636","fg0901","fg0626","fg0357","fg0165","fg0162","fg0209","fg0774","fg0101"
"fq003136","vx_0ab0e26009fbbfe1","fg0786","1","fg0786","fg0830","fg0901","fg0946","fg0949","fg0395","fg0726","fg0899","fg0224","fg0072","fg0688","fg0332","fg0774","fg0750","fg0807","fg0205","fg0996","fg0550","fg0385","fg0097"
"fq003137","vx_0ab0e26009fbbfe1","fg0786","2","fg0949","fg0786","fg0899","fg0827","fg0845","fg0455","fg0449","fg0357","fg0377","fg0901","fg0636","fg0165","fg0886","fg0457","fg0255","fg0109","fg0774","fg0162","fg0097","fg0824"
"fq003138","vx_a3dd0da4d5539015","fg0787","1","fg0787","fg0991","fg0089","fg0325","fg0199","fg0111","fg0168","fg0717","fg0026","fg0354","fg0276","fg0935","fg0910","fg0125","fg0508","fg0394","fg0597","fg0957","fg0396","fg0691"
"fq003139","vx_a3dd0da4d5539015","fg0787","1","fg0787","fg0991","fg0089","fg0111","fg0199","fg0168","fg0325","fg0276","fg0717","fg0026","fg0597","fg0508","fg0346","fg0910","fg0394","fg0014","fg0125","fg0363","fg0354","fg0086"
"fq003140","vx_a3dd0da4d5539015","fg0787","1","fg0787","fg0991","fg0089","fg0111","fg0276","fg0199","fg0325","fg0168","fg0717","fg0026","fg0910","fg0597","fg0346","fg0125","fg0363","fg0508","fg0935","fg0354","fg0425","fg0014"
"fq003141","vx_a3dd0da4d5539015","fg0787","1","fg0787","fg0991","fg0089","fg0111","fg0199","fg0168","fg0325","fg0346","fg0597","fg0276","fg0717","fg0125","fg0026","fg0363","fg0910","fg0508","fg0354","fg0795","fg0348","fg0935"
"fq003142","vx_a3dd0da4d5539015","fg0787","2","fg0991","fg0787","fg0717","fg0168","fg0325","fg0910","fg0089","fg0026","fg0276","fg0521","fg0354","fg0396","fg0086","fg0691","fg0111","fg0199","fg0346","fg0363","fg0679","fg0043"
"fq003143","vx_a3dd0da4d5539015","fg0787","1","fg0787","fg0991","fg0089","fg0168","fg0325","fg0111","fg0199","fg0910","fg0508","fg0346","fg0276","fg0354","fg0597","fg0394","fg0026","fg0717","fg0125","fg0657","fg0014","fg0935"
"fq003144","vx_a3dd0da4d5539015","fg0787","1","fg0787","fg0991","fg0089","fg0111","fg0168","fg0199","fg0325","fg0276","fg0717","fg0026","fg0910","fg0125","fg0346","fg0354","fg0508","fg0597","fg0935","fg0363","fg0014","fg0034"
"fq003145","vx_a3dd0da4d5539015","fg0787","1","fg0787","fg0991","fg0089","fg0168","fg0325","fg0199","fg0111","fg0346","fg0026","fg0717","fg0276","fg0034","fg0597","fg0363","fg0935","fg0910","fg0957","fg0508","fg0354","fg0425"
"fq003146","vx_a3dd0da4d5539015","fg0787","1","fg0787","fg0991","fg0089","fg0168","fg0199","fg0325","fg0111","fg0717","fg0597","fg0276","fg0363","fg0346","fg0026","fg0910","fg0508","fg0125","fg0354","fg0348","fg0014","fg0086"
"fq003147","vx_a3dd0da4d5539015","fg0787","1","fg0787","fg0991","fg0089","fg0168","fg0325","fg0111","fg0199","fg0910","fg0276","fg0717","fg0026","fg0346","fg0125","fg0597","fg0363","fg0354","fg0508","fg0957","fg0014","fg0229"
"fq003148","vx_a3dd0da4d5539015","fg0787","1","fg0787","fg0991","fg0089","fg0168","fg0325","fg0111","fg0199","fg0276","fg0717","fg0910","fg0597","fg0346","fg0508","fg0354","fg0026","fg0125","fg0363","fg0935","fg0394","fg0086"
"fq003149","vx_a3dd0da4d5539015","fg0787","2","fg0991","fg0787","fg0168","fg0910","fg0089","fg0276","fg0111","fg0199","fg0325","fg0717","fg0396","fg0935","fg0354","fg0346","fg0026","fg0125","fg0508","fg0086","fg0957","fg0657"
"fq003150","vx_a3dd0da4d5539015","fg0787","2","fg0991","fg0787","fg0089","fg0325","fg0168","fg0910","fg0276","fg0111","fg0199","fg0354","fg0717","fg0125","fg0935","fg0026","fg0597","fg0346","fg0508","fg0086","fg0394","fg0777"
"fq003151","vx_a3dd0da4d5539015","fg0787","1","fg0787","fg0991","fg0089","fg0111","fg0168","fg0199","fg0325","fg0597","fg0276","fg0508","fg0717","fg0346","fg0910","fg0354","fg0363","fg0935","fg0125","fg0229","fg0026","fg0034"
"fq003152","vx_a3dd0da4d5539015","fg0787","1","fg0787","fg0991","fg0089","fg0325","fg0111","fg0168","fg0199","fg0276","fg0717","fg0597","fg0026","fg0346","fg0508","fg0910","fg0363","fg0125","fg0354","fg0394","fg0086","fg0348"
"fq003153","vx_a3dd0da4d5539015","fg0787","1","fg0787","fg0991","fg0089","fg0168","fg0111","fg0199","fg0276","fg0910","fg0325","fg0354","fg0026","fg0717","fg0597","fg0508","fg0346","fg0125","fg0229","fg0014","fg0348","fg0086"
"fq003154","vx_a3dd0da4d5539015","fg0787","1","fg0787","fg0991","fg0089","fg0168","fg0111","fg0325","fg0199","fg0125","fg0026","fg0276","fg0346","fg0910","fg0717","fg0597","fg0508","fg0354","fg0405","fg0363","fg0014","fg0086"
"fq003155","vx_a3dd0da4d5539015","fg0787","2","fg0991","fg0787","fg0089","fg0199","fg0111","fg0168","fg0325","fg0910","fg0717","fg0276","fg0026","fg0597","fg0354","fg0935","fg0508","fg0125","fg0043","fg0348","fg0346","fg0363"
"fq003156","vx_a3dd0da4d5539015","fg0787","1","fg0787","fg0991","fg0089","fg0168","fg0111","fg0199","fg0325","fg0717","fg0597","fg0276","fg0910","fg0026","fg0346","fg0363","fg0508","fg0125","fg0354","fg0935","fg0348","fg0521"
"fq003157","vx_a3dd0da4d5539015","fg0787","2","fg0991","fg0787","fg0089","fg0168","fg0199","fg0111","fg0325","fg0276","fg0910","fg0354","fg0346","fg0348","fg0125","fg0396","fg0717","fg0957","fg0043","fg0597","fg0935","fg0014"
"fq003158","vx_a3dd0da4d5539015","fg0787","1","fg0787","fg0991","fg0089","fg0111","fg0199","fg0168","fg0325","fg0508","fg0346","fg0276","fg0354","fg0026","fg0935","fg0597","fg0125","fg0348","fg0910","fg0717","fg0394","fg0034"
"fq003159","vx_a3dd0da4d5539015","fg0787","2","fg0991","fg0787","fg0089","fg0168","fg0199","fg0111","fg0325","fg0276","fg0346","fg0910","fg0717","fg0597","fg0354","fg0935","fg0363","fg0348","fg0508","fg0034","fg0026","fg0957"
"fq003160","vx_a3dd0da4d5539015","fg0787","2","fg0991","fg0787","fg0089","fg0168","fg0111","fg0199","fg0325","fg0910","fg0354","fg0276","fg0957","fg0229","fg0346","fg0717","fg0396","fg0086","fg0348","fg0935","fg0508","fg0363"
"fq003161","vx_a3dd0da4d5539015","fg0787","1","fg0787","fg0991","fg0089","fg0325","fg0111","fg0276","fg0168","fg0597","fg0346","fg0199","fg0717","fg0363","fg0910","fg0026","fg0034","fg0348","fg0865","fg0086","fg0394","fg0125"
"fq003162","vx_a3dd0da4d5539015","fg0787","1","fg0787","fg0991","fg0089","fg0168","fg0199","fg0111","fg0325","fg0276","fg0717","fg0597","fg0346","fg0026","fg0910","fg0125","fg0363","fg0508","fg0354","fg0014","fg0935","fg0086"
"fq003163","vx_a3dd0da4d5539015","fg0787","1","fg0787","fg0991","fg0089","fg0325","fg0111","fg0168","fg0199","fg0276","fg0026","fg0717","fg0394","fg0508","fg0597","fg0346","fg0086","fg0354","fg0910","fg0125","fg0425","fg0935"
"fq003164","vx_a3dd0da4d5539015","fg0787","1","fg0787","fg0991","fg0089","fg0168","fg0111","fg0325","fg0199","fg0717","fg0276","fg0910","fg0508","fg0346","fg0597","fg0026","fg0354","fg0363","fg0125","fg0935","fg0425","fg0014"
"fq003165","vx_a3dd0da4d5539015","fg0787","1","fg0787","fg0991","fg0089","fg0199","fg0111","fg0168","fg0325","fg0717","fg0125","fg0276","fg0508","fg0910","fg0026","fg0597","fg0346","fg0354","fg0363","fg0935","fg0229","fg0394"
"fq003166","vx_c331bd7fcad105ff","fg0788","1","fg0788","fg0482","fg0427","fg0822","fg0209","fg0705","fg0637","fg0306","fg0348","fg0345","fg0215","fg0385","fg0379","fg0316","fg0517","fg0205","fg0744","fg0892","fg0246","fg0048"
"fq003167","vx_c331bd7fcad105ff","fg0788","24","fg0990","fg0769","fg0673","fg0573","fg0416","fg0379","fg0355","fg0975","fg0667","fg0960","fg0979","fg0047","fg0868","fg0421","fg0803","fg0085","fg0147","fg0302","fg0030","fg0539"
"fq003168","vx_c331bd7fcad105ff","fg0788","1","fg0788","fg0427","fg0482","fg0345","fg0822","fg0348","fg0209","fg0231","fg0196","fg0979","fg0517","fg0744","fg0215","fg0598","fg0677","fg0246","fg0007","fg0285","fg0010","fg0577"
"fq003169","vx_c331bd7fcad105ff","fg0788","1","fg0788","fg0482","fg0345","fg0209","fg0196","fg0822","fg0348","fg0231","fg0744","fg0427","fg0246","fg0892","fg0215","fg0237","fg0385","fg0577","fg0316","fg0010","fg0876","fg0306"
"fq003170","vx_c331bd7fcad105ff","fg0788","1","fg0788","fg0427","fg0007","fg0822","fg0598","fg0979","fg0960","fg0530","fg0096","fg0082","fg0710","fg0916","fg0573","fg0306","fg0002","fg0512","fg0330","fg0941","fg0316","fg0975"
"fq003171","vx_c331bd7fcad105ff","fg0788","1","fg0788","fg0427","fg0482","fg0822","fg0348","fg0316","fg0385","fg0007","fg0345","fg0096","fg0330","fg0598","fg0960","fg0916","fg0209","fg0382","fg0637","fg0379","fg0813","fg0082"
"fq003172","vx_983315053e89c3a8","fg0789","1","fg0789","fg0256","fg0262","fg0246","fg0781","fg0888","fg0967","fg0650","fg0619","fg0878","fg0398","fg0627","fg0807","fg0857","fg0035","fg0411","fg0801","fg0097","fg0604","fg0102"
"fq003173","vx_63d004df8489746e","fg0790","1","fg0790","fg0792","fg0067","fg0073","fg0937","fg0350","fg0122","fg0647","fg0153","fg0211","fg0347","fg0195","fg0275","fg0942","fg0857","fg0233","fg0368","fg0882","fg0232","fg0397"
"fq003174","vx_63d004df8489746e","fg0790","1","fg0790","fg0122","fg0067","fg0347","fg0138","fg0792","fg0647","fg0907","fg0195","fg0466","fg0211","fg0718","fg0391","fg0920","fg0350","fg0109","fg0950","fg0113","fg0739","fg0397"
"fq003175","vx_a702852c8dee0450","fg0791","1","fg0791","fg0623","fg0592","fg0585","fg0312","fg0472","fg0382","fg0642","fg0941","fg0314","fg0724","fg0307","fg0716","fg0562","fg0421","fg0178","fg0039","fg0554","fg0573","fg0746"
"fq003176","vx_a702852c8dee0450","fg0791","1","fg0791","fg0554","fg0585","fg0623","fg0811","fg0011","fg0724","fg0534","fg0421","fg0472","fg0382","fg0312","fg0941","fg0039","fg0338","fg0785","fg0178","fg0286","fg0141","fg0448"
"fq003177","vx_a702852c8dee0450","fg0791","1","fg0791","fg0382","fg0312","fg0716","fg0562","fg0472","fg0941","fg0585","fg0724","fg0554","fg0307","fg0039","fg0623","fg0515","fg0011","fg0347","fg0642","fg0592","fg0015","fg0106"
"fq003178","vx_c7ef7b00b23f4674","fg0792","1","fg0792","fg0937","fg0022","fg0882","fg0455","fg0233","fg0704","fg0153","fg0368","fg0324","fg0309","fg0886","fg0790","fg0420","fg0073","fg0552","fg0481","fg0459","fg0896","fg0610"
"fq003179","vx_6f9fb3a4b9ff9a8b","fg0793","1","fg0793","fg0466","fg0322","fg0138","fg0936","fg0826","fg0659","fg0945","fg0364","fg0476","fg0173","fg0207","fg0159","fg0982","fg0962","fg0873","fg0205","fg0347","fg0554","fg0742"
"fq003180","vx_363273b4b4bf3f6b","fg0794","1","fg0794","fg0922","fg0270","fg0659","fg0749","fg0729","fg0355","fg0327","fg0147","fg0500","fg0321","fg0525","fg0652","fg0945","fg0108","fg0895","fg0536","fg0464","fg0584","fg0599"
"fq003181","vx_363273b4b4bf3f6b","fg0794","1","fg0794","fg0922","fg0147","fg0659","fg0729","fg0749","fg0355","fg0270","fg0652","fg0249","fg0500","fg0552","fg0525","fg0599","fg0945","fg0931","fg0936","fg0959","fg0444","fg0536"
"fq003182","vx_363273b4b4bf3f6b","fg0794","1","fg0794","fg0659","fg0184","fg0936","fg0922","fg0652","fg0355","fg0729","fg0834","fg0270","fg0749","fg0464","fg0023","fg0147","fg0584","fg0444","fg0925","fg0327","fg0231","fg0495"
"fq003183","vx_363273b4b4bf3f6b","fg0794","1","fg0794","fg0355","fg0729","fg0327","fg0922","fg0270","fg0659","fg0525","fg0500","fg0147","fg0749","fg0464","fg0299","fg0652","fg0495","fg0159","fg0304","fg0444","fg0936","fg0184"
"fq003184","vx_921dae9f0fc5d2f9","fg0795","1","fg0795","fg0911","fg0901","fg0245","fg0012","fg0603","fg0104","fg0052","fg0318","fg0625","fg0804","fg0864","fg0487","fg0817","fg0433","fg0031","fg0636","fg0921","fg0389","fg0543"
"fq003185","vx_b2fe6f325a2b32a2","fg0796","1","fg0796","fg0572","fg0036","fg0052","fg0209","fg0884","fg0224","fg0909","fg0896","fg0838","fg0555","fg0556","fg0287","fg0349","fg0332","fg0545","fg0815","fg0706","fg0141","fg0049"
"fq003186","vx_848b1409e129792b","fg0797","1","fg0797","fg0822","fg0103","fg0670","fg0186","fg0748","fg0491","fg0009","fg0970","fg0645","fg0175","fg0876","fg0641","fg0581","fg0425","fg0021","fg0549","fg0223","fg0834","fg0617"
"fq003187","vx_a529b17f672d3076","fg0798","1","fg0798","fg0711","fg0423","fg0904","fg0891","fg0739","fg0613","fg0655","fg0763","fg0834","fg0547","fg0491","fg0116","fg0574","fg0679","fg0794","fg0062","fg0862","fg0609","fg0182"
"fq003188","vx_a529b17f672d3076","fg0798","1","fg0798","fg0904","fg0423","fg0711","fg0655","fg0547","fg0613","fg0763","fg0891","fg0491","fg0739","fg0862","fg0894","fg0834","fg0092","fg0017","fg0116","fg0590","fg0280","fg0679"
"fq003189","vx_33bf7e1bcee66d3c","fg0799","2","fg0036","fg0799","fg0965","fg0037","fg0144","fg0263","fg0003","fg0561","fg0046","fg0160","fg0180","fg0616","fg0455","fg0085","fg0921","fg0339","fg0979","fg0850","fg0769","fg0606"
"fq003190","vx_570e3431e8799377","fg0800","1","fg0800","fg0443","fg0415","fg0074","fg0526","fg0617","fg0456","fg0234","fg0813","fg0745","fg0548","fg0748","fg0689","fg0751","fg0292","fg0476","fg0101","fg0774","fg0222","fg0094"
"fq003191","vx_a5e5168aab86fda3","fg0801","1","fg0801","fg0022","fg0747","fg0390","fg0186","fg0937","fg0733","fg0531","fg0080","fg0098","fg0284","fg0475","fg0517","fg0150","fg0353","fg0460","fg0368","fg0328","fg0205","fg0602"
"fq003192","vx_1aafd44245351c5b","fg0802","1","fg0802","fg0820","fg0043","fg0092","fg0559","fg0114","fg0525","fg0555","fg0619","fg0242","fg0810","fg0957","fg0127","fg0152","fg0102","fg0687","fg0600","fg0327","fg0880","fg0998"
"fq003193","vx_2c98c62d8690091a","fg0803","1","fg0803","fg0198","fg0916","fg0131","fg0960","fg0295","fg0769","fg0733","fg0305","fg0416","fg0811","fg0914","fg0623","fg0554","fg0990","fg0900","fg0380","fg0673","fg0046","fg0456"
"fq003194","vx_7c4596aa6e958ccb","fg0804","1","fg0804","fg0227","fg0254","fg0589","fg0018","fg0735","fg0851","fg0710","fg0401","fg0889","fg0341","fg0031","fg0894","fg0939","fg0469","fg0085","fg0938","fg0895","fg0407","fg0197"
"fq003195","vx_7c4596aa6e958ccb","fg0804","1","fg0804","fg0370","fg0850","fg0764","fg0254","fg0953","fg0851","fg0871","fg0452","fg0799","fg0710","fg0996","fg0227","fg0894","fg0341","fg0003","fg0730","fg0889","fg0965","fg0412"
"fq003196","vx_7c4596aa6e958ccb","fg0804","1","fg0804","fg0254","fg0227","fg0764","fg0710","fg0370","fg0894","fg0851","fg0889","fg0996","fg0341","fg0939","fg0031","fg0452","fg0589","fg0902","fg0384","fg0850","fg0818","fg0603"
"fq003197","vx_08ea1595783a5540","fg0805","1","fg0805","fg0949","fg0692","fg0928","fg0720","fg0097","fg0961","fg0420","fg0834","fg0681","fg0308","fg0918","fg0024","fg0481","fg0857","fg0344","fg0557","fg0581","fg0247","fg0210"
"fq003198","vx_08ea1595783a5540","fg0805","1","fg0805","fg0928","fg0692","fg0720","fg0949","fg0961","fg0581","fg0557","fg0918","fg0420","fg0097","fg0774","fg0383","fg0688","fg0344","fg0540","fg0077","fg0857","fg0004","fg0519"
"fq003199","vx_08ea1595783a5540","fg0805","1","fg0805","fg0949","fg0720","fg0961","fg0097","fg0692","fg0344","fg0681","fg0834","fg0983","fg0857","fg0581","fg0853","fg0491","fg0918","fg0420","fg0308","fg0928","fg0196","fg0077"
"fq003200","vx_08ea1595783a5540","fg0805","1","fg0805","fg0928","fg0692","fg0614","fg0949","fg0420","fg0210","fg0481","fg0308","fg0857","fg0591","fg0961","fg0097","fg0720","fg0688","fg0918","fg0247","fg0077","fg0753","fg0557"
"fq003201","vx_438fe7da97948071","fg0806","1","fg0806","fg0261","fg0942","fg0211","fg0260","fg0386","fg0059","fg0657","fg0647","fg0740","fg0976","fg0907","fg0122","fg0518","fg0826","fg0843","fg0106","fg0228","fg0179","fg0025"
"fq003202","vx_6164d6f54cbc576f","fg0807","1","fg0807","fg0545","fg0284","fg0274","fg0789","fg0262","fg0522","fg0888","fg0256","fg0271","fg0538","fg0859","fg1000","fg0246","fg0691","fg0152","fg0786","fg0570","fg0967","fg0797"
"fq003203","vx_6164d6f54cbc576f","fg0807","1","fg0807","fg0545","fg0284","fg0274","fg0789","fg0888","fg0256","fg0262","fg0786","fg0522","fg0246","fg0691","fg0570","fg0351","fg0696","fg0967","fg0119","fg1000","fg0886","fg0538"
"fq003204","vx_1cabc88df7d1f4e1","fg0808","1","fg0808","fg0384","fg0010","fg0003","fg0286","fg0965","fg0676","fg0285","fg0249","fg0471","fg0317","fg0269","fg0568","fg0345","fg0889","fg0173","fg0218","fg0703","fg0587","fg0215"
"fq003205","vx_1cabc88df7d1f4e1","fg0808","1","fg0808","fg0010","fg0490","fg0218","fg0269","fg0335","fg0712","fg0656","fg0513","fg0345","fg0384","fg0811","fg0025","fg0173","fg0527","fg0290","fg0286","fg0515","fg0214","fg0628"
"fq003206","vx_1cabc88df7d1f4e1","fg0808","1","fg0808","fg0173","fg0587","fg0515","fg0527","fg0071","fg0218","fg0712","fg0215","fg0703","fg0824","fg0106","fg0003","fg0371","fg0285","fg0086","fg0907","fg0186","fg0676","fg0139"
"fq003207","vx_1cabc88df7d1f4e1","fg0808","1","fg0808","fg0010","fg0269","fg0329","fg0003","fg0215","fg0218","fg0490","fg0156","fg0656","fg0317","fg0384","fg0676","fg0173","fg0285","fg0286","fg0712","fg0970","fg0345","fg0267"
"fq003208","vx_1cabc88df7d1f4e1","fg0808","1","fg0808","fg0173","fg0267","fg0371","fg0907","fg0384","fg0059","fg0317","fg0010","fg0712","fg0218","fg0215","fg0387","fg0003","fg0675","fg0641","fg0186","fg0269","fg0844","fg0656"
"fq003209","vx_1cabc88df7d1f4e1","fg0808","1","fg0808","fg0384","fg0965","fg0010","fg0173","fg0110","fg0811","fg0345","fg0215","fg0286","fg0130","fg0421","fg0791","fg0338","fg0907","fg0676","fg0656","fg0515","fg0824","fg0471"
"fq003210","vx_1cabc88df7d1f4e1","fg0808","1","fg0808","fg0421","fg0965","fg0147","fg0110","fg0345","fg0539","fg0587","fg0338","fg0811","fg0509","fg0286","fg0249","fg0215","fg0173","fg0218","fg0588","fg0573","fg0703","fg0515"
"fq003211","vx_1cabc88df7d1f4e1","fg0808","1","fg0808","fg0965","fg0010","fg0384","fg0811","fg0249","fg0345","fg0003","fg0215","fg0286","fg0218","fg0527","fg0173","fg0110","fg0703","fg0269","fg0676","fg0587","fg0421","fg0469"
"fq003212","vx_1cabc88df7d1f4e1","fg0808","1","fg0808","fg0010","fg0384","fg0269","fg0003","fg0173","fg0218","fg0286","fg0285","fg0471","fg0249","fg0215","fg0329","fg0139","fg0907","fg0712","fg0033","fg0335","fg0844","fg0965"
"fq003213","vx_1cabc88df7d1f4e1","fg0808","1","fg0808","fg0965","fg0384","fg0421","fg0249","fg0147","fg0889","fg0587","fg0345","fg0697","fg0469","fg0110","fg0215","fg0811","fg0286","fg0270","fg0218","fg0338","fg0509","fg0573"
"fq003214","vx_1cabc88df7d1f4e1","fg0808","1","fg0808","fg0889","fg0965","fg0173","fg0286","fg0587","fg0907","fg0249","fg0421","fg0371","fg0539","fg0003","fg0811","fg0285","fg0573","fg0345","fg0059","fg0791","fg0147","fg0207"
"fq003215","vx_1cabc88df7d1f4e1","fg0808","1","fg0808","fg0010","fg0269","fg0384","fg0329","fg0089","fg0317","fg0656","fg0694","fg0218","fg0003","fg0215","fg0490","fg0286","fg0779","fg0675","fg0527","fg0641","fg0758","fg0173"
"fq003216","vx_1cabc88df7d1f4e1","fg0808","1","fg0808","fg0965","fg0384","fg0286","fg0110","fg0249","fg0010","fg0345","fg0421","fg0469","fg0173","fg0587","fg0527","fg0003","fg0603","fg0269","fg0468","fg0215","fg0568","fg0811"
"fq003217","vx_1cabc88df7d1f4e1","fg0808","1","fg0808","fg0173","fg0267","fg0384","fg0317","fg0186","fg0003","fg0033","fg0907","fg0712","fg0641","fg0175","fg0485","fg0135","fg0215","fg0676","fg0824","fg0925","fg0071","fg0139"
"fq003218","vx_1cabc88df7d1f4e1","fg0808","1","fg0808","fg0676","fg0173","fg0965","fg0345","fg0215","fg0587","fg0003","fg0286","fg0703","fg0824","fg0384","fg0110","fg0469","fg0712","fg0071","fg0086","fg0507","fg0156","fg0285"
"fq003219","vx_1cabc88df7d1f4e1","fg0808","1","fg0808","fg0965","fg0286","fg0110","fg0345","fg0173","fg0384","fg0676","fg0215","fg0587","fg0003","fg0285","fg0791","fg0421","fg0338","fg0811","fg0603","fg0712","fg0703","fg0736"
"fq003220","vx_1cabc88df7d1f4e1","fg0808","1","fg0808","fg0907","fg0173","fg0010","fg0513","fg0490","fg0201","fg0824","fg0515","fg0703","fg0855","fg0463","fg0269","fg0285","fg0844","fg0290","fg0961","fg0086","fg0641","fg0329"
"fq003221","vx_1cabc88df7d1f4e1","fg0808","1","fg0808","fg0965","fg0421","fg0539","fg0249","fg0010","fg0587","fg0345","fg0286","fg0338","fg0384","fg0147","fg0791","fg0110","fg0889","fg0215","fg0573","fg0509","fg0811","fg0003"
"fq003222","vx_1cabc88df7d1f4e1","fg0808","1","fg0808","fg0010","fg0269","fg0156","fg0215","fg0218","fg0345","fg0527","fg0317","fg0676","fg0675","fg0912","fg0712","fg0384","fg0469","fg0656","fg0885","fg0463","fg0824","fg0110"
"fq003223","vx_7f52f84295cd9461","fg0809","1","fg0809","fg0297","fg0367","fg0126","fg0940","fg0747","fg0331","fg0627","fg0448","fg0538","fg0197","fg0103","fg0541","fg0757","fg0535","fg0835","fg0132","fg0537","fg0417","fg0841"
"fq003224","vx_2f9a4cd7d4e414e7","fg0810","1","fg0810","fg0815","fg0092","fg0998","fg0559","fg0802","fg0741","fg0525","fg0880","fg0207","fg0114","fg0083","fg0009","fg0159","fg0151","fg0077","fg0779","fg0231","fg0206","fg0534"
"fq003225","vx_2f9a4cd7d4e414e7","fg0810","4","fg0299","fg0355","fg0729","fg0810","fg0525","fg0151","fg0559","fg0403","fg0931","fg0500","fg0225","fg0504","fg0521","fg0206","fg0721","fg0495","fg0897","fg0895","fg0327","fg0760"
"fq003226","vx_2f9a4cd7d4e414e7","fg0810","1","fg0810","fg0092","fg0998","fg0815","fg0114","fg0525","fg0559","fg0151","fg0083","fg0741","fg0802","fg0206","fg0534","fg0009","fg0880","fg0327","fg0077","fg0159","fg0954","fg0906"
"fq003227","vx_ce21c48a5eae9209","fg0811","1","fg0811","fg0106","fg0025","fg0039","fg0438","fg0843","fg0397","fg0278","fg0421","fg0515","fg0474","fg0126","fg0573","fg0778","fg0350","fg0330","fg0569","fg0130","fg0594","fg0453"
"fq003228","vx_1bfeb62d2ca9f87a","fg0812","1","fg0812","fg0486","fg0506","fg0777","fg0579","fg0433","fg0208","fg0814","fg0498","fg0042","fg0796","fg0478","fg0345","fg0802","fg0357","fg0248","fg0713","fg0271","fg0338","fg0639"
"fq003229","vx_1bfeb62d2ca9f87a","fg0812","2","fg0486","fg0812","fg0506","fg0579","fg0498","fg0208","fg0433","fg0777","fg0814","fg0042","fg0934","fg0675","fg0248","fg0713","fg0271","fg0616","fg0802","fg0796","fg0605","fg0263"
"fq003230","vx_9a5adc50da1f88bb","fg0813","1","fg0813","fg0069","fg0190","fg0096","fg0382","fg0735","fg0006","fg0930","fg0147","fg0306","fg0082","fg0534","fg0685","fg0114","fg0078","fg0409","fg0613","fg0127","fg0617","fg0249"
"fq003231","vx_9a5adc50da1f88bb","fg0813","1","fg0813","fg0069","fg0190","fg0735","fg0096","fg0382","fg0006","fg0147","fg0930","fg0685","fg0922","fg0607","fg0078","fg0522","fg0894","fg0722","fg0409","fg0613","fg0204","fg0840"
"fq003232","vx_f59d5e8b91e9a107","fg0814","1","fg0814","fg0208","fg0675","fg0777","fg0579","fg0433","fg0506","fg0073","fg0812","fg0022","fg0271","fg0481","fg0839","fg0998","fg0498","fg0486","fg0334","fg0937","fg0111","fg0820"
"fq003233","vx_f59d5e8b91e9a107","fg0814","1","fg0814","fg0675","fg0271","fg0208","fg0777","fg0579","fg0506","fg0121","fg0433","fg0393","fg0519","fg0204","fg0590","fg0031","fg0896","fg0689","fg0372","fg0301","fg0215","fg0812"
"fq003234","vx_d6ec50939a763cc9","fg0815","1","fg0815","fg0810","fg0841","fg0755","fg0159","fg0405","fg0207","fg0525","fg0438","fg0086","fg0092","fg0220","fg0173","fg0594","fg0796","fg0350","fg0738","fg0383","fg0909","fg0228"
"fq003235","vx_a98917b389347ae8","fg0816","1","fg0816","fg0359","fg0036","fg0381","fg0321","fg0160","fg0616","fg0179","fg0727","fg0194","fg0896","fg0917","fg0476","fg0127","fg0964","fg0576","fg0556","fg0518","fg0514","fg0585"
"fq003236","vx_5938b40458f2f8d2","fg0817","1","fg0817","fg0170","fg0650","fg0578","fg0943","fg0505","fg0785","fg0410","fg0160","fg0112","fg0064","fg0574","fg0958","fg0795","fg0600","fg0402","fg0804","fg0480","fg0470","fg0665"
"fq003237","vx_5938b40458f2f8d2","fg0817","1","fg0817","fg0979","fg0509","fg0574","fg0769","fg0254","fg0483","fg0160","fg0861","fg0709","fg0804","fg0687","fg0990","fg0901","fg0911","fg0902","fg0922","fg0795","fg0470","fg0666"
"fq003238","vx_5938b40458f2f8d2","fg0817","1","fg0817","fg0170","fg0795","fg0031","fg0578","fg0112","fg0804","fg0650","fg0574","fg0943","fg0505","fg0785","fg0160","fg0940","fg0901","fg0958","fg0301","fg0194","fg0826","fg0600"
"fq003239","vx_24f30e2209aa3769","fg0818","1","fg0818","fg0776","fg0586","fg0764","fg0748","fg0180","fg0750","fg0700","fg0384","fg0529","fg0428","fg0605","fg0378","fg0918","fg0425","fg0710","fg0900","fg0615","fg0264","fg0996"
"fq003240","vx_24f30e2209aa3769","fg0818","1","fg0818","fg0776","fg0586","fg0425","fg0748","fg0529","fg0764","fg0918","fg0615","fg0264","fg0750","fg0763","fg0739","fg0180","fg0491","fg0212","fg0605","fg0242","fg0700","fg0428"
"fq003241","vx_24f30e2209aa3769","fg0818","1","fg0818","fg0776","fg0764","fg0586","fg0918","fg0750","fg0700","fg0264","fg0748","fg0529","fg0615","fg0605","fg0428","fg0180","fg0425","fg0212","fg0378","fg0763","fg0674","fg0900"
"fq003242","vx_6561f52e6d03b9c2","fg0819","1","fg0819","fg0702","fg0397","fg0924","fg0712","fg0126","fg0106","fg0281","fg0173","fg0007","fg0544","fg0059","fg0279","fg0212","fg0605","fg0907","fg0942","fg0334","fg0025","fg0634"
"fq003243","vx_6561f52e6d03b9c2","fg0819","1","fg0819","fg0106","fg0059","fg0712","fg0126","fg0942","fg0976","fg0397","fg0234","fg0025","fg0371","fg0806","fg0212","fg0170","fg0007","fg0279","fg0605","fg0826","fg0918","fg0173"
"fq003244","vx_6561f52e6d03b9c2","fg0819","1","fg0819","fg0702","fg0924","fg0397","fg0281","fg0712","fg0634","fg0410","fg0106","fg0126","fg0605","fg0580","fg0143","fg0544","fg0059","fg0015","fg0776","fg0279","fg0280","fg0228"
"fq003245","vx_6561f52e6d03b9c2","fg0819","1","fg0819","fg0702","fg0712","fg0397","fg0924","fg0126","fg0281","fg0106","fg0212","fg0007","fg0634","fg0059","fg0605","fg0279","fg0025","fg0544","fg0334","fg0791","fg0776","fg0942"
"fq003246","vx_6561f52e6d03b9c2","fg0819","1","fg0819","fg0712","fg0397","fg0106","fg0126","fg0007","fg0776","fg0371","fg0059","fg0818","fg0976","fg0918","fg0173","fg0170","fg0234","fg0843","fg0605","fg0544","fg0025","fg0591"
"fq003247","vx_6561f52e6d03b9c2","fg0819","1","fg0819","fg0397","fg0712","fg0007","fg0776","fg0106","fg0811","fg0173","fg0907","fg0966","fg0334","fg0126","fg0806","fg0338","fg0170","fg0228","fg0371","fg0639","fg0720","fg0279"
"fq003248","vx_6561f52e6d03b9c2","fg0819","1","fg0819","fg0712","fg0106","fg0007","fg0126","fg0059","fg0397","fg0173","fg0776","fg0811","fg0170","fg0976","fg0228","fg0869","fg0334","fg0942","fg0806","fg0025","fg0067","fg0371"
"fq003249","vx_6561f52e6d03b9c2","fg0819","1","fg0819","fg0106","fg0712","fg0397","fg0126","fg0371","fg0173","fg0059","fg0007","fg0279","fg0025","fg0228","fg0918","fg0334","fg0942","fg0776","fg0170","fg0843","fg0907","fg0806"
"fq003250","vx_6561f52e6d03b9c2","fg0819","1","fg0819","fg0702","fg0712","fg0397","fg0924","fg0544","fg0143","fg0126","fg0106","fg0410","fg0580","fg0281","fg0307","fg0791","fg0015","fg0280","fg0025","fg0634","fg0279","fg0448"
"fq003251","vx_6561f52e6d03b9c2","fg0819","1","fg0819","fg0059","fg0712","fg0106","fg0234","fg0334","fg0776","fg0748","fg0942","fg0605","fg0126","fg0806","fg0170","fg0397","fg0918","fg0843","fg0042","fg0818","fg0007","fg0844"
"fq003252","vx_6561f52e6d03b9c2","fg0819","1","fg0819","fg0106","fg0712","fg0126","fg0397","fg0776","fg0818","fg0234","fg0170","fg0059","fg0591","fg0918","fg0143","fg0228","fg0605","fg0544","fg0007","fg0869","fg0748","fg0171"
"fq003253","vx_6561f52e6d03b9c2","fg0819","1","fg0819","fg0712","fg0307","fg0039","fg0397","fg0214","fg0843","fg0811","fg0173","fg0334","fg0841","fg0106","fg0126","fg0007","fg0716","fg0172","fg0371","fg0338","fg0791","fg0544"
"fq003254","vx_6561f52e6d03b9c2","fg0819","1","fg0819","fg0702","fg0712","fg0924","fg0397","fg0106","fg0281","fg0605","fg0634","fg0143","fg0126","fg0059","fg0580","fg0212","fg0826","fg0410","fg0007","fg0025","fg0173","fg0307"
"fq003255","vx_6561f52e6d03b9c2","fg0819","1","fg0819","fg0702","fg0712","fg0397","fg0106","fg0126","fg0791","fg0924","fg0279","fg0143","fg0544","fg0811","fg0307","fg0039","fg0059","fg0942","fg0716","fg0843","fg0228","fg0173"
"fq003256","vx_6561f52e6d03b9c2","fg0819","1","fg0819","fg0702","fg0924","fg0712","fg0397","fg0106","fg0143","fg0126","fg0605","fg0281","fg0410","fg0634","fg0544","fg0059","fg0173","fg0228","fg0279","fg0580","fg0212","fg0025"
"fq003257","vx_6561f52e6d03b9c2","fg0819","1","fg0819","fg0702","fg0397","fg0712","fg0126","fg0924","fg0106","fg0544","fg0143","fg0410","fg0580","fg0281","fg0634","fg0025","fg0334","fg0170","fg0605","fg0776","fg0279","fg0843"
"fq003258","vx_6561f52e6d03b9c2","fg0819","1","fg0819","fg0397","fg0106","fg0811","fg0126","fg0712","fg0007","fg0039","fg0307","fg0843","fg0776","fg0371","fg0228","fg0924","fg0025","fg0338","fg0544","fg0244","fg0279","fg0143"
"fq003259","vx_6561f52e6d03b9c2","fg0819","1","fg0819","fg0702","fg0397","fg0712","fg0924","fg0212","fg0605","fg0106","fg0007","fg0126","fg0059","fg0279","fg0307","fg0025","fg0942","fg0173","fg0281","fg0843","fg0811","fg0776"
"fq003260","vx_6561f52e6d03b9c2","fg0819","1","fg0819","fg0702","fg0712","fg0397","fg0126","fg0924","fg0106","fg0143","fg0605","fg0544","fg0059","fg0307","fg0580","fg0173","fg0281","fg0228","fg0039","fg0212","fg0942","fg0843"
"fq003261","vx_6561f52e6d03b9c2","fg0819","1","fg0819","fg0712","fg0776","fg0106","fg0818","fg0126","fg0234","fg0605","fg0918","fg0170","fg0143","fg0397","fg0976","fg0059","fg0172","fg0748","fg0279","fg0869","fg0007","fg0025"
"fq003262","vx_146920966b8200ed","fg0820","1","fg0820","fg0373","fg0802","fg0959","fg0102","fg0529","fg0241","fg0687","fg0555","fg0213","fg0322","fg0043","fg0559","fg0936","fg0519","fg0457","fg0182","fg0551","fg0017","fg0772"
"fq003263","vx_78ac6abb6c7186fa","fg0821","1","fg0821","fg0719","fg0758","fg0649","fg0469","fg0140","fg0130","fg0197","fg0181","fg0885","fg0430","fg0492","fg0690","fg0207","fg0583","fg0132","fg0471","fg0270","fg0241","fg0006"
"fq003264","vx_78ac6abb6c7186fa","fg0821","1","fg0821","fg0719","fg0758","fg0140","fg0649","fg0469","fg0102","fg0270","fg0533","fg0527","fg0197","fg0885","fg0124","fg0430","fg0627","fg0207","fg0666","fg0583","fg0235","fg0492"
"fq003265","vx_86763de1bbf854d6","fg0822","1","fg0822","fg0670","fg0876","fg0601","fg0115","fg0797","fg0017","fg0935","fg0348","fg0101","fg0425","fg0008","fg0987","fg0636","fg0175","fg0788","fg0890","fg0549","fg0096","fg0336"
"fq003266","vx_0abe2279e1528eca","fg0823","1","fg0823","fg0880","fg0525","fg0355","fg0729","fg0559","fg0262","fg0240","fg0721","fg0711","fg0931","fg0108","fg0555","fg0810","fg0996","fg0687","fg0995","fg0225","fg0627","fg0967"
"fq003267","vx_0abe2279e1528eca","fg0823","1","fg0823","fg0880","fg0555","fg0711","fg0099","fg0627","fg0162","fg0755","fg0355","fg0525","fg0213","fg0262","fg0289","fg0194","fg0959","fg0294","fg0995","fg0721","fg0259","fg0967"
"fq003268","vx_0abe2279e1528eca","fg0823","1","fg0823","fg0880","fg0627","fg0555","fg0755","fg0294","fg0262","fg0194","fg0034","fg0355","fg0721","fg0525","fg0162","fg0995","fg0711","fg0289","fg0967","fg0559","fg0259","fg0108"
"fq003269","vx_0abe2279e1528eca","fg0823","1","fg0823","fg0880","fg0729","fg0355","fg0994","fg0262","fg0525","fg0259","fg0249","fg0711","fg0224","fg0922","fg0522","fg0500","fg0721","fg0104","fg0627","fg0555","fg0138","fg0996"
"fq003270","vx_0abe2279e1528eca","fg0823","1","fg0823","fg0880","fg0555","fg0711","fg0162","fg0721","fg0213","fg0099","fg0964","fg0755","fg0525","fg0240","fg0967","fg0650","fg0194","fg0259","fg0294","fg0674","fg0627","fg0714"
"fq003271","vx_0abe2279e1528eca","fg0823","1","fg0823","fg0880","fg0627","fg0555","fg0099","fg0711","fg0162","fg0194","fg0650","fg0355","fg0262","fg0967","fg0755","fg0654","fg0995","fg0213","fg0525","fg0959","fg0289","fg0904"
"fq003272","vx_0abe2279e1528eca","fg0823","1","fg0823","fg0880","fg0555","fg0711","fg0162","fg0213","fg0099","fg0721","fg0627","fg0294","fg0755","fg0650","fg0194","fg0259","fg0240","fg0967","fg0995","fg0674","fg0525","fg0262"
"fq003273","vx_0abe2279e1528eca","fg0823","1","fg0823","fg0880","fg0355","fg0555","fg0262","fg0711","fg0194","fg0729","fg0525","fg0974","fg0721","fg0996","fg0810","fg0627","fg0108","fg0755","fg0034","fg0890","fg0994","fg0162"
"fq003274","vx_0abe2279e1528eca","fg0823","1","fg0823","fg0880","fg0525","fg0711","fg0555","fg0162","fg0355","fg0721","fg0729","fg0559","fg0262","fg0240","fg0259","fg0734","fg0810","fg0500","fg0104","fg0996","fg0994","fg0108"
"fq003275","vx_0abe2279e1528eca","fg0823","1","fg0823","fg0880","fg0555","fg0711","fg0650","fg0162","fg0099","fg0755","fg0627","fg0967","fg0294","fg0289","fg0194","fg0995","fg0917","fg0674","fg0994","fg0904","fg0259","fg0104"
"fq003276","vx_0abe2279e1528eca","fg0823","1","fg0823","fg0880","fg0099","fg0627","fg0555","fg0355","fg0162","fg0711","fg0525","fg0194","fg0995","fg0213","fg0729","fg0289","fg0755","fg0262","fg0240","fg0108","fg0721","fg0931"
"fq003277","vx_0abe2279e1528eca","fg0823","1","fg0823","fg0880","fg0555","fg0711","fg0721","fg0755","fg0162","fg0294","fg0259","fg0994","fg0224","fg0650","fg0099","fg0213","fg0967","fg0964","fg0730","fg0890","fg0289","fg0796"
"fq003278","vx_0abe2279e1528eca","fg0823","1","fg0823","fg0880","fg0555","fg0711","fg0099","fg0162","fg0355","fg0194","fg0262","fg0525","fg0729","fg0721","fg0627","fg0240","fg0289","fg0994","fg0755","fg0034","fg0650","fg0108"
"fq003279","vx_0abe2279e1528eca","fg0823","1","fg0823","fg0880","fg0555","fg0721","fg0711","fg0162","fg0755","fg0240","fg0099","fg0730","fg0994","fg0810","fg0213","fg0104","fg0259","fg0525","fg0294","fg0355","fg0127","fg0194"
"fq003280","vx_0abe2279e1528eca","fg0823","1","fg0823","fg0880","fg0555","fg0711","fg0525","fg0355","fg0721","fg0213","fg0099","fg0162","fg0262","fg0729","fg0240","fg0627","fg0959","fg0108","fg0259","fg0931","fg0996","fg0127"
"fq003281","vx_0abe2279e1528eca","fg0823","1","fg0823","fg0880","fg0555","fg0711","fg0162","fg0755","fg0099","fg0994","fg0294","fg0650","fg0289","fg0967","fg0721","fg0890","fg0964","fg0674","fg0627","fg0194","fg0259","fg0810"
"fq003282","vx_0abe2279e1528eca","fg0823","1","fg0823","fg0880","fg0555","fg0711","fg0162","fg0721","fg0755","fg0294","fg0967","fg0994","fg0259","fg0099","fg0810","fg0525","fg0650","fg0890","fg0240","fg0273","fg0627","fg0289"
"fq003283","vx_0abe2279e1528eca","fg0823","1","fg0823","fg0880","fg0711","fg0555","fg0162","fg0755","fg0294","fg0099","fg0650","fg0104","fg0721","fg0967","fg0627","fg0964","fg0798","fg0890","fg0810","fg0994","fg0092","fg0289"
"fq003284","vx_d922d81fc0dc518e","fg0824","1","fg0824","fg0729","fg0270","fg0588","fg0931","fg0641","fg0044","fg0509","fg0201","fg0147","fg0749","fg0666","fg0304","fg0794","fg0961","fg0355","fg0778","fg0775","fg0525","fg0297"
"fq003285","vx_d922d81fc0dc518e","fg0824","1","fg0824","fg0729","fg0270","fg0588","fg0641","fg0931","fg0201","fg0509","fg0044","fg0666","fg0749","fg0528","fg0659","fg0071","fg0628","fg0778","fg0961","fg0775","fg0033","fg0297"
"fq003286","vx_d922d81fc0dc518e","fg0824","1","fg0824","fg0492","fg0279","fg0662","fg0201","fg0207","fg0876","fg0214","fg0270","fg0784","fg0106","fg0397","fg0706","fg0729","fg0181","fg0103","fg0641","fg0030","fg0582","fg0328"
"fq003287","vx_33ada0b0477c7d85","fg0825","1","fg0825","fg0603","fg0735","fg0069","fg0509","fg0889","fg0830","fg0767","fg0395","fg0938","fg0161","fg0018","fg0660","fg0895","fg0607","fg0722","fg0484","fg0450","fg0922","fg0535"
"fq003288","vx_33ada0b0477c7d85","fg0825","1","fg0825","fg0722","fg0735","fg0069","fg0197","fg0889","fg0910","fg0660","fg0830","fg0895","fg0603","fg0522","fg0248","fg0549","fg0767","fg0772","fg0018","fg0638","fg0719","fg0471"
"fq003289","vx_6ac4556955fc3a00","fg0826","1","fg0826","fg0584","fg0364","fg0944","fg0742","fg0793","fg0779","fg0773","fg0624","fg0261","fg0972","fg0873","fg0659","fg0466","fg0552","fg0785","fg0122","fg0313","fg0277","fg0866"
"fq003290","vx_6ac4556955fc3a00","fg0826","1","fg0826","fg0793","fg0785","fg0364","fg0643","fg0742","fg0817","fg0584","fg0944","fg0819","fg0716","fg0925","fg0659","fg0624","fg0173","fg0334","fg0773","fg0059","fg0661","fg0313"
"fq003291","vx_6ac4556955fc3a00","fg0826","1","fg0826","fg0793","fg0364","fg0742","fg0643","fg0944","fg0785","fg0584","fg0334","fg0588","fg0773","fg0659","fg0122","fg0892","fg0873","fg0624","fg0819","fg0779","fg0560","fg0059"
"fq003292","vx_6ac4556955fc3a00","fg0826","1","fg0826","fg0793","fg0364","fg0944","fg0588","fg0742","fg0659","fg0584","fg0552","fg0643","fg0785","fg0261","fg0892","fg0773","fg0334","fg0328","fg0873","fg0819","fg0560","fg0866"
"fq003293","vx_6ac4556955fc3a00","fg0826","1","fg0826","fg0785","fg0793","fg0643","fg0742","fg0944","fg0364","fg0624","fg0716","fg0819","fg0773","fg0892","fg0334","fg0122","fg0584","fg0866","fg0552","fg0261","fg0817","fg0173"
"fq003294","vx_9f6573e59968b400","fg0827","1","fg0827","fg0379","fg0149","fg0076","fg0068","fg0291","fg0226","fg0488","fg0828","fg0289","fg0921","fg0119","fg0370","fg0861","fg0881","fg0622","fg0516","fg0451","fg0636","fg0485"
"fq003295","vx_9f6573e59968b400","fg0827","1","fg0827","fg0379","fg0440","fg0291","fg0076","fg0451","fg0149","fg0921","fg0861","fg0145","fg0226","fg0288","fg0516","fg0488","fg0289","fg0101","fg0881","fg0257","fg0708","fg0068"
"fq003296","vx_9f6573e59968b400","fg0827","1","fg0827","fg0379","fg0291","fg0076","fg0440","fg0149","fg0921","fg0289","fg0451","fg0101","fg0861","fg0488","fg0068","fg0708","fg0370","fg0226","fg0881","fg0145","fg0499","fg0636"
"fq003297","vx_9f6573e59968b400","fg0827","1","fg0827","fg0379","fg0440","fg0149","fg0076","fg0451","fg0291","fg0289","fg0861","fg0921","fg0101","fg0068","fg0145","fg0226","fg0119","fg0708","fg0488","fg0288","fg0516","fg0828"
"fq003298","vx_7cd6fab6de4e628d","fg0828","1","fg0828","fg0325","fg0315","fg0668","fg0119","fg0277","fg0364","fg0459","fg0092","fg0766","fg0971","fg0226","fg0424","fg0691","fg0796","fg0802","fg0690","fg0892","fg0968","fg0944"
"fq003299","vx_5373106118d2d494","fg0829","1","fg0829","fg0984","fg0634","fg0454","fg0647","fg0751","fg0281","fg0045","fg0702","fg0668","fg0612","fg0016","fg0217","fg0576","fg0369","fg0540","fg0478","fg0211","fg0209","fg0936"
"fq003300","vx_8ab7f75156a9f7ca","fg0830","1","fg0830","fg0901","fg0786","fg0849","fg0450","fg0870","fg0006","fg0084","fg0905","fg0932","fg0137","fg0395","fg0904","fg0339","fg0467","fg0321","fg0726","fg0702","fg0709","fg0697"
"fq003301","vx_8ab7f75156a9f7ca","fg0830","1","fg0830","fg0901","fg0786","fg0849","fg0726","fg0692","fg0137","fg0450","fg0774","fg0870","fg0158","fg0112","fg0339","fg0113","fg0395","fg0905","fg0205","fg0286","fg0932","fg0825"
"fq003302","vx_cc6aad705ff2b7b2","fg0831","1","fg0831","fg0191","fg0747","fg0211","fg0306","fg0334","fg0382","fg0247","fg0602","fg0418","fg0793","fg0314","fg0809","fg0749","fg0930","fg0367","fg0090","fg0835","fg0987","fg0265"
"fq003303","vx_cc6aad705ff2b7b2","fg0831","1","fg0831","fg0987","fg0749","fg0602","fg0382","fg0418","fg0188","fg0139","fg0306","fg0930","fg0191","fg0813","fg0659","fg0265","fg0420","fg0190","fg0747","fg0277","fg0578","fg0074"
"fq003304","vx_cc6aad705ff2b7b2","fg0831","1","fg0831","fg0987","fg0602","fg0188","fg0418","fg0191","fg0747","fg0306","fg0930","fg0749","fg0382","fg0898","fg0334","fg0139","fg0265","fg0793","fg0090","fg0196","fg0659","fg0096"
"fq003305","vx_cc6aad705ff2b7b2","fg0831","1","fg0831","fg0602","fg0418","fg0382","fg0987","fg0747","fg0191","fg0188","fg0306","fg0139","fg0074","fg0749","fg0930","fg0265","fg0096","fg0898","fg0793","fg0101","fg0659","fg0196"
"fq003306","vx_cc6aad705ff2b7b2","fg0831","1","fg0831","fg0191","fg0987","fg0747","fg0602","fg0382","fg0749","fg0334","fg0418","fg0247","fg0306","fg0188","fg0930","fg0578","fg0139","fg0898","fg0096","fg0659","fg0277","fg0835"
"fq003307","vx_cc6aad705ff2b7b2","fg0831","1","fg0831","fg0418","fg0306","fg0191","fg0139","fg0747","fg0987","fg0813","fg0334","fg0602","fg0096","fg0898","fg0247","fg0793","fg0749","fg0809","fg0265","fg0659","fg0930","fg0101"
"fq003308","vx_cc6aad705ff2b7b2","fg0831","1","fg0831","fg0096","fg0191","fg0306","fg0139","fg0747","fg0472","fg0382","fg0230","fg0101","fg0334","fg0813","fg0530","fg0800","fg0282","fg0107","fg0247","fg0196","fg0898","fg0578"
"fq003309","vx_cc6aad705ff2b7b2","fg0831","1","fg0831","fg0987","fg0602","fg0188","fg0749","fg0418","fg0382","fg0930","fg0191","fg0122","fg0747","fg0334","fg0408","fg0659","fg0922","fg0139","fg0735","fg0196","fg0372","fg0190"
"fq003310","vx_cc6aad705ff2b7b2","fg0831","1","fg0831","fg0191","fg0987","fg0602","fg0188","fg0382","fg0747","fg0749","fg0024","fg0334","fg0418","fg0196","fg0314","fg0930","fg0306","fg0659","fg0681","fg0592","fg0976","fg0457"
"fq003311","vx_cc6aad705ff2b7b2","fg0831","1","fg0831","fg0987","fg0418","fg0602","fg0139","fg0749","fg0382","fg0306","fg0188","fg0930","fg0191","fg0747","fg0420","fg0096","fg0074","fg0813","fg0196","fg0659","fg0334","fg0101"
"fq003312","vx_483699392835807f","fg0832","1","fg0832","fg0085","fg0512","fg0407","fg0302","fg0667","fg0804","fg0027","fg0012","fg0603","fg0323","fg0631","fg0573","fg0979","fg0255","fg0672","fg0874","fg0007","fg0589","fg0319"
"fq003313","vx_483699392835807f","fg0832","1","fg0832","fg0302","fg0085","fg0512","fg0323","fg0667","fg0407","fg0012","fg0027","fg0603","fg0804","fg0353","fg0057","fg0979","fg0255","fg0981","fg0633","fg0965","fg0192","fg0543"
"fq003314","vx_b241b093d82eb0cf","fg0833","1","fg0833","fg0188","fg0602","fg0253","fg0005","fg0056","fg0353","fg0252","fg0749","fg0543","fg0150","fg0501","fg0930","fg0922","fg0133","fg0310","fg0360","fg0391","fg0190","fg0542"
"fq003315","vx_3828d01afa758bac","fg0834","1","fg0834","fg0551","fg0794","fg0197","fg0760","fg0739","fg0529","fg0652","fg0182","fg0466","fg0262","fg0491","fg0938","fg0411","fg0718","fg0776","fg0153","fg0735","fg0763","fg0793"
"fq003316","vx_183bb4bce0dd1240","fg0835","1","fg0835","fg0246","fg0256","fg0967","fg0398","fg0334","fg0973","fg0888","fg0411","fg0262","fg0367","fg0297","fg0517","fg0588","fg0983","fg0619","fg0627","fg0781","fg0184","fg0617"
"fq003317","vx_183bb4bce0dd1240","fg0835","1","fg0835","fg0246","fg0256","fg0334","fg0973","fg0398","fg0411","fg0588","fg0967","fg0297","fg0617","fg0367","fg0503","fg0184","fg0001","fg0888","fg0298","fg0474","fg0517","fg0258"
"fq003318","vx_183bb4bce0dd1240","fg0835","18","fg0256","fg0781","fg0789","fg0262","fg0246","fg0888","fg0967","fg0878","fg0398","fg0619","fg0411","fg0650","fg0018","fg0538","fg0627","fg0588","fg0128","fg0835","fg0895","fg0638"
"fq003319","vx_b90d545f92338244","fg0836","1","fg0836","fg0829","fg0540","fg0702","fg0105","fg0450","fg0410","fg0454","fg0851","fg0281","fg0489","fg0094","fg0137","fg0665","fg0370","fg0235","fg0737","fg0346","fg0045","fg0984"
"fq003320","vx_88417ebac05a2b38","fg0837","1","fg0837","fg0375","fg0718","fg0962","fg0290","fg0032","fg0386","fg0665","fg0619","fg0696","fg0558","fg0668","fg0974","fg0419","fg0758","fg0445","fg0655","fg0238","fg0021","fg0163"
"fq003321","vx_3e8907ea778928ac","fg0838","1","fg0838","fg0369","fg0909","fg0383","fg0796","fg0545","fg0125","fg0287","fg0546","fg0209","fg0216","fg0890","fg0339","fg0294","fg0061","fg0052","fg0008","fg0782","fg0668","fg0222"
"fq003322","vx_3e8907ea778928ac","fg0838","1","fg0838","fg0369","fg0909","fg0796","fg0125","fg0383","fg0287","fg0339","fg0545","fg0546","fg0890","fg0209","fg0222","fg0668","fg0361","fg0061","fg0216","fg0294","fg0052","fg0008"
"fq003323","vx_3e8907ea778928ac","fg0838","1","fg0838","fg0369","fg0546","fg0383","fg0870","fg0608","fg0125","fg0209","fg0437","fg0796","fg0287","fg0909","fg0890","fg0852","fg0545","fg0189","fg0294","fg0339","fg0932","fg0052"
"fq003324","vx_3e8907ea778928ac","fg0838","1","fg0838","fg0369","fg0909","fg0125","fg0545","fg0339","fg0890","fg0796","fg0546","fg0209","fg0008","fg0361","fg0222","fg0061","fg0383","fg0308","fg0870","fg0668","fg0287","fg0782"
"fq003325","vx_3e8907ea778928ac","fg0838","1","fg0838","fg0369","fg0209","fg0546","fg0437","fg0909","fg0383","fg0287","fg0122","fg0796","fg0890","fg0545","fg0125","fg0339","fg0755","fg0294","fg0932","fg0870","fg0621","fg0361"
"fq003326","vx_3e8907ea778928ac","fg0838","1","fg0838","fg0369","fg0546","fg0909","fg0890","fg0545","fg0383","fg0796","fg0437","fg0125","fg0209","fg0287","fg0122","fg0216","fg0189","fg0339","fg0308","fg0052","fg0294","fg0694"
"fq003327","vx_3e8907ea778928ac","fg0838","1","fg0838","fg0369","fg0909","fg0890","fg0545","fg0796","fg0339","fg0383","fg0546","fg0125","fg0209","fg0287","fg0116","fg0216","fg0008","fg0052","fg0870","fg0294","fg0361","fg0061"
"fq003328","vx_3e8907ea778928ac","fg0838","1","fg0838","fg0369","fg0890","fg0546","fg0909","fg0122","fg0545","fg0796","fg0383","fg0125","fg0339","fg0437","fg0209","fg0189","fg0308","fg0870","fg0216","fg0287","fg0052","fg0932"
"fq003329","vx_3e8907ea778928ac","fg0838","1","fg0838","fg0369","fg0909","fg0796","fg0383","fg0546","fg0287","fg0209","fg0339","fg0545","fg0125","fg0890","fg0870","fg0294","fg0216","fg0668","fg0061","fg0222","fg0008","fg0361"
"fq003330","vx_0f016d0a95d6800d","fg0839","1","fg0839","fg0785","fg0286","fg0774","fg0968","fg0572","fg0884","fg0534","fg0725","fg0073","fg0964","fg0759","fg0531","fg0545","fg0955","fg0080","fg0176","fg0690","fg0969","fg0246"
"fq003331","vx_0f016d0a95d6800d","fg0839","3","fg0815","fg0990","fg0839","fg0921","fg0803","fg0948","fg0592","fg0159","fg0355","fg0008","fg0118","fg0291","fg0811","fg0771","fg0398","fg0339","fg0299","fg0509","fg0982","fg0964"
"fq003332","vx_0b0eb3b367d30a7e","fg0840","1","fg0840","fg0603","fg0012","fg0345","fg0318","fg0993","fg0085","fg0530","fg0921","fg0561","fg0698","fg0341","fg0478","fg0512","fg0799","fg0543","fg0384","fg0795","fg0299","fg0338"
"fq003333","vx_9c7cc959b432fe3c","fg0841","1","fg0841","fg0657","fg0815","fg0474","fg0889","fg0207","fg0350","fg0126","fg0367","fg0777","fg0632","fg0764","fg0513","fg0973","fg0740","fg0647","fg0298","fg0614","fg0405","fg0847"
"fq003334","vx_9c7cc959b432fe3c","fg0841","1","fg0841","fg0657","fg0777","fg0207","fg0847","fg0889","fg0314","fg0367","fg0168","fg0632","fg0498","fg0935","fg0815","fg0928","fg0740","fg0647","fg0690","fg0722","fg0731","fg0522"
"fq003335","vx_29e5cde94e4ab815","fg0842","1","fg0842","fg0325","fg0329","fg0020","fg0828","fg0465","fg0277","fg0293","fg0111","fg0822","fg0261","fg0876","fg0683","fg0014","fg0928","fg0752","fg0593","fg0873","fg0650","fg0763"
"fq003336","vx_29e5cde94e4ab815","fg0842","1","fg0842","fg0329","fg0325","fg0020","fg0293","fg0828","fg0465","fg0277","fg0014","fg0111","fg0650","fg0045","fg0261","fg0593","fg0928","fg0763","fg0756","fg0876","fg0742","fg0822"
"fq003337","vx_29e5cde94e4ab815","fg0842","1","fg0842","fg0329","fg0325","fg0277","fg0828","fg0020","fg0293","fg0014","fg0822","fg0111","fg0465","fg0261","fg0876","fg0873","fg0683","fg0763","fg0058","fg0928","fg0593","fg0038"
"fq003338","vx_29e5cde94e4ab815","fg0842","1","fg0842","fg0329","fg0325","fg0014","fg0020","fg0293","fg0045","fg0465","fg0261","fg0277","fg0928","fg0650","fg0593","fg0702","fg0111","fg0873","fg0876","fg0754","fg0828","fg0462"
"fq003339","vx_29e5cde94e4ab815","fg0842","1","fg0842","fg0329","fg0465","fg0325","fg0014","fg0650","fg0261","fg0045","fg0293","fg0593","fg0020","fg0632","fg0828","fg0277","fg0754","fg0928","fg0977","fg0876","fg0514","fg0702"
"fq003340","vx_b53c13d2fa541aad","fg0843","1","fg0843","fg0106","fg0126","fg0214","fg0039","fg0211","fg0811","fg0907","fg0565","fg0474","fg0350","fg0438","fg0747","fg0947","fg0515","fg0591","fg0740","fg0367","fg0186","fg0692"
"fq003341","vx_b53c13d2fa541aad","fg0843","1","fg0843","fg0106","fg0214","fg0907","fg0211","fg0126","fg0039","fg0186","fg0565","fg0515","fg0367","fg0692","fg0712","fg0747","fg0191","fg0544","fg0819","fg0185","fg0397","fg0740"
"fq003342","vx_b53c13d2fa541aad","fg0843","1","fg0843","fg0106","fg0214","fg0039","fg0211","fg0692","fg0907","fg0515","fg0126","fg0712","fg0811","fg0513","fg0974","fg0307","fg0191","fg0067","fg0916","fg0015","fg0347","fg0173"
"fq003343","vx_b53c13d2fa541aad","fg0843","1","fg0843","fg0211","fg0039","fg0106","fg0214","fg0747","fg0907","fg0515","fg0126","fg0191","fg0367","fg0297","fg0474","fg0811","fg0247","fg0544","fg0740","fg0350","fg0947","fg0974"
"fq003344","vx_b53c13d2fa541aad","fg0843","1","fg0843","fg0106","fg0214","fg0039","fg0211","fg0126","fg0907","fg0811","fg0515","fg0367","fg0397","fg0191","fg0297","fg0712","fg0942","fg0350","fg0740","fg0692","fg0747","fg0067"
"fq003345","vx_b53c13d2fa541aad","fg0843","1","fg0843","fg0211","fg0106","fg0907","fg0126","fg0214","fg0039","fg0811","fg0747","fg0367","fg0350","fg0186","fg0191","fg0515","fg0712","fg0474","fg0297","fg0692","fg0565","fg0438"
"fq003346","vx_b53c13d2fa541aad","fg0843","1","fg0843","fg0106","fg0126","fg0211","fg0214","fg0367","fg0907","fg0747","fg0515","fg0039","fg0942","fg0297","fg0544","fg0809","fg0966","fg0811","fg0712","fg0474","fg0499","fg0819"
"fq003347","vx_b53c13d2fa541aad","fg0843","1","fg0843","fg0211","fg0214","fg0106","fg0126","fg0039","fg0367","fg0907","fg0747","fg0297","fg0544","fg0474","fg0811","fg0397","fg0515","fg0942","fg0186","fg0740","fg0191","fg0712"
"fq003348","vx_b53c13d2fa541aad","fg0843","1","fg0843","fg0211","fg0907","fg0106","fg0039","fg0126","fg0214","fg0367","fg0747","fg0191","fg0942","fg0397","fg0565","fg0297","fg0474","fg0067","fg0778","fg0647","fg0740","fg0811"
"fq003349","vx_b53c13d2fa541aad","fg0843","1","fg0843","fg0106","fg0211","fg0214","fg0907","fg0039","fg0126","fg0186","fg0692","fg0811","fg0515","fg0974","fg0191","fg0367","fg0942","fg0397","fg0067","fg0740","fg0565","fg0350"
"fq003350","vx_b53c13d2fa541aad","fg0843","1","fg0843","fg0211","fg0747","fg0367","fg0907","fg0106","fg0126","fg0214","fg0039","fg0474","fg0811","fg0515","fg0297","fg0191","fg0809","fg0942","fg0186","fg0947","fg0544","fg0740"
"fq003351","vx_b53c13d2fa541aad","fg0843","1","fg0843","fg0106","fg0907","fg0211","fg0039","fg0214","fg0126","fg0692","fg0565","fg0811","fg0397","fg0067","fg0942","fg0186","fg0740","fg0367","fg0350","fg0819","fg0747","fg0513"
"fq003352","vx_b53c13d2fa541aad","fg0843","1","fg0843","fg0106","fg0907","fg0211","fg0214","fg0039","fg0126","fg0942","fg0067","fg0740","fg0186","fg0367","fg0397","fg0647","fg0692","fg0515","fg0297","fg0819","fg0191","fg0811"
"fq003353","vx_b53c13d2fa541aad","fg0843","1","fg0843","fg0106","fg0214","fg0039","fg0907","fg0211","fg0126","fg0692","fg0067","fg0397","fg0515","fg0811","fg0712","fg0307","fg0350","fg0974","fg0191","fg0186","fg0942","fg0025"
"fq003354","vx_b53c13d2fa541aad","fg0843","1","fg0843","fg0211","fg0106","fg0214","fg0126","fg0747","fg0367","fg0039","fg0907","fg0297","fg0809","fg0186","fg0544","fg0191","fg0811","fg0740","fg0947","fg0942","fg0298","fg0515"
"fq003355","vx_b53c13d2fa541aad","fg0843","1","fg0843","fg0106","fg0211","fg0039","fg0214","fg0907","fg0126","fg0397","fg0067","fg0191","fg0942","fg0692","fg0186","fg0367","fg0515","fg0806","fg0647","fg0811","fg0974","fg0565"
"fq003356","vx_b53c13d2fa541aad","fg0843","1","fg0843","fg0747","fg0211","fg0106","fg0214","fg0126","fg0039","fg0515","fg0297","fg0630","fg0367","fg0474","fg0191","fg0907","fg0811","fg0247","fg0186","fg0809","fg0183","fg0350"
"fq003357","vx_b53c13d2fa541aad","fg0843","1","fg0843","fg0211","fg0106","fg0126","fg0907","fg0214","fg0039","fg0367","fg0811","fg0747","fg0191","fg0186","fg0297","fg0942","fg0515","fg0740","fg0397","fg0712","fg0692","fg0474"
"fq003358","vx_b53c13d2fa541aad","fg0843","1","fg0843","fg0211","fg0106","fg0907","fg0214","fg0039","fg0565","fg0397","fg0126","fg0740","fg0692","fg0186","fg0350","fg0811","fg0942","fg0067","fg0438","fg0591","fg0806","fg0544"
"fq003359","vx_b53c13d2fa541aad","fg0843","1","fg0843","fg0747","fg0211","fg0474","fg0297","fg0126","fg0367","fg0630","fg0809","fg0214","fg0039","fg0106","fg0811","fg0191","fg0907","fg0973","fg0515","fg0588","fg0350","fg0247"
"fq003360","vx_b53c13d2fa541aad","fg0843","1","fg0843","fg0907","fg0211","fg0106","fg0039","fg0513","fg0974","fg0214","fg0811","fg0692","fg0438","fg0191","fg0025","fg0082","fg0195","fg0515","fg0740","fg0067","fg0126","fg0186"
"fq003361","vx_b53c13d2fa541aad","fg0843","1","fg0843","fg0211","fg0106","fg0907","fg0214","fg0039","fg0126","fg0565","fg0397","fg0974","fg0692","fg0186","fg0067","fg0942","fg0811","fg0367","fg0591","fg0740","fg0819","fg0647"
"fq003362","vx_b53c13d2fa541aad","fg0843","1","fg0843","fg0106","fg0214","fg0039","fg0907","fg0211","fg0126","fg0811","fg0692","fg0191","fg0397","fg0067","fg0307","fg0942","fg0712","fg0350","fg0974","fg0205","fg0186","fg0819"
"fq003363","vx_b53c13d2fa541aad","fg0843","1","fg0843","fg0211","fg0106","fg0214","fg0126","fg0039","fg0907","fg0811","fg0350","fg0692","fg0191","fg0544","fg0438","fg0397","fg0515","fg0186","fg0297","fg0565","fg0067","fg0947"
"fq003364","vx_b53c13d2fa541aad","fg0843","1","fg0843","fg0106","fg0214","fg0907","fg0039","fg0692","fg0211","fg0126","fg0513","fg0974","fg0515","fg0397","fg0712","fg0186","fg0942","fg0350","fg0067","fg0565","fg0819","fg0811"
"fq003365","vx_b53c13d2fa541aad","fg0843","1","fg0843","fg0211","fg0039","fg0126","fg0811","fg0907","fg0106","fg0214","fg0297","fg0747","fg0474","fg0350","fg0438","fg0855","fg0082","fg0565","fg0740","fg0191","fg0515","fg0947"
"fq003366","vx_b53c13d2fa541aad","fg0843","1","fg0843","fg0106","fg0211","fg0126","fg0907","fg0214","fg0039","fg0692","fg0367","fg0565","fg0186","fg0747","fg0942","fg0591","fg0350","fg0191","fg0811","fg0397","fg0544","fg0515"
"fq003367","vx_b53c13d2fa541aad","fg0843","1","fg0843","fg0907","fg0106","fg0211","fg0692","fg0214","fg0126","fg0039","fg0565","fg0186","fg0974","fg0747","fg0942","fg0740","fg0195","fg0947","fg0513","fg0367","fg0350","fg0544"
"fq003368","vx_b53c13d2fa541aad","fg0843","1","fg0843","fg0106","fg0126","fg0214","fg0039","fg0811","fg0211","fg0907","fg0474","fg0515","fg0350","fg0747","fg0544","fg0367","fg0191","fg0819","fg0712","fg0647","fg0397","fg0740"
"fq003369","vx_b53c13d2fa541aad","fg0843","1","fg0843","fg0106","fg0214","fg0211","fg0126","fg0907","fg0039","fg0515","fg0544","fg0367","fg0740","fg0191","fg0397","fg0974","fg0942","fg0565","fg0513","fg0747","fg0692","fg0811"
"fq003370","vx_b53c13d2fa541aad","fg0843","1","fg0843","fg0747","fg0211","fg0811","fg0630","fg0474","fg0039","fg0214","fg0438","fg0297","fg0515","fg0588","fg0350","fg0809","fg0855","fg0907","fg0247","fg0106","fg0082","fg0195"
"fq003371","vx_b53c13d2fa541aad","fg0843","1","fg0843","fg0907","fg0211","fg0214","fg0692","fg0106","fg0126","fg0039","fg0565","fg0513","fg0747","fg0195","fg0740","fg0397","fg0974","fg0824","fg0186","fg0515","fg0185","fg0499"
"fq003372","vx_b53c13d2fa541aad","fg0843","1","fg0843","fg0211","fg0106","fg0907","fg0214","fg0039","fg0126","fg0565","fg0397","fg0191","fg0367","fg0350","fg0747","fg0544","fg0811","fg0297","fg0942","fg0947","fg0712","fg0819"
"fq003373","vx_b53c13d2fa541aad","fg0843","1","fg0843","fg0106","fg0211","fg0907","fg0214","fg0039","fg0126","fg0942","fg0367","fg0186","fg0397","fg0647","fg0059","fg0811","fg0740","fg0692","fg0067","fg0191","fg0806","fg0297"
"fq003374","vx_b53c13d2fa541aad","fg0843","1","fg0843","fg0106","fg0214","fg0211","fg0039","fg0907","fg0126","fg0350","fg0811","fg0191","fg0438","fg0515","fg0307","fg0397","fg0186","fg0067","fg0692","fg0712","fg0806","fg0974"
"fq003375","vx_b53c13d2fa541aad","fg0843","1","fg0843","fg0214","fg0106","fg0039","fg0126","fg0907","fg0211","fg0515","fg0819","fg0692","fg0143","fg0740","fg0297","fg0367","fg0474","fg0712","fg0942","fg0806","fg0544","fg0811"
"fq003376","vx_b53c13d2fa541aad","fg0843","1","fg0843","fg0907","fg0211","fg0106","fg0214","fg0039","fg0126","fg0367","fg0692","fg0067","fg0513","fg0819","fg0811","fg0397","fg0186","fg0942","fg0740","fg0185","fg0747","fg0515"
"fq003377","vx_b53c13d2fa541aad","fg0843","1","fg0843","fg0211","fg0747","fg0039","fg0907","fg0214","fg0474","fg0106","fg0811","fg0297","fg0515","fg0126","fg0367","fg0809","fg0191","fg0947","fg0630","fg0195","fg0247","fg0544"
"fq003378","vx_b53c13d2fa541aad","fg0843","1","fg0843","fg0907","fg0211","fg0214","fg0106","fg0039","fg0126","fg0747","fg0513","fg0515","fg0811","fg0692","fg0974","fg0397","fg0297","fg0740","fg0186","fg0712","fg0367","fg0191"
"fq003379","vx_b53c13d2fa541aad","fg0843","1","fg0843","fg0214","fg0692","fg0039","fg0126","fg0106","fg0907","fg0806","fg0307","fg0515","fg0811","fg0747","fg0186","fg0297","fg0211","fg0974","fg0565","fg0740","fg0947","fg0591"
"fq003380","vx_b53c13d2fa541aad","fg0843","1","fg0843","fg0106","fg0214","fg0211","fg0126","fg0039","fg0907","fg0692","fg0565","fg0397","fg0811","fg0544","fg0186","fg0513","fg0819","fg0350","fg0515","fg0740","fg0438","fg0591"
"fq003381","vx_b53c13d2fa541aad","fg0843","1","fg0843","fg0211","fg0106","fg0214","fg0126","fg0907","fg0747","fg0039","fg0367","fg0191","fg0297","fg0515","fg0186","fg0350","fg0474","fg0811","fg0947","fg0499","fg0527","fg0942"
"fq003382","vx_b53c13d2fa541aad","fg0843","1","fg0843","fg0211","fg0747","fg0106","fg0630","fg0039","fg0811","fg0126","fg0297","fg0474","fg0907","fg0260","fg0588","fg0191","fg0515","fg0298","fg0214","fg0855","fg0657","fg0082"
"fq003383","vx_b53c13d2fa541aad","fg0843","1","fg0843","fg0106","fg0907","fg0211","fg0039","fg0214","fg0942","fg0126","fg0067","fg0565","fg0350","fg0515","fg0657","fg0397","fg0647","fg0059","fg0367","fg0474","fg0692","fg0811"
"fq003384","vx_b53c13d2fa541aad","fg0843","1","fg0843","fg0907","fg0106","fg0211","fg0126","fg0214","fg0692","fg0039","fg0565","fg0186","fg0942","fg0740","fg0747","fg0811","fg0367","fg0806","fg0185","fg0397","fg0350","fg0647"
"fq003385","vx_b53c13d2fa541aad","fg0843","1","fg0843","fg0907","fg0106","fg0211","fg0126","fg0214","fg0747","fg0039","fg0692","fg0186","fg0367","fg0811","fg0191","fg0350","fg0942","fg0515","fg0297","fg0740","fg0067","fg0565"
"fq003386","vx_b53c13d2fa541aad","fg0843","1","fg0843","fg0211","fg0126","fg0214","fg0106","fg0297","fg0039","fg0811","fg0747","fg0367","fg0474","fg0544","fg0515","fg0630","fg0191","fg0298","fg0565","fg0657","fg0907","fg0260"
"fq003387","vx_b53c13d2fa541aad","fg0843","1","fg0843","fg0106","fg0211","fg0126","fg0039","fg0214","fg0811","fg0907","fg0350","fg0367","fg0297","fg0747","fg0191","fg0515","fg0809","fg0565","fg0474","fg0544","fg0942","fg0186"
"fq003388","vx_b53c13d2fa541aad","fg0843","1","fg0843","fg0106","fg0907","fg0214","fg0039","fg0211","fg0126","fg0692","fg0515","fg0740","fg0974","fg0397","fg0565","fg0811","fg0942","fg0067","fg0819","fg0647","fg0712","fg0297"
"fq003389","vx_b53c13d2fa541aad","fg0843","1","fg0843","fg0747","fg0211","fg0126","fg0809","fg0630","fg0247","fg0811","fg0474","fg0297","fg0367","fg0907","fg0515","fg0106","fg0191","fg0039","fg0214","fg0588","fg0350","fg0855"
"fq003390","vx_b53c13d2fa541aad","fg0843","1","fg0843","fg0106","fg0211","fg0907","fg0214","fg0039","fg0126","fg0692","fg0565","fg0397","fg0186","fg0824","fg0067","fg0591","fg0350","fg0515","fg0942","fg0647","fg0819","fg0513"
"fq003391","vx_b53c13d2fa541aad","fg0843","1","fg0843","fg0106","fg0039","fg0214","fg0211","fg0907","fg0126","fg0811","fg0397","fg0819","fg0307","fg0942","fg0067","fg0191","fg0186","fg0438","fg0350","fg0143","fg0712","fg0515"
"fq003392","vx_b53c13d2fa541aad","fg0843","1","fg0843","fg0106","fg0907","fg0211","fg0214","fg0039","fg0186","fg0740","fg0565","fg0974","fg0692","fg0942","fg0747","fg0515","fg0126","fg0191","fg0367","fg0647","fg0513","fg0297"
"fq003393","vx_b53c13d2fa541aad","fg0843","1","fg0843","fg0106","fg0907","fg0214","fg0126","fg0039","fg0211","fg0692","fg0186","fg0819","fg0515","fg0942","fg0565","fg0712","fg0811","fg0350","fg0974","fg0747","fg0367","fg0397"
"fq003394","vx_b53c13d2fa541aad","fg0843","1","fg0843","fg0211","fg0214","fg0106","fg0039","fg0126","fg0907","fg0297","fg0811","fg0367","fg0544","fg0942","fg0747","fg0191","fg0474","fg0515","fg0397","fg0186","fg0350","fg0947"
"fq003395","vx_b53c13d2fa541aad","fg0843","1","fg0843","fg0106","fg0907","fg0039","fg0211","fg0214","fg0942","fg0126","fg0067","fg0397","fg0059","fg0186","fg0811","fg0819","fg0367","fg0712","fg0692","fg0279","fg0191","fg0297"
"fq003396","vx_b53c13d2fa541aad","fg0843","1","fg0843","fg0211","fg0811","fg0747","fg0126","fg0630","fg0297","fg0039","fg0106","fg0474","fg0214","fg0191","fg0515","fg0350","fg0907","fg0438","fg0367","fg0809","fg0298","fg0947"
"fq003397","vx_b53c13d2fa541aad","fg0843","1","fg0843","fg0211","fg0474","fg0747","fg0106","fg0367","fg0039","fg0126","fg0297","fg0214","fg0907","fg0811","fg0515","fg0544","fg0397","fg0298","fg0947","fg0809","fg0942","fg0350"
"fq003398","vx_b53c13d2fa541aad","fg0843","1","fg0843","fg0211","fg0106","fg0907","fg0039","fg0747","fg0474","fg0214","fg0367","fg0811","fg0191","fg0942","fg0126","fg0515","fg0297","fg0778","fg0059","fg0499","fg0544","fg0947"
"fq003399","vx_b53c13d2fa541aad","fg0843","1","fg0843","fg0126","fg0106","fg0211","fg0214","fg0039","fg0367","fg0811","fg0474","fg0544","fg0515","fg0907","fg0297","fg0747","fg0397","fg0350","fg0740","fg0947","fg0819","fg0966"
"fq003400","vx_b53c13d2fa541aad","fg0843","1","fg0843","fg0214","fg0106","fg0039","fg0907","fg0211","fg0126","fg0515","fg0692","fg0811","fg0397","fg0350","fg0916","fg0438","fg0067","fg0173","fg0279","fg0513","fg0307","fg0015"
"fq003401","vx_b53c13d2fa541aad","fg0843","1","fg0843","fg0106","fg0907","fg0692","fg0214","fg0039","fg0211","fg0513","fg0067","fg0515","fg0974","fg0397","fg0126","fg0811","fg0173","fg0942","fg0307","fg0712","fg0806","fg0195"
"fq003402","vx_b53c13d2fa541aad","fg0843","1","fg0843","fg0106","fg0907","fg0211","fg0214","fg0039","fg0067","fg0397","fg0692","fg0126","fg0565","fg0740","fg0515","fg0942","fg0544","fg0806","fg0819","fg0186","fg0347","fg0367"
"fq003403","vx_b53c13d2fa541aad","fg0843","1","fg0843","fg0747","fg0211","fg0214","fg0039","fg0297","fg0630","fg0515","fg0811","fg0907","fg0809","fg0474","fg0195","fg0247","fg0183","fg0106","fg0126","fg0191","fg0499","fg0367"
"fq003404","vx_b53c13d2fa541aad","fg0843","1","fg0843","fg0211","fg0214","fg0039","fg0106","fg0126","fg0907","fg0515","fg0811","fg0692","fg0942","fg0191","fg0350","fg0186","fg0544","fg0297","fg0747","fg0397","fg0367","fg0565"
"fq003405","vx_b53c13d2fa541aad","fg0843","1","fg0843","fg0811","fg0039","fg0214","fg0106","fg0438","fg0186","fg0211","fg0907","fg0947","fg0941","fg0573","fg0260","fg0350","fg0015","fg0960","fg0591","fg0974","fg0082","fg0916"
"fq003406","vx_b53c13d2fa541aad","fg0843","1","fg0843","fg0211","fg0214","fg0907","fg0106","fg0039","fg0811","fg0126","fg0747","fg0692","fg0515","fg0191","fg0974","fg0186","fg0474","fg0947","fg0350","fg0513","fg0297","fg0438"
"fq003407","vx_b53c13d2fa541aad","fg0843","1","fg0843","fg0106","fg0907","fg0214","fg0211","fg0039","fg0126","fg0974","fg0692","fg0591","fg0565","fg0942","fg0397","fg0067","fg0515","fg0811","fg0059","fg0740","fg0819","fg0647"
"fq003408","vx_b53c13d2fa541aad","fg0843","1","fg0843","fg0106","fg0211","fg0214","fg0367","fg0126","fg0907","fg0039","fg0942","fg0647","fg0692","fg0747","fg0297","fg0565","fg0191","fg0397","fg0186","fg0059","fg0740","fg0350"
"fq003409","vx_b53c13d2fa541aad","fg0843","1","fg0843","fg0106","fg0214","fg0211","fg0907","fg0039","fg0692","fg0126","fg0515","fg0974","fg0811","fg0712","fg0513","fg0015","fg0397","fg0307","fg0297","fg0740","fg0367","fg0067"
"fq003410","vx_b53c13d2fa541aad","fg0843","1","fg0843","fg0211","fg0811","fg0039","fg0438","fg0195","fg0082","fg0907","fg0474","fg0747","fg0106","fg0214","fg0350","fg0297","fg0573","fg0515","fg0126","fg0947","fg0513","fg0260"
"fq003411","vx_b53c13d2fa541aad","fg0843","1","fg0843","fg0211","fg0039","fg0106","fg0214","fg0811","fg0191","fg0907","fg0126","fg0367","fg0747","fg0474","fg0515","fg0297","fg0947","fg0513","fg0247","fg0350","fg0712","fg0594"
"fq003412","vx_b53c13d2fa541aad","fg0843","1","fg0843","fg0106","fg0907","fg0211","fg0214","fg0126","fg0039","fg0186","fg0565","fg0811","fg0544","fg0397","fg0740","fg0692","fg0515","fg0438","fg0185","fg0350","fg0942","fg0297"
"fq003413","vx_b53c13d2fa541aad","fg0843","1","fg0843","fg0211","fg0907","fg0214","fg0039","fg0126","fg0106","fg0367","fg0297","fg0747","fg0515","fg0811","fg0474","fg0809","fg0397","fg0712","fg0740","fg0942","fg0947","fg0513"
"fq003414","vx_b53c13d2fa541aad","fg0843","1","fg0843","fg0214","fg0126","fg0106","fg0039","fg0211","fg0907","fg0350","fg0811","fg0515","fg0367","fg0397","fg0712","fg0747","fg0740","fg0191","fg0185","fg0297","fg0474","fg0067"
"fq003415","vx_b53c13d2fa541aad","fg0843","1","fg0843","fg0106","fg0907","fg0211","fg0039","fg0214","fg0126","fg0692","fg0942","fg0067","fg0397","fg0367","fg0806","fg0186","fg0740","fg0647","fg0565","fg0811","fg0974","fg0059"
"fq003416","vx_b53c13d2fa541aad","fg0843","1","fg0843","fg0211","fg0106","fg0907","fg0214","fg0039","fg0126","fg0811","fg0692","fg0565","fg0186","fg0438","fg0350","fg0367","fg0067","fg0740","fg0191","fg0397","fg0947","fg0307"
"fq003417","vx_b53c13d2fa541aad","fg0843","1","fg0843","fg0106","fg0211","fg0214","fg0039","fg0907","fg0126","fg0515","fg0186","fg0811","fg0513","fg0692","fg0974","fg0191","fg0565","fg0740","fg0350","fg0307","fg0297","fg0712"
"fq003418","vx_b53c13d2fa541aad","fg0843","1","fg0843","fg0211","fg0214","fg0106","fg0126","fg0907","fg0747","fg0367","fg0039","fg0191","fg0474","fg0186","fg0712","fg0811","fg0499","fg0544","fg0515","fg0692","fg0942","fg0565"
"fq003419","vx_b53c13d2fa541aad","fg0843","1","fg0843","fg0106","fg0907","fg0214","fg0039","fg0211","fg0126","fg0515","fg0692","fg0974","fg0565","fg0811","fg0307","fg0397","fg0740","fg0513","fg0806","fg0544","fg0143","fg0819"
"fq003420","vx_b53c13d2fa541aad","fg0843","1","fg0843","fg0907","fg0106","fg0211","fg0039","fg0214","fg0811","fg0126","fg0740","fg0692","fg0819","fg0186","fg0515","fg0942","fg0855","fg0350","fg0067","fg0438","fg0397","fg0712"
"fq003421","vx_b53c13d2fa541aad","fg0843","1","fg0843","fg0106","fg0126","fg0211","fg0214","fg0039","fg0907","fg0367","fg0747","fg0297","fg0515","fg0565","fg0186","fg0740","fg0819","fg0811","fg0544","fg0191","fg0692","fg0974"
"fq003422","vx_b53c13d2fa541aad","fg0843","1","fg0843","fg0106","fg0211","fg0907","fg0126","fg0214","fg0039","fg0367","fg0942","fg0692","fg0350","fg0515","fg0747","fg0565","fg0297","fg0067","fg0657","fg0712","fg0191","fg0186"
"fq003423","vx_b53c13d2fa541aad","fg0843","1","fg0843","fg0106","fg0907","fg0214","fg0039","fg0211","fg0819","fg0186","fg0126","fg0692","fg0740","fg0185","fg0067","fg0806","fg0942","fg0397","fg0565","fg0367","fg0647","fg0712"
"fq003424","vx_b53c13d2fa541aad","fg0843","1","fg0843","fg0907","fg0106","fg0211","fg0214","fg0126","fg0039","fg0942","fg0367","fg0740","fg0819","fg0186","fg0806","fg0692","fg0067","fg0565","fg0185","fg0647","fg0279","fg0747"
"fq003425","vx_b53c13d2fa541aad","fg0843","1","fg0843","fg0106","fg0126","fg0214","fg0211","fg0907","fg0039","fg0692","fg0367","fg0544","fg0515","fg0397","fg0942","fg0712","fg0350","fg0307","fg0143","fg0811","fg0819","fg0186"
"fq003426","vx_b53c13d2fa541aad","fg0843","1","fg0843","fg0106","fg0214","fg0039","fg0211","fg0907","fg0692","fg0126","fg0397","fg0515","fg0974","fg0811","fg0067","fg0347","fg0942","fg0015","fg0712","fg0582","fg0565","fg0350"
"fq003427","vx_b53c13d2fa541aad","fg0843","1","fg0843","fg0106","fg0211","fg0907","fg0039","fg0214","fg0126","fg0811","fg0297","fg0191","fg0942","fg0186","fg0806","fg0819","fg0279","fg0692","fg0712","fg0515","fg0067","fg0386"
"fq003428","vx_b53c13d2fa541aad","fg0843","1","fg0843","fg0747","fg0211","fg0126","fg0214","fg0565","fg0039","fg0907","fg0297","fg0106","fg0195","fg0809","fg0515","fg0191","fg0298","fg0974","fg0692","fg0367","fg0740","fg0544"
"fq003429","vx_b53c13d2fa541aad","fg0843","1","fg0843","fg0106","fg0214","fg0126","fg0211","fg0039","fg0907","fg0515","fg0692","fg0347","fg0811","fg0582","fg0397","fg0350","fg0544","fg0191","fg0067","fg0565","fg0178","fg0279"
"fq003430","vx_b53c13d2fa541aad","fg0843","1","fg0843","fg0106","fg0211","fg0907","fg0214","fg0126","fg0039","fg0367","fg0565","fg0747","fg0397","fg0942","fg0350","fg0692","fg0186","fg0647","fg0067","fg0544","fg0191","fg0297"
"fq003431","vx_b53c13d2fa541aad","fg0843","1","fg0843","fg0214","fg0211","fg0106","fg0126","fg0367","fg0747","fg0039","fg0907","fg0515","fg0186","fg0191","fg0297","fg0811","fg0474","fg0350","fg0692","fg0544","fg0448","fg0809"
"fq003432","vx_b53c13d2fa541aad","fg0843","1","fg0843","fg0106","fg0907","fg0211","fg0039","fg0214","fg0692","fg0126","fg0513","fg0811","fg0067","fg0942","fg0191","fg0350","fg0712","fg0565","fg0515","fg0974","fg0173","fg0657"
"fq003433","vx_b53c13d2fa541aad","fg0843","1","fg0843","fg0211","fg0907","fg0106","fg0692","fg0214","fg0126","fg0039","fg0186","fg0811","fg0565","fg0067","fg0747","fg0974","fg0367","fg0740","fg0191","fg0513","fg0942","fg0350"
"fq003434","vx_b53c13d2fa541aad","fg0843","1","fg0843","fg0211","fg0106","fg0907","fg0942","fg0039","fg0126","fg0214","fg0059","fg0191","fg0565","fg0367","fg0647","fg0397","fg0067","fg0811","fg0692","fg0544","fg0974","fg0186"
"fq003435","vx_b53c13d2fa541aad","fg0843","1","fg0843","fg0106","fg0214","fg0907","fg0039","fg0211","fg0397","fg0015","fg0515","fg0916","fg0126","fg0067","fg0811","fg0279","fg0712","fg0819","fg0143","fg0582","fg0173","fg0692"
"fq003436","vx_b53c13d2fa541aad","fg0843","1","fg0843","fg0211","fg0106","fg0126","fg0214","fg0039","fg0907","fg0565","fg0397","fg0692","fg0350","fg0191","fg0544","fg0186","fg0367","fg0740","fg0811","fg0942","fg0747","fg0297"
"fq003437","vx_b53c13d2fa541aad","fg0843","1","fg0843","fg0106","fg0211","fg0214","fg0039","fg0907","fg0126","fg0811","fg0397","fg0942","fg0191","fg0350","fg0692","fg0565","fg0186","fg0067","fg0297","fg0974","fg0515","fg0544"
"fq003438","vx_b53c13d2fa541aad","fg0843","1","fg0843","fg0211","fg0106","fg0126","fg0214","fg0907","fg0367","fg0039","fg0191","fg0297","fg0942","fg0747","fg0515","fg0692","fg0712","fg0186","fg0544","fg0811","fg0474","fg0819"
"fq003439","vx_b53c13d2fa541aad","fg0843","1","fg0843","fg0106","fg0214","fg0907","fg0211","fg0039","fg0692","fg0126","fg0515","fg0307","fg0513","fg0712","fg0819","fg0397","fg0811","fg0740","fg0191","fg0565","fg0942","fg0186"
"fq003440","vx_b53c13d2fa541aad","fg0843","1","fg0843","fg0211","fg0106","fg0126","fg0907","fg0747","fg0367","fg0039","fg0811","fg0214","fg0474","fg0544","fg0515","fg0297","fg0191","fg0740","fg0298","fg0809","fg0942","fg0565"
"fq003441","vx_b53c13d2fa541aad","fg0843","1","fg0843","fg0214","fg0211","fg0907","fg0106","fg0039","fg0515","fg0692","fg0740","fg0974","fg0513","fg0126","fg0544","fg0747","fg0297","fg0657","fg0565","fg0186","fg0947","fg0247"
"fq003442","vx_b53c13d2fa541aad","fg0843","1","fg0843","fg0211","fg0907","fg0106","fg0126","fg0039","fg0811","fg0214","fg0747","fg0191","fg0974","fg0515","fg0712","fg0367","fg0350","fg0692","fg0499","fg0067","fg0809","fg0247"
"fq003443","vx_b53c13d2fa541aad","fg0843","1","fg0843","fg0106","fg0214","fg0211","fg0907","fg0039","fg0692","fg0126","fg0397","fg0067","fg0515","fg0811","fg0513","fg0544","fg0350","fg0824","fg0173","fg0307","fg0186","fg0565"
"fq003444","vx_b53c13d2fa541aad","fg0843","1","fg0843","fg0211","fg0907","fg0214","fg0106","fg0039","fg0126","fg0747","fg0367","fg0515","fg0811","fg0191","fg0297","fg0186","fg0819","fg0474","fg0712","fg0350","fg0544","fg0740"
"fq003445","vx_b53c13d2fa541aad","fg0843","1","fg0843","fg0214","fg0907","fg0106","fg0211","fg0126","fg0039","fg0515","fg0747","fg0195","fg0811","fg0692","fg0297","fg0186","fg0974","fg0630","fg0367","fg0712","fg0513","fg0544"
"fq003446","vx_b53c13d2fa541aad","fg0843","1","fg0843","fg0211","fg0106","fg0126","fg0907","fg0214","fg0039","fg0811","fg0515","fg0474","fg0747","fg0297","fg0367","fg0191","fg0942","fg0806","fg0544","fg0350","fg0740","fg0565"
"fq003447","vx_b53c13d2fa541aad","fg0843","1","fg0843","fg0214","fg0811","fg0106","fg0126","fg0211","fg0039","fg0515","fg0974","fg0474","fg0907","fg0947","fg0747","fg0195","fg0565","fg0297","fg0438","fg0692","fg0513","fg0350"
"fq003448","vx_b53c13d2fa541aad","fg0843","1","fg0843","fg0211","fg0907","fg0106","fg0214","fg0126","fg0039","fg0811","fg0747","fg0712","fg0692","fg0367","fg0942","fg0186","fg0513","fg0515","fg0397","fg0819","fg0297","fg0740"
"fq003449","vx_b53c13d2fa541aad","fg0843","1","fg0843","fg0211","fg0907","fg0126","fg0214","fg0106","fg0039","fg0811","fg0747","fg0515","fg0350","fg0712","fg0367","fg0297","fg0186","fg0438","fg0191","fg0513","fg0474","fg0544"
"fq003450","vx_b53c13d2fa541aad","fg0843","1","fg0843","fg0211","fg0106","fg0126","fg0214","fg0039","fg0907","fg0811","fg0297","fg0350","fg0515","fg0186","fg0191","fg0747","fg0397","fg0367","fg0712","fg0942","fg0307","fg0819"
"fq003451","vx_b53c13d2fa541aad","fg0843","1","fg0843","fg0211","fg0811","fg0907","fg0747","fg0474","fg0082","fg0039","fg0573","fg0630","fg0195","fg0438","fg0126","fg0297","fg0350","fg0588","fg0106","fg0260","fg0809","fg0947"
"fq003452","vx_b53c13d2fa541aad","fg0843","1","fg0843","fg0211","fg0106","fg0126","fg0039","fg0907","fg0214","fg0367","fg0747","fg0544","fg0811","fg0515","fg0186","fg0740","fg0397","fg0565","fg0297","fg0947","fg0942","fg0474"
"fq003453","vx_b53c13d2fa541aad","fg0843","1","fg0843","fg0211","fg0747","fg0474","fg0039","fg0214","fg0630","fg0297","fg0811","fg0191","fg0515","fg0126","fg0106","fg0367","fg0907","fg0350","fg0082","fg0588","fg0195","fg0260"
"fq003454","vx_b53c13d2fa541aad","fg0843","1","fg0843","fg0106","fg0211","fg0039","fg0214","fg0126","fg0907","fg0811","fg0350","fg0191","fg0367","fg0474","fg0397","fg0515","fg0297","fg0186","fg0279","fg0942","fg0565","fg0307"
"fq003455","vx_b53c13d2fa541aad","fg0843","1","fg0843","fg0106","fg0907","fg0211","fg0039","fg0214","fg0067","fg0126","fg0397","fg0811","fg0692","fg0942","fg0350","fg0438","fg0565","fg0806","fg0186","fg0307","fg0191","fg0740"
"fq003456","vx_b53c13d2fa541aad","fg0843","1","fg0843","fg0106","fg0211","fg0039","fg0214","fg0907","fg0126","fg0811","fg0350","fg0942","fg0067","fg0397","fg0515","fg0819","fg0279","fg0438","fg0307","fg0806","fg0025","fg0191"
"fq003457","vx_b53c13d2fa541aad","fg0843","1","fg0843","fg0106","fg0907","fg0211","fg0214","fg0039","fg0513","fg0811","fg0126","fg0515","fg0067","fg0712","fg0692","fg0942","fg0438","fg0015","fg0974","fg0186","fg0397","fg0025"
"fq003458","vx_b53c13d2fa541aad","fg0843","1","fg0843","fg0106","fg0907","fg0214","fg0211","fg0039","fg0126","fg0692","fg0942","fg0186","fg0811","fg0397","fg0974","fg0350","fg0740","fg0565","fg0515","fg0191","fg0307","fg0819"
"fq003459","vx_b53c13d2fa541aad","fg0843","1","fg0843","fg0211","fg0747","fg0907","fg0811","fg0039","fg0126","fg0106","fg0297","fg0350","fg0214","fg0474","fg0630","fg0191","fg0438","fg0809","fg0515","fg0195","fg0367","fg0186"
"fq003460","vx_b53c13d2fa541aad","fg0843","1","fg0843","fg0214","fg0747","fg0907","fg0211","fg0106","fg0039","fg0126","fg0811","fg0515","fg0712","fg0191","fg0186","fg0367","fg0297","fg0247","fg0195","fg0630","fg0855","fg0513"
"fq003461","vx_b53c13d2fa541aad","fg0843","1","fg0843","fg0211","fg0907","fg0106","fg0214","fg0039","fg0126","fg0811","fg0297","fg0747","fg0191","fg0515","fg0740","fg0397","fg0819","fg0942","fg0186","fg0367","fg0307","fg0438"
"fq003462","vx_b53c13d2fa541aad","fg0843","1","fg0843","fg0747","fg0211","fg0630","fg0214","fg0811","fg0515","fg0297","fg0907","fg0474","fg0039","fg0106","fg0126","fg0247","fg0191","fg0367","fg0809","fg0588","fg0855","fg0793"
"fq003463","vx_b53c13d2fa541aad","fg0843","1","fg0843","fg0106","fg0126","fg0211","fg0811","fg0039","fg0214","fg0907","fg0350","fg0515","fg0438","fg0297","fg0191","fg0025","fg0974","fg0186","fg0307","fg0474","fg0947","fg0692"
"fq003464","vx_b53c13d2fa541aad","fg0843","1","fg0843","fg0214","fg0747","fg0211","fg0474","fg0126","fg0367","fg0039","fg0297","fg0515","fg0191","fg0106","fg0811","fg0809","fg0630","fg0907","fg0841","fg0298","fg0544","fg0350"
"fq003465","vx_b53c13d2fa541aad","fg0843","1","fg0843","fg0106","fg0211","fg0214","fg0126","fg0039","fg0907","fg0367","fg0191","fg0474","fg0515","fg0582","fg0297","fg0942","fg0712","fg0811","fg0692","fg0740","fg0806","fg0186"
"fq003466","vx_b53c13d2fa541aad","fg0843","1","fg0843","fg0211","fg0106","fg0907","fg0214","fg0039","fg0747","fg0126","fg0367","fg0811","fg0186","fg0942","fg0565","fg0474","fg0544","fg0947","fg0297","fg0397","fg0712","fg0515"
"fq003467","vx_b53c13d2fa541aad","fg0843","1","fg0843","fg0106","fg0214","fg0039","fg0211","fg0907","fg0126","fg0942","fg0811","fg0397","fg0692","fg0279","fg0350","fg0186","fg0059","fg0594","fg0297","fg0515","fg0438","fg0544"
"fq003468","vx_b53c13d2fa541aad","fg0843","1","fg0843","fg0211","fg0747","fg0630","fg0297","fg0214","fg0474","fg0039","fg0515","fg0126","fg0811","fg0855","fg0367","fg0106","fg0907","fg0809","fg0082","fg0247","fg0191","fg0778"
"fq003469","vx_b53c13d2fa541aad","fg0843","1","fg0843","fg0211","fg0214","fg0106","fg0126","fg0039","fg0907","fg0747","fg0811","fg0297","fg0191","fg0350","fg0692","fg0367","fg0515","fg0186","fg0544","fg0565","fg0397","fg0260"
"fq003470","vx_b53c13d2fa541aad","fg0843","1","fg0843","fg0106","fg0214","fg0039","fg0126","fg0211","fg0811","fg0907","fg0350","fg0515","fg0307","fg0025","fg0297","fg0397","fg0367","fg0942","fg0143","fg0191","fg0438","fg0712"
"fq003471","vx_b53c13d2fa541aad","fg0843","1","fg0843","fg0211","fg0106","fg0214","fg0039","fg0126","fg0907","fg0367","fg0515","fg0297","fg0811","fg0474","fg0191","fg0747","fg0350","fg0544","fg0565","fg0740","fg0397","fg0947"
"fq003472","vx_b53c13d2fa541aad","fg0843","1","fg0843","fg0211","fg0126","fg0747","fg0214","fg0039","fg0106","fg0907","fg0474","fg0811","fg0367","fg0297","fg0515","fg0350","fg0191","fg0630","fg0841","fg0186","fg0947","fg0712"
"fq003473","vx_b53c13d2fa541aad","fg0843","1","fg0843","fg0211","fg0039","fg0214","fg0106","fg0515","fg0747","fg0811","fg0126","fg0191","fg0907","fg0297","fg0350","fg0474","fg0260","fg0630","fg0855","fg0947","fg0186","fg0247"
"fq003474","vx_b53c13d2fa541aad","fg0843","1","fg0843","fg0106","fg0907","fg0211","fg0039","fg0126","fg0214","fg0397","fg0819","fg0942","fg0811","fg0350","fg0647","fg0067","fg0186","fg0185","fg0297","fg0367","fg0740","fg0806"
"fq003475","vx_b53c13d2fa541aad","fg0843","1","fg0843","fg0211","fg0126","fg0214","fg0811","fg0039","fg0106","fg0474","fg0747","fg0297","fg0515","fg0809","fg0907","fg0367","fg0350","fg0630","fg0438","fg0082","fg0191","fg0947"
"fq003476","vx_b53c13d2fa541aad","fg0843","1","fg0843","fg0211","fg0106","fg0214","fg0126","fg0367","fg0907","fg0039","fg0942","fg0186","fg0191","fg0747","fg0297","fg0474","fg0740","fg0544","fg0811","fg0712","fg0647","fg0059"
"fq003477","vx_b53c13d2fa541aad","fg0843","1","fg0843","fg0126","fg0211","fg0106","fg0214","fg0039","fg0367","fg0297","fg0747","fg0907","fg0515","fg0474","fg0191","fg0942","fg0544","fg0974","fg0298","fg0350","fg0692","fg0811"
"fq003478","vx_b53c13d2fa541aad","fg0843","1","fg0843","fg0106","fg0211","fg0039","fg0214","fg0907","fg0126","fg0692","fg0397","fg0942","fg0565","fg0067","fg0544","fg0059","fg0811","fg0819","fg0307","fg0186","fg0350","fg0740"
"fq003479","vx_b53c13d2fa541aad","fg0843","1","fg0843","fg0106","fg0907","fg0211","fg0214","fg0039","fg0126","fg0692","fg0186","fg0942","fg0565","fg0515","fg0350","fg0974","fg0067","fg0811","fg0191","fg0367","fg0397","fg0740"
"fq003480","vx_b53c13d2fa541aad","fg0843","1","fg0843","fg0211","fg0747","fg0907","fg0039","fg0126","fg0297","fg0214","fg0811","fg0630","fg0474","fg0106","fg0350","fg0186","fg0191","fg0809","fg0082","fg0515","fg0195","fg0260"
"fq003481","vx_b53c13d2fa541aad","fg0843","1","fg0843","fg0211","fg0039","fg0907","fg0106","fg0811","fg0515","fg0350","fg0438","fg0126","fg0214","fg0397","fg0942","fg0297","fg0191","fg0747","fg0513","fg0474","fg0367","fg0067"
"fq003482","vx_b53c13d2fa541aad","fg0843","1","fg0843","fg0747","fg0211","fg0126","fg0039","fg0367","fg0214","fg0106","fg0474","fg0515","fg0191","fg0297","fg0907","fg0811","fg0809","fg0350","fg0793","fg0841","fg0186","fg0973"
"fq003483","vx_b53c13d2fa541aad","fg0843","1","fg0843","fg0211","fg0106","fg0126","fg0214","fg0907","fg0039","fg0367","fg0942","fg0544","fg0565","fg0811","fg0747","fg0297","fg0186","fg0191","fg0397","fg0740","fg0947","fg0819"
"fq003484","vx_b53c13d2fa541aad","fg0843","1","fg0843","fg0106","fg0907","fg0214","fg0211","fg0039","fg0126","fg0740","fg0811","fg0397","fg0515","fg0806","fg0307","fg0819","fg0297","fg0647","fg0143","fg0942","fg0565","fg0692"
"fq003485","vx_b53c13d2fa541aad","fg0843","1","fg0843","fg0106","fg0907","fg0211","fg0214","fg0039","fg0126","fg0367","fg0692","fg0186","fg0565","fg0942","fg0191","fg0740","fg0515","fg0712","fg0974","fg0747","fg0397","fg0806"
"fq003486","vx_b53c13d2fa541aad","fg0843","1","fg0843","fg0106","fg0214","fg0211","fg0039","fg0907","fg0126","fg0692","fg0397","fg0191","fg0544","fg0942","fg0712","fg0307","fg0186","fg0515","fg0811","fg0067","fg0297","fg0350"
"fq003487","vx_b53c13d2fa541aad","fg0843","1","fg0843","fg0214","fg0211","fg0039","fg0907","fg0106","fg0515","fg0811","fg0126","fg0350","fg0747","fg0474","fg0438","fg0544","fg0499","fg0594","fg0173","fg0947","fg0195","fg0397"
"fq003488","vx_b53c13d2fa541aad","fg0843","1","fg0843","fg0907","fg0211","fg0126","fg0106","fg0214","fg0039","fg0367","fg0819","fg0747","fg0067","fg0186","fg0515","fg0397","fg0811","fg0712","fg0185","fg0740","fg0916","fg0297"
"fq003489","vx_b53c13d2fa541aad","fg0843","1","fg0843","fg0211","fg0106","fg0039","fg0907","fg0214","fg0811","fg0747","fg0515","fg0126","fg0474","fg0195","fg0350","fg0974","fg0692","fg0947","fg0297","fg0438","fg0397","fg0191"
"fq003490","vx_b53c13d2fa541aad","fg0843","1","fg0843","fg0106","fg0211","fg0214","fg0039","fg0907","fg0126","fg0186","fg0811","fg0515","fg0942","fg0692","fg0191","fg0067","fg0397","fg0350","fg0438","fg0974","fg0307","fg0740"
"fq003491","vx_b53c13d2fa541aad","fg0843","1","fg0843","fg0106","fg0211","fg0907","fg0039","fg0214","fg0126","fg0067","fg0515","fg0811","fg0942","fg0279","fg0186","fg0143","fg0806","fg0916","fg0819","fg0397","fg0350","fg0367"
"fq003492","vx_b53c13d2fa541aad","fg0843","1","fg0843","fg0214","fg0211","fg0126","fg0039","fg0297","fg0106","fg0747","fg0515","fg0191","fg0474","fg0907","fg0544","fg0367","fg0350","fg0811","fg0809","fg0195","fg0630","fg0186"
"fq003493","vx_b53c13d2fa541aad","fg0843","1","fg0843","fg0106","fg0214","fg0039","fg0211","fg0907","fg0126","fg0186","fg0692","fg0513","fg0942","fg0974","fg0438","fg0515","fg0518","fg0811","fg0350","fg0947","fg0297","fg0397"
"fq003494","vx_b53c13d2fa541aad","fg0843","1","fg0843","fg0211","fg0126","fg0747","fg0214","fg0907","fg0474","fg0297","fg0515","fg0367","fg0039","fg0106","fg0630","fg0809","fg0811","fg0855","fg0191","fg0186","fg0247","fg0657"
"fq003495","vx_b53c13d2fa541aad","fg0843","1","fg0843","fg0106","fg0211","fg0214","fg0907","fg0126","fg0039","fg0942","fg0397","fg0367","fg0647","fg0059","fg0191","fg0565","fg0297","fg0067","fg0350","fg0692","fg0186","fg0544"
"fq003496","vx_b53c13d2fa541aad","fg0843","1","fg0843","fg0106","fg0211","fg0039","fg0907","fg0214","fg0350","fg0067","fg0397","fg0811","fg0942","fg0126","fg0513","fg0692","fg0438","fg0186","fg0515","fg0059","fg0191","fg0974"
"fq003497","vx_b53c13d2fa541aad","fg0843","1","fg0843","fg0126","fg0214","fg0211","fg0106","fg0039","fg0907","fg0367","fg0297","fg0515","fg0811","fg0186","fg0191","fg0350","fg0809","fg0740","fg0143","fg0474","fg0747","fg0819"
"fq003498","vx_b53c13d2fa541aad","fg0843","1","fg0843","fg0106","fg0214","fg0211","fg0039","fg0126","fg0907","fg0367","fg0692","fg0515","fg0186","fg0811","fg0942","fg0297","fg0397","fg0307","fg0712","fg0191","fg0740","fg0806"
"fq003499","vx_b53c13d2fa541aad","fg0843","1","fg0843","fg0211","fg0126","fg0106","fg0907","fg0039","fg0214","fg0367","fg0747","fg0191","fg0350","fg0811","fg0515","fg0692","fg0186","fg0513","fg0297","fg0565","fg0474","fg0942"
"fq003500","vx_b53c13d2fa541aad","fg0843","1","fg0843","fg0214","fg0106","fg0907","fg0211","fg0039","fg0692","fg0126","fg0397","fg0186","fg0367","fg0740","fg0307","fg0824","fg0565","fg0974","fg0513","fg0185","fg0515","fg0067"
"fq003501","vx_b53c13d2fa541aad","fg0843","1","fg0843","fg0211","fg0214","fg0106","fg0039","fg0907","fg0515","fg0474","fg0297","fg0126","fg0811","fg0747","fg0544","fg0657","fg0367","fg0191","fg0947","fg0692","fg0594","fg0974"
"fq003502","vx_b53c13d2fa541aad","fg0843","1","fg0843","fg0214","fg0211","fg0907","fg0106","fg0039","fg0126","fg0692","fg0186","fg0297","fg0515","fg0740","fg0747","fg0397","fg0565","fg0195","fg0824","fg0513","fg0350","fg0974"
"fq003503","vx_b53c13d2fa541aad","fg0843","1","fg0843","fg0106","fg0211","fg0214","fg0907","fg0039","fg0126","fg0692","fg0186","fg0367","fg0565","fg0191","fg0947","fg0740","fg0515","fg0297","fg0397","fg0974","fg0747","fg0942"
"fq003504","vx_b53c13d2fa541aad","fg0843","1","fg0843","fg0214","fg0126","fg0039","fg0712","fg0106","fg0747","fg0907","fg0811","fg0515","fg0297","fg0211","fg0367","fg0947","fg0474","fg0186","fg0307","fg0544","fg0185","fg0298"
"fq003505","vx_b53c13d2fa541aad","fg0843","1","fg0843","fg0214","fg0211","fg0106","fg0126","fg0907","fg0039","fg0191","fg0143","fg0367","fg0819","fg0740","fg0307","fg0811","fg0297","fg0916","fg0974","fg0515","fg0279","fg0544"
"fq003506","vx_b53c13d2fa541aad","fg0843","1","fg0843","fg0211","fg0907","fg0106","fg0039","fg0214","fg0565","fg0397","fg0942","fg0126","fg0740","fg0067","fg0186","fg0591","fg0811","fg0692","fg0191","fg0647","fg0947","fg0974"
"fq003507","vx_b53c13d2fa541aad","fg0843","1","fg0843","fg0211","fg0214","fg0106","fg0039","fg0126","fg0474","fg0297","fg0367","fg0811","fg0907","fg0544","fg0747","fg0515","fg0260","fg0397","fg0186","fg0740","fg0565","fg0855"
"fq003508","vx_b53c13d2fa541aad","fg0843","1","fg0843","fg0106","fg0907","fg0214","fg0211","fg0039","fg0126","fg0692","fg0942","fg0279","fg0811","fg0186","fg0740","fg0806","fg0191","fg0565","fg0657","fg0515","fg0307","fg0712"
"fq003509","vx_b53c13d2fa541aad","fg0843","1","fg0843","fg0039","fg0907","fg0214","fg0211","fg0106","fg0811","fg0819","fg0397","fg0712","fg0126","fg0657","fg0297","fg0438","fg0855","fg0350","fg0015","fg0515","fg0307","fg0474"
"fq003510","vx_b53c13d2fa541aad","fg0843","1","fg0843","fg0907","fg0106","fg0211","fg0214","fg0126","fg0039","fg0692","fg0747","fg0740","fg0565","fg0186","fg0544","fg0811","fg0819","fg0942","fg0397","fg0367","fg0806","fg0947"
"fq003511","vx_b53c13d2fa541aad","fg0843","1","fg0843","fg0747","fg0211","fg0907","fg0214","fg0126","fg0106","fg0039","fg0811","fg0692","fg0515","fg0195","fg0297","fg0474","fg0186","fg0974","fg0499","fg0855","fg0350","fg0260"
"fq003512","vx_b53c13d2fa541aad","fg0843","1","fg0843","fg0211","fg0214","fg0907","fg0106","fg0747","fg0126","fg0039","fg0515","fg0297","fg0191","fg0195","fg0692","fg0367","fg0499","fg0474","fg0186","fg0350","fg0974","fg0630"
"fq003513","vx_b53c13d2fa541aad","fg0843","1","fg0843","fg0106","fg0214","fg0211","fg0126","fg0039","fg0811","fg0907","fg0397","fg0515","fg0350","fg0740","fg0367","fg0565","fg0544","fg0297","fg0191","fg0819","fg0474","fg0647"
"fq003514","vx_b53c13d2fa541aad","fg0843","1","fg0843","fg0106","fg0211","fg0214","fg0907","fg0039","fg0126","fg0191","fg0942","fg0692","fg0515","fg0565","fg0367","fg0974","fg0582","fg0186","fg0350","fg0513","fg0647","fg0059"
"fq003515","vx_b53c13d2fa541aad","fg0843","1","fg0843","fg0106","fg0211","fg0907","fg0214","fg0039","fg0692","fg0126","fg0565","fg0806","fg0942","fg0397","fg0186","fg0811","fg0740","fg0067","fg0367","fg0191","fg0591","fg0819"
"fq003516","vx_b53c13d2fa541aad","fg0843","1","fg0843","fg0211","fg0106","fg0126","fg0747","fg0367","fg0214","fg0907","fg0039","fg0297","fg0811","fg0474","fg0191","fg0515","fg0544","fg0186","fg0942","fg0819","fg0855","fg0247"
"fq003517","vx_b53c13d2fa541aad","fg0843","1","fg0843","fg0747","fg0211","fg0126","fg0039","fg0474","fg0214","fg0515","fg0297","fg0811","fg0106","fg0907","fg0630","fg0809","fg0367","fg0195","fg0855","fg0740","fg0947","fg0350"
"fq003518","vx_b53c13d2fa541aad","fg0843","1","fg0843","fg0211","fg0106","fg0907","fg0126","fg0214","fg0039","fg0350","fg0811","fg0297","fg0067","fg0397","fg0186","fg0515","fg0438","fg0740","fg0544","fg0692","fg0185","fg0367"
"fq003519","vx_b53c13d2fa541aad","fg0843","1","fg0843","fg0106","fg0211","fg0039","fg0214","fg0126","fg0907","fg0692","fg0515","fg0350","fg0811","fg0397","fg0191","fg0974","fg0067","fg0942","fg0186","fg0297","fg0591","fg0307"
"fq003520","vx_b53c13d2fa541aad","fg0843","1","fg0843","fg0106","fg0211","fg0126","fg0039","fg0214","fg0907","fg0692","fg0565","fg0367","fg0397","fg0350","fg0811","fg0647","fg0806","fg0942","fg0515","fg0591","fg0186","fg0191"
"fq003521","vx_b53c13d2fa541aad","fg0843","1","fg0843","fg0106","fg0214","fg0907","fg0211","fg0039","fg0692","fg0126","fg0515","fg0811","fg0712","fg0513","fg0397","fg0173","fg0307","fg0438","fg0974","fg0067","fg0350","fg0565"
"fq003522","vx_b53c13d2fa541aad","fg0843","1","fg0843","fg0106","fg0907","fg0211","fg0039","fg0214","fg0397","fg0126","fg0692","fg0067","fg0186","fg0811","fg0565","fg0942","fg0819","fg0350","fg0647","fg0185","fg0806","fg0740"
"fq003523","vx_b53c13d2fa541aad","fg0843","1","fg0843","fg0106","fg0907","fg0211","fg0214","fg0039","fg0126","fg0186","fg0350","fg0513","fg0692","fg0067","fg0942","fg0367","fg0811","fg0515","fg0740","fg0397","fg0438","fg0806"
"fq003524","vx_b53c13d2fa541aad","fg0843","1","fg0843","fg0106","fg0214","fg0211","fg0907","fg0039","fg0126","fg0367","fg0942","fg0692","fg0397","fg0811","fg0186","fg0647","fg0806","fg0740","fg0819","fg0515","fg0350","fg0067"
"fq003525","vx_b53c13d2fa541aad","fg0843","1","fg0843","fg0211","fg0106","fg0907","fg0811","fg0039","fg0126","fg0214","fg0747","fg0438","fg0350","fg0474","fg0397","fg0186","fg0367","fg0941","fg0191","fg0297","fg0947","fg0855"
"fq003526","vx_b53c13d2fa541aad","fg0843","1","fg0843","fg0106","fg0214","fg0907","fg0039","fg0211","fg0126","fg0692","fg0186","fg0397","fg0067","fg0591","fg0974","fg0811","fg0819","fg0565","fg0942","fg0307","fg0740","fg0806"
"fq003527","vx_b53c13d2fa541aad","fg0843","1","fg0843","fg0106","fg0214","fg0039","fg0211","fg0907","fg0126","fg0067","fg0692","fg0515","fg0811","fg0307","fg0916","fg0712","fg0350","fg0397","fg0025","fg0191","fg0513","fg0186"
"fq003528","vx_b53c13d2fa541aad","fg0843","1","fg0843","fg0106","fg0214","fg0907","fg0039","fg0211","fg0126","fg0692","fg0397","fg0307","fg0515","fg0712","fg0811","fg0186","fg0819","fg0191","fg0806","fg0067","fg0916","fg0974"
"fq003529","vx_b53c13d2fa541aad","fg0843","1","fg0843","fg0211","fg0126","fg0907","fg0106","fg0214","fg0191","fg0747","fg0367","fg0297","fg0039","fg0811","fg0974","fg0809","fg0186","fg0740","fg0474","fg0515","fg0712","fg0298"
"fq003530","vx_b53c13d2fa541aad","fg0843","1","fg0843","fg0106","fg0211","fg0039","fg0907","fg0214","fg0397","fg0067","fg0692","fg0350","fg0307","fg0126","fg0811","fg0347","fg0942","fg0515","fg0438","fg0806","fg0025","fg0191"
"fq003531","vx_b53c13d2fa541aad","fg0843","1","fg0843","fg0106","fg0211","fg0907","fg0214","fg0039","fg0126","fg0397","fg0186","fg0942","fg0819","fg0565","fg0647","fg0692","fg0591","fg0740","fg0806","fg0811","fg0067","fg0297"
"fq003532","vx_b53c13d2fa541aad","fg0843","1","fg0843","fg0907","fg0106","fg0211","fg0214","fg0039","fg0126","fg0186","fg0067","fg0819","fg0397","fg0811","fg0740","fg0692","fg0824","fg0185","fg0565","fg0367","fg0806","fg0712"
"fq003533","vx_b53c13d2fa541aad","fg0843","1","fg0843","fg0106","fg0211","fg0214","fg0039","fg0126","fg0907","fg0811","fg0544","fg0279","fg0515","fg0942","fg0947","fg0297","fg0367","fg0565","fg0692","fg0059","fg0966","fg0474"
"fq003534","vx_b53c13d2fa541aad","fg0843","1","fg0843","fg0211","fg0106","fg0126","fg0039","fg0214","fg0297","fg0907","fg0367","fg0811","fg0819","fg0740","fg0747","fg0397","fg0515","fg0544","fg0474","fg0565","fg0307","fg0191"
"fq003535","vx_b53c13d2fa541aad","fg0843","1","fg0843","fg0214","fg0747","fg0039","fg0211","fg0907","fg0515","fg0811","fg0297","fg0106","fg0474","fg0630","fg0126","fg0367","fg0947","fg0260","fg0186","fg0974","fg0855","fg0247"
"fq003536","vx_b53c13d2fa541aad","fg0843","1","fg0843","fg0106","fg0211","fg0214","fg0126","fg0907","fg0039","fg0692","fg0565","fg0367","fg0186","fg0515","fg0191","fg0811","fg0740","fg0974","fg0942","fg0279","fg0350","fg0544"
"fq003537","vx_b53c13d2fa541aad","fg0843","1","fg0843","fg0214","fg0211","fg0106","fg0039","fg0126","fg0907","fg0367","fg0740","fg0515","fg0297","fg0186","fg0974","fg0397","fg0747","fg0565","fg0692","fg0191","fg0942","fg0474"
"fq003538","vx_b53c13d2fa541aad","fg0843","1","fg0843","fg0211","fg0907","fg0747","fg0126","fg0039","fg0106","fg0367","fg0214","fg0297","fg0811","fg0474","fg0499","fg0630","fg0186","fg0195","fg0298","fg0565","fg0515","fg0740"
"fq003539","vx_b53c13d2fa541aad","fg0843","1","fg0843","fg0106","fg0211","fg0039","fg0907","fg0214","fg0692","fg0126","fg0515","fg0347","fg0974","fg0067","fg0942","fg0397","fg0565","fg0279","fg0811","fg0513","fg0307","fg0059"
"fq003540","vx_b53c13d2fa541aad","fg0843","1","fg0843","fg0907","fg0106","fg0211","fg0214","fg0039","fg0126","fg0692","fg0367","fg0811","fg0942","fg0186","fg0515","fg0974","fg0740","fg0067","fg0747","fg0712","fg0947","fg0565"
"fq003541","vx_b53c13d2fa541aad","fg0843","1","fg0843","fg0106","fg0214","fg0907","fg0211","fg0039","fg0126","fg0515","fg0740","fg0397","fg0367","fg0297","fg0067","fg0186","fg0811","fg0942","fg0819","fg0692","fg0307","fg0544"
"fq003542","vx_b53c13d2fa541aad","fg0843","1","fg0843","fg0907","fg0106","fg0126","fg0214","fg0211","fg0039","fg0692","fg0515","fg0740","fg0811","fg0186","fg0367","fg0513","fg0819","fg0747","fg0806","fg0185","fg0712","fg0974"
"fq003543","vx_b53c13d2fa541aad","fg0843","1","fg0843","fg0106","fg0907","fg0211","fg0039","fg0214","fg0692","fg0126","fg0565","fg0974","fg0942","fg0513","fg0806","fg0067","fg0397","fg0740","fg0819","fg0515","fg0307","fg0059"
"fq003544","vx_b53c13d2fa541aad","fg0843","1","fg0843","fg0106","fg0211","fg0214","fg0126","fg0039","fg0907","fg0367","fg0297","fg0747","fg0692","fg0515","fg0942","fg0474","fg0647","fg0186","fg0191","fg0811","fg0397","fg0350"
"fq003545","vx_b53c13d2fa541aad","fg0843","1","fg0843","fg0214","fg0211","fg0106","fg0039","fg0907","fg0126","fg0191","fg0565","fg0297","fg0811","fg0307","fg0397","fg0712","fg0513","fg0819","fg0740","fg0350","fg0544","fg0515"
"fq003546","vx_b53c13d2fa541aad","fg0843","1","fg0843","fg0106","fg0211","fg0907","fg0214","fg0039","fg0126","fg0692","fg0397","fg0067","fg0186","fg0205","fg0367","fg0515","fg0565","fg0191","fg0544","fg0297","fg0942","fg0974"
"fq003547","vx_b53c13d2fa541aad","fg0843","1","fg0843","fg0211","fg0039","fg0126","fg0106","fg0214","fg0907","fg0811","fg0297","fg0515","fg0186","fg0474","fg0195","fg0740","fg0947","fg0350","fg0082","fg0438","fg0747","fg0573"
"fq003548","vx_b53c13d2fa541aad","fg0843","1","fg0843","fg0106","fg0211","fg0039","fg0907","fg0214","fg0126","fg0692","fg0565","fg0515","fg0397","fg0067","fg0307","fg0811","fg0740","fg0942","fg0513","fg0350","fg0806","fg0186"
"fq003549","vx_b53c13d2fa541aad","fg0843","1","fg0843","fg0747","fg0211","fg0367","fg0126","fg0214","fg0907","fg0474","fg0106","fg0811","fg0515","fg0039","fg0630","fg0297","fg0809","fg0247","fg0186","fg0191","fg0544","fg0535"
"fq003550","vx_b53c13d2fa541aad","fg0843","1","fg0843","fg0211","fg0214","fg0747","fg0907","fg0630","fg0039","fg0297","fg0106","fg0126","fg0515","fg0186","fg0974","fg0811","fg0692","fg0499","fg0855","fg0513","fg0247","fg0191"
"fq003551","vx_b53c13d2fa541aad","fg0843","1","fg0843","fg0211","fg0474","fg0747","fg0297","fg0630","fg0367","fg0126","fg0811","fg0039","fg0907","fg0515","fg0588","fg0191","fg0809","fg0973","fg0106","fg0247","fg0657","fg0835"
"fq003552","vx_b53c13d2fa541aad","fg0843","1","fg0843","fg0106","fg0907","fg0214","fg0039","fg0211","fg0942","fg0186","fg0692","fg0067","fg0126","fg0367","fg0513","fg0515","fg0740","fg0712","fg0059","fg0819","fg0806","fg0191"
"fq003553","vx_b53c13d2fa541aad","fg0843","1","fg0843","fg0126","fg0211","fg0214","fg0747","fg0367","fg0907","fg0039","fg0106","fg0474","fg0515","fg0297","fg0191","fg0811","fg0712","fg0544","fg0819","fg0740","fg0397","fg0185"
"fq003554","vx_b53c13d2fa541aad","fg0843","1","fg0843","fg0106","fg0211","fg0907","fg0214","fg0039","fg0692","fg0126","fg0942","fg0565","fg0397","fg0067","fg0515","fg0974","fg0350","fg0059","fg0367","fg0647","fg0740","fg0591"
"fq003555","vx_b53c13d2fa541aad","fg0843","1","fg0843","fg0211","fg0106","fg0907","fg0039","fg0942","fg0126","fg0214","fg0692","fg0397","fg0811","fg0059","fg0067","fg0565","fg0513","fg0367","fg0186","fg0740","fg0438","fg0350"
"fq003556","vx_b53c13d2fa541aad","fg0843","1","fg0843","fg0907","fg0106","fg0211","fg0214","fg0039","fg0747","fg0126","fg0692","fg0811","fg0186","fg0740","fg0297","fg0974","fg0855","fg0565","fg0367","fg0947","fg0260","fg0806"
"fq003557","vx_b53c13d2fa541aad","fg0843","1","fg0843","fg0211","fg0039","fg0214","fg0907","fg0126","fg0106","fg0350","fg0811","fg0191","fg0397","fg0747","fg0186","fg0297","fg0438","fg0515","fg0947","fg0692","fg0367","fg0513"
"fq003558","vx_b53c13d2fa541aad","fg0843","1","fg0843","fg0811","fg0907","fg0211","fg0214","fg0106","fg0747","fg0630","fg0039","fg0474","fg0126","fg0657","fg0260","fg0098","fg0186","fg0411","fg0515","fg0974","fg0809","fg0947"
"fq003559","vx_b53c13d2fa541aad","fg0843","1","fg0843","fg0106","fg0907","fg0211","fg0039","fg0126","fg0214","fg0811","fg0067","fg0397","fg0740","fg0350","fg0515","fg0819","fg0186","fg0367","fg0297","fg0025","fg0438","fg0942"
"fq003560","vx_b53c13d2fa541aad","fg0843","1","fg0843","fg0907","fg0211","fg0106","fg0214","fg0126","fg0039","fg0811","fg0350","fg0747","fg0515","fg0474","fg0367","fg0438","fg0712","fg0186","fg0513","fg0297","fg0692","fg0191"
"fq003561","vx_b53c13d2fa541aad","fg0843","1","fg0843","fg0211","fg0106","fg0039","fg0214","fg0126","fg0907","fg0811","fg0947","fg0397","fg0544","fg0747","fg0297","fg0367","fg0474","fg0298","fg0515","fg0565","fg0740","fg0350"
"fq003562","vx_b53c13d2fa541aad","fg0843","1","fg0843","fg0907","fg0214","fg0211","fg0106","fg0747","fg0692","fg0039","fg0186","fg0126","fg0195","fg0947","fg0515","fg0974","fg0811","fg0565","fg0942","fg0740","fg0260","fg0513"
"fq003563","vx_b53c13d2fa541aad","fg0843","1","fg0843","fg0211","fg0214","fg0126","fg0106","fg0907","fg0039","fg0692","fg0191","fg0565","fg0186","fg0740","fg0367","fg0974","fg0515","fg0747","fg0297","fg0544","fg0513","fg0806"
"fq003564","vx_b53c13d2fa541aad","fg0843","1","fg0843","fg0106","fg0907","fg0214","fg0039","fg0211","fg0126","fg0811","fg0515","fg0397","fg0297","fg0942","fg0474","fg0186","fg0367","fg0350","fg0692","fg0438","fg0712","fg0819"
"fq003565","vx_b53c13d2fa541aad","fg0843","1","fg0843","fg0214","fg0039","fg0211","fg0907","fg0106","fg0126","fg0515","fg0811","fg0747","fg0297","fg0474","fg0367","fg0186","fg0397","fg0740","fg0947","fg0513","fg0974","fg0307"
"fq003566","vx_b53c13d2fa541aad","fg0843","1","fg0843","fg0907","fg0214","fg0211","fg0039","fg0740","fg0106","fg0811","fg0297","fg0195","fg0747","fg0082","fg0126","fg0974","fg0515","fg0397","fg0186","fg0947","fg0260","fg0565"
"fq003567","vx_b53c13d2fa541aad","fg0843","1","fg0843","fg0211","fg0214","fg0907","fg0039","fg0106","fg0126","fg0740","fg0565","fg0297","fg0186","fg0515","fg0747","fg0974","fg0811","fg0191","fg0367","fg0307","fg0692","fg0591"
"fq003568","vx_b53c13d2fa541aad","fg0843","1","fg0843","fg0106","fg0907","fg0214","fg0039","fg0211","fg0126","fg0819","fg0143","fg0397","fg0942","fg0067","fg0279","fg0916","fg0647","fg0806","fg0740","fg0186","fg0692","fg0015"
"fq003569","vx_b53c13d2fa541aad","fg0843","1","fg0843","fg0211","fg0126","fg0214","fg0039","fg0106","fg0350","fg0811","fg0747","fg0907","fg0515","fg0297","fg0474","fg0367","fg0191","fg0397","fg0438","fg0186","fg0544","fg0841"
"fq003570","vx_b53c13d2fa541aad","fg0843","1","fg0843","fg0106","fg0214","fg0907","fg0039","fg0211","fg0126","fg0916","fg0397","fg0067","fg0515","fg0692","fg0143","fg0712","fg0279","fg0307","fg0819","fg0811","fg0015","fg0942"
"fq003571","vx_b53c13d2fa541aad","fg0843","1","fg0843","fg0211","fg0126","fg0747","fg0214","fg0907","fg0106","fg0039","fg0515","fg0811","fg0297","fg0367","fg0191","fg0474","fg0350","fg0186","fg0809","fg0712","fg0544","fg0499"
"fq003572","vx_b53c13d2fa541aad","fg0843","1","fg0843","fg0106","fg0211","fg0907","fg0039","fg0214","fg0126","fg0811","fg0712","fg0692","fg0397","fg0819","fg0942","fg0367","fg0515","fg0186","fg0307","fg0191","fg0350","fg0067"
"fq003573","vx_b53c13d2fa541aad","fg0843","1","fg0843","fg0106","fg0211","fg0039","fg0214","fg0126","fg0907","fg0811","fg0515","fg0397","fg0350","fg0191","fg0307","fg0974","fg0367","fg0692","fg0186","fg0942","fg0297","fg0819"
"fq003574","vx_b53c13d2fa541aad","fg0843","1","fg0843","fg0211","fg0747","fg0191","fg0367","fg0474","fg0630","fg0907","fg0126","fg0809","fg0297","fg0974","fg0499","fg0214","fg0811","fg0398","fg0515","fg0247","fg0657","fg0527"
"fq003575","vx_b53c13d2fa541aad","fg0843","1","fg0843","fg0106","fg0214","fg0211","fg0126","fg0692","fg0039","fg0907","fg0367","fg0544","fg0565","fg0942","fg0397","fg0591","fg0186","fg0297","fg0947","fg0143","fg0806","fg0279"
"fq003576","vx_b53c13d2fa541aad","fg0843","1","fg0843","fg0106","fg0211","fg0039","fg0214","fg0126","fg0692","fg0350","fg0907","fg0297","fg0515","fg0811","fg0307","fg0544","fg0565","fg0186","fg0591","fg0947","fg0942","fg0740"
"fq003577","vx_b53c13d2fa541aad","fg0843","1","fg0843","fg0106","fg0214","fg0039","fg0907","fg0126","fg0211","fg0067","fg0692","fg0279","fg0143","fg0942","fg0307","fg0811","fg0397","fg0806","fg0515","fg0819","fg0186","fg0916"
"fq003578","vx_b53c13d2fa541aad","fg0843","1","fg0843","fg0211","fg0747","fg0474","fg0126","fg0039","fg0297","fg0515","fg0811","fg0214","fg0907","fg0106","fg0630","fg0367","fg0947","fg0260","fg0544","fg0191","fg0298","fg0565"
"fq003579","vx_b53c13d2fa541aad","fg0843","1","fg0843","fg0106","fg0907","fg0211","fg0214","fg0039","fg0126","fg0692","fg0811","fg0712","fg0367","fg0186","fg0515","fg0942","fg0747","fg0657","fg0191","fg0740","fg0297","fg0819"
"fq003580","vx_b53c13d2fa541aad","fg0843","1","fg0843","fg0106","fg0214","fg0211","fg0907","fg0039","fg0692","fg0126","fg0565","fg0974","fg0740","fg0186","fg0806","fg0307","fg0367","fg0397","fg0942","fg0591","fg0819","fg0544"
"fq003581","vx_b53c13d2fa541aad","fg0843","1","fg0843","fg0211","fg0106","fg0039","fg0214","fg0126","fg0907","fg0397","fg0811","fg0350","fg0297","fg0712","fg0942","fg0367","fg0191","fg0438","fg0819","fg0067","fg0692","fg0515"
"fq003582","vx_b53c13d2fa541aad","fg0843","1","fg0843","fg0106","fg0907","fg0214","fg0039","fg0211","fg0740","fg0974","fg0942","fg0186","fg0126","fg0647","fg0565","fg0692","fg0515","fg0367","fg0513","fg0067","fg0806","fg0059"
"fq003583","vx_b53c13d2fa541aad","fg0843","1","fg0843","fg0747","fg0211","fg0907","fg0214","fg0126","fg0367","fg0039","fg0297","fg0474","fg0106","fg0515","fg0809","fg0630","fg0811","fg0186","fg0191","fg0740","fg0499","fg0247"
"fq003584","vx_b53c13d2fa541aad","fg0843","1","fg0843","fg0747","fg0211","fg0214","fg0630","fg0474","fg0907","fg0039","fg0515","fg0367","fg0247","fg0191","fg0811","fg0297","fg0106","fg0126","fg0809","fg0195","fg0499","fg0350"
"fq003585","vx_b53c13d2fa541aad","fg0843","1","fg0843","fg0747","fg0214","fg0039","fg0211","fg0907","fg0106","fg0515","fg0809","fg0126","fg0297","fg0247","fg0630","fg0811","fg0195","fg0191","fg0474","fg0367","fg0499","fg0692"
"fq003586","vx_8a3711baff15aae6","fg0844","1","fg0844","fg0170","fg0111","fg0841","fg0308","fg0309","fg0977","fg0285","fg0168","fg0675","fg0410","fg0011","fg0814","fg0800","fg0665","fg0386","fg0669","fg0657","fg0101","fg0443"
"fq003587","vx_af9d2beebf1f7ed4","fg0845","1","fg0845","fg0949","fg0370","fg0782","fg0850","fg0036","fg0996","fg0890","fg0288","fg0548","fg0006","fg0836","fg0670","fg0780","fg0072","fg0193","fg0516","fg0223","fg0385","fg0258"
"fq003588","vx_84425ec2a734b5fc","fg0846","1","fg0846","fg0073","fg0568","fg0937","fg0022","fg0320","fg0032","fg0927","fg0533","fg0387","fg0885","fg0839","fg0123","fg0088","fg0806","fg0153","fg0333","fg0867","fg0184","fg0880"
"fq003589","vx_1dd6e5c828f9524b","fg0847","1","fg0847","fg0772","fg0541","fg0394","fg0657","fg0740","fg0121","fg0467","fg0056","fg0763","fg0522","fg0270","fg0279","fg0590","fg0276","fg0719","fg0697","fg0669","fg0620","fg0889"
"fq003590","vx_1dd6e5c828f9524b","fg0847","1","fg0847","fg0772","fg0522","fg0541","fg0740","fg0719","fg0697","fg0270","fg0121","fg0538","fg0825","fg0276","fg0197","fg0394","fg0590","fg0910","fg0382","fg0889","fg0647","fg0056"
"fq003591","vx_7c31dc5388757f48","fg0848","1","fg0848","fg0488","fg0154","fg0746","fg0406","fg0950","fg0554","fg0037","fg0390","fg0190","fg0271","fg0938","fg0597","fg0460","fg0135","fg0494","fg0748","fg0557","fg0910","fg0845"
"fq003592","vx_7c31dc5388757f48","fg0848","1","fg0848","fg0154","fg0488","fg0037","fg0271","fg0190","fg0748","fg0746","fg0950","fg0406","fg0938","fg0554","fg0541","fg0597","fg0395","fg0469","fg0390","fg0772","fg0970","fg0288"
"fq003593","vx_f3e0ac6e743393cb","fg0849","1","fg0849","fg0235","fg0280","fg0138","fg0201","fg0423","fg0862","fg0547","fg0830","fg0491","fg0137","fg0432","fg0127","fg0615","fg0861","fg0508","fg0982","fg0322","fg0775","fg0904"
"fq003594","vx_f3e0ac6e743393cb","fg0849","1","fg0849","fg0547","fg0201","fg0138","fg0423","fg0235","fg0280","fg0830","fg0815","fg0862","fg0491","fg0137","fg0432","fg0127","fg0508","fg0556","fg0092","fg0982","fg0102","fg0904"
"fq003595","vx_f3e0ac6e743393cb","fg0849","1","fg0849","fg0547","fg0138","fg0830","fg0280","fg0423","fg0235","fg0201","fg0815","fg0491","fg0432","fg0862","fg0615","fg0102","fg0904","fg0092","fg0119","fg0556","fg0711","fg0137"
"fq003596","vx_f3e0ac6e743393cb","fg0849","1","fg0849","fg0547","fg0235","fg0138","fg0432","fg0280","fg0201","fg0830","fg0423","fg0491","fg0815","fg0862","fg0615","fg0127","fg0556","fg0137","fg0322","fg0775","fg0119","fg0102"
"fq003597","vx_919450e7290fea72","fg0850","1","fg0850","fg0370","fg0851","fg0965","fg0737","fg0996","fg0871","fg0836","fg0094","fg0006","fg0799","fg0575","fg0497","fg0003","fg0502","fg0953","fg0598","fg0468","fg0979","fg0323"
"fq003598","vx_919450e7290fea72","fg0850","1","fg0850","fg0851","fg0370","fg0254","fg0871","fg0902","fg0979","fg0288","fg0003","fg0965","fg0737","fg0468","fg0006","fg0094","fg0598","fg0836","fg0323","fg0341","fg0676","fg0606"
"fq003599","vx_919450e7290fea72","fg0850","1","fg0850","fg0370","fg0851","fg0965","fg0737","fg0575","fg0871","fg0996","fg0254","fg0799","fg0003","fg0836","fg0979","fg0902","fg0598","fg0606","fg0006","fg0094","fg0468","fg0323"
"fq003600","vx_919450e7290fea72","fg0850","1","fg0850","fg0370","fg0851","fg0737","fg0871","fg0575","fg0965","fg0996","fg0254","fg0799","fg0468","fg0836","fg0598","fg0094","fg0003","fg0902","fg0006","fg0606","fg0377","fg0979"
"fq003601","vx_919450e7290fea72","fg0850","1","fg0850","fg0370","fg0851","fg0965","fg0871","fg0737","fg0006","fg0254","fg0003","fg0094","fg0996","fg0836","fg0902","fg0598","fg0288","fg0468","fg0979","fg0799","fg0953","fg0575"
"fq003602","vx_0b05e04f0a0ef3c3","fg0851","1","fg0851","fg0006","fg0850","fg0370","fg0764","fg0889","fg0767","fg0836","fg0171","fg0996","fg0632","fg0097","fg0887","fg0877","fg0869","fg0264","fg0956","fg0830","fg0603","fg0069"
"fq003603","vx_08329ee93524f706","fg0852","1","fg0852","fg0732","fg0047","fg0050","fg0708","fg0015","fg0873","fg0243","fg0665","fg0417","fg0960","fg0337","fg0490","fg0859","fg0586","fg0775","fg0870","fg0477","fg0180","fg0130"
"fq003604","vx_b11ccac75f007c6c","fg0853","1","fg0853","fg0949","fg0339","fg0332","fg0308","fg0961","fg0013","fg0441","fg0572","fg0415","fg0909","fg0457","fg0664","fg0626","fg0709","fg0937","fg0098","fg0917","fg0838","fg0786"
"fq003605","vx_b11ccac75f007c6c","fg0853","1","fg0853","fg0949","fg0339","fg0332","fg0441","fg0013","fg0961","fg0626","fg0415","fg0572","fg0434","fg0917","fg0457","fg0937","fg0005","fg0511","fg0098","fg0264","fg0709","fg0308"
"fq003606","vx_b11ccac75f007c6c","fg0853","1","fg0853","fg0949","fg0332","fg0339","fg0013","fg0909","fg0441","fg0961","fg0572","fg0415","fg0937","fg0457","fg0626","fg0709","fg0664","fg0308","fg0734","fg0098","fg0786","fg0264"
"fq003607","vx_2160f4946dd8a525","fg0854","1","fg0854","fg0741","fg0296","fg0353","fg0500","fg0355","fg0652","fg0600","fg0407","fg0324","fg0151","fg0152","fg0250","fg0721","fg0922","fg0197","fg0240","fg0649","fg0114","fg0320"
"fq003608","vx_a0d7bee718ab367e","fg0855","1","fg0855","fg0025","fg0461","fg0490","fg0761","fg0130","fg0260","fg0665","fg0843","fg0586","fg0912","fg0811","fg0278","fg0580","fg0161","fg0929","fg0068","fg0180","fg1000","fg0819"
"fq003609","vx_a0d7bee718ab367e","fg0855","1","fg0855","fg0025","fg0461","fg0490","fg0130","fg0761","fg0260","fg0665","fg0586","fg0912","fg0843","fg0570","fg0906","fg0811","fg0278","fg0161","fg0477","fg0123","fg0180","fg0091"
"fq003610","vx_410585b5d418d18a","fg0856","1","fg0856","fg0511","fg0179","fg0329","fg0434","fg0038","fg0462","fg0765","fg0093","fg0202","fg0200","fg0120","fg0670","fg0058","fg0532","fg0509","fg0157","fg0740","fg0977","fg0643"
"fq003611","vx_410585b5d418d18a","fg0856","4","fg0509","fg0990","fg0355","fg0856","fg0769","fg0416","fg0318","fg0539","fg0147","fg0673","fg0729","fg0960","fg0299","fg0379","fg0444","fg0708","fg0055","fg0495","fg0588","fg0687"
"fq003612","vx_410585b5d418d18a","fg0856","1","fg0856","fg0329","fg0179","fg0038","fg0511","fg0434","fg0414","fg0670","fg0462","fg0198","fg0532","fg0708","fg0608","fg0425","fg0547","fg0058","fg0822","fg0423","fg0120","fg0606"
"fq003613","vx_bc94ac78684f3035","fg0857","1","fg0857","fg0834","fg0718","fg0878","fg0187","fg0789","fg0922","fg0735","fg0270","fg0374","fg0153","fg0749","fg0551","fg0147","fg0509","fg0070","fg0018","fg0938","fg0190","fg0411"
"fq003614","vx_bc94ac78684f3035","fg0857","1","fg0857","fg0718","fg0617","fg0275","fg0351","fg0203","fg0198","fg0183","fg0724","fg0635","fg0517","fg0789","fg0499","fg0681","fg0805","fg0246","fg0987","fg0878","fg0849","fg0374"
"fq003615","vx_8c9b25a1d5bc3367","fg0858","25","fg0286","fg0354","fg0691","fg0842","fg0508","fg0325","fg0219","fg0513","fg0089","fg0168","fg0396","fg0427","fg0111","fg0189","fg0014","fg0349","fg0276","fg0034","fg0238","fg0290"
"fq003616","vx_8c9b25a1d5bc3367","fg0858","64","fg0286","fg0354","fg0691","fg0507","fg0676","fg0508","fg0168","fg0989","fg0720","fg0427","fg0543","fg0573","fg0053","fg0325","fg0513","fg0051","fg0468","fg0589","fg0345","fg0619"
"fq003617","vx_8c9b25a1d5bc3367","fg0858","49","fg0286","fg0508","fg0513","fg0051","fg0168","fg0691","fg0014","fg0354","fg0034","fg0427","fg0720","fg0396","fg0754","fg0219","fg0349","fg0842","fg0325","fg0619","fg0989","fg0844"
"fq003618","vx_8c9b25a1d5bc3367","fg0858","33","fg0286","fg0508","fg0168","fg0691","fg0089","fg0354","fg0513","fg0325","fg0290","fg0396","fg0427","fg0842","fg0779","fg0619","fg0111","fg0034","fg0589","fg0219","fg0349","fg0276"
"fq003619","vx_ed10bfccec227dbd","fg0859","2","fg0541","fg0859","fg0772","fg0970","fg0271","fg0394","fg0197","fg1000","fg0471","fg0707","fg0910","fg0711","fg0050","fg0272","fg0719","fg0873","fg0153","fg0018","fg0767","fg0847"
"fq003620","vx_ed10bfccec227dbd","fg0859","1","fg0859","fg0541","fg0772","fg0394","fg1000","fg0873","fg0970","fg0910","fg0271","fg0197","fg0537","fg0018","fg0510","fg0934","fg0665","fg0050","fg0471","fg0549","fg0419","fg0619"
"fq003621","vx_ed10bfccec227dbd","fg0859","1","fg0859","fg0541","fg0772","fg0018","fg1000","fg0197","fg0394","fg0895","fg0970","fg0910","fg0510","fg0665","fg0873","fg0934","fg0050","fg0537","fg0707","fg0153","fg0271","fg0272"
"fq003622","vx_8275e35e4c01e800","fg0860","1","fg0860","fg0929","fg1000","fg0986","fg0428","fg0289","fg0108","fg0958","fg0430","fg0772","fg0722","fg0088","fg0229","fg0283","fg0194","fg0172","fg0619","fg0490","fg0310","fg0273"
"fq003623","vx_8275e35e4c01e800","fg0860","1","fg0860","fg0929","fg1000","fg0289","fg0986","fg0489","fg0722","fg0718","fg0088","fg0958","fg0108","fg0554","fg0719","fg0273","fg0428","fg0699","fg0772","fg0307","fg0619","fg0653"
"fq003624","vx_8275e35e4c01e800","fg0860","1","fg0860","fg0929","fg1000","fg0986","fg0289","fg0428","fg0722","fg0958","fg0108","fg0194","fg0088","fg0229","fg0718","fg0772","fg0307","fg0430","fg0172","fg0273","fg0283","fg0554"
"fq003625","vx_8275e35e4c01e800","fg0860","1","fg0860","fg0929","fg0986","fg0428","fg1000","fg0958","fg0108","fg0289","fg0722","fg0088","fg0656","fg0046","fg0719","fg0229","fg0931","fg0430","fg0772","fg0310","fg0283","fg0172"
"fq003626","vx_8275e35e4c01e800","fg0860","1","fg0860","fg0929","fg0986","fg1000","fg0289","fg0489","fg0722","fg0718","fg0958","fg0088","fg0554","fg0428","fg0108","fg0772","fg0619","fg0229","fg0100","fg0430","fg0172","fg0719"
"fq003627","vx_277010f73c90a2d8","fg0861","1","fg0861","fg0141","fg0145","fg0395","fg0101","fg0149","fg0882","fg0911","fg0465","fg0175","fg0971","fg0332","fg0901","fg0491","fg0494","fg0418","fg0254","fg0586","fg0891","fg0002"
"fq003628","vx_277010f73c90a2d8","fg0861","1","fg0861","fg0141","fg0145","fg0101","fg0149","fg0971","fg0465","fg0175","fg0013","fg0849","fg0332","fg0491","fg0119","fg0626","fg0418","fg0470","fg0391","fg0138","fg0002","fg0494"
"fq003629","vx_277010f73c90a2d8","fg0861","1","fg0861","fg0141","fg0145","fg0101","fg0149","fg0013","fg0465","fg0175","fg0971","fg0332","fg0626","fg0418","fg0119","fg0470","fg0849","fg0491","fg0067","fg0477","fg0882","fg0002"
"fq003630","vx_277010f73c90a2d8","fg0861","1","fg0861","fg0141","fg0145","fg0395","fg0175","fg0149","fg0094","fg0101","fg0465","fg0911","fg0850","fg0849","fg0971","fg0138","fg0254","fg0491","fg0450","fg0710","fg0332","fg0119"
"fq003631","vx_277010f73c90a2d8","fg0861","1","fg0861","fg0141","fg0145","fg0850","fg0175","fg0149","fg0101","fg0849","fg0395","fg0094","fg0119","fg0971","fg0491","fg0450","fg0465","fg0138","fg0911","fg0613","fg0332","fg0891"
"fq003632","vx_13c9641e2669341b","fg0862","1","fg0862","fg0459","fg0590","fg0725","fg0613","fg0280","fg0849","fg0423","fg0798","fg0505","fg0112","fg0766","fg0105","fg0547","fg0904","fg0891","fg0581","fg0777","fg0121","fg0312"
"fq003633","vx_49247a827ae36eb6","fg0863","1","fg0863","fg0980","fg0648","fg0036","fg0135","fg0303","fg0464","fg0989","fg0322","fg0460","fg0616","fg0488","fg0516","fg0766","fg0542","fg0193","fg0138","fg0514","fg0936","fg0757"
"fq003634","vx_49247a827ae36eb6","fg0863","1","fg0863","fg0036","fg0980","fg0616","fg0209","fg0303","fg0648","fg0514","fg0193","fg0961","fg0144","fg0135","fg0964","fg0179","fg0731","fg0989","fg0142","fg0778","fg0464","fg0644"
"fq003635","vx_78cba185fb9e3979","fg0864","1","fg0864","fg0467","fg0564","fg0470","fg0894","fg0702","fg0796","fg0239","fg0634","fg0818","fg0829","fg0926","fg0055","fg0988","fg0281","fg0915","fg0236","fg0795","fg0984","fg0343"
"fq003636","vx_78cba185fb9e3979","fg0864","1","fg0864","fg0467","fg0894","fg0796","fg0795","fg0564","fg0055","fg0239","fg0702","fg0220","fg0818","fg0829","fg0978","fg0235","fg0470","fg0236","fg0603","fg0343","fg0988","fg0281"
"fq003637","vx_78cba185fb9e3979","fg0864","1","fg0864","fg0467","fg0055","fg0894","fg0796","fg0564","fg0470","fg0702","fg0239","fg0829","fg0795","fg0281","fg0988","fg0818","fg0634","fg0236","fg0220","fg0343","fg0978","fg0735"
"fq003638","vx_78cba185fb9e3979","fg0864","1","fg0864","fg0467","fg0894","fg0796","fg0055","fg0564","fg0795","fg0470","fg0818","fg0239","fg0236","fg0281","fg0378","fg0890","fg0829","fg0909","fg0220","fg0702","fg0343","fg0634"
"fq003639","vx_78cba185fb9e3979","fg0864","1","fg0864","fg0467","fg0894","fg0564","fg0796","fg0829","fg0634","fg0470","fg0702","fg0236","fg0055","fg0281","fg0239","fg0915","fg0454","fg0795","fg0890","fg0926","fg0435","fg0988"
"fq003640","vx_78cba185fb9e3979","fg0864","1","fg0864","fg0467","fg0055","fg0890","fg0470","fg0894","fg0796","fg0702","fg0239","fg0829","fg0564","fg0670","fg0281","fg0634","fg0425","fg0236","fg0795","fg0343","fg0984","fg0909"
"fq003641","vx_78cba185fb9e3979","fg0864","1","fg0864","fg0634","fg0467","fg0055","fg0564","fg0894","fg0829","fg0796","fg0470","fg0702","fg0795","fg0239","fg0281","fg0236","fg0926","fg0454","fg0984","fg0343","fg0988","fg0890"
"fq003642","vx_78cba185fb9e3979","fg0864","1","fg0864","fg0467","fg0795","fg0239","fg0796","fg0220","fg0921","fg0236","fg0470","fg0894","fg0055","fg0378","fg0988","fg0708","fg0318","fg0993","fg0226","fg0702","fg0818","fg0978"
"fq003643","vx_78cba185fb9e3979","fg0864","1","fg0864","fg0467","fg0055","fg0796","fg0564","fg0239","fg0470","fg0634","fg0988","fg0894","fg0829","fg0795","fg0818","fg0236","fg0235","fg0984","fg0702","fg0378","fg0890","fg0454"
"fq003644","vx_78cba185fb9e3979","fg0864","1","fg0864","fg0470","fg0467","fg0634","fg0818","fg0702","fg0829","fg0926","fg0236","fg0796","fg0564","fg0984","fg0915","fg0894","fg0343","fg0239","fg0281","fg0055","fg0454","fg0273"
"fq003645","vx_78cba185fb9e3979","fg0864","1","fg0864","fg0467","fg0564","fg0055","fg0796","fg0894","fg0239","fg0795","fg0702","fg0470","fg0978","fg0988","fg0634","fg0818","fg0735","fg0220","fg0829","fg0236","fg0378","fg0343"
"fq003646","vx_78cba185fb9e3979","fg0864","1","fg0864","fg0467","fg0055","fg0564","fg0894","fg0470","fg0796","fg0795","fg0909","fg0236","fg0239","fg0829","fg0890","fg0220","fg0634","fg0921","fg0454","fg0988","fg0281","fg0702"
"fq003647","vx_78cba185fb9e3979","fg0864","1","fg0864","fg0467","fg0564","fg0796","fg0239","fg0220","fg0055","fg0795","fg0988","fg0470","fg0921","fg0894","fg0236","fg0818","fg0829","fg0702","fg0755","fg0634","fg0281","fg0058"
"fq003648","vx_78cba185fb9e3979","fg0864","1","fg0864","fg0795","fg0467","fg0239","fg0894","fg0055","fg0796","fg0564","fg0470","fg0236","fg0829","fg0220","fg0281","fg0988","fg0343","fg0909","fg0890","fg0708","fg0378","fg0818"
"fq003649","vx_78cba185fb9e3979","fg0864","1","fg0864","fg0467","fg0894","fg0564","fg0055","fg0796","fg0239","fg0470","fg0236","fg0795","fg0829","fg0634","fg0702","fg0988","fg0235","fg0926","fg0378","fg0220","fg0454","fg0735"
"fq003650","vx_78cba185fb9e3979","fg0864","1","fg0864","fg0467","fg0220","fg0055","fg0735","fg0795","fg0894","fg0564","fg0890","fg0239","fg0796","fg0470","fg0978","fg0378","fg0084","fg0988","fg0818","fg0840","fg0249","fg0236"
"fq003651","vx_78cba185fb9e3979","fg0864","1","fg0864","fg0467","fg0564","fg0894","fg0470","fg0796","fg0239","fg0236","fg0055","fg0818","fg0795","fg0634","fg0702","fg0829","fg0926","fg0890","fg0988","fg0454","fg0378","fg0058"
"fq003652","vx_78cba185fb9e3979","fg0864","1","fg0864","fg0055","fg0467","fg0470","fg0239","fg0894","fg0796","fg0564","fg0926","fg0634","fg0728","fg0829","fg0236","fg0795","fg0378","fg0702","fg0818","fg0915","fg0454","fg0890"
"fq003653","vx_78cba185fb9e3979","fg0864","1","fg0864","fg0467","fg0564","fg0795","fg0055","fg0220","fg0470","fg0894","fg0236","fg0796","fg0735","fg0239","fg0926","fg0978","fg0915","fg0840","fg0890","fg0829","fg0702","fg0818"
"fq003654","vx_78cba185fb9e3979","fg0864","1","fg0864","fg0829","fg0467","fg0634","fg0796","fg0926","fg0564","fg0055","fg0470","fg0454","fg0915","fg0239","fg0894","fg0343","fg0236","fg0702","fg0281","fg0984","fg0273","fg0988"
"fq003655","vx_78cba185fb9e3979","fg0864","1","fg0864","fg0467","fg0239","fg0988","fg0796","fg0470","fg0055","fg0921","fg0795","fg0220","fg0818","fg0564","fg0236","fg0894","fg0378","fg0058","fg0702","fg0829","fg0343","fg0521"
"fq003656","vx_78cba185fb9e3979","fg0864","1","fg0864","fg0467","fg0564","fg0055","fg0894","fg0796","fg0470","fg0829","fg0239","fg0926","fg0236","fg0795","fg0454","fg0281","fg0634","fg0915","fg0220","fg0702","fg0890","fg0909"
"fq003657","vx_78cba185fb9e3979","fg0864","1","fg0864","fg0829","fg0564","fg0894","fg0467","fg0634","fg0281","fg0470","fg0055","fg0702","fg0796","fg0239","fg0454","fg0984","fg0236","fg0988","fg0795","fg0343","fg0890","fg0926"
"fq003658","vx_78cba185fb9e3979","fg0864","1","fg0864","fg0467","fg0795","fg0796","fg0894","fg0564","fg0239","fg0055","fg0818","fg0470","fg0236","fg0829","fg0988","fg0702","fg0378","fg0058","fg0220","fg0281","fg0343","fg0634"
"fq003659","vx_78cba185fb9e3979","fg0864","1","fg0864","fg0467","fg0795","fg0894","fg0564","fg0239","fg0055","fg0796","fg0236","fg0829","fg0470","fg0890","fg0988","fg0921","fg0220","fg0702","fg0909","fg0454","fg0378","fg0993"
"fq003660","vx_78cba185fb9e3979","fg0864","1","fg0864","fg0915","fg0926","fg0564","fg0467","fg0470","fg0894","fg0055","fg0634","fg0236","fg0702","fg0796","fg0239","fg0829","fg0890","fg0984","fg0281","fg0454","fg0576","fg0993"
"fq003661","vx_78cba185fb9e3979","fg0864","1","fg0864","fg0055","fg0564","fg0467","fg0829","fg0634","fg0894","fg0281","fg0470","fg0702","fg0796","fg0239","fg0984","fg0988","fg0343","fg0890","fg0409","fg0454","fg0478","fg0670"
"fq003662","vx_78cba185fb9e3979","fg0864","1","fg0864","fg0467","fg0795","fg0239","fg0988","fg0055","fg0220","fg0894","fg0521","fg0236","fg0464","fg0796","fg0564","fg0470","fg0921","fg0343","fg0495","fg0890","fg0370","fg0378"
"fq003663","vx_78cba185fb9e3979","fg0864","1","fg0864","fg0467","fg0702","fg0796","fg0894","fg0470","fg0634","fg0926","fg0239","fg0564","fg0055","fg0915","fg0829","fg0988","fg0343","fg0236","fg0795","fg0281","fg0984","fg0454"
"fq003664","vx_78cba185fb9e3979","fg0864","1","fg0864","fg0467","fg0564","fg0818","fg0470","fg0894","fg0236","fg0708","fg0796","fg0978","fg0702","fg0058","fg0055","fg0281","fg0239","fg0829","fg0603","fg0840","fg0370","fg0980"
"fq003665","vx_78cba185fb9e3979","fg0864","1","fg0864","fg0467","fg0564","fg0378","fg0220","fg0055","fg0735","fg0236","fg0890","fg0829","fg0095","fg0796","fg0795","fg0978","fg0840","fg0177","fg0435","fg0281","fg0461","fg0470"
"fq003666","vx_78cba185fb9e3979","fg0864","1","fg0864","fg0467","fg0564","fg0055","fg0795","fg0796","fg0894","fg0220","fg0239","fg0988","fg0236","fg0829","fg0470","fg0818","fg0921","fg0909","fg0378","fg0235","fg0978","fg0840"
"fq003667","vx_78cba185fb9e3979","fg0864","1","fg0864","fg0467","fg0796","fg0894","fg0564","fg0055","fg0239","fg0470","fg0795","fg0829","fg0634","fg0236","fg0818","fg0988","fg0926","fg0454","fg0702","fg0921","fg0281","fg0984"
"fq003668","vx_78cba185fb9e3979","fg0864","1","fg0864","fg0467","fg0796","fg0055","fg0795","fg0702","fg0894","fg0634","fg0470","fg0239","fg0236","fg0829","fg0564","fg0921","fg0343","fg0281","fg0988","fg0409","fg0909","fg0865"
"fq003669","vx_78cba185fb9e3979","fg0864","1","fg0864","fg0467","fg0220","fg0795","fg0509","fg0055","fg0978","fg0735","fg0894","fg0239","fg0980","fg0470","fg0796","fg0708","fg0729","fg0318","fg0133","fg0921","fg0931","fg0270"
"fq003670","vx_78cba185fb9e3979","fg0864","1","fg0864","fg0467","fg0239","fg0796","fg0564","fg0795","fg0055","fg0894","fg0220","fg0988","fg0236","fg0470","fg0818","fg0921","fg0378","fg0702","fg0454","fg0829","fg0890","fg0840"
"fq003671","vx_78cba185fb9e3979","fg0864","1","fg0864","fg0467","fg0894","fg0055","fg0796","fg0239","fg0564","fg0470","fg0795","fg0829","fg0818","fg0702","fg0281","fg0890","fg0634","fg0236","fg0220","fg0988","fg0926","fg0058"
"fq003672","vx_78cba185fb9e3979","fg0864","1","fg0864","fg0467","fg0795","fg0894","fg0829","fg0239","fg0564","fg0055","fg0281","fg0796","fg0890","fg0470","fg0236","fg0988","fg0702","fg0454","fg0634","fg0818","fg0343","fg0993"
"fq003673","vx_78cba185fb9e3979","fg0864","1","fg0864","fg0467","fg0829","fg0894","fg0634","fg0796","fg0702","fg0984","fg0281","fg0055","fg0470","fg0239","fg0564","fg0343","fg0818","fg0670","fg0454","fg0890","fg0988","fg0751"
"fq003674","vx_78cba185fb9e3979","fg0864","1","fg0864","fg0467","fg0795","fg0055","fg0564","fg0894","fg0796","fg0239","fg0829","fg0634","fg0454","fg0281","fg0702","fg0470","fg0988","fg0818","fg0236","fg0890","fg0909","fg0378"
"fq003675","vx_78cba185fb9e3979","fg0864","1","fg0864","fg0795","fg0467","fg0055","fg0564","fg0894","fg0470","fg0401","fg0818","fg0239","fg0890","fg0829","fg0909","fg0281","fg0236","fg0735","fg0926","fg0796","fg0708","fg0435"
"fq003676","vx_78cba185fb9e3979","fg0864","1","fg0864","fg0467","fg0795","fg0220","fg0564","fg0110","fg0978","fg0796","fg0236","fg0239","fg0894","fg0055","fg0988","fg0735","fg0470","fg0708","fg0702","fg0603","fg0461","fg0235"
"fq003677","vx_78cba185fb9e3979","fg0864","1","fg0864","fg0467","fg0564","fg0055","fg0470","fg0894","fg0796","fg0926","fg0236","fg0239","fg0829","fg0915","fg0795","fg0634","fg0988","fg0454","fg0343","fg0890","fg0281","fg0735"
"fq003678","vx_78cba185fb9e3979","fg0864","1","fg0864","fg0470","fg0055","fg0467","fg0564","fg0926","fg0796","fg0829","fg0239","fg0915","fg0894","fg0890","fg0818","fg0634","fg0236","fg0281","fg0795","fg0702","fg0909","fg0343"
"fq003679","vx_78cba185fb9e3979","fg0864","1","fg0864","fg0467","fg0796","fg0564","fg0894","fg0055","fg0239","fg0829","fg0702","fg0470","fg0795","fg0634","fg0454","fg0890","fg0281","fg0988","fg0425","fg0236","fg0984","fg0670"
"fq003680","vx_78cba185fb9e3979","fg0864","1","fg0864","fg0467","fg0564","fg0795","fg0894","fg0055","fg0796","fg0829","fg0235","fg0470","fg0236","fg0702","fg0281","fg0634","fg0239","fg0988","fg0454","fg0890","fg0926","fg0220"
"fq003681","vx_78cba185fb9e3979","fg0864","1","fg0864","fg0467","fg0055","fg0796","fg0795","fg0564","fg0239","fg0220","fg0894","fg0988","fg0921","fg0236","fg0470","fg0634","fg0378","fg0829","fg0978","fg0702","fg0909","fg0818"
"fq003682","vx_78cba185fb9e3979","fg0864","1","fg0864","fg0926","fg0470","fg0467","fg0055","fg0915","fg0239","fg0564","fg0634","fg0829","fg0236","fg0796","fg0894","fg0454","fg0702","fg0988","fg0890","fg0795","fg0343","fg0281"
"fq003683","vx_78cba185fb9e3979","fg0864","1","fg0864","fg0467","fg0564","fg0894","fg0055","fg0236","fg0796","fg0220","fg0470","fg0915","fg0926","fg0978","fg0829","fg0735","fg0795","fg0239","fg0702","fg0890","fg0840","fg0988"
"fq003684","vx_78cba185fb9e3979","fg0864","1","fg0864","fg0467","fg0564","fg0470","fg0894","fg0796","fg0702","fg0055","fg0239","fg0634","fg0829","fg0926","fg0915","fg0984","fg0890","fg0236","fg0343","fg0281","fg0818","fg0454"
"fq003685","vx_78cba185fb9e3979","fg0864","1","fg0864","fg0467","fg0894","fg0055","fg0796","fg0239","fg0564","fg0470","fg0795","fg0988","fg0236","fg0818","fg0909","fg0829","fg0921","fg0343","fg0890","fg0281","fg0634","fg0058"
"fq003686","vx_78cba185fb9e3979","fg0864","1","fg0864","fg0467","fg0564","fg0055","fg0894","fg0796","fg0829","fg0795","fg0470","fg0239","fg0634","fg0988","fg0890","fg0235","fg0735","fg0220","fg0236","fg0273","fg0702","fg0909"
"fq003687","vx_78cba185fb9e3979","fg0864","1","fg0864","fg0467","fg0796","fg0239","fg0236","fg0564","fg0894","fg0470","fg0829","fg0634","fg0454","fg0055","fg0702","fg0795","fg0926","fg0818","fg0235","fg0984","fg0988","fg0890"
"fq003688","vx_78cba185fb9e3979","fg0864","1","fg0864","fg0467","fg0564","fg0894","fg0470","fg0829","fg0796","fg0055","fg0702","fg0818","fg0634","fg0239","fg0978","fg0915","fg0236","fg0343","fg0281","fg0984","fg0890","fg0988"
"fq003689","vx_78cba185fb9e3979","fg0864","1","fg0864","fg0467","fg0564","fg0894","fg0055","fg0796","fg0470","fg0829","fg0702","fg0795","fg0634","fg0239","fg0926","fg0281","fg0236","fg0988","fg0818","fg0343","fg0220","fg0378"
"fq003690","vx_78cba185fb9e3979","fg0864","1","fg0864","fg0467","fg0894","fg0564","fg0795","fg0829","fg0055","fg0281","fg0239","fg0735","fg0796","fg0470","fg0702","fg0978","fg0890","fg0343","fg0236","fg0603","fg0818","fg0435"
"fq003691","vx_78cba185fb9e3979","fg0864","1","fg0864","fg0467","fg0564","fg0055","fg0894","fg0796","fg0239","fg0795","fg0988","fg0236","fg0220","fg0470","fg0921","fg0829","fg0818","fg0909","fg0454","fg0702","fg0634","fg0378"
"fq003692","vx_78cba185fb9e3979","fg0864","1","fg0864","fg0467","fg0470","fg0055","fg0926","fg0564","fg0236","fg0915","fg0796","fg0894","fg0829","fg0239","fg0634","fg0702","fg0454","fg0890","fg0795","fg0988","fg0909","fg0281"
"fq003693","vx_78cba185fb9e3979","fg0864","1","fg0864","fg0467","fg0564","fg0055","fg0894","fg0236","fg0796","fg0470","fg0702","fg0829","fg0795","fg0634","fg0890","fg0409","fg0239","fg0926","fg0281","fg0220","fg0988","fg0915"
"fq003694","vx_78cba185fb9e3979","fg0864","1","fg0864","fg0467","fg0796","fg0894","fg0470","fg0239","fg0055","fg0702","fg0829","fg0564","fg0236","fg0634","fg0818","fg0890","fg0281","fg0984","fg0926","fg0988","fg0425","fg0795"
"fq003695","vx_78cba185fb9e3979","fg0864","1","fg0864","fg0467","fg0470","fg0564","fg0702","fg0829","fg0915","fg0634","fg0926","fg0055","fg0796","fg0894","fg0281","fg0343","fg0239","fg0984","fg0454","fg0236","fg0890","fg0735"
"fq003696","vx_78cba185fb9e3979","fg0864","1","fg0864","fg0467","fg0564","fg0894","fg0055","fg0470","fg0702","fg0829","fg0634","fg0796","fg0454","fg0926","fg0281","fg0915","fg0236","fg0239","fg0984","fg0890","fg0343","fg0795"
"fq003697","vx_78cba185fb9e3979","fg0864","1","fg0864","fg0467","fg0795","fg0239","fg0055","fg0921","fg0236","fg0564","fg0894","fg0796","fg0470","fg0318","fg0378","fg0890","fg0454","fg0226","fg0220","fg0993","fg0634","fg0425"
"fq003698","vx_78cba185fb9e3979","fg0864","1","fg0864","fg0467","fg0564","fg0796","fg0470","fg0239","fg0702","fg0236","fg0055","fg0894","fg0634","fg0829","fg0454","fg0818","fg0281","fg0988","fg0984","fg0890","fg0425","fg0670"
"fq003699","vx_78cba185fb9e3979","fg0864","1","fg0864","fg0702","fg0634","fg0470","fg0829","fg0467","fg0915","fg0055","fg0281","fg0984","fg0564","fg0926","fg0894","fg0796","fg0239","fg0454","fg0890","fg0343","fg0236","fg0409"
"fq003700","vx_78cba185fb9e3979","fg0864","1","fg0864","fg0467","fg0634","fg0564","fg0239","fg0470","fg0796","fg0055","fg0236","fg0926","fg0454","fg0894","fg0829","fg0915","fg0702","fg0988","fg0281","fg0795","fg0890","fg0235"
"fq003701","vx_78cba185fb9e3979","fg0864","1","fg0864","fg0467","fg0564","fg0894","fg0055","fg0796","fg0470","fg0634","fg0239","fg0829","fg0454","fg0702","fg0236","fg0281","fg0988","fg0926","fg0890","fg0984","fg0818","fg0795"
"fq003702","vx_78cba185fb9e3979","fg0864","1","fg0864","fg0467","fg0470","fg0055","fg0894","fg0239","fg0564","fg0634","fg0926","fg0829","fg0915","fg0702","fg0796","fg0454","fg0281","fg0236","fg0343","fg0988","fg0984","fg0890"
"fq003703","vx_78cba185fb9e3979","fg0864","1","fg0864","fg0467","fg0055","fg0564","fg0894","fg0634","fg0470","fg0239","fg0702","fg0796","fg0795","fg0926","fg0915","fg0988","fg0236","fg0829","fg0818","fg0454","fg0890","fg0378"
"fq003704","vx_78cba185fb9e3979","fg0864","1","fg0864","fg0239","fg0467","fg0634","fg0470","fg0564","fg0926","fg0236","fg0829","fg0454","fg0894","fg0796","fg0055","fg0915","fg0281","fg0702","fg0988","fg0235","fg0795","fg0984"
"fq003705","vx_78cba185fb9e3979","fg0864","1","fg0864","fg0055","fg0467","fg0564","fg0894","fg0829","fg0796","fg0470","fg0239","fg0795","fg0702","fg0634","fg0988","fg0281","fg0343","fg0236","fg0909","fg0818","fg0890","fg0454"
"fq003706","vx_78cba185fb9e3979","fg0864","1","fg0864","fg0467","fg0894","fg0470","fg0796","fg0634","fg0564","fg0829","fg0702","fg0055","fg0343","fg0281","fg0239","fg0236","fg0818","fg0926","fg0795","fg0273","fg0378","fg0984"
"fq003707","vx_78cba185fb9e3979","fg0864","1","fg0864","fg0467","fg0564","fg0795","fg0796","fg0894","fg0829","fg0055","fg0470","fg0702","fg0239","fg0236","fg0235","fg0634","fg0454","fg0988","fg0343","fg0890","fg0926","fg0915"
"fq003708","vx_78cba185fb9e3979","fg0864","1","fg0864","fg0467","fg0470","fg0926","fg0236","fg0454","fg0634","fg0796","fg0829","fg0239","fg0915","fg0564","fg0702","fg0281","fg0343","fg0894","fg0984","fg0273","fg0890","fg0988"
"fq003709","vx_78cba185fb9e3979","fg0864","1","fg0864","fg0467","fg0978","fg0564","fg0055","fg0236","fg0220","fg0735","fg0894","fg0829","fg0708","fg0470","fg0702","fg0435","fg0509","fg0796","fg0110","fg0840","fg0603","fg0761"
"fq003710","vx_78cba185fb9e3979","fg0864","1","fg0864","fg0467","fg0564","fg0239","fg0470","fg0829","fg0796","fg0634","fg0702","fg0894","fg0926","fg0915","fg0454","fg0236","fg0055","fg0343","fg0984","fg0281","fg0988","fg0735"
"fq003711","vx_78cba185fb9e3979","fg0864","1","fg0864","fg0467","fg0796","fg0055","fg0470","fg0239","fg0564","fg0894","fg0890","fg0702","fg0236","fg0634","fg0829","fg0281","fg0795","fg0818","fg0909","fg0343","fg0988","fg0425"
"fq003712","vx_78cba185fb9e3979","fg0864","1","fg0864","fg0467","fg0795","fg0564","fg0055","fg0220","fg0239","fg0796","fg0894","fg0236","fg0829","fg0988","fg0470","fg0978","fg0993","fg0281","fg0890","fg0818","fg0702","fg0708"
"fq003713","vx_78cba185fb9e3979","fg0864","1","fg0864","fg0470","fg0894","fg0467","fg0055","fg0829","fg0239","fg0564","fg0634","fg0796","fg0281","fg0702","fg0236","fg0818","fg0890","fg0343","fg0984","fg0454","fg0926","fg0795"
"fq003714","vx_78cba185fb9e3979","fg0864","1","fg0864","fg0795","fg0055","fg0467","fg0894","fg0239","fg0796","fg0564","fg0470","fg0829","fg0890","fg0281","fg0236","fg0220","fg0401","fg0708","fg0509","fg0988","fg0343","fg0909"
"fq003715","vx_78cba185fb9e3979","fg0864","1","fg0864","fg0467","fg0055","fg0239","fg0795","fg0796","fg0894","fg0988","fg0470","fg0564","fg0220","fg0829","fg0454","fg0909","fg0425","fg0890","fg0634","fg0818","fg0236","fg0281"
"fq003716","vx_78cba185fb9e3979","fg0864","1","fg0864","fg0467","fg0894","fg0236","fg0220","fg0795","fg0055","fg0796","fg0702","fg0978","fg0239","fg0708","fg0564","fg0470","fg0829","fg0921","fg0425","fg0988","fg0343","fg0378"
"fq003717","vx_78cba185fb9e3979","fg0864","1","fg0864","fg0467","fg0564","fg0220","fg0236","fg0795","fg0796","fg0988","fg0894","fg0055","fg0239","fg0818","fg0470","fg0829","fg0454","fg0840","fg0702","fg0634","fg0921","fg0978"
"fq003718","vx_78cba185fb9e3979","fg0864","1","fg0864","fg0467","fg0796","fg0795","fg0894","fg0818","fg0564","fg0055","fg0220","fg0470","fg0988","fg0236","fg0239","fg0058","fg0702","fg0281","fg0378","fg0708","fg0370","fg0343"
"fq003719","vx_78cba185fb9e3979","fg0864","1","fg0864","fg0467","fg0564","fg0470","fg0702","fg0236","fg0055","fg0894","fg0829","fg0796","fg0818","fg0239","fg0281","fg0978","fg0708","fg0735","fg0378","fg0634","fg0603","fg0795"
"fq003720","vx_78cba185fb9e3979","fg0864","1","fg0864","fg0467","fg0894","fg0239","fg0796","fg0564","fg0634","fg0470","fg0829","fg0702","fg0055","fg0988","fg0236","fg0818","fg0984","fg0454","fg0281","fg0795","fg0058","fg0343"
"fq003721","vx_78cba185fb9e3979","fg0864","1","fg0864","fg0467","fg0564","fg0796","fg0055","fg0894","fg0239","fg0795","fg0829","fg0220","fg0470","fg0236","fg0281","fg0978","fg0702","fg0988","fg0890","fg0454","fg0909","fg0670"
"fq003722","vx_78cba185fb9e3979","fg0864","1","fg0864","fg0467","fg0055","fg0564","fg0894","fg0796","fg0702","fg0829","fg0795","fg0634","fg0236","fg0281","fg0239","fg0470","fg0978","fg0988","fg0890","fg0343","fg0454","fg0926"
"fq003723","vx_62cfc0eb76ea8295","fg0865","1","fg0865","fg0717","fg0470","fg0418","fg0625","fg0448","fg0365","fg0363","fg0014","fg0662","fg0702","fg0972","fg0585","fg0132","fg0450","fg0026","fg0331","fg0175","fg0143","fg0809"
"fq003724","vx_3ba9315bd7ba5d1d","fg0866","1","fg0866","fg0436","fg0766","fg0972","fg0154","fg0699","fg0863","fg0116","fg0363","fg0611","fg0808","fg0974","fg0067","fg0635","fg0554","fg0746","fg0567","fg0637","fg0093","fg0507"
"fq003725","vx_0ece9bf4112a0f8e","fg0867","1","fg0867","fg0983","fg0947","fg0397","fg0353","fg0071","fg0578","fg0569","fg0431","fg0214","fg0077","fg0334","fg0298","fg0150","fg0570","fg0833","fg0140","fg0383","fg0712","fg0622"
"fq003726","vx_0ece9bf4112a0f8e","fg0867","1","fg0867","fg0983","fg0569","fg0214","fg0077","fg0397","fg0931","fg0071","fg0218","fg0334","fg0353","fg0140","fg0319","fg0559","fg0666","fg0435","fg0947","fg0678","fg0270","fg0768"
"fq003727","vx_9ebc3232e03e6d1e","fg0868","12","fg0573","fg0191","fg0474","fg0411","fg0334","fg0747","fg0588","fg0421","fg0147","fg0195","fg0247","fg0868","fg0211","fg0809","fg0907","fg0539","fg0527","fg0947","fg0398","fg0889"
"fq003728","vx_9ebc3232e03e6d1e","fg0868","59","fg0191","fg0247","fg0334","fg0747","fg0211","fg0907","fg0835","fg0793","fg0367","fg0059","fg0973","fg0474","fg0942","fg0843","fg0647","fg0184","fg0790","fg0565","fg0126","fg0768"
"fq003729","vx_9ebc3232e03e6d1e","fg0868","42","fg0191","fg0211","fg0474","fg0747","fg0334","fg0973","fg0793","fg0367","fg0835","fg0126","fg0184","fg0907","fg0588","fg0398","fg0247","fg0942","fg0059","fg0218","fg0573","fg0843"
"fq003730","vx_acfd933036260f59","fg0869","2","fg0090","fg0869","fg0103","fg0107","fg0186","fg0675","fg0126","fg0025","fg0666","fg0776","fg0877","fg0033","fg0535","fg0279","fg0938","fg0232","fg0809","fg0374","fg0797","fg0113"
"fq003731","vx_acfd933036260f59","fg0869","2","fg0103","fg0869","fg0090","fg0666","fg0877","fg0809","fg0652","fg0521","fg0810","fg0113","fg0922","fg0232","fg0227","fg0776","fg0152","fg0535","fg0159","fg0025","fg0559","fg0940"
"fq003732","vx_acfd933036260f59","fg0869","2","fg0090","fg0869","fg0103","fg0107","fg0666","fg0250","fg0810","fg0525","fg0413","fg0186","fg0521","fg0154","fg0675","fg0078","fg0922","fg0025","fg0126","fg0652","fg0304","fg0374"
"fq003733","vx_acfd933036260f59","fg0869","2","fg0090","fg0869","fg0103","fg0521","fg0107","fg0227","fg0666","fg0250","fg0883","fg0655","fg0171","fg0940","fg0922","fg0797","fg0044","fg0413","fg0535","fg0970","fg0514","fg0675"
"fq003734","vx_acfd933036260f59","fg0869","2","fg0090","fg0869","fg0103","fg0107","fg0666","fg0521","fg0250","fg0675","fg0299","fg0729","fg0407","fg0401","fg0186","fg0413","fg0559","fg0810","fg0922","fg0232","fg0652","fg0355"
"fq003735","vx_acfd933036260f59","fg0869","2","fg0090","fg0869","fg0103","fg0107","fg0666","fg0776","fg0025","fg0186","fg0250","fg0652","fg0232","fg0675","fg0809","fg0535","fg0938","fg0033","fg0413","fg0821","fg0922","fg0227"
"fq003736","vx_acfd933036260f59","fg0869","2","fg0090","fg0869","fg0103","fg0666","fg0749","fg0147","fg0922","fg0729","fg0190","fg0521","fg0250","fg0931","fg0970","fg0593","fg0040","fg0078","fg0647","fg0227","fg0500","fg0232"
"fq003737","vx_acfd933036260f59","fg0869","2","fg0103","fg0869","fg0090","fg0666","fg0521","fg0232","fg0810","fg0797","fg0495","fg0809","fg0549","fg0909","fg0413","fg0442","fg0535","fg0895","fg0632","fg0940","fg0374","fg0652"
"fq003738","vx_acfd933036260f59","fg0869","2","fg0090","fg0869","fg0103","fg0521","fg0250","fg0666","fg0407","fg0078","fg0319","fg0721","fg0500","fg0655","fg0810","fg0525","fg0922","fg0355","fg0729","fg0741","fg0225","fg0025"
"fq003739","vx_0d9540d6efc9819c","fg0870","1","fg0870","fg0158","fg0586","fg0180","fg0243","fg0339","fg0242","fg0708","fg1000","fg0898","fg0705","fg0901","fg0311","fg0108","fg0070","fg0748","fg0830","fg0467","fg0006","fg0417"
"fq003740","vx_0d9540d6efc9819c","fg0870","1","fg0870","fg0180","fg0158","fg0898","fg1000","fg0243","fg0586","fg0901","fg0708","fg0705","fg0339","fg0242","fg0311","fg0070","fg0830","fg0108","fg0006","fg0467","fg0881","fg0929"
"fq003741","vx_0d9540d6efc9819c","fg0870","1","fg0870","fg0158","fg0180","fg0586","fg0708","fg0242","fg0311","fg0339","fg0243","fg0898","fg0705","fg0881","fg0901","fg1000","fg0748","fg0100","fg0070","fg0417","fg0467","fg0006"
"fq003742","vx_0d9540d6efc9819c","fg0870","1","fg0870","fg0158","fg0586","fg0898","fg0180","fg0339","fg0243","fg0311","fg0705","fg0901","fg0708","fg1000","fg0242","fg0881","fg0070","fg0417","fg0748","fg0830","fg0929","fg0428"
"fq003743","vx_0d9540d6efc9819c","fg0870","1","fg0870","fg0158","fg0180","fg0339","fg0586","fg0708","fg0243","fg0242","fg0898","fg0901","fg0311","fg0705","fg1000","fg0881","fg0070","fg0417","fg0545","fg0748","fg0100","fg0830"
"fq003744","vx_0d9540d6efc9819c","fg0870","1","fg0870","fg0158","fg0180","fg0243","fg0586","fg0708","fg0898","fg0339","fg0901","fg1000","fg0242","fg0705","fg0311","fg0070","fg0467","fg0006","fg0929","fg0385","fg0830","fg0108"
"fq003745","vx_0d9540d6efc9819c","fg0870","1","fg0870","fg0158","fg0586","fg0339","fg0180","fg0708","fg0243","fg0311","fg0898","fg0901","fg0705","fg0070","fg1000","fg0417","fg0242","fg0881","fg0748","fg0986","fg0830","fg0467"
"fq003746","vx_0d9540d6efc9819c","fg0870","1","fg0870","fg0158","fg0339","fg0901","fg0708","fg0586","fg0311","fg0898","fg0242","fg0180","fg0243","fg0070","fg0705","fg0830","fg0006","fg0417","fg0881","fg0100","fg1000","fg0545"
"fq003747","vx_0d9540d6efc9819c","fg0870","1","fg0870","fg0158","fg0898","fg0901","fg0243","fg0339","fg0708","fg0070","fg0180","fg0586","fg0311","fg1000","fg0830","fg0705","fg0242","fg0881","fg0467","fg0929","fg0417","fg0510"
"fq003748","vx_0d9540d6efc9819c","fg0870","1","fg0870","fg0158","fg0339","fg0586","fg0180","fg0243","fg0708","fg0901","fg0311","fg0898","fg0242","fg0881","fg0705","fg1000","fg0070","fg0748","fg0417","fg0006","fg0830","fg0100"
"fq003749","vx_0d9540d6efc9819c","fg0870","1","fg0870","fg0158","fg0339","fg0180","fg0586","fg0243","fg0708","fg0311","fg1000","fg0898","fg0242","fg0901","fg0705","fg0417","fg0070","fg0748","fg0830","fg0881","fg0428","fg0108"
"fq003750","vx_0d9540d6efc9819c","fg0870","1","fg0870","fg0158","fg0180","fg0586","fg0243","fg0339","fg0708","fg0311","fg0898","fg0705","fg0242","fg0901","fg1000","fg0417","fg0881","fg0070","fg0748","fg0986","fg0929","fg0428"
"fq003751","vx_0d9540d6efc9819c","fg0870","1","fg0870","fg0158","fg0180","fg0586","fg0243","fg0339","fg0708","fg1000","fg0242","fg0705","fg0311","fg0748","fg0898","fg0901","fg0417","fg0881","fg0108","fg0070","fg0986","fg0100"
"fq003752","vx_0d9540d6efc9819c","fg0870","1","fg0870","fg0158","fg0180","fg0242","fg0586","fg0339","fg0898","fg0705","fg0243","fg0708","fg0311","fg0901","fg1000","fg0881","fg0748","fg0417","fg0467","fg0070","fg0556","fg0100"
"fq003753","vx_0d9540d6efc9819c","fg0870","1","fg0870","fg0158","fg0339","fg0180","fg0242","fg0586","fg0243","fg0708","fg0311","fg0705","fg0898","fg0901","fg0881","fg1000","fg0070","fg0748","fg0417","fg0100","fg0467","fg0556"
"fq003754","vx_0d9540d6efc9819c","fg0870","1","fg0870","fg0158","fg0180","fg0242","fg0243","fg0586","fg0898","fg0339","fg1000","fg0705","fg0708","fg0901","fg0311","fg0108","fg0467","fg0100","fg0881","fg0070","fg0748","fg0006"
"fq003755","vx_0d9540d6efc9819c","fg0870","1","fg0870","fg0158","fg0180","fg0339","fg0242","fg0586","fg0243","fg0708","fg0898","fg0748","fg1000","fg0311","fg0705","fg0881","fg0108","fg0901","fg0083","fg0417","fg0070","fg0556"
"fq003756","vx_0d9540d6efc9819c","fg0870","1","fg0870","fg0158","fg0242","fg0339","fg0180","fg0705","fg0586","fg0708","fg0243","fg0915","fg0556","fg0898","fg0083","fg0311","fg1000","fg0100","fg0467","fg0881","fg0545","fg0108"
"fq003757","vx_0d9540d6efc9819c","fg0870","1","fg0870","fg0158","fg0180","fg0586","fg0705","fg1000","fg0417","fg0243","fg0898","fg0339","fg0708","fg0311","fg0901","fg0070","fg0929","fg0748","fg0986","fg0881","fg0242","fg0428"
"fq003758","vx_0d9540d6efc9819c","fg0870","1","fg0870","fg0158","fg0242","fg0339","fg0180","fg0586","fg0708","fg0898","fg0243","fg0311","fg0881","fg0901","fg0705","fg0748","fg0556","fg0100","fg1000","fg0467","fg0070","fg0083"
"fq003759","vx_0d9540d6efc9819c","fg0870","1","fg0870","fg0158","fg0180","fg0586","fg0243","fg0242","fg0898","fg0339","fg0708","fg0705","fg1000","fg0311","fg0901","fg0881","fg0748","fg0070","fg0467","fg0929","fg0417","fg0830"
"fq003760","vx_0d9540d6efc9819c","fg0870","1","fg0870","fg0158","fg0339","fg0586","fg0708","fg0898","fg0180","fg0705","fg0901","fg0243","fg0311","fg1000","fg0417","fg0830","fg0242","fg0070","fg0748","fg0881","fg0006","fg0929"
"fq003761","vx_0d9540d6efc9819c","fg0870","1","fg0870","fg0158","fg0339","fg0708","fg0242","fg0180","fg0586","fg0898","fg0311","fg1000","fg0901","fg0070","fg0243","fg0417","fg0705","fg0881","fg0748","fg0385","fg0006","fg0108"
"fq003762","vx_0d9540d6efc9819c","fg0870","1","fg0870","fg0158","fg0180","fg0242","fg0586","fg0339","fg0243","fg0708","fg0705","fg0898","fg1000","fg0748","fg0556","fg0108","fg0311","fg0901","fg0881","fg0100","fg0417","fg0070"
"fq003763","vx_0d9540d6efc9819c","fg0870","1","fg0870","fg0158","fg0339","fg0586","fg0180","fg0242","fg0898","fg0708","fg0243","fg0311","fg0901","fg0705","fg0881","fg1000","fg0070","fg0748","fg0100","fg0830","fg0417","fg0467"
"fq003764","vx_0d9540d6efc9819c","fg0870","1","fg0870","fg0158","fg0242","fg0339","fg0180","fg0708","fg0586","fg0243","fg0705","fg0898","fg0311","fg0881","fg0901","fg0915","fg1000","fg0830","fg0100","fg0467","fg0070","fg0545"
"fq003765","vx_0d9540d6efc9819c","fg0870","1","fg0870","fg0158","fg0339","fg0586","fg0180","fg0243","fg0898","fg0242","fg0311","fg0705","fg0708","fg0901","fg0881","fg1000","fg0070","fg0748","fg0417","fg0830","fg0100","fg0545"
"fq003766","vx_0d9540d6efc9819c","fg0870","1","fg0870","fg0158","fg0339","fg0242","fg0586","fg0180","fg0243","fg0708","fg0311","fg0898","fg0901","fg0748","fg0705","fg0881","fg0070","fg0830","fg0417","fg1000","fg0006","fg0467"
"fq003767","vx_0d9540d6efc9819c","fg0870","1","fg0870","fg0158","fg0180","fg0339","fg0708","fg0311","fg0243","fg0586","fg0705","fg0901","fg1000","fg0242","fg0417","fg0898","fg0070","fg0881","fg0748","fg0986","fg0428","fg0556"
"fq003768","vx_0d9540d6efc9819c","fg0870","1","fg0870","fg0158","fg0339","fg0708","fg0180","fg0586","fg0311","fg0901","fg0243","fg0242","fg0898","fg0705","fg0070","fg1000","fg0881","fg0417","fg0748","fg0830","fg0006","fg0986"
"fq003769","vx_bb5c4b4abd7327d9","fg0871","1","fg0871","fg0850","fg0953","fg0918","fg0370","fg0799","fg0606","fg0497","fg0678","fg0291","fg0737","fg0698","fg0586","fg0062","fg0257","fg0087","fg0358","fg0009","fg0598","fg0913"
"fq003770","vx_bb5c4b4abd7327d9","fg0871","1","fg0871","fg0918","fg0370","fg0850","fg0291","fg0678","fg0834","fg0087","fg0953","fg0586","fg0062","fg0913","fg0698","fg0606","fg0341","fg0410","fg0737","fg0497","fg0326","fg0799"
"fq003771","vx_8aedf6e1b5753b13","fg0872","1","fg0872","fg0538","fg0762","fg0536","fg0288","fg0510","fg0956","fg0722","fg0922","fg0197","fg0522","fg0557","fg0225","fg0735","fg0342","fg0638","fg0153","fg0455","fg0349","fg0044"
"fq003772","vx_8aedf6e1b5753b13","fg0872","1","fg0872","fg0801","fg0349","fg0225","fg0052","fg0531","fg0044","fg0701","fg0538","fg0909","fg0464","fg0166","fg0545","fg0235","fg0222","fg0540","fg0672","fg0774","fg0455","fg0105"
"fq003773","vx_8aedf6e1b5753b13","fg0872","1","fg0872","fg0500","fg0197","fg0672","fg0573","fg0589","fg0538","fg0804","fg0722","fg0638","fg0956","fg0922","fg0895","fg0719","fg0769","fg0147","fg0557","fg0225","fg0395","fg0889"
"fq003774","vx_8aedf6e1b5753b13","fg0872","1","fg0872","fg0762","fg0288","fg0538","fg0349","fg0225","fg0044","fg0993","fg0094","fg0455","fg0239","fg0536","fg0291","fg0451","fg0799","fg0963","fg0899","fg0956","fg0795","fg0522"
"fq003775","vx_8aedf6e1b5753b13","fg0872","1","fg0872","fg0762","fg0538","fg0225","fg0288","fg0722","fg0536","fg0956","fg0197","fg0044","fg0522","fg0349","fg0922","fg0638","fg0455","fg0094","fg0510","fg0719","fg0993","fg0342"
"fq003776","vx_8aedf6e1b5753b13","fg0872","1","fg0872","fg0538","fg0762","fg0288","fg0536","fg0722","fg0225","fg0963","fg0956","fg0557","fg0349","fg0510","fg0993","fg0455","fg0522","fg0197","fg0153","fg0922","fg0044","fg0094"
"fq003777","vx_8aedf6e1b5753b13","fg0872","1","fg0872","fg0538","fg0762","fg0536","fg0722","fg0288","fg0510","fg0956","fg0197","fg0225","fg0993","fg0922","fg0349","fg0963","fg0719","fg0342","fg0638","fg0153","fg0772","fg0557"
"fq003778","vx_8aedf6e1b5753b13","fg0872","1","fg0872","fg0762","fg0288","fg0538","fg0225","fg0044","fg0956","fg0239","fg0349","fg0401","fg0536","fg0291","fg0510","fg0963","fg0455","fg0094","fg0922","fg0698","fg0993","fg0719"
"fq003779","vx_8aedf6e1b5753b13","fg0872","1","fg0872","fg0762","fg0538","fg0288","fg0510","fg0956","fg0536","fg0349","fg0963","fg0993","fg0722","fg0197","fg0522","fg0342","fg0044","fg0455","fg0153","fg0225","fg0719","fg0557"
"fq003780","vx_8aedf6e1b5753b13","fg0872","1","fg0872","fg0762","fg0538","fg0288","fg0993","fg0956","fg0349","fg0722","fg0536","fg0291","fg0510","fg0012","fg0455","fg0887","fg0522","fg0738","fg0382","fg0963","fg0197","fg0342"
"fq003781","vx_8aedf6e1b5753b13","fg0872","1","fg0872","fg0538","fg0762","fg0536","fg0722","fg0288","fg0956","fg0349","fg0197","fg0522","fg0455","fg0638","fg0993","fg0510","fg0557","fg0153","fg0719","fg0922","fg0342","fg0225"
"fq003782","vx_8aedf6e1b5753b13","fg0872","1","fg0872","fg0538","fg0762","fg0536","fg0288","fg0225","fg0722","fg0510","fg0956","fg0922","fg0044","fg0197","fg0342","fg0993","fg0349","fg0522","fg0557","fg0963","fg0094","fg0153"
"fq003783","vx_8aedf6e1b5753b13","fg0872","1","fg0872","fg0762","fg0538","fg0288","fg0536","fg0349","fg0510","fg0956","fg0722","fg0225","fg0455","fg0522","fg0197","fg0557","fg0993","fg0342","fg0922","fg0963","fg0638","fg0044"
"fq003784","vx_8aedf6e1b5753b13","fg0872","1","fg0872","fg0762","fg0538","fg0288","fg0722","fg0536","fg0956","fg0522","fg0342","fg0401","fg0993","fg0510","fg0018","fg0922","fg0225","fg0772","fg0382","fg0963","fg0349","fg0197"
"fq003785","vx_8aedf6e1b5753b13","fg0872","1","fg0872","fg0538","fg0762","fg0288","fg0225","fg0536","fg0922","fg0956","fg0557","fg0401","fg0197","fg0722","fg0963","fg0395","fg0522","fg0945","fg0719","fg0993","fg0342","fg0451"
"fq003786","vx_8aedf6e1b5753b13","fg0872","1","fg0872","fg0762","fg0538","fg0288","fg0225","fg0044","fg0094","fg0349","fg0536","fg0455","fg0993","fg0956","fg0522","fg0922","fg0510","fg0963","fg0197","fg0557","fg0291","fg0401"
"fq003787","vx_8aedf6e1b5753b13","fg0872","1","fg0872","fg0538","fg0762","fg0722","fg0288","fg0536","fg0197","fg0510","fg0956","fg0522","fg0557","fg0342","fg0922","fg0225","fg0349","fg0638","fg0719","fg0772","fg0735","fg0153"
"fq003788","vx_8aedf6e1b5753b13","fg0872","1","fg0872","fg0762","fg0538","fg0288","fg0536","fg0349","fg0522","fg0722","fg0993","fg0455","fg0956","fg0094","fg0197","fg0557","fg0225","fg0510","fg0044","fg0342","fg0638","fg0922"
"fq003789","vx_8aedf6e1b5753b13","fg0872","1","fg0872","fg0762","fg0538","fg0288","fg0536","fg0510","fg0722","fg0349","fg0993","fg0956","fg0225","fg0850","fg0197","fg0522","fg0963","fg0342","fg0239","fg0455","fg0922","fg0638"
"fq003790","vx_8aedf6e1b5753b13","fg0872","1","fg0872","fg0762","fg0538","fg0288","fg0510","fg0536","fg0956","fg0349","fg0993","fg0722","fg0963","fg0197","fg0455","fg0342","fg0638","fg0225","fg0522","fg0557","fg0153","fg0719"
"fq003791","vx_8aedf6e1b5753b13","fg0872","1","fg0872","fg0762","fg0538","fg0956","fg0288","fg0536","fg0722","fg0349","fg0510","fg0225","fg0993","fg0522","fg0197","fg0638","fg0455","fg0342","fg0963","fg0291","fg0382","fg0922"
"fq003792","vx_8aedf6e1b5753b13","fg0872","1","fg0872","fg0538","fg0762","fg0288","fg0197","fg0225","fg0536","fg0956","fg0719","fg0722","fg0044","fg0922","fg0239","fg0379","fg0557","fg0963","fg0401","fg0510","fg0522","fg0349"
"fq003793","vx_8aedf6e1b5753b13","fg0872","1","fg0872","fg0762","fg0538","fg0225","fg0288","fg0722","fg0536","fg0956","fg0349","fg0799","fg0963","fg0522","fg0429","fg0719","fg0638","fg0239","fg0044","fg0557","fg0197","fg0701"
"fq003794","vx_8aedf6e1b5753b13","fg0872","1","fg0872","fg0538","fg0762","fg0510","fg0536","fg0288","fg0956","fg0722","fg0342","fg0349","fg0225","fg0993","fg0963","fg0455","fg0153","fg0197","fg0522","fg0735","fg0719","fg0922"
"fq003795","vx_8aedf6e1b5753b13","fg0872","1","fg0872","fg0762","fg0538","fg0510","fg0288","fg0956","fg0536","fg0993","fg0225","fg0349","fg0963","fg0197","fg0722","fg0342","fg0922","fg0379","fg0239","fg0291","fg0522","fg0455"
"fq003796","vx_8aedf6e1b5753b13","fg0872","1","fg0872","fg0762","fg0538","fg0288","fg0536","fg0225","fg0722","fg0349","fg0922","fg0455","fg0522","fg0044","fg0197","fg0993","fg0956","fg0094","fg0557","fg0342","fg0963","fg0510"
"fq003797","vx_8aedf6e1b5753b13","fg0872","1","fg0872","fg0762","fg0538","fg0288","fg0349","fg0225","fg0044","fg0536","fg0094","fg0291","fg0239","fg0956","fg0722","fg0993","fg0522","fg0455","fg0510","fg0197","fg0922","fg0698"
"fq003798","vx_8aedf6e1b5753b13","fg0872","1","fg0872","fg0762","fg0538","fg0288","fg0349","fg0225","fg0993","fg0094","fg0044","fg0536","fg0455","fg0239","fg0510","fg0956","fg0522","fg0722","fg0698","fg0342","fg0291","fg0795"
"fq003799","vx_8aedf6e1b5753b13","fg0872","1","fg0872","fg0762","fg0538","fg0288","fg0225","fg0349","fg0044","fg0239","fg0522","fg0722","fg0536","fg0197","fg0094","fg0557","fg0956","fg0291","fg0455","fg0922","fg0719","fg0631"
"fq003800","vx_8aedf6e1b5753b13","fg0872","1","fg0872","fg0762","fg0538","fg0288","fg0993","fg0349","fg0536","fg0510","fg0956","fg0455","fg0963","fg0722","fg0342","fg0225","fg0401","fg0044","fg0291","fg0698","fg0522","fg0094"
"fq003801","vx_8aedf6e1b5753b13","fg0872","1","fg0872","fg0762","fg0538","fg0225","fg0722","fg0956","fg0288","fg0536","fg0349","fg0522","fg0771","fg0557","fg0638","fg0197","fg0044","fg0239","fg0510","fg0719","fg0695","fg0342"
"fq003802","vx_8aedf6e1b5753b13","fg0872","60","fg0444","fg0769","fg0573","fg0500","fg0990","fg0868","fg0965","fg0672","fg0539","fg0673","fg0254","fg0598","fg0421","fg0147","fg0889","fg0416","fg0323","fg0956","fg0003","fg0197"
"fq003803","vx_8aedf6e1b5753b13","fg0872","1","fg0872","fg0538","fg0762","fg0956","fg0536","fg0288","fg0722","fg0197","fg0522","fg0638","fg0225","fg0557","fg0349","fg0993","fg0510","fg0395","fg0850","fg0922","fg0735","fg0342"
"fq003804","vx_8aedf6e1b5753b13","fg0872","1","fg0872","fg0401","fg0538","fg0018","fg0722","fg0922","fg0197","fg0536","fg0895","fg0500","fg0342","fg0469","fg0956","fg0638","fg0557","fg0382","fg0085","fg0735","fg0288","fg0225"
"fq003805","vx_8aedf6e1b5753b13","fg0872","1","fg0872","fg0762","fg0288","fg0538","fg0225","fg0963","fg0956","fg0044","fg0349","fg0719","fg0993","fg0522","fg0291","fg0536","fg0304","fg0799","fg0722","fg0197","fg0455","fg0318"
"fq003806","vx_8aedf6e1b5753b13","fg0872","1","fg0872","fg0762","fg0538","fg0288","fg0963","fg0536","fg0956","fg0510","fg0225","fg0349","fg0993","fg0342","fg0455","fg0557","fg0522","fg0722","fg0197","fg0401","fg0638","fg0698"
"fq003807","vx_8aedf6e1b5753b13","fg0872","1","fg0872","fg0538","fg0722","fg0197","fg0956","fg0638","fg0018","fg0922","fg0719","fg0536","fg0500","fg0895","fg0573","fg0557","fg0589","fg0395","fg0735","fg0382","fg0401","fg0342"
"fq003808","vx_8aedf6e1b5753b13","fg0872","1","fg0872","fg0762","fg0538","fg0288","fg0536","fg0349","fg0510","fg0956","fg0225","fg0722","fg0044","fg0993","fg0522","fg0963","fg0291","fg0455","fg0922","fg0197","fg0094","fg0342"
"fq003809","vx_a8ac76c8bf328dab","fg0873","1","fg0873","fg0659","fg0108","fg0729","fg0327","fg0859","fg0641","fg0355","fg0810","fg0299","fg0152","fg0225","fg0559","fg0140","fg0929","fg0304","fg0734","fg0240","fg0652","fg0272"
"fq003810","vx_a8ac76c8bf328dab","fg0873","1","fg0873","fg0225","fg0559","fg0108","fg0810","fg0355","fg0299","fg0729","fg0240","fg0721","fg0151","fg0880","fg0152","fg0525","fg0327","fg0444","fg0213","fg0659","fg0555","fg0514"
"fq003811","vx_a8ac76c8bf328dab","fg0873","1","fg0873","fg0859","fg0929","fg0108","fg0659","fg0772","fg0466","fg0050","fg0707","fg0641","fg0852","fg0665","fg0283","fg0558","fg0419","fg0970","fg0133","fg0272","fg0794","fg0198"
"fq003812","vx_a8ac76c8bf328dab","fg0873","1","fg0873","fg0859","fg0108","fg0929","fg0659","fg0466","fg0707","fg0772","fg0283","fg0558","fg0272","fg0419","fg0088","fg0826","fg0852","fg0970","fg0008","fg0779","fg0133","fg0997"
"fq003813","vx_c795d8c56532390e","fg0874","1","fg0874","fg0979","fg0953","fg0370","fg0085","fg0598","fg0676","fg0254","fg0965","fg0710","fg0094","fg0902","fg0736","fg0318","fg0832","fg0497","fg0093","fg0384","fg0563","fg0341"
"fq003814","vx_4d0974e9de5c42dc","fg0875","1","fg0875","fg0089","fg0168","fg0111","fg0935","fg0349","fg0038","fg0887","fg0731","fg0367","fg0818","fg0264","fg0498","fg0991","fg0674","fg0764","fg0841","fg0776","fg0940","fg0787"
"fq003815","vx_c1c248db2cfa94ff","fg0876","1","fg0876","fg0822","fg0301","fg0031","fg0549","fg0217","fg0277","fg0196","fg0987","fg0944","fg0759","fg0496","fg0842","fg0797","fg0670","fg0582","fg0629","fg0181","fg0200","fg0101"
"fq003816","vx_c1c248db2cfa94ff","fg0876","1","fg0876","fg0822","fg0301","fg0031","fg0549","fg0217","fg0277","fg0196","fg0629","fg0842","fg0181","fg0670","fg0987","fg0944","fg0582","fg0200","fg0348","fg0246","fg0101","fg0346"
"fq003817","vx_23c2c8340bb25c94","fg0877","1","fg0877","fg0292","fg0517","fg0653","fg0435","fg0513","fg0159","fg0113","fg0722","fg0212","fg0809","fg0448","fg0103","fg0851","fg0417","fg0641","fg0360","fg0628","fg0619","fg0699"
"fq003818","vx_9b9704f284a64cff","fg0878","1","fg0878","fg0262","fg0510","fg0789","fg0070","fg0895","fg0197","fg0707","fg0719","fg0190","fg0735","fg0018","fg0922","fg0781","fg0538","fg0270","fg0687","fg0153","fg0711","fg0749"
"fq003819","vx_86646817e9b5aa21","fg0879","1","fg0879","fg0885","fg0289","fg0485","fg0076","fg0451","fg0742","fg0051","fg0452","fg0031","fg0466","fg0527","fg0181","fg0943","fg0301","fg0463","fg0795","fg0659","fg0487","fg0827"
"fq003820","vx_f832e65171fa5b7b","fg0880","1","fg0880","fg0823","fg0755","fg0721","fg0555","fg0324","fg0202","fg0294","fg0275","fg0927","fg0937","fg0711","fg0810","fg0194","fg0906","fg0644","fg0806","fg0545","fg0846","fg0890"
"fq003821","vx_f832e65171fa5b7b","fg0880","1","fg0880","fg0823","fg0721","fg0755","fg0559","fg0810","fg0495","fg0644","fg0294","fg0556","fg0555","fg0931","fg0525","fg0095","fg0796","fg0711","fg0202","fg0729","fg0927","fg0194"
"fq003822","vx_f832e65171fa5b7b","fg0880","1","fg0880","fg0823","fg0559","fg0495","fg0644","fg0721","fg0525","fg0931","fg0810","fg0355","fg0755","fg0152","fg0729","fg0299","fg0504","fg0556","fg0802","fg0555","fg0206","fg0055"
"fq003823","vx_f832e65171fa5b7b","fg0880","1","fg0880","fg0823","fg0559","fg0495","fg0644","fg0721","fg0931","fg0755","fg0055","fg0294","fg0299","fg0810","fg0521","fg0525","fg0090","fg0152","fg0355","fg0729","fg0504","fg0556"
"fq003824","vx_f832e65171fa5b7b","fg0880","1","fg0880","fg0823","fg0721","fg0755","fg0555","fg0202","fg0810","fg0294","fg0559","fg0927","fg0324","fg0711","fg0906","fg0545","fg0937","fg0259","fg0275","fg0568","fg0890","fg0644"
"fq003825","vx_f832e65171fa5b7b","fg0880","1","fg0880","fg0823","fg0559","fg0721","fg0525","fg0495","fg0152","fg0644","fg0931","fg0355","fg0810","fg0755","fg0729","fg0114","fg0927","fg0225","fg0555","fg0802","fg0500","fg0055"
"fq003826","vx_f832e65171fa5b7b","fg0880","1","fg0880","fg0823","fg0721","fg0755","fg0324","fg0555","fg0294","fg0202","fg0711","fg0906","fg0927","fg0545","fg0937","fg0810","fg0275","fg0644","fg0559","fg0988","fg0090","fg0233"
"fq003827","vx_f832e65171fa5b7b","fg0880","1","fg0880","fg0823","fg0721","fg0755","fg0559","fg0927","fg0555","fg0810","fg0556","fg0324","fg0294","fg0644","fg0275","fg0495","fg0931","fg0202","fg0225","fg0937","fg0525","fg0796"
"fq003828","vx_f832e65171fa5b7b","fg0880","1","fg0880","fg0823","fg0755","fg0721","fg0644","fg0294","fg0810","fg0495","fg0559","fg0796","fg0556","fg0931","fg0555","fg0525","fg0711","fg0890","fg0090","fg0095","fg0194","fg0655"
"fq003829","vx_f832e65171fa5b7b","fg0880","1","fg0880","fg0823","fg0721","fg0755","fg0810","fg0559","fg0495","fg0525","fg0225","fg0294","fg0644","fg0931","fg0802","fg0927","fg0545","fg0555","fg0299","fg0711","fg0355","fg0556"
"fq003830","vx_f832e65171fa5b7b","fg0880","1","fg0880","fg0823","fg0721","fg0755","fg0555","fg0324","fg0294","fg0202","fg0711","fg0810","fg0906","fg0545","fg0927","fg0559","fg0644","fg0890","fg0937","fg0610","fg0796","fg0568"
"fq003831","vx_049fb44e1b550100","fg0881","1","fg0881","fg0622","fg0744","fg0914","fg0198","fg0083","fg0383","fg0379","fg0087","fg0385","fg0128","fg0718","fg0178","fg0352","fg0242","fg0482","fg0355","fg0811","fg0305","fg0062"
"fq003832","vx_049fb44e1b550100","fg0881","1","fg0881","fg0622","fg0744","fg0460","fg0083","fg0087","fg0352","fg0383","fg0198","fg0242","fg0914","fg0482","fg0178","fg0766","fg0128","fg0718","fg0915","fg0068","fg0305","fg0926"
"fq003833","vx_049fb44e1b550100","fg0881","1","fg0881","fg0744","fg0622","fg0352","fg0914","fg0083","fg0383","fg0087","fg0460","fg0198","fg0242","fg0178","fg0482","fg0766","fg0915","fg0718","fg0128","fg0516","fg0068","fg0295"
"fq003834","vx_049fb44e1b550100","fg0881","1","fg0881","fg0744","fg0622","fg0352","fg0460","fg0083","fg0383","fg0914","fg0087","fg0915","fg0242","fg0198","fg0926","fg0766","fg0482","fg0178","fg0295","fg0068","fg0576","fg0718"
"fq003835","vx_049fb44e1b550100","fg0881","1","fg0881","fg0744","fg0352","fg0622","fg0087","fg0766","fg0460","fg0915","fg0914","fg0242","fg0516","fg0295","fg0863","fg0926","fg0116","fg0569","fg0155","fg0576","fg0383","fg0178"
"fq003836","vx_049fb44e1b550100","fg0881","1","fg0881","fg0744","fg0622","fg0352","fg0914","fg0083","fg0383","fg0460","fg0087","fg0198","fg0242","fg0870","fg0178","fg0766","fg0718","fg0915","fg0128","fg0482","fg0516","fg0295"
"fq003837","vx_049fb44e1b550100","fg0881","1","fg0881","fg0744","fg0622","fg0352","fg0460","fg0915","fg0914","fg0926","fg0083","fg0087","fg0383","fg0576","fg0198","fg0242","fg0295","fg0766","fg0516","fg0178","fg0482","fg0718"
"fq003838","vx_eb70d7dcdd3cda81","fg0882","1","fg0882","fg0704","fg0792","fg0777","fg0277","fg0149","fg0614","fg0602","fg0680","fg0494","fg0475","fg0188","fg0422","fg0861","fg0520","fg0282","fg0122","fg0739","fg0459","fg0763"
"fq003839","vx_eb70d7dcdd3cda81","fg0882","1","fg0882","fg0704","fg0792","fg0149","fg0614","fg0494","fg0777","fg0277","fg0602","fg0680","fg0188","fg0475","fg0520","fg0070","fg0593","fg0699","fg0422","fg0861","fg0581","fg0577"
"fq003840","vx_eb70d7dcdd3cda81","fg0882","1","fg0882","fg0704","fg0792","fg0602","fg0777","fg0149","fg0614","fg0277","fg0188","fg0494","fg0475","fg0680","fg0459","fg0422","fg0122","fg0282","fg0739","fg0763","fg0593","fg0538"
"fq003841","vx_eb70d7dcdd3cda81","fg0882","1","fg0882","fg0704","fg0792","fg0602","fg0494","fg0149","fg0188","fg0277","fg0475","fg0614","fg0777","fg0422","fg0282","fg0560","fg0459","fg0520","fg0861","fg0739","fg0581","fg0577"
"fq003842","vx_eb70d7dcdd3cda81","fg0882","1","fg0882","fg0704","fg0792","fg0149","fg0614","fg0277","fg0777","fg0494","fg0481","fg0602","fg0680","fg0739","fg0188","fg0282","fg0577","fg0763","fg0422","fg0520","fg0475","fg0581"
"fq003843","vx_eb70d7dcdd3cda81","fg0882","1","fg0882","fg0792","fg0704","fg0494","fg0560","fg0602","fg0422","fg0277","fg0614","fg0188","fg0288","fg0777","fg0861","fg0475","fg0699","fg0739","fg0871","fg0659","fg0520","fg0056"
"fq003844","vx_eb70d7dcdd3cda81","fg0882","1","fg0882","fg0704","fg0792","fg0602","fg0777","fg0494","fg0149","fg0614","fg0188","fg0277","fg0422","fg0475","fg0861","fg0680","fg0282","fg0560","fg0481","fg0520","fg0577","fg0459"
"fq003845","vx_b883c0b4ed9af243","fg0883","1","fg0883","fg0598","fg0440","fg0708","fg0304","fg0318","fg0291","fg0960","fg0093","fg0118","fg0299","fg0606","fg0667","fg0358","fg0341","fg0502","fg0799","fg0416","fg0953","fg0085"
"fq003846","vx_cb457cbe3ce3bee5","fg0884","1","fg0884","fg0052","fg0216","fg0909","fg0796","fg0478","fg0017","fg0983","fg0123","fg0759","fg0224","fg0333","fg0572","fg0839","fg0917","fg0036","fg0828","fg0691","fg0409","fg0389"
"fq003847","vx_cb457cbe3ce3bee5","fg0884","1","fg0884","fg0909","fg0052","fg0796","fg0478","fg0017","fg0828","fg0092","fg0216","fg0224","fg0555","fg0839","fg0572","fg0983","fg0759","fg0917","fg0077","fg0691","fg0389","fg0104"
"fq003848","vx_cb457cbe3ce3bee5","fg0884","1","fg0884","fg0478","fg0052","fg0909","fg0796","fg0216","fg0224","fg0828","fg0839","fg0017","fg0983","fg0123","fg0389","fg0759","fg0189","fg0814","fg0092","fg0572","fg0691","fg0917"
"fq003849","vx_cb457cbe3ce3bee5","fg0884","1","fg0884","fg0909","fg0052","fg0017","fg0796","fg0092","fg0828","fg0216","fg0478","fg0572","fg0983","fg0224","fg0333","fg0839","fg0123","fg0189","fg0555","fg0759","fg0691","fg0451"
"fq003850","vx_cb457cbe3ce3bee5","fg0884","1","fg0884","fg0052","fg0909","fg0796","fg0216","fg0224","fg0983","fg0017","fg0478","fg0333","fg0917","fg0092","fg0828","fg0555","fg0636","fg0572","fg0189","fg0994","fg0759","fg0036"
"fq003851","vx_cb457cbe3ce3bee5","fg0884","1","fg0884","fg0909","fg0478","fg0017","fg0052","fg0796","fg0216","fg0224","fg0839","fg0983","fg0092","fg0555","fg0204","fg0828","fg0389","fg0123","fg0759","fg0994","fg0102","fg0572"
"fq003852","vx_cb457cbe3ce3bee5","fg0884","1","fg0884","fg0052","fg0909","fg0478","fg0796","fg0216","fg0839","fg0017","fg0389","fg0224","fg0572","fg0983","fg0092","fg0123","fg0828","fg0333","fg0759","fg0968","fg0036","fg0189"
"fq003853","vx_cb457cbe3ce3bee5","fg0884","1","fg0884","fg0052","fg0909","fg0478","fg0796","fg0216","fg0224","fg0983","fg0017","fg0759","fg0839","fg0572","fg0123","fg0036","fg0917","fg0389","fg0333","fg0189","fg0092","fg0409"
"fq003854","vx_cb457cbe3ce3bee5","fg0884","1","fg0884","fg0909","fg0796","fg0839","fg0572","fg0828","fg0052","fg0017","fg0478","fg0216","fg0224","fg0451","fg0389","fg0333","fg0092","fg0189","fg0496","fg0363","fg0036","fg0102"
"fq003855","vx_cb457cbe3ce3bee5","fg0884","1","fg0884","fg0052","fg0909","fg0017","fg0216","fg0983","fg0796","fg0478","fg0572","fg0224","fg0333","fg0759","fg0994","fg0917","fg0123","fg0904","fg0363","fg0092","fg0104","fg0691"
"fq003856","vx_cb457cbe3ce3bee5","fg0884","1","fg0884","fg0909","fg0216","fg0052","fg0796","fg0478","fg0828","fg0017","fg0839","fg0224","fg0994","fg0092","fg0983","fg0555","fg0189","fg0451","fg0572","fg0759","fg0389","fg0691"
"fq003857","vx_cb457cbe3ce3bee5","fg0884","1","fg0884","fg0796","fg0909","fg0478","fg0052","fg0828","fg0839","fg0017","fg0333","fg0572","fg0759","fg0224","fg0123","fg0216","fg0983","fg0092","fg0555","fg0036","fg0668","fg0389"
"fq003858","vx_cb457cbe3ce3bee5","fg0884","1","fg0884","fg0909","fg0052","fg0478","fg0796","fg0839","fg0216","fg0572","fg0224","fg0123","fg0983","fg0017","fg0759","fg0828","fg0189","fg0409","fg0389","fg0092","fg0333","fg0036"
"fq003859","vx_cb457cbe3ce3bee5","fg0884","1","fg0884","fg0909","fg0796","fg0052","fg0224","fg0478","fg0017","fg0572","fg0828","fg0839","fg0216","fg0092","fg0983","fg0555","fg0104","fg0759","fg0036","fg0389","fg0691","fg0123"
"fq003860","vx_cb457cbe3ce3bee5","fg0884","1","fg0884","fg0839","fg0796","fg0478","fg0572","fg0909","fg0828","fg0224","fg0496","fg0036","fg0389","fg0275","fg0876","fg0049","fg0092","fg0814","fg0688","fg0968","fg0363","fg0759"
"fq003861","vx_cb457cbe3ce3bee5","fg0884","1","fg0884","fg0909","fg0478","fg0017","fg0052","fg0796","fg0216","fg0224","fg0092","fg0828","fg0983","fg0839","fg0759","fg0189","fg0333","fg0572","fg0123","fg0994","fg0389","fg0555"
"fq003862","vx_32bba36dafb972cc","fg0885","2","fg0533","fg0885","fg0388","fg0527","fg0001","fg0503","fg0298","fg0130","fg0320","fg0758","fg0879","fg0241","fg0793","fg0140","fg0490","fg0647","fg0500","fg0123","fg0333","fg0569"
"fq003863","vx_32bba36dafb972cc","fg0885","1","fg0885","fg0533","fg0388","fg0001","fg0503","fg0527","fg0130","fg0569","fg0758","fg0793","fg0298","fg0140","fg0320","fg0879","fg0123","fg0387","fg0146","fg0389","fg0568","fg0258"
"fq003864","vx_1d28ecdd74238731","fg0886","1","fg0886","fg0441","fg0434","fg0369","fg0846","fg0995","fg0835","fg0885","fg0451","fg0511","fg0917","fg0879","fg0517","fg0898","fg0527","fg0001","fg0449","fg0503","fg0298","fg0109"
"fq003865","vx_bebc6bb49f370280","fg0887","1","fg0887","fg0934","fg0032","fg0406","fg0004","fg0396","fg0898","fg0266","fg0851","fg0309","fg0394","fg0366","fg0875","fg0089","fg0657","fg0749","fg0202","fg0100","fg0349","fg0920"
"fq003866","vx_aa08d5ebf4ed3166","fg0888","319","fg0509","fg0673","fg0769","fg0167","fg0440","fg0599","fg0990","fg0672","fg0993","fg0147","fg0922","fg0543","fg0299","fg0657","fg0407","fg0883","fg0055","fg0729","fg0318","fg0444"
"fq003867","vx_aa08d5ebf4ed3166","fg0888","1","fg0888","fg0262","fg0789","fg0509","fg0256","fg0781","fg0922","fg0588","fg0967","fg0411","fg0246","fg0147","fg0938","fg0579","fg0283","fg0627","fg0794","fg0355","fg0729","fg0878"
"fq003868","vx_aa08d5ebf4ed3166","fg0888","1","fg0888","fg0256","fg0262","fg0246","fg0789","fg0781","fg0967","fg0221","fg0619","fg0650","fg0283","fg0329","fg0801","fg0108","fg0428","fg0035","fg0398","fg0653","fg0929","fg0878"
"fq003869","vx_aa08d5ebf4ed3166","fg0888","1","fg0888","fg0256","fg0246","fg0818","fg0674","fg0834","fg0967","fg0400","fg0781","fg0329","fg0179","fg0315","fg0176","fg0102","fg0828","fg0119","fg0001","fg0789","fg0021","fg0976"
"fq003870","vx_aa08d5ebf4ed3166","fg0888","1","fg0888","fg0834","fg0256","fg0807","fg0246","fg0021","fg0158","fg0400","fg0119","fg0739","fg0329","fg0967","fg0674","fg0789","fg0062","fg0763","fg0794","fg0871","fg0818","fg0549"
"fq003871","vx_9cca2c6f38b131eb","fg0889","1","fg0889","fg0527","fg0211","fg0397","fg0584","fg0749","fg0647","fg0907","fg0059","fg0552","fg0249","fg0942","fg0334","fg0297","fg0260","fg0117","fg0227","fg0270","fg0254","fg0588"
"fq003872","vx_202e2022ec125f87","fg0890","1","fg0890","fg0024","fg0949","fg0909","fg0259","fg0043","fg0994","fg0823","fg0917","fg0470","fg0670","fg0946","fg0457","fg0435","fg0666","fg0095","fg0104","fg0815","fg0055","fg0202"
"fq003873","vx_f76e0a82ee6d6f60","fg0891","1","fg0891","fg0082","fg0263","fg0382","fg0716","fg0312","fg0039","fg0307","fg0146","fg0472","fg0530","fg0798","fg0639","fg0757","fg0260","fg0007","fg0592","fg0473","fg0109","fg0371"
"fq003874","vx_793939f2d0d17570","fg0892","1","fg0892","fg0986","fg0046","fg0169","fg0310","fg0428","fg0172","fg0656","fg0929","fg0214","fg0364","fg0916","fg0178","fg0229","fg0277","fg0482","fg0881","fg0818","fg0776","fg0384"
"fq003875","vx_793939f2d0d17570","fg0892","1","fg0892","fg0986","fg0046","fg0169","fg0428","fg0310","fg0656","fg0916","fg0214","fg0929","fg0172","fg0178","fg0229","fg0384","fg0364","fg0818","fg0482","fg0897","fg0706","fg0881"
"fq003876","vx_793939f2d0d17570","fg0892","1","fg0892","fg0986","fg0046","fg0364","fg0169","fg0214","fg0428","fg0310","fg0656","fg0172","fg0929","fg0277","fg0916","fg0826","fg0178","fg0944","fg0229","fg0560","fg0761","fg0742"
"fq003877","vx_793939f2d0d17570","fg0892","1","fg0892","fg0986","fg0046","fg0169","fg0310","fg0428","fg0656","fg0214","fg0172","fg0364","fg0916","fg0929","fg0178","fg0229","fg0826","fg0482","fg0277","fg0742","fg0881","fg0897"
"fq003878","vx_70a3003d38a2625b","fg0893","1","fg0893","fg0863","fg0980","fg0748","fg0648","fg0327","fg0206","fg0528","fg0464","fg0567","fg0855","fg0055","fg0974","fg0989","fg0988","fg0389","fg0068","fg0025","fg0054","fg0728"
"fq003879","vx_39c1b751910a79fb","fg0894","1","fg0894","fg0147","fg0864","fg0251","fg0114","fg0945","fg0655","fg0794","fg0807","fg0467","fg0735","fg0904","fg0055","fg0075","fg0327","fg0296","fg0613","fg0464","fg0227","fg0440"
"fq003880","vx_39c1b751910a79fb","fg0894","1","fg0894","fg0904","fg0697","fg0564","fg0409","fg0864","fg0075","fg0686","fg0251","fg0984","fg0121","fg0227","fg0798","fg0467","fg0655","fg0547","fg0175","fg0813","fg0555","fg0847"
"fq003881","vx_39c1b751910a79fb","fg0894","1","fg0894","fg0697","fg0564","fg0904","fg0467","fg0147","fg0251","fg0864","fg0055","fg0813","fg0613","fg0227","fg0666","fg0552","fg0249","fg0075","fg0190","fg0735","fg0686","fg0435"
"fq003882","vx_39c1b751910a79fb","fg0894","1","fg0894","fg0904","fg0564","fg0251","fg0697","fg0798","fg0686","fg0613","fg0075","fg0409","fg0813","fg0055","fg0547","fg0864","fg0655","fg0984","fg0467","fg0435","fg0552","fg0807"
"fq003883","vx_dededf8bf05f1c8a","fg0895","1","fg0895","fg0018","fg1000","fg0549","fg0684","fg0197","fg0781","fg0707","fg0772","fg0469","fg0794","fg0541","fg0922","fg0722","fg0270","fg0272","fg0994","fg0536","fg0749","fg0522"
"fq003884","vx_dededf8bf05f1c8a","fg0895","1","fg0895","fg0018","fg0549","fg0684","fg1000","fg0536","fg0781","fg0522","fg0197","fg0994","fg0469","fg0270","fg0374","fg0794","fg0541","fg0707","fg0825","fg0722","fg0922","fg0321"
"fq003885","vx_dededf8bf05f1c8a","fg0895","1","fg0895","fg0018","fg1000","fg0707","fg0272","fg0684","fg0549","fg0270","fg0321","fg0536","fg0197","fg0772","fg0781","fg0550","fg0994","fg0794","fg0970","fg0749","fg0878","fg0469"
"fq003886","vx_dededf8bf05f1c8a","fg0895","1","fg0895","fg0018","fg0684","fg1000","fg0469","fg0197","fg0922","fg0536","fg0781","fg0749","fg0772","fg0270","fg0722","fg0599","fg0321","fg0538","fg0549","fg0395","fg0672","fg0638"
"fq003887","vx_dededf8bf05f1c8a","fg0895","1","fg0895","fg0018","fg1000","fg0469","fg0197","fg0772","fg0549","fg0541","fg0781","fg0684","fg0749","fg0722","fg0707","fg0153","fg0922","fg0522","fg0994","fg0270","fg0536","fg0395"
"fq003888","vx_dededf8bf05f1c8a","fg0895","1","fg0895","fg0018","fg0684","fg0536","fg0321","fg1000","fg0469","fg0794","fg0549","fg0270","fg0749","fg0781","fg0922","fg0197","fg0538","fg0599","fg0722","fg0374","fg0638","fg0522"
"fq003889","vx_d2ada97d2338fe0d","fg0896","1","fg0896","fg0209","fg0036","fg0759","fg0399","fg0097","fg0796","fg0044","fg0595","fg0514","fg0572","fg0237","fg0610","fg0013","fg0526","fg0816","fg0330","fg0616","fg0701","fg0626"
"fq003890","vx_647362945d3c77da","fg0897","1","fg0897","fg0310","fg0414","fg0802","fg0878","fg0043","fg0666","fg0579","fg0152","fg0430","fg0687","fg0108","fg0813","fg0069","fg0190","fg0127","fg0060","fg0363","fg0201","fg0121"
"fq003891","vx_647362945d3c77da","fg0897","1","fg0897","fg0310","fg0414","fg0430","fg0986","fg0201","fg0579","fg0043","fg0878","fg0802","fg0127","fg0892","fg0152","fg0046","fg0108","fg0682","fg0681","fg0706","fg0069","fg0229"
"fq003892","vx_afbcc2d67ccbc43e","fg0898","1","fg0898","fg0183","fg0132","fg0870","fg0551","fg0510","fg0070","fg0835","fg0940","fg0887","fg0878","fg0707","fg0718","fg0538","fg0997","fg0798","fg0404","fg0182","fg0548","fg0113"
"fq003893","vx_afbcc2d67ccbc43e","fg0898","1","fg0898","fg0183","fg0870","fg0551","fg0070","fg0510","fg0404","fg0282","fg0887","fg0132","fg0707","fg0798","fg0138","fg0940","fg0473","fg0024","fg0718","fg0997","fg0294","fg0113"
"fq003894","vx_2446d3789ecc9196","fg0899","1","fg0899","fg0077","fg0773","fg0928","fg0455","fg0097","fg0642","fg0462","fg0781","fg0427","fg0830","fg0070","fg0623","fg0395","fg0540","fg0493","fg0956","fg0786","fg0940","fg0774"
"fq003895","vx_68302e60d8fcb687","fg0900","1","fg0900","fg0116","fg0679","fg0909","fg0818","fg0229","fg0063","fg0776","fg0055","fg0428","fg0748","fg0558","fg0143","fg0918","fg0009","fg0046","fg0620","fg0666","fg0586","fg0021"
"fq003896","vx_4ad97dc54577b8cd","fg0901","1","fg0901","fg0830","fg0339","fg0786","fg0480","fg0795","fg0870","fg0911","fg0658","fg0158","fg0932","fg0002","fg0470","fg0586","fg0623","fg0391","fg0849","fg0708","fg0980","fg0709"
"fq003897","vx_4ad97dc54577b8cd","fg0901","1","fg0901","fg0830","fg0339","fg0786","fg0795","fg0911","fg0932","fg0870","fg0480","fg0658","fg0158","fg0708","fg0586","fg0849","fg0470","fg0980","fg0175","fg0002","fg0625","fg0709"
"fq003898","vx_0cece4c9f2bc9044","fg0902","1","fg0902","fg0352","fg0064","fg0764","fg0881","fg0979","fg0622","fg0744","fg0914","fg0254","fg0083","fg0889","fg0985","fg0117","fg0152","fg0227","fg0874","fg0383","fg0370","fg0288"
"fq003899","vx_feaddddaa454086c","fg0903","1","fg0903","fg0774","fg0785","fg0286","fg0705","fg0392","fg0955","fg0352","fg0930","fg0192","fg0096","fg0017","fg0531","fg0933","fg0127","fg0730","fg0450","fg0643","fg0964","fg0607"
"fq003900","vx_feaddddaa454086c","fg0903","1","fg0903","fg0192","fg0933","fg0254","fg0730","fg0341","fg0286","fg0512","fg0785","fg0953","fg0979","fg0774","fg0874","fg0993","fg0574","fg0352","fg0440","fg0563","fg0883","fg0930"
"fq003901","vx_feaddddaa454086c","fg0903","1","fg0903","fg0930","fg0785","fg0774","fg0286","fg0392","fg0534","fg0192","fg0933","fg0733","fg0705","fg0955","fg0554","fg0512","fg0420","fg0254","fg0020","fg0993","fg0093","fg0068"
"fq003902","vx_feaddddaa454086c","fg0903","1","fg0903","fg0785","fg0286","fg0534","fg0774","fg0930","fg0955","fg0705","fg0554","fg0289","fg0607","fg0725","fg0933","fg0352","fg0439","fg0192","fg0505","fg0392","fg0129","fg0692"
"fq003903","vx_feaddddaa454086c","fg0903","1","fg0903","fg0192","fg0930","fg0286","fg0774","fg0785","fg0705","fg0933","fg0730","fg0439","fg0352","fg0096","fg0955","fg0953","fg0127","fg0512","fg0392","fg0450","fg0206","fg0993"
"fq003904","vx_feaddddaa454086c","fg0903","1","fg0903","fg0192","fg0730","fg0286","fg0774","fg0352","fg0785","fg0953","fg0254","fg0705","fg0512","fg0933","fg0341","fg0955","fg0994","fg0017","fg0068","fg0930","fg0127","fg0598"
"fq003905","vx_feaddddaa454086c","fg0903","1","fg0903","fg0730","fg0254","fg0017","fg0994","fg0286","fg0508","fg0563","fg0979","fg0451","fg0104","fg0574","fg0192","fg0531","fg0096","fg0352","fg0691","fg0643","fg0953","fg0341"
"fq003906","vx_feaddddaa454086c","fg0903","1","fg0903","fg0930","fg0774","fg0286","fg0785","fg0392","fg0192","fg0933","fg0254","fg0705","fg0955","fg0607","fg0450","fg0902","fg0574","fg0054","fg0979","fg0289","fg0439","fg0534"
"fq003907","vx_feaddddaa454086c","fg0903","1","fg0903","fg0286","fg0192","fg0774","fg0730","fg0930","fg0933","fg0785","fg0352","fg0705","fg0254","fg0096","fg0341","fg0439","fg0512","fg0955","fg0953","fg0508","fg0127","fg0104"
"fq003908","vx_feaddddaa454086c","fg0903","1","fg0903","fg0286","fg0730","fg0192","fg0705","fg0930","fg0774","fg0352","fg0785","fg0955","fg0994","fg0254","fg0933","fg0104","fg0547","fg0953","fg0607","fg0217","fg0096","fg0902"
"fq003909","vx_feaddddaa454086c","fg0903","1","fg0903","fg0286","fg0730","fg0930","fg0192","fg0953","fg0774","fg0352","fg0933","fg0785","fg0254","fg0341","fg0902","fg0392","fg0874","fg0705","fg0439","fg0217","fg0096","fg0743"
"fq003910","vx_feaddddaa454086c","fg0903","1","fg0903","fg0192","fg0286","fg0352","fg0730","fg0254","fg0096","fg0933","fg0930","fg0512","fg0341","fg0953","fg0774","fg0017","fg0068","fg0080","fg0785","fg0883","fg0705","fg0603"
"fq003911","vx_feaddddaa454086c","fg0903","1","fg0903","fg0286","fg0930","fg0192","fg0774","fg0705","fg0730","fg0352","fg0933","fg0785","fg0955","fg0439","fg0096","fg0953","fg0068","fg0017","fg0512","fg0127","fg0607","fg0254"
"fq003912","vx_feaddddaa454086c","fg0903","1","fg0903","fg0785","fg0286","fg0254","fg0192","fg0512","fg0979","fg0341","fg0774","fg0930","fg0933","fg0874","fg0534","fg0705","fg0439","fg0289","fg0953","fg0955","fg0902","fg0993"
"fq003913","vx_feaddddaa454086c","fg0903","1","fg0903","fg0930","fg0785","fg0286","fg0774","fg0607","fg0440","fg0054","fg0254","fg0534","fg0724","fg0512","fg0289","fg0953","fg0979","fg0192","fg0993","fg0392","fg0096","fg0933"
"fq003914","vx_feaddddaa454086c","fg0903","1","fg0903","fg0192","fg0512","fg0933","fg0318","fg0012","fg0993","fg0979","fg0953","fg0440","fg0598","fg0832","fg0708","fg0530","fg0341","fg0921","fg0047","fg0226","fg0068","fg0439"
"fq003915","vx_feaddddaa454086c","fg0903","1","fg0903","fg0774","fg0286","fg0705","fg0785","fg0352","fg0547","fg0955","fg0730","fg0930","fg0192","fg0017","fg0994","fg0096","fg0691","fg0531","fg0534","fg0289","fg0450","fg0601"
"fq003916","vx_feaddddaa454086c","fg0903","1","fg0903","fg0286","fg0352","fg0930","fg0730","fg0774","fg0192","fg0705","fg0254","fg0953","fg0785","fg0994","fg0392","fg0080","fg0643","fg0341","fg0979","fg0217","fg0017","fg0955"
"fq003917","vx_feaddddaa454086c","fg0903","1","fg0903","fg0930","fg0774","fg0785","fg0352","fg0286","fg0192","fg0705","fg0955","fg0933","fg0096","fg0993","fg0646","fg0080","fg0289","fg0254","fg0439","fg0450","fg0730","fg0899"
"fq003918","vx_feaddddaa454086c","fg0903","1","fg0903","fg0774","fg0286","fg0352","fg0785","fg0705","fg0730","fg0930","fg0192","fg0933","fg0955","fg0096","fg0607","fg0547","fg0127","fg0392","fg0017","fg0450","fg0254","fg0341"
"fq003919","vx_feaddddaa454086c","fg0903","1","fg0903","fg0785","fg0192","fg0930","fg0286","fg0933","fg0254","fg0774","fg0953","fg0598","fg0705","fg0993","fg0512","fg0440","fg0341","fg0392","fg0439","fg0446","fg0574","fg0534"
"fq003920","vx_f72731771f74c531","fg0904","1","fg0904","fg0654","fg0687","fg0043","fg0547","fg0798","fg0435","fg0199","fg0447","fg0017","fg0216","fg0762","fg0894","fg0104","fg0711","fg0092","fg0995","fg0522","fg0813","fg0994"
"fq003921","vx_7086d1fda3a625bd","fg0905","1","fg0905","fg0999","fg0615","fg0596","fg0354","fg0203","fg0989","fg0702","fg0075","fg0849","fg0272","fg0978","fg0543","fg0830","fg0053","fg0841","fg0664","fg0507","fg0132","fg0601"
"fq003922","vx_196d71be1c15b064","fg0906","1","fg0906","fg0880","fg0114","fg0355","fg0651","fg0240","fg0151","fg0927","fg0810","fg0635","fg0455","fg0559","fg0464","fg0327","fg0299","fg0373","fg0775","fg0570","fg0707","fg0272"
"fq003923","vx_0416a2375de6999c","fg0907","1","fg0907","fg0211","fg0843","fg0173","fg0740","fg0067","fg0942","fg0059","fg0195","fg0657","fg0186","fg0106","fg0082","fg0533","fg0334","fg0790","fg0819","fg0712","fg0811","fg0397"
"fq003924","vx_0416a2375de6999c","fg0907","1","fg0907","fg0843","fg0106","fg0211","fg0740","fg0918","fg0173","fg0533","fg0692","fg0059","fg0647","fg0544","fg0186","fg0942","fg0885","fg0515","fg0966","fg0067","fg0126","fg0806"
"fq003925","vx_0416a2375de6999c","fg0907","1","fg0907","fg0740","fg0211","fg0843","fg0186","fg0173","fg0515","fg0647","fg0082","fg0025","fg0334","fg0367","fg0106","fg0067","fg0811","fg0397","fg0312","fg0126","fg0490","fg0974"
"fq003926","vx_42d2ba6edd93a450","fg0908","1","fg0908","fg0029","fg0590","fg0559","fg0373","fg0390","fg0282","fg0099","fg0081","fg0436","fg0023","fg0431","fg0050","fg0519","fg0150","fg0419","fg0276","fg0459","fg0597","fg0362"
"fq003927","vx_51278ccc3ddad30a","fg0909","1","fg0909","fg0890","fg0949","fg0796","fg0884","fg0222","fg0457","fg0369","fg0838","fg0092","fg0853","fg0209","fg0017","fg0043","fg0224","fg0104","fg0478","fg0555","fg0918","fg0691"
"fq003928","vx_a3615dc8ee941e45","fg0910","1","fg0910","fg0859","fg0541","fg0772","fg0469","fg0168","fg0959","fg0777","fg0218","fg0139","fg0453","fg0270","fg0991","fg0847","fg0276","fg0690","fg0018","fg0354","fg0787","fg0305"
"fq003929","vx_60c0d1a9aa7fa719","fg0911","1","fg0911","fg0795","fg0012","fg0332","fg0603","fg0625","fg0255","fg0502","fg0027","fg0901","fg0623","fg0395","fg0530","fg0019","fg0716","fg0861","fg0921","fg0323","fg0141","fg0146"
"fq003930","vx_60c0d1a9aa7fa719","fg0911","1","fg0911","fg0795","fg0603","fg0012","fg0530","fg0332","fg0502","fg0027","fg0625","fg0901","fg0963","fg0141","fg0623","fg0861","fg0981","fg0255","fg0832","fg0921","fg0167","fg0244"
"fq003931","vx_019fa25a6be5bb59","fg0912","1","fg0912","fg0570","fg0461","fg0292","fg0010","fg0272","fg0348","fg0906","fg0038","fg0203","fg0111","fg0707","fg0550","fg0091","fg0345","fg0664","fg0471","fg0077","fg0875","fg0026"
"fq003932","vx_019fa25a6be5bb59","fg0912","1","fg0912","fg0570","fg0348","fg0461","fg0345","fg0010","fg0111","fg0906","fg0038","fg0292","fg0272","fg0188","fg0664","fg0550","fg0203","fg0259","fg0649","fg0608","fg0855","fg0471"
"fq003933","vx_03c88db730c88e4b","fg0913","1","fg0913","fg0468","fg0979","fg0255","fg0540","fg0047","fg0007","fg0017","fg0850","fg0291","fg0352","fg0288","fg0673","fg0908","fg0101","fg0254","fg0902","fg0640","fg0370","fg0822"
"fq003934","vx_d340fdf77af53023","fg0914","1","fg0914","fg0990","fg0769","fg0673","fg0416","fg0355","fg0379","fg0047","fg0960","fg0547","fg0881","fg0573","fg0299","fg0131","fg0979","fg0803","fg0667","fg0198","fg0778","fg0037"
"fq003935","vx_d340fdf77af53023","fg0914","1","fg0914","fg0744","fg0881","fg0352","fg0622","fg0083","fg0902","fg0087","fg0673","fg0198","fg0974","fg0990","fg0128","fg0247","fg0577","fg0769","fg0644","fg0416","fg0803","fg0569"
"fq003936","vx_ae3b451efa8414e3","fg0915","412","fg0509","fg0433","fg0262","fg0628","fg0660","fg0812","fg0438","fg0967","fg0603","fg0102","fg0483","fg0815","fg0539","fg0627","fg0057","fg0411","fg0888","fg0194","fg0639","fg0911"
"fq003937","vx_ae3b451efa8414e3","fg0915","1","fg0915","fg0926","fg0576","fg0460","fg0613","fg0160","fg0454","fg0735","fg0288","fg0193","fg0352","fg0155","fg0516","fg0757","fg0149","fg0054","fg0340","fg0984","fg0551","fg0470"
"fq003938","vx_8a55a9825709bc03","fg0916","1","fg0916","fg0143","fg0015","fg0131","fg0515","fg0868","fg0365","fg0803","fg0982","fg0067","fg0843","fg0039","fg0811","fg0594","fg0295","fg0482","fg0468","fg0663","fg0573","fg0002"
"fq003939","vx_8a55a9825709bc03","fg0916","1","fg0916","fg0143","fg0515","fg0015","fg0982","fg0067","fg0131","fg0109","fg0843","fg0002","fg0892","fg0482","fg0594","fg0936","fg0924","fg0381","fg0573","fg0365","fg0347","fg0039"
"fq003940","vx_8a55a9825709bc03","fg0916","1","fg0916","fg0131","fg0143","fg0365","fg0015","fg0295","fg0515","fg0028","fg0982","fg0278","fg0067","fg0924","fg0046","fg0950","fg0039","fg0803","fg0002","fg0881","fg0594","fg0381"
"fq003941","vx_8a55a9825709bc03","fg0916","1","fg0916","fg0365","fg0015","fg0131","fg0143","fg0046","fg0573","fg0214","fg0130","fg0067","fg0515","fg0982","fg0843","fg0081","fg0594","fg0414","fg0039","fg0025","fg0002","fg0279"
"fq003942","vx_8a55a9825709bc03","fg0916","1","fg0916","fg0131","fg0015","fg0515","fg0573","fg0982","fg0365","fg0067","fg0868","fg0936","fg0843","fg0811","fg0039","fg0974","fg0482","fg0347","fg0143","fg0388","fg0594","fg0173"
"fq003943","vx_8a55a9825709bc03","fg0916","1","fg0916","fg0015","fg0365","fg0732","fg0046","fg0708","fg0131","fg0279","fg0214","fg0039","fg0002","fg0278","fg0852","fg0573","fg0143","fg0081","fg0843","fg0712","fg0312","fg0515"
"fq003944","vx_b596082123d0a3b9","fg0917","1","fg0917","fg0511","fg0434","fg0202","fg0647","fg0216","fg0024","fg0650","fg0904","fg0097","fg0160","fg0435","fg0196","fg0613","fg0752","fg0856","fg0983","fg0942","fg0445","fg0223"
"fq003945","vx_8e03614a6d4c06e5","fg0918","1","fg0918","fg0009","fg0871","fg0087","fg0143","fg0776","fg0116","fg0062","fg0174","fg0818","fg0909","fg0739","fg0700","fg0124","fg0843","fg0491","fg0172","fg0212","fg0907","fg0834"
"fq003946","vx_8e03614a6d4c06e5","fg0918","1","fg0918","fg0009","fg0087","fg0212","fg0871","fg0116","fg0326","fg0062","fg0909","fg0776","fg0818","fg0174","fg0700","fg0739","fg0156","fg0581","fg0720","fg0491","fg0810","fg0834"
"fq003947","vx_8e03614a6d4c06e5","fg0918","1","fg0918","fg0009","fg0212","fg0087","fg0776","fg0907","fg0819","fg0700","fg0062","fg0174","fg0818","fg0156","fg0116","fg0739","fg0234","fg0871","fg0126","fg0143","fg0491","fg0172"
"fq003948","vx_8e03614a6d4c06e5","fg0918","1","fg0918","fg0009","fg0087","fg0818","fg0871","fg0116","fg0739","fg0174","fg0700","fg0491","fg0776","fg0062","fg0834","fg0763","fg0720","fg0748","fg0212","fg0674","fg0529","fg0084"
"fq003949","vx_8e03614a6d4c06e5","fg0918","1","fg0918","fg0009","fg0212","fg0116","fg0700","fg0174","fg0087","fg0739","fg0776","fg0818","fg0156","fg0907","fg0062","fg0871","fg0491","fg0819","fg0326","fg0234","fg0763","fg0806"
"fq003950","vx_8e03614a6d4c06e5","fg0918","1","fg0918","fg0009","fg0087","fg0871","fg0116","fg0700","fg0739","fg0212","fg0143","fg0062","fg0776","fg0491","fg0907","fg0156","fg0843","fg0818","fg0174","fg0720","fg0763","fg0581"
"fq003951","vx_8e03614a6d4c06e5","fg0918","1","fg0918","fg0871","fg0009","fg0087","fg0739","fg0720","fg0606","fg0174","fg0062","fg0553","fg0700","fg0818","fg0776","fg0084","fg0212","fg0116","fg0806","fg0491","fg0763","fg0938"
"fq003952","vx_8e03614a6d4c06e5","fg0918","1","fg0918","fg0009","fg0116","fg0087","fg0172","fg0700","fg0871","fg0062","fg0326","fg0212","fg0174","fg0739","fg0776","fg0909","fg0818","fg0810","fg0156","fg0907","fg0220","fg0234"
"fq003953","vx_8e03614a6d4c06e5","fg0918","1","fg0918","fg0212","fg0009","fg0116","fg0818","fg0806","fg0700","fg0739","fg0234","fg0156","fg0871","fg0087","fg0220","fg0143","fg0776","fg0580","fg0763","fg0606","fg0491","fg0907"
"fq003954","vx_8e03614a6d4c06e5","fg0918","1","fg0918","fg0116","fg0212","fg0009","fg0087","fg0700","fg0739","fg0818","fg0871","fg0776","fg0062","fg0491","fg0806","fg0174","fg0763","fg0580","fg0156","fg0907","fg0234","fg0172"
"fq003955","vx_8e03614a6d4c06e5","fg0918","1","fg0918","fg0009","fg0700","fg0212","fg0087","fg0818","fg0116","fg0806","fg0174","fg0143","fg0907","fg0739","fg0062","fg0491","fg0776","fg0156","fg0871","fg0234","fg0805","fg0084"
"fq003956","vx_81bca3e5c2eba677","fg0919","1","fg0919","fg0471","fg0889","fg0546","fg0613","fg0494","fg0735","fg0317","fg0382","fg0337","fg0254","fg0841","fg0722","fg0764","fg0603","fg0284","fg0475","fg0288","fg0050","fg0825"
"fq003957","vx_81bca3e5c2eba677","fg0919","1","fg0919","fg0889","fg0735","fg0764","fg0471","fg0613","fg0825","fg0254","fg0288","fg0965","fg0272","fg0500","fg0197","fg0850","fg0722","fg0317","fg0222","fg0337","fg0776","fg0382"
"fq003958","vx_cae2457437b98374","fg0920","1","fg0920","fg0542","fg0406","fg0135","fg0022","fg0936","fg0935","fg0972","fg0593","fg0303","fg0014","fg0159","fg0396","fg0950","fg0317","fg0127","fg0443","fg0518","fg0907","fg0211"
"fq003959","vx_cae2457437b98374","fg0920","1","fg0920","fg0406","fg0542","fg0135","fg0022","fg0935","fg0972","fg0014","fg0936","fg0593","fg0303","fg0127","fg0285","fg0431","fg0699","fg0443","fg0067","fg0159","fg0756","fg0317"
"fq003960","vx_3bb98161a6ceaaa7","fg0921","1","fg0921","fg0561","fg0911","fg0299","fg0737","fg0379","fg0528","fg0795","fg0663","fg0667","fg0345","fg0502","fg0440","fg0304","fg0796","fg0966","fg0291","fg0982","fg0960","fg0104"
"fq003961","vx_02bf779aa0a7cb40","fg0922","1","fg0922","fg0749","fg0659","fg0270","fg0536","fg0945","fg0794","fg0108","fg0729","fg0538","fg0197","fg0147","fg0190","fg0469","fg0895","fg0583","fg0735","fg0500","fg0722","fg0652"
"fq003962","vx_02bf779aa0a7cb40","fg0922","1","fg0922","fg0749","fg0659","fg0147","fg0270","fg0945","fg0729","fg0500","fg0652","fg0152","fg0794","fg0197","fg0355","fg0108","fg0190","fg0735","fg0249","fg0395","fg0536","fg0583"
"fq003963","vx_02bf779aa0a7cb40","fg0922","1","fg0922","fg0659","fg0749","fg0536","fg0108","fg0794","fg0538","fg0270","fg0945","fg0190","fg0729","fg0147","fg0583","fg0552","fg0772","fg0197","fg0652","fg0930","fg0735","fg0018"
"fq003964","vx_02bf779aa0a7cb40","fg0922","1","fg0922","fg0659","fg0749","fg0147","fg0108","fg0729","fg0945","fg0652","fg0270","fg0536","fg0794","fg0152","fg0262","fg0190","fg0930","fg0583","fg0355","fg0500","fg0197","fg0735"
"fq003965","vx_02bf779aa0a7cb40","fg0922","1","fg0922","fg0749","fg0147","fg0729","fg0270","fg0945","fg0659","fg0500","fg0355","fg0794","fg0108","fg0152","fg0262","fg0652","fg0735","fg0197","fg0249","fg0509","fg0321","fg0018"
"fq003966","vx_02bf779aa0a7cb40","fg0922","1","fg0922","fg0749","fg0659","fg0536","fg0197","fg0945","fg0108","fg0190","fg0722","fg0652","fg0270","fg0794","fg0262","fg0395","fg0147","fg0538","fg0729","fg0772","fg0735","fg0930"
"fq003967","vx_02bf779aa0a7cb40","fg0922","1","fg0922","fg0749","fg0659","fg0108","fg0270","fg0945","fg0729","fg0147","fg0262","fg0794","fg0536","fg0227","fg0197","fg0190","fg0272","fg0652","fg0249","fg0500","fg0538","fg0167"
"fq003968","vx_923480dff8eaa118","fg0923","1","fg0923","fg0058","fg0239","fg0558","fg0755","fg0393","fg0315","fg0838","fg0116","fg0339","fg0259","fg0622","fg0371","fg0207","fg0519","fg0048","fg0303","fg0079","fg0577","fg0136"
"fq003969","vx_923480dff8eaa118","fg0923","1","fg0923","fg0058","fg0979","fg0116","fg0239","fg0161","fg0339","fg0007","fg0838","fg0030","fg0558","fg0149","fg0640","fg0625","fg0379","fg0361","fg0079","fg0788","fg0755","fg0586"
"fq003970","vx_923480dff8eaa118","fg0923","1","fg0923","fg0058","fg0116","fg0239","fg0558","fg0161","fg0339","fg0755","fg0079","fg0838","fg0259","fg0640","fg0597","fg0070","fg0625","fg0315","fg0361","fg0371","fg0329","fg0637"
"fq003971","vx_923480dff8eaa118","fg0923","1","fg0923","fg0058","fg0239","fg0116","fg0755","fg0339","fg0149","fg0393","fg0048","fg0079","fg0315","fg0207","fg0259","fg0625","fg0371","fg0558","fg0136","fg0361","fg0597","fg0838"
"fq003972","vx_923480dff8eaa118","fg0923","1","fg0923","fg0058","fg0239","fg0315","fg0755","fg0393","fg0259","fg0079","fg0558","fg0339","fg0371","fg0116","fg0597","fg0622","fg0838","fg0161","fg0445","fg0519","fg0060","fg0136"
"fq003973","vx_923480dff8eaa118","fg0923","1","fg0923","fg0058","fg0239","fg0755","fg0393","fg0303","fg0315","fg0558","fg0048","fg0259","fg0371","fg0116","fg0622","fg0519","fg0207","fg0079","fg0339","fg0136","fg0838","fg0577"
"fq003974","vx_923480dff8eaa118","fg0923","1","fg0923","fg0058","fg0239","fg0207","fg0259","fg0558","fg0048","fg0315","fg0393","fg0755","fg0838","fg0136","fg0079","fg0625","fg0577","fg0303","fg0339","fg0116","fg0371","fg0519"
"fq003975","vx_a7690caa69f3a1d5","fg0924","4","fg0702","fg0634","fg0281","fg0924","fg0819","fg0418","fg0410","fg0984","fg0864","fg0016","fg0015","fg0742","fg0829","fg0476","fg0268","fg0193","fg0280","fg0751","fg0770","fg0141"
"fq003976","vx_a7690caa69f3a1d5","fg0924","45","fg0410","fg0523","fg0170","fg0702","fg0009","fg0742","fg0760","fg0817","fg0102","fg0457","fg0836","fg0641","fg0031","fg0798","fg0820","fg0301","fg0574","fg0879","fg0124","fg0834"
"fq003977","vx_a7690caa69f3a1d5","fg0924","508","fg0410","fg0170","fg0523","fg0820","fg0300","fg0009","fg0834","fg0551","fg0574","fg0818","fg0798","fg0760","fg0457","fg0102","fg0062","fg0505","fg0776","fg0242","fg0320","fg0124"
"fq003978","vx_a7690caa69f3a1d5","fg0924","7","fg0410","fg0523","fg0170","fg0009","fg0702","fg0143","fg0924","fg0124","fg0665","fg0819","fg0457","fg0454","fg0834","fg0820","fg0760","fg0829","fg0836","fg0067","fg0363","fg0505"
"fq003979","vx_a7690caa69f3a1d5","fg0924","74","fg0410","fg0170","fg0523","fg0742","fg0009","fg0820","fg0124","fg0798","fg0584","fg0834","fg0817","fg0309","fg0087","fg0819","fg0702","fg0281","fg0551","fg0457","fg0320","fg0505"
"fq003980","vx_a7690caa69f3a1d5","fg0924","115","fg0410","fg0170","fg0523","fg0798","fg0031","fg0301","fg0742","fg0457","fg0820","fg0009","fg0584","fg0300","fg0574","fg0665","fg0309","fg0702","fg0817","fg0834","fg0454","fg0102"
"fq003981","vx_a7690caa69f3a1d5","fg0924","62","fg0410","fg0009","fg0523","fg0170","fg0798","fg0702","fg0742","fg0819","fg0551","fg0300","fg0584","fg0817","fg0457","fg0363","fg0143","fg0836","fg0505","fg0834","fg0301","fg0760"
"fq003982","vx_a7690caa69f3a1d5","fg0924","90","fg0410","fg0170","fg0798","fg0009","fg0523","fg0820","fg0702","fg0665","fg0819","fg0742","fg0300","fg0584","fg0280","fg0834","fg0301","fg0309","fg0281","fg0031","fg0457","fg0505"
"fq003983","vx_a7690caa69f3a1d5","fg0924","4","fg0702","fg0634","fg0281","fg0924","fg0819","fg0984","fg0418","fg0015","fg0410","fg0864","fg0829","fg0476","fg0742","fg0016","fg0978","fg0751","fg0023","fg0458","fg0045","fg0193"
"fq003984","vx_a7690caa69f3a1d5","fg0924","69","fg0410","fg0170","fg0523","fg0009","fg0031","fg0457","fg0301","fg0836","fg0742","fg0760","fg0309","fg0102","fg0817","fg0641","fg0702","fg0665","fg0505","fg0931","fg0768","fg0124"
"fq003985","vx_a7690caa69f3a1d5","fg0924","89","fg0410","fg0170","fg0523","fg0798","fg0742","fg0009","fg0457","fg0702","fg0819","fg0309","fg0760","fg0820","fg0300","fg0817","fg0574","fg0584","fg0320","fg0363","fg0301","fg0102"
"fq003986","vx_a7690caa69f3a1d5","fg0924","419","fg0410","fg0170","fg0523","fg0798","fg0820","fg0505","fg0009","fg0062","fg0574","fg0834","fg0320","fg0031","fg0102","fg0124","fg0300","fg0301","fg0948","fg0665","fg0087","fg0363"
"fq003987","vx_a7690caa69f3a1d5","fg0924","156","fg0410","fg0523","fg0760","fg0641","fg0170","fg0009","fg0124","fg0457","fg0574","fg0834","fg0454","fg0102","fg0931","fg0702","fg0742","fg0665","fg0776","fg0300","fg0798","fg0551"
"fq003988","vx_a7690caa69f3a1d5","fg0924","87","fg0410","fg0523","fg0170","fg0742","fg0009","fg0798","fg0584","fg0820","fg0702","fg0300","fg0817","fg0457","fg0819","fg0301","fg0551","fg0124","fg0031","fg0320","fg0280","fg0834"
"fq003989","vx_a7690caa69f3a1d5","fg0924","97","fg0410","fg0170","fg0523","fg0798","fg0742","fg0009","fg0457","fg0834","fg0584","fg0309","fg0551","fg0124","fg0817","fg0820","fg0320","fg0087","fg0300","fg0760","fg0819","fg0641"
"fq003990","vx_a7690caa69f3a1d5","fg0924","90","fg0410","fg0170","fg0523","fg0009","fg0742","fg0798","fg0820","fg0702","fg0457","fg0031","fg0574","fg0817","fg0300","fg0301","fg0665","fg0454","fg0819","fg0281","fg0760","fg0836"
"fq003991","vx_a7690caa69f3a1d5","fg0924","86","fg0410","fg0170","fg0523","fg0009","fg0742","fg0817","fg0836","fg0320","fg0879","fg0067","fg0819","fg0702","fg0584","fg0574","fg0760","fg0102","fg0457","fg0820","fg0406","fg0031"
"fq003992","vx_a7690caa69f3a1d5","fg0924","266","fg0410","fg0170","fg0523","fg0798","fg0009","fg0820","fg0320","fg0457","fg0300","fg0834","fg0062","fg0301","fg0031","fg0818","fg0574","fg0087","fg0551","fg0309","fg0505","fg0242"
"fq003993","vx_a7690caa69f3a1d5","fg0924","414","fg0410","fg0170","fg0009","fg0457","fg0574","fg0523","fg0300","fg0031","fg0836","fg0406","fg0978","fg0454","fg0665","fg0760","fg0501","fg0363","fg0798","fg0301","fg0551","fg0505"
"fq003994","vx_a7690caa69f3a1d5","fg0924","4","fg0702","fg0281","fg0634","fg0924","fg0819","fg0742","fg0864","fg0418","fg0476","fg0016","fg0978","fg0984","fg0015","fg0410","fg0023","fg0829","fg0268","fg0141","fg0770","fg0735"
"fq003995","vx_a7690caa69f3a1d5","fg0924","48","fg0410","fg0523","fg0170","fg0702","fg0742","fg0009","fg0819","fg0124","fg0798","fg0584","fg0281","fg0457","fg0820","fg0300","fg0143","fg0834","fg0634","fg0062","fg0551","fg0534"
"fq003996","vx_a7690caa69f3a1d5","fg0924","4","fg0702","fg0634","fg0281","fg0924","fg0819","fg0410","fg0984","fg0418","fg0864","fg0015","fg0016","fg0829","fg0476","fg0742","fg0770","fg0193","fg0280","fg0751","fg0023","fg0336"
"fq003997","vx_a7690caa69f3a1d5","fg0924","73","fg0410","fg0523","fg0170","fg0742","fg0817","fg0102","fg0009","fg0300","fg0031","fg0574","fg0033","fg0457","fg0836","fg0584","fg0760","fg0301","fg0650","fg0834","fg0137","fg0749"
"fq003998","vx_a7690caa69f3a1d5","fg0924","218","fg0410","fg0170","fg0505","fg0009","fg0798","fg0309","fg0820","fg0087","fg0062","fg0818","fg0363","fg0523","fg0242","fg0918","fg0948","fg0817","fg0301","fg0017","fg0320","fg0116"
"fq003999","vx_a7690caa69f3a1d5","fg0924","256","fg0410","fg0523","fg0457","fg0009","fg0170","fg0798","fg0760","fg0300","fg0820","fg0551","fg0665","fg0742","fg0584","fg0102","fg0574","fg0454","fg0702","fg0931","fg0641","fg0320"
"fq004000","vx_a7690caa69f3a1d5","fg0924","182","fg0410","fg0523","fg0170","fg0009","fg0457","fg0798","fg0742","fg0300","fg0574","fg0834","fg0760","fg0031","fg0124","fg0551","fg0301","fg0820","fg0817","fg0102","fg0776","fg0584"
"fq004001","vx_a7690caa69f3a1d5","fg0924","109","fg0410","fg0523","fg0170","fg0760","fg0009","fg0574","fg0031","fg0836","fg0102","fg0742","fg0798","fg0817","fg0160","fg0505","fg0457","fg0879","fg0301","fg0834","fg0665","fg0072"
"fq004002","vx_a7690caa69f3a1d5","fg0924","168","fg0410","fg0170","fg0523","fg0798","fg0009","fg0742","fg0031","fg0574","fg0457","fg0301","fg0820","fg0300","fg0817","fg0760","fg0702","fg0665","fg0320","fg0454","fg0062","fg0836"
"fq004003","vx_a7690caa69f3a1d5","fg0924","421","fg0410","fg0170","fg0505","fg0523","fg0820","fg0009","fg0062","fg0798","fg0574","fg0320","fg0818","fg0087","fg0834","fg0031","fg0817","fg0309","fg0300","fg0760","fg0363","fg0301"
"fq004004","vx_a7690caa69f3a1d5","fg0924","38","fg0410","fg0523","fg0170","fg0742","fg0702","fg0819","fg0798","fg0009","fg0584","fg0820","fg0281","fg0124","fg0634","fg0817","fg0309","fg0087","fg0457","fg0280","fg0062","fg0320"
"fq004005","vx_a7690caa69f3a1d5","fg0924","92","fg0410","fg0523","fg0170","fg0760","fg0031","fg0574","fg0457","fg0742","fg0702","fg0102","fg0301","fg0160","fg0817","fg0033","fg0300","fg0836","fg0454","fg0749","fg0009","fg0798"
"fq004006","vx_a7690caa69f3a1d5","fg0924","127","fg0410","fg0170","fg0798","fg0523","fg0009","fg0742","fg0457","fg0301","fg0820","fg0584","fg0031","fg0817","fg0309","fg0300","fg0320","fg0574","fg0551","fg0102","fg0834","fg0062"
"fq004007","vx_a7690caa69f3a1d5","fg0924","69","fg0410","fg0523","fg0170","fg0742","fg0009","fg0760","fg0817","fg0702","fg0102","fg0457","fg0798","fg0031","fg0836","fg0574","fg0301","fg0879","fg0834","fg0641","fg0931","fg0124"
"fq004008","vx_a7690caa69f3a1d5","fg0924","119","fg0410","fg0523","fg0170","fg0798","fg0742","fg0009","fg0820","fg0300","fg0702","fg0457","fg0320","fg0819","fg0584","fg0301","fg0836","fg0665","fg0574","fg0143","fg0031","fg0817"
"fq004009","vx_a7690caa69f3a1d5","fg0924","380","fg0410","fg0170","fg0009","fg0574","fg0062","fg0505","fg0798","fg0523","fg0363","fg0820","fg0320","fg0300","fg0067","fg0834","fg0817","fg0087","fg0102","fg0031","fg0650","fg0551"
"fq004010","vx_a7690caa69f3a1d5","fg0924","156","fg0410","fg0170","fg0523","fg0457","fg0009","fg0300","fg0820","fg0031","fg0798","fg0102","fg0584","fg0665","fg0301","fg0454","fg0574","fg0760","fg0742","fg0817","fg0834","fg0836"
"fq004011","vx_a7690caa69f3a1d5","fg0924","86","fg0410","fg0170","fg0523","fg0009","fg0798","fg0742","fg0457","fg0834","fg0820","fg0760","fg0300","fg0702","fg0584","fg0551","fg0665","fg0301","fg0124","fg0574","fg0031","fg0836"
"fq004012","vx_a7690caa69f3a1d5","fg0924","408","fg0410","fg0170","fg0009","fg0798","fg0300","fg0523","fg0574","fg0062","fg0320","fg0551","fg0760","fg0665","fg0834","fg0457","fg0820","fg0363","fg0102","fg0031","fg0613","fg0817"
"fq004013","vx_a7690caa69f3a1d5","fg0924","273","fg0410","fg0574","fg0523","fg0760","fg0009","fg0300","fg0102","fg0457","fg0798","fg0551","fg0749","fg0170","fg0776","fg0834","fg0742","fg0031","fg0160","fg0124","fg0454","fg0650"
"fq004014","vx_a7690caa69f3a1d5","fg0924","87","fg0410","fg0523","fg0009","fg0170","fg0457","fg0574","fg0978","fg0836","fg0760","fg0665","fg0300","fg0031","fg0702","fg0454","fg0551","fg0742","fg0641","fg0124","fg0072","fg0834"
"fq004015","vx_a7690caa69f3a1d5","fg0924","134","fg0410","fg0170","fg0523","fg0009","fg0798","fg0742","fg0457","fg0820","fg0300","fg0301","fg0702","fg0031","fg0505","fg0124","fg0062","fg0454","fg0665","fg0817","fg0309","fg0819"
"fq004016","vx_a7690caa69f3a1d5","fg0924","191","fg0410","fg0523","fg0009","fg0300","fg0170","fg0798","fg0742","fg0551","fg0457","fg0834","fg0062","fg0031","fg0584","fg0301","fg0124","fg0760","fg0320","fg0574","fg0776","fg0363"
"fq004017","vx_a7690caa69f3a1d5","fg0924","560","fg0410","fg0170","fg0820","fg0009","fg0505","fg0574","fg0062","fg0665","fg0798","fg0300","fg0363","fg0680","fg0087","fg0309","fg0031","fg0818","fg0834","fg0320","fg0301","fg0948"
"fq004018","vx_a7690caa69f3a1d5","fg0924","67","fg0410","fg0523","fg0170","fg0009","fg0742","fg0702","fg0817","fg0457","fg0836","fg0031","fg0301","fg0760","fg0102","fg0798","fg0931","fg0641","fg0574","fg0879","fg0819","fg0406"
"fq004019","vx_a7690caa69f3a1d5","fg0924","338","fg0410","fg0574","fg0009","fg0170","fg0300","fg0523","fg0031","fg0457","fg0301","fg0798","fg0760","fg0665","fg0584","fg0836","fg0776","fg0742","fg0423","fg0551","fg0363","fg0137"
"fq004020","vx_c8ce5abef2347980","fg0925","1","fg0925","fg0794","fg0529","fg0364","fg0558","fg0184","fg0424","fg0514","fg0524","fg0267","fg0646","fg0612","fg0091","fg0165","fg0826","fg0277","fg0186","fg0635","fg0599","fg0944"
"fq004021","vx_c8ce5abef2347980","fg0925","1","fg0925","fg0529","fg0794","fg0364","fg0424","fg0091","fg0558","fg0635","fg0184","fg0961","fg0797","fg0514","fg0612","fg0267","fg0674","fg0524","fg0646","fg0834","fg0549","fg0375"
"fq004022","vx_c8ce5abef2347980","fg0925","1","fg0925","fg0529","fg0794","fg0558","fg0184","fg0375","fg0364","fg0091","fg0524","fg0834","fg0961","fg0182","fg0612","fg0837","fg0674","fg0424","fg0419","fg0635","fg0599","fg0996"
"fq004023","vx_c8ce5abef2347980","fg0925","1","fg0925","fg0529","fg0558","fg0424","fg0364","fg0184","fg0794","fg0524","fg0091","fg0514","fg0142","fg0972","fg0635","fg0944","fg0277","fg0776","fg0375","fg0834","fg0488","fg0599"
"fq004024","vx_6dc39228edc79823","fg0926","1","fg0926","fg0915","fg0576","fg0460","fg0516","fg0054","fg0208","fg0155","fg0160","fg0340","fg0757","fg0352","fg0727","fg0193","fg0470","fg0728","fg0464","fg0454","fg0284","fg0864"
"fq004025","vx_3a1a8eb9c1010a94","fg0927","1","fg0927","fg0559","fg0017","fg0043","fg0242","fg0687","fg0108","fg0802","fg0304","fg0373","fg0277","fg0948","fg0555","fg0820","fg0968","fg0525","fg0240","fg0092","fg0154","fg0880"
"fq004026","vx_3a1a8eb9c1010a94","fg0927","1","fg0927","fg0559","fg0108","fg0242","fg0043","fg0880","fg0555","fg0525","fg0240","fg0687","fg0948","fg0275","fg0373","fg0802","fg0017","fg0714","fg0810","fg0760","fg0659","fg0820"
"fq004027","vx_d4b2fae56a6b521c","fg0928","1","fg0928","fg0111","fg0615","fg0368","fg0168","fg0329","fg0508","fg0777","fg0805","fg0632","fg0935","fg0842","fg0899","fg0753","fg0754","fg0614","fg0756","fg0004","fg0789","fg0097"
"fq004028","vx_d4b2fae56a6b521c","fg0928","1","fg0928","fg0615","fg0111","fg0368","fg0777","fg0935","fg0168","fg0329","fg0805","fg0508","fg0614","fg0899","fg0540","fg0842","fg0632","fg0501","fg0325","fg0004","fg0753","fg0756"
"fq004029","vx_d4b2fae56a6b521c","fg0928","1","fg0928","fg0368","fg0615","fg0777","fg0111","fg0168","fg0329","fg0805","fg0632","fg0899","fg0508","fg0935","fg0614","fg0259","fg0004","fg0756","fg0753","fg0754","fg0540","fg0842"
"fq004030","vx_d4b2fae56a6b521c","fg0928","1","fg0928","fg0368","fg0615","fg0111","fg0329","fg0632","fg0899","fg0168","fg0777","fg0842","fg0508","fg0540","fg0805","fg0097","fg0789","fg0756","fg0753","fg0638","fg0501","fg0077"
"fq004031","vx_d4b2fae56a6b521c","fg0928","1","fg0928","fg0111","fg0777","fg0168","fg0010","fg0329","fg0614","fg0805","fg0368","fg0632","fg0269","fg0325","fg0285","fg0754","fg0842","fg0753","fg0097","fg0259","fg0427","fg0789"
"fq004032","vx_d4b2fae56a6b521c","fg0928","1","fg0928","fg0615","fg0368","fg0111","fg0805","fg0777","fg0168","fg0329","fg0004","fg0726","fg0508","fg0935","fg0501","fg0632","fg0540","fg0899","fg0842","fg0756","fg0259","fg0134"
"fq004033","vx_bcde1be3b8609a23","fg0929","1","fg0929","fg0931","fg0860","fg0722","fg0958","fg0194","fg0319","fg0529","fg0108","fg0952","fg1000","fg0986","fg0589","fg0088","fg0428","fg0283","fg0719","fg0988","fg0307","fg0046"
"fq004034","vx_bcde1be3b8609a23","fg0929","1","fg0929","fg0088","fg0958","fg0860","fg0986","fg0934","fg0952","fg0931","fg1000","fg0428","fg0529","fg0589","fg0272","fg0310","fg0430","fg0108","fg0283","fg0046","fg0722","fg0873"
"fq004035","vx_054c4c52a571101e","fg0930","1","fg0930","fg0188","fg0749","fg0922","fg0190","fg0659","fg0833","fg0249","fg0660","fg0069","fg0270","fg0552","fg0147","fg0889","fg0987","fg0155","fg0418","fg0139","fg0602","fg0831"
"fq004036","vx_054c4c52a571101e","fg0930","1","fg0930","fg0833","fg0188","fg0749","fg0190","fg0069","fg0922","fg0155","fg0139","fg0656","fg0265","fg0249","fg0660","fg0987","fg0602","fg0230","fg0418","fg0659","fg0607","fg0813"
"fq004037","vx_054c4c52a571101e","fg0930","1","fg0930","fg0749","fg0249","fg0188","fg0922","fg0190","fg0069","fg0659","fg0147","fg0889","fg0598","fg0987","fg0735","fg0660","fg0139","fg0552","fg0270","fg0833","fg0831","fg0671"
"fq004038","vx_054c4c52a571101e","fg0930","1","fg0930","fg0749","fg0922","fg0249","fg0190","fg0889","fg0147","fg0069","fg0659","fg0598","fg0188","fg0227","fg0735","fg0254","fg0660","fg0987","fg0813","fg0671","fg0270","fg0607"
"fq004039","vx_c59016c5c6ef5555","fg0931","1","fg0931","fg0147","fg0652","fg0729","fg0270","fg0444","fg0249","fg0509","fg0749","fg0283","fg0355","fg0140","fg0539","fg0671","fg0666","fg0922","fg0218","fg0152","fg0108","fg0929"
"fq004040","vx_59e6c86168f4709e","fg0932","1","fg0932","fg0901","fg0339","fg0648","fg0002","fg0830","fg0224","fg0586","fg0294","fg0974","fg0818","fg0303","fg0692","fg0708","fg0330","fg0378","fg0870","fg0999","fg0518","fg0223"
"fq004041","vx_68fc43199e3b7e16","fg0933","1","fg0933","fg0512","fg0319","fg0318","fg0520","fg0495","fg0446","fg0676","fg0883","fg0671","fg0136","fg0598","fg0879","fg0530","fg0012","fg0440","fg0451","fg0521","fg0945","fg0982"
"fq004042","vx_68fc43199e3b7e16","fg0933","1","fg0933","fg0319","fg0318","fg0671","fg0512","fg0858","fg0495","fg0883","fg0521","fg0219","fg0520","fg0465","fg0663","fg0741","fg0598","fg0250","fg0879","fg0152","fg0869","fg0561"
"fq004043","vx_68fc43199e3b7e16","fg0933","1","fg0933","fg0671","fg0495","fg0318","fg0319","fg0512","fg0676","fg0663","fg0561","fg0743","fg0598","fg0192","fg0226","fg0883","fg0464","fg0439","fg0440","fg0012","fg0879","fg0520"
"fq004044","vx_68fc43199e3b7e16","fg0933","1","fg0933","fg0318","fg0319","fg0561","fg0671","fg0512","fg0495","fg0743","fg0192","fg0663","fg0598","fg0965","fg0676","fg0868","fg0832","fg0012","fg0093","fg0603","fg0439","fg0556"
"fq004045","vx_68fc43199e3b7e16","fg0933","1","fg0933","fg0318","fg0676","fg0446","fg0012","fg0512","fg0598","fg0671","fg0440","fg0319","fg0883","fg0520","fg0495","fg0736","fg0663","fg0992","fg0945","fg0728","fg0561","fg0219"
"fq004046","vx_68fc43199e3b7e16","fg0933","1","fg0933","fg0318","fg0319","fg0671","fg0512","fg0561","fg0743","fg0495","fg0676","fg0598","fg0446","fg0012","fg0868","fg0440","fg0192","fg0521","fg0520","fg0883","fg0663","fg0993"
"fq004047","vx_68fc43199e3b7e16","fg0933","1","fg0933","fg0842","fg0879","fg0512","fg0465","fg0476","fg0850","fg0982","fg0676","fg0012","fg0742","fg0530","fg0826","fg0318","fg0816","fg0646","fg0095","fg0148","fg0443","fg0495"
"fq004048","vx_f647366b059c3504","fg0934","1","fg0934","fg0589","fg0929","fg1000","fg0970","fg0895","fg0272","fg0018","fg0608","fg0684","fg0366","fg0263","fg0722","fg0088","fg0952","fg0605","fg0859","fg0510","fg0108","fg0050"
"fq004049","vx_f647366b059c3504","fg0934","1","fg0934","fg0589","fg0929","fg1000","fg0970","fg0272","fg0018","fg0895","fg0952","fg0608","fg0108","fg0088","fg0722","fg0133","fg0430","fg0250","fg0366","fg0549","fg0050","fg0046"
"fq004050","vx_f647366b059c3504","fg0934","1","fg0934","fg1000","fg0589","fg0895","fg0929","fg0970","fg0018","fg0133","fg0510","fg0722","fg0749","fg0382","fg0070","fg0859","fg0684","fg0795","fg0272","fg0938","fg0374","fg0708"
"fq004051","vx_f647366b059c3504","fg0934","1","fg0934","fg0608","fg0589","fg0929","fg1000","fg0605","fg0366","fg0546","fg0004","fg0859","fg0269","fg0887","fg0272","fg0970","fg0722","fg0089","fg0428","fg0394","fg0377","fg0486"
"fq004052","vx_f647366b059c3504","fg0934","1","fg0934","fg1000","fg0589","fg0929","fg0608","fg0970","fg0272","fg0638","fg0018","fg0722","fg0895","fg0684","fg0887","fg0719","fg0541","fg0859","fg0366","fg0510","fg0952","fg0329"
"fq004053","vx_f647366b059c3504","fg0934","1","fg0934","fg0589","fg0929","fg1000","fg0970","fg0272","fg0608","fg0722","fg0018","fg0952","fg0605","fg0887","fg0366","fg0108","fg0895","fg0859","fg0250","fg0486","fg0088","fg0541"
"fq004054","vx_2c9212f4a03988cc","fg0935","1","fg0935","fg0199","fg0657","fg0189","fg0111","fg0920","fg0096","fg0994","fg0928","fg0875","fg0386","fg0654","fg0104","fg0522","fg0975","fg0431","fg0052","fg0608","fg0053","fg0224"
"fq004055","vx_d552ca43574ada00","fg0936","1","fg0936","fg0159","fg0659","fg0588","fg0464","fg0584","fg0749","fg0466","fg0270","fg0793","fg0355","fg0211","fg0573","fg0071","fg0147","fg0972","fg0082","fg0195","fg0438","fg0989"
"fq004056","vx_5a7641f0ec28b949","fg0937","1","fg0937","fg0455","fg0792","fg0153","fg0080","fg0069","fg0073","fg0390","fg0568","fg0078","fg0846","fg0084","fg0368","fg0450","fg0305","fg0481","fg0233","fg0420","fg0097","fg0709"
"fq004057","vx_9aad6152a85ee7f4","fg0938","1","fg0938","fg0249","fg0735","fg0772","fg0652","fg0147","fg0469","fg0270","fg0922","fg0190","fg0776","fg0749","fg0551","fg0945","fg0018","fg0834","fg0509","fg0197","fg0722","fg0807"
"fq004058","vx_9aad6152a85ee7f4","fg0938","1","fg0938","fg0419","fg0249","fg0029","fg0612","fg0551","fg0823","fg0627","fg0411","fg0945","fg0147","fg0749","fg0552","fg0187","fg0529","fg0772","fg0959","fg0794","fg0718","fg0270"
"fq004059","vx_be6b833b09a7cafd","fg0939","1","fg0939","fg0227","fg0603","fg0254","fg0248","fg0889","fg0804","fg0894","fg0117","fg0296","fg0471","fg0655","fg0476","fg0332","fg0745","fg0255","fg0930","fg0978","fg0532","fg0902"
"fq004060","vx_01ee7817f0997ba0","fg0940","1","fg0940","fg0165","fg0975","fg0132","fg0084","fg0605","fg0185","fg0514","fg0374","fg0337","fg0044","fg0242","fg0875","fg0629","fg0995","fg0818","fg0108","fg0090","fg0194","fg0538"
"fq004061","vx_01ee7817f0997ba0","fg0940","1","fg0940","fg0975","fg0084","fg0185","fg0165","fg0374","fg0605","fg0242","fg0132","fg0875","fg0044","fg0514","fg0194","fg0549","fg0337","fg0070","fg0869","fg0842","fg0776","fg0731"
"fq004062","vx_7bb3494179a7e09b","fg0941","1","fg0941","fg0082","fg0039","fg0106","fg0573","fg0312","fg0211","fg0397","fg0438","fg0592","fg0133","fg0589","fg0811","fg0279","fg0671","fg0214","fg0596","fg0207","fg0347","fg0942"
"fq004063","vx_7bb3494179a7e09b","fg0941","1","fg0941","fg0082","fg0671","fg0625","fg0503","fg0117","fg0133","fg0211","fg0689","fg0341","fg0260","fg0140","fg0347","fg0589","fg0122","fg0778","fg0039","fg0592","fg0146","fg0218"
"fq004064","vx_97e5f6880b86b6a7","fg0942","1","fg0942","fg0059","fg0397","fg0211","fg0843","fg0474","fg0907","fg0811","fg0367","fg0647","fg0312","fg0106","fg0039","fg0657","fg0533","fg0573","fg0889","fg0297","fg0334","fg0371"
"fq004065","vx_97e5f6880b86b6a7","fg0942","2","fg0059","fg0942","fg0312","fg0279","fg0106","fg0907","fg0397","fg0843","fg0948","fg0647","fg0146","fg0211","fg0334","fg0371","fg0517","fg0202","fg0819","fg0976","fg0511","fg0544"
"fq004066","vx_ea5f19520272424b","fg0943","1","fg0943","fg0393","fg0200","fg0051","fg0289","fg0485","fg0817","fg0746","fg0324","fg0228","fg0534","fg0186","fg0879","fg0650","fg0452","fg0391","fg0624","fg0499","fg0113","fg0523"
"fq004067","vx_c4e6199e9b324948","fg0944","1","fg0944","fg0364","fg0277","fg0148","fg0016","fg0599","fg0552","fg0826","fg0892","fg0560","fg0001","fg0698","fg0634","fg0401","fg0169","fg0828","fg0308","fg0030","fg0165","fg0061"
"fq004068","vx_c4e6199e9b324948","fg0944","1","fg0944","fg0364","fg0277","fg0148","fg0016","fg0560","fg0552","fg0892","fg0826","fg0634","fg0361","fg0742","fg0001","fg0599","fg0828","fg0308","fg0698","fg0639","fg0582","fg0142"
"fq004069","vx_c4e6199e9b324948","fg0944","1","fg0944","fg0364","fg0277","fg0016","fg0148","fg0552","fg0599","fg0169","fg0001","fg0892","fg0560","fg0826","fg0634","fg0639","fg0308","fg0698","fg0030","fg0617","fg0165","fg0828"
"fq004070","vx_c4e6199e9b324948","fg0944","1","fg0944","fg0364","fg0277","fg0016","fg0148","fg0560","fg0892","fg0552","fg0634","fg0001","fg0599","fg0826","fg0617","fg0308","fg0570","fg0582","fg0828","fg0246","fg0361","fg0165"
"fq004071","vx_c4e6199e9b324948","fg0944","1","fg0944","fg0277","fg0364","fg0148","fg0016","fg0892","fg0560","fg0634","fg0552","fg0742","fg0826","fg0570","fg0582","fg0599","fg0165","fg0828","fg0593","fg0766","fg0001","fg0361"
"fq004072","vx_c4e6199e9b324948","fg0944","1","fg0944","fg0277","fg0364","fg0016","fg0148","fg0892","fg0560","fg0552","fg0634","fg0582","fg0826","fg0308","fg0876","fg0599","fg0570","fg0617","fg0361","fg0766","fg0742","fg0165"
"fq004073","vx_c4e6199e9b324948","fg0944","1","fg0944","fg0277","fg0364","fg0016","fg0148","fg0552","fg0634","fg0892","fg0599","fg0826","fg0001","fg0742","fg0560","fg0308","fg0361","fg0639","fg0698","fg0828","fg0801","fg0022"
"fq004074","vx_c4e6199e9b324948","fg0944","1","fg0944","fg0277","fg0364","fg0016","fg0148","fg0560","fg0892","fg0582","fg0742","fg0570","fg0593","fg0634","fg0876","fg0552","fg0165","fg0001","fg0308","fg0826","fg0638","fg0617"
"fq004075","vx_c4e6199e9b324948","fg0944","1","fg0944","fg0277","fg0364","fg0148","fg0016","fg0560","fg0892","fg0742","fg0634","fg0570","fg0552","fg0582","fg0308","fg0826","fg0593","fg0001","fg0165","fg0361","fg0876","fg0828"
"fq004076","vx_c4e6199e9b324948","fg0944","1","fg0944","fg0364","fg0277","fg0016","fg0148","fg0892","fg0560","fg0552","fg0165","fg0742","fg0826","fg0634","fg0582","fg0169","fg0593","fg0599","fg0570","fg0698","fg0061","fg0876"
"fq004077","vx_c4e6199e9b324948","fg0944","1","fg0944","fg0364","fg0277","fg0016","fg0148","fg0560","fg0892","fg0552","fg0634","fg0001","fg0308","fg0599","fg0639","fg0826","fg0361","fg0742","fg0142","fg0703","fg0074","fg0570"
"fq004078","vx_c4e6199e9b324948","fg0944","1","fg0944","fg0277","fg0364","fg0148","fg0016","fg0892","fg0560","fg0552","fg0582","fg0742","fg0570","fg0634","fg0308","fg0826","fg0001","fg0165","fg0361","fg0593","fg0617","fg0876"
"fq004079","vx_c4e6199e9b324948","fg0944","1","fg0944","fg0364","fg0277","fg0016","fg0148","fg0560","fg0638","fg0892","fg0634","fg0001","fg0617","fg0400","fg0570","fg0599","fg0552","fg0593","fg0582","fg0361","fg0826","fg0308"
"fq004080","vx_c4e6199e9b324948","fg0944","1","fg0944","fg0364","fg0277","fg0148","fg0560","fg0016","fg0552","fg0892","fg0593","fg0742","fg0599","fg0761","fg0826","fg0001","fg0634","fg0570","fg0582","fg0308","fg0169","fg0361"
"fq004081","vx_c4e6199e9b324948","fg0944","1","fg0944","fg0364","fg0277","fg0016","fg0148","fg0560","fg0892","fg0552","fg0582","fg0634","fg0599","fg0617","fg0570","fg0001","fg0165","fg0169","fg0308","fg0351","fg0826","fg0593"
"fq004082","vx_c4e6199e9b324948","fg0944","1","fg0944","fg0364","fg0277","fg0016","fg0560","fg0148","fg0552","fg0599","fg0593","fg0638","fg0001","fg0892","fg0634","fg0742","fg0570","fg0582","fg0617","fg0826","fg0361","fg0400"
"fq004083","vx_c4e6199e9b324948","fg0944","1","fg0944","fg0364","fg0277","fg0016","fg0148","fg0892","fg0560","fg0599","fg0634","fg0826","fg0001","fg0552","fg0742","fg0308","fg0030","fg0639","fg0828","fg0570","fg0617","fg0074"
"fq004084","vx_c4e6199e9b324948","fg0944","1","fg0944","fg0364","fg0277","fg0148","fg0016","fg0634","fg0599","fg0892","fg0560","fg0569","fg0552","fg0828","fg0639","fg0001","fg0061","fg0133","fg0826","fg0883","fg0582","fg0308"
"fq004085","vx_c4e6199e9b324948","fg0944","1","fg0944","fg0364","fg0277","fg0016","fg0148","fg0552","fg0560","fg0599","fg0001","fg0169","fg0634","fg0361","fg0400","fg0973","fg0617","fg0828","fg0061","fg0826","fg0892","fg0308"
"fq004086","vx_2c7b26aecdae6beb","fg0945","3","fg0138","fg0322","fg0945","fg0466","fg0476","fg0238","fg0711","fg0529","fg0029","fg0849","fg0551","fg0745","fg0406","fg0250","fg0749","fg0751","fg0190","fg0219","fg0127","fg0813"
"fq004087","vx_2c7b26aecdae6beb","fg0945","1","fg0945","fg0138","fg0322","fg0466","fg0029","fg0711","fg0749","fg0529","fg0922","fg0190","fg0476","fg0551","fg0250","fg0735","fg0238","fg0772","fg0270","fg0849","fg0272","fg0406"
"fq004088","vx_2c7b26aecdae6beb","fg0945","1","fg0945","fg0138","fg0322","fg0466","fg0922","fg0749","fg0029","fg0711","fg0190","fg0270","fg0250","fg0794","fg0551","fg0272","fg0529","fg0735","fg0406","fg0904","fg0476","fg0262"
"fq004089","vx_2c7b26aecdae6beb","fg0945","3","fg0138","fg0322","fg0945","fg0466","fg0476","fg0529","fg0238","fg0029","fg0849","fg0711","fg0406","fg0127","fg0551","fg0402","fg0250","fg0391","fg0745","fg0135","fg0635","fg0964"
"fq004090","vx_4efa168b4c69ba7c","fg0946","22","fg1000","fg0823","fg0996","fg0194","fg0549","fg0807","fg0786","fg0546","fg0108","fg0655","fg0798","fg0005","fg0796","fg0187","fg0909","fg0949","fg0425","fg0423","fg0224","fg0157"
"fq004091","vx_29ad834996aa95e1","fg0947","1","fg0947","fg0965","fg0667","fg0407","fg0299","fg0921","fg0832","fg0989","fg0868","fg0561","fg0302","fg0225","fg0319","fg0573","fg0933","fg0599","fg0255","fg0495","fg0982","fg0528"
"fq004092","vx_29ad834996aa95e1","fg0947","1","fg0947","fg0353","fg0867","fg0134","fg0397","fg0304","fg0556","fg0868","fg0833","fg0528","fg0573","fg0319","fg0671","fg0989","fg0495","fg0667","fg0186","fg0039","fg0921","fg0407"
"fq004093","vx_d3d0aef95e15e5e8","fg0948","1","fg0948","fg0528","fg0588","fg0082","fg0397","fg0947","fg0503","fg0298","fg0039","fg0573","fg0713","fg0671","fg0630","fg0211","fg0960","fg0388","fg0942","fg0411","fg0490","fg0059"
"fq004094","vx_d3d0aef95e15e5e8","fg0948","1","fg0948","fg0528","fg0947","fg0588","fg0082","fg0298","fg0397","fg0291","fg0630","fg0503","fg0338","fg0977","fg0573","fg0921","fg0960","fg0345","fg0411","fg0671","fg0811","fg0388"
"fq004095","vx_d3d0aef95e15e5e8","fg0948","1","fg0948","fg0170","fg0082","fg0298","fg0397","fg0123","fg0022","fg0503","fg0039","fg0936","fg0312","fg0073","fg0054","fg0528","fg0279","fg0578","fg0410","fg0972","fg0947","fg0106"
"fq004096","vx_d3d0aef95e15e5e8","fg0948","1","fg0948","fg0082","fg0397","fg0170","fg0123","fg0687","fg0054","fg0639","fg0298","fg0947","fg0976","fg0205","fg0528","fg0563","fg0291","fg0578","fg0059","fg0211","fg0478","fg0039"
"fq004097","vx_d3d0aef95e15e5e8","fg0948","1","fg0948","fg0528","fg0082","fg0977","fg0291","fg0298","fg0170","fg0947","fg0397","fg0960","fg0588","fg0338","fg0630","fg0299","fg0008","fg0768","fg0211","fg0027","fg0687","fg0573"
"fq004098","vx_d3d0aef95e15e5e8","fg0948","1","fg0948","fg0960","fg0965","fg0990","fg0528","fg0811","fg0299","fg0667","fg0630","fg0421","fg0921","fg0497","fg0338","fg0588","fg0411","fg0110","fg0573","fg0673","fg0561","fg0539"
"fq004099","vx_d3d0aef95e15e5e8","fg0948","1","fg0948","fg0082","fg0170","fg0746","fg0397","fg0298","fg0123","fg0972","fg0054","fg0279","fg0291","fg0215","fg0312","fg0106","fg0578","fg0205","fg0073","fg0528","fg0059","fg0211"
"fq004100","vx_d3d0aef95e15e5e8","fg0948","1","fg0948","fg0123","fg0397","fg0170","fg0073","fg0082","fg0298","fg0022","fg0839","fg0054","fg0279","fg0106","fg0942","fg0972","fg0639","fg0059","fg0448","fg0578","fg0653","fg0215"
"fq004101","vx_d3d0aef95e15e5e8","fg0948","1","fg0948","fg0528","fg0947","fg0299","fg0588","fg0960","fg0012","fg0027","fg0291","fg0085","fg0682","fg0630","fg0736","fg0468","fg0974","fg0573","fg0921","fg0599","fg0345","fg0977"
"fq004102","vx_d3d0aef95e15e5e8","fg0948","1","fg0948","fg0298","fg0170","fg0397","fg0082","fg0123","fg0578","fg0073","fg0022","fg0503","fg0523","fg0054","fg0639","fg0059","fg0942","fg0947","fg0106","fg0039","fg0528","fg0291"
"fq004103","vx_d3d0aef95e15e5e8","fg0948","1","fg0948","fg0170","fg0082","fg0397","fg0123","fg0298","fg0563","fg0947","fg0976","fg0059","fg0022","fg0839","fg0942","fg0639","fg0054","fg0073","fg0656","fg0528","fg0279","fg0291"
"fq004104","vx_d3d0aef95e15e5e8","fg0948","1","fg0948","fg0082","fg0123","fg0947","fg0639","fg0397","fg0687","fg0298","fg0205","fg0528","fg0578","fg0713","fg0563","fg0170","fg0569","fg0291","fg0345","fg0976","fg0478","fg0073"
"fq004105","vx_91b6399ace8ebf09","fg0949","1","fg0949","fg0853","fg0024","fg0890","fg0909","fg0845","fg0786","fg0369","fg0385","fg0720","fg0222","fg0196","fg0805","fg0224","fg0209","fg0441","fg0339","fg0072","fg0707","fg0581"
"fq004106","vx_a87ca59eaae66e02","fg0950","1","fg0950","fg0406","fg0632","fg0218","fg0154","fg0317","fg0920","fg0712","fg0337","fg0307","fg0877","fg0519","fg0624","fg0562","fg0494","fg0637","fg0224","fg0746","fg0848","fg0623"
"fq004107","vx_db11155f82792015","fg0951","1","fg0951","fg0137","fg0431","fg0547","fg0463","fg0413","fg0955","fg0907","fg0235","fg0740","fg0849","fg0593","fg0342","fg0104","fg0290","fg0121","fg0773","fg0556","fg0105","fg0730"
"fq004108","vx_6c9edea811466e02","fg0952","1","fg0952","fg0875","fg0929","fg0332","fg0796","fg0430","fg0143","fg0333","fg0115","fg0141","fg0289","fg0120","fg0706","fg0745","fg0175","fg0476","fg1000","fg0125","fg0970","fg0935"
"fq004109","vx_6c9edea811466e02","fg0952","1","fg0952","fg0929","fg0875","fg0430","fg0970","fg0796","fg1000","fg0120","fg0332","fg0891","fg0143","fg0745","fg0333","fg0707","fg0706","fg0175","fg0818","fg0138","fg0748","fg0935"
"fq004110","vx_8c85d57de0c57f1d","fg0953","1","fg0953","fg0257","fg0874","fg0871","fg0061","fg0708","fg0093","fg0598","fg0850","fg0737","fg0054","fg0921","fg0960","fg0370","fg0497","fg0192","fg0291","fg0440","fg0993","fg0736"
"fq004111","vx_8c85d57de0c57f1d","fg0953","1","fg0953","fg0874","fg0257","fg0871","fg0850","fg0093","fg0061","fg0497","fg0054","fg0708","fg0737","fg0598","fg0370","fg0192","fg0736","fg0094","fg0575","fg0903","fg0965","fg0439"
"fq004112","vx_60d4e715c145c580","fg0954","1","fg0954","fg0273","fg0658","fg0198","fg0969","fg0522","fg0949","fg0558","fg0024","fg0628","fg0518","fg0313","fg0867","fg0295","fg0798","fg0150","fg0807","fg0351","fg0768","fg0823"
"fq004113","vx_b9357f1c018ab745","fg0955","1","fg0955","fg0951","fg0290","fg0655","fg0718","fg0224","fg0730","fg0104","fg0600","fg0907","fg0894","fg0391","fg0746","fg0228","fg0725","fg0785","fg0056","fg0950","fg0945","fg0547"
"fq004114","vx_58078bae6660b6ff","fg0956","1","fg0956","fg0851","fg0538","fg0395","fg0627","fg0153","fg0160","fg0638","fg0886","fg0455","fg0684","fg0446","fg0193","fg0197","fg0276","fg0489","fg0781","fg0441","fg0767","fg0541"
"fq004115","vx_58078bae6660b6ff","fg0956","1","fg0956","fg0965","fg0455","fg0538","fg0197","fg0382","fg0160","fg0441","fg0684","fg0851","fg0735","fg0638","fg0850","fg0151","fg0504","fg0395","fg0886","fg0276","fg0471","fg0018"
"fq004116","vx_58078bae6660b6ff","fg0956","1","fg0956","fg0638","fg0382","fg0197","fg0623","fg0081","fg0672","fg0404","fg0538","fg0684","fg0719","fg0395","fg0337","fg0722","fg0276","fg0939","fg0735","fg0471","fg0940","fg0783"
"fq004117","vx_58078bae6660b6ff","fg0956","1","fg0956","fg0395","fg0455","fg0276","fg0160","fg0197","fg0471","fg0153","fg0538","fg0541","fg0735","fg0684","fg0965","fg0638","fg0915","fg0895","fg0760","fg0454","fg0781","fg0018"
"fq004118","vx_58078bae6660b6ff","fg0956","1","fg0956","fg0404","fg0538","fg0382","fg0647","fg0950","fg0638","fg0347","fg0886","fg0672","fg0939","fg0446","fg0716","fg0204","fg0081","fg0701","fg0868","fg0218","fg0719","fg0395"
"fq004119","vx_58078bae6660b6ff","fg0956","1","fg0956","fg0538","fg0455","fg0197","fg0965","fg0895","fg0735","fg0160","fg0454","fg0638","fg0719","fg0915","fg0018","fg0684","fg0395","fg0850","fg0781","fg0254","fg0382","fg0404"
"fq004120","vx_58078bae6660b6ff","fg0956","1","fg0956","fg0538","fg0455","fg0638","fg0160","fg0471","fg0441","fg0018","fg0395","fg0684","fg0454","fg0197","fg0276","fg0153","fg0434","fg0719","fg0541","fg0887","fg0132","fg0550"
"fq004121","vx_58078bae6660b6ff","fg0956","1","fg0956","fg0455","fg0160","fg0434","fg0441","fg0511","fg0915","fg0454","fg0153","fg0276","fg0851","fg0538","fg0684","fg0471","fg0489","fg0887","fg0707","fg0064","fg0638","fg0550"
"fq004122","vx_58078bae6660b6ff","fg0956","1","fg0956","fg0538","fg0446","fg0081","fg0623","fg0672","fg0404","fg0395","fg0684","fg0276","fg0382","fg0204","fg0719","fg0197","fg0638","fg0132","fg0950","fg0557","fg0939","fg0963"
"fq004123","vx_a8a4a19122f1974b","fg0957","1","fg0957","fg0777","fg0614","fg0699","fg0753","fg0704","fg0763","fg0519","fg0739","fg0741","fg0928","fg0557","fg0569","fg0802","fg0111","fg0683","fg0991","fg0998","fg0632","fg0325"
"fq004124","vx_a8a4a19122f1974b","fg0957","1","fg0957","fg0777","fg0699","fg0753","fg0763","fg0614","fg0760","fg0739","fg0802","fg0991","fg0704","fg0034","fg0519","fg0787","fg0396","fg0741","fg0810","fg0768","fg0128","fg0152"
"fq004125","vx_572f838c0e56ad64","fg0958","1","fg0958","fg0428","fg0929","fg0384","fg0988","fg0979","fg0986","fg0804","fg0568","fg0310","fg0501","fg0860","fg0817","fg0931","fg1000","fg0676","fg0760","fg0589","fg0272","fg0320"
"fq004126","vx_572f838c0e56ad64","fg0958","1","fg0958","fg0979","fg0428","fg0804","fg0929","fg0064","fg0227","fg0676","fg0874","fg0817","fg0860","fg0879","fg0568","fg0603","fg0589","fg0120","fg0289","fg0996","fg0272","fg0384"
"fq004127","vx_572f838c0e56ad64","fg0958","1","fg0958","fg0929","fg0428","fg0804","fg0501","fg0589","fg0064","fg0860","fg0384","fg0227","fg0979","fg0817","fg0676","fg0986","fg0272","fg0970","fg0988","fg0574","fg0885","fg0666"
"fq004128","vx_f9bae9b6fd92a270","fg0959","1","fg0959","fg0525","fg0714","fg0147","fg0627","fg0270","fg0652","fg0910","fg0355","fg0099","fg0159","fg0218","fg0444","fg0213","fg0140","fg0820","fg0500","fg0749","fg0225","fg0768"
"fq004129","vx_f9bae9b6fd92a270","fg0959","1","fg0959","fg0525","fg0159","fg0147","fg0355","fg0099","fg0444","fg0652","fg0729","fg0749","fg0270","fg0140","fg0225","fg0559","fg0714","fg0018","fg0768","fg0151","fg0469","fg0922"
"fq004130","vx_f9bae9b6fd92a270","fg0959","1","fg0959","fg0525","fg0355","fg0147","fg0225","fg0729","fg0652","fg0500","fg0714","fg0270","fg0114","fg0559","fg0749","fg0922","fg0444","fg0099","fg0159","fg0627","fg0213","fg0802"
"fq004131","vx_98bb0fae66383b7c","fg0960","1","fg0960","fg0663","fg0416","fg0708","fg0085","fg0811","fg0990","fg0007","fg0803","fg0673","fg0769","fg0244","fg0047","fg0118","fg0965","fg0338","fg0667","fg0623","fg0421","fg0497"
"fq004132","vx_56ea78988a5fed7d","fg0961","1","fg0961","fg0681","fg0344","fg0456","fg0635","fg0287","fg0805","fg0529","fg0906","fg0327","fg0907","fg0071","fg0824","fg0140","fg0628","fg0514","fg0644","fg0853","fg0222","fg0186"
"fq004133","vx_56ea78988a5fed7d","fg0961","1","fg0961","fg0071","fg0644","fg0295","fg0681","fg0140","fg0287","fg0209","fg0529","fg0036","fg0635","fg0327","fg0456","fg0344","fg0222","fg0768","fg0949","fg0616","fg0906","fg0805"
"fq004134","vx_56ea78988a5fed7d","fg0961","1","fg0961","fg0681","fg0824","fg0103","fg0907","fg0635","fg0419","fg0906","fg0529","fg0500","fg0317","fg0186","fg0456","fg0355","fg0154","fg0729","fg0344","fg0406","fg0920","fg0071"
"fq004135","vx_56ea78988a5fed7d","fg0961","1","fg0961","fg0681","fg0287","fg0456","fg0344","fg0853","fg0140","fg0295","fg0419","fg0209","fg0805","fg0644","fg0406","fg0072","fg0317","fg0949","fg0071","fg0628","fg0529","fg0635"
"fq004136","vx_56ea78988a5fed7d","fg0961","1","fg0961","fg0681","fg0907","fg0344","fg0186","fg0805","fg0327","fg0419","fg0287","fg0406","fg0317","fg0853","fg0824","fg0072","fg0140","fg0456","fg0529","fg0949","fg0044","fg0635"
"fq004137","vx_56ea78988a5fed7d","fg0961","1","fg0961","fg0681","fg0853","fg0071","fg0949","fg0406","fg0317","fg0635","fg0344","fg0906","fg0644","fg0140","fg0287","fg0456","fg0529","fg0209","fg0641","fg0419","fg0920","fg0327"
"fq004138","vx_56ea78988a5fed7d","fg0961","1","fg0961","fg0681","fg0327","fg0456","fg0186","fg0140","fg0344","fg0907","fg0287","fg0805","fg0635","fg0906","fg0529","fg0628","fg0419","fg0071","fg0044","fg0843","fg0824","fg0514"
"fq004139","vx_56ea78988a5fed7d","fg0961","1","fg0961","fg0681","fg0072","fg0824","fg0907","fg0317","fg0949","fg0044","fg0635","fg0805","fg0906","fg0344","fg0186","fg0419","fg0529","fg0514","fg0287","fg0103","fg0920","fg0456"
"fq004140","vx_56ea78988a5fed7d","fg0961","1","fg0961","fg0500","fg0355","fg0729","fg0681","fg0824","fg0097","fg0344","fg0525","fg0949","fg0906","fg0147","fg0222","fg0044","fg0083","fg0403","fg0071","fg0317","fg0151","fg0072"
"fq004141","vx_56ea78988a5fed7d","fg0961","1","fg0961","fg0456","fg0287","fg0681","fg0805","fg0209","fg0222","fg0295","fg0344","fg0036","fg0949","fg0644","fg0369","fg0853","fg0072","fg0196","fg0893","fg0635","fg0125","fg0004"
"fq004142","vx_56ea78988a5fed7d","fg0961","1","fg0961","fg0681","fg0406","fg0529","fg0419","fg0853","fg0456","fg0344","fg0140","fg0071","fg0644","fg0949","fg0295","fg0317","fg0635","fg0920","fg0402","fg0103","fg0645","fg0154"
"fq004143","vx_56ea78988a5fed7d","fg0961","1","fg0961","fg0287","fg0222","fg0456","fg0906","fg0036","fg0209","fg0344","fg0140","fg0635","fg0824","fg0295","fg0681","fg0044","fg0072","fg0514","fg0949","fg0805","fg0317","fg0071"
"fq004144","vx_56ea78988a5fed7d","fg0961","1","fg0961","fg0681","fg0140","fg0344","fg0456","fg0644","fg0853","fg0071","fg0287","fg0805","fg0327","fg0907","fg0406","fg0529","fg0317","fg0295","fg0628","fg0949","fg0635","fg0419"
"fq004145","vx_56ea78988a5fed7d","fg0961","1","fg0961","fg0681","fg0529","fg0419","fg0406","fg0317","fg0327","fg0456","fg0907","fg0635","fg0044","fg0500","fg0186","fg0140","fg0514","fg0259","fg0906","fg0103","fg0805","fg0154"
"fq004146","vx_56ea78988a5fed7d","fg0961","1","fg0961","fg0681","fg0529","fg0635","fg0805","fg0186","fg0456","fg0644","fg0907","fg0327","fg0287","fg0419","fg0843","fg0295","fg0514","fg0344","fg0824","fg0071","fg0853","fg0103"
"fq004147","vx_56ea78988a5fed7d","fg0961","1","fg0961","fg0681","fg0406","fg0907","fg0419","fg0529","fg0327","fg0949","fg0386","fg0853","fg0223","fg0628","fg0920","fg0635","fg0974","fg0072","fg0805","fg0292","fg0044","fg0456"
"fq004148","vx_56ea78988a5fed7d","fg0961","1","fg0961","fg0681","fg0635","fg0344","fg0906","fg0327","fg0456","fg0805","fg0071","fg0529","fg0824","fg0140","fg0287","fg0222","fg0644","fg0853","fg0044","fg0317","fg0949","fg0514"
"fq004149","vx_56ea78988a5fed7d","fg0961","1","fg0961","fg0681","fg0529","fg0635","fg0344","fg0906","fg0327","fg0419","fg0514","fg0287","fg0456","fg0644","fg0805","fg0103","fg0186","fg0044","fg0949","fg0140","fg0222","fg0824"
"fq004150","vx_56ea78988a5fed7d","fg0961","1","fg0961","fg0681","fg0529","fg0344","fg0644","fg0287","fg0805","fg0635","fg0456","fg0071","fg0616","fg0295","fg0209","fg0036","fg0327","fg0853","fg0140","fg0628","fg0907","fg0419"
"fq004151","vx_56ea78988a5fed7d","fg0961","1","fg0961","fg0681","fg0456","fg0287","fg0140","fg0186","fg0419","fg0805","fg0072","fg0317","fg0907","fg0635","fg0529","fg0824","fg0344","fg0071","fg0044","fg0301","fg0873","fg0031"
"fq004152","vx_56ea78988a5fed7d","fg0961","1","fg0961","fg0681","fg0140","fg0949","fg0853","fg0456","fg0071","fg0406","fg0805","fg0529","fg0103","fg0907","fg0644","fg0419","fg0295","fg0344","fg0327","fg0628","fg0317","fg0287"
"fq004153","vx_56ea78988a5fed7d","fg0961","1","fg0961","fg0681","fg0805","fg0186","fg0327","fg0907","fg0344","fg0529","fg0824","fg0635","fg0419","fg0456","fg0906","fg0317","fg0628","fg0843","fg0091","fg0140","fg0097","fg0044"
"fq004154","vx_56ea78988a5fed7d","fg0961","1","fg0961","fg0681","fg0327","fg0529","fg0628","fg0635","fg0907","fg0419","fg0186","fg0456","fg0344","fg0140","fg0805","fg0824","fg0514","fg0044","fg0843","fg0906","fg0287","fg0103"
"fq004155","vx_56ea78988a5fed7d","fg0961","1","fg0961","fg0681","fg0344","fg0529","fg0419","fg0327","fg0317","fg0644","fg0635","fg0906","fg0824","fg0853","fg0949","fg0500","fg0071","fg0456","fg0097","fg0154","fg0907","fg0406"
"fq004156","vx_56ea78988a5fed7d","fg0961","1","fg0961","fg0681","fg0529","fg0419","fg0406","fg0635","fg0907","fg0344","fg0853","fg0456","fg0317","fg0186","fg0327","fg0031","fg0485","fg0140","fg0287","fg0746","fg0072","fg0920"
"fq004157","vx_56ea78988a5fed7d","fg0961","1","fg0961","fg0500","fg0681","fg0355","fg0529","fg0419","fg0406","fg0666","fg0729","fg0154","fg0834","fg0645","fg0854","fg0823","fg0931","fg0652","fg0190","fg0140","fg0317","fg0072"
"fq004158","vx_56ea78988a5fed7d","fg0961","1","fg0961","fg0681","fg0344","fg0853","fg0500","fg0317","fg0907","fg0071","fg0154","fg0406","fg0529","fg0635","fg0402","fg0140","fg0419","fg0949","fg0906","fg0355","fg0456","fg0824"
"fq004159","vx_56ea78988a5fed7d","fg0961","1","fg0961","fg0681","fg0529","fg0344","fg0154","fg0652","fg0419","fg0635","fg0355","fg0406","fg0317","fg0644","fg0925","fg0949","fg0729","fg0500","fg0853","fg0097","fg0834","fg0906"
"fq004160","vx_56ea78988a5fed7d","fg0961","1","fg0961","fg0681","fg0500","fg0317","fg0729","fg0529","fg0419","fg0906","fg0406","fg0355","fg0344","fg0154","fg0097","fg0853","fg0652","fg0644","fg0824","fg0413","fg0635","fg0949"
"fq004161","vx_56ea78988a5fed7d","fg0961","1","fg0961","fg0681","fg0529","fg0419","fg0907","fg0186","fg0327","fg0635","fg0805","fg0456","fg0317","fg0140","fg0824","fg0344","fg0103","fg0406","fg0843","fg0906","fg0292","fg0644"
"fq004162","vx_56ea78988a5fed7d","fg0961","1","fg0961","fg0681","fg0344","fg0186","fg0907","fg0287","fg0327","fg0529","fg0456","fg0805","fg0635","fg0419","fg0140","fg0906","fg0317","fg0222","fg0746","fg0824","fg0072","fg0485"
"fq004163","vx_56ea78988a5fed7d","fg0961","1","fg0961","fg0681","fg0907","fg0406","fg0949","fg0044","fg0514","fg0097","fg0805","fg0292","fg0036","fg0072","fg0740","fg0539","fg0541","fg0344","fg0386","fg0071","fg0699","fg0103"
"fq004164","vx_4136f2208bb73bbd","fg0962","1","fg0962","fg0123","fg0742","fg0662","fg0793","fg0181","fg0388","fg0001","fg0668","fg0588","fg0837","fg0163","fg0298","fg0936","fg0375","fg0659","fg0718","fg0029","fg0858","fg0464"
"fq004165","vx_ee304c2c8a3392a8","fg0963","1","fg0963","fg0553","fg0192","fg0708","fg0497","fg0765","fg0358","fg0341","fg0726","fg0440","fg0520","fg0606","fg0953","fg0663","fg0537","fg0930","fg0394","fg0254","fg0468","fg0245"
"fq004166","vx_ee304c2c8a3392a8","fg0963","1","fg0963","fg0553","fg0192","fg0497","fg0468","fg0358","fg0440","fg0708","fg0953","fg0323","fg0053","fg0737","fg0606","fg0663","fg0939","fg0979","fg0769","fg0254","fg0981","fg0598"
"fq004167","vx_ee304c2c8a3392a8","fg0963","1","fg0963","fg0440","fg0192","fg0765","fg0663","fg0358","fg0953","fg0497","fg0061","fg0981","fg0708","fg0468","fg0512","fg0737","fg0911","fg0520","fg0598","fg0979","fg0530","fg0257"
"fq004168","vx_ee304c2c8a3392a8","fg0963","1","fg0963","fg0192","fg0553","fg0440","fg0708","fg0497","fg0318","fg0358","fg0979","fg0953","fg0047","fg0468","fg0993","fg0254","fg0117","fg0737","fg0663","fg0296","fg0502","fg0960"
"fq004169","vx_ba67483795f6829e","fg0964","1","fg0964","fg0542","fg0303","fg0127","fg0604","fg0518","fg0661","fg0464","fg0936","fg0816","fg0476","fg0863","fg0241","fg0014","fg0846","fg0920","fg0387","fg0389","fg0536","fg0516"
"fq004170","vx_ba67483795f6829e","fg0964","1","fg0964","fg0303","fg0127","fg0542","fg0526","fg0661","fg0476","fg0518","fg0863","fg0464","fg0023","fg0604","fg0908","fg0846","fg0946","fg0936","fg0299","fg0265","fg0322","fg0629"
"fq004171","vx_ba67483795f6829e","fg0964","1","fg0964","fg0303","fg0542","fg0518","fg0661","fg0127","fg0936","fg0863","fg0816","fg0604","fg0392","fg0265","fg0322","fg0476","fg0846","fg0839","fg0705","fg0241","fg0273","fg0464"
"fq004172","vx_ba67483795f6829e","fg0964","1","fg0964","fg0303","fg0518","fg0542","fg0127","fg0946","fg0846","fg0863","fg0604","fg0080","fg0839","fg0014","fg0816","fg0209","fg0476","fg0322","fg0661","fg0480","fg0920","fg0287"
"fq004173","vx_ba67483795f6829e","fg0964","1","fg0964","fg0303","fg0542","fg0127","fg0518","fg0604","fg0661","fg0816","fg0080","fg0846","fg0476","fg0014","fg0464","fg0863","fg0839","fg0280","fg0946","fg0322","fg0209","fg0774"
"fq004174","vx_7501c108bed27fae","fg0965","1","fg0965","fg0595","fg0653","fg0384","fg0728","fg0286","fg0568","fg0850","fg0703","fg0846","fg0604","fg0437","fg0586","fg0619","fg0468","fg0676","fg0877","fg0333","fg0606","fg0427"
"fq004175","vx_74529bd09fb47cf7","fg0966","1","fg0966","fg0448","fg0362","fg0367","fg0537","fg0809","fg0544","fg0279","fg0479","fg0662","fg0515","fg0535","fg0474","fg0756","fg0356","fg0086","fg0628","fg0349","fg0962","fg0239"
"fq004176","vx_33ace8a73a62c3da","fg0967","1","fg0967","fg0256","fg0262","fg0246","fg0888","fg0781","fg0789","fg0398","fg0619","fg0591","fg0650","fg0823","fg0411","fg0835","fg0627","fg0674","fg0878","fg0807","fg0976","fg0102"
"fq004177","vx_d833c39988646065","fg0968","1","fg0968","fg0595","fg0690","fg0304","fg0719","fg0092","fg0569","fg0376","fg0225","fg0839","fg0259","fg0066","fg0336","fg0127","fg0555","fg0131","fg0820","fg0387","fg0693","fg0810"
"fq004178","vx_d833c39988646065","fg0968","1","fg0968","fg0595","fg0690","fg0719","fg0304","fg0839","fg0092","fg0376","fg0259","fg0500","fg0225","fg0387","fg0336","fg0455","fg0569","fg0066","fg0758","fg0400","fg0557","fg0201"
"fq004179","vx_d833c39988646065","fg0968","1","fg0968","fg0595","fg0304","fg0690","fg0719","fg0376","fg0092","fg0569","fg0839","fg0336","fg0225","fg0455","fg0387","fg0758","fg0259","fg0810","fg0846","fg0066","fg0514","fg0937"
"fq004180","vx_21f76e22999fde3e","fg0969","1","fg0969","fg0079","fg0157","fg0448","fg0839","fg0274","fg0252","fg0247","fg0518","fg0806","fg0453","fg0582","fg0490","fg0954","fg0594","fg0651","fg0892","fg0554","fg0336","fg0073"
"fq004181","vx_f0abfc1c1261c413","fg0970","1","fg0970","fg1000","fg0490","fg0025","fg0859","fg0396","fg0549","fg0934","fg0772","fg0329","fg0589","fg0186","fg0579","fg0541","fg0018","fg0641","fg0283","fg0290","fg0194","fg0307"
"fq004182","vx_f0abfc1c1261c413","fg0970","1","fg0970","fg1000","fg0490","fg0859","fg0025","fg0797","fg0549","fg0031","fg0666","fg0186","fg0301","fg0748","fg0329","fg0641","fg0541","fg0934","fg0579","fg0018","fg0707","fg0776"
"fq004183","vx_f0abfc1c1261c413","fg0970","1","fg0970","fg1000","fg0549","fg0018","fg0934","fg0490","fg0859","fg0541","fg0396","fg0772","fg0025","fg0272","fg0579","fg0707","fg0186","fg0797","fg0307","fg0203","fg0194","fg0666"
"fq004184","vx_f0abfc1c1261c413","fg0970","1","fg0970","fg1000","fg0490","fg0549","fg0018","fg0859","fg0025","fg0666","fg0227","fg0541","fg0329","fg0186","fg0797","fg0579","fg0194","fg0396","fg0772","fg0934","fg0669","fg0501"
"fq004185","vx_3a68f37c10b3f79e","fg0971","1","fg0971","fg0316","fg0101","fg0237","fg0141","fg0119","fg0861","fg0572","fg0494","fg0315","fg0336","fg0976","fg0828","fg0763","fg0288","fg0491","fg0182","fg0796","fg0145","fg0465"
"fq004186","vx_bf4c432b5b053fea","fg0972","1","fg0972","fg0936","fg0211","fg0746","fg0261","fg0186","fg0228","fg0112","fg0733","fg0445","fg0866","fg0082","fg0925","fg0327","fg0022","fg0350","fg0436","fg0328","fg0828","fg0267"
"fq004187","vx_99e98264a6ecd771","fg0973","1","fg0973","fg0398","fg0835","fg0411","fg0350","fg0474","fg0297","fg0588","fg0371","fg0117","fg0503","fg0334","fg0169","fg0147","fg0851","fg0258","fg0450","fg0807","fg0367","fg0850"
"fq004188","vx_bac0fde46771b510","fg0974","1","fg0974","fg0744","fg0823","fg0692","fg0721","fg0339","fg0136","fg0644","fg0880","fg0947","fg0504","fg0768","fg0914","fg0740","fg0682","fg0406","fg0114","fg0843","fg0072","fg0278"
"fq004189","vx_9303807e6d4f9fbe","fg0975","1","fg0975","fg0940","fg0522","fg0351","fg0494","fg0203","fg0473","fg0261","fg0456","fg0654","fg0185","fg0332","fg0773","fg0098","fg0932","fg0731","fg0809","fg0553","fg0360","fg0481"
"fq004190","vx_37d94417547acdf4","fg0976","1","fg0976","fg0334","fg0102","fg0368","fg0315","fg0562","fg0806","fg0096","fg0531","fg0948","fg0106","fg0971","fg0069","fg0563","fg0820","fg0205","fg0792","fg0059","fg0397","fg0435"
"fq004191","vx_0f3caccfda5017b8","fg0977","1","fg0977","fg0164","fg0170","fg0410","fg0302","fg0497","fg0979","fg0844","fg0850","fg0468","fg0388","fg0609","fg0698","fg0871","fg0254","fg0403","fg0948","fg0309","fg0856","fg0836"
"fq004192","vx_0f3caccfda5017b8","fg0977","1","fg0977","fg0170","fg0410","fg0844","fg0836","fg0164","fg0948","fg0309","fg0388","fg0665","fg0082","fg0421","fg0011","fg0817","fg0298","fg0503","fg0285","fg0680","fg0457","fg0320"
"fq004193","vx_0f3caccfda5017b8","fg0977","1","fg0977","fg0170","fg0164","fg0410","fg0844","fg0309","fg0836","fg0979","fg0948","fg0285","fg0468","fg0850","fg0497","fg0871","fg0302","fg0388","fg0544","fg0254","fg0102","fg0407"
"fq004194","vx_0f3caccfda5017b8","fg0977","1","fg0977","fg0170","fg0410","fg0164","fg0844","fg0309","fg0836","fg0011","fg0948","fg0468","fg0286","fg0979","fg0285","fg0665","fg0850","fg0871","fg0540","fg0269","fg0497","fg0817"
"fq004195","vx_0f3caccfda5017b8","fg0977","1","fg0977","fg0170","fg0164","fg0410","fg0844","fg0979","fg0309","fg0836","fg0948","fg0871","fg0254","fg0468","fg0285","fg0850","fg0817","fg0879","fg0497","fg0269","fg0102","fg0302"
"fq004196","vx_0f3caccfda5017b8","fg0977","1","fg0977","fg0170","fg0164","fg0410","fg0844","fg0836","fg0309","fg0871","fg0979","fg0948","fg0468","fg0497","fg0286","fg0680","fg0540","fg0817","fg0011","fg0665","fg0082","fg0479"
"fq004197","vx_0f3caccfda5017b8","fg0977","1","fg0977","fg0170","fg0164","fg0410","fg0979","fg0844","fg0497","fg0468","fg0302","fg0948","fg0871","fg0836","fg0850","fg0254","fg0598","fg0512","fg0858","fg0672","fg0698","fg0407"
"fq004198","vx_0f3caccfda5017b8","fg0977","1","fg0977","fg0170","fg0164","fg0410","fg0844","fg0302","fg0497","fg0836","fg0979","fg0850","fg0667","fg0468","fg0309","fg0871","fg0102","fg0948","fg0403","fg0609","fg0544","fg0915"
"fq004199","vx_0f3caccfda5017b8","fg0977","1","fg0977","fg0170","fg0164","fg0410","fg0844","fg0948","fg0468","fg0388","fg0871","fg0836","fg0082","fg0497","fg0979","fg0302","fg0320","fg0462","fg0850","fg0701","fg0447","fg0573"
"fq004200","vx_0f3caccfda5017b8","fg0977","1","fg0977","fg0170","fg0164","fg0410","fg0844","fg0836","fg0979","fg0468","fg0497","fg0850","fg0948","fg0665","fg0302","fg0309","fg0254","fg0871","fg0817","fg0540","fg0285","fg0286"
"fq004201","vx_0f3caccfda5017b8","fg0977","1","fg0977","fg0170","fg0164","fg0410","fg0844","fg0979","fg0497","fg0309","fg0871","fg0836","fg0302","fg0468","fg0850","fg0948","fg0285","fg0407","fg0701","fg0879","fg0254","fg0544"
"fq004202","vx_0f3caccfda5017b8","fg0977","1","fg0977","fg0170","fg0410","fg0979","fg0164","fg0844","fg0285","fg0254","fg0836","fg0817","fg0871","fg0309","fg0850","fg0760","fg0227","fg0193","fg0102","fg0598","fg0144","fg0269"
"fq004203","vx_0f3caccfda5017b8","fg0977","1","fg0977","fg0170","fg0410","fg0164","fg0844","fg0309","fg0979","fg0836","fg0285","fg0948","fg0468","fg0850","fg0254","fg0871","fg0102","fg0286","fg0011","fg0497","fg0544","fg0455"
"fq004204","vx_0f3caccfda5017b8","fg0977","1","fg0977","fg0170","fg0164","fg0410","fg0844","fg0948","fg0836","fg0309","fg0082","fg0388","fg0468","fg0102","fg0457","fg0698","fg0871","fg0701","fg0979","fg0407","fg0497","fg0421"
"fq004205","vx_0f3caccfda5017b8","fg0977","1","fg0977","fg0170","fg0164","fg0410","fg0844","fg0979","fg0871","fg0850","fg0254","fg0309","fg0836","fg0497","fg0468","fg0948","fg0598","fg0302","fg0384","fg0858","fg0817","fg0701"
"fq004206","vx_0f3caccfda5017b8","fg0977","1","fg0977","fg0164","fg0170","fg0410","fg0302","fg0979","fg0844","fg0850","fg0497","fg0468","fg0667","fg0672","fg0948","fg0407","fg0769","fg0254","fg0990","fg0871","fg0993","fg0665"
"fq004207","vx_0f3caccfda5017b8","fg0977","1","fg0977","fg0164","fg0170","fg0979","fg0468","fg0410","fg0497","fg0850","fg0844","fg0254","fg0871","fg0302","fg0836","fg0598","fg0948","fg0384","fg0286","fg0698","fg0309","fg0285"
"fq004208","vx_0f3caccfda5017b8","fg0977","1","fg0977","fg0170","fg0410","fg0164","fg0844","fg0836","fg0979","fg0285","fg0468","fg0309","fg0850","fg0254","fg0879","fg0948","fg0871","fg0497","fg0302","fg0455","fg0544","fg0817"
"fq004209","vx_0f3caccfda5017b8","fg0977","1","fg0977","fg0170","fg0164","fg0410","fg0979","fg0844","fg0850","fg0871","fg0497","fg0948","fg0468","fg0836","fg0302","fg0153","fg0254","fg0455","fg0609","fg0309","fg0598","fg0879"
"fq004210","vx_0f3caccfda5017b8","fg0977","1","fg0977","fg0170","fg0410","fg0164","fg0844","fg0421","fg0160","fg0836","fg0948","fg0468","fg0573","fg0388","fg0302","fg0011","fg0082","fg0309","fg0979","fg0286","fg0680","fg0871"
"fq004211","vx_0f3caccfda5017b8","fg0977","1","fg0977","fg0170","fg0410","fg0844","fg0164","fg0836","fg0309","fg0979","fg0701","fg0871","fg0285","fg0468","fg0540","fg0850","fg0286","fg0462","fg0948","fg0817","fg0455","fg0254"
"fq004212","vx_0f3caccfda5017b8","fg0977","1","fg0977","fg0164","fg0170","fg0979","fg0468","fg0254","fg0384","fg0410","fg0598","fg0851","fg0844","fg0285","fg0948","fg0257","fg0850","fg0269","fg0740","fg0765","fg0544","fg0836"
"fq004213","vx_0f3caccfda5017b8","fg0977","1","fg0977","fg0170","fg0410","fg0844","fg0164","fg0836","fg0285","fg0309","fg0160","fg0948","fg0102","fg0468","fg0011","fg0817","fg0302","fg0665","fg0269","fg0286","fg0066","fg0489"
"fq004214","vx_0f3caccfda5017b8","fg0977","1","fg0977","fg0164","fg0170","fg0410","fg0302","fg0844","fg0850","fg0468","fg0497","fg0979","fg0871","fg0836","fg0407","fg0285","fg0254","fg0665","fg0286","fg0667","fg0948","fg0672"
"fq004215","vx_0f3caccfda5017b8","fg0977","1","fg0977","fg0170","fg0410","fg0844","fg0817","fg0836","fg0701","fg0102","fg0397","fg0879","fg0320","fg0269","fg0285","fg0523","fg0933","fg0309","fg0947","fg0181","fg0948","fg0298"
"fq004216","vx_0f3caccfda5017b8","fg0977","1","fg0977","fg0170","fg0410","fg0844","fg0164","fg0836","fg0948","fg0309","fg0817","fg0544","fg0102","fg0468","fg0082","fg0286","fg0285","fg0279","fg0011","fg0388","fg0665","fg0680"
"fq004217","vx_0f3caccfda5017b8","fg0977","1","fg0977","fg0164","fg0979","fg0468","fg0598","fg0254","fg0850","fg0384","fg0497","fg0012","fg0738","fg0170","fg0257","fg0611","fg0871","fg0736","fg0302","fg0440","fg0648","fg0370"
"fq004218","vx_0f3caccfda5017b8","fg0977","1","fg0977","fg0170","fg0844","fg0410","fg0164","fg0309","fg0836","fg0701","fg0285","fg0871","fg0817","fg0011","fg0948","fg0407","fg0540","fg0102","fg0286","fg0979","fg0544","fg0302"
"fq004219","vx_0f3caccfda5017b8","fg0977","1","fg0977","fg0170","fg0410","fg0844","fg0164","fg0836","fg0309","fg0468","fg0948","fg0286","fg0850","fg0497","fg0871","fg0979","fg0285","fg0455","fg0665","fg0915","fg0302","fg0817"
"fq004220","vx_0f3caccfda5017b8","fg0977","1","fg0977","fg0170","fg0164","fg0410","fg0844","fg0979","fg0309","fg0948","fg0871","fg0836","fg0850","fg0468","fg0497","fg0302","fg0285","fg0254","fg0698","fg0082","fg0672","fg0286"
"fq004221","vx_0f3caccfda5017b8","fg0977","1","fg0977","fg0164","fg0170","fg0410","fg0979","fg0844","fg0302","fg0497","fg0850","fg0254","fg0468","fg0836","fg0665","fg0285","fg0990","fg0257","fg0598","fg0871","fg0673","fg0160"
"fq004222","vx_0f3caccfda5017b8","fg0977","1","fg0977","fg0170","fg0410","fg0844","fg0164","fg0836","fg0309","fg0948","fg0102","fg0489","fg0285","fg0011","fg0817","fg0540","fg0544","fg0286","fg0457","fg0523","fg0386","fg0680"
"fq004223","vx_39359b4ec16e6026","fg0978","1","fg0978","fg0016","fg0735","fg0509","fg0120","fg0430","fg0702","fg0829","fg0660","fg0272","fg0177","fg0467","fg0612","fg0121","fg0945","fg0603","fg0536","fg0281","fg0728","fg0204"
"fq004224","vx_39359b4ec16e6026","fg0978","1","fg0978","fg0120","fg0509","fg0016","fg0735","fg0603","fg0702","fg0467","fg0829","fg0660","fg0430","fg0612","fg0121","fg0864","fg0204","fg0045","fg0409","fg0751","fg0177","fg0167"
"fq004225","vx_943bb0a2f3c13f2f","fg0979","1","fg0979","fg0254","fg0598","fg0874","fg0769","fg0497","fg0574","fg0850","fg0673","fg0007","fg0902","fg0356","fg0990","fg0708","fg0871","fg0965","fg0384","fg0144","fg0958","fg0288"
"fq004226","vx_cb6b8eebeb7eda71","fg0980","1","fg0980","fg0648","fg0863","fg0470","fg0901","fg0989","fg0147","fg0586","fg0552","fg0464","fg0749","fg0551","fg0889","fg0249","fg0095","fg0890","fg0922","fg0659","fg0270","fg0135"
"fq004227","vx_f2c64d991295d456","fg0981","1","fg0981","fg0530","fg0012","fg0512","fg0028","fg0318","fg0228","fg0963","fg0754","fg0051","fg0553","fg0263","fg0832","fg0765","fg0804","fg0672","fg0085","fg0625","fg0908","fg0741"
"fq004228","vx_39ed64b4036ef11f","fg0982","1","fg0982","fg0211","fg0544","fg0951","fg0067","fg0235","fg0030","fg0972","fg0718","fg0142","fg0907","fg0397","fg0129","fg0663","fg0499","fg0173","fg0849","fg0737","fg0790","fg0322"
"fq004229","vx_39ed64b4036ef11f","fg0982","1","fg0982","fg0972","fg0849","fg0137","fg0718","fg0142","fg0920","fg0211","fg0347","fg0235","fg0950","fg0951","fg0466","fg0790","fg0955","fg0542","fg0397","fg0173","fg0936","fg0593"
"fq004230","vx_39ed64b4036ef11f","fg0982","1","fg0982","fg0972","fg0920","fg0849","fg0137","fg0542","fg0718","fg0142","fg0397","fg0173","fg0211","fg0235","fg0135","fg0544","fg0936","fg0951","fg0955","fg0916","fg0067","fg0390"
"fq004231","vx_39ed64b4036ef11f","fg0982","1","fg0982","fg0972","fg0211","fg0920","fg0544","fg0235","fg0045","fg0131","fg0849","fg0663","fg0137","fg0542","fg0129","fg0916","fg0067","fg0173","fg0322","fg0397","fg0135","fg0947"
"fq004232","vx_39ed64b4036ef11f","fg0982","1","fg0982","fg0142","fg0972","fg0542","fg0137","fg0849","fg0028","fg0397","fg0951","fg0936","fg0211","fg0235","fg0169","fg0920","fg0718","fg0135","fg0464","fg0663","fg0790","fg0067"
"fq004233","vx_39ed64b4036ef11f","fg0982","1","fg0982","fg0211","fg0972","fg0718","fg0849","fg0920","fg0137","fg0397","fg0542","fg0142","fg0235","fg0907","fg0790","fg0951","fg0322","fg0936","fg0984","fg0950","fg0067","fg0593"
"fq004234","vx_39ed64b4036ef11f","fg0982","1","fg0982","fg0045","fg0972","fg0211","fg0397","fg0142","fg0947","fg0390","fg0936","fg0169","fg0028","fg0464","fg0137","fg0920","fg0730","fg0840","fg0849","fg0542","fg0195","fg0765"
"fq004235","vx_39ed64b4036ef11f","fg0982","1","fg0982","fg0397","fg0972","fg0142","fg0028","fg0955","fg0936","fg0211","fg0173","fg0916","fg0849","fg0544","fg0920","fg0907","fg0718","fg0466","fg0951","fg0137","fg0135","fg0235"
"fq004236","vx_c1bd402ac1d0c9bf","fg0983","1","fg0983","fg0867","fg0884","fg0077","fg0197","fg0917","fg0024","fg0627","fg0878","fg0681","fg0735","fg0904","fg0052","fg0604","fg0069","fg0956","fg0719","fg0539","fg0740","fg0623"
"fq004237","vx_60bc9fbc40e42e30","fg0984","1","fg0984","fg0634","fg0281","fg0829","fg0924","fg0303","fg0702","fg0864","fg0116","fg0770","fg0193","fg0065","fg0727","fg0516","fg0542","fg0635","fg0724","fg0534","fg0409","fg0576"
"fq004238","vx_60bc9fbc40e42e30","fg0984","1","fg0984","fg0634","fg0806","fg0621","fg0116","fg0635","fg0281","fg0829","fg0065","fg0415","fg0409","fg0303","fg0937","fg0628","fg0751","fg0542","fg0873","fg0098","fg0734","fg0056"
"fq004239","vx_60bc9fbc40e42e30","fg0984","1","fg0984","fg0634","fg0806","fg0621","fg0065","fg0829","fg0281","fg0116","fg0303","fg0635","fg0628","fg0415","fg0924","fg0518","fg0098","fg0409","fg0045","fg0542","fg0665","fg0727"
"fq004240","vx_5d4d4e67b03d1ff4","fg0985","1","fg0985","fg0087","fg0062","fg0112","fg0193","fg0280","fg0352","fg0285","fg0784","fg0900","fg0467","fg0328","fg0731","fg0622","fg0370","fg0410","fg0429","fg0257","fg0450","fg0181"
"fq004241","vx_88a07b0a26e175d6","fg0986","1","fg0986","fg0428","fg0892","fg0046","fg0929","fg0860","fg0310","fg0089","fg0430","fg0586","fg1000","fg0289","fg0384","fg0656","fg0130","fg0169","fg0958","fg0270","fg0229","fg0214"
"fq004242","vx_41335fde2f320b7c","fg0987","1","fg0987","fg0876","fg0822","fg0878","fg0510","fg0301","fg0831","fg0031","fg0070","fg0188","fg0724","fg0351","fg0601","fg0549","fg0024","fg0080","fg0602","fg0496","fg0217","fg0021"
"fq004243","vx_41335fde2f320b7c","fg0987","1","fg0987","fg0831","fg0122","fg0602","fg0724","fg0878","fg0930","fg0922","fg0080","fg0090","fg0188","fg0107","fg0043","fg0857","fg0749","fg0024","fg0659","fg0548","fg0230","fg0408"
"fq004244","vx_41335fde2f320b7c","fg0987","1","fg0987","fg0122","fg0724","fg0080","fg0602","fg0351","fg0857","fg0822","fg0024","fg0831","fg0230","fg0073","fg0275","fg0368","fg0548","fg0426","fg0372","fg0876","fg0616","fg0107"
"fq004245","vx_41335fde2f320b7c","fg0987","1","fg0987","fg0878","fg0831","fg0188","fg0876","fg0922","fg0510","fg0720","fg0822","fg0970","fg0549","fg0541","fg0024","fg0070","fg0018","fg0122","fg0789","fg0416","fg0938","fg0108"
"fq004246","vx_9ce80e86f0beb382","fg0988","1","fg0988","fg0268","fg0931","fg0046","fg0428","fg0180","fg0214","fg0172","fg0229","fg0283","fg0929","fg0748","fg0707","fg0958","fg0893","fg0996","fg0319","fg0388","fg0666","fg0656"
"fq004247","vx_ffc7a105e4b7863c","fg0989","1","fg0989","fg0596","fg0464","fg0354","fg0543","fg0342","fg0667","fg0528","fg0698","fg0302","fg0401","fg0053","fg0403","fg0633","fg0868","fg0749","fg0863","fg0980","fg0250","fg0270"
"fq004248","vx_ffc7a105e4b7863c","fg0989","1","fg0989","fg0596","fg0464","fg0543","fg0495","fg0528","fg0401","fg0342","fg0980","fg0667","fg0698","fg0296","fg0302","fg0492","fg0905","fg0299","fg0993","fg0465","fg0951","fg0250"
"fq004249","vx_ee6071fe4d24ee8d","fg0990","9","fg0085","fg0960","fg0948","fg0082","fg0299","fg0589","fg0319","fg0573","fg0990","fg0561","fg0729","fg0401","fg0071","fg0355","fg0678","fg0804","fg0778","fg0318","fg0397","fg0599"
"fq004250","vx_ee6071fe4d24ee8d","fg0990","31","fg0948","fg0319","fg0589","fg0729","fg0270","fg0299","fg0159","fg0749","fg0889","fg0355","fg0957","fg0147","fg0561","fg0082","fg0040","fg0874","fg0922","fg0255","fg0607","fg0411"
"fq004251","vx_ee6071fe4d24ee8d","fg0990","232","fg0948","fg0703","fg0071","fg0378","fg0768","fg0211","fg0824","fg0492","fg0397","fg0496","fg0536","fg0778","fg0270","fg0169","fg0729","fg0528","fg0464","fg0740","fg0159","fg0749"
"fq004252","vx_ee6071fe4d24ee8d","fg0990","48","fg0948","fg0729","fg0401","fg0778","fg0299","fg0071","fg0528","fg0589","fg0749","fg0960","fg0082","fg0211","fg0397","fg0270","fg0355","fg0378","fg0703","fg0085","fg0573","fg0159"
"fq004253","vx_c4440a7bc84ad4ab","fg0991","1","fg0991","fg0787","fg0089","fg0168","fg0325","fg0199","fg0111","fg0717","fg0910","fg0276","fg0354","fg0935","fg0508","fg0026","fg0597","fg0125","fg0346","fg0396","fg0229","fg0394"
"fq004254","vx_c4440a7bc84ad4ab","fg0991","1","fg0991","fg0787","fg0089","fg0111","fg0168","fg0199","fg0325","fg0910","fg0935","fg0354","fg0125","fg0508","fg0276","fg0346","fg0026","fg0229","fg0717","fg0957","fg0597","fg0363"
"fq004255","vx_c4440a7bc84ad4ab","fg0991","1","fg0991","fg0787","fg0089","fg0111","fg0168","fg0199","fg0325","fg0346","fg0597","fg0363","fg0026","fg0276","fg0935","fg0717","fg0508","fg0125","fg0394","fg0910","fg0957","fg0348"
"fq004256","vx_c4440a7bc84ad4ab","fg0991","1","fg0991","fg0787","fg0089","fg0111","fg0325","fg0168","fg0199","fg0597","fg0346","fg0026","fg0276","fg0935","fg0717","fg0125","fg0363","fg0508","fg0910","fg0425","fg0394","fg0086"
"fq004257","vx_c4440a7bc84ad4ab","fg0991","1","fg0991","fg0787","fg0089","fg0111","fg0168","fg0199","fg0325","fg0508","fg0346","fg0363","fg0026","fg0276","fg0717","fg0910","fg0597","fg0935","fg0125","fg0354","fg0229","fg0394"
"fq004258","vx_c4440a7bc84ad4ab","fg0991","1","fg0991","fg0787","fg0089","fg0325","fg0168","fg0111","fg0276","fg0717","fg0026","fg0199","fg0910","fg0363","fg0508","fg0394","fg0086","fg0597","fg0425","fg0346","fg0354","fg0125"
"fq004259","vx_c4440a7bc84ad4ab","fg0991","1","fg0991","fg0787","fg0199","fg0089","fg0111","fg0168","fg0935","fg0363","fg0717","fg0026","fg0325","fg0276","fg0346","fg0086","fg0425","fg0125","fg0597","fg0508","fg0118","fg0910"
"fq004260","vx_c4440a7bc84ad4ab","fg0991","1","fg0991","fg0787","fg0089","fg0111","fg0325","fg0168","fg0026","fg0346","fg0125","fg0199","fg0276","fg0935","fg0363","fg0597","fg0405","fg0717","fg0857","fg0394","fg0086","fg0508"
"fq004261","vx_c4440a7bc84ad4ab","fg0991","1","fg0991","fg0787","fg0089","fg0111","fg0168","fg0325","fg0346","fg0125","fg0199","fg0498","fg0508","fg0405","fg0935","fg0026","fg0910","fg0276","fg0394","fg0928","fg0501","fg0957"
"fq004262","vx_c4440a7bc84ad4ab","fg0991","1","fg0991","fg0787","fg0089","fg0111","fg0168","fg0325","fg0276","fg0199","fg0346","fg0026","fg0363","fg0597","fg0125","fg0935","fg0508","fg0717","fg0086","fg0910","fg0394","fg0348"
"fq004263","vx_c4440a7bc84ad4ab","fg0991","1","fg0991","fg0787","fg0089","fg0111","fg0325","fg0168","fg0199","fg0276","fg0910","fg0597","fg0717","fg0363","fg0346","fg0026","fg0935","fg0125","fg0425","fg0086","fg0354","fg0508"
"fq004264","vx_c4440a7bc84ad4ab","fg0991","1","fg0991","fg0787","fg0089","fg0111","fg0199","fg0168","fg0325","fg0935","fg0508","fg0363","fg0346","fg0026","fg0276","fg0354","fg0910","fg0125","fg0717","fg0229","fg0957","fg0348"
"fq004265","vx_c4440a7bc84ad4ab","fg0991","1","fg0991","fg0787","fg0089","fg0111","fg0168","fg0325","fg0199","fg0346","fg0276","fg0935","fg0508","fg0363","fg0717","fg0910","fg0026","fg0957","fg0597","fg0405","fg0348","fg0498"
"fq004266","vx_c4440a7bc84ad4ab","fg0991","1","fg0991","fg0787","fg0089","fg0168","fg0111","fg0325","fg0199","fg0026","fg0717","fg0346","fg0363","fg0276","fg0597","fg0425","fg0034","fg0957","fg0348","fg0935","fg0354","fg0865"
"fq004267","vx_c4440a7bc84ad4ab","fg0991","1","fg0991","fg0787","fg0089","fg0168","fg0111","fg0325","fg0199","fg0346","fg0597","fg0910","fg0717","fg0276","fg0508","fg0348","fg0125","fg0363","fg0086","fg0957","fg0498","fg0935"
"fq004268","vx_c4440a7bc84ad4ab","fg0991","1","fg0991","fg0787","fg0089","fg0168","fg0111","fg0325","fg0199","fg0508","fg0910","fg0717","fg0935","fg0597","fg0026","fg0346","fg0394","fg0125","fg0928","fg0276","fg0405","fg0363"
"fq004269","vx_c4440a7bc84ad4ab","fg0991","1","fg0991","fg0787","fg0089","fg0111","fg0199","fg0168","fg0276","fg0325","fg0910","fg0354","fg0717","fg0935","fg0597","fg0396","fg0348","fg0118","fg0346","fg0125","fg0363","fg0508"
"fq004270","vx_c4440a7bc84ad4ab","fg0991","1","fg0991","fg0787","fg0199","fg0089","fg0111","fg0363","fg0935","fg0957","fg0597","fg0425","fg0346","fg0026","fg0348","fg0405","fg0034","fg0168","fg0657","fg0325","fg0717","fg0332"
"fq004271","vx_c4440a7bc84ad4ab","fg0991","2","fg0787","fg0991","fg0089","fg0168","fg0111","fg0325","fg0276","fg0910","fg0346","fg0717","fg0125","fg0199","fg0026","fg0508","fg0597","fg0405","fg0363","fg0086","fg0935","fg0210"
"fq004272","vx_c4440a7bc84ad4ab","fg0991","1","fg0991","fg0787","fg0325","fg0089","fg0111","fg0168","fg0199","fg0717","fg0935","fg0276","fg0657","fg0026","fg0910","fg0679","fg0346","fg0508","fg0363","fg0394","fg0125","fg0229"
"fq004273","vx_c4440a7bc84ad4ab","fg0991","1","fg0991","fg0787","fg0089","fg0111","fg0168","fg0199","fg0325","fg0717","fg0910","fg0597","fg0276","fg0346","fg0363","fg0508","fg0521","fg0354","fg0348","fg0034","fg0957","fg0935"
"fq004274","vx_eaca14329ddf79ba","fg0992","1","fg0992","fg0993","fg0518","fg0318","fg0268","fg0708","fg0012","fg0476","fg0294","fg0366","fg0512","fg0981","fg0851","fg0510","fg0193","fg0192","fg0401","fg0586","fg0653","fg0589"
"fq004275","vx_327ed01c996b8a2c","fg0993","1","fg0993","fg0512","fg0192","fg0992","fg0598","fg0646","fg0401","fg0296","fg0440","fg0167","fg0543","fg0012","fg0318","fg0676","fg0603","fg0342","fg0468","fg0933","fg0110","fg0117"
"fq004276","vx_a36080eef14951ee","fg0994","1","fg0994","fg0730","fg0522","fg0104","fg0435","fg0199","fg0069","fg0224","fg0189","fg0052","fg0890","fg0217","fg0884","fg0017","fg0935","fg0705","fg0508","fg0711","fg1000","fg0904"
"fq004277","vx_a36080eef14951ee","fg0994","1","fg0994","fg0730","fg0522","fg0104","fg0435","fg0455","fg1000","fg0017","fg0069","fg0199","fg0216","fg0890","fg0705","fg0711","fg0224","fg0935","fg0884","fg0341","fg0292","fg0189"
"fq004278","vx_a36080eef14951ee","fg0994","1","fg0994","fg0522","fg0104","fg0730","fg1000","fg0900","fg0435","fg0069","fg0471","fg0705","fg0722","fg0189","fg0224","fg0711","fg0292","fg0935","fg0430","fg0017","fg0199","fg0707"
"fq004279","vx_18512ce98f7052d4","fg0995","1","fg0995","fg0043","fg0104","fg0917","fg0823","fg0605","fg0904","fg0194","fg0654","fg0522","fg0017","fg0886","fg0967","fg0674","fg0024","fg0256","fg0888","fg0224","fg0713","fg0052"
"fq004280","vx_18512ce98f7052d4","fg0995","1","fg0995","fg0043","fg0904","fg0823","fg0917","fg0104","fg0605","fg0017","fg0654","fg0240","fg0216","fg0555","fg0687","fg0522","fg0066","fg0435","fg0802","fg0256","fg0967","fg0194"
"fq004281","vx_2afccf8c19a6b042","fg0996","1","fg0996","fg0193","fg0728","fg0750","fg0850","fg0370","fg0715","fg0006","fg0264","fg0818","fg0851","fg0845","fg0737","fg0871","fg0041","fg0988","fg0980","fg0160","fg0775","fg0786"
"fq004282","vx_2afccf8c19a6b042","fg0996","1","fg0996","fg0850","fg0915","fg0926","fg0152","fg0880","fg0737","fg0370","fg0504","fg0006","fg0114","fg0655","fg0660","fg0802","fg0678","fg0155","fg0836","fg0355","fg0377","fg0555"
"fq004283","vx_2afccf8c19a6b042","fg0996","1","fg0996","fg0193","fg0728","fg0750","fg0715","fg0775","fg0818","fg0988","fg0264","fg0748","fg0006","fg0108","fg0160","fg0063","fg0721","fg0834","fg0041","fg0370","fg0850","fg0786"
"fq004284","vx_8da4e11bf76ba2b5","fg0997","1","fg0997","fg0783","fg0624","fg0240","fg0485","fg0653","fg0445","fg0684","fg0612","fg0529","fg0623","fg0458","fg0113","fg0337","fg0695","fg0373","fg0092","fg0943","fg0138","fg0820"
"fq004285","vx_f645c7b8578c4dcb","fg0998","1","fg0998","fg0206","fg0114","fg0373","fg0240","fg0083","fg0810","fg0225","fg0694","fg0119","fg0608","fg0151","fg0802","fg0403","fg0128","fg0906","fg0590","fg0525","fg0299","fg0504"
"fq004286","vx_64169135366fd3e0","fg0999","1","fg0999","fg0060","fg0079","fg0596","fg0905","fg0164","fg0320","fg0624","fg0053","fg0989","fg0463","fg0972","fg0714","fg0787","fg0526","fg0406","fg0354","fg0780","fg0932","fg0499"
"fq004287","vx_64169135366fd3e0","fg0999","1","fg0999","fg0060","fg0079","fg0905","fg0596","fg0164","fg0972","fg0320","fg0932","fg0746","fg0597","fg0624","fg0053","fg0205","fg0780","fg0463","fg0682","fg0657","fg0969","fg0989"
"fq004288","vx_64169135366fd3e0","fg0999","1","fg0999","fg0596","fg0079","fg0060","fg0053","fg0905","fg0463","fg0989","fg0526","fg0354","fg0164","fg0219","fg0320","fg0714","fg0645","fg0419","fg0624","fg0006","fg0692","fg0633"
"fq004289","vx_64169135366fd3e0","fg0999","1","fg0999","fg0905","fg0060","fg0596","fg0079","fg0320","fg0053","fg0164","fg0463","fg0597","fg0932","fg0989","fg0406","fg0624","fg0746","fg0657","fg0972","fg0591","fg0354","fg0205"
"fq004290","vx_64169135366fd3e0","fg0999","1","fg0999","fg0060","fg0596","fg0905","fg0079","fg0164","fg0597","fg0053","fg0989","fg0657","fg0932","fg0406","fg0320","fg0624","fg0463","fg0972","fg0647","fg0780","fg0042","fg0692"
"fq004291","vx_64169135366fd3e0","fg0999","1","fg0999","fg0905","fg0060","fg0596","fg0801","fg0591","fg0320","fg0030","fg0972","fg0053","fg0650","fg0990","fg0164","fg0657","fg0746","fg0414","fg0932","fg0547","fg0637","fg0079"
"fq004292","vx_64169135366fd3e0","fg0999","1","fg0999","fg0905","fg0060","fg0596","fg0164","fg0657","fg0079","fg0053","fg0463","fg0972","fg0591","fg0932","fg0547","fg0320","fg0597","fg0205","fg0780","fg0647","fg0406","fg0746"
"fq004293","vx_64169135366fd3e0","fg0999","1","fg0999","fg0079","fg0060","fg0905","fg0320","fg0164","fg0596","fg0972","fg0932","fg0746","fg0006","fg0597","fg0692","fg0685","fg0053","fg0624","fg0657","fg0780","fg0591","fg0499"
"fq004294","vx_64169135366fd3e0","fg0999","1","fg0999","fg0596","fg0060","fg0905","fg0079","fg0164","fg0053","fg0463","fg0645","fg0989","fg0354","fg0320","fg0682","fg0657","fg0597","fg0685","fg0543","fg0624","fg0547","fg0406"
"fq004295","vx_7bb5806a5926e963","fg1000","1","fg1000","fg0970","fg0895","fg0018","fg0929","fg0934","fg0549","fg0707","fg0722","fg0108","fg0860","fg0772","fg0859","fg0994","fg0272","fg0180","fg0870","fg0194","fg0428","fg0550"
