"query_id","class_id","true_gallery_id","true_rank","top01_gallery_id","top02_gallery_id","top03_gallery_id","top04_gallery_id","top05_gallery_id","top06_gallery_id","top07_gallery_id","top08_gallery_id","top09_gallery_id","top10_gallery_id","top11_gallery_id","top12_gallery_id","top13_gallery_id","top14_gallery_id","top15_gallery_id","top16_gallery_id","top17_gallery_id","top18_gallery_id","top19_gallery_id","top20_gallery_id"
"fq000001","vx_6ddeac381ea9502a","fg0001","4","fg0159","fg0123","fg0275","fg0001","fg0535","fg0961","fg0402","fg0503","fg0949","fg0202","fg0942","fg0511","fg0522","fg0388","fg0888","fg0572","fg0962","fg0739","fg0763","fg0036"
"fq000002","vx_6ddeac381ea9502a","fg0001","474","fg0159","fg0535","fg0402","fg0942","fg0522","fg0961","fg0777","fg0888","fg0933","fg0543","fg0978","fg0113","fg0692","fg0133","fg0705","fg0583","fg0398","fg0617","fg0509","fg0249"
"fq000003","vx_6ddeac381ea9502a","fg0001","33","fg0705","fg0805","fg0793","fg0617","fg0692","fg0113","fg0534","fg0134","fg0545","fg0897","fg0567","fg0275","fg0099","fg0127","fg0123","fg0835","fg0748","fg0635","fg0632","fg0525"
"fq000004","vx_6ddeac381ea9502a","fg0001","756","fg0705","fg0617","fg0805","fg0159","fg0961","fg0777","fg0692","fg0402","fg0793","fg0949","fg0113","fg0535","fg0534","fg0632","fg0731","fg0739","fg0701","fg0076","fg0835","fg0134"
"fq000005","vx_7987aeee0fad32f4","fg0002","1","fg0002","fg0689","fg0391","fg0564","fg0783","fg0106","fg0907","fg0245","fg0901","fg0083","fg0337","fg0128","fg0862","fg0332","fg0870","fg0134","fg0540","fg0792","fg0109","fg0199"
"fq000006","vx_b809225e843d525d","fg0003","1","fg0003","fg0269","fg0291","fg0598","fg0667","fg0606","fg0225","fg0140","fg0355","fg0301","fg0505","fg0131","fg0347","fg0440","fg0703","fg0160","fg0863","fg0543","fg0561","fg0883"
"fq000007","vx_b809225e843d525d","fg0003","1","fg0003","fg0269","fg0561","fg0145","fg0598","fg0703","fg0291","fg0656","fg0621","fg0959","fg0140","fg0260","fg0606","fg0957","fg0506","fg0932","fg0381","fg0034","fg0426","fg0887"
"fq000008","vx_500a69b74f502c18","fg0004","1","fg0004","fg0455","fg0608","fg0989","fg0696","fg0660","fg0688","fg0546","fg0443","fg0022","fg0105","fg0750","fg0570","fg0298","fg0849","fg0574","fg0818","fg0290","fg0325","fg0337"
"fq000009","vx_1792aa550c914d7c","fg0005","1","fg0005","fg0181","fg0727","fg0728","fg0984","fg0193","fg0242","fg0023","fg0280","fg0182","fg0962","fg0591","fg0542","fg0662","fg0518","fg0668","fg0344","fg0920","fg0049","fg0211"
"fq000010","vx_4f89938d5bda39f5","fg0006","1","fg0006","fg0508","fg0887","fg0584","fg0922","fg0560","fg0400","fg0266","fg0735","fg0448","fg0467","fg0896","fg0421","fg0912","fg0978","fg0578","fg0812","fg0815","fg0721","fg0305"
"fq000011","vx_4f89938d5bda39f5","fg0006","1","fg0006","fg0508","fg0584","fg0560","fg0922","fg0735","fg0400","fg0448","fg0467","fg0266","fg0812","fg0912","fg0578","fg0619","fg0896","fg0887","fg0568","fg0551","fg0978","fg0757"
"fq000012","vx_bfdcbd83893aa36b","fg0007","1","fg0007","fg0008","fg0765","fg0464","fg0045","fg0348","fg0788","fg0828","fg0929","fg0374","fg0950","fg0487","fg0829","fg0758","fg0371","fg0363","fg0544","fg0494","fg0500","fg0307"
"fq000013","vx_bfdcbd83893aa36b","fg0007","1","fg0007","fg0950","fg0494","fg0008","fg0510","fg0203","fg0788","fg0371","fg0484","fg0442","fg0765","fg0035","fg0590","fg0623","fg0464","fg0828","fg0554","fg0179","fg0544","fg0366"
"fq000014","vx_bfdcbd83893aa36b","fg0007","1","fg0007","fg0008","fg0765","fg0950","fg0510","fg0494","fg0788","fg0464","fg0203","fg0045","fg0590","fg0623","fg0484","fg0371","fg0348","fg0035","fg0442","fg0544","fg0366","fg0828"
"fq000015","vx_3fa41f8a36512a76","fg0008","1","fg0008","fg0765","fg0007","fg0348","fg0464","fg0045","fg0487","fg0345","fg0451","fg0414","fg0183","fg0307","fg0372","fg0580","fg0226","fg0758","fg0947","fg0462","fg0788","fg0313"
"fq000016","vx_3fa41f8a36512a76","fg0008","1","fg0008","fg0765","fg0007","fg0348","fg0464","fg0045","fg0487","fg0345","fg0451","fg0414","fg0183","fg0307","fg0580","fg0226","fg0947","fg0758","fg0788","fg0372","fg0462","fg0668"
"fq000017","vx_3fa41f8a36512a76","fg0008","1","fg0008","fg0765","fg0007","fg0348","fg0464","fg0045","fg0487","fg0345","fg0451","fg0414","fg0183","fg0307","fg0947","fg0226","fg0372","fg0580","fg0758","fg0462","fg0313","fg0788"
"fq000018","vx_3fa41f8a36512a76","fg0008","1","fg0008","fg0765","fg0007","fg0348","fg0464","fg0045","fg0487","fg0345","fg0451","fg0414","fg0307","fg0183","fg0758","fg0580","fg0226","fg0372","fg0947","fg0788","fg0462","fg0356"
"fq000019","vx_3fa41f8a36512a76","fg0008","1","fg0008","fg0765","fg0007","fg0348","fg0464","fg0045","fg0487","fg0345","fg0451","fg0414","fg0307","fg0183","fg0580","fg0758","fg0947","fg0226","fg0372","fg0788","fg0462","fg0313"
"fq000020","vx_8c0604923ebcd6fa","fg0009","97","fg0529","fg0242","fg0748","fg0581","fg0925","fg0109","fg0422","fg0624","fg0033","fg0295","fg0707","fg0731","fg0694","fg0961","fg0750","fg0909","fg0116","fg0158","fg0425","fg0408"
"fq000021","vx_8c0604923ebcd6fa","fg0009","111","fg0529","fg0748","fg0242","fg0624","fg0422","fg0925","fg0581","fg0731","fg0295","fg0033","fg0109","fg0694","fg0707","fg0961","fg0909","fg0777","fg0090","fg0116","fg0718","fg0344"
"fq000022","vx_8c0604923ebcd6fa","fg0009","1","fg0009","fg0137","fg0111","fg0234","fg0189","fg0266","fg0593","fg0078","fg0887","fg0771","fg0801","fg0862","fg0102","fg0403","fg0941","fg0945","fg0648","fg0501","fg0043","fg0225"
"fq000023","vx_8c0604923ebcd6fa","fg0009","1","fg0009","fg0137","fg0234","fg0189","fg0111","fg0266","fg0593","fg0078","fg0887","fg0801","fg0102","fg0941","fg0648","fg0501","fg0945","fg0771","fg0403","fg0798","fg0423","fg0722"
"fq000024","vx_a7bc2a885fed382c","fg0010","1","fg0010","fg0220","fg0647","fg0562","fg0976","fg0760","fg0886","fg0506","fg0436","fg0834","fg0147","fg0121","fg0977","fg0548","fg0713","fg0203","fg0196","fg0884","fg0479","fg0396"
"fq000025","vx_5ec210ab740422d8","fg0011","1","fg0011","fg0215","fg0437","fg0422","fg0669","fg0767","fg0229","fg0785","fg0309","fg0134","fg0750","fg0375","fg0540","fg0325","fg0731","fg0520","fg0380","fg0608","fg0493","fg0386"
"fq000026","vx_3a040e0d9e5d03bd","fg0012","1","fg0012","fg0649","fg0996","fg0872","fg0799","fg0362","fg0841","fg0042","fg0299","fg0383","fg0040","fg0019","fg0775","fg0396","fg0981","fg0316","fg0726","fg0426","fg0491","fg0703"
"fq000027","vx_8a33e7c9a670ddc8","fg0013","1","fg0013","fg0099","fg0555","fg0419","fg0525","fg0823","fg0611","fg0768","fg0897","fg0114","fg0081","fg0748","fg0046","fg0810","fg0714","fg0240","fg0635","fg0477","fg0721","fg0200"
"fq000028","vx_ec8e411bbe12bbca","fg0014","1","fg0014","fg0890","fg0875","fg0848","fg0888","fg0738","fg0247","fg0931","fg0851","fg0250","fg0937","fg0351","fg0314","fg0469","fg0565","fg0522","fg0217","fg0942","fg0954","fg0251"
"fq000029","vx_ec8e411bbe12bbca","fg0014","3","fg0875","fg0699","fg0014","fg0523","fg0931","fg0057","fg0890","fg0930","fg0092","fg0738","fg0247","fg0888","fg0654","fg0643","fg0261","fg0706","fg0273","fg0937","fg0445","fg0848"
"fq000030","vx_ec8e411bbe12bbca","fg0014","1","fg0014","fg0890","fg0875","fg0848","fg0931","fg0738","fg0247","fg0888","fg0937","fg0351","fg0851","fg0469","fg0565","fg0954","fg0369","fg0047","fg0942","fg0331","fg0177","fg0797"
"fq000031","vx_0715cc56a731bc04","fg0015","1","fg0015","fg0852","fg0732","fg0456","fg0365","fg0688","fg0337","fg0590","fg0623","fg0821","fg0712","fg0785","fg0071","fg0404","fg0268","fg0843","fg0261","fg0577","fg0011","fg0158"
"fq000032","vx_0715cc56a731bc04","fg0015","1","fg0015","fg0852","fg0456","fg0732","fg0365","fg0337","fg0688","fg0590","fg0821","fg0623","fg0785","fg0404","fg0712","fg0071","fg0843","fg0261","fg0268","fg0281","fg0702","fg0158"
"fq000033","vx_68d6c21266d0a622","fg0016","1","fg0016","fg0214","fg0012","fg0226","fg0149","fg0168","fg0476","fg0819","fg0356","fg0928","fg0167","fg0256","fg0432","fg0137","fg0717","fg0152","fg0498","fg0652","fg0695","fg0944"
"fq000034","vx_68d6c21266d0a622","fg0016","1","fg0016","fg0168","fg0476","fg0256","fg0498","fg0636","fg0012","fg0851","fg0226","fg0214","fg0376","fg0167","fg0348","fg0674","fg0740","fg0098","fg0819","fg0717","fg0039","fg0661"
"fq000035","vx_45b7f4872fdcb1f7","fg0017","22","fg0043","fg0722","fg0648","fg0102","fg0192","fg0945","fg0941","fg0820","fg0801","fg0136","fg0501","fg0910","fg0802","fg0996","fg0385","fg0849","fg0610","fg0471","fg0956","fg0976"
"fq000036","vx_4ded9ff03c69df6c","fg0018","7","fg0547","fg0533","fg0379","fg0062","fg0180","fg0588","fg0018","fg0037","fg0822","fg0724","fg0811","fg0894","fg0411","fg0027","fg0665","fg0679","fg0990","fg0262","fg0412","fg0927"
"fq000037","vx_4ded9ff03c69df6c","fg0018","283","fg0549","fg0272","fg0681","fg0075","fg0638","fg0552","fg0781","fg0536","fg0471","fg0830","fg0538","fg0457","fg0825","fg0382","fg0492","fg0469","fg1000","fg0413","fg0300","fg0190"
"fq000038","vx_4ded9ff03c69df6c","fg0018","1","fg0018","fg0062","fg0180","fg0588","fg0037","fg0547","fg0533","fg0724","fg0379","fg0474","fg0693","fg0350","fg0233","fg0822","fg0776","fg0894","fg0433","fg0416","fg0665","fg0411"
"fq000039","vx_4ded9ff03c69df6c","fg0018","6","fg0533","fg0588","fg0180","fg0062","fg0547","fg0018","fg0037","fg0379","fg0822","fg0724","fg0811","fg0894","fg0411","fg0027","fg0665","fg0262","fg0679","fg0990","fg0541","fg0031"
"fq000040","vx_4ded9ff03c69df6c","fg0018","1","fg0018","fg0533","fg0180","fg0588","fg0547","fg0062","fg0379","fg0037","fg0822","fg0724","fg0894","fg0811","fg0665","fg0411","fg0027","fg0262","fg0679","fg0412","fg0990","fg0031"
"fq000041","vx_4ded9ff03c69df6c","fg0018","168","fg0835","fg0757","fg0241","fg0258","fg0121","fg0033","fg0778","fg0334","fg0535","fg0041","fg0246","fg0182","fg0777","fg0932","fg0857","fg0270","fg0591","fg0517","fg0537","fg0728"
"fq000042","vx_4ded9ff03c69df6c","fg0018","126","fg0745","fg0551","fg0543","fg0777","fg0778","fg0857","fg0190","fg0225","fg0121","fg0452","fg0359","fg0958","fg0651","fg0299","fg0440","fg0707","fg0283","fg0469","fg0734","fg0535"
"fq000043","vx_4ded9ff03c69df6c","fg0018","3","fg0506","fg0745","fg0018","fg0561","fg0980","fg0957","fg0308","fg0672","fg0175","fg0318","fg0894","fg0156","fg0837","fg0499","fg0062","fg0379","fg0809","fg0896","fg0778","fg0180"
"fq000044","vx_4ded9ff03c69df6c","fg0018","3","fg0062","fg0180","fg0018","fg0588","fg0037","fg0724","fg0533","fg0547","fg0379","fg0894","fg0822","fg0811","fg0665","fg0411","fg0027","fg0679","fg0262","fg0886","fg0318","fg0499"
"fq000045","vx_39e0f69bf8c56f18","fg0019","1","fg0019","fg0709","fg0214","fg0928","fg0723","fg0278","fg0505","fg0652","fg0737","fg0676","fg0175","fg0506","fg0561","fg0235","fg0392","fg0657","fg0147","fg0167","fg0914","fg0495"
"fq000046","vx_39e0f69bf8c56f18","fg0019","1","fg0019","fg0709","fg0214","fg0723","fg0278","fg0928","fg0561","fg0506","fg0538","fg0382","fg0550","fg1000","fg0175","fg0086","fg0737","fg0318","fg0978","fg0864","fg0492","fg0676"
"fq000047","vx_39e0f69bf8c56f18","fg0019","1","fg0019","fg0709","fg0214","fg0652","fg0175","fg0795","fg0506","fg0928","fg0723","fg0278","fg0676","fg0045","fg0905","fg0505","fg0274","fg0236","fg0147","fg0738","fg0464","fg0561"
"fq000048","vx_5de36348ded97b9c","fg0020","12","fg0102","fg0941","fg0648","fg0945","fg0722","fg0801","fg0501","fg0192","fg0043","fg0910","fg0136","fg0020","fg0385","fg0996","fg0956","fg0471","fg0610","fg0174","fg0659","fg0391"
"fq000049","vx_5de36348ded97b9c","fg0020","1","fg0020","fg0174","fg0391","fg0470","fg0325","fg0763","fg0739","fg0386","fg0375","fg0170","fg0750","fg0186","fg0901","fg0290","fg0935","fg0669","fg0885","fg0774","fg0842","fg0683"
"fq000050","vx_5de36348ded97b9c","fg0020","1","fg0020","fg0325","fg0386","fg0391","fg0174","fg0470","fg0375","fg0763","fg0739","fg0750","fg0669","fg0935","fg0170","fg0901","fg0546","fg0186","fg0290","fg0406","fg0443","fg0885"
"fq000051","vx_5de36348ded97b9c","fg0020","1","fg0020","fg0325","fg0174","fg0470","fg0391","fg0386","fg0375","fg0739","fg0763","fg0750","fg0669","fg0170","fg0935","fg0901","fg0186","fg0290","fg0443","fg0546","fg0406","fg0885"
"fq000052","vx_c1e16691c2b19cb2","fg0021","1","fg0021","fg0030","fg0787","fg0798","fg0991","fg0049","fg0496","fg0751","fg0073","fg0987","fg0869","fg0017","fg0003","fg0090","fg0986","fg0679","fg0258","fg0333","fg0032","fg0414"
"fq000053","vx_c1e16691c2b19cb2","fg0021","1","fg0021","fg0030","fg0787","fg0798","fg0991","fg0751","fg0049","fg0496","fg0073","fg0017","fg0987","fg0029","fg0639","fg0333","fg0414","fg0869","fg0003","fg0090","fg0986","fg0176"
"fq000054","vx_c1e16691c2b19cb2","fg0021","1","fg0021","fg0030","fg0787","fg0798","fg0751","fg0991","fg0049","fg0496","fg0987","fg0073","fg0414","fg0333","fg0017","fg0639","fg0029","fg0949","fg0869","fg0003","fg0831","fg0176"
"fq000055","vx_c1e16691c2b19cb2","fg0021","1","fg0021","fg0030","fg0787","fg0024","fg0798","fg0558","fg0551","fg0857","fg0049","fg0521","fg0991","fg0490","fg0385","fg0778","fg0198","fg0334","fg0335","fg0987","fg0003","fg0175"
"fq000056","vx_c1e16691c2b19cb2","fg0021","36","fg0033","fg0529","fg0925","fg0949","fg0624","fg0961","fg0091","fg0707","fg0513","fg0246","fg0242","fg0558","fg0511","fg0044","fg0036","fg0718","fg0694","fg0514","fg0847","fg0499"
"fq000057","vx_c1e16691c2b19cb2","fg0021","1","fg0021","fg0030","fg0787","fg0798","fg0991","fg0751","fg0049","fg0496","fg0987","fg0017","fg0073","fg0029","fg0333","fg0639","fg0414","fg0003","fg0176","fg0556","fg0500","fg0869"
"fq000058","vx_c1e16691c2b19cb2","fg0021","1","fg0021","fg0030","fg0787","fg0798","fg0751","fg0991","fg0049","fg0496","fg0987","fg0333","fg0073","fg0414","fg0980","fg0017","fg0639","fg0029","fg0949","fg0831","fg0421","fg0176"
"fq000059","vx_c1e16691c2b19cb2","fg0021","1","fg0021","fg0030","fg0787","fg0980","fg0798","fg0751","fg0333","fg0049","fg0991","fg0496","fg0987","fg0073","fg0949","fg0414","fg0656","fg0831","fg0017","fg0866","fg0506","fg0421"
"fq000060","vx_e2296b287bc7a304","fg0022","1","fg0022","fg0989","fg0428","fg0517","fg0660","fg0297","fg0287","fg0576","fg0778","fg0857","fg0129","fg0917","fg0570","fg0324","fg0455","fg0385","fg0782","fg0105","fg0551","fg0073"
"fq000061","vx_e2296b287bc7a304","fg0022","1","fg0022","fg0297","fg0129","fg0428","fg0989","fg0660","fg0855","fg0287","fg0455","fg0570","fg0696","fg0517","fg0576","fg0004","fg0782","fg0694","fg0824","fg0351","fg0333","fg0105"
"fq000062","vx_e2296b287bc7a304","fg0022","1","fg0022","fg0428","fg0989","fg0660","fg0455","fg0287","fg0696","fg0576","fg0004","fg0540","fg0570","fg0782","fg0105","fg0517","fg0129","fg0516","fg0216","fg0710","fg0063","fg0324"
"fq000063","vx_663d96ed96fc602f","fg0023","1","fg0023","fg0727","fg0925","fg0668","fg0280","fg0327","fg0024","fg0281","fg0521","fg0005","fg0634","fg0842","fg0972","fg0271","fg0138","fg0277","fg0133","fg0109","fg0915","fg0509"
"fq000064","vx_663d96ed96fc602f","fg0023","1","fg0023","fg0668","fg0925","fg0727","fg0327","fg0634","fg0281","fg0280","fg0972","fg0005","fg0033","fg0181","fg0842","fg0241","fg0109","fg0984","fg0757","fg0770","fg0277","fg0662"
"fq000065","vx_c263d2029971d40e","fg0024","1","fg0024","fg0551","fg0857","fg0619","fg0490","fg0886","fg0790","fg0521","fg0778","fg0271","fg0306","fg0570","fg0176","fg0385","fg0175","fg0745","fg0917","fg0246","fg0121","fg0707"
"fq000066","vx_c263d2029971d40e","fg0024","1","fg0024","fg0551","fg0857","fg0619","fg0490","fg0886","fg0521","fg0790","fg0271","fg0778","fg0306","fg0246","fg0570","fg0121","fg0176","fg0175","fg0385","fg0745","fg0917","fg0334"
"fq000067","vx_84402e63f17ae5e8","fg0025","217","fg0980","fg0506","fg0778","fg0745","fg0561","fg0549","fg0828","fg0809","fg0681","fg0175","fg0272","fg0308","fg0949","fg0305","fg0896","fg0457","fg0767","fg0075","fg0552","fg0804"
"fq000068","vx_c407836609a41b13","fg0026","1","fg0026","fg0923","fg0759","fg0804","fg0461","fg0940","fg0227","fg0278","fg0500","fg0625","fg0450","fg0353","fg0723","fg0771","fg0265","fg0288","fg0928","fg0780","fg0603","fg0762"
"fq000069","vx_60e538c4d5533ce2","fg0027","11","fg0064","fg0423","fg0144","fg0633","fg0320","fg0035","fg0902","fg0620","fg0888","fg0483","fg0027","fg0509","fg0603","fg0133","fg0177","fg0756","fg0184","fg0494","fg0607","fg0392"
"fq000070","vx_60e538c4d5533ce2","fg0027","63","fg0177","fg0719","fg0394","fg0607","fg0875","fg0161","fg0620","fg0888","fg0144","fg0685","fg0263","fg0132","fg0553","fg0320","fg0952","fg0014","fg0603","fg0890","fg0124","fg0931"
"fq000071","vx_60e538c4d5533ce2","fg0027","213","fg0633","fg0255","fg0719","fg0330","fg0756","fg0161","fg0263","fg0177","fg0394","fg0620","fg0782","fg0888","fg0184","fg0685","fg0065","fg0082","fg0609","fg0436","fg0122","fg0022"
"fq000072","vx_60e538c4d5533ce2","fg0027","88","fg0177","fg0394","fg0719","fg0620","fg0124","fg0607","fg0888","fg0144","fg0952","fg0255","fg0161","fg0263","fg0756","fg0553","fg0603","fg0875","fg0320","fg0483","fg0892","fg0685"
"fq000073","vx_60e538c4d5533ce2","fg0027","125","fg0633","fg0255","fg0330","fg0161","fg0756","fg0719","fg0782","fg0263","fg0685","fg0065","fg0888","fg0177","fg0531","fg0394","fg0872","fg0875","fg0194","fg0290","fg0409","fg0966"
"fq000074","vx_60e538c4d5533ce2","fg0027","77","fg0633","fg0177","fg0719","fg0394","fg0255","fg0620","fg0161","fg0888","fg0875","fg0952","fg0320","fg0263","fg0144","fg0603","fg0607","fg0756","fg0409","fg0553","fg0685","fg0531"
"fq000075","vx_60e538c4d5533ce2","fg0027","1","fg0027","fg0927","fg0883","fg0673","fg0412","fg0127","fg0099","fg0028","fg0906","fg0500","fg0567","fg0525","fg0810","fg0897","fg0990","fg0066","fg0227","fg0356","fg0160","fg0370"
"fq000076","vx_60e538c4d5533ce2","fg0027","116","fg0633","fg0255","fg0756","fg0144","fg0177","fg0330","fg0553","fg0436","fg0782","fg0320","fg0497","fg0394","fg0888","fg0364","fg0698","fg0603","fg0609","fg0620","fg0124","fg0290"
"fq000077","vx_60e538c4d5533ce2","fg0027","38","fg0144","fg0177","fg0483","fg0064","fg0553","fg0875","fg0612","fg0274","fg0133","fg0607","fg0716","fg0343","fg0320","fg0978","fg0124","fg0902","fg0958","fg0603","fg0161","fg0658"
"fq000078","vx_60e538c4d5533ce2","fg0027","78","fg0633","fg0177","fg0394","fg0607","fg0888","fg0719","fg0144","fg0161","fg0603","fg0620","fg0320","fg0756","fg0875","fg0250","fg0124","fg0263","fg0952","fg0436","fg0685","fg0290"
"fq000079","vx_60e538c4d5533ce2","fg0027","195","fg0255","fg0633","fg0177","fg0394","fg0719","fg0620","fg0409","fg0756","fg0531","fg0888","fg0161","fg0263","fg0952","fg0782","fg0685","fg0553","fg0124","fg0290","fg0122","fg0436"
"fq000080","vx_60e538c4d5533ce2","fg0027","122","fg0719","fg0177","fg0161","fg0394","fg0685","fg0620","fg0263","fg0132","fg0144","fg0952","fg0436","fg0888","fg0875","fg0553","fg0609","fg0290","fg0756","fg0890","fg0607","fg0603"
"fq000081","vx_60e538c4d5533ce2","fg0027","89","fg0633","fg0255","fg0330","fg0756","fg0719","fg0888","fg0177","fg0875","fg0782","fg0263","fg0394","fg0320","fg0122","fg0161","fg0620","fg0065","fg0612","fg0194","fg0603","fg0872"
"fq000082","vx_60e538c4d5533ce2","fg0027","107","fg0633","fg0255","fg0330","fg0756","fg0782","fg0122","fg0719","fg0065","fg0177","fg0603","fg0263","fg0394","fg0082","fg0553","fg0320","fg0872","fg0710","fg0888","fg0620","fg0609"
"fq000083","vx_60e538c4d5533ce2","fg0027","123","fg0177","fg0719","fg0394","fg0161","fg0263","fg0633","fg0685","fg0620","fg0756","fg0553","fg0144","fg0875","fg0607","fg0952","fg0132","fg0888","fg0436","fg0290","fg0603","fg0609"
"fq000084","vx_60e538c4d5533ce2","fg0027","75","fg0633","fg0719","fg0177","fg0394","fg0161","fg0756","fg0263","fg0436","fg0620","fg0685","fg0952","fg0609","fg0290","fg0888","fg0531","fg0782","fg0409","fg0553","fg0144","fg0535"
"fq000085","vx_ac90af8f71c3602b","fg0028","22","fg0097","fg0368","fg0666","fg0155","fg0184","fg0599","fg0786","fg0884","fg0198","fg0718","fg0548","fg0283","fg0562","fg0034","fg0834","fg0652","fg0954","fg0085","fg0508","fg0794"
"fq000086","vx_ac90af8f71c3602b","fg0028","112","fg0718","fg0198","fg0666","fg0097","fg0884","fg0652","fg0834","fg0368","fg0283","fg0548","fg0570","fg0955","fg0034","fg0232","fg0542","fg0843","fg0562","fg0786","fg0957","fg0322"
"fq000087","vx_1d07568b488db971","fg0029","1","fg0029","fg0639","fg0017","fg0176","fg0182","fg0949","fg0583","fg0718","fg0021","fg0757","fg0564","fg0417","fg0798","fg0537","fg0073","fg0668","fg0689","fg0322","fg0962","fg0719"
"fq000088","vx_dbefafeb5aedff5b","fg0030","1","fg0030","fg0787","fg0021","fg0991","fg0798","fg0049","fg0987","fg0496","fg0017","fg0751","fg0438","fg0639","fg0066","fg0983","fg0743","fg0029","fg0270","fg0836","fg0556","fg0477"
"fq000089","vx_dbefafeb5aedff5b","fg0030","1","fg0030","fg0787","fg0021","fg0991","fg0798","fg0049","fg0496","fg0987","fg0983","fg0639","fg0751","fg0017","fg0436","fg0930","fg0907","fg0836","fg0066","fg0828","fg0477","fg0578"
"fq000090","vx_dbefafeb5aedff5b","fg0030","1","fg0030","fg0787","fg0021","fg0991","fg0798","fg0049","fg0987","fg0496","fg0017","fg0751","fg0639","fg0029","fg0983","fg0438","fg0066","fg0291","fg0174","fg0556","fg0334","fg0089"
"fq000091","vx_dbefafeb5aedff5b","fg0030","1","fg0030","fg0787","fg0021","fg0991","fg0049","fg0798","fg0496","fg0987","fg0639","fg0334","fg0017","fg0438","fg0591","fg0191","fg0029","fg0751","fg0195","fg0983","fg0211","fg0556"
"fq000092","vx_d2e7883530cc75ae","fg0031","271","fg0961","fg0059","fg0581","fg0242","fg0617","fg0121","fg0511","fg0859","fg0238","fg0202","fg0917","fg0949","fg0570","fg0820","fg0486","fg0718","fg0626","fg0408","fg0879","fg0624"
"fq000093","vx_d2e7883530cc75ae","fg0031","312","fg0980","fg0949","fg0333","fg0961","fg0242","fg0778","fg0506","fg0707","fg0121","fg0873","fg0056","fg0857","fg0859","fg0656","fg0021","fg0809","fg0175","fg0760","fg0896","fg0828"
"fq000094","vx_0a43881d1be86e91","fg0032","3","fg0411","fg0533","fg0032","fg0986","fg0547","fg0847","fg0150","fg0588","fg0062","fg0090","fg0869","fg0018","fg0180","fg0037","fg0103","fg0860","fg0379","fg0583","fg0811","fg0822"
"fq000095","vx_1ebbf5a122b43998","fg0033","1","fg0033","fg0241","fg0182","fg0662","fg0668","fg0529","fg0280","fg0624","fg0925","fg0757","fg0181","fg0835","fg0470","fg0163","fg0694","fg0707","fg0750","fg0537","fg0242","fg0865"
"fq000096","vx_98efccdda5083b7d","fg0034","1","fg0034","fg0784","fg0834","fg0884","fg0283","fg0548","fg0976","fg0386","fg0647","fg0562","fg0406","fg0935","fg0479","fg0020","fg0011","fg0325","fg0511","fg0826","fg0196","fg0313"
"fq000097","vx_bd0c31d8c3ee7ad6","fg0035","3","fg0494","fg0366","fg0035","fg0203","fg0950","fg0271","fg0484","fg0371","fg0423","fg0502","fg0510","fg0196","fg0007","fg0997","fg0095","fg0576","fg0396","fg0331","fg0887","fg0260"
"fq000098","vx_bd0c31d8c3ee7ad6","fg0035","3","fg0366","fg0494","fg0035","fg0203","fg0271","fg0484","fg0950","fg0423","fg0371","fg0502","fg0196","fg0510","fg0007","fg0396","fg0887","fg0997","fg0576","fg0331","fg0260","fg0095"
"fq000099","vx_bd0c31d8c3ee7ad6","fg0035","2","fg0366","fg0035","fg0271","fg0494","fg0203","fg0484","fg0423","fg0950","fg0502","fg0196","fg0371","fg0331","fg0887","fg0576","fg0260","fg0751","fg0501","fg0007","fg0997","fg0396"
"fq000100","vx_bd0c31d8c3ee7ad6","fg0035","2","fg0366","fg0035","fg0494","fg0203","fg0271","fg0950","fg0484","fg0423","fg0371","fg0502","fg0196","fg0501","fg0007","fg0095","fg0510","fg0331","fg0576","fg0396","fg0887","fg0751"
"fq000101","vx_1a9a2dfb70dcd14d","fg0036","87","fg0533","fg0547","fg0588","fg0379","fg0990","fg0037","fg0411","fg0180","fg0724","fg0062","fg0822","fg0027","fg0018","fg0491","fg0894","fg0811","fg0667","fg0262","fg0791","fg0665"
"fq000102","vx_1a9a2dfb70dcd14d","fg0036","3","fg0616","fg0949","fg0036","fg0796","fg0572","fg0246","fg0091","fg0044","fg0499","fg0200","fg0514","fg0909","fg0287","fg0925","fg0632","fg0033","fg0915","fg0842","fg0972","fg0707"
"fq000103","vx_1a9a2dfb70dcd14d","fg0036","20","fg0990","fg0412","fg0160","fg0301","fg0863","fg0355","fg0791","fg0131","fg0673","fg0703","fg0878","fg0169","fg0798","fg0883","fg0252","fg0667","fg0085","fg0379","fg0533","fg0036"
"fq000104","vx_1a9a2dfb70dcd14d","fg0036","1","fg0036","fg0100","fg0200","fg0949","fg0707","fg0616","fg0204","fg0401","fg0344","fg0915","fg0975","fg0572","fg0246","fg0184","fg0632","fg0287","fg0511","fg0909","fg0073","fg0369"
"fq000105","vx_1a9a2dfb70dcd14d","fg0036","1","fg0036","fg0100","fg0616","fg0949","fg0731","fg0246","fg0925","fg0033","fg0572","fg0091","fg0514","fg0204","fg0915","fg0975","fg0909","fg0676","fg0344","fg0961","fg0287","fg0044"
"fq000106","vx_1a9a2dfb70dcd14d","fg0036","7","fg0131","fg0863","fg0301","fg0355","fg0160","fg0667","fg0036","fg0687","fg0491","fg0085","fg0749","fg0441","fg0188","fg0350","fg0915","fg0043","fg0632","fg0659","fg0970","fg0412"
"fq000107","vx_1a9a2dfb70dcd14d","fg0036","185","fg0027","fg0588","fg0037","fg0547","fg0062","fg0990","fg0379","fg0180","fg0018","fg0822","fg0724","fg0533","fg0411","fg0262","fg0673","fg0894","fg0811","fg0169","fg0127","fg0665"
"fq000108","vx_0fa56c8dea8e548f","fg0037","67","fg0857","fg0551","fg0778","fg0745","fg0024","fg0490","fg0958","fg0385","fg0460","fg0619","fg0936","fg0308","fg0334","fg0306","fg0521","fg0790","fg0868","fg0734","fg0980","fg0405"
"fq000109","vx_df588b67c458e308","fg0038","9","fg0840","fg0231","fg0364","fg0341","fg0926","fg0609","fg0944","fg0568","fg0038","fg0862","fg0992","fg0291","fg0535","fg0598","fg0290","fg0779","fg0178","fg0269","fg0436","fg0297"
"fq000110","vx_687f6b3987873f80","fg0039","1","fg0039","fg0819","fg0312","fg0967","fg0282","fg0861","fg0674","fg0582","fg0357","fg0711","fg0750","fg0206","fg0144","fg0585","fg0880","fg0244","fg0564","fg0046","fg0689","fg0375"
"fq000111","vx_fde9a75eedeca234","fg0040","37","fg0121","fg0859","fg0246","fg0059","fg0932","fg0984","fg0942","fg0697","fg0770","fg0041","fg0949","fg0281","fg0835","fg0511","fg0418","fg0915","fg0686","fg0044","fg0866","fg0681"
"fq000112","vx_fde9a75eedeca234","fg0040","970","fg0647","fg0350","fg0010","fg0220","fg0433","fg0233","fg0761","fg0776","fg0506","fg0416","fg0693","fg0474","fg0438","fg0798","fg0562","fg0687","fg0321","fg0423","fg0121","fg0270"
"fq000113","vx_a3e1a2e87eedcdb5","fg0041","1","fg0041","fg0835","fg0932","fg0992","fg0237","fg0241","fg0686","fg0409","fg0121","fg0065","fg0757","fg0258","fg0859","fg0193","fg0458","fg0336","fg0059","fg0268","fg0418","fg0984"
"fq000114","vx_89cf29367292f0b1","fg0042","831","fg0722","fg0102","fg0801","fg0648","fg0192","fg0941","fg0501","fg0956","fg0945","fg0761","fg0703","fg0043","fg0910","fg0878","fg0996","fg0136","fg0385","fg0667","fg0610","fg0521"
"fq000115","vx_1c5e145a118e3437","fg0043","1","fg0043","fg0945","fg0102","fg0941","fg0801","fg0648","fg0501","fg0722","fg0192","fg0910","fg0136","fg0996","fg0385","fg0471","fg0956","fg0659","fg0131","fg0610","fg0058","fg0863"
"fq000116","vx_1c5e145a118e3437","fg0043","1","fg0043","fg0945","fg0102","fg0941","fg0801","fg0648","fg0501","fg0722","fg0192","fg0910","fg0136","fg0996","fg0385","fg0471","fg0956","fg0610","fg0659","fg0131","fg0058","fg0838"
"fq000117","vx_1c5e145a118e3437","fg0043","5","fg0802","fg0447","fg0820","fg0435","fg0043","fg0935","fg0551","fg0176","fg0199","fg0670","fg0745","fg0317","fg0909","fg0976","fg0049","fg0904","fg0128","fg0701","fg0605","fg0024"
"fq000118","vx_ff2da3c4350dc934","fg0044","1","fg0044","fg0091","fg0514","fg0246","fg0462","fg0949","fg0925","fg0499","fg0465","fg0221","fg0390","fg0972","fg0344","fg0632","fg0961","fg0524","fg0072","fg0386","fg0109","fg0796"
"fq000119","vx_555255e04ec862e6","fg0045","1","fg0045","fg0462","fg0487","fg0464","fg0765","fg0314","fg0345","fg0044","fg0493","fg0390","fg0008","fg0246","fg0091","fg0348","fg0238","fg0580","fg0675","fg0795","fg0542","fg0367"
"fq000120","vx_f296725c1525169a","fg0046","1","fg0046","fg0172","fg0707","fg0310","fg0428","fg0873","fg0268","fg0558","fg0360","fg0653","fg0783","fg0529","fg0088","fg0859","fg0608","fg0198","fg0242","fg0860","fg0957","fg0748"
"fq000121","vx_f296725c1525169a","fg0046","1","fg0046","fg0740","fg0957","fg0485","fg0579","fg0948","fg0662","fg0707","fg0671","fg0580","fg0013","fg0861","fg0696","fg0509","fg0039","fg0307","fg0181","fg0971","fg0652","fg0271"
"fq000122","vx_f296725c1525169a","fg0046","17","fg0172","fg0428","fg0662","fg0268","fg0608","fg0310","fg0360","fg0181","fg0707","fg0182","fg0873","fg0241","fg0425","fg0537","fg0668","fg0558","fg0046","fg0860","fg0958","fg0670"
"fq000123","vx_f296725c1525169a","fg0046","1","fg0046","fg0957","fg0740","fg0485","fg0579","fg0707","fg0948","fg0172","fg0013","fg0626","fg0310","fg0671","fg0652","fg0696","fg0428","fg0661","fg0580","fg0971","fg0108","fg0859"
"fq000124","vx_f296725c1525169a","fg0046","1","fg0046","fg0957","fg0740","fg0485","fg0579","fg0948","fg0671","fg0013","fg0580","fg0652","fg0378","fg0626","fg0307","fg0696","fg0971","fg0060","fg0039","fg0553","fg0707","fg0661"
"fq000125","vx_c1e833d742a14d73","fg0047","322","fg0990","fg0863","fg0355","fg0791","fg0131","fg0301","fg0160","fg0667","fg0533","fg0547","fg0037","fg0491","fg0412","fg0673","fg0588","fg0180","fg0379","fg0262","fg0679","fg0133"
"fq000126","vx_d5a8443d2cc630a1","fg0048","1","fg0048","fg0088","fg0826","fg0520","fg0095","fg0493","fg0634","fg0466","fg0277","fg0462","fg0221","fg0924","fg0011","fg0882","fg0893","fg0524","fg0386","fg0647","fg0842","fg0946"
"fq000127","vx_68e0261cf94de795","fg0049","1","fg0049","fg0364","fg0239","fg0698","fg0944","fg0184","fg0030","fg0259","fg0361","fg0178","fg0087","fg0926","fg0609","fg0787","fg0326","fg0744","fg0639","fg0291","fg0400","fg0436"
"fq000128","vx_68e0261cf94de795","fg0049","5","fg0364","fg0030","fg0239","fg0944","fg0049","fg0291","fg0698","fg0787","fg0178","fg0361","fg0609","fg0926","fg0991","fg0039","fg0326","fg0762","fg0436","fg0553","fg0349","fg0646"
"fq000129","vx_17550a64af3b1505","fg0050","1","fg0050","fg0672","fg0173","fg0846","fg0627","fg0878","fg0789","fg0054","fg0358","fg0996","fg0216","fg0265","fg0025","fg0321","fg0424","fg0154","fg0451","fg0927","fg0759","fg0522"
"fq000130","vx_17550a64af3b1505","fg0050","235","fg0037","fg0018","fg0262","fg0822","fg0140","fg0062","fg0588","fg0379","fg0894","fg0180","fg0385","fg0080","fg0778","fg0679","fg0541","fg0547","fg0745","fg0575","fg0031","fg0886"
"fq000131","vx_17550a64af3b1505","fg0050","1","fg0050","fg0672","fg0846","fg0173","fg0789","fg0878","fg0841","fg0025","fg0996","fg0054","fg0627","fg0216","fg0358","fg0268","fg0522","fg0930","fg0154","fg0040","fg0125","fg0243"
"fq000132","vx_17550a64af3b1505","fg0050","57","fg0243","fg0566","fg0080","fg0140","fg0966","fg0575","fg0678","fg0066","fg0489","fg0850","fg0836","fg0228","fg0370","fg0778","fg0871","fg0845","fg0324","fg0837","fg0578","fg0073"
"fq000133","vx_17550a64af3b1505","fg0050","82","fg0728","fg0385","fg0778","fg0745","fg0268","fg0631","fg0499","fg0932","fg0409","fg0073","fg0018","fg0822","fg0161","fg0806","fg0425","fg0531","fg0984","fg0037","fg0117","fg0031"
"fq000134","vx_17550a64af3b1505","fg0050","1","fg0050","fg0672","fg0627","fg0789","fg0846","fg0996","fg0173","fg0878","fg0216","fg0054","fg0841","fg0451","fg0265","fg0260","fg0154","fg0025","fg0358","fg0633","fg0817","fg0040"
"fq000135","vx_17550a64af3b1505","fg0050","1","fg0050","fg0672","fg0789","fg0627","fg0846","fg0878","fg0996","fg0173","fg0154","fg0927","fg0216","fg0054","fg0265","fg0194","fg0522","fg0424","fg0841","fg0025","fg0451","fg0528"
"fq000136","vx_17550a64af3b1505","fg0050","67","fg0243","fg0566","fg0080","fg0140","fg0966","fg0575","fg0678","fg0066","fg0489","fg0850","fg0836","fg0228","fg0837","fg0370","fg0845","fg0871","fg0778","fg0578","fg0324","fg0037"
"fq000137","vx_17550a64af3b1505","fg0050","1","fg0050","fg0672","fg0627","fg0789","fg0878","fg0216","fg0206","fg0846","fg0265","fg0996","fg0154","fg0633","fg0052","fg0528","fg0708","fg0054","fg0663","fg0173","fg0522","fg0502"
"fq000138","vx_17550a64af3b1505","fg0050","95","fg0778","fg0140","fg0037","fg0385","fg0745","fg0262","fg0080","fg0857","fg0018","fg0679","fg0837","fg0822","fg0440","fg0541","fg0575","fg0894","fg0551","fg0807","fg0379","fg0062"
"fq000139","vx_17550a64af3b1505","fg0050","133","fg0778","fg0745","fg0385","fg0857","fg0551","fg0073","fg0140","fg0490","fg0837","fg0080","fg0868","fg0440","fg0175","fg0308","fg0262","fg0506","fg0291","fg0679","fg0541","fg0575"
"fq000140","vx_e8a90fbf90e63f0a","fg0051","8","fg0652","fg0149","fg0813","fg0515","fg0708","fg0320","fg0236","fg0051","fg0479","fg0666","fg0225","fg0812","fg0868","fg0227","fg0603","fg0250","fg0385","fg0838","fg0749","fg0627"
"fq000141","vx_e8a90fbf90e63f0a","fg0051","1","fg0051","fg0596","fg0660","fg0342","fg0951","fg0671","fg0190","fg0832","fg0966","fg0280","fg0255","fg0361","fg0864","fg0661","fg0989","fg0939","fg0735","fg0448","fg0967","fg0087"
"fq000142","vx_cfebb52cd40cd4d0","fg0052","155","fg0372","fg0069","fg0877","fg0994","fg0254","fg0264","fg0958","fg0133","fg0300","fg0245","fg0812","fg0508","fg0486","fg0863","fg0675","fg0223","fg0915","fg0553","fg0217","fg0566"
"fq000143","vx_df75f3907385171e","fg0053","1","fg0053","fg0512","fg0463","fg0979","fg0999","fg0497","fg0468","fg0166","fg0677","fg0644","fg0199","fg0646","fg0989","fg0428","fg0720","fg0882","fg0492","fg0022","fg0737","fg0681"
"fq000144","vx_e06f5d7e70e30c02","fg0054","1","fg0054","fg0358","fg0173","fg0930","fg0440","fg0816","fg0846","fg0293","fg0192","fg0820","fg0982","fg0082","fg0225","fg0606","fg0737","fg0716","fg0434","fg0359","fg0402","fg0058"
"fq000145","vx_e06f5d7e70e30c02","fg0054","6","fg0031","fg0665","fg0218","fg0837","fg0496","fg0054","fg0522","fg0358","fg0173","fg0440","fg0118","fg0816","fg0930","fg0159","fg0018","fg0379","fg0293","fg0192","fg0062","fg0724"
"fq000146","vx_e06f5d7e70e30c02","fg0054","1","fg0054","fg0358","fg0173","fg0930","fg0440","fg0816","fg0293","fg0192","fg0982","fg0846","fg0820","fg0716","fg0837","fg0970","fg0359","fg0136","fg0993","fg0659","fg0043","fg0528"
"fq000147","vx_e06f5d7e70e30c02","fg0054","1","fg0054","fg0358","fg0173","fg0440","fg0930","fg0816","fg0293","fg0846","fg0192","fg0982","fg0820","fg0837","fg0737","fg0082","fg0434","fg0030","fg0359","fg0265","fg0402","fg0724"
"fq000148","vx_e06f5d7e70e30c02","fg0054","77","fg0411","fg0533","fg0588","fg0062","fg0547","fg0180","fg0037","fg0018","fg0822","fg0379","fg0894","fg0724","fg0811","fg0996","fg0077","fg0192","fg0316","fg0362","fg0672","fg0846"
"fq000149","vx_e06f5d7e70e30c02","fg0054","1","fg0054","fg0358","fg0173","fg0440","fg0930","fg0816","fg0293","fg0820","fg0846","fg0982","fg0716","fg0082","fg0837","fg0192","fg0800","fg0993","fg0050","fg0359","fg0415","fg0126"
"fq000150","vx_e06f5d7e70e30c02","fg0054","1","fg0054","fg0358","fg0173","fg0440","fg0930","fg0816","fg0293","fg0170","fg0192","fg0281","fg0837","fg0846","fg0982","fg0659","fg0826","fg0195","fg0402","fg0277","fg0820","fg0591"
"fq000151","vx_e06f5d7e70e30c02","fg0054","62","fg0941","fg0945","fg0648","fg0801","fg0102","fg0043","fg0192","fg0501","fg0722","fg0910","fg0136","fg0996","fg0471","fg0385","fg0956","fg0610","fg0659","fg0131","fg0628","fg0058"
"fq000152","vx_e06f5d7e70e30c02","fg0054","8","fg0192","fg0722","fg0102","fg0648","fg0941","fg0801","fg0945","fg0054","fg0501","fg0043","fg0136","fg0910","fg0173","fg0358","fg0385","fg0471","fg0956","fg0996","fg0610","fg0095"
"fq000153","vx_e06f5d7e70e30c02","fg0054","1","fg0054","fg0358","fg0173","fg0440","fg0816","fg0930","fg0846","fg0293","fg0192","fg0982","fg0299","fg0790","fg0225","fg0434","fg0082","fg0271","fg0359","fg0606","fg0820","fg0043"
"fq000154","vx_e06f5d7e70e30c02","fg0054","1","fg0054","fg0358","fg0173","fg0440","fg0930","fg0816","fg0293","fg0820","fg0846","fg0716","fg0192","fg0982","fg0082","fg0837","fg0359","fg0993","fg0800","fg0050","fg0814","fg0410"
"fq000155","vx_e06f5d7e70e30c02","fg0054","1","fg0054","fg0358","fg0173","fg0440","fg0930","fg0816","fg0293","fg0820","fg0716","fg0846","fg0982","fg0082","fg0192","fg0359","fg0993","fg0837","fg0050","fg0126","fg0213","fg0410"
"fq000156","vx_e06f5d7e70e30c02","fg0054","1","fg0054","fg0358","fg0173","fg0440","fg0930","fg0816","fg0293","fg0846","fg0982","fg0820","fg0192","fg0716","fg0359","fg0837","fg0213","fg0281","fg0082","fg0050","fg0528","fg0126"
"fq000157","vx_e06f5d7e70e30c02","fg0054","1","fg0054","fg0358","fg0173","fg0440","fg0930","fg0816","fg0293","fg0846","fg0837","fg0192","fg0659","fg0281","fg0982","fg0402","fg0826","fg0634","fg0058","fg0159","fg0814","fg0820"
"fq000158","vx_e06f5d7e70e30c02","fg0054","1","fg0054","fg0358","fg0173","fg0440","fg0930","fg0816","fg0293","fg0846","fg0820","fg0982","fg0082","fg0716","fg0192","fg0837","fg0434","fg0780","fg0050","fg0606","fg0415","fg0359"
"fq000159","vx_e06f5d7e70e30c02","fg0054","1","fg0054","fg0358","fg0173","fg0440","fg0930","fg0816","fg0293","fg0820","fg0716","fg0082","fg0846","fg0271","fg0192","fg0982","fg0359","fg0410","fg0126","fg0061","fg0800","fg0916"
"fq000160","vx_e06f5d7e70e30c02","fg0054","1","fg0054","fg0358","fg0173","fg0440","fg0930","fg0816","fg0293","fg0846","fg0192","fg0820","fg0982","fg0737","fg0030","fg0213","fg0802","fg0265","fg0980","fg0082","fg0170","fg0916"
"fq000161","vx_e06f5d7e70e30c02","fg0054","1","fg0054","fg0358","fg0173","fg0440","fg0930","fg0816","fg0293","fg0846","fg0820","fg0716","fg0192","fg0982","fg0359","fg0170","fg0082","fg0281","fg0837","fg0213","fg0993","fg0050"
"fq000162","vx_e06f5d7e70e30c02","fg0054","1","fg0054","fg0358","fg0173","fg0930","fg0440","fg0816","fg0293","fg0846","fg0192","fg0982","fg0820","fg0716","fg0082","fg0299","fg0306","fg0213","fg0606","fg0993","fg0359","fg0837"
"fq000163","vx_e06f5d7e70e30c02","fg0054","40","fg0941","fg0648","fg0102","fg0945","fg0801","fg0722","fg0043","fg0501","fg0192","fg0910","fg0136","fg0996","fg0471","fg0385","fg0956","fg0610","fg0659","fg0095","fg0604","fg0628"
"fq000164","vx_e06f5d7e70e30c02","fg0054","1","fg0054","fg0173","fg0358","fg0440","fg0816","fg0930","fg0192","fg0846","fg0293","fg0043","fg0505","fg0837","fg0956","fg0225","fg0941","fg0648","fg0102","fg0801","fg0722","fg0982"
"fq000165","vx_e06f5d7e70e30c02","fg0054","51","fg0941","fg0648","fg0102","fg0945","fg0801","fg0722","fg0192","fg0501","fg0043","fg0910","fg0136","fg0996","fg0471","fg0956","fg0385","fg0610","fg0228","fg0628","fg0838","fg0604"
"fq000166","vx_e06f5d7e70e30c02","fg0054","1","fg0054","fg0358","fg0173","fg0440","fg0930","fg0816","fg0293","fg0776","fg0846","fg0837","fg0192","fg0820","fg0474","fg0980","fg0982","fg0433","fg0233","fg0082","fg0030","fg0802"
"fq000167","vx_e06f5d7e70e30c02","fg0054","76","fg0941","fg0648","fg0102","fg0945","fg0801","fg0043","fg0501","fg0722","fg0192","fg0910","fg0136","fg0996","fg0471","fg0385","fg0956","fg0610","fg0659","fg0628","fg0604","fg0131"
"fq000168","vx_e06f5d7e70e30c02","fg0054","1","fg0054","fg0192","fg0722","fg0648","fg0102","fg0941","fg0801","fg0945","fg0501","fg0136","fg0043","fg0173","fg0358","fg0910","fg0471","fg0956","fg0385","fg0996","fg0610","fg0440"
"fq000169","vx_e06f5d7e70e30c02","fg0054","1","fg0054","fg0358","fg0173","fg0440","fg0930","fg0816","fg0293","fg0846","fg0192","fg0982","fg0820","fg0281","fg0837","fg0716","fg0170","fg0359","fg0213","fg0082","fg0334","fg0993"
"fq000170","vx_e06f5d7e70e30c02","fg0054","1","fg0054","fg0358","fg0173","fg0440","fg0930","fg0816","fg0293","fg0820","fg0846","fg0982","fg0716","fg0192","fg0082","fg0050","fg0359","fg0837","fg0415","fg0126","fg0410","fg0213"
"fq000171","vx_e06f5d7e70e30c02","fg0054","1","fg0054","fg0358","fg0173","fg0440","fg0816","fg0930","fg0293","fg0846","fg0820","fg0192","fg0716","fg0982","fg0082","fg0359","fg0271","fg0213","fg0126","fg0606","fg0837","fg0410"
"fq000172","vx_e06f5d7e70e30c02","fg0054","1","fg0054","fg0358","fg0173","fg0440","fg0930","fg0816","fg0293","fg0846","fg0982","fg0820","fg0716","fg0082","fg0192","fg0837","fg0213","fg0359","fg0800","fg0993","fg0225","fg0126"
"fq000173","vx_e06f5d7e70e30c02","fg0054","1","fg0054","fg0358","fg0173","fg0440","fg0930","fg0816","fg0293","fg0192","fg0820","fg0716","fg0846","fg0982","fg0082","fg0837","fg0993","fg0213","fg0800","fg0126","fg0050","fg0359"
"fq000174","vx_e06f5d7e70e30c02","fg0054","1","fg0054","fg0358","fg0173","fg0440","fg0930","fg0816","fg0293","fg0846","fg0980","fg0737","fg0030","fg0837","fg0170","fg0192","fg0982","fg0402","fg0606","fg0659","fg0712","fg0826"
"fq000175","vx_e06f5d7e70e30c02","fg0054","1","fg0054","fg0301","fg0160","fg0173","fg0358","fg0131","fg0863","fg0355","fg0687","fg0667","fg0930","fg0491","fg0440","fg0816","fg0505","fg0350","fg0916","fg0749","fg0082","fg0293"
"fq000176","vx_e06f5d7e70e30c02","fg0054","1","fg0054","fg0173","fg0358","fg0131","fg0667","fg0301","fg0355","fg0160","fg0863","fg0930","fg0440","fg0491","fg0687","fg0816","fg0846","fg0505","fg0350","fg0192","fg0533","fg0293"
"fq000177","vx_e06f5d7e70e30c02","fg0054","17","fg0192","fg0722","fg0102","fg0648","fg0941","fg0801","fg0945","fg0501","fg0043","fg0136","fg0910","fg0956","fg0471","fg0996","fg0385","fg0610","fg0054","fg0173","fg0358","fg0156"
"fq000178","vx_e06f5d7e70e30c02","fg0054","1","fg0054","fg0173","fg0358","fg0440","fg0930","fg0816","fg0293","fg0846","fg0837","fg0982","fg0778","fg0192","fg0820","fg0716","fg0082","fg0225","fg0961","fg0659","fg0359","fg0402"
"fq000179","vx_e06f5d7e70e30c02","fg0054","1","fg0054","fg0358","fg0173","fg0440","fg0930","fg0816","fg0293","fg0820","fg0846","fg0192","fg0716","fg0982","fg0281","fg0359","fg0837","fg0213","fg0170","fg0082","fg0993","fg0800"
"fq000180","vx_e06f5d7e70e30c02","fg0054","1","fg0054","fg0358","fg0173","fg0440","fg0930","fg0816","fg0293","fg0820","fg0192","fg0846","fg0982","fg0716","fg0837","fg0082","fg0993","fg0359","fg0213","fg0050","fg0126","fg0216"
"fq000181","vx_e06f5d7e70e30c02","fg0054","1","fg0054","fg0358","fg0173","fg0440","fg0930","fg0192","fg0816","fg0293","fg0820","fg0846","fg0982","fg0716","fg0837","fg0213","fg0136","fg0043","fg0800","fg0126","fg0170","fg0082"
"fq000182","vx_e06f5d7e70e30c02","fg0054","1","fg0054","fg0358","fg0173","fg0440","fg0930","fg0816","fg0293","fg0170","fg0846","fg0820","fg0716","fg0192","fg0281","fg0982","fg0213","fg0837","fg0359","fg0082","fg0126","fg0817"
"fq000183","vx_e06f5d7e70e30c02","fg0054","1","fg0054","fg0358","fg0173","fg0440","fg0930","fg0816","fg0293","fg0846","fg0820","fg0716","fg0982","fg0082","fg0192","fg0837","fg0213","fg0050","fg0237","fg0281","fg0359","fg0410"
"fq000184","vx_e06f5d7e70e30c02","fg0054","1","fg0054","fg0358","fg0173","fg0440","fg0930","fg0816","fg0293","fg0281","fg0192","fg0846","fg0826","fg0466","fg0982","fg0820","fg0170","fg0634","fg0837","fg0402","fg0082","fg0213"
"fq000185","vx_e06f5d7e70e30c02","fg0054","1","fg0054","fg0358","fg0173","fg0440","fg0930","fg0816","fg0293","fg0820","fg0716","fg0846","fg0082","fg0982","fg0837","fg0192","fg0359","fg0800","fg0993","fg0126","fg0410","fg0050"
"fq000186","vx_e06f5d7e70e30c02","fg0054","1","fg0054","fg0358","fg0173","fg0440","fg0816","fg0930","fg0192","fg0293","fg0846","fg0043","fg0982","fg0820","fg0659","fg0790","fg0837","fg0299","fg0225","fg0136","fg0359","fg0271"
"fq000187","vx_e06f5d7e70e30c02","fg0054","1","fg0054","fg0358","fg0173","fg0440","fg0930","fg0816","fg0293","fg0281","fg0846","fg0192","fg0716","fg0634","fg0826","fg0820","fg0837","fg0982","fg0082","fg0213","fg0924","fg0359"
"fq000188","vx_e06f5d7e70e30c02","fg0054","1","fg0054","fg0358","fg0173","fg0440","fg0930","fg0816","fg0293","fg0820","fg0982","fg0846","fg0082","fg0192","fg0716","fg0837","fg0030","fg0802","fg0980","fg0737","fg0216","fg0213"
"fq000189","vx_e06f5d7e70e30c02","fg0054","1","fg0054","fg0358","fg0173","fg0440","fg0930","fg0816","fg0293","fg0846","fg0820","fg0716","fg0082","fg0982","fg0192","fg0050","fg0126","fg0359","fg0410","fg0800","fg0415","fg0528"
"fq000190","vx_e06f5d7e70e30c02","fg0054","1","fg0054","fg0358","fg0173","fg0440","fg0930","fg0816","fg0293","fg0846","fg0820","fg0716","fg0982","fg0082","fg0837","fg0800","fg0192","fg0213","fg0050","fg0415","fg0359","fg0109"
"fq000191","vx_e06f5d7e70e30c02","fg0054","12","fg0192","fg0648","fg0102","fg0722","fg0941","fg0801","fg0945","fg0501","fg0043","fg0910","fg0136","fg0054","fg0471","fg0996","fg0956","fg0385","fg0610","fg0173","fg0358","fg0228"
"fq000192","vx_e06f5d7e70e30c02","fg0054","1","fg0054","fg0358","fg0173","fg0440","fg0930","fg0816","fg0293","fg0820","fg0846","fg0716","fg0082","fg0982","fg0192","fg0837","fg0800","fg0410","fg0126","fg0213","fg0050","fg0415"
"fq000193","vx_e06f5d7e70e30c02","fg0054","1","fg0054","fg0358","fg0173","fg0440","fg0930","fg0816","fg0293","fg0820","fg0846","fg0716","fg0192","fg0082","fg0982","fg0126","fg0359","fg0410","fg0050","fg0837","fg0800","fg0993"
"fq000194","vx_e06f5d7e70e30c02","fg0054","1","fg0054","fg0358","fg0173","fg0440","fg0930","fg0816","fg0281","fg0826","fg0293","fg0466","fg0846","fg0277","fg0192","fg0634","fg0982","fg0095","fg0306","fg0837","fg0170","fg0458"
"fq000195","vx_e06f5d7e70e30c02","fg0054","1","fg0054","fg0358","fg0173","fg0440","fg0816","fg0930","fg0293","fg0281","fg0170","fg0826","fg0466","fg0192","fg0846","fg0659","fg0458","fg0402","fg0058","fg0982","fg0837","fg0634"
"fq000196","vx_e06f5d7e70e30c02","fg0054","1","fg0054","fg0358","fg0173","fg0440","fg0930","fg0816","fg0293","fg0820","fg0846","fg0716","fg0082","fg0982","fg0192","fg0359","fg0410","fg0993","fg0126","fg0050","fg0415","fg0271"
"fq000197","vx_e06f5d7e70e30c02","fg0054","1","fg0054","fg0358","fg0173","fg0440","fg0930","fg0816","fg0293","fg0820","fg0846","fg0192","fg0716","fg0982","fg0082","fg0281","fg0126","fg0837","fg0410","fg0213","fg0838","fg0170"
"fq000198","vx_e06f5d7e70e30c02","fg0054","1","fg0054","fg0358","fg0173","fg0440","fg0930","fg0816","fg0293","fg0846","fg0982","fg0192","fg0820","fg0306","fg0837","fg0359","fg0716","fg0659","fg0606","fg0970","fg0271","fg0281"
"fq000199","vx_e06f5d7e70e30c02","fg0054","1","fg0054","fg0358","fg0173","fg0440","fg0930","fg0816","fg0293","fg0820","fg0846","fg0716","fg0982","fg0192","fg0837","fg0359","fg0082","fg0213","fg0993","fg0281","fg0050","fg0237"
"fq000200","vx_e06f5d7e70e30c02","fg0054","1","fg0054","fg0358","fg0173","fg0440","fg0930","fg0816","fg0293","fg0820","fg0846","fg0716","fg0082","fg0982","fg0192","fg0271","fg0126","fg0410","fg0800","fg0916","fg0359","fg0415"
"fq000201","vx_e06f5d7e70e30c02","fg0054","62","fg0941","fg0648","fg0801","fg0102","fg0945","fg0722","fg0501","fg0192","fg0043","fg0910","fg0136","fg0996","fg0956","fg0471","fg0610","fg0385","fg0228","fg0628","fg0604","fg0838"
"fq000202","vx_e06f5d7e70e30c02","fg0054","1","fg0054","fg0358","fg0173","fg0440","fg0930","fg0816","fg0293","fg0820","fg0716","fg0837","fg0982","fg0846","fg0192","fg0334","fg0082","fg0359","fg0993","fg0213","fg0126","fg0961"
"fq000203","vx_e06f5d7e70e30c02","fg0054","12","fg0192","fg0722","fg0102","fg0648","fg0941","fg0801","fg0945","fg0501","fg0043","fg0136","fg0910","fg0054","fg0956","fg0471","fg0385","fg0173","fg0358","fg0996","fg0610","fg0095"
"fq000204","vx_e06f5d7e70e30c02","fg0054","1","fg0054","fg0358","fg0173","fg0440","fg0930","fg0816","fg0293","fg0820","fg0846","fg0716","fg0082","fg0982","fg0126","fg0192","fg0410","fg0050","fg0800","fg0528","fg0213","fg0359"
"fq000205","vx_e06f5d7e70e30c02","fg0054","12","fg0192","fg0722","fg0648","fg0102","fg0941","fg0801","fg0945","fg0501","fg0043","fg0136","fg0910","fg0054","fg0471","fg0956","fg0996","fg0385","fg0610","fg0173","fg0358","fg0156"
"fq000206","vx_e06f5d7e70e30c02","fg0054","1","fg0054","fg0358","fg0173","fg0440","fg0930","fg0816","fg0293","fg0281","fg0170","fg0846","fg0192","fg0716","fg0820","fg0826","fg0458","fg0982","fg0466","fg0634","fg0065","fg0126"
"fq000207","vx_e06f5d7e70e30c02","fg0054","1","fg0054","fg0358","fg0173","fg0816","fg0440","fg0930","fg0293","fg0846","fg0192","fg0281","fg0982","fg0170","fg0716","fg0402","fg0820","fg0271","fg0659","fg0082","fg0737","fg0606"
"fq000208","vx_e06f5d7e70e30c02","fg0054","1","fg0054","fg0358","fg0173","fg0440","fg0930","fg0816","fg0293","fg0846","fg0820","fg0982","fg0192","fg0837","fg0359","fg0716","fg0082","fg0213","fg0606","fg0050","fg0800","fg0410"
"fq000209","vx_e06f5d7e70e30c02","fg0054","1","fg0054","fg0358","fg0173","fg0440","fg0930","fg0816","fg0293","fg0846","fg0192","fg0982","fg0820","fg0299","fg0281","fg0606","fg0434","fg0082","fg0306","fg0716","fg0225","fg0359"
"fq000210","vx_e06f5d7e70e30c02","fg0054","1","fg0054","fg0358","fg0173","fg0440","fg0930","fg0816","fg0293","fg0820","fg0846","fg0716","fg0170","fg0192","fg0982","fg0359","fg0082","fg0837","fg0126","fg0213","fg0993","fg0195"
"fq000211","vx_e06f5d7e70e30c02","fg0054","1","fg0054","fg0358","fg0173","fg0440","fg0930","fg0816","fg0293","fg0170","fg0846","fg0820","fg0192","fg0281","fg0716","fg0982","fg0213","fg0837","fg0359","fg0817","fg0126","fg0205"
"fq000212","vx_e06f5d7e70e30c02","fg0054","1","fg0054","fg0358","fg0173","fg0440","fg0930","fg0816","fg0293","fg0820","fg0846","fg0192","fg0982","fg0716","fg0082","fg0837","fg0993","fg0410","fg0814","fg0359","fg0126","fg0800"
"fq000213","vx_e06f5d7e70e30c02","fg0054","1","fg0054","fg0358","fg0173","fg0440","fg0930","fg0816","fg0293","fg0820","fg0192","fg0846","fg0716","fg0170","fg0982","fg0359","fg0837","fg0213","fg0126","fg0838","fg0082","fg0050"
"fq000214","vx_e06f5d7e70e30c02","fg0054","1","fg0054","fg0358","fg0173","fg0440","fg0816","fg0930","fg0293","fg0846","fg0820","fg0982","fg0716","fg0082","fg0192","fg0837","fg0359","fg0415","fg0800","fg0109","fg0606","fg0050"
"fq000215","vx_e06f5d7e70e30c02","fg0054","1","fg0054","fg0173","fg0358","fg0440","fg0930","fg0816","fg0980","fg0293","fg0846","fg0982","fg0030","fg0192","fg0737","fg0837","fg0506","fg0820","fg0957","fg0265","fg0802","fg0712"
"fq000216","vx_e06f5d7e70e30c02","fg0054","1","fg0054","fg0358","fg0173","fg0930","fg0440","fg0816","fg0293","fg0820","fg0982","fg0192","fg0846","fg0716","fg0082","fg0213","fg0737","fg0265","fg0410","fg0126","fg0050","fg0916"
"fq000217","vx_e06f5d7e70e30c02","fg0054","1","fg0054","fg0173","fg0358","fg0281","fg0440","fg0826","fg0930","fg0634","fg0277","fg0816","fg0458","fg0095","fg0170","fg0466","fg0293","fg0591","fg0192","fg0023","fg0829","fg0647"
"fq000218","vx_e06f5d7e70e30c02","fg0054","1","fg0054","fg0358","fg0173","fg0440","fg0930","fg0816","fg0293","fg0820","fg0716","fg0846","fg0082","fg0982","fg0192","fg0126","fg0410","fg0800","fg0050","fg0837","fg0993","fg0916"
"fq000219","vx_e06f5d7e70e30c02","fg0054","1","fg0054","fg0358","fg0173","fg0440","fg0930","fg0816","fg0293","fg0820","fg0846","fg0192","fg0716","fg0982","fg0359","fg0170","fg0082","fg0213","fg0837","fg0410","fg0126","fg0271"
"fq000220","vx_e06f5d7e70e30c02","fg0054","1","fg0054","fg0358","fg0173","fg0440","fg0930","fg0816","fg0293","fg0846","fg0820","fg0982","fg0082","fg0192","fg0716","fg0434","fg0837","fg0359","fg0606","fg0132","fg0265","fg0916"
"fq000221","vx_e06f5d7e70e30c02","fg0054","1","fg0054","fg0358","fg0173","fg0440","fg0930","fg0816","fg0293","fg0820","fg0716","fg0846","fg0082","fg0982","fg0192","fg0126","fg0800","fg0837","fg0410","fg0213","fg0415","fg0050"
"fq000222","vx_e06f5d7e70e30c02","fg0054","1","fg0054","fg0358","fg0173","fg0440","fg0930","fg0816","fg0293","fg0820","fg0716","fg0982","fg0192","fg0082","fg0846","fg0837","fg0993","fg0800","fg0334","fg0050","fg0359","fg0961"
"fq000223","vx_e06f5d7e70e30c02","fg0054","1","fg0054","fg0358","fg0173","fg0440","fg0930","fg0816","fg0293","fg0820","fg0846","fg0982","fg0716","fg0192","fg0082","fg0050","fg0126","fg0837","fg0213","fg0415","fg0410","fg0359"
"fq000224","vx_e06f5d7e70e30c02","fg0054","1","fg0054","fg0358","fg0173","fg0440","fg0930","fg0816","fg0293","fg0820","fg0716","fg0846","fg0082","fg0837","fg0982","fg0192","fg0800","fg0993","fg0359","fg0126","fg0410","fg0050"
"fq000225","vx_e06f5d7e70e30c02","fg0054","1","fg0054","fg0358","fg0173","fg0192","fg0722","fg0136","fg0102","fg0043","fg0648","fg0941","fg0801","fg0945","fg0501","fg0910","fg0440","fg0385","fg0930","fg0471","fg0816","fg0956"
"fq000226","vx_e06f5d7e70e30c02","fg0054","1","fg0054","fg0358","fg0173","fg0440","fg0930","fg0816","fg0293","fg0820","fg0846","fg0716","fg0192","fg0982","fg0082","fg0837","fg0126","fg0800","fg0050","fg0410","fg0993","fg0213"
"fq000227","vx_e06f5d7e70e30c02","fg0054","1","fg0054","fg0358","fg0173","fg0440","fg0192","fg0930","fg0816","fg0043","fg0136","fg0293","fg0648","fg0170","fg0102","fg0941","fg0722","fg0801","fg0945","fg0385","fg0846","fg0501"
"fq000228","vx_e06f5d7e70e30c02","fg0054","1","fg0054","fg0173","fg0358","fg0440","fg0816","fg0930","fg0281","fg0293","fg0826","fg0466","fg0634","fg0170","fg0458","fg0192","fg0846","fg0837","fg0402","fg0659","fg0924","fg0982"
"fq000229","vx_e06f5d7e70e30c02","fg0054","1","fg0054","fg0358","fg0173","fg0440","fg0930","fg0816","fg0293","fg0820","fg0716","fg0192","fg0846","fg0982","fg0082","fg0359","fg0126","fg0410","fg0213","fg0837","fg0993","fg0800"
"fq000230","vx_e06f5d7e70e30c02","fg0054","1","fg0054","fg0358","fg0173","fg0440","fg0930","fg0816","fg0293","fg0820","fg0846","fg0716","fg0192","fg0982","fg0082","fg0410","fg0126","fg0993","fg0359","fg0050","fg0837","fg0800"
"fq000231","vx_e06f5d7e70e30c02","fg0054","1","fg0054","fg0173","fg0358","fg0440","fg0930","fg0816","fg0846","fg0293","fg0837","fg0434","fg0321","fg0225","fg0606","fg0505","fg0192","fg0169","fg0423","fg0693","fg0753","fg0820"
"fq000232","vx_e06f5d7e70e30c02","fg0054","1","fg0054","fg0358","fg0173","fg0440","fg0930","fg0816","fg0293","fg0820","fg0846","fg0716","fg0192","fg0982","fg0082","fg0281","fg0213","fg0170","fg0359","fg0050","fg0126","fg0410"
"fq000233","vx_e06f5d7e70e30c02","fg0054","1","fg0054","fg0358","fg0173","fg0440","fg0930","fg0816","fg0293","fg0716","fg0820","fg0846","fg0982","fg0192","fg0082","fg0837","fg0126","fg0410","fg0050","fg0359","fg0800","fg0916"
"fq000234","vx_e06f5d7e70e30c02","fg0054","1","fg0054","fg0358","fg0173","fg0440","fg0930","fg0816","fg0293","fg0820","fg0846","fg0716","fg0082","fg0982","fg0800","fg0192","fg0837","fg0359","fg0916","fg0415","fg0050","fg0410"
"fq000235","vx_e06f5d7e70e30c02","fg0054","1","fg0054","fg0358","fg0173","fg0440","fg0930","fg0816","fg0293","fg0820","fg0982","fg0846","fg0082","fg0716","fg0837","fg0192","fg0050","fg0993","fg0800","fg0216","fg0213","fg0916"
"fq000236","vx_e06f5d7e70e30c02","fg0054","1","fg0054","fg0358","fg0173","fg0440","fg0930","fg0816","fg0293","fg0846","fg0820","fg0716","fg0982","fg0082","fg0192","fg0359","fg0993","fg0050","fg0837","fg0415","fg0126","fg0410"
"fq000237","vx_e06f5d7e70e30c02","fg0054","1","fg0054","fg0358","fg0173","fg0440","fg0930","fg0816","fg0293","fg0820","fg0846","fg0982","fg0716","fg0837","fg0192","fg0082","fg0800","fg0916","fg0802","fg0213","fg0993","fg0415"
"fq000238","vx_e06f5d7e70e30c02","fg0054","1","fg0054","fg0358","fg0173","fg0192","fg0440","fg0930","fg0816","fg0136","fg0043","fg0722","fg0293","fg0648","fg0102","fg0941","fg0471","fg0801","fg0820","fg0501","fg0910","fg0385"
"fq000239","vx_e06f5d7e70e30c02","fg0054","1","fg0054","fg0358","fg0173","fg0826","fg0281","fg0095","fg0277","fg0634","fg0440","fg0930","fg0458","fg0816","fg0466","fg0170","fg0192","fg0023","fg0829","fg0327","fg0048","fg0647"
"fq000240","vx_e06f5d7e70e30c02","fg0054","1","fg0054","fg0358","fg0173","fg0440","fg0192","fg0930","fg0816","fg0820","fg0136","fg0043","fg0293","fg0722","fg0648","fg0982","fg0102","fg0846","fg0941","fg0213","fg0471","fg0801"
"fq000241","vx_e06f5d7e70e30c02","fg0054","1","fg0054","fg0173","fg0358","fg0440","fg0930","fg0816","fg0293","fg0837","fg0192","fg0982","fg0591","fg0846","fg0195","fg0225","fg0961","fg0434","fg0778","fg0030","fg0659","fg0334"
"fq000242","vx_e06f5d7e70e30c02","fg0054","1","fg0054","fg0358","fg0173","fg0440","fg0930","fg0816","fg0293","fg0820","fg0716","fg0837","fg0982","fg0082","fg0778","fg0846","fg0961","fg0993","fg0334","fg0192","fg0591","fg0050"
"fq000243","vx_e06f5d7e70e30c02","fg0054","13","fg0037","fg0588","fg0018","fg0547","fg0062","fg0180","fg0533","fg0379","fg0822","fg0724","fg0894","fg0679","fg0054","fg0440","fg0411","fg0811","fg0173","fg0358","fg0665","fg0262"
"fq000244","vx_e06f5d7e70e30c02","fg0054","1","fg0054","fg0358","fg0173","fg0440","fg0816","fg0930","fg0293","fg0846","fg0281","fg0170","fg0716","fg0820","fg0192","fg0982","fg0359","fg0126","fg0528","fg0837","fg0970","fg0993"
"fq000245","vx_e06f5d7e70e30c02","fg0054","1","fg0054","fg0358","fg0173","fg0440","fg0930","fg0816","fg0293","fg0820","fg0716","fg0846","fg0192","fg0982","fg0170","fg0126","fg0281","fg0082","fg0213","fg0528","fg0359","fg0410"
"fq000246","vx_e06f5d7e70e30c02","fg0054","1","fg0054","fg0358","fg0173","fg0440","fg0930","fg0816","fg0293","fg0980","fg0846","fg0982","fg0192","fg0957","fg0820","fg0030","fg0737","fg0837","fg0606","fg0265","fg0802","fg0506"
"fq000247","vx_e06f5d7e70e30c02","fg0054","29","fg0941","fg0102","fg0648","fg0945","fg0801","fg0043","fg0722","fg0192","fg0501","fg0910","fg0136","fg0996","fg0471","fg0385","fg0956","fg0610","fg0659","fg0628","fg0604","fg0095"
"fq000248","vx_e06f5d7e70e30c02","fg0054","1","fg0054","fg0358","fg0173","fg0192","fg0722","fg0136","fg0102","fg0648","fg0043","fg0941","fg0801","fg0945","fg0501","fg0910","fg0281","fg0385","fg0095","fg0826","fg0930","fg0471"
"fq000249","vx_e06f5d7e70e30c02","fg0054","1","fg0054","fg0358","fg0173","fg0440","fg0930","fg0816","fg0293","fg0820","fg0846","fg0982","fg0716","fg0082","fg0192","fg0126","fg0050","fg0837","fg0410","fg0993","fg0359","fg0800"
"fq000250","vx_e06f5d7e70e30c02","fg0054","1","fg0054","fg0358","fg0173","fg0440","fg0930","fg0846","fg0816","fg0411","fg0159","fg0533","fg0837","fg0402","fg0426","fg0192","fg0293","fg0140","fg0547","fg0379","fg0822","fg0522"
"fq000251","vx_e06f5d7e70e30c02","fg0054","1","fg0054","fg0358","fg0173","fg0440","fg0930","fg0816","fg0293","fg0820","fg0716","fg0846","fg0192","fg0982","fg0082","fg0271","fg0359","fg0126","fg0213","fg0993","fg0410","fg0170"
"fq000252","vx_0fb9e0727ad2c6d6","fg0055","1","fg0055","fg0695","fg0299","fg0224","fg0900","fg0728","fg0984","fg0237","fg0978","fg0279","fg0637","fg0932","fg0977","fg0104","fg0631","fg0425","fg0751","fg0964","fg0125","fg0734"
"fq000253","vx_efdf3fa59bf5f4ec","fg0056","1","fg0056","fg0366","fg0271","fg0406","fg0751","fg0035","fg0423","fg0520","fg0494","fg0203","fg0331","fg0499","fg0484","fg0980","fg0800","fg0570","fg0048","fg0635","fg0396","fg0878"
"fq000254","vx_12b3b3af815b7c44","fg0057","5","fg0691","fg0407","fg0353","fg0266","fg0057","fg0912","fg0234","fg0392","fg0964","fg0137","fg0189","fg0553","fg0304","fg0009","fg0070","fg0111","fg0619","fg0299","fg0551","fg0771"
"fq000255","vx_6dd7e938a7ac423c","fg0058","1","fg0058","fg0659","fg0970","fg0440","fg0293","fg0816","fg0173","fg0159","fg0846","fg0358","fg0291","fg0169","fg0724","fg0345","fg0192","fg0932","fg0767","fg0375","fg0930","fg0043"
"fq000256","vx_6dd7e938a7ac423c","fg0058","1","fg0058","fg0659","fg0970","fg0863","fg0043","fg0345","fg0932","fg0159","fg0945","fg0291","fg0604","fg0724","fg0192","fg0102","fg0375","fg0941","fg0464","fg0441","fg0301","fg0505"
"fq000257","vx_6dd7e938a7ac423c","fg0058","1","fg0058","fg0511","fg0917","fg0932","fg0315","fg0704","fg0659","fg0375","fg0202","fg0814","fg0572","fg0970","fg0246","fg0842","fg0757","fg0943","fg0336","fg0526","fg0200","fg0558"
"fq000258","vx_6dd7e938a7ac423c","fg0058","1","fg0058","fg0659","fg0970","fg0440","fg0932","fg0291","fg0816","fg0225","fg0159","fg0293","fg0930","fg0043","fg0345","fg0864","fg0173","fg0192","fg0535","fg0003","fg0375","fg0988"
"fq000259","vx_6dd7e938a7ac423c","fg0058","1","fg0058","fg0659","fg0970","fg0043","fg0932","fg0863","fg0345","fg0291","fg0945","fg0192","fg0102","fg0293","fg0440","fg0724","fg0941","fg0159","fg0648","fg0604","fg0173","fg0301"
"fq000260","vx_6dd7e938a7ac423c","fg0058","1","fg0058","fg0659","fg0970","fg0293","fg0816","fg0440","fg0932","fg0345","fg0291","fg0159","fg0173","fg0375","fg0043","fg0896","fg0863","fg0921","fg0225","fg0505","fg0846","fg0383"
"fq000261","vx_6dd7e938a7ac423c","fg0058","1","fg0058","fg0659","fg0722","fg0192","fg0945","fg0102","fg0648","fg0941","fg0970","fg0043","fg0801","fg0136","fg0932","fg0910","fg0501","fg0385","fg0610","fg0440","fg0956","fg0814"
"fq000262","vx_6dd7e938a7ac423c","fg0058","2","fg0704","fg0058","fg0814","fg0937","fg0469","fg0835","fg0315","fg0511","fg0757","fg0917","fg0943","fg0369","fg0241","fg0217","fg0246","fg0524","fg0932","fg0251","fg0336","fg0014"
"fq000263","vx_6dd7e938a7ac423c","fg0058","1","fg0058","fg0659","fg0970","fg0440","fg0173","fg0932","fg0291","fg0930","fg0225","fg0358","fg0293","fg0043","fg0816","fg0192","fg0054","fg0375","fg0604","fg0945","fg0345","fg0003"
"fq000264","vx_6dd7e938a7ac423c","fg0058","5","fg0511","fg0917","fg0202","fg0246","fg0058","fg0200","fg0570","fg0315","fg0375","fg0470","fg0835","fg0499","fg0842","fg0119","fg0943","fg0537","fg0524","fg0752","fg0932","fg0650"
"fq000265","vx_6dd7e938a7ac423c","fg0058","1","fg0058","fg0659","fg0970","fg0932","fg0440","fg0291","fg0043","fg0345","fg0464","fg0192","fg0225","fg0945","fg0436","fg0864","fg0159","fg0988","fg0173","fg0375","fg0724","fg0604"
"fq000266","vx_6dd7e938a7ac423c","fg0058","1","fg0058","fg0659","fg0970","fg0291","fg0440","fg0345","fg0863","fg0003","fg0043","fg0173","fg0932","fg0816","fg0159","fg0293","fg0225","fg0301","fg0358","fg0930","fg0604","fg0375"
"fq000267","vx_6dd7e938a7ac423c","fg0058","1","fg0058","fg0659","fg0970","fg0293","fg0816","fg0440","fg0043","fg0173","fg0192","fg0932","fg0159","fg0345","fg0358","fg0724","fg0291","fg0846","fg0863","fg0945","fg0505","fg0930"
"fq000268","vx_6dd7e938a7ac423c","fg0058","2","fg0704","fg0058","fg0937","fg0469","fg0814","fg0970","fg0659","fg0315","fg0251","fg0717","fg0217","fg0369","fg0247","fg0014","fg0440","fg0336","fg0511","fg0917","fg0932","fg0375"
"fq000269","vx_6dd7e938a7ac423c","fg0058","1","fg0058","fg0659","fg0970","fg0816","fg0293","fg0440","fg0930","fg0173","fg0932","fg0225","fg0358","fg0043","fg0159","fg0345","fg0291","fg0192","fg0724","fg0863","fg0375","fg0864"
"fq000270","vx_6dd7e938a7ac423c","fg0058","14","fg0945","fg0801","fg0648","fg0102","fg0941","fg0192","fg0722","fg0043","fg0501","fg0910","fg0136","fg0996","fg0956","fg0058","fg0471","fg0610","fg0659","fg0385","fg0131","fg0883"
"fq000271","vx_6dd7e938a7ac423c","fg0058","3","fg0511","fg0917","fg0058","fg0842","fg0202","fg0246","fg0315","fg0757","fg0814","fg0835","fg0932","fg0336","fg0200","fg0572","fg0375","fg0241","fg0558","fg0650","fg0969","fg0943"
"fq000272","vx_6dd7e938a7ac423c","fg0058","1","fg0058","fg0659","fg0970","fg0932","fg0291","fg0375","fg0757","fg0896","fg0724","fg0511","fg0440","fg0526","fg0043","fg0917","fg0814","fg0436","fg0345","fg0945","fg0604","fg0383"
"fq000273","vx_6dd7e938a7ac423c","fg0058","1","fg0058","fg0704","fg0937","fg0659","fg0814","fg0469","fg0970","fg0932","fg0217","fg0336","fg0369","fg0511","fg0439","fg0717","fg0315","fg0524","fg0526","fg0251","fg0917","fg0375"
"fq000274","vx_6dd7e938a7ac423c","fg0058","1","fg0058","fg0293","fg0816","fg0659","fg0970","fg0440","fg0846","fg0173","fg0159","fg0291","fg0767","fg0345","fg0003","fg0402","fg0930","fg0932","fg0358","fg0505","fg0467","fg0814"
"fq000275","vx_6dd7e938a7ac423c","fg0058","17","fg0945","fg0648","fg0941","fg0801","fg0102","fg0192","fg0722","fg0501","fg0043","fg0910","fg0136","fg0996","fg0471","fg0956","fg0610","fg0385","fg0058","fg0628","fg0228","fg0552"
"fq000276","vx_6dd7e938a7ac423c","fg0058","1","fg0058","fg0659","fg0970","fg0293","fg0816","fg0863","fg0440","fg0043","fg0345","fg0192","fg0932","fg0173","fg0301","fg0291","fg0945","fg0159","fg0102","fg0358","fg0941","fg0355"
"fq000277","vx_6dd7e938a7ac423c","fg0058","1","fg0058","fg0659","fg0970","fg0863","fg0043","fg0440","fg0945","fg0932","fg0291","fg0192","fg0159","fg0495","fg0345","fg0102","fg0941","fg0441","fg0604","fg0801","fg0724","fg0301"
"fq000278","vx_3d3e6ff8eae3b800","fg0059","1","fg0059","fg0697","fg0195","fg0435","fg0279","fg0942","fg0932","fg0334","fg0438","fg0513","fg0907","fg0106","fg0984","fg0511","fg0121","fg0336","fg0725","fg0314","fg0445","fg0211"
"fq000279","vx_3d3e6ff8eae3b800","fg0059","334","fg0533","fg0037","fg0588","fg0547","fg0180","fg0062","fg0379","fg0724","fg0018","fg0822","fg0411","fg0811","fg0262","fg0894","fg0665","fg0027","fg0131","fg0990","fg0863","fg0192"
"fq000280","vx_3d3e6ff8eae3b800","fg0059","641","fg0990","fg0791","fg0724","fg0411","fg0037","fg0547","fg0588","fg0533","fg0679","fg0841","fg0703","fg0379","fg0180","fg0062","fg0169","fg0355","fg0027","fg0665","fg0811","fg0822"
"fq000281","vx_3d3e6ff8eae3b800","fg0059","1","fg0059","fg0942","fg0435","fg0336","fg0697","fg0859","fg0121","fg0511","fg0317","fg0513","fg0686","fg0932","fg0581","fg0770","fg0279","fg0984","fg0909","fg0041","fg0915","fg0418"
"fq000282","vx_5e66dddc13dfd640","fg0060","1","fg0060","fg0561","fg0506","fg0722","fg0648","fg0801","fg0941","fg0102","fg0043","fg0945","fg0751","fg0056","fg0136","fg0932","fg0659","fg0501","fg0336","fg0862","fg0910","fg0175"
"fq000283","vx_be21365851bd9590","fg0061","1","fg0061","fg0349","fg0485","fg0579","fg0378","fg0963","fg0773","fg0993","fg0177","fg0828","fg0468","fg0709","fg0288","fg0236","fg0739","fg0171","fg0789","fg0871","fg0649","fg0019"
"fq000284","vx_ab07adefb88a7166","fg0062","775","fg0087","fg0480","fg0205","fg0224","fg0248","fg0049","fg0418","fg0119","fg0259","fg0281","fg0534","fg0577","fg0409","fg0702","fg0681","fg0552","fg0065","fg0921","fg0272","fg0075"
"fq000285","vx_ab07adefb88a7166","fg0062","689","fg0087","fg0224","fg0205","fg0480","fg0248","fg0418","fg0049","fg0281","fg0409","fg0534","fg0119","fg0577","fg0065","fg0702","fg0259","fg0921","fg0600","fg0827","fg0681","fg0486"
"fq000286","vx_ab07adefb88a7166","fg0062","10","fg0031","fg0665","fg0837","fg0037","fg0533","fg0588","fg0379","fg0180","fg0018","fg0062","fg0547","fg0724","fg0522","fg0411","fg0811","fg0894","fg0822","fg0933","fg0496","fg0990"
"fq000287","vx_ab07adefb88a7166","fg0062","617","fg0087","fg0205","fg0418","fg0049","fg0480","fg0208","fg0259","fg0702","fg0119","fg0600","fg0224","fg0486","fg0336","fg0778","fg0976","fg0248","fg0534","fg0745","fg0281","fg0577"
"fq000288","vx_dd17759b61141f4f","fg0063","1","fg0063","fg0710","fg0197","fg0269","fg0284","fg0919","fg0818","fg0598","fg0140","fg0455","fg0568","fg0606","fg0861","fg0347","fg0614","fg0286","fg0963","fg0219","fg0736","fg0633"
"fq000289","vx_dd17759b61141f4f","fg0063","1","fg0063","fg0710","fg0197","fg0284","fg0919","fg0818","fg0269","fg0598","fg0140","fg0455","fg0568","fg0606","fg0861","fg0347","fg0022","fg0286","fg0003","fg0614","fg0963","fg0574"
"fq000290","vx_dd17759b61141f4f","fg0063","1","fg0063","fg0710","fg0722","fg0102","fg0648","fg0941","fg0945","fg0136","fg0801","fg0192","fg0501","fg0197","fg0043","fg0910","fg0284","fg0919","fg0818","fg0956","fg0996","fg0610"
"fq000291","vx_5a87b03022e36ffe","fg0064","1","fg0064","fg0829","fg0164","fg0889","fg0144","fg0320","fg0423","fg0382","fg0977","fg0874","fg0574","fg0250","fg0568","fg0501","fg0035","fg0866","fg0271","fg0887","fg0471","fg0404"
"fq000292","vx_c8d329b8d9a77d7f","fg0065","1","fg0065","fg0458","fg0281","fg0041","fg0418","fg0634","fg0534","fg0821","fg0770","fg0984","fg0686","fg0633","fg0328","fg0872","fg0298","fg0758","fg0084","fg0087","fg0209","fg0859"
"fq000293","vx_c8d329b8d9a77d7f","fg0065","1","fg0065","fg0458","fg0281","fg0389","fg0418","fg0534","fg0821","fg0041","fg0633","fg0634","fg0686","fg0113","fg0872","fg0733","fg0770","fg0859","fg0328","fg0984","fg0252","fg0166"
"fq000294","vx_c8d329b8d9a77d7f","fg0065","1","fg0065","fg0458","fg0281","fg0418","fg0041","fg0634","fg0534","fg0821","fg0389","fg0686","fg0984","fg0770","fg0633","fg0872","fg0859","fg0209","fg0733","fg0758","fg0087","fg0702"
"fq000295","vx_c8d329b8d9a77d7f","fg0065","1","fg0065","fg0458","fg0281","fg0041","fg0418","fg0389","fg0634","fg0534","fg0633","fg0872","fg0770","fg0821","fg0686","fg0758","fg0733","fg0084","fg0984","fg0859","fg0328","fg0920"
"fq000296","vx_c8d329b8d9a77d7f","fg0065","1","fg0065","fg0458","fg0281","fg0418","fg0041","fg0634","fg0534","fg0984","fg0389","fg0686","fg0821","fg0770","fg0633","fg0872","fg0733","fg0859","fg0702","fg0328","fg0758","fg0087"
"fq000297","vx_c8d329b8d9a77d7f","fg0065","1","fg0065","fg0458","fg0281","fg0418","fg0389","fg0041","fg0634","fg0534","fg0821","fg0686","fg0633","fg0984","fg0770","fg0872","fg0859","fg0733","fg0328","fg0758","fg0113","fg0209"
"fq000298","vx_c8d329b8d9a77d7f","fg0065","1","fg0065","fg0458","fg0281","fg0418","fg0041","fg0534","fg0389","fg0633","fg0634","fg0821","fg0770","fg0872","fg0686","fg0984","fg0113","fg0859","fg0733","fg0252","fg0702","fg0758"
"fq000299","vx_c8d329b8d9a77d7f","fg0065","1","fg0065","fg0458","fg0281","fg0418","fg0041","fg0389","fg0534","fg0634","fg0633","fg0770","fg0872","fg0821","fg0328","fg0686","fg0758","fg0084","fg0859","fg0113","fg0984","fg0733"
"fq000300","vx_c8d329b8d9a77d7f","fg0065","1","fg0065","fg0458","fg0281","fg0418","fg0041","fg0634","fg0534","fg0389","fg0821","fg0686","fg0633","fg0770","fg0984","fg0859","fg0872","fg0733","fg0328","fg0113","fg0465","fg0702"
"fq000301","vx_c8d329b8d9a77d7f","fg0065","1","fg0065","fg0458","fg0281","fg0418","fg0389","fg0041","fg0634","fg0534","fg0686","fg0821","fg0770","fg0633","fg0984","fg0859","fg0872","fg0733","fg0113","fg0328","fg0252","fg0465"
"fq000302","vx_c8d329b8d9a77d7f","fg0065","1","fg0065","fg0458","fg0281","fg0389","fg0418","fg0534","fg0821","fg0041","fg0686","fg0633","fg0634","fg0113","fg0872","fg0733","fg0859","fg0328","fg0770","fg0252","fg0465","fg0920"
"fq000303","vx_c8d329b8d9a77d7f","fg0065","1","fg0065","fg0458","fg0281","fg0041","fg0418","fg0634","fg0770","fg0984","fg0534","fg0686","fg0821","fg0087","fg0298","fg0328","fg0758","fg0859","fg0084","fg0633","fg0702","fg0783"
"fq000304","vx_c8d329b8d9a77d7f","fg0065","1","fg0065","fg0458","fg0281","fg0418","fg0041","fg0634","fg0534","fg0389","fg0821","fg0686","fg0984","fg0770","fg0633","fg0872","fg0733","fg0859","fg0702","fg0328","fg0209","fg0087"
"fq000305","vx_c8d329b8d9a77d7f","fg0065","1","fg0065","fg0458","fg0281","fg0418","fg0389","fg0041","fg0534","fg0821","fg0634","fg0686","fg0633","fg0770","fg0872","fg0984","fg0859","fg0733","fg0113","fg0328","fg0252","fg0465"
"fq000306","vx_c8d329b8d9a77d7f","fg0065","1","fg0065","fg0458","fg0281","fg0418","fg0041","fg0634","fg0534","fg0821","fg0633","fg0389","fg0770","fg0872","fg0686","fg0984","fg0328","fg0084","fg0758","fg0733","fg0209","fg0859"
"fq000307","vx_c8d329b8d9a77d7f","fg0065","1","fg0065","fg0458","fg0281","fg0418","fg0041","fg0634","fg0534","fg0770","fg0633","fg0872","fg0821","fg0984","fg0686","fg0389","fg0758","fg0328","fg0084","fg0702","fg0859","fg0733"
"fq000308","vx_c8d329b8d9a77d7f","fg0065","1","fg0065","fg0458","fg0389","fg0281","fg0633","fg0534","fg0418","fg0821","fg0113","fg0041","fg0872","fg0733","fg0686","fg0252","fg0634","fg0328","fg0115","fg0465","fg0166","fg0770"
"fq000309","vx_c8d329b8d9a77d7f","fg0065","1","fg0065","fg0458","fg0281","fg0418","fg0041","fg0634","fg0534","fg0821","fg0389","fg0686","fg0984","fg0770","fg0633","fg0859","fg0872","fg0758","fg0702","fg0328","fg0733","fg0209"
"fq000310","vx_c8d329b8d9a77d7f","fg0065","1","fg0065","fg0458","fg0281","fg0041","fg0418","fg0634","fg0534","fg0633","fg0770","fg0821","fg0984","fg0872","fg0328","fg0686","fg0084","fg0389","fg0758","fg0733","fg0087","fg0209"
"fq000311","vx_c8d329b8d9a77d7f","fg0065","1","fg0065","fg0458","fg0281","fg0041","fg0418","fg0634","fg0389","fg0534","fg0770","fg0633","fg0084","fg0821","fg0758","fg0686","fg0872","fg0984","fg0733","fg0328","fg0859","fg0298"
"fq000312","vx_c8d329b8d9a77d7f","fg0065","1","fg0065","fg0458","fg0281","fg0418","fg0041","fg0634","fg0534","fg0389","fg0821","fg0984","fg0686","fg0633","fg0770","fg0872","fg0733","fg0859","fg0328","fg0758","fg0084","fg0209"
"fq000313","vx_c8d329b8d9a77d7f","fg0065","1","fg0065","fg0722","fg0102","fg0648","fg0945","fg0801","fg0192","fg0941","fg0910","fg0043","fg0501","fg0136","fg0956","fg0458","fg0281","fg0996","fg0610","fg0634","fg0418","fg0385"
"fq000314","vx_c8d329b8d9a77d7f","fg0065","1","fg0065","fg0458","fg0281","fg0041","fg0418","fg0634","fg0534","fg0821","fg0770","fg0686","fg0984","fg0389","fg0758","fg0872","fg0633","fg0859","fg0328","fg0084","fg0209","fg0087"
"fq000315","vx_c8d329b8d9a77d7f","fg0065","1","fg0065","fg0458","fg0281","fg0041","fg0418","fg0634","fg0534","fg0821","fg0770","fg0984","fg0686","fg0389","fg0633","fg0872","fg0859","fg0733","fg0328","fg0758","fg0084","fg0087"
"fq000316","vx_c8d329b8d9a77d7f","fg0065","1","fg0065","fg0458","fg0281","fg0041","fg0418","fg0634","fg0770","fg0534","fg0821","fg0984","fg0686","fg0758","fg0084","fg0328","fg0633","fg0298","fg0087","fg0872","fg0859","fg0209"
"fq000317","vx_c8d329b8d9a77d7f","fg0065","1","fg0065","fg0458","fg0281","fg0418","fg0041","fg0634","fg0389","fg0534","fg0821","fg0633","fg0770","fg0686","fg0984","fg0872","fg0733","fg0859","fg0328","fg0702","fg0758","fg0209"
"fq000318","vx_c8d329b8d9a77d7f","fg0065","1","fg0065","fg0458","fg0281","fg0418","fg0041","fg0389","fg0634","fg0534","fg0821","fg0686","fg0633","fg0984","fg0770","fg0872","fg0859","fg0733","fg0328","fg0113","fg0783","fg0084"
"fq000319","vx_c8d329b8d9a77d7f","fg0065","1","fg0065","fg0458","fg0281","fg0418","fg0041","fg0389","fg0634","fg0534","fg0821","fg0686","fg0984","fg0633","fg0770","fg0859","fg0872","fg0733","fg0328","fg0465","fg0113","fg0702"
"fq000320","vx_c8d329b8d9a77d7f","fg0065","1","fg0065","fg0458","fg0281","fg0418","fg0041","fg0534","fg0634","fg0821","fg0389","fg0686","fg0770","fg0633","fg0984","fg0859","fg0872","fg0328","fg0209","fg0758","fg0702","fg0084"
"fq000321","vx_c8d329b8d9a77d7f","fg0065","1","fg0065","fg0458","fg0281","fg0041","fg0418","fg0634","fg0821","fg0770","fg0534","fg0984","fg0686","fg0758","fg0084","fg0298","fg0633","fg0328","fg0087","fg0872","fg0859","fg0783"
"fq000322","vx_c8d329b8d9a77d7f","fg0065","1","fg0065","fg0458","fg0281","fg0389","fg0418","fg0534","fg0041","fg0821","fg0633","fg0634","fg0872","fg0686","fg0113","fg0733","fg0328","fg0770","fg0252","fg0859","fg0702","fg0465"
"fq000323","vx_c8d329b8d9a77d7f","fg0065","1","fg0065","fg0458","fg0281","fg0418","fg0041","fg0634","fg0534","fg0821","fg0686","fg0770","fg0984","fg0633","fg0859","fg0087","fg0389","fg0872","fg0328","fg0758","fg0084","fg0209"
"fq000324","vx_c8d329b8d9a77d7f","fg0065","1","fg0065","fg0458","fg0281","fg0418","fg0041","fg0634","fg0534","fg0821","fg0686","fg0984","fg0770","fg0389","fg0859","fg0633","fg0087","fg0328","fg0758","fg0872","fg0209","fg0733"
"fq000325","vx_c8d329b8d9a77d7f","fg0065","1","fg0065","fg0458","fg0281","fg0041","fg0418","fg0634","fg0534","fg0770","fg0821","fg0686","fg0984","fg0758","fg0633","fg0084","fg0872","fg0389","fg0328","fg0859","fg0298","fg0087"
"fq000326","vx_c8d329b8d9a77d7f","fg0065","1","fg0065","fg0458","fg0281","fg0389","fg0418","fg0821","fg0041","fg0634","fg0534","fg0686","fg0633","fg0984","fg0872","fg0113","fg0733","fg0770","fg0859","fg0328","fg0252","fg0702"
"fq000327","vx_c8d329b8d9a77d7f","fg0065","1","fg0065","fg0458","fg0281","fg0389","fg0534","fg0418","fg0041","fg0633","fg0821","fg0113","fg0686","fg0733","fg0872","fg0328","fg0252","fg0634","fg0465","fg0859","fg0783","fg0770"
"fq000328","vx_c8d329b8d9a77d7f","fg0065","1","fg0065","fg0458","fg0281","fg0418","fg0389","fg0041","fg0821","fg0686","fg0534","fg0634","fg0633","fg0984","fg0770","fg0872","fg0859","fg0733","fg0113","fg0328","fg0252","fg0758"
"fq000329","vx_c8d329b8d9a77d7f","fg0065","1","fg0065","fg0458","fg0281","fg0418","fg0041","fg0534","fg0634","fg0821","fg0770","fg0686","fg0389","fg0633","fg0872","fg0984","fg0859","fg0758","fg0084","fg0733","fg0702","fg0465"
"fq000330","vx_c8d329b8d9a77d7f","fg0065","1","fg0065","fg0458","fg0281","fg0041","fg0418","fg0634","fg0534","fg0770","fg0821","fg0984","fg0758","fg0686","fg0084","fg0328","fg0087","fg0298","fg0633","fg0859","fg0872","fg0209"
"fq000331","vx_c8d329b8d9a77d7f","fg0065","1","fg0065","fg0458","fg0281","fg0041","fg0418","fg0634","fg0770","fg0984","fg0821","fg0686","fg0534","fg0328","fg0758","fg0084","fg0859","fg0298","fg0783","fg0746","fg0972","fg0465"
"fq000332","vx_c8d329b8d9a77d7f","fg0065","1","fg0065","fg0458","fg0281","fg0041","fg0418","fg0634","fg0534","fg0821","fg0770","fg0633","fg0984","fg0686","fg0758","fg0328","fg0084","fg0872","fg0087","fg0209","fg0298","fg0859"
"fq000333","vx_c8d329b8d9a77d7f","fg0065","1","fg0065","fg0458","fg0281","fg0418","fg0389","fg0041","fg0634","fg0534","fg0821","fg0686","fg0633","fg0770","fg0984","fg0859","fg0872","fg0113","fg0733","fg0758","fg0328","fg0252"
"fq000334","vx_c8d329b8d9a77d7f","fg0065","1","fg0065","fg0458","fg0281","fg0418","fg0041","fg0634","fg0534","fg0821","fg0686","fg0984","fg0770","fg0389","fg0633","fg0859","fg0872","fg0328","fg0758","fg0733","fg0087","fg0209"
"fq000335","vx_c8d329b8d9a77d7f","fg0065","1","fg0065","fg0458","fg0281","fg0418","fg0041","fg0634","fg0534","fg0770","fg0389","fg0821","fg0686","fg0633","fg0984","fg0872","fg0758","fg0084","fg0859","fg0087","fg0328","fg0702"
"fq000336","vx_c8d329b8d9a77d7f","fg0065","1","fg0065","fg0458","fg0281","fg0389","fg0418","fg0041","fg0633","fg0821","fg0534","fg0686","fg0872","fg0634","fg0770","fg0113","fg0859","fg0984","fg0733","fg0252","fg0084","fg0702"
"fq000337","vx_c8d329b8d9a77d7f","fg0065","1","fg0065","fg0458","fg0281","fg0418","fg0041","fg0534","fg0634","fg0389","fg0686","fg0821","fg0770","fg0633","fg0984","fg0859","fg0328","fg0872","fg0733","fg0465","fg0084","fg0087"
"fq000338","vx_c8d329b8d9a77d7f","fg0065","1","fg0065","fg0458","fg0281","fg0418","fg0041","fg0634","fg0389","fg0534","fg0770","fg0686","fg0984","fg0821","fg0633","fg0872","fg0859","fg0733","fg0758","fg0084","fg0328","fg0252"
"fq000339","vx_c8d329b8d9a77d7f","fg0065","1","fg0065","fg0458","fg0281","fg0418","fg0041","fg0389","fg0634","fg0534","fg0821","fg0686","fg0633","fg0872","fg0984","fg0770","fg0733","fg0859","fg0113","fg0328","fg0209","fg0758"
"fq000340","vx_c8d329b8d9a77d7f","fg0065","1","fg0065","fg0458","fg0281","fg0418","fg0041","fg0634","fg0534","fg0389","fg0770","fg0633","fg0821","fg0872","fg0084","fg0686","fg0758","fg0984","fg0328","fg0859","fg0733","fg0252"
"fq000341","vx_c8d329b8d9a77d7f","fg0065","1","fg0065","fg0362","fg0040","fg0316","fg0458","fg0841","fg0996","fg0389","fg0079","fg0411","fg0426","fg0260","fg0491","fg0113","fg0733","fg0115","fg0041","fg0465","fg0686","fg0690"
"fq000342","vx_c8d329b8d9a77d7f","fg0065","1","fg0065","fg0458","fg0281","fg0418","fg0041","fg0634","fg0389","fg0534","fg0821","fg0686","fg0633","fg0770","fg0872","fg0984","fg0859","fg0733","fg0209","fg0758","fg0328","fg0113"
"fq000343","vx_c8d329b8d9a77d7f","fg0065","1","fg0065","fg0458","fg0281","fg0041","fg0418","fg0634","fg0770","fg0984","fg0821","fg0534","fg0686","fg0758","fg0084","fg0298","fg0328","fg0859","fg0633","fg0783","fg0087","fg0872"
"fq000344","vx_c8d329b8d9a77d7f","fg0065","1","fg0065","fg0458","fg0281","fg0041","fg0418","fg0634","fg0534","fg0770","fg0984","fg0821","fg0686","fg0633","fg0859","fg0328","fg0087","fg0872","fg0758","fg0298","fg0783","fg0084"
"fq000345","vx_9a596b183b88f0ba","fg0066","1","fg0066","fg0678","fg0836","fg0228","fg0370","fg0489","fg0850","fg0845","fg0578","fg0575","fg0871","fg0080","fg0324","fg0381","fg0604","fg0006","fg0030","fg0758","fg0355","fg0787"
"fq000346","vx_9a596b183b88f0ba","fg0066","1","fg0066","fg0678","fg0228","fg0836","fg0578","fg0845","fg0370","fg0489","fg0850","fg0575","fg0871","fg0080","fg0683","fg0324","fg0720","fg0311","fg0162","fg0465","fg0971","fg0876"
"fq000347","vx_9a596b183b88f0ba","fg0066","1","fg0066","fg0678","fg0836","fg0370","fg0228","fg0578","fg0845","fg0850","fg0489","fg0575","fg0871","fg0080","fg0381","fg0324","fg0720","fg0006","fg0604","fg0758","fg0030","fg0021"
"fq000348","vx_64db29bf79573cc2","fg0067","1","fg0067","fg0833","fg0594","fg0515","fg0658","fg0330","fg0436","fg0553","fg0758","fg0564","fg0340","fg0125","fg0633","fg0913","fg0573","fg0468","fg0916","fg0439","fg0637","fg0657"
"fq000349","vx_64db29bf79573cc2","fg0067","1","fg0067","fg0833","fg0594","fg0037","fg0822","fg0533","fg0886","fg0564","fg0340","fg0658","fg0515","fg0547","fg0062","fg0330","fg0588","fg0180","fg0024","fg0811","fg0744","fg0521"
"fq000350","vx_64db29bf79573cc2","fg0067","1","fg0067","fg0833","fg0594","fg0658","fg0515","fg0553","fg0564","fg0340","fg0330","fg0436","fg0573","fg0125","fg0758","fg0637","fg0657","fg0882","fg0633","fg0916","fg0744","fg0023"
"fq000351","vx_64db29bf79573cc2","fg0067","1","fg0067","fg0833","fg0594","fg0515","fg0658","fg0020","fg0553","fg0470","fg0340","fg0174","fg0637","fg0330","fg0468","fg0573","fg0436","fg0564","fg0913","fg0916","fg0657","fg0242"
"fq000352","vx_64db29bf79573cc2","fg0067","1","fg0067","fg0833","fg0594","fg0515","fg0564","fg0553","fg0125","fg0637","fg0330","fg0658","fg0340","fg0441","fg0915","fg0916","fg0077","fg0761","fg0863","fg0436","fg0592","fg0758"
"fq000353","vx_64db29bf79573cc2","fg0067","1","fg0067","fg0833","fg0594","fg0658","fg0515","fg0553","fg0330","fg0564","fg0340","fg0882","fg0573","fg0633","fg0657","fg0439","fg0125","fg0436","fg0916","fg0913","fg0908","fg0468"
"fq000354","vx_64db29bf79573cc2","fg0067","1","fg0067","fg0833","fg0594","fg0515","fg0658","fg0330","fg0436","fg0553","fg0758","fg0564","fg0340","fg0633","fg0125","fg0913","fg0573","fg0468","fg0916","fg0439","fg0637","fg0657"
"fq000355","vx_64db29bf79573cc2","fg0067","1","fg0067","fg0833","fg0594","fg0658","fg0515","fg0553","fg0330","fg0564","fg0436","fg0340","fg0573","fg0882","fg0468","fg0125","fg0439","fg0913","fg0637","fg0633","fg0657","fg0758"
"fq000356","vx_e8629e0cef8d1ad1","fg0068","1","fg0068","fg0360","fg0600","fg0670","fg0594","fg0820","fg0605","fg0482","fg0336","fg0119","fg0447","fg0418","fg0335","fg0435","fg0154","fg0991","fg0802","fg0460","fg0025","fg0855"
"fq000357","vx_5d68590dff658b3c","fg0069","1","fg0069","fg0254","fg0994","fg0877","fg0431","fg0245","fg0078","fg0514","fg0347","fg0483","fg0560","fg0641","fg0825","fg0405","fg0973","fg0264","fg0194","fg0535","fg0298","fg0278"
"fq000358","vx_5d68590dff658b3c","fg0069","1","fg0069","fg0994","fg0254","fg0877","fg0431","fg0245","fg0078","fg0514","fg0973","fg0347","fg0560","fg0278","fg0641","fg0483","fg0825","fg0264","fg0331","fg0723","fg0398","fg0328"
"fq000359","vx_73e84c62615cf115","fg0070","1","fg0070","fg0481","fg0510","fg0978","fg0156","fg0715","fg0120","fg0483","fg0997","fg0203","fg0264","fg0326","fg0896","fg0508","fg0308","fg0670","fg0912","fg0484","fg0713","fg0554"
"fq000360","vx_73e84c62615cf115","fg0070","1","fg0070","fg0912","fg0481","fg0156","fg0837","fg0308","fg0218","fg0978","fg0665","fg0508","fg0811","fg0715","fg0857","fg0778","fg0881","fg0031","fg0553","fg0118","fg0713","fg0348"
"fq000361","vx_73e84c62615cf115","fg0070","1","fg0070","fg0912","fg0715","fg0118","fg0201","fg0400","fg0226","fg0629","fg0057","fg0978","fg0276","fg0171","fg0655","fg0985","fg0811","fg0661","fg0881","fg0461","fg0120","fg0713"
"fq000362","vx_73e84c62615cf115","fg0070","1","fg0070","fg0912","fg0978","fg0715","fg0803","fg0448","fg0713","fg0811","fg0120","fg0006","fg0881","fg0392","fg0553","fg0323","fg0508","fg0829","fg0156","fg0887","fg0266","fg0592"
"fq000363","vx_5bad01e92f5ce422","fg0071","1","fg0071","fg0843","fg0352","fg0656","fg0732","fg0083","fg0247","fg0198","fg0852","fg0744","fg0365","fg0821","fg0712","fg0154","fg0622","fg0295","fg0015","fg0340","fg0569","fg0902"
"fq000364","vx_5bad01e92f5ce422","fg0071","1","fg0071","fg0843","fg0352","fg0821","fg0712","fg0083","fg0852","fg0744","fg0015","fg0656","fg0732","fg0525","fg0099","fg0365","fg0569","fg0567","fg0897","fg0810","fg0247","fg0734"
"fq000365","vx_9c51cdf21b9bcc40","fg0072","1","fg0072","fg0357","fg0680","fg0792","fg0206","fg0457","fg0516","fg0091","fg0752","fg0176","fg0200","fg0129","fg0158","fg0232","fg0033","fg0882","fg0044","fg0581","fg0163","fg0909"
"fq000366","vx_9c51cdf21b9bcc40","fg0072","1","fg0072","fg0680","fg0792","fg0357","fg0091","fg0457","fg0044","fg0206","fg0200","fg0033","fg0176","fg0232","fg0514","fg0129","fg0949","fg0925","fg0516","fg0752","fg0909","fg0785"
"fq000367","vx_9c51cdf21b9bcc40","fg0072","1","fg0072","fg0680","fg0357","fg0792","fg0457","fg0206","fg0091","fg0232","fg0044","fg0200","fg0752","fg0176","fg0516","fg0909","fg0915","fg0129","fg0785","fg0731","fg0336","fg0033"
"fq000368","vx_9c51cdf21b9bcc40","fg0072","1","fg0072","fg0357","fg0680","fg0206","fg0792","fg0457","fg0516","fg0176","fg0752","fg0091","fg0129","fg0158","fg0785","fg0200","fg0969","fg0901","fg0079","fg0033","fg0154","fg0600"
"fq000369","vx_f08bc5a8ce5b48d6","fg0073","6","fg0364","fg0231","fg0926","fg0840","fg0944","fg0073","fg0341","fg0487","fg0345","fg0146","fg0372","fg0568","fg0574","fg0508","fg0290","fg0915","fg0583","fg0765","fg0263","fg0490"
"fq000370","vx_05e7b6f00cb33be9","fg0074","1","fg0074","fg0806","fg0369","fg0800","fg0415","fg0838","fg0270","fg0637","fg0109","fg0669","fg0344","fg0844","fg0184","fg0581","fg0443","fg0670","fg0223","fg0423","fg0853","fg0570"
"fq000371","vx_b6b3e47aa51b2371","fg0075","1","fg0075","fg0549","fg0272","fg0552","fg0638","fg0471","fg0681","fg0830","fg0536","fg0781","fg0457","fg0382","fg0538","fg0469","fg0413","fg0110","fg0248","fg0318","fg0342","fg1000"
"fq000372","vx_b6b3e47aa51b2371","fg0075","1","fg0075","fg0549","fg0681","fg0552","fg0471","fg0638","fg0781","fg0536","fg0272","fg0830","fg0457","fg0382","fg0538","fg0413","fg0469","fg0318","fg1000","fg0110","fg0248","fg0342"
"fq000373","vx_b6b3e47aa51b2371","fg0075","1","fg0075","fg0549","fg0681","fg0552","fg0638","fg0471","fg0536","fg0272","fg0830","fg0781","fg0457","fg0382","fg0538","fg0413","fg0469","fg0318","fg1000","fg0248","fg0110","fg0492"
"fq000374","vx_b6b3e47aa51b2371","fg0075","1","fg0075","fg0549","fg0681","fg0552","fg0638","fg0536","fg0471","fg0781","fg0272","fg0830","fg0457","fg0382","fg0538","fg0413","fg0469","fg0318","fg1000","fg0492","fg0248","fg0110"
"fq000375","vx_b6b3e47aa51b2371","fg0075","16","fg0722","fg0945","fg0801","fg0102","fg0648","fg0941","fg0501","fg0192","fg0471","fg0043","fg0996","fg0136","fg0910","fg0956","fg0552","fg0075","fg0385","fg0549","fg0610","fg0272"
"fq000376","vx_b6b3e47aa51b2371","fg0075","1","fg0075","fg0549","fg0681","fg0781","fg0552","fg0638","fg0536","fg0471","fg0272","fg0830","fg0457","fg0382","fg0538","fg0413","fg0469","fg0318","fg1000","fg0121","fg0248","fg0492"
"fq000377","vx_b6b3e47aa51b2371","fg0075","1","fg0075","fg0549","fg0681","fg0471","fg0638","fg0272","fg0781","fg0552","fg0536","fg0830","fg0457","fg0538","fg0382","fg0413","fg0469","fg1000","fg0318","fg0492","fg0248","fg0110"
"fq000378","vx_b6b3e47aa51b2371","fg0075","1","fg0075","fg0549","fg0471","fg0272","fg0552","fg0830","fg0638","fg0681","fg0457","fg0781","fg0536","fg0538","fg0382","fg0131","fg0469","fg0413","fg0667","fg0863","fg0262","fg0301"
"fq000379","vx_34db91f4c2e6d37a","fg0076","1","fg0076","fg0885","fg0130","fg0294","fg0569","fg0879","fg0488","fg0466","fg0186","fg0289","fg0705","fg0632","fg0415","fg0581","fg0701","fg0635","fg0074","fg0670","fg0425","fg0202"
"fq000380","vx_34db91f4c2e6d37a","fg0076","1","fg0076","fg0879","fg0289","fg0186","fg0885","fg0980","fg0901","fg0636","fg0020","fg0774","fg0174","fg0142","fg0506","fg0470","fg0391","fg0853","fg0896","fg0112","fg0959","fg0570"
"fq000381","vx_34db91f4c2e6d37a","fg0076","1","fg0076","fg0879","fg0289","fg0186","fg0885","fg0901","fg0774","fg0636","fg0391","fg0146","fg0174","fg0020","fg0142","fg0324","fg0449","fg0624","fg0377","fg0726","fg0569","fg0466"
"fq000382","vx_34db91f4c2e6d37a","fg0076","1","fg0076","fg0879","fg0289","fg0186","fg0885","fg0774","fg0636","fg0901","fg0391","fg0146","fg0142","fg0020","fg0174","fg0324","fg0449","fg0466","fg0377","fg0701","fg0357","fg0773"
"fq000383","vx_34db91f4c2e6d37a","fg0076","15","fg0635","fg0581","fg0116","fg0670","fg0949","fg0984","fg0202","fg0961","fg0617","fg0425","fg0909","fg0828","fg0415","fg0511","fg0076","fg0223","fg0915","fg0242","fg0731","fg0440"
"fq000384","vx_34db91f4c2e6d37a","fg0076","1","fg0076","fg0879","fg0289","fg0186","fg0885","fg0774","fg0901","fg0636","fg0146","fg0142","fg0391","fg0449","fg0174","fg0020","fg0377","fg0466","fg0357","fg0324","fg0624","fg0569"
"fq000385","vx_34db91f4c2e6d37a","fg0076","1","fg0076","fg0879","fg0289","fg0186","fg0885","fg0774","fg0636","fg0901","fg0146","fg0391","fg0142","fg0020","fg0174","fg0466","fg0701","fg0324","fg0569","fg0449","fg0377","fg0773"
"fq000386","vx_34db91f4c2e6d37a","fg0076","1","fg0076","fg0879","fg0186","fg0289","fg0885","fg0774","fg0636","fg0466","fg0449","fg0901","fg0377","fg0146","fg0142","fg0293","fg0130","fg0632","fg0569","fg0701","fg0294","fg0357"
"fq000387","vx_34db91f4c2e6d37a","fg0076","1","fg0076","fg0879","fg0289","fg0186","fg0885","fg0774","fg0636","fg0901","fg0146","fg0142","fg0466","fg0632","fg0701","fg0357","fg0391","fg0449","fg0130","fg0488","fg0917","fg0569"
"fq000388","vx_34db91f4c2e6d37a","fg0076","1","fg0076","fg0879","fg0289","fg0186","fg0885","fg0901","fg0774","fg0636","fg0391","fg0020","fg0142","fg0174","fg0146","fg0969","fg0324","fg0449","fg0624","fg0377","fg0726","fg0293"
"fq000389","vx_34db91f4c2e6d37a","fg0076","138","fg0925","fg0529","fg0667","fg0023","fg0527","fg0949","fg0972","fg0915","fg0121","fg0109","fg0961","fg0242","fg0731","fg0491","fg0422","fg0761","fg0909","fg0175","fg0581","fg0506"
"fq000390","vx_34db91f4c2e6d37a","fg0076","1","fg0076","fg0879","fg0289","fg0186","fg0885","fg0774","fg0636","fg0901","fg0146","fg0142","fg0391","fg0174","fg0449","fg0020","fg0377","fg0466","fg0357","fg0569","fg0130","fg0726"
"fq000391","vx_34db91f4c2e6d37a","fg0076","1","fg0076","fg0879","fg0289","fg0186","fg0885","fg0774","fg0901","fg0636","fg0391","fg0146","fg0293","fg0570","fg0142","fg0020","fg0466","fg0200","fg0077","fg0726","fg0344","fg0569"
"fq000392","vx_34db91f4c2e6d37a","fg0076","1","fg0076","fg0879","fg0186","fg0289","fg0885","fg0774","fg0901","fg0636","fg0146","fg0391","fg0020","fg0142","fg0174","fg0466","fg0293","fg0969","fg0449","fg0569","fg0200","fg0570"
"fq000393","vx_5a806020bbb23d67","fg0077","14","fg0125","fg0637","fg0701","fg0978","fg0462","fg0181","fg0055","fg0106","fg0695","fg0405","fg0632","fg0237","fg0211","fg0077","fg0193","fg0566","fg0104","fg0299","fg0977","fg0005"
"fq000394","vx_b5d3a8c5e187b980","fg0078","1","fg0078","fg0593","fg0245","fg0877","fg0937","fg0254","fg0234","fg0111","fg0069","fg0189","fg0251","fg0009","fg0717","fg0994","fg0772","fg0807","fg0137","fg0310","fg0938","fg0649"
"fq000395","vx_b5d3a8c5e187b980","fg0078","1","fg0078","fg0593","fg0937","fg0245","fg0877","fg0772","fg0251","fg0069","fg0254","fg0717","fg0994","fg0807","fg0234","fg0111","fg0189","fg0943","fg0009","fg0797","fg0894","fg0649"
"fq000396","vx_b5d3a8c5e187b980","fg0078","1","fg0078","fg0593","fg0937","fg0877","fg0245","fg0251","fg0234","fg0069","fg0189","fg0717","fg0254","fg0111","fg0994","fg0009","fg0772","fg0807","fg0137","fg0931","fg0627","fg0266"
"fq000397","vx_0e82dc4a2cee5420","fg0079","2","fg0969","fg0079","fg0336","fg0447","fg0635","fg0317","fg0116","fg0746","fg0059","fg0686","fg0600","fg0783","fg0585","fg0287","fg0920","fg0991","fg0597","fg0853","fg0453","fg0176"
"fq000398","vx_0e82dc4a2cee5420","fg0079","2","fg0969","fg0079","fg0336","fg0447","fg0317","fg0059","fg0746","fg0600","fg0802","fg0104","fg0783","fg0176","fg0585","fg0991","fg0591","fg0287","fg0727","fg0686","fg0920","fg0787"
"fq000399","vx_0e82dc4a2cee5420","fg0079","2","fg0969","fg0079","fg0336","fg0680","fg0447","fg0104","fg0317","fg0727","fg0059","fg0591","fg0991","fg0600","fg0778","fg0792","fg0706","fg0802","fg0176","fg0910","fg0158","fg0863"
"fq000400","vx_0e82dc4a2cee5420","fg0079","2","fg0969","fg0079","fg0336","fg0447","fg0059","fg0317","fg0176","fg0802","fg0680","fg0991","fg0104","fg0600","fg0783","fg0572","fg0601","fg0727","fg0287","fg0787","fg0158","fg0910"
"fq000401","vx_0e82dc4a2cee5420","fg0079","2","fg0969","fg0079","fg0336","fg0447","fg0746","fg0317","fg0059","fg0635","fg0783","fg0116","fg0600","fg0686","fg0287","fg0991","fg0597","fg0920","fg0453","fg0176","fg0787","fg0585"
"fq000402","vx_26e242d9ec2d1897","fg0080","164","fg0751","fg0980","fg0833","fg0506","fg0215","fg0049","fg0175","fg0656","fg0067","fg0616","fg0427","fg0882","fg0263","fg0831","fg0936","fg0170","fg0728","fg0253","fg0561","fg0737"
"fq000403","vx_26e242d9ec2d1897","fg0080","266","fg0426","fg0745","fg0306","fg0857","fg0790","fg0778","fg0551","fg0215","fg0619","fg0833","fg0936","fg0335","fg0079","fg0958","fg0490","fg0411","fg0260","fg0176","fg0024","fg0980"
"fq000404","vx_26e242d9ec2d1897","fg0080","185","fg0426","fg0745","fg0833","fg0936","fg0067","fg0215","fg0551","fg0857","fg0778","fg0049","fg0958","fg0882","fg0980","fg0299","fg0616","fg0653","fg0499","fg0385","fg0411","fg0761"
"fq000405","vx_26e242d9ec2d1897","fg0080","131","fg0215","fg0833","fg0067","fg0165","fg0936","fg0107","fg0616","fg0263","fg0882","fg0340","fg0049","fg0011","fg0429","fg0170","fg0420","fg0459","fg0259","fg0615","fg0253","fg0427"
"fq000406","vx_26e242d9ec2d1897","fg0080","654","fg0802","fg0833","fg0215","fg0317","fg0820","fg0447","fg0067","fg0601","fg0263","fg0531","fg0259","fg0610","fg0435","fg0119","fg0429","fg0230","fg0309","fg0049","fg0145","fg0165"
"fq000407","vx_26e242d9ec2d1897","fg0080","217","fg0067","fg0936","fg0833","fg0215","fg0426","fg0340","fg0882","fg0263","fg0049","fg0745","fg0170","fg0241","fg0011","fg0778","fg0551","fg0616","fg0427","fg0857","fg0422","fg0653"
"fq000408","vx_26e242d9ec2d1897","fg0080","121","fg0833","fg0215","fg0980","fg0506","fg0067","fg0936","fg0049","fg0175","fg0882","fg0616","fg0165","fg0751","fg0170","fg0253","fg0107","fg0831","fg0656","fg0263","fg0427","fg0011"
"fq000409","vx_26e242d9ec2d1897","fg0080","461","fg0426","fg0411","fg0316","fg0491","fg0362","fg0079","fg0841","fg0745","fg0040","fg0260","fg0778","fg0687","fg0958","fg0996","fg0857","fg0790","fg0667","fg0814","fg0533","fg0695"
"fq000410","vx_26e242d9ec2d1897","fg0080","114","fg0833","fg0067","fg0215","fg0049","fg0751","fg0882","fg0170","fg0340","fg0616","fg0011","fg0253","fg0427","fg0046","fg0222","fg0844","fg0486","fg0165","fg0263","fg0107","fg0259"
"fq000411","vx_26e242d9ec2d1897","fg0080","106","fg0980","fg0506","fg0896","fg0767","fg0761","fg0175","fg0145","fg0433","fg0056","fg0133","fg0112","fg0957","fg0814","fg0656","fg0490","fg0499","fg0156","fg0776","fg0978","fg0936"
"fq000412","vx_7f2b2bc2af4b2eaa","fg0081","1","fg0081","fg0729","fg0013","fg0099","fg0721","fg0525","fg0897","fg0420","fg0775","fg0046","fg0671","fg0119","fg0957","fg0114","fg0419","fg0630","fg0492","fg0348","fg0538","fg0773"
"fq000413","vx_7f2b2bc2af4b2eaa","fg0081","1","fg0081","fg0729","fg0013","fg0099","fg0985","fg0171","fg0715","fg0419","fg0276","fg0629","fg0775","fg0348","fg0721","fg0769","fg0525","fg0006","fg0070","fg0912","fg0403","fg0940"
"fq000414","vx_26d7005a01be9ad4","fg0082","1","fg0082","fg0716","fg0719","fg0263","fg0161","fg0372","fg0307","fg0586","fg0828","fg0235","fg0788","fg0177","fg0045","fg0670","fg0804","fg0982","fg0328","fg0519","fg0580","fg0255"
"fq000415","vx_9c6635cec8ccea45","fg0083","1","fg0083","fg0744","fg0352","fg0622","fg0247","fg0902","fg0037","fg0071","fg0689","fg0180","fg0564","fg0062","fg0822","fg0588","fg0018","fg0547","fg0679","fg0337","fg0533","fg0724"
"fq000416","vx_fde97f6260ab2b6e","fg0084","23","fg0980","fg0506","fg0561","fg0527","fg0896","fg0656","fg0305","fg0112","fg0761","fg0073","fg0313","fg0175","fg0541","fg0828","fg0243","fg0308","fg0345","fg0760","fg0333","fg0499"
"fq000417","vx_925cd2545ddebd5d","fg0085","64","fg0666","fg0896","fg0012","fg0038","fg0345","fg0506","fg0649","fg0978","fg0799","fg0832","fg0980","fg0862","fg0660","fg0305","fg0269","fg0225","fg0156","fg0291","fg0951","fg0656"
"fq000418","vx_b793adc39ba5832c","fg0086","1","fg0086","fg0550","fg0951","fg0864","fg0709","fg0410","fg0664","fg0676","fg0644","fg0594","fg0975","fg0401","fg0947","fg0720","fg0639","fg0988","fg0671","fg0354","fg0100","fg0626"
"fq000419","vx_b793adc39ba5832c","fg0086","1","fg0086","fg0550","fg0951","fg0864","fg0676","fg0644","fg0947","fg0975","fg0100","fg0410","fg0401","fg0655","fg0664","fg0639","fg0110","fg0204","fg0594","fg0709","fg0988","fg0029"
"fq000420","vx_b793adc39ba5832c","fg0086","1","fg0086","fg0550","fg0951","fg0864","fg0709","fg0410","fg0975","fg0720","fg0664","fg0639","fg0676","fg0401","fg0626","fg0100","fg0947","fg0644","fg0978","fg0029","fg0594","fg0812"
"fq000421","vx_b793adc39ba5832c","fg0086","1","fg0086","fg0550","fg0951","fg0864","fg0709","fg0410","fg0664","fg0626","fg0947","fg0594","fg0676","fg0671","fg0639","fg0354","fg0988","fg0661","fg0051","fg0364","fg0029","fg0401"
"fq000422","vx_b793adc39ba5832c","fg0086","1","fg0086","fg0951","fg0868","fg0864","fg0550","fg0385","fg0675","fg0778","fg0490","fg0857","fg0200","fg0664","fg0936","fg0551","fg0204","fg0745","fg0024","fg0354","fg0436","fg0553"
"fq000423","vx_b793adc39ba5832c","fg0086","1","fg0086","fg0550","fg0951","fg0864","fg0709","fg0676","fg0664","fg0639","fg0410","fg0644","fg0978","fg0988","fg0594","fg0720","fg0354","fg0029","fg0100","fg0975","fg0947","fg0626"
"fq000424","vx_b793adc39ba5832c","fg0086","1","fg0086","fg0550","fg0951","fg0864","fg0626","fg0978","fg0594","fg0100","fg0709","fg0720","fg0204","fg0188","fg0661","fg0812","fg0664","fg0364","fg0159","fg0582","fg0975","fg0791"
"fq000425","vx_b793adc39ba5832c","fg0086","1","fg0086","fg0550","fg0951","fg0864","fg0709","fg0664","fg0410","fg0947","fg0676","fg0639","fg0671","fg0975","fg0354","fg0720","fg0401","fg0029","fg0594","fg0626","fg0644","fg0988"
"fq000426","vx_b793adc39ba5832c","fg0086","1","fg0086","fg0550","fg0951","fg0864","fg0975","fg0639","fg0644","fg0619","fg0401","fg0655","fg0720","fg0100","fg0709","fg0110","fg0410","fg0306","fg0204","fg0676","fg0947","fg0598"
"fq000427","vx_b793adc39ba5832c","fg0086","1","fg0086","fg0550","fg0951","fg0864","fg0709","fg0664","fg0410","fg0676","fg0947","fg0639","fg0671","fg0354","fg0975","fg0720","fg0401","fg0594","fg0029","fg0626","fg0644","fg0988"
"fq000428","vx_b793adc39ba5832c","fg0086","445","fg0978","fg0156","fg0308","fg0120","fg0815","fg0778","fg0006","fg0745","fg0955","fg0467","fg0735","fg0857","fg0868","fg0372","fg0508","fg0483","fg0551","fg0912","fg0385","fg0264"
"fq000429","vx_b793adc39ba5832c","fg0086","1","fg0086","fg0550","fg0951","fg0864","fg0709","fg0410","fg0676","fg0664","fg0975","fg0639","fg0671","fg0988","fg0644","fg0354","fg0594","fg0947","fg0029","fg0720","fg0401","fg0100"
"fq000430","vx_b793adc39ba5832c","fg0086","34","fg0778","fg0868","fg0857","fg0815","fg0675","fg0159","fg0812","fg0591","fg0308","fg0551","fg0372","fg0402","fg0467","fg0978","fg0582","fg0791","fg0553","fg0188","fg0448","fg0264"
"fq000431","vx_b793adc39ba5832c","fg0086","1","fg0086","fg0550","fg0951","fg0864","fg0709","fg0410","fg0401","fg0975","fg0664","fg0720","fg0639","fg0594","fg0644","fg0364","fg0676","fg0100","fg0626","fg0204","fg0354","fg0947"
"fq000432","vx_b793adc39ba5832c","fg0086","1","fg0086","fg0550","fg0951","fg0864","fg0709","fg0664","fg0594","fg0410","fg0644","fg0626","fg0676","fg0947","fg0401","fg0975","fg0100","fg0639","fg0720","fg0354","fg0036","fg0204"
"fq000433","vx_b793adc39ba5832c","fg0086","1","fg0086","fg0550","fg0951","fg0864","fg0676","fg0644","fg0100","fg0410","fg0720","fg0975","fg0709","fg0594","fg0401","fg0639","fg0655","fg0204","fg0664","fg0947","fg0036","fg0988"
"fq000434","vx_b793adc39ba5832c","fg0086","373","fg0978","fg0159","fg0815","fg0402","fg0747","fg0264","fg0308","fg0942","fg0582","fg0372","fg0156","fg0120","fg0006","fg0483","fg0811","fg0935","fg0868","fg0915","fg0583","fg0812"
"fq000435","vx_b793adc39ba5832c","fg0086","1","fg0086","fg0550","fg0864","fg0951","fg0978","fg0709","fg0947","fg0551","fg0857","fg0676","fg0639","fg0410","fg0975","fg0364","fg0619","fg0204","fg0024","fg0006","fg0296","fg0100"
"fq000436","vx_b793adc39ba5832c","fg0086","259","fg0815","fg0980","fg0675","fg0133","fg0747","fg0506","fg0656","fg0308","fg0812","fg0156","fg0264","fg0112","fg0486","fg0159","fg0831","fg0175","fg0935","fg0745","fg0766","fg0483"
"fq000437","vx_b793adc39ba5832c","fg0086","1","fg0086","fg0550","fg0864","fg0951","fg0441","fg0632","fg0509","fg0188","fg0112","fg0790","fg0886","fg0978","fg0931","fg0988","fg0659","fg0225","fg0667","fg0915","fg0085","fg0133"
"fq000438","vx_b793adc39ba5832c","fg0086","1","fg0086","fg0550","fg0951","fg0864","fg0709","fg0978","fg0720","fg0410","fg0639","fg0676","fg0664","fg0626","fg0812","fg0947","fg0644","fg0975","fg0100","fg0364","fg0594","fg0029"
"fq000439","vx_b793adc39ba5832c","fg0086","1","fg0086","fg0550","fg0951","fg0864","fg0709","fg0664","fg0410","fg0676","fg0639","fg0594","fg0644","fg0947","fg0988","fg0354","fg0720","fg0975","fg0110","fg0401","fg0671","fg0029"
"fq000440","vx_ec45594c19d7728c","fg0087","1","fg0087","fg0205","fg0224","fg0480","fg0248","fg0049","fg0119","fg0418","fg0577","fg0534","fg0281","fg0409","fg0259","fg0921","fg0065","fg0827","fg0681","fg0702","fg0600","fg0552"
"fq000441","vx_ec45594c19d7728c","fg0087","1","fg0087","fg0224","fg0205","fg0248","fg0480","fg0049","fg0119","fg0259","fg0577","fg0409","fg0534","fg0418","fg0921","fg0552","fg0827","fg0600","fg0075","fg0681","fg0486","fg0597"
"fq000442","vx_127a67a63bdbf60e","fg0088","1","fg0088","fg0048","fg0924","fg0829","fg0634","fg0826","fg0493","fg0193","fg0466","fg0095","fg0462","fg0336","fg0277","fg0962","fg0893","fg0488","fg0458","fg0891","fg0605","fg0443"
"fq000443","vx_352c9a6f701b6bcd","fg0089","55","fg0434","fg0043","fg0801","fg0102","fg0941","fg0192","fg0648","fg0305","fg0980","fg0815","fg0722","fg0945","fg0501","fg0385","fg0112","fg0761","fg0910","fg0433","fg0838","fg0812"
"fq000444","vx_352c9a6f701b6bcd","fg0089","21","fg0172","fg0935","fg0991","fg0386","fg0748","fg0229","fg0608","fg0815","fg0920","fg0310","fg0325","fg0208","fg0486","fg0812","fg0873","fg0428","fg0434","fg0406","fg0128","fg0707"
"fq000445","vx_352c9a6f701b6bcd","fg0089","1","fg0089","fg0208","fg0339","fg0363","fg0477","fg0265","fg0815","fg0980","fg0893","fg0434","fg0935","fg0812","fg0762","fg0238","fg0486","fg0493","fg0957","fg0454","fg0314","fg0887"
"fq000446","vx_352c9a6f701b6bcd","fg0089","1","fg0089","fg0265","fg0208","fg0762","fg0339","fg0363","fg0477","fg0991","fg0748","fg0935","fg0893","fg0172","fg0242","fg0440","fg0647","fg0815","fg0628","fg0739","fg0379","fg0529"
"fq000447","vx_352c9a6f701b6bcd","fg0089","41","fg0991","fg0425","fg0386","fg0325","fg0229","fg0750","fg0920","fg0935","fg0406","fg0546","fg0608","fg0748","fg0172","fg0880","fg0669","fg0408","fg0208","fg0039","fg0290","fg0787"
"fq000448","vx_352c9a6f701b6bcd","fg0089","60","fg0667","fg0761","fg0343","fg0435","fg0500","fg0483","fg0822","fg0896","fg0798","fg0978","fg0405","fg0161","fg0444","fg0308","fg0539","fg0491","fg0227","fg0612","fg0790","fg0815"
"fq000449","vx_95dddc8dddaa6062","fg0090","5","fg0869","fg0032","fg0986","fg0150","fg0090","fg0847","fg0860","fg0103","fg0718","fg0583","fg0258","fg0417","fg0786","fg0763","fg0922","fg0807","fg0525","fg0281","fg0224","fg0858"
"fq000450","vx_95dddc8dddaa6062","fg0090","2","fg0103","fg0090","fg0869","fg0986","fg0032","fg0847","fg0331","fg0258","fg0150","fg0583","fg0860","fg0718","fg0878","fg0154","fg0318","fg0305","fg0980","fg0695","fg0021","fg0260"
"fq000451","vx_95dddc8dddaa6062","fg0090","2","fg0869","fg0090","fg0103","fg0986","fg0032","fg0847","fg0150","fg0258","fg0860","fg0583","fg0718","fg0798","fg0417","fg0612","fg0763","fg0786","fg0483","fg0003","fg0667","fg0922"
"fq000452","vx_0bd36a795e62e4b6","fg0091","1","fg0091","fg0044","fg0514","fg0246","fg0462","fg0386","fg0221","fg0499","fg0925","fg0824","fg0949","fg0961","fg0270","fg0465","fg0796","fg0972","fg0572","fg0072","fg0423","fg0392"
"fq000453","vx_0bd36a795e62e4b6","fg0091","1","fg0091","fg0044","fg0514","fg0246","fg0925","fg0462","fg0972","fg0221","fg0524","fg0949","fg0842","fg0465","fg0072","fg0632","fg0778","fg0386","fg0200","fg0857","fg0961","fg0781"
"fq000454","vx_da7c5c4328e5d25f","fg0092","1","fg0092","fg0909","fg0796","fg0545","fg0820","fg0904","fg0216","fg0802","fg0968","fg0486","fg0287","fg0435","fg0325","fg0333","fg0783","fg0274","fg0711","fg0842","fg0873","fg0209"
"fq000455","vx_da7c5c4328e5d25f","fg0092","1","fg0092","fg0909","fg0968","fg0486","fg0904","fg0820","fg0796","fg0802","fg0545","fg0205","fg0216","fg0600","fg0287","fg0525","fg0711","fg0435","fg0583","fg0869","fg0690","fg0624"
"fq000456","vx_da7c5c4328e5d25f","fg0092","1","fg0092","fg0909","fg0796","fg0904","fg0486","fg0820","fg0545","fg0869","fg0624","fg0333","fg0968","fg0216","fg0371","fg0325","fg0802","fg0224","fg0900","fg0873","fg0583","fg0679"
"fq000457","vx_da7c5c4328e5d25f","fg0092","1","fg0092","fg0909","fg0904","fg0796","fg0486","fg0545","fg0820","fg0216","fg0869","fg0274","fg0802","fg0525","fg0371","fg0224","fg0287","fg0325","fg0968","fg0900","fg0435","fg0583"
"fq000458","vx_da7c5c4328e5d25f","fg0092","1","fg0092","fg0869","fg0909","fg0986","fg0258","fg0032","fg0090","fg0103","fg0583","fg0796","fg0904","fg0525","fg0150","fg0847","fg0545","fg0820","fg0486","fg0860","fg0325","fg0435"
"fq000459","vx_da7c5c4328e5d25f","fg0092","1","fg0092","fg0909","fg0796","fg0904","fg0545","fg0486","fg0869","fg0820","fg0216","fg0325","fg0986","fg0287","fg0968","fg0583","fg0103","fg0802","fg0274","fg0090","fg0371","fg0624"
"fq000460","vx_da7c5c4328e5d25f","fg0092","1","fg0092","fg0909","fg0904","fg0820","fg0796","fg0968","fg0545","fg0216","fg0486","fg0802","fg0624","fg0869","fg0435","fg0287","fg0333","fg0583","fg0325","fg0274","fg0690","fg0915"
"fq000461","vx_da7c5c4328e5d25f","fg0092","1","fg0092","fg0869","fg0909","fg0224","fg0371","fg0103","fg0545","fg0090","fg0796","fg0986","fg0423","fg0900","fg0583","fg0331","fg0035","fg0417","fg0258","fg0904","fg0741","fg0032"
"fq000462","vx_da7c5c4328e5d25f","fg0092","1","fg0092","fg0909","fg0968","fg0486","fg0904","fg0820","fg0796","fg0600","fg0783","fg0802","fg0545","fg0287","fg0205","fg0690","fg0216","fg0624","fg0336","fg0711","fg0435","fg0274"
"fq000463","vx_da7c5c4328e5d25f","fg0092","3","fg0869","fg0258","fg0092","fg0986","fg0583","fg0032","fg0090","fg0909","fg0103","fg0150","fg0847","fg0486","fg0968","fg0796","fg0224","fg0860","fg0900","fg0904","fg0718","fg0624"
"fq000464","vx_da7c5c4328e5d25f","fg0092","1","fg0092","fg0909","fg0869","fg0796","fg0486","fg0986","fg0904","fg0820","fg0968","fg0583","fg0090","fg0103","fg0032","fg0545","fg0847","fg0150","fg0216","fg0287","fg0624","fg0802"
"fq000465","vx_da7c5c4328e5d25f","fg0092","1","fg0092","fg0486","fg0968","fg0333","fg0909","fg0624","fg0820","fg0873","fg0600","fg0205","fg0869","fg0904","fg0802","fg0371","fg0583","fg0423","fg0955","fg0525","fg0336","fg0103"
"fq000466","vx_da7c5c4328e5d25f","fg0092","1","fg0092","fg0909","fg0796","fg0904","fg0545","fg0869","fg0820","fg0986","fg0216","fg0224","fg0486","fg0583","fg0847","fg0090","fg0103","fg0032","fg0325","fg0900","fg0274","fg0802"
"fq000467","vx_da7c5c4328e5d25f","fg0092","1","fg0092","fg0909","fg0904","fg0796","fg0968","fg0545","fg0820","fg0486","fg0216","fg0900","fg0333","fg0371","fg0224","fg0287","fg0325","fg0624","fg0274","fg0802","fg0435","fg0741"
"fq000468","vx_da7c5c4328e5d25f","fg0092","2","fg0441","fg0092","fg0632","fg0915","fg0085","fg0909","fg0371","fg0900","fg0904","fg0796","fg0876","fg0981","fg0659","fg0545","fg0315","fg0502","fg0486","fg0820","fg0188","fg0749"
"fq000469","vx_da7c5c4328e5d25f","fg0092","1","fg0092","fg0909","fg0796","fg0545","fg0904","fg0216","fg0423","fg0820","fg0679","fg0325","fg0564","fg0224","fg0371","fg0915","fg0873","fg0486","fg0741","fg0499","fg0274","fg0333"
"fq000470","vx_da7c5c4328e5d25f","fg0092","2","fg0909","fg0092","fg0968","fg0796","fg0486","fg0820","fg0545","fg0904","fg0287","fg0690","fg0783","fg0216","fg0802","fg0435","fg0325","fg0600","fg0336","fg0624","fg0205","fg0711"
"fq000471","vx_da7c5c4328e5d25f","fg0092","1","fg0092","fg0909","fg0968","fg0486","fg0796","fg0904","fg0820","fg0545","fg0216","fg0624","fg0287","fg0333","fg0706","fg0325","fg0711","fg0690","fg0583","fg0869","fg0802","fg0435"
"fq000472","vx_da7c5c4328e5d25f","fg0092","1","fg0092","fg0909","fg0751","fg0802","fg0656","fg0333","fg0506","fg0486","fg0796","fg0331","fg0904","fg0175","fg0820","fg0545","fg0896","fg0499","fg0980","fg0869","fg0056","fg0900"
"fq000473","vx_da7c5c4328e5d25f","fg0092","1","fg0092","fg0909","fg0968","fg0486","fg0820","fg0904","fg0796","fg0287","fg0545","fg0600","fg0802","fg0216","fg0783","fg0690","fg0435","fg0624","fg0333","fg0711","fg0336","fg0205"
"fq000474","vx_da7c5c4328e5d25f","fg0092","6","fg0869","fg0986","fg0032","fg0847","fg0090","fg0092","fg0150","fg0103","fg0583","fg0909","fg0258","fg0860","fg0796","fg0904","fg0417","fg0718","fg0545","fg0820","fg0224","fg0763"
"fq000475","vx_da7c5c4328e5d25f","fg0092","2","fg0909","fg0092","fg0796","fg0486","fg0545","fg0904","fg0968","fg0820","fg0802","fg0333","fg0287","fg0216","fg0869","fg0783","fg0325","fg0435","fg0624","fg0274","fg0525","fg0986"
"fq000476","vx_da7c5c4328e5d25f","fg0092","1","fg0092","fg0909","fg0796","fg0904","fg0545","fg0820","fg0216","fg0968","fg0325","fg0287","fg0486","fg0274","fg0711","fg0435","fg0802","fg0915","fg0624","fg0209","fg0224","fg0333"
"fq000477","vx_da7c5c4328e5d25f","fg0092","6","fg0028","fg0927","fg0883","fg0412","fg0122","fg0092","fg0169","fg0482","fg0869","fg0435","fg0224","fg0796","fg0396","fg0909","fg0904","fg0371","fg0545","fg0878","fg0423","fg0741"
"fq000478","vx_da7c5c4328e5d25f","fg0092","1","fg0092","fg0909","fg0486","fg0904","fg0968","fg0525","fg0820","fg0869","fg0796","fg0802","fg0600","fg0810","fg0624","fg0583","fg0287","fg0545","fg0423","fg0127","fg0333","fg0783"
"fq000479","vx_da7c5c4328e5d25f","fg0092","2","fg0909","fg0092","fg0869","fg0796","fg0545","fg0986","fg0301","fg0103","fg0486","fg0847","fg0032","fg0904","fg0583","fg0258","fg0090","fg0820","fg0160","fg0216","fg0325","fg0863"
"fq000480","vx_ec587044a2b060de","fg0093","1","fg0093","fg0098","fg0965","fg0586","fg0964","fg0236","fg0526","fg0235","fg0257","fg0953","fg0400","fg0168","fg0114","fg0006","fg0658","fg0495","fg0584","fg0769","fg0813","fg0016"
"fq000481","vx_e31c6b7e7f776fdd","fg0094","4","fg0958","fg0133","fg0164","fg0094","fg0274","fg0902","fg0977","fg0250","fg0695","fg0064","fg0548","fg0331","fg0392","fg0206","fg0247","fg0888","fg0878","fg0905","fg0522","fg0964"
"fq000482","vx_e31c6b7e7f776fdd","fg0094","1","fg0094","fg0627","fg0519","fg0548","fg0992","fg0562","fg0173","fg0800","fg0034","fg0884","fg0250","fg0442","fg0050","fg0495","fg0799","fg0672","fg0729","fg0054","fg0958","fg0888"
"fq000483","vx_e31c6b7e7f776fdd","fg0094","1","fg0094","fg0627","fg0992","fg0519","fg0548","fg0495","fg0413","fg0442","fg0034","fg0173","fg0562","fg0868","fg0884","fg0800","fg0799","fg0054","fg0743","fg0479","fg0657","fg0964"
"fq000484","vx_e31c6b7e7f776fdd","fg0094","1","fg0094","fg0958","fg0133","fg0299","fg0274","fg0553","fg0164","fg0548","fg0695","fg0672","fg0562","fg0905","fg0522","fg0045","fg0902","fg0557","fg0144","fg0217","fg0103","fg0884"
"fq000485","vx_df935a8d6ad22c60","fg0095","25","fg0667","fg0491","fg0896","fg0421","fg0509","fg0687","fg0956","fg0761","fg0112","fg0305","fg0426","fg0996","fg0592","fg0798","fg0156","fg0978","fg0887","fg0316","fg0218","fg0607"
"fq000486","vx_df935a8d6ad22c60","fg0095","3","fg0887","fg0423","fg0095","fg0421","fg0331","fg0366","fg0815","fg0120","fg0035","fg0196","fg0218","fg0496","fg0073","fg0396","fg0271","fg0751","fg0812","fg0382","fg0798","fg0502"
"fq000487","vx_01ef6551e839a78f","fg0096","1","fg0096","fg0139","fg0230","fg0601","fg0212","fg0420","fg0429","fg0825","fg0685","fg0679","fg0788","fg0199","fg0554","fg0481","fg0653","fg0820","fg0216","fg0935","fg0166","fg1000"
"fq000488","vx_01ef6551e839a78f","fg0096","1","fg0096","fg0139","fg0230","fg0212","fg0601","fg0420","fg0429","fg0825","fg0685","fg0554","fg0788","fg0679","fg0199","fg0653","fg0481","fg0820","fg0166","fg0216","fg0215","fg1000"
"fq000489","vx_01ef6551e839a78f","fg0096","599","fg0490","fg0426","fg0672","fg0745","fg0050","fg0761","fg0846","fg0778","fg0857","fg0362","fg0996","fg0936","fg0156","fg0551","fg0837","fg0308","fg0385","fg0260","fg0527","fg0079"
"fq000490","vx_01ef6551e839a78f","fg0096","1","fg0096","fg0139","fg0230","fg0601","fg0212","fg0420","fg0429","fg0825","fg0685","fg0788","fg0554","fg0679","fg0199","fg0481","fg0820","fg0530","fg0166","fg0216","fg0935","fg1000"
"fq000491","vx_01ef6551e839a78f","fg0096","471","fg0156","fg0778","fg0490","fg0857","fg0175","fg0745","fg0385","fg0551","fg0308","fg0958","fg0506","fg0868","fg0936","fg0790","fg0306","fg0024","fg0435","fg0980","fg0460","fg0761"
"fq000492","vx_50386a85b3a23bcf","fg0097","1","fg0097","fg0368","fg0155","fg0786","fg0599","fg0184","fg0666","fg0954","fg0794","fg0797","fg0469","fg0851","fg0380","fg0353","fg0834","fg0652","fg0784","fg0038","fg0247","fg0152"
"fq000493","vx_50386a85b3a23bcf","fg0097","1","fg0097","fg0368","fg0184","fg0786","fg0155","fg0666","fg0652","fg0797","fg0169","fg0851","fg0599","fg0868","fg0954","fg0869","fg0274","fg0794","fg0958","fg0150","fg0052","fg0904"
"fq000494","vx_50386a85b3a23bcf","fg0097","28","fg0032","fg0869","fg0986","fg0150","fg0847","fg0090","fg0860","fg0103","fg0583","fg0718","fg0786","fg0258","fg0417","fg0763","fg0469","fg0922","fg0272","fg0251","fg0442","fg0014"
"fq000495","vx_2802d1ebbde328f5","fg0098","1","fg0098","fg0093","fg0965","fg0964","fg0586","fg0381","fg0168","fg0392","fg0929","fg0235","fg0236","fg0769","fg0795","fg0539","fg0661","fg0578","fg0850","fg0575","fg0476","fg0228"
"fq000496","vx_2802d1ebbde328f5","fg0098","163","fg0835","fg0241","fg0984","fg0757","fg0041","fg0258","fg0932","fg0686","fg0635","fg0367","fg0059","fg0654","fg0517","fg0885","fg0445","fg0697","fg0859","fg0415","fg0793","fg0513"
"fq000497","vx_7b970cf5c4f4201e","fg0099","1","fg0099","fg0897","fg0013","fg0748","fg0525","fg0721","fg0081","fg0682","fg0127","fg0810","fg0567","fg0729","fg0755","fg0555","fg0734","fg0775","fg0504","fg0439","fg0644","fg0310"
"fq000498","vx_c1be73c36b6959a3","fg0100","1","fg0100","fg0036","fg0782","fg0204","fg0024","fg0975","fg0917","fg0333","fg0676","fg0401","fg0246","fg0202","fg0707","fg0650","fg0375","fg0898","fg0777","fg0545","fg0551","fg0421"
"fq000499","vx_c1be73c36b6959a3","fg0100","87","fg0037","fg0588","fg0180","fg0018","fg0062","fg0547","fg0533","fg0379","fg0679","fg0541","fg0262","fg0073","fg0822","fg0724","fg0894","fg0811","fg0411","fg0665","fg0027","fg0031"
"fq000500","vx_c1be73c36b6959a3","fg0100","1","fg0100","fg0036","fg0204","fg0975","fg0401","fg0676","fg0655","fg0644","fg0421","fg0918","fg0545","fg0782","fg0314","fg0630","fg0400","fg0325","fg0951","fg0987","fg0329","fg0292"
"fq000501","vx_e2acb625cb43eb6e","fg0101","1","fg0101","fg0285","fg0249","fg0473","fg0319","fg0911","fg0796","fg0701","fg0248","fg0900","fg0145","fg0971","fg0760","fg0670","fg0074","fg0013","fg0890","fg0044","fg0185","fg0610"
"fq000502","vx_e2acb625cb43eb6e","fg0101","1","fg0101","fg0285","fg0249","fg0473","fg0319","fg0911","fg0185","fg0451","fg0760","fg0916","fg0414","fg0982","fg0183","fg0607","fg0685","fg0947","fg0851","fg0708","fg0867","fg0726"
"fq000503","vx_e2acb625cb43eb6e","fg0101","1","fg0101","fg0285","fg0249","fg0473","fg0319","fg0911","fg0185","fg0796","fg0760","fg0701","fg0013","fg0900","fg0971","fg0248","fg0044","fg0074","fg0145","fg0451","fg0209","fg0851"
"fq000504","vx_347305ed2e899c74","fg0102","319","fg0569","fg0309","fg0130","fg0653","fg0466","fg0885","fg0936","fg0844","fg0968","fg0752","fg0457","fg0389","fg0294","fg0333","fg0690","fg0170","fg0540","fg0232","fg0792","fg0680"
"fq000505","vx_347305ed2e899c74","fg0102","333","fg0130","fg0968","fg0569","fg0653","fg0690","fg0309","fg0333","fg0885","fg0327","fg0466","fg0680","fg0457","fg0389","fg0936","fg0844","fg0232","fg0752","fg0980","fg0792","fg0540"
"fq000506","vx_347305ed2e899c74","fg0102","780","fg0778","fg0976","fg0745","fg0308","fg0283","fg0857","fg0548","fg0884","fg0760","fg0936","fg0834","fg0734","fg0506","fg0561","fg0562","fg0034","fg0385","fg0156","fg0490","fg0958"
"fq000507","vx_347305ed2e899c74","fg0102","2","fg0722","fg0102","fg0136","fg0192","fg0648","fg0610","fg0801","fg0941","fg0945","fg0501","fg0956","fg0471","fg0385","fg0043","fg0996","fg0910","fg0309","fg0156","fg0130","fg0457"
"fq000508","vx_347305ed2e899c74","fg0102","692","fg0837","fg0031","fg0496","fg0218","fg0665","fg0522","fg0308","fg0118","fg0745","fg0761","fg0561","fg0405","fg0159","fg0778","fg0283","fg0225","fg0506","fg0156","fg0790","fg0976"
"fq000509","vx_6d1721510e99d518","fg0103","2","fg0090","fg0103","fg0869","fg0986","fg0032","fg0150","fg0847","fg0860","fg0583","fg0718","fg0258","fg0417","fg0786","fg0763","fg0922","fg0442","fg0798","fg0525","fg0331","fg0281"
"fq000510","vx_af5dd966603f9745","fg0104","1","fg0104","fg0802","fg0382","fg0997","fg0237","fg0317","fg0055","fg0695","fg0934","fg0299","fg0095","fg0538","fg0271","fg0203","fg0958","fg0135","fg0125","fg0950","fg0484","fg0133"
"fq000511","vx_697b617018111603","fg0105","1","fg0105","fg0004","fg0830","fg0901","fg0849","fg0570","fg0552","fg0694","fg0471","fg0457","fg0272","fg0075","fg0549","fg0443","fg0638","fg0232","fg0581","fg0725","fg0608","fg0409"
"fq000512","vx_5bf554f5524d0765","fg0106","1","fg0106","fg0907","fg0438","fg0211","fg0025","fg0334","fg0195","fg0591","fg0831","fg0191","fg0279","fg0314","fg0747","fg0976","fg0388","fg0002","fg0145","fg0300","fg0701","fg0766"
"fq000513","vx_6a919eddf8d64c1b","fg0107","1","fg0107","fg0165","fg0429","fg0459","fg0616","fg0230","fg0253","fg0833","fg0615","fg0215","fg0700","fg0602","fg0420","fg0222","fg0891","fg0472","fg0939","fg0610","fg0446","fg0113"
"fq000514","vx_6a919eddf8d64c1b","fg0107","1","fg0107","fg0165","fg0429","fg0616","fg0102","fg0648","fg0722","fg0941","fg0801","fg0459","fg0945","fg0501","fg0192","fg0043","fg0910","fg0136","fg0253","fg0230","fg0610","fg0833"
"fq000515","vx_6a919eddf8d64c1b","fg0107","1","fg0107","fg0165","fg0429","fg0459","fg0616","fg0230","fg0253","fg0833","fg0615","fg0215","fg0700","fg0602","fg0222","fg0420","fg0891","fg0472","fg0610","fg0939","fg0446","fg0113"
"fq000516","vx_6a919eddf8d64c1b","fg0107","1","fg0107","fg0165","fg0429","fg0459","fg0616","fg0230","fg0253","fg0833","fg0215","fg0615","fg0602","fg0700","fg0420","fg0222","fg0891","fg0939","fg0472","fg0610","fg0446","fg0139"
"fq000517","vx_6a919eddf8d64c1b","fg0107","1","fg0107","fg0165","fg0429","fg0459","fg0616","fg0230","fg0253","fg0833","fg0215","fg0615","fg0700","fg0602","fg0222","fg0420","fg0891","fg0472","fg0610","fg0446","fg0569","fg0939"
"fq000518","vx_6a919eddf8d64c1b","fg0107","1","fg0107","fg0165","fg0429","fg0459","fg0616","fg0253","fg0230","fg0833","fg0615","fg0700","fg0215","fg0602","fg0222","fg0891","fg0420","fg0472","fg0610","fg0113","fg0446","fg0939"
"fq000519","vx_6a919eddf8d64c1b","fg0107","1","fg0107","fg0165","fg0429","fg0459","fg0616","fg0230","fg0253","fg0833","fg0215","fg0615","fg0700","fg0602","fg0420","fg0222","fg0891","fg0939","fg0472","fg0610","fg0437","fg0446"
"fq000520","vx_6a919eddf8d64c1b","fg0107","1","fg0107","fg0165","fg0429","fg0459","fg0616","fg0253","fg0230","fg0833","fg0215","fg0602","fg0615","fg0700","fg0222","fg0891","fg0420","fg0610","fg0472","fg0569","fg0587","fg0426"
"fq000521","vx_6a919eddf8d64c1b","fg0107","1","fg0107","fg0165","fg0429","fg0459","fg0616","fg0253","fg0230","fg0833","fg0215","fg0602","fg0615","fg0700","fg0222","fg0420","fg0891","fg0472","fg0610","fg0437","fg0011","fg0113"
"fq000522","vx_6a919eddf8d64c1b","fg0107","1","fg0107","fg0165","fg0429","fg0459","fg0616","fg0230","fg0253","fg0833","fg0615","fg0215","fg0700","fg0602","fg0420","fg0222","fg0891","fg0939","fg0472","fg0610","fg0446","fg0674"
"fq000523","vx_6a919eddf8d64c1b","fg0107","1","fg0107","fg0165","fg0429","fg0459","fg0616","fg0253","fg0230","fg0833","fg0215","fg0615","fg0602","fg0700","fg0222","fg0420","fg0891","fg0610","fg0939","fg0472","fg0437","fg0446"
"fq000524","vx_4b117ce1eacd5e2f","fg0108","1","fg0108","fg0178","fg0213","fg0250","fg0525","fg0611","fg0810","fg0652","fg0428","fg0114","fg0944","fg0239","fg0734","fg0268","fg0698","fg0172","fg0046","fg0906","fg0310","fg0229"
"fq000525","vx_4b117ce1eacd5e2f","fg0108","1","fg0108","fg0178","fg0213","fg0250","fg0172","fg0611","fg0525","fg0768","fg0810","fg0944","fg0239","fg0860","fg0698","fg0558","fg0310","fg0046","fg0880","fg0734","fg0823","fg0128"
"fq000526","vx_4b117ce1eacd5e2f","fg0108","344","fg0131","fg0301","fg0160","fg0863","fg0667","fg0687","fg0355","fg0350","fg0491","fg0761","fg0693","fg0627","fg0403","fg0474","fg0443","fg0776","fg0233","fg0533","fg0790","fg0085"
"fq000527","vx_4b117ce1eacd5e2f","fg0108","1","fg0108","fg0178","fg0250","fg0213","fg0698","fg0239","fg0944","fg0652","fg0525","fg0611","fg0114","fg0400","fg0880","fg0810","fg0824","fg0734","fg0013","fg0713","fg0171","fg0958"
"fq000528","vx_4b117ce1eacd5e2f","fg0108","1","fg0108","fg0722","fg0136","fg0102","fg0648","fg0941","fg0801","fg0945","fg0192","fg0501","fg0910","fg0043","fg0178","fg0610","fg0471","fg0385","fg0956","fg0996","fg0213","fg0228"
"fq000529","vx_f65c60eee2815f2a","fg0109","87","fg0156","fg0896","fg0426","fg0745","fg0955","fg0735","fg0405","fg0978","fg0218","fg0006","fg0508","fg0490","fg0721","fg0070","fg0956","fg0448","fg0079","fg0491","fg0811","fg0467"
"fq000530","vx_f65c60eee2815f2a","fg0109","1","fg0109","fg0925","fg0529","fg0135","fg0005","fg0513","fg0044","fg0074","fg0891","fg0091","fg0391","fg0322","fg0581","fg0280","fg0223","fg0909","fg0472","fg0524","fg0800","fg0670"
"fq000531","vx_f65c60eee2815f2a","fg0109","1","fg0109","fg0925","fg0529","fg0955","fg0513","fg0135","fg0005","fg0044","fg0091","fg0290","fg0909","fg0891","fg0581","fg0033","fg0023","fg0074","fg0277","fg0524","fg0322","fg0280"
"fq000532","vx_f65c60eee2815f2a","fg0109","1","fg0109","fg0925","fg0529","fg0135","fg0513","fg0005","fg0074","fg0044","fg0322","fg0091","fg0581","fg0891","fg0955","fg0909","fg0391","fg0280","fg0961","fg0415","fg0472","fg0290"
"fq000533","vx_f65c60eee2815f2a","fg0109","1","fg0109","fg0925","fg0529","fg0135","fg0513","fg0005","fg0044","fg0091","fg0074","fg0322","fg0909","fg0391","fg0891","fg0581","fg0280","fg0961","fg0472","fg0290","fg0800","fg0386"
"fq000534","vx_f65c60eee2815f2a","fg0109","1","fg0109","fg0925","fg0529","fg0135","fg0005","fg0074","fg0513","fg0280","fg0891","fg0044","fg0425","fg0322","fg0391","fg0472","fg0091","fg0581","fg0935","fg0524","fg0223","fg0290"
"fq000535","vx_c592b26126205203","fg0110","1","fg0110","fg0342","fg0720","fg0951","fg0162","fg0075","fg0471","fg0683","fg0536","fg0549","fg0971","fg0465","fg0311","fg0552","fg0638","fg0876","fg0681","fg0830","fg0697","fg0756"
"fq000536","vx_c592b26126205203","fg0110","1","fg0110","fg0342","fg0720","fg0951","fg0162","fg0075","fg0471","fg0549","fg0536","fg0552","fg0683","fg0971","fg0465","fg0638","fg0681","fg0756","fg0830","fg0423","fg0311","fg0876"
"fq000537","vx_e2ba2fc6583e2a69","fg0111","1","fg0111","fg0234","fg0137","fg0009","fg0189","fg0266","fg0593","fg0930","fg0078","fg0291","fg0937","fg0220","fg0440","fg0003","fg0606","fg0970","fg0225","fg0881","fg0862","fg0713"
"fq000538","vx_e2ba2fc6583e2a69","fg0111","1","fg0111","fg0234","fg0137","fg0009","fg0189","fg0266","fg0078","fg0593","fg0970","fg0713","fg0930","fg0291","fg0937","fg0440","fg0305","fg0521","fg0003","fg0220","fg0192","fg0606"
"fq000539","vx_e2ba2fc6583e2a69","fg0111","1","fg0111","fg0234","fg0137","fg0009","fg0189","fg0266","fg0593","fg0078","fg0713","fg0771","fg0102","fg0937","fg0648","fg0941","fg0220","fg0801","fg0304","fg0192","fg0910","fg0291"
"fq000540","vx_35f8bb1b834bc06f","fg0112","3","fg0815","fg0434","fg0112","fg0812","fg0612","fg0887","fg0483","fg0631","fg0343","fg0771","fg0935","fg0306","fg0444","fg0805","fg0486","fg0198","fg0956","fg0120","fg0656","fg0742"
"fq000541","vx_988aab28acaec965","fg0113","1","fg0113","fg0692","fg0134","fg0115","fg0389","fg0705","fg0793","fg0534","fg0326","fg0141","fg0733","fg0510","fg0805","fg0484","fg0371","fg0273","fg0203","fg0554","fg0207","fg0661"
"fq000542","vx_988aab28acaec965","fg0113","1","fg0113","fg0271","fg0619","fg0790","fg0692","fg0306","fg0299","fg0535","fg0134","fg0612","fg0176","fg0484","fg0272","fg0203","fg0371","fg0483","fg0115","fg0469","fg0510","fg0366"
"fq000543","vx_988aab28acaec965","fg0113","1","fg0113","fg0692","fg0134","fg0115","fg0793","fg0705","fg0389","fg0534","fg0326","fg0141","fg0733","fg0510","fg0371","fg0484","fg0805","fg0273","fg0203","fg0554","fg0207","fg0622"
"fq000544","vx_988aab28acaec965","fg0113","1","fg0113","fg0692","fg0134","fg0115","fg0793","fg0534","fg0705","fg0389","fg0326","fg0805","fg0141","fg0733","fg0510","fg0484","fg0371","fg0273","fg0203","fg0554","fg0174","fg0622"
"fq000545","vx_988aab28acaec965","fg0113","1","fg0113","fg0692","fg0134","fg0115","fg0793","fg0705","fg0389","fg0534","fg0326","fg0141","fg0510","fg0733","fg0805","fg0484","fg0371","fg0203","fg0273","fg0554","fg0207","fg0661"
"fq000546","vx_318801137ffdefde","fg0114","1","fg0114","fg0611","fg0810","fg0152","fg0225","fg0768","fg0555","fg0714","fg0930","fg0419","fg0880","fg0440","fg0652","fg0525","fg0240","fg0106","fg0823","fg0405","fg0003","fg0363"
"fq000547","vx_318801137ffdefde","fg0114","1","fg0114","fg0611","fg0152","fg0555","fg0714","fg0998","fg0419","fg0768","fg0823","fg0240","fg0599","fg0446","fg0368","fg0155","fg0794","fg0644","fg0880","fg0097","fg0810","fg0954"
"fq000548","vx_318801137ffdefde","fg0114","1","fg0114","fg0152","fg0555","fg0611","fg0714","fg0419","fg0810","fg0644","fg0998","fg0768","fg0652","fg0013","fg0823","fg0240","fg0880","fg0099","fg0446","fg0794","fg0906","fg0797"
"fq000549","vx_318801137ffdefde","fg0114","1","fg0114","fg0555","fg0714","fg0998","fg0611","fg0768","fg0419","fg0240","fg0152","fg0823","fg0446","fg0592","fg0644","fg0373","fg0810","fg0880","fg0013","fg0368","fg0155","fg0599"
"fq000550","vx_318801137ffdefde","fg0114","1","fg0114","fg0152","fg0611","fg0555","fg0998","fg0714","fg0419","fg0768","fg0823","fg0240","fg0810","fg0644","fg0446","fg0880","fg0652","fg0013","fg0373","fg0368","fg0599","fg0525"
"fq000551","vx_318801137ffdefde","fg0114","1","fg0114","fg0152","fg0810","fg0611","fg0555","fg0644","fg0419","fg0652","fg0880","fg0714","fg0013","fg0768","fg0998","fg0599","fg0525","fg0368","fg0099","fg0906","fg0794","fg0240"
"fq000552","vx_318801137ffdefde","fg0114","1","fg0114","fg0152","fg0611","fg0810","fg0555","fg0419","fg0652","fg0714","fg0998","fg0768","fg0644","fg0013","fg0880","fg0240","fg0823","fg0525","fg0446","fg0099","fg0599","fg0906"
"fq000553","vx_318801137ffdefde","fg0114","1","fg0114","fg0152","fg0611","fg0555","fg0714","fg0998","fg0419","fg0768","fg0823","fg0240","fg0446","fg0810","fg0644","fg0880","fg0013","fg0136","fg0471","fg0373","fg0652","fg0599"
"fq000554","vx_318801137ffdefde","fg0114","6","fg0980","fg0828","fg0652","fg0439","fg0760","fg0114","fg0666","fg0152","fg0133","fg0506","fg0305","fg0745","fg0521","fg0479","fg0761","fg0976","fg0308","fg0313","fg0797","fg0147"
"fq000555","vx_318801137ffdefde","fg0114","1","fg0114","fg0152","fg0652","fg0810","fg0644","fg0013","fg0611","fg0555","fg0099","fg0419","fg0368","fg0880","fg0666","fg0794","fg0155","fg0897","fg0599","fg0954","fg0525","fg0119"
"fq000556","vx_318801137ffdefde","fg0114","1","fg0114","fg0152","fg0611","fg0555","fg0419","fg0714","fg0644","fg0810","fg0998","fg0768","fg0652","fg0368","fg0880","fg0823","fg0155","fg0013","fg0240","fg0599","fg0794","fg0666"
"fq000557","vx_318801137ffdefde","fg0114","1","fg0114","fg0152","fg0611","fg0555","fg0714","fg0998","fg0768","fg0419","fg0810","fg0240","fg0823","fg0446","fg0644","fg0880","fg0013","fg0652","fg0599","fg0368","fg0373","fg0155"
"fq000558","vx_318801137ffdefde","fg0114","1","fg0114","fg0152","fg0611","fg0555","fg0998","fg0714","fg0419","fg0768","fg0644","fg0810","fg0652","fg0013","fg0240","fg0368","fg0823","fg0446","fg0599","fg0155","fg0880","fg0794"
"fq000559","vx_318801137ffdefde","fg0114","31","fg0868","fg0760","fg0652","fg0778","fg0745","fg0308","fg0439","fg0857","fg0828","fg0976","fg0184","fg0506","fg0958","fg0152","fg0980","fg0938","fg0156","fg0225","fg0242","fg0464"
"fq000560","vx_318801137ffdefde","fg0114","1","fg0114","fg0555","fg0998","fg0714","fg0611","fg0768","fg0240","fg0823","fg0419","fg0152","fg0446","fg0373","fg0592","fg0644","fg0810","fg0368","fg0155","fg0880","fg0599","fg0013"
"fq000561","vx_318801137ffdefde","fg0114","1","fg0114","fg0152","fg0555","fg0611","fg0714","fg0419","fg0998","fg0768","fg0644","fg0823","fg0810","fg0240","fg0880","fg0446","fg0652","fg0013","fg0592","fg0794","fg0666","fg0599"
"fq000562","vx_318801137ffdefde","fg0114","2","fg0652","fg0114","fg0152","fg0439","fg0464","fg0644","fg0217","fg0469","fg0880","fg0810","fg0828","fg0247","fg0331","fg0868","fg0368","fg0958","fg0734","fg0954","fg0308","fg0666"
"fq000563","vx_318801137ffdefde","fg0114","1","fg0114","fg0152","fg0652","fg0644","fg0810","fg0611","fg0599","fg0880","fg0419","fg0013","fg0666","fg0368","fg0794","fg0828","fg0155","fg0439","fg0729","fg0555","fg0525","fg0119"
"fq000564","vx_318801137ffdefde","fg0114","1","fg0114","fg0152","fg0555","fg0611","fg0998","fg0714","fg0768","fg0419","fg0240","fg0823","fg0446","fg0810","fg0644","fg0368","fg0155","fg0599","fg0652","fg0880","fg0013","fg0794"
"fq000565","vx_318801137ffdefde","fg0114","1","fg0114","fg0152","fg0611","fg0555","fg0714","fg0419","fg0768","fg0998","fg0823","fg0810","fg0240","fg0644","fg0880","fg0446","fg0013","fg0525","fg0652","fg0592","fg0794","fg0599"
"fq000566","vx_318801137ffdefde","fg0114","1","fg0114","fg0152","fg0611","fg0555","fg0810","fg0419","fg0714","fg0652","fg0644","fg0768","fg0823","fg0880","fg0013","fg0998","fg0240","fg0599","fg0525","fg0446","fg0099","fg0797"
"fq000567","vx_318801137ffdefde","fg0114","1","fg0114","fg0152","fg0555","fg0611","fg0714","fg0419","fg0998","fg0768","fg0823","fg0644","fg0810","fg0240","fg0446","fg0880","fg0013","fg0652","fg0599","fg0592","fg0794","fg0099"
"fq000568","vx_318801137ffdefde","fg0114","1","fg0114","fg0152","fg0652","fg0644","fg0810","fg0880","fg0666","fg0419","fg0013","fg0729","fg0099","fg0119","fg0794","fg0611","fg0797","fg0081","fg0599","fg0249","fg0954","fg0225"
"fq000569","vx_3fe85769fe1c4fb2","fg0115","1","fg0115","fg0141","fg0113","fg0134","fg0326","fg0389","fg0332","fg0273","fg0692","fg0705","fg0484","fg0123","fg0962","fg0510","fg0793","fg0104","fg0166","fg0554","fg0946","fg0979"
"fq000570","vx_9ae40e91e7c2a053","fg0116","1","fg0116","fg0635","fg0984","fg0853","fg0242","fg0969","fg0766","fg0529","fg0415","fg0572","fg0425","fg0516","fg0200","fg0369","fg0520","fg0961","fg0862","fg0223","fg0583","fg0013"
"fq000571","vx_c3b7b7168d75cc30","fg0117","1","fg0117","fg0631","fg0409","fg0528","fg0531","fg0747","fg0517","fg0367","fg0657","fg0544","fg0728","fg0126","fg0334","fg0303","fg0268","fg0749","fg0932","fg0537","fg0518","fg0831"
"fq000572","vx_c3b7b7168d75cc30","fg0117","1","fg0117","fg0517","fg0747","fg0728","fg0367","fg0528","fg0334","fg0631","fg0531","fg0544","fg0126","fg0409","fg0831","fg0749","fg0268","fg0932","fg0537","fg0657","fg0191","fg0279"
"fq000573","vx_c3b7b7168d75cc30","fg0117","1","fg0117","fg0517","fg0528","fg0367","fg0747","fg0531","fg0631","fg0544","fg0537","fg0268","fg0728","fg0409","fg0126","fg0334","fg0657","fg0303","fg0749","fg0932","fg0221","fg0573"
"fq000574","vx_c3b7b7168d75cc30","fg0117","1","fg0117","fg0334","fg0517","fg0367","fg0747","fg0528","fg0728","fg0631","fg0531","fg0409","fg0544","fg0268","fg0126","fg0657","fg0303","fg0749","fg0537","fg0932","fg0191","fg0518"
"fq000575","vx_c3b7b7168d75cc30","fg0117","1","fg0117","fg0747","fg0528","fg0631","fg0517","fg0531","fg0367","fg0409","fg0728","fg0657","fg0126","fg0544","fg0268","fg0334","fg0303","fg0749","fg0932","fg0537","fg0831","fg0518"
"fq000576","vx_68c970997b6401be","fg0118","1","fg0118","fg0799","fg0743","fg0764","fg0953","fg0807","fg0170","fg0604","fg0981","fg0205","fg0391","fg0947","fg0252","fg0683","fg0763","fg0894","fg0364","fg0207","fg0084","fg0465"
"fq000577","vx_37d52652f8ebb6b5","fg0119","1","fg0119","fg0315","fg0390","fg0802","fg0013","fg0068","fg0739","fg0087","fg0237","fg0447","fg0572","fg0971","fg0610","fg0763","fg0820","fg0796","fg0152","fg0462","fg0294","fg0081"
"fq000578","vx_37d52652f8ebb6b5","fg0119","1","fg0119","fg0315","fg0802","fg0390","fg0013","fg0068","fg0739","fg0572","fg0237","fg0796","fg0087","fg0447","fg0971","fg0610","fg0763","fg0753","fg0820","fg0775","fg0209","fg0081"
"fq000579","vx_37d52652f8ebb6b5","fg0119","1","fg0119","fg0315","fg0390","fg0802","fg0013","fg0068","fg0572","fg0796","fg0739","fg0971","fg0237","fg0763","fg0610","fg0447","fg0408","fg0753","fg0209","fg0152","fg0087","fg0820"
"fq000580","vx_37d52652f8ebb6b5","fg0119","1","fg0119","fg0315","fg0390","fg0802","fg0068","fg0572","fg0013","fg0610","fg0739","fg0971","fg0796","fg0820","fg0763","fg0079","fg0447","fg0237","fg0209","fg0087","fg0904","fg0114"
"fq000581","vx_a6800b3c3771b7d8","fg0120","1","fg0120","fg0978","fg0073","fg0780","fg0372","fg0346","fg0421","fg0574","fg0887","fg0483","fg0606","fg0218","fg0405","fg0264","fg0915","fg0955","fg0930","fg0366","fg0070","fg0006"
"fq000582","vx_f94bb17e674a604c","fg0121","12","fg0722","fg0945","fg0102","fg0648","fg0801","fg0941","fg0043","fg0501","fg0192","fg0136","fg0910","fg0121","fg0996","fg0471","fg0956","fg0697","fg0681","fg0610","fg0385","fg0059"
"fq000583","vx_d159d701c316b6a0","fg0122","1","fg0122","fg0756","fg0782","fg0330","fg0892","fg0952","fg0633","fg0908","fg0007","fg0177","fg0590","fg0698","fg0623","fg0510","fg0719","fg0944","fg0236","fg0272","fg0208","fg0993"
"fq000584","vx_4f57dff99bda50bb","fg0123","1","fg0123","fg0001","fg0275","fg0503","fg0388","fg0962","fg0531","fg0115","fg0409","fg0281","fg0268","fg0885","fg0466","fg0170","fg0328","fg0727","fg0530","fg0826","fg0258","fg0049"
"fq000585","vx_3f3730b2fa76e0d3","fg0124","49","fg0238","fg0314","fg0444","fg0675","fg0367","fg0782","fg0306","fg0619","fg0024","fg0483","fg0790","fg0886","fg0271","fg0612","fg0857","fg0217","fg0725","fg0884","fg0750","fg0556"
"fq000586","vx_3f3730b2fa76e0d3","fg0124","596","fg0790","fg0722","fg0306","fg0612","fg0801","fg0483","fg0102","fg0043","fg0945","fg0648","fg0192","fg0941","fg0501","fg0136","fg0956","fg0385","fg0910","fg0619","fg0156","fg0343"
"fq000587","vx_3f3730b2fa76e0d3","fg0124","80","fg0782","fg0857","fg0556","fg0142","fg0617","fg0745","fg0792","fg0778","fg0024","fg0551","fg0668","fg0324","fg0936","fg0022","fg0490","fg0460","fg0242","fg0241","fg0456","fg0224"
"fq000588","vx_460ce5258428da09","fg0125","1","fg0125","fg0637","fg0456","fg0695","fg0154","fg0055","fg0268","fg0002","fg0332","fg0594","fg0901","fg0360","fg0129","fg0916","fg0252","fg0582","fg0978","fg0600","fg0015","fg0938"
"fq000589","vx_d2f04e6ce77e8e4a","fg0126","12","fg0943","fg0251","fg0717","fg0772","fg0793","fg0757","fg0704","fg0835","fg0038","fg0258","fg0367","fg0126","fg0150","fg0860","fg0469","fg0217","fg0308","fg0032","fg0453","fg0974"
"fq000590","vx_d2f04e6ce77e8e4a","fg0126","1","fg0126","fg0410","fg0895","fg0974","fg0943","fg0827","fg0185","fg0772","fg0038","fg0577","fg0717","fg0474","fg0018","fg0793","fg0366","fg0251","fg0243","fg0776","fg0180","fg0330"
"fq000591","vx_d2f04e6ce77e8e4a","fg0126","1","fg0126","fg0410","fg0895","fg0943","fg0772","fg0827","fg0577","fg0974","fg0793","fg0308","fg0038","fg0185","fg0073","fg0396","fg0867","fg0527","fg0717","fg0663","fg0574","fg0251"
"fq000592","vx_d2f04e6ce77e8e4a","fg0126","1","fg0126","fg0410","fg0943","fg0895","fg0793","fg0757","fg0334","fg0038","fg0835","fg0367","fg0544","fg0929","fg0772","fg0717","fg0517","fg0438","fg0591","fg0308","fg0251","fg0527"
"fq000593","vx_d2f04e6ce77e8e4a","fg0126","1","fg0126","fg0943","fg0410","fg0717","fg0895","fg0793","fg0367","fg0772","fg0251","fg0757","fg0835","fg0537","fg0517","fg0932","fg0334","fg0974","fg0528","fg0631","fg0544","fg0117"
"fq000594","vx_d2f04e6ce77e8e4a","fg0126","5","fg0717","fg0943","fg0251","fg0772","fg0126","fg0793","fg0974","fg0038","fg0367","fg0106","fg0827","fg0340","fg0631","fg0704","fg0907","fg0517","fg0577","fg0117","fg0895","fg0142"
"fq000595","vx_9eecd65b55db32ae","fg0127","1","fg0127","fg0567","fg0897","fg0682","fg0439","fg0748","fg0099","fg0920","fg0734","fg0721","fg0810","fg0935","fg0525","fg0936","fg0208","fg0322","fg0893","fg0820","fg0755","fg0783"
"fq000596","vx_9eecd65b55db32ae","fg0127","1","fg0127","fg0567","fg0897","fg0682","fg0748","fg0439","fg0099","fg0734","fg0721","fg0810","fg0920","fg0935","fg0525","fg0936","fg0322","fg0569","fg0820","fg0208","fg0027","fg0755"
"fq000597","vx_35e343a3fd25d697","fg0128","11","fg0560","fg0508","fg0922","fg0006","fg0584","fg0400","fg0549","fg0552","fg0272","fg0939","fg0128","fg0075","fg0471","fg0661","fg0419","fg0538","fg0615","fg0596","fg0300","fg0190"
"fq000598","vx_ad771921a5757645","fg0129","1","fg0129","fg0297","fg0600","fg0855","fg0360","fg0828","fg0135","fg0154","fg0124","fg0620","fg0022","fg0630","fg0824","fg0918","fg0072","fg0892","fg0821","fg0317","fg0125","fg0142"
"fq000599","vx_3745c84afa7faf89","fg0130","1","fg0130","fg0569","fg0968","fg0690","fg0885","fg0327","fg0466","fg0653","fg0936","fg0294","fg0333","fg0624","fg0376","fg0821","fg0304","fg0267","fg0389","fg0417","fg0186","fg0073"
"fq000600","vx_417e7106fae4ef09","fg0131","623","fg0037","fg0018","fg0062","fg0180","fg0379","fg0588","fg0724","fg0547","fg0533","fg0894","fg0822","fg0262","fg0499","fg0811","fg0665","fg0411","fg0679","fg0541","fg0318","fg0027"
"fq000601","vx_f94a2ae176eb44b0","fg0132","1","fg0132","fg0719","fg0394","fg0161","fg0263","fg0685","fg0177","fg0353","fg0952","fg0804","fg0731","fg0771","fg0620","fg0571","fg0898","fg0344","fg0526","fg0585","fg0034","fg0282"
"fq000602","vx_f94a2ae176eb44b0","fg0132","1","fg0132","fg0719","fg0394","fg0161","fg0804","fg0353","fg0263","fg0685","fg0177","fg0571","fg0952","fg0771","fg0620","fg0708","fg0034","fg0798","fg0625","fg0173","fg0603","fg0888"
"fq000603","vx_f94a2ae176eb44b0","fg0132","1","fg0132","fg0394","fg0719","fg0177","fg0161","fg0263","fg0952","fg0685","fg0731","fg0585","fg0898","fg0344","fg0620","fg0109","fg0650","fg0865","fg0418","fg0408","fg0517","fg0294"
"fq000604","vx_f94a2ae176eb44b0","fg0132","1","fg0132","fg0719","fg0394","fg0161","fg0263","fg0685","fg0177","fg0952","fg0620","fg0034","fg0804","fg0353","fg0571","fg0290","fg0624","fg0535","fg0749","fg0526","fg0731","fg0173"
"fq000605","vx_f94a2ae176eb44b0","fg0132","1","fg0132","fg0585","fg0731","fg0898","fg0650","fg0394","fg0344","fg0719","fg0865","fg0177","fg0766","fg0367","fg0263","fg0517","fg0952","fg0408","fg0418","fg0294","fg0685","fg0161"
"fq000606","vx_f94a2ae176eb44b0","fg0132","1","fg0132","fg0719","fg0263","fg0161","fg0394","fg0804","fg0952","fg0685","fg0353","fg0426","fg0571","fg0771","fg0173","fg0177","fg0749","fg0535","fg0384","fg0625","fg0708","fg0607"
"fq000607","vx_f94a2ae176eb44b0","fg0132","1","fg0132","fg0719","fg0394","fg0263","fg0161","fg0177","fg0685","fg0952","fg0898","fg0585","fg0731","fg0650","fg0620","fg0344","fg0804","fg0034","fg0571","fg0353","fg0842","fg0526"
"fq000608","vx_f94a2ae176eb44b0","fg0132","1","fg0132","fg0719","fg0394","fg0177","fg0161","fg0685","fg0263","fg0952","fg0650","fg0898","fg0731","fg0344","fg0585","fg0034","fg0620","fg0202","fg0932","fg0408","fg0511","fg0917"
"fq000609","vx_f94a2ae176eb44b0","fg0132","1","fg0132","fg0719","fg0394","fg0161","fg0263","fg0685","fg0177","fg0952","fg0804","fg0353","fg0620","fg0571","fg0771","fg0526","fg0708","fg0173","fg0290","fg0731","fg0034","fg0603"
"fq000610","vx_f94a2ae176eb44b0","fg0132","1","fg0132","fg0719","fg0394","fg0161","fg0177","fg0263","fg0685","fg0952","fg0620","fg0731","fg0034","fg0898","fg0173","fg0344","fg0511","fg0842","fg0804","fg0571","fg0624","fg0535"
"fq000611","vx_f94a2ae176eb44b0","fg0132","1","fg0132","fg0719","fg0394","fg0161","fg0263","fg0177","fg0685","fg0952","fg0620","fg0290","fg0804","fg0526","fg0639","fg0571","fg0353","fg0771","fg0731","fg0708","fg0173","fg0624"
"fq000612","vx_f94a2ae176eb44b0","fg0132","173","fg0977","fg0075","fg0549","fg0457","fg0552","fg0125","fg0695","fg0681","fg0272","fg0781","fg0638","fg0830","fg0471","fg0798","fg0536","fg0382","fg0613","fg0318","fg0538","fg0483"
"fq000613","vx_f94a2ae176eb44b0","fg0132","1","fg0132","fg0719","fg0394","fg0161","fg0263","fg0685","fg0177","fg0952","fg0804","fg0353","fg0731","fg0771","fg0620","fg0571","fg0344","fg0898","fg0173","fg0603","fg0625","fg0109"
"fq000614","vx_f94a2ae176eb44b0","fg0132","1","fg0132","fg0719","fg0394","fg0161","fg0263","fg0177","fg0685","fg0952","fg0620","fg0353","fg0771","fg0603","fg0804","fg0173","fg0526","fg0571","fg0535","fg0695","fg0055","fg0237"
"fq000615","vx_e3405a4986814a79","fg0133","1","fg0133","fg0958","fg0905","fg0274","fg0795","fg0524","fg0264","fg0888","fg0902","fg0402","fg0942","fg0277","fg0270","fg0483","fg0395","fg0925","fg0423","fg0184","fg0650","fg0695"
"fq000616","vx_66096d52b2e7fde4","fg0134","1","fg0134","fg0692","fg0113","fg0705","fg0534","fg0793","fg0115","fg0141","fg0805","fg0608","fg0011","fg0389","fg0622","fg0326","fg0484","fg0546","fg0554","fg0443","fg0375","fg0020"
"fq000617","vx_66096d52b2e7fde4","fg0134","1","fg0134","fg0692","fg0031","fg0705","fg0534","fg0665","fg0793","fg0837","fg0218","fg0113","fg0608","fg0443","fg0546","fg0935","fg0325","fg0496","fg0375","fg0020","fg0622","fg0522"
"fq000618","vx_66096d52b2e7fde4","fg0134","11","fg0801","fg0102","fg0941","fg0648","fg0945","fg0722","fg0501","fg0192","fg0043","fg0910","fg0134","fg0136","fg0996","fg0956","fg0692","fg0471","fg0113","fg0610","fg0705","fg0385"
"fq000619","vx_66096d52b2e7fde4","fg0134","1","fg0134","fg0692","fg0113","fg0705","fg0534","fg0793","fg0115","fg0805","fg0141","fg0608","fg0443","fg0484","fg0011","fg0254","fg0389","fg0020","fg0325","fg0546","fg0375","fg0622"
"fq000620","vx_66096d52b2e7fde4","fg0134","12","fg0102","fg0648","fg0801","fg0941","fg0722","fg0945","fg0501","fg0192","fg0043","fg0910","fg0136","fg0134","fg0996","fg0956","fg0692","fg0471","fg0705","fg0534","fg0385","fg0610"
"fq000621","vx_66096d52b2e7fde4","fg0134","1","fg0134","fg0113","fg0692","fg0705","fg0115","fg0793","fg0534","fg0141","fg0011","fg0389","fg0805","fg0326","fg0608","fg0484","fg0273","fg0546","fg0554","fg0622","fg0443","fg0866"
"fq000622","vx_66096d52b2e7fde4","fg0134","1","fg0134","fg0113","fg0692","fg0705","fg0722","fg0102","fg0941","fg0648","fg0945","fg0534","fg0801","fg0501","fg0192","fg0043","fg0793","fg0115","fg0136","fg0910","fg0141","fg0805"
"fq000623","vx_66096d52b2e7fde4","fg0134","1","fg0134","fg0705","fg0692","fg0793","fg0534","fg0113","fg0622","fg0254","fg0695","fg0500","fg0805","fg0161","fg0011","fg0443","fg0608","fg0672","fg0878","fg0437","fg0667","fg0483"
"fq000624","vx_66096d52b2e7fde4","fg0134","1","fg0134","fg0113","fg0692","fg0705","fg0115","fg0534","fg0793","fg0141","fg0805","fg0389","fg0011","fg0326","fg0608","fg0554","fg0484","fg0510","fg0622","fg0375","fg0443","fg0002"
"fq000625","vx_66096d52b2e7fde4","fg0134","1","fg0134","fg0941","fg0648","fg0102","fg0722","fg0801","fg0945","fg0501","fg0192","fg0043","fg0910","fg0136","fg0113","fg0692","fg0705","fg0534","fg0996","fg0956","fg0793","fg0385"
"fq000626","vx_66096d52b2e7fde4","fg0134","1","fg0134","fg0113","fg0692","fg0705","fg0534","fg0793","fg0115","fg0141","fg0011","fg0805","fg0389","fg0608","fg0326","fg0443","fg0546","fg0484","fg0622","fg0554","fg0325","fg0020"
"fq000627","vx_66096d52b2e7fde4","fg0134","1","fg0134","fg0113","fg0692","fg0705","fg0534","fg0793","fg0115","fg0141","fg0805","fg0389","fg0608","fg0011","fg0326","fg0622","fg0484","fg0554","fg0443","fg0254","fg0510","fg0546"
"fq000628","vx_66096d52b2e7fde4","fg0134","1","fg0134","fg0113","fg0692","fg0705","fg0534","fg0115","fg0793","fg0141","fg0805","fg0389","fg0326","fg0011","fg0608","fg0484","fg0554","fg0622","fg0546","fg0510","fg0443","fg0203"
"fq000629","vx_66096d52b2e7fde4","fg0134","1","fg0134","fg0692","fg0113","fg0705","fg0534","fg0793","fg0115","fg0805","fg0608","fg0141","fg0011","fg0389","fg0622","fg0443","fg0546","fg0484","fg0326","fg0254","fg0237","fg0375"
"fq000630","vx_66096d52b2e7fde4","fg0134","1","fg0134","fg0693","fg0350","fg0692","fg0474","fg0705","fg0233","fg0534","fg0776","fg0433","fg0416","fg0793","fg0113","fg0321","fg0805","fg0443","fg0622","fg0608","fg0011","fg0254"
"fq000631","vx_53e62b446f378bb2","fg0135","1","fg0135","fg0305","fg0980","fg0542","fg0145","fg0656","fg0896","fg0957","fg0499","fg0421","fg0506","fg0156","fg0426","fg0853","fg0955","fg0112","fg0142","fg0109","fg0513","fg0490"
"fq000632","vx_2e3dedb1b7f60a96","fg0136","1","fg0136","fg0722","fg0528","fg0192","fg0753","fg0385","fg0618","fg0648","fg0956","fg0102","fg0502","fg0945","fg0941","fg0043","fg0213","fg0501","fg0801","fg0910","fg0672","fg0734"
"fq000633","vx_2aebc8d6ce96b1da","fg0137","580","fg0978","fg0156","fg0896","fg0448","fg0467","fg0508","fg0308","fg0735","fg0713","fg0006","fg0125","fg0912","fg0483","fg0955","fg0194","fg0070","fg0385","fg0159","fg0264","fg0173"
"fq000634","vx_2aebc8d6ce96b1da","fg0137","1","fg0137","fg0234","fg0111","fg0009","fg0189","fg0266","fg0771","fg0353","fg0078","fg0593","fg0804","fg0862","fg0299","fg0308","fg0392","fg0912","fg0713","fg0801","fg0016","fg0958"
"fq000635","vx_2aebc8d6ce96b1da","fg0137","192","fg0978","fg0896","fg0156","fg0448","fg0467","fg0735","fg0713","fg0508","fg0125","fg0483","fg0721","fg0210","fg0070","fg0912","fg0006","fg0264","fg0995","fg0881","fg0803","fg0218"
"fq000636","vx_2aebc8d6ce96b1da","fg0137","1","fg0137","fg0234","fg0111","fg0009","fg0189","fg0266","fg0771","fg0353","fg0804","fg0078","fg0862","fg0343","fg0483","fg0444","fg0571","fg0288","fg0392","fg0593","fg0912","fg0801"
"fq000637","vx_2aebc8d6ce96b1da","fg0137","1","fg0137","fg0234","fg0111","fg0009","fg0189","fg0266","fg0771","fg0483","fg0343","fg0353","fg0612","fg0713","fg0078","fg0912","fg0392","fg0964","fg0299","fg0887","fg0444","fg0252"
"fq000638","vx_2aebc8d6ce96b1da","fg0137","1","fg0137","fg0234","fg0111","fg0009","fg0189","fg0266","fg0305","fg0771","fg0713","fg0133","fg0912","fg0078","fg0862","fg0521","fg0353","fg0509","fg0508","fg0887","fg0980","fg0217"
"fq000639","vx_2aebc8d6ce96b1da","fg0137","5","fg0745","fg0308","fg0857","fg0778","fg0137","fg0156","fg0551","fg0527","fg0111","fg0009","fg0385","fg0189","fg0234","fg0837","fg0958","fg0506","fg0980","fg0490","fg0405","fg0761"
"fq000640","vx_2aebc8d6ce96b1da","fg0137","106","fg0978","fg0156","fg0896","fg0713","fg0483","fg0467","fg0448","fg0508","fg0509","fg0912","fg0264","fg0881","fg0977","fg0070","fg0735","fg0125","fg0631","fg0135","fg0721","fg0210"
"fq000641","vx_e63723eb4c0733e2","fg0138","1","fg0138","fg0322","fg0668","fg0529","fg0925","fg0327","fg0514","fg0701","fg0280","fg0711","fg0727","fg0955","fg0391","fg0935","fg0109","fg0513","fg0641","fg0386","fg0973","fg0005"
"fq000642","vx_e63723eb4c0733e2","fg0138","2","fg0322","fg0138","fg0668","fg0925","fg0529","fg0327","fg0727","fg0280","fg0701","fg0711","fg0091","fg0514","fg0972","fg0005","fg0555","fg0842","fg0955","fg0386","fg0465","fg0109"
"fq000643","vx_e63723eb4c0733e2","fg0138","1","fg0138","fg0322","fg0555","fg0668","fg0823","fg0419","fg0714","fg0768","fg0529","fg0925","fg0611","fg0514","fg0327","fg0955","fg0711","fg0240","fg0701","fg0727","fg0280","fg0513"
"fq000644","vx_0953c9af79091679","fg0139","1","fg0139","fg0096","fg0230","fg0420","fg0212","fg0825","fg0601","fg0429","fg0653","fg0554","fg0215","fg0535","fg0978","fg0248","fg0146","fg0159","fg0685","fg0402","fg0985","fg0197"
"fq000645","vx_0953c9af79091679","fg0139","5","fg0735","fg0448","fg0467","fg0896","fg0139","fg0210","fg0978","fg0096","fg0006","fg0230","fg0508","fg0721","fg0420","fg0607","fg0825","fg0194","fg0173","fg0421","fg0887","fg0084"
"fq000646","vx_1821b86ebd069149","fg0140","666","fg0368","fg0097","fg0155","fg0786","fg0599","fg0666","fg0184","fg0954","fg0794","fg0652","fg0469","fg0797","fg0958","fg0353","fg0851","fg0884","fg0152","fg0114","fg0784","fg0038"
"fq000647","vx_261766aca4414bde","fg0141","1","fg0141","fg0115","fg0113","fg0332","fg0134","fg0166","fg0199","fg0979","fg0610","fg0999","fg0692","fg0326","fg0705","fg0793","fg0512","fg0463","fg0389","fg0468","fg0441","fg0572"
"fq000648","vx_261766aca4414bde","fg0141","1","fg0141","fg0115","fg0113","fg0332","fg0134","fg0979","fg0166","fg0199","fg0610","fg0692","fg0326","fg0999","fg0512","fg0705","fg0463","fg0389","fg0793","fg0441","fg0468","fg0219"
"fq000649","vx_ebb2de0709cd7eb7","fg0142","1","fg0142","fg0076","fg0449","fg0879","fg0377","fg0289","fg0221","fg0315","fg0135","fg0426","fg0793","fg0636","fg0166","fg0126","fg0317","fg0411","fg0841","fg0631","fg0746","fg0335"
"fq000650","vx_33f55f6a59d234fd","fg0143","1","fg0143","fg0504","fg0755","fg0715","fg0476","fg0682","fg0897","fg0302","fg0769","fg0070","fg0916","fg0721","fg0168","fg0498","fg0636","fg0400","fg0174","fg0186","fg0988","fg0497"
"fq000651","vx_0c6410cb0454f13c","fg0144","358","fg0567","fg0127","fg0897","fg0748","fg0682","fg0439","fg0099","fg0810","fg0721","fg0208","fg0464","fg0519","fg0363","fg0734","fg0525","fg0893","fg0227","fg0324","fg0152","fg0563"
"fq000652","vx_a445bf697ba3b405","fg0145","1","fg0145","fg0080","fg0381","fg0678","fg0489","fg0836","fg0370","fg0066","fg0578","fg0871","fg0850","fg0575","fg0845","fg0228","fg0610","fg0802","fg0332","fg0106","fg0971","fg0248"
"fq000653","vx_644922a6cac0eaa3","fg0146","1","fg0146","fg0186","fg0076","fg0774","fg0885","fg0289","fg0879","fg0205","fg0569","fg0636","fg0703","fg0139","fg0001","fg0170","fg0573","fg0901","fg0803","fg0388","fg0391","fg0130"
"fq000654","vx_1d06ff640db614a2","fg0147","1","fg0147","fg0797","fg0778","fg0175","fg0760","fg0538","fg0304","fg0308","fg0745","fg0593","fg0868","fg0804","fg0958","fg0479","fg0439","fg0934","fg0857","fg0189","fg0353","fg0938"
"fq000655","vx_1d06ff640db614a2","fg0147","1","fg0147","fg0797","fg0175","fg0047","fg0538","fg0760","fg0479","fg0304","fg0934","fg0270","fg0713","fg0392","fg0562","fg0505","fg0912","fg0190","fg0548","fg0469","fg0956","fg0439"
"fq000656","vx_1d06ff640db614a2","fg0147","83","fg0321","fg0392","fg0687","fg0990","fg0837","fg0270","fg0423","fg0035","fg0491","fg0316","fg0496","fg0996","fg0362","fg0426","fg0693","fg0961","fg0040","fg0079","fg0031","fg0411"
"fq000657","vx_e64610e600d286b4","fg0148","1","fg0148","fg0559","fg0734","fg0302","fg0136","fg0279","fg0556","fg0695","fg0618","fg0977","fg0767","fg0628","fg0798","fg0099","fg0721","fg0911","fg0897","fg0722","fg0363","fg0225"
"fq000658","vx_6930f5974dc39e27","fg0149","1","fg0149","fg0356","fg0346","fg0780","fg0515","fg0557","fg0016","fg0509","fg0431","fg0708","fg0343","fg0574","fg0749","fg0827","fg0568","fg0612","fg0673","fg0862","fg0320","fg0652"
"fq000659","vx_65563ad707adf8eb","fg0150","1","fg0150","fg0986","fg0032","fg0847","fg0869","fg0860","fg0090","fg0103","fg0718","fg0583","fg0258","fg0786","fg0417","fg0763","fg0922","fg0807","fg0858","fg0430","fg0894","fg0342"
"fq000660","vx_65563ad707adf8eb","fg0150","1","fg0150","fg0032","fg0986","fg0847","fg0860","fg0869","fg0090","fg0103","fg0718","fg0583","fg0258","fg0417","fg0786","fg0763","fg0593","fg0858","fg0807","fg0922","fg0342","fg0296"
"fq000661","vx_65563ad707adf8eb","fg0150","1","fg0150","fg0032","fg0986","fg0847","fg0860","fg0869","fg0090","fg0103","fg0718","fg0583","fg0258","fg0763","fg0417","fg0786","fg0525","fg0190","fg0807","fg0922","fg0858","fg0593"
"fq000662","vx_65563ad707adf8eb","fg0150","19","fg0555","fg0024","fg0768","fg0099","fg0611","fg0810","fg0886","fg0551","fg0823","fg0525","fg0013","fg0734","fg0490","fg0419","fg0880","fg0714","fg0906","fg0114","fg0150","fg0258"
"fq000663","vx_65563ad707adf8eb","fg0150","1","fg0150","fg0986","fg0869","fg0032","fg0847","fg0860","fg0090","fg0103","fg0718","fg0583","fg0258","fg0525","fg0417","fg0763","fg0846","fg0402","fg0837","fg0440","fg0942","fg0786"
"fq000664","vx_65563ad707adf8eb","fg0150","1","fg0150","fg0986","fg0032","fg0847","fg0860","fg0869","fg0090","fg0103","fg0718","fg0258","fg0583","fg0417","fg0786","fg0763","fg0506","fg0858","fg0922","fg0894","fg0175","fg0430"
"fq000665","vx_65563ad707adf8eb","fg0150","1","fg0150","fg0032","fg0986","fg0869","fg0847","fg0860","fg0090","fg0718","fg0103","fg0258","fg0583","fg0525","fg0190","fg0763","fg0417","fg0786","fg0807","fg0270","fg0611","fg0823"
"fq000666","vx_65563ad707adf8eb","fg0150","1","fg0150","fg0986","fg0032","fg0847","fg0860","fg0869","fg0090","fg0103","fg0718","fg0583","fg0258","fg0417","fg0763","fg0786","fg0525","fg0190","fg0858","fg0922","fg0807","fg0224"
"fq000667","vx_65563ad707adf8eb","fg0150","1","fg0150","fg0032","fg0986","fg0847","fg0869","fg0860","fg0090","fg0718","fg0103","fg0583","fg0258","fg0417","fg0763","fg0786","fg0525","fg0190","fg0722","fg0192","fg0136","fg0922"
"fq000668","vx_65563ad707adf8eb","fg0150","1","fg0150","fg0986","fg0032","fg0847","fg0869","fg0860","fg0090","fg0718","fg0103","fg0583","fg0258","fg0980","fg0417","fg0786","fg0763","fg0021","fg0525","fg0506","fg0957","fg0133"
"fq000669","vx_65563ad707adf8eb","fg0150","1","fg0150","fg0032","fg0986","fg0847","fg0860","fg0869","fg0090","fg0718","fg0103","fg0583","fg0258","fg0417","fg0786","fg0763","fg0525","fg0858","fg0922","fg0190","fg0807","fg0281"
"fq000670","vx_65563ad707adf8eb","fg0150","1","fg0150","fg0032","fg0986","fg0847","fg0860","fg0869","fg0090","fg0103","fg0718","fg0583","fg0258","fg0763","fg0417","fg0786","fg0922","fg0858","fg0807","fg0281","fg0342","fg0593"
"fq000671","vx_65563ad707adf8eb","fg0150","1","fg0150","fg0032","fg0986","fg0847","fg0860","fg0869","fg0090","fg0718","fg0583","fg0103","fg0258","fg0525","fg0763","fg0417","fg0786","fg0190","fg0013","fg0099","fg0555","fg0611"
"fq000672","vx_cf182a418d7ea780","fg0151","1","fg0151","fg0730","fg0651","fg0672","fg0397","fg0754","fg0657","fg0297","fg0981","fg0299","fg0618","fg0136","fg0914","fg0047","fg0646","fg0573","fg0563","fg0027","fg0722","fg0302"
"fq000673","vx_0143e9b1151caffd","fg0152","1","fg0152","fg0114","fg0652","fg0644","fg0810","fg0013","fg0880","fg0797","fg0419","fg0099","fg0368","fg0168","fg0998","fg0794","fg0155","fg0599","fg0119","fg0181","fg0662","fg0081"
"fq000674","vx_0143e9b1151caffd","fg0152","1","fg0152","fg0114","fg0652","fg0644","fg0880","fg0828","fg0810","fg0245","fg0013","fg0439","fg0419","fg0217","fg0797","fg0133","fg0331","fg0742","fg0320","fg0368","fg0666","fg0483"
"fq000675","vx_0143e9b1151caffd","fg0152","68","fg0825","fg0159","fg0320","fg0190","fg0402","fg0535","fg0133","fg0245","fg0603","fg0942","fg0069","fg0139","fg0217","fg0607","fg0837","fg0958","fg0372","fg0055","fg0889","fg0254"
"fq000676","vx_fb0b1eb3d4a0449a","fg0153","1","fg0153","fg0997","fg0809","fg0460","fg0934","fg0565","fg0366","fg0333","fg0538","fg0878","fg0968","fg0271","fg0851","fg0466","fg0382","fg0870","fg0956","fg0737","fg0964","fg0970"
"fq000677","vx_336125d9d1f717a9","fg0154","2","fg0734","fg0154","fg0279","fg0559","fg0148","fg0103","fg0412","fg0878","fg0206","fg0938","fg0672","fg0603","fg0028","fg0927","fg0144","fg0869","fg0807","fg0055","fg0396","fg0169"
"fq000678","vx_336125d9d1f717a9","fg0154","1","fg0154","fg0340","fg0135","fg0600","fg0734","fg0145","fg0972","fg0125","fg0129","fg0482","fg0785","fg0247","fg0360","fg0068","fg0248","fg0559","fg0206","fg0317","fg0071","fg0480"
"fq000679","vx_336125d9d1f717a9","fg0154","1","fg0154","fg0340","fg0125","fg0600","fg0135","fg0129","fg0972","fg0206","fg0672","fg0482","fg0559","fg0145","fg0878","fg0103","fg0456","fg0079","fg0071","fg0248","fg0785","fg0148"
"fq000680","vx_336125d9d1f717a9","fg0154","1","fg0154","fg0340","fg0135","fg0600","fg0125","fg0129","fg0206","fg0972","fg0482","fg0672","fg0145","fg0360","fg0878","fg0103","fg0079","fg0317","fg0172","fg0072","fg0785","fg0068"
"fq000681","vx_336125d9d1f717a9","fg0154","1","fg0154","fg0340","fg0135","fg0600","fg0145","fg0125","fg0206","fg0967","fg0972","fg0129","fg0482","fg0071","fg0247","fg0360","fg0068","fg0672","fg0317","fg0312","fg0391","fg0734"
"fq000682","vx_336125d9d1f717a9","fg0154","1","fg0154","fg0340","fg0125","fg0071","fg0135","fg0482","fg0623","fg0600","fg0456","fg0972","fg0590","fg0248","fg0843","fg0360","fg0145","fg0585","fg0785","fg0878","fg0902","fg0594"
"fq000683","vx_336125d9d1f717a9","fg0154","1","fg0154","fg0340","fg0135","fg0482","fg0125","fg0600","fg0559","fg0129","fg0145","fg0360","fg0148","fg0103","fg0972","fg0068","fg0206","fg0248","fg0878","fg0672","fg0142","fg0300"
"fq000684","vx_336125d9d1f717a9","fg0154","2","fg0604","fg0154","fg0482","fg0125","fg0659","fg0169","fg0970","fg0135","fg0355","fg0129","fg0058","fg0160","fg0883","fg0092","fg0194","fg0863","fg0990","fg0699","fg0291","fg0057"
"fq000685","vx_336125d9d1f717a9","fg0154","1","fg0154","fg0206","fg0672","fg0103","fg0734","fg0078","fg0938","fg0559","fg0279","fg0331","fg0148","fg0050","fg0878","fg0245","fg0556","fg0695","fg0603","fg0641","fg0931","fg0299"
"fq000686","vx_336125d9d1f717a9","fg0154","1","fg0154","fg0135","fg0340","fg0559","fg0600","fg0145","fg0734","fg0125","fg0482","fg0360","fg0148","fg0129","fg0068","fg0279","fg0302","fg0972","fg0672","fg0206","fg0300","fg0317"
"fq000687","vx_336125d9d1f717a9","fg0154","1","fg0154","fg0340","fg0135","fg0482","fg0145","fg0125","fg0766","fg0103","fg0360","fg0600","fg0672","fg0206","fg0878","fg0300","fg0129","fg0071","fg0248","fg0068","fg0331","fg0972"
"fq000688","vx_336125d9d1f717a9","fg0154","1","fg0154","fg0340","fg0135","fg0482","fg0559","fg0145","fg0125","fg0600","fg0360","fg0068","fg0672","fg0148","fg0129","fg0103","fg0206","fg0300","fg0734","fg0878","fg0050","fg0317"
"fq000689","vx_336125d9d1f717a9","fg0154","1","fg0154","fg0340","fg0135","fg0972","fg0600","fg0482","fg0125","fg0129","fg0103","fg0145","fg0248","fg0435","fg0878","fg0317","fg0456","fg0869","fg0090","fg0480","fg0672","fg0172"
"fq000690","vx_336125d9d1f717a9","fg0154","1","fg0154","fg0145","fg0340","fg0135","fg0482","fg0600","fg0360","fg0068","fg0125","fg0129","fg0972","fg0734","fg0317","fg0142","fg0672","fg0071","fg0435","fg0559","fg0302","fg0148"
"fq000691","vx_336125d9d1f717a9","fg0154","1","fg0154","fg0340","fg0135","fg0600","fg0129","fg0145","fg0878","fg0482","fg0125","fg0317","fg0972","fg0360","fg0672","fg0068","fg0559","fg0695","fg0148","fg0103","fg0079","fg0460"
"fq000692","vx_336125d9d1f717a9","fg0154","1","fg0154","fg0340","fg0145","fg0135","fg0482","fg0766","fg0559","fg0360","fg0148","fg0142","fg0600","fg0260","fg0125","fg0129","fg0300","fg0362","fg0183","fg0068","fg0302","fg0491"
"fq000693","vx_2ee8e11861e849de","fg0155","2","fg0954","fg0155","fg0368","fg0097","fg0469","fg0666","fg0786","fg0794","fg0599","fg0983","fg0931","fg0052","fg0194","fg0797","fg0114","fg0396","fg0184","fg0772","fg0014","fg0851"
"fq000694","vx_122ea180583cb8d7","fg0156","1","fg0156","fg0778","fg0868","fg0896","fg0675","fg0811","fg0745","fg0204","fg0857","fg0448","fg0385","fg0978","fg0912","fg0508","fg0760","fg0444","fg0490","fg0767","fg0467","fg0814"
"fq000695","vx_122ea180583cb8d7","fg0156","2","fg0722","fg0156","fg0648","fg0102","fg0945","fg0136","fg0192","fg0941","fg0956","fg0801","fg0955","fg0501","fg0043","fg0910","fg0610","fg0996","fg0385","fg0405","fg0896","fg0471"
"fq000696","vx_122ea180583cb8d7","fg0156","1","fg0156","fg0955","fg0896","fg0405","fg0735","fg0508","fg0745","fg0448","fg0467","fg0218","fg0912","fg0432","fg0006","fg0713","fg0978","fg0308","fg0930","fg0194","fg0868","fg0225"
"fq000697","vx_122ea180583cb8d7","fg0156","1","fg0156","fg0857","fg0778","fg0490","fg0745","fg0385","fg0551","fg0978","fg0896","fg0912","fg0508","fg0024","fg0308","fg0868","fg0936","fg0175","fg0467","fg0675","fg0460","fg0481"
"fq000698","vx_122ea180583cb8d7","fg0156","3","fg0896","fg0448","fg0156","fg0735","fg0467","fg0210","fg0955","fg0006","fg0136","fg0713","fg0956","fg0722","fg0385","fg0849","fg0978","fg0308","fg0721","fg0739","fg0648","fg0610"
"fq000699","vx_76c26ff7f75077dc","fg0157","2","fg0899","fg0157","fg0398","fg0427","fg0359","fg0452","fg0222","fg0543","fg0253","fg0434","fg0372","fg0700","fg0784","fg0602","fg0815","fg0283","fg0812","fg0530","fg0264","fg0914"
"fq000700","vx_e8e091a36fec71fa","fg0158","1","fg0158","fg0408","fg0242","fg0626","fg0521","fg0870","fg0490","fg0748","fg0529","fg0731","fg0024","fg0761","fg0229","fg0886","fg0059","fg0300","fg0551","fg0898","fg0857","fg0818"
"fq000701","vx_4863d71843169712","fg0159","462","fg0936","fg0778","fg0490","fg0734","fg0745","fg0857","fg0460","fg0466","fg0976","fg0551","fg0525","fg0385","fg0569","fg0810","fg0013","fg0768","fg0156","fg0906","fg0611","fg0106"
"fq000702","vx_bcea633bdba99075","fg0160","276","fg0005","fg0193","fg0796","fg0511","fg0917","fg0202","fg0728","fg0898","fg0572","fg0701","fg0792","fg0049","fg0909","fg0209","fg0820","fg0280","fg0181","fg0984","fg0802","fg0668"
"fq000703","vx_bcea633bdba99075","fg0160","395","fg0005","fg0193","fg0796","fg0280","fg0511","fg0572","fg0778","fg0616","fg0949","fg0202","fg0036","fg0909","fg0033","fg0898","fg0727","fg0624","fg0961","fg0499","fg0049","fg0728"
"fq000704","vx_bcea633bdba99075","fg0160","293","fg0005","fg0792","fg0511","fg0193","fg0796","fg0917","fg0202","fg0457","fg0232","fg0209","fg0680","fg0572","fg0728","fg0915","fg0653","fg0280","fg0727","fg0752","fg0984","fg0898"
"fq000705","vx_bcea633bdba99075","fg0160","343","fg0005","fg0796","fg0193","fg0511","fg0792","fg0572","fg0917","fg0209","fg0499","fg0202","fg0898","fg0728","fg0616","fg0915","fg0653","fg0820","fg0701","fg0752","fg0802","fg0909"
"fq000706","vx_bcea633bdba99075","fg0160","473","fg0005","fg0796","fg0511","fg0572","fg0792","fg0209","fg0917","fg0202","fg0193","fg0499","fg0898","fg0616","fg0915","fg0752","fg0904","fg0727","fg0232","fg0820","fg0280","fg0049"
"fq000707","vx_bcea633bdba99075","fg0160","171","fg0796","fg0511","fg0792","fg0005","fg0917","fg0499","fg0193","fg0202","fg0572","fg0232","fg0457","fg0752","fg0915","fg0209","fg0898","fg0728","fg0980","fg0802","fg0072","fg0680"
"fq000708","vx_bcea633bdba99075","fg0160","703","fg0778","fg0193","fg0005","fg0796","fg0917","fg0511","fg0857","fg0202","fg0572","fg0792","fg0728","fg0049","fg0024","fg0898","fg0209","fg0616","fg0820","fg0701","fg0280","fg0868"
"fq000709","vx_bcea633bdba99075","fg0160","120","fg0796","fg0499","fg0572","fg0005","fg0506","fg0511","fg0802","fg0980","fg0561","fg0193","fg0049","fg0792","fg0175","fg0917","fg0737","fg0728","fg0909","fg0209","fg0896","fg0202"
"fq000710","vx_bcea633bdba99075","fg0160","21","fg0511","fg0572","fg0687","fg0499","fg0796","fg0202","fg0023","fg0917","fg0005","fg0193","fg0667","fg0616","fg0727","fg0209","fg0898","fg0355","fg0131","fg0653","fg0301","fg0280"
"fq000711","vx_bcea633bdba99075","fg0160","359","fg0005","fg0193","fg0796","fg0511","fg0917","fg0792","fg0572","fg0209","fg0202","fg0728","fg0898","fg0653","fg0915","fg0499","fg0280","fg0616","fg0706","fg0727","fg0820","fg0701"
"fq000712","vx_bcea633bdba99075","fg0160","382","fg0005","fg0193","fg0796","fg0511","fg0792","fg0202","fg0917","fg0728","fg0209","fg0898","fg0280","fg0701","fg0572","fg0820","fg0842","fg0752","fg0915","fg0457","fg0727","fg0653"
"fq000713","vx_bcea633bdba99075","fg0160","204","fg0005","fg0511","fg0193","fg0796","fg0572","fg0917","fg0915","fg0280","fg0727","fg0202","fg0792","fg0209","fg0898","fg0728","fg0499","fg0049","fg0984","fg0680","fg0033","fg0909"
"fq000714","vx_bcea633bdba99075","fg0160","78","fg0511","fg0572","fg0202","fg0796","fg0412","fg0917","fg0898","fg0028","fg0927","fg0499","fg0883","fg0169","fg0209","fg0842","fg0955","fg0727","fg0396","fg0616","fg0036","fg0632"
"fq000715","vx_bcea633bdba99075","fg0160","210","fg0796","fg0005","fg0511","fg0193","fg0792","fg0572","fg0917","fg0209","fg0202","fg0915","fg0898","fg0499","fg0280","fg0904","fg0616","fg0727","fg0752","fg0049","fg0909","fg0232"
"fq000716","vx_bcea633bdba99075","fg0160","541","fg0796","fg0005","fg0193","fg0572","fg0209","fg0511","fg0499","fg0792","fg0917","fg0898","fg0202","fg0616","fg0706","fg0727","fg0915","fg0280","fg0820","fg0049","fg0728","fg0904"
"fq000717","vx_bcea633bdba99075","fg0160","359","fg0005","fg0796","fg0193","fg0511","fg0792","fg0917","fg0202","fg0209","fg0915","fg0653","fg0572","fg0728","fg0898","fg0727","fg0820","fg0752","fg0499","fg0545","fg0909","fg0701"
"fq000718","vx_bcea633bdba99075","fg0160","568","fg0511","fg0792","fg0796","fg0917","fg0232","fg0572","fg0005","fg0202","fg0680","fg0457","fg0209","fg0752","fg0915","fg0499","fg0727","fg0904","fg0280","fg0099","fg0193","fg0653"
"fq000719","vx_bcea633bdba99075","fg0160","87","fg0511","fg0761","fg0572","fg0796","fg0005","fg0792","fg0435","fg0917","fg0202","fg0457","fg0193","fg0444","fg0232","fg0280","fg0915","fg0752","fg0343","fg0680","fg0955","fg0049"
"fq000720","vx_bcea633bdba99075","fg0160","502","fg0792","fg0193","fg0796","fg0511","fg0005","fg0917","fg0202","fg0209","fg0457","fg0915","fg0572","fg0232","fg0752","fg0701","fg0820","fg0680","fg0728","fg0072","fg0898","fg0099"
"fq000721","vx_bcea633bdba99075","fg0160","3","fg0301","fg0131","fg0160","fg0687","fg0863","fg0667","fg0355","fg0491","fg0350","fg0511","fg0627","fg0505","fg0099","fg0403","fg0085","fg0533","fg0761","fg0572","fg0303","fg0916"
"fq000722","vx_bcea633bdba99075","fg0160","42","fg0927","fg0028","fg0883","fg0412","fg0169","fg0511","fg0193","fg0482","fg0005","fg0122","fg0796","fg0396","fg0917","fg0728","fg0202","fg0209","fg0435","fg0792","fg0572","fg0898"
"fq000723","vx_bcea633bdba99075","fg0160","228","fg0005","fg0796","fg0193","fg0792","fg0511","fg0917","fg0202","fg0209","fg0572","fg0499","fg0728","fg0898","fg0752","fg0232","fg0915","fg0457","fg0653","fg0701","fg0049","fg0616"
"fq000724","vx_bcea633bdba99075","fg0160","141","fg0193","fg0499","fg0005","fg0280","fg0796","fg0728","fg0980","fg0802","fg0202","fg0511","fg0898","fg0049","fg0624","fg0820","fg0506","fg0701","fg0917","fg0572","fg0209","fg0616"
"fq000725","vx_bcea633bdba99075","fg0160","689","fg0005","fg0792","fg0511","fg0193","fg0796","fg0917","fg0202","fg0915","fg0209","fg0572","fg0232","fg0898","fg0457","fg0280","fg0752","fg0499","fg0727","fg0728","fg0680","fg0072"
"fq000726","vx_bcea633bdba99075","fg0160","372","fg0005","fg0792","fg0511","fg0193","fg0796","fg0917","fg0202","fg0572","fg0209","fg0457","fg0915","fg0752","fg0232","fg0898","fg0701","fg0072","fg0728","fg0844","fg0820","fg0280"
"fq000727","vx_bcea633bdba99075","fg0160","733","fg0511","fg0572","fg0796","fg0499","fg0792","fg0917","fg0961","fg0752","fg0904","fg0202","fg0209","fg0915","fg0616","fg0232","fg0727","fg0632","fg0878","fg0005","fg0680","fg0898"
"fq000728","vx_bcea633bdba99075","fg0160","333","fg0792","fg0005","fg0796","fg0511","fg0193","fg0917","fg0457","fg0232","fg0202","fg0680","fg0572","fg0209","fg0915","fg0728","fg0752","fg0099","fg0280","fg0844","fg0072","fg0049"
"fq000729","vx_a88cd3f4a2ba4576","fg0161","1","fg0161","fg0719","fg0685","fg0263","fg0394","fg0132","fg0177","fg0620","fg0952","fg0624","fg0290","fg0499","fg0371","fg0639","fg0337","fg0782","fg0570","fg0203","fg0082","fg0417"
"fq000730","vx_a88cd3f4a2ba4576","fg0161","2","fg0719","fg0161","fg0685","fg0394","fg0132","fg0263","fg0177","fg0620","fg0952","fg0624","fg0290","fg0371","fg0074","fg0499","fg0337","fg0639","fg0056","fg0570","fg0755","fg0806"
"fq000731","vx_a88cd3f4a2ba4576","fg0161","2","fg0719","fg0161","fg0685","fg0263","fg0394","fg0177","fg0132","fg0620","fg0952","fg0624","fg0371","fg0639","fg0337","fg0499","fg0290","fg0782","fg0341","fg0900","fg0184","fg0082"
"fq000732","vx_a88cd3f4a2ba4576","fg0161","2","fg0719","fg0161","fg0685","fg0394","fg0263","fg0132","fg0177","fg0620","fg0952","fg0624","fg0639","fg0290","fg0371","fg0499","fg0570","fg0782","fg0056","fg0679","fg0366","fg0074"
"fq000733","vx_a88cd3f4a2ba4576","fg0161","1","fg0161","fg0719","fg0263","fg0685","fg0620","fg0394","fg0177","fg0371","fg0132","fg0952","fg0900","fg0624","fg0337","fg0499","fg0554","fg0639","fg0082","fg0122","fg0788","fg0290"
"fq000734","vx_a88cd3f4a2ba4576","fg0161","2","fg0719","fg0161","fg0685","fg0394","fg0263","fg0132","fg0177","fg0620","fg0074","fg0952","fg0624","fg0570","fg0371","fg0056","fg0755","fg0290","fg0806","fg0637","fg0838","fg0639"
"fq000735","vx_a88cd3f4a2ba4576","fg0161","1","fg0161","fg0719","fg0685","fg0263","fg0394","fg0620","fg0177","fg0132","fg0952","fg0499","fg0624","fg0371","fg0541","fg0639","fg0554","fg0203","fg0290","fg0782","fg0924","fg0679"
"fq000736","vx_be873a0e9bfafaf8","fg0162","1","fg0162","fg0720","fg0971","fg0683","fg0465","fg0858","fg0311","fg0876","fg0342","fg0046","fg0384","fg0626","fg0110","fg0951","fg0726","fg0502","fg0992","fg0492","fg0413","fg0781"
"fq000737","vx_be873a0e9bfafaf8","fg0162","1","fg0162","fg0720","fg0971","fg0683","fg0465","fg0311","fg0876","fg0342","fg0110","fg0951","fg0726","fg0492","fg0502","fg0626","fg0963","fg0413","fg0781","fg0497","fg0046","fg0992"
"fq000738","vx_16528a4161929acc","fg0163","1","fg0163","fg0662","fg0181","fg0517","fg0033","fg0865","fg0182","fg0528","fg0576","fg0357","fg0596","fg0072","fg0606","fg0516","fg0631","fg0598","fg0971","fg0497","fg0597","fg0470"
"fq000739","vx_16528a4161929acc","fg0163","1","fg0163","fg0662","fg0181","fg0517","fg0597","fg0865","fg0182","fg0357","fg0528","fg0033","fg0596","fg0576","fg0606","fg0971","fg0072","fg0376","fg0982","fg0598","fg0342","fg0539"
"fq000740","vx_16528a4161929acc","fg0163","69","fg0980","fg0385","fg0506","fg0722","fg0648","fg0941","fg0102","fg0499","fg0896","fg0192","fg0801","fg0957","fg0043","fg0945","fg0501","fg0136","fg0910","fg0112","fg0145","fg0156"
"fq000741","vx_16528a4161929acc","fg0163","1","fg0163","fg0662","fg0181","fg0517","fg0865","fg0528","fg0033","fg0182","fg0576","fg0357","fg0971","fg0631","fg0606","fg0596","fg0072","fg0582","fg0502","fg0497","fg0982","fg0598"
"fq000742","vx_16528a4161929acc","fg0163","1","fg0163","fg0662","fg0181","fg0517","fg0865","fg0597","fg0182","fg0528","fg0033","fg0357","fg0576","fg0596","fg0971","fg0606","fg0072","fg0376","fg0537","fg0470","fg0013","fg0982"
"fq000743","vx_71e08530987e07c2","fg0164","1","fg0164","fg0144","fg0977","fg0064","fg0465","fg0920","fg0969","fg0378","fg0889","fg0754","fg0645","fg0191","fg0574","fg0404","fg0458","fg0686","fg0865","fg0755","fg0559","fg0866"
"fq000744","vx_71e08530987e07c2","fg0164","1","fg0164","fg0144","fg0064","fg0977","fg0404","fg0574","fg0889","fg0378","fg0568","fg0866","fg0559","fg0902","fg0856","fg0969","fg0920","fg0465","fg0754","fg0755","fg0874","fg0191"
"fq000745","vx_71e08530987e07c2","fg0164","1","fg0164","fg0144","fg0064","fg0977","fg0920","fg0969","fg0574","fg0404","fg0465","fg0889","fg0610","fg0755","fg0280","fg0332","fg0865","fg0572","fg0191","fg0568","fg0390","fg0686"
"fq000746","vx_25a9b9305007c5cb","fg0165","1","fg0165","fg0107","fg0429","fg0459","fg0616","fg0253","fg0230","fg0215","fg0700","fg0833","fg0615","fg0602","fg0420","fg0222","fg0891","fg0493","fg0946","fg0472","fg0011","fg0610"
"fq000747","vx_8a0883d6f8c530ec","fg0166","1","fg0166","fg0999","fg0199","fg0463","fg0512","fg0142","fg0882","fg0053","fg0141","fg0601","fg0946","fg0221","fg0096","fg0723","fg0126","fg0531","fg0468","fg0117","fg0278","fg0900"
"fq000748","vx_8a0883d6f8c530ec","fg0166","1","fg0166","fg0999","fg0199","fg0463","fg0512","fg0142","fg0601","fg0882","fg0053","fg0946","fg0141","fg0221","fg0531","fg0096","fg0126","fg0468","fg0723","fg0230","fg0117","fg0268"
"fq000749","vx_8a0883d6f8c530ec","fg0166","1","fg0166","fg0999","fg0199","fg0463","fg0512","fg0142","fg0946","fg0221","fg0882","fg0141","fg0053","fg0601","fg0126","fg0531","fg0723","fg0468","fg0096","fg0900","fg0117","fg0115"
"fq000750","vx_8a0883d6f8c530ec","fg0166","1","fg0166","fg0999","fg0199","fg0463","fg0512","fg0142","fg0882","fg0601","fg0053","fg0221","fg0946","fg0141","fg0126","fg0096","fg0531","fg0723","fg0468","fg0900","fg0737","fg0117"
"fq000751","vx_1e788e51725a6561","fg0167","1","fg0167","fg0684","fg0318","fg0803","fg0573","fg0657","fg0856","fg0257","fg0696","fg0962","fg0574","fg0016","fg0914","fg0405","fg0225","fg0605","fg0182","fg0168","fg0256","fg0695"
"fq000752","vx_62eb026aab329fb0","fg0168","1","fg0168","fg0256","fg0476","fg0498","fg0636","fg0376","fg0851","fg0592","fg0191","fg0098","fg0504","fg0093","fg0152","fg0597","fg0965","fg0016","fg0114","fg0143","fg0195","fg0586"
"fq000753","vx_d5c75453fb8f2e73","fg0169","11","fg0606","fg0598","fg0269","fg0568","fg0970","fg0593","fg0003","fg0574","fg0807","fg0140","fg0169","fg0930","fg0291","fg0840","fg0153","fg0440","fg0809","fg0258","fg0078","fg0231"
"fq000754","vx_722f7eb668491b28","fg0170","1","fg0170","fg0844","fg0470","fg0901","fg0391","fg0422","fg0020","fg0309","fg0186","fg0174","fg0540","fg0725","fg0885","fg0205","fg0774","fg0763","fg0739","fg0340","fg0817","fg0275"
"fq000755","vx_df73b66e167501cd","fg0171","5","fg0778","fg0857","fg0551","fg0745","fg0171","fg0385","fg0490","fg0985","fg0553","fg0308","fg0024","fg0506","fg0460","fg0868","fg0427","fg0958","fg0715","fg0334","fg0573","fg0980"
"fq000756","vx_58d23a3f6861c0ed","fg0172","2","fg0229","fg0172","fg0712","fg0428","fg0608","fg0268","fg0408","fg0310","fg0558","fg0748","fg0011","fg0707","fg0873","fg0116","fg0653","fg0852","fg0048","fg0546","fg0386","fg0859"
"fq000757","vx_58d23a3f6861c0ed","fg0172","6","fg0229","fg0712","fg0011","fg0608","fg0268","fg0172","fg0428","fg0408","fg0453","fg0215","fg0345","fg0437","fg0859","fg0852","fg0546","fg0310","fg0748","fg0048","fg0669","fg0253"
"fq000758","vx_58d23a3f6861c0ed","fg0172","3","fg0229","fg0712","fg0172","fg0608","fg0268","fg0428","fg0011","fg0408","fg0859","fg0453","fg0310","fg0707","fg0748","fg0546","fg0852","fg0873","fg0653","fg0345","fg0048","fg0669"
"fq000759","vx_d6485a591fee2e54","fg0173","1","fg0173","fg0358","fg0054","fg0816","fg0440","fg0293","fg0930","fg0467","fg0846","fg0735","fg0450","fg0448","fg0607","fg0603","fg0978","fg0210","fg0737","fg0058","fg0006","fg0896"
"fq000760","vx_fbd4e9a19de844d4","fg0174","1","fg0174","fg0739","fg0763","fg0470","fg0020","fg0186","fg0885","fg0391","fg0963","fg0182","fg0901","fg0793","fg0170","fg0089","fg0329","fg0242","fg0943","fg0033","fg0774","fg0292"
"fq000761","vx_fbd4e9a19de844d4","fg0174","1","fg0174","fg0739","fg0763","fg0470","fg0020","fg0186","fg0182","fg0885","fg0662","fg0793","fg0033","fg0391","fg0170","fg0943","fg0089","fg0963","fg0962","fg0901","fg0339","fg0242"
"fq000762","vx_fbd4e9a19de844d4","fg0174","1","fg0174","fg0739","fg0763","fg0182","fg0470","fg0033","fg0242","fg0793","fg0662","fg0963","fg0962","fg0529","fg0020","fg0961","fg0186","fg0955","fg0943","fg0741","fg0349","fg0089"
"fq000763","vx_fbd4e9a19de844d4","fg0174","530","fg0896","fg0305","fg0156","fg0956","fg0980","fg0426","fg0722","fg0499","fg0996","fg0761","fg0385","fg0801","fg0112","fg0957","fg0648","fg0102","fg0136","fg0941","fg0192","fg0509"
"fq000764","vx_fbd4e9a19de844d4","fg0174","100","fg0426","fg0384","fg0156","fg0745","fg0815","fg0896","fg0194","fg0308","fg0405","fg0858","fg0955","fg0778","fg0513","fg0411","fg0385","fg0735","fg0956","fg0316","fg0976","fg0561"
"fq000765","vx_fbd4e9a19de844d4","fg0174","1","fg0174","fg0739","fg0763","fg0470","fg0020","fg0186","fg0885","fg0391","fg0170","fg0963","fg0182","fg0901","fg0793","fg0089","fg0943","fg0329","fg0242","fg0774","fg0033","fg0962"
"fq000766","vx_e06d4750794b56e5","fg0175","5","fg0424","fg0914","fg0657","fg0573","fg0175","fg0674","fg0385","fg0746","fg0416","fg0505","fg0783","fg0482","fg0745","fg0308","fg0147","fg0393","fg0920","fg0392","fg0300","fg0778"
"fq000767","vx_e06d4750794b56e5","fg0175","1","fg0175","fg0506","fg0147","fg0656","fg0737","fg0831","fg0751","fg0561","fg0490","fg0024","fg0385","fg0156","fg0214","fg0551","fg0745","fg0019","fg0980","fg0886","fg0857","fg0723"
"fq000768","vx_e06d4750794b56e5","fg0175","17","fg0496","fg0837","fg0031","fg0482","fg0218","fg0665","fg0522","fg0393","fg0423","fg0300","fg0223","fg0631","fg0728","fg0002","fg0049","fg0270","fg0175","fg0751","fg0117","fg0425"
"fq000769","vx_e06d4750794b56e5","fg0175","43","fg0002","fg0393","fg0391","fg0425","fg0711","fg0223","fg0300","fg0199","fg0674","fg0322","fg0482","fg0554","fg0920","fg0766","fg0904","fg0049","fg0138","fg0585","fg0702","fg0418"
"fq000770","vx_e06d4750794b56e5","fg0175","3","fg0778","fg0857","fg0175","fg0551","fg0745","fg0591","fg0868","fg0334","fg0308","fg0073","fg0385","fg0049","fg0423","fg0184","fg0024","fg0460","fg0490","fg0760","fg0728","fg0270"
"fq000771","vx_4db4f5257e412d6d","fg0176","88","fg0527","fg0541","fg0414","fg0451","fg0313","fg0050","fg0947","fg0183","fg0672","fg0789","fg0112","fg0175","fg0588","fg0379","fg0037","fg0506","fg0062","fg0262","fg0574","fg0499"
"fq000772","vx_809f3dc98db54a04","fg0177","4","fg0735","fg0467","fg0896","fg0177","fg0448","fg0887","fg0815","fg0978","fg0156","fg0006","fg0210","fg0812","fg0508","fg0421","fg0721","fg0719","fg0607","fg0394","fg0434","fg0084"
"fq000773","vx_809f3dc98db54a04","fg0177","1","fg0177","fg0719","fg0394","fg0263","fg0132","fg0161","fg0685","fg0952","fg0620","fg0993","fg0553","fg0875","fg0639","fg0236","fg0290","fg0122","fg0756","fg0698","fg0061","fg0023"
"fq000774","vx_3190e1a5b9ba4c1d","fg0178","1","fg0178","fg0698","fg0239","fg0944","fg0250","fg0108","fg0926","fg0364","fg0213","fg0304","fg0782","fg0231","fg0341","fg0840","fg0982","fg0006","fg0888","fg0862","fg0709","fg0212"
"fq000775","vx_7b71a5e2d27f57fa","fg0179","1","fg0179","fg0650","fg0917","fg0202","fg0753","fg0920","fg0005","fg0442","fg0380","fg0727","fg0585","fg0632","fg0511","fg0023","fg0499","fg0898","fg0465","fg0518","fg0830","fg0482"
"fq000776","vx_7b71a5e2d27f57fa","fg0179","1","fg0179","fg0442","fg0127","fg0650","fg0005","fg0567","fg0299","fg0332","fg0753","fg0727","fg0917","fg0920","fg0202","fg0528","fg0502","fg0136","fg0261","fg0445","fg0484","fg0447"
"fq000777","vx_7b71a5e2d27f57fa","fg0179","1","fg0179","fg0442","fg0484","fg0203","fg0371","fg0510","fg0494","fg0445","fg0950","fg0366","fg0654","fg0917","fg0271","fg0511","fg0273","fg0202","fg0332","fg0035","fg0261","fg0380"
"fq000778","vx_ece801dc614a0554","fg0180","3","fg0018","fg0778","fg0180","fg0062","fg0745","fg0037","fg0379","fg0857","fg0980","fg0547","fg0588","fg0894","fg0811","fg0533","fg0506","fg0724","fg0665","fg0679","fg0308","fg0837"
"fq000779","vx_ece801dc614a0554","fg0180","3","fg0037","fg0062","fg0180","fg0547","fg0018","fg0588","fg0533","fg0379","fg0811","fg0724","fg0822","fg0411","fg0894","fg0665","fg0731","fg0679","fg0027","fg0242","fg0262","fg0031"
"fq000780","vx_ece801dc614a0554","fg0180","6","fg0547","fg0037","fg0588","fg0062","fg0018","fg0180","fg0379","fg0533","fg0822","fg0811","fg0411","fg0724","fg0894","fg0665","fg0262","fg0679","fg0027","fg0031","fg0499","fg0745"
"fq000781","vx_ece801dc614a0554","fg0180","359","fg0731","fg0242","fg0870","fg0386","fg0653","fg0417","fg0546","fg0748","fg0961","fg0408","fg0859","fg0537","fg0344","fg0898","fg0608","fg0777","fg0229","fg0529","fg0626","fg0158"
"fq000782","vx_ece801dc614a0554","fg0180","66","fg0731","fg0242","fg0961","fg0344","fg0653","fg0386","fg0870","fg0777","fg0745","fg0408","fg0417","fg0529","fg0949","fg0748","fg0898","fg0036","fg0616","fg0626","fg0859","fg0073"
"fq000783","vx_ece801dc614a0554","fg0180","438","fg0731","fg0242","fg0870","fg0386","fg0417","fg0344","fg0408","fg0961","fg0748","fg0859","fg0546","fg0537","fg0581","fg0726","fg0229","fg0617","fg0453","fg0653","fg0608","fg0041"
"fq000784","vx_ece801dc614a0554","fg0180","2","fg0037","fg0180","fg0588","fg0533","fg0018","fg0062","fg0547","fg0724","fg0379","fg0822","fg0665","fg0811","fg0262","fg0894","fg0031","fg0541","fg0837","fg0411","fg0027","fg0679"
"fq000785","vx_1bf0db3c7bc5a373","fg0181","1","fg0181","fg0662","fg0182","fg0865","fg0962","fg0005","fg0163","fg0668","fg0033","fg0537","fg0470","fg0757","fg0821","fg0517","fg0241","fg0701","fg0124","fg0418","fg0793","fg0193"
"fq000786","vx_1bf0db3c7bc5a373","fg0181","2","fg0662","fg0181","fg0865","fg0182","fg0537","fg0163","fg0962","fg0470","fg0517","fg0668","fg0005","fg0418","fg0033","fg0757","fg0793","fg0821","fg0701","fg0528","fg0741","fg0124"
"fq000787","vx_1bf0db3c7bc5a373","fg0181","1","fg0181","fg0662","fg0182","fg0865","fg0668","fg0537","fg0517","fg0757","fg0798","fg0793","fg0977","fg0005","fg0308","fg0707","fg0470","fg0667","fg0728","fg0701","fg0033","fg0528"
"fq000788","vx_1bf0db3c7bc5a373","fg0181","1","fg0181","fg0662","fg0182","fg0865","fg0962","fg0668","fg0163","fg0005","fg0537","fg0470","fg0701","fg0757","fg0517","fg0793","fg0033","fg0728","fg0503","fg0193","fg0528","fg0241"
"fq000789","vx_1bf0db3c7bc5a373","fg0181","1","fg0181","fg0662","fg0182","fg0865","fg0962","fg0005","fg0668","fg0470","fg0163","fg0537","fg0033","fg0757","fg0701","fg0418","fg0517","fg0193","fg0793","fg0742","fg0241","fg0728"
"fq000790","vx_1bf0db3c7bc5a373","fg0181","1","fg0181","fg0662","fg0182","fg0865","fg0962","fg0005","fg0668","fg0537","fg0163","fg0470","fg0517","fg0793","fg0033","fg0728","fg0757","fg0503","fg0701","fg0528","fg0741","fg0193"
"fq000791","vx_1bf0db3c7bc5a373","fg0181","2","fg0662","fg0181","fg0865","fg0517","fg0537","fg0182","fg0962","fg0470","fg0163","fg0793","fg0367","fg0747","fg0809","fg0528","fg0757","fg0835","fg0221","fg0668","fg0005","fg0418"
"fq000792","vx_1bf0db3c7bc5a373","fg0181","1","fg0181","fg0662","fg0865","fg0182","fg0537","fg0470","fg0962","fg0163","fg0668","fg0757","fg0517","fg0033","fg0005","fg0418","fg0701","fg0793","fg0528","fg0241","fg0835","fg0809"
"fq000793","vx_1bf0db3c7bc5a373","fg0181","1","fg0181","fg0662","fg0865","fg0182","fg0537","fg0517","fg0962","fg0005","fg0163","fg0470","fg0757","fg0793","fg0728","fg0668","fg0033","fg0528","fg0835","fg0193","fg0367","fg0241"
"fq000794","vx_1bf0db3c7bc5a373","fg0181","396","fg0192","fg0102","fg0801","fg0945","fg0722","fg0648","fg0941","fg0043","fg0501","fg0996","fg0791","fg0136","fg0990","fg0956","fg0910","fg0838","fg0050","fg0878","fg0385","fg0610"
"fq000795","vx_1bf0db3c7bc5a373","fg0181","1","fg0181","fg0662","fg0182","fg0865","fg0962","fg0537","fg0005","fg0163","fg0470","fg0668","fg0033","fg0757","fg0517","fg0793","fg0418","fg0821","fg0241","fg0124","fg0835","fg0367"
"fq000796","vx_1bf0db3c7bc5a373","fg0181","2","fg0662","fg0181","fg0182","fg0865","fg0537","fg0668","fg0163","fg0470","fg0962","fg0033","fg0005","fg0757","fg0517","fg0418","fg0793","fg0241","fg0124","fg0701","fg0835","fg0821"
"fq000797","vx_1bf0db3c7bc5a373","fg0181","1","fg0181","fg0662","fg0182","fg0865","fg0962","fg0163","fg0005","fg0537","fg0668","fg0470","fg0033","fg0503","fg0517","fg0757","fg0821","fg0793","fg0124","fg0123","fg0701","fg0275"
"fq000798","vx_1bf0db3c7bc5a373","fg0181","1","fg0181","fg0662","fg0182","fg0865","fg0470","fg0537","fg0005","fg0517","fg0163","fg0962","fg0668","fg0033","fg0757","fg0793","fg0809","fg0367","fg0418","fg0728","fg0747","fg0528"
"fq000799","vx_1bf0db3c7bc5a373","fg0181","2","fg0662","fg0181","fg0182","fg0865","fg0163","fg0962","fg0033","fg0537","fg0668","fg0470","fg0005","fg0757","fg0517","fg0793","fg0821","fg0241","fg0418","fg0124","fg0701","fg0528"
"fq000800","vx_1bf0db3c7bc5a373","fg0181","1","fg0181","fg0662","fg0182","fg0865","fg0005","fg0470","fg0537","fg0980","fg0517","fg0757","fg0668","fg0728","fg0962","fg0612","fg0742","fg0033","fg0809","fg0421","fg0163","fg0331"
"fq000801","vx_1bf0db3c7bc5a373","fg0181","1","fg0181","fg0662","fg0182","fg0865","fg0537","fg0962","fg0005","fg0517","fg0163","fg0668","fg0470","fg0793","fg0757","fg0033","fg0418","fg0528","fg0701","fg0728","fg0241","fg0367"
"fq000802","vx_1bf0db3c7bc5a373","fg0181","2","fg0662","fg0181","fg0182","fg0865","fg0005","fg0537","fg0962","fg0668","fg0163","fg0033","fg0517","fg0470","fg0757","fg0793","fg0528","fg0241","fg0418","fg0701","fg0258","fg0367"
"fq000803","vx_1bf0db3c7bc5a373","fg0181","1","fg0181","fg0662","fg0182","fg0865","fg0005","fg0962","fg0668","fg0163","fg0537","fg0517","fg0470","fg0821","fg0757","fg0124","fg0193","fg0418","fg0701","fg0793","fg0033","fg0728"
"fq000804","vx_1bf0db3c7bc5a373","fg0181","1","fg0181","fg0662","fg0182","fg0865","fg0962","fg0005","fg0163","fg0537","fg0668","fg0470","fg0033","fg0517","fg0523","fg0757","fg0793","fg0699","fg0418","fg0057","fg0930","fg0528"
"fq000805","vx_1bf0db3c7bc5a373","fg0181","12","fg0722","fg0648","fg0102","fg0801","fg0941","fg0945","fg0501","fg0192","fg0043","fg0136","fg0910","fg0181","fg0662","fg0996","fg0956","fg0471","fg0610","fg0865","fg0385","fg0182"
"fq000806","vx_4ba19f9edc45c716","fg0182","30","fg0547","fg0062","fg0588","fg0037","fg0018","fg0180","fg0533","fg0411","fg0379","fg0811","fg0724","fg0822","fg0665","fg0894","fg0426","fg0679","fg0027","fg0745","fg0262","fg0031"
"fq000807","vx_4ba19f9edc45c716","fg0182","1","fg0182","fg0962","fg0662","fg0668","fg0757","fg0037","fg0181","fg0588","fg0062","fg0033","fg0180","fg0547","fg0242","fg0018","fg0835","fg0533","fg0241","fg0811","fg0793","fg0925"
"fq000808","vx_4ba19f9edc45c716","fg0182","1","fg0182","fg0333","fg0980","fg0962","fg0968","fg0241","fg0653","fg0327","fg0466","fg0242","fg0820","fg0835","fg0130","fg0033","fg0739","fg0569","fg0690","fg0936","fg0435","fg0668"
"fq000809","vx_4ba19f9edc45c716","fg0182","1","fg0182","fg0962","fg0662","fg0181","fg0668","fg0033","fg0757","fg0537","fg0865","fg0241","fg0835","fg0470","fg0242","fg0174","fg0793","fg0163","fg0167","fg0005","fg0950","fg0258"
"fq000810","vx_4ba19f9edc45c716","fg0182","1","fg0182","fg0962","fg0662","fg0668","fg0181","fg0033","fg0757","fg0835","fg0241","fg0537","fg0865","fg0950","fg0167","fg0242","fg0470","fg0005","fg0793","fg0327","fg0174","fg0258"
"fq000811","vx_4ba19f9edc45c716","fg0182","1","fg0182","fg0962","fg0662","fg0668","fg0181","fg0033","fg0757","fg0835","fg0241","fg0865","fg0470","fg0537","fg0242","fg0793","fg0925","fg0174","fg0005","fg0167","fg0163","fg0973"
"fq000812","vx_4ba19f9edc45c716","fg0182","1","fg0182","fg0962","fg0662","fg0181","fg0865","fg0033","fg0537","fg0757","fg0668","fg0470","fg0241","fg0835","fg0163","fg0793","fg0174","fg0517","fg0242","fg0367","fg0950","fg0167"
"fq000813","vx_4ba19f9edc45c716","fg0182","1","fg0182","fg0962","fg0662","fg0181","fg0865","fg0033","fg0968","fg0668","fg0241","fg0757","fg0835","fg0537","fg0327","fg0653","fg0130","fg0690","fg0470","fg0885","fg0242","fg0793"
"fq000814","vx_4ba19f9edc45c716","fg0182","1","fg0182","fg0962","fg0662","fg0181","fg0865","fg0033","fg0668","fg0968","fg0757","fg0537","fg0241","fg0470","fg0885","fg0835","fg0327","fg0130","fg0163","fg0690","fg0174","fg0653"
"fq000815","vx_4ba19f9edc45c716","fg0182","1","fg0182","fg0962","fg0662","fg0181","fg0033","fg0668","fg0865","fg0757","fg0241","fg0835","fg0537","fg0470","fg0793","fg0174","fg0163","fg0242","fg0167","fg0950","fg0005","fg0258"
"fq000816","vx_4ba19f9edc45c716","fg0182","74","fg0527","fg0745","fg0541","fg0037","fg0308","fg0778","fg0018","fg0385","fg0062","fg0588","fg0547","fg0679","fg0180","fg0262","fg0333","fg0811","fg0976","fg0857","fg0175","fg0073"
"fq000817","vx_4ba19f9edc45c716","fg0182","1","fg0182","fg0962","fg0662","fg0181","fg0668","fg0033","fg0865","fg0757","fg0537","fg0835","fg0241","fg0470","fg0793","fg0163","fg0174","fg0242","fg0167","fg0005","fg0950","fg0517"
"fq000818","vx_4ba19f9edc45c716","fg0182","1","fg0182","fg0962","fg0662","fg0181","fg0668","fg0242","fg0033","fg0757","fg0835","fg0005","fg0241","fg0865","fg0925","fg0167","fg0529","fg0537","fg0950","fg0793","fg0470","fg0701"
"fq000819","vx_4ba19f9edc45c716","fg0182","1","fg0182","fg0962","fg0662","fg0181","fg0668","fg0033","fg0865","fg0757","fg0835","fg0537","fg0241","fg0470","fg0793","fg0242","fg0174","fg0163","fg0167","fg0950","fg0005","fg0258"
"fq000820","vx_059c8acaa111180b","fg0183","270","fg0450","fg0320","fg0980","fg0506","fg0227","fg0708","fg0603","fg0175","fg0652","fg0828","fg0804","fg0902","fg0561","fg0542","fg0930","fg0831","fg0656","fg0760","fg0145","fg0156"
"fq000821","vx_059c8acaa111180b","fg0183","360","fg0980","fg0506","fg0145","fg0828","fg0767","fg0561","fg0760","fg0896","fg0133","fg0318","fg0084","fg0305","fg0175","fg0804","fg0666","fg0021","fg0684","fg0894","fg0401","fg0038"
"fq000822","vx_624d77ba65242baa","fg0184","1","fg0184","fg0097","fg0155","fg0368","fg0270","fg0423","fg0786","fg0599","fg0392","fg0035","fg0797","fg0073","fg0321","fg0666","fg0541","fg0682","fg0743","fg0620","fg0350","fg0416"
"fq000823","vx_624d77ba65242baa","fg0184","1","fg0184","fg0073","fg0161","fg0812","fg0719","fg0412","fg0049","fg0541","fg0873","fg0696","fg0915","fg0496","fg0757","fg0639","fg0122","fg0751","fg0589","fg0620","fg0486","fg0371"
"fq000824","vx_624d77ba65242baa","fg0184","1","fg0184","fg0097","fg0155","fg0368","fg0786","fg0599","fg0270","fg0423","fg0392","fg0666","fg0035","fg0797","fg0321","fg0073","fg0682","fg0954","fg0541","fg0743","fg0794","fg0620"
"fq000825","vx_624d77ba65242baa","fg0184","1","fg0184","fg0155","fg0368","fg0097","fg0786","fg0599","fg0666","fg0980","fg0797","fg0954","fg0743","fg0828","fg0804","fg0073","fg0794","fg0305","fg0851","fg0949","fg0331","fg0433"
"fq000826","vx_36176049f014b4a4","fg0185","1","fg0185","fg0508","fg0872","fg0922","fg0978","fg0737","fg0895","fg0966","fg0580","fg0216","fg0061","fg0345","fg0400","fg0487","fg0878","fg0979","fg0561","fg0120","fg0478","fg0933"
"fq000827","vx_36176049f014b4a4","fg0185","1","fg0185","fg0319","fg0473","fg0249","fg0285","fg0872","fg0101","fg0895","fg0726","fg0963","fg0216","fg0126","fg0580","fg0349","fg0410","fg0876","fg0911","fg0508","fg0472","fg0380"
"fq000828","vx_36176049f014b4a4","fg0185","1","fg0185","fg0722","fg0136","fg0102","fg0945","fg0648","fg0941","fg0501","fg0043","fg0801","fg0192","fg0910","fg0996","fg0471","fg0385","fg0956","fg0610","fg0872","fg0228","fg0672"
"fq000829","vx_36176049f014b4a4","fg0185","1","fg0185","fg0319","fg0872","fg0473","fg0726","fg0876","fg0249","fg0963","fg0895","fg0285","fg0580","fg0101","fg0126","fg0683","fg0042","fg0410","fg0349","fg0508","fg0216","fg0922"
"fq000830","vx_36176049f014b4a4","fg0185","331","fg0156","fg0405","fg0896","fg0978","fg0955","fg0483","fg0667","fg0509","fg0421","fg0886","fg0790","fg0508","fg0120","fg0218","fg0305","fg0070","fg0133","fg0024","fg0490","fg0252"
"fq000831","vx_36176049f014b4a4","fg0185","1","fg0185","fg0319","fg0473","fg0249","fg0285","fg0872","fg0895","fg0101","fg0580","fg0508","fg0126","fg0216","fg0410","fg0726","fg0922","fg0349","fg0472","fg0963","fg0307","fg0584"
"fq000832","vx_36176049f014b4a4","fg0185","1","fg0185","fg0895","fg0872","fg0508","fg0432","fg0876","fg0815","fg0216","fg0726","fg0791","fg0963","fg0922","fg0580","fg0812","fg0126","fg0472","fg0746","fg0319","fg0120","fg0486"
"fq000833","vx_36176049f014b4a4","fg0185","1","fg0185","fg0160","fg0301","fg0131","fg0863","fg0895","fg0350","fg0006","fg0355","fg0319","fg0216","fg0396","fg0412","fg0922","fg0687","fg0667","fg0028","fg0876","fg0580","fg0872"
"fq000834","vx_36176049f014b4a4","fg0185","1","fg0185","fg0319","fg0473","fg0249","fg0872","fg0285","fg0101","fg0895","fg0726","fg0508","fg0876","fg0216","fg0580","fg0963","fg0922","fg0126","fg0410","fg0584","fg0911","fg0683"
"fq000835","vx_36176049f014b4a4","fg0185","12","fg0978","fg0156","fg0120","fg0308","fg0372","fg0423","fg0432","fg0955","fg0006","fg0405","fg0481","fg0185","fg0392","fg0483","fg0508","fg0125","fg0798","fg0070","fg0990","fg0687"
"fq000836","vx_36176049f014b4a4","fg0185","1","fg0185","fg0319","fg0872","fg0473","fg0249","fg0895","fg0876","fg0726","fg0285","fg0963","fg0580","fg0101","fg0126","fg0410","fg0508","fg0216","fg0922","fg0349","fg0683","fg0754"
"fq000837","vx_36176049f014b4a4","fg0185","1","fg0185","fg0876","fg0720","fg0162","fg0683","fg0966","fg0971","fg0465","fg0726","fg0508","fg0872","fg0006","fg0963","fg0361","fg0551","fg0487","fg0281","fg0502","fg0372","fg0580"
"fq000838","vx_36176049f014b4a4","fg0185","1","fg0185","fg0136","fg0722","fg0876","fg0872","fg0102","fg0471","fg0501","fg0156","fg0192","fg0672","fg0966","fg0648","fg0941","fg0945","fg0726","fg0683","fg0910","fg0971","fg0996"
"fq000839","vx_36176049f014b4a4","fg0185","1","fg0185","fg0872","fg0895","fg0580","fg0963","fg0216","fg0876","fg0319","fg0966","fg0345","fg0726","fg0922","fg0349","fg0126","fg0508","fg0472","fg0410","fg0754","fg0791","fg0380"
"fq000840","vx_36176049f014b4a4","fg0185","1","fg0185","fg0319","fg0473","fg0249","fg0285","fg0101","fg0872","fg0895","fg0216","fg0410","fg0126","fg0580","fg0380","fg0726","fg0963","fg0876","fg0516","fg0584","fg0754","fg0717"
"fq000841","vx_36176049f014b4a4","fg0185","1","fg0185","fg0319","fg0473","fg0249","fg0872","fg0285","fg0895","fg0101","fg0580","fg0726","fg0126","fg0410","fg0963","fg0216","fg0349","fg0922","fg0876","fg0508","fg0584","fg0307"
"fq000842","vx_36176049f014b4a4","fg0185","1","fg0185","fg0319","fg0508","fg0249","fg0473","fg0895","fg0872","fg0580","fg0726","fg0345","fg0216","fg0101","fg0410","fg0285","fg0487","fg0305","fg0126","fg0281","fg0795","fg0876"
"fq000843","vx_36176049f014b4a4","fg0185","1","fg0185","fg0895","fg0872","fg0319","fg0922","fg0508","fg0410","fg0580","fg0216","fg0126","fg0791","fg0584","fg0966","fg0400","fg0726","fg0281","fg0472","fg0349","fg0487","fg0473"
"fq000844","vx_36176049f014b4a4","fg0185","1","fg0185","fg0319","fg0473","fg0249","fg0872","fg0895","fg0285","fg0101","fg0410","fg0126","fg0726","fg0580","fg0216","fg0963","fg0876","fg0349","fg0508","fg0380","fg0472","fg0516"
"fq000845","vx_36176049f014b4a4","fg0185","1","fg0185","fg0895","fg0319","fg0872","fg0876","fg0216","fg0726","fg0508","fg0580","fg0410","fg0345","fg0126","fg0473","fg0249","fg0963","fg0683","fg0754","fg0281","fg0922","fg0243"
"fq000846","vx_36176049f014b4a4","fg0185","1","fg0185","fg0319","fg0473","fg0249","fg0285","fg0101","fg0872","fg0895","fg0136","fg0216","fg0349","fg0126","fg0580","fg0602","fg0922","fg0156","fg0508","fg0410","fg0726","fg0963"
"fq000847","vx_36176049f014b4a4","fg0185","1","fg0185","fg0319","fg0872","fg0895","fg0249","fg0473","fg0580","fg0126","fg0410","fg0508","fg0726","fg0285","fg0216","fg0876","fg0349","fg0963","fg0472","fg0345","fg0101","fg0922"
"fq000848","vx_36176049f014b4a4","fg0185","1","fg0185","fg0319","fg0473","fg0249","fg0285","fg0101","fg0872","fg0895","fg0216","fg0726","fg0580","fg0963","fg0380","fg0922","fg0876","fg0126","fg0410","fg0508","fg0584","fg0349"
"fq000849","vx_36176049f014b4a4","fg0185","632","fg0028","fg0883","fg0927","fg0412","fg0169","fg0122","fg0482","fg0396","fg0321","fg0878","fg0825","fg0822","fg0722","fg0192","fg0886","fg0648","fg0941","fg0379","fg0102","fg0945"
"fq000850","vx_36176049f014b4a4","fg0185","1","fg0185","fg0319","fg0473","fg0249","fg0872","fg0285","fg0101","fg0136","fg0895","fg0349","fg0580","fg0922","fg0216","fg0126","fg0726","fg0508","fg0410","fg0472","fg0602","fg0876"
"fq000851","vx_36176049f014b4a4","fg0185","1","fg0185","fg0876","fg0872","fg0726","fg0683","fg0895","fg0720","fg0963","fg0162","fg0971","fg0508","fg0410","fg0580","fg0791","fg0922","fg0126","fg0465","fg0281","fg0966","fg0216"
"fq000852","vx_36176049f014b4a4","fg0185","10","fg0156","fg0405","fg0955","fg0432","fg0978","fg0106","fg0120","fg0218","fg0308","fg0185","fg0745","fg0508","fg0483","fg0481","fg0930","fg0868","fg0631","fg0958","fg0896","fg0778"
"fq000853","vx_36176049f014b4a4","fg0185","1","fg0185","fg0872","fg0319","fg0895","fg0410","fg0473","fg0876","fg0126","fg0726","fg0249","fg0580","fg0963","fg0216","fg0508","fg0683","fg0285","fg0922","fg0791","fg0101","fg0584"
"fq000854","vx_36176049f014b4a4","fg0185","1","fg0185","fg0895","fg0872","fg0410","fg0922","fg0126","fg0726","fg0580","fg0791","fg0876","fg0963","fg0319","fg0508","fg0216","fg0584","fg0380","fg0878","fg0933","fg0683","fg0472"
"fq000855","vx_36176049f014b4a4","fg0185","1","fg0185","fg0872","fg0895","fg0876","fg0726","fg0922","fg0580","fg0963","fg0410","fg0126","fg0878","fg0508","fg0791","fg0216","fg0683","fg0584","fg0319","fg0472","fg0281","fg0400"
"fq000856","vx_36176049f014b4a4","fg0185","1","fg0185","fg0895","fg0872","fg0508","fg0006","fg0876","fg0580","fg0405","fg0216","fg0432","fg0472","fg0120","fg0922","fg0726","fg0319","fg0410","fg0963","fg0791","fg0345","fg0126"
"fq000857","vx_26d2f0afa1bebe35","fg0186","1","fg0186","fg0076","fg0289","fg0146","fg0885","fg0879","fg0774","fg0391","fg0901","fg0174","fg0470","fg0020","fg0636","fg0170","fg0763","fg0739","fg0624","fg0205","fg0569","fg0143"
"fq000858","vx_f39ed43ed2fd32a9","fg0187","1","fg0187","fg0722","fg0257","fg0136","fg0945","fg0648","fg0102","fg0941","fg0192","fg0501","fg0801","fg0385","fg0043","fg0910","fg0610","fg0032","fg0956","fg0258","fg0996","fg0847"
"fq000859","vx_f39ed43ed2fd32a9","fg0187","1","fg0187","fg0257","fg0679","fg0866","fg0258","fg0021","fg0847","fg0869","fg0032","fg0912","fg0629","fg0201","fg0276","fg0986","fg0640","fg0997","fg0583","fg0090","fg0625","fg0150"
"fq000860","vx_f39ed43ed2fd32a9","fg0187","1","fg0187","fg0257","fg0323","fg0832","fg0032","fg0258","fg0413","fg0307","fg0795","fg0986","fg0150","fg0847","fg0235","fg0441","fg0580","fg0563","fg0860","fg0613","fg0738","fg0679"
"fq000861","vx_8b7a69f624e1a65f","fg0188","354","fg0215","fg0833","fg0602","fg0011","fg0253","fg0222","fg0882","fg0493","fg0165","fg0437","fg0107","fg0459","fg0503","fg0001","fg0395","fg0472","fg0520","fg0610","fg0616","fg0115"
"fq000862","vx_4860bf36cb98ead3","fg0189","1","fg0189","fg0009","fg0137","fg0111","fg0234","fg0266","fg0713","fg0078","fg0771","fg0912","fg0304","fg0995","fg0881","fg0877","fg0369","fg0964","fg0593","fg0994","fg0956","fg0560"
"fq000863","vx_185f4683078dcd40","fg0190","10","fg0040","fg0362","fg0841","fg0316","fg0260","fg0426","fg0411","fg0996","fg0079","fg0190","fg0491","fg0270","fg0077","fg0956","fg0961","fg0298","fg0979","fg0670","fg0699","fg0511"
"fq000864","vx_01f1a48c4da6327d","fg0191","1","fg0191","fg0831","fg0591","fg0334","fg0747","fg0195","fg0907","fg0438","fg0517","fg0117","fg0106","fg0211","fg0367","fg0126","fg0426","fg0841","fg0631","fg0537","fg0793","fg0476"
"fq000865","vx_01f1a48c4da6327d","fg0191","15","fg0798","fg0977","fg0438","fg0343","fg0169","fg0444","fg0822","fg0334","fg0591","fg0204","fg0211","fg0747","fg0435","fg0156","fg0191","fg0978","fg0831","fg0896","fg0886","fg0478"
"fq000866","vx_01f1a48c4da6327d","fg0191","1","fg0191","fg0831","fg0591","fg0438","fg0907","fg0334","fg0195","fg0747","fg0106","fg0211","fg0761","fg0117","fg0388","fg0025","fg0798","fg0800","fg0161","fg0476","fg0592","fg0822"
"fq000867","vx_01f1a48c4da6327d","fg0191","1","fg0191","fg0831","fg0334","fg0591","fg0747","fg0517","fg0195","fg0907","fg0117","fg0367","fg0438","fg0793","fg0126","fg0537","fg0631","fg0106","fg0211","fg0528","fg0662","fg0865"
"fq000868","vx_01f1a48c4da6327d","fg0191","2","fg0334","fg0191","fg0831","fg0591","fg0747","fg0195","fg0517","fg0907","fg0438","fg0367","fg0117","fg0211","fg0537","fg0106","fg0793","fg0865","fg0126","fg0528","fg0631","fg0662"
"fq000869","vx_01f1a48c4da6327d","fg0191","2","fg0831","fg0191","fg0334","fg0591","fg0747","fg0907","fg0438","fg0211","fg0195","fg0106","fg0117","fg0156","fg0517","fg0126","fg0631","fg0367","fg0896","fg0675","fg0741","fg0978"
"fq000870","vx_01f1a48c4da6327d","fg0191","1","fg0191","fg0831","fg0591","fg0334","fg0195","fg0907","fg0747","fg0438","fg0211","fg0106","fg0501","fg0941","fg0722","fg0102","fg0648","fg0945","fg0117","fg0801","fg0517","fg0910"
"fq000871","vx_01f1a48c4da6327d","fg0191","1","fg0191","fg0831","fg0591","fg0195","fg0334","fg0907","fg0438","fg0747","fg0211","fg0106","fg0117","fg0517","fg0476","fg0388","fg0256","fg0498","fg0513","fg0168","fg0376","fg0025"
"fq000872","vx_01f1a48c4da6327d","fg0191","3","fg0831","fg0747","fg0191","fg0334","fg0367","fg0591","fg0517","fg0675","fg0117","fg0126","fg0438","fg0907","fg0631","fg0195","fg0537","fg0142","fg0211","fg0528","fg0741","fg0865"
"fq000873","vx_01f1a48c4da6327d","fg0191","2","fg0996","fg0191","fg0316","fg0362","fg0831","fg0040","fg0841","fg0334","fg0260","fg0411","fg0591","fg0722","fg0491","fg0801","fg0747","fg0426","fg0195","fg0501","fg0648","fg0956"
"fq000874","vx_01f1a48c4da6327d","fg0191","1","fg0191","fg0831","fg0591","fg0334","fg0747","fg0195","fg0907","fg0438","fg0517","fg0117","fg0211","fg0367","fg0106","fg0793","fg0126","fg0537","fg0476","fg0256","fg0376","fg0498"
"fq000875","vx_01f1a48c4da6327d","fg0191","1","fg0191","fg0334","fg0831","fg0591","fg0438","fg0747","fg0195","fg0907","fg0211","fg0106","fg0388","fg0517","fg0204","fg0675","fg0117","fg0798","fg0631","fg0343","fg0367","fg0822"
"fq000876","vx_01f1a48c4da6327d","fg0191","1","fg0191","fg0831","fg0195","fg0334","fg0591","fg0907","fg0438","fg0747","fg0211","fg0106","fg0476","fg0256","fg0498","fg0517","fg0388","fg0117","fg0513","fg0168","fg0025","fg0376"
"fq000877","vx_01f1a48c4da6327d","fg0191","1","fg0191","fg0831","fg0334","fg0591","fg0195","fg0747","fg0907","fg0438","fg0211","fg0117","fg0106","fg0517","fg0025","fg0367","fg0793","fg0388","fg0126","fg0865","fg0513","fg0537"
"fq000878","vx_01f1a48c4da6327d","fg0191","5","fg0334","fg0747","fg0591","fg0517","fg0191","fg0831","fg0990","fg0117","fg0367","fg0631","fg0522","fg0142","fg0126","fg0528","fg0793","fg0662","fg0537","fg0221","fg0438","fg0025"
"fq000879","vx_01f1a48c4da6327d","fg0191","2","fg0831","fg0191","fg0334","fg0591","fg0438","fg0747","fg0025","fg0195","fg0907","fg0627","fg0211","fg0106","fg0050","fg0117","fg0517","fg0672","fg0388","fg0589","fg0749","fg0426"
"fq000880","vx_01f1a48c4da6327d","fg0191","1","fg0191","fg0831","fg0591","fg0334","fg0907","fg0195","fg0438","fg0747","fg0106","fg0211","fg0117","fg0388","fg0517","fg0025","fg0024","fg0476","fg0175","fg0521","fg0675","fg0498"
"fq000881","vx_01f1a48c4da6327d","fg0191","1","fg0191","fg0831","fg0591","fg0334","fg0195","fg0907","fg0747","fg0438","fg0211","fg0106","fg0117","fg0476","fg0256","fg0498","fg0168","fg0388","fg0376","fg0025","fg0517","fg0513"
"fq000882","vx_01f1a48c4da6327d","fg0191","4","fg0334","fg0907","fg0195","fg0191","fg0211","fg0438","fg0831","fg0747","fg0591","fg0513","fg0106","fg0367","fg0631","fg0517","fg0793","fg0955","fg0025","fg0126","fg0388","fg0142"
"fq000883","vx_01f1a48c4da6327d","fg0191","2","fg0334","fg0191","fg0831","fg0747","fg0591","fg0367","fg0675","fg0438","fg0517","fg0211","fg0907","fg0195","fg0117","fg0126","fg0631","fg0106","fg0142","fg0314","fg0793","fg0528"
"fq000884","vx_01f1a48c4da6327d","fg0191","2","fg0831","fg0191","fg0334","fg0591","fg0747","fg0907","fg0675","fg0195","fg0438","fg0211","fg0631","fg0367","fg0117","fg0106","fg0517","fg0126","fg0513","fg0224","fg0741","fg0388"
"fq000885","vx_01f1a48c4da6327d","fg0191","4","fg0831","fg0204","fg0747","fg0191","fg0334","fg0591","fg0421","fg0401","fg0975","fg0438","fg0517","fg0896","fg0907","fg0117","fg0887","fg0195","fg0675","fg0367","fg0156","fg0211"
"fq000886","vx_01f1a48c4da6327d","fg0191","1","fg0191","fg0334","fg0831","fg0591","fg0907","fg0747","fg0195","fg0438","fg0211","fg0117","fg0106","fg0517","fg0388","fg0631","fg0126","fg0513","fg0367","fg0793","fg0675","fg0741"
"fq000887","vx_01f1a48c4da6327d","fg0191","1","fg0191","fg0831","fg0591","fg0334","fg0195","fg0747","fg0907","fg0438","fg0117","fg0211","fg0106","fg0517","fg0476","fg0256","fg0498","fg0388","fg0367","fg0376","fg0168","fg0126"
"fq000888","vx_01f1a48c4da6327d","fg0191","9","fg0776","fg0233","fg0474","fg0433","fg0350","fg0693","fg0831","fg0416","fg0191","fg0438","fg0591","fg0334","fg0747","fg0907","fg0195","fg0211","fg0321","fg0980","fg0106","fg0388"
"fq000889","vx_01f1a48c4da6327d","fg0191","5","fg0831","fg0747","fg0334","fg0517","fg0191","fg0367","fg0591","fg0156","fg0211","fg0142","fg0438","fg0126","fg0117","fg0907","fg0195","fg0793","fg0896","fg0631","fg0728","fg0528"
"fq000890","vx_01f1a48c4da6327d","fg0191","4","fg0747","fg0334","fg0831","fg0191","fg0517","fg0367","fg0591","fg0117","fg0126","fg0631","fg0142","fg0438","fg0528","fg0907","fg0793","fg0195","fg0537","fg0211","fg0675","fg0741"
"fq000891","vx_01f1a48c4da6327d","fg0191","1","fg0191","fg0831","fg0591","fg0334","fg0195","fg0747","fg0907","fg0438","fg0211","fg0117","fg0106","fg0517","fg0476","fg0256","fg0388","fg0498","fg0376","fg0168","fg0367","fg0513"
"fq000892","vx_01f1a48c4da6327d","fg0191","6","fg0421","fg0831","fg0747","fg0334","fg0896","fg0191","fg0907","fg0438","fg0591","fg0517","fg0195","fg0401","fg0509","fg0112","fg0631","fg0980","fg0433","fg0204","fg0305","fg0211"
"fq000893","vx_01f1a48c4da6327d","fg0191","9","fg0831","fg0747","fg0675","fg0367","fg0438","fg0334","fg0444","fg0314","fg0191","fg0211","fg0195","fg0156","fg0907","fg0591","fg0204","fg0656","fg0305","fg0896","fg0631","fg0175"
"fq000894","vx_01f1a48c4da6327d","fg0191","1","fg0191","fg0831","fg0591","fg0334","fg0195","fg0907","fg0747","fg0438","fg0211","fg0106","fg0117","fg0476","fg0388","fg0498","fg0256","fg0517","fg0168","fg0376","fg0025","fg0002"
"fq000895","vx_01f1a48c4da6327d","fg0191","1","fg0191","fg0831","fg0591","fg0334","fg0747","fg0195","fg0907","fg0438","fg0117","fg0211","fg0106","fg0476","fg0256","fg0498","fg0517","fg0168","fg0376","fg0367","fg0025","fg0513"
"fq000896","vx_01f1a48c4da6327d","fg0191","10","fg0675","fg0204","fg0314","fg0367","fg0444","fg0334","fg0156","fg0591","fg0831","fg0191","fg0868","fg0238","fg0401","fg0747","fg0211","fg0421","fg0438","fg0789","fg0975","fg0811"
"fq000897","vx_01f1a48c4da6327d","fg0191","2","fg0831","fg0191","fg0334","fg0591","fg0747","fg0675","fg0117","fg0438","fg0517","fg0367","fg0195","fg0907","fg0126","fg0211","fg0184","fg0631","fg0142","fg0513","fg0528","fg0537"
"fq000898","vx_01f1a48c4da6327d","fg0191","1","fg0191","fg0831","fg0591","fg0334","fg0747","fg0117","fg0517","fg0195","fg0367","fg0438","fg0907","fg0793","fg0126","fg0211","fg0073","fg0106","fg0537","fg0865","fg0528","fg0142"
"fq000899","vx_01f1a48c4da6327d","fg0191","1","fg0191","fg0831","fg0591","fg0747","fg0334","fg0907","fg0195","fg0438","fg0106","fg0211","fg0476","fg0517","fg0256","fg0117","fg0498","fg0168","fg0025","fg0376","fg0388","fg0513"
"fq000900","vx_01f1a48c4da6327d","fg0191","43","fg0305","fg0831","fg0656","fg0980","fg0896","fg0509","fg0204","fg0112","fg0791","fg0421","fg0675","fg0506","fg0957","fg0156","fg0561","fg0314","fg0747","fg0444","fg0133","fg0828"
"fq000901","vx_01f1a48c4da6327d","fg0191","16","fg0362","fg0316","fg0040","fg0841","fg0491","fg0996","fg0260","fg0426","fg0411","fg0079","fg0956","fg0667","fg0699","fg0334","fg0907","fg0191","fg0211","fg0523","fg0057","fg0896"
"fq000902","vx_01f1a48c4da6327d","fg0191","1","fg0191","fg0831","fg0591","fg0334","fg0195","fg0907","fg0438","fg0747","fg0211","fg0106","fg0117","fg0476","fg0388","fg0256","fg0498","fg0168","fg0517","fg0376","fg0025","fg0513"
"fq000903","vx_01f1a48c4da6327d","fg0191","20","fg0675","fg0156","fg0444","fg0314","fg0204","fg0367","fg0238","fg0831","fg0811","fg0656","fg0184","fg0428","fg0778","fg0334","fg0270","fg0868","fg0211","fg0896","fg0385","fg0191"
"fq000904","vx_01f1a48c4da6327d","fg0191","2","fg0831","fg0191","fg0747","fg0334","fg0438","fg0591","fg0907","fg0106","fg0980","fg0195","fg0175","fg0211","fg0506","fg0517","fg0117","fg0145","fg0896","fg0751","fg0672","fg0025"
"fq000905","vx_01f1a48c4da6327d","fg0191","2","fg0831","fg0191","fg0334","fg0591","fg0522","fg0747","fg0837","fg0438","fg0211","fg0195","fg0500","fg0907","fg0106","fg0159","fg0672","fg0846","fg0117","fg0025","fg0841","fg0227"
"fq000906","vx_c1b25b28e503ae28","fg0192","64","fg0440","fg0930","fg0173","fg0358","fg0054","fg0345","fg0535","fg0159","fg0816","fg0846","fg0837","fg0402","fg0606","fg0249","fg0293","fg0749","fg0133","fg0970","fg0544","fg0911"
"fq000907","vx_dd907b77993501be","fg0193","1","fg0193","fg0728","fg0041","fg0932","fg0409","fg0984","fg0268","fg0631","fg0443","fg0531","fg0449","fg0634","fg0377","fg0835","fg0992","fg0117","fg0005","fg0367","fg0566","fg0181"
"fq000908","vx_197ed2deba1ca79e","fg0194","1","fg0194","fg0052","fg0084","fg0983","fg0758","fg0825","fg0252","fg0509","fg0864","fg0296","fg0993","fg0210","fg0419","fg0727","fg0842","fg0396","fg0069","fg0347","fg0436","fg0860"
"fq000909","vx_ee919c2dffe0c71e","fg0195","1","fg0195","fg0576","fg0232","fg0907","fg0438","fg0334","fg0517","fg0591","fg0211","fg0191","fg0766","fg0388","fg0752","fg0513","fg0631","fg0792","fg0287","fg0390","fg0024","fg0106"
"fq000910","vx_adf8118ec20aaad5","fg0196","1","fg0196","fg0035","fg0366","fg0494","fg0271","fg0203","fg0423","fg0950","fg0331","fg0834","fg0562","fg0548","fg0502","fg0576","fg0784","fg0371","fg0260","fg0484","fg0333","fg0479"
"fq000911","vx_adf8118ec20aaad5","fg0196","1","fg0196","fg0035","fg0494","fg0366","fg0423","fg0203","fg0834","fg0548","fg0271","fg0950","fg0784","fg0562","fg0884","fg0283","fg0976","fg0034","fg0479","fg0484","fg0331","fg0371"
"fq000912","vx_315fba10c6127837","fg0197","1","fg0197","fg0919","fg0710","fg0284","fg0818","fg0063","fg0455","fg0263","fg0719","fg0736","fg0584","fg0121","fg0087","fg0560","fg0347","fg0230","fg0508","fg0412","fg0595","fg0859"
"fq000913","vx_315fba10c6127837","fg0197","1","fg0197","fg0710","fg0919","fg0284","fg0818","fg0063","fg0624","fg0885","fg0121","fg0569","fg0059","fg0719","fg0130","fg0763","fg0859","fg0968","fg0455","fg0242","fg0961","fg0690"
"fq000914","vx_315fba10c6127837","fg0197","1","fg0197","fg0919","fg0284","fg0710","fg0818","fg0063","fg0455","fg0263","fg0736","fg0230","fg0740","fg0595","fg0073","fg0087","fg0825","fg0719","fg0347","fg0269","fg0671","fg0064"
"fq000915","vx_315fba10c6127837","fg0197","1","fg0197","fg0919","fg0284","fg0710","fg0102","fg0941","fg0945","fg0722","fg0648","fg0801","fg0192","fg0043","fg0501","fg0063","fg0818","fg0910","fg0136","fg0996","fg0385","fg0455"
"fq000916","vx_315fba10c6127837","fg0197","1","fg0197","fg0919","fg0710","fg0284","fg0818","fg0063","fg0455","fg0263","fg0719","fg0584","fg0508","fg0736","fg0560","fg0595","fg0230","fg0347","fg0412","fg0328","fg0290","fg0087"
"fq000917","vx_315fba10c6127837","fg0197","1","fg0197","fg0919","fg0284","fg0710","fg0818","fg0063","fg0455","fg0102","fg0945","fg0941","fg0722","fg0043","fg0648","fg0801","fg0192","fg0263","fg0910","fg0501","fg0136","fg0412"
"fq000918","vx_315fba10c6127837","fg0197","1","fg0197","fg0919","fg0710","fg0284","fg0818","fg0063","fg0455","fg0736","fg0263","fg0230","fg0087","fg0595","fg0719","fg0740","fg0671","fg0073","fg0255","fg0725","fg0177","fg0695"
"fq000919","vx_315fba10c6127837","fg0197","1","fg0197","fg0919","fg0284","fg0710","fg0818","fg0063","fg0980","fg0957","fg0263","fg0455","fg0719","fg0541","fg0499","fg0018","fg0073","fg0305","fg0112","fg0506","fg0290","fg0145"
"fq000920","vx_315fba10c6127837","fg0197","17","fg0722","fg0102","fg0648","fg0941","fg0801","fg0945","fg0501","fg0192","fg0043","fg0910","fg0136","fg0996","fg0385","fg0956","fg0471","fg0610","fg0197","fg0919","fg0284","fg0710"
"fq000921","vx_315fba10c6127837","fg0197","1","fg0197","fg0919","fg0710","fg0284","fg0818","fg0063","fg0455","fg0569","fg0130","fg0968","fg0885","fg0690","fg0466","fg0263","fg0294","fg0736","fg0719","fg0624","fg0740","fg0304"
"fq000922","vx_315fba10c6127837","fg0197","73","fg0722","fg0945","fg0192","fg0801","fg0102","fg0043","fg0501","fg0648","fg0941","fg0136","fg0996","fg0910","fg0667","fg0131","fg0956","fg0533","fg0863","fg0471","fg0037","fg0610"
"fq000923","vx_315fba10c6127837","fg0197","13","fg0941","fg0102","fg0648","fg0945","fg0801","fg0722","fg0501","fg0043","fg0192","fg0910","fg0136","fg0919","fg0197","fg0996","fg0284","fg0385","fg0710","fg0471","fg0956","fg0610"
"fq000924","vx_315fba10c6127837","fg0197","1","fg0197","fg0919","fg0284","fg0710","fg0818","fg0063","fg0455","fg0263","fg0290","fg0719","fg0671","fg0269","fg0574","fg0347","fg0412","fg0736","fg0121","fg0508","fg0790","fg0541"
"fq000925","vx_315fba10c6127837","fg0197","1","fg0197","fg0919","fg0710","fg0284","fg0818","fg0063","fg0263","fg0455","fg0719","fg0290","fg0121","fg0269","fg0790","fg0508","fg0347","fg0560","fg0667","fg0574","fg0541","fg0161"
"fq000926","vx_315fba10c6127837","fg0197","1","fg0197","fg0919","fg0284","fg0710","fg0818","fg0263","fg0063","fg0719","fg0574","fg0290","fg0541","fg0121","fg0508","fg0455","fg0073","fg0560","fg0568","fg0584","fg0328","fg0412"
"fq000927","vx_533a914f811b8efd","fg0198","1","fg0198","fg0843","fg0718","fg0558","fg0071","fg0873","fg0656","fg0360","fg0815","fg0529","fg0223","fg0352","fg0335","fg0581","fg0295","fg0935","fg0849","fg0238","fg0805","fg0812"
"fq000928","vx_533a914f811b8efd","fg0198","1","fg0198","fg0815","fg0656","fg0887","fg0843","fg0434","fg0812","fg0718","fg0071","fg0558","fg0421","fg0873","fg0120","fg0360","fg0112","fg0493","fg0486","fg0177","fg0223","fg0805"
"fq000929","vx_533a914f811b8efd","fg0198","1","fg0198","fg0843","fg0718","fg0071","fg0558","fg0873","fg0656","fg0360","fg0581","fg0529","fg0352","fg0295","fg0223","fg0335","fg0617","fg0815","fg0715","fg0812","fg0849","fg0622"
"fq000930","vx_533a914f811b8efd","fg0198","1","fg0198","fg0843","fg0718","fg0071","fg0558","fg0656","fg0873","fg0360","fg0529","fg0815","fg0223","fg0352","fg0581","fg0295","fg0335","fg0849","fg0812","fg0805","fg0622","fg0120"
"fq000931","vx_533a914f811b8efd","fg0198","1","fg0198","fg0843","fg0718","fg0558","fg0071","fg0656","fg0873","fg0360","fg0529","fg0581","fg0352","fg0223","fg0295","fg0335","fg0815","fg0725","fg0617","fg0715","fg0849","fg0622"
"fq000932","vx_533a914f811b8efd","fg0198","1","fg0198","fg0815","fg0028","fg0883","fg0927","fg0412","fg0169","fg0843","fg0558","fg0812","fg0122","fg0873","fg0656","fg0071","fg0718","fg0887","fg0434","fg0482","fg0486","fg0223"
"fq000933","vx_533a914f811b8efd","fg0198","1","fg0198","fg0843","fg0718","fg0071","fg0558","fg0873","fg0360","fg0656","fg0529","fg0352","fg0295","fg0581","fg0335","fg0955","fg0120","fg0223","fg0715","fg0842","fg0815","fg0622"
"fq000934","vx_533a914f811b8efd","fg0198","1","fg0198","fg0815","fg0812","fg0434","fg0887","fg0843","fg0558","fg0718","fg0656","fg0873","fg0223","fg0771","fg0120","fg0071","fg0266","fg0805","fg0360","fg0631","fg0935","fg0421"
"fq000935","vx_533a914f811b8efd","fg0198","1","fg0198","fg0815","fg0434","fg0812","fg0887","fg0656","fg0631","fg0120","fg0223","fg0486","fg0112","fg0612","fg0935","fg0805","fg0843","fg0558","fg0483","fg0306","fg0956","fg0071"
"fq000936","vx_533a914f811b8efd","fg0198","1","fg0198","fg0843","fg0718","fg0558","fg0071","fg0656","fg0360","fg0873","fg0815","fg0434","fg0120","fg0812","fg0223","fg0352","fg0887","fg0529","fg0335","fg0295","fg0805","fg0956"
"fq000937","vx_533a914f811b8efd","fg0198","1","fg0198","fg0843","fg0718","fg0656","fg0558","fg0071","fg0815","fg0873","fg0887","fg0812","fg0360","fg0434","fg0120","fg0529","fg0295","fg0581","fg0223","fg0421","fg0352","fg0771"
"fq000938","vx_533a914f811b8efd","fg0198","15","fg0815","fg0156","fg0887","fg0956","fg0434","fg0955","fg0405","fg0120","fg0812","fg0896","fg0483","fg0421","fg0266","fg0308","fg0198","fg0631","fg0978","fg0112","fg0491","fg0996"
"fq000939","vx_533a914f811b8efd","fg0198","1","fg0198","fg0843","fg0718","fg0558","fg0071","fg0656","fg0815","fg0873","fg0223","fg0360","fg0529","fg0581","fg0352","fg0238","fg0295","fg0849","fg0812","fg0675","fg0935","fg0805"
"fq000940","vx_533a914f811b8efd","fg0198","1","fg0198","fg0843","fg0718","fg0071","fg0558","fg0873","fg0656","fg0581","fg0529","fg0360","fg0352","fg0295","fg0335","fg0617","fg0715","fg0223","fg0622","fg0725","fg0417","fg0744"
"fq000941","vx_533a914f811b8efd","fg0198","15","fg0815","fg0887","fg0434","fg0812","fg0305","fg0112","fg0421","fg0656","fg0980","fg0120","fg0433","fg0156","fg0493","fg0896","fg0198","fg0486","fg0084","fg0956","fg0631","fg0612"
"fq000942","vx_533a914f811b8efd","fg0198","1","fg0198","fg0843","fg0718","fg0558","fg0071","fg0873","fg0656","fg0812","fg0815","fg0360","fg0529","fg0223","fg0581","fg0352","fg0887","fg0295","fg0434","fg0120","fg0335","fg0715"
"fq000943","vx_533a914f811b8efd","fg0198","1","fg0198","fg0815","fg0120","fg0432","fg0812","fg0656","fg0955","fg0434","fg0887","fg0843","fg0631","fg0156","fg0956","fg0372","fg0718","fg0558","fg0405","fg0421","fg0071","fg0335"
"fq000944","vx_533a914f811b8efd","fg0198","1","fg0198","fg0843","fg0558","fg0815","fg0718","fg0071","fg0656","fg0873","fg0360","fg0812","fg0434","fg0223","fg0805","fg0529","fg0352","fg0581","fg0849","fg0486","fg0887","fg0935"
"fq000945","vx_533a914f811b8efd","fg0198","2","fg0722","fg0198","fg0102","fg0648","fg0801","fg0956","fg0941","fg0501","fg0192","fg0945","fg0156","fg0136","fg0385","fg0043","fg0996","fg0910","fg0471","fg0610","fg0095","fg0849"
"fq000946","vx_533a914f811b8efd","fg0198","1","fg0198","fg0843","fg0718","fg0558","fg0071","fg0656","fg0873","fg0360","fg0815","fg0223","fg0581","fg0529","fg0812","fg0352","fg0120","fg0295","fg0434","fg0335","fg0725","fg0849"
"fq000947","vx_533a914f811b8efd","fg0198","5","fg0815","fg0434","fg0812","fg0887","fg0198","fg0522","fg0878","fg0120","fg0956","fg0486","fg0631","fg0250","fg0771","fg0112","fg0935","fg0805","fg0156","fg0656","fg0612","fg0849"
"fq000948","vx_533a914f811b8efd","fg0198","1","fg0198","fg0815","fg0843","fg0812","fg0434","fg0558","fg0656","fg0071","fg0873","fg0718","fg0887","fg0223","fg0120","fg0486","fg0360","fg0805","fg0631","fg0935","fg0352","fg0849"
"fq000949","vx_533a914f811b8efd","fg0198","1","fg0198","fg0815","fg0120","fg0887","fg0434","fg0372","fg0978","fg0156","fg0812","fg0483","fg0266","fg0955","fg0421","fg0771","fg0656","fg0481","fg0631","fg0612","fg0901","fg0843"
"fq000950","vx_533a914f811b8efd","fg0198","1","fg0198","fg0843","fg0718","fg0558","fg0071","fg0873","fg0656","fg0581","fg0360","fg0529","fg0352","fg0120","fg0295","fg0223","fg0715","fg0812","fg0417","fg0335","fg0725","fg0842"
"fq000951","vx_533a914f811b8efd","fg0198","1","fg0198","fg0843","fg0718","fg0071","fg0558","fg0360","fg0656","fg0873","fg0529","fg0581","fg0335","fg0352","fg0223","fg0295","fg0815","fg0849","fg0617","fg0955","fg0594","fg0417"
"fq000952","vx_adcc56d18b4e29b8","fg0199","1","fg0199","fg0904","fg0166","fg0999","fg0463","fg0512","fg0447","fg0711","fg0935","fg0482","fg0435","fg0280","fg0141","fg0322","fg0880","fg0976","fg0391","fg0849","fg0820","fg0802"
"fq000953","vx_f0df86141e5b253b","fg0200","1","fg0200","fg0815","fg0853","fg0936","fg0778","fg0530","fg0656","fg0675","fg0156","fg0385","fg0490","fg0828","fg0308","fg0868","fg0472","fg0295","fg0602","fg0561","fg0875","fg0976"
"fq000954","vx_7162bccfaf550990","fg0201","1","fg0201","fg0276","fg0640","fg0629","fg0625","fg0940","fg0461","fg0912","fg0995","fg0985","fg0715","fg0769","fg0171","fg0017","fg0070","fg0866","fg0987","fg0427","fg0923","fg0021"
"fq000955","vx_7162bccfaf550990","fg0201","1","fg0201","fg0276","fg0640","fg0629","fg0625","fg0940","fg0461","fg0912","fg0995","fg0985","fg0715","fg0070","fg0722","fg0881","fg0501","fg0769","fg0471","fg0171","fg0102","fg0006"
"fq000956","vx_c949f80f2985c964","fg0202","3","fg0511","fg0917","fg0202","fg0232","fg0752","fg0650","fg0457","fg0246","fg0680","fg0059","fg0435","fg0915","fg0731","fg0792","fg0898","fg0581","fg0932","fg0099","fg0072","fg0942"
"fq000957","vx_90e6caad53e92157","fg0203","21","fg0426","fg0996","fg0362","fg0040","fg0841","fg0260","fg0079","fg0316","fg0411","fg0956","fg0194","fg0483","fg0484","fg0812","fg0745","fg0491","fg0112","fg0780","fg0557","fg0815"
"fq000958","vx_4bd97cdd2e0a3611","fg0204","141","fg0448","fg0735","fg0467","fg0272","fg0549","fg0471","fg0896","fg0830","fg0075","fg0638","fg0210","fg0552","fg0681","fg0781","fg0457","fg0538","fg0536","fg0006","fg0721","fg0508"
"fq000959","vx_4bd97cdd2e0a3611","fg0204","31","fg0722","fg0648","fg0102","fg0996","fg0941","fg0945","fg0801","fg0192","fg0136","fg0501","fg0956","fg0910","fg0043","fg0471","fg0156","fg0610","fg0385","fg0896","fg0841","fg0362"
"fq000960","vx_4bd97cdd2e0a3611","fg0204","52","fg0735","fg0448","fg0467","fg0896","fg0471","fg0210","fg0272","fg0549","fg0830","fg0075","fg0006","fg0638","fg0552","fg0457","fg0607","fg0781","fg0538","fg0536","fg0681","fg0721"
"fq000961","vx_4bd97cdd2e0a3611","fg0204","40","fg0977","fg0411","fg0362","fg0079","fg0316","fg0260","fg0996","fg0040","fg0822","fg0841","fg0672","fg0483","fg0798","fg0491","fg0426","fg0112","fg0027","fg0050","fg0956","fg0533"
"fq000962","vx_4bd97cdd2e0a3611","fg0204","7","fg0509","fg0521","fg0667","fg0886","fg0133","fg0791","fg0204","fg0305","fg0003","fg0225","fg0121","fg0483","fg0112","fg0724","fg0426","fg0401","fg0024","fg0977","fg0631","fg0027"
"fq000963","vx_4bd97cdd2e0a3611","fg0204","23","fg0886","fg0421","fg0147","fg0175","fg0509","fg0024","fg0912","fg0305","fg0521","fg0887","fg0003","fg0896","fg0619","fg0121","fg0218","fg0258","fg0156","fg0656","fg0266","fg0490"
"fq000964","vx_4bd97cdd2e0a3611","fg0204","11","fg0156","fg0896","fg0955","fg0699","fg0092","fg0930","fg0523","fg0218","fg0735","fg0057","fg0204","fg0669","fg0467","fg0486","fg0006","fg0020","fg0546","fg0978","fg0721","fg0448"
"fq000965","vx_4bd97cdd2e0a3611","fg0204","1","fg0204","fg0401","fg0975","fg0421","fg0655","fg0100","fg0036","fg0156","fg0305","fg0675","fg0868","fg0896","fg0444","fg0887","fg0811","fg0676","fg0509","fg0832","fg0745","fg0404"
"fq000966","vx_4bd97cdd2e0a3611","fg0204","74","fg0896","fg0667","fg0491","fg0509","fg0448","fg0735","fg0761","fg0467","fg0687","fg0318","fg0978","fg0421","fg0592","fg0721","fg0305","fg0426","fg0803","fg0607","fg0505","fg0160"
"fq000967","vx_4bd97cdd2e0a3611","fg0204","2","fg0837","fg0204","fg0496","fg0218","fg0321","fg0975","fg0433","fg0749","fg0474","fg0401","fg0156","fg0693","fg0233","fg0350","fg0776","fg0385","fg0085","fg0031","fg0896","fg0100"
"fq000968","vx_4bd97cdd2e0a3611","fg0204","27","fg0735","fg0448","fg0467","fg0896","fg0607","fg0362","fg0210","fg0996","fg0316","fg0040","fg0426","fg0841","fg0006","fg0079","fg0260","fg0411","fg0491","fg0721","fg0956","fg0156"
"fq000969","vx_4bd97cdd2e0a3611","fg0204","47","fg0384","fg0858","fg0032","fg0986","fg0150","fg0847","fg0860","fg0869","fg0896","fg0583","fg0718","fg0471","fg0549","fg0258","fg0830","fg0708","fg0090","fg0160","fg0735","fg0006"
"fq000970","vx_4bd97cdd2e0a3611","fg0204","14","fg0301","fg0131","fg0160","fg0667","fg0687","fg0863","fg0355","fg0491","fg0350","fg0533","fg0085","fg0505","fg0896","fg0204","fg0518","fg0303","fg0426","fg0188","fg0500","fg0443"
"fq000971","vx_7bad75134c97e175","fg0205","2","fg0713","fg0205","fg0304","fg0931","fg0189","fg0369","fg0194","fg0875","fg0704","fg0469","fg0886","fg0797","fg0762","fg0353","fg0266","fg0937","fg0995","fg0147","fg0888","fg0738"
"fq000972","vx_479cf7fcf0450bb9","fg0206","1","fg0206","fg0357","fg0753","fg0331","fg0866","fg0312","fg0734","fg0528","fg0674","fg0967","fg0938","fg0880","fg0819","fg0039","fg0072","fg0701","fg0937","fg0641","fg0663","fg0282"
"fq000973","vx_479cf7fcf0450bb9","fg0206","1","fg0206","fg0357","fg0072","fg0312","fg0753","fg0967","fg0674","fg0282","fg0039","fg0819","fg0154","fg0701","fg0971","fg0115","fg0528","fg0663","fg0475","fg0878","fg0741","fg0106"
"fq000974","vx_479cf7fcf0450bb9","fg0206","1","fg0206","fg0357","fg0753","fg0938","fg0331","fg0866","fg0734","fg0528","fg0701","fg0312","fg0641","fg0674","fg0880","fg0663","fg0050","fg0967","fg0802","fg0317","fg0078","fg0245"
"fq000975","vx_479cf7fcf0450bb9","fg0206","1","fg0206","fg0357","fg0753","fg0312","fg0967","fg0072","fg0819","fg0674","fg0039","fg0282","fg0528","fg0701","fg0866","fg0938","fg0663","fg0971","fg0475","fg0265","fg0331","fg0317"
"fq000976","vx_479cf7fcf0450bb9","fg0206","1","fg0206","fg0357","fg0312","fg0753","fg0967","fg0072","fg0674","fg0819","fg0039","fg0282","fg0528","fg0663","fg0701","fg0866","fg0971","fg0115","fg0154","fg0741","fg0331","fg0265"
"fq000977","vx_479cf7fcf0450bb9","fg0206","7","fg0980","fg0734","fg0896","fg0506","fg0331","fg0561","fg0206","fg0672","fg0866","fg0556","fg0828","fg0656","fg0175","fg0958","fg0802","fg0279","fg0156","fg0761","fg0379","fg0154"
"fq000978","vx_479cf7fcf0450bb9","fg0206","1","fg0206","fg0331","fg0734","fg0880","fg0866","fg0958","fg0753","fg0528","fg0245","fg0938","fg0937","fg0439","fg0514","fg0641","fg0644","fg0127","fg0877","fg0078","fg0976","fg0357"
"fq000979","vx_479cf7fcf0450bb9","fg0206","1","fg0206","fg0357","fg0072","fg0753","fg0312","fg0674","fg0967","fg0819","fg0039","fg0282","fg0331","fg0528","fg0154","fg0701","fg0866","fg0971","fg0734","fg0663","fg0115","fg0741"
"fq000980","vx_479cf7fcf0450bb9","fg0206","1","fg0206","fg0866","fg0878","fg0734","fg0270","fg0423","fg0331","fg0184","fg0837","fg0103","fg0958","fg0154","fg0321","fg0682","fg0528","fg0522","fg0050","fg0880","fg0778","fg0902"
"fq000981","vx_479cf7fcf0450bb9","fg0206","1","fg0206","fg0357","fg0753","fg0967","fg0312","fg0154","fg0674","fg0072","fg0282","fg0317","fg0701","fg0039","fg0033","fg0106","fg0819","fg0115","fg0324","fg0741","fg0528","fg0938"
"fq000982","vx_479cf7fcf0450bb9","fg0206","1","fg0206","fg0357","fg0072","fg0154","fg0866","fg0878","fg0674","fg0528","fg0967","fg0312","fg0753","fg0039","fg0734","fg0331","fg0282","fg0161","fg0927","fg0115","fg0514","fg0701"
"fq000983","vx_479cf7fcf0450bb9","fg0206","1","fg0206","fg0357","fg0072","fg0312","fg0967","fg0819","fg0753","fg0039","fg0674","fg0282","fg0528","fg0154","fg0331","fg0663","fg0866","fg0701","fg0115","fg0324","fg0603","fg0265"
"fq000984","vx_479cf7fcf0450bb9","fg0206","1","fg0206","fg0357","fg0331","fg0753","fg0866","fg0734","fg0312","fg0967","fg0674","fg0880","fg0528","fg0958","fg0039","fg0938","fg0937","fg0514","fg0072","fg0819","fg0078","fg0641"
"fq000985","vx_479cf7fcf0450bb9","fg0206","1","fg0206","fg0523","fg0699","fg0357","fg0057","fg0092","fg0706","fg0930","fg0312","fg0967","fg0722","fg0136","fg0039","fg0674","fg0282","fg0102","fg0819","fg0648","fg0753","fg0941"
"fq000986","vx_479cf7fcf0450bb9","fg0206","1","fg0206","fg0357","fg0753","fg0312","fg0967","fg0072","fg0674","fg0282","fg0039","fg0819","fg0701","fg0115","fg0154","fg0528","fg0106","fg0741","fg0971","fg0033","fg0938","fg0324"
"fq000987","vx_479cf7fcf0450bb9","fg0206","3","fg0331","fg0734","fg0206","fg0866","fg0958","fg0880","fg0528","fg0245","fg0937","fg0561","fg0506","fg0641","fg0175","fg0127","fg0896","fg0439","fg0556","fg0433","fg0976","fg0938"
"fq000988","vx_479cf7fcf0450bb9","fg0206","1","fg0206","fg0357","fg0312","fg0819","fg0967","fg0282","fg0039","fg0072","fg0674","fg0753","fg0224","fg0281","fg0701","fg0971","fg0324","fg0663","fg0528","fg0488","fg0878","fg0106"
"fq000989","vx_479cf7fcf0450bb9","fg0206","1","fg0206","fg0331","fg0734","fg0866","fg0958","fg0880","fg0753","fg0937","fg0245","fg0528","fg0439","fg0938","fg0641","fg0514","fg0644","fg0078","fg0877","fg0108","fg0127","fg0357"
"fq000990","vx_479cf7fcf0450bb9","fg0206","1","fg0206","fg0357","fg0072","fg0312","fg0967","fg0819","fg0753","fg0674","fg0282","fg0039","fg0154","fg0971","fg0701","fg0866","fg0663","fg0528","fg0878","fg0475","fg0265","fg0041"
"fq000991","vx_479cf7fcf0450bb9","fg0206","1","fg0206","fg0357","fg0072","fg0312","fg0753","fg0967","fg0819","fg0674","fg0039","fg0282","fg0528","fg0324","fg0701","fg0331","fg0866","fg0041","fg0734","fg0663","fg0971","fg0880"
"fq000992","vx_479cf7fcf0450bb9","fg0206","1","fg0206","fg0753","fg0528","fg0331","fg0866","fg0154","fg0734","fg0878","fg0663","fg0050","fg0927","fg0880","fg0317","fg0958","fg0357","fg0556","fg0938","fg0482","fg0937","fg0078"
"fq000993","vx_479cf7fcf0450bb9","fg0206","1","fg0206","fg0357","fg0312","fg0819","fg0072","fg0967","fg0039","fg0282","fg0753","fg0674","fg0971","fg0475","fg0701","fg0663","fg0224","fg0324","fg0938","fg0265","fg0528","fg0106"
"fq000994","vx_479cf7fcf0450bb9","fg0206","2","fg0866","fg0206","fg0958","fg0734","fg0133","fg0331","fg0938","fg0880","fg0521","fg0528","fg0641","fg0778","fg0334","fg0514","fg0245","fg0877","fg0937","fg0440","fg0127","fg0679"
"fq000995","vx_479cf7fcf0450bb9","fg0206","32","fg0426","fg0499","fg0745","fg0527","fg0308","fg0318","fg0761","fg0411","fg0533","fg0037","fg0079","fg0362","fg0996","fg0561","fg0299","fg0894","fg0958","fg0956","fg0112","fg0541"
"fq000996","vx_479cf7fcf0450bb9","fg0206","1","fg0206","fg0357","fg0072","fg0312","fg0674","fg0753","fg0819","fg0967","fg0039","fg0282","fg0154","fg0866","fg0528","fg0701","fg0663","fg0331","fg0971","fg0938","fg0115","fg0603"
"fq000997","vx_479cf7fcf0450bb9","fg0206","1","fg0206","fg0357","fg0312","fg0967","fg0072","fg0753","fg0282","fg0674","fg0039","fg0819","fg0154","fg0528","fg0663","fg0331","fg0701","fg0878","fg0078","fg0603","fg0050","fg0734"
"fq000998","vx_479cf7fcf0450bb9","fg0206","1","fg0206","fg0357","fg0523","fg0699","fg0312","fg0072","fg0706","fg0057","fg0722","fg0136","fg0039","fg0967","fg0648","fg0092","fg0102","fg0282","fg0941","fg0801","fg0674","fg0930"
"fq000999","vx_479cf7fcf0450bb9","fg0206","2","fg0866","fg0206","fg0734","fg0331","fg0528","fg0958","fg0154","fg0878","fg0880","fg0103","fg0556","fg0283","fg0279","fg0938","fg0127","fg0663","fg0902","fg0641","fg0050","fg0245"
"fq001000","vx_479cf7fcf0450bb9","fg0206","1","fg0206","fg0734","fg0866","fg0753","fg0331","fg0154","fg0958","fg0528","fg0878","fg0880","fg0938","fg0050","fg0078","fg0245","fg0556","fg0103","fg0561","fg0200","fg0514","fg0837"
"fq001001","vx_479cf7fcf0450bb9","fg0206","1","fg0206","fg0154","fg0753","fg0734","fg0331","fg0878","fg0866","fg0528","fg0880","fg0050","fg0958","fg0078","fg0103","fg0938","fg0695","fg0663","fg0522","fg0357","fg0641","fg0161"
"fq001002","vx_7fc96b0a42b577fa","fg0207","1","fg0207","fg0292","fg0224","fg0329","fg0376","fg0900","fg0124","fg0892","fg0779","fg0248","fg0942","fg0288","fg0055","fg0480","fg0587","fg0642","fg0915","fg0006","fg0620","fg0922"
"fq001003","vx_a80c872aae38e2e5","fg0208","1","fg0208","fg0339","fg0363","fg0893","fg0477","fg0089","fg0454","fg0874","fg0600","fg0686","fg0265","fg0486","fg0873","fg1000","fg0127","fg0439","fg0122","fg0087","fg0889","fg0906"
"fq001004","vx_f26615e2ff6f294a","fg0209","1","fg0209","fg0587","fg0779","fg0642","fg0706","fg0796","fg0312","fg0727","fg0534","fg0540","fg0281","fg0572","fg0634","fg0447","fg0967","fg0904","fg0833","fg0119","fg0499","fg0821"
"fq001005","vx_6936c178cbcdcdcb","fg0210","14","fg0896","fg0379","fg0822","fg0927","fg0724","fg0412","fg0894","fg0169","fg0978","fg0027","fg0561","fg0500","fg0878","fg0210","fg0509","fg0883","fg0547","fg0018","fg0192","fg0837"
"fq001006","vx_6936c178cbcdcdcb","fg0210","1","fg0210","fg0261","fg0805","fg0308","fg0467","fg0782","fg0545","fg0669","fg0735","fg0896","fg0701","fg0448","fg0931","fg0415","fg0200","fg0194","fg0436","fg0343","fg0815","fg0849"
"fq001007","vx_6936c178cbcdcdcb","fg0210","1","fg0210","fg0735","fg0467","fg0448","fg0607","fg0896","fg0956","fg0722","fg0136","fg0648","fg0102","fg0941","fg0801","fg0945","fg0931","fg0501","fg0996","fg0192","fg0043","fg0910"
"fq001008","vx_6936c178cbcdcdcb","fg0210","1","fg0210","fg0467","fg0735","fg0448","fg0607","fg0931","fg0896","fg0006","fg0618","fg0721","fg0173","fg0200","fg0771","fg0815","fg0194","fg0851","fg0565","fg0983","fg0627","fg0978"
"fq001009","vx_6936c178cbcdcdcb","fg0210","1","fg0210","fg0467","fg0931","fg0735","fg0448","fg0896","fg0607","fg0194","fg0200","fg0956","fg0218","fg0978","fg0084","fg0983","fg0136","fg0006","fg0271","fg0565","fg0203","fg0469"
"fq001010","vx_6936c178cbcdcdcb","fg0210","1","fg0210","fg0467","fg0735","fg0448","fg0931","fg0896","fg0607","fg0006","fg0261","fg0721","fg0194","fg0200","fg0084","fg0713","fg0627","fg0173","fg0469","fg0308","fg0983","fg0436"
"fq001011","vx_6936c178cbcdcdcb","fg0210","1","fg0210","fg0931","fg0815","fg0607","fg0467","fg0434","fg0565","fg0956","fg0851","fg0887","fg0812","fg0735","fg0200","fg0218","fg0875","fg0469","fg0331","fg0194","fg0983","fg0937"
"fq001012","vx_6936c178cbcdcdcb","fg0210","4","fg0896","fg0735","fg0467","fg0210","fg0448","fg0305","fg0421","fg0887","fg0509","fg0721","fg0508","fg0978","fg0006","fg0607","fg0156","fg0084","fg0931","fg0331","fg0521","fg0218"
"fq001013","vx_6936c178cbcdcdcb","fg0210","1","fg0210","fg0467","fg0735","fg0448","fg0896","fg0607","fg0931","fg0006","fg0261","fg0173","fg0721","fg0805","fg0978","fg0200","fg0194","fg0713","fg0136","fg0508","fg0436","fg0308"
"fq001014","vx_6936c178cbcdcdcb","fg0210","1","fg0210","fg0467","fg0735","fg0448","fg0607","fg0896","fg0931","fg0084","fg0006","fg0593","fg0978","fg0194","fg0721","fg0713","fg0603","fg0308","fg0200","fg0173","fg0078","fg0261"
"fq001015","vx_6936c178cbcdcdcb","fg0210","4","fg0735","fg0467","fg0448","fg0210","fg0896","fg0607","fg0006","fg0721","fg0931","fg0978","fg0173","fg0815","fg0508","fg0029","fg0983","fg0769","fg0956","fg0887","fg0639","fg0478"
"fq001016","vx_6936c178cbcdcdcb","fg0210","1","fg0210","fg0931","fg0956","fg0851","fg0565","fg0260","fg0426","fg0841","fg0469","fg0218","fg0396","fg0194","fg0153","fg0815","fg0256","fg0955","fg0040","fg0331","fg0938","fg0809"
"fq001017","vx_6936c178cbcdcdcb","fg0210","1","fg0210","fg0467","fg0735","fg0448","fg0896","fg0931","fg0607","fg0006","fg0173","fg0721","fg0194","fg0978","fg0200","fg0084","fg0508","fg0815","fg0136","fg0385","fg0956","fg0713"
"fq001018","vx_6936c178cbcdcdcb","fg0210","1","fg0210","fg0467","fg0931","fg0448","fg0735","fg0331","fg0607","fg0896","fg0618","fg0200","fg0014","fg0247","fg0078","fg0937","fg0797","fg0866","fg0904","fg0868","fg0217","fg0194"
"fq001019","vx_6936c178cbcdcdcb","fg0210","1","fg0210","fg0261","fg0931","fg0467","fg0735","fg0308","fg0782","fg0805","fg0896","fg0669","fg0448","fg0545","fg0436","fg0200","fg0343","fg0194","fg0273","fg0643","fg0314","fg0713"
"fq001020","vx_6936c178cbcdcdcb","fg0210","1","fg0210","fg0467","fg0735","fg0448","fg0931","fg0896","fg0607","fg0194","fg0261","fg0200","fg0331","fg0218","fg0978","fg0983","fg0136","fg0006","fg0805","fg0782","fg0308","fg0203"
"fq001021","vx_6936c178cbcdcdcb","fg0210","1","fg0210","fg0467","fg0931","fg0735","fg0448","fg0607","fg0331","fg0200","fg0896","fg0247","fg0815","fg0014","fg0937","fg0851","fg0956","fg0618","fg0565","fg0078","fg0797","fg0875"
"fq001022","vx_6936c178cbcdcdcb","fg0210","4","fg0467","fg0735","fg0448","fg0210","fg0896","fg0721","fg0006","fg0887","fg0421","fg0978","fg0607","fg0931","fg0084","fg0508","fg0173","fg0156","fg0627","fg0815","fg0305","fg0769"
"fq001023","vx_6936c178cbcdcdcb","fg0210","1","fg0210","fg0261","fg0931","fg0467","fg0896","fg0735","fg0669","fg0448","fg0308","fg0805","fg0782","fg0343","fg0420","fg0332","fg0469","fg0200","fg0273","fg0643","fg0701","fg0436"
"fq001024","vx_6936c178cbcdcdcb","fg0210","1","fg0210","fg0467","fg0735","fg0931","fg0448","fg0896","fg0607","fg0805","fg0194","fg0200","fg0261","fg0669","fg0782","fg0436","fg0218","fg0420","fg0875","fg0006","fg0701","fg0983"
"fq001025","vx_6936c178cbcdcdcb","fg0210","1","fg0210","fg0467","fg0735","fg0448","fg0896","fg0931","fg0006","fg0261","fg0607","fg0815","fg0805","fg0308","fg0721","fg0156","fg0978","fg0385","fg0194","fg0084","fg0669","fg0782"
"fq001026","vx_6936c178cbcdcdcb","fg0210","1","fg0210","fg0467","fg0735","fg0261","fg0448","fg0931","fg0896","fg0669","fg0805","fg0308","fg0782","fg0607","fg0343","fg0332","fg0701","fg0273","fg0436","fg0955","fg0713","fg0084"
"fq001027","vx_6936c178cbcdcdcb","fg0210","1","fg0210","fg0467","fg0735","fg0448","fg0607","fg0931","fg0896","fg0006","fg0078","fg0721","fg0200","fg0194","fg0593","fg0173","fg0084","fg0627","fg0983","fg0978","fg0877","fg0508"
"fq001028","vx_6936c178cbcdcdcb","fg0210","1","fg0210","fg0467","fg0735","fg0448","fg0896","fg0607","fg0931","fg0006","fg0721","fg0194","fg0078","fg0084","fg0173","fg0978","fg0200","fg0983","fg0593","fg0627","fg0713","fg0508"
"fq001029","vx_6936c178cbcdcdcb","fg0210","1","fg0210","fg0261","fg0805","fg0909","fg0782","fg0344","fg0669","fg0545","fg0581","fg0949","fg0369","fg0415","fg0632","fg0436","fg0701","fg0314","fg0488","fg0109","fg0800","fg0200"
"fq001030","vx_6936c178cbcdcdcb","fg0210","1","fg0210","fg0896","fg0308","fg0815","fg0156","fg0978","fg0467","fg0735","fg0084","fg0173","fg0385","fg0194","fg0058","fg0448","fg0955","fg0506","fg0200","fg0816","fg0745","fg0956"
"fq001031","vx_6936c178cbcdcdcb","fg0210","1","fg0210","fg0261","fg0931","fg0467","fg0805","fg0782","fg0896","fg0735","fg0669","fg0308","fg0955","fg0545","fg0448","fg0436","fg0701","fg0194","fg0849","fg0106","fg0218","fg0420"
"fq001032","vx_6936c178cbcdcdcb","fg0210","1","fg0210","fg0931","fg0467","fg0735","fg0448","fg0896","fg0607","fg0627","fg0084","fg0509","fg0978","fg0421","fg0721","fg0078","fg0886","fg0875","fg0565","fg0194","fg0200","fg0218"
"fq001033","vx_6936c178cbcdcdcb","fg0210","3","fg0896","fg0509","fg0210","fg0305","fg0735","fg0467","fg0421","fg0978","fg0448","fg0980","fg0084","fg0931","fg0508","fg0721","fg0156","fg0506","fg0112","fg0607","fg0887","fg0521"
"fq001034","vx_6936c178cbcdcdcb","fg0210","1","fg0210","fg0735","fg0467","fg0448","fg0896","fg0607","fg0006","fg0931","fg0978","fg0721","fg0815","fg0713","fg0508","fg0955","fg0308","fg0194","fg0156","fg0769","fg0173","fg0084"
"fq001035","vx_6936c178cbcdcdcb","fg0210","1","fg0210","fg0467","fg0735","fg0448","fg0607","fg0896","fg0931","fg0006","fg0721","fg0078","fg0983","fg0194","fg0200","fg0978","fg0173","fg0627","fg0877","fg0618","fg0815","fg0084"
"fq001036","vx_6936c178cbcdcdcb","fg0210","1","fg0210","fg0931","fg0261","fg0467","fg0805","fg0896","fg0545","fg0782","fg0735","fg0200","fg0669","fg0308","fg0194","fg0436","fg0815","fg0955","fg0909","fg0314","fg0707","fg0796"
"fq001037","vx_6936c178cbcdcdcb","fg0210","1","fg0210","fg0467","fg0735","fg0448","fg0607","fg0896","fg0931","fg0721","fg0084","fg0978","fg0006","fg0627","fg0421","fg0078","fg0887","fg0771","fg0173","fg0797","fg0877","fg0509"
"fq001038","vx_6936c178cbcdcdcb","fg0210","1","fg0210","fg0261","fg0805","fg0669","fg0701","fg0308","fg0273","fg0643","fg0332","fg0654","fg0467","fg0806","fg0445","fg0782","fg0343","fg0857","fg0778","fg0223","fg0545","fg0351"
"fq001039","vx_6936c178cbcdcdcb","fg0210","1","fg0210","fg0467","fg0931","fg0735","fg0448","fg0896","fg0607","fg0261","fg0084","fg0805","fg0937","fg0331","fg0078","fg0875","fg0797","fg0310","fg0721","fg0420","fg0247","fg0713"
"fq001040","vx_6936c178cbcdcdcb","fg0210","1","fg0210","fg0467","fg0735","fg0448","fg0896","fg0607","fg0931","fg0006","fg0721","fg0618","fg0815","fg0978","fg0200","fg0194","fg0956","fg0173","fg0983","fg0565","fg0136","fg0825"
"fq001041","vx_6936c178cbcdcdcb","fg0210","1","fg0210","fg0218","fg0467","fg0931","fg0448","fg0735","fg0896","fg0509","fg0978","fg0607","fg0194","fg0875","fg0666","fg0508","fg0396","fg0535","fg0331","fg0983","fg0025","fg0794"
"fq001042","vx_6936c178cbcdcdcb","fg0210","1","fg0210","fg0467","fg0735","fg0448","fg0896","fg0931","fg0261","fg0805","fg0194","fg0782","fg0308","fg0385","fg0200","fg0436","fg0545","fg0669","fg0978","fg0701","fg0084","fg0607"
"fq001043","vx_6936c178cbcdcdcb","fg0210","1","fg0210","fg0467","fg0735","fg0448","fg0896","fg0607","fg0931","fg0978","fg0721","fg0006","fg0887","fg0084","fg0509","fg0421","fg0173","fg0508","fg0815","fg0956","fg0194","fg0627"
"fq001044","vx_6936c178cbcdcdcb","fg0210","4","fg0735","fg0448","fg0467","fg0210","fg0896","fg0607","fg0721","fg0006","fg0978","fg0931","fg0887","fg0084","fg0421","fg0508","fg0173","fg0506","fg0156","fg0769","fg0509","fg0627"
"fq001045","vx_6936c178cbcdcdcb","fg0210","1","fg0210","fg0261","fg0931","fg0467","fg0735","fg0448","fg0896","fg0669","fg0805","fg0782","fg0308","fg0343","fg0420","fg0436","fg0194","fg0273","fg0701","fg0332","fg0643","fg0445"
"fq001046","vx_6936c178cbcdcdcb","fg0210","1","fg0210","fg0931","fg0467","fg0735","fg0896","fg0448","fg0607","fg0937","fg0261","fg0469","fg0875","fg0194","fg0200","fg0308","fg0247","fg0713","fg0331","fg0078","fg0627","fg0014"
"fq001047","vx_6936c178cbcdcdcb","fg0210","1","fg0210","fg0467","fg0735","fg0448","fg0931","fg0896","fg0607","fg0194","fg0261","fg0721","fg0200","fg0436","fg0983","fg0006","fg0713","fg0136","fg0956","fg0173","fg0618","fg0218"
"fq001048","vx_6936c178cbcdcdcb","fg0210","1","fg0210","fg0931","fg0467","fg0735","fg0448","fg0896","fg0194","fg0200","fg0218","fg0607","fg0721","fg0203","fg0261","fg0983","fg0396","fg0955","fg0217","fg0469","fg0713","fg0436"
"fq001049","vx_6936c178cbcdcdcb","fg0210","1","fg0210","fg0607","fg0467","fg0735","fg0896","fg0931","fg0815","fg0887","fg0448","fg0978","fg0771","fg0084","fg0331","fg0421","fg0937","fg0956","fg0797","fg0721","fg0509","fg0434"
"fq001050","vx_6936c178cbcdcdcb","fg0210","1","fg0210","fg0467","fg0735","fg0448","fg0931","fg0896","fg0607","fg0261","fg0805","fg0308","fg0194","fg0200","fg0084","fg0978","fg0782","fg0385","fg0436","fg0006","fg0937","fg0713"
"fq001051","vx_6936c178cbcdcdcb","fg0210","1","fg0210","fg0896","fg0735","fg0467","fg0448","fg0160","fg0607","fg0301","fg0084","fg0721","fg0931","fg0863","fg0687","fg0006","fg0509","fg0978","fg0194","fg0667","fg0131","fg0549"
"fq001052","vx_6936c178cbcdcdcb","fg0210","1","fg0210","fg0467","fg0735","fg0448","fg0896","fg0607","fg0931","fg0006","fg0721","fg0978","fg0084","fg0173","fg0887","fg0627","fg0771","fg0078","fg0815","fg0508","fg0509","fg0565"
"fq001053","vx_6936c178cbcdcdcb","fg0210","1","fg0210","fg0467","fg0735","fg0448","fg0896","fg0607","fg0931","fg0006","fg0721","fg0173","fg0978","fg0815","fg0078","fg0194","fg0508","fg0084","fg0200","fg0627","fg0983","fg0593"
"fq001054","vx_6936c178cbcdcdcb","fg0210","1","fg0210","fg0955","fg0261","fg0432","fg0106","fg0405","fg0669","fg0084","fg0805","fg0931","fg0896","fg0194","fg0930","fg0218","fg0156","fg0308","fg0701","fg0782","fg0385","fg0436"
"fq001055","vx_6936c178cbcdcdcb","fg0210","1","fg0210","fg0261","fg0545","fg0467","fg0805","fg0782","fg0448","fg0909","fg0701","fg0669","fg0369","fg0200","fg0735","fg0949","fg0344","fg0308","fg0273","fg0896","fg0707","fg0436"
"fq001056","vx_6936c178cbcdcdcb","fg0210","1","fg0210","fg0467","fg0735","fg0448","fg0896","fg0931","fg0607","fg0006","fg0721","fg0173","fg0978","fg0983","fg0194","fg0200","fg0627","fg0639","fg0618","fg0713","fg0084","fg0029"
"fq001057","vx_6936c178cbcdcdcb","fg0210","1","fg0210","fg0467","fg0735","fg0448","fg0607","fg0896","fg0931","fg0006","fg0721","fg0194","fg0825","fg0978","fg0396","fg0200","fg0084","fg0983","fg0815","fg0565","fg0078","fg0173"
"fq001058","vx_6936c178cbcdcdcb","fg0210","1","fg0210","fg0467","fg0735","fg0448","fg0931","fg0607","fg0896","fg0618","fg0006","fg0200","fg0721","fg0331","fg0194","fg0978","fg0078","fg0797","fg0851","fg0173","fg0565","fg0983"
"fq001059","vx_6936c178cbcdcdcb","fg0210","1","fg0210","fg0467","fg0448","fg0735","fg0261","fg0308","fg0896","fg0778","fg0156","fg0857","fg0385","fg0006","fg0669","fg0273","fg0643","fg0654","fg0508","fg0805","fg0343","fg0445"
"fq001060","vx_6936c178cbcdcdcb","fg0210","1","fg0210","fg0467","fg0735","fg0448","fg0896","fg0931","fg0607","fg0978","fg0084","fg0721","fg0006","fg0421","fg0331","fg0887","fg0173","fg0508","fg0194","fg0509","fg0956","fg0218"
"fq001061","vx_6936c178cbcdcdcb","fg0210","1","fg0210","fg0467","fg0735","fg0448","fg0896","fg0261","fg0156","fg0006","fg0308","fg0385","fg0978","fg0508","fg0857","fg0778","fg0815","fg0669","fg0805","fg0745","fg0868","fg0607"
"fq001062","vx_6936c178cbcdcdcb","fg0210","1","fg0210","fg0467","fg0735","fg0448","fg0896","fg0607","fg0931","fg0084","fg0006","fg0721","fg0978","fg0173","fg0887","fg0421","fg0815","fg0508","fg0627","fg0194","fg0771","fg0200"
"fq001063","vx_6936c178cbcdcdcb","fg0210","1","fg0210","fg0467","fg0735","fg0931","fg0448","fg0896","fg0607","fg0194","fg0006","fg0721","fg0218","fg0978","fg0956","fg0200","fg0084","fg0983","fg0078","fg0618","fg0627","fg0469"
"fq001064","vx_6936c178cbcdcdcb","fg0210","1","fg0210","fg0467","fg0931","fg0735","fg0448","fg0896","fg0607","fg0025","fg0194","fg0200","fg0721","fg0956","fg0331","fg0713","fg0618","fg0218","fg0627","fg0805","fg0261","fg0136"
"fq001065","vx_a387ea0f21a93c3a","fg0211","1","fg0211","fg0438","fg0907","fg0195","fg0106","fg0334","fg0388","fg0191","fg0025","fg0831","fg0513","fg0747","fg0591","fg0855","fg0462","fg0938","fg0788","fg0797","fg0005","fg0469"
"fq001066","vx_85c59da61bbab814","fg0212","1","fg0212","fg0096","fg0139","fg0230","fg0663","fg0420","fg0249","fg0374","fg0825","fg0210","fg0931","fg0285","fg0025","fg0473","fg0862","fg0518","fg0303","fg0601","fg0964","fg0642"
"fq001067","vx_85c59da61bbab814","fg0212","1","fg0212","fg0096","fg0139","fg0230","fg0663","fg0420","fg0374","fg0825","fg0249","fg0210","fg0931","fg0544","fg0025","fg0601","fg0515","fg0862","fg0436","fg0330","fg0642","fg0078"
"fq001068","vx_85c59da61bbab814","fg0212","1","fg0212","fg0096","fg0139","fg0230","fg0249","fg0374","fg0420","fg0285","fg0931","fg0663","fg0210","fg0473","fg0101","fg0825","fg0319","fg0436","fg0025","fg0544","fg0862","fg0078"
"fq001069","vx_85c59da61bbab814","fg0212","1","fg0212","fg0096","fg0139","fg0230","fg0249","fg0420","fg0285","fg0374","fg0663","fg0473","fg0319","fg0101","fg0825","fg0210","fg0931","fg0862","fg0518","fg0601","fg0063","fg0911"
"fq001070","vx_b05f8d33d4cc8916","fg0213","1","fg0213","fg0528","fg0108","fg0178","fg0579","fg0609","fg0817","fg0897","fg0239","fg0127","fg0250","fg0136","fg0525","fg0436","fg0099","fg0721","fg0502","fg0567","fg0734","fg0698"
"fq001071","vx_b05f8d33d4cc8916","fg0213","1","fg0213","fg0528","fg0178","fg0579","fg0108","fg0239","fg0734","fg0525","fg0136","fg0250","fg0436","fg0641","fg0609","fg0502","fg0127","fg0672","fg0817","fg0775","fg0698","fg0338"
"fq001072","vx_b05f8d33d4cc8916","fg0213","1","fg0213","fg0528","fg0108","fg0579","fg0178","fg0897","fg0127","fg0817","fg0609","fg0567","fg0239","fg0099","fg0721","fg0250","fg0525","fg0682","fg0748","fg0519","fg0734","fg0136"
"fq001073","vx_b05f8d33d4cc8916","fg0213","1","fg0213","fg0528","fg0108","fg0178","fg0579","fg0817","fg0609","fg0897","fg0127","fg0239","fg0250","fg0436","fg0136","fg0567","fg0502","fg0525","fg0099","fg0721","fg0682","fg0734"
"fq001074","vx_b05f8d33d4cc8916","fg0213","1","fg0213","fg0528","fg0108","fg0579","fg0178","fg0239","fg0817","fg0609","fg0250","fg0897","fg0127","fg0136","fg0502","fg0436","fg0525","fg0698","fg0734","fg0721","fg0046","fg0338"
"fq001075","vx_b05f8d33d4cc8916","fg0213","1","fg0213","fg0528","fg0178","fg0108","fg0579","fg0239","fg0817","fg0250","fg0136","fg0609","fg0525","fg0734","fg0698","fg0502","fg0127","fg0897","fg0436","fg0944","fg0556","fg0721"
"fq001076","vx_e0349c158a7bd471","fg0214","717","fg0533","fg0037","fg0547","fg0588","fg0411","fg0062","fg0018","fg0180","fg0822","fg0379","fg0811","fg0724","fg0491","fg0426","fg0894","fg0667","fg0499","fg0679","fg0262","fg0665"
"fq001077","vx_b61f95de8b92a92f","fg0215","5","fg0387","fg0286","fg0808","fg0259","fg0215","fg0011","fg0437","fg0520","fg0785","fg0900","fg0882","fg0248","fg0480","fg0048","fg0420","fg0229","fg0675","fg0493","fg0731","fg0205"
"fq001078","vx_d1dd524c0ccf9a08","fg0216","1","fg0216","fg0820","fg0909","fg0435","fg0976","fg0545","fg0802","fg0796","fg0185","fg0670","fg0935","fg0050","fg0759","fg0369","fg0092","fg1000","fg0199","fg0222","fg0043","fg0046"
"fq001079","vx_d1dd524c0ccf9a08","fg0216","1","fg0216","fg0820","fg0909","fg0976","fg0435","fg0802","fg0670","fg0185","fg0545","fg0418","fg0481","fg0796","fg0241","fg0935","fg0054","fg0106","fg0915","fg0050","fg0358","fg0759"
"fq001080","vx_8478d9f462f32685","fg0217","2","fg0612","fg0217","fg0343","fg0742","fg0483","fg0308","fg0978","fg0338","fg0396","fg0815","fg0930","fg0112","fg0557","fg0539","fg0405","fg0955","fg0469","fg0798","fg0713","fg0188"
"fq001081","vx_c5ce24342a9a3ee7","fg0218","8","fg0938","fg0156","fg0978","fg0459","fg0912","fg0896","fg0165","fg0218","fg0955","fg0253","fg0429","fg0006","fg0887","fg0107","fg0699","fg0508","fg0177","fg0467","fg0616","fg0382"
"fq001082","vx_10d4f8e0581dad55","fg0219","1","fg0219","fg0479","fg0645","fg0867","fg0684","fg0548","fg0562","fg0034","fg0784","fg0951","fg0646","fg0383","fg0196","fg0884","fg0487","fg0644","fg0834","fg0446","fg0492","fg0063"
"fq001083","vx_10d4f8e0581dad55","fg0219","1","fg0219","fg0645","fg0479","fg0684","fg0548","fg0867","fg0951","fg0644","fg0562","fg0646","fg0784","fg0196","fg0034","fg0446","fg0834","fg0383","fg0884","fg0660","fg0492","fg0449"
"fq001084","vx_10d4f8e0581dad55","fg0219","1","fg0219","fg0479","fg0645","fg0548","fg0784","fg0562","fg0684","fg0196","fg0034","fg0951","fg0867","fg0884","fg0834","fg0646","fg0660","fg0022","fg0446","fg0989","fg0487","fg0644"
"fq001085","vx_10d4f8e0581dad55","fg0219","1","fg0219","fg0479","fg0645","fg0548","fg0562","fg0784","fg0867","fg0034","fg0951","fg0684","fg0196","fg0646","fg0884","fg0834","fg0383","fg0487","fg0446","fg0660","fg0644","fg0989"
"fq001086","vx_0dff77d7da12eb01","fg0220","1","fg0220","fg0010","fg0647","fg0562","fg0539","fg0548","fg0884","fg0607","fg0479","fg0798","fg0976","fg0987","fg0079","fg0721","fg0219","fg0762","fg0881","fg0760","fg0345","fg0912"
"fq001087","vx_0dff77d7da12eb01","fg0220","1","fg0220","fg0010","fg0204","fg0896","fg0647","fg0401","fg0980","fg0421","fg0444","fg0562","fg0156","fg0884","fg0238","fg0305","fg0887","fg0433","fg0975","fg0345","fg0133","fg0314"
"fq001088","vx_d6982380ab660043","fg0221","1","fg0221","fg0335","fg0738","fg0142","fg0793","fg0537","fg0662","fg0545","fg0865","fg0741","fg0686","fg0181","fg0268","fg0517","fg0470","fg0417","fg0449","fg0594","fg0182","fg0723"
"fq001089","vx_747b6a931d153fa6","fg0222","5","fg0909","fg0344","fg0949","fg0369","fg0222","fg0731","fg0242","fg0287","fg0800","fg0796","fg0670","fg0581","fg0805","fg0616","fg0915","fg0527","fg0216","fg0484","fg0074","fg0961"
"fq001090","vx_747b6a931d153fa6","fg0222","5","fg0909","fg0369","fg0949","fg0796","fg0222","fg0287","fg0216","fg0344","fg0545","fg0731","fg0915","fg0325","fg0314","fg0059","fg0261","fg0838","fg0670","fg0242","fg0800","fg0616"
"fq001091","vx_747b6a931d153fa6","fg0222","4","fg0909","fg0369","fg0344","fg0222","fg0484","fg0203","fg0570","fg0949","fg0287","fg0796","fg0216","fg0731","fg0800","fg0074","fg0494","fg0838","fg0271","fg0805","fg0546","fg0950"
"fq001092","vx_747b6a931d153fa6","fg0222","3","fg0909","fg0369","fg0222","fg0344","fg0949","fg0731","fg0287","fg0796","fg0915","fg0216","fg0670","fg0925","fg0972","fg0581","fg0387","fg0545","fg0325","fg0800","fg0422","fg0314"
"fq001093","vx_747b6a931d153fa6","fg0222","4","fg0909","fg0369","fg0344","fg0222","fg0949","fg0731","fg0287","fg0796","fg0216","fg0484","fg0203","fg0800","fg0570","fg0670","fg0545","fg0805","fg0242","fg0838","fg0915","fg0546"
"fq001094","vx_747b6a931d153fa6","fg0222","10","fg0344","fg0731","fg0369","fg0800","fg0670","fg0909","fg0415","fg0074","fg0570","fg0222","fg0546","fg0484","fg0287","fg0726","fg0805","fg0203","fg0132","fg0068","fg0748","fg0242"
"fq001095","vx_747b6a931d153fa6","fg0222","4","fg0909","fg0369","fg0949","fg0222","fg0796","fg0287","fg0731","fg0344","fg0216","fg0545","fg0915","fg0325","fg0242","fg0670","fg0616","fg0581","fg0059","fg0838","fg0925","fg0972"
"fq001096","vx_747b6a931d153fa6","fg0222","36","fg0426","fg0491","fg0362","fg0527","fg0667","fg0079","fg0316","fg0112","fg0996","fg0260","fg0909","fg0183","fg0131","fg0077","fg0040","fg0411","fg0841","fg0687","fg0791","fg0521"
"fq001097","vx_747b6a931d153fa6","fg0222","5","fg0909","fg0369","fg0949","fg0796","fg0222","fg0287","fg0731","fg0545","fg0325","fg0216","fg0915","fg0344","fg0059","fg0314","fg0925","fg0670","fg0581","fg0972","fg0242","fg0261"
"fq001098","vx_5e6eda868db31366","fg0223","156","fg0021","fg0421","fg0887","fg0751","fg0030","fg0305","fg0656","fg0896","fg0798","fg0156","fg0980","fg0120","fg0496","fg0112","fg0767","fg0145","fg0433","fg0414","fg0499","fg0175"
"fq001099","vx_083737196ae28333","fg0224","1","fg0224","fg0900","fg0055","fg0087","fg0248","fg0741","fg0334","fg0480","fg0932","fg0841","fg0905","fg0753","fg0675","fg0209","fg0371","fg0357","fg0294","fg0409","fg0631","fg0281"
"fq001100","vx_fe39f2dd9c8983ef","fg0225","14","fg0567","fg0976","fg0721","fg0884","fg0834","fg0034","fg0897","fg0548","fg0283","fg0682","fg0784","fg0562","fg0734","fg0225","fg0313","fg0127","fg0439","fg0810","fg0618","fg0479"
"fq001101","vx_fe39f2dd9c8983ef","fg0225","1","fg0225","fg0810","fg0652","fg0525","fg0405","fg0906","fg0879","fg0535","fg0440","fg0955","fg0114","fg0003","fg0152","fg0313","fg0200","fg0099","fg0194","fg0896","fg0033","fg0546"
"fq001102","vx_fe39f2dd9c8983ef","fg0225","1","fg0225","fg0441","fg0440","fg0452","fg0632","fg0359","fg0543","fg0741","fg0003","fg0651","fg0659","fg0976","fg0810","fg0883","fg0169","fg0834","fg0085","fg0353","fg0283","fg0930"
"fq001103","vx_fe39f2dd9c8983ef","fg0225","189","fg0897","fg0682","fg0504","fg0755","fg0721","fg0567","fg0099","fg0127","fg0810","fg0748","fg0734","fg0525","fg0143","fg0013","fg0555","fg0563","fg0114","fg0081","fg0618","fg0519"
"fq001104","vx_fe39f2dd9c8983ef","fg0225","39","fg0897","fg0567","fg0682","fg0721","fg0127","fg0099","fg0734","fg0810","fg0755","fg0504","fg0748","fg0439","fg0525","fg0976","fg0834","fg0313","fg0114","fg0784","fg0618","fg0884"
"fq001105","vx_fe39f2dd9c8983ef","fg0225","15","fg0506","fg0175","fg0561","fg0656","fg0980","fg0721","fg0831","fg0751","fg0896","fg0672","fg0156","fg0737","fg0957","fg0745","fg0225","fg0734","fg0056","fg0802","fg0385","fg0136"
"fq001106","vx_fe39f2dd9c8983ef","fg0225","11","fg0927","fg0878","fg0883","fg0412","fg0028","fg0169","fg0522","fg0122","fg0990","fg0482","fg0225","fg0703","fg0379","fg0822","fg0435","fg0791","fg0321","fg0396","fg0161","fg0761"
"fq001107","vx_fe39f2dd9c8983ef","fg0225","47","fg0897","fg0810","fg0099","fg0721","fg0682","fg0525","fg0567","fg0755","fg0127","fg0504","fg0114","fg0748","fg0555","fg0611","fg0734","fg0013","fg0906","fg0768","fg0152","fg0879"
"fq001108","vx_fe39f2dd9c8983ef","fg0225","3","fg0050","fg0672","fg0225","fg0543","fg0452","fg0996","fg0426","fg0156","fg0745","fg0154","fg0741","fg0976","fg0077","fg0025","fg0359","fg0362","fg0561","fg0260","fg0079","fg0405"
"fq001109","vx_fe39f2dd9c8983ef","fg0225","28","fg0527","fg0313","fg0541","fg0414","fg0092","fg0038","fg0667","fg0160","fg0057","fg0896","fg0980","fg0761","fg0155","fg0523","fg0451","fg0699","fg0574","fg0500","fg0112","fg0828"
"fq001110","vx_1edf9b0718be8acb","fg0226","1","fg0226","fg0070","fg0752","fg0985","fg0487","fg0717","fg0508","fg0462","fg0765","fg0978","fg0016","fg0982","fg0160","fg0305","fg0704","fg0348","fg0008","fg0006","fg0038","fg0341"
"fq001111","vx_b148205a6d25b336","fg0227","1","fg0227","fg0450","fg0603","fg0320","fg0500","fg0607","fg0902","fg0940","fg0278","fg0804","fg0026","fg0723","fg0889","fg0144","fg0173","fg0526","fg0888","fg0250","fg0928","fg0708"
"fq001112","vx_b148205a6d25b336","fg0227","3","fg0320","fg0603","fg0227","fg0450","fg0607","fg0902","fg0708","fg0889","fg0362","fg0491","fg0841","fg0316","fg0574","fg0426","fg0079","fg0612","fg0996","fg0804","fg0483","fg0411"
"fq001113","vx_022cfff2115fe541","fg0228","9","fg0836","fg0066","fg0489","fg0845","fg0850","fg0370","fg0575","fg0678","fg0228","fg0578","fg0871","fg0080","fg0324","fg0381","fg0604","fg0399","fg0736","fg0006","fg0758","fg0098"
"fq001114","vx_5d3b73d4625f6c98","fg0229","1","fg0229","fg0712","fg0011","fg0268","fg0428","fg0608","fg0408","fg0453","fg0437","fg0172","fg0215","fg0852","fg0253","fg0345","fg0048","fg0833","fg0310","fg0222","fg0748","fg0859"
"fq001115","vx_5d3b73d4625f6c98","fg0229","1","fg0229","fg0712","fg0011","fg0428","fg0268","fg0608","fg0408","fg0172","fg0453","fg0345","fg0852","fg0253","fg0215","fg0437","fg0748","fg0310","fg0048","fg0833","fg0222","fg0702"
"fq001116","vx_5d3b73d4625f6c98","fg0229","302","fg0533","fg0547","fg0037","fg0588","fg0018","fg0062","fg0180","fg0379","fg0822","fg0411","fg0724","fg0811","fg0894","fg0665","fg0027","fg0679","fg0262","fg0031","fg0499","fg0426"
"fq001117","vx_5d3b73d4625f6c98","fg0229","1","fg0229","fg0712","fg0172","fg0428","fg0408","fg0268","fg0748","fg0608","fg0707","fg0310","fg0873","fg0859","fg0345","fg0653","fg0242","fg0011","fg0425","fg0669","fg0487","fg0176"
"fq001118","vx_5d3b73d4625f6c98","fg0229","1","fg0229","fg0712","fg0268","fg0011","fg0428","fg0172","fg0608","fg0408","fg0453","fg0345","fg0253","fg0215","fg0437","fg0852","fg0310","fg0833","fg0048","fg0222","fg0859","fg0653"
"fq001119","vx_5d3b73d4625f6c98","fg0229","1","fg0229","fg0712","fg0011","fg0268","fg0428","fg0608","fg0453","fg0437","fg0408","fg0215","fg0172","fg0345","fg0253","fg0048","fg0852","fg0833","fg0222","fg0310","fg0702","fg0859"
"fq001120","vx_5d3b73d4625f6c98","fg0229","1","fg0229","fg0172","fg0017","fg0639","fg0707","fg0029","fg0949","fg0987","fg0396","fg0653","fg0608","fg0121","fg0859","fg0268","fg0408","fg0790","fg0308","fg0038","fg0242","fg0428"
"fq001121","vx_5d3b73d4625f6c98","fg0229","1","fg0229","fg0172","fg0038","fg0483","fg0608","fg0707","fg0396","fg0408","fg0428","fg0535","fg0268","fg0121","fg0133","fg0996","fg0956","fg0859","fg0958","fg0712","fg0426","fg0385"
"fq001122","vx_5d3b73d4625f6c98","fg0229","1","fg0229","fg0712","fg0011","fg0268","fg0608","fg0428","fg0172","fg0453","fg0408","fg0215","fg0437","fg0852","fg0253","fg0048","fg0345","fg0310","fg0833","fg0859","fg0748","fg0669"
"fq001123","vx_5d3b73d4625f6c98","fg0229","1","fg0229","fg0172","fg0712","fg0608","fg0428","fg0268","fg0310","fg0707","fg0408","fg0011","fg0653","fg0859","fg0873","fg0748","fg0991","fg0546","fg0386","fg0325","fg0396","fg0669"
"fq001124","vx_5d3b73d4625f6c98","fg0229","1","fg0229","fg0172","fg0707","fg0242","fg0748","fg0408","fg0529","fg0873","fg0653","fg0608","fg0859","fg0268","fg0428","fg0310","fg0425","fg0991","fg0790","fg0546","fg0558","fg0121"
"fq001125","vx_bd5c96ee35d4469c","fg0230","1","fg0230","fg0139","fg0096","fg0420","fg0429","fg0215","fg0107","fg0165","fg0212","fg0616","fg0601","fg0825","fg0459","fg0653","fg0685","fg0554","fg0833","fg0011","fg0437","fg0197"
"fq001126","vx_194636f7224d501f","fg0231","17","fg0941","fg0648","fg0102","fg0945","fg0801","fg0501","fg0722","fg0043","fg0192","fg0910","fg0136","fg0996","fg0385","fg0471","fg0956","fg0840","fg0231","fg0341","fg0926","fg0610"
"fq001127","vx_194636f7224d501f","fg0231","1","fg0231","fg0840","fg0341","fg0926","fg0944","fg0364","fg0698","fg0178","fg0239","fg0568","fg0598","fg0403","fg0109","fg0671","fg0779","fg0085","fg0913","fg0144","fg0297","fg0321"
"fq001128","vx_0f52acd0679150cc","fg0232","1","fg0232","fg0576","fg0105","fg0540","fg0792","fg0457","fg0752","fg0680","fg0766","fg0917","fg0591","fg0920","fg0029","fg0072","fg0195","fg0639","fg0511","fg0516","fg0997","fg0517"
"fq001129","vx_0f52acd0679150cc","fg0232","1","fg0232","fg0540","fg0105","fg0576","fg0752","fg0792","fg0457","fg0680","fg0766","fg0591","fg0390","fg0917","fg0980","fg0344","fg0517","fg0511","fg0920","fg0849","fg0072","fg0406"
"fq001130","vx_0f52acd0679150cc","fg0232","17","fg0665","fg0180","fg0062","fg0018","fg0037","fg0547","fg0588","fg0379","fg0533","fg0031","fg0724","fg0822","fg0811","fg0894","fg0837","fg0411","fg0232","fg0679","fg0027","fg0262"
"fq001131","vx_0f52acd0679150cc","fg0232","1","fg0232","fg0540","fg0576","fg0105","fg0457","fg0516","fg0752","fg0792","fg0766","fg0680","fg0849","fg0287","fg0390","fg0344","fg0422","fg0072","fg0406","fg0718","fg0731","fg0462"
"fq001132","vx_0f52acd0679150cc","fg0232","1","fg0232","fg0457","fg0576","fg0752","fg0423","fg0792","fg0680","fg0105","fg0837","fg0072","fg0961","fg0184","fg0496","fg0270","fg0392","fg0591","fg0406","fg0540","fg0344","fg0522"
"fq001133","vx_0f52acd0679150cc","fg0232","1","fg0232","fg0540","fg0105","fg0576","fg0752","fg0457","fg0792","fg0390","fg0766","fg0680","fg0344","fg0980","fg0920","fg0406","fg0591","fg0632","fg0072","fg0917","fg0517","fg0853"
"fq001134","vx_0f52acd0679150cc","fg0232","1","fg0232","fg0576","fg0591","fg0792","fg0639","fg0029","fg0017","fg0457","fg0752","fg0917","fg0680","fg0073","fg0766","fg0920","fg0195","fg0540","fg0915","fg0511","fg0564","fg0176"
"fq001135","vx_0f52acd0679150cc","fg0232","1","fg0232","fg0540","fg0576","fg0105","fg0792","fg0752","fg0457","fg0680","fg0766","fg0344","fg0591","fg0390","fg0920","fg0072","fg0917","fg0632","fg0849","fg0997","fg0517","fg0731"
"fq001136","vx_0f52acd0679150cc","fg0232","1","fg0232","fg0576","fg0540","fg0105","fg0766","fg0591","fg0792","fg0752","fg0680","fg0517","fg0457","fg0849","fg0195","fg0390","fg0632","fg0917","fg0516","fg0406","fg0920","fg0631"
"fq001137","vx_0f52acd0679150cc","fg0232","1","fg0232","fg0576","fg0105","fg0540","fg0792","fg0752","fg0457","fg0680","fg0390","fg0766","fg0917","fg0195","fg0920","fg0517","fg0849","fg0406","fg0591","fg0344","fg0516","fg0287"
"fq001138","vx_0f52acd0679150cc","fg0232","1","fg0232","fg0576","fg0540","fg0105","fg0792","fg0718","fg0752","fg0457","fg0766","fg0591","fg0517","fg0920","fg0390","fg0680","fg0406","fg0287","fg0344","fg0090","fg0195","fg0849"
"fq001139","vx_0f52acd0679150cc","fg0232","1","fg0232","fg0576","fg0540","fg0105","fg0752","fg0792","fg0457","fg0766","fg0591","fg0390","fg0680","fg0195","fg0920","fg0517","fg0718","fg0849","fg0344","fg0917","fg0406","fg0287"
"fq001140","vx_0f52acd0679150cc","fg0232","12","fg0722","fg0102","fg0501","fg0801","fg0945","fg0648","fg0941","fg0192","fg0043","fg0136","fg0910","fg0232","fg0996","fg0956","fg0385","fg0610","fg0471","fg0849","fg0564","fg0029"
"fq001141","vx_0f52acd0679150cc","fg0232","1","fg0232","fg0576","fg0105","fg0540","fg0752","fg0457","fg0792","fg0680","fg0591","fg0390","fg0632","fg0344","fg0195","fg0406","fg0917","fg0849","fg0541","fg0766","fg0920","fg0517"
"fq001142","vx_0f52acd0679150cc","fg0232","1","fg0232","fg0105","fg0576","fg0540","fg0792","fg0457","fg0752","fg0680","fg0390","fg0849","fg0766","fg0344","fg0591","fg0195","fg0920","fg0917","fg0632","fg0072","fg0517","fg0731"
"fq001143","vx_0f52acd0679150cc","fg0232","5","fg0523","fg0057","fg0699","fg0092","fg0232","fg0706","fg0930","fg0102","fg0576","fg0501","fg0722","fg0192","fg0970","fg0648","fg0941","fg0945","fg0136","fg0043","fg0801","fg0910"
"fq001144","vx_0f52acd0679150cc","fg0232","1","fg0232","fg0540","fg0576","fg0105","fg0752","fg0792","fg0457","fg0390","fg0680","fg0591","fg0766","fg0849","fg0920","fg0344","fg0917","fg0195","fg0517","fg0406","fg0718","fg0462"
"fq001145","vx_0f52acd0679150cc","fg0232","1","fg0232","fg0540","fg0576","fg0105","fg0792","fg0752","fg0457","fg0680","fg0591","fg0344","fg0766","fg0390","fg0517","fg0920","fg0849","fg0406","fg0195","fg0917","fg0287","fg0516"
"fq001146","vx_0f52acd0679150cc","fg0232","1","fg0232","fg0576","fg0540","fg0105","fg0766","fg0792","fg0752","fg0457","fg0517","fg0680","fg0390","fg0980","fg0591","fg0072","fg0920","fg0917","fg0849","fg0344","fg0195","fg0516"
"fq001147","vx_0f52acd0679150cc","fg0232","1","fg0232","fg0576","fg0792","fg0540","fg0457","fg0029","fg0105","fg0752","fg0639","fg0917","fg0017","fg0680","fg0920","fg0790","fg0766","fg0915","fg0564","fg0511","fg0997","fg0591"
"fq001148","vx_0f52acd0679150cc","fg0232","1","fg0232","fg0576","fg0790","fg0176","fg0792","fg0752","fg0680","fg0306","fg0639","fg0195","fg0105","fg0457","fg0917","fg0591","fg0540","fg0029","fg0511","fg0619","fg0766","fg0017"
"fq001149","vx_0f52acd0679150cc","fg0232","14","fg0722","fg0801","fg0102","fg0501","fg0945","fg0648","fg0941","fg0192","fg0043","fg0956","fg0136","fg0910","fg0996","fg0232","fg0385","fg0612","fg0610","fg0790","fg0471","fg0483"
"fq001150","vx_0f52acd0679150cc","fg0232","1","fg0232","fg0576","fg0105","fg0540","fg0792","fg0457","fg0591","fg0752","fg0680","fg0766","fg0917","fg0517","fg0195","fg0920","fg0516","fg0072","fg0073","fg0406","fg0631","fg0191"
"fq001151","vx_0f52acd0679150cc","fg0232","1","fg0232","fg0105","fg0576","fg0680","fg0752","fg0540","fg0511","fg0792","fg0457","fg0917","fg0849","fg0344","fg0072","fg0915","fg0766","fg0195","fg0591","fg0920","fg0632","fg0482"
"fq001152","vx_0f52acd0679150cc","fg0232","1","fg0232","fg0749","fg0837","fg0262","fg0457","fg0496","fg0576","fg0752","fg0792","fg0680","fg0023","fg0542","fg0511","fg0105","fg0085","fg0846","fg0072","fg0515","fg0687","fg0423"
"fq001153","vx_0f52acd0679150cc","fg0232","1","fg0232","fg0540","fg0576","fg0105","fg0752","fg0792","fg0457","fg0680","fg0766","fg0390","fg0406","fg0917","fg0920","fg0344","fg0849","fg0591","fg0517","fg0195","fg0516","fg0072"
"fq001154","vx_0f52acd0679150cc","fg0232","1","fg0232","fg0576","fg0540","fg0105","fg0792","fg0029","fg0639","fg0752","fg0457","fg0591","fg0917","fg0766","fg0680","fg0017","fg0920","fg0517","fg0195","fg0516","fg0406","fg0002"
"fq001155","vx_0f52acd0679150cc","fg0232","1","fg0232","fg0540","fg0576","fg0105","fg0792","fg0752","fg0457","fg0344","fg0680","fg0591","fg0920","fg0406","fg0766","fg0390","fg0718","fg0731","fg0632","fg0517","fg0917","fg0516"
"fq001156","vx_0f52acd0679150cc","fg0232","1","fg0232","fg0576","fg0105","fg0540","fg0766","fg0752","fg0390","fg0980","fg0457","fg0792","fg0517","fg0680","fg0591","fg0920","fg0849","fg0344","fg0917","fg0072","fg0195","fg0462"
"fq001157","vx_0f52acd0679150cc","fg0232","1","fg0232","fg0576","fg0105","fg0540","fg0792","fg0752","fg0457","fg0680","fg0917","fg0766","fg0591","fg0195","fg0849","fg0920","fg0511","fg0639","fg0029","fg0390","fg0517","fg0406"
"fq001158","vx_0f52acd0679150cc","fg0232","1","fg0232","fg0576","fg0540","fg0105","fg0792","fg0457","fg0752","fg0766","fg0680","fg0591","fg0344","fg0517","fg0632","fg0072","fg0920","fg0731","fg0516","fg0195","fg0917","fg0406"
"fq001159","vx_0f52acd0679150cc","fg0232","1","fg0232","fg0540","fg0576","fg0105","fg0792","fg0752","fg0457","fg0390","fg0917","fg0766","fg0195","fg0920","fg0680","fg0406","fg0849","fg0517","fg0344","fg0591","fg0287","fg0516"
"fq001160","vx_0f52acd0679150cc","fg0232","1","fg0232","fg0576","fg0540","fg0792","fg0752","fg0457","fg0680","fg0105","fg0766","fg0920","fg0591","fg0344","fg0632","fg0406","fg0731","fg0917","fg0718","fg0870","fg0517","fg0195"
"fq001161","vx_0f52acd0679150cc","fg0232","1","fg0232","fg0540","fg0576","fg0105","fg0792","fg0752","fg0457","fg0680","fg0917","fg0766","fg0920","fg0406","fg0591","fg0344","fg0390","fg0718","fg0517","fg0002","fg0632","fg0870"
"fq001162","vx_0f52acd0679150cc","fg0232","1","fg0232","fg0105","fg0576","fg0540","fg0457","fg0792","fg0752","fg0680","fg0511","fg0849","fg0917","fg0028","fg0766","fg0072","fg0482","fg0920","fg0591","fg0195","fg0344","fg0390"
"fq001163","vx_0f52acd0679150cc","fg0232","1","fg0232","fg0576","fg0540","fg0105","fg0792","fg0752","fg0457","fg0680","fg0766","fg0591","fg0390","fg0344","fg0517","fg0849","fg0195","fg0072","fg0632","fg0920","fg0406","fg0462"
"fq001164","vx_72d1a53c7bf67641","fg0233","29","fg0328","fg0263","fg0977","fg0798","fg0886","fg0804","fg0560","fg0719","fg0011","fg0822","fg0708","fg0412","fg0656","fg0121","fg0541","fg0444","fg0613","fg0490","fg0695","fg0761"
"fq001165","vx_72d1a53c7bf67641","fg0233","26","fg0328","fg0263","fg0551","fg0422","fg0619","fg0680","fg0176","fg0503","fg0024","fg0969","fg0792","fg0309","fg0347","fg0065","fg0079","fg0690","fg0294","fg0560","fg0490","fg0569"
"fq001166","vx_72d1a53c7bf67641","fg0233","22","fg0328","fg0263","fg0508","fg0560","fg0719","fg0309","fg0422","fg0347","fg0619","fg0551","fg0503","fg0804","fg0922","fg0584","fg0006","fg0294","fg0541","fg0458","fg0730","fg0589"
"fq001167","vx_72d1a53c7bf67641","fg0233","17","fg0328","fg0263","fg0719","fg0560","fg0508","fg0756","fg0412","fg0422","fg0804","fg0922","fg0309","fg0397","fg0977","fg0011","fg0294","fg0503","fg0233","fg0730","fg0219","fg0745"
"fq001168","vx_72d1a53c7bf67641","fg0233","51","fg0328","fg0263","fg0667","fg0080","fg0140","fg0443","fg0269","fg0977","fg0347","fg0063","fg0710","fg0953","fg0886","fg0118","fg0197","fg0422","fg0503","fg0795","fg0309","fg0613"
"fq001169","vx_27da43928d364095","fg0234","1","fg0234","fg0111","fg0009","fg0137","fg0189","fg0266","fg0593","fg0225","fg0720","fg0162","fg0683","fg0078","fg0771","fg0003","fg0887","fg0758","fg0353","fg0311","fg0465","fg0726"
"fq001170","vx_8efd552f5038d8a0","fg0235","1","fg0235","fg0586","fg0965","fg0214","fg0019","fg0676","fg0709","fg0723","fg0098","fg0278","fg0928","fg0561","fg0187","fg0506","fg0175","fg0093","fg0832","fg0257","fg0737","fg0413"
"fq001171","vx_8efd552f5038d8a0","fg0235","1","fg0235","fg0586","fg0965","fg0214","fg0019","fg0098","fg0676","fg0187","fg0093","fg0723","fg0278","fg0928","fg0709","fg0561","fg0257","fg0506","fg0082","fg0832","fg0175","fg0252"
"fq001172","vx_15c52144b0951e42","fg0236","364","fg0762","fg0265","fg0641","fg0089","fg0973","fg0304","fg0189","fg0535","fg0225","fg0396","fg0121","fg0846","fg0329","fg0269","fg0543","fg0452","fg0995","fg0700","fg0440","fg0405"
"fq001173","vx_15c52144b0951e42","fg0236","354","fg0506","fg0561","fg0175","fg0270","fg0831","fg0869","fg0846","fg0641","fg0837","fg0121","fg0973","fg0737","fg0190","fg0018","fg0745","fg0980","fg0656","fg0308","fg0867","fg0150"
"fq001174","vx_adbb4693ebbce863","fg0237","1","fg0237","fg0041","fg0601","fg0637","fg0853","fg0344","fg0849","fg0971","fg0119","fg0879","fg0145","fg0415","fg0294","fg0104","fg0701","fg0531","fg0631","fg0753","fg0357","fg0393"
"fq001175","vx_6ceba8af8fc3a94b","fg0238","9","fg0857","fg0306","fg0024","fg0790","fg0490","fg0619","fg0551","fg0745","fg0238","fg0778","fg0483","fg0612","fg0886","fg0707","fg0176","fg0308","fg0936","fg0271","fg0958","fg0385"
"fq001176","vx_6ceba8af8fc3a94b","fg0238","13","fg0037","fg0062","fg0588","fg0547","fg0180","fg0533","fg0379","fg0724","fg0018","fg0822","fg0811","fg0444","fg0238","fg0314","fg0027","fg0665","fg0411","fg0894","fg0886","fg0679"
"fq001177","vx_6ceba8af8fc3a94b","fg0238","1","fg0238","fg0128","fg0820","fg0386","fg0193","fg0406","fg0857","fg0059","fg0486","fg0653","fg0624","fg0511","fg0778","fg0325","fg0777","fg0490","fg0024","fg0961","fg0208","fg0873"
"fq001178","vx_6ceba8af8fc3a94b","fg0238","97","fg0533","fg0588","fg0180","fg0062","fg0379","fg0547","fg0724","fg0018","fg0037","fg0822","fg0027","fg0894","fg0411","fg0811","fg0665","fg0262","fg0990","fg0160","fg0131","fg0301"
"fq001179","vx_6ceba8af8fc3a94b","fg0238","3","fg0778","fg0857","fg0238","fg0490","fg0128","fg0745","fg0551","fg0936","fg0820","fg0193","fg0308","fg0024","fg0707","fg0814","fg0653","fg0322","fg0701","fg0837","fg0868","fg0958"
"fq001180","vx_6ceba8af8fc3a94b","fg0238","14","fg0778","fg0857","fg0745","fg0308","fg0551","fg0936","fg0490","fg0837","fg0868","fg0506","fg0385","fg0156","fg0958","fg0238","fg0980","fg0175","fg0460","fg0024","fg0527","fg0707"
"fq001181","vx_6ceba8af8fc3a94b","fg0238","1","fg0238","fg0128","fg0406","fg0193","fg0653","fg0820","fg0873","fg0570","fg0961","fg0499","fg0955","fg0511","fg0624","fg0386","fg0322","fg0752","fg0777","fg0486","fg0059","fg0449"
"fq001182","vx_6ceba8af8fc3a94b","fg0238","9","fg0857","fg0619","fg0306","fg0024","fg0790","fg0551","fg0490","fg0778","fg0238","fg0745","fg0176","fg0936","fg0271","fg0886","fg0707","fg0521","fg0483","fg0460","fg0958","fg0385"
"fq001183","vx_6ceba8af8fc3a94b","fg0238","1","fg0238","fg0128","fg0820","fg0406","fg0193","fg0059","fg0386","fg0486","fg0511","fg0653","fg0873","fg0322","fg0624","fg0325","fg0600","fg0935","fg0777","fg0961","fg0707","fg0924"
"fq001184","vx_6ceba8af8fc3a94b","fg0238","45","fg0588","fg0062","fg0180","fg0533","fg0547","fg0037","fg0724","fg0018","fg0379","fg0811","fg0822","fg0411","fg0665","fg0894","fg0027","fg0679","fg0262","fg0990","fg0521","fg0192"
"fq001185","vx_6ceba8af8fc3a94b","fg0238","1","fg0238","fg0857","fg0128","fg0778","fg0490","fg0024","fg0551","fg0745","fg0936","fg0707","fg0820","fg0193","fg0386","fg0406","fg0444","fg0322","fg0314","fg0653","fg0241","fg0486"
"fq001186","vx_9c60083e1db7d389","fg0239","1","fg0239","fg0698","fg0944","fg0178","fg0926","fg0364","fg0122","fg0250","fg0756","fg0782","fg0174","fg0108","fg0470","fg0007","fg0982","fg0109","fg0213","fg0739","fg0177","fg0231"
"fq001187","vx_9c60083e1db7d389","fg0239","1","fg0239","fg0698","fg0944","fg0178","fg0926","fg0364","fg0250","fg0122","fg0782","fg0756","fg0341","fg0109","fg0231","fg0108","fg0892","fg0361","fg0007","fg0982","fg0177","fg0952"
"fq001188","vx_9c60083e1db7d389","fg0239","1","fg0239","fg0698","fg0944","fg0178","fg0926","fg0364","fg0250","fg0108","fg0122","fg0782","fg0341","fg0892","fg0109","fg0231","fg0776","fg0474","fg0213","fg0433","fg0177","fg0982"
"fq001189","vx_08c7c00e18bdf7ec","fg0240","1","fg0240","fg0373","fg0823","fg0611","fg0555","fg0768","fg0714","fg0998","fg0419","fg0446","fg0906","fg0810","fg0114","fg0525","fg0592","fg0995","fg0201","fg0640","fg0546","fg0276"
"fq001190","vx_92692a1b5c9a5270","fg0241","5","fg0028","fg0927","fg0883","fg0412","fg0241","fg0169","fg0482","fg0122","fg0835","fg0396","fg0511","fg0405","fg0350","fg0321","fg0385","fg0693","fg0761","fg0778","fg0745","fg0435"
"fq001191","vx_2bdee5c9259bafdc","fg0242","1","fg0242","fg0529","fg0158","fg0408","fg0870","fg0626","fg0818","fg0898","fg0748","fg0005","fg0731","fg0300","fg0739","fg0653","fg0116","fg0425","fg0763","fg0182","fg0049","fg0925"
"fq001192","vx_9e63e88c09c7f127","fg0243","1","fg0243","fg0566","fg0417","fg0034","fg0834","fg0283","fg0196","fg0433","fg0784","fg0335","fg0548","fg0594","fg0453","fg0884","fg0479","fg0499","fg0562","fg0313","fg0966","fg0910"
"fq001193","vx_07aa3b0a5a2783a1","fg0244","1","fg0244","fg0532","fg0939","fg0475","fg0674","fg0702","fg0819","fg0437","fg0039","fg0287","fg0312","fg0967","fg0706","fg0365","fg0456","fg0425","fg0590","fg0052","fg0614","fg0402"
"fq001194","vx_07aa3b0a5a2783a1","fg0244","1","fg0244","fg0532","fg0475","fg0674","fg0939","fg0702","fg0819","fg0312","fg0437","fg0039","fg0967","fg0287","fg0706","fg0282","fg0425","fg0590","fg0402","fg0052","fg0456","fg0614"
"fq001195","vx_f8d1aeb5a7cc5172","fg0245","1","fg0245","fg0877","fg0069","fg0254","fg0078","fg0994","fg0880","fg0557","fg0002","fg0564","fg0689","fg0644","fg0937","fg0535","fg0939","fg0514","fg0318","fg0152","fg0825","fg0331"
"fq001196","vx_f8d1aeb5a7cc5172","fg0245","1","fg0245","fg0002","fg0425","fg0564","fg0689","fg0880","fg0790","fg0229","fg0619","fg0480","fg0751","fg0199","fg0904","fg0322","fg0870","fg0483","fg0901","fg0271","fg0176","fg0437"
"fq001197","vx_11227c8b31904a06","fg0246","1","fg0246","fg0091","fg0044","fg0632","fg0462","fg0514","fg0650","fg0511","fg0221","fg0207","fg0292","fg0036","fg0390","fg0024","fg0524","fg0842","fg0781","fg0946","fg0200","fg0949"
"fq001198","vx_11227c8b31904a06","fg0246","1","fg0246","fg0091","fg0044","fg0514","fg0462","fg0632","fg0650","fg0221","fg0036","fg0024","fg0390","fg0524","fg0511","fg0207","fg0292","fg0200","fg0842","fg0572","fg0344","fg0946"
"fq001199","vx_11227c8b31904a06","fg0246","1","fg0246","fg0024","fg0857","fg0292","fg0207","fg0073","fg0551","fg0521","fg0372","fg0778","fg0176","fg0288","fg0329","fg0679","fg0915","fg0036","fg0385","fg0745","fg0376","fg0334"
"fq001200","vx_bba95f8ee676791e","fg0247","1","fg0247","fg0937","fg0014","fg0331","fg0469","fg0931","fg0704","fg0851","fg0530","fg0875","fg0217","fg0251","fg0367","fg0565","fg0369","fg0744","fg0835","fg0738","fg0352","fg0622"
"fq001201","vx_2a8cd1fe3ae992b5","fg0248","1","fg0248","fg0610","fg0480","fg0224","fg0900","fg0332","fg0585","fg0205","fg0087","fg0741","fg0154","fg0972","fg0049","fg0145","fg0408","fg0785","fg0272","fg0010","fg0371","fg0549"
"fq001202","vx_50b8080113338def","fg0249","1","fg0249","fg0285","fg0319","fg0473","fg0101","fg0911","fg0535","fg0978","fg0603","fg0194","fg0607","fg0212","fg0412","fg0084","fg0396","fg0538","fg0947","fg0185","fg0272","fg0451"
"fq001203","vx_bdb8a8b797e5e6e1","fg0250","1","fg0250","fg0888","fg0178","fg0522","fg0698","fg0239","fg0603","fg0944","fg0108","fg0878","fg0320","fg0607","fg0304","fg0902","fg0926","fg0227","fg0875","fg0450","fg0133","fg0354"
"fq001204","vx_466978cb08616ca2","fg0251","1","fg0251","fg0717","fg0772","fg0943","fg0078","fg0469","fg0954","fg0793","fg0217","fg0704","fg0038","fg0340","fg0937","fg0245","fg0014","fg0827","fg0903","fg0814","fg0355","fg0315"
"fq001205","vx_466978cb08616ca2","fg0251","1","fg0251","fg0717","fg0772","fg0943","fg0078","fg0793","fg0704","fg0954","fg0469","fg0340","fg0038","fg0937","fg0217","fg0014","fg0315","fg0568","fg0245","fg0355","fg0814","fg0827"
"fq001206","vx_1f602f2bb4daf97b","fg0252","34","fg0533","fg0588","fg0062","fg0037","fg0547","fg0180","fg0724","fg0379","fg0665","fg0018","fg0811","fg0822","fg0411","fg0894","fg0027","fg0837","fg0031","fg0990","fg0679","fg0496"
"fq001207","vx_d86d91096f669c36","fg0253","1","fg0253","fg0222","fg0833","fg0459","fg0165","fg0429","fg0602","fg0107","fg0427","fg0157","fg0616","fg0398","fg0899","fg0215","fg0229","fg0510","fg0230","fg0700","fg0437","fg0011"
"fq001208","vx_acc72328b0c1b9e8","fg0254","1","fg0254","fg0069","fg0994","fg0877","fg0431","fg0245","fg0568","fg0078","fg0560","fg0514","fg0574","fg0347","fg0889","fg0584","fg0376","fg0269","fg0534","fg0207","fg0973","fg0825"
"fq001209","vx_8c508ca0b9ed8b80","fg0255","1","fg0255","fg0728","fg0701","fg0425","fg0193","fg0805","fg0750","fg0984","fg0181","fg0516","fg0268","fg0005","fg0634","fg0849","fg0310","fg0901","fg0531","fg0905","fg0786","fg0669"
"fq001210","vx_8c508ca0b9ed8b80","fg0255","1","fg0255","fg0776","fg0474","fg0233","fg0433","fg0350","fg0693","fg0425","fg0416","fg0750","fg0728","fg0321","fg0633","fg0577","fg0516","fg0496","fg0045","fg0175","fg0701","fg0837"
"fq001211","vx_8c508ca0b9ed8b80","fg0255","1","fg0255","fg0767","fg0980","fg0613","fg0506","fg0175","fg0145","fg0977","fg0728","fg0425","fg0814","fg0577","fg0332","fg0133","fg0589","fg0516","fg0802","fg0045","fg0445","fg0669"
"fq001212","vx_8c508ca0b9ed8b80","fg0255","1","fg0255","fg0425","fg0701","fg0728","fg0750","fg0516","fg0805","fg0181","fg0577","fg0633","fg0268","fg0531","fg0310","fg0045","fg0005","fg0372","fg0589","fg0193","fg0832","fg0328"
"fq001213","vx_ad4c60c0c99d7003","fg0256","258","fg0246","fg0835","fg0241","fg0091","fg0044","fg0757","fg0632","fg0572","fg0033","fg0781","fg0128","fg0511","fg0949","fg0680","fg0514","fg0972","fg0462","fg0036","fg0616","fg0200"
"fq001214","vx_ad4c60c0c99d7003","fg0256","533","fg0745","fg0246","fg0778","fg0506","fg0308","fg0241","fg0128","fg0835","fg0527","fg0499","fg0211","fg0680","fg0317","fg0460","fg0156","fg0385","fg0802","fg0142","fg0079","fg0033"
"fq001215","vx_ad4c60c0c99d7003","fg0256","461","fg0835","fg0241","fg0757","fg0246","fg0680","fg0023","fg0885","fg0128","fg0033","fg0262","fg0258","fg0749","fg0041","fg0085","fg0511","fg0317","fg0668","fg0687","fg0632","fg0591"
"fq001216","vx_ad4c60c0c99d7003","fg0256","534","fg0835","fg0246","fg0241","fg0790","fg0024","fg0258","fg0176","fg0306","fg0757","fg0317","fg0619","fg0857","fg0680","fg0128","fg0033","fg0572","fg0668","fg0511","fg0802","fg0334"
"fq001217","vx_ad4c60c0c99d7003","fg0256","392","fg0246","fg0091","fg0044","fg0835","fg0024","fg0241","fg0221","fg0632","fg0514","fg0757","fg0462","fg0176","fg0458","fg0781","fg0499","fg0619","fg0258","fg0790","fg0524","fg0130"
"fq001218","vx_ad4c60c0c99d7003","fg0256","408","fg0835","fg0241","fg0757","fg0379","fg0547","fg0018","fg0180","fg0588","fg0246","fg0062","fg0811","fg0037","fg0533","fg0680","fg0822","fg0128","fg0258","fg0885","fg0814","fg0412"
"fq001219","vx_ad4c60c0c99d7003","fg0256","237","fg0246","fg0091","fg0044","fg0221","fg0632","fg0835","fg0514","fg0781","fg0524","fg0462","fg0241","fg0946","fg0200","fg0616","fg0499","fg0390","fg0949","fg0653","fg0650","fg0757"
"fq001220","vx_ad4c60c0c99d7003","fg0256","1","fg0256","fg0246","fg0168","fg0498","fg0476","fg0636","fg0851","fg0376","fg0091","fg0044","fg0514","fg0632","fg0221","fg0499","fg0462","fg0781","fg0390","fg0592","fg0024","fg0191"
"fq001221","vx_ad4c60c0c99d7003","fg0256","379","fg0246","fg0835","fg0091","fg0044","fg0241","fg0458","fg0885","fg0632","fg0757","fg0462","fg0514","fg0569","fg0221","fg0130","fg0781","fg0690","fg0024","fg0258","fg0176","fg0653"
"fq001222","vx_ad4c60c0c99d7003","fg0256","312","fg0533","fg0547","fg0588","fg0062","fg0180","fg0037","fg0379","fg0018","fg0822","fg0724","fg0811","fg0411","fg0665","fg0894","fg0027","fg0262","fg0131","fg0667","fg0679","fg0863"
"fq001223","vx_ad4c60c0c99d7003","fg0256","247","fg0246","fg0091","fg0044","fg0835","fg0514","fg0499","fg0221","fg0781","fg0241","fg0632","fg0200","fg0949","fg0616","fg0524","fg0024","fg0572","fg0036","fg0462","fg0511","fg0390"
"fq001224","vx_ad4c60c0c99d7003","fg0256","256","fg0246","fg0091","fg0044","fg0835","fg0221","fg0462","fg0241","fg0632","fg0781","fg0514","fg0885","fg0653","fg0524","fg0757","fg0458","fg0946","fg0499","fg0569","fg0616","fg0949"
"fq001225","vx_ad4c60c0c99d7003","fg0256","239","fg0246","fg0091","fg0044","fg0632","fg0221","fg0835","fg0462","fg0781","fg0514","fg0616","fg0653","fg0499","fg0949","fg0241","fg0946","fg0524","fg0390","fg0200","fg0036","fg0885"
"fq001226","vx_ad4c60c0c99d7003","fg0256","234","fg0241","fg0835","fg0680","fg0667","fg0246","fg0317","fg0258","fg0757","fg0079","fg0435","fg0447","fg0033","fg0128","fg0802","fg0790","fg0131","fg0863","fg0043","fg0591","fg0969"
"fq001227","vx_152d62abb88d9a5b","fg0257","1","fg0257","fg0187","fg0573","fg0323","fg0832","fg0563","fg0167","fg0495","fg0953","fg0657","fg0413","fg0082","fg0307","fg0841","fg0093","fg0426","fg0515","fg0795","fg0914","fg0856"
"fq001228","vx_152d62abb88d9a5b","fg0257","1","fg0257","fg0187","fg0323","fg0573","fg0832","fg0563","fg0495","fg0167","fg0953","fg0413","fg0307","fg0082","fg0093","fg0975","fg0795","fg0016","fg0235","fg0114","fg0981","fg0676"
"fq001229","vx_34c841b8b3f78294","fg0258","1","fg0258","fg0835","fg0757","fg0869","fg0986","fg0090","fg0860","fg0032","fg0847","fg0150","fg0103","fg0583","fg0241","fg0751","fg0041","fg0718","fg0331","fg0417","fg0793","fg0980"
"fq001230","vx_34c841b8b3f78294","fg0258","1","fg0258","fg0869","fg0583","fg0090","fg0032","fg0986","fg0103","fg0150","fg0847","fg0860","fg0757","fg0718","fg0417","fg0835","fg0745","fg0176","fg0541","fg0073","fg0496","fg0751"
"fq001231","vx_34c841b8b3f78294","fg0258","1","fg0258","fg0032","fg0986","fg0869","fg0150","fg0847","fg0090","fg0860","fg0583","fg0103","fg0718","fg0417","fg0757","fg0786","fg0835","fg0763","fg0858","fg0922","fg0176","fg0224"
"fq001232","vx_bc4d22884b2bfa2d","fg0259","1","fg0259","fg0387","fg0286","fg0808","fg0746","fg0049","fg0205","fg0486","fg0920","fg0880","fg0010","fg0600","fg0087","fg0694","fg0946","fg0675","fg0783","fg0969","fg0688","fg0967"
"fq001233","vx_bc4d22884b2bfa2d","fg0259","6","fg0968","fg0569","fg0130","fg0690","fg0885","fg0259","fg0294","fg0466","fg0653","fg0327","fg0936","fg0205","fg0202","fg0458","fg0246","fg0511","fg0600","fg0572","fg0486","fg0632"
"fq001234","vx_bc4d22884b2bfa2d","fg0259","42","fg0810","fg0768","fg0525","fg0611","fg0569","fg0885","fg0130","fg0734","fg0653","fg0936","fg0968","fg0555","fg0275","fg0114","fg0013","fg0880","fg0690","fg0240","fg0906","fg0823"
"fq001235","vx_bc4d22884b2bfa2d","fg0259","1","fg0259","fg0387","fg0286","fg0808","fg0746","fg0205","fg0049","fg0486","fg0010","fg0880","fg0946","fg0600","fg0920","fg0087","fg0694","fg0783","fg0900","fg0688","fg0221","fg0967"
"fq001236","vx_bee5d952c7befc45","fg0260","1","fg0260","fg0366","fg0426","fg0841","fg0040","fg0362","fg0079","fg0316","fg0271","fg0411","fg0491","fg0035","fg0990","fg0331","fg0423","fg0996","fg0673","fg0484","fg0703","fg0396"
"fq001237","vx_b80f75ff67b7eb89","fg0261","1","fg0261","fg0366","fg0035","fg0271","fg0423","fg0654","fg0445","fg0545","fg0203","fg0494","fg0325","fg0650","fg0909","fg0273","fg0196","fg0643","fg0950","fg0484","fg0343","fg0750"
"fq001238","vx_325d9df9b5683c24","fg0262","8","fg0018","fg0062","fg0180","fg0588","fg0379","fg0547","fg0037","fg0262","fg0533","fg0894","fg0724","fg0822","fg0541","fg0411","fg0811","fg0665","fg0027","fg0679","fg0318","fg0031"
"fq001239","vx_770e6b634ec46c9d","fg0263","1","fg0263","fg0719","fg0394","fg0177","fg0161","fg0328","fg0132","fg0685","fg0620","fg0952","fg0290","fg0792","fg0639","fg0309","fg0215","fg0915","fg0273","fg0163","fg0261","fg0516"
"fq001240","vx_770e6b634ec46c9d","fg0263","1","fg0263","fg0719","fg0328","fg0394","fg0177","fg0290","fg0132","fg0952","fg0685","fg0161","fg0792","fg0915","fg0309","fg0300","fg0560","fg0347","fg0457","fg0551","fg0620","fg0782"
"fq001241","vx_a147eb375e658cb0","fg0264","1","fg0264","fg0773","fg0959","fg0621","fg0395","fg0483","fg0911","fg0695","fg0703","fg0133","fg0193","fg0372","fg0780","fg0978","fg0351","fg0381","fg0901","fg0120","fg0589","fg0729"
"fq001242","vx_bd6f8c6e0cc050a2","fg0265","1","fg0265","fg0762","fg0089","fg0628","fg0973","fg0641","fg0304","fg0339","fg0026","fg0938","fg0881","fg0125","fg0206","fg0383","fg0219","fg0239","fg0174","fg0963","fg0713","fg0759"
"fq001243","vx_bd6f8c6e0cc050a2","fg0265","1","fg0265","fg0762","fg0089","fg0976","fg0208","fg0506","fg0886","fg0977","fg0125","fg0308","fg0060","fg0490","fg0313","fg0200","fg0834","fg0385","fg0439","fg0637","fg0363","fg0857"
"fq001244","vx_6706357c47860d6d","fg0266","1","fg0266","fg0887","fg0009","fg0189","fg0137","fg0234","fg0111","fg0434","fg0771","fg0815","fg0812","fg0421","fg0493","fg0593","fg0912","fg0291","fg0691","fg0120","fg0078","fg0305"
"fq001245","vx_f203910bd199c165","fg0267","1","fg0267","fg0430","fg0593","fg0130","fg0807","fg0936","fg0569","fg0690","fg0003","fg0968","fg0606","fg0269","fg0111","fg0084","fg0440","fg0327","fg0929","fg0466","fg0397","fg0598"
"fq001246","vx_f203910bd199c165","fg0267","1","fg0267","fg0130","fg0569","fg0936","fg0968","fg0430","fg0885","fg0690","fg0466","fg0327","fg0619","fg0294","fg0857","fg0440","fg0003","fg0551","fg0593","fg0653","fg0291","fg0790"
"fq001247","vx_1f66bf13de5cb227","fg0268","1","fg0268","fg0409","fg0531","fg0001","fg0728","fg0123","fg0360","fg0503","fg0275","fg0015","fg0428","fg0117","fg0852","fg0608","fg0229","fg0712","fg0932","fg0870","fg0002","fg0634"
"fq001248","vx_a63a6f2c8044c806","fg0269","1","fg0269","fg0598","fg0606","fg0291","fg0003","fg0440","fg0140","fg0837","fg0568","fg0159","fg0345","fg0321","fg0225","fg0402","fg0574","fg0169","fg0347","fg0840","fg0487","fg0474"
"fq001249","vx_a63a6f2c8044c806","fg0269","944","fg0379","fg0180","fg0547","fg0062","fg0533","fg0588","fg0018","fg0822","fg0037","fg0724","fg0894","fg0411","fg0811","fg0665","fg0027","fg0990","fg0262","fg0169","fg0412","fg0679"
"fq001250","vx_a63a6f2c8044c806","fg0269","1","fg0269","fg0063","fg0598","fg0710","fg0140","fg0197","fg0606","fg0919","fg0818","fg0568","fg0003","fg0284","fg0347","fg0291","fg0574","fg0933","fg0381","fg0618","fg0440","fg0677"
"fq001251","vx_32339657247a9199","fg0270","2","fg0190","fg0270","fg0298","fg0745","fg0579","fg0772","fg0551","fg0595","fg0624","fg0824","fg0958","fg0105","fg0040","fg0807","fg0973","fg0641","fg0347","fg0175","fg0176","fg0121"
"fq001252","vx_32339657247a9199","fg0270","4","fg0121","fg0190","fg0175","fg0270","fg0527","fg0745","fg0490","fg0541","fg0707","fg0976","fg0405","fg0958","fg0778","fg0551","fg0506","fg0156","fg0641","fg0886","fg0024","fg0521"
"fq001253","vx_32339657247a9199","fg0270","8","fg0121","fg0405","fg0707","fg0745","fg0175","fg0976","fg0958","fg0270","fg0190","fg0490","fg0156","fg0886","fg0778","fg0225","fg0024","fg0308","fg0790","fg0868","fg0857","fg0641"
"fq001254","vx_32339657247a9199","fg0270","1","fg0270","fg0551","fg0121","fg0175","fg0790","fg0024","fg0190","fg0745","fg0490","fg0619","fg0886","fg0541","fg0707","fg0258","fg0405","fg0521","fg0857","fg0778","fg0976","fg0834"
"fq001255","vx_32339657247a9199","fg0270","21","fg0722","fg0648","fg0945","fg0102","fg0136","fg0941","fg0801","fg0192","fg0501","fg0043","fg0910","fg0996","fg0956","fg0385","fg0471","fg0610","fg0156","fg0190","fg0628","fg0849"
"fq001256","vx_32339657247a9199","fg0270","13","fg0350","fg0233","fg0412","fg0776","fg0693","fg0474","fg0433","fg0028","fg0883","fg0927","fg0416","fg0321","fg0270","fg0973","fg0396","fg0122","fg0482","fg0190","fg0169","fg0641"
"fq001257","vx_32339657247a9199","fg0270","6","fg0745","fg0527","fg0541","fg0384","fg0190","fg0270","fg0092","fg0156","fg0313","fg0385","fg0896","fg0958","fg0778","fg0837","fg0523","fg0298","fg0451","fg0641","fg0414","fg0980"
"fq001258","vx_32339657247a9199","fg0270","18","fg0316","fg0996","fg0491","fg0040","fg0362","fg0841","fg0411","fg0260","fg0426","fg0667","fg0079","fg0077","fg0761","fg0350","fg0956","fg0533","fg0693","fg0270","fg0190","fg0233"
"fq001259","vx_32339657247a9199","fg0270","2","fg0190","fg0270","fg0298","fg0457","fg0121","fg0973","fg0772","fg0872","fg0538","fg0595","fg0075","fg0552","fg0641","fg0781","fg0958","fg0579","fg0824","fg0830","fg0561","fg0549"
"fq001260","vx_32339657247a9199","fg0270","1","fg0270","fg0024","fg0121","fg0886","fg0190","fg0490","fg0175","fg0551","fg0619","fg0521","fg0790","fg0707","fg0258","fg0745","fg0405","fg0857","fg0641","fg0271","fg0298","fg0570"
"fq001261","vx_92db7dd54f59d2f5","fg0271","1","fg0271","fg0366","fg0035","fg0203","fg0484","fg0494","fg0950","fg0423","fg0502","fg0371","fg0997","fg0260","fg0196","fg0790","fg0153","fg0619","fg0510","fg0331","fg0501","fg0576"
"fq001262","vx_92db7dd54f59d2f5","fg0271","1","fg0271","fg0484","fg0203","fg0366","fg0494","fg0035","fg0950","fg0423","fg0371","fg0502","fg0510","fg0997","fg0153","fg0133","fg0396","fg0196","fg0576","fg0780","fg0501","fg0509"
"fq001263","vx_92db7dd54f59d2f5","fg0271","1","fg0271","fg0203","fg0494","fg0366","fg0950","fg0484","fg0035","fg0423","fg0371","fg0510","fg0502","fg0997","fg0007","fg0104","fg0396","fg0250","fg0576","fg0938","fg0196","fg0554"
"fq001264","vx_92db7dd54f59d2f5","fg0271","1","fg0271","fg0366","fg0203","fg0035","fg0494","fg0484","fg0950","fg0423","fg0502","fg0371","fg0997","fg0196","fg0331","fg0155","fg0551","fg0510","fg0260","fg0576","fg0619","fg0460"
"fq001265","vx_92db7dd54f59d2f5","fg0271","4","fg0484","fg0366","fg0494","fg0271","fg0203","fg0035","fg0950","fg0423","fg0371","fg0510","fg0502","fg0196","fg0396","fg0997","fg0007","fg0780","fg0576","fg0604","fg0887","fg0095"
"fq001266","vx_92db7dd54f59d2f5","fg0271","1","fg0271","fg0366","fg0203","fg0494","fg0035","fg0484","fg0950","fg0423","fg0502","fg0371","fg0997","fg0196","fg0510","fg0396","fg0888","fg0576","fg0250","fg0887","fg0938","fg0153"
"fq001267","vx_92db7dd54f59d2f5","fg0271","1","fg0271","fg0203","fg0366","fg0494","fg0484","fg0950","fg0035","fg0371","fg0423","fg0510","fg0502","fg0997","fg0196","fg0007","fg0576","fg0104","fg0153","fg0396","fg0501","fg0331"
"fq001268","vx_92db7dd54f59d2f5","fg0271","1","fg0271","fg0366","fg0203","fg0494","fg0484","fg0035","fg0950","fg0423","fg0371","fg0510","fg0997","fg0502","fg0196","fg0007","fg0153","fg0576","fg0331","fg0104","fg0260","fg0501"
"fq001269","vx_c1335dd52391d327","fg0272","2","fg0471","fg0272","fg0075","fg0552","fg0638","fg0549","fg0830","fg0681","fg0536","fg0457","fg0781","fg0945","fg0538","fg0382","fg0722","fg0996","fg0192","fg0801","fg0102","fg0941"
"fq001270","vx_c1335dd52391d327","fg0272","1","fg0272","fg0075","fg0471","fg0638","fg0552","fg0681","fg0549","fg0830","fg0536","fg0457","fg0781","fg0707","fg0538","fg0382","fg0469","fg1000","fg0318","fg0859","fg0248","fg0105"
"fq001271","vx_b982e5a320673d51","fg0273","1","fg0273","fg0261","fg0654","fg0643","fg0445","fg0343","fg0785","fg0332","fg0308","fg0806","fg0113","fg0115","fg0389","fg0669","fg0351","fg0326","fg0705","fg0692","fg0134","fg0534"
"fq001272","vx_6061b37c2bbc367f","fg0274","1","fg0274","fg0905","fg0795","fg0738","fg0545","fg0133","fg0958","fg0045","fg0376","fg0325","fg0546","fg0453","fg0909","fg0557","fg0487","fg0383","fg0570","fg0025","fg0777","fg0056"
"fq001273","vx_6061b37c2bbc367f","fg0274","1","fg0274","fg0905","fg0795","fg0545","fg0133","fg0958","fg0738","fg0325","fg0546","fg0376","fg0045","fg0909","fg0752","fg0777","fg0406","fg0942","fg0570","fg0395","fg0557","fg0020"
"fq001274","vx_6061b37c2bbc367f","fg0274","1","fg0274","fg0905","fg0795","fg0010","fg0220","fg0738","fg0958","fg0545","fg0133","fg0647","fg0045","fg0376","fg0325","fg0487","fg0453","fg0546","fg0950","fg0933","fg0777","fg0494"
"fq001275","vx_4c0e6773cc702042","fg0275","633","fg0927","fg0028","fg0883","fg0412","fg0169","fg0122","fg0482","fg0396","fg0878","fg0822","fg0511","fg0379","fg0435","fg0321","fg0687","fg0161","fg0825","fg0039","fg0547","fg0225"
"fq001276","vx_4c0e6773cc702042","fg0275","1","fg0275","fg0001","fg0123","fg0503","fg0749","fg0388","fg0262","fg0384","fg0734","fg0085","fg0023","fg0962","fg0778","fg0542","fg0687","fg0525","fg0936","fg0837","fg0283","fg0976"
"fq001277","vx_51f40aec6c01fe3d","fg0276","857","fg0097","fg0155","fg0368","fg0184","fg0666","fg0599","fg0786","fg0954","fg0797","fg0794","fg0851","fg0652","fg0958","fg0868","fg0760","fg0807","fg0904","fg0743","fg0169","fg0152"
"fq001278","vx_51f40aec6c01fe3d","fg0276","969","fg0593","fg0937","fg0807","fg0078","fg0797","fg0894","fg0904","fg0603","fg0931","fg0269","fg0469","fg0210","fg0084","fg0014","fg0666","fg0875","fg0607","fg0225","fg0251","fg0003"
"fq001279","vx_51f40aec6c01fe3d","fg0276","946","fg0666","fg0097","fg0155","fg0368","fg0593","fg0786","fg0807","fg0797","fg0184","fg0904","fg0954","fg0599","fg0894","fg0794","fg0851","fg0522","fg0970","fg0469","fg0937","fg0603"
"fq001280","vx_51f40aec6c01fe3d","fg0276","975","fg0722","fg0945","fg0102","fg0192","fg0941","fg0648","fg0801","fg0043","fg0136","fg0501","fg0910","fg0593","fg0956","fg0385","fg0807","fg0937","fg0659","fg0610","fg0894","fg0078"
"fq001281","vx_51f40aec6c01fe3d","fg0276","956","fg0097","fg0368","fg0155","fg0666","fg0786","fg0599","fg0954","fg0593","fg0184","fg0797","fg0807","fg0794","fg0251","fg0078","fg0469","fg0904","fg0937","fg0894","fg0851","fg0652"
"fq001282","vx_51f40aec6c01fe3d","fg0276","645","fg0522","fg0250","fg0888","fg0603","fg0807","fg0593","fg0894","fg0878","fg0875","fg0904","fg0837","fg0666","fg0320","fg0797","fg0607","fg0760","fg0851","fg0078","fg0450","fg0902"
"fq001283","vx_51f40aec6c01fe3d","fg0276","968","fg0666","fg0097","fg0155","fg0593","fg0368","fg0797","fg0894","fg0807","fg0786","fg0904","fg0506","fg0851","fg0599","fg0954","fg0038","fg0607","fg0084","fg0603","fg0888","fg0522"
"fq001284","vx_51f40aec6c01fe3d","fg0276","948","fg0593","fg0285","fg0101","fg0807","fg0249","fg0250","fg0522","fg0603","fg0894","fg0319","fg0473","fg0607","fg0078","fg0878","fg0904","fg0797","fg0251","fg0888","fg0760","fg0851"
"fq001285","vx_51f40aec6c01fe3d","fg0276","900","fg0797","fg0593","fg0937","fg0894","fg0251","fg0888","fg0078","fg0807","fg0607","fg0875","fg0469","fg0931","fg0904","fg0666","fg0851","fg0014","fg0509","fg0717","fg0210","fg0704"
"fq001286","vx_51f40aec6c01fe3d","fg0276","633","fg0593","fg0807","fg0937","fg0904","fg0469","fg0078","fg0797","fg0247","fg0894","fg0014","fg0851","fg0217","fg0837","fg0440","fg0778","fg0381","fg0970","fg0931","fg0522","fg0704"
"fq001287","vx_07999ca196f1d435","fg0277","1","fg0277","fg0826","fg0095","fg0842","fg0327","fg0605","fg0925","fg0524","fg0466","fg0048","fg0088","fg0647","fg0668","fg0891","fg0570","fg0634","fg0893","fg0023","fg0281","fg0472"
"fq001288","vx_0ab214b4c46b1e39","fg0278","2","fg0723","fg0278","fg0928","fg0214","fg0019","fg0709","fg0500","fg0227","fg0747","fg0506","fg0450","fg0751","fg0737","fg0026","fg0175","fg0992","fg0561","fg0235","fg0432","fg0804"
"fq001289","vx_893342667741bced","fg0279","1","fg0279","fg0559","fg0734","fg0302","fg0148","fg0556","fg0055","fg0618","fg0124","fg0418","fg0299","fg0620","fg0686","fg0025","fg0821","fg0106","fg0628","fg0502","fg0528","fg0127"
"fq001290","vx_893342667741bced","fg0279","1","fg0279","fg0734","fg0559","fg0302","fg0148","fg0556","fg0618","fg0055","fg0124","fg0299","fg0025","fg0620","fg0418","fg0106","fg0821","fg0672","fg0686","fg0145","fg0136","fg0438"
"fq001291","vx_893342667741bced","fg0279","1","fg0279","fg0559","fg0148","fg0302","fg0734","fg0556","fg0124","fg0055","fg0620","fg0418","fg0821","fg0618","fg0686","fg0025","fg0581","fg0299","fg0909","fg0106","fg0672","fg0425"
"fq001292","vx_893342667741bced","fg0279","1","fg0279","fg0148","fg0559","fg0302","fg0734","fg0556","fg0618","fg0055","fg0124","fg0620","fg0418","fg0025","fg0628","fg0821","fg0686","fg0106","fg0171","fg0136","fg0897","fg0609"
"fq001293","vx_f4acace6f945adf4","fg0280","1","fg0280","fg0904","fg0727","fg0855","fg0966","fg0033","fg0447","fg0023","fg0322","fg0624","fg0051","fg0847","fg0005","fg0926","fg0109","fg0386","fg0138","fg0199","fg0711","fg0698"
"fq001294","vx_f4acace6f945adf4","fg0280","1","fg0280","fg0896","fg0345","fg0194","fg0624","fg0904","fg0509","fg0084","fg0727","fg0978","fg0513","fg0033","fg0023","fg0842","fg0109","fg0487","fg0447","fg0855","fg0847","fg0506"
"fq001295","vx_5850c062da53aea2","fg0281","1","fg0281","fg0634","fg0418","fg0702","fg0534","fg0032","fg0065","fg0847","fg0986","fg0829","fg0150","fg0869","fg0984","fg0090","fg0023","fg0860","fg0821","fg0121","fg0103","fg0458"
"fq001296","vx_a24845ef31e7e32b","fg0282","1","fg0282","fg0967","fg0312","fg0819","fg0039","fg0576","fg0674","fg0357","fg0711","fg0590","fg0206","fg0623","fg0750","fg0215","fg0771","fg0804","fg0011","fg0689","fg0340","fg0287"
"fq001297","vx_bfb458f3ccb55770","fg0283","2","fg0976","fg0283","fg0834","fg0308","fg0884","fg0034","fg0784","fg0548","fg0745","fg0778","fg0562","fg0506","fg0734","fg0527","fg0828","fg0936","fg0313","fg0242","fg0837","fg0760"
"fq001298","vx_bfb458f3ccb55770","fg0283","15","fg0308","fg0745","fg0837","fg0156","fg0506","fg0561","fg0522","fg0976","fg0778","fg0527","fg0385","fg0031","fg0025","fg0405","fg0283","fg0672","fg0159","fg0665","fg0828","fg0936"
"fq001299","vx_bfb458f3ccb55770","fg0283","526","fg0648","fg0941","fg0102","fg0722","fg0801","fg0945","fg0501","fg0192","fg0043","fg0910","fg0136","fg0996","fg0956","fg0471","fg0610","fg0385","fg0156","fg0228","fg0552","fg0095"
"fq001300","vx_bfb458f3ccb55770","fg0283","1","fg0283","fg0834","fg0784","fg0034","fg0884","fg0548","fg0976","fg0562","fg0196","fg0479","fg0313","fg0957","fg0243","fg0515","fg0539","fg0543","fg0433","fg0159","fg0439","fg0749"
"fq001301","vx_bfb458f3ccb55770","fg0283","1","fg0283","fg0834","fg0034","fg0784","fg0884","fg0976","fg0548","fg0562","fg0506","fg0196","fg0313","fg0957","fg0479","fg0561","fg0308","fg0159","fg0543","fg0837","fg0980","fg0896"
"fq001302","vx_bfb458f3ccb55770","fg0283","1","fg0283","fg0784","fg0834","fg0034","fg0884","fg0548","fg0976","fg0562","fg0479","fg0196","fg0313","fg0539","fg0543","fg0243","fg0957","fg0159","fg0398","fg0837","fg0433","fg0515"
"fq001303","vx_bfb458f3ccb55770","fg0283","1","fg0283","fg0976","fg0834","fg0778","fg0707","fg0884","fg0308","fg0242","fg0034","fg0548","fg0873","fg0172","fg0784","fg0653","fg0760","fg0745","fg0562","fg0857","fg0558","fg0196"
"fq001304","vx_bfb458f3ccb55770","fg0283","1","fg0283","fg0784","fg0834","fg0034","fg0884","fg0976","fg0548","fg0562","fg0196","fg0543","fg0479","fg0308","fg0159","fg0745","fg0957","fg0539","fg0837","fg0961","fg0313","fg0242"
"fq001305","vx_bfb458f3ccb55770","fg0283","3","fg0976","fg0834","fg0283","fg0308","fg0884","fg0034","fg0548","fg0784","fg0745","fg0562","fg0405","fg0521","fg0156","fg0506","fg0778","fg0527","fg0857","fg0175","fg0313","fg0196"
"fq001306","vx_bfb458f3ccb55770","fg0283","6","fg0031","fg0218","fg0665","fg0837","fg0496","fg0283","fg0522","fg0543","fg0308","fg0452","fg0784","fg0118","fg0834","fg0976","fg0359","fg0159","fg0085","fg0034","fg0745","fg0548"
"fq001307","vx_bfb458f3ccb55770","fg0283","8","fg0976","fg0308","fg0884","fg0784","fg0834","fg0034","fg0562","fg0283","fg0343","fg0745","fg0548","fg0815","fg0612","fg0479","fg0225","fg0798","fg0483","fg0761","fg0169","fg0561"
"fq001308","vx_bfb458f3ccb55770","fg0283","26","fg0707","fg0242","fg0172","fg0748","fg0873","fg0653","fg0810","fg0525","fg0734","fg0114","fg0558","fg0529","fg0768","fg0013","fg0611","fg0108","fg0310","fg0859","fg0834","fg0880"
"fq001309","vx_bfb458f3ccb55770","fg0283","1","fg0283","fg0834","fg0784","fg0884","fg0034","fg0548","fg0976","fg0562","fg0479","fg0196","fg0225","fg0308","fg0539","fg0543","fg0159","fg0313","fg0761","fg0243","fg0957","fg0405"
"fq001310","vx_bfb458f3ccb55770","fg0283","1","fg0283","fg0034","fg0834","fg0976","fg0506","fg0980","fg0784","fg0548","fg0884","fg0308","fg0561","fg0896","fg0433","fg0562","fg0957","fg0175","fg0156","fg0656","fg0196","fg0761"
"fq001311","vx_bfb458f3ccb55770","fg0283","2","fg0834","fg0283","fg0784","fg0034","fg0884","fg0976","fg0548","fg0242","fg0562","fg0196","fg0529","fg0707","fg0873","fg0653","fg0961","fg0748","fg0408","fg0313","fg0108","fg0513"
"fq001312","vx_bfb458f3ccb55770","fg0283","97","fg0172","fg0873","fg0653","fg0707","fg0114","fg0558","fg0310","fg0428","fg0748","fg0108","fg0529","fg0242","fg0810","fg0525","fg0768","fg0734","fg0268","fg0241","fg0611","fg0608"
"fq001313","vx_bfb458f3ccb55770","fg0283","172","fg0768","fg0172","fg0810","fg0114","fg0525","fg0707","fg0611","fg0734","fg0873","fg0748","fg0558","fg0880","fg0555","fg0653","fg0108","fg0310","fg0099","fg0013","fg0419","fg0428"
"fq001314","vx_bfb458f3ccb55770","fg0283","50","fg0734","fg0810","fg0099","fg0525","fg0114","fg0768","fg0013","fg0880","fg0748","fg0611","fg0108","fg0127","fg0152","fg0555","fg0775","fg0275","fg0419","fg0897","fg0172","fg0644"
"fq001315","vx_bfb458f3ccb55770","fg0283","5","fg0242","fg0529","fg0834","fg0961","fg0283","fg0748","fg0033","fg0884","fg0976","fg0408","fg0949","fg0784","fg0034","fg0548","fg0739","fg0707","fg0653","fg0731","fg0013","fg0158"
"fq001316","vx_bfb458f3ccb55770","fg0283","5","fg0976","fg0308","fg0707","fg0834","fg0283","fg0242","fg0745","fg0884","fg0034","fg0784","fg0653","fg0548","fg0734","fg0873","fg0172","fg0562","fg0936","fg0558","fg0641","fg0513"
"fq001317","vx_bfb458f3ccb55770","fg0283","27","fg0525","fg0810","fg0734","fg0114","fg0611","fg0768","fg0013","fg0707","fg0823","fg0555","fg0242","fg0880","fg0748","fg0308","fg0099","fg0152","fg0976","fg0419","fg0653","fg0108"
"fq001318","vx_bfb458f3ccb55770","fg0283","88","fg0172","fg0707","fg0873","fg0653","fg0748","fg0558","fg0909","fg0242","fg0310","fg0108","fg0810","fg0114","fg0428","fg0768","fg0525","fg0529","fg0241","fg0632","fg0088","fg0859"
"fq001319","vx_bfb458f3ccb55770","fg0283","1","fg0283","fg0834","fg0784","fg0884","fg0034","fg0548","fg0976","fg0562","fg0196","fg0837","fg0479","fg0308","fg0778","fg0313","fg0159","fg0961","fg0734","fg0543","fg0085","fg0439"
"fq001320","vx_bfb458f3ccb55770","fg0283","1","fg0283","fg0834","fg0034","fg0784","fg0884","fg0548","fg0976","fg0562","fg0479","fg0980","fg0196","fg0957","fg0243","fg0313","fg0133","fg0828","fg0305","fg0433","fg0767","fg0521"
"fq001321","vx_bfb458f3ccb55770","fg0283","1","fg0283","fg0834","fg0784","fg0884","fg0034","fg0548","fg0976","fg0562","fg0479","fg0543","fg0196","fg0539","fg0225","fg0159","fg0313","fg0573","fg0515","fg0749","fg0157","fg0243"
"fq001322","vx_bfb458f3ccb55770","fg0283","60","fg0667","fg0131","fg0863","fg0301","fg0491","fg0355","fg0160","fg0687","fg0426","fg0533","fg0761","fg0990","fg0085","fg0527","fg0996","fg0161","fg0791","fg0362","fg0043","fg0658"
"fq001323","vx_bfb458f3ccb55770","fg0283","5","fg0734","fg0745","fg0308","fg0976","fg0283","fg0242","fg0778","fg0525","fg0707","fg0834","fg0548","fg0114","fg0562","fg0653","fg0172","fg0884","fg0957","fg0748","fg0880","fg0936"
"fq001324","vx_bfb458f3ccb55770","fg0283","4","fg0976","fg0308","fg0734","fg0283","fg0834","fg0884","fg0525","fg0548","fg0405","fg0784","fg0034","fg0761","fg0562","fg0745","fg0810","fg0156","fg0114","fg0778","fg0880","fg0936"
"fq001325","vx_bfb458f3ccb55770","fg0283","1","fg0283","fg0834","fg0784","fg0034","fg0884","fg0548","fg0976","fg0562","fg0479","fg0521","fg0196","fg0543","fg0539","fg0515","fg0749","fg0313","fg0405","fg0573","fg0243","fg0157"
"fq001326","vx_bfb458f3ccb55770","fg0283","1","fg0283","fg0834","fg0034","fg0784","fg0976","fg0884","fg0548","fg0873","fg0562","fg0707","fg0172","fg0653","fg0242","fg0196","fg0506","fg0313","fg0310","fg0558","fg0308","fg0828"
"fq001327","vx_bfb458f3ccb55770","fg0283","1","fg0283","fg0834","fg0884","fg0784","fg0034","fg0976","fg0548","fg0562","fg0778","fg0196","fg0479","fg0837","fg0521","fg0760","fg0868","fg0085","fg0334","fg0857","fg0423","fg0515"
"fq001328","vx_bfb458f3ccb55770","fg0283","22","fg0242","fg0707","fg0653","fg0748","fg0873","fg0172","fg0529","fg0114","fg0013","fg0558","fg0310","fg0108","fg0859","fg0408","fg0152","fg0088","fg0652","fg0909","fg0734","fg0834"
"fq001329","vx_bfb458f3ccb55770","fg0283","1","fg0283","fg0034","fg0834","fg0784","fg0884","fg0548","fg0976","fg0562","fg0196","fg0479","fg0313","fg0957","fg0506","fg0980","fg0308","fg0243","fg0767","fg0561","fg0433","fg0896"
"fq001330","vx_bfb458f3ccb55770","fg0283","1","fg0283","fg0834","fg0884","fg0784","fg0034","fg0976","fg0548","fg0423","fg0184","fg0308","fg0837","fg0562","fg0196","fg0778","fg0270","fg0961","fg0479","fg0392","fg0321","fg0521"
"fq001331","vx_bfb458f3ccb55770","fg0283","17","fg0362","fg0316","fg0040","fg0841","fg0260","fg0411","fg0996","fg0426","fg0491","fg0079","fg0077","fg0834","fg0673","fg0784","fg0548","fg0034","fg0283","fg0956","fg0976","fg0607"
"fq001332","vx_bfb458f3ccb55770","fg0283","1","fg0283","fg0976","fg0834","fg0884","fg0034","fg0784","fg0548","fg0308","fg0562","fg0734","fg0196","fg0707","fg0405","fg0242","fg0225","fg0745","fg0761","fg0506","fg0525","fg0313"
"fq001333","vx_bfb458f3ccb55770","fg0283","81","fg0810","fg0525","fg0748","fg0768","fg0114","fg0734","fg0099","fg0013","fg0707","fg0172","fg0611","fg0242","fg0880","fg0108","fg0555","fg0873","fg0653","fg0897","fg0152","fg0127"
"fq001334","vx_bfb458f3ccb55770","fg0283","2","fg0308","fg0283","fg0745","fg0976","fg0884","fg0034","fg0778","fg0548","fg0834","fg0784","fg0506","fg0837","fg0562","fg0561","fg0980","fg0073","fg0156","fg0734","fg0405","fg0527"
"fq001335","vx_bfb458f3ccb55770","fg0283","1","fg0283","fg0976","fg0834","fg0884","fg0784","fg0034","fg0426","fg0548","fg0778","fg0308","fg0745","fg0562","fg0313","fg0411","fg0561","fg0527","fg0521","fg0196","fg0439","fg0479"
"fq001336","vx_bfb458f3ccb55770","fg0283","45","fg0734","fg0745","fg0114","fg0525","fg0810","fg0308","fg0611","fg0880","fg0768","fg0976","fg0172","fg0641","fg0426","fg0707","fg0013","fg0653","fg0242","fg0748","fg0980","fg0156"
"fq001337","vx_bfb458f3ccb55770","fg0283","1","fg0283","fg0976","fg0834","fg0707","fg0884","fg0308","fg0034","fg0784","fg0548","fg0873","fg0242","fg0172","fg0562","fg0745","fg0778","fg0432","fg0405","fg0653","fg0558","fg0506"
"fq001338","vx_bfb458f3ccb55770","fg0283","1","fg0283","fg0834","fg0976","fg0034","fg0784","fg0884","fg0548","fg0873","fg0308","fg0707","fg0242","fg0172","fg0653","fg0562","fg0558","fg0506","fg0837","fg0561","fg0859","fg0745"
"fq001339","vx_bfb458f3ccb55770","fg0283","1","fg0283","fg0976","fg0834","fg0884","fg0784","fg0034","fg0548","fg0562","fg0308","fg0734","fg0521","fg0196","fg0745","fg0760","fg0405","fg0313","fg0749","fg0778","fg0479","fg0506"
"fq001340","vx_bfb458f3ccb55770","fg0283","2","fg0834","fg0283","fg0784","fg0034","fg0884","fg0548","fg0976","fg0562","fg0225","fg0479","fg0543","fg0196","fg0313","fg0405","fg0539","fg0159","fg0749","fg0573","fg0977","fg0243"
"fq001341","vx_bfb458f3ccb55770","fg0283","3","fg0242","fg0834","fg0283","fg0976","fg0034","fg0707","fg0784","fg0884","fg0873","fg0653","fg0529","fg0748","fg0172","fg0548","fg0408","fg0108","fg0310","fg0562","fg0860","fg0859"
"fq001342","vx_bfb458f3ccb55770","fg0283","1","fg0283","fg0834","fg0034","fg0784","fg0884","fg0548","fg0976","fg0562","fg0196","fg0479","fg0313","fg0243","fg0957","fg0433","fg0749","fg0515","fg0837","fg0439","fg0506","fg0980"
"fq001343","vx_bfb458f3ccb55770","fg0283","2","fg0837","fg0283","fg0412","fg0308","fg0884","fg0976","fg0122","fg0159","fg0321","fg0883","fg0548","fg0350","fg0028","fg0784","fg0834","fg0496","fg0034","fg0687","fg0433","fg0961"
"fq001344","vx_250ee1a40d904f76","fg0284","1","fg0284","fg0919","fg0197","fg0710","fg0818","fg0063","fg0455","fg0330","fg0736","fg0184","fg0230","fg0740","fg0338","fg0022","fg0073","fg0614","fg0212","fg0096","fg0989","fg0595"
"fq001345","vx_dbc2827fb74a3b2f","fg0285","1","fg0285","fg0473","fg0249","fg0319","fg0101","fg0911","fg0185","fg0451","fg0387","fg0808","fg0259","fg0947","fg0286","fg0414","fg0760","fg0916","fg0183","fg0010","fg0212","fg0607"
"fq001346","vx_c752aef23109600b","fg0286","1","fg0286","fg0808","fg0387","fg0259","fg0520","fg0347","fg0675","fg0772","fg0063","fg0642","fg0049","fg0003","fg0140","fg0473","fg0471","fg0587","fg0319","fg0272","fg0638","fg0785"
"fq001347","vx_4cfeff5d60c4e15e","fg0287","1","fg0287","fg0422","fg0706","fg0796","fg0909","fg0783","fg0022","fg0727","fg0532","fg0702","fg0969","fg0079","fg0244","fg0576","fg0200","fg0674","fg0222","fg0209","fg0475","fg0711"
"fq001348","vx_4cfeff5d60c4e15e","fg0287","1","fg0287","fg0422","fg0796","fg0706","fg0022","fg0909","fg0576","fg0727","fg0532","fg0783","fg0702","fg0244","fg0969","fg0209","fg0079","fg0475","fg0216","fg0369","fg0540","fg0674"
"fq001349","vx_5022cc41391ebe56","fg0288","1","fg0288","fg0329","fg0292","fg0985","fg0207","fg0804","fg0856","fg0376","fg0282","fg0799","fg0743","fg0571","fg0771","fg0861","fg0137","fg0061","fg0111","fg0385","fg0234","fg0328"
"fq001350","vx_5022cc41391ebe56","fg0288","1","fg0288","fg0329","fg0292","fg0985","fg0207","fg0804","fg0571","fg0771","fg0282","fg0743","fg0799","fg0861","fg0856","fg0376","fg0372","fg0061","fg0137","fg0461","fg0328","fg0913"
"fq001351","vx_9ac19830051202da","fg0289","1","fg0289","fg0076","fg0879","fg0186","fg0885","fg0901","fg0636","fg0391","fg0774","fg0324","fg0624","fg0142","fg0020","fg0943","fg0773","fg0326","fg0959","fg0621","fg0726","fg0393"
"fq001352","vx_26c63f0ae5cb6c57","fg0290","1","fg0290","fg0719","fg0263","fg0161","fg0394","fg0177","fg0685","fg0132","fg0073","fg0952","fg0620","fg0574","fg0541","fg0328","fg0873","fg0412","fg0558","fg0639","fg0955","fg0499"
"fq001353","vx_26c63f0ae5cb6c57","fg0290","1","fg0290","fg0375","fg0955","fg0513","fg0020","fg0608","fg0335","fg0263","fg0719","fg0109","fg0935","fg0386","fg0417","fg0406","fg0920","fg0325","fg0855","fg0360","fg0669","fg0011"
"fq001354","vx_26c63f0ae5cb6c57","fg0290","18","fg0541","fg0050","fg0837","fg0672","fg0527","fg0085","fg0522","fg0841","fg0040","fg0308","fg0362","fg0073","fg0749","fg0996","fg0719","fg0496","fg0574","fg0290","fg0263","fg0411"
"fq001355","vx_26c63f0ae5cb6c57","fg0290","1","fg0290","fg0263","fg0719","fg0184","fg0177","fg0161","fg0394","fg0873","fg0270","fg0328","fg0073","fg0558","fg0955","fg0375","fg0417","fg0109","fg0961","fg0560","fg0513","fg0198"
"fq001356","vx_26c63f0ae5cb6c57","fg0290","1","fg0290","fg0263","fg0719","fg0375","fg0955","fg0513","fg0608","fg0335","fg0020","fg0417","fg0109","fg0386","fg0935","fg0406","fg0011","fg0177","fg0325","fg0920","fg0341","fg0546"
"fq001357","vx_0474373b4cf73f67","fg0291","1","fg0291","fg0930","fg0970","fg0003","fg0269","fg0722","fg0523","fg0057","fg0699","fg0192","fg0598","fg0706","fg0136","fg0225","fg0102","fg0345","fg0440","fg0543","fg0648","fg0092"
"fq001358","vx_0474373b4cf73f67","fg0291","1","fg0291","fg0003","fg0269","fg0345","fg0440","fg0225","fg0598","fg0970","fg0347","fg0434","fg0543","fg0862","fg0606","fg0812","fg0930","fg0487","fg0952","fg0932","fg0815","fg0353"
"fq001359","vx_0474373b4cf73f67","fg0291","14","fg0722","fg0648","fg0102","fg0941","fg0945","fg0801","fg0192","fg0501","fg0136","fg0043","fg0910","fg0996","fg0956","fg0291","fg0471","fg0610","fg0385","fg0156","fg0228","fg0932"
"fq001360","vx_ae294ea56e1acb76","fg0292","1","fg0292","fg0207","fg0329","fg0288","fg0376","fg0985","fg0592","fg0159","fg0964","fg0771","fg0006","fg0799","fg0942","fg0808","fg0888","fg0174","fg0402","fg0839","fg0869","fg0328"
"fq001361","vx_ae294ea56e1acb76","fg0292","1","fg0292","fg0207","fg0329","fg0288","fg0376","fg0006","fg0892","fg0985","fg0799","fg0111","fg0952","fg0178","fg0394","fg0592","fg0137","fg0808","fg0733","fg0036","fg0964","fg0869"
"fq001362","vx_ae294ea56e1acb76","fg0292","1","fg0292","fg0329","fg0207","fg0288","fg0376","fg0985","fg0839","fg0799","fg0174","fg0592","fg0178","fg0942","fg0964","fg0771","fg0402","fg0405","fg0006","fg0111","fg0100","fg0394"
"fq001363","vx_4c673b88180c4059","fg0293","529","fg0444","fg0483","fg0112","fg0156","fg0305","fg0761","fg0656","fg0175","fg0343","fg0521","fg0238","fg0506","fg0722","fg0314","fg0801","fg0561","fg0956","fg0667","fg0612","fg0527"
"fq001364","vx_4e96cfbbedc19fb6","fg0294","1","fg0294","fg0569","fg0885","fg0130","fg0466","fg0936","fg0458","fg0968","fg0556","fg0328","fg0653","fg0076","fg0785","fg0753","fg0186","fg0650","fg0624","fg0690","fg0879","fg0289"
"fq001365","vx_4e96cfbbedc19fb6","fg0294","1","fg0294","fg0569","fg0885","fg0130","fg0466","fg0936","fg0458","fg0328","fg0968","fg0653","fg0076","fg0690","fg0422","fg0263","fg0186","fg0327","fg0879","fg0785","fg0624","fg0309"
"fq001366","vx_4e96cfbbedc19fb6","fg0294","1","fg0294","fg0569","fg0885","fg0130","fg0936","fg0466","fg0328","fg0458","fg0968","fg0653","fg0422","fg0785","fg0076","fg0309","fg0624","fg0263","fg0186","fg0879","fg0650","fg0753"
"fq001367","vx_4e96cfbbedc19fb6","fg0294","1","fg0294","fg0569","fg0885","fg0130","fg0936","fg0466","fg0328","fg0968","fg0458","fg0653","fg0422","fg0186","fg0624","fg0556","fg0076","fg0263","fg0215","fg0011","fg0879","fg0309"
"fq001368","vx_4e96cfbbedc19fb6","fg0294","1","fg0294","fg0569","fg0885","fg0130","fg0936","fg0466","fg0968","fg0458","fg0328","fg0653","fg0076","fg0422","fg0624","fg0785","fg0186","fg0556","fg0289","fg0879","fg0119","fg0230"
"fq001369","vx_4e96cfbbedc19fb6","fg0294","1","fg0294","fg0569","fg0885","fg0130","fg0936","fg0466","fg0458","fg0968","fg0328","fg0653","fg0785","fg0422","fg0076","fg0186","fg0309","fg0690","fg0119","fg0230","fg0011","fg0624"
"fq001370","vx_4e96cfbbedc19fb6","fg0294","1","fg0294","fg0569","fg0885","fg0130","fg0936","fg0466","fg0968","fg0458","fg0328","fg0556","fg0653","fg0076","fg0422","fg0753","fg0898","fg0785","fg0917","fg0186","fg0289","fg0650"
"fq001371","vx_4e96cfbbedc19fb6","fg0294","1","fg0294","fg0569","fg0885","fg0130","fg0936","fg0466","fg0328","fg0968","fg0422","fg0458","fg0653","fg0076","fg0785","fg0624","fg0556","fg0263","fg0289","fg0132","fg0746","fg0186"
"fq001372","vx_4e96cfbbedc19fb6","fg0294","1","fg0294","fg0569","fg0885","fg0130","fg0936","fg0466","fg0328","fg0422","fg0458","fg0968","fg0011","fg0263","fg0653","fg0785","fg0215","fg0132","fg0624","fg0480","fg0224","fg0719"
"fq001373","vx_4e96cfbbedc19fb6","fg0294","1","fg0294","fg0569","fg0885","fg0102","fg0722","fg0941","fg0648","fg0945","fg0136","fg0501","fg0801","fg0130","fg0043","fg0192","fg0936","fg0610","fg0466","fg0910","fg0328","fg0996"
"fq001374","vx_4e96cfbbedc19fb6","fg0294","1","fg0294","fg0569","fg0885","fg0130","fg0936","fg0466","fg0328","fg0968","fg0422","fg0458","fg0653","fg0785","fg0011","fg0076","fg0624","fg0215","fg0753","fg0263","fg0186","fg0119"
"fq001375","vx_4e96cfbbedc19fb6","fg0294","1","fg0294","fg0569","fg0885","fg0328","fg0422","fg0936","fg0130","fg0466","fg0263","fg0132","fg0237","fg0224","fg0505","fg0753","fg0719","fg0488","fg0905","fg0786","fg0480","fg0624"
"fq001376","vx_4e96cfbbedc19fb6","fg0294","1","fg0294","fg0569","fg0885","fg0130","fg0328","fg0936","fg0466","fg0458","fg0422","fg0119","fg0263","fg0309","fg0746","fg0556","fg0785","fg0531","fg0753","fg0186","fg0968","fg0879"
"fq001377","vx_4e96cfbbedc19fb6","fg0294","1","fg0294","fg0569","fg0885","fg0130","fg0936","fg0466","fg0328","fg0458","fg0968","fg0653","fg0250","fg0500","fg0076","fg0422","fg0263","fg0186","fg0878","fg0690","fg0227","fg0785"
"fq001378","vx_4e96cfbbedc19fb6","fg0294","1","fg0294","fg0569","fg0885","fg0130","fg0936","fg0466","fg0328","fg0968","fg0458","fg0422","fg0653","fg0263","fg0690","fg0076","fg0624","fg0327","fg0186","fg0785","fg0215","fg0420"
"fq001379","vx_4e96cfbbedc19fb6","fg0294","1","fg0294","fg0569","fg0885","fg0328","fg0130","fg0936","fg0466","fg0422","fg0263","fg0458","fg0281","fg0968","fg0065","fg0250","fg0719","fg0309","fg0746","fg0878","fg0011","fg0905"
"fq001380","vx_4e96cfbbedc19fb6","fg0294","1","fg0294","fg0569","fg0885","fg0130","fg0936","fg0466","fg0458","fg0328","fg0968","fg0653","fg0076","fg0624","fg0422","fg0556","fg0785","fg0186","fg0289","fg0879","fg0263","fg0690"
"fq001381","vx_4e96cfbbedc19fb6","fg0294","1","fg0294","fg0569","fg0885","fg0130","fg0936","fg0466","fg0328","fg0458","fg0968","fg0653","fg0422","fg0076","fg0624","fg0785","fg0263","fg0186","fg0690","fg0879","fg0289","fg0215"
"fq001382","vx_4e96cfbbedc19fb6","fg0294","10","fg0980","fg0305","fg0133","fg0828","fg0506","fg0896","fg0778","fg0499","fg0509","fg0294","fg0521","fg0656","fg0949","fg0957","fg0433","fg0853","fg0426","fg0679","fg0766","fg0021"
"fq001383","vx_4e96cfbbedc19fb6","fg0294","1","fg0294","fg0569","fg0885","fg0130","fg0936","fg0466","fg0328","fg0458","fg0968","fg0422","fg0785","fg0263","fg0653","fg0556","fg0076","fg0753","fg0420","fg0624","fg0309","fg0186"
"fq001384","vx_4e96cfbbedc19fb6","fg0294","1","fg0294","fg0569","fg0885","fg0130","fg0936","fg0466","fg0328","fg0458","fg0968","fg0422","fg0653","fg0263","fg0076","fg0624","fg0186","fg0785","fg0309","fg0690","fg0879","fg0119"
"fq001385","vx_4e96cfbbedc19fb6","fg0294","1","fg0294","fg0569","fg0885","fg0130","fg0936","fg0466","fg0328","fg0458","fg0968","fg0422","fg0653","fg0785","fg0650","fg0263","fg0624","fg0753","fg0261","fg0332","fg0011","fg0531"
"fq001386","vx_4e96cfbbedc19fb6","fg0294","1","fg0294","fg0569","fg0885","fg0130","fg0936","fg0466","fg0458","fg0328","fg0968","fg0785","fg0422","fg0556","fg0653","fg0309","fg0119","fg0186","fg0011","fg0076","fg0215","fg0746"
"fq001387","vx_4e96cfbbedc19fb6","fg0294","1","fg0294","fg0569","fg0885","fg0130","fg0936","fg0466","fg0328","fg0458","fg0968","fg0263","fg0422","fg0653","fg0309","fg0076","fg0186","fg0624","fg0785","fg0556","fg0879","fg0746"
"fq001388","vx_4e96cfbbedc19fb6","fg0294","1","fg0294","fg0569","fg0885","fg0130","fg0328","fg0936","fg0466","fg0458","fg0422","fg0263","fg0968","fg0785","fg0225","fg0531","fg0076","fg0753","fg0930","fg0653","fg0405","fg0309"
"fq001389","vx_4e96cfbbedc19fb6","fg0294","1","fg0294","fg0569","fg0885","fg0130","fg0466","fg0936","fg0458","fg0968","fg0328","fg0653","fg0076","fg0785","fg0309","fg0186","fg0230","fg0422","fg0556","fg0879","fg0011","fg0119"
"fq001390","vx_4e96cfbbedc19fb6","fg0294","1","fg0294","fg0569","fg0885","fg0130","fg0936","fg0466","fg0458","fg0328","fg0263","fg0968","fg0653","fg0422","fg0527","fg0719","fg0076","fg0685","fg0916","fg0289","fg0426","fg0624"
"fq001391","vx_3967c6e7cf15200e","fg0295","1","fg0295","fg0694","fg0529","fg0853","fg0072","fg0516","fg0422","fg0632","fg0488","fg0415","fg0843","fg0109","fg0716","fg0352","fg0200","fg0071","fg0294","fg0116","fg0170","fg0705"
"fq001392","vx_3967c6e7cf15200e","fg0295","1","fg0295","fg0694","fg0529","fg0853","fg0843","fg0415","fg0071","fg0200","fg0352","fg0072","fg0632","fg0116","fg0516","fg0716","fg0422","fg0109","fg0481","fg0606","fg0105","fg0281"
"fq001393","vx_3967c6e7cf15200e","fg0295","1","fg0295","fg0694","fg0843","fg0529","fg0632","fg0071","fg0422","fg0705","fg0853","fg0925","fg0352","fg0200","fg0415","fg0488","fg0109","fg0072","fg0481","fg0116","fg0732","fg0716"
"fq001394","vx_3967c6e7cf15200e","fg0295","1","fg0295","fg0529","fg0694","fg0301","fg0632","fg0925","fg0160","fg0843","fg0422","fg0863","fg0355","fg0131","fg0705","fg0909","fg0109","fg0289","fg0687","fg0242","fg0033","fg0667"
"fq001395","vx_3967c6e7cf15200e","fg0295","1","fg0295","fg0694","fg0529","fg0422","fg0705","fg0488","fg0632","fg0843","fg0076","fg0516","fg0109","fg0289","fg0925","fg0352","fg0425","fg0071","fg0853","fg0116","fg0622","fg0294"
"fq001396","vx_3967c6e7cf15200e","fg0295","1","fg0295","fg0694","fg0529","fg0843","fg0853","fg0200","fg0028","fg0169","fg0109","fg0412","fg0071","fg0352","fg0883","fg0716","fg0632","fg0606","fg0072","fg0825","fg0116","fg0516"
"fq001397","vx_3967c6e7cf15200e","fg0295","1","fg0295","fg0844","fg0853","fg0516","fg0694","fg0170","fg0200","fg0457","fg0529","fg0415","fg0072","fg0792","fg0109","fg0309","fg0843","fg0105","fg0352","fg0606","fg0752","fg0540"
"fq001398","vx_3967c6e7cf15200e","fg0295","1","fg0295","fg0694","fg0843","fg0071","fg0529","fg0488","fg0632","fg0352","fg0289","fg0705","fg0422","fg0294","fg0853","fg0656","fg0622","fg0744","fg0415","fg0481","fg0076","fg0109"
"fq001399","vx_3967c6e7cf15200e","fg0295","1","fg0295","fg0694","fg0529","fg0632","fg0722","fg0843","fg0996","fg0801","fg0648","fg0102","fg0488","fg0422","fg0941","fg0043","fg0945","fg0705","fg0956","fg0071","fg0192","fg0501"
"fq001400","vx_3967c6e7cf15200e","fg0295","1","fg0295","fg0694","fg0529","fg0853","fg0072","fg0516","fg0422","fg0632","fg0488","fg0415","fg0843","fg0109","fg0716","fg0352","fg0200","fg0071","fg0294","fg0116","fg0170","fg0425"
"fq001401","vx_3967c6e7cf15200e","fg0295","1","fg0295","fg0694","fg0843","fg0853","fg0071","fg0200","fg0415","fg0529","fg0632","fg0289","fg0352","fg0072","fg0732","fg0116","fg0852","fg0365","fg0109","fg0925","fg0656","fg0716"
"fq001402","vx_3967c6e7cf15200e","fg0295","1","fg0295","fg0694","fg0853","fg0843","fg0529","fg0200","fg0415","fg0071","fg0116","fg0925","fg0072","fg0109","fg0732","fg0352","fg0289","fg0632","fg0513","fg0365","fg0422","fg0900"
"fq001403","vx_3967c6e7cf15200e","fg0295","1","fg0295","fg0694","fg0488","fg0422","fg0632","fg0289","fg0705","fg0843","fg0529","fg0294","fg0076","fg0731","fg0925","fg0352","fg0622","fg0882","fg0071","fg0777","fg0109","fg0909"
"fq001404","vx_3967c6e7cf15200e","fg0295","1","fg0295","fg0694","fg0853","fg0529","fg0200","fg0843","fg0072","fg0415","fg0071","fg0516","fg0116","fg0352","fg0109","fg0632","fg0716","fg0844","fg0606","fg0513","fg0481","fg0341"
"fq001405","vx_3967c6e7cf15200e","fg0295","1","fg0295","fg0694","fg0488","fg0289","fg0705","fg0422","fg0632","fg0843","fg0529","fg0076","fg0294","fg0071","fg0731","fg0352","fg0925","fg0777","fg0622","fg0415","fg0186","fg0882"
"fq001406","vx_3967c6e7cf15200e","fg0295","1","fg0295","fg0694","fg0843","fg0853","fg0071","fg0529","fg0415","fg0200","fg0632","fg0352","fg0732","fg0109","fg0281","fg0606","fg0365","fg0116","fg0716","fg0513","fg0634","fg0289"
"fq001407","vx_3967c6e7cf15200e","fg0295","1","fg0295","fg0694","fg0632","fg0529","fg0843","fg0422","fg0705","fg0488","fg0072","fg0071","fg0853","fg0294","fg0415","fg0352","fg0200","fg0716","fg0925","fg0109","fg0170","fg0882"
"fq001408","vx_333805663b3c2a22","fg0296","1","fg0296","fg0988","fg0864","fg0374","fg0478","fg0298","fg0150","fg0052","fg0084","fg0194","fg0922","fg0143","fg0858","fg0167","fg0566","fg0847","fg0436","fg0916","fg0986","fg0758"
"fq001409","vx_3670a9ab83cdc278","fg0297","1","fg0297","fg0129","fg0855","fg0824","fg0828","fg0151","fg0022","fg0630","fg0918","fg0351","fg0730","fg0125","fg0659","fg0014","fg0651","fg0937","fg0397","fg0436","fg0640","fg0278"
"fq001410","vx_7a39b63de753996b","fg0298","1","fg0298","fg0270","fg0190","fg0831","fg0554","fg0891","fg0263","fg0824","fg0175","fg0506","fg0561","fg0788","fg0328","fg0809","fg0872","fg0988","fg0296","fg0656","fg0747","fg0084"
"fq001411","vx_7a39b63de753996b","fg0298","1","fg0298","fg0190","fg0270","fg0809","fg0824","fg0554","fg0872","fg0455","fg0757","fg0988","fg0296","fg0891","fg0153","fg0788","fg0263","fg0191","fg0378","fg0595","fg0052","fg0077"
"fq001412","vx_7a39b63de753996b","fg0298","1","fg0298","fg0270","fg0190","fg0757","fg0809","fg0824","fg0191","fg0554","fg0400","fg0872","fg0455","fg0807","fg0584","fg0891","fg0153","fg0868","fg0508","fg0560","fg0296","fg0788"
"fq001413","vx_7a39b63de753996b","fg0298","1","fg0298","fg0190","fg0270","fg0824","fg0384","fg0872","fg0788","fg0891","fg0455","fg0988","fg0296","fg0378","fg0858","fg0077","fg0065","fg0554","fg0864","fg0939","fg0472","fg0930"
"fq001414","vx_7a39b63de753996b","fg0298","1","fg0298","fg0190","fg0722","fg0648","fg0956","fg0824","fg0136","fg0270","fg0102","fg0945","fg0941","fg0192","fg0788","fg0801","fg0043","fg0211","fg0907","fg0501","fg0910","fg0996"
"fq001415","vx_7a39b63de753996b","fg0298","1","fg0298","fg0190","fg0270","fg0824","fg0809","fg0747","fg0831","fg0455","fg0191","fg0788","fg0554","fg0296","fg0211","fg0907","fg0872","fg0988","fg0084","fg0891","fg0195","fg0153"
"fq001416","vx_7a39b63de753996b","fg0298","1","fg0298","fg0190","fg0270","fg0824","fg0788","fg0455","fg0891","fg0872","fg0296","fg0988","fg0554","fg0065","fg0864","fg0077","fg0378","fg0004","fg0939","fg0153","fg0809","fg0084"
"fq001417","vx_7a39b63de753996b","fg0298","1","fg0298","fg0584","fg0922","fg0508","fg0560","fg0400","fg0006","fg0809","fg0747","fg0757","fg0190","fg0270","fg0191","fg0388","fg0121","fg0300","fg0831","fg0334","fg0591","fg0438"
"fq001418","vx_7a39b63de753996b","fg0298","1","fg0298","fg0190","fg0270","fg0263","fg0788","fg0891","fg0872","fg0554","fg0988","fg0824","fg0065","fg0455","fg0296","fg0328","fg0077","fg0378","fg0864","fg0153","fg0040","fg0472"
"fq001419","vx_446ba3b8d5210e38","fg0299","919","fg0868","fg0814","fg0811","fg0058","fg0225","fg0767","fg0846","fg0315","fg0440","fg0932","fg0506","fg0816","fg0159","fg0745","fg0798","fg0778","fg0291","fg0003","fg0866","fg0978"
"fq001420","vx_6326499f12c70b4c","fg0300","1","fg0300","fg0766","fg0482","fg0870","fg0106","fg0408","fg0849","fg0242","fg0360","fg0741","fg0549","fg0757","fg0158","fg0830","fg0393","fg0382","fg0457","fg0075","fg0335","fg0536"
"fq001421","vx_6326499f12c70b4c","fg0300","1","fg0300","fg0766","fg0482","fg0408","fg0549","fg0870","fg0757","fg0457","fg0242","fg0106","fg0849","fg0075","fg0741","fg0459","fg0830","fg0335","fg0763","fg0552","fg0158","fg0812"
"fq001422","vx_42dd6d715b025f2e","fg0301","791","fg0333","fg0980","fg0873","fg0506","fg0707","fg0656","fg0809","fg0859","fg0056","fg0242","fg0460","fg0879","fg0917","fg0486","fg0936","fg0121","fg0745","fg0896","fg0778","fg0853"
"fq001423","vx_42dd6d715b025f2e","fg0301","6","fg0667","fg0533","fg0131","fg0547","fg0037","fg0301","fg0491","fg0687","fg0031","fg0863","fg0588","fg0426","fg0062","fg0018","fg0379","fg0180","fg0411","fg0790","fg0811","fg0822"
"fq001424","vx_338da0a48d0dcc33","fg0302","1","fg0302","fg0559","fg0441","fg0148","fg0775","fg0042","fg0734","fg0876","fg0963","fg0726","fg0279","fg0632","fg0618","fg0683","fg0311","fg0872","fg0085","fg0556","fg0136","fg0970"
"fq001425","vx_338da0a48d0dcc33","fg0302","3","fg0609","fg0136","fg0302","fg0436","fg0192","fg0722","fg0648","fg0102","fg0945","fg0941","fg0801","fg0501","fg0385","fg0519","fg0817","fg0910","fg0043","fg0734","fg0559","fg0956"
"fq001426","vx_338da0a48d0dcc33","fg0302","9","fg0183","fg0947","fg0342","fg0451","fg0414","fg0951","fg0720","fg0465","fg0302","fg0162","fg0527","fg0737","fg0541","fg0971","fg0832","fg0313","fg0921","fg0683","fg0775","fg0596"
"fq001427","vx_338da0a48d0dcc33","fg0302","1","fg0302","fg0148","fg0559","fg0734","fg0279","fg0618","fg0556","fg0055","fg0977","fg0136","fg0960","fg0567","fg0679","fg0828","fg0866","fg0778","fg0164","fg0171","fg0715","fg0299"
"fq001428","vx_338da0a48d0dcc33","fg0302","1","fg0302","fg0559","fg0148","fg0618","fg0734","fg0279","fg0556","fg0055","fg0596","fg0299","fg0630","fg0609","fg0832","fg0502","fg0342","fg0921","fg0323","fg0051","fg0183","fg0347"
"fq001429","vx_338da0a48d0dcc33","fg0302","1","fg0302","fg0559","fg0148","fg0734","fg0342","fg0618","fg0720","fg0162","fg0951","fg0465","fg0683","fg0279","fg0971","fg0556","fg0311","fg0502","fg0596","fg0947","fg0897","fg0163"
"fq001430","vx_338da0a48d0dcc33","fg0302","4","fg0947","fg0183","fg0342","fg0302","fg0832","fg0596","fg0451","fg0951","fg0465","fg0737","fg0414","fg0720","fg0162","fg0775","fg0921","fg0971","fg0541","fg0357","fg0299","fg0714"
"fq001431","vx_338da0a48d0dcc33","fg0302","96","fg0951","fg0342","fg0720","fg0162","fg0086","fg0110","fg0465","fg0183","fg0971","fg0947","fg0596","fg0864","fg0683","fg0550","fg0051","fg0626","fg0471","fg0451","fg0311","fg0492"
"fq001432","vx_338da0a48d0dcc33","fg0302","1","fg0302","fg0559","fg0148","fg0618","fg0734","fg0279","fg0556","fg0055","fg0299","fg0596","fg0630","fg0832","fg0628","fg0342","fg0502","fg0183","fg0609","fg0567","fg0347","fg0465"
"fq001433","vx_338da0a48d0dcc33","fg0302","945","fg0591","fg0815","fg0334","fg0191","fg0831","fg0812","fg0434","fg0778","fg0675","fg0106","fg0195","fg0025","fg0438","fg0211","fg0747","fg0907","fg0582","fg0002","fg0073","fg0631"
"fq001434","vx_338da0a48d0dcc33","fg0302","16","fg0342","fg0947","fg0596","fg0183","fg0951","fg0832","fg0737","fg0921","fg0162","fg0720","fg0451","fg0492","fg0979","fg0173","fg0998","fg0302","fg0714","fg0136","fg0323","fg0313"
"fq001435","vx_338da0a48d0dcc33","fg0302","971","fg0521","fg0886","fg0037","fg0675","fg0334","fg0024","fg0857","fg0305","fg0778","fg0490","fg0426","fg0745","fg0679","fg0306","fg0591","fg0815","fg0976","fg0314","fg0724","fg0631"
"fq001436","vx_338da0a48d0dcc33","fg0302","23","fg0951","fg0947","fg0183","fg0342","fg0596","fg0832","fg0451","fg0720","fg0313","fg0658","fg0162","fg0921","fg0051","fg0990","fg0866","fg0527","fg0414","fg0086","fg0626","fg0541"
"fq001437","vx_338da0a48d0dcc33","fg0302","22","fg0162","fg0342","fg0720","fg0465","fg0971","fg0683","fg0951","fg0311","fg0183","fg0110","fg0876","fg0502","fg0947","fg0051","fg0163","fg0451","fg0596","fg0618","fg0299","fg0574"
"fq001438","vx_338da0a48d0dcc33","fg0302","10","fg0720","fg0162","fg0465","fg0971","fg0683","fg0342","fg0951","fg0311","fg0183","fg0302","fg0947","fg0451","fg0921","fg0618","fg0559","fg0876","fg0832","fg0734","fg0786","fg0414"
"fq001439","vx_338da0a48d0dcc33","fg0302","1","fg0302","fg0086","fg0559","fg0618","fg0148","fg0951","fg0550","fg0734","fg0183","fg0832","fg0279","fg0947","fg0630","fg0556","fg0864","fg0918","fg0451","fg0709","fg0401","fg0252"
"fq001440","vx_338da0a48d0dcc33","fg0302","1","fg0302","fg0148","fg0559","fg0618","fg0279","fg0556","fg0734","fg0596","fg0567","fg0055","fg0347","fg0897","fg0715","fg0171","fg0947","fg0299","fg0427","fg0143","fg0183","fg0136"
"fq001441","vx_338da0a48d0dcc33","fg0302","6","fg0183","fg0342","fg0947","fg0451","fg0414","fg0302","fg0720","fg0527","fg0465","fg0832","fg0313","fg0596","fg0737","fg0162","fg0951","fg0541","fg0971","fg0921","fg0151","fg0979"
"fq001442","vx_338da0a48d0dcc33","fg0302","333","fg0951","fg0720","fg0086","fg0162","fg0110","fg0342","fg0183","fg0971","fg0465","fg0947","fg0550","fg0683","fg0864","fg0345","fg0311","fg0451","fg0051","fg0401","fg0626","fg0541"
"fq001443","vx_338da0a48d0dcc33","fg0302","1","fg0302","fg0559","fg0148","fg0618","fg0734","fg0279","fg0556","fg0630","fg0897","fg0775","fg0099","fg0127","fg0553","fg0081","fg0947","fg0918","fg0183","fg0567","fg0609","fg0361"
"fq001444","vx_338da0a48d0dcc33","fg0302","3","fg0086","fg0550","fg0302","fg0951","fg0559","fg0864","fg0618","fg0148","fg0734","fg0720","fg0279","fg0556","fg0183","fg0465","fg0401","fg0832","fg0162","fg0709","fg0410","fg0971"
"fq001445","vx_338da0a48d0dcc33","fg0302","967","fg0591","fg0334","fg0191","fg0831","fg0195","fg0907","fg0106","fg0513","fg0438","fg0391","fg0393","fg0025","fg0675","fg0306","fg0211","fg0849","fg0360","fg0388","fg0747","fg0002"
"fq001446","vx_338da0a48d0dcc33","fg0302","79","fg0342","fg0162","fg0720","fg0951","fg0971","fg0465","fg0183","fg0683","fg0110","fg0947","fg0311","fg0596","fg0163","fg0051","fg0502","fg0979","fg0921","fg0876","fg0299","fg0357"
"fq001447","vx_338da0a48d0dcc33","fg0302","13","fg0299","fg0734","fg0957","fg0671","fg0618","fg0672","fg0884","fg0896","fg0834","fg0279","fg0976","fg0561","fg0302","fg0034","fg0562","fg0283","fg0559","fg0055","fg0548","fg0596"
"fq001448","vx_338da0a48d0dcc33","fg0302","10","fg0775","fg0042","fg0876","fg0963","fg0726","fg0311","fg0683","fg0872","fg0947","fg0302","fg0596","fg0183","fg0451","fg0299","fg0734","fg0911","fg0252","fg0559","fg0695","fg0971"
"fq001449","vx_338da0a48d0dcc33","fg0302","9","fg0451","fg0947","fg0414","fg0183","fg0527","fg0342","fg0313","fg0541","fg0302","fg0951","fg0720","fg0618","fg0465","fg0737","fg0990","fg0559","fg0734","fg0162","fg0971","fg0775"
"fq001450","vx_338da0a48d0dcc33","fg0302","966","fg0591","fg0831","fg0334","fg0857","fg0191","fg0175","fg0024","fg0907","fg0675","fg0886","fg0490","fg0619","fg0790","fg0778","fg0156","fg0147","fg0306","fg0106","fg0421","fg0195"
"fq001451","vx_338da0a48d0dcc33","fg0302","1","fg0302","fg0618","fg0559","fg0148","fg0630","fg0279","fg0734","fg0951","fg0436","fg0832","fg0556","fg0207","fg0553","fg0947","fg0086","fg0897","fg0183","fg0151","fg0609","fg0567"
"fq001452","vx_338da0a48d0dcc33","fg0302","18","fg0183","fg0342","fg0596","fg0947","fg0951","fg0832","fg0737","fg0323","fg0451","fg0313","fg0658","fg0866","fg0720","fg0921","fg0478","fg0990","fg0173","fg0302","fg0162","fg0626"
"fq001453","vx_338da0a48d0dcc33","fg0302","2","fg0559","fg0302","fg0148","fg0618","fg0734","fg0279","fg0556","fg0055","fg0720","fg0683","fg0465","fg0136","fg0679","fg0162","fg0596","fg0299","fg0971","fg0502","fg0567","fg0628"
"fq001454","vx_338da0a48d0dcc33","fg0302","1","fg0302","fg0734","fg0342","fg0559","fg0618","fg0596","fg0279","fg0148","fg0720","fg0951","fg0299","fg0556","fg0055","fg0947","fg0162","fg0465","fg0683","fg0644","fg0183","fg0099"
"fq001455","vx_338da0a48d0dcc33","fg0302","304","fg0037","fg0822","fg0018","fg0894","fg0724","fg0180","fg0379","fg0062","fg0533","fg0588","fg0547","fg0318","fg0886","fg0679","fg0027","fg0412","fg0811","fg0262","fg0596","fg0977"
"fq001456","vx_338da0a48d0dcc33","fg0302","1","fg0302","fg0086","fg0550","fg0618","fg0559","fg0951","fg0148","fg0734","fg0279","fg0556","fg0864","fg0720","fg0897","fg0183","fg0465","fg0127","fg0099","fg0630","fg0051","fg0567"
"fq001457","vx_338da0a48d0dcc33","fg0302","14","fg0086","fg0550","fg0951","fg0720","fg0864","fg0162","fg0465","fg0971","fg0110","fg0683","fg0342","fg0401","fg0183","fg0302","fg0655","fg0975","fg0311","fg0832","fg0410","fg0709"
"fq001458","vx_338da0a48d0dcc33","fg0302","21","fg0342","fg0720","fg0162","fg0971","fg0683","fg0465","fg0183","fg0311","fg0951","fg0876","fg0299","fg0110","fg0051","fg0502","fg0596","fg0921","fg0947","fg0163","fg0726","fg0451"
"fq001459","vx_338da0a48d0dcc33","fg0302","6","fg0086","fg0550","fg0951","fg0720","fg0864","fg0302","fg0465","fg0162","fg0971","fg0618","fg0734","fg0559","fg0683","fg0401","fg0342","fg0110","fg0148","fg0311","fg0279","fg0639"
"fq001460","vx_338da0a48d0dcc33","fg0302","1","fg0302","fg0086","fg0951","fg0550","fg0618","fg0559","fg0148","fg0734","fg0720","fg0279","fg0864","fg0556","fg0465","fg0897","fg0971","fg0183","fg0051","fg0683","fg0401","fg0162"
"fq001461","vx_338da0a48d0dcc33","fg0302","1","fg0302","fg0559","fg0148","fg0734","fg0618","fg0947","fg0609","fg0630","fg0436","fg0897","fg0775","fg0556","fg0279","fg0183","fg0099","fg0832","fg0596","fg0721","fg0299","fg0817"
"fq001462","vx_338da0a48d0dcc33","fg0302","992","fg0907","fg0513","fg0106","fg0432","fg0308","fg0955","fg0156","fg0778","fg0857","fg0745","fg0195","fg0290","fg0393","fg0405","fg0360","fg0334","fg0591","fg0225","fg0631","fg0831"
"fq001463","vx_338da0a48d0dcc33","fg0302","226","fg0037","fg0018","fg0724","fg0379","fg0822","fg0894","fg0318","fg0506","fg0499","fg0062","fg0180","fg0561","fg0896","fg0175","fg0656","fg0533","fg0886","fg0672","fg0588","fg0547"
"fq001464","vx_338da0a48d0dcc33","fg0302","4","fg0720","fg0559","fg0162","fg0302","fg0342","fg0971","fg0683","fg0951","fg0465","fg0786","fg0734","fg0148","fg0618","fg0097","fg0155","fg0599","fg0311","fg0368","fg0279","fg0954"
"fq001465","vx_338da0a48d0dcc33","fg0302","11","fg0136","fg0722","fg0192","fg0945","fg0102","fg0648","fg0941","fg0801","fg0501","fg0559","fg0302","fg0043","fg0910","fg0148","fg0734","fg0385","fg0956","fg0471","fg0610","fg0775"
"fq001466","vx_338da0a48d0dcc33","fg0302","28","fg0342","fg0947","fg0183","fg0951","fg0596","fg0451","fg0832","fg0720","fg0162","fg0313","fg0051","fg0979","fg0086","fg0527","fg0414","fg0541","fg0864","fg0658","fg0799","fg0921"
"fq001467","vx_338da0a48d0dcc33","fg0302","22","fg0342","fg0183","fg0947","fg0451","fg0720","fg0162","fg0465","fg0414","fg0683","fg0971","fg0951","fg0541","fg0311","fg0527","fg0313","fg0110","fg0596","fg0502","fg0775","fg0876"
"fq001468","vx_338da0a48d0dcc33","fg0302","958","fg0062","fg0018","fg0180","fg0724","fg0588","fg0037","fg0547","fg0379","fg0533","fg0822","fg0894","fg0811","fg0027","fg0411","fg0665","fg0679","fg0262","fg0499","fg0318","fg0031"
"fq001469","vx_338da0a48d0dcc33","fg0302","1","fg0302","fg0148","fg0559","fg0618","fg0279","fg0556","fg0734","fg0171","fg0596","fg0715","fg0055","fg0947","fg0136","fg0897","fg0427","fg0672","fg0567","fg0143","fg0504","fg0299"
"fq001470","vx_338da0a48d0dcc33","fg0302","38","fg0162","fg0720","fg0342","fg0465","fg0971","fg0683","fg0183","fg0951","fg0311","fg0110","fg0876","fg0596","fg0502","fg0947","fg0299","fg0921","fg0163","fg0272","fg0781","fg0051"
"fq001471","vx_338da0a48d0dcc33","fg0302","900","fg0360","fg0675","fg0591","fg0191","fg0025","fg0831","fg0334","fg0417","fg0870","fg0106","fg0907","fg0608","fg0195","fg0391","fg0855","fg0223","fg0002","fg0290","fg0537","fg0453"
"fq001472","vx_338da0a48d0dcc33","fg0302","18","fg0183","fg0947","fg0451","fg0342","fg0414","fg0162","fg0720","fg0465","fg0971","fg0951","fg0313","fg0527","fg0683","fg0541","fg0596","fg0775","fg0921","fg0302","fg0110","fg0311"
"fq001473","vx_338da0a48d0dcc33","fg0302","1","fg0302","fg0720","fg0734","fg0342","fg0559","fg0162","fg0465","fg0618","fg0683","fg0971","fg0951","fg0279","fg0311","fg0596","fg0148","fg0502","fg0163","fg0947","fg0299","fg0897"
"fq001474","vx_338da0a48d0dcc33","fg0302","4","fg0086","fg0550","fg0951","fg0302","fg0559","fg0148","fg0618","fg0864","fg0734","fg0279","fg0720","fg0897","fg0556","fg0664","fg0709","fg0051","fg0183","fg0465","fg0832","fg0655"
"fq001475","vx_338da0a48d0dcc33","fg0302","10","fg0183","fg0947","fg0451","fg0414","fg0737","fg0342","fg0527","fg0313","fg0541","fg0302","fg0832","fg0951","fg0921","fg0596","fg0465","fg0775","fg0720","fg0553","fg0559","fg0112"
"fq001476","vx_338da0a48d0dcc33","fg0302","21","fg0042","fg0963","fg0876","fg0726","fg0311","fg0775","fg0872","fg0683","fg0971","fg0299","fg0799","fg0908","fg0265","fg0441","fg0012","fg0762","fg0465","fg0326","fg0528","fg0346"
"fq001477","vx_338da0a48d0dcc33","fg0302","60","fg0722","fg0136","fg0192","fg0102","fg0648","fg0945","fg0941","fg0501","fg0801","fg0910","fg0043","fg0471","fg0720","fg0162","fg0610","fg0465","fg0971","fg0956","fg0385","fg0342"
"fq001478","vx_338da0a48d0dcc33","fg0302","37","fg0342","fg0951","fg0720","fg0162","fg0947","fg0183","fg0543","fg0596","fg0465","fg0971","fg0110","fg0086","fg0979","fg0864","fg0658","fg0452","fg0051","fg0225","fg0626","fg0574"
"fq001479","vx_338da0a48d0dcc33","fg0302","1","fg0302","fg0148","fg0559","fg0618","fg0279","fg0556","fg0734","fg0171","fg0897","fg0596","fg0715","fg0347","fg0136","fg0143","fg0299","fg0567","fg0977","fg0504","fg0055","fg0628"
"fq001480","vx_338da0a48d0dcc33","fg0302","3","fg0734","fg0559","fg0302","fg0148","fg0279","fg0618","fg0556","fg0042","fg0127","fg0099","fg0775","fg0055","fg0897","fg0299","fg0876","fg0567","fg0721","fg0311","fg0504","fg0963"
"fq001481","vx_338da0a48d0dcc33","fg0302","343","fg0162","fg0720","fg0951","fg0342","fg0971","fg0465","fg0683","fg0110","fg0086","fg0864","fg0311","fg0543","fg0452","fg0947","fg0225","fg0183","fg0626","fg0550","fg0876","fg0596"
"fq001482","vx_338da0a48d0dcc33","fg0302","746","fg0951","fg0037","fg0822","fg0724","fg0086","fg0588","fg0018","fg0547","fg0180","fg0062","fg0379","fg0894","fg0864","fg0533","fg0679","fg0886","fg0162","fg0720","fg0027","fg0811"
"fq001483","vx_338da0a48d0dcc33","fg0302","1","fg0302","fg0148","fg0559","fg0618","fg0279","fg0556","fg0734","fg0053","fg0737","fg0947","fg0979","fg0596","fg0183","fg0143","fg0897","fg0672","fg0721","fg0567","fg0136","fg0342"
"fq001484","vx_338da0a48d0dcc33","fg0302","1","fg0302","fg0559","fg0618","fg0148","fg0734","fg0279","fg0556","fg0897","fg0567","fg0630","fg0086","fg0127","fg0099","fg0609","fg0775","fg0502","fg0947","fg0817","fg0207","fg0721"
"fq001485","vx_338da0a48d0dcc33","fg0302","1","fg0302","fg0086","fg0951","fg0559","fg0550","fg0148","fg0618","fg0734","fg0279","fg0720","fg0864","fg0556","fg0465","fg0897","fg0183","fg0971","fg0162","fg0683","fg0342","fg0051"
"fq001486","vx_338da0a48d0dcc33","fg0302","1","fg0302","fg0618","fg0559","fg0299","fg0734","fg0630","fg0279","fg0832","fg0148","fg0055","fg0556","fg0596","fg0918","fg0609","fg0502","fg0921","fg0436","fg0323","fg0364","fg0775"
"fq001487","vx_338da0a48d0dcc33","fg0302","1","fg0302","fg0148","fg0559","fg0618","fg0279","fg0556","fg0734","fg0737","fg0947","fg0183","fg0832","fg0567","fg0977","fg0897","fg0347","fg0055","fg0214","fg0451","fg0715","fg0721"
"fq001488","vx_338da0a48d0dcc33","fg0302","990","fg0533","fg0547","fg0037","fg0588","fg0062","fg0180","fg0018","fg0379","fg0724","fg0822","fg0811","fg0894","fg0411","fg0665","fg0027","fg0679","fg0262","fg0886","fg0667","fg0318"
"fq001489","vx_338da0a48d0dcc33","fg0302","1","fg0302","fg0559","fg0148","fg0618","fg0734","fg0279","fg0556","fg0630","fg0947","fg0897","fg0567","fg0436","fg0099","fg0207","fg0832","fg0183","fg0737","fg0127","fg0721","fg0609"
"fq001490","vx_338da0a48d0dcc33","fg0302","954","fg0191","fg0591","fg0334","fg0831","fg0360","fg0675","fg0907","fg0025","fg0195","fg0106","fg0857","fg0778","fg0391","fg0290","fg0024","fg0513","fg0438","fg0855","fg0608","fg0490"
"fq001491","vx_338da0a48d0dcc33","fg0302","1","fg0302","fg0559","fg0148","fg0618","fg0734","fg0279","fg0556","fg0630","fg0342","fg0897","fg0683","fg0465","fg0720","fg0127","fg0502","fg0497","fg0971","fg0737","fg0567","fg0183"
"fq001492","vx_338da0a48d0dcc33","fg0302","108","fg0722","fg0102","fg0945","fg0192","fg0648","fg0136","fg0941","fg0501","fg0801","fg0162","fg0910","fg0043","fg0720","fg0471","fg0971","fg0342","fg0465","fg0683","fg0610","fg0996"
"fq001493","vx_338da0a48d0dcc33","fg0302","1","fg0302","fg0559","fg0148","fg0734","fg0279","fg0042","fg0618","fg0556","fg0775","fg0311","fg0963","fg0726","fg0876","fg0947","fg0099","fg0136","fg0683","fg0609","fg0897","fg0127"
"fq001494","vx_338da0a48d0dcc33","fg0302","1","fg0302","fg0148","fg0559","fg0618","fg0279","fg0556","fg0734","fg0136","fg0596","fg0299","fg0171","fg0055","fg0672","fg0715","fg0628","fg0143","fg0151","fg0721","fg0567","fg0427"
"fq001495","vx_338da0a48d0dcc33","fg0302","46","fg0162","fg0720","fg0342","fg0465","fg0971","fg0683","fg0951","fg0311","fg0110","fg0876","fg0502","fg0183","fg0781","fg0596","fg0471","fg0051","fg0921","fg0272","fg0075","fg0299"
"fq001496","vx_338da0a48d0dcc33","fg0302","12","fg0299","fg0342","fg0183","fg0055","fg0162","fg0790","fg0947","fg0977","fg0886","fg0619","fg0269","fg0302","fg0978","fg0596","fg0006","fg0713","fg0672","fg0757","fg0051","fg0508"
"fq001497","vx_338da0a48d0dcc33","fg0302","1","fg0302","fg0559","fg0609","fg0148","fg0734","fg0436","fg0618","fg0630","fg0775","fg0279","fg0947","fg0556","fg0817","fg0897","fg0519","fg0099","fg0299","fg0364","fg0127","fg0553"
"fq001498","vx_338da0a48d0dcc33","fg0302","976","fg0334","fg0591","fg0907","fg0831","fg0191","fg0195","fg0106","fg0513","fg0360","fg0857","fg0025","fg0308","fg0211","fg0438","fg0815","fg0391","fg0812","fg0778","fg0757","fg0006"
"fq001499","vx_504354400ad59072","fg0303","1","fg0303","fg0518","fg0657","fg0893","fg0803","fg0280","fg0542","fg0727","fg0136","fg0117","fg0722","fg0829","fg0511","fg0102","fg0910","fg0442","fg0648","fg0023","fg0519","fg0687"
"fq001500","vx_95870b0428dc0b7a","fg0304","413","fg0462","fg0044","fg0091","fg0545","fg0246","fg0925","fg0909","fg0514","fg0221","fg0972","fg0796","fg0842","fg0325","fg0668","fg0727","fg0524","fg0781","fg0946","fg0369","fg0023"
"fq001501","vx_266b8107db75f1eb","fg0305","12","fg0896","fg0156","fg0405","fg0815","fg0218","fg0955","fg0978","fg0006","fg0120","fg0435","fg0912","fg0305","fg0878","fg0887","fg0225","fg0721","fg0210","fg0396","fg0106","fg0412"
"fq001502","vx_8567e7bd71eb8fa7","fg0306","1","fg0306","fg0059","fg0859","fg0142","fg0121","fg0707","fg0800","fg0686","fg0334","fg0041","fg0517","fg0601","fg0984","fg0932","fg0617","fg0460","fg0770","fg0096","fg0697","fg0513"
"fq001503","vx_8567e7bd71eb8fa7","fg0306","1","fg0306","fg0059","fg0707","fg0334","fg0859","fg0800","fg0460","fg0857","fg0617","fg0932","fg0778","fg0835","fg0513","fg0121","fg0686","fg0688","fg0517","fg0241","fg0041","fg0697"
"fq001504","vx_117078bd34a8aa96","fg0307","1","fg0307","fg0580","fg0045","fg0348","fg0487","fg0464","fg0765","fg0257","fg0187","fg0008","fg0436","fg0817","fg0082","fg0795","fg0473","fg0848","fg0378","fg0046","fg0890","fg0007"
"fq001505","vx_117078bd34a8aa96","fg0307","1","fg0307","fg0580","fg0045","fg0348","fg0487","fg0464","fg0765","fg0817","fg0257","fg0436","fg0187","fg0795","fg0008","fg0082","fg0473","fg0378","fg0848","fg0566","fg0046","fg0966"
"fq001506","vx_117078bd34a8aa96","fg0307","1","fg0307","fg0580","fg0045","fg0348","fg0487","fg0464","fg0765","fg0436","fg0817","fg0257","fg0008","fg0187","fg0795","fg0082","fg0473","fg0378","fg0848","fg0046","fg0007","fg0345"
"fq001507","vx_8d71dc5e76f16c20","fg0308","1","fg0308","fg0745","fg0445","fg0343","fg0778","fg0857","fg0261","fg0506","fg0273","fg0837","fg0217","fg0654","fg0643","fg0527","fg0405","fg0785","fg0332","fg0958","fg0283","fg0669"
"fq001508","vx_8d71dc5e76f16c20","fg0308","1","fg0308","fg0445","fg0745","fg0857","fg0778","fg0261","fg0713","fg0273","fg0643","fg0037","fg0343","fg0156","fg0018","fg0654","fg0814","fg0506","fg0508","fg0978","fg0757","fg0426"
"fq001509","vx_8d71dc5e76f16c20","fg0308","780","fg0102","fg0941","fg0648","fg0801","fg0945","fg0722","fg0501","fg0192","fg0043","fg0910","fg0136","fg0996","fg0471","fg0956","fg0610","fg0385","fg0228","fg0628","fg0156","fg0095"
"fq001510","vx_8d71dc5e76f16c20","fg0308","7","fg0445","fg0654","fg0261","fg0643","fg0273","fg0343","fg0308","fg0332","fg0258","fg0798","fg0121","fg0785","fg0669","fg0090","fg0869","fg0847","fg0150","fg0583","fg0806","fg0917"
"fq001511","vx_9c5200c8fecd5c56","fg0309","1","fg0309","fg0844","fg0170","fg0725","fg0792","fg0422","fg0011","fg0581","fg0511","fg0680","fg0340","fg0540","fg0752","fg0409","fg0576","fg0457","fg0004","fg0849","fg0901","fg0202"
"fq001512","vx_9c5200c8fecd5c56","fg0309","1","fg0309","fg0844","fg0170","fg0792","fg0422","fg0540","fg0680","fg0511","fg0011","fg0581","fg0725","fg0752","fg0457","fg0802","fg0340","fg0576","fg0328","fg0406","fg0516","fg0263"
"fq001513","vx_9c5200c8fecd5c56","fg0309","1","fg0309","fg0844","fg0170","fg0792","fg0511","fg0581","fg0725","fg0680","fg0457","fg0802","fg0011","fg0406","fg0752","fg0422","fg0004","fg0540","fg0328","fg0901","fg0409","fg0202"
"fq001514","vx_9c5200c8fecd5c56","fg0309","1","fg0309","fg0844","fg0170","fg0422","fg0011","fg0540","fg0340","fg0792","fg0576","fg0725","fg0581","fg0680","fg0516","fg0752","fg0511","fg0457","fg0406","fg0004","fg0328","fg0263"
"fq001515","vx_9c5200c8fecd5c56","fg0309","1","fg0309","fg0844","fg0170","fg0792","fg0422","fg0011","fg0725","fg0540","fg0511","fg0581","fg0680","fg0340","fg0457","fg0752","fg0576","fg0802","fg0516","fg0406","fg0004","fg0294"
"fq001516","vx_9c5200c8fecd5c56","fg0309","1","fg0309","fg0844","fg0170","fg0792","fg0725","fg0680","fg0511","fg0581","fg0422","fg0011","fg0457","fg0409","fg0406","fg0004","fg0752","fg0879","fg0340","fg0263","fg0328","fg0901"
"fq001517","vx_9c5200c8fecd5c56","fg0309","1","fg0309","fg0844","fg0170","fg0792","fg0680","fg0725","fg0581","fg0511","fg0422","fg0409","fg0457","fg0011","fg0406","fg0340","fg0752","fg0328","fg0901","fg0849","fg0004","fg0540"
"fq001518","vx_9c5200c8fecd5c56","fg0309","1","fg0309","fg0844","fg0170","fg0792","fg0680","fg0511","fg0725","fg0422","fg0581","fg0011","fg0457","fg0752","fg0406","fg0802","fg0328","fg0540","fg0340","fg0004","fg0409","fg0263"
"fq001519","vx_9c5200c8fecd5c56","fg0309","1","fg0309","fg0844","fg0170","fg0792","fg0511","fg0680","fg0581","fg0457","fg0725","fg0011","fg0849","fg0422","fg0406","fg0752","fg0802","fg0540","fg0340","fg0328","fg0409","fg0004"
"fq001520","vx_9c5200c8fecd5c56","fg0309","1","fg0309","fg0844","fg0170","fg0792","fg0422","fg0680","fg0011","fg0511","fg0725","fg0540","fg0581","fg0457","fg0752","fg0340","fg0849","fg0406","fg0516","fg0328","fg0802","fg0380"
"fq001521","vx_9c5200c8fecd5c56","fg0309","1","fg0309","fg0844","fg0170","fg0422","fg0792","fg0725","fg0511","fg0011","fg0680","fg0540","fg0581","fg0340","fg0752","fg0457","fg0328","fg0406","fg0409","fg0516","fg0802","fg0004"
"fq001522","vx_9c5200c8fecd5c56","fg0309","1","fg0309","fg0844","fg0170","fg0792","fg0680","fg0511","fg0725","fg0457","fg0011","fg0581","fg0406","fg0422","fg0752","fg0409","fg0540","fg0004","fg0328","fg0879","fg0072","fg0340"
"fq001523","vx_9c5200c8fecd5c56","fg0309","1","fg0309","fg0844","fg0170","fg0792","fg0511","fg0680","fg0725","fg0581","fg0457","fg0406","fg0011","fg0422","fg0752","fg0340","fg0004","fg0849","fg0540","fg0802","fg0409","fg0901"
"fq001524","vx_9c5200c8fecd5c56","fg0309","1","fg0309","fg0844","fg0170","fg0422","fg0011","fg0792","fg0680","fg0725","fg0511","fg0540","fg0581","fg0340","fg0752","fg0457","fg0406","fg0516","fg0409","fg0328","fg0004","fg0105"
"fq001525","vx_9c5200c8fecd5c56","fg0309","1","fg0309","fg0844","fg0170","fg0792","fg0725","fg0581","fg0680","fg0422","fg0511","fg0011","fg0409","fg0406","fg0457","fg0340","fg0752","fg0328","fg0442","fg0004","fg0540","fg0484"
"fq001526","vx_9c5200c8fecd5c56","fg0309","1","fg0309","fg0844","fg0170","fg0792","fg0011","fg0511","fg0422","fg0725","fg0581","fg0680","fg0540","fg0340","fg0457","fg0802","fg0328","fg0409","fg0752","fg0248","fg0263","fg0516"
"fq001527","vx_9c5200c8fecd5c56","fg0309","1","fg0309","fg0844","fg0170","fg0792","fg0680","fg0011","fg0422","fg0457","fg0725","fg0511","fg0581","fg0406","fg0752","fg0340","fg0540","fg0409","fg0004","fg0328","fg0263","fg0437"
"fq001528","vx_a07371af01e2e656","fg0310","1","fg0310","fg0188","fg0897","fg0682","fg0721","fg0748","fg0099","fg0127","fg0172","fg0567","fg0860","fg0428","fg0525","fg0810","fg0706","fg0970","fg0558","fg0734","fg0112","fg0707"
"fq001529","vx_857a26469728b1ef","fg0311","1","fg0311","fg0042","fg0876","fg0683","fg0963","fg0726","fg0971","fg0162","fg0720","fg0465","fg0872","fg0012","fg0502","fg0951","fg0110","fg0992","fg0413","fg0649","fg0743","fg0113"
"fq001530","vx_99d9816202b07f24","fg0312","1","fg0312","fg0967","fg0819","fg0039","fg0282","fg0674","fg0357","fg0585","fg0209","fg0206","fg0215","fg0587","fg0711","fg0779","fg0880","fg0642","fg0650","fg0969","fg0144","fg0746"
"fq001531","vx_99d9816202b07f24","fg0312","1","fg0312","fg0967","fg0819","fg0039","fg0282","fg0674","fg0357","fg0206","fg0585","fg0209","fg0215","fg0711","fg0880","fg0587","fg0650","fg0779","fg0144","fg0750","fg0642","fg0920"
"fq001532","vx_99d9816202b07f24","fg0312","1","fg0312","fg0967","fg0819","fg0039","fg0282","fg0357","fg0585","fg0674","fg0209","fg0206","fg0587","fg0215","fg0711","fg0779","fg0642","fg0880","fg0144","fg0650","fg0969","fg0488"
"fq001533","vx_99d9816202b07f24","fg0312","1","fg0312","fg0967","fg0819","fg0039","fg0282","fg0674","fg0357","fg0711","fg0585","fg0206","fg0880","fg0750","fg0244","fg0650","fg0215","fg0144","fg0475","fg0861","fg0532","fg0936"
"fq001534","vx_a783a43f1209d77e","fg0313","3","fg0980","fg0506","fg0313","fg0721","fg0957","fg0561","fg0439","fg0567","fg0897","fg0748","fg0682","fg0127","fg0099","fg0896","fg0828","fg0175","fg0734","fg0145","fg0034","fg0499"
"fq001535","vx_e6abfac8c0b919db","fg0314","1","fg0314","fg0238","fg0909","fg0367","fg0217","fg0444","fg0469","fg0675","fg0325","fg0545","fg0059","fg0796","fg0369","fg0014","fg0435","fg0711","fg0797","fg0942","fg0155","fg0880"
"fq001536","vx_e6abfac8c0b919db","fg0314","2","fg0106","fg0314","fg0438","fg0211","fg0907","fg0195","fg0025","fg0675","fg0334","fg0976","fg0388","fg0831","fg0191","fg0367","fg0591","fg0513","fg0444","fg0789","fg0279","fg0325"
"fq001537","vx_e6abfac8c0b919db","fg0314","1","fg0314","fg0238","fg0367","fg0675","fg0444","fg0909","fg0059","fg0325","fg0711","fg0211","fg0435","fg0789","fg0217","fg0308","fg0750","fg0932","fg0018","fg0811","fg0942","fg0545"
"fq001538","vx_e6abfac8c0b919db","fg0314","1","fg0314","fg0238","fg0325","fg0909","fg0675","fg0367","fg0824","fg0796","fg0444","fg0545","fg0750","fg0369","fg0711","fg0789","fg0274","fg0261","fg0782","fg0059","fg0880","fg0298"
"fq001539","vx_e6abfac8c0b919db","fg0314","1","fg0314","fg0238","fg0367","fg0675","fg0444","fg0059","fg0909","fg0217","fg0789","fg0711","fg0325","fg0932","fg0934","fg0750","fg0915","fg0435","fg0942","fg0972","fg0884","fg0545"
"fq001540","vx_49656e78627fdb30","fg0315","1","fg0315","fg0119","fg0814","fg0767","fg0142","fg0335","fg0631","fg0499","fg0557","fg0753","fg0221","fg0013","fg0796","fg0099","fg0085","fg0251","fg0613","fg0426","fg0068","fg0506"
"fq001541","vx_01e421ae7a3cd78a","fg0316","838","fg0038","fg0828","fg0652","fg0297","fg0958","fg0666","fg0251","fg0658","fg0929","fg0397","fg0129","fg0211","fg0964","fg0977","fg0217","fg0943","fg0086","fg0974","fg0793","fg0388"
"fq001542","vx_e25517315bc55481","fg0317","62","fg0426","fg0527","fg0761","fg0996","fg0521","fg0362","fg0040","fg0411","fg0079","fg0316","fg0491","fg0841","fg0745","fg0956","fg0308","fg0541","fg0260","fg0077","fg0405","fg0667"
"fq001543","vx_e25517315bc55481","fg0317","1","fg0317","fg0059","fg0697","fg0135","fg0725","fg0200","fg0128","fg0104","fg0624","fg0969","fg0853","fg0344","fg0142","fg0802","fg0121","fg0079","fg0540","fg0154","fg0942","fg0013"
"fq001544","vx_e25517315bc55481","fg0317","10","fg0405","fg0761","fg0308","fg0745","fg0551","fg0878","fg0412","fg0778","fg0857","fg0317","fg0225","fg0161","fg0435","fg0883","fg0122","fg0460","fg0028","fg0156","fg0385","fg0444"
"fq001545","vx_e25517315bc55481","fg0317","38","fg0412","fg0883","fg0927","fg0028","fg0169","fg0122","fg0878","fg0482","fg0822","fg0161","fg0761","fg0225","fg0379","fg0478","fg0435","fg0074","fg0541","fg0511","fg0444","fg0343"
"fq001546","vx_e25517315bc55481","fg0317","11","fg0305","fg0521","fg0761","fg0980","fg0175","fg0506","fg0853","fg0745","fg0426","fg0527","fg0317","fg0656","fg0797","fg0828","fg0133","fg0490","fg0499","fg0145","fg0509","fg0707"
"fq001547","vx_e25517315bc55481","fg0317","1","fg0317","fg0059","fg0697","fg0624","fg0853","fg0725","fg0142","fg0135","fg0200","fg0145","fg0802","fg0980","fg0121","fg0506","fg0344","fg0128","fg0753","fg0949","fg0390","fg0460"
"fq001548","vx_e25517315bc55481","fg0317","3","fg0778","fg0857","fg0317","fg0551","fg0745","fg0868","fg0707","fg0334","fg0760","fg0591","fg0521","fg0024","fg0270","fg0308","fg0490","fg0938","fg0460","fg0867","fg0423","fg0128"
"fq001549","vx_e25517315bc55481","fg0317","22","fg0405","fg0883","fg0028","fg0412","fg0927","fg0225","fg0396","fg0955","fg0435","fg0106","fg0169","fg0703","fg0122","fg0432","fg0290","fg0308","fg0612","fg0343","fg0745","fg0775"
"fq001550","vx_e25517315bc55481","fg0317","1","fg0317","fg0059","fg0778","fg0460","fg0128","fg0857","fg0135","fg0551","fg0200","fg0707","fg0624","fg0104","fg0969","fg0697","fg0121","fg0835","fg0802","fg0336","fg0745","fg0024"
"fq001551","vx_e25517315bc55481","fg0317","12","fg0761","fg0521","fg0527","fg0745","fg0405","fg0308","fg0551","fg0778","fg0426","fg0857","fg0541","fg0317","fg0305","fg0561","fg0073","fg0977","fg0460","fg0976","fg0121","fg0175"
"fq001552","vx_e25517315bc55481","fg0317","10","fg0745","fg0778","fg0761","fg0551","fg0857","fg0521","fg0527","fg0308","fg0405","fg0317","fg0460","fg0426","fg0175","fg0490","fg0541","fg0121","fg0707","fg0561","fg0385","fg0305"
"fq001553","vx_e25517315bc55481","fg0317","1","fg0317","fg0059","fg0697","fg0853","fg0200","fg0344","fg0969","fg0725","fg0104","fg0128","fg0624","fg0802","fg0135","fg0121","fg0079","fg0540","fg0961","fg0013","fg0942","fg0142"
"fq001554","vx_e25517315bc55481","fg0317","1","fg0317","fg0121","fg0405","fg0059","fg0697","fg0722","fg0033","fg0725","fg0996","fg0610","fg0956","fg0225","fg0624","fg0707","fg0385","fg0136","fg0156","fg0043","fg0801","fg0945"
"fq001555","vx_e25517315bc55481","fg0317","1","fg0317","fg0745","fg0624","fg0460","fg0059","fg0135","fg0122","fg0385","fg0778","fg0169","fg0412","fg0551","fg0308","fg0028","fg0883","fg0200","fg0344","fg0583","fg0707","fg0525"
"fq001556","vx_e25517315bc55481","fg0317","1","fg0317","fg0059","fg0697","fg0725","fg0135","fg0969","fg0128","fg0624","fg0142","fg0336","fg0104","fg0121","fg0942","fg0079","fg0802","fg0200","fg0154","fg0726","fg0540","fg0344"
"fq001557","vx_e25517315bc55481","fg0317","1","fg0317","fg0059","fg0697","fg0624","fg0725","fg0200","fg0142","fg0135","fg0128","fg0344","fg0853","fg0969","fg0336","fg0460","fg0802","fg0753","fg0104","fg0942","fg0079","fg0726"
"fq001558","vx_e25517315bc55481","fg0317","1","fg0317","fg0778","fg0308","fg0745","fg0857","fg0561","fg0837","fg0551","fg0073","fg0760","fg0506","fg0128","fg0624","fg0460","fg0242","fg0200","fg0961","fg0807","fg0707","fg0867"
"fq001559","vx_9182ed5161ecc6f7","fg0318","1","fg0318","fg1000","fg0382","fg0492","fg0538","fg0536","fg0446","fg0245","fg0684","fg0152","fg0652","fg0894","fg0781","fg0405","fg0478","fg0437","fg0681","fg0413","fg0514","fg0807"
"fq001560","vx_117a0102866456bd","fg0319","1","fg0319","fg0473","fg0285","fg0249","fg0101","fg0185","fg0911","fg0451","fg0414","fg0492","fg0947","fg0808","fg0916","fg0436","fg0580","fg0313","fg0183","fg0307","fg0213","fg0982"
"fq001561","vx_117a0102866456bd","fg0319","1","fg0319","fg0473","fg0249","fg0285","fg0101","fg0911","fg0185","fg0451","fg0947","fg0414","fg0916","fg0183","fg0492","fg0313","fg0436","fg0982","fg0685","fg0213","fg0580","fg0152"
"fq001562","vx_117a0102866456bd","fg0319","1","fg0319","fg0473","fg0285","fg0249","fg0101","fg0911","fg0185","fg0451","fg0414","fg0947","fg0916","fg0580","fg0183","fg0152","fg0307","fg0982","fg0436","fg0808","fg0313","fg0492"
"fq001563","vx_117a0102866456bd","fg0319","1","fg0319","fg0249","fg0473","fg0285","fg0101","fg0911","fg0185","fg0451","fg0947","fg0414","fg0982","fg0436","fg0916","fg0492","fg0535","fg0952","fg0313","fg0183","fg0213","fg0685"
"fq001564","vx_39df866c8f610369","fg0320","1","fg0320","fg0603","fg0889","fg0450","fg0227","fg0902","fg0607","fg0874","fg0708","fg0144","fg0939","fg0574","fg0652","fg0752","fg0133","fg0406","fg0542","fg0894","fg0152","fg0389"
"fq001565","vx_39df866c8f610369","fg0320","114","fg0667","fg0426","fg0491","fg0521","fg0761","fg0527","fg0790","fg0024","fg0131","fg0490","fg0745","fg0857","fg0112","fg0533","fg0301","fg0133","fg0863","fg0362","fg0778","fg0551"
"fq001566","vx_39df866c8f610369","fg0320","1","fg0320","fg0889","fg0603","fg0874","fg0607","fg0902","fg0708","fg0450","fg0227","fg0574","fg0144","fg0454","fg0939","fg0568","fg0894","fg0888","fg0356","fg0149","fg0383","fg0705"
"fq001567","vx_39df866c8f610369","fg0320","1","fg0320","fg0889","fg0874","fg0603","fg0450","fg0902","fg0227","fg0708","fg0607","fg0389","fg0939","fg0333","fg0574","fg0968","fg0130","fg0454","fg0894","fg0327","fg0144","fg0375"
"fq001568","vx_39df866c8f610369","fg0320","639","fg0722","fg0648","fg0102","fg0941","fg0883","fg0801","fg0945","fg0192","fg0028","fg0501","fg0412","fg0927","fg0043","fg0910","fg0136","fg0956","fg0122","fg0996","fg0169","fg0482"
"fq001569","vx_661015b3de49d02f","fg0321","899","fg0925","fg0727","fg0023","fg0280","fg0109","fg0277","fg0032","fg0847","fg0860","fg0150","fg0090","fg0869","fg0583","fg0327","fg0986","fg0634","fg0103","fg0842","fg0849","fg0281"
"fq001570","vx_661015b3de49d02f","fg0321","915","fg0032","fg0847","fg0150","fg0986","fg0860","fg0090","fg0869","fg0583","fg0103","fg0718","fg0417","fg0258","fg0786","fg0280","fg0727","fg0023","fg0925","fg0763","fg0634","fg0281"
"fq001571","vx_661015b3de49d02f","fg0321","786","fg0032","fg0847","fg0150","fg0986","fg0860","fg0869","fg0090","fg0103","fg0583","fg0718","fg0417","fg0258","fg0786","fg0763","fg0280","fg0727","fg0023","fg0925","fg0281","fg0922"
"fq001572","vx_661015b3de49d02f","fg0321","809","fg0032","fg0847","fg0150","fg0986","fg0860","fg0869","fg0090","fg0583","fg0103","fg0718","fg0417","fg0258","fg0786","fg0763","fg0280","fg0727","fg0023","fg0925","fg0922","fg0281"
"fq001573","vx_3fd1717ca6e163f7","fg0322","1","fg0322","fg0138","fg0529","fg0935","fg0280","fg0711","fg0955","fg0668","fg0447","fg0904","fg0513","fg0391","fg0327","fg0701","fg0925","fg0920","fg0406","fg0727","fg0199","fg0056"
"fq001574","vx_71b0de7a3385076a","fg0323","1","fg0323","fg0832","fg0257","fg0187","fg0413","fg0596","fg0795","fg0611","fg0947","fg0607","fg0768","fg0975","fg0419","fg0803","fg0401","fg0761","fg0045","fg0978","fg0905","fg0509"
"fq001575","vx_b34d0dc437a2071e","fg0324","1","fg0324","fg0746","fg0725","fg0901","fg0317","fg0792","fg0475","fg0223","fg0022","fg0289","fg0943","fg0917","fg0805","fg0346","fg0706","fg0624","fg0356","fg0597","fg0428","fg0206"
"fq001576","vx_c2e3d01117006ffe","fg0325","1","fg0325","fg0386","fg0020","fg0750","fg0545","fg0546","fg0669","fg0443","fg0796","fg0668","fg0909","fg0314","fg0842","fg0274","fg0935","fg0991","fg0261","fg0731","fg0608","fg0011"
"fq001577","vx_c2e3d01117006ffe","fg0325","1","fg0325","fg0386","fg0020","fg0750","fg0545","fg0669","fg0546","fg0991","fg0796","fg0314","fg0909","fg0668","fg0842","fg0274","fg0443","fg0935","fg0261","fg0925","fg0608","fg0647"
"fq001578","vx_c2e3d01117006ffe","fg0325","14","fg0801","fg0102","fg0941","fg0945","fg0043","fg0648","fg0501","fg0722","fg0192","fg0910","fg0136","fg0996","fg0956","fg0325","fg0385","fg0471","fg0131","fg0610","fg0991","fg0863"
"fq001579","vx_426dd29f356dd69c","fg0326","1","fg0326","fg0946","fg0113","fg0115","fg0361","fg0692","fg0481","fg0389","fg0480","fg0510","fg0273","fg0585","fg0134","fg0357","fg0141","fg0248","fg0042","fg0410","fg0826","fg0289"
"fq001580","vx_426dd29f356dd69c","fg0326","1","fg0326","fg0946","fg0113","fg0115","fg0361","fg0389","fg0692","fg0481","fg0480","fg0510","fg0273","fg0134","fg0585","fg0141","fg0357","fg0289","fg0826","fg0042","fg0248","fg0661"
"fq001581","vx_8c4a8179a7dca218","fg0327","1","fg0327","fg0925","fg0668","fg0277","fg0130","fg0466","fg0023","fg0727","fg0842","fg0569","fg0138","fg0690","fg0826","fg0968","fg0972","fg0322","fg0647","fg0095","fg0893","fg0701"
"fq001582","vx_8c4a8179a7dca218","fg0327","1","fg0327","fg0925","fg0130","fg0668","fg0690","fg0023","fg0727","fg0277","fg0968","fg0842","fg0972","fg0466","fg0138","fg0647","fg0770","fg0569","fg0109","fg0524","fg0322","fg0333"
"fq001583","vx_8c4a8179a7dca218","fg0327","1","fg0327","fg0925","fg0130","fg0690","fg0968","fg0023","fg0277","fg0842","fg0668","fg0727","fg0466","fg0647","fg0826","fg0569","fg0972","fg0095","fg0138","fg0333","fg0770","fg0893"
"fq001584","vx_8c4a8179a7dca218","fg0327","1","fg0327","fg0130","fg0690","fg0968","fg0466","fg0569","fg0277","fg0925","fg0826","fg0023","fg0668","fg0842","fg0727","fg0095","fg0885","fg0893","fg0333","fg0653","fg0647","fg0701"
"fq001585","vx_8c4a8179a7dca218","fg0327","1","fg0327","fg0130","fg0690","fg0925","fg0968","fg0668","fg0023","fg0138","fg0322","fg0727","fg0842","fg0770","fg0466","fg0972","fg0893","fg0984","fg0569","fg0701","fg0647","fg0277"
"fq001586","vx_f2abd5d737705b4a","fg0328","1","fg0328","fg0263","fg0719","fg0804","fg0560","fg0294","fg0422","fg0508","fg0730","fg0233","fg0397","fg0309","fg0589","fg0656","fg0177","fg0458","fg0569","fg0953","fg0708","fg0503"
"fq001587","vx_f2abd5d737705b4a","fg0328","1","fg0328","fg0263","fg0422","fg0347","fg0121","fg0560","fg0936","fg0225","fg0294","fg0483","fg0976","fg0397","fg0595","fg0656","fg0869","fg0508","fg0309","fg0405","fg0719","fg0254"
"fq001588","vx_f2abd5d737705b4a","fg0328","1","fg0328","fg0263","fg0347","fg0422","fg0294","fg0619","fg0560","fg0272","fg0551","fg0958","fg0457","fg0595","fg0459","fg0508","fg0309","fg0886","fg0589","fg0552","fg0681","fg0607"
"fq001589","vx_f2abd5d737705b4a","fg0328","1","fg0328","fg0263","fg0294","fg0079","fg0569","fg0426","fg0422","fg0936","fg0885","fg0541","fg0719","fg0262","fg0309","fg0040","fg0527","fg0458","fg0466","fg0362","fg0130","fg0241"
"fq001590","vx_f2abd5d737705b4a","fg0328","1","fg0328","fg0263","fg0294","fg0656","fg0980","fg0569","fg0422","fg0719","fg0233","fg0936","fg0589","fg0804","fg0397","fg0730","fg0560","fg0133","fg0885","fg0486","fg0508","fg0011"
"fq001591","vx_f2abd5d737705b4a","fg0328","1","fg0328","fg0569","fg0936","fg0294","fg0263","fg0422","fg0885","fg0241","fg0130","fg0336","fg0730","fg0653","fg0490","fg0397","fg0238","fg0193","fg0001","fg0551","fg0778","fg0719"
"fq001592","vx_f2abd5d737705b4a","fg0328","1","fg0328","fg0263","fg0722","fg0945","fg0102","fg0648","fg0801","fg0192","fg0043","fg0941","fg0910","fg0136","fg0501","fg0610","fg0471","fg0996","fg0422","fg0385","fg0397","fg0294"
"fq001593","vx_f2abd5d737705b4a","fg0328","1","fg0328","fg0263","fg0936","fg0444","fg0121","fg0422","fg0541","fg0225","fg0527","fg0133","fg0761","fg0976","fg0719","fg0308","fg0574","fg0405","fg0483","fg0560","fg0294","fg0397"
"fq001594","vx_f2abd5d737705b4a","fg0328","1","fg0328","fg0263","fg0569","fg0936","fg0294","fg0422","fg0241","fg0885","fg0730","fg0719","fg0397","fg0778","fg0560","fg0551","fg0490","fg0347","fg0151","fg0521","fg0309","fg0133"
"fq001595","vx_f2abd5d737705b4a","fg0328","11","fg0362","fg0040","fg0996","fg0316","fg0260","fg0841","fg0079","fg0426","fg0411","fg0491","fg0328","fg0263","fg0672","fg0956","fg0103","fg0527","fg0522","fg0745","fg0050","fg0952"
"fq001596","vx_f2abd5d737705b4a","fg0328","1","fg0328","fg0569","fg0936","fg0263","fg0294","fg0422","fg0778","fg0885","fg0241","fg0551","fg0490","fg0719","fg0857","fg0130","fg0336","fg0001","fg0730","fg0653","fg0309","fg0656"
"fq001597","vx_f2abd5d737705b4a","fg0328","13","fg0722","fg0102","fg0648","fg0945","fg0941","fg0801","fg0192","fg0501","fg0043","fg0910","fg0385","fg0136","fg0328","fg0471","fg0996","fg0610","fg0956","fg0156","fg0263","fg0228"
"fq001598","vx_f2abd5d737705b4a","fg0328","1","fg0328","fg0263","fg0294","fg0422","fg0569","fg0719","fg0936","fg0730","fg0397","fg0458","fg0309","fg0560","fg0885","fg0804","fg0065","fg0233","fg0508","fg0708","fg0656","fg0009"
"fq001599","vx_f2abd5d737705b4a","fg0328","1","fg0328","fg0263","fg0422","fg0294","fg0560","fg0719","fg0936","fg0503","fg0309","fg0804","fg0708","fg0492","fg0569","fg0508","fg0589","fg0347","fg0233","fg0001","fg0595","fg0009"
"fq001600","vx_319f12eed1a9c985","fg0329","1","fg0329","fg0288","fg0292","fg0207","fg0985","fg0861","fg0995","fg0839","fg0174","fg0111","fg0762","fg0024","fg0881","fg0799","fg0938","fg0137","fg0089","fg0856","fg0551","fg0768"
"fq001601","vx_23225e16615dd7b3","fg0330","1","fg0330","fg0602","fg0530","fg0472","fg0633","fg0576","fg0096","fg0799","fg0395","fg0540","fg0253","fg0974","fg0113","fg0510","fg0230","fg0422","fg0404","fg0782","fg0515","fg0287"
"fq001602","vx_23225e16615dd7b3","fg0330","1","fg0330","fg0633","fg0096","fg0230","fg0799","fg0974","fg0782","fg0515","fg0139","fg0432","fg0602","fg0212","fg0122","fg0429","fg0758","fg0530","fg0743","fg0404","fg0756","fg0472"
"fq001603","vx_23225e16615dd7b3","fg0330","1","fg0330","fg0633","fg0096","fg0799","fg0113","fg0974","fg0515","fg0576","fg0530","fg0212","fg0287","fg0782","fg0432","fg0230","fg0602","fg0122","fg0404","fg0139","fg0540","fg0658"
"fq001604","vx_23225e16615dd7b3","fg0330","5","fg0425","fg0300","fg0766","fg0532","fg0330","fg0658","fg0025","fg0475","fg0488","fg0701","fg0106","fg0244","fg0515","fg0393","fg0223","fg0551","fg0711","fg0287","fg0796","fg0594"
"fq001605","vx_23225e16615dd7b3","fg0330","1","fg0330","fg0530","fg0602","fg0472","fg0633","fg0799","fg0113","fg0515","fg0096","fg0974","fg0782","fg0404","fg0576","fg0432","fg0510","fg0395","fg0287","fg0872","fg0371","fg0253"
"fq001606","vx_23225e16615dd7b3","fg0330","1","fg0330","fg0633","fg0530","fg0602","fg0472","fg0782","fg0515","fg0432","fg0122","fg0799","fg0974","fg0096","fg0756","fg0758","fg0872","fg0404","fg0067","fg0212","fg0410","fg0084"
"fq001607","vx_35df9f026f5d5cc2","fg0331","1","fg0331","fg0751","fg0103","fg0196","fg0798","fg0247","fg0264","fg0496","fg0866","fg0007","fg0035","fg0260","fg0878","fg0366","fg0095","fg0423","fg0887","fg0184","fg0559","fg0494"
"fq001608","vx_974192b2320ae979","fg0332","1","fg0332","fg0273","fg0261","fg0610","fg0445","fg0654","fg0141","fg0343","fg0643","fg0248","fg0308","fg0796","fg0669","fg0572","fg0115","fg0499","fg0826","fg0044","fg0901","fg0802"
"fq001609","vx_974192b2320ae979","fg0332","1","fg0332","fg0273","fg0261","fg0445","fg0610","fg0654","fg0343","fg0643","fg0308","fg0141","fg0785","fg0002","fg0796","fg0901","fg0268","fg0669","fg0802","fg0248","fg0892","fg0145"
"fq001610","vx_974192b2320ae979","fg0332","1","fg0332","fg0273","fg0261","fg0610","fg0445","fg0141","fg0654","fg0643","fg0343","fg0796","fg0248","fg0308","fg0785","fg0002","fg0901","fg0892","fg0115","fg0572","fg0145","fg0669"
"fq001611","vx_974192b2320ae979","fg0332","1","fg0332","fg0610","fg0141","fg0273","fg0261","fg0248","fg0145","fg0002","fg0796","fg0802","fg0445","fg0115","fg0408","fg0901","fg0308","fg0572","fg0343","fg0268","fg0770","fg0499"
"fq001612","vx_974192b2320ae979","fg0332","1","fg0332","fg0273","fg0261","fg0445","fg0654","fg0643","fg0610","fg0343","fg0785","fg0141","fg0308","fg0248","fg0115","fg0002","fg0015","fg0408","fg0806","fg0802","fg0456","fg0669"
"fq001613","vx_974192b2320ae979","fg0332","1","fg0332","fg0610","fg0273","fg0261","fg0141","fg0445","fg0115","fg0248","fg0654","fg0343","fg0785","fg0408","fg0643","fg0796","fg0002","fg0015","fg0802","fg0308","fg0852","fg0892"
"fq001614","vx_974192b2320ae979","fg0332","1","fg0332","fg0273","fg0261","fg0445","fg0654","fg0643","fg0343","fg0785","fg0610","fg0308","fg0141","fg0248","fg0806","fg0450","fg0669","fg0002","fg0227","fg0215","fg0115","fg0015"
"fq001615","vx_974192b2320ae979","fg0332","1","fg0332","fg0273","fg0261","fg0445","fg0654","fg0343","fg0643","fg0610","fg0308","fg0785","fg0669","fg0141","fg0248","fg0806","fg0901","fg0796","fg0892","fg0826","fg0002","fg0227"
"fq001616","vx_974192b2320ae979","fg0332","1","fg0332","fg0273","fg0261","fg0610","fg0141","fg0445","fg0654","fg0643","fg0343","fg0248","fg0115","fg0308","fg0796","fg0785","fg0002","fg0901","fg0145","fg0802","fg0408","fg0826"
"fq001617","vx_974192b2320ae979","fg0332","1","fg0332","fg0273","fg0261","fg0445","fg0610","fg0654","fg0643","fg0343","fg0141","fg0785","fg0248","fg0308","fg0002","fg0115","fg0802","fg0669","fg0408","fg0796","fg0901","fg0826"
"fq001618","vx_974192b2320ae979","fg0332","1","fg0332","fg0273","fg0261","fg0445","fg0654","fg0643","fg0343","fg0785","fg0308","fg0610","fg0669","fg0806","fg0901","fg0520","fg0141","fg0248","fg0351","fg0145","fg0002","fg0041"
"fq001619","vx_15fafec4c4d78d74","fg0333","1","fg0333","fg0653","fg0389","fg0130","fg0968","fg0466","fg0569","fg0327","fg0690","fg0021","fg0624","fg0073","fg0866","fg0113","fg0583","fg0885","fg0798","fg0936","fg0196","fg0499"
"fq001620","vx_d700a3781c568cdb","fg0334","1","fg0334","fg0517","fg0367","fg0747","fg0835","fg0537","fg0591","fg0793","fg0528","fg0757","fg0117","fg0831","fg0191","fg0809","fg0662","fg0126","fg0865","fg0241","fg0932","fg0438"
"fq001621","vx_d700a3781c568cdb","fg0334","1","fg0334","fg0517","fg0747","fg0367","fg0528","fg0438","fg0591","fg0117","fg0537","fg0809","fg0793","fg0932","fg0126","fg0191","fg0831","fg0195","fg0440","fg0544","fg0865","fg0662"
"fq001622","vx_d700a3781c568cdb","fg0334","1","fg0334","fg0517","fg0747","fg0367","fg0793","fg0537","fg0528","fg0438","fg0117","fg0835","fg0809","fg0195","fg0865","fg0126","fg0662","fg0631","fg0211","fg0907","fg0591","fg0831"
"fq001623","vx_d700a3781c568cdb","fg0334","1","fg0334","fg0835","fg0517","fg0367","fg0757","fg0793","fg0537","fg0747","fg0809","fg0241","fg0258","fg0211","fg0662","fg0438","fg0528","fg0591","fg0745","fg0865","fg0831","fg0195"
"fq001624","vx_d700a3781c568cdb","fg0334","1","fg0334","fg0517","fg0367","fg0747","fg0537","fg0591","fg0835","fg0528","fg0793","fg0117","fg0757","fg0809","fg0662","fg0126","fg0191","fg0831","fg0865","fg0631","fg0258","fg0438"
"fq001625","vx_3c885a3e12d6bed1","fg0335","1","fg0335","fg0417","fg0221","fg0594","fg0025","fg0290","fg0243","fg0453","fg0870","fg0806","fg0910","fg0056","fg0068","fg0814","fg0360","fg0545","fg0418","fg0145","fg0551","fg0300"
"fq001626","vx_fc20af91bf04c213","fg0336","1","fg0336","fg0079","fg0969","fg0491","fg0059","fg0667","fg0426","fg0362","fg0316","fg0131","fg0301","fg0355","fg0863","fg0040","fg0121","fg0260","fg0418","fg0761","fg0160","fg0411"
"fq001627","vx_fc20af91bf04c213","fg0336","1","fg0336","fg0059","fg0969","fg0079","fg0121","fg0041","fg0418","fg0942","fg0859","fg0521","fg0435","fg0984","fg0305","fg0806","fg0624","fg0068","fg0426","fg0932","fg0686","fg0697"
"fq001628","vx_fc20af91bf04c213","fg0336","1","fg0336","fg0969","fg0059","fg0079","fg0041","fg0418","fg0942","fg0435","fg0121","fg0984","fg0859","fg0829","fg0686","fg0281","fg0088","fg0697","fg0068","fg0600","fg0193","fg0317"
"fq001629","vx_fc20af91bf04c213","fg0336","1","fg0336","fg0969","fg0059","fg0079","fg0942","fg0088","fg0924","fg0041","fg0435","fg0600","fg0193","fg0984","fg0418","fg0317","fg0829","fg0121","fg0820","fg0072","fg0068","fg0859"
"fq001630","vx_fc20af91bf04c213","fg0336","1","fg0336","fg0969","fg0059","fg0079","fg0942","fg0088","fg0435","fg0041","fg0418","fg0829","fg0984","fg0121","fg0924","fg0317","fg0859","fg0193","fg0697","fg0281","fg0068","fg0422"
"fq001631","vx_fc20af91bf04c213","fg0336","1","fg0336","fg0969","fg0059","fg0079","fg0418","fg0984","fg0121","fg0041","fg0435","fg0942","fg0068","fg0317","fg0193","fg0686","fg0859","fg0820","fg0119","fg0597","fg0600","fg0624"
"fq001632","vx_fc20af91bf04c213","fg0336","1","fg0336","fg0059","fg0969","fg0079","fg0041","fg0418","fg0942","fg0984","fg0435","fg0121","fg0859","fg0829","fg0697","fg0281","fg0317","fg0686","fg0193","fg0088","fg0932","fg0068"
"fq001633","vx_fc20af91bf04c213","fg0336","1","fg0336","fg0969","fg0059","fg0079","fg0041","fg0418","fg0624","fg0435","fg0422","fg0458","fg0942","fg0686","fg0121","fg0859","fg0806","fg0065","fg0068","fg0569","fg0787","fg0597"
"fq001634","vx_fc20af91bf04c213","fg0336","1","fg0336","fg0969","fg0059","fg0079","fg0942","fg0041","fg0435","fg0418","fg0984","fg0317","fg0829","fg0088","fg0859","fg0121","fg0193","fg0600","fg0924","fg0802","fg0697","fg0068"
"fq001635","vx_fc20af91bf04c213","fg0336","1","fg0336","fg0969","fg0059","fg0079","fg0041","fg0942","fg0418","fg0435","fg0686","fg0121","fg0422","fg0859","fg0065","fg0068","fg0624","fg0984","fg0072","fg0806","fg0317","fg0458"
"fq001636","vx_fc20af91bf04c213","fg0336","1","fg0336","fg0969","fg0059","fg0079","fg0041","fg0435","fg0942","fg0418","fg0088","fg0984","fg0193","fg0924","fg0121","fg0068","fg0829","fg0859","fg0422","fg0820","fg0624","fg0697"
"fq001637","vx_d00a5231110be702","fg0337","1","fg0337","fg0689","fg0732","fg0852","fg0015","fg0365","fg0456","fg0564","fg0688","fg0083","fg0744","fg0620","fg0783","fg0623","fg0900","fg0480","fg0247","fg0590","fg0902","fg0002"
"fq001638","vx_d00a5231110be702","fg0337","1","fg0337","fg0689","fg0732","fg0564","fg0852","fg0015","fg0365","fg0456","fg0083","fg0744","fg0688","fg0783","fg0623","fg0002","fg0620","fg0902","fg0622","fg0128","fg0900","fg0247"
"fq001639","vx_d00a5231110be702","fg0337","1","fg0337","fg0689","fg0732","fg0365","fg0852","fg0015","fg0456","fg0564","fg0623","fg0688","fg0590","fg0620","fg0083","fg0744","fg0371","fg0788","fg0783","fg0843","fg0900","fg0480"
"fq001640","vx_d3caab5bc9eebdd8","fg0338","1","fg0338","fg0284","fg0436","fg0864","fg0988","fg0213","fg0260","fg0195","fg0982","fg0513","fg0040","fg0079","fg0426","fg0194","fg0081","fg0931","fg0089","fg0996","fg0358","fg0052"
"fq001641","vx_8739c637aee0e8be","fg0339","1","fg0339","fg0208","fg0477","fg0363","fg0893","fg0089","fg0454","fg0874","fg0265","fg0122","fg0889","fg0762","fg1000","fg0686","fg0110","fg0599","fg0984","fg0423","fg0870","fg0633"
"fq001642","vx_8739c637aee0e8be","fg0339","1","fg0339","fg0208","fg0477","fg0363","fg0893","fg0089","fg0454","fg0158","fg0874","fg0553","fg0870","fg0265","fg0984","fg0762","fg0766","fg0116","fg0744","fg0686","fg1000","fg0786"
"fq001643","vx_8739c637aee0e8be","fg0339","1","fg0339","fg0208","fg0477","fg0363","fg0893","fg0089","fg0454","fg0874","fg0265","fg0686","fg0762","fg1000","fg0889","fg0122","fg0870","fg0633","fg0873","fg0908","fg0984","fg0599"
"fq001644","vx_8739c637aee0e8be","fg0339","1","fg0339","fg0208","fg0477","fg0363","fg0893","fg0089","fg0454","fg0158","fg0874","fg0265","fg0870","fg0984","fg0686","fg1000","fg0762","fg0122","fg0889","fg0796","fg0633","fg0873"
"fq001645","vx_8739c637aee0e8be","fg0339","1","fg0339","fg0208","fg0477","fg0363","fg0893","fg0089","fg0454","fg0874","fg0265","fg0158","fg0686","fg0870","fg0762","fg1000","fg0908","fg0984","fg0873","fg0796","fg0759","fg0889"
"fq001646","vx_8739c637aee0e8be","fg0339","1","fg0339","fg0208","fg0477","fg0363","fg0893","fg0089","fg0454","fg0874","fg0265","fg0870","fg0511","fg0158","fg0984","fg0122","fg0209","fg0908","fg0686","fg0796","fg0762","fg0889"
"fq001647","vx_1a819e5a2bb5afef","fg0340","1","fg0340","fg0422","fg0540","fg0154","fg0685","fg0516","fg0576","fg0287","fg0309","fg0170","fg0766","fg0481","fg0011","fg0480","fg0719","fg0844","fg0161","fg0263","fg0394","fg0282"
"fq001648","vx_5c8ada0c66e54529","fg0341","1","fg0341","fg0840","fg0231","fg0926","fg0944","fg0364","fg0698","fg0239","fg0609","fg0782","fg0178","fg0431","fg0149","fg0212","fg0535","fg0226","fg0109","fg0085","fg0251","fg0992"
"fq001649","vx_5c8ada0c66e54529","fg0341","1","fg0341","fg0840","fg0231","fg0926","fg0944","fg0364","fg0698","fg0239","fg0178","fg0609","fg0109","fg0085","fg0782","fg0535","fg0908","fg0992","fg0269","fg0598","fg0295","fg0356"
"fq001650","vx_5c8ada0c66e54529","fg0341","1","fg0341","fg0840","fg0231","fg0926","fg0944","fg0364","fg0698","fg0239","fg0609","fg0782","fg0178","fg0212","fg0109","fg0535","fg0280","fg0992","fg0777","fg0226","fg0596","fg0085"
"fq001651","vx_cafa8d8b83e587a9","fg0342","1","fg0342","fg0162","fg0110","fg0720","fg0951","fg0596","fg0465","fg0051","fg0683","fg0971","fg0311","fg0989","fg0754","fg0183","fg0876","fg0502","fg0032","fg0860","fg0781","fg0150"
"fq001652","vx_cafa8d8b83e587a9","fg0342","1","fg0342","fg0110","fg0162","fg0720","fg0951","fg0465","fg0683","fg0051","fg0596","fg0971","fg0075","fg0754","fg0876","fg0311","fg0638","fg0781","fg0549","fg0552","fg0830","fg0536"
"fq001653","vx_cafa8d8b83e587a9","fg0342","1","fg0342","fg0162","fg0596","fg0720","fg0951","fg0110","fg0051","fg0989","fg0465","fg0860","fg0971","fg0032","fg0150","fg0754","fg0683","fg0847","fg0311","fg0986","fg0645","fg0183"
"fq001654","vx_5c11a8579b870f75","fg0343","6","fg0273","fg0654","fg0261","fg0643","fg0445","fg0343","fg0785","fg0332","fg0308","fg0705","fg0113","fg0806","fg0692","fg0115","fg0389","fg0134","fg0669","fg0351","fg0793","fg0326"
"fq001655","vx_5c11a8579b870f75","fg0343","6","fg0273","fg0261","fg0445","fg0654","fg0643","fg0343","fg0332","fg0785","fg0308","fg0669","fg0806","fg0351","fg0386","fg0826","fg0935","fg0193","fg0670","fg0232","fg0624","fg0263"
"fq001656","vx_5c11a8579b870f75","fg0343","6","fg0273","fg0261","fg0654","fg0643","fg0445","fg0343","fg0785","fg0332","fg0806","fg0308","fg0108","fg0351","fg0669","fg0115","fg0113","fg0389","fg0326","fg0705","fg0810","fg0670"
"fq001657","vx_5c11a8579b870f75","fg0343","12","fg0043","fg0801","fg0102","fg0722","fg0945","fg0941","fg0648","fg0192","fg0501","fg0136","fg0910","fg0343","fg0385","fg0956","fg0654","fg0273","fg0838","fg0996","fg0527","fg0610"
"fq001658","vx_002e6e5e7d1d6910","fg0344","1","fg0344","fg0800","fg0415","fg0044","fg0570","fg0200","fg0105","fg0853","fg0805","fg0317","fg0074","fg0091","fg0386","fg0004","fg0514","fg0635","fg0005","fg0849","fg0390","fg0232"
"fq001659","vx_002e6e5e7d1d6910","fg0344","1","fg0344","fg0853","fg0200","fg0800","fg0415","fg0570","fg0317","fg0624","fg0943","fg0423","fg0731","fg0073","fg0105","fg0237","fg0546","fg0901","fg0242","fg0961","fg0004","fg0443"
"fq001660","vx_002e6e5e7d1d6910","fg0344","1","fg0344","fg0570","fg0800","fg0415","fg0105","fg0200","fg0853","fg0805","fg0317","fg0074","fg0943","fg0044","fg0849","fg0004","fg0546","fg0443","fg0879","fg0643","fg0237","fg0726"
"fq001661","vx_002e6e5e7d1d6910","fg0344","126","fg0037","fg0062","fg0018","fg0379","fg0180","fg0588","fg0547","fg0533","fg0724","fg0822","fg0499","fg0262","fg0894","fg0811","fg0980","fg0665","fg0031","fg0411","fg0027","fg0541"
"fq001662","vx_002e6e5e7d1d6910","fg0344","97","fg0863","fg0131","fg0031","fg0301","fg0355","fg0218","fg0665","fg0160","fg0837","fg0085","fg0667","fg0687","fg0496","fg0522","fg0118","fg0350","fg0659","fg0491","fg0423","fg0663"
"fq001663","vx_bc8f2bdc5244c507","fg0345","1","fg0345","fg0487","fg0765","fg0045","fg0008","fg0348","fg0372","fg0464","fg0580","fg0169","fg0291","fg0795","fg0157","fg0307","fg0454","fg0889","fg0398","fg0874","fg0007","fg0229"
"fq001664","vx_bc8f2bdc5244c507","fg0345","1","fg0345","fg0487","fg0765","fg0045","fg0008","fg0348","fg0372","fg0464","fg0291","fg0169","fg0580","fg0454","fg0874","fg0889","fg0970","fg0229","fg0157","fg0795","fg0007","fg0398"
"fq001665","vx_08ec07cd6d323118","fg0346","1","fg0346","fg0356","fg0780","fg0149","fg0574","fg0557","fg0568","fg0324","fg0584","fg0073","fg0775","fg0006","fg0060","fg0901","fg0525","fg0120","fg0381","fg0363","fg0372","fg0862"
"fq001666","vx_afd22bfd0366e255","fg0347","378","fg0053","fg0463","fg0512","fg0979","fg0999","fg0497","fg0166","fg0151","fg0397","fg0199","fg0436","fg0828","fg0677","fg0646","fg0730","fg0468","fg0651","fg0737","fg0568","fg0672"
"fq001667","vx_668ac1e613c11e8b","fg0348","1","fg0348","fg0765","fg0008","fg0487","fg0007","fg0580","fg0307","fg0345","fg0045","fg0464","fg0262","fg0283","fg0372","fg0023","fg0016","fg0884","fg0589","fg0403","fg0451","fg0548"
"fq001668","vx_668ac1e613c11e8b","fg0348","1","fg0348","fg0765","fg0008","fg0580","fg0487","fg0307","fg0007","fg0045","fg0464","fg0345","fg0262","fg0283","fg0671","fg0884","fg0403","fg0589","fg0016","fg0081","fg0023","fg0372"
"fq001669","vx_9e6eff27b7a78c47","fg0349","1","fg0349","fg0061","fg0756","fg0828","fg0877","fg0609","fg0485","fg0782","fg0739","fg0740","fg0457","fg0552","fg0413","fg0872","fg0579","fg0243","fg0736","fg0219","fg0763","fg0286"
"fq001670","vx_9e6eff27b7a78c47","fg0349","1","fg0349","fg0061","fg0756","fg0609","fg0877","fg0828","fg0485","fg0782","fg0184","fg0740","fg0579","fg0739","fg0457","fg0082","fg0872","fg0122","fg0552","fg0243","fg0413","fg0757"
"fq001671","vx_9e6eff27b7a78c47","fg0349","1","fg0349","fg0061","fg0828","fg0609","fg0756","fg0457","fg0872","fg0485","fg0747","fg0579","fg0728","fg0782","fg0413","fg0552","fg0877","fg0739","fg0740","fg0060","fg0184","fg0631"
"fq001672","vx_9e6eff27b7a78c47","fg0349","80","fg0745","fg0037","fg0822","fg0778","fg0308","fg0541","fg0886","fg0262","fg0977","fg0318","fg0561","fg0018","fg0894","fg0828","fg0527","fg0976","fg0506","fg0857","fg0588","fg0073"
"fq001673","vx_9e6eff27b7a78c47","fg0349","1","fg0349","fg0061","fg0756","fg0828","fg0485","fg0060","fg0457","fg0579","fg0609","fg0782","fg0103","fg0739","fg0413","fg0757","fg0552","fg0872","fg0877","fg0122","fg0763","fg0740"
"fq001674","vx_9e6eff27b7a78c47","fg0349","1","fg0349","fg0061","fg0103","fg0756","fg0828","fg0413","fg0869","fg0258","fg0457","fg0331","fg0122","fg0196","fg0090","fg0773","fg0060","fg0872","fg0938","fg0552","fg0485","fg0757"
"fq001675","vx_9e6eff27b7a78c47","fg0349","1","fg0349","fg0061","fg0756","fg0828","fg0877","fg0485","fg0609","fg0782","fg0457","fg0579","fg0739","fg0740","fg0872","fg0552","fg0122","fg0413","fg0243","fg0082","fg0581","fg0909"
"fq001676","vx_9e6eff27b7a78c47","fg0349","1","fg0349","fg0061","fg0457","fg0196","fg0756","fg0413","fg0782","fg0828","fg0485","fg0739","fg0878","fg0258","fg0243","fg0552","fg0763","fg0122","fg0103","fg0035","fg0075","fg0740"
"fq001677","vx_9e6eff27b7a78c47","fg0349","1","fg0349","fg0061","fg0756","fg0828","fg0609","fg0485","fg0877","fg0457","fg0782","fg0122","fg0552","fg0739","fg0872","fg0579","fg0740","fg0103","fg0763","fg0581","fg0413","fg0060"
"fq001678","vx_9e6eff27b7a78c47","fg0349","1","fg0349","fg0061","fg0756","fg0457","fg0739","fg0485","fg0782","fg0174","fg0609","fg0828","fg0122","fg0552","fg0872","fg0763","fg0773","fg0878","fg0185","fg0413","fg0736","fg0243"
"fq001679","vx_9e6eff27b7a78c47","fg0349","17","fg0980","fg0506","fg0828","fg0745","fg0333","fg0561","fg0751","fg0073","fg0021","fg0112","fg0896","fg0331","fg0366","fg0780","fg0056","fg0541","fg0349","fg0175","fg0145","fg0262"
"fq001680","vx_8930e30ac1f4d848","fg0350","50","fg0556","fg0782","fg0232","fg0591","fg0792","fg0517","fg0106","fg0314","fg0334","fg0870","fg0105","fg0915","fg0287","fg0191","fg0796","fg0224","fg0747","fg0195","fg0021","fg0375"
"fq001681","vx_8930e30ac1f4d848","fg0350","42","fg0232","fg0782","fg0556","fg0915","fg0792","fg0517","fg0591","fg0314","fg0287","fg0766","fg0796","fg0870","fg0545","fg0158","fg0898","fg0224","fg0751","fg0106","fg0300","fg0909"
"fq001682","vx_d18b80ea064faf7b","fg0351","1","fg0351","fg0890","fg0445","fg0654","fg0848","fg0264","fg0875","fg0273","fg0261","fg0643","fg0014","fg0343","fg0297","fg0942","fg0915","fg0888","fg0483","fg0695","fg0669","fg0308"
"fq001683","vx_c6d5a3331642761b","fg0352","1","fg0352","fg0083","fg0744","fg0622","fg0247","fg0902","fg0071","fg0402","fg0535","fg0942","fg0159","fg0843","fg0656","fg0133","fg0777","fg0712","fg0888","fg0564","fg0340","fg0689"
"fq001684","vx_c6d5a3331642761b","fg0352","2","fg0942","fg0352","fg0402","fg0083","fg0744","fg0622","fg0535","fg0902","fg0159","fg0247","fg0888","fg0071","fg0543","fg0777","fg0700","fg0846","fg0133","fg0359","fg0899","fg0398"
"fq001685","vx_c6d5a3331642761b","fg0352","566","fg0535","fg0977","fg0684","fg0798","fg0777","fg0700","fg0396","fg0079","fg0483","fg0841","fg0695","fg0767","fg0260","fg0159","fg0169","fg0543","fg0411","fg0780","fg0996","fg0978"
"fq001686","vx_fc02899b8e1c2145","fg0353","1","fg0353","fg0771","fg0804","fg0571","fg0225","fg0137","fg0883","fg0666","fg0543","fg0057","fg0282","fg0879","fg0912","fg0464","fg0964","fg0699","fg0523","fg0291","fg0560","fg0440"
"fq001687","vx_11b42c73304f92b2","fg0354","1","fg0354","fg0507","fg0677","fg0664","fg0645","fg0550","fg0663","fg0250","fg0086","fg0593","fg0513","fg0807","fg0442","fg0084","fg0078","fg0966","fg0935","fg0140","fg0161","fg0524"
"fq001688","vx_11b42c73304f92b2","fg0354","1","fg0354","fg0507","fg0677","fg0664","fg0645","fg0550","fg0250","fg0663","fg0513","fg0078","fg0086","fg0593","fg0084","fg0966","fg0807","fg0064","fg0935","fg0662","fg0598","fg0418"
"fq001689","vx_11b42c73304f92b2","fg0354","1","fg0354","fg0507","fg0677","fg0664","fg0550","fg0086","fg0250","fg0645","fg0966","fg0078","fg0663","fg0513","fg0593","fg0807","fg0064","fg0935","fg0322","fg0084","fg0178","fg0861"
"fq001690","vx_11b42c73304f92b2","fg0354","1","fg0354","fg0507","fg0677","fg0664","fg0550","fg0086","fg0966","fg0250","fg0663","fg0645","fg0709","fg0078","fg0598","fg0807","fg0593","fg0237","fg0513","fg0935","fg0606","fg0322"
"fq001691","vx_11b42c73304f92b2","fg0354","1","fg0354","fg0507","fg0677","fg0664","fg0550","fg0645","fg0807","fg0078","fg0513","fg0593","fg0935","fg0250","fg0084","fg0966","fg0086","fg0598","fg0442","fg0177","fg0606","fg0178"
"fq001692","vx_11b42c73304f92b2","fg0354","1","fg0354","fg0507","fg0677","fg0664","fg0550","fg0086","fg0250","fg0645","fg0663","fg0593","fg0807","fg0966","fg0078","fg0064","fg0598","fg0513","fg0861","fg0935","fg0178","fg0269"
"fq001693","vx_11b42c73304f92b2","fg0354","1","fg0354","fg0507","fg0677","fg0664","fg0550","fg0645","fg0250","fg0663","fg0086","fg0807","fg0966","fg0593","fg0513","fg0064","fg0078","fg0935","fg0598","fg0861","fg0237","fg0140"
"fq001694","vx_11b42c73304f92b2","fg0354","1","fg0354","fg0507","fg0677","fg0664","fg0550","fg0250","fg0663","fg0645","fg0966","fg0086","fg0064","fg0593","fg0078","fg0513","fg0598","fg0807","fg0935","fg0322","fg0861","fg0418"
"fq001695","vx_11b42c73304f92b2","fg0354","1","fg0354","fg0507","fg0677","fg0664","fg0550","fg0250","fg0645","fg0086","fg0807","fg0966","fg0593","fg0663","fg0078","fg0064","fg0513","fg0598","fg0868","fg0237","fg0266","fg0935"
"fq001696","vx_11b42c73304f92b2","fg0354","1","fg0354","fg0507","fg0677","fg0664","fg0550","fg0645","fg0250","fg0064","fg0593","fg0663","fg0086","fg0807","fg0598","fg0935","fg0966","fg0513","fg0078","fg0519","fg0989","fg0163"
"fq001697","vx_11b42c73304f92b2","fg0354","1","fg0354","fg0507","fg0677","fg0664","fg0550","fg0966","fg0086","fg0250","fg0956","fg0663","fg0645","fg0722","fg0593","fg0064","fg0935","fg0501","fg0807","fg0801","fg0660","fg0043"
"fq001698","vx_11b42c73304f92b2","fg0354","1","fg0354","fg0507","fg0677","fg0664","fg0550","fg0645","fg0250","fg0807","fg0086","fg0593","fg0663","fg0064","fg0966","fg0935","fg0078","fg0513","fg0989","fg0861","fg0598","fg0868"
"fq001699","vx_11b42c73304f92b2","fg0354","1","fg0354","fg0507","fg0677","fg0664","fg0550","fg0250","fg0645","fg0086","fg0966","fg0935","fg0513","fg0064","fg0807","fg0663","fg0593","fg0989","fg0178","fg0078","fg0660","fg0321"
"fq001700","vx_11b42c73304f92b2","fg0354","1","fg0354","fg0507","fg0677","fg0664","fg0550","fg0250","fg0086","fg0645","fg0078","fg0593","fg0663","fg0966","fg0807","fg0064","fg0513","fg0935","fg0178","fg0598","fg0861","fg0084"
"fq001701","vx_11b42c73304f92b2","fg0354","43","fg0929","fg0964","fg0526","fg0935","fg0246","fg0952","fg0024","fg0394","fg0386","fg0991","fg0868","fg0200","fg0093","fg0815","fg0432","fg0325","fg0658","fg0654","fg0436","fg0363"
"fq001702","vx_11b42c73304f92b2","fg0354","1","fg0354","fg0507","fg0677","fg0664","fg0250","fg0966","fg0663","fg0078","fg0550","fg0645","fg0086","fg0513","fg0593","fg0807","fg0084","fg0598","fg0861","fg0322","fg0178","fg0064"
"fq001703","vx_11b42c73304f92b2","fg0354","1","fg0354","fg0507","fg0677","fg0664","fg0550","fg0645","fg0086","fg0663","fg0250","fg0966","fg0513","fg0935","fg0593","fg0807","fg0064","fg0598","fg0078","fg0084","fg0861","fg0322"
"fq001704","vx_11b42c73304f92b2","fg0354","1","fg0354","fg0507","fg0677","fg0664","fg0550","fg0645","fg0250","fg0663","fg0064","fg0966","fg0086","fg0593","fg0935","fg0807","fg0513","fg0861","fg0163","fg0598","fg0322","fg0078"
"fq001705","vx_11b42c73304f92b2","fg0354","1","fg0354","fg0507","fg0677","fg0664","fg0250","fg0550","fg0086","fg0078","fg0178","fg0660","fg0966","fg0513","fg0935","fg0663","fg0064","fg0807","fg0645","fg0989","fg0237","fg0593"
"fq001706","vx_11b42c73304f92b2","fg0354","1","fg0354","fg0507","fg0677","fg0664","fg0550","fg0250","fg0966","fg0645","fg0663","fg0956","fg0807","fg0513","fg0086","fg0593","fg0064","fg0078","fg0955","fg0935","fg0501","fg0136"
"fq001707","vx_11b42c73304f92b2","fg0354","1","fg0354","fg0507","fg0677","fg0664","fg0550","fg0250","fg0645","fg0086","fg0663","fg0593","fg0807","fg0966","fg0078","fg0598","fg0064","fg0513","fg0868","fg0418","fg0266","fg0163"
"fq001708","vx_11b42c73304f92b2","fg0354","1","fg0354","fg0507","fg0677","fg0664","fg0550","fg0250","fg0645","fg0086","fg0663","fg0064","fg0513","fg0966","fg0935","fg0078","fg0593","fg0807","fg0685","fg0598","fg0084","fg0178"
"fq001709","vx_11b42c73304f92b2","fg0354","1","fg0354","fg0507","fg0677","fg0664","fg0645","fg0550","fg0663","fg0250","fg0966","fg0078","fg0086","fg0807","fg0513","fg0593","fg0084","fg0064","fg0598","fg0861","fg0322","fg0955"
"fq001710","vx_11b42c73304f92b2","fg0354","1","fg0354","fg0507","fg0677","fg0664","fg0550","fg0250","fg0645","fg0086","fg0663","fg0966","fg0807","fg0593","fg0598","fg0064","fg0513","fg0935","fg0078","fg0861","fg0163","fg0519"
"fq001711","vx_11b42c73304f92b2","fg0354","1","fg0354","fg0507","fg0677","fg0664","fg0645","fg0550","fg0250","fg0663","fg0966","fg0086","fg0593","fg0598","fg0935","fg0513","fg0807","fg0064","fg0861","fg0868","fg0078","fg0140"
"fq001712","vx_11b42c73304f92b2","fg0354","1","fg0354","fg0507","fg0677","fg0664","fg0550","fg0250","fg0086","fg0966","fg0935","fg0078","fg0178","fg0955","fg0513","fg0807","fg0064","fg0482","fg0660","fg0161","fg0039","fg0322"
"fq001713","vx_11b42c73304f92b2","fg0354","1","fg0354","fg0507","fg0677","fg0664","fg0550","fg0250","fg0593","fg0086","fg0663","fg0064","fg0807","fg0645","fg0966","fg0078","fg0513","fg0935","fg0322","fg0598","fg0955","fg0442"
"fq001714","vx_11b42c73304f92b2","fg0354","1","fg0354","fg0507","fg0677","fg0664","fg0550","fg0086","fg0645","fg0250","fg0663","fg0966","fg0064","fg0513","fg0078","fg0593","fg0807","fg0861","fg0935","fg0237","fg0709","fg0322"
"fq001715","vx_11b42c73304f92b2","fg0354","1","fg0354","fg0507","fg0677","fg0664","fg0550","fg0250","fg0663","fg0064","fg0086","fg0645","fg0593","fg0966","fg0807","fg0078","fg0513","fg0935","fg0868","fg0598","fg0989","fg0861"
"fq001716","vx_11b42c73304f92b2","fg0354","1","fg0354","fg0507","fg0677","fg0664","fg0550","fg0086","fg0250","fg0645","fg0078","fg0966","fg0513","fg0935","fg0593","fg0663","fg0084","fg0807","fg0178","fg0598","fg0064","fg0524"
"fq001717","vx_11b42c73304f92b2","fg0354","1","fg0354","fg0507","fg0677","fg0664","fg0550","fg0250","fg0807","fg0645","fg0064","fg0086","fg0663","fg0593","fg0966","fg0513","fg0935","fg0078","fg0322","fg0598","fg0989","fg0861"
"fq001718","vx_11b42c73304f92b2","fg0354","1","fg0354","fg0507","fg0677","fg0664","fg0550","fg0250","fg0645","fg0663","fg0064","fg0086","fg0966","fg0593","fg0078","fg0598","fg0807","fg0513","fg0935","fg0322","fg0163","fg0418"
"fq001719","vx_11b42c73304f92b2","fg0354","1","fg0354","fg0507","fg0677","fg0664","fg0086","fg0550","fg0645","fg0250","fg0935","fg0861","fg0513","fg0663","fg0966","fg0442","fg0660","fg0524","fg0807","fg0064","fg0593","fg0163"
"fq001720","vx_11b42c73304f92b2","fg0354","1","fg0354","fg0507","fg0677","fg0664","fg0550","fg0250","fg0086","fg0966","fg0645","fg0807","fg0593","fg0935","fg0064","fg0513","fg0663","fg0078","fg0177","fg0685","fg0178","fg0161"
"fq001721","vx_11b42c73304f92b2","fg0354","1","fg0354","fg0507","fg0677","fg0664","fg0550","fg0645","fg0250","fg0663","fg0086","fg0966","fg0064","fg0807","fg0593","fg0513","fg0598","fg0935","fg0861","fg0140","fg0322","fg0418"
"fq001722","vx_11b42c73304f92b2","fg0354","1","fg0354","fg0507","fg0677","fg0664","fg0250","fg0550","fg0966","fg0663","fg0513","fg0078","fg0645","fg0956","fg0807","fg0593","fg0788","fg0136","fg0722","fg0955","fg0064","fg0501"
"fq001723","vx_11b42c73304f92b2","fg0354","1","fg0354","fg0507","fg0677","fg0664","fg0663","fg0645","fg0550","fg0250","fg0086","fg0513","fg0966","fg0807","fg0935","fg0084","fg0322","fg0593","fg0955","fg0598","fg0237","fg0140"
"fq001724","vx_11b42c73304f92b2","fg0354","1","fg0354","fg0507","fg0677","fg0664","fg0550","fg0250","fg0645","fg0086","fg0064","fg0807","fg0593","fg0663","fg0966","fg0598","fg0513","fg0935","fg0861","fg0868","fg0519","fg0140"
"fq001725","vx_11b42c73304f92b2","fg0354","1","fg0354","fg0507","fg0677","fg0664","fg0550","fg0086","fg0250","fg0663","fg0645","fg0966","fg0064","fg0807","fg0593","fg0513","fg0935","fg0861","fg0598","fg0078","fg0322","fg0519"
"fq001726","vx_11b42c73304f92b2","fg0354","1","fg0354","fg0507","fg0677","fg0664","fg0966","fg0250","fg0550","fg0663","fg0645","fg0086","fg0078","fg0513","fg0956","fg0178","fg0955","fg0807","fg0593","fg0935","fg0660","fg0084"
"fq001727","vx_11b42c73304f92b2","fg0354","1","fg0354","fg0507","fg0677","fg0664","fg0550","fg0086","fg0663","fg0645","fg0250","fg0966","fg0807","fg0593","fg0442","fg0513","fg0861","fg0078","fg0598","fg0084","fg0322","fg0935"
"fq001728","vx_11b42c73304f92b2","fg0354","1","fg0354","fg0507","fg0677","fg0664","fg0550","fg0645","fg0250","fg0663","fg0086","fg0593","fg0513","fg0064","fg0807","fg0966","fg0078","fg0598","fg0861","fg0935","fg0163","fg0418"
"fq001729","vx_11b42c73304f92b2","fg0354","1","fg0354","fg0507","fg0677","fg0664","fg0550","fg0663","fg0086","fg0645","fg0250","fg0966","fg0807","fg0593","fg0513","fg0064","fg0861","fg0078","fg0935","fg0598","fg0322","fg0084"
"fq001730","vx_11b42c73304f92b2","fg0354","1","fg0354","fg0507","fg0677","fg0664","fg0550","fg0086","fg0250","fg0663","fg0966","fg0513","fg0807","fg0645","fg0064","fg0935","fg0593","fg0598","fg0078","fg0237","fg0955","fg0861"
"fq001731","vx_11b42c73304f92b2","fg0354","1","fg0354","fg0507","fg0677","fg0664","fg0550","fg0645","fg0250","fg0086","fg0663","fg0966","fg0935","fg0593","fg0513","fg0064","fg0807","fg0322","fg0078","fg0861","fg0163","fg0598"
"fq001732","vx_11b42c73304f92b2","fg0354","1","fg0354","fg0507","fg0677","fg0664","fg0645","fg0250","fg0550","fg0086","fg0663","fg0593","fg0078","fg0966","fg0807","fg0598","fg0269","fg0513","fg0064","fg0935","fg0861","fg0685"
"fq001733","vx_11b42c73304f92b2","fg0354","1","fg0354","fg0507","fg0677","fg0664","fg0663","fg0645","fg0550","fg0250","fg0086","fg0064","fg0598","fg0140","fg0513","fg0593","fg0807","fg0935","fg0861","fg0966","fg0418","fg0929"
"fq001734","vx_11b42c73304f92b2","fg0354","1","fg0354","fg0507","fg0677","fg0664","fg0663","fg0645","fg0550","fg0250","fg0086","fg0593","fg0064","fg0598","fg0929","fg0161","fg0868","fg0807","fg0519","fg0685","fg0639","fg0078"
"fq001735","vx_11b42c73304f92b2","fg0354","1","fg0354","fg0507","fg0677","fg0664","fg0550","fg0250","fg0645","fg0663","fg0086","fg0064","fg0807","fg0593","fg0935","fg0966","fg0598","fg0513","fg0861","fg0078","fg0868","fg0989"
"fq001736","vx_11b42c73304f92b2","fg0354","1","fg0354","fg0507","fg0677","fg0664","fg0550","fg0250","fg0966","fg0645","fg0663","fg0078","fg0513","fg0086","fg0593","fg0807","fg0788","fg0064","fg0598","fg0861","fg0955","fg0935"
"fq001737","vx_11b42c73304f92b2","fg0354","1","fg0354","fg0507","fg0677","fg0664","fg0550","fg0645","fg0250","fg0086","fg0663","fg0593","fg0064","fg0807","fg0935","fg0966","fg0513","fg0598","fg0861","fg0078","fg0269","fg0322"
"fq001738","vx_11b42c73304f92b2","fg0354","1","fg0354","fg0507","fg0677","fg0664","fg0250","fg0550","fg0663","fg0966","fg0086","fg0645","fg0078","fg0513","fg0178","fg0593","fg0807","fg0084","fg0935","fg0064","fg0955","fg0322"
"fq001739","vx_11b42c73304f92b2","fg0354","1","fg0354","fg0507","fg0677","fg0664","fg0550","fg0645","fg0086","fg0250","fg0663","fg0064","fg0513","fg0593","fg0807","fg0966","fg0935","fg0861","fg0163","fg0598","fg0078","fg0519"
"fq001740","vx_11b42c73304f92b2","fg0354","1","fg0354","fg0507","fg0677","fg0664","fg0663","fg0645","fg0550","fg0250","fg0086","fg0966","fg0064","fg0593","fg0078","fg0513","fg0807","fg0161","fg0861","fg0935","fg0929","fg0598"
"fq001741","vx_11b42c73304f92b2","fg0354","1","fg0354","fg0507","fg0677","fg0664","fg0550","fg0086","fg0645","fg0663","fg0250","fg0064","fg0966","fg0807","fg0593","fg0935","fg0513","fg0598","fg0861","fg0140","fg0322","fg0989"
"fq001742","vx_11b42c73304f92b2","fg0354","1","fg0354","fg0507","fg0677","fg0664","fg0550","fg0250","fg0645","fg0663","fg0966","fg0086","fg0078","fg0513","fg0593","fg0807","fg0064","fg0935","fg0598","fg0322","fg0861","fg0955"
"fq001743","vx_11b42c73304f92b2","fg0354","1","fg0354","fg0507","fg0677","fg0664","fg0550","fg0645","fg0250","fg0086","fg0663","fg0935","fg0064","fg0807","fg0966","fg0593","fg0861","fg0513","fg0163","fg0989","fg0140","fg0598"
"fq001744","vx_11b42c73304f92b2","fg0354","1","fg0354","fg0507","fg0677","fg0664","fg0550","fg0250","fg0086","fg0645","fg0663","fg0078","fg0966","fg0598","fg0513","fg0593","fg0807","fg0064","fg0606","fg0955","fg0788","fg0178"
"fq001745","vx_11b42c73304f92b2","fg0354","1","fg0354","fg0507","fg0677","fg0664","fg0550","fg0250","fg0956","fg0722","fg0966","fg0501","fg0645","fg0663","fg0136","fg0801","fg0941","fg0593","fg0102","fg0648","fg0807","fg0043"
"fq001746","vx_11b42c73304f92b2","fg0354","1","fg0354","fg0507","fg0677","fg0664","fg0522","fg0031","fg0550","fg0933","fg0543","fg0140","fg0791","fg0645","fg0665","fg0086","fg0218","fg0663","fg0684","fg0990","fg0807","fg0935"
"fq001747","vx_11b42c73304f92b2","fg0354","1","fg0354","fg0507","fg0677","fg0664","fg0550","fg0663","fg0966","fg0250","fg0086","fg0513","fg0078","fg0645","fg0593","fg0322","fg0935","fg0807","fg0064","fg0598","fg0237","fg0955"
"fq001748","vx_68c9b4ca9fcbaf6a","fg0355","746","fg0810","fg0906","fg0525","fg0611","fg0114","fg0768","fg0734","fg0240","fg0555","fg0721","fg0880","fg0275","fg0099","fg0403","fg0823","fg0152","fg0761","fg0714","fg0013","fg0483"
"fq001749","vx_68c9b4ca9fcbaf6a","fg0355","992","fg0868","fg0140","fg0606","fg0269","fg0598","fg0930","fg0003","fg0225","fg0568","fg0505","fg0745","fg0063","fg0435","fg0652","fg0392","fg0439","fg0385","fg0405","fg0978","fg0666"
"fq001750","vx_8181013898e9cb4b","fg0356","1","fg0356","fg0346","fg0149","fg0780","fg0557","fg0060","fg0982","fg0673","fg0862","fg0016","fg0574","fg0596","fg0320","fg0144","fg0612","fg0775","fg0324","fg0099","fg0363","fg0795"
"fq001751","vx_bd4fd57e0be3b75e","fg0357","1","fg0357","fg0206","fg0819","fg0039","fg0312","fg0072","fg0967","fg0282","fg0674","fg0711","fg0516","fg0901","fg0224","fg0028","fg0412","fg0076","fg0482","fg0488","fg0163","fg0520"
"fq001752","vx_dfc32a74ab852b3c","fg0358","1","fg0358","fg0173","fg0054","fg0440","fg0816","fg0930","fg0293","fg0846","fg0505","fg0662","fg0082","fg0753","fg0982","fg0058","fg0241","fg0757","fg0338","fg0537","fg0668","fg0403"
"fq001753","vx_dfc32a74ab852b3c","fg0358","1","fg0358","fg0173","fg0054","fg0440","fg0930","fg0816","fg0293","fg0846","fg0505","fg0082","fg0982","fg0753","fg0716","fg0181","fg0334","fg0757","fg0058","fg0737","fg0005","fg0338"
"fq001754","vx_dfc32a74ab852b3c","fg0358","2","fg0883","fg0358","fg0173","fg0028","fg0412","fg0927","fg0054","fg0169","fg0440","fg0122","fg0816","fg0930","fg0482","fg0505","fg0293","fg0192","fg0846","fg0396","fg0159","fg0321"
"fq001755","vx_dfc32a74ab852b3c","fg0358","1","fg0358","fg0173","fg0054","fg0440","fg0816","fg0930","fg0293","fg0846","fg0269","fg0505","fg0058","fg0353","fg0159","fg0082","fg0434","fg0598","fg0753","fg0820","fg0737","fg0982"
"fq001756","vx_dfc32a74ab852b3c","fg0358","1","fg0358","fg0173","fg0054","fg0816","fg0440","fg0930","fg0293","fg0846","fg0883","fg0505","fg0122","fg0225","fg0412","fg0169","fg0396","fg0606","fg0028","fg0269","fg0402","fg0003"
"fq001757","vx_288a234a0d7022d6","fg0359","36","fg0722","fg0501","fg0648","fg0102","fg0801","fg0941","fg0945","fg0192","fg0043","fg0910","fg0136","fg0996","fg0956","fg0385","fg0471","fg0610","fg0095","fg0228","fg0156","fg0838"
"fq001758","vx_eb0c077ce4062589","fg0360","13","fg0159","fg0522","fg0795","fg0905","fg0274","fg0402","fg0942","fg0837","fg0888","fg0045","fg0738","fg0933","fg0360","fg0487","fg0133","fg0535","fg0875","fg0464","fg0543","fg0824"
"fq001759","vx_eb0c077ce4062589","fg0360","216","fg0905","fg0366","fg0888","fg0795","fg0396","fg0133","fg0159","fg0509","fg0271","fg0535","fg0274","fg0738","fg0250","fg0423","fg0666","fg0522","fg0045","fg0155","fg0353","fg0035"
"fq001760","vx_eb0c077ce4062589","fg0360","15","fg0905","fg0795","fg0888","fg0159","fg0366","fg0274","fg0133","fg0396","fg0522","fg0738","fg0535","fg0942","fg0250","fg0045","fg0360","fg0423","fg0271","fg0406","fg0666","fg0509"
"fq001761","vx_f06f6139efe37ec1","fg0361","1","fg0361","fg0326","fg0239","fg0364","fg0698","fg0696","fg0692","fg0661","fg0944","fg0051","fg0070","fg0178","fg0626","fg0119","fg0926","fg0633","fg0553","fg0892","fg0099","fg0775"
"fq001762","vx_7a19d2e713831d18","fg0362","763","fg0723","fg0928","fg0278","fg0214","fg0709","fg0019","fg0412","fg0122","fg0511","fg0200","fg0883","fg0572","fg0321","fg0482","fg0169","fg0837","fg0927","fg0561","fg0396","fg0121"
"fq001763","vx_7a19d2e713831d18","fg0362","587","fg0928","fg0278","fg0723","fg0214","fg0709","fg0019","fg0537","fg0747","fg0200","fg0364","fg0500","fg0865","fg0544","fg0809","fg0470","fg0506","fg0036","fg0227","fg0572","fg0763"
"fq001764","vx_3ab2210b7a1722ff","fg0363","12","fg0745","fg0760","fg0308","fg0562","fg0976","fg0242","fg0506","fg0778","fg0834","fg0857","fg0548","fg0363","fg0283","fg0828","fg0980","fg0034","fg0961","fg0527","fg0439","fg0731"
"fq001765","vx_3ab2210b7a1722ff","fg0363","2","fg0562","fg0363","fg0479","fg0828","fg0834","fg0439","fg0974","fg0196","fg0426","fg0548","fg0976","fg0521","fg0099","fg0313","fg0034","fg0784","fg0679","fg0283","fg0929","fg0884"
"fq001766","vx_3ab2210b7a1722ff","fg0363","6","fg0562","fg0479","fg0834","fg0548","fg0884","fg0363","fg0196","fg0034","fg0283","fg0976","fg0784","fg0439","fg0760","fg0313","fg0828","fg0132","fg0974","fg0731","fg0242","fg0827"
"fq001767","vx_3ab2210b7a1722ff","fg0363","1","fg0363","fg0208","fg0893","fg0477","fg0879","fg0339","fg0562","fg0731","fg0313","fg0300","fg0439","fg0760","fg0132","fg0834","fg0488","fg0828","fg0242","fg0223","fg0344","fg0464"
"fq001768","vx_fec0732ac3c76ca4","fg0364","1","fg0364","fg0980","fg0506","fg0231","fg0944","fg0926","fg0341","fg0840","fg0747","fg0239","fg0698","fg0561","fg0949","fg0828","fg0778","fg0957","fg0896","fg0837","fg0021","fg0145"
"fq001769","vx_58e22bc711ba2ceb","fg0365","1","fg0365","fg0732","fg0852","fg0015","fg0337","fg0688","fg0843","fg0456","fg0371","fg0071","fg0712","fg0590","fg0577","fg0950","fg0827","fg0821","fg0623","fg0295","fg0124","fg0620"
"fq001770","vx_a0ad928a2b7c8562","fg0366","15","fg0501","fg0945","fg0648","fg0102","fg0801","fg0941","fg0722","fg0192","fg0043","fg0910","fg0136","fg0996","fg0956","fg0203","fg0366","fg0471","fg0484","fg0271","fg0494","fg0385"
"fq001771","vx_a0ad928a2b7c8562","fg0366","1","fg0366","fg0494","fg0203","fg0271","fg0484","fg0035","fg0950","fg0423","fg0371","fg0502","fg0510","fg0007","fg0260","fg0887","fg0396","fg0196","fg0133","fg0997","fg0509","fg0331"
"fq001772","vx_6e8444eeefd28aa3","fg0367","5","fg0795","fg0905","fg0274","fg0738","fg0367","fg0045","fg0517","fg0835","fg0537","fg0932","fg0334","fg0126","fg0464","fg0241","fg0757","fg0747","fg0793","fg0098","fg0178","fg0987"
"fq001773","vx_6e8444eeefd28aa3","fg0367","420","fg0795","fg0905","fg0274","fg0738","fg0045","fg0110","fg0464","fg0487","fg0951","fg0187","fg0832","fg0342","fg0413","fg0599","fg0987","fg0471","fg0383","fg0580","fg0323","fg0781"
"fq001774","vx_b37a7ffab3ad1074","fg0368","1","fg0368","fg0155","fg0097","fg0599","fg0786","fg0954","fg0666","fg0794","fg0184","fg0797","fg0114","fg0469","fg0152","fg0784","fg0851","fg0884","fg0034","fg0834","fg0398","fg0614"
"fq001775","vx_b37a7ffab3ad1074","fg0368","1","fg0368","fg0155","fg0097","fg0184","fg0786","fg0599","fg0954","fg0961","fg0666","fg0797","fg0794","fg0469","fg0851","fg0247","fg0949","fg0624","fg0499","fg0283","fg0834","fg0036"
"fq001776","vx_b37a7ffab3ad1074","fg0368","1","fg0368","fg0155","fg0097","fg0786","fg0599","fg0184","fg0954","fg0666","fg0794","fg0797","fg0469","fg0114","fg0851","fg0247","fg0961","fg0152","fg0624","fg0784","fg0834","fg0380"
"fq001777","vx_b37a7ffab3ad1074","fg0368","1","fg0368","fg0155","fg0097","fg0786","fg0666","fg0398","fg0954","fg0184","fg0599","fg0469","fg0794","fg0797","fg0157","fg0247","fg0899","fg0543","fg0014","fg0452","fg0851","fg0152"
"fq001778","vx_b37a7ffab3ad1074","fg0368","1","fg0368","fg0097","fg0155","fg0184","fg0786","fg0599","fg0961","fg0666","fg0797","fg0954","fg0624","fg0406","fg0499","fg0794","fg0390","fg0834","fg0570","fg0731","fg0036","fg0784"
"fq001779","vx_b37a7ffab3ad1074","fg0368","1","fg0368","fg0398","fg0155","fg0157","fg0899","fg0097","fg0786","fg0184","fg0666","fg0452","fg0599","fg0954","fg0427","fg0222","fg0797","fg0469","fg0794","fg0359","fg0543","fg0499"
"fq001780","vx_b37a7ffab3ad1074","fg0368","1","fg0368","fg0097","fg0155","fg0599","fg0786","fg0184","fg0954","fg0794","fg0666","fg0797","fg0851","fg0884","fg0863","fg0114","fg0283","fg0380","fg0469","fg0614","fg0743","fg0548"
"fq001781","vx_b37a7ffab3ad1074","fg0368","1","fg0368","fg0155","fg0097","fg0184","fg0599","fg0786","fg0693","fg0233","fg0776","fg0954","fg0474","fg0350","fg0433","fg0416","fg0794","fg0666","fg0797","fg0321","fg0961","fg0834"
"fq001782","vx_b37a7ffab3ad1074","fg0368","71","fg0927","fg0169","fg0822","fg0883","fg0379","fg0412","fg0547","fg0533","fg0028","fg0037","fg0018","fg0062","fg0588","fg0027","fg0180","fg0262","fg0811","fg0724","fg0398","fg0411"
"fq001783","vx_b37a7ffab3ad1074","fg0368","35","fg0441","fg0632","fg0085","fg0659","fg0188","fg0131","fg0301","fg0863","fg0543","fg0539","fg0355","fg0637","fg0160","fg0981","fg0283","fg0970","fg0775","fg0028","fg0398","fg0663"
"fq001784","vx_5b5e0c863a4bca52","fg0369","10","fg0062","fg0180","fg0018","fg0588","fg0379","fg0547","fg0533","fg0037","fg0724","fg0369","fg0822","fg0811","fg0894","fg0665","fg0411","fg0909","fg0027","fg0679","fg0835","fg0949"
"fq001785","vx_fa5b0e18a07c4e3c","fg0370","1","fg0370","fg0489","fg0836","fg0678","fg0850","fg0066","fg0845","fg0575","fg0228","fg0578","fg0871","fg0080","fg0381","fg0324","fg0399","fg0604","fg0736","fg0758","fg0098","fg0026"
"fq001786","vx_fa5b0e18a07c4e3c","fg0370","1","fg0370","fg0489","fg0678","fg0836","fg0850","fg0066","fg0845","fg0575","fg0228","fg0578","fg0871","fg0080","fg0381","fg0324","fg0399","fg0604","fg0736","fg0026","fg0758","fg0030"
"fq001787","vx_81153d8f63571b2d","fg0371","1","fg0371","fg0203","fg0494","fg0950","fg0484","fg0510","fg0271","fg0035","fg0366","fg0113","fg0365","fg0007","fg0442","fg0900","fg0224","fg0732","fg0793","fg0179","fg0134","fg0692"
"fq001788","vx_ab0c38b7d724522a","fg0372","1","fg0372","fg0120","fg0264","fg0345","fg0487","fg0716","fg0765","fg0082","fg0519","fg0915","fg0073","fg0483","fg0771","fg0901","fg0157","fg0815","fg0589","fg0780","fg0398","fg0978"
"fq001789","vx_7b96b9b751d36492","fg0373","1","fg0373","fg0240","fg0820","fg0823","fg0976","fg0802","fg0435","fg0611","fg0904","fg0998","fg0555","fg0128","fg0640","fg0629","fg0276","fg0201","fg0768","fg0447","fg0834","fg0216"
"fq001790","vx_7b96b9b751d36492","fg0373","997","fg0412","fg0883","fg0028","fg0927","fg0169","fg0122","fg0482","fg0160","fg0396","fg0321","fg0301","fg0687","fg0878","fg0350","fg0822","fg0825","fg0131","fg0505","fg0225","fg0252"
"fq001791","vx_7b96b9b751d36492","fg0373","1","fg0373","fg0240","fg0823","fg0611","fg0555","fg0820","fg0998","fg0976","fg0768","fg0714","fg0802","fg0419","fg0435","fg0128","fg0904","fg0446","fg0834","fg0640","fg0686","fg0447"
"fq001792","vx_7b96b9b751d36492","fg0373","1","fg0373","fg0240","fg0823","fg0611","fg0555","fg0998","fg0768","fg0714","fg0419","fg0906","fg0546","fg0640","fg0446","fg0995","fg0201","fg0276","fg0740","fg0957","fg0629","fg0128"
"fq001793","vx_30e1ed65c5200f25","fg0374","1","fg0374","fg0007","fg0008","fg0765","fg0296","fg0628","fg0464","fg0436","fg0045","fg0212","fg0864","fg0487","fg0795","fg0988","fg0203","fg0950","fg0366","fg0345","fg0303","fg0518"
"fq001794","vx_6496172539fb2d07","fg0375","1","fg0375","fg0546","fg0659","fg0290","fg0020","fg0608","fg0750","fg0058","fg0011","fg0816","fg0582","fg0293","fg0920","fg0570","fg0440","fg0437","fg0935","fg0731","fg0004","fg0846"
"fq001795","vx_6496172539fb2d07","fg0375","1","fg0375","fg0659","fg0058","fg0970","fg0816","fg0293","fg0440","fg0546","fg0290","fg0020","fg0402","fg0846","fg0921","fg0582","fg0385","fg0837","fg0861","fg0092","fg0054","fg0358"
"fq001796","vx_6496172539fb2d07","fg0375","1","fg0375","fg0546","fg0020","fg0582","fg0570","fg0406","fg0861","fg0290","fg0158","fg0920","fg0750","fg0360","fg0669","fg0517","fg0917","fg0460","fg0731","fg0537","fg0056","fg0004"
"fq001797","vx_6496172539fb2d07","fg0375","2","fg0745","fg0375","fg0778","fg0506","fg0857","fg0385","fg0308","fg0659","fg0980","fg0156","fg0175","fg0527","fg0551","fg0058","fg0490","fg0837","fg0958","fg0460","fg0561","fg0056"
"fq001798","vx_6496172539fb2d07","fg0375","1","fg0375","fg0659","fg0546","fg0290","fg0020","fg0570","fg0750","fg0920","fg0011","fg0970","fg0058","fg0582","fg0608","fg0517","fg0731","fg0437","fg0537","fg0406","fg0861","fg0004"
"fq001799","vx_6496172539fb2d07","fg0375","2","fg0659","fg0375","fg0970","fg0058","fg0816","fg0293","fg0188","fg0551","fg0857","fg0024","fg0521","fg0385","fg0441","fg0440","fg0619","fg0921","fg0964","fg0778","fg0402","fg0490"
"fq001800","vx_6496172539fb2d07","fg0375","1","fg0375","fg0857","fg0778","fg0546","fg0290","fg0176","fg0591","fg0570","fg0360","fg0056","fg0335","fg0417","fg0020","fg0406","fg0537","fg0745","fg0306","fg0669","fg0750","fg0868"
"fq001801","vx_6496172539fb2d07","fg0375","551","fg0900","fg0480","fg0248","fg0259","fg0205","fg0087","fg0224","fg0371","fg0486","fg0620","fg0600","fg0049","fg0337","fg0387","fg0286","fg0808","fg0909","fg0055","fg0010","fg0675"
"fq001802","vx_6496172539fb2d07","fg0375","1","fg0375","fg0290","fg0546","fg0020","fg0608","fg0570","fg0417","fg0537","fg0056","fg0750","fg0920","fg0335","fg0011","fg0731","fg0004","fg0406","fg0669","fg0325","fg0437","fg0453"
"fq001803","vx_6496172539fb2d07","fg0375","1","fg0375","fg0290","fg0546","fg0582","fg0271","fg0750","fg0020","fg0024","fg0570","fg0857","fg0790","fg0158","fg0861","fg0437","fg0306","fg0176","fg0619","fg0920","fg0731","fg0553"
"fq001804","vx_6496172539fb2d07","fg0375","1","fg0375","fg0546","fg0020","fg0659","fg0582","fg0570","fg0290","fg0920","fg0406","fg0861","fg0517","fg0158","fg0750","fg0011","fg0056","fg0935","fg0004","fg0731","fg0669","fg0537"
"fq001805","vx_6496172539fb2d07","fg0375","1","fg0375","fg0659","fg0970","fg0058","fg0290","fg0546","fg0417","fg0056","fg0570","fg0335","fg0020","fg0537","fg0293","fg0861","fg0582","fg0816","fg0608","fg0460","fg0750","fg0385"
"fq001806","vx_6496172539fb2d07","fg0375","1","fg0375","fg0290","fg0546","fg0020","fg0570","fg0608","fg0417","fg0920","fg0056","fg0750","fg0731","fg0537","fg0011","fg0004","fg0659","fg0437","fg0582","fg0335","fg0460","fg0406"
"fq001807","vx_76406c76acb060ee","fg0376","3","fg0267","fg0430","fg0376","fg0130","fg0968","fg0690","fg0936","fg0466","fg0327","fg0569","fg0662","fg0333","fg0865","fg0274","fg0885","fg0793","fg0366","fg0271","fg0484","fg0997"
"fq001808","vx_76406c76acb060ee","fg0376","4","fg0130","fg0569","fg0885","fg0376","fg0968","fg0267","fg0466","fg0690","fg0430","fg0936","fg0327","fg0333","fg0294","fg0879","fg0793","fg0805","fg0662","fg0865","fg0653","fg0186"
"fq001809","vx_76406c76acb060ee","fg0376","441","fg0491","fg0667","fg0426","fg0761","fg0411","fg0483","fg0362","fg0956","fg0079","fg0533","fg0316","fg0996","fg0841","fg0264","fg0131","fg0547","fg0687","fg0040","fg0780","fg0527"
"fq001810","vx_76406c76acb060ee","fg0376","1","fg0376","fg0267","fg0130","fg0430","fg0968","fg0569","fg0207","fg0292","fg0885","fg0690","fg0466","fg0936","fg0327","fg0483","fg0333","fg0779","fg0865","fg0662","fg0809","fg0274"
"fq001811","vx_76406c76acb060ee","fg0376","1","fg0376","fg0207","fg0292","fg0779","fg0288","fg0329","fg0642","fg0587","fg0254","fg0592","fg0985","fg0274","fg0771","fg0805","fg0483","fg0372","fg0958","fg0113","fg0964","fg0705"
"fq001812","vx_76406c76acb060ee","fg0376","1","fg0376","fg0207","fg0292","fg0288","fg0329","fg0985","fg0133","fg0779","fg0483","fg0274","fg0113","fg0570","fg0264","fg0805","fg0152","fg0942","fg0372","fg0036","fg0684","fg0254"
"fq001813","vx_76406c76acb060ee","fg0376","205","fg0483","fg0780","fg0073","fg0398","fg0264","fg0372","fg0121","fg0574","fg0333","fg0809","fg0308","fg0745","fg0901","fg0133","fg0120","fg0406","fg0157","fg0958","fg0509","fg0217"
"fq001814","vx_76406c76acb060ee","fg0376","636","fg0761","fg0483","fg0398","fg0169","fg0264","fg0780","fg0350","fg0978","fg0822","fg0798","fg0901","fg0372","fg0700","fg0693","fg0587","fg0233","fg0779","fg0474","fg0433","fg0308"
"fq001815","vx_76406c76acb060ee","fg0376","1","fg0376","fg0483","fg0264","fg0207","fg0958","fg0292","fg0779","fg0372","fg0780","fg0288","fg0133","fg0561","fg0152","fg0915","fg0684","fg0809","fg0642","fg0557","fg0069","fg0877"
"fq001816","vx_76406c76acb060ee","fg0376","1","fg0376","fg0267","fg0430","fg0130","fg0207","fg0968","fg0292","fg0569","fg0690","fg0885","fg0466","fg0936","fg0274","fg0545","fg0865","fg0333","fg0662","fg0327","fg0329","fg0805"
"fq001817","vx_76406c76acb060ee","fg0376","4","fg0483","fg0264","fg0958","fg0376","fg0561","fg0133","fg0684","fg0809","fg0372","fg0779","fg0780","fg0777","fg0207","fg0959","fg0193","fg0308","fg0217","fg0703","fg0152","fg0695"
"fq001818","vx_76406c76acb060ee","fg0376","5","fg0130","fg0569","fg0968","fg0885","fg0376","fg0333","fg0936","fg0466","fg0690","fg0267","fg0327","fg0653","fg0294","fg0809","fg0980","fg0624","fg0207","fg0430","fg0684","fg0561"
"fq001819","vx_374951c7b6e7facc","fg0377","1","fg0377","fg0449","fg0142","fg0879","fg0728","fg0610","fg0517","fg0318","fg0744","fg0076","fg0095","fg0653","fg0605","fg0248","fg0353","fg0440","fg0873","fg0622","fg0644","fg0205"
"fq001820","vx_374951c7b6e7facc","fg0377","1","fg0377","fg0449","fg0142","fg0728","fg0879","fg0517","fg0076","fg0193","fg0744","fg0653","fg0221","fg0610","fg0622","fg0318","fg0644","fg0095","fg0181","fg0984","fg0542","fg0701"
"fq001821","vx_374951c7b6e7facc","fg0377","358","fg0722","fg0648","fg0102","fg0941","fg0801","fg0945","fg0501","fg0192","fg0043","fg0910","fg0136","fg0996","fg0956","fg0471","fg0610","fg0385","fg0228","fg0156","fg0095","fg0849"
"fq001822","vx_374951c7b6e7facc","fg0377","1","fg0377","fg0449","fg0142","fg0728","fg0610","fg0879","fg0517","fg0076","fg0318","fg0193","fg0605","fg0653","fg0221","fg0644","fg0873","fg0248","fg0095","fg0219","fg0744","fg0684"
"fq001823","vx_374951c7b6e7facc","fg0377","1","fg0377","fg0449","fg0142","fg0879","fg0610","fg0728","fg0318","fg0095","fg0896","fg0517","fg0930","fg0076","fg0684","fg0353","fg0605","fg0173","fg0440","fg0653","fg0084","fg0744"
"fq001824","vx_374951c7b6e7facc","fg0377","1","fg0377","fg0449","fg0142","fg0879","fg0930","fg0610","fg0173","fg0318","fg0272","fg0095","fg0225","fg0405","fg0248","fg0605","fg0728","fg0816","fg0076","fg0382","fg0896","fg0606"
"fq001825","vx_ad3741eb19941ef8","fg0378","1","fg0378","fg0993","fg0485","fg0579","fg0482","fg0045","fg0984","fg0758","fg0144","fg0580","fg0283","fg0177","fg0548","fg0884","fg0837","fg0298","fg0423","fg0061","fg0055","fg0060"
"fq001826","vx_ad3741eb19941ef8","fg0378","1","fg0378","fg0993","fg0485","fg0045","fg0579","fg0948","fg0548","fg0758","fg0046","fg0884","fg0034","fg0144","fg0061","fg0580","fg0283","fg0482","fg0164","fg0307","fg0060","fg0240"
"fq001827","vx_af4aaed645519b82","fg0379","718","fg0068","fg0766","fg0631","fg0460","fg0537","fg0731","fg0517","fg0670","fg0056","fg0332","fg0091","fg0044","fg0117","fg0482","fg0232","fg0669","fg0748","fg0344","fg0223","fg0224"
"fq001828","vx_af4aaed645519b82","fg0379","13","fg0533","fg0547","fg0192","fg0722","fg0018","fg0037","fg0945","fg0588","fg0102","fg0801","fg0062","fg0648","fg0379","fg0043","fg0411","fg0180","fg0811","fg0501","fg0941","fg0136"
"fq001829","vx_af4aaed645519b82","fg0379","611","fg0068","fg0670","fg0766","fg0091","fg0044","fg0460","fg0223","fg0731","fg0857","fg0482","fg0332","fg0514","fg0748","fg0138","fg0796","fg0425","fg0360","fg0669","fg0232","fg0949"
"fq001830","vx_af4aaed645519b82","fg0379","549","fg0068","fg0766","fg0631","fg0537","fg0517","fg0670","fg0482","fg0460","fg0117","fg0306","fg0056","fg0731","fg0332","fg0232","fg0044","fg0393","fg0091","fg0360","fg0224","fg0223"
"fq001831","vx_af4aaed645519b82","fg0379","840","fg0631","fg0068","fg0460","fg0517","fg0670","fg0537","fg0117","fg0091","fg0056","fg0748","fg0482","fg0731","fg0044","fg0728","fg0766","fg0332","fg0223","fg0669","fg0334","fg0126"
"fq001832","vx_af4aaed645519b82","fg0379","168","fg0790","fg0306","fg0483","fg0857","fg0745","fg0612","fg0761","fg0308","fg0434","fg0551","fg0343","fg0815","fg0800","fg0068","fg0631","fg0056","fg0393","fg0537","fg0572","fg0499"
"fq001833","vx_af4aaed645519b82","fg0379","713","fg0068","fg0631","fg0766","fg0670","fg0332","fg0537","fg0517","fg0731","fg0482","fg0044","fg0117","fg0223","fg0091","fg0460","fg0728","fg0056","fg0425","fg0232","fg0796","fg0306"
"fq001834","vx_af4aaed645519b82","fg0379","3","fg0321","fg0018","fg0379","fg0180","fg0474","fg0037","fg0693","fg0062","fg0776","fg0837","fg0433","fg0588","fg0233","fg0416","fg0547","fg0822","fg0350","fg0894","fg0533","fg0262"
"fq001835","vx_af4aaed645519b82","fg0379","556","fg0631","fg0068","fg0766","fg0517","fg0117","fg0537","fg0460","fg0332","fg0731","fg0056","fg0482","fg0224","fg0670","fg0728","fg0091","fg0044","fg0232","fg0669","fg0747","fg0306"
"fq001836","vx_af4aaed645519b82","fg0379","991","fg0024","fg0886","fg0306","fg0363","fg0619","fg0790","fg0521","fg0631","fg0857","fg0551","fg0490","fg0271","fg0175","fg0460","fg0208","fg0068","fg0439","fg0731","fg0537","fg0509"
"fq001837","vx_af4aaed645519b82","fg0379","830","fg0857","fg0460","fg0068","fg0778","fg0631","fg0308","fg0482","fg0766","fg0242","fg0670","fg0669","fg0517","fg0728","fg0537","fg0745","fg0117","fg0060","fg0731","fg0334","fg0223"
"fq001838","vx_af4aaed645519b82","fg0379","729","fg0068","fg0766","fg0631","fg0670","fg0517","fg0460","fg0332","fg0056","fg0728","fg0537","fg0731","fg0482","fg0117","fg0748","fg0223","fg0044","fg0091","fg0425","fg0306","fg0932"
"fq001839","vx_af4aaed645519b82","fg0379","795","fg0306","fg0619","fg0790","fg0631","fg0068","fg0517","fg0537","fg0117","fg0857","fg0056","fg0766","fg0393","fg0044","fg0731","fg0332","fg0176","fg0271","fg0091","fg0670","fg0482"
"fq001840","vx_af4aaed645519b82","fg0379","462","fg0068","fg0766","fg0631","fg0482","fg0670","fg0332","fg0537","fg0460","fg0731","fg0517","fg0117","fg0728","fg0091","fg0044","fg0056","fg0223","fg0669","fg0360","fg0425","fg0224"
"fq001841","vx_a98f6867cbab29bb","fg0380","1","fg0380","fg0437","fg0179","fg0011","fg0215","fg0982","fg0456","fg0998","fg0731","fg0714","fg0294","fg0015","fg0309","fg0375","fg0618","fg0592","fg0446","fg0422","fg0248","fg0488"
"fq001842","vx_a98f6867cbab29bb","fg0380","1","fg0380","fg0982","fg0437","fg0015","fg0294","fg0011","fg0774","fg0456","fg0688","fg0488","fg0731","fg0397","fg0852","fg0564","fg0419","fg0714","fg0732","fg0337","fg0618","fg0821"
"fq001843","vx_a98f6867cbab29bb","fg0380","1","fg0380","fg0437","fg0179","fg0011","fg0982","fg0215","fg0998","fg0714","fg0294","fg0456","fg0446","fg0731","fg0114","fg0375","fg0419","fg0592","fg0015","fg0185","fg0524","fg0618"
"fq001844","vx_a98f6867cbab29bb","fg0380","1","fg0380","fg0179","fg0437","fg0011","fg0215","fg0982","fg0456","fg0294","fg0731","fg0375","fg0309","fg0015","fg0774","fg0998","fg0248","fg0443","fg0714","fg0004","fg0524","fg0154"
"fq001845","vx_a98f6867cbab29bb","fg0380","1","fg0380","fg0437","fg0982","fg0998","fg0015","fg0618","fg0294","fg0714","fg0488","fg0071","fg0419","fg0179","fg0011","fg0592","fg0731","fg0446","fg0456","fg0821","fg0114","fg0732"
"fq001846","vx_a98f6867cbab29bb","fg0380","1","fg0380","fg0437","fg0179","fg0011","fg0215","fg0982","fg0731","fg0456","fg0294","fg0375","fg0309","fg0998","fg0443","fg0774","fg0248","fg0114","fg0015","fg0546","fg0714","fg0420"
"fq001847","vx_c9249ad52efd2498","fg0381","1","fg0381","fg0080","fg0703","fg0347","fg0003","fg0269","fg0578","fg0836","fg0145","fg0678","fg0489","fg0598","fg0807","fg0291","fg0228","fg0370","fg0871","fg0066","fg0850","fg0575"
"fq001848","vx_c9249ad52efd2498","fg0381","1","fg0381","fg0362","fg0269","fg0145","fg0260","fg0996","fg0080","fg0956","fg0841","fg0040","fg0003","fg0703","fg0807","fg0291","fg0316","fg0411","fg0347","fg0667","fg0846","fg0079"
"fq001849","vx_83005e636bad9e3f","fg0382","1","fg0382","fg1000","fg0538","fg0781","fg0536","fg0549","fg0934","fg0681","fg0075","fg0492","fg0272","fg0638","fg0457","fg0997","fg0471","fg0830","fg0552","fg0318","fg0413","fg0153"
"fq001850","vx_83005e636bad9e3f","fg0382","1","fg0382","fg1000","fg0536","fg0781","fg0681","fg0549","fg0538","fg0075","fg0492","fg0638","fg0272","fg0471","fg0830","fg0457","fg0552","fg0934","fg0318","fg0413","fg0997","fg0446"
"fq001851","vx_7e0bc5dbddef19de","fg0383","1","fg0383","fg0987","fg0867","fg0973","fg0641","fg0628","fg0514","fg0138","fg0599","fg0487","fg0320","fg0795","fg0762","fg0938","fg0045","fg0219","fg0058","fg0738","fg0874","fg0464"
"fq001852","vx_28d015ec5b4d7bce","fg0384","37","fg0269","fg0703","fg0598","fg0003","fg0568","fg0595","fg0063","fg0140","fg0606","fg0992","fg0621","fg0264","fg0959","fg0818","fg0980","fg0710","fg0193","fg0145","fg0197","fg0656"
"fq001853","vx_28d015ec5b4d7bce","fg0384","47","fg0269","fg0568","fg0598","fg0063","fg0606","fg0140","fg0003","fg0574","fg0710","fg0818","fg0992","fg0197","fg0548","fg0840","fg0584","fg0508","fg0919","fg0618","fg0834","fg0291"
"fq001854","vx_607e851eab341ec2","fg0385","4","fg0745","fg0037","fg0778","fg0385","fg0857","fg0426","fg0062","fg0551","fg0679","fg0018","fg0547","fg0490","fg0588","fg0533","fg0521","fg0811","fg0958","fg0024","fg0180","fg0886"
"fq001855","vx_607e851eab341ec2","fg0385","3","fg0745","fg0857","fg0385","fg0176","fg0551","fg0073","fg0790","fg0778","fg0619","fg0547","fg0308","fg0496","fg0161","fg0024","fg0426","fg0156","fg0037","fg0588","fg0533","fg0811"
"fq001856","vx_607e851eab341ec2","fg0385","34","fg0909","fg0068","fg0551","fg0024","fg0949","fg0158","fg0482","fg0857","fg0222","fg0460","fg0581","fg0223","fg0915","fg0287","fg0617","fg0796","fg0731","fg0242","fg0325","fg0619"
"fq001857","vx_607e851eab341ec2","fg0385","379","fg0909","fg0068","fg0949","fg0158","fg0482","fg0796","fg0222","fg0287","fg0325","fg0369","fg0360","fg0915","fg0581","fg0072","fg0972","fg0091","fg0223","fg0216","fg0545","fg0616"
"fq001858","vx_607e851eab341ec2","fg0385","107","fg0909","fg0158","fg0068","fg0482","fg0949","fg0024","fg0551","fg0222","fg0796","fg0581","fg0325","fg0915","fg0870","fg0731","fg0287","fg0360","fg0223","fg0460","fg0369","fg0857"
"fq001859","vx_607e851eab341ec2","fg0385","70","fg0909","fg0068","fg0949","fg0158","fg0482","fg0024","fg0551","fg0796","fg0222","fg0581","fg0287","fg0857","fg0223","fg0242","fg0915","fg0460","fg0731","fg0617","fg0369","fg0325"
"fq001860","vx_607e851eab341ec2","fg0385","27","fg0407","fg0854","fg0299","fg0055","fg0753","fg0691","fg0915","fg0909","fg0304","fg0734","fg0978","fg0749","fg0369","fg0695","fg0024","fg0068","fg0287","fg0403","fg0189","fg0222"
"fq001861","vx_607e851eab341ec2","fg0385","4","fg0073","fg0745","fg0857","fg0385","fg0176","fg0551","fg0790","fg0496","fg0778","fg0619","fg0751","fg0308","fg0021","fg0024","fg0161","fg0049","fg0798","fg0333","fg0299","fg0414"
"fq001862","vx_5583f1d6f029dd30","fg0386","1","fg0386","fg0325","fg0935","fg0669","fg0020","fg0406","fg0731","fg0375","fg0635","fg0529","fg0920","fg0520","fg0991","fg0647","fg0513","fg0842","fg0044","fg0280","fg0091","fg0290"
"fq001863","vx_5583f1d6f029dd30","fg0386","1","fg0386","fg0325","fg0669","fg0935","fg0020","fg0731","fg0406","fg0529","fg0375","fg0647","fg0513","fg0044","fg0991","fg0635","fg0520","fg0091","fg0842","fg0920","fg0925","fg0546"
"fq001864","vx_d5e7cdfcef61e8d4","fg0387","1","fg0387","fg0259","fg0808","fg0286","fg0049","fg0675","fg0785","fg0348","fg0688","fg0705","fg0774","fg0437","fg0140","fg0215","fg0805","fg0300","fg0011","fg0692","fg0791","fg0381"
"fq001865","vx_473cb714695f5fcb","fg0388","1","fg0388","fg0001","fg0503","fg0123","fg0275","fg0962","fg0438","fg0211","fg0907","fg0879","fg0195","fg0885","fg0076","fg0049","fg0744","fg0106","fg0289","fg0591","fg0087","fg0460"
"fq001866","vx_473cb714695f5fcb","fg0388","1","fg0388","fg0438","fg0211","fg0195","fg0907","fg0929","fg0334","fg0275","fg0503","fg0001","fg0123","fg0591","fg0106","fg0191","fg0831","fg0962","fg0363","fg0658","fg0855","fg0768"
"fq001867","vx_fdb85aaeda667bd2","fg0389","26","fg0734","fg0299","fg0406","fg0790","fg0306","fg0777","fg0559","fg0556","fg0528","fg0302","fg0499","fg0024","fg0920","fg0148","fg0513","fg0619","fg0955","fg0020","fg0055","fg0127"
"fq001868","vx_fdb85aaeda667bd2","fg0389","1","fg0389","fg0406","fg0333","fg0020","fg0734","fg0113","fg0653","fg0968","fg0115","fg0375","fg0624","fg0386","fg0499","fg0961","fg0920","fg0391","fg0955","fg0570","fg0731","fg0313"
"fq001869","vx_44b5c681d4b81a70","fg0390","1","fg0390","fg0570","fg0406","fg0955","fg0568","fg0024","fg0574","fg0718","fg0375","fg0056","fg0462","fg0920","fg0632","fg0121","fg0232","fg0508","fg0271","fg0290","fg0513","fg0417"
"fq001870","vx_1190abd0d8a45812","fg0391","1","fg0391","fg0470","fg0020","fg0901","fg0170","fg0002","fg0711","fg0322","fg0186","fg0174","fg0763","fg0289","fg0138","fg0739","fg0109","fg0205","fg0904","fg0199","fg0935","fg0534"
"fq001871","vx_1190abd0d8a45812","fg0391","1","fg0391","fg0470","fg0020","fg0170","fg0901","fg0186","fg0174","fg0002","fg0763","fg0774","fg0205","fg0289","fg0739","fg0711","fg0322","fg0786","fg0746","fg0843","fg0389","fg0817"
"fq001872","vx_1190abd0d8a45812","fg0391","1","fg0391","fg0470","fg0020","fg0901","fg0186","fg0170","fg0002","fg0289","fg0174","fg0322","fg0711","fg0763","fg0774","fg0739","fg0885","fg0109","fg0205","fg0935","fg0786","fg0879"
"fq001873","vx_1190abd0d8a45812","fg0391","1","fg0391","fg0470","fg0020","fg0901","fg0170","fg0186","fg0002","fg0174","fg0763","fg0322","fg0289","fg0711","fg0739","fg0205","fg0774","fg0109","fg0786","fg0920","fg0885","fg0935"
"fq001874","vx_1190abd0d8a45812","fg0391","1","fg0391","fg0470","fg0020","fg0901","fg0170","fg0186","fg0174","fg0763","fg0002","fg0289","fg0774","fg0739","fg0205","fg0786","fg0585","fg0322","fg0389","fg0885","fg0109","fg0843"
"fq001875","vx_1190abd0d8a45812","fg0391","1","fg0391","fg0470","fg0020","fg0170","fg0901","fg0186","fg0174","fg0763","fg0002","fg0739","fg0322","fg0711","fg0205","fg0289","fg0786","fg0774","fg0138","fg0534","fg0109","fg0920"
"fq001876","vx_1190abd0d8a45812","fg0391","1","fg0391","fg0470","fg0020","fg0901","fg0186","fg0170","fg0002","fg0174","fg0289","fg0774","fg0763","fg0739","fg0322","fg0711","fg0205","fg0843","fg0885","fg0786","fg0746","fg0109"
"fq001877","vx_fdea9061f1649050","fg0392","1","fg0392","fg0964","fg0299","fg0403","fg0990","fg0423","fg0070","fg0798","fg0652","fg0405","fg0505","fg0055","fg0548","fg0658","fg0666","fg0104","fg0977","fg0035","fg0321","fg0695"
"fq001878","vx_63a4c4f60d04169d","fg0393","1","fg0393","fg0223","fg0650","fg0815","fg0056","fg0534","fg0800","fg0675","fg0943","fg0631","fg0306","fg0725","fg0585","fg0812","fg0766","fg0434","fg0849","fg0932","fg0460","fg0300"
"fq001879","vx_63a4c4f60d04169d","fg0393","1","fg0393","fg0223","fg0725","fg0650","fg0534","fg0766","fg0943","fg0300","fg0741","fg0585","fg0482","fg0488","fg0711","fg0631","fg0170","fg0932","fg0324","fg0056","fg0746","fg0425"
"fq001880","vx_63a4c4f60d04169d","fg0393","1","fg0393","fg0223","fg0675","fg0650","fg0056","fg0725","fg0741","fg0800","fg0534","fg0766","fg0815","fg0943","fg0306","fg0300","fg0334","fg0857","fg0631","fg0778","fg0367","fg0460"
"fq001881","vx_63a4c4f60d04169d","fg0393","1","fg0393","fg0650","fg0790","fg0306","fg0223","fg0056","fg0619","fg0534","fg0725","fg0800","fg0943","fg0741","fg0443","fg0907","fg0766","fg0631","fg0488","fg0857","fg0585","fg0955"
"fq001882","vx_63a4c4f60d04169d","fg0393","1","fg0393","fg0650","fg0534","fg0943","fg0725","fg0223","fg0800","fg0056","fg0932","fg0306","fg0631","fg0790","fg0324","fg0741","fg0443","fg0711","fg0585","fg0917","fg0415","fg0738"
"fq001883","vx_63a4c4f60d04169d","fg0393","1","fg0393","fg0650","fg0223","fg0534","fg0056","fg0800","fg0943","fg0631","fg0932","fg0711","fg0725","fg0306","fg0585","fg0746","fg0415","fg0766","fg0857","fg0488","fg0815","fg0300"
"fq001884","vx_63a4c4f60d04169d","fg0393","1","fg0393","fg0223","fg0675","fg0650","fg0725","fg0741","fg0056","fg0815","fg0534","fg0766","fg0300","fg0306","fg0943","fg0334","fg0800","fg0857","fg0631","fg0367","fg0444","fg0778"
"fq001885","vx_e252e2afc60f5037","fg0394","35","fg0812","fg0486","fg0997","fg0551","fg0815","fg0153","fg0887","fg0619","fg0198","fg0878","fg0934","fg0434","fg0074","fg0541","fg0460","fg0757","fg0400","fg0006","fg0612","fg0466"
"fq001886","vx_f5e9277b4b2ebb19","fg0395","1","fg0395","fg0530","fg0602","fg0472","fg0773","fg0493","fg0264","fg0959","fg0911","fg0621","fg0554","fg0601","fg0685","fg0615","fg0340","fg0483","fg0946","fg0193","fg0215","fg0165"
"fq001887","vx_f5e9277b4b2ebb19","fg0395","1","fg0395","fg0133","fg0274","fg0905","fg0602","fg0795","fg0530","fg0264","fg0958","fg0493","fg0601","fg0911","fg0773","fg0447","fg0554","fg0783","fg0366","fg0472","fg0959","fg0902"
"fq001888","vx_50b14c6bbdb049a9","fg0396","1","fg0396","fg0544","fg0406","fg0991","fg0954","fg0772","fg0386","fg0777","fg0695","fg0787","fg0929","fg0128","fg0935","fg0647","fg0020","fg0780","fg0325","fg0955","fg0511","fg0758"
"fq001889","vx_319f26fc339593b5","fg0397","7","fg0745","fg0778","fg0857","fg0551","fg0490","fg0828","fg0397","fg0385","fg0936","fg0513","fg0308","fg0730","fg0024","fg0506","fg0328","fg0440","fg0156","fg0508","fg0334","fg0521"
"fq001890","vx_f8aa7c7ac836c8fc","fg0398","1","fg0398","fg0157","fg0899","fg0427","fg0835","fg0452","fg0372","fg0543","fg0359","fg0241","fg0345","fg0367","fg0757","fg0487","fg0222","fg0700","fg0765","fg0932","fg0517","fg0253"
"fq001891","vx_c0d9f6dede90d058","fg0399","1","fg0399","fg0736","fg0912","fg0995","fg0713","fg0881","fg0201","fg0003","fg0461","fg0598","fg0381","fg0977","fg0080","fg0125","fg0629","fg0640","fg0145","fg0656","fg0276","fg0169"
"fq001892","vx_c0d9f6dede90d058","fg0399","1","fg0399","fg0736","fg0995","fg0713","fg0598","fg0881","fg0269","fg0606","fg0080","fg0381","fg0003","fg0140","fg0912","fg0816","fg0840","fg0125","fg0807","fg0568","fg0762","fg0291"
"fq001893","vx_c0d9f6dede90d058","fg0399","1","fg0399","fg0736","fg0080","fg0381","fg0370","fg0678","fg0489","fg0598","fg0845","fg0836","fg0578","fg0575","fg0228","fg0850","fg0066","fg0871","fg0713","fg0710","fg0816","fg0140"
"fq001894","vx_c0d9f6dede90d058","fg0399","1","fg0399","fg0736","fg0080","fg0381","fg0995","fg0370","fg0228","fg0713","fg0489","fg0678","fg0578","fg0845","fg0836","fg0881","fg0598","fg0575","fg0816","fg0066","fg0850","fg0871"
"fq001895","vx_762cb25e676eecf6","fg0400","114","fg0490","fg0977","fg0613","fg0551","fg0857","fg0024","fg0778","fg0886","fg0619","fg0306","fg0156","fg0745","fg0790","fg0175","fg0385","fg0868","fg0815","fg0958","fg0521","fg0434"
"fq001896","vx_6082bdea9efc8a78","fg0401","13","fg1000","fg0492","fg0382","fg0538","fg0318","fg0426","fg0536","fg0162","fg0655","fg0079","fg0075","fg0446","fg0401","fg0469","fg0996","fg0869","fg0781","fg0745","fg0592","fg0720"
"fq001897","vx_6082bdea9efc8a78","fg0401","49","fg0550","fg0086","fg1000","fg0492","fg0951","fg0382","fg0869","fg0847","fg0032","fg0864","fg0986","fg0150","fg0090","fg0103","fg0318","fg0754","fg0162","fg0860","fg0720","fg0538"
"fq001898","vx_6082bdea9efc8a78","fg0401","527","fg0847","fg0150","fg0986","fg0032","fg0869","fg0860","fg0090","fg1000","fg0103","fg0492","fg0382","fg0718","fg0583","fg0538","fg0781","fg0754","fg0258","fg0417","fg0763","fg0342"
"fq001899","vx_6082bdea9efc8a78","fg0401","42","fg0869","fg0847","fg1000","fg0492","fg0032","fg0382","fg0150","fg0986","fg0090","fg0860","fg0342","fg0318","fg0103","fg0754","fg0718","fg0075","fg0951","fg0538","fg0583","fg0536"
"fq001900","vx_6082bdea9efc8a78","fg0401","1","fg0401","fg0492","fg0550","fg0086","fg0382","fg1000","fg0655","fg0204","fg0720","fg0975","fg0951","fg0075","fg0536","fg0471","fg0638","fg0318","fg0781","fg0549","fg0162","fg0767"
"fq001901","vx_6082bdea9efc8a78","fg0401","49","fg1000","fg0492","fg0382","fg0538","fg0536","fg0951","fg0781","fg0869","fg0318","fg0550","fg0086","fg0847","fg0754","fg0471","fg0075","fg0103","fg0162","fg0720","fg0090","fg0032"
"fq001902","vx_6082bdea9efc8a78","fg0401","456","fg0492","fg1000","fg0382","fg0895","fg0410","fg0754","fg0550","fg0536","fg0126","fg0951","fg0781","fg0470","fg0318","fg0086","fg0538","fg0075","fg0763","fg0681","fg0934","fg0549"
"fq001903","vx_6082bdea9efc8a78","fg0401","38","fg1000","fg0492","fg0550","fg0996","fg0316","fg0086","fg0382","fg0362","fg0951","fg0841","fg0040","fg0411","fg0491","fg0260","fg0536","fg0426","fg0471","fg0318","fg0538","fg0075"
"fq001904","vx_dfc97d48364e8919","fg0402","10","fg0745","fg0778","fg0426","fg0159","fg0857","fg0133","fg0085","fg0551","fg0440","fg0402","fg0188","fg0958","fg0385","fg0308","fg0521","fg0023","fg0553","fg0749","fg0535","fg0283"
"fq001905","vx_69302c9990bbc0a0","fg0403","1","fg0403","fg0299","fg0695","fg0392","fg0981","fg0055","fg0884","fg0407","fg0009","fg0321","fg0553","fg0382","fg0046","fg0283","fg0348","fg0548","fg0137","fg0441","fg0940","fg0234"
"fq001906","vx_69302c9990bbc0a0","fg0403","1","fg0403","fg0299","fg0695","fg0392","fg0981","fg0023","fg0407","fg0441","fg0553","fg0009","fg0940","fg0046","fg0321","fg0925","fg0382","fg0055","fg0527","fg0262","fg0611","fg0234"
"fq001907","vx_f3d1fa5a4419c015","fg0404","1","fg0404","fg0590","fg0623","fg0456","fg0015","fg0785","fg0007","fg0821","fg0330","fg0852","fg0799","fg0775","fg0144","fg0981","fg0915","fg0480","fg0856","fg0164","fg0154","fg0016"
"fq001908","vx_c41ab6e031456cff","fg0405","9","fg0958","fg0734","fg0551","fg0514","fg0857","fg0778","fg0490","fg0880","fg0405","fg0641","fg0331","fg0245","fg0024","fg0877","fg0152","fg0937","fg0439","fg0318","fg0644","fg0385"
"fq001909","vx_f25c99f3da2fcc23","fg0406","1","fg0406","fg0955","fg0271","fg0920","fg0366","fg0423","fg0752","fg0390","fg0570","fg0396","fg0777","fg0386","fg0020","fg0035","fg0513","fg0961","fg0203","fg0375","fg0935","fg0056"
"fq001910","vx_f25c99f3da2fcc23","fg0406","1","fg0406","fg0920","fg0542","fg0390","fg0445","fg0375","fg0396","fg0984","fg0423","fg0518","fg0955","fg0570","fg0991","fg0232","fg0056","fg0308","fg0647","fg0718","fg0591","fg0752"
"fq001911","vx_358152b150f231a3","fg0407","1","fg0407","fg0691","fg0854","fg0721","fg0753","fg0304","fg0179","fg0403","fg0582","fg0047","fg0078","fg0655","fg0266","fg0682","fg0989","fg0478","fg0269","fg0291","fg0673","fg0638"
"fq001912","vx_12997affbf40e696","fg0408","1","fg0408","fg0158","fg0242","fg0626","fg0870","fg0748","fg0812","fg0300","fg0229","fg0898","fg0610","fg0887","fg0529","fg0196","fg0434","fg0396","fg0815","fg0581","fg0888","fg0757"
"fq001913","vx_12997affbf40e696","fg0408","1","fg0408","fg0158","fg0242","fg0626","fg0748","fg0610","fg0013","fg0529","fg0898","fg0739","fg0396","fg0229","fg0666","fg0870","fg0802","fg0581","fg0300","fg0961","fg0731","fg0194"
"fq001914","vx_12997affbf40e696","fg0408","129","fg0799","fg0291","fg0361","fg0970","fg0743","fg0003","fg0659","fg0326","fg0345","fg0269","fg0598","fg0058","fg0313","fg0225","fg0506","fg0159","fg0364","fg0440","fg0118","fg0666"
"fq001915","vx_12997affbf40e696","fg0408","1","fg0408","fg0158","fg0626","fg0242","fg0610","fg0898","fg0535","fg0013","fg0802","fg0248","fg0888","fg0390","fg0332","fg0870","fg0119","fg0209","fg0572","fg0581","fg0145","fg0748"
"fq001916","vx_67a2a536d116899a","fg0409","1","fg0409","fg0531","fg0268","fg0728","fg0631","fg0932","fg0117","fg0001","fg0275","fg0123","fg0725","fg0544","fg0041","fg0617","fg0503","fg0685","fg0901","fg0367","fg0105","fg0849"
"fq001917","vx_67a2a536d116899a","fg0409","1","fg0409","fg0531","fg0268","fg0932","fg0728","fg0631","fg0117","fg0001","fg0544","fg0123","fg0849","fg0275","fg0722","fg0041","fg0102","fg0501","fg0725","fg0367","fg0617","fg0503"
"fq001918","vx_0e2e12e80e5eb8e4","fg0410","1","fg0410","fg0895","fg0126","fg0633","fg0185","fg0709","fg0330","fg0550","fg0086","fg0693","fg0618","fg0350","fg0518","fg0792","fg0663","fg0474","fg0464","fg0243","fg0054","fg0106"
"fq001919","vx_0f44f725d0bcfc6c","fg0411","46","fg0745","fg0835","fg0778","fg0241","fg0857","fg0308","fg0757","fg0334","fg0385","fg0868","fg0506","fg0793","fg0551","fg0018","fg0811","fg0041","fg0258","fg0156","fg0527","fg0062"
"fq001920","vx_ad2ee349ea70663b","fg0412","75","fg0063","fg0710","fg0197","fg0269","fg0818","fg0919","fg0284","fg0722","fg0192","fg0043","fg0136","fg0102","fg0801","fg0945","fg0501","fg0648","fg0941","fg0568","fg0910","fg0574"
"fq001921","vx_ad2ee349ea70663b","fg0412","242","fg0568","fg0269","fg0606","fg0598","fg0063","fg0140","fg0574","fg0584","fg0508","fg0003","fg0818","fg0381","fg0710","fg0889","fg0618","fg0347","fg0840","fg0560","fg0197","fg0006"
"fq001922","vx_ad2ee349ea70663b","fg0412","486","fg0269","fg0568","fg0606","fg0598","fg0365","fg0381","fg0852","fg0732","fg0703","fg0003","fg0843","fg0140","fg0071","fg0015","fg0688","fg0267","fg0821","fg0169","fg0946","fg0291"
"fq001923","vx_96e16821ff2d4dcc","fg0413","1","fg0413","fg0781","fg0681","fg0075","fg0536","fg0549","fg0382","fg0471","fg0492","fg0552","fg0638","fg0830","fg0457","fg0468","fg0913","fg0272","fg0502","fg0538","fg1000","fg0318"
"fq001924","vx_96e16821ff2d4dcc","fg0413","1","fg0413","fg0536","fg0075","fg0382","fg0681","fg0492","fg0781","fg0549","fg0471","fg1000","fg0638","fg0272","fg0318","fg0830","fg0552","fg0457","fg0951","fg0110","fg0162","fg0012"
"fq001925","vx_96e16821ff2d4dcc","fg0413","3","fg0536","fg0549","fg0413","fg0681","fg0075","fg0781","fg0471","fg0552","fg0638","fg0382","fg0272","fg0830","fg0492","fg0457","fg1000","fg0318","fg0538","fg0980","fg0561","fg0446"
"fq001926","vx_486255c9ab37b0ed","fg0414","10","fg0980","fg0751","fg0506","fg0021","fg0175","fg0385","fg0049","fg0745","fg0030","fg0414","fg0778","fg0656","fg0857","fg0333","fg0073","fg0561","fg0331","fg0156","fg0787","fg0490"
"fq001927","vx_486255c9ab37b0ed","fg0414","13","fg0778","fg0073","fg0049","fg0021","fg0857","fg0798","fg0751","fg0496","fg0385","fg0868","fg0551","fg0597","fg0414","fg0745","fg0787","fg0003","fg0258","fg0423","fg0024","fg0184"
"fq001928","vx_486255c9ab37b0ed","fg0414","22","fg0385","fg0798","fg0722","fg0021","fg0501","fg0751","fg0801","fg0102","fg0496","fg0991","fg0192","fg0945","fg0941","fg0648","fg0030","fg0136","fg0787","fg0956","fg0043","fg0910"
"fq001929","vx_486255c9ab37b0ed","fg0414","92","fg0857","fg0551","fg0778","fg0490","fg0024","fg0745","fg0385","fg0460","fg0936","fg0521","fg0619","fg0958","fg0868","fg0175","fg0334","fg0308","fg0734","fg0790","fg0156","fg0306"
"fq001930","vx_486255c9ab37b0ed","fg0414","18","fg0798","fg0751","fg0258","fg0049","fg0073","fg0496","fg0310","fg0021","fg0869","fg0805","fg0385","fg0333","fg0176","fg0024","fg0120","fg0331","fg0405","fg0414","fg0421","fg0761"
"fq001931","vx_486255c9ab37b0ed","fg0414","32","fg0049","fg0310","fg0073","fg0385","fg0597","fg0745","fg0805","fg0778","fg0551","fg0706","fg0798","fg0324","fg0128","fg0857","fg0787","fg0258","fg0496","fg0751","fg0021","fg0308"
"fq001932","vx_486255c9ab37b0ed","fg0414","43","fg0597","fg0310","fg0798","fg0049","fg0258","fg0176","fg0324","fg0172","fg0073","fg0558","fg0969","fg0991","fg0805","fg0706","fg0128","fg0869","fg0787","fg0551","fg0751","fg0385"
"fq001933","vx_486255c9ab37b0ed","fg0414","11","fg0073","fg0751","fg0021","fg0049","fg0385","fg0496","fg0798","fg0745","fg0787","fg0333","fg0414","fg0030","fg0331","fg0778","fg0991","fg0551","fg0857","fg0120","fg0258","fg0597"
"fq001934","vx_aa11efa1b7434af0","fg0415","1","fg0415","fg0800","fg0853","fg0056","fg0686","fg0669","fg0980","fg0074","fg0766","fg0635","fg0570","fg0393","fg0859","fg0670","fg0344","fg0751","fg0200","fg0634","fg0984","fg0021"
"fq001935","vx_aa11efa1b7434af0","fg0415","1","fg0415","fg0800","fg0853","fg0074","fg0669","fg0686","fg0635","fg0570","fg0670","fg0344","fg0200","fg0393","fg0116","fg0295","fg0488","fg0634","fg0056","fg0984","fg0859","fg0369"
"fq001936","vx_aa11efa1b7434af0","fg0415","1","fg0415","fg0800","fg0669","fg0853","fg0686","fg0570","fg0074","fg0635","fg0393","fg0670","fg0056","fg0859","fg0488","fg0344","fg0200","fg0617","fg0357","fg0766","fg0643","fg0223"
"fq001937","vx_6a1c25f9e539d0b4","fg0416","285","fg0279","fg0847","fg0032","fg0418","fg0718","fg0869","fg0090","fg0150","fg0124","fg0986","fg0300","fg0068","fg0620","fg0103","fg0363","fg0860","fg0766","fg0025","fg0892","fg0821"
"fq001938","vx_c1f45d90227d836e","fg0417","1","fg0417","fg0032","fg0986","fg0847","fg0860","fg0150","fg0718","fg0869","fg0583","fg0090","fg0103","fg0243","fg0453","fg0258","fg0335","fg0537","fg0870","fg0594","fg0786","fg0763"
"fq001939","vx_c1f45d90227d836e","fg0417","1","fg0417","fg0537","fg0570","fg0870","fg0243","fg0344","fg0335","fg0453","fg0865","fg0406","fg0718","fg0056","fg0488","fg0624","fg0583","fg0360","fg0731","fg0726","fg0390","fg0986"
"fq001940","vx_c1f45d90227d836e","fg0417","5","fg0722","fg0945","fg0501","fg0910","fg0417","fg0102","fg0648","fg0941","fg0801","fg0192","fg0043","fg0136","fg0385","fg0996","fg0956","fg0471","fg0869","fg0583","fg0243","fg0032"
"fq001941","vx_c1f45d90227d836e","fg0417","1","fg0417","fg0453","fg0032","fg0847","fg0986","fg0243","fg0860","fg0335","fg0150","fg0583","fg0718","fg0870","fg0869","fg0537","fg0090","fg0910","fg0859","fg0360","fg0258","fg0103"
"fq001942","vx_c1f45d90227d836e","fg0417","15","fg0722","fg0945","fg0102","fg0648","fg0941","fg0501","fg0192","fg0801","fg0910","fg0136","fg0043","fg0385","fg0996","fg0956","fg0417","fg0471","fg0610","fg0156","fg0849","fg0228"
"fq001943","vx_c1f45d90227d836e","fg0417","1","fg0417","fg0018","fg0037","fg0547","fg0180","fg0588","fg0062","fg0533","fg0724","fg0243","fg0335","fg0379","fg0811","fg0665","fg0453","fg0894","fg0092","fg0699","fg0411","fg0523"
"fq001944","vx_c1f45d90227d836e","fg0417","1","fg0417","fg0344","fg0718","fg0406","fg0570","fg0865","fg0390","fg0537","fg0583","fg0920","fg0280","fg0955","fg0624","fg0488","fg0005","fg0731","fg0757","fg0986","fg0375","fg0847"
"fq001945","vx_c1f45d90227d836e","fg0417","1","fg0417","fg0986","fg0032","fg0847","fg0718","fg0150","fg0869","fg0583","fg0860","fg0090","fg0103","fg0258","fg0537","fg0570","fg0344","fg0453","fg0243","fg0870","fg0624","fg0786"
"fq001946","vx_c1f45d90227d836e","fg0417","1","fg0417","fg0032","fg0986","fg0847","fg0243","fg0718","fg0860","fg0583","fg0453","fg0335","fg0150","fg0869","fg0870","fg0537","fg0090","fg0103","fg0570","fg0499","fg0258","fg0056"
"fq001947","vx_c1f45d90227d836e","fg0417","9","fg0018","fg0547","fg0180","fg0062","fg0588","fg0037","fg0533","fg0379","fg0417","fg0724","fg0822","fg0894","fg0811","fg0679","fg0541","fg0411","fg0665","fg0027","fg0262","fg0986"
"fq001948","vx_c1f45d90227d836e","fg0417","1","fg0417","fg0243","fg0335","fg0453","fg0037","fg0870","fg0886","fg0290","fg0537","fg0360","fg0258","fg0062","fg0679","fg0859","fg0570","fg0018","fg0180","fg0533","fg0910","fg0724"
"fq001949","vx_c1f45d90227d836e","fg0417","1","fg0417","fg0847","fg0986","fg0032","fg0718","fg0860","fg0150","fg0583","fg0869","fg0090","fg0453","fg0243","fg0537","fg0870","fg0103","fg0335","fg0570","fg0258","fg0594","fg0344"
"fq001950","vx_c1f45d90227d836e","fg0417","38","fg0547","fg0180","fg0062","fg0588","fg0533","fg0037","fg0018","fg0379","fg0811","fg0724","fg0822","fg0411","fg0679","fg0894","fg0665","fg0027","fg0262","fg0990","fg0031","fg0886"
"fq001951","vx_3e47a24359a14f7e","fg0418","1","fg0418","fg0865","fg0279","fg0821","fg0139","fg0124","fg0281","fg0686","fg0662","fg0620","fg0230","fg0335","fg0096","fg0537","fg0702","fg0420","fg0932","fg0984","fg0182","fg0041"
"fq001952","vx_3e47a24359a14f7e","fg0418","1","fg0418","fg0865","fg0279","fg0281","fg0686","fg0821","fg0662","fg0124","fg0470","fg0702","fg0537","fg0620","fg0335","fg0634","fg0181","fg0932","fg0041","fg0984","fg0517","fg0121"
"fq001953","vx_21257aeb7169da7a","fg0419","96","fg0160","fg0301","fg0863","fg0131","fg0667","fg0896","fg0355","fg0687","fg0500","fg0491","fg0735","fg0006","fg0448","fg0467","fg0539","fg0161","fg0955","fg0412","fg0435","fg0350"
"fq001954","vx_21257aeb7169da7a","fg0419","1","fg0419","fg0823","fg0555","fg0714","fg0611","fg0768","fg0240","fg0013","fg0998","fg0722","fg0114","fg0471","fg0941","fg0102","fg0136","fg0648","fg0945","fg0910","fg0192","fg0501"
"fq001955","vx_7af6e6f444bcf548","fg0420","1","fg0420","fg0230","fg0139","fg0215","fg0616","fg0096","fg0429","fg0165","fg0931","fg0499","fg0107","fg0014","fg0875","fg0081","fg0738","fg0212","fg0949","fg0210","fg0459","fg0525"
"fq001956","vx_7af6e6f444bcf548","fg0420","2","fg0499","fg0420","fg0724","fg0894","fg0318","fg0509","fg0896","fg0886","fg0875","fg0980","fg0931","fg0949","fg0037","fg0828","fg0797","fg0215","fg0018","fg0062","fg0616","fg0822"
"fq001957","vx_df2cdd4786c6f50f","fg0421","2","fg0120","fg0421","fg0887","fg0156","fg0006","fg0978","fg0218","fg0331","fg0955","fg0815","fg0073","fg0372","fg0481","fg0496","fg0751","fg0095","fg0912","fg0735","fg0467","fg0508"
"fq001958","vx_df2cdd4786c6f50f","fg0421","22","fg0120","fg0218","fg0372","fg0815","fg0073","fg0837","fg0159","fg0423","fg0496","fg0780","fg0522","fg0812","fg0366","fg0308","fg0198","fg0070","fg0887","fg0486","fg0978","fg0654"
"fq001959","vx_158f5770b00f58c3","fg0422","1","fg0422","fg0294","fg0287","fg0458","fg0936","fg0569","fg0328","fg0694","fg0065","fg0516","fg0705","fg0656","fg0529","fg0540","fg0909","fg0925","fg0428","fg0242","fg0731","fg0170"
"fq001960","vx_158f5770b00f58c3","fg0422","1","fg0422","fg0170","fg0540","fg0328","fg0340","fg0294","fg0516","fg0844","fg0287","fg0936","fg0569","fg0309","fg0694","fg0822","fg0428","fg0011","fg0656","fg0690","fg0878","fg0605"
"fq001961","vx_102ea1bba205609d","fg0423","1","fg0423","fg0366","fg0904","fg0406","fg0271","fg0035","fg0572","fg0494","fg0390","fg0246","fg0711","fg0322","fg0484","fg0203","fg0802","fg0752","fg0502","fg0570","fg0128","fg0396"
"fq001962","vx_615e7ec279f2a819","fg0424","777","fg0523","fg0699","fg0057","fg0092","fg0706","fg0930","fg0102","fg0501","fg0192","fg0722","fg0941","fg0801","fg0945","fg0648","fg0043","fg0970","fg0136","fg0910","fg0838","fg0353"
"fq001963","vx_2385f2365c21e984","fg0425","1","fg0425","fg0750","fg0670","fg0223","fg0516","fg0728","fg0701","fg0909","fg0116","fg0711","fg0242","fg0369","fg0229","fg0939","fg0244","fg0532","fg0880","fg0300","fg0748","fg0268"
"fq001964","vx_2385f2365c21e984","fg0425","1","fg0425","fg0750","fg0223","fg0670","fg0516","fg0728","fg0701","fg0300","fg0711","fg0242","fg0984","fg0116","fg0055","fg0880","fg0268","fg0229","fg0748","fg0909","fg0005","fg0939"
"fq001965","vx_2385f2365c21e984","fg0425","1","fg0425","fg0750","fg0223","fg0516","fg0670","fg0728","fg0229","fg0393","fg0701","fg0242","fg0116","fg0300","fg0909","fg0748","fg0818","fg0711","fg0481","fg0581","fg0109","fg0529"
"fq001966","vx_2385f2365c21e984","fg0425","1","fg0425","fg0750","fg0670","fg0516","fg0223","fg0728","fg0701","fg0909","fg0116","fg0242","fg0711","fg0229","fg0748","fg0880","fg0662","fg0369","fg0529","fg0005","fg0181","fg0300"
"fq001967","vx_2385f2365c21e984","fg0425","1","fg0425","fg0223","fg0750","fg0516","fg0728","fg0670","fg0701","fg0300","fg0393","fg0229","fg0116","fg0242","fg0481","fg0796","fg0909","fg0711","fg0005","fg0815","fg0748","fg0818"
"fq001968","vx_2385f2365c21e984","fg0425","21","fg0362","fg0316","fg0040","fg0426","fg0841","fg0260","fg0491","fg0411","fg0079","fg0996","fg0112","fg0441","fg0432","fg0667","fg0956","fg0673","fg0393","fg0815","fg0077","fg0631"
"fq001969","vx_2385f2365c21e984","fg0425","1","fg0425","fg0722","fg0648","fg0102","fg0941","fg0801","fg0501","fg0945","fg0192","fg0043","fg0910","fg0136","fg0750","fg0670","fg0996","fg0385","fg0956","fg0223","fg0516","fg0471"
"fq001970","vx_2385f2365c21e984","fg0425","1","fg0425","fg0750","fg0223","fg0670","fg0516","fg0728","fg0242","fg0116","fg0909","fg0229","fg0300","fg0701","fg0748","fg0393","fg0581","fg0818","fg0529","fg0711","fg0109","fg0481"
"fq001971","vx_2385f2365c21e984","fg0425","1","fg0425","fg0223","fg0750","fg0728","fg0516","fg0670","fg0815","fg0300","fg0393","fg0796","fg0675","fg0980","fg0116","fg0818","fg0229","fg0242","fg0701","fg0909","fg0156","fg0812"
"fq001972","vx_2385f2365c21e984","fg0425","15","fg0722","fg0648","fg0102","fg0941","fg0801","fg0945","fg0192","fg0501","fg0043","fg0136","fg0910","fg0956","fg0996","fg0385","fg0425","fg0610","fg0471","fg0156","fg0849","fg0223"
"fq001973","vx_2385f2365c21e984","fg0425","2","fg0815","fg0425","fg0156","fg0223","fg0432","fg0120","fg0393","fg0405","fg0481","fg0675","fg0631","fg0955","fg0778","fg0486","fg0308","fg0106","fg0434","fg0372","fg0218","fg0175"
"fq001974","vx_2385f2365c21e984","fg0425","1","fg0425","fg0750","fg0670","fg0223","fg0516","fg0242","fg0300","fg0701","fg0728","fg0116","fg0909","fg0711","fg0181","fg0529","fg0662","fg0005","fg0482","fg0880","fg0939","fg0818"
"fq001975","vx_2385f2365c21e984","fg0425","1","fg0425","fg0750","fg0516","fg0670","fg0223","fg0909","fg0242","fg0728","fg0529","fg0116","fg0701","fg0711","fg0581","fg0300","fg0818","fg0949","fg0939","fg0109","fg0674","fg0287"
"fq001976","vx_2385f2365c21e984","fg0425","1","fg0425","fg0722","fg0750","fg0648","fg0102","fg0941","fg0945","fg0801","fg0501","fg0192","fg0156","fg0223","fg0136","fg0043","fg0956","fg0516","fg0385","fg0910","fg0728","fg0670"
"fq001977","vx_2385f2365c21e984","fg0425","1","fg0425","fg0750","fg0670","fg0516","fg0223","fg0728","fg0242","fg0909","fg0116","fg0711","fg0529","fg0033","fg0229","fg0818","fg0748","fg0662","fg0106","fg0005","fg0369","fg0701"
"fq001978","vx_2385f2365c21e984","fg0425","1","fg0425","fg0750","fg0670","fg0223","fg0516","fg0728","fg0701","fg0229","fg0532","fg0711","fg0939","fg0242","fg0116","fg0244","fg0909","fg0722","fg0300","fg0748","fg0369","fg0268"
"fq001979","vx_2385f2365c21e984","fg0425","1","fg0425","fg0750","fg0223","fg0516","fg0670","fg0728","fg0393","fg0242","fg0701","fg0229","fg0300","fg0818","fg0116","fg0815","fg0005","fg0711","fg0109","fg0796","fg0748","fg0909"
"fq001980","vx_2385f2365c21e984","fg0425","1","fg0425","fg0750","fg0670","fg0223","fg0516","fg0728","fg0909","fg0242","fg0116","fg0229","fg0711","fg0701","fg0748","fg0300","fg0529","fg0818","fg0482","fg0581","fg0880","fg0369"
"fq001981","vx_2385f2365c21e984","fg0425","1","fg0425","fg0223","fg0750","fg0728","fg0516","fg0670","fg0980","fg0909","fg0796","fg0701","fg0751","fg0393","fg0300","fg0116","fg0229","fg0242","fg0818","fg0305","fg0815","fg0949"
"fq001982","vx_2385f2365c21e984","fg0425","1","fg0425","fg0750","fg0223","fg0516","fg0670","fg0728","fg0701","fg0300","fg0242","fg0711","fg0116","fg0005","fg0880","fg0181","fg0229","fg0055","fg0662","fg0393","fg0909","fg0650"
"fq001983","vx_2385f2365c21e984","fg0425","1","fg0425","fg0750","fg0223","fg0670","fg0516","fg0728","fg0701","fg0393","fg0106","fg0405","fg0481","fg0432","fg0300","fg0229","fg0116","fg0156","fg0955","fg0242","fg0109","fg0218"
"fq001984","vx_2385f2365c21e984","fg0425","1","fg0425","fg0815","fg0156","fg0223","fg0385","fg0778","fg0675","fg0745","fg0812","fg0175","fg0058","fg0659","fg0656","fg0486","fg0516","fg0728","fg0750","fg0308","fg0796","fg0935"
"fq001985","vx_2385f2365c21e984","fg0425","1","fg0425","fg0156","fg0223","fg0750","fg0175","fg0728","fg0516","fg0656","fg0896","fg0701","fg0751","fg0421","fg0506","fg0670","fg0120","fg0481","fg0393","fg0796","fg0305","fg0815"
"fq001986","vx_2385f2365c21e984","fg0425","1","fg0425","fg0750","fg0670","fg0516","fg0223","fg0728","fg0701","fg0242","fg0711","fg0300","fg0662","fg0116","fg0229","fg0005","fg0939","fg0181","fg0909","fg0844","fg0106","fg0674"
"fq001987","vx_2385f2365c21e984","fg0425","18","fg0156","fg0778","fg0815","fg0385","fg0857","fg0745","fg0490","fg0551","fg0675","fg0481","fg0308","fg0223","fg0120","fg0868","fg0175","fg0936","fg0978","fg0425","fg0460","fg0912"
"fq001988","vx_2385f2365c21e984","fg0425","1","fg0425","fg0223","fg0750","fg0670","fg0516","fg0728","fg0701","fg0116","fg0300","fg0229","fg0242","fg0711","fg0909","fg0244","fg0532","fg0748","fg0393","fg0939","fg0662","fg0880"
"fq001989","vx_6adea789b053ab44","fg0426","4","fg0521","fg0745","fg0857","fg0426","fg0778","fg0761","fg0551","fg0024","fg0308","fg0037","fg0490","fg0886","fg0305","fg0853","fg0527","fg0175","fg0116","fg0531","fg0259","fg0385"
"fq001990","vx_bf6e8aaee90c3404","fg0427","1","fg0427","fg0899","fg0715","fg0157","fg0398","fg0222","fg0769","fg0253","fg0171","fg0573","fg0359","fg0914","fg0452","fg0833","fg0657","fg0602","fg0283","fg0515","fg0625","fg0276"
"fq001991","vx_d2bc8233a6f29cba","fg0428","1","fg0428","fg0022","fg0989","fg0660","fg0455","fg0422","fg0860","fg0310","fg0268","fg0696","fg0172","fg0516","fg0287","fg0694","fg0229","fg0053","fg0540","fg0608","fg0712","fg0639"
"fq001992","vx_0495eab6fa550c01","fg0429","1","fg0429","fg0107","fg0165","fg0459","fg0230","fg0253","fg0616","fg0096","fg0833","fg0215","fg0602","fg0700","fg0615","fg0420","fg0222","fg0891","fg0139","fg0788","fg0554","fg0113"
"fq001993","vx_0495eab6fa550c01","fg0429","1","fg0429","fg0107","fg0165","fg0230","fg0459","fg0096","fg0253","fg0616","fg0139","fg0788","fg0420","fg0215","fg0891","fg0554","fg0833","fg0602","fg0615","fg0700","fg0825","fg0113"
"fq001994","vx_600e2e1af71a4707","fg0430","1","fg0430","fg0267","fg0031","fg0397","fg0929","fg0032","fg0986","fg0150","fg0869","fg0258","fg0090","fg0579","fg0718","fg0122","fg0812","fg0719","fg0847","fg0103","fg0176","fg0347"
"fq001995","vx_eaf028208f134d0c","fg0431","1","fg0431","fg0994","fg0069","fg0254","fg0877","fg0514","fg0867","fg0973","fg0436","fg0478","fg0560","fg0526","fg0735","fg0641","fg0476","fg0992","fg0149","fg0290","fg0568","fg0143"
"fq001996","vx_eaf028208f134d0c","fg0431","1","fg0431","fg0994","fg0069","fg0254","fg0877","fg0514","fg0867","fg0973","fg0149","fg0526","fg0560","fg0568","fg0436","fg0992","fg0478","fg0708","fg0476","fg0735","fg0504","fg0029"
"fq001997","vx_eaf028208f134d0c","fg0431","1","fg0431","fg0994","fg0069","fg0254","fg0877","fg0514","fg0867","fg0560","fg0973","fg0149","fg0568","fg0735","fg0526","fg0436","fg0992","fg0478","fg0708","fg0476","fg0504","fg0641"
"fq001998","vx_eaf028208f134d0c","fg0431","1","fg0431","fg0994","fg0069","fg0254","fg0877","fg0514","fg0867","fg0973","fg0478","fg0149","fg0526","fg0436","fg0735","fg0560","fg0992","fg0476","fg0568","fg0029","fg0641","fg0504"
"fq001999","vx_eaf028208f134d0c","fg0431","1","fg0431","fg0994","fg0069","fg0254","fg0877","fg0514","fg0867","fg0149","fg0973","fg0526","fg0478","fg0436","fg0568","fg0560","fg0476","fg0735","fg0992","fg0029","fg0497","fg0504"
"fq002000","vx_eaf028208f134d0c","fg0431","1","fg0431","fg0994","fg0069","fg0254","fg0877","fg0514","fg0867","fg0560","fg0973","fg0290","fg0436","fg0149","fg0526","fg0561","fg0708","fg0478","fg0568","fg0872","fg0807","fg0448"
"fq002001","vx_fd19c33b50f6434b","fg0432","32","fg0159","fg0978","fg0402","fg0778","fg0522","fg0837","fg0707","fg0308","fg0583","fg0857","fg0942","fg0372","fg0675","fg0200","fg0487","fg0133","fg0888","fg0791","fg0156","fg0490"
"fq002002","vx_c4ed6f739c25eb38","fg0433","92","fg0156","fg0815","fg0778","fg0745","fg0150","fg0868","fg0857","fg0675","fg0912","fg0583","fg0884","fg0562","fg0090","fg0869","fg0103","fg0986","fg0385","fg0032","fg0976","fg0308"
"fq002003","vx_c4ed6f739c25eb38","fg0433","336","fg0523","fg0699","fg0057","fg0092","fg0930","fg0706","fg0156","fg0955","fg0970","fg0218","fg0539","fg0722","fg0562","fg0479","fg0385","fg0136","fg0548","fg0976","fg0432","fg0102"
"fq002004","vx_ed56be1eb126525f","fg0434","21","fg0547","fg0533","fg0588","fg0062","fg0180","fg0018","fg0379","fg0037","fg0811","fg0724","fg0822","fg0411","fg0665","fg0894","fg0027","fg0990","fg0070","fg0679","fg0262","fg0131"
"fq002005","vx_ed56be1eb126525f","fg0434","13","fg0511","fg0917","fg0202","fg0246","fg0650","fg0024","fg0752","fg0558","fg0842","fg0617","fg0898","fg0572","fg0434","fg0128","fg0570","fg0308","fg0857","fg0757","fg0581","fg0647"
"fq002006","vx_ed56be1eb126525f","fg0434","1","fg0434","fg0511","fg0815","fg0917","fg0812","fg0202","fg0771","fg0887","fg0246","fg0650","fg0024","fg0805","fg0238","fg0631","fg0612","fg0524","fg0558","fg0752","fg0486","fg0223"
"fq002007","vx_ed56be1eb126525f","fg0434","4","fg0511","fg0917","fg0202","fg0434","fg0815","fg0812","fg0650","fg0246","fg0024","fg0771","fg0752","fg0805","fg0558","fg0572","fg0570","fg0617","fg0486","fg0059","fg0128","fg0238"
"fq002008","vx_ed56be1eb126525f","fg0434","10","fg0790","fg0306","fg0511","fg0619","fg0857","fg0024","fg0385","fg0156","fg0917","fg0434","fg0483","fg0745","fg0202","fg0176","fg0405","fg0722","fg0778","fg0956","fg0551","fg0612"
"fq002009","vx_ed56be1eb126525f","fg0434","3","fg0511","fg0917","fg0434","fg0202","fg0815","fg0812","fg0771","fg0650","fg0246","fg0887","fg0752","fg0024","fg0486","fg0059","fg0558","fg0898","fg0805","fg0853","fg0572","fg0570"
"fq002010","vx_9050b5f0dfe4ad16","fg0435","22","fg0980","fg0506","fg0761","fg0561","fg0112","fg0145","fg0527","fg0305","fg0499","fg0896","fg0828","fg0243","fg0667","fg0656","fg0133","fg0909","fg0949","fg0333","fg0175","fg0038"
"fq002011","vx_d152e79c7fdb6d7d","fg0436","1","fg0436","fg0828","fg0609","fg0261","fg0663","fg0594","fg0445","fg0338","fg0515","fg0817","fg0643","fg0654","fg0308","fg0497","fg0210","fg0641","fg0319","fg0290","fg0212","fg0929"
"fq002012","vx_e4345609a127d16a","fg0437","1","fg0437","fg0453","fg0011","fg0229","fg0215","fg0712","fg0910","fg0821","fg0852","fg0417","fg0380","fg0608","fg0375","fg0620","fg0774","fg0833","fg0290","fg0731","fg0422","fg0859"
"fq002013","vx_21c2b88e2b9b7367","fg0438","1","fg0438","fg0195","fg0907","fg0211","fg0334","fg0106","fg0747","fg0831","fg0191","fg0025","fg0388","fg0591","fg0513","fg0938","fg0809","fg0855","fg0030","fg0766","fg0641","fg0828"
"fq002014","vx_21c2b88e2b9b7367","fg0438","1","fg0438","fg0195","fg0907","fg0211","fg0106","fg0334","fg0388","fg0191","fg0025","fg0831","fg0747","fg0591","fg0722","fg0648","fg0941","fg0102","fg0801","fg0945","fg0192","fg0938"
"fq002015","vx_21c2b88e2b9b7367","fg0438","1","fg0438","fg0195","fg0907","fg0211","fg0106","fg0334","fg0747","fg0025","fg0191","fg0388","fg0831","fg0591","fg0938","fg0809","fg0513","fg0855","fg0641","fg0766","fg0433","fg0038"
"fq002016","vx_21c2b88e2b9b7367","fg0438","1","fg0438","fg0334","fg0195","fg0211","fg0907","fg0191","fg0106","fg0025","fg0747","fg0591","fg0388","fg0938","fg0831","fg0521","fg0513","fg0279","fg0440","fg0133","fg0855","fg0641"
"fq002017","vx_21c2b88e2b9b7367","fg0438","1","fg0438","fg0211","fg0907","fg0195","fg0106","fg0334","fg0025","fg0388","fg0747","fg0831","fg0354","fg0126","fg0191","fg0410","fg0594","fg0664","fg0544","fg0591","fg0938","fg0895"
"fq002018","vx_21c2b88e2b9b7367","fg0438","1","fg0438","fg0195","fg0211","fg0907","fg0106","fg0334","fg0025","fg0747","fg0191","fg0831","fg0388","fg0591","fg0938","fg0766","fg0809","fg0641","fg0513","fg0628","fg0855","fg0594"
"fq002019","vx_21c2b88e2b9b7367","fg0438","1","fg0438","fg0195","fg0211","fg0907","fg0334","fg0106","fg0747","fg0191","fg0025","fg0831","fg0388","fg0591","fg0938","fg0809","fg0513","fg0855","fg0766","fg0628","fg0641","fg0279"
"fq002020","vx_21c2b88e2b9b7367","fg0438","1","fg0438","fg0195","fg0211","fg0907","fg0747","fg0334","fg0106","fg0025","fg0191","fg0388","fg0831","fg0591","fg0938","fg0038","fg0809","fg0544","fg0641","fg0973","fg0766","fg0594"
"fq002021","vx_ed7c273f1b02ed33","fg0439","1","fg0439","fg0652","fg0479","fg0868","fg0515","fg0313","fg0196","fg0884","fg0562","fg0827","fg0834","fg0548","fg0828","fg0283","fg0060","fg0034","fg0974","fg0464","fg0184","fg0903"
"fq002022","vx_ed7c273f1b02ed33","fg0439","1","fg0439","fg0127","fg0652","fg0313","fg0748","fg0464","fg0479","fg0868","fg0196","fg0682","fg0436","fg0099","fg0604","fg0880","fg0897","fg0567","fg0644","fg0828","fg0208","fg0827"
"fq002023","vx_ed7c273f1b02ed33","fg0439","1","fg0439","fg0479","fg0562","fg0313","fg0652","fg0515","fg0196","fg0834","fg0884","fg0034","fg0790","fg0548","fg0784","fg0827","fg0539","fg0236","fg0505","fg0976","fg0974","fg0306"
"fq002024","vx_ed7c273f1b02ed33","fg0439","1","fg0439","fg0313","fg0479","fg0196","fg0652","fg0562","fg0834","fg0515","fg0884","fg0548","fg0827","fg0976","fg0034","fg0784","fg0868","fg0464","fg0436","fg0604","fg0363","fg0644"
"fq002025","vx_7d43e25c9f07c81c","fg0440","1","fg0440","fg0359","fg0225","fg0452","fg0741","fg0651","fg0054","fg0543","fg0358","fg0854","fg0846","fg0173","fg0816","fg0753","fg0930","fg0837","fg0864","fg0269","fg0749","fg0293"
"fq002026","vx_7d43e25c9f07c81c","fg0440","1","fg0440","fg0526","fg0708","fg0749","fg0571","fg0930","fg0542","fg0651","fg0236","fg0359","fg0606","fg0963","fg0353","fg0450","fg0846","fg0771","fg0291","fg0225","fg0837","fg0358"
"fq002027","vx_7d43e25c9f07c81c","fg0440","1","fg0440","fg0359","fg0749","fg0225","fg0452","fg0741","fg0651","fg0816","fg0024","fg0846","fg0886","fg0054","fg0358","fg0293","fg0930","fg0543","fg0269","fg0173","fg0526","fg0542"
"fq002028","vx_7d43e25c9f07c81c","fg0440","2","fg0749","fg0440","fg0708","fg0526","fg0542","fg0571","fg0236","fg0651","fg0930","fg0963","fg0846","fg0359","fg0450","fg0606","fg0771","fg0358","fg0797","fg0816","fg0487","fg0320"
"fq002029","vx_7d43e25c9f07c81c","fg0440","1","fg0440","fg0526","fg0708","fg0749","fg0571","fg0651","fg0542","fg0236","fg0359","fg0291","fg0225","fg0963","fg0487","fg0930","fg0846","fg0741","fg0353","fg0450","fg0515","fg0606"
"fq002030","vx_7d43e25c9f07c81c","fg0440","1","fg0440","fg0359","fg0225","fg0452","fg0741","fg0651","fg0816","fg0846","fg0930","fg0749","fg0054","fg0753","fg0358","fg0543","fg0837","fg0173","fg0854","fg0293","fg0526","fg0932"
"fq002031","vx_7d43e25c9f07c81c","fg0440","3","fg0980","fg0896","fg0440","fg0886","fg0509","fg0421","fg0434","fg0433","fg0506","fg0175","fg0887","fg0112","fg0305","fg0490","fg0724","fg0499","fg0047","fg0133","fg0656","fg0056"
"fq002032","vx_7d43e25c9f07c81c","fg0440","79","fg0050","fg0672","fg0037","fg0749","fg0894","fg0708","fg0724","fg0542","fg0822","fg0411","fg0062","fg0379","fg0588","fg0180","fg0547","fg0846","fg0192","fg0533","fg0018","fg0811"
"fq002033","vx_7d43e25c9f07c81c","fg0440","1","fg0440","fg0359","fg0225","fg0208","fg0452","fg0893","fg0363","fg0741","fg0651","fg0477","fg0339","fg0816","fg0846","fg0837","fg0854","fg0089","fg0543","fg0930","fg0293","fg0753"
"fq002034","vx_7d43e25c9f07c81c","fg0440","1","fg0440","fg0225","fg0359","fg0452","fg0741","fg0543","fg0651","fg0854","fg0753","fg0883","fg0864","fg0846","fg0816","fg0749","fg0932","fg0054","fg0947","fg0930","fg0837","fg0169"
"fq002035","vx_7d43e25c9f07c81c","fg0440","1","fg0440","fg0359","fg0225","fg0526","fg0651","fg0749","fg0452","fg0741","fg0846","fg0837","fg0930","fg0816","fg0543","fg0208","fg0054","fg0321","fg0293","fg0753","fg0291","fg0932"
"fq002036","vx_7d43e25c9f07c81c","fg0440","1","fg0440","fg0358","fg0816","fg0173","fg0054","fg0293","fg0930","fg0846","fg0225","fg0269","fg0003","fg0598","fg0359","fg0932","fg0606","fg0434","fg0402","fg0291","fg0271","fg0024"
"fq002037","vx_7d43e25c9f07c81c","fg0440","34","fg0474","fg0724","fg0776","fg0433","fg0233","fg0693","fg0062","fg0180","fg0379","fg0018","fg0894","fg0350","fg0588","fg0321","fg0037","fg0822","fg0416","fg0533","fg0547","fg0665"
"fq002038","vx_7d43e25c9f07c81c","fg0440","1","fg0440","fg0708","fg0542","fg0037","fg0930","fg0749","fg0679","fg0169","fg0606","fg0886","fg0236","fg0894","fg0724","fg0225","fg0811","fg0262","fg0320","fg0822","fg0977","fg0846"
"fq002039","vx_7d43e25c9f07c81c","fg0440","1","fg0440","fg0526","fg0749","fg0708","fg0571","fg0930","fg0542","fg0359","fg0651","fg0606","fg0846","fg0236","fg0837","fg0291","fg0816","fg0963","fg0358","fg0450","fg0054","fg0225"
"fq002040","vx_7d43e25c9f07c81c","fg0440","2","fg0749","fg0440","fg0930","fg0708","fg0542","fg0358","fg0236","fg0054","fg0816","fg0024","fg0886","fg0846","fg0526","fg0651","fg0173","fg0269","fg0606","fg0521","fg0359","fg0657"
"fq002041","vx_7d43e25c9f07c81c","fg0440","1","fg0440","fg0225","fg0359","fg0816","fg0980","fg0452","fg0269","fg0054","fg0651","fg0741","fg0173","fg0358","fg0886","fg0896","fg0724","fg0846","fg0930","fg0854","fg0753","fg0318"
"fq002042","vx_8f1ca55659bba00b","fg0441","1","fg0441","fg0863","fg0131","fg0085","fg0355","fg0632","fg0301","fg0659","fg0160","fg0188","fg0667","fg0981","fg0970","fg0491","fg0775","fg0637","fg0790","fg0749","fg0915","fg0058"
"fq002043","vx_8f1ca55659bba00b","fg0441","560","fg0121","fg0059","fg0984","fg0835","fg0859","fg0200","fg0915","fg0041","fg0317","fg0949","fg0246","fg0513","fg0435","fg0932","fg0511","fg0697","fg0241","fg0961","fg0281","fg0634"
"fq002044","vx_18a2bf881d4846cd","fg0442","1","fg0442","fg0484","fg0179","fg0203","fg0950","fg0510","fg0494","fg0371","fg0986","fg0032","fg0869","fg0103","fg0007","fg0090","fg0847","fg0035","fg0860","fg0026","fg0150","fg0995"
"fq002045","vx_506991fb91497897","fg0443","1","fg0443","fg0325","fg0608","fg0546","fg0728","fg0800","fg0004","fg0105","fg0669","fg0074","fg0386","fg0193","fg0011","fg0020","fg0668","fg0701","fg0750","fg0134","fg0048","fg0375"
"fq002046","vx_994e56455ec0c117","fg0444","8","fg0611","fg0240","fg0555","fg0823","fg0714","fg0373","fg0768","fg0444","fg0998","fg0419","fg0446","fg0114","fg0810","fg0238","fg0675","fg0314","fg0957","fg0592","fg0367","fg0128"
"fq002047","vx_994e56455ec0c117","fg0444","678","fg0240","fg0555","fg0823","fg0611","fg0373","fg0714","fg0768","fg0998","fg0419","fg0446","fg0114","fg0592","fg0810","fg0525","fg0128","fg0013","fg0649","fg0052","fg0906","fg0758"
"fq002048","vx_994e56455ec0c117","fg0444","402","fg0240","fg0373","fg0823","fg0555","fg0611","fg0714","fg0768","fg0998","fg0419","fg0446","fg0592","fg0114","fg0810","fg0128","fg0525","fg0471","fg0722","fg0906","fg0192","fg0957"
"fq002049","vx_942dedd87208b512","fg0445","1","fg0445","fg0654","fg0643","fg0273","fg0261","fg0343","fg0785","fg0669","fg0332","fg0308","fg0806","fg0351","fg0059","fg0406","fg0826","fg0752","fg0610","fg0056","fg0570","fg0686"
"fq002050","vx_050df1ef52f29c87","fg0446","91","fg0488","fg0634","fg0211","fg0924","fg0701","fg0193","fg0728","fg0005","fg0327","fg0650","fg0842","fg0826","fg0181","fg0831","fg0393","fg0023","fg0499","fg0462","fg0088","fg0493"
"fq002051","vx_c0b0ef20ac2ad4eb","fg0447","712","fg0941","fg0648","fg0102","fg0801","fg0945","fg0722","fg0501","fg0043","fg0192","fg0910","fg0136","fg0996","fg0385","fg0471","fg0956","fg0610","fg0659","fg0604","fg0628","fg0228"
"fq002052","vx_76f7e35fd6d9bfb5","fg0448","1","fg0448","fg0896","fg0735","fg0467","fg0156","fg0978","fg0210","fg0006","fg0508","fg0308","fg0721","fg0194","fg0385","fg0713","fg0831","fg0955","fg0656","fg0334","fg0191","fg0745"
"fq002053","vx_76f7e35fd6d9bfb5","fg0448","1","fg0448","fg0537","fg0517","fg0467","fg0735","fg0865","fg0896","fg0662","fg0747","fg0367","fg0528","fg0334","fg0117","fg0210","fg0181","fg0831","fg0757","fg0793","fg0126","fg0191"
"fq002054","vx_731ada53e3ba5224","fg0449","1","fg0449","fg0377","fg0789","fg0050","fg0672","fg0142","fg0728","fg0653","fg0879","fg0744","fg0627","fg0517","fg0527","fg0083","fg0500","fg0506","fg0181","fg0541","fg0701","fg0878"
"fq002055","vx_731ada53e3ba5224","fg0449","1","fg0449","fg0377","fg0142","fg0728","fg0517","fg0879","fg0076","fg0610","fg0193","fg0221","fg0653","fg0644","fg0318","fg0219","fg0095","fg0166","fg0984","fg0181","fg0744","fg0873"
"fq002056","vx_799dfe601bfa4140","fg0450","117","fg0194","fg0606","fg0052","fg0440","fg0970","fg0291","fg0269","fg0983","fg0930","fg0598","fg0169","fg0731","fg0003","fg0937","fg0783","fg0816","fg0807","fg0111","fg0762","fg0293"
"fq002057","vx_a7a957565a0b9f2a","fg0451","371","fg0424","fg0416","fg0423","fg0392","fg0184","fg0321","fg0308","fg0745","fg0778","fg0506","fg0687","fg0693","fg0837","fg0433","fg0270","fg0657","fg0976","fg0085","fg0385","fg0589"
"fq002058","vx_a7a957565a0b9f2a","fg0451","927","fg0490","fg0778","fg0857","fg0936","fg0385","fg0521","fg0745","fg0551","fg0460","fg0914","fg0440","fg0175","fg0024","fg0308","fg0976","fg0133","fg0958","fg0834","fg0573","fg0156"
"fq002059","vx_3c7f82f85f67cac5","fg0452","1","fg0452","fg0359","fg0543","fg0899","fg0398","fg0157","fg0225","fg0741","fg0427","fg0440","fg0651","fg0854","fg0700","fg0283","fg0864","fg0947","fg0784","fg0218","fg0222","fg0753"
"fq002060","vx_3c7f82f85f67cac5","fg0452","1","fg0452","fg0359","fg0543","fg0899","fg0398","fg0225","fg0157","fg0741","fg0427","fg0651","fg0575","fg0228","fg0854","fg0440","fg0850","fg0700","fg0066","fg0836","fg0578","fg0489"
"fq002061","vx_5be0ef1164c67403","fg0453","1","fg0453","fg0910","fg0417","fg0712","fg0335","fg0437","fg0852","fg0243","fg0645","fg0594","fg0646","fg0537","fg0870","fg0447","fg0969","fg0274","fg0229","fg0680","fg0079","fg0025"
"fq002062","vx_33a5960d124b06f3","fg0454","12","fg0945","fg0102","fg0648","fg0941","fg0801","fg0722","fg0501","fg0043","fg0192","fg0910","fg0136","fg0454","fg0874","fg0471","fg0996","fg0889","fg0956","fg0385","fg0610","fg0659"
"fq002063","vx_33a5960d124b06f3","fg0454","1","fg0454","fg0874","fg0889","fg0345","fg0208","fg0339","fg0756","fg0363","fg0487","fg0705","fg0599","fg0893","fg0953","fg0229","fg0827","fg0155","fg0122","fg0477","fg0666","fg0673"
"fq002064","vx_473145395a1e7faf","fg0455","1","fg0455","fg0989","fg0660","fg0696","fg0004","fg0919","fg0197","fg0284","fg0022","fg0710","fg0428","fg0818","fg0298","fg0063","fg0609","fg0906","fg0084","fg0574","fg0842","fg0888"
"fq002065","vx_8f58f3f628cc3f37","fg0456","295","fg0833","fg0242","fg0616","fg0067","fg0961","fg0308","fg0602","fg0049","fg0420","fg0561","fg0427","fg0073","fg0778","fg0949","fg0283","fg0946","fg0395","fg0398","fg0745","fg0531"
"fq002066","vx_f54a346f72c2c3d7","fg0457","39","fg0761","fg0527","fg0541","fg0778","fg0308","fg0745","fg0521","fg0073","fg0444","fg0857","fg0405","fg0551","fg0423","fg0175","fg0574","fg0161","fg0305","fg0478","fg0506","fg0977"
"fq002067","vx_fbbbff4144884fb7","fg0458","9","fg0776","fg0233","fg0474","fg0693","fg0433","fg0350","fg0416","fg0321","fg0458","fg0837","fg0424","fg0243","fg0895","fg0901","fg0438","fg0160","fg0974","fg0980","fg0323","fg0470"
"fq002068","vx_fbbbff4144884fb7","fg0458","1","fg0458","fg0065","fg0569","fg0466","fg0885","fg0281","fg0690","fg0294","fg0826","fg0783","fg0465","fg0303","fg0634","fg0186","fg0920","fg0829","fg0041","fg0328","fg0746","fg0130"
"fq002069","vx_bdd08580f4215dc8","fg0459","1","fg0459","fg0165","fg0429","fg0107","fg0253","fg0616","fg0222","fg0602","fg0833","fg0230","fg0215","fg0615","fg0700","fg0891","fg0902","fg0766","fg0576","fg0472","fg0300","fg0510"
"fq002070","vx_acc68b769002f40c","fg0460","40","fg0722","fg0102","fg0648","fg0945","fg0941","fg0501","fg0801","fg0043","fg0192","fg0136","fg0910","fg0385","fg0956","fg0996","fg0471","fg0610","fg0659","fg0156","fg0849","fg0228"
"fq002071","vx_add8d86d685e12ab","fg0461","1","fg0461","fg0940","fg0923","fg0201","fg0625","fg0640","fg0276","fg0629","fg0759","fg0026","fg0995","fg0985","fg0866","fg0017","fg0912","fg0881","fg0804","fg0171","fg0742","fg0780"
"fq002072","vx_d17cd069bb12ff3a","fg0462","1","fg0462","fg0044","fg0091","fg0390","fg0225","fg0440","fg0246","fg0061","fg0514","fg0493","fg0930","fg0291","fg0359","fg0173","fg0946","fg0452","fg0753","fg0152","fg0816","fg0632"
"fq002073","vx_d17cd069bb12ff3a","fg0462","211","fg0776","fg0233","fg0433","fg0474","fg0350","fg0693","fg0416","fg0321","fg0438","fg0440","fg0974","fg0424","fg0973","fg0980","fg0767","fg0173","fg0896","fg0673","fg0305","fg0243"
"fq002074","vx_d17cd069bb12ff3a","fg0462","1","fg0462","fg0044","fg0091","fg0390","fg0246","fg0514","fg0493","fg0946","fg0221","fg0972","fg0440","fg0225","fg0632","fg0524","fg0465","fg0842","fg0796","fg0291","fg0781","fg0545"
"fq002075","vx_d17cd069bb12ff3a","fg0462","1","fg0462","fg0091","fg0044","fg0246","fg0514","fg0390","fg0440","fg0225","fg0946","fg0221","fg0842","fg0173","fg0972","fg0524","fg0632","fg0650","fg0291","fg0493","fg0543","fg0781"
"fq002076","vx_d17cd069bb12ff3a","fg0462","1","fg0462","fg0044","fg0091","fg0225","fg0440","fg0390","fg0246","fg0173","fg0514","fg0816","fg0846","fg0946","fg0359","fg0402","fg0493","fg0291","fg0543","fg0930","fg0159","fg0972"
"fq002077","vx_d17cd069bb12ff3a","fg0462","1","fg0462","fg0044","fg0091","fg0390","fg0246","fg0493","fg0514","fg0946","fg0221","fg0291","fg0862","fg0524","fg0842","fg0632","fg0465","fg0647","fg0225","fg0781","fg0650","fg0972"
"fq002078","vx_d17cd069bb12ff3a","fg0462","1","fg0462","fg0044","fg0091","fg0390","fg0493","fg0246","fg0514","fg0946","fg0862","fg0221","fg0524","fg0465","fg0781","fg0842","fg0291","fg0632","fg0650","fg0972","fg0647","fg0048"
"fq002079","vx_d17cd069bb12ff3a","fg0462","347","fg0440","fg0173","fg0225","fg0816","fg0003","fg0930","fg0269","fg0291","fg0405","fg0846","fg0358","fg0402","fg0293","fg0543","fg0159","fg0606","fg0359","fg0467","fg0450","fg0505"
"fq002080","vx_d17cd069bb12ff3a","fg0462","558","fg0225","fg0930","fg0440","fg0405","fg0606","fg0543","fg0816","fg0359","fg0173","fg0955","fg0003","fg0269","fg0846","fg0402","fg0598","fg0452","fg0741","fg0169","fg0432","fg0291"
"fq002081","vx_d17cd069bb12ff3a","fg0462","1","fg0462","fg0269","fg0606","fg0598","fg0291","fg0003","fg0091","fg0044","fg0440","fg0225","fg0140","fg0246","fg0390","fg0543","fg0568","fg0359","fg0493","fg0524","fg0111","fg0946"
"fq002082","vx_6f158f03e797b160","fg0463","1","fg0463","fg0999","fg0512","fg0166","fg0199","fg0053","fg0468","fg0882","fg0979","fg0497","fg0141","fg0903","fg0595","fg0737","fg0644","fg0989","fg0856","fg0026","fg0012","fg0016"
"fq002083","vx_6f158f03e797b160","fg0463","1","fg0463","fg0999","fg0512","fg0166","fg0199","fg0053","fg0468","fg0882","fg0979","fg0497","fg0141","fg0903","fg0595","fg0644","fg0982","fg0737","fg0026","fg0776","fg0813","fg0856"
"fq002084","vx_6f158f03e797b160","fg0463","1","fg0463","fg0999","fg0512","fg0166","fg0199","fg0053","fg0468","fg0882","fg0979","fg0497","fg0141","fg0903","fg0595","fg0982","fg0737","fg0644","fg0989","fg0646","fg0214","fg0856"
"fq002085","vx_6f158f03e797b160","fg0463","1","fg0463","fg0999","fg0512","fg0166","fg0199","fg0053","fg0468","fg0882","fg0979","fg0497","fg0141","fg0903","fg0595","fg0737","fg0644","fg0856","fg0982","fg0989","fg0026","fg0765"
"fq002086","vx_6f158f03e797b160","fg0463","1","fg0463","fg0999","fg0512","fg0166","fg0199","fg0053","fg0468","fg0882","fg0979","fg0497","fg0141","fg0903","fg0595","fg0737","fg0644","fg0026","fg0989","fg0856","fg0646","fg0982"
"fq002087","vx_6f158f03e797b160","fg0463","1","fg0463","fg0999","fg0512","fg0166","fg0199","fg0053","fg0882","fg0468","fg0979","fg0141","fg0497","fg0903","fg0982","fg0737","fg0262","fg0595","fg0804","fg0026","fg0856","fg0765"
"fq002088","vx_906a26f7fd277710","fg0464","1","fg0464","fg0045","fg0765","fg0008","fg0795","fg0487","fg0007","fg0567","fg0345","fg0348","fg0652","fg0738","fg0495","fg0905","fg0307","fg0439","fg0810","fg0580","fg0353","fg0314"
"fq002089","vx_9f208b1d815dad53","fg0465","1","fg0465","fg0720","fg0162","fg0971","fg0044","fg0458","fg0842","fg0091","fg0683","fg0462","fg0342","fg0492","fg0951","fg0311","fg0781","fg0647","fg0048","fg0514","fg0386","fg1000"
"fq002090","vx_9f208b1d815dad53","fg0465","1","fg0465","fg0720","fg0162","fg0683","fg0971","fg0311","fg0876","fg0342","fg0951","fg0726","fg0044","fg0458","fg0091","fg0781","fg0110","fg0502","fg0963","fg0048","fg0842","fg0042"
"fq002091","vx_9dbd20a9f9ce71fe","fg0466","1","fg0466","fg0569","fg0130","fg0885","fg0968","fg0936","fg0327","fg0690","fg0879","fg0076","fg0653","fg0333","fg0826","fg0294","fg0095","fg0458","fg0893","fg0289","fg0186","fg0624"
"fq002092","vx_9dbd20a9f9ce71fe","fg0466","1","fg0466","fg0327","fg0569","fg0826","fg0130","fg0968","fg0690","fg0936","fg0095","fg0333","fg0885","fg0277","fg0653","fg0997","fg0294","fg0893","fg0048","fg0458","fg0912","fg0088"
"fq002093","vx_9c99f844efac2641","fg0467","1","fg0467","fg0292","fg0376","fg0207","fg0592","fg0288","fg0210","fg0735","fg0771","fg0448","fg0329","fg0476","fg0931","fg0607","fg0168","fg0256","fg0615","fg0446","fg0498","fg0896"
"fq002094","vx_9c99f844efac2641","fg0467","1","fg0467","fg0735","fg0210","fg0448","fg0771","fg0607","fg0292","fg0376","fg0207","fg0815","fg0168","fg0896","fg0288","fg0476","fg0636","fg0256","fg0797","fg0592","fg0978","fg0856"
"fq002095","vx_9c99f844efac2641","fg0467","1","fg0467","fg0735","fg0448","fg0210","fg0896","fg0607","fg0292","fg0006","fg0207","fg0721","fg0376","fg0592","fg0288","fg0978","fg0931","fg0508","fg0771","fg0825","fg0856","fg0329"
"fq002096","vx_9c99f844efac2641","fg0467","1","fg0467","fg0210","fg0771","fg0292","fg0735","fg0376","fg0288","fg0797","fg0207","fg0592","fg0607","fg0168","fg0476","fg0448","fg0815","fg0615","fg0446","fg0931","fg0636","fg0256"
"fq002097","vx_9c99f844efac2641","fg0467","1","fg0467","fg0735","fg0448","fg0210","fg0896","fg0607","fg0292","fg0288","fg0771","fg0931","fg0006","fg0207","fg0329","fg0592","fg0721","fg0615","fg0978","fg0376","fg0815","fg0173"
"fq002098","vx_9c99f844efac2641","fg0467","1","fg0467","fg0735","fg0448","fg0210","fg0607","fg0896","fg0771","fg0006","fg0292","fg0721","fg0815","fg0173","fg0288","fg0931","fg0376","fg0887","fg0978","fg0508","fg0797","fg0207"
"fq002099","vx_9c99f844efac2641","fg0467","4","fg0509","fg0896","fg0592","fg0467","fg0292","fg0797","fg0194","fg0207","fg0376","fg0305","fg0318","fg0607","fg0446","fg0421","fg0084","fg0112","fg0952","fg0210","fg0615","fg0985"
"fq002100","vx_9c99f844efac2641","fg0467","12","fg0856","fg0376","fg0292","fg0207","fg0476","fg0168","fg0256","fg0288","fg0498","fg0592","fg0771","fg0467","fg0329","fg0636","fg0509","fg0353","fg0964","fg0896","fg0804","fg0098"
"fq002101","vx_9c99f844efac2641","fg0467","1","fg0467","fg0735","fg0448","fg0210","fg0607","fg0896","fg0771","fg0292","fg0592","fg0376","fg0721","fg0006","fg0207","fg0288","fg0508","fg0931","fg0815","fg0256","fg0168","fg0446"
"fq002102","vx_9c99f844efac2641","fg0467","1","fg0467","fg0735","fg0448","fg0825","fg0210","fg0376","fg0292","fg0168","fg0476","fg0896","fg0256","fg0207","fg0771","fg0498","fg0636","fg0288","fg0721","fg0607","fg0592","fg0006"
"fq002103","vx_9c99f844efac2641","fg0467","15","fg0376","fg0476","fg0168","fg0256","fg0498","fg0207","fg0292","fg0856","fg0592","fg0636","fg0288","fg0851","fg0771","fg0191","fg0467","fg0353","fg0964","fg0098","fg0804","fg0329"
"fq002104","vx_9c99f844efac2641","fg0467","1","fg0467","fg0735","fg0210","fg0448","fg0292","fg0607","fg0288","fg0771","fg0896","fg0376","fg0207","fg0931","fg0592","fg0825","fg0256","fg0168","fg0476","fg0329","fg0721","fg0797"
"fq002105","vx_9c99f844efac2641","fg0467","1","fg0467","fg0292","fg0376","fg0207","fg0735","fg0210","fg0856","fg0288","fg0607","fg0592","fg0771","fg0448","fg0329","fg0476","fg0896","fg0168","fg0256","fg0498","fg0931","fg0952"
"fq002106","vx_9c99f844efac2641","fg0467","1","fg0467","fg0292","fg0376","fg0771","fg0210","fg0288","fg0476","fg0207","fg0735","fg0592","fg0168","fg0256","fg0498","fg0931","fg0856","fg0448","fg0607","fg0636","fg0329","fg0815"
"fq002107","vx_9c99f844efac2641","fg0467","1","fg0467","fg0292","fg0592","fg0210","fg0735","fg0607","fg0207","fg0896","fg0376","fg0952","fg0288","fg0194","fg0448","fg0329","fg0615","fg0446","fg0394","fg0797","fg0714","fg0931"
"fq002108","vx_9c99f844efac2641","fg0467","2","fg0292","fg0467","fg0207","fg0376","fg0592","fg0288","fg0896","fg0210","fg0735","fg0329","fg0952","fg0607","fg0771","fg0476","fg0256","fg0168","fg0194","fg0498","fg0394","fg0615"
"fq002109","vx_9c99f844efac2641","fg0467","1","fg0467","fg0735","fg0448","fg0210","fg0292","fg0288","fg0771","fg0607","fg0207","fg0896","fg0592","fg0376","fg0329","fg0615","fg0394","fg0006","fg0815","fg0952","fg0978","fg0721"
"fq002110","vx_9c99f844efac2641","fg0467","1","fg0467","fg0932","fg0210","fg0686","fg0279","fg0984","fg0735","fg0448","fg0904","fg0418","fg0697","fg0892","fg0607","fg0880","fg0751","fg0508","fg0247","fg0902","fg0728","fg0896"
"fq002111","vx_9c99f844efac2641","fg0467","1","fg0467","fg0735","fg0448","fg0210","fg0288","fg0292","fg0771","fg0607","fg0376","fg0592","fg0207","fg0896","fg0931","fg0615","fg0329","fg0476","fg0446","fg0006","fg0173","fg0168"
"fq002112","vx_9c99f844efac2641","fg0467","1","fg0467","fg0376","fg0476","fg0168","fg0771","fg0292","fg0592","fg0256","fg0210","fg0207","fg0498","fg0636","fg0735","fg0288","fg0607","fg0856","fg0815","fg0931","fg0797","fg0448"
"fq002113","vx_9c99f844efac2641","fg0467","4","fg0218","fg0288","fg0292","fg0467","fg0207","fg0376","fg0031","fg0592","fg0929","fg0329","fg0210","fg0931","fg0964","fg0985","fg0875","fg0735","fg0771","fg0446","fg0615","fg0663"
"fq002114","vx_9c99f844efac2641","fg0467","12","fg0476","fg0168","fg0498","fg0256","fg0376","fg0636","fg0851","fg0592","fg0191","fg0207","fg0771","fg0467","fg0964","fg0353","fg0292","fg0070","fg0504","fg0098","fg0597","fg0195"
"fq002115","vx_2e05edc8700263e3","fg0468","1","fg0468","fg0913","fg0413","fg0512","fg0999","fg0463","fg0053","fg0979","fg0166","fg0141","fg0492","fg0199","fg0061","fg0882","fg0963","fg0903","fg0565","fg0663","fg0737","fg0890"
"fq002116","vx_2951692a4e635af8","fg0469","464","fg0925","fg0972","fg0023","fg0727","fg0327","fg0668","fg0005","fg0529","fg0770","fg0386","fg0915","fg0242","fg0654","fg0949","fg0280","fg0314","fg0536","fg0344","fg0091","fg0059"
"fq002117","vx_2951692a4e635af8","fg0469","1","fg0469","fg0075","fg0272","fg0638","fg0549","fg0552","fg0797","fg0217","fg0666","fg0681","fg0471","fg0457","fg0536","fg0830","fg0155","fg0781","fg0954","fg0368","fg0014","fg0114"
"fq002118","vx_2951692a4e635af8","fg0469","1","fg0469","fg0638","fg0075","fg0272","fg0552","fg0549","fg0471","fg0681","fg0830","fg0536","fg0457","fg0781","fg0931","fg0217","fg0937","fg0538","fg0704","fg0014","fg0247","fg0382"
"fq002119","vx_2951692a4e635af8","fg0469","2","fg0954","fg0469","fg0155","fg0666","fg0368","fg0097","fg0943","fg0794","fg0835","fg0786","fg0797","fg0247","fg0599","fg0217","fg0704","fg0251","fg0772","fg0931","fg0114","fg0014"
"fq002120","vx_2951692a4e635af8","fg0469","306","fg0506","fg0333","fg0980","fg0561","fg0175","fg0656","fg0745","fg0121","fg0751","fg0308","fg0828","fg0853","fg0778","fg0331","fg0624","fg0073","fg0915","fg0513","fg0200","fg0156"
"fq002121","vx_2951692a4e635af8","fg0469","1","fg0469","fg0272","fg0638","fg0471","fg0549","fg0075","fg0830","fg0552","fg0931","fg0681","fg0536","fg0457","fg0781","fg0937","fg0382","fg0538","fg0217","fg0210","fg0467","fg0735"
"fq002122","vx_2951692a4e635af8","fg0469","1","fg0469","fg0075","fg0638","fg0368","fg0155","fg0272","fg0552","fg0471","fg0549","fg0830","fg0097","fg0681","fg0666","fg0536","fg0786","fg0457","fg0954","fg0781","fg0599","fg0797"
"fq002123","vx_2951692a4e635af8","fg0469","1","fg0469","fg0075","fg0549","fg0638","fg0272","fg0552","fg0471","fg0681","fg0830","fg0536","fg0457","fg0781","fg0538","fg0382","fg0217","fg0797","fg0318","fg0666","fg0413","fg0014"
"fq002124","vx_2951692a4e635af8","fg0469","1","fg0469","fg0272","fg0638","fg0075","fg0549","fg0471","fg0552","fg0830","fg0681","fg0457","fg0536","fg0781","fg0217","fg0538","fg0704","fg0382","fg0937","fg0251","fg0014","fg0943"
"fq002125","vx_2951692a4e635af8","fg0469","54","fg0533","fg0547","fg0037","fg0588","fg0724","fg0062","fg0018","fg0180","fg0379","fg0822","fg0411","fg0027","fg0894","fg0665","fg0811","fg0262","fg0667","fg0679","fg0131","fg0426"
"fq002126","vx_2951692a4e635af8","fg0469","1","fg0469","fg0217","fg0931","fg0937","fg0851","fg0704","fg0247","fg0251","fg0014","fg0954","fg0256","fg0310","fg0797","fg0551","fg0565","fg0188","fg0742","fg0636","fg0772","fg0943"
"fq002127","vx_2951692a4e635af8","fg0469","1","fg0469","fg0638","fg0075","fg0272","fg0549","fg0552","fg0471","fg0681","fg0830","fg0536","fg0931","fg0217","fg0457","fg0937","fg0781","fg0704","fg0014","fg0247","fg0538","fg0251"
"fq002128","vx_2951692a4e635af8","fg0469","1","fg0469","fg0217","fg0931","fg0704","fg0937","fg0638","fg0742","fg0272","fg0310","fg0075","fg0681","fg0251","fg0797","fg0256","fg0188","fg0954","fg0247","fg0457","fg0014","fg0549"
"fq002129","vx_2951692a4e635af8","fg0469","45","fg0037","fg0018","fg0062","fg0588","fg0180","fg0547","fg0724","fg0533","fg0679","fg0379","fg0745","fg0894","fg0811","fg0665","fg0411","fg0426","fg0822","fg0308","fg0027","fg0262"
"fq002130","vx_2951692a4e635af8","fg0469","1","fg0469","fg0368","fg0155","fg0954","fg0097","fg0666","fg0786","fg0794","fg0599","fg0075","fg0638","fg0797","fg0272","fg0552","fg0114","fg0217","fg0471","fg0830","fg0549","fg0931"
"fq002131","vx_c379b44a151ecb50","fg0470","1","fg0470","fg0174","fg0865","fg0391","fg0901","fg0170","fg0020","fg0763","fg0739","fg0662","fg0186","fg0182","fg0537","fg0943","fg0205","fg0885","fg0181","fg0033","fg0241","fg0517"
"fq002132","vx_c379b44a151ecb50","fg0470","1","fg0470","fg0865","fg0174","fg0662","fg0391","fg0763","fg0020","fg0739","fg0170","fg0901","fg0182","fg0181","fg0537","fg0186","fg0205","fg0943","fg0033","fg0241","fg0517","fg0835"
"fq002133","vx_c379b44a151ecb50","fg0470","1","fg0470","fg0366","fg0271","fg0888","fg0396","fg0035","fg0865","fg0174","fg0901","fg0182","fg0203","fg0502","fg0494","fg0662","fg0020","fg0739","fg0943","fg0423","fg0763","fg0885"
"fq002134","vx_647cf78e003bbf20","fg0471","8","fg0028","fg0412","fg0883","fg0927","fg0122","fg0482","fg0169","fg0471","fg0638","fg0552","fg0272","fg0830","fg0549","fg0075","fg0457","fg0423","fg0396","fg0687","fg0681","fg0536"
"fq002135","vx_647cf78e003bbf20","fg0471","2","fg0272","fg0471","fg0075","fg0549","fg0552","fg0638","fg0830","fg0681","fg0536","fg0457","fg0781","fg0124","fg0620","fg0821","fg0538","fg0279","fg0248","fg0382","fg0469","fg0735"
"fq002136","vx_647cf78e003bbf20","fg0471","7","fg0603","fg0320","fg0902","fg0450","fg0227","fg0889","fg0471","fg0607","fg0549","fg0272","fg0552","fg0888","fg0248","fg0638","fg0173","fg0939","fg0830","fg0133","fg0144","fg0075"
"fq002137","vx_fbb044da50bc54b9","fg0472","1","fg0472","fg0602","fg0530","fg0395","fg0429","fg0165","fg0107","fg0891","fg0459","fg0253","fg0616","fg0230","fg0788","fg0833","fg0615","fg0554","fg0510","fg0215","fg0222","fg0136"
"fq002138","vx_fbb044da50bc54b9","fg0472","1","fg0472","fg0788","fg0554","fg0950","fg0203","fg0891","fg0510","fg0484","fg0007","fg0602","fg0530","fg0494","fg0442","fg0371","fg0211","fg0395","fg0440","fg0035","fg0601","fg0271"
"fq002139","vx_fbb044da50bc54b9","fg0472","561","fg0990","fg0703","fg0791","fg0521","fg0305","fg0769","fg0933","fg0432","fg0724","fg0667","fg0405","fg0252","fg0673","fg0761","fg0803","fg0509","fg0381","fg0111","fg0964","fg0886"
"fq002140","vx_fbb044da50bc54b9","fg0472","1","fg0472","fg0891","fg0602","fg0530","fg0510","fg0179","fg0442","fg0788","fg0950","fg0007","fg0494","fg0371","fg0203","fg0484","fg0395","fg0722","fg0136","fg0192","fg0109","fg0554"
"fq002141","vx_fbb044da50bc54b9","fg0472","643","fg0791","fg0990","fg0703","fg0933","fg0522","fg0521","fg0667","fg0305","fg0252","fg0769","fg0381","fg0724","fg0886","fg0509","fg0761","fg0111","fg0609","fg0665","fg0159","fg0189"
"fq002142","vx_fbb044da50bc54b9","fg0472","658","fg0990","fg0703","fg0667","fg0791","fg0491","fg0673","fg0521","fg0252","fg0426","fg0956","fg0432","fg0527","fg0305","fg0769","fg0687","fg0761","fg0996","fg0194","fg0189","fg0381"
"fq002143","vx_fbb044da50bc54b9","fg0472","1","fg0472","fg0530","fg0602","fg0891","fg0395","fg0788","fg0554","fg0510","fg0950","fg0007","fg0494","fg0203","fg0298","fg0211","fg0371","fg0429","fg0442","fg0135","fg0484","fg0123"
"fq002144","vx_fbb044da50bc54b9","fg0472","1","fg0472","fg0442","fg0484","fg0510","fg0203","fg0602","fg0494","fg0950","fg0165","fg0429","fg0007","fg0107","fg0371","fg0459","fg0179","fg0554","fg0891","fg0788","fg0035","fg0616"
"fq002145","vx_fbb044da50bc54b9","fg0472","1","fg0472","fg0788","fg0891","fg0554","fg0950","fg0602","fg0007","fg0510","fg0530","fg0203","fg0442","fg0494","fg0484","fg0371","fg0395","fg0211","fg0722","fg0035","fg0429","fg0192"
"fq002146","vx_fbb044da50bc54b9","fg0472","972","fg0883","fg0927","fg0412","fg0028","fg0169","fg0122","fg0482","fg0225","fg0741","fg0878","fg0321","fg0396","fg0854","fg0440","fg0822","fg0478","fg0452","fg0359","fg0753","fg0161"
"fq002147","vx_7e0e04df1affb15d","fg0473","1","fg0473","fg0285","fg0249","fg0319","fg0101","fg0911","fg0185","fg0451","fg0947","fg0535","fg0414","fg0212","fg0183","fg0518","fg0213","fg0808","fg0916","fg0303","fg0307","fg0436"
"fq002148","vx_54ad561863d269c0","fg0474","83","fg0517","fg0747","fg0367","fg0334","fg0117","fg0728","fg0537","fg0528","fg0126","fg0831","fg0980","fg0631","fg0809","fg0591","fg0932","fg0865","fg0531","fg0544","fg0268","fg0409"
"fq002149","vx_ea045e9cd8e5951d","fg0475","1","fg0475","fg0725","fg0746","fg0697","fg0317","fg0324","fg0861","fg0590","fg0882","fg0244","fg0142","fg0624","fg0753","fg0223","fg0623","fg0039","fg0170","fg0792","fg0532","fg0224"
"fq002150","vx_ea045e9cd8e5951d","fg0475","1","fg0475","fg0725","fg0746","fg0244","fg0697","fg0324","fg0532","fg0317","fg0861","fg0039","fg0882","fg0753","fg0819","fg0674","fg0782","fg0624","fg0142","fg0224","fg0223","fg0170"
"fq002151","vx_ea045e9cd8e5951d","fg0475","1","fg0475","fg0725","fg0746","fg0697","fg0324","fg0317","fg0861","fg0244","fg0039","fg0882","fg0532","fg0624","fg0142","fg0223","fg0753","fg0782","fg0819","fg0556","fg0792","fg0224"
"fq002152","vx_ea045e9cd8e5951d","fg0475","1","fg0475","fg0725","fg0722","fg0648","fg0941","fg0102","fg0945","fg0801","fg0192","fg0501","fg0043","fg0910","fg0136","fg0697","fg0039","fg0206","fg0556","fg0590","fg0746","fg0623"
"fq002153","vx_ea045e9cd8e5951d","fg0475","15","fg0941","fg0102","fg0648","fg0801","fg0945","fg0501","fg0722","fg0192","fg0043","fg0910","fg0136","fg0996","fg0471","fg0956","fg0475","fg0385","fg0610","fg0697","fg0725","fg0556"
"fq002154","vx_ea045e9cd8e5951d","fg0475","1","fg0475","fg0244","fg0532","fg0725","fg0939","fg0674","fg0746","fg0324","fg0702","fg0697","fg0819","fg0317","fg0039","fg0882","fg0861","fg0224","fg0590","fg0142","fg0753","fg0624"
"fq002155","vx_ea045e9cd8e5951d","fg0475","1","fg0475","fg0725","fg0556","fg0039","fg0782","fg0623","fg0590","fg0697","fg0861","fg0224","fg0746","fg0030","fg0317","fg0753","fg0792","fg0696","fg0532","fg0564","fg0751","fg0689"
"fq002156","vx_ea045e9cd8e5951d","fg0475","1","fg0475","fg0725","fg0746","fg0697","fg0317","fg0556","fg0324","fg0782","fg0039","fg0753","fg0590","fg0253","fg0623","fg0224","fg0624","fg0741","fg0170","fg0861","fg0142","fg0792"
"fq002157","vx_ea045e9cd8e5951d","fg0475","17","fg0801","fg0102","fg0941","fg0945","fg0648","fg0501","fg0722","fg0043","fg0192","fg0910","fg0136","fg0996","fg0956","fg0471","fg0610","fg0385","fg0475","fg0697","fg0725","fg0628"
"fq002158","vx_792b72030e887f29","fg0476","1","fg0476","fg0168","fg0498","fg0256","fg0376","fg0636","fg0851","fg0592","fg0191","fg0504","fg0143","fg0755","fg0964","fg0431","fg0114","fg0250","fg0195","fg0353","fg0597","fg0831"
"fq002159","vx_792b72030e887f29","fg0476","1","fg0476","fg0168","fg0498","fg0256","fg0376","fg0636","fg0851","fg0592","fg0191","fg0504","fg0143","fg0755","fg0597","fg0207","fg0353","fg0195","fg0431","fg0250","fg0771","fg0114"
"fq002160","vx_47f95bc17812bf87","fg0477","1","fg0477","fg0339","fg0363","fg0893","fg0208","fg0013","fg0454","fg0089","fg0563","fg0974","fg0570","fg0686","fg0855","fg0859","fg0744","fg0352","fg0572","fg0775","fg0828","fg0658"
"fq002161","vx_31f1aae5ffd38278","fg0478","56","fg0553","fg0086","fg0658","fg0626","fg0156","fg0023","fg0661","fg0828","fg0864","fg0978","fg0951","fg0666","fg0896","fg0550","fg0345","fg0067","fg0614","fg0506","fg0348","fg0421"
"fq002162","vx_18af5b44d1a0b42a","fg0479","19","fg0722","fg0102","fg0801","fg0648","fg0941","fg0945","fg0501","fg0192","fg0043","fg0910","fg0136","fg0996","fg0956","fg0471","fg0610","fg0385","fg0228","fg0156","fg0479","fg0849"
"fq002163","vx_18af5b44d1a0b42a","fg0479","1","fg0479","fg0562","fg0884","fg0548","fg0834","fg0515","fg0439","fg0784","fg0034","fg0976","fg0196","fg0283","fg0652","fg0828","fg0313","fg0827","fg0236","fg0538","fg0539","fg0220"
"fq002164","vx_4d7bd5b05b604c24","fg0480","1","fg0480","fg0248","fg0900","fg0087","fg0806","fg0224","fg0326","fg0481","fg0785","fg0154","fg0774","fg0972","fg0437","fg0158","fg0946","fg0968","fg0337","fg0049","fg0205","fg0753"
"fq002165","vx_4d7bd5b05b604c24","fg0480","1","fg0480","fg0248","fg0900","fg0087","fg0326","fg0224","fg0481","fg0806","fg0774","fg0785","fg0946","fg0437","fg0049","fg0972","fg0205","fg0585","fg0154","fg0725","fg0753","fg0011"
"fq002166","vx_4d7bd5b05b604c24","fg0480","1","fg0480","fg0248","fg0900","fg0224","fg0087","fg0806","fg0326","fg0481","fg0774","fg0785","fg0972","fg0946","fg0154","fg0158","fg0585","fg0753","fg0437","fg0968","fg0337","fg0205"
"fq002167","vx_4d7bd5b05b604c24","fg0480","1","fg0480","fg0841","fg0426","fg0248","fg0411","fg0326","fg0316","fg0040","fg0260","fg0362","fg0481","fg0946","fg0169","fg0806","fg0079","fg0604","fg0785","fg0491","fg0205","fg0996"
"fq002168","vx_4d7bd5b05b604c24","fg0480","1","fg0480","fg0996","fg0248","fg0841","fg0362","fg0316","fg0722","fg0956","fg0040","fg0801","fg0491","fg0136","fg0102","fg0260","fg0501","fg0941","fg0411","fg0648","fg0426","fg0945"
"fq002169","vx_4d7bd5b05b604c24","fg0480","1","fg0480","fg0248","fg0900","fg0224","fg0087","fg0806","fg0326","fg0774","fg0785","fg0972","fg0154","fg0437","fg0481","fg0337","fg0968","fg0158","fg0946","fg0741","fg0049","fg0753"
"fq002170","vx_4d7bd5b05b604c24","fg0480","1","fg0480","fg0248","fg0900","fg0224","fg0326","fg0087","fg0806","fg0481","fg0585","fg0785","fg0753","fg0774","fg0946","fg0972","fg0049","fg0968","fg0741","fg0205","fg0158","fg0055"
"fq002171","vx_4d7bd5b05b604c24","fg0480","1","fg0480","fg0248","fg0900","fg0224","fg0087","fg0806","fg0326","fg0481","fg0785","fg0154","fg0774","fg0158","fg0972","fg0337","fg0205","fg0585","fg0946","fg0968","fg0753","fg0437"
"fq002172","vx_4d7bd5b05b604c24","fg0480","1","fg0480","fg0248","fg0326","fg0136","fg0722","fg0900","fg0087","fg0941","fg0102","fg0648","fg0801","fg0224","fg0192","fg0945","fg0501","fg0806","fg0481","fg0946","fg0910","fg0849"
"fq002173","vx_4d7bd5b05b604c24","fg0480","1","fg0480","fg0248","fg0900","fg0224","fg0806","fg0087","fg0326","fg0481","fg0968","fg0785","fg0774","fg0154","fg0158","fg0946","fg0972","fg0437","fg0753","fg0337","fg0585","fg0741"
"fq002174","vx_4d7bd5b05b604c24","fg0480","1","fg0480","fg0248","fg0900","fg0224","fg0326","fg0806","fg0087","fg0785","fg0481","fg0774","fg0946","fg0585","fg0154","fg0968","fg0437","fg0972","fg0158","fg0753","fg0741","fg0337"
"fq002175","vx_3f12f1a916490ce9","fg0481","1","fg0481","fg0326","fg0670","fg0510","fg0946","fg0480","fg0585","fg0096","fg0156","fg0432","fg0930","fg0685","fg0815","fg0223","fg0425","fg0601","fg0868","fg0006","fg0955","fg0737"
"fq002176","vx_3f12f1a916490ce9","fg0481","1","fg0481","fg0326","fg0670","fg0510","fg0946","fg0480","fg0096","fg0585","fg0223","fg0216","fg0685","fg0295","fg0425","fg0953","fg0561","fg0815","fg0177","fg0156","fg0737","fg0019"
"fq002177","vx_3f12f1a916490ce9","fg0481","1","fg0481","fg0326","fg0670","fg0510","fg0946","fg0480","fg0096","fg0585","fg0216","fg0685","fg0425","fg0815","fg0223","fg0561","fg0295","fg0156","fg0516","fg0953","fg0340","fg0601"
"fq002178","vx_f846a0416c90cee2","fg0482","1","fg0482","fg0352","fg0083","fg0300","fg0744","fg0360","fg0154","fg0689","fg0068","fg0564","fg0849","fg0198","fg0247","fg0335","fg0071","fg0622","fg0002","fg0340","fg0594","fg0843"
"fq002179","vx_49ded974e5725eac","fg0483","1","fg0483","fg0612","fg0343","fg0306","fg0978","fg0112","fg0790","fg0742","fg0815","fg0434","fg0619","fg0264","fg0444","fg0372","fg0747","fg0271","fg0780","fg0771","fg0509","fg0631"
"fq002180","vx_49ded974e5725eac","fg0483","2","fg0612","fg0483","fg0306","fg0742","fg0619","fg0343","fg0790","fg0176","fg0024","fg0857","fg0886","fg0815","fg0271","fg0112","fg0952","fg0982","fg0964","fg0551","fg0434","fg0444"
"fq002181","vx_34a75e660e3e315e","fg0484","1","fg0484","fg0203","fg0494","fg0950","fg0271","fg0366","fg0035","fg0371","fg0510","fg0997","fg0104","fg0423","fg0502","fg0007","fg0179","fg0113","fg0442","fg0196","fg0690","fg0134"
"fq002182","vx_596426f705b610a3","fg0485","1","fg0485","fg0579","fg0061","fg0623","fg0689","fg0144","fg0590","fg0378","fg0046","fg0404","fg0564","fg0007","fg0993","fg0948","fg0060","fg0740","fg0456","fg0349","fg0553","fg0337"
"fq002183","vx_596426f705b610a3","fg0485","1","fg0485","fg0579","fg0061","fg0378","fg0046","fg0007","fg0623","fg0144","fg0689","fg0590","fg0993","fg0349","fg0564","fg0060","fg0255","fg0577","fg0404","fg0740","fg0948","fg0122"
"fq002184","vx_35d066cadaca6ce8","fg0486","2","fg0812","fg0486","fg0508","fg0619","fg0006","fg0757","fg0272","fg0549","fg0176","fg0306","fg0830","fg0612","fg0471","fg0790","fg0028","fg0638","fg0075","fg0300","fg0922","fg0393"
"fq002185","vx_35d066cadaca6ce8","fg0486","1","fg0486","fg0812","fg0600","fg0205","fg0238","fg0757","fg0208","fg0815","fg0508","fg0935","fg0006","fg0259","fg0820","fg0777","fg0434","fg0560","fg0128","fg0028","fg0887","fg0188"
"fq002186","vx_35d066cadaca6ce8","fg0486","836","fg0384","fg0858","fg0262","fg0749","fg0990","fg0822","fg0673","fg0897","fg0027","fg0838","fg0687","fg0542","fg0547","fg0379","fg0927","fg0708","fg0682","fg0037","fg0402","fg0588"
"fq002187","vx_35d066cadaca6ce8","fg0486","2","fg0812","fg0486","fg0815","fg0434","fg0887","fg0612","fg0757","fg0935","fg0771","fg0805","fg0306","fg0223","fg0198","fg0631","fg0702","fg0675","fg0863","fg0393","fg0654","fg0176"
"fq002188","vx_c5ee1ec9a08d9557","fg0487","1","fg0487","fg0345","fg0045","fg0765","fg0795","fg0348","fg0464","fg0008","fg0580","fg0307","fg0372","fg0738","fg0169","fg0291","fg0905","fg0269","fg0987","fg0440","fg0383","fg0157"
"fq002189","vx_8e149a75efcafc60","fg0488","1","fg0488","fg0131","fg0863","fg0301","fg0701","fg0355","fg0667","fg0160","fg0766","fg0687","fg0443","fg0491","fg0393","fg0223","fg0357","fg0043","fg0344","fg0076","fg0074","fg0806"
"fq002190","vx_8e149a75efcafc60","fg0488","1","fg0488","fg0344","fg0701","fg0766","fg0694","fg0635","fg0705","fg0294","fg0731","fg0357","fg0632","fg0076","fg0670","fg0415","fg0806","fg0393","fg0777","fg0223","fg0074","fg0842"
"fq002191","vx_8e149a75efcafc60","fg0488","1","fg0488","fg0344","fg0701","fg0766","fg0694","fg0635","fg0705","fg0731","fg0393","fg0632","fg0670","fg0415","fg0294","fg0357","fg0842","fg0132","fg0076","fg0777","fg0581","fg0327"
"fq002192","vx_0f4df0d00c77aa9b","fg0489","1","fg0489","fg0370","fg0836","fg0850","fg0678","fg0066","fg0845","fg0575","fg0228","fg0578","fg0871","fg0080","fg0381","fg0324","fg0399","fg0736","fg0604","fg0026","fg0758","fg0098"
"fq002193","vx_95e3ce2c9722c1ce","fg0490","67","fg0980","fg0499","fg0822","fg0379","fg0506","fg0018","fg0145","fg0169","fg0957","fg0767","fg0262","fg0977","fg0318","fg0896","fg0761","fg0886","fg0927","fg0846","fg0894","fg0037"
"fq002194","vx_f898d8f5ec8298dc","fg0491","101","fg0521","fg0305","fg0820","fg0109","fg0322","fg0976","fg0435","fg0091","fg0044","fg0849","fg0909","fg0750","fg0529","fg0425","fg0761","fg0295","fg0033","fg0694","fg0935","fg0138"
"fq002195","vx_5e0e1e50495b5f37","fg0492","1","fg0492","fg1000","fg0536","fg0382","fg0681","fg0446","fg0549","fg0781","fg0538","fg0413","fg0075","fg0162","fg0471","fg0468","fg0012","fg0830","fg0720","fg0638","fg0780","fg0839"
"fq002196","vx_f5ae5ba73369e5d0","fg0493","1","fg0493","fg0946","fg0011","fg0585","fg0602","fg0462","fg0582","fg0395","fg0540","fg0215","fg0554","fg0503","fg0566","fg0390","fg0001","fg0601","fg0472","fg0115","fg0969","fg0980"
"fq002197","vx_2750b23a9e9f6496","fg0494","13","fg0501","fg0801","fg0102","fg0945","fg0648","fg0941","fg0722","fg0192","fg0043","fg0910","fg0136","fg0996","fg0494","fg0203","fg0366","fg0956","fg0035","fg0271","fg0471","fg0484"
"fq002198","vx_24104833a0dad29a","fg0495","16","fg0464","fg0652","fg0091","fg0044","fg0462","fg0487","fg0514","fg0647","fg0045","fg0727","fg0246","fg0925","fg0439","fg0345","fg0893","fg0495","fg0972","fg0668","fg0058","fg0327"
"fq002199","vx_24104833a0dad29a","fg0495","4","fg0464","fg0045","fg0652","fg0495","fg0487","fg0345","fg0439","fg0058","fg0727","fg0765","fg0091","fg0353","fg0436","fg0462","fg0868","fg0795","fg0893","fg0925","fg0044","fg0514"
"fq002200","vx_24104833a0dad29a","fg0495","2","fg0464","fg0495","fg0652","fg0563","fg0045","fg0487","fg0345","fg0058","fg0353","fg0810","fg0439","fg0440","fg0765","fg0291","fg0795","fg0666","fg0675","fg0003","fg0008","fg0314"
"fq002201","vx_c86100f39d7323a5","fg0496","3","fg0751","fg0331","fg0496","fg0423","fg0035","fg0203","fg0366","fg0686","fg0049","fg0494","fg0484","fg0371","fg0692","fg0021","fg0534","fg0196","fg0271","fg0984","fg0073","fg0333"
"fq002202","vx_c86100f39d7323a5","fg0496","26","fg0686","fg0583","fg0821","fg0745","fg0869","fg0103","fg0310","fg0258","fg0127","fg0124","fg0525","fg0385","fg0090","fg0680","fg0620","fg0873","fg0778","fg0986","fg0893","fg0860"
"fq002203","vx_c86100f39d7323a5","fg0496","1","fg0496","fg0837","fg0751","fg0522","fg0031","fg0665","fg0218","fg0021","fg0118","fg0798","fg0030","fg0159","fg0787","fg0049","fg0073","fg0423","fg0331","fg0421","fg0933","fg0583"
"fq002204","vx_bf142e0fca3a78ff","fg0497","1","fg0497","fg0053","fg0162","fg0720","fg0311","fg0463","fg0609","fg0971","fg0979","fg0512","fg0918","fg0999","fg0436","fg0465","fg0754","fg0630","fg0683","fg0876","fg0646","fg0730"
"fq002205","vx_bf142e0fca3a78ff","fg0497","1","fg0497","fg0162","fg0720","fg0053","fg0971","fg0465","fg0311","fg0754","fg0683","fg0876","fg0342","fg0436","fg0730","fg0646","fg0151","fg0463","fg0651","fg0918","fg0999","fg0397"
"fq002206","vx_6f8f70b52a990cf3","fg0498","1","fg0498","fg0256","fg0168","fg0476","fg0636","fg0376","fg0851","fg0592","fg0191","fg0504","fg0353","fg0469","fg0742","fg0247","fg0797","fg0964","fg0143","fg0114","fg0715","fg0016"
"fq002207","vx_6f8f70b52a990cf3","fg0498","1","fg0498","fg0256","fg0168","fg0476","fg0636","fg0851","fg0376","fg0592","fg0469","fg0191","fg0247","fg0014","fg0797","fg0504","fg0486","fg0820","fg0114","fg0238","fg0704","fg0208"
"fq002208","vx_6f8f70b52a990cf3","fg0498","1","fg0498","fg0256","fg0168","fg0476","fg0636","fg0376","fg0851","fg0592","fg0191","fg0504","fg0353","fg0143","fg0070","fg0114","fg0755","fg0469","fg0597","fg0831","fg0695","fg0419"
"fq002209","vx_6f8f70b52a990cf3","fg0498","1","fg0498","fg0256","fg0168","fg0476","fg0376","fg0636","fg0851","fg0592","fg0191","fg0742","fg0695","fg0353","fg0402","fg0942","fg0070","fg0837","fg0504","fg0055","fg0159","fg0419"
"fq002210","vx_6f8f70b52a990cf3","fg0498","1","fg0498","fg0256","fg0168","fg0476","fg0376","fg0636","fg0851","fg0592","fg0191","fg0504","fg0742","fg0353","fg0143","fg0597","fg0114","fg0419","fg0755","fg0070","fg0695","fg0207"
"fq002211","vx_a17d8daa314657af","fg0499","54","fg0192","fg0945","fg0648","fg0941","fg0102","fg0801","fg0722","fg0043","fg0501","fg0910","fg0136","fg0379","fg0533","fg0956","fg0724","fg0996","fg0385","fg0610","fg0471","fg0547"
"fq002212","vx_a17d8daa314657af","fg0499","1","fg0499","fg0044","fg0470","fg0119","fg0572","fg0391","fg0209","fg0796","fg0393","fg0420","fg0943","fg0091","fg0465","fg0161","fg0068","fg0221","fg0332","fg0177","fg0706","fg0631"
"fq002213","vx_a17d8daa314657af","fg0499","1","fg0499","fg0572","fg0044","fg0119","fg0393","fg0470","fg0943","fg0209","fg0420","fg0391","fg0796","fg0390","fg0091","fg0068","fg0465","fg0161","fg0176","fg0537","fg0514","fg0616"
"fq002214","vx_f45725f30251b0f1","fg0500","749","fg0525","fg0130","fg0968","fg0624","fg0690","fg0810","fg0569","fg0653","fg0099","fg0327","fg0885","fg0897","fg0734","fg0748","fg0333","fg0466","fg0936","fg0721","fg0127","fg0567"
"fq002215","vx_f45725f30251b0f1","fg0500","560","fg0099","fg0897","fg0024","fg0748","fg0521","fg0886","fg0555","fg0810","fg0721","fg0127","fg0490","fg0525","fg0567","fg0682","fg0551","fg0734","fg0857","fg0013","fg0271","fg0906"
"fq002216","vx_ecb9444be26df121","fg0501","996","fg0308","fg0156","fg0434","fg0812","fg0663","fg0038","fg0757","fg0745","fg0958","fg0978","fg0955","fg0815","fg0553","fg0364","fg0252","fg0744","fg0866","fg0300","fg0840","fg0231"
"fq002217","vx_dfc98350bcc1a3e1","fg0502","1","fg0502","fg0528","fg0366","fg0035","fg0271","fg0663","fg0866","fg0203","fg0025","fg0494","fg0423","fg0484","fg0683","fg0950","fg0413","fg0876","fg0179","fg0839","fg0720","fg0971"
"fq002218","vx_c9fd38771b168b12","fg0503","8","fg0412","fg0028","fg0423","fg0927","fg0883","fg0837","fg0396","fg0503","fg0122","fg0496","fg0366","fg0271","fg0321","fg0482","fg0887","fg0035","fg0169","fg0218","fg0350","fg0619"
"fq002219","vx_43b452ba060fe92f","fg0504","1","fg0504","fg0755","fg0143","fg0897","fg0682","fg0721","fg0099","fg0498","fg0476","fg0748","fg0256","fg0168","fg0567","fg0563","fg0302","fg0715","fg0376","fg0495","fg0479","fg0519"
"fq002220","vx_43b452ba060fe92f","fg0504","2","fg0555","fg0504","fg0714","fg0768","fg0755","fg0611","fg0240","fg0419","fg0897","fg0114","fg0823","fg0099","fg0810","fg0998","fg0682","fg0525","fg0721","fg0143","fg0563","fg0013"
"fq002221","vx_43b452ba060fe92f","fg0504","1","fg0504","fg0897","fg0755","fg0682","fg0143","fg0721","fg0099","fg0567","fg0748","fg0127","fg0555","fg0563","fg0498","fg0476","fg0168","fg0519","fg0256","fg0013","fg0302","fg0769"
"fq002222","vx_43b452ba060fe92f","fg0504","1","fg0504","fg0755","fg0143","fg0897","fg0682","fg0721","fg0099","fg0476","fg0498","fg0168","fg0748","fg0256","fg0769","fg0715","fg0563","fg0555","fg0302","fg0013","fg0567","fg0127"
"fq002223","vx_43b452ba060fe92f","fg0504","9","fg0555","fg0714","fg0768","fg0611","fg0240","fg0419","fg0823","fg0810","fg0504","fg0114","fg0099","fg0998","fg0755","fg0897","fg0525","fg0373","fg0682","fg0359","fg0452","fg0592"
"fq002224","vx_43b452ba060fe92f","fg0504","1","fg0504","fg0755","fg0143","fg0897","fg0682","fg0721","fg0099","fg0476","fg0498","fg0168","fg0256","fg0748","fg0555","fg0563","fg0769","fg0567","fg0302","fg0715","fg0376","fg0013"
"fq002225","vx_43b452ba060fe92f","fg0504","1","fg0504","fg0755","fg0143","fg0897","fg0682","fg0721","fg0099","fg0476","fg0498","fg0168","fg0256","fg0563","fg0555","fg0748","fg0769","fg0715","fg0567","fg0431","fg0149","fg0114"
"fq002226","vx_43b452ba060fe92f","fg0504","1","fg0504","fg0143","fg0755","fg0897","fg0682","fg0721","fg0476","fg0498","fg0099","fg0256","fg0168","fg0769","fg0715","fg0302","fg0563","fg0735","fg0148","fg0376","fg0748","fg0191"
"fq002227","vx_43b452ba060fe92f","fg0504","1","fg0504","fg0755","fg0143","fg0897","fg0682","fg0721","fg0099","fg0567","fg0498","fg0476","fg0563","fg0748","fg0256","fg0148","fg0168","fg0302","fg0555","fg0715","fg0495","fg0376"
"fq002228","vx_43b452ba060fe92f","fg0504","1","fg0504","fg0755","fg0897","fg0143","fg0682","fg0721","fg0099","fg0748","fg0555","fg0476","fg0498","fg0567","fg0168","fg0127","fg0013","fg0563","fg0256","fg0302","fg0519","fg0081"
"fq002229","vx_43b452ba060fe92f","fg0504","1","fg0504","fg0143","fg0755","fg0897","fg0682","fg0721","fg0476","fg0498","fg0256","fg0168","fg0715","fg0099","fg0769","fg0431","fg0636","fg0302","fg0376","fg0735","fg0191","fg0149"
"fq002230","vx_43b452ba060fe92f","fg0504","1","fg0504","fg0143","fg0755","fg0897","fg0682","fg0721","fg0099","fg0476","fg0498","fg0168","fg0256","fg0563","fg0748","fg0555","fg0302","fg0567","fg0376","fg0715","fg0148","fg0191"
"fq002231","vx_43b452ba060fe92f","fg0504","1","fg0504","fg0755","fg0143","fg0897","fg0682","fg0721","fg0555","fg0099","fg0476","fg0498","fg0114","fg0419","fg0168","fg0714","fg0256","fg0563","fg0013","fg0376","fg0748","fg0611"
"fq002232","vx_43b452ba060fe92f","fg0504","1","fg0504","fg0755","fg0143","fg0897","fg0682","fg0721","fg0099","fg0555","fg0476","fg0498","fg0563","fg0748","fg0168","fg0256","fg0567","fg0495","fg0127","fg0013","fg0376","fg0302"
"fq002233","vx_0c51bf55f2423fde","fg0505","1","fg0505","fg0160","fg0863","fg0301","fg0896","fg0355","fg0131","fg0667","fg0687","fg0767","fg0433","fg0980","fg0491","fg0828","fg0084","fg0350","fg0776","fg0657","fg0499","fg0133"
"fq002234","vx_625170c951406f7f","fg0506","35","fg0458","fg0486","fg0205","fg0065","fg0569","fg0208","fg0600","fg0820","fg0783","fg0238","fg0885","fg0259","fg0041","fg0294","fg0802","fg0435","fg0746","fg0777","fg0336","fg0656"
"fq002235","vx_625170c951406f7f","fg0506","3","fg0010","fg0486","fg0506","fg0647","fg0481","fg0259","fg0569","fg0885","fg0300","fg0220","fg0242","fg0425","fg0458","fg0936","fg0653","fg0757","fg0966","fg0205","fg0965","fg0516"
"fq002236","vx_625170c951406f7f","fg0506","9","fg0883","fg0927","fg0412","fg0028","fg0169","fg0396","fg0122","fg0308","fg0506","fg0482","fg0006","fg0878","fg0511","fg0225","fg0561","fg0822","fg0522","fg0435","fg0966","fg0440"
"fq002237","vx_e74bfc46ce6af76f","fg0507","1","fg0507","fg0354","fg0677","fg0664","fg0645","fg0550","fg0250","fg0807","fg0064","fg0593","fg0086","fg0639","fg0663","fg0598","fg0029","fg0989","fg0078","fg0685","fg0219","fg0935"
"fq002238","vx_e74bfc46ce6af76f","fg0507","1","fg0507","fg0354","fg0677","fg0664","fg0645","fg0250","fg0550","fg0685","fg0807","fg0161","fg0639","fg0719","fg0593","fg0029","fg0989","fg0078","fg0108","fg0479","fg0064","fg0935"
"fq002239","vx_e74bfc46ce6af76f","fg0507","1","fg0507","fg0354","fg0677","fg0664","fg0645","fg0550","fg0250","fg0161","fg0078","fg0685","fg0064","fg0935","fg0593","fg0663","fg0086","fg0719","fg0639","fg0807","fg0479","fg0513"
"fq002240","vx_e74bfc46ce6af76f","fg0507","1","fg0507","fg0354","fg0677","fg0664","fg0645","fg0550","fg0250","fg0685","fg0807","fg0639","fg0161","fg0064","fg0029","fg0593","fg0086","fg0989","fg0479","fg0078","fg0663","fg0719"
"fq002241","vx_e74bfc46ce6af76f","fg0507","1","fg0507","fg0354","fg0677","fg0664","fg0645","fg0250","fg0550","fg0685","fg0219","fg0807","fg0161","fg0598","fg0639","fg0719","fg0078","fg0029","fg0177","fg0663","fg0064","fg0593"
"fq002242","vx_e74bfc46ce6af76f","fg0507","1","fg0507","fg0354","fg0677","fg0664","fg0645","fg0250","fg0550","fg0807","fg0086","fg0685","fg0593","fg0479","fg0663","fg0639","fg0029","fg0108","fg0064","fg0161","fg0219","fg0519"
"fq002243","vx_e74bfc46ce6af76f","fg0507","1","fg0507","fg0354","fg0677","fg0664","fg0645","fg0550","fg0250","fg0685","fg0064","fg0161","fg0989","fg0078","fg0935","fg0663","fg0513","fg0598","fg0807","fg0719","fg0593","fg0479"
"fq002244","vx_e74bfc46ce6af76f","fg0507","1","fg0507","fg0354","fg0677","fg0664","fg0645","fg0550","fg0250","fg0989","fg0685","fg0807","fg0719","fg0161","fg0064","fg0598","fg0639","fg0219","fg0620","fg0177","fg0593","fg0455"
"fq002245","vx_e74bfc46ce6af76f","fg0507","1","fg0507","fg0354","fg0677","fg0664","fg0645","fg0219","fg0550","fg0807","fg0598","fg0250","fg0064","fg0693","fg0350","fg0620","fg0161","fg0078","fg0685","fg0495","fg0717","fg0989"
"fq002246","vx_e74bfc46ce6af76f","fg0507","1","fg0507","fg0354","fg0677","fg0664","fg0645","fg0550","fg0685","fg0250","fg0161","fg0078","fg0663","fg0719","fg0639","fg0177","fg0717","fg0219","fg0989","fg0513","fg0064","fg0479"
"fq002247","vx_e74bfc46ce6af76f","fg0507","1","fg0507","fg0354","fg0677","fg0664","fg0645","fg0250","fg0550","fg0807","fg0685","fg0639","fg0593","fg0064","fg0161","fg0479","fg0029","fg0519","fg0108","fg0719","fg0086","fg0178"
"fq002248","vx_e74bfc46ce6af76f","fg0507","1","fg0507","fg0354","fg0677","fg0664","fg0645","fg0550","fg0719","fg0685","fg0161","fg0250","fg0177","fg0064","fg0394","fg0989","fg0620","fg0598","fg0639","fg0219","fg0935","fg0263"
"fq002249","vx_e74bfc46ce6af76f","fg0507","1","fg0507","fg0354","fg0677","fg0664","fg0645","fg0250","fg0550","fg0161","fg0685","fg0719","fg0064","fg0639","fg0807","fg0593","fg0989","fg0029","fg0479","fg0177","fg0620","fg0394"
"fq002250","vx_e74bfc46ce6af76f","fg0507","1","fg0507","fg0354","fg0677","fg0664","fg0645","fg0550","fg0250","fg0685","fg0989","fg0161","fg0807","fg0719","fg0064","fg0935","fg0639","fg0593","fg0479","fg0598","fg0086","fg0078"
"fq002251","vx_e74bfc46ce6af76f","fg0507","1","fg0507","fg0354","fg0664","fg0677","fg0645","fg0719","fg0250","fg0685","fg0807","fg0550","fg0161","fg0729","fg0177","fg0593","fg0620","fg0671","fg0598","fg0394","fg0442","fg0639"
"fq002252","vx_e74bfc46ce6af76f","fg0507","1","fg0507","fg0354","fg0677","fg0664","fg0719","fg0161","fg0645","fg0685","fg0620","fg0550","fg0177","fg0807","fg0394","fg0263","fg0598","fg0639","fg0935","fg0219","fg0250","fg0078"
"fq002253","vx_e74bfc46ce6af76f","fg0507","1","fg0507","fg0354","fg0677","fg0664","fg0645","fg0550","fg0250","fg0685","fg0161","fg0719","fg0807","fg0064","fg0593","fg0639","fg0935","fg0989","fg0479","fg0663","fg0513","fg0078"
"fq002254","vx_e74bfc46ce6af76f","fg0507","1","fg0507","fg0354","fg0677","fg0664","fg0645","fg0550","fg0989","fg0598","fg0685","fg0719","fg0064","fg0161","fg0250","fg0177","fg0219","fg0807","fg0935","fg0620","fg0717","fg0394"
"fq002255","vx_e74bfc46ce6af76f","fg0507","1","fg0507","fg0354","fg0677","fg0664","fg0645","fg0250","fg0550","fg0685","fg0078","fg0989","fg0161","fg0719","fg0598","fg0663","fg0935","fg0455","fg0639","fg0513","fg0084","fg0620"
"fq002256","vx_e74bfc46ce6af76f","fg0507","1","fg0507","fg0354","fg0677","fg0664","fg0645","fg0550","fg0685","fg0250","fg0161","fg0989","fg0064","fg0219","fg0663","fg0598","fg0719","fg0935","fg0662","fg0639","fg0455","fg0807"
"fq002257","vx_e74bfc46ce6af76f","fg0507","1","fg0507","fg0354","fg0677","fg0664","fg0645","fg0550","fg0161","fg0250","fg0685","fg0719","fg0989","fg0064","fg0807","fg0935","fg0598","fg0639","fg0177","fg0620","fg0663","fg0593"
"fq002258","vx_e74bfc46ce6af76f","fg0507","1","fg0507","fg0354","fg0677","fg0664","fg0645","fg0722","fg0501","fg0250","fg0801","fg0136","fg0550","fg0945","fg0102","fg0648","fg0941","fg0479","fg0956","fg0996","fg0043","fg0219"
"fq002259","vx_e74bfc46ce6af76f","fg0507","1","fg0507","fg0354","fg0677","fg0664","fg0645","fg0250","fg0550","fg0685","fg0078","fg0479","fg0807","fg0663","fg0935","fg0868","fg0161","fg0593","fg0719","fg0513","fg0108","fg0219"
"fq002260","vx_e74bfc46ce6af76f","fg0507","1","fg0507","fg0354","fg0677","fg0664","fg0645","fg0550","fg0250","fg0685","fg0807","fg0219","fg0064","fg0161","fg0663","fg0593","fg0598","fg0639","fg0989","fg0078","fg0513","fg0935"
"fq002261","vx_e74bfc46ce6af76f","fg0507","1","fg0507","fg0354","fg0677","fg0664","fg0645","fg0550","fg0250","fg0685","fg0807","fg0161","fg0639","fg0663","fg0086","fg0029","fg0935","fg0593","fg0219","fg0479","fg0662","fg0078"
"fq002262","vx_e74bfc46ce6af76f","fg0507","1","fg0507","fg0354","fg0677","fg0664","fg0645","fg0719","fg0685","fg0550","fg0161","fg0598","fg0177","fg0250","fg0807","fg0620","fg0989","fg0064","fg0639","fg0219","fg0394","fg0663"
"fq002263","vx_e74bfc46ce6af76f","fg0507","1","fg0507","fg0354","fg0677","fg0664","fg0645","fg0719","fg0685","fg0161","fg0250","fg0550","fg0598","fg0177","fg0807","fg0639","fg0394","fg0078","fg0620","fg0593","fg0064","fg0989"
"fq002264","vx_e74bfc46ce6af76f","fg0507","1","fg0507","fg0354","fg0677","fg0664","fg0645","fg0550","fg0161","fg0685","fg0250","fg0719","fg0177","fg0064","fg0935","fg0989","fg0598","fg0639","fg0593","fg0394","fg0807","fg0620"
"fq002265","vx_e74bfc46ce6af76f","fg0507","1","fg0507","fg0354","fg0677","fg0664","fg0645","fg0550","fg0250","fg0663","fg0685","fg0078","fg0598","fg0807","fg0219","fg0662","fg0086","fg0639","fg0161","fg0593","fg0029","fg0479"
"fq002266","vx_e74bfc46ce6af76f","fg0507","1","fg0507","fg0354","fg0677","fg0664","fg0645","fg0550","fg0989","fg0685","fg0250","fg0161","fg0719","fg0807","fg0455","fg0935","fg0064","fg0078","fg0177","fg0620","fg0598","fg0219"
"fq002267","vx_e74bfc46ce6af76f","fg0507","1","fg0507","fg0354","fg0677","fg0664","fg0645","fg0550","fg0250","fg0989","fg0685","fg0219","fg0064","fg0807","fg0598","fg0161","fg0078","fg0935","fg0719","fg0513","fg0593","fg0663"
"fq002268","vx_e74bfc46ce6af76f","fg0507","1","fg0507","fg0354","fg0677","fg0664","fg0645","fg0550","fg0250","fg0685","fg0807","fg0161","fg0989","fg0663","fg0639","fg0935","fg0064","fg0593","fg0029","fg0219","fg0078","fg0086"
"fq002269","vx_e74bfc46ce6af76f","fg0507","1","fg0507","fg0354","fg0677","fg0664","fg0645","fg0550","fg0250","fg0161","fg0685","fg0719","fg0064","fg0078","fg0639","fg0593","fg0935","fg0663","fg0807","fg0989","fg0479","fg0513"
"fq002270","vx_e74bfc46ce6af76f","fg0507","1","fg0507","fg0354","fg0677","fg0664","fg0645","fg0550","fg0250","fg0685","fg0989","fg0161","fg0219","fg0064","fg0935","fg0078","fg0598","fg0513","fg0663","fg0719","fg0807","fg0455"
"fq002271","vx_e74bfc46ce6af76f","fg0507","1","fg0507","fg0354","fg0677","fg0664","fg0645","fg0550","fg0685","fg0250","fg0161","fg0989","fg0064","fg0719","fg0219","fg0639","fg0935","fg0177","fg0807","fg0598","fg0663","fg0593"
"fq002272","vx_e74bfc46ce6af76f","fg0507","1","fg0507","fg0354","fg0677","fg0664","fg0645","fg0550","fg0989","fg0685","fg0078","fg0250","fg0935","fg0598","fg0161","fg0717","fg0663","fg0219","fg0455","fg0064","fg0807","fg0593"
"fq002273","vx_e74bfc46ce6af76f","fg0507","1","fg0507","fg0354","fg0677","fg0664","fg0645","fg0250","fg0550","fg0685","fg0639","fg0807","fg0479","fg0161","fg0086","fg0029","fg0064","fg0108","fg0719","fg0593","fg0989","fg0078"
"fq002274","vx_e74bfc46ce6af76f","fg0507","1","fg0507","fg0354","fg0677","fg0664","fg0645","fg0550","fg0250","fg0161","fg0078","fg0719","fg0685","fg0598","fg0663","fg0219","fg0639","fg0671","fg0029","fg0513","fg0620","fg0717"
"fq002275","vx_e74bfc46ce6af76f","fg0507","1","fg0507","fg0354","fg0677","fg0664","fg0645","fg0250","fg0550","fg0807","fg0219","fg0598","fg0078","fg0593","fg0989","fg0685","fg0662","fg0064","fg0717","fg0479","fg0868","fg0663"
"fq002276","vx_e74bfc46ce6af76f","fg0507","1","fg0507","fg0354","fg0677","fg0664","fg0645","fg0250","fg0550","fg0078","fg0807","fg0685","fg0598","fg0593","fg0989","fg0719","fg0064","fg0161","fg0639","fg0219","fg0513","fg0663"
"fq002277","vx_e74bfc46ce6af76f","fg0507","1","fg0507","fg0354","fg0677","fg0664","fg0645","fg0250","fg0550","fg0685","fg0807","fg0161","fg0989","fg0479","fg0719","fg0593","fg0064","fg0108","fg0935","fg0178","fg0639","fg0620"
"fq002278","vx_e74bfc46ce6af76f","fg0507","1","fg0507","fg0354","fg0677","fg0664","fg0645","fg0550","fg0250","fg0161","fg0807","fg0685","fg0598","fg0219","fg0064","fg0989","fg0719","fg0479","fg0660","fg0593","fg0663","fg0671"
"fq002279","vx_e74bfc46ce6af76f","fg0507","1","fg0507","fg0354","fg0677","fg0664","fg0645","fg0250","fg0550","fg0807","fg0064","fg0593","fg0685","fg0989","fg0479","fg0639","fg0868","fg0161","fg0086","fg0598","fg0108","fg0663"
"fq002280","vx_e74bfc46ce6af76f","fg0507","1","fg0507","fg0354","fg0677","fg0664","fg0645","fg0550","fg0250","fg0161","fg0685","fg0719","fg0064","fg0989","fg0598","fg0078","fg0807","fg0639","fg0219","fg0593","fg0663","fg0620"
"fq002281","vx_e74bfc46ce6af76f","fg0507","1","fg0507","fg0354","fg0677","fg0664","fg0645","fg0550","fg0685","fg0719","fg0161","fg0989","fg0250","fg0064","fg0177","fg0620","fg0598","fg0639","fg0807","fg0078","fg0935","fg0455"
"fq002282","vx_e74bfc46ce6af76f","fg0507","1","fg0507","fg0354","fg0677","fg0664","fg0645","fg0550","fg0250","fg0807","fg0685","fg0593","fg0078","fg0161","fg0219","fg0663","fg0639","fg0479","fg0935","fg0029","fg0513","fg0719"
"fq002283","vx_e74bfc46ce6af76f","fg0507","1","fg0507","fg0354","fg0677","fg0664","fg0645","fg0550","fg0685","fg0161","fg0719","fg0989","fg0177","fg0250","fg0219","fg0598","fg0064","fg0717","fg0807","fg0078","fg0620","fg0394"
"fq002284","vx_e74bfc46ce6af76f","fg0507","1","fg0507","fg0354","fg0677","fg0664","fg0645","fg0550","fg0250","fg0685","fg0807","fg0479","fg0593","fg0935","fg0078","fg0639","fg0663","fg0161","fg0029","fg0064","fg0086","fg0598"
"fq002285","vx_e74bfc46ce6af76f","fg0507","1","fg0507","fg0354","fg0677","fg0664","fg0645","fg0550","fg0685","fg0989","fg0598","fg0064","fg0219","fg0935","fg0250","fg0662","fg0161","fg0717","fg0177","fg0663","fg0620","fg0086"
"fq002286","vx_e74bfc46ce6af76f","fg0507","1","fg0507","fg0354","fg0677","fg0664","fg0645","fg0550","fg0250","fg0685","fg0161","fg0719","fg0078","fg0989","fg0935","fg0639","fg0807","fg0064","fg0593","fg0177","fg0513","fg0479"
"fq002287","vx_e74bfc46ce6af76f","fg0507","1","fg0507","fg0354","fg0664","fg0677","fg0645","fg0250","fg0550","fg0685","fg0719","fg0161","fg0807","fg0593","fg0177","fg0639","fg0394","fg0620","fg0219","fg0178","fg0729","fg0663"
"fq002288","vx_e74bfc46ce6af76f","fg0507","1","fg0507","fg0354","fg0677","fg0664","fg0645","fg0550","fg0250","fg0078","fg0807","fg0663","fg0593","fg0086","fg0598","fg0029","fg0639","fg0671","fg0479","fg0685","fg0935","fg0513"
"fq002289","vx_e74bfc46ce6af76f","fg0507","1","fg0507","fg0354","fg0677","fg0664","fg0645","fg0550","fg0250","fg0685","fg0161","fg0064","fg0989","fg0935","fg0219","fg0086","fg0598","fg0663","fg0078","fg0807","fg0639","fg0662"
"fq002290","vx_e74bfc46ce6af76f","fg0507","1","fg0507","fg0354","fg0677","fg0664","fg0645","fg0550","fg0250","fg0685","fg0161","fg0078","fg0935","fg0663","fg0719","fg0807","fg0639","fg0989","fg0064","fg0513","fg0593","fg0219"
"fq002291","vx_e74bfc46ce6af76f","fg0507","1","fg0507","fg0354","fg0677","fg0664","fg0645","fg0161","fg0685","fg0550","fg0250","fg0989","fg0719","fg0050","fg0064","fg0177","fg0663","fg0935","fg0620","fg0513","fg0627","fg0807"
"fq002292","vx_e74bfc46ce6af76f","fg0507","1","fg0507","fg0354","fg0677","fg0664","fg0645","fg0550","fg0250","fg0685","fg0161","fg0663","fg0078","fg0935","fg0639","fg0719","fg0219","fg0807","fg0479","fg0064","fg0086","fg0029"
"fq002293","vx_e74bfc46ce6af76f","fg0507","1","fg0507","fg0354","fg0677","fg0664","fg0645","fg0250","fg0550","fg0685","fg0639","fg0078","fg0807","fg0029","fg0663","fg0161","fg0593","fg0935","fg0479","fg0598","fg0064","fg0086"
"fq002294","vx_e74bfc46ce6af76f","fg0507","1","fg0507","fg0354","fg0677","fg0664","fg0645","fg0550","fg0250","fg0685","fg0807","fg0161","fg0064","fg0663","fg0086","fg0593","fg0935","fg0639","fg0989","fg0078","fg0479","fg0029"
"fq002295","vx_e74bfc46ce6af76f","fg0507","1","fg0507","fg0354","fg0677","fg0664","fg0645","fg0550","fg0250","fg0685","fg0078","fg0161","fg0807","fg0593","fg0989","fg0719","fg0639","fg0064","fg0935","fg0479","fg0663","fg0513"
"fq002296","vx_e74bfc46ce6af76f","fg0507","1","fg0507","fg0354","fg0677","fg0664","fg0645","fg0550","fg0219","fg0598","fg0685","fg0161","fg0719","fg0064","fg0250","fg0639","fg0495","fg0269","fg0663","fg0620","fg0177","fg0717"
"fq002297","vx_c1b116262fbc2a25","fg0508","2","fg0771","fg0508","fg0353","fg0560","fg0006","fg0804","fg0584","fg0922","fg0812","fg0571","fg0400","fg0137","fg0266","fg0486","fg0328","fg0234","fg0619","fg0757","fg0467","fg0887"
"fq002298","vx_06f6b379606acb90","fg0509","1","fg0509","fg0983","fg0194","fg0052","fg0888","fg0133","fg0084","fg0396","fg0875","fg0535","fg0421","fg0177","fg0978","fg0699","fg0152","fg0985","fg0320","fg0603","fg0896","fg0887"
"fq002299","vx_dce9a201a90c0cb9","fg0510","2","fg0481","fg0510","fg0203","fg0326","fg0484","fg0997","fg0494","fg0035","fg0366","fg0271","fg0950","fg0670","fg0196","fg0331","fg0946","fg0423","fg0576","fg0912","fg0070","fg0216"
"fq002300","vx_dce9a201a90c0cb9","fg0510","419","fg0070","fg0978","fg0803","fg0881","fg0896","fg0995","fg0713","fg0448","fg0721","fg0912","fg0125","fg0798","fg0392","fg0977","fg0120","fg0637","fg0269","fg0508","fg0077","fg0220"
"fq002301","vx_dce9a201a90c0cb9","fg0510","473","fg0218","fg0031","fg0070","fg0665","fg0837","fg0522","fg0496","fg0156","fg0912","fg0118","fg0978","fg0308","fg0120","fg0715","fg0811","fg0896","fg0508","fg0881","fg0077","fg0535"
"fq002302","vx_dce9a201a90c0cb9","fg0510","65","fg0070","fg0978","fg0156","fg0896","fg0120","fg0955","fg0125","fg0881","fg0912","fg0483","fg0481","fg0637","fg0811","fg0448","fg0713","fg0308","fg0006","fg0508","fg0803","fg0218"
"fq002303","vx_dce9a201a90c0cb9","fg0510","11","fg0481","fg0156","fg0896","fg0326","fg0978","fg0070","fg0448","fg0735","fg0946","fg0120","fg0510","fg0798","fg0467","fg0333","fg0006","fg0955","fg0095","fg0956","fg0308","fg0722"
"fq002304","vx_dce9a201a90c0cb9","fg0510","2","fg0481","fg0510","fg0326","fg0203","fg0331","fg0946","fg0670","fg0366","fg0997","fg0271","fg0035","fg0333","fg0494","fg0382","fg0751","fg0576","fg0484","fg0153","fg0421","fg0156"
"fq002305","vx_dce9a201a90c0cb9","fg0510","3","fg0481","fg0326","fg0510","fg0946","fg0203","fg0670","fg0997","fg0035","fg0484","fg0366","fg0271","fg0382","fg0480","fg0494","fg0216","fg0585","fg0331","fg0739","fg0153","fg0309"
"fq002306","vx_dce9a201a90c0cb9","fg0510","3","fg0481","fg0326","fg0510","fg0670","fg0946","fg0216","fg0997","fg0203","fg0382","fg0333","fg0070","fg0331","fg0585","fg0739","fg0561","fg0912","fg0467","fg0035","fg0156","fg0480"
"fq002307","vx_dce9a201a90c0cb9","fg0510","1","fg0510","fg0203","fg0484","fg0950","fg0494","fg0371","fg0271","fg0113","fg0035","fg0366","fg0997","fg0007","fg0481","fg0104","fg0590","fg0326","fg0442","fg0623","fg0115","fg0690"
"fq002308","vx_9126f352357bd1bf","fg0511","1","fg0511","fg0917","fg0202","fg0650","fg0581","fg0558","fg0752","fg0617","fg0898","fg0059","fg0842","fg0246","fg0572","fg0128","fg0223","fg0024","fg0309","fg0238","fg0680","fg0172"
"fq002309","vx_4c281b83e2abe7ed","fg0512","1","fg0512","fg0463","fg0999","fg0053","fg0166","fg0199","fg0468","fg0882","fg0979","fg0644","fg0497","fg0141","fg0903","fg0646","fg0026","fg0989","fg0737","fg0681","fg0319","fg0152"
"fq002310","vx_a3f343789f0cf56d","fg0513","1","fg0513","fg0955","fg0529","fg0961","fg0109","fg0290","fg0707","fg0322","fg0935","fg0907","fg0406","fg0859","fg0632","fg0091","fg0920","fg0855","fg0033","fg0653","fg0200","fg0386"
"fq002311","vx_95c4bc9581987f55","fg0514","807","fg0131","fg0262","fg0863","fg0533","fg0037","fg0301","fg0667","fg0355","fg0687","fg0588","fg0541","fg0547","fg0426","fg0180","fg0018","fg0160","fg0822","fg0679","fg0491","fg0379"
"fq002312","vx_fc9a45743054f786","fg0515","1","fg0515","fg0573","fg0657","fg0594","fg0914","fg0479","fg0974","fg0283","fg0749","fg0149","fg0236","fg0827","fg0708","fg0828","fg0023","fg0652","fg0067","fg0784","fg0439","fg0330"
"fq002313","vx_fc9a45743054f786","fg0515","1","fg0515","fg0573","fg0914","fg0657","fg0156","fg0828","fg0283","fg0884","fg0749","fg0594","fg0974","fg0405","fg0561","fg0236","fg0976","fg0955","fg0427","fg0896","fg0656","fg0479"
"fq002314","vx_fc9a45743054f786","fg0515","1","fg0515","fg0573","fg0657","fg0914","fg0594","fg0283","fg0749","fg0479","fg0236","fg0149","fg0562","fg0784","fg0884","fg0023","fg0834","fg0708","fg0974","fg0652","fg0427","fg0539"
"fq002315","vx_fc9a45743054f786","fg0515","1","fg0515","fg0573","fg0657","fg0594","fg0974","fg0479","fg0914","fg0749","fg0283","fg0149","fg0236","fg0827","fg0828","fg0708","fg0023","fg0652","fg0439","fg0562","fg0784","fg0884"
"fq002316","vx_fc9a45743054f786","fg0515","1","fg0515","fg0594","fg0573","fg0657","fg0479","fg0283","fg0236","fg0914","fg0749","fg0974","fg0562","fg0539","fg0828","fg0884","fg0432","fg0784","fg0955","fg0067","fg0330","fg0427"
"fq002317","vx_fc9a45743054f786","fg0515","1","fg0515","fg0573","fg0914","fg0594","fg0657","fg0749","fg0236","fg0479","fg0283","fg0149","fg0023","fg0652","fg0828","fg0708","fg0974","fg0439","fg0827","fg0427","fg0562","fg0952"
"fq002318","vx_fc9a45743054f786","fg0515","1","fg0515","fg0896","fg0156","fg0978","fg0735","fg0594","fg0448","fg0467","fg0657","fg0573","fg0236","fg0749","fg0955","fg0006","fg0210","fg0815","fg0478","fg0914","fg0421","fg0218"
"fq002319","vx_fc9a45743054f786","fg0515","1","fg0515","fg0405","fg0432","fg0955","fg0106","fg0573","fg0554","fg0907","fg0539","fg0930","fg0236","fg0657","fg0576","fg0914","fg0594","fg0156","fg0261","fg0218","fg0225","fg0290"
"fq002320","vx_fc9a45743054f786","fg0515","1","fg0515","fg0594","fg0236","fg0573","fg0749","fg0657","fg0914","fg0479","fg0283","fg0828","fg0023","fg0149","fg0974","fg0652","fg0439","fg0708","fg0827","fg0562","fg0542","fg0561"
"fq002321","vx_fc9a45743054f786","fg0515","1","fg0515","fg0828","fg0479","fg0561","fg0283","fg0708","fg0974","fg0573","fg0236","fg0562","fg0305","fg0745","fg0976","fg0914","fg0439","fg0884","fg0023","fg0784","fg0594","fg0866"
"fq002322","vx_fc9a45743054f786","fg0515","1","fg0515","fg0573","fg0657","fg0914","fg0594","fg0749","fg0479","fg0283","fg0236","fg0974","fg0149","fg0828","fg0708","fg0023","fg0827","fg0562","fg0652","fg0427","fg0784","fg0542"
"fq002323","vx_fc9a45743054f786","fg0515","1","fg0515","fg0594","fg0573","fg0749","fg0828","fg0236","fg0652","fg0914","fg0023","fg0657","fg0283","fg0149","fg0194","fg0708","fg0479","fg0974","fg0952","fg0436","fg0156","fg0067"
"fq002324","vx_fc9a45743054f786","fg0515","1","fg0515","fg0573","fg0594","fg0974","fg0657","fg0479","fg0749","fg0283","fg0828","fg0914","fg0708","fg0827","fg0236","fg0149","fg0023","fg0562","fg0330","fg0539","fg0439","fg0784"
"fq002325","vx_fc9a45743054f786","fg0515","1","fg0515","fg0573","fg0749","fg0657","fg0594","fg0448","fg0236","fg0283","fg0467","fg0914","fg0735","fg0149","fg0023","fg0479","fg0896","fg0427","fg0006","fg0652","fg0562","fg0070"
"fq002326","vx_fc9a45743054f786","fg0515","1","fg0515","fg0594","fg0573","fg0236","fg0657","fg0749","fg0479","fg0828","fg0652","fg0974","fg0149","fg0914","fg0708","fg0023","fg0283","fg0212","fg0330","fg0539","fg0807","fg0542"
"fq002327","vx_fc9a45743054f786","fg0515","1","fg0515","fg0573","fg0657","fg0974","fg0896","fg0594","fg0914","fg0156","fg0405","fg0828","fg0749","fg0236","fg0539","fg0955","fg0478","fg0978","fg0479","fg0283","fg0067","fg0761"
"fq002328","vx_ec7e961e96782388","fg0516","1","fg0516","fg0425","fg0750","fg0422","fg0340","fg0540","fg0844","fg0428","fg0576","fg0116","fg0287","fg0072","fg0694","fg0711","fg0022","fg0827","fg0232","fg0921","fg0300","fg0170"
"fq002329","vx_ec7e961e96782388","fg0516","1","fg0516","fg0102","fg0722","fg0043","fg0425","fg0941","fg0648","fg0945","fg0801","fg0501","fg0750","fg0192","fg0910","fg0136","fg0604","fg0996","fg0956","fg0058","fg0576","fg0385"
"fq002330","vx_ec7e961e96782388","fg0516","1","fg0516","fg0425","fg0750","fg0422","fg0116","fg0576","fg0711","fg0540","fg0232","fg0340","fg0242","fg0844","fg0529","fg0694","fg0072","fg0428","fg0909","fg0033","fg0300","fg0287"
"fq002331","vx_ec7e961e96782388","fg0516","1","fg0516","fg0425","fg0750","fg0340","fg0422","fg0116","fg0540","fg0844","fg0711","fg0576","fg0428","fg0232","fg0529","fg0242","fg0135","fg0694","fg0072","fg0033","fg0300","fg0581"
"fq002332","vx_07c0df192e892ce6","fg0517","1","fg0517","fg0367","fg0537","fg0334","fg0528","fg0835","fg0662","fg0747","fg0793","fg0117","fg0576","fg0865","fg0631","fg0163","fg0757","fg0126","fg0591","fg0809","fg0241","fg0728"
"fq002333","vx_03d4c3070be02e1a","fg0518","1","fg0518","fg0303","fg0542","fg0657","fg0984","fg0803","fg0005","fg0280","fg0528","fg0025","fg0893","fg0663","fg0193","fg0117","fg0895","fg0212","fg0519","fg0727","fg0410","fg0482"
"fq002334","vx_2c49ad51c19aded2","fg0519","1","fg0519","fg0609","fg0817","fg0897","fg0682","fg0553","fg0721","fg0567","fg0127","fg0303","fg0372","fg0658","fg0748","fg0094","fg0734","fg0004","fg0518","fg0464","fg0213","fg0756"
"fq002335","vx_2c49ad51c19aded2","fg0519","1","fg0519","fg0609","fg0817","fg0553","fg0897","fg0721","fg0658","fg0303","fg0682","fg0094","fg0372","fg0213","fg0241","fg0567","fg0734","fg0464","fg0127","fg0518","fg0133","fg0978"
"fq002336","vx_409efbcd946f4cd6","fg0520","1","fg0520","fg0048","fg0918","fg0630","fg0011","fg0808","fg0286","fg0215","fg0116","fg0022","fg0669","fg0882","fg0634","fg0635","fg0437","fg0696","fg0553","fg0386","fg0984","fg0415"
"fq002337","vx_409efbcd946f4cd6","fg0520","1","fg0520","fg0048","fg0011","fg0808","fg0286","fg0882","fg0669","fg0918","fg0634","fg0415","fg0215","fg0116","fg0630","fg0984","fg0635","fg0386","fg0643","fg0022","fg0561","fg0437"
"fq002338","vx_409efbcd946f4cd6","fg0520","1","fg0520","fg0048","fg0918","fg0011","fg0630","fg0808","fg0286","fg0215","fg0116","fg0882","fg0634","fg0635","fg0669","fg0022","fg0415","fg0437","fg0984","fg0386","fg0643","fg0685"
"fq002339","vx_409efbcd946f4cd6","fg0520","1","fg0520","fg0048","fg0011","fg0882","fg0215","fg0808","fg0286","fg0669","fg0634","fg0116","fg0437","fg0918","fg0022","fg0635","fg0984","fg0630","fg0386","fg0415","fg0088","fg0263"
"fq002340","vx_409efbcd946f4cd6","fg0520","1","fg0520","fg0048","fg0011","fg0286","fg0808","fg0386","fg0635","fg0486","fg0634","fg0116","fg0882","fg0984","fg0669","fg0215","fg0415","fg0643","fg0647","fg0252","fg0125","fg0357"
"fq002341","vx_501666301c0c97ae","fg0521","95","fg0471","fg0272","fg0075","fg0549","fg0552","fg0638","fg0538","fg0536","fg0722","fg0681","fg0562","fg0192","fg0976","fg0945","fg0136","fg0830","fg0121","fg0382","fg0781","fg0102"
"fq002342","vx_501666301c0c97ae","fg0521","351","fg0433","fg0233","fg0776","fg0474","fg0693","fg0350","fg0562","fg0548","fg0834","fg0884","fg0416","fg0784","fg0976","fg0034","fg0283","fg0479","fg0321","fg0196","fg0225","fg0760"
"fq002343","vx_1506e1485d1fc5e6","fg0522","52","fg0445","fg0654","fg0273","fg0643","fg0261","fg0343","fg0332","fg0785","fg0308","fg0847","fg0150","fg0731","fg0669","fg0344","fg0806","fg0132","fg0766","fg0986","fg0583","fg0032"
"fq002344","vx_fd5d8df5ceff0230","fg0523","123","fg0772","fg0717","fg0251","fg0943","fg0937","fg0078","fg0938","fg0793","fg0469","fg0954","fg0974","fg0340","fg0931","fg0704","fg0699","fg0014","fg0894","fg0828","fg0247","fg0797"
"fq002345","vx_4048ea3722b7a9a2","fg0524","1","fg0524","fg0246","fg0091","fg0044","fg0842","fg0925","fg0379","fg0547","fg0533","fg0277","fg0221","fg0037","fg0588","fg0462","fg0822","fg0180","fg0972","fg0514","fg0062","fg0327"
"fq002346","vx_2814068521177d8b","fg0525","1","fg0525","fg0810","fg0099","fg0906","fg0897","fg0721","fg0013","fg0567","fg0127","fg0258","fg0682","fg0114","fg0869","fg0748","fg0860","fg0986","fg0032","fg0150","fg0847","fg0768"
"fq002347","vx_2814068521177d8b","fg0525","2","fg0099","fg0525","fg0810","fg0897","fg0521","fg0013","fg0734","fg0127","fg0748","fg0906","fg0721","fg0551","fg0761","fg0682","fg0490","fg0857","fg0305","fg0460","fg0567","fg0081"
"fq002348","vx_77d64fae79c67c88","fg0526","1","fg0526","fg0615","fg0291","fg0571","fg0964","fg0093","fg0952","fg0431","fg0929","fg0450","fg0227","fg0320","fg0132","fg0058","fg0636","fg0098","fg0064","fg0436","fg0961","fg0038"
"fq002349","vx_a4eb2a1bfb1c455e","fg0527","226","fg0130","fg0885","fg0569","fg0010","fg0647","fg0466","fg0327","fg0968","fg0294","fg0757","fg0936","fg0653","fg0686","fg0333","fg0690","fg0220","fg0835","fg0932","fg0377","fg0241"
"fq002350","vx_a4eb2a1bfb1c455e","fg0527","41","fg0130","fg0569","fg0885","fg0968","fg0327","fg0690","fg0466","fg0936","fg0653","fg0294","fg0333","fg0686","fg0624","fg0517","fg0376","fg0124","fg0076","fg0821","fg0859","fg0241"
"fq002351","vx_a4eb2a1bfb1c455e","fg0527","54","fg0130","fg0569","fg0885","fg0968","fg0690","fg0466","fg0327","fg0936","fg0294","fg0653","fg0333","fg0517","fg0624","fg0076","fg0686","fg0528","fg0376","fg0117","fg0367","fg0537"
"fq002352","vx_a4eb2a1bfb1c455e","fg0527","3","fg0761","fg0308","fg0527","fg0533","fg0547","fg0667","fg0405","fg0161","fg0978","fg0444","fg0745","fg0822","fg0878","fg0798","fg0790","fg0379","fg0491","fg0800","fg0037","fg0411"
"fq002353","vx_a4eb2a1bfb1c455e","fg0527","14","fg0426","fg0745","fg0411","fg0362","fg0308","fg0316","fg0040","fg0079","fg0260","fg0506","fg0841","fg0980","fg0811","fg0527","fg0996","fg0547","fg0976","fg0561","fg0491","fg0018"
"fq002354","vx_a4eb2a1bfb1c455e","fg0527","37","fg0569","fg0130","fg0885","fg0936","fg0968","fg0466","fg0327","fg0690","fg0294","fg0653","fg0333","fg0517","fg0624","fg0778","fg0334","fg0857","fg0241","fg0528","fg0728","fg0367"
"fq002355","vx_a4eb2a1bfb1c455e","fg0527","18","fg0130","fg0569","fg0885","fg0327","fg0466","fg0745","fg0936","fg0308","fg0968","fg0333","fg0690","fg0653","fg0294","fg0857","fg0778","fg0506","fg0686","fg0527","fg0551","fg0073"
"fq002356","vx_a4eb2a1bfb1c455e","fg0527","13","fg0745","fg0130","fg0569","fg0778","fg0517","fg0885","fg0334","fg0308","fg0936","fg0857","fg0466","fg0968","fg0527","fg0294","fg0506","fg0980","fg0333","fg0809","fg0327","fg0690"
"fq002357","vx_a4eb2a1bfb1c455e","fg0527","11","fg0761","fg0308","fg0161","fg0667","fg0412","fg0822","fg0444","fg0343","fg0379","fg0878","fg0527","fg0478","fg0800","fg0927","fg0225","fg0978","fg0405","fg0896","fg0169","fg0350"
"fq002358","vx_a4eb2a1bfb1c455e","fg0527","65","fg0130","fg0569","fg0885","fg0968","fg0327","fg0690","fg0466","fg0936","fg0294","fg0653","fg0333","fg0686","fg0624","fg0376","fg0124","fg0879","fg0821","fg0076","fg0377","fg0449"
"fq002359","vx_a4eb2a1bfb1c455e","fg0527","273","fg0130","fg0569","fg0885","fg0968","fg0327","fg0690","fg0466","fg0936","fg0294","fg0333","fg0932","fg0653","fg0517","fg0984","fg0686","fg0815","fg0010","fg0728","fg0647","fg0757"
"fq002360","vx_a4eb2a1bfb1c455e","fg0527","45","fg0130","fg0569","fg0885","fg0968","fg0690","fg0327","fg0466","fg0936","fg0294","fg0517","fg0653","fg0333","fg0624","fg0528","fg0117","fg0367","fg0334","fg0376","fg0537","fg0747"
"fq002361","vx_a4eb2a1bfb1c455e","fg0527","1","fg0527","fg0745","fg0778","fg0541","fg0308","fg0313","fg0976","fg0857","fg0426","fg0414","fg0506","fg0385","fg0175","fg0936","fg0490","fg0156","fg0551","fg0521","fg0451","fg0761"
"fq002362","vx_a4eb2a1bfb1c455e","fg0527","20","fg0130","fg0569","fg0936","fg0885","fg0968","fg0745","fg0327","fg0857","fg0778","fg0466","fg0308","fg0333","fg0690","fg0517","fg0653","fg0334","fg0294","fg0976","fg0490","fg0527"
"fq002363","vx_a4eb2a1bfb1c455e","fg0527","38","fg0130","fg0885","fg0327","fg0569","fg0686","fg0333","fg0745","fg0308","fg0968","fg0506","fg0936","fg0932","fg0466","fg0984","fg0121","fg0859","fg0690","fg0294","fg0059","fg0653"
"fq002364","vx_a4eb2a1bfb1c455e","fg0527","3","fg0384","fg0517","fg0527","fg0117","fg0541","fg0747","fg0092","fg0334","fg0708","fg0126","fg0837","fg0528","fg0793","fg0749","fg0542","fg0858","fg0085","fg0537","fg0023","fg0313"
"fq002365","vx_a4eb2a1bfb1c455e","fg0527","364","fg0647","fg0686","fg0010","fg0130","fg0984","fg0506","fg0377","fg0449","fg0327","fg0059","fg0279","fg0124","fg0873","fg0121","fg0415","fg0859","fg0308","fg0181","fg0821","fg0805"
"fq002366","vx_a4eb2a1bfb1c455e","fg0527","56","fg0130","fg0569","fg0885","fg0968","fg0936","fg0466","fg0327","fg0690","fg0517","fg0653","fg0333","fg0294","fg0241","fg0757","fg0528","fg0745","fg0537","fg0835","fg0662","fg0367"
"fq002367","vx_6752a78ed60758e3","fg0528","11","fg0567","fg0127","fg0897","fg0099","fg0748","fg0682","fg0721","fg0525","fg0734","fg0810","fg0528","fg0213","fg0013","fg0886","fg0755","fg0037","fg0667","fg0502","fg0081","fg0555"
"fq002368","vx_e73f61413ffffb43","fg0529","1","fg0529","fg0242","fg0322","fg0961","fg0513","fg0109","fg0925","fg0818","fg0748","fg0033","fg0138","fg0386","fg0739","fg0013","fg0198","fg0600","fg0955","fg0516","fg0750","fg0731"
"fq002369","vx_9a1553a1e3393699","fg0530","1","fg0530","fg0602","fg0395","fg0472","fg0247","fg0899","fg0331","fg0503","fg0123","fg0829","fg0146","fg0157","fg0469","fg0001","fg0794","fg0922","fg0388","fg0937","fg0014","fg0566"
"fq002370","vx_9a1553a1e3393699","fg0530","1","fg0530","fg0602","fg0395","fg0472","fg0247","fg0014","fg0829","fg0899","fg0469","fg0937","fg0931","fg0503","fg0331","fg0123","fg0146","fg0157","fg0001","fg0566","fg0615","fg0388"
"fq002371","vx_9a1553a1e3393699","fg0530","1","fg0530","fg0602","fg0395","fg0472","fg0247","fg0014","fg0331","fg0469","fg0899","fg0937","fg0503","fg0931","fg0123","fg0388","fg0146","fg0829","fg0001","fg0217","fg0157","fg0566"
"fq002372","vx_9a1553a1e3393699","fg0530","1","fg0530","fg0247","fg0395","fg0937","fg0602","fg0014","fg0331","fg0469","fg0472","fg0931","fg0851","fg0704","fg0829","fg0078","fg0797","fg0217","fg0938","fg0566","fg0155","fg0565"
"fq002373","vx_9a1553a1e3393699","fg0530","1","fg0530","fg0602","fg0395","fg0472","fg0247","fg0014","fg0937","fg0899","fg0469","fg0331","fg0931","fg0503","fg0157","fg0123","fg0001","fg0146","fg0388","fg0615","fg0738","fg0352"
"fq002374","vx_9a1553a1e3393699","fg0530","1","fg0530","fg0602","fg0395","fg0472","fg0247","fg0469","fg0014","fg0331","fg0937","fg0829","fg0931","fg0899","fg0862","fg0797","fg0146","fg0123","fg0794","fg0503","fg0922","fg0488"
"fq002375","vx_6a8d6b0797cc6928","fg0531","1","fg0531","fg0774","fg0409","fg0977","fg0186","fg0601","fg0315","fg0814","fg0209","fg0767","fg0540","fg0786","fg0205","fg0946","fg0137","fg0234","fg0631","fg0009","fg0685","fg0268"
"fq002376","vx_6a8d6b0797cc6928","fg0531","1","fg0531","fg0409","fg0268","fg0117","fg0631","fg0601","fg0728","fg0747","fg0688","fg0932","fg0315","fg0727","fg0517","fg0544","fg0367","fg0946","fg0275","fg0126","fg0166","fg0001"
"fq002377","vx_6a8d6b0797cc6928","fg0531","1","fg0531","fg0409","fg0601","fg0631","fg0315","fg0117","fg0797","fg0268","fg0186","fg0814","fg0728","fg0727","fg0704","fg0774","fg0636","fg0688","fg0946","fg0804","fg0009","fg0105"
"fq002378","vx_6a8d6b0797cc6928","fg0531","1","fg0531","fg0409","fg0601","fg0268","fg0117","fg0688","fg0631","fg0275","fg0001","fg0728","fg0946","fg0544","fg0932","fg0727","fg0123","fg0186","fg0774","fg0503","fg0367","fg0088"
"fq002379","vx_6a8d6b0797cc6928","fg0531","1","fg0531","fg0409","fg0268","fg0601","fg0117","fg0631","fg0688","fg0728","fg0001","fg0275","fg0544","fg0727","fg0932","fg0123","fg0946","fg0166","fg0517","fg0503","fg0367","fg0747"
"fq002380","vx_6a8d6b0797cc6928","fg0531","1","fg0531","fg0409","fg0268","fg0117","fg0601","fg0186","fg0631","fg0688","fg0275","fg0001","fg0774","fg0728","fg0123","fg0544","fg0166","fg0503","fg0727","fg0932","fg0517","fg0367"
"fq002381","vx_6a8d6b0797cc6928","fg0531","1","fg0531","fg0601","fg0688","fg0774","fg0186","fg0409","fg0946","fg0088","fg0117","fg0105","fg0727","fg0631","fg0570","fg0166","fg0540","fg0636","fg0315","fg0690","fg0753","fg0545"
"fq002382","vx_6a8d6b0797cc6928","fg0531","1","fg0531","fg0409","fg0268","fg0117","fg0601","fg0001","fg0631","fg0728","fg0275","fg0123","fg0932","fg0503","fg0544","fg0688","fg0727","fg0517","fg0367","fg0126","fg0224","fg0166"
"fq002383","vx_6a8d6b0797cc6928","fg0531","1","fg0531","fg0409","fg0601","fg0268","fg0117","fg0631","fg0728","fg0727","fg0001","fg0275","fg0688","fg0184","fg0544","fg0932","fg0123","fg0367","fg0946","fg0270","fg0503","fg0423"
"fq002384","vx_6a8d6b0797cc6928","fg0531","1","fg0531","fg0409","fg0268","fg0117","fg0601","fg0631","fg0688","fg0728","fg0001","fg0275","fg0544","fg0727","fg0946","fg0932","fg0517","fg0367","fg0166","fg0123","fg0126","fg0186"
"fq002385","vx_6a8d6b0797cc6928","fg0531","1","fg0531","fg0409","fg0601","fg0268","fg0117","fg0631","fg0688","fg0001","fg0728","fg0275","fg0727","fg0544","fg0123","fg0503","fg0932","fg0517","fg0946","fg0747","fg0166","fg0367"
"fq002386","vx_6a8d6b0797cc6928","fg0531","1","fg0531","fg0409","fg0601","fg0117","fg0688","fg0268","fg0631","fg0774","fg0727","fg0186","fg0946","fg0747","fg0728","fg0636","fg0315","fg0685","fg0545","fg0105","fg0804","fg0001"
"fq002387","vx_6a8d6b0797cc6928","fg0531","1","fg0531","fg0409","fg0268","fg0117","fg0601","fg0631","fg0728","fg0688","fg0001","fg0275","fg0932","fg0544","fg0727","fg0367","fg0186","fg0517","fg0123","fg0946","fg0503","fg0747"
"fq002388","vx_6a8d6b0797cc6928","fg0531","1","fg0531","fg0409","fg0601","fg0268","fg0117","fg0631","fg0688","fg0728","fg0946","fg0727","fg0001","fg0275","fg0932","fg0544","fg0685","fg0774","fg0545","fg0166","fg0123","fg0517"
"fq002389","vx_6a8d6b0797cc6928","fg0531","1","fg0531","fg0409","fg0268","fg0117","fg0601","fg0631","fg0001","fg0728","fg0275","fg0688","fg0123","fg0544","fg0503","fg0932","fg0727","fg0517","fg0946","fg0186","fg0367","fg0747"
"fq002390","vx_6a8d6b0797cc6928","fg0531","1","fg0531","fg0601","fg0409","fg0688","fg0088","fg0105","fg0117","fg0186","fg0946","fg0570","fg0631","fg0774","fg0797","fg0268","fg0694","fg0415","fg0636","fg0022","fg0545","fg0315"
"fq002391","vx_6a8d6b0797cc6928","fg0531","1","fg0531","fg0409","fg0601","fg0117","fg0268","fg0631","fg0728","fg0688","fg0747","fg0315","fg0727","fg0946","fg0804","fg0685","fg0932","fg0517","fg0767","fg0753","fg0166","fg0650"
"fq002392","vx_6a8d6b0797cc6928","fg0531","1","fg0531","fg0601","fg0315","fg0778","fg0073","fg0753","fg0679","fg0277","fg0868","fg0105","fg0145","fg0977","fg0409","fg0088","fg0334","fg0774","fg0570","fg0688","fg0946","fg0237"
"fq002393","vx_6a8d6b0797cc6928","fg0531","1","fg0531","fg0315","fg0601","fg0814","fg0767","fg0797","fg0704","fg0105","fg0804","fg0937","fg0946","fg0851","fg0251","fg0234","fg0014","fg0137","fg0570","fg0717","fg0613","fg0771"
"fq002394","vx_6a8d6b0797cc6928","fg0531","1","fg0531","fg0409","fg0268","fg0117","fg0001","fg0631","fg0275","fg0728","fg0601","fg0688","fg0123","fg0503","fg0932","fg0544","fg0727","fg0517","fg0367","fg0774","fg0946","fg0224"
"fq002395","vx_6a8d6b0797cc6928","fg0531","1","fg0531","fg0409","fg0268","fg0117","fg0631","fg0728","fg0601","fg0001","fg0275","fg0688","fg0932","fg0544","fg0123","fg0503","fg0727","fg0517","fg0367","fg0126","fg0946","fg0747"
"fq002396","vx_6a8d6b0797cc6928","fg0531","1","fg0531","fg0409","fg0268","fg0117","fg0631","fg0601","fg0728","fg0688","fg0001","fg0275","fg0544","fg0932","fg0727","fg0123","fg0946","fg0517","fg0503","fg0367","fg0126","fg0166"
"fq002397","vx_6a8d6b0797cc6928","fg0531","1","fg0531","fg0409","fg0601","fg0268","fg0117","fg0688","fg0631","fg0728","fg0932","fg0544","fg0946","fg0747","fg0517","fg0186","fg0001","fg0727","fg0774","fg0275","fg0367","fg0685"
"fq002398","vx_6a8d6b0797cc6928","fg0531","1","fg0531","fg0409","fg0601","fg0268","fg0117","fg0631","fg0688","fg0001","fg0728","fg0727","fg0275","fg0544","fg0123","fg0503","fg0932","fg0946","fg0517","fg0685","fg0166","fg0126"
"fq002399","vx_6a8d6b0797cc6928","fg0531","1","fg0531","fg0409","fg0601","fg0631","fg0268","fg0117","fg0688","fg0728","fg0275","fg0001","fg0544","fg0727","fg0932","fg0946","fg0774","fg0126","fg0685","fg0186","fg0367","fg0166"
"fq002400","vx_6a8d6b0797cc6928","fg0531","1","fg0531","fg0409","fg0268","fg0117","fg0601","fg0631","fg0728","fg0688","fg0001","fg0275","fg0932","fg0544","fg0123","fg0503","fg0727","fg0517","fg0946","fg0367","fg0166","fg0224"
"fq002401","vx_6a8d6b0797cc6928","fg0531","1","fg0531","fg0409","fg0601","fg0268","fg0117","fg0631","fg0688","fg0774","fg0001","fg0275","fg0727","fg0186","fg0315","fg0814","fg0503","fg0728","fg0767","fg0123","fg0932","fg0142"
"fq002402","vx_6a8d6b0797cc6928","fg0531","1","fg0531","fg0409","fg0268","fg0631","fg0117","fg0601","fg0728","fg0932","fg0727","fg0001","fg0275","fg0747","fg0544","fg0688","fg0367","fg0126","fg0123","fg0517","fg0142","fg0315"
"fq002403","vx_f8dd0c6b6113743d","fg0532","1","fg0532","fg0244","fg0939","fg0475","fg0674","fg0702","fg0437","fg0706","fg0436","fg0287","fg0819","fg0592","fg0796","fg0955","fg0318","fg0952","fg0207","fg0152","fg0663","fg0425"
"fq002404","vx_18938eb1e727439c","fg0533","79","fg0102","fg0648","fg0941","fg0801","fg0945","fg0722","fg0501","fg0043","fg0192","fg0910","fg0136","fg0996","fg0385","fg0956","fg0471","fg0610","fg0659","fg0130","fg0838","fg0131"
"fq002405","vx_80d59b3f9e7cf353","fg0534","2","fg0018","fg0534","fg0180","fg0588","fg0062","fg0379","fg0037","fg0547","fg0533","fg0894","fg0724","fg0692","fg0262","fg0814","fg0822","fg0811","fg0541","fg0134","fg0665","fg0315"
"fq002406","vx_bd930c4cd9ba4136","fg0535","1","fg0535","fg0835","fg0537","fg0757","fg0662","fg0865","fg0182","fg0517","fg0470","fg0932","fg0367","fg0241","fg0033","fg0181","fg0159","fg0942","fg0121","fg0258","fg0528","fg0793"
"fq002407","vx_f5d953435e8f0e0c","fg0536","2","fg0075","fg0536","fg0549","fg0552","fg0681","fg0638","fg0272","fg0471","fg0830","fg0781","fg0457","fg0382","fg0538","fg0492","fg1000","fg0413","fg0469","fg0318","fg0248","fg0446"
"fq002408","vx_f5d953435e8f0e0c","fg0536","1","fg0536","fg0075","fg0681","fg0549","fg0552","fg0638","fg0781","fg0471","fg0272","fg0830","fg0457","fg0382","fg0538","fg1000","fg0492","fg0727","fg0413","fg0925","fg0318","fg0023"
"fq002409","vx_2c5fe775dd14561d","fg0537","1","fg0537","fg0131","fg0533","fg0547","fg0757","fg0863","fg0367","fg0301","fg0667","fg0379","fg0355","fg0865","fg0588","fg0160","fg0517","fg0835","fg0018","fg0811","fg0662","fg0062"
"fq002410","vx_fc40565e524e02a6","fg0538","1","fg0538","fg0997","fg0809","fg0728","fg0835","fg0760","fg0153","fg0932","fg0797","fg0934","fg0593","fg0631","fg0479","fg0104","fg0757","fg0517","fg0747","fg0268","fg0544","fg0859"
"fq002411","vx_c81a57e94a56e0ea","fg0539","4","fg0815","fg0812","fg0434","fg0539","fg0156","fg0308","fg0486","fg0884","fg0887","fg0976","fg0112","fg0433","fg0978","fg0506","fg0784","fg0200","fg0935","fg0745","fg0562","fg0305"
"fq002412","vx_e2d30ac9a55631c7","fg0540","1","fg0540","fg0232","fg0576","fg0422","fg0844","fg0105","fg0516","fg0701","fg0493","fg0170","fg0340","fg0287","fg0104","fg0601","fg0317","fg0135","fg0282","fg0011","fg0459","fg0002"
"fq002413","vx_e2d30ac9a55631c7","fg0540","1","fg0540","fg0701","fg0493","fg0104","fg0924","fg0002","fg0554","fg0271","fg0135","fg0888","fg0610","fg0317","fg0133","fg0802","fg0601","fg0576","fg0459","fg0395","fg0566","fg0447"
"fq002414","vx_e2d30ac9a55631c7","fg0540","1","fg0540","fg0576","fg0232","fg0105","fg0422","fg0780","fg0701","fg0007","fg0493","fg0494","fg0459","fg0554","fg0601","fg0849","fg0894","fg0516","fg0320","fg0484","fg0340","fg0752"
"fq002415","vx_e2d30ac9a55631c7","fg0540","1","fg0540","fg0422","fg0232","fg0844","fg0576","fg0170","fg0516","fg0105","fg0340","fg0104","fg0601","fg0701","fg0287","fg0317","fg0135","fg0209","fg0493","fg0002","fg0022","fg0309"
"fq002416","vx_ed1d1ac6deb35551","fg0541","37","fg0790","fg0859","fg0707","fg0121","fg0619","fg0306","fg0176","fg0272","fg0075","fg0812","fg0549","fg0681","fg0781","fg0612","fg0471","fg0006","fg0486","fg0830","fg0457","fg0560"
"fq002417","vx_686b5d633b6411a3","fg0542","2","fg0050","fg0542","fg0672","fg0135","fg0627","fg0980","fg0896","fg0984","fg0025","fg0789","fg0766","fg0846","fg0518","fg0005","fg0482","fg0561","fg0955","fg0727","fg0931","fg0536"
"fq002418","vx_29c0493bddb3c254","fg0543","1","fg0543","fg0933","fg0660","fg0452","fg0989","fg0684","fg0864","fg0522","fg0791","fg0225","fg0159","fg0951","fg0086","fg0440","fg0658","fg0837","fg0990","fg0359","fg0535","fg0696"
"fq002419","vx_80cae84cc530a3c8","fg0544","1","fg0544","fg0396","fg0695","fg0637","fg0997","fg0632","fg0374","fg0440","fg0929","fg0908","fg0535","fg0085","fg0767","fg0700","fg0661","fg0404","fg0007","fg0304","fg0441","fg0403"
"fq002420","vx_12d553626e41dbd0","fg0545","1","fg0545","fg0274","fg0796","fg0325","fg0909","fg0707","fg0261","fg0369","fg0870","fg0314","fg0880","fg0537","fg0335","fg0556","fg0859","fg0462","fg0782","fg0835","fg0759","fg0216"
"fq002421","vx_12d553626e41dbd0","fg0545","1","fg0545","fg0274","fg0796","fg0325","fg0909","fg0707","fg0261","fg0870","fg0369","fg0335","fg0537","fg0880","fg0556","fg0859","fg0314","fg0462","fg0782","fg0759","fg0216","fg0835"
"fq002422","vx_12d553626e41dbd0","fg0545","1","fg0545","fg0274","fg0796","fg0325","fg0909","fg0707","fg0261","fg0369","fg0870","fg0880","fg0314","fg0537","fg0859","fg0556","fg0462","fg0335","fg0759","fg0782","fg0246","fg0216"
"fq002423","vx_12d553626e41dbd0","fg0545","1","fg0545","fg0274","fg0796","fg0325","fg0909","fg0707","fg0261","fg0369","fg0870","fg0880","fg0314","fg0859","fg0335","fg0556","fg0537","fg0462","fg0216","fg0782","fg0759","fg0650"
"fq002424","vx_12d553626e41dbd0","fg0545","168","fg0192","fg0945","fg0533","fg0801","fg0722","fg0411","fg0648","fg0996","fg0102","fg0941","fg0547","fg0501","fg0043","fg0588","fg0180","fg0724","fg0062","fg0379","fg0910","fg0136"
"fq002425","vx_12d553626e41dbd0","fg0545","1","fg0545","fg0274","fg0796","fg0325","fg0909","fg0707","fg0261","fg0369","fg0870","fg0537","fg0880","fg0335","fg0314","fg0859","fg0556","fg0462","fg0835","fg0782","fg0759","fg0216"
"fq002426","vx_12d553626e41dbd0","fg0545","157","fg0411","fg0533","fg0547","fg0996","fg0192","fg0588","fg0180","fg0062","fg0724","fg0379","fg0945","fg0018","fg0316","fg0362","fg0722","fg0801","fg0037","fg0648","fg0811","fg0102"
"fq002427","vx_d75eb54384bdf5fe","fg0546","1","fg0546","fg0608","fg0375","fg0443","fg0325","fg0004","fg0750","fg0020","fg0200","fg0570","fg0386","fg0731","fg0752","fg0011","fg0669","fg0344","fg0739","fg0853","fg0172","fg0290"
"fq002428","vx_29f9ab26aa88b1b4","fg0547","41","fg0904","fg0739","fg0697","fg0170","fg0849","fg0470","fg0725","fg0570","fg0056","fg0763","fg0447","fg0790","fg0119","fg0643","fg0837","fg0830","fg0274","fg0761","fg0499","fg0024"
"fq002429","vx_f194bf58dfb37fde","fg0548","5","fg0292","fg0329","fg0288","fg0207","fg0548","fg0271","fg0073","fg0405","fg0751","fg0619","fg0331","fg0798","fg0120","fg0423","fg0551","fg0976","fg0035","fg0985","fg0153","fg0366"
"fq002430","vx_6545167ef9808fe7","fg0549","1","fg0549","fg0075","fg0681","fg0552","fg0638","fg0781","fg0536","fg0471","fg0272","fg0830","fg0457","fg0382","fg0538","fg0413","fg0318","fg1000","fg0492","fg0469","fg0248","fg0342"
"fq002431","vx_cda5ad2245065d65","fg0550","1","fg0550","fg0086","fg0864","fg0951","fg0709","fg0410","fg0354","fg0677","fg0110","fg0697","fg0720","fg0639","fg0664","fg0966","fg0670","fg0126","fg0507","fg0543","fg0988","fg0211"
"fq002432","vx_cda5ad2245065d65","fg0550","1","fg0550","fg0086","fg0864","fg0951","fg0709","fg0410","fg0677","fg0354","fg0664","fg0639","fg0507","fg0110","fg0126","fg0988","fg0697","fg0720","fg0236","fg0676","fg0966","fg0017"
"fq002433","vx_2a694076b5de0e16","fg0551","1","fg0551","fg0857","fg0490","fg0024","fg0778","fg0619","fg0460","fg0745","fg0936","fg0385","fg0790","fg0958","fg0521","fg0175","fg0271","fg0569","fg0241","fg0886","fg0613","fg0912"
"fq002434","vx_f1ecd4de670a272e","fg0552","1","fg0552","fg0075","fg0549","fg0638","fg0471","fg0272","fg0681","fg0830","fg0536","fg0457","fg0781","fg0538","fg0469","fg0248","fg0945","fg0772","fg0382","fg0757","fg0342","fg0835"
"fq002435","vx_e434c0c28065d835","fg0553","134","fg0872","fg0981","fg0185","fg0876","fg0775","fg0683","fg0012","fg0299","fg0162","fg0839","fg0963","fg0383","fg0726","fg0720","fg0971","fg0513","fg0649","fg0581","fg0958","fg0895"
"fq002436","vx_e434c0c28065d835","fg0553","18","fg0895","fg0410","fg0185","fg0126","fg0872","fg0720","fg0633","fg0683","fg0618","fg0162","fg0876","fg0734","fg0204","fg0304","fg0465","fg0971","fg0928","fg0553","fg0726","fg0723"
"fq002437","vx_e434c0c28065d835","fg0553","12","fg0872","fg0895","fg0185","fg0410","fg0683","fg0876","fg0675","fg0720","fg0958","fg0981","fg0126","fg0553","fg0971","fg0162","fg0775","fg0734","fg0465","fg0868","fg0061","fg0649"
"fq002438","vx_bdf2b6568d4f82f9","fg0554","1","fg0554","fg0113","fg0601","fg0788","fg0134","fg0115","fg0783","fg0692","fg0891","fg0230","fg0493","fg0610","fg0705","fg0079","fg0203","fg0534","fg0395","fg0685","fg0141","fg0746"
"fq002439","vx_a97cf49a7cf5ce7d","fg0555","1","fg0555","fg0714","fg0823","fg0240","fg0611","fg0768","fg0419","fg0998","fg0373","fg0114","fg0446","fg0592","fg0525","fg0013","fg0099","fg0682","fg0810","fg0128","fg0897","fg0563"
"fq002440","vx_c8f70665a0682a61","fg0556","1","fg0556","fg0734","fg0559","fg0782","fg0279","fg0148","fg0302","fg0618","fg0880","fg0127","fg0528","fg0030","fg0136","fg0751","fg0517","fg0567","fg0213","fg0331","fg0866","fg0545"
"fq002441","vx_2d1886f14de4b3d6","fg0557","1","fg0557","fg0412","fg0379","fg0927","fg0894","fg0883","fg0822","fg0318","fg0169","fg0018","fg0028","fg0396","fg0062","fg0547","fg0180","fg0724","fg0037","fg0561","fg0027","fg0588"
"fq002442","vx_76384b36a315a639","fg0558","526","fg0180","fg0379","fg0062","fg0588","fg0547","fg0018","fg0533","fg0037","fg0822","fg0724","fg0811","fg0894","fg0665","fg0411","fg0027","fg0262","fg0679","fg0541","fg0031","fg0990"
"fq002443","vx_73fb41edb7145dbc","fg0559","1","fg0559","fg0148","fg0302","fg0734","fg0279","fg0556","fg0618","fg0136","fg0055","fg0628","fg0127","fg0331","fg0695","fg0866","fg0496","fg0606","fg0948","fg0897","fg0502","fg0921"
"fq002444","vx_73fb41edb7145dbc","fg0559","1","fg0559","fg0148","fg0302","fg0734","fg0279","fg0618","fg0556","fg0136","fg0055","fg0628","fg0695","fg0331","fg0866","fg0127","fg0921","fg0775","fg0606","fg0356","fg0564","fg0583"
"fq002445","vx_73fb41edb7145dbc","fg0559","1","fg0559","fg0734","fg0148","fg0302","fg0279","fg0618","fg0556","fg0127","fg0331","fg0136","fg0751","fg0980","fg0897","fg0421","fg0721","fg0099","fg0496","fg0333","fg0504","fg0021"
"fq002446","vx_73fb41edb7145dbc","fg0559","1","fg0559","fg0148","fg0302","fg0734","fg0279","fg0618","fg0556","fg0136","fg0055","fg0127","fg0866","fg0628","fg0331","fg0496","fg0606","fg0564","fg0099","fg0574","fg0003","fg0695"
"fq002447","vx_73fb41edb7145dbc","fg0559","429","fg0031","fg0665","fg0218","fg0496","fg0837","fg0522","fg0118","fg0933","fg0543","fg0159","fg0240","fg0555","fg0430","fg0373","fg0611","fg0797","fg0452","fg0714","fg0823","fg0525"
"fq002448","vx_73fb41edb7145dbc","fg0559","1","fg0559","fg0148","fg0302","fg0734","fg0279","fg0618","fg0556","fg0136","fg0331","fg0055","fg0628","fg0496","fg0127","fg0866","fg0564","fg0606","fg0574","fg0695","fg0948","fg0099"
"fq002449","vx_73fb41edb7145dbc","fg0559","75","fg0114","fg0013","fg0652","fg0099","fg0152","fg0810","fg0897","fg0081","fg0525","fg0734","fg0644","fg0729","fg0906","fg0833","fg0721","fg0108","fg0567","fg0755","fg0748","fg0419"
"fq002450","vx_77a5a849ee014565","fg0560","134","fg0461","fg0201","fg0640","fg0940","fg0625","fg0276","fg0629","fg0995","fg0923","fg0759","fg0912","fg0026","fg0881","fg0985","fg0866","fg0057","fg0804","fg0571","fg0017","fg0442"
"fq002451","vx_886240fb2a743c49","fg0561","6","fg0866","fg0528","fg0502","fg0663","fg0025","fg0561","fg0839","fg0413","fg0299","fg0921","fg0210","fg0539","fg0212","fg0876","fg0136","fg0966","fg0627","fg0505","fg0187","fg0929"
"fq002452","vx_5f5e263ebc1bd27d","fg0562","13","fg0015","fg0071","fg0852","fg0365","fg0275","fg0001","fg0503","fg0623","fg0123","fg0404","fg0732","fg0388","fg0562","fg0712","fg0590","fg0821","fg0456","fg0843","fg0328","fg0337"
"fq002453","vx_5f5e263ebc1bd27d","fg0562","1","fg0562","fg0479","fg0548","fg0834","fg0976","fg0196","fg0884","fg0746","fg0760","fg0388","fg0784","fg0010","fg0363","fg0275","fg0439","fg0001","fg0034","fg0200","fg0365","fg0283"
"fq002454","vx_6a45877a9e63565c","fg0563","1","fg0563","fg0495","fg0257","fg0658","fg0573","fg0897","fg0464","fg0567","fg0187","fg0657","fg0709","fg0775","fg0555","fg0019","fg0682","fg0553","fg0893","fg0504","fg0755","fg0714"
"fq002455","vx_9381ea13f3d39de9","fg0564","23","fg0801","fg0945","fg0941","fg0648","fg0102","fg0043","fg0192","fg0501","fg0722","fg0910","fg0136","fg0996","fg0956","fg0471","fg0385","fg0131","fg0610","fg0659","fg0058","fg0863"
"fq002456","vx_9381ea13f3d39de9","fg0564","1","fg0564","fg0689","fg0059","fg0121","fg0686","fg0984","fg0002","fg0041","fg0083","fg0932","fg0435","fg0393","fg0751","fg0337","fg0859","fg0511","fg0426","fg0067","fg0697","fg0484"
"fq002457","vx_51908dae37c0e386","fg0565","16","fg0180","fg0588","fg0724","fg0062","fg0018","fg0547","fg0037","fg0379","fg0533","fg0894","fg0811","fg0822","fg0027","fg0665","fg0411","fg0565","fg0851","fg0679","fg0956","fg0809"
"fq002458","vx_51908dae37c0e386","fg0565","1","fg0565","fg0851","fg0956","fg0931","fg0809","fg0875","fg0937","fg0014","fg0153","fg0738","fg0469","fg0210","fg0797","fg0247","fg0890","fg0460","fg0704","fg0747","fg0607","fg0814"
"fq002459","vx_d586724bf6269b91","fg0566","1","fg0566","fg0193","fg0493","fg0701","fg0812","fg0243","fg0815","fg0486","fg0820","fg0958","fg0966","fg0728","fg0434","fg0372","fg0005","fg0684","fg0300","fg0211","fg0887","fg0331"
"fq002460","vx_d586724bf6269b91","fg0566","1","fg0566","fg0966","fg0243","fg0193","fg0493","fg0953","fg0984","fg0696","fg0070","fg0296","fg0701","fg0820","fg0462","fg0728","fg0817","fg0005","fg0542","fg0554","fg0307","fg0374"
"fq002461","vx_e6450f81282c5a25","fg0567","1","fg0567","fg0127","fg0897","fg0682","fg0721","fg0748","fg0099","fg0810","fg0755","fg0504","fg0519","fg0525","fg0734","fg0439","fg0563","fg0136","fg0464","fg0555","fg0618","fg0152"
"fq002462","vx_5afd4a9659f75afd","fg0568","1","fg0568","fg0574","fg0606","fg0889","fg0598","fg0269","fg0874","fg0584","fg0140","fg0136","fg0722","fg0063","fg0192","fg0840","fg0385","fg0818","fg0648","fg0501","fg0508","fg0102"
"fq002463","vx_4169081567318195","fg0569","1","fg0569","fg0936","fg0130","fg0885","fg0294","fg0466","fg0968","fg0653","fg0690","fg0490","fg0327","fg0778","fg0333","fg0241","fg0624","fg0857","fg0656","fg0551","fg0745","fg0458"
"fq002464","vx_4169081567318195","fg0569","1","fg0569","fg0130","fg0885","fg0294","fg0968","fg0466","fg0690","fg0936","fg0653","fg0327","fg0458","fg0160","fg0333","fg0863","fg0301","fg0412","fg0379","fg0624","fg0822","fg0262"
"fq002465","vx_a4749ff598aca5c0","fg0570","1","fg0570","fg0406","fg0390","fg0105","fg0375","fg0415","fg0643","fg0805","fg0800","fg0955","fg0344","fg0074","fg0004","fg0879","fg0752","fg0277","fg0718","fg0056","fg0546","fg0961"
"fq002466","vx_a4749ff598aca5c0","fg0570","1","fg0570","fg0406","fg0375","fg0390","fg0277","fg0893","fg0417","fg0917","fg0752","fg0643","fg0955","fg0511","fg0499","fg0202","fg0415","fg0056","fg0024","fg0898","fg0718","fg0073"
"fq002467","vx_a4749ff598aca5c0","fg0570","1","fg0570","fg0262","fg0511","fg0499","fg0749","fg0202","fg0752","fg0426","fg0406","fg0897","fg0755","fg0917","fg0780","fg0604","fg0673","fg0121","fg0024","fg0687","fg0127","fg0099"
"fq002468","vx_a4749ff598aca5c0","fg0570","2","fg0024","fg0570","fg0121","fg0886","fg0521","fg0790","fg0619","fg0258","fg0271","fg0509","fg0777","fg0667","fg0017","fg0133","fg0679","fg0834","fg0003","fg0175","fg0551","fg0866"
"fq002469","vx_a4749ff598aca5c0","fg0570","1","fg0570","fg0881","fg0995","fg0461","fg0201","fg0406","fg0640","fg0390","fg0955","fg0912","fg0375","fg0625","fg0718","fg0017","fg0276","fg0121","fg0713","fg0202","fg0917","fg0643"
"fq002470","vx_a4749ff598aca5c0","fg0570","1","fg0570","fg0406","fg0961","fg0511","fg0375","fg0917","fg0390","fg0423","fg0752","fg0202","fg0955","fg0718","fg0499","fg0643","fg0445","fg0246","fg0344","fg0893","fg0277","fg0541"
"fq002471","vx_a4749ff598aca5c0","fg0570","1","fg0570","fg0024","fg0121","fg0406","fg0521","fg0333","fg0955","fg0857","fg0375","fg0745","fg0490","fg0834","fg0175","fg0886","fg0551","fg0133","fg0499","fg0643","fg0778","fg0390"
"fq002472","vx_f236c8ff48c0a882","fg0571","1","fg0571","fg0771","fg0804","fg0353","fg0625","fg0964","fg0958","fg0784","fg0834","fg0884","fg0283","fg0384","fg0034","fg0858","fg0548","fg0282","fg0464","fg0657","fg0427","fg0299"
"fq002473","vx_58e3400eb49e70ac","fg0572","1","fg0572","fg0796","fg0755","fg0499","fg0806","fg0610","fg0616","fg0013","fg0209","fg0637","fg0119","fg0246","fg0049","fg0036","fg0917","fg0332","fg0844","fg0200","fg0369","fg0390"
"fq002474","vx_58e3400eb49e70ac","fg0572","1","fg0572","fg0796","fg0499","fg0755","fg0426","fg0610","fg0079","fg0119","fg0761","fg0362","fg0511","fg0917","fg0316","fg0491","fg0411","fg0527","fg0616","fg0246","fg0637","fg0209"
"fq002475","vx_58e3400eb49e70ac","fg0572","1","fg0572","fg0667","fg0131","fg0491","fg0301","fg0863","fg0687","fg0796","fg0426","fg0355","fg0499","fg0160","fg0316","fg0362","fg0533","fg0079","fg0112","fg0755","fg0511","fg0133"
"fq002476","vx_58e3400eb49e70ac","fg0572","1","fg0572","fg0796","fg0755","fg0499","fg0610","fg0390","fg0013","fg0246","fg0119","fg0917","fg0209","fg0692","fg0616","fg0511","fg0036","fg0202","fg0793","fg0024","fg0806","fg0044"
"fq002477","vx_58e3400eb49e70ac","fg0572","1","fg0572","fg0980","fg0506","fg0499","fg0796","fg0175","fg0957","fg0896","fg0831","fg0390","fg0561","fg0656","fg0949","fg0112","fg0853","fg0751","fg0917","fg0745","fg0737","fg0802"
"fq002478","vx_58e3400eb49e70ac","fg0572","1","fg0572","fg0610","fg0043","fg0722","fg0648","fg0102","fg0796","fg0941","fg0945","fg0801","fg0501","fg0192","fg0136","fg0910","fg0956","fg0996","fg0385","fg0755","fg0849","fg0095"
"fq002479","vx_58e3400eb49e70ac","fg0572","1","fg0572","fg0796","fg0755","fg0499","fg0610","fg0013","fg0119","fg0616","fg0209","fg0806","fg0044","fg0369","fg0637","fg0332","fg0123","fg0844","fg0971","fg0049","fg0390","fg0388"
"fq002480","vx_58e3400eb49e70ac","fg0572","1","fg0572","fg0796","fg0423","fg0755","fg0392","fg0610","fg0013","fg0119","fg0711","fg0499","fg0692","fg0184","fg0432","fg0270","fg0390","fg0637","fg0806","fg0793","fg0990","fg0035"
"fq002481","vx_0bbebab6bc5d304a","fg0573","414","fg0059","fg0697","fg0725","fg0435","fg0317","fg0106","fg0438","fg0511","fg0942","fg0195","fg0336","fg0909","fg0667","fg0211","fg0170","fg0907","fg0334","fg0279","fg0976","fg0308"
"fq002482","vx_0bbebab6bc5d304a","fg0573","1","fg0573","fg0914","fg0657","fg0515","fg0427","fg0257","fg0563","fg0749","fg0159","fg0658","fg0047","fg0283","fg0933","fg0576","fg0505","fg0167","fg0837","fg0784","fg0117","fg0593"
"fq002483","vx_0bbebab6bc5d304a","fg0573","1","fg0573","fg0914","fg0362","fg0657","fg0491","fg0260","fg0079","fg0040","fg0841","fg0316","fg0426","fg0996","fg0687","fg0411","fg0947","fg0392","fg0423","fg0183","fg0527","fg0515"
"fq002484","vx_0bbebab6bc5d304a","fg0573","1","fg0573","fg0914","fg0657","fg0515","fg0427","fg0047","fg0658","fg0749","fg0257","fg0159","fg0563","fg0522","fg0933","fg0837","fg0283","fg0784","fg0715","fg0576","fg0505","fg0151"
"fq002485","vx_0bbebab6bc5d304a","fg0573","1","fg0573","fg0914","fg0657","fg0515","fg0427","fg0257","fg0658","fg0159","fg0563","fg0749","fg0047","fg0283","fg0576","fg0933","fg0715","fg0784","fg0548","fg0157","fg0837","fg0522"
"fq002486","vx_acc455d74aa65a6e","fg0574","1","fg0574","fg0889","fg0320","fg0568","fg0874","fg0144","fg0603","fg0902","fg0346","fg0915","fg0372","fg0149","fg0450","fg0584","fg0356","fg0254","fg0227","fg0607","fg0404","fg0454"
"fq002487","vx_acc455d74aa65a6e","fg0574","1","fg0574","fg0568","fg0254","fg0889","fg0584","fg0069","fg0994","fg0431","fg0560","fg0346","fg0006","fg0877","fg0508","fg0780","fg0073","fg0412","fg0915","fg0606","fg0320","fg0149"
"fq002488","vx_acc455d74aa65a6e","fg0574","1","fg0574","fg0889","fg0568","fg0320","fg0874","fg0584","fg0254","fg0346","fg0069","fg0144","fg0603","fg0431","fg0994","fg0915","fg0902","fg0389","fg0705","fg0877","fg0560","fg0372"
"fq002489","vx_acc455d74aa65a6e","fg0574","1","fg0574","fg0568","fg0889","fg0584","fg0254","fg0346","fg0320","fg0144","fg0069","fg0994","fg0431","fg0560","fg0915","fg0606","fg0508","fg0874","fg0149","fg0877","fg0603","fg0780"
"fq002490","vx_acc455d74aa65a6e","fg0574","1","fg0574","fg0568","fg0889","fg0584","fg0346","fg0874","fg0320","fg0606","fg0915","fg0073","fg0269","fg0144","fg0006","fg0149","fg0705","fg0508","fg0372","fg0560","fg0780","fg0356"
"fq002491","vx_b1d2984a216927cf","fg0575","1","fg0575","fg0228","fg0836","fg0489","fg0850","fg0066","fg0845","fg0370","fg0678","fg0578","fg0871","fg0080","fg0648","fg0136","fg0722","fg0945","fg0324","fg0941","fg0102","fg0192"
"fq002492","vx_79da32edfd0f8004","fg0576","1","fg0576","fg0232","fg0766","fg0540","fg0366","fg0573","fg0657","fg0914","fg0282","fg0271","fg0494","fg0203","fg0517","fg0287","fg0105","fg0035","fg0331","fg0423","fg0196","fg0631"
"fq002493","vx_c0228351e8108922","fg0577","1","fg0577","fg0827","fg0974","fg0921","fg0363","fg0828","fg0159","fg0477","fg0308","fg0613","fg0118","fg0038","fg0943","fg0793","fg0929","fg0547","fg0483","fg0757","fg0533","fg0241"
"fq002494","vx_c0228351e8108922","fg0577","1","fg0577","fg0827","fg0974","fg0921","fg0363","fg0613","fg0732","fg0708","fg0828","fg0477","fg0118","fg0852","fg0702","fg0943","fg0929","fg0365","fg0015","fg0983","fg0087","fg0328"
"fq002495","vx_6b8ee4b0977c3be5","fg0578","7","fg0584","fg0560","fg0922","fg0508","fg0006","fg0400","fg0578","fg0834","fg0188","fg0310","fg0976","fg0784","fg0159","fg0583","fg0034","fg0283","fg0613","fg0884","fg0811","fg0548"
"fq002496","vx_6b8ee4b0977c3be5","fg0578","125","fg0837","fg0522","fg0159","fg0980","fg0561","fg0496","fg0506","fg0283","fg0308","fg0243","fg0804","fg0961","fg0034","fg0834","fg0525","fg0828","fg0031","fg0672","fg0402","fg0976"
"fq002497","vx_87630f0aebb78d63","fg0579","17","fg0980","fg0751","fg0887","fg0896","fg0957","fg0776","fg0056","fg0496","fg0433","fg0499","fg0485","fg0331","fg0021","fg0506","fg0421","fg0305","fg0579","fg0366","fg0809","fg0112"
"fq002498","vx_85d4673af5495908","fg0580","1","fg0580","fg0307","fg0045","fg0348","fg0487","fg0896","fg0177","fg0464","fg0345","fg0726","fg0795","fg0978","fg0765","fg0378","fg0955","fg0436","fg0156","fg0817","fg0490","fg0467"
"fq002499","vx_ce65eec3df007d0e","fg0581","1","fg0581","fg0223","fg0617","fg0750","fg0805","fg0635","fg0202","fg0158","fg0725","fg0949","fg0770","fg0766","fg0631","fg0961","fg0576","fg0074","fg0242","fg0105","fg0425","fg0279"
"fq002500","vx_6ddb7bfe61d890cc","fg0582","1","fg0582","fg0861","fg0375","fg0039","fg0158","fg0591","fg0517","fg0662","fg0002","fg0181","fg0334","fg0013","fg0440","fg0585","fg0125","fg0144","fg0750","fg0367","fg0391","fg0679"
"fq002501","vx_6ddb7bfe61d890cc","fg0582","1","fg0582","fg0441","fg0861","fg0632","fg0375","fg0125","fg0085","fg0039","fg0539","fg0106","fg0158","fg0637","fg0188","fg0528","fg0915","fg0181","fg0876","fg0963","fg0662","fg0013"
"fq002502","vx_6ddb7bfe61d890cc","fg0582","1","fg0582","fg0275","fg0123","fg0015","fg0001","fg0503","fg0852","fg0732","fg0388","fg0365","fg0268","fg0712","fg0071","fg0821","fg0702","fg0281","fg0159","fg0962","fg0456","fg0409"
"fq002503","vx_c0bf7217b4d65a5b","fg0583","1","fg0583","fg0159","fg0869","fg0032","fg0847","fg0090","fg0150","fg0986","fg0258","fg0417","fg0860","fg0103","fg0718","fg0496","fg0283","fg0402","fg0837","fg0522","fg0333","fg0834"
"fq002504","vx_c0bf7217b4d65a5b","fg0583","1","fg0583","fg0032","fg0986","fg0847","fg0869","fg0150","fg0090","fg0860","fg0258","fg0718","fg0103","fg0417","fg0333","fg0786","fg0763","fg0159","fg0858","fg0176","fg0327","fg0624"
"fq002505","vx_c0bf7217b4d65a5b","fg0583","1","fg0583","fg0869","fg0032","fg0258","fg0090","fg0986","fg0847","fg0150","fg0860","fg0417","fg0103","fg0718","fg0159","fg0333","fg0745","fg0798","fg0176","fg0017","fg0786","fg0402"
"fq002506","vx_c0bf7217b4d65a5b","fg0583","1","fg0583","fg0032","fg0986","fg0869","fg0150","fg0847","fg0090","fg0258","fg0860","fg0103","fg0718","fg0417","fg0786","fg0333","fg0763","fg0745","fg0176","fg0858","fg0159","fg0624"
"fq002507","vx_c0bf7217b4d65a5b","fg0583","1","fg0583","fg0032","fg0986","fg0869","fg0847","fg0150","fg0090","fg0258","fg0860","fg0718","fg0417","fg0103","fg0176","fg0333","fg0029","fg0786","fg0639","fg0763","fg0858","fg0159"
"fq002508","vx_c0bf7217b4d65a5b","fg0583","1","fg0583","fg0032","fg0869","fg0986","fg0847","fg0150","fg0090","fg0860","fg0258","fg0103","fg0718","fg0417","fg0763","fg0786","fg0176","fg0798","fg0242","fg0745","fg0707","fg0529"
"fq002509","vx_c0bf7217b4d65a5b","fg0583","221","fg0062","fg0588","fg0180","fg0533","fg0547","fg0037","fg0018","fg0724","fg0379","fg0811","fg0027","fg0822","fg0411","fg0894","fg0665","fg0679","fg0990","fg0262","fg0192","fg0989"
"fq002510","vx_c0bf7217b4d65a5b","fg0583","1","fg0583","fg0869","fg0745","fg0032","fg0258","fg0090","fg0986","fg0385","fg0847","fg0103","fg0150","fg0860","fg0176","fg0417","fg0718","fg0857","fg0790","fg0551","fg0778","fg0619"
"fq002511","vx_c0bf7217b4d65a5b","fg0583","1","fg0583","fg0834","fg0283","fg0784","fg0159","fg0976","fg0359","fg0402","fg0308","fg0034","fg0543","fg0884","fg0899","fg0440","fg0548","fg0452","fg0157","fg0398","fg0225","fg0665"
"fq002512","vx_c0bf7217b4d65a5b","fg0583","5","fg0523","fg0057","fg0699","fg0092","fg0583","fg0706","fg0930","fg0869","fg0032","fg0986","fg0150","fg0860","fg0090","fg0847","fg0970","fg0258","fg0103","fg0718","fg0417","fg0659"
"fq002513","vx_c0bf7217b4d65a5b","fg0583","1","fg0583","fg0869","fg0032","fg0090","fg0986","fg0258","fg0847","fg0150","fg0417","fg0860","fg0103","fg0718","fg0159","fg0834","fg0283","fg0745","fg0784","fg0308","fg0333","fg0763"
"fq002514","vx_c0bf7217b4d65a5b","fg0583","1","fg0583","fg0258","fg0869","fg0032","fg0847","fg0333","fg0090","fg0417","fg0986","fg0745","fg0860","fg0150","fg0103","fg0718","fg0385","fg0073","fg0308","fg0116","fg0778","fg0159"
"fq002515","vx_c0bf7217b4d65a5b","fg0583","1","fg0583","fg0032","fg0986","fg0847","fg0150","fg0869","fg0090","fg0860","fg0103","fg0258","fg0718","fg0417","fg0786","fg0763","fg0159","fg0858","fg0333","fg0525","fg0176","fg0402"
"fq002516","vx_c0bf7217b4d65a5b","fg0583","551","fg0199","fg0463","fg0999","fg0512","fg0572","fg0166","fg0123","fg0534","fg0275","fg0388","fg0711","fg0001","fg0408","fg0499","fg0503","fg0802","fg0796","fg0314","fg0209","fg0141"
"fq002517","vx_c0bf7217b4d65a5b","fg0583","1","fg0583","fg0176","fg0745","fg0523","fg0790","fg0970","fg0483","fg0258","fg0385","fg0092","fg0619","fg0612","fg0869","fg0057","fg0306","fg0417","fg0032","fg0717","fg0930","fg0251"
"fq002518","vx_85c84fb052b16a5d","fg0584","1","fg0584","fg0922","fg0560","fg0400","fg0006","fg0508","fg0568","fg0574","fg0346","fg0889","fg0578","fg0328","fg0497","fg0300","fg0254","fg0159","fg0290","fg0671","fg0613","fg0719"
"fq002519","vx_85c84fb052b16a5d","fg0584","1","fg0584","fg0922","fg0560","fg0400","fg0006","fg0508","fg0568","fg0346","fg0574","fg0578","fg0497","fg0159","fg0300","fg0889","fg0918","fg0328","fg0671","fg0535","fg0224","fg0772"
"fq002520","vx_a76b36a8a7c4e5d9","fg0585","1","fg0585","fg0326","fg0650","fg0248","fg0132","fg0946","fg0393","fg0467","fg0312","fg0481","fg0819","fg0049","fg0967","fg0128","fg0610","fg0011","fg0735","fg0039","fg0210","fg0503"
"fq002521","vx_a76b36a8a7c4e5d9","fg0585","1","fg0585","fg0650","fg0132","fg0842","fg0315","fg0393","fg0326","fg0815","fg0202","fg0511","fg0917","fg0898","fg0049","fg0128","fg0814","fg0796","fg0290","fg0946","fg0200","fg0248"
"fq002522","vx_6b5b3bb704c53f85","fg0586","1","fg0586","fg0965","fg0235","fg0098","fg0708","fg0093","fg0082","fg0596","fg0301","fg0916","fg0676","fg0716","fg0168","fg0236","fg0252","fg0291","fg0832","fg0187","fg0355","fg0883"
"fq002523","vx_6b5b3bb704c53f85","fg0586","1","fg0586","fg0965","fg0235","fg0870","fg0417","fg0537","fg0745","fg0360","fg0056","fg0290","fg0855","fg0708","fg0551","fg0073","fg0347","fg0098","fg0335","fg0093","fg0608","fg0025"
"fq002524","vx_b95761d7f77a3e20","fg0587","1","fg0587","fg0779","fg0642","fg0622","fg0534","fg0692","fg0209","fg0805","fg0169","fg0705","fg0134","fg0783","fg0793","fg0808","fg0113","fg0713","fg0286","fg0892","fg0083","fg0254"
"fq002525","vx_6b448b50227cc3fc","fg0588","827","fg0334","fg0513","fg0907","fg0438","fg0490","fg0045","fg0195","fg0738","fg0976","fg0024","fg0778","fg0106","fg0247","fg0367","fg0517","fg0047","fg0211","fg0469","fg0793","fg0014"
"fq002526","vx_0b1f3b3a8cda7d44","fg0589","1","fg0589","fg0792","fg0310","fg0558","fg0707","fg0958","fg0172","fg0264","fg0706","fg0128","fg0680","fg0873","fg0104","fg0133","fg0553","fg0747","fg0902","fg0561","fg0809","fg0506"
"fq002527","vx_97c73c9265c0bd7b","fg0590","123","fg0980","fg0751","fg0333","fg0499","fg0957","fg0809","fg0506","fg0997","fg0745","fg0426","fg0679","fg0112","fg0153","fg0564","fg0766","fg0021","fg0046","fg0145","fg0861","fg0056"
"fq002528","vx_97c73c9265c0bd7b","fg0590","1","fg0590","fg0623","fg0456","fg0821","fg0510","fg0007","fg0404","fg0015","fg0124","fg0620","fg0371","fg0785","fg0689","fg0337","fg0333","fg0154","fg0305","fg0732","fg0856","fg0365"
"fq002529","vx_c51dc8be2447219e","fg0591","1","fg0591","fg0191","fg0334","fg0831","fg0195","fg0747","fg0438","fg0106","fg0907","fg0211","fg0675","fg0517","fg0025","fg0388","fg0778","fg0117","fg0857","fg0073","fg0809","fg0279"
"fq002530","vx_33fb3ac188ce863e","fg0592","1","fg0592","fg0714","fg0998","fg0446","fg0555","fg0476","fg0823","fg0240","fg0498","fg0611","fg0256","fg0168","fg0376","fg0768","fg0419","fg0636","fg0373","fg0615","fg0380","fg0191"
"fq002531","vx_ff0cfcfe583472c3","fg0593","3","fg0135","fg0807","fg0593","fg0894","fg0277","fg0542","fg0826","fg0980","fg0084","fg0760","fg0071","fg0842","fg0656","fg0154","fg0095","fg0843","fg0561","fg0340","fg0169","fg0142"
"fq002532","vx_ff0cfcfe583472c3","fg0593","33","fg0135","fg0145","fg0561","fg0506","fg0154","fg0542","fg0142","fg0656","fg0084","fg0980","fg0666","fg0345","fg0169","fg0760","fg0340","fg0317","fg0104","fg0482","fg0071","fg0894"
"fq002533","vx_6ef915b8de7c6201","fg0594","7","fg0025","fg0438","fg0106","fg0360","fg0907","fg0211","fg0594","fg0335","fg0068","fg0195","fg0334","fg0831","fg0837","fg0855","fg0747","fg0388","fg0191","fg0243","fg0482","fg0218"
"fq002534","vx_a29a02dcc986584d","fg0595","276","fg0600","fg0317","fg0142","fg0460","fg0129","fg0360","fg0154","fg0694","fg0135","fg0820","fg0128","fg0879","fg0246","fg0624","fg0059","fg0653","fg0936","fg0393","fg0336","fg0068"
"fq002535","vx_428d8eee5d7a7144","fg0596","1","fg0596","fg0342","fg0989","fg0183","fg0775","fg0323","fg0769","fg0051","fg0302","fg0979","fg0832","fg0163","fg0293","fg0947","fg0451","fg0419","fg0715","fg0644","fg0921","fg0645"
"fq002536","vx_78e989cd46241524","fg0597","1","fg0597","fg0991","fg0418","fg0163","fg0969","fg0787","fg0256","fg0376","fg0476","fg0371","fg0168","fg0087","fg0291","fg0992","fg0281","fg0336","fg0065","fg0498","fg0946","fg0470"
"fq002537","vx_5779b5a4b7547853","fg0598","1","fg0598","fg0269","fg0606","fg0003","fg0291","fg0140","fg0568","fg0347","fg0933","fg0381","fg0840","fg0440","fg0236","fg0970","fg0930","fg0080","fg0231","fg0063","fg0618","fg0355"
"fq002538","vx_5779b5a4b7547853","fg0598","2","fg0269","fg0598","fg0003","fg0606","fg0291","fg0140","fg0347","fg0568","fg0225","fg0063","fg0970","fg0618","fg0840","fg0930","fg0440","fg0433","fg0350","fg0776","fg0474","fg0693"
"fq002539","vx_807e4756b8037c20","fg0599","32","fg0140","fg0180","fg0018","fg0062","fg0379","fg0588","fg0547","fg0533","fg0037","fg0894","fg0724","fg0665","fg0269","fg0822","fg0598","fg0811","fg0027","fg0411","fg0031","fg0159"
"fq002540","vx_d34b7b9f06a7d24e","fg0600","1","fg0600","fg0360","fg0129","fg0460","fg0135","fg0154","fg0551","fg0542","fg0124","fg0620","fg0068","fg0857","fg0142","fg0208","fg0892","fg0821","fg0969","fg0079","fg0482","fg0778"
"fq002541","vx_f2eceffc6631b227","fg0601","1","fg0601","fg0096","fg0531","fg0685","fg0554","fg0230","fg0166","fg0237","fg0679","fg0540","fg0849","fg0139","fg0104","fg0447","fg0420","fg0409","fg0971","fg0774","fg0209","fg0115"
"fq002542","vx_f2eceffc6631b227","fg0601","1","fg0601","fg0096","fg0849","fg0822","fg0945","fg0102","fg0192","fg0501","fg0230","fg0722","fg0685","fg0136","fg0941","fg0910","fg0801","fg0753","fg0554","fg0648","fg0679","fg0237"
"fq002543","vx_f2eceffc6631b227","fg0601","1","fg0601","fg0096","fg0531","fg0685","fg0230","fg0554","fg0306","fg0237","fg0849","fg0679","fg0540","fg0139","fg0166","fg0971","fg0447","fg0420","fg0821","fg0104","fg0617","fg0199"
"fq002544","vx_79d57a02a9fe67a4","fg0602","1","fg0602","fg0253","fg0472","fg0530","fg0165","fg0395","fg0107","fg0833","fg0429","fg0459","fg0222","fg0616","fg0215","fg0615","fg0230","fg0011","fg0427","fg0157","fg0493","fg0946"
"fq002545","vx_79d57a02a9fe67a4","fg0602","1","fg0602","fg0253","fg0165","fg0107","fg0472","fg0429","fg0833","fg0530","fg0459","fg0395","fg0215","fg0222","fg0616","fg0230","fg0011","fg0615","fg0493","fg0946","fg0427","fg0157"
"fq002546","vx_ca7128983d4f35c4","fg0603","1","fg0603","fg0607","fg0320","fg0227","fg0467","fg0450","fg0173","fg0735","fg0902","fg0144","fg0448","fg0978","fg0535","fg0210","fg0896","fg0889","fg0271","fg0347","fg0574","fg0721"
"fq002547","vx_ca7128983d4f35c4","fg0603","1","fg0603","fg0450","fg0227","fg0320","fg0607","fg0902","fg0500","fg0888","fg0708","fg0144","fg0889","fg0894","fg0084","fg0535","fg0173","fg0250","fg0804","fg0939","fg0026","fg0896"
"fq002548","vx_db39700dcd143742","fg0604","982","fg0037","fg0018","fg0547","fg0811","fg0180","fg0533","fg0062","fg0308","fg0745","fg0588","fg0822","fg0857","fg0379","fg0894","fg0724","fg0790","fg0665","fg0778","fg0886","fg0405"
"fq002549","vx_67117d03b1c2efa3","fg0605","1","fg0605","fg0088","fg0277","fg0826","fg0924","fg0068","fg0095","fg0701","fg0634","fg0842","fg0336","fg0377","fg0510","fg0440","fg0653","fg0706","fg0238","fg0955","fg0472","fg0891"
"fq002550","vx_67117d03b1c2efa3","fg0605","1","fg0605","fg0088","fg0277","fg0068","fg0924","fg0634","fg0059","fg0336","fg0826","fg0281","fg0095","fg0041","fg0701","fg0891","fg0472","fg0377","fg0238","fg0842","fg0225","fg0440"
"fq002551","vx_bde27c74d8dd7aec","fg0606","1","fg0606","fg0598","fg0269","fg0568","fg0003","fg0930","fg0574","fg0970","fg0345","fg0291","fg0120","fg0169","fg0140","fg0840","fg0421","fg0236","fg0440","fg0487","fg0063","fg0433"
"fq002552","vx_bde27c74d8dd7aec","fg0606","1","fg0606","fg0598","fg0269","fg0568","fg0003","fg0574","fg0930","fg0140","fg0970","fg0291","fg0840","fg0539","fg0236","fg0120","fg0063","fg0347","fg0169","fg0346","fg0889","fg0267"
"fq002553","vx_89fb4442a305734d","fg0607","1","fg0607","fg0603","fg0320","fg0450","fg0227","fg0467","fg0902","fg0210","fg0708","fg0888","fg0889","fg0771","fg0735","fg0173","fg0144","fg0448","fg0251","fg0064","fg0644","fg0568"
"fq002554","vx_f7d760e2c2de59a8","fg0608","1","fg0608","fg0546","fg0004","fg0443","fg0325","fg0011","fg0172","fg0935","fg0750","fg0268","fg0105","fg0375","fg0229","fg0290","fg0134","fg0853","fg0360","fg0428","fg0020","fg0415"
"fq002555","vx_f7d760e2c2de59a8","fg0608","1","fg0608","fg0546","fg0004","fg0443","fg0325","fg0011","fg0750","fg0268","fg0172","fg0935","fg0105","fg0290","fg0229","fg0375","fg0853","fg0360","fg0134","fg0020","fg0870","fg0428"
"fq002556","vx_f7d760e2c2de59a8","fg0608","1","fg0608","fg0546","fg0443","fg0004","fg0325","fg0750","fg0290","fg0011","fg0935","fg0172","fg0105","fg0375","fg0134","fg0268","fg0853","fg0020","fg0360","fg0425","fg0229","fg0920"
"fq002557","vx_763070f2cacf6510","fg0609","1","fg0609","fg0775","fg0436","fg0177","fg0744","fg0553","fg0828","fg0832","fg0394","fg0719","fg0497","fg0764","fg0797","fg0364","fg0952","fg0290","fg0782","fg0118","fg0152","fg0477"
"fq002558","vx_72d007e702ba4d94","fg0610","1","fg0610","fg0248","fg0332","fg0802","fg0572","fg0408","fg0317","fg0685","fg0237","fg0145","fg0445","fg0119","fg0141","fg0796","fg0420","fg0669","fg0653","fg0194","fg0377","fg0215"
"fq002559","vx_72d007e702ba4d94","fg0610","1","fg0610","fg0248","fg0194","fg0332","fg0408","fg0802","fg0052","fg0572","fg0796","fg0237","fg0145","fg0685","fg0445","fg0119","fg0669","fg0317","fg0049","fg0420","fg0013","fg0104"
"fq002560","vx_72d007e702ba4d94","fg0610","1","fg0610","fg0052","fg0194","fg0248","fg0332","fg0445","fg0084","fg0983","fg0802","fg0758","fg0643","fg0669","fg0317","fg0408","fg0654","fg0104","fg0273","fg0237","fg0215","fg0261"
"fq002561","vx_72d007e702ba4d94","fg0610","2","fg0194","fg0610","fg0052","fg0248","fg0084","fg0332","fg0979","fg0426","fg0408","fg0497","fg0796","fg0572","fg0079","fg0841","fg0983","fg0499","fg0260","fg0119","fg0802","fg0362"
"fq002562","vx_72d007e702ba4d94","fg0610","1","fg0610","fg0194","fg0248","fg0052","fg0332","fg0802","fg0408","fg0084","fg0317","fg0145","fg0237","fg0653","fg0215","fg0572","fg0119","fg0669","fg0685","fg0445","fg0420","fg0796"
"fq002563","vx_72d007e702ba4d94","fg0610","1","fg0610","fg0332","fg0248","fg0194","fg0408","fg0119","fg0802","fg0796","fg0052","fg0572","fg0145","fg0237","fg0685","fg0377","fg0141","fg0013","fg0449","fg0420","fg0164","fg0315"
"fq002564","vx_cbf089aebfe3886f","fg0611","1","fg0611","fg0768","fg0823","fg0555","fg0714","fg0240","fg0419","fg0114","fg0998","fg0373","fg0446","fg0810","fg0652","fg0880","fg0525","fg0108","fg0236","fg0906","fg0403","fg0225"
"fq002565","vx_286a4f3bdd9e8a22","fg0612","81","fg0011","fg0422","fg0215","fg0340","fg0480","fg0437","fg0263","fg0309","fg0328","fg0170","fg0229","fg0844","fg0248","fg0459","fg0712","fg0540","fg0785","fg0833","fg0576","fg0828"
"fq002566","vx_286a4f3bdd9e8a22","fg0612","1","fg0612","fg0343","fg0483","fg0547","fg0533","fg0742","fg0588","fg0822","fg0018","fg0062","fg0037","fg0180","fg0379","fg0925","fg0112","fg0668","fg0434","fg0745","fg0308","fg0724"
"fq002567","vx_286a4f3bdd9e8a22","fg0612","4","fg0668","fg0925","fg0182","fg0612","fg0327","fg0033","fg0757","fg0662","fg0972","fg0138","fg0241","fg0962","fg0727","fg0835","fg0181","fg0842","fg0770","fg0258","fg0023","fg0322"
"fq002568","vx_286a4f3bdd9e8a22","fg0612","8","fg0925","fg0668","fg0327","fg0842","fg0727","fg0138","fg0972","fg0612","fg0277","fg0770","fg0023","fg0826","fg0647","fg0322","fg0893","fg0091","fg0524","fg0701","fg0280","fg0095"
"fq002569","vx_286a4f3bdd9e8a22","fg0612","4","fg0668","fg0925","fg0327","fg0612","fg0972","fg0138","fg0182","fg0727","fg0757","fg0842","fg0770","fg0241","fg0033","fg0835","fg0104","fg0964","fg0023","fg0277","fg0524","fg0680"
"fq002570","vx_286a4f3bdd9e8a22","fg0612","14","fg0011","fg0828","fg0215","fg0165","fg0459","fg0107","fg0015","fg0404","fg0620","fg0616","fg0328","fg0429","fg0007","fg0612","fg0785","fg0821","fg0230","fg0248","fg0422","fg0732"
"fq002571","vx_b620f6dc8f0bdd63","fg0613","7","fg0551","fg0857","fg0778","fg0619","fg0024","fg0745","fg0613","fg0490","fg0460","fg0958","fg0385","fg0508","fg0521","fg0814","fg0707","fg0175","fg0936","fg0271","fg0006","fg0868"
"fq002572","vx_4f9b3d9343fd540f","fg0614","1","fg0614","fg0455","fg0063","fg0948","fg0960","fg0143","fg0921","fg0504","fg0858","fg0645","fg0431","fg0042","fg0708","fg0553","fg0646","fg0710","fg0284","fg0532","fg0974","fg0989"
"fq002573","vx_4f9b3d9343fd540f","fg0614","1","fg0614","fg0455","fg0645","fg0921","fg0042","fg0646","fg0858","fg0143","fg0063","fg0948","fg0431","fg0553","fg0504","fg0960","fg0974","fg0608","fg0532","fg0050","fg0546","fg0963"
"fq002574","vx_4f9b3d9343fd540f","fg0614","1","fg0614","fg0455","fg0475","fg0063","fg0532","fg0948","fg0042","fg0921","fg0960","fg0504","fg0244","fg0431","fg0646","fg0963","fg0143","fg0858","fg0645","fg0708","fg0553","fg0981"
"fq002575","vx_4f9b3d9343fd540f","fg0614","1","fg0614","fg0455","fg0948","fg0777","fg0645","fg0063","fg0646","fg0143","fg0504","fg0042","fg0921","fg0960","fg0368","fg0935","fg0475","fg0155","fg0431","fg0553","fg0858","fg0666"
"fq002576","vx_430fc050d73d20e1","fg0615","359","fg0815","fg0812","fg0434","fg0612","fg0306","fg0887","fg0631","fg0112","fg0486","fg0426","fg0176","fg0935","fg0805","fg0654","fg0483","fg0656","fg0849","fg0771","fg0198","fg0956"
"fq002577","vx_430fc050d73d20e1","fg0615","1","fg0615","fg0446","fg0700","fg0939","fg0998","fg0165","fg0107","fg0244","fg0532","fg0526","fg0429","fg0592","fg0459","fg0616","fg0952","fg0892","fg0674","fg0714","fg0702","fg0475"
"fq002578","vx_aa610d55d4b3ec50","fg0616","1","fg0616","fg0949","fg0036","fg0107","fg0165","fg0429","fg0459","fg0246","fg0499","fg0033","fg0572","fg0222","fg0215","fg0044","fg0833","fg0514","fg0200","fg0253","fg0091","fg0420"
"fq002579","vx_b58f8f2a38b92cc2","fg0617","1","fg0617","fg0581","fg0949","fg0202","fg0961","fg0511","fg0223","fg0805","fg0635","fg0835","fg0731","fg0241","fg0725","fg0800","fg0917","fg0056","fg0669","fg0024","fg0770","fg0242"
"fq002580","vx_b58f8f2a38b92cc2","fg0617","1","fg0617","fg0722","fg0102","fg0941","fg0648","fg0945","fg0801","fg0501","fg0192","fg0043","fg0910","fg0136","fg0581","fg0471","fg0385","fg0996","fg0610","fg0956","fg0202","fg0949"
"fq002581","vx_b58f8f2a38b92cc2","fg0617","14","fg0102","fg0941","fg0648","fg0801","fg0945","fg0722","fg0501","fg0192","fg0043","fg0910","fg0136","fg0996","fg0471","fg0617","fg0956","fg0385","fg0610","fg0581","fg0095","fg0628"
"fq002582","vx_746b68fabf2177db","fg0618","2","fg0734","fg0618","fg0559","fg0269","fg0210","fg0225","fg0136","fg0148","fg0721","fg0931","fg0003","fg0279","fg0299","fg0896","fg0556","fg0834","fg0302","fg0407","fg0976","fg0194"
"fq002583","vx_0ff6e1601d84b70b","fg0619","5","fg0551","fg0980","fg0857","fg0024","fg0619","fg0745","fg0490","fg0778","fg0133","fg0175","fg0385","fg0790","fg0509","fg0521","fg0305","fg0506","fg0886","fg0958","fg0421","fg0176"
"fq002584","vx_0ff6e1601d84b70b","fg0619","3","fg0551","fg0857","fg0619","fg0778","fg0024","fg0745","fg0385","fg0490","fg0790","fg0271","fg0958","fg0460","fg0176","fg0613","fg0073","fg0175","fg0006","fg0812","fg0258","fg0936"
"fq002585","vx_0ff6e1601d84b70b","fg0619","1","fg0619","fg0790","fg0551","fg0024","fg0857","fg0176","fg0271","fg0306","fg0745","fg0886","fg0490","fg0778","fg0258","fg0175","fg0483","fg0521","fg0707","fg0385","fg0958","fg0509"
"fq002586","vx_555cacdcf3ecf808","fg0620","1","fg0620","fg0124","fg0821","fg0719","fg0161","fg0279","fg0686","fg0394","fg0892","fg0177","fg0418","fg0600","fg0263","fg0685","fg0129","fg0952","fg0337","fg0132","fg0365","fg0732"
"fq002587","vx_0b7146d1252f235b","fg0621","1","fg0621","fg0959","fg0773","fg0264","fg0395","fg0703","fg0911","fg0595","fg0193","fg0483","fg0943","fg0289","fg0252","fg0381","fg0695","fg0717","fg0772","fg0140","fg0236","fg0216"
"fq002588","vx_a5b003c6e16c6dfa","fg0622","1","fg0622","fg0352","fg0083","fg0744","fg0247","fg0902","fg0805","fg0071","fg0689","fg0564","fg0843","fg0705","fg0337","fg0692","fg0049","fg0134","fg0728","fg0793","fg0631","fg0712"
"fq002589","vx_baacdb31dc1fee88","fg0623","1","fg0623","fg0590","fg0456","fg0689","fg0404","fg0007","fg0510","fg0015","fg0785","fg0337","fg0856","fg0154","fg0011","fg0821","fg0564","fg0282","fg0733","fg0002","fg0852","fg0010"
"fq002590","vx_baacdb31dc1fee88","fg0623","1","fg0623","fg0590","fg0456","fg0404","fg0007","fg0015","fg0689","fg0510","fg0785","fg0337","fg0856","fg0011","fg0821","fg0282","fg0154","fg0852","fg0733","fg0564","fg0365","fg0861"
"fq002591","vx_b7badcaf1cde6a99","fg0624","1","fg0624","fg0719","fg0263","fg0190","fg0777","fg0290","fg0133","fg0560","fg0535","fg0177","fg0121","fg0217","fg0132","fg0778","fg0508","fg0872","fg0958","fg0069","fg0707","fg0394"
"fq002592","vx_b7badcaf1cde6a99","fg0624","1","fg0624","fg0654","fg0059","fg0445","fg0643","fg0873","fg0280","fg0273","fg0820","fg0653","fg0128","fg0336","fg0333","fg0343","fg0569","fg0130","fg0261","fg0968","fg0406","fg0317"
"fq002593","vx_b7badcaf1cde6a99","fg0624","1","fg0624","fg0128","fg0783","fg0873","fg0847","fg0280","fg0653","fg0333","fg0820","fg0569","fg0968","fg0718","fg0707","fg0445","fg0130","fg0855","fg0654","fg0885","fg0417","fg0059"
"fq002594","vx_b7badcaf1cde6a99","fg0624","1","fg0624","fg0719","fg0059","fg0128","fg0317","fg0336","fg0777","fg0961","fg0263","fg0885","fg0873","fg0560","fg0132","fg0445","fg0161","fg0121","fg0290","fg0073","fg0879","fg0783"
"fq002595","vx_b7badcaf1cde6a99","fg0624","1","fg0624","fg0317","fg0059","fg0725","fg0336","fg0942","fg0280","fg0847","fg0726","fg0128","fg0718","fg0968","fg0417","fg0842","fg0324","fg0130","fg0569","fg0777","fg0033","fg0697"
"fq002596","vx_e0d0bb5943e4b58a","fg0625","567","fg0470","fg0573","fg0865","fg0662","fg0657","fg0391","fg0914","fg0901","fg0020","fg0174","fg0186","fg0117","fg0181","fg0170","fg0468","fg0515","fg0913","fg0774","fg0163","fg0413"
"fq002597","vx_ff9ebcff8c4052ac","fg0626","1","fg0626","fg0408","fg0158","fg0898","fg0242","fg0209","fg0232","fg0802","fg0576","fg0013","fg0332","fg0731","fg0870","fg0796","fg0610","fg0287","fg0572","fg0059","fg0748","fg0581"
"fq002598","vx_ff9ebcff8c4052ac","fg0626","1","fg0626","fg0408","fg0158","fg0242","fg0898","fg0951","fg0661","fg0086","fg0870","fg0046","fg0162","fg0059","fg0581","fg0529","fg0731","fg0802","fg0766","fg0232","fg0550","fg0209"
"fq002599","vx_ff9ebcff8c4052ac","fg0626","1","fg0626","fg0408","fg0158","fg0898","fg0242","fg0802","fg0870","fg0209","fg0796","fg0731","fg0232","fg0661","fg0610","fg0013","fg0046","fg0572","fg0332","fg0390","fg0059","fg0820"
"fq002600","vx_ff9ebcff8c4052ac","fg0626","2","fg0408","fg0626","fg0158","fg0898","fg0242","fg0802","fg0332","fg0013","fg0610","fg0209","fg0141","fg0572","fg0796","fg0870","fg0820","fg0748","fg0390","fg0059","fg0119","fg0229"
"fq002601","vx_ff9ebcff8c4052ac","fg0626","1","fg0626","fg0408","fg0158","fg0242","fg0661","fg0898","fg0870","fg0731","fg0046","fg0529","fg0162","fg0492","fg1000","fg0361","fg0059","fg0754","fg0758","fg0209","fg0344","fg0796"
"fq002602","vx_ff9ebcff8c4052ac","fg0626","1","fg0626","fg0408","fg0158","fg0242","fg0898","fg0731","fg0870","fg0661","fg0232","fg0209","fg0802","fg0581","fg0059","fg0796","fg0046","fg0361","fg0529","fg0572","fg0162","fg0576"
"fq002603","vx_ff9ebcff8c4052ac","fg0626","1","fg0626","fg0408","fg0158","fg0242","fg0898","fg0232","fg0870","fg0576","fg0731","fg0209","fg0661","fg0802","fg0766","fg0581","fg0046","fg0758","fg0796","fg0610","fg0752","fg0361"
"fq002604","vx_ff9ebcff8c4052ac","fg0626","2","fg0408","fg0626","fg0158","fg0242","fg0802","fg0898","fg0332","fg0610","fg0209","fg0576","fg0013","fg0141","fg0232","fg0572","fg0796","fg0870","fg0540","fg0287","fg0748","fg0119"
"fq002605","vx_1701a8eec1c92099","fg0627","361","fg0121","fg0457","fg0681","fg0075","fg0835","fg0830","fg0781","fg0859","fg0549","fg0757","fg0552","fg0904","fg0638","fg0536","fg0417","fg0272","fg0538","fg0059","fg0258","fg0847"
"fq002606","vx_1701a8eec1c92099","fg0627","91","fg0986","fg0032","fg0150","fg0847","fg0869","fg0090","fg0860","fg0103","fg0258","fg0718","fg0583","fg0417","fg0763","fg0786","fg0922","fg0190","fg0807","fg0457","fg0281","fg0858"
"fq002607","vx_8670f38a97ddb27e","fg0628","1","fg0628","fg0641","fg0973","fg0938","fg0867","fg0383","fg0138","fg0762","fg0514","fg0987","fg0265","fg0089","fg0148","fg0374","fg0931","fg0559","fg0438","fg0302","fg0950","fg0715"
"fq002608","vx_8384474c1be06dea","fg0629","1","fg0629","fg0276","fg0640","fg0201","fg0625","fg0940","fg0461","fg0985","fg0912","fg0995","fg0715","fg0171","fg0769","fg0017","fg0866","fg0571","fg0373","fg0988","fg0419","fg0427"
"fq002609","vx_54c8488fc5608d54","fg0630","1","fg0630","fg0918","fg0696","fg0129","fg0297","fg0916","fg0118","fg0824","fg0178","fg0864","fg0764","fg0497","fg0108","fg0081","fg0988","fg0364","fg0296","fg0478","fg0143","fg0671"
"fq002610","vx_1f8daadc1976a6f5","fg0631","1","fg0631","fg0728","fg0517","fg0117","fg0055","fg0409","fg0932","fg0367","fg0531","fg0747","fg0126","fg0544","fg0528","fg0576","fg0268","fg0695","fg0334","fg0902","fg0142","fg0377"
"fq002611","vx_24fe4673c9d2ca10","fg0632","16","fg0547","fg0533","fg0588","fg0018","fg0379","fg0180","fg0062","fg0037","fg0822","fg0811","fg0724","fg0894","fg0411","fg0665","fg0027","fg0632","fg0679","fg0262","fg0990","fg0070"
"fq002612","vx_24fe4673c9d2ca10","fg0632","1","fg0632","fg0246","fg0777","fg0705","fg0366","fg0423","fg0044","fg0091","fg0390","fg0271","fg0462","fg0781","fg0232","fg0514","fg0499","fg0406","fg0955","fg0935","fg0035","fg0488"
"fq002613","vx_24fe4673c9d2ca10","fg0632","1","fg0632","fg0411","fg0547","fg0533","fg0588","fg0062","fg0037","fg0246","fg0018","fg0180","fg0811","fg0379","fg0426","fg0822","fg0260","fg0780","fg0499","fg0705","fg0724","fg0894"
"fq002614","vx_24fe4673c9d2ca10","fg0632","1","fg0632","fg0246","fg0705","fg0777","fg0044","fg0091","fg0955","fg0390","fg0232","fg0462","fg0488","fg0514","fg0935","fg0499","fg0781","fg0344","fg0200","fg0513","fg0221","fg0295"
"fq002615","vx_24fe4673c9d2ca10","fg0632","16","fg0547","fg0533","fg0588","fg0018","fg0379","fg0180","fg0062","fg0037","fg0822","fg0811","fg0724","fg0894","fg0411","fg0665","fg0027","fg0632","fg0679","fg0262","fg0990","fg0070"
"fq002616","vx_e115662a97e83fb4","fg0633","1","fg0633","fg0330","fg0895","fg0872","fg0255","fg0410","fg0756","fg0782","fg0063","fg0126","fg0065","fg0743","fg0122","fg0361","fg0710","fg0588","fg0799","fg0185","fg0666","fg0219"
"fq002617","vx_e115662a97e83fb4","fg0633","1","fg0633","fg0895","fg0410","fg0126","fg0330","fg0185","fg0618","fg0872","fg0756","fg0361","fg0122","fg0799","fg0255","fg0051","fg0502","fg0837","fg0743","fg0782","fg0018","fg0050"
"fq002618","vx_e115662a97e83fb4","fg0633","1","fg0633","fg0330","fg0895","fg0872","fg0255","fg0410","fg0756","fg0782","fg0122","fg0126","fg0065","fg0018","fg0063","fg0185","fg0710","fg0743","fg0588","fg0361","fg0180","fg0665"
"fq002619","vx_e115662a97e83fb4","fg0633","1","fg0633","fg0330","fg0895","fg0756","fg0122","fg0410","fg0255","fg0872","fg0782","fg0126","fg0799","fg0065","fg0339","fg0743","fg0710","fg0018","fg0361","fg0588","fg0050","fg0618"
"fq002620","vx_e115662a97e83fb4","fg0633","20","fg0724","fg0379","fg0018","fg0180","fg0062","fg0588","fg0822","fg0037","fg0547","fg0533","fg0894","fg0027","fg0411","fg0811","fg0665","fg0679","fg0412","fg0262","fg0990","fg0633"
"fq002621","vx_e115662a97e83fb4","fg0633","1","fg0633","fg0330","fg0895","fg0255","fg0410","fg0872","fg0756","fg0122","fg0065","fg0126","fg0782","fg0743","fg0799","fg0361","fg0339","fg0063","fg0219","fg0185","fg0665","fg0710"
"fq002622","vx_e115662a97e83fb4","fg0633","1","fg0633","fg0895","fg0410","fg0330","fg0126","fg0255","fg0872","fg0756","fg0361","fg0185","fg0180","fg0018","fg0588","fg0122","fg0379","fg0743","fg0062","fg0063","fg0219","fg0782"
"fq002623","vx_23a59fbdad7c08c9","fg0634","304","fg0837","fg0031","fg0778","fg0308","fg0665","fg0496","fg0745","fg0522","fg0857","fg0218","fg0283","fg0385","fg0506","fg0423","fg0976","fg0490","fg0977","fg0936","fg0159","fg0321"
"fq002624","vx_23a59fbdad7c08c9","fg0634","737","fg0762","fg0647","fg0265","fg0815","fg0010","fg0713","fg0089","fg0784","fg0220","fg0548","fg0881","fg0562","fg0034","fg0396","fg0976","fg0189","fg0147","fg0884","fg0834","fg0434"
"fq002625","vx_23a59fbdad7c08c9","fg0634","685","fg0189","fg0009","fg0111","fg0137","fg0551","fg0234","fg0308","fg0343","fg0483","fg0857","fg0956","fg0815","fg0778","fg0745","fg0912","fg0593","fg0175","fg0612","fg0460","fg0938"
"fq002626","vx_3e6096a1e67b67f4","fg0635","1","fg0635","fg0116","fg0984","fg0415","fg0853","fg0581","fg0766","fg0925","fg0969","fg0668","fg0488","fg0617","fg0200","fg0386","fg0223","fg0670","fg0013","fg0520","fg0961","fg0800"
"fq002627","vx_3e6096a1e67b67f4","fg0635","1","fg0635","fg0116","fg0984","fg0853","fg0415","fg0766","fg0581","fg0925","fg0969","fg0200","fg0520","fg0668","fg0617","fg0488","fg0670","fg0223","fg0386","fg0800","fg0961","fg0733"
"fq002628","vx_3e6096a1e67b67f4","fg0635","1","fg0635","fg0116","fg0984","fg0766","fg0415","fg0488","fg0853","fg0223","fg0520","fg0581","fg0701","fg0048","fg0670","fg0386","fg0634","fg0969","fg0074","fg0800","fg0200","fg0088"
"fq002629","vx_3e6096a1e67b67f4","fg0635","2","fg0527","fg0635","fg0541","fg0414","fg0313","fg0451","fg0116","fg0761","fg0853","fg0947","fg0308","fg0745","fg0183","fg0984","fg0521","fg0778","fg0073","fg0415","fg0405","fg0800"
"fq002630","vx_3e6096a1e67b67f4","fg0635","8","fg0037","fg0588","fg0180","fg0547","fg0062","fg0533","fg0018","fg0635","fg0724","fg0379","fg0822","fg0811","fg0411","fg0894","fg0679","fg0665","fg0116","fg0581","fg0925","fg0027"
"fq002631","vx_3e6096a1e67b67f4","fg0635","1","fg0635","fg0116","fg0984","fg0415","fg0766","fg0853","fg0013","fg0581","fg0520","fg0200","fg0969","fg0925","fg0488","fg0223","fg0670","fg0386","fg0617","fg0961","fg0099","fg0668"
"fq002632","vx_0ddaad015e9eec18","fg0636","3","fg0256","fg0851","fg0636","fg0168","fg0476","fg0498","fg0376","fg0565","fg0797","fg0592","fg0469","fg0191","fg0956","fg0247","fg0014","fg0114","fg0778","fg0526","fg0760","fg0809"
"fq002633","vx_0429764a2f972bf9","fg0637","1","fg0637","fg0125","fg0806","fg0237","fg0074","fg0915","fg0544","fg0055","fg0755","fg0085","fg0978","fg0335","fg0572","fg0663","fg0695","fg0553","fg0441","fg0594","fg0659","fg0838"
"fq002634","vx_0429764a2f972bf9","fg0637","1","fg0637","fg0125","fg0237","fg0806","fg0553","fg0978","fg0747","fg0915","fg0955","fg0436","fg0544","fg0828","fg0513","fg0881","fg0529","fg0811","fg0561","fg0055","fg0594","fg0156"
"fq002635","vx_0429764a2f972bf9","fg0637","1","fg0637","fg0125","fg0237","fg0915","fg0806","fg0074","fg0055","fg0978","fg0747","fg0755","fg0695","fg0529","fg0544","fg0335","fg0659","fg0441","fg0553","fg0955","fg0594","fg0907"
"fq002636","vx_c4f1c73ff15ede49","fg0638","5","fg0075","fg0549","fg0552","fg0681","fg0638","fg0272","fg0471","fg0536","fg0830","fg0781","fg0457","fg0382","fg0538","fg0413","fg0469","fg0318","fg0248","fg0342","fg0492","fg0934"
"fq002637","vx_c4f1c73ff15ede49","fg0638","6","fg0075","fg0549","fg0552","fg0681","fg0272","fg0638","fg0471","fg0830","fg0781","fg0457","fg0536","fg0538","fg0382","fg0469","fg0413","fg0318","fg0934","fg0242","fg0248","fg0508"
"fq002638","vx_10ed0cbf21bd0a86","fg0639","1","fg0639","fg0055","fg0978","fg0029","fg0017","fg0184","fg0263","fg0719","fg0177","fg0949","fg0394","fg0589","fg0237","fg0607","fg0161","fg0467","fg0266","fg0104","fg0637","fg0977"
"fq002639","vx_c5a0b375ac0cde1c","fg0640","1","fg0640","fg0201","fg0276","fg0629","fg0625","fg0995","fg0940","fg0461","fg0912","fg0881","fg0985","fg0715","fg0866","fg0373","fg0240","fg0781","fg0713","fg0769","fg0057","fg0427"
"fq002640","vx_c5a0b375ac0cde1c","fg0640","1","fg0640","fg0201","fg0276","fg0629","fg0625","fg0940","fg0461","fg0995","fg0912","fg0985","fg0881","fg0501","fg0722","fg0102","fg0043","fg0941","fg0945","fg0801","fg0715","fg0373"
"fq002641","vx_aabba8cb2311a472","fg0641","1","fg0641","fg0938","fg0973","fg0628","fg0867","fg0383","fg0138","fg0987","fg0514","fg0762","fg0396","fg0739","fg0538","fg0125","fg0931","fg0679","fg0817","fg0194","fg0828","fg0734"
"fq002642","vx_3a8bc000d4c21e2c","fg0642","1","fg0642","fg0587","fg0779","fg0209","fg0124","fg0684","fg0212","fg0286","fg0592","fg0169","fg0862","fg0098","fg0990","fg0782","fg0312","fg0892","fg0535","fg0083","fg0808","fg0771"
"fq002643","vx_3a8bc000d4c21e2c","fg0642","1","fg0642","fg0587","fg0779","fg0209","fg0169","fg0684","fg0892","fg0312","fg0782","fg0396","fg0862","fg0207","fg0505","fg0318","fg0083","fg0212","fg0990","fg0193","fg0124","fg0713"
"fq002644","vx_3a8bc000d4c21e2c","fg0642","1","fg0642","fg0587","fg0779","fg0209","fg0286","fg1000","fg0808","fg0382","fg0684","fg0098","fg0312","fg0592","fg0124","fg0318","fg0212","fg0862","fg0169","fg0539","fg0183","fg0660"
"fq002645","vx_3a8bc000d4c21e2c","fg0642","1","fg0642","fg0587","fg0779","fg0209","fg0286","fg0124","fg0808","fg0312","fg0592","fg0098","fg0862","fg0684","fg0212","fg0539","fg0318","fg0771","fg0083","fg0892","fg0477","fg0152"
"fq002646","vx_3a8bc000d4c21e2c","fg0642","1","fg0642","fg0587","fg0779","fg0209","fg0124","fg0286","fg0098","fg0169","fg0684","fg0312","fg0808","fg0592","fg0892","fg0782","fg0212","fg0207","fg0862","fg0539","fg0311","fg0967"
"fq002647","vx_bf265a20a1fb6fc9","fg0643","1","fg0643","fg0654","fg0445","fg0273","fg0261","fg0785","fg0343","fg0570","fg0697","fg0406","fg0806","fg0752","fg0059","fg0669","fg0308","fg0351","fg0105","fg0390","fg0686","fg0725"
"fq002648","vx_cca8a521bccc6870","fg0644","1","fg0644","fg0252","fg0152","fg0684","fg0318","fg0219","fg0828","fg0114","fg0947","fg0676","fg0383","fg0594","fg0245","fg0987","fg0557","fg0663","fg0767","fg0034","fg0401","fg0641"
"fq002649","vx_453da6735f02e73a","fg0645","1","fg0645","fg0646","fg0453","fg0219","fg0084","fg0712","fg0990","fg0507","fg0951","fg0535","fg0664","fg0677","fg0342","fg0839","fg0942","fg0758","fg0354","fg0077","fg0497","fg0321"
"fq002650","vx_453da6735f02e73a","fg0645","1","fg0645","fg0646","fg0219","fg0453","fg0084","fg0990","fg0712","fg0535","fg0951","fg0507","fg0942","fg0562","fg0839","fg0884","fg0758","fg0651","fg0479","fg0548","fg0708","fg0235"
"fq002651","vx_8c2cb99a099b6778","fg0646","1","fg0646","fg0645","fg0951","fg0453","fg0219","fg0672","fg0712","fg0839","fg0492","fg0651","fg0716","fg0979","fg0479","fg0562","fg0342","fg0630","fg0910","fg0828","fg0825","fg0084"
"fq002652","vx_8c2cb99a099b6778","fg0646","1","fg0646","fg0645","fg0951","fg0453","fg0219","fg0839","fg0712","fg0672","fg0651","fg0492","fg0716","fg0562","fg0979","fg0053","fg0151","fg0825","fg0030","fg0535","fg0479","fg0094"
"fq002653","vx_183e18f9a04db1fb","fg0647","1","fg0647","fg0010","fg0327","fg0386","fg0220","fg0325","fg0842","fg0826","fg0727","fg0095","fg0277","fg0524","fg0034","fg0406","fg0893","fg0023","fg0668","fg0466","fg0465","fg0443"
"fq002654","vx_2538f7669b1b1acc","fg0648","348","fg0069","fg0994","fg0877","fg0254","fg0431","fg0193","fg0245","fg0514","fg0595","fg0561","fg0542","fg0518","fg0984","fg0560","fg0005","fg0566","fg0802","fg0703","fg0264","fg0820"
"fq002655","vx_2538f7669b1b1acc","fg0648","167","fg0193","fg0542","fg0703","fg0595","fg0518","fg0005","fg0984","fg0377","fg0449","fg0462","fg0820","fg0303","fg0566","fg0536","fg0877","fg0336","fg0298","fg0728","fg0135","fg0069"
"fq002656","vx_2538f7669b1b1acc","fg0648","526","fg0069","fg0994","fg0877","fg0254","fg0431","fg0245","fg0514","fg0193","fg0595","fg0561","fg0560","fg0078","fg0264","fg0867","fg0984","fg0566","fg0278","fg0703","fg0958","fg0542"
"fq002657","vx_2538f7669b1b1acc","fg0648","414","fg0069","fg0994","fg0877","fg0254","fg0431","fg0193","fg0595","fg0245","fg0514","fg0703","fg0542","fg0984","fg0560","fg0005","fg0561","fg0566","fg0958","fg0264","fg0518","fg0449"
"fq002658","vx_2538f7669b1b1acc","fg0648","365","fg0069","fg0994","fg0877","fg0254","fg0431","fg0193","fg0514","fg0245","fg0449","fg0542","fg0377","fg0984","fg0595","fg0518","fg0005","fg0560","fg0958","fg0566","fg0078","fg0820"
"fq002659","vx_a2e58a8a1e759ed6","fg0649","1","fg0649","fg0012","fg0872","fg0078","fg0019","fg0492","fg0536","fg0999","fg0981","fg0383","fg0723","fg0854","fg0311","fg0928","fg0272","fg0245","fg0471","fg0843","fg0756","fg0638"
"fq002660","vx_31d03ba49ddaa389","fg0650","20","fg0366","fg0271","fg0423","fg0494","fg0035","fg0203","fg0484","fg0007","fg0950","fg0780","fg0396","fg0509","fg0371","fg0120","fg0502","fg0196","fg0888","fg0574","fg0541","fg0650"
"fq002661","vx_0346fd72fbca1dac","fg0651","20","fg0225","fg0405","fg0426","fg0362","fg0040","fg0841","fg0996","fg0316","fg0411","fg0440","fg0260","fg0745","fg0079","fg0930","fg0955","fg0543","fg0308","fg0741","fg0956","fg0651"
"fq002662","vx_998ef28c17683dfc","fg0652","1","fg0652","fg0225","fg0539","fg0405","fg0955","fg0930","fg0978","fg0106","fg0666","fg0798","fg0824","fg0218","fg0432","fg0392","fg0343","fg0868","fg0907","fg0006","fg0444","fg0816"
"fq002663","vx_8103a3d80ea48603","fg0653","405","fg0024","fg0551","fg0490","fg0619","fg0857","fg0521","fg0886","fg0778","fg0790","fg0271","fg0175","fg0745","fg0460","fg0258","fg0121","fg0679","fg0385","fg0306","fg0037","fg0269"
"fq002664","vx_8103a3d80ea48603","fg0653","1","fg0653","fg0936","fg0569","fg0130","fg0333","fg0968","fg0490","fg0466","fg0241","fg0624","fg0885","fg0690","fg0778","fg0389","fg0327","fg0857","fg0460","fg0551","fg0024","fg0745"
"fq002665","vx_8103a3d80ea48603","fg0653","194","fg0405","fg0299","fg0790","fg0225","fg0671","fg0761","fg0955","fg0551","fg0667","fg0106","fg0156","fg0672","fg0775","fg0957","fg0539","fg0978","fg0070","fg0502","fg0528","fg0046"
"fq002666","vx_8103a3d80ea48603","fg0653","477","fg0722","fg0102","fg0801","fg0648","fg0945","fg0501","fg0941","fg0192","fg0136","fg0043","fg0910","fg0996","fg0956","fg0385","fg0610","fg0471","fg0156","fg0849","fg0228","fg0095"
"fq002667","vx_8103a3d80ea48603","fg0653","22","fg0778","fg0551","fg0857","fg0745","fg0490","fg0868","fg0936","fg0073","fg0980","fg0175","fg0308","fg0958","fg0024","fg0049","fg0760","fg0460","fg0619","fg0385","fg0506","fg0591"
"fq002668","vx_8103a3d80ea48603","fg0653","710","fg0102","fg0941","fg0648","fg0945","fg0801","fg0722","fg0501","fg0043","fg0192","fg0910","fg0136","fg0996","fg0471","fg0385","fg0956","fg0610","fg0628","fg0228","fg0838","fg0659"
"fq002669","vx_8103a3d80ea48603","fg0653","79","fg0426","fg0521","fg0703","fg0745","fg0761","fg0040","fg0362","fg0260","fg0527","fg0411","fg0316","fg0491","fg0841","fg0079","fg0305","fg0551","fg0673","fg0405","fg0769","fg0996"
"fq002670","vx_8103a3d80ea48603","fg0653","190","fg0551","fg0745","fg0857","fg0778","fg0790","fg0761","fg0619","fg0073","fg0385","fg0175","fg0490","fg0024","fg0426","fg0308","fg0541","fg0958","fg0006","fg0156","fg0405","fg0527"
"fq002671","vx_8103a3d80ea48603","fg0653","125","fg0778","fg0745","fg0426","fg0958","fg0551","fg0299","fg0857","fg0957","fg0156","fg0868","fg0051","fg0028","fg0490","fg0225","fg0912","fg0666","fg0169","fg0385","fg0976","fg0079"
"fq002672","vx_58bee8c48eb35411","fg0654","1","fg0654","fg0643","fg0445","fg0273","fg0305","fg0261","fg0343","fg0421","fg0112","fg0767","fg0509","fg0513","fg0980","fg0752","fg0886","fg0308","fg0506","fg0977","fg0084","fg0656"
"fq002673","vx_58bee8c48eb35411","fg0654","1","fg0654","fg0643","fg0445","fg0273","fg0261","fg0955","fg0343","fg0156","fg0405","fg0308","fg0432","fg0785","fg0120","fg0218","fg0978","fg0421","fg0930","fg0815","fg0752","fg0513"
"fq002674","vx_58bee8c48eb35411","fg0654","1","fg0654","fg0643","fg0273","fg0445","fg0261","fg0343","fg0785","fg0332","fg0806","fg0308","fg0351","fg0935","fg0406","fg0675","fg0752","fg0669","fg0444","fg0599","fg0367","fg0246"
"fq002675","vx_58bee8c48eb35411","fg0654","1","fg0654","fg0273","fg0445","fg0643","fg0261","fg0343","fg0785","fg0332","fg0308","fg0806","fg0351","fg0669","fg0406","fg0935","fg0752","fg0826","fg0955","fg0609","fg0390","fg0515"
"fq002676","vx_58bee8c48eb35411","fg0654","1","fg0654","fg0643","fg0445","fg0273","fg0261","fg0343","fg0785","fg0935","fg0406","fg0308","fg0806","fg0752","fg0351","fg0332","fg0815","fg0669","fg0246","fg0955","fg0675","fg0570"
"fq002677","vx_58bee8c48eb35411","fg0654","1","fg0654","fg0445","fg0643","fg0273","fg0261","fg0343","fg0785","fg0308","fg0332","fg0806","fg0351","fg0406","fg0955","fg0669","fg0513","fg0935","fg0752","fg0246","fg0515","fg0232"
"fq002678","vx_58bee8c48eb35411","fg0654","1","fg0654","fg0643","fg0445","fg0273","fg0261","fg0343","fg0785","fg0806","fg0406","fg0308","fg0351","fg0752","fg0332","fg0935","fg0246","fg0675","fg0955","fg0669","fg0238","fg0570"
"fq002679","vx_58bee8c48eb35411","fg0654","1","fg0654","fg0445","fg0643","fg0273","fg0343","fg0261","fg0156","fg0308","fg0955","fg0405","fg0978","fg0815","fg0513","fg0120","fg0421","fg0798","fg0785","fg0778","fg0713","fg0752"
"fq002680","vx_58bee8c48eb35411","fg0654","5","fg0156","fg0426","fg0305","fg0260","fg0654","fg0362","fg0896","fg0491","fg0421","fg0079","fg0316","fg0040","fg0745","fg0112","fg0509","fg0656","fg0445","fg0308","fg0887","fg0120"
"fq002681","vx_58bee8c48eb35411","fg0654","1","fg0654","fg0643","fg0445","fg0273","fg0261","fg0343","fg0955","fg0785","fg0156","fg0308","fg0406","fg0752","fg0513","fg0432","fg0935","fg0806","fg0332","fg0405","fg0351","fg0246"
"fq002682","vx_58bee8c48eb35411","fg0654","36","fg0156","fg0385","fg0896","fg0722","fg0136","fg0956","fg0120","fg0501","fg0102","fg0648","fg0305","fg0175","fg0887","fg0471","fg0941","fg0656","fg0801","fg0751","fg0945","fg0192"
"fq002683","vx_58bee8c48eb35411","fg0654","1","fg0654","fg0643","fg0445","fg0273","fg0261","fg0343","fg0785","fg0935","fg0406","fg0308","fg0752","fg0351","fg0332","fg0806","fg0955","fg0246","fg0513","fg0669","fg0570","fg0815"
"fq002684","vx_6aa86c0618be3faf","fg0655","9","fg0173","fg0762","fg0358","fg0054","fg0816","fg0912","fg0440","fg0220","fg0655","fg0265","fg0930","fg0089","fg0293","fg0881","fg0846","fg0010","fg0938","fg0641","fg0189","fg0695"
"fq002685","vx_6aa86c0618be3faf","fg0655","3","fg0440","fg0173","fg0655","fg0912","fg0358","fg0930","fg0225","fg0220","fg0816","fg0407","fg0054","fg0010","fg0691","fg0762","fg0304","fg0641","fg0538","fg0003","fg0938","fg0293"
"fq002686","vx_5fa89d9814b2ee57","fg0656","1","fg0656","fg0843","fg0071","fg0569","fg0458","fg0065","fg0198","fg0936","fg0352","fg0746","fg0783","fg0294","fg0328","fg0252","fg0205","fg0885","fg0912","fg0690","fg0622","fg0295"
"fq002687","vx_5fa89d9814b2ee57","fg0656","2","fg0843","fg0656","fg0071","fg0569","fg0065","fg0458","fg0352","fg0936","fg0205","fg0198","fg0783","fg0820","fg0068","fg0154","fg0252","fg0391","fg0365","fg0732","fg0746","fg0972"
"fq002688","vx_5fa89d9814b2ee57","fg0656","13","fg0722","fg0102","fg0648","fg0801","fg0945","fg0941","fg0501","fg0192","fg0910","fg0043","fg0136","fg0996","fg0656","fg0956","fg0385","fg0471","fg0610","fg0843","fg0071","fg0228"
"fq002689","vx_5fa89d9814b2ee57","fg0656","1","fg0656","fg0843","fg0071","fg0569","fg0198","fg0458","fg0936","fg0065","fg0352","fg0746","fg0294","fg0241","fg0490","fg0783","fg0328","fg0912","fg0885","fg0622","fg0812","fg0295"
"fq002690","vx_5fa89d9814b2ee57","fg0656","1","fg0656","fg0071","fg0843","fg0569","fg0198","fg0936","fg0352","fg0458","fg0912","fg0065","fg0746","fg0003","fg0154","fg0241","fg0490","fg0294","fg0629","fg0466","fg0201","fg0622"
"fq002691","vx_9628f10798a32318","fg0657","1","fg0657","fg0914","fg0573","fg0932","fg0984","fg0121","fg0059","fg0435","fg0513","fg0515","fg0697","fg0859","fg0855","fg0041","fg0505","fg0686","fg0117","fg0622","fg0418","fg0280"
"fq002692","vx_9628f10798a32318","fg0657","1","fg0657","fg0914","fg0573","fg0515","fg0505","fg0059","fg0303","fg0121","fg0513","fg0117","fg0518","fg0427","fg0932","fg0942","fg0803","fg0835","fg0435","fg0362","fg0837","fg0749"
"fq002693","vx_9628f10798a32318","fg0657","1","fg0657","fg0121","fg0984","fg0435","fg0932","fg0513","fg0914","fg0573","fg0059","fg0697","fg0859","fg0855","fg0505","fg0386","fg0731","fg0686","fg0515","fg0041","fg0681","fg0418"
"fq002694","vx_9628f10798a32318","fg0657","1","fg0657","fg0914","fg0573","fg0515","fg0505","fg0117","fg0513","fg0435","fg0121","fg0855","fg0932","fg0427","fg0837","fg0984","fg0059","fg0749","fg0303","fg0803","fg0386","fg0518"
"fq002695","vx_d67569e5f4cd665d","fg0658","1","fg0658","fg0553","fg0828","fg0778","fg0857","fg0551","fg0868","fg0745","fg0563","fg0760","fg0589","fg0515","fg0297","fg0024","fg0835","fg0974","fg0038","fg0023","fg0855","fg0929"
"fq002696","vx_3652c82fc00dc847","fg0659","72","fg0327","fg0842","fg0826","fg0668","fg0925","fg0277","fg0023","fg0972","fg0770","fg0095","fg0647","fg0634","fg0138","fg0281","fg0984","fg0121","fg0322","fg0701","fg0727","fg0466"
"fq002697","vx_3652c82fc00dc847","fg0659","145","fg0665","fg0031","fg0218","fg0837","fg0496","fg0522","fg0933","fg0159","fg0118","fg0543","fg0452","fg0724","fg0914","fg0359","fg0037","fg0899","fg0283","fg0157","fg0062","fg0018"
"fq002698","vx_3652c82fc00dc847","fg0659","159","fg0980","fg0506","fg0175","fg0745","fg0925","fg0327","fg0656","fg0668","fg0561","fg0831","fg0023","fg0896","fg0156","fg0957","fg0778","fg0385","fg0857","fg0056","fg0727","fg0751"
"fq002699","vx_1a1560ffdbb88b92","fg0660","1","fg0660","fg0989","fg0455","fg0022","fg0696","fg0428","fg0004","fg0051","fg0722","fg0888","fg0287","fg0648","fg0102","fg0906","fg0945","fg0941","fg0801","fg0910","fg0956","fg0501"
"fq002700","vx_52346b401d7da0bf","fg0661","1","fg0661","fg0812","fg0724","fg0046","fg0696","fg0811","fg0070","fg0626","fg0180","fg0444","fg0588","fg0974","fg0533","fg0547","fg0018","fg0098","fg0062","fg0486","fg0894","fg0411"
"fq002701","vx_4c3e6a730c89a21f","fg0662","2","fg0181","fg0662","fg0182","fg0865","fg0537","fg0517","fg0668","fg0470","fg0163","fg0005","fg0962","fg0757","fg0528","fg0033","fg0793","fg0728","fg0701","fg0835","fg0367","fg0241"
"fq002702","vx_4c3e6a730c89a21f","fg0662","1","fg0662","fg0181","fg0182","fg0865","fg0962","fg0537","fg0005","fg0163","fg0668","fg0033","fg0470","fg0757","fg0517","fg0241","fg0793","fg0418","fg0835","fg0701","fg0367","fg0528"
"fq002703","vx_4c3e6a730c89a21f","fg0662","2","fg0181","fg0662","fg0865","fg0182","fg0537","fg0005","fg0470","fg0163","fg0517","fg0668","fg0033","fg0757","fg0728","fg0793","fg0962","fg0528","fg0023","fg0193","fg0701","fg0367"
"fq002704","vx_4c3e6a730c89a21f","fg0662","2","fg0181","fg0662","fg0865","fg0182","fg0537","fg0517","fg0668","fg0793","fg0163","fg0470","fg0005","fg0757","fg0962","fg0528","fg0701","fg0728","fg0221","fg0193","fg0835","fg0367"
"fq002705","vx_4c3e6a730c89a21f","fg0662","2","fg0181","fg0662","fg0182","fg0865","fg0537","fg0757","fg0033","fg0668","fg0470","fg0005","fg0517","fg0962","fg0835","fg0793","fg0258","fg0869","fg0241","fg0367","fg0163","fg0528"
"fq002706","vx_4749b398ac5200de","fg0663","1","fg0663","fg0528","fg0866","fg0502","fg0025","fg0839","fg0212","fg0436","fg0535","fg0749","fg0218","fg0651","fg0646","fg0881","fg0283","fg0403","fg0687","fg0077","fg0637","fg0594"
"fq002707","vx_4749b398ac5200de","fg0663","1","fg0663","fg0502","fg0528","fg0866","fg0436","fg0025","fg0839","fg0212","fg0594","fg0881","fg0544","fg0744","fg0515","fg0535","fg0701","fg0671","fg0077","fg0561","fg0749","fg0317"
"fq002708","vx_168e6d114f57c680","fg0664","1","fg0664","fg0507","fg0354","fg0677","fg0676","fg0086","fg0645","fg0598","fg0807","fg0550","fg0951","fg0671","fg0644","fg0381","fg0250","fg0084","fg0051","fg0593","fg0717","fg0606"
"fq002709","vx_168e6d114f57c680","fg0664","1","fg0664","fg0507","fg0677","fg0354","fg0086","fg0550","fg0676","fg0598","fg0951","fg0250","fg0807","fg0645","fg0381","fg0606","fg0442","fg0729","fg0593","fg0140","fg0051","fg0671"
"fq002710","vx_168e6d114f57c680","fg0664","1","fg0664","fg0354","fg0507","fg0677","fg0086","fg0676","fg0645","fg0951","fg0550","fg0807","fg0644","fg0598","fg0250","fg0593","fg0671","fg0361","fg0084","fg0861","fg0717","fg0442"
"fq002711","vx_f37507f69fdc317b","fg0665","265","fg0056","fg0859","fg0537","fg0417","fg0335","fg0870","fg0855","fg0873","fg0406","fg0274","fg0290","fg0453","fg0243","fg0686","fg0460","fg0393","fg0025","fg0375","fg0731","fg0669"
"fq002712","vx_e003f923c8c9d429","fg0666","9","fg0272","fg0552","fg0471","fg0638","fg0075","fg0549","fg0830","fg0681","fg0666","fg0536","fg0457","fg0772","fg0781","fg0469","fg0251","fg0808","fg0538","fg0943","fg0286","fg0954"
"fq002713","vx_0b3caeb6ff4196bc","fg0667","1","fg0667","fg0299","fg0977","fg0761","fg0810","fg0225","fg0353","fg0269","fg0798","fg0721","fg0574","fg0003","fg0521","fg0791","fg0121","fg0834","fg0405","fg0305","fg0495","fg0403"
"fq002714","vx_0b3caeb6ff4196bc","fg0667","26","fg0810","fg0722","fg0136","fg0906","fg0192","fg0648","fg0945","fg0102","fg0801","fg0941","fg0501","fg0910","fg0043","fg0525","fg0721","fg0299","fg0956","fg0611","fg0996","fg0567"
"fq002715","vx_0b3caeb6ff4196bc","fg0667","8","fg0810","fg0299","fg0567","fg0553","fg0906","fg0403","fg0721","fg0667","fg0897","fg0262","fg0525","fg0563","fg0099","fg0152","fg0734","fg0618","fg0609","fg0755","fg0114","fg0658"
"fq002716","vx_974435cba3642f05","fg0668","1","fg0668","fg0925","fg0327","fg0842","fg0701","fg0241","fg0182","fg0325","fg0138","fg0277","fg0757","fg0181","fg0033","fg0727","fg0023","fg0972","fg0322","fg0662","fg0524","fg0962"
"fq002717","vx_974435cba3642f05","fg0668","1","fg0668","fg0925","fg0327","fg0182","fg0138","fg0727","fg0972","fg0241","fg0842","fg0033","fg0023","fg0757","fg0277","fg0181","fg0322","fg0662","fg0701","fg0770","fg0962","fg0835"
"fq002718","vx_bd5019bdd268d55b","fg0669","1","fg0669","fg0445","fg0386","fg0800","fg0643","fg0261","fg0415","fg0056","fg0325","fg0273","fg0020","fg0011","fg0654","fg0308","fg0343","fg0766","fg0980","fg0175","fg0332","fg0750"
"fq002719","vx_bd5019bdd268d55b","fg0669","1","fg0669","fg0800","fg0386","fg0445","fg0056","fg0020","fg0308","fg0261","fg0325","fg0415","fg0980","fg0643","fg0273","fg0343","fg0750","fg0375","fg0011","fg0443","fg0175","fg0074"
"fq002720","vx_bd5019bdd268d55b","fg0669","1","fg0669","fg0386","fg0800","fg0445","fg0415","fg0261","fg0056","fg0325","fg0643","fg0020","fg0273","fg0617","fg0766","fg0980","fg0750","fg0654","fg0343","fg0332","fg0175","fg0731"
"fq002721","vx_53028abf5558a881","fg0670","929","fg0102","fg0648","fg0722","fg0941","fg0945","fg0801","fg0043","fg0192","fg0910","fg0501","fg0136","fg0309","fg0610","fg0946","fg0385","fg0956","fg0996","fg0471","fg0422","fg0011"
"fq002722","vx_bad017a4e97f9d5b","fg0671","19","fg0957","fg0506","fg0175","fg0490","fg0745","fg0440","fg0980","fg0896","fg0084","fg0828","fg0385","fg0894","fg0778","fg0156","fg0318","fg0656","fg0886","fg0145","fg0671","fg0857"
"fq002723","vx_f2b27beae3e07649","fg0672","1","fg0672","fg0151","fg0651","fg0730","fg0618","fg0397","fg0299","fg0567","fg0302","fg0136","fg0127","fg0734","fg0754","fg0933","fg0947","fg0682","fg0559","fg0269","fg0502","fg0207"
"fq002724","vx_f2b27beae3e07649","fg0672","1","fg0672","fg0151","fg0651","fg0730","fg0618","fg0299","fg0397","fg0302","fg0136","fg0342","fg0754","fg0269","fg0559","fg0933","fg0487","fg0279","fg0734","fg0055","fg0347","fg0502"
"fq002725","vx_f2b27beae3e07649","fg0672","1","fg0672","fg0151","fg0730","fg0651","fg0397","fg0299","fg0618","fg0754","fg0302","fg0567","fg0136","fg0957","fg0646","fg0055","fg0933","fg0502","fg0981","fg0042","fg0127","fg0775"
"fq002726","vx_0974ed6130d8641a","fg0673","708","fg0790","fg0857","fg0619","fg0024","fg0778","fg0907","fg0306","fg0551","fg0745","fg0195","fg0490","fg0297","fg0334","fg0106","fg0438","fg0855","fg0129","fg0385","fg0211","fg0483"
"fq002727","vx_0974ed6130d8641a","fg0673","266","fg0297","fg0129","fg0855","fg0819","fg0312","fg0967","fg0039","fg0551","fg0151","fg0024","fg0857","fg0730","fg0282","fg0022","fg0553","fg0778","fg0674","fg0385","fg0490","fg0824"
"fq002728","vx_0974ed6130d8641a","fg0673","266","fg0297","fg0129","fg0855","fg0778","fg0857","fg0553","fg0551","fg0819","fg0385","fg0151","fg0024","fg0312","fg0730","fg0828","fg0745","fg0591","fg0039","fg0195","fg0022","fg0868"
"fq002729","vx_0974ed6130d8641a","fg0673","807","fg0857","fg0778","fg0551","fg0745","fg0334","fg0490","fg0024","fg0385","fg0591","fg0106","fg0958","fg0521","fg0211","fg0936","fg0976","fg0907","fg0195","fg0619","fg0868","fg0191"
"fq002730","vx_0974ed6130d8641a","fg0673","483","fg0297","fg0129","fg0778","fg0855","fg0980","fg0745","fg0857","fg0385","fg0828","fg0506","fg0831","fg0156","fg0551","fg0175","fg0490","fg0747","fg0868","fg0937","fg0195","fg0553"
"fq002731","vx_5060530b75773968","fg0674","1","fg0674","fg0722","fg0102","fg0648","fg0941","fg0206","fg0501","fg0945","fg0801","fg0192","fg0043","fg0136","fg0819","fg0357","fg0312","fg0967","fg0910","fg0282","fg0039","fg0532"
"fq002732","vx_5060530b75773968","fg0674","1","fg0674","fg0244","fg0819","fg0532","fg0312","fg0939","fg0967","fg0039","fg0475","fg0702","fg0282","fg0357","fg0206","fg0711","fg0936","fg0585","fg0287","fg0425","fg0706","fg0437"
"fq002733","vx_5ac2b24744b5be1c","fg0675","22","fg0062","fg0745","fg0018","fg0379","fg0180","fg0811","fg0547","fg0533","fg0037","fg0588","fg0778","fg0156","fg0822","fg0506","fg0980","fg0308","fg0857","fg0894","fg0665","fg0724"
"fq002734","vx_c30e1ea622ddd60b","fg0676","785","fg0620","fg0719","fg0263","fg0828","fg0177","fg0161","fg0436","fg0337","fg0394","fg0952","fg0132","fg0685","fg0553","fg0328","fg0291","fg0929","fg0931","fg0338","fg0194","fg0589"
"fq002735","vx_c30e1ea622ddd60b","fg0676","10","fg0536","fg0471","fg0549","fg0552","fg0075","fg0681","fg0638","fg0272","fg0830","fg0676","fg0781","fg0318","fg0457","fg0538","fg0382","fg0492","fg0684","fg1000","fg0413","fg0958"
"fq002736","vx_c30e1ea622ddd60b","fg0676","182","fg0862","fg0291","fg0553","fg0462","fg0799","fg0710","fg0269","fg0236","fg0284","fg0813","fg0919","fg0197","fg0177","fg0347","fg0586","fg0006","fg0266","fg0080","fg0965","fg0111"
"fq002737","vx_c30e1ea622ddd60b","fg0676","464","fg0273","fg0261","fg0445","fg0643","fg0785","fg0654","fg0343","fg0442","fg0186","fg0332","fg0170","fg0774","fg0308","fg0826","fg0470","fg0391","fg0669","fg0215","fg0690","fg0458"
"fq002738","vx_c30e1ea622ddd60b","fg0676","1","fg0676","fg0100","fg0644","fg0204","fg0036","fg0655","fg0709","fg0975","fg0019","fg0214","fg0086","fg0235","fg0951","fg0700","fg0737","fg0561","fg0928","fg0723","fg0594","fg0278"
"fq002739","vx_c30e1ea622ddd60b","fg0676","299","fg0261","fg0273","fg0445","fg0785","fg0643","fg0654","fg0343","fg0442","fg0332","fg0826","fg0170","fg0458","fg0186","fg0308","fg0669","fg0470","fg0774","fg0391","fg0123","fg0503"
"fq002740","vx_c30e1ea622ddd60b","fg0676","184","fg0862","fg0291","fg0553","fg0828","fg0436","fg0658","fg0330","fg0266","fg0177","fg0284","fg0515","fg0462","fg0919","fg0080","fg0983","fg0758","fg0799","fg0886","fg0929","fg0813"
"fq002741","vx_583618a1c64386b0","fg0677","1","fg0677","fg0507","fg0354","fg0664","fg0053","fg0979","fg0550","fg0807","fg0250","fg0645","fg0140","fg0598","fg0593","fg0064","fg0219","fg0993","fg0644","fg0693","fg0323","fg0386"
"fq002742","vx_da45c97d7812f32a","fg0678","1","fg0678","fg0066","fg0370","fg0836","fg0489","fg0850","fg0845","fg0228","fg0575","fg0578","fg0871","fg0080","fg0381","fg0324","fg0604","fg0399","fg0736","fg0758","fg0019","fg0278"
"fq002743","vx_da45c97d7812f32a","fg0678","1","fg0678","fg0370","fg0066","fg0489","fg0836","fg0850","fg0845","fg0228","fg0575","fg0578","fg0871","fg0080","fg0381","fg0324","fg0399","fg0604","fg0736","fg0758","fg0154","fg0135"
"fq002744","vx_da45c97d7812f32a","fg0678","1","fg0678","fg0370","fg0066","fg0489","fg0836","fg0850","fg0845","fg0575","fg0228","fg0578","fg0871","fg0080","fg0381","fg0324","fg0604","fg0399","fg0736","fg0758","fg0030","fg0098"
"fq002745","vx_da45c97d7812f32a","fg0678","1","fg0678","fg0578","fg0066","fg0080","fg0836","fg0370","fg0489","fg0845","fg0228","fg0850","fg0575","fg0871","fg0381","fg0324","fg0006","fg0553","fg0023","fg0355","fg0085","fg0862"
"fq002746","vx_da45c97d7812f32a","fg0678","1","fg0678","fg0066","fg0370","fg0489","fg0836","fg0850","fg0845","fg0575","fg0228","fg0578","fg0871","fg0080","fg0381","fg0324","fg0604","fg0399","fg0758","fg0736","fg0019","fg0030"
"fq002747","vx_da45c97d7812f32a","fg0678","1","fg0678","fg0066","fg0370","fg0489","fg0836","fg0850","fg0845","fg0575","fg0228","fg0578","fg0871","fg0080","fg0381","fg0324","fg0399","fg0604","fg0758","fg0736","fg0019","fg0030"
"fq002748","vx_da45c97d7812f32a","fg0678","1","fg0678","fg0370","fg0066","fg0489","fg0836","fg0850","fg0845","fg0228","fg0575","fg0578","fg0080","fg0871","fg0381","fg0324","fg0399","fg0604","fg0736","fg0758","fg0355","fg0027"
"fq002749","vx_da45c97d7812f32a","fg0678","1","fg0678","fg0066","fg0370","fg0836","fg0578","fg0489","fg0080","fg0850","fg0228","fg0845","fg0575","fg0871","fg0381","fg0324","fg0619","fg0604","fg0790","fg0006","fg0758","fg0176"
"fq002750","vx_da45c97d7812f32a","fg0678","1","fg0678","fg0370","fg0066","fg0489","fg0836","fg0850","fg0845","fg0575","fg0228","fg0578","fg0871","fg0080","fg0381","fg0324","fg0604","fg0399","fg0758","fg0736","fg0030","fg0027"
"fq002751","vx_da45c97d7812f32a","fg0678","1","fg0678","fg0228","fg0066","fg0370","fg0836","fg0489","fg0850","fg0575","fg0845","fg0578","fg0871","fg0080","fg0381","fg0324","fg0604","fg0722","fg0136","fg0102","fg0648","fg0941"
"fq002752","vx_da45c97d7812f32a","fg0678","1","fg0678","fg0370","fg0066","fg0489","fg0850","fg0836","fg0845","fg0575","fg0228","fg0578","fg0871","fg0080","fg0381","fg0324","fg0604","fg0399","fg0736","fg0758","fg0030","fg0019"
"fq002753","vx_da45c97d7812f32a","fg0678","1","fg0678","fg0066","fg0370","fg0489","fg0836","fg0850","fg0845","fg0575","fg0228","fg0578","fg0871","fg0080","fg0381","fg0324","fg0604","fg0399","fg0758","fg0736","fg0019","fg0278"
"fq002754","vx_da45c97d7812f32a","fg0678","1","fg0678","fg0066","fg0370","fg0836","fg0489","fg0850","fg0845","fg0228","fg0575","fg0578","fg0871","fg0080","fg0381","fg0324","fg0758","fg0399","fg0604","fg0736","fg0720","fg0355"
"fq002755","vx_da45c97d7812f32a","fg0678","2","fg0228","fg0678","fg0066","fg0370","fg0836","fg0489","fg0850","fg0575","fg0845","fg0578","fg0871","fg0080","fg0381","fg0324","fg0722","fg0648","fg0102","fg0941","fg0136","fg0945"
"fq002756","vx_da45c97d7812f32a","fg0678","1","fg0678","fg0066","fg0370","fg0836","fg0489","fg0850","fg0845","fg0228","fg0578","fg0575","fg0080","fg0871","fg0381","fg0324","fg0604","fg0399","fg0758","fg0862","fg0736","fg0355"
"fq002757","vx_da45c97d7812f32a","fg0678","1","fg0678","fg0370","fg0066","fg0489","fg0836","fg0850","fg0845","fg0575","fg0228","fg0578","fg0080","fg0871","fg0381","fg0324","fg0604","fg0399","fg0736","fg0758","fg0355","fg0027"
"fq002758","vx_da45c97d7812f32a","fg0678","1","fg0678","fg0370","fg0066","fg0836","fg0489","fg0850","fg0845","fg0575","fg0228","fg0578","fg0871","fg0080","fg0381","fg0324","fg0399","fg0604","fg0758","fg0736","fg0027","fg0030"
"fq002759","vx_da45c97d7812f32a","fg0678","1","fg0678","fg0066","fg0370","fg0836","fg0489","fg0850","fg0845","fg0575","fg0228","fg0578","fg0871","fg0080","fg0381","fg0324","fg0604","fg0758","fg0399","fg0736","fg0027","fg0355"
"fq002760","vx_da45c97d7812f32a","fg0678","1","fg0678","fg0066","fg0370","fg0489","fg0836","fg0850","fg0845","fg0575","fg0228","fg0578","fg0871","fg0080","fg0381","fg0324","fg0604","fg0399","fg0736","fg0758","fg0019","fg0030"
"fq002761","vx_da45c97d7812f32a","fg0678","191","fg0532","fg0244","fg0480","fg0939","fg0702","fg0475","fg0425","fg0853","fg0340","fg0154","fg0135","fg0322","fg0674","fg0295","fg0415","fg0746","fg0402","fg0071","fg0247","fg0198"
"fq002762","vx_e6dd6be9bd92f6a3","fg0679","1","fg0679","fg0900","fg0224","fg0248","fg0096","fg0337","fg0480","fg0087","fg0997","fg0055","fg0371","fg0205","fg0689","fg0912","fg0551","fg0259","fg0601","fg0010","fg0400","fg0600"
"fq002763","vx_37476a47fc1279ed","fg0680","1","fg0680","fg0792","fg0072","fg0457","fg0232","fg0079","fg0882","fg0806","fg0770","fg0172","fg0176","fg0558","fg0844","fg0437","fg0589","fg0958","fg0972","fg0309","fg0706","fg0969"
"fq002764","vx_d2f896e1ae5b2040","fg0681","1","fg0681","fg0075","fg0549","fg0552","fg0536","fg0638","fg0471","fg0272","fg0781","fg0830","fg0457","fg0382","fg0538","fg0413","fg1000","fg0318","fg0492","fg0469","fg0121","fg0446"
"fq002765","vx_93556e75f1bb4062","fg0682","2","fg0897","fg0682","fg0721","fg0099","fg0567","fg0748","fg0127","fg0504","fg0734","fg0755","fg0810","fg0525","fg0013","fg0302","fg0519","fg0618","fg0148","fg0559","fg0114","fg0555"
"fq002766","vx_93556e75f1bb4062","fg0682","1","fg0682","fg0897","fg0721","fg0748","fg0099","fg0567","fg0127","fg0504","fg0755","fg0734","fg0810","fg0525","fg0555","fg0519","fg0013","fg0302","fg0563","fg0559","fg0143","fg0439"
"fq002767","vx_93556e75f1bb4062","fg0682","2","fg0721","fg0682","fg0099","fg0897","fg0748","fg0407","fg0525","fg0810","fg0567","fg0127","fg0854","fg0691","fg0013","fg0729","fg0081","fg0310","fg0734","fg0504","fg0957","fg0439"
"fq002768","vx_93556e75f1bb4062","fg0682","1","fg0682","fg0897","fg0721","fg0748","fg0099","fg0567","fg0127","fg0734","fg0810","fg0504","fg0525","fg0755","fg0407","fg0013","fg0439","fg0310","fg0555","fg0519","fg0691","fg0729"
"fq002769","vx_93556e75f1bb4062","fg0682","1","fg0682","fg0897","fg0748","fg0721","fg0099","fg0567","fg0127","fg0407","fg0734","fg0525","fg0504","fg0810","fg0755","fg0854","fg0691","fg0013","fg0439","fg0729","fg0555","fg0519"
"fq002770","vx_93556e75f1bb4062","fg0682","1","fg0682","fg0897","fg0748","fg0099","fg0721","fg0567","fg0127","fg0810","fg0734","fg0525","fg0755","fg0504","fg0013","fg0136","fg0439","fg0528","fg0310","fg0407","fg0519","fg0208"
"fq002771","vx_93556e75f1bb4062","fg0682","3","fg0407","fg0721","fg0682","fg0854","fg0691","fg0099","fg0897","fg0748","fg0977","fg0798","fg0713","fg0013","fg0525","fg0567","fg0655","fg0729","fg0995","fg0127","fg0439","fg0189"
"fq002772","vx_bd54ecb8dc146401","fg0683","1","fg0683","fg0720","fg0311","fg0162","fg0876","fg0971","fg0465","fg0872","fg0726","fg0042","fg0963","fg0502","fg0110","fg0951","fg0775","fg0413","fg0756","fg0719","fg0949","fg0639"
"fq002773","vx_73868d620b0abec4","fg0684","1","fg0684","fg0318","fg0993","fg0219","fg0133","fg0644","fg0167","fg0169","fg0804","fg0177","fg1000","fg0901","fg0382","fg0803","fg0377","fg0980","fg0400","fg0809","fg0449","fg0621"
"fq002774","vx_73868d620b0abec4","fg0684","8","fg0722","fg0648","fg0102","fg0192","fg0945","fg0801","fg0941","fg0684","fg0501","fg0910","fg0136","fg0043","fg0956","fg0996","fg0471","fg0318","fg0610","fg0385","fg0156","fg0849"
"fq002775","vx_e47c8c93a8f89154","fg0685","1","fg0685","fg0719","fg0161","fg0263","fg0601","fg0394","fg0177","fg0230","fg0132","fg0096","fg0620","fg0409","fg0610","fg0653","fg0215","fg0952","fg0420","fg0481","fg0389","fg0800"
"fq002776","vx_e47c8c93a8f89154","fg0685","1","fg0685","fg0161","fg0719","fg0263","fg0601","fg0230","fg0394","fg0132","fg0177","fg0096","fg0620","fg0653","fg0610","fg0215","fg0409","fg0389","fg0420","fg0800","fg0952","fg0481"
"fq002777","vx_e47c8c93a8f89154","fg0685","1","fg0685","fg0062","fg0180","fg0037","fg0822","fg0588","fg0379","fg0533","fg0018","fg0547","fg0724","fg0811","fg0894","fg0027","fg0665","fg0161","fg0262","fg0411","fg0601","fg0499"
"fq002778","vx_18fc83cd3f8a8687","fg0686","1","fg0686","fg0859","fg0984","fg0279","fg0932","fg0121","fg0423","fg0778","fg0445","fg0056","fg0620","fg0059","fg0728","fg0041","fg0418","fg0835","fg0980","fg0193","fg0591","fg0517"
"fq002779","vx_18fc83cd3f8a8687","fg0686","1","fg0686","fg0859","fg0056","fg0279","fg0873","fg0984","fg0121","fg0124","fg0415","fg0932","fg0821","fg0980","fg0620","fg0418","fg0059","fg0751","fg0041","fg0445","fg0853","fg0800"
"fq002780","vx_a2ccf40b0fae2a52","fg0687","65","fg0525","fg0810","fg0820","fg0906","fg0435","fg0447","fg0099","fg0734","fg0802","fg0127","fg0935","fg0114","fg0611","fg0567","fg0897","fg0670","fg0216","fg0721","fg0904","fg0068"
"fq002781","vx_a2ccf40b0fae2a52","fg0687","60","fg0099","fg0897","fg0567","fg0810","fg0127","fg0013","fg0820","fg0734","fg0748","fg0682","fg0114","fg0525","fg0721","fg0315","fg0152","fg0081","fg0802","fg0755","fg0906","fg0119"
"fq002782","vx_a2ccf40b0fae2a52","fg0687","112","fg0810","fg0525","fg0405","fg0099","fg0611","fg0734","fg0225","fg0114","fg0906","fg0955","fg0013","fg0957","fg0745","fg0897","fg0768","fg0652","fg0880","fg0106","fg0156","fg0721"
"fq002783","vx_a2ccf40b0fae2a52","fg0687","57","fg0820","fg0810","fg0525","fg0099","fg0114","fg0734","fg0802","fg0435","fg0447","fg0013","fg0906","fg0216","fg0935","fg0127","fg0611","fg0897","fg0880","fg0904","fg0768","fg0199"
"fq002784","vx_a2ccf40b0fae2a52","fg0687","106","fg0102","fg0722","fg0648","fg0801","fg0941","fg0945","fg0501","fg0043","fg0192","fg0910","fg0136","fg0996","fg0956","fg0385","fg0471","fg0610","fg0156","fg0228","fg0628","fg0659"
"fq002785","vx_a2ccf40b0fae2a52","fg0687","233","fg0525","fg0435","fg0810","fg0156","fg0308","fg0611","fg0976","fg0734","fg0522","fg0745","fg0837","fg0768","fg0823","fg0880","fg0904","fg0958","fg0820","fg0385","fg0800","fg0447"
"fq002786","vx_a2ccf40b0fae2a52","fg0687","46","fg0810","fg0525","fg0820","fg0447","fg0906","fg0435","fg0802","fg0099","fg0768","fg0904","fg0935","fg0611","fg0114","fg0734","fg0199","fg0880","fg0127","fg0216","fg0013","fg0108"
"fq002787","vx_e6cc474be66c02ae","fg0688","1","fg0688","fg0015","fg0456","fg0852","fg0337","fg0732","fg0365","fg0004","fg0460","fg0774","fg0946","fg0531","fg0712","fg0259","fg0805","fg0294","fg0601","fg0261","fg0387","fg0223"
"fq002788","vx_2343d2fec3949a26","fg0689","1","fg0689","fg0564","fg0337","fg0083","fg0002","fg0783","fg0623","fg0744","fg0861","fg0622","fg0128","fg0247","fg0245","fg0590","fg0902","fg0352","fg0640","fg0881","fg0912","fg0625"
"fq002789","vx_4d5208ef739db692","fg0690","1","fg0690","fg0968","fg0130","fg0327","fg0569","fg0549","fg0466","fg0272","fg0075","fg0885","fg0552","fg0781","fg0638","fg0681","fg0536","fg0830","fg0471","fg0653","fg0457","fg0538"
"fq002790","vx_4d5208ef739db692","fg0690","1","fg0690","fg0968","fg0130","fg0466","fg0327","fg0569","fg0885","fg0653","fg0333","fg0484","fg0624","fg0294","fg0104","fg0389","fg0510","fg0997","fg0203","fg0458","fg0541","fg0601"
"fq002791","vx_4d5208ef739db692","fg0690","3","fg0184","fg0968","fg0690","fg0791","fg0097","fg0308","fg0599","fg0155","fg0466","fg0130","fg0666","fg0217","fg0368","fg0954","fg0333","fg0885","fg0990","fg0193","fg0569","fg0444"
"fq002792","vx_4d5208ef739db692","fg0690","1","fg0690","fg0968","fg0130","fg0466","fg0327","fg0569","fg0885","fg0333","fg0037","fg0624","fg0679","fg0653","fg0018","fg0541","fg0121","fg0062","fg0772","fg0426","fg0271","fg0262"
"fq002793","vx_4d5208ef739db692","fg0690","1","fg0690","fg0968","fg0130","fg0327","fg0569","fg0466","fg0333","fg0885","fg0653","fg0624","fg0389","fg0936","fg0366","fg0980","fg0484","fg0294","fg0506","fg0997","fg0510","fg0304"
"fq002794","vx_9b825499889861d0","fg0691","1","fg0691","fg0407","fg0854","fg0325","fg0909","fg0545","fg0314","fg0991","fg0369","fg0546","fg0274","fg0047","fg0386","fg0961","fg0406","fg0092","fg0059","fg0238","fg0582","fg0304"
"fq002795","vx_f187d22e84864dda","fg0692","1","fg0692","fg0831","fg0980","fg0793","fg0534","fg0156","fg0896","fg0705","fg0506","fg0134","fg0747","fg0805","fg0113","fg0305","fg0622","fg0308","fg0783","fg0175","fg0334","fg0907"
"fq002796","vx_e93adf3d6d5626b0","fg0693","6","fg0746","fg0725","fg0375","fg0968","fg0317","fg0693","fg0336","fg0669","fg0879","fg0882","fg0475","fg0624","fg0680","fg0176","fg0324","fg0079","fg0969","fg0087","fg0524","fg0200"
"fq002797","vx_e93adf3d6d5626b0","fg0693","9","fg0746","fg0215","fg0375","fg0968","fg0969","fg0011","fg0669","fg0336","fg0693","fg0725","fg0750","fg0317","fg0882","fg0079","fg0437","fg0200","fg0680","fg0546","fg0134","fg0624"
"fq002798","vx_e93adf3d6d5626b0","fg0693","7","fg0011","fg0725","fg0746","fg0375","fg0215","fg0968","fg0693","fg0317","fg0669","fg0336","fg0680","fg0624","fg0882","fg0969","fg0437","fg0079","fg0324","fg0753","fg0524","fg0004"
"fq002799","vx_e93adf3d6d5626b0","fg0693","9","fg0746","fg0725","fg0215","fg0375","fg0011","fg0968","fg0969","fg0336","fg0693","fg0317","fg0437","fg0079","fg0882","fg0750","fg0004","fg0669","fg0324","fg0087","fg0680","fg0624"
"fq002800","vx_e93adf3d6d5626b0","fg0693","5","fg0746","fg0375","fg0968","fg0011","fg0693","fg0725","fg0669","fg0215","fg0336","fg0879","fg0680","fg0317","fg0882","fg0624","fg0969","fg0134","fg0437","fg0324","fg0079","fg0289"
"fq002801","vx_e93adf3d6d5626b0","fg0693","16","fg0746","fg0336","fg0725","fg0387","fg0969","fg0808","fg0968","fg0079","fg0882","fg0011","fg0437","fg0624","fg0317","fg0215","fg0324","fg0693","fg0680","fg0287","fg0286","fg0134"
"fq002802","vx_e93adf3d6d5626b0","fg0693","8","fg0375","fg0746","fg0968","fg0011","fg0669","fg0725","fg0215","fg0693","fg0882","fg0437","fg0336","fg0750","fg0317","fg0624","fg0134","fg0004","fg0680","fg0324","fg0087","fg0524"
"fq002803","vx_e93adf3d6d5626b0","fg0693","413","fg0801","fg0941","fg0945","fg0102","fg0648","fg0043","fg0722","fg0501","fg0192","fg0910","fg0996","fg0136","fg0956","fg0471","fg0385","fg0610","fg0659","fg0131","fg0058","fg0628"
"fq002804","vx_e93adf3d6d5626b0","fg0693","8","fg0746","fg0375","fg0011","fg0215","fg0669","fg0968","fg0725","fg0693","fg0437","fg0750","fg0336","fg0882","fg0969","fg0134","fg0317","fg0079","fg0680","fg0324","fg0176","fg0524"
"fq002805","vx_e93adf3d6d5626b0","fg0693","27","fg0746","fg0336","fg0969","fg0624","fg0079","fg0287","fg0725","fg0317","fg0882","fg0324","fg0387","fg0422","fg0680","fg0437","fg0968","fg0690","fg0200","fg0753","fg0011","fg0215"
"fq002806","vx_c4ee1e5b3a93a734","fg0694","1","fg0694","fg0105","fg0529","fg0033","fg0295","fg0428","fg0488","fg0246","fg0820","fg0422","fg0707","fg0259","fg0242","fg0925","fg0750","fg0022","fg0516","fg0688","fg0072","fg0408"
"fq002807","vx_c4ee1e5b3a93a734","fg0694","1","fg0694","fg0105","fg0529","fg0428","fg0033","fg0295","fg0246","fg0488","fg0259","fg0820","fg0422","fg0707","fg0242","fg0925","fg0022","fg0072","fg0750","fg0344","fg0337","fg0688"
"fq002808","vx_a261db600c3fe3a1","fg0695","1","fg0695","fg0911","fg0977","fg0055","fg0264","fg0773","fg0403","fg0775","fg0483","fg0959","fg0125","fg0299","fg0878","fg0902","fg0729","fg0103","fg0402","fg0544","fg0382","fg0148"
"fq002809","vx_ae7e7084675bf4f0","fg0696","1","fg0696","fg0918","fg0455","fg0630","fg0660","fg0989","fg0022","fg0004","fg0428","fg0361","fg0036","fg0046","fg0553","fg0812","fg0297","fg0184","fg0990","fg0707","fg0027","fg0167"
"fq002810","vx_ae7e7084675bf4f0","fg0696","8","fg0050","fg0627","fg0672","fg0589","fg0184","fg0496","fg0789","fg0696","fg0073","fg0812","fg0873","fg0541","fg0751","fg0385","fg0878","fg0414","fg0564","fg0188","fg0749","fg0633"
"fq002811","vx_e6c5fb444b2b5cd9","fg0697","1","fg0697","fg0102","fg0722","fg0648","fg0941","fg0945","fg0801","fg0501","fg0192","fg0910","fg0136","fg0043","fg0059","fg0725","fg0849","fg0996","fg0932","fg0471","fg0956","fg0385"
"fq002812","vx_e6c5fb444b2b5cd9","fg0697","12","fg0941","fg0648","fg0102","fg0945","fg0801","fg0501","fg0722","fg0192","fg0043","fg0910","fg0136","fg0697","fg0996","fg0471","fg0385","fg0956","fg0610","fg0059","fg0849","fg0932"
"fq002813","vx_e6c5fb444b2b5cd9","fg0697","1","fg0697","fg0059","fg0725","fg0932","fg0984","fg0121","fg0317","fg0942","fg0435","fg0849","fg0102","fg0648","fg0941","fg0945","fg0192","fg0722","fg0864","fg0671","fg0859","fg0501"
"fq002814","vx_92d6bb66741fcda2","fg0698","1","fg0698","fg0239","fg0944","fg0178","fg0926","fg0364","fg0250","fg0109","fg0231","fg0341","fg0782","fg0108","fg0122","fg0840","fg0177","fg0982","fg0213","fg0719","fg0394","fg0006"
"fq002815","vx_92d6bb66741fcda2","fg0698","1","fg0698","fg0239","fg0944","fg0178","fg0926","fg0364","fg0250","fg0108","fg0231","fg0341","fg0109","fg0782","fg0361","fg0892","fg0840","fg0213","fg0982","fg0217","fg0122","fg0280"
"fq002816","vx_80dfaf855ce1faba","fg0699","82","fg0533","fg0547","fg0379","fg0811","fg0018","fg0588","fg0062","fg0180","fg0037","fg0200","fg0131","fg0822","fg0665","fg0687","fg0411","fg0667","fg0894","fg0724","fg0499","fg0863"
"fq002817","vx_762da8c0924c4b56","fg0700","1","fg0700","fg0615","fg0165","fg0107","fg0398","fg0899","fg0543","fg0157","fg0429","fg0459","fg0676","fg0359","fg0446","fg0535","fg0942","fg0253","fg0978","fg0616","fg0452","fg0427"
"fq002818","vx_762da8c0924c4b56","fg0700","1","fg0700","fg0615","fg0107","fg0165","fg0429","fg0543","fg0398","fg0899","fg0459","fg0157","fg0978","fg0446","fg0942","fg0535","fg0616","fg0359","fg0676","fg0283","fg0784","fg0493"
"fq002819","vx_762da8c0924c4b56","fg0700","1","fg0700","fg0615","fg0165","fg0899","fg0398","fg0818","fg0107","fg0459","fg0157","fg0429","fg0253","fg0359","fg0446","fg0676","fg0427","fg0543","fg0710","fg0919","fg0455","fg0197"
"fq002820","vx_762da8c0924c4b56","fg0700","1","fg0700","fg0615","fg0543","fg0165","fg0107","fg0398","fg0899","fg0157","fg0978","fg0459","fg0429","fg0942","fg0359","fg0535","fg0676","fg0253","fg0616","fg0446","fg0452","fg0427"
"fq002821","vx_762da8c0924c4b56","fg0700","1","fg0700","fg0615","fg0398","fg0899","fg0157","fg0165","fg0543","fg0107","fg0459","fg0359","fg0253","fg0429","fg0427","fg0446","fg0452","fg0978","fg0676","fg0535","fg0818","fg0283"
"fq002822","vx_74d7bfe7458d96bb","fg0701","1","fg0701","fg0668","fg0488","fg0425","fg0842","fg0327","fg0670","fg0181","fg0540","fg0728","fg0104","fg0805","fg0605","fg0566","fg0844","fg0662","fg0002","fg0193","fg0325","fg0322"
"fq002823","vx_94f8c823238e0dbd","fg0702","1","fg0702","fg0418","fg0281","fg0634","fg0041","fg0984","fg0059","fg0244","fg0532","fg0674","fg0915","fg0939","fg0435","fg0194","fg0932","fg0052","fg0121","fg0731","fg0065","fg0513"
"fq002824","vx_94f8c823238e0dbd","fg0702","1","fg0702","fg0418","fg0281","fg0041","fg0244","fg0532","fg0059","fg0634","fg0984","fg0674","fg0939","fg0435","fg0513","fg0932","fg0731","fg0915","fg0770","fg0865","fg0121","fg0534"
"fq002825","vx_94f8c823238e0dbd","fg0702","1","fg0702","fg0281","fg0418","fg0532","fg0244","fg0634","fg0674","fg0939","fg0984","fg0475","fg0041","fg0193","fg0059","fg0268","fg0915","fg0065","fg0435","fg0336","fg0534","fg0924"
"fq002826","vx_94f8c823238e0dbd","fg0702","1","fg0702","fg0281","fg0418","fg0244","fg0532","fg0939","fg0674","fg0041","fg0634","fg0475","fg0984","fg0435","fg0059","fg0915","fg0065","fg0534","fg0287","fg0821","fg0937","fg0731"
"fq002827","vx_94f8c823238e0dbd","fg0702","1","fg0702","fg0418","fg0281","fg0156","fg0244","fg0984","fg0532","fg0674","fg0513","fg0634","fg0059","fg0041","fg0978","fg0932","fg0435","fg0915","fg0939","fg0121","fg0770","fg0731"
"fq002828","vx_94f8c823238e0dbd","fg0702","1","fg0702","fg0244","fg0532","fg0281","fg0418","fg0674","fg0939","fg0634","fg0475","fg0984","fg0193","fg0924","fg0041","fg0820","fg0821","fg0534","fg0059","fg0422","fg0435","fg0915"
"fq002829","vx_819ca1b8b9da5b13","fg0703","1","fg0703","fg0595","fg0959","fg0621","fg0193","fg0264","fg0381","fg0773","fg0561","fg0453","fg0295","fg0378","fg0816","fg0395","fg0780","fg0903","fg0809","fg1000","fg0884","fg0922"
"fq002830","vx_3faa2d0c6894cf74","fg0704","1","fg0704","fg0814","fg0469","fg0937","fg0217","fg0717","fg0247","fg0251","fg0315","fg0835","fg0369","fg0014","fg0308","fg0745","fg0411","fg0793","fg0241","fg0533","fg0426","fg0767"
"fq002831","vx_0c1d32f4dbfaafb7","fg0705","1","fg0705","fg0692","fg0134","fg0534","fg0113","fg0793","fg0632","fg0777","fg0622","fg0115","fg0488","fg0874","fg0805","fg0387","fg0273","fg0733","fg0422","fg0076","fg0141","fg0484"
"fq002832","vx_04e35fc1a4588d88","fg0706","1","fg0706","fg0287","fg0209","fg0572","fg0796","fg0499","fg0731","fg0616","fg0792","fg0422","fg0068","fg0242","fg0310","fg0420","fg0680","fg0128","fg0344","fg0532","fg0408","fg0336"
"fq002833","vx_04e35fc1a4588d88","fg0706","1","fg0706","fg0209","fg0796","fg0572","fg0287","fg0731","fg0870","fg0904","fg0499","fg0199","fg0336","fg0705","fg0616","fg0534","fg0702","fg0068","fg0792","fg0418","fg0727","fg0859"
"fq002834","vx_04e35fc1a4588d88","fg0706","1","fg0706","fg0287","fg0796","fg0209","fg0572","fg0783","fg0499","fg0792","fg0731","fg0727","fg0870","fg0980","fg0680","fg0079","fg0969","fg0705","fg0616","fg0336","fg0158","fg0465"
"fq002835","vx_84603cd695ed2cc8","fg0707","1","fg0707","fg0873","fg0859","fg0558","fg0949","fg0172","fg0033","fg0200","fg0545","fg0909","fg0091","fg0694","fg0513","fg0242","fg0748","fg0980","fg0333","fg0514","fg0044","fg0745"
"fq002836","vx_8382c4a6e3a129e7","fg0708","1","fg0708","fg0320","fg0236","fg0510","fg0903","fg0603","fg0963","fg0902","fg0607","fg0515","fg0586","fg0450","fg0542","fg0827","fg0384","fg0328","fg0149","fg0675","fg0263","fg0526"
"fq002837","vx_8382c4a6e3a129e7","fg0708","1","fg0708","fg0320","fg0236","fg0603","fg0510","fg0963","fg0903","fg0902","fg0586","fg0607","fg0450","fg0149","fg0827","fg0515","fg0974","fg0384","fg0194","fg0542","fg0606","fg0916"
"fq002838","vx_8382c4a6e3a129e7","fg0708","1","fg0708","fg0320","fg0236","fg0510","fg0903","fg0603","fg0963","fg0586","fg0149","fg0902","fg0515","fg0827","fg0328","fg0263","fg0384","fg0607","fg0974","fg0450","fg0526","fg0921"
"fq002839","vx_8382c4a6e3a129e7","fg0708","1","fg0708","fg0320","fg0236","fg0510","fg0963","fg0603","fg0903","fg0607","fg0827","fg0902","fg0974","fg0586","fg0515","fg0542","fg0450","fg0194","fg0384","fg0149","fg0577","fg0606"
"fq002840","vx_8382c4a6e3a129e7","fg0708","1","fg0708","fg0236","fg0320","fg0510","fg0974","fg0902","fg0903","fg0827","fg0515","fg0603","fg0577","fg0963","fg0542","fg0194","fg0479","fg0586","fg0607","fg0828","fg0412","fg0052"
"fq002841","vx_8382c4a6e3a129e7","fg0708","1","fg0708","fg0320","fg0236","fg0603","fg0510","fg0963","fg0902","fg0903","fg0607","fg0450","fg0586","fg0515","fg0827","fg0974","fg0542","fg0149","fg0194","fg0384","fg0606","fg0916"
"fq002842","vx_8382c4a6e3a129e7","fg0708","1","fg0708","fg0320","fg0236","fg0510","fg0903","fg0603","fg0149","fg0963","fg0515","fg0827","fg0586","fg0902","fg0526","fg0450","fg0607","fg0052","fg0439","fg0328","fg0974","fg0384"
"fq002843","vx_8382c4a6e3a129e7","fg0708","1","fg0708","fg0236","fg0320","fg0903","fg0510","fg0827","fg0515","fg0586","fg0263","fg0149","fg0526","fg0963","fg0328","fg0952","fg0974","fg0394","fg0902","fg0921","fg0479","fg0439"
"fq002844","vx_d4717f0f27fb89b4","fg0709","1","fg0709","fg0019","fg0214","fg0928","fg0278","fg0723","fg0550","fg0086","fg0561","fg0676","fg0737","fg0506","fg0864","fg0410","fg0175","fg0656","fg0500","fg0751","fg0235","fg0106"
"fq002845","vx_d4717f0f27fb89b4","fg0709","1","fg0709","fg0214","fg0019","fg0928","fg0278","fg0723","fg0550","fg0086","fg0506","fg0561","fg0676","fg0737","fg0656","fg0864","fg0175","fg0410","fg0751","fg0500","fg0235","fg0696"
"fq002846","vx_db5badd35d4ed33b","fg0710","1","fg0710","fg0927","fg0197","fg0284","fg0919","fg0883","fg0063","fg0818","fg0028","fg0412","fg0169","fg0482","fg0122","fg0822","fg0878","fg0455","fg0379","fg0435","fg0396","fg0269"
"fq002847","vx_454df86479b778fe","fg0711","1","fg0711","fg0880","fg0650","fg0904","fg0750","fg0199","fg0322","fg0506","fg0796","fg0256","fg0851","fg0967","fg0751","fg0312","fg0039","fg0476","fg0175","fg0917","fg0282","fg0831"
"fq002848","vx_454df86479b778fe","fg0711","1","fg0711","fg0880","fg0650","fg0750","fg0199","fg0967","fg0312","fg0904","fg0819","fg0322","fg0282","fg0039","fg0391","fg0920","fg0796","fg0425","fg0674","fg0138","fg0746","fg0447"
"fq002849","vx_454df86479b778fe","fg0711","1","fg0711","fg0880","fg0650","fg0750","fg0199","fg0967","fg0312","fg0819","fg0904","fg0322","fg0039","fg0282","fg0391","fg0796","fg0425","fg0280","fg0138","fg0447","fg0674","fg0849"
"fq002850","vx_454df86479b778fe","fg0711","342","fg0735","fg0448","fg0896","fg0467","fg0978","fg0210","fg0006","fg0721","fg0607","fg0508","fg0713","fg0382","fg0549","fg0218","fg0471","fg0538","fg0173","fg0075","fg0995","fg0830"
"fq002851","vx_454df86479b778fe","fg0711","1","fg0711","fg0880","fg0650","fg0750","fg0904","fg0199","fg0967","fg0322","fg0312","fg0796","fg0819","fg0039","fg0282","fg0746","fg0572","fg0138","fg0425","fg0391","fg0393","fg0865"
"fq002852","vx_454df86479b778fe","fg0711","1","fg0711","fg0880","fg0650","fg0750","fg0199","fg0904","fg0967","fg0322","fg0312","fg0819","fg0039","fg0796","fg0282","fg0391","fg0425","fg0138","fg0280","fg0746","fg0447","fg0393"
"fq002853","vx_454df86479b778fe","fg0711","1","fg0711","fg0880","fg0650","fg0750","fg0904","fg0199","fg0967","fg0312","fg0819","fg0322","fg0039","fg0282","fg0746","fg0920","fg0796","fg0391","fg0138","fg0447","fg0572","fg0425"
"fq002854","vx_454df86479b778fe","fg0711","17","fg0648","fg0941","fg0102","fg0945","fg0801","fg0722","fg0501","fg0043","fg0192","fg0910","fg0136","fg0996","fg0385","fg0956","fg0471","fg0610","fg0711","fg0849","fg0628","fg0228"
"fq002855","vx_454df86479b778fe","fg0711","1","fg0711","fg0880","fg0851","fg0650","fg0750","fg0904","fg0565","fg0469","fg0308","fg0949","fg0256","fg0199","fg0138","fg0322","fg0956","fg0017","fg0742","fg0425","fg0482","fg0039"
"fq002856","vx_1337b5b8c7c440cd","fg0712","1","fg0712","fg0229","fg0071","fg0015","fg0852","fg0453","fg0268","fg0688","fg0352","fg0083","fg0365","fg0428","fg0744","fg0732","fg0622","fg0843","fg0645","fg0247","fg0656","fg0337"
"fq002857","vx_f55a29c9696ffc22","fg0713","1","fg0713","fg0912","fg0881","fg0995","fg0304","fg0189","fg0308","fg0888","fg0055","fg0599","fg0884","fg0396","fg0666","fg0159","fg0931","fg0762","fg0070","fg0828","fg0137","fg0977"
"fq002858","vx_f55a29c9696ffc22","fg0713","483","fg0180","fg0062","fg0018","fg0588","fg0533","fg0037","fg0547","fg0379","fg0724","fg0811","fg0411","fg0665","fg0822","fg0894","fg0027","fg0262","fg0679","fg0499","fg0031","fg0318"
"fq002859","vx_e51bf32f31d50c02","fg0714","1","fg0714","fg0555","fg0611","fg0998","fg0240","fg0823","fg0768","fg0419","fg0446","fg0373","fg0592","fg0114","fg0380","fg0906","fg0810","fg0128","fg0525","fg0013","fg0795","fg0720"
"fq002860","vx_e51bf32f31d50c02","fg0714","1","fg0714","fg0555","fg0768","fg0611","fg0998","fg0823","fg0240","fg0446","fg0419","fg0373","fg0506","fg0561","fg0592","fg0114","fg0737","fg0831","fg0751","fg0525","fg0492","fg0175"
"fq002861","vx_e51bf32f31d50c02","fg0714","1","fg0714","fg0555","fg0998","fg0768","fg0611","fg0240","fg0823","fg0419","fg0446","fg0373","fg0592","fg0114","fg0380","fg0906","fg0128","fg0477","fg0563","fg0810","fg0363","fg0013"
"fq002862","vx_e51bf32f31d50c02","fg0714","1","fg0714","fg0555","fg0998","fg0823","fg0240","fg0611","fg0768","fg0419","fg0446","fg0373","fg0592","fg0114","fg0380","fg0128","fg0906","fg0720","fg0194","fg0795","fg0649","fg0596"
"fq002863","vx_e51bf32f31d50c02","fg0714","1","fg0714","fg0555","fg0240","fg0823","fg0611","fg0768","fg0998","fg0446","fg0343","fg0419","fg0592","fg0373","fg0798","fg0225","fg0444","fg0435","fg0612","fg0483","fg0896","fg0886"
"fq002864","vx_e51bf32f31d50c02","fg0714","1","fg0714","fg0555","fg0998","fg0611","fg0768","fg0240","fg0823","fg0419","fg0446","fg0373","fg0592","fg0114","fg0380","fg0128","fg0720","fg0810","fg0467","fg0596","fg0492","fg0477"
"fq002865","vx_e51bf32f31d50c02","fg0714","2","fg0749","fg0714","fg0823","fg0555","fg0611","fg0050","fg0768","fg0446","fg0240","fg0262","fg0998","fg0419","fg0085","fg0023","fg0561","fg0373","fg0760","fg0079","fg0672","fg0846"
"fq002866","vx_e51bf32f31d50c02","fg0714","1","fg0714","fg0555","fg0611","fg0823","fg0998","fg0768","fg0240","fg0419","fg0446","fg0373","fg0592","fg0114","fg0128","fg0380","fg0403","fg0492","fg0364","fg0795","fg0563","fg0720"
"fq002867","vx_e51bf32f31d50c02","fg0714","1","fg0714","fg0555","fg0998","fg0611","fg0240","fg0768","fg0823","fg0419","fg0446","fg0373","fg0592","fg0114","fg0380","fg0810","fg0906","fg0563","fg0525","fg0128","fg0720","fg0477"
"fq002868","vx_e51bf32f31d50c02","fg0714","1","fg0714","fg0555","fg0823","fg0240","fg0611","fg0768","fg0419","fg0998","fg0446","fg0863","fg0592","fg0131","fg0355","fg0373","fg0667","fg0301","fg0491","fg0114","fg0521","fg0703"
"fq002869","vx_e51bf32f31d50c02","fg0714","1","fg0714","fg0555","fg0998","fg0768","fg0611","fg0240","fg0823","fg0419","fg0446","fg0373","fg0592","fg0114","fg0810","fg0525","fg0380","fg0906","fg0563","fg0128","fg0013","fg0477"
"fq002870","vx_e51bf32f31d50c02","fg0714","1","fg0714","fg0555","fg0611","fg0768","fg0998","fg0823","fg0240","fg0419","fg0446","fg0592","fg0373","fg0114","fg0380","fg0128","fg0618","fg0886","fg0810","fg0720","fg0013","fg0492"
"fq002871","vx_e51bf32f31d50c02","fg0714","1","fg0714","fg0555","fg0998","fg0611","fg0768","fg0823","fg0240","fg0419","fg0446","fg0373","fg0592","fg0114","fg0380","fg0128","fg0720","fg0413","fg0492","fg0795","fg0403","fg0194"
"fq002872","vx_e51bf32f31d50c02","fg0714","1","fg0714","fg0555","fg0611","fg0768","fg0823","fg0998","fg0240","fg0419","fg0446","fg0373","fg0592","fg0114","fg0451","fg0527","fg0414","fg0313","fg0947","fg0574","fg0092","fg0525"
"fq002873","vx_e51bf32f31d50c02","fg0714","1","fg0714","fg0768","fg0555","fg0611","fg0823","fg0240","fg0998","fg0446","fg0419","fg0299","fg0618","fg0373","fg0592","fg0279","fg0561","fg0055","fg0128","fg0668","fg0114","fg0720"
"fq002874","vx_e51bf32f31d50c02","fg0714","1","fg0714","fg0555","fg0611","fg0823","fg0998","fg0768","fg0240","fg0419","fg0446","fg0373","fg0114","fg0592","fg0525","fg0810","fg0380","fg0563","fg0906","fg0013","fg0128","fg0795"
"fq002875","vx_e51bf32f31d50c02","fg0714","1","fg0714","fg0555","fg0611","fg0998","fg0768","fg0823","fg0240","fg0419","fg0446","fg0373","fg0592","fg0114","fg0380","fg0795","fg0810","fg0413","fg0128","fg0720","fg0194","fg0492"
"fq002876","vx_d7b59f86ae6237ce","fg0715","1","fg0715","fg0769","fg0427","fg0171","fg0871","fg0070","fg0504","fg0302","fg0148","fg0448","fg0573","fg0985","fg0629","fg0201","fg0276","fg0940","fg0143","fg0625","fg0640","fg0657"
"fq002877","vx_41786a610361f719","fg0716","228","fg0735","fg0467","fg0448","fg0896","fg0210","fg0006","fg0978","fg0887","fg0508","fg0607","fg0721","fg0815","fg0434","fg0156","fg0667","fg0421","fg0266","fg0812","fg0301","fg0084"
"fq002878","vx_644ef5818e63f680","fg0717","1","fg0717","fg0251","fg0772","fg0943","fg0704","fg0340","fg0038","fg0078","fg0793","fg0954","fg0217","fg0355","fg0016","fg0974","fg0827","fg0568","fg0742","fg0903","fg0469","fg0863"
"fq002879","vx_6cc966b96cbe2816","fg0718","1","fg0718","fg0198","fg0032","fg0986","fg0150","fg0847","fg0869","fg0860","fg0090","fg0103","fg0763","fg0417","fg0583","fg0581","fg0922","fg0258","fg0805","fg0549","fg0617","fg0772"
"fq002880","vx_9476aa0d07cfac6a","fg0719","1","fg0719","fg0177","fg0263","fg0394","fg0161","fg0685","fg0132","fg0952","fg0328","fg0032","fg0290","fg0620","fg0993","fg0569","fg0885","fg0756","fg0968","fg0639","fg0875","fg0130"
"fq002881","vx_f1ef987f1dad71d0","fg0720","1","fg0720","fg0162","fg0971","fg0683","fg0465","fg0311","fg0876","fg0951","fg0110","fg0342","fg0502","fg0726","fg0086","fg0550","fg0413","fg0963","fg0204","fg0266","fg0975","fg0626"
"fq002882","vx_f1ef987f1dad71d0","fg0720","1","fg0720","fg0162","fg0971","fg0683","fg0465","fg0311","fg0896","fg0110","fg0951","fg0342","fg0421","fg0506","fg0656","fg0876","fg0305","fg0887","fg0980","fg0509","fg0145","fg0112"
"fq002883","vx_f1ef987f1dad71d0","fg0720","1","fg0720","fg0162","fg0971","fg0683","fg0465","fg0311","fg0876","fg0110","fg0342","fg0951","fg0502","fg0726","fg0086","fg0550","fg0963","fg0626","fg0413","fg0975","fg0401","fg0992"
"fq002884","vx_f1ef987f1dad71d0","fg0720","1","fg0720","fg0162","fg0971","fg0683","fg0465","fg0311","fg0951","fg0876","fg0086","fg0110","fg0342","fg0550","fg0726","fg0502","fg0626","fg0963","fg0975","fg0401","fg0204","fg0655"
"fq002885","vx_715ef9b70825efd5","fg0721","1","fg0721","fg0897","fg0682","fg0099","fg0567","fg0525","fg0504","fg0810","fg0755","fg0127","fg0748","fg0081","fg0114","fg0555","fg0013","fg0906","fg0407","fg0734","fg0519","fg0611"
"fq002886","vx_5e022a4fcfe8d1aa","fg0722","441","fg0847","fg0032","fg0150","fg0986","fg0860","fg0869","fg0090","fg0583","fg0745","fg0225","fg0718","fg0103","fg0741","fg0417","fg0551","fg0590","fg0651","fg0623","fg0778","fg0258"
"fq002887","vx_5e022a4fcfe8d1aa","fg0722","128","fg0506","fg0175","fg0561","fg0745","fg0156","fg0656","fg0308","fg0778","fg0385","fg0737","fg0980","fg0672","fg0958","fg0734","fg0831","fg0751","fg0490","fg0896","fg0857","fg0976"
"fq002888","vx_5e022a4fcfe8d1aa","fg0722","102","fg0360","fg0268","fg0172","fg0310","fg0707","fg0608","fg0428","fg0870","fg0417","fg0308","fg0860","fg0958","fg0778","fg0653","fg0025","fg0198","fg0088","fg0529","fg0229","fg0734"
"fq002889","vx_5e022a4fcfe8d1aa","fg0722","90","fg0360","fg0172","fg0268","fg0707","fg0608","fg0417","fg0310","fg0860","fg0225","fg0870","fg0198","fg0958","fg0359","fg0428","fg0778","fg0308","fg0290","fg0651","fg0088","fg0440"
"fq002890","vx_4a8dd198e405d4b7","fg0723","1","fg0723","fg0278","fg0928","fg0214","fg0019","fg0709","fg0500","fg0227","fg0506","fg0751","fg0747","fg0450","fg0561","fg0268","fg0737","fg0175","fg0026","fg0166","fg0432","fg0056"
"fq002891","vx_4a8dd198e405d4b7","fg0723","2","fg0278","fg0723","fg0928","fg0214","fg0019","fg0709","fg0500","fg0227","fg0506","fg0450","fg0747","fg0026","fg0737","fg0992","fg0751","fg0175","fg0561","fg0235","fg0994","fg0069"
"fq002892","vx_eaba7bd16e180b54","fg0724","41","fg0065","fg0634","fg0984","fg0281","fg0209","fg0418","fg0409","fg0087","fg0932","fg0821","fg0859","fg0224","fg0686","fg0534","fg0702","fg0058","fg0312","fg0215","fg0610","fg0770"
"fq002893","vx_eddb671adb2cfc1f","fg0725","1","fg0725","fg0202","fg0849","fg0223","fg0581","fg0697","fg0309","fg0393","fg0480","fg0901","fg0248","fg0741","fg0904","fg0506","fg0650","fg0511","fg0738","fg0980","fg0105","fg0409"
"fq002894","vx_db6fd0843b40d6f9","fg0726","1","fg0726","fg0624","fg0417","fg0344","fg0683","fg0963","fg0317","fg0731","fg0289","fg0876","fg0042","fg0879","fg0311","fg0872","fg0059","fg0870","fg0437","fg0786","fg0943","fg0885"
"fq002895","vx_27c19ebe2f951d11","fg0727","1","fg0727","fg0023","fg0925","fg0005","fg0280","fg0327","fg0668","fg0138","fg0536","fg0447","fg0972","fg0647","fg0634","fg0984","fg0728","fg0853","fg0893","fg0281","fg0680","fg0322"
"fq002896","vx_27c19ebe2f951d11","fg0727","1","fg0727","fg0925","fg0023","fg0327","fg0280","fg0005","fg0668","fg0138","fg0972","fg0536","fg0209","fg0447","fg0647","fg0287","fg0634","fg0893","fg0322","fg0465","fg0728","fg0842"
"fq002897","vx_27c19ebe2f951d11","fg0727","1","fg0727","fg0925","fg0023","fg0327","fg0280","fg0138","fg0668","fg0005","fg0972","fg0647","fg0536","fg0322","fg0893","fg0770","fg0091","fg0842","fg0690","fg0465","fg0001","fg0303"
"fq002898","vx_27c19ebe2f951d11","fg0727","1","fg0727","fg0925","fg0023","fg0280","fg0005","fg0668","fg0327","fg0138","fg0972","fg0536","fg0647","fg0322","fg0893","fg0447","fg0209","fg0770","fg0344","fg0303","fg0842","fg0635"
"fq002899","vx_27c19ebe2f951d11","fg0727","1","fg0727","fg0023","fg0925","fg0327","fg0668","fg0972","fg0280","fg0005","fg0138","fg0447","fg0728","fg0647","fg0634","fg0984","fg0511","fg0680","fg0536","fg0770","fg0277","fg0322"
"fq002900","vx_27c19ebe2f951d11","fg0727","1","fg0727","fg0925","fg0023","fg0005","fg0280","fg0327","fg0972","fg0668","fg0536","fg0138","fg0770","fg0984","fg0635","fg0091","fg0344","fg0281","fg0303","fg0634","fg0893","fg0647"
"fq002901","vx_27c19ebe2f951d11","fg0727","1","fg0727","fg0023","fg0925","fg0280","fg0005","fg0668","fg0327","fg0138","fg0209","fg0536","fg0972","fg0447","fg0893","fg0303","fg0281","fg0344","fg0518","fg0634","fg0680","fg0511"
"fq002902","vx_27c19ebe2f951d11","fg0727","1","fg0727","fg0023","fg0005","fg0925","fg0280","fg0327","fg0209","fg0138","fg0634","fg0536","fg0668","fg0447","fg0972","fg0281","fg0984","fg0344","fg0647","fg0287","fg0728","fg0893"
"fq002903","vx_5d55124dae2a8324","fg0728","1","fg0728","fg0193","fg0984","fg0634","fg0932","fg0005","fg0443","fg0268","fg0425","fg0631","fg0023","fg0701","fg0055","fg0409","fg0181","fg0117","fg0622","fg0668","fg0566","fg0751"
"fq002904","vx_5d55124dae2a8324","fg0728","1","fg0728","fg0980","fg0761","fg0193","fg0672","fg0561","fg0506","fg0308","fg0984","fg0896","fg0500","fg0499","fg0745","fg0318","fg0005","fg0154","fg0837","fg0522","fg0846","fg0175"
"fq002905","vx_5d55124dae2a8324","fg0728","1","fg0728","fg0193","fg0984","fg0932","fg0005","fg0631","fg0634","fg0268","fg0443","fg0117","fg0409","fg0701","fg0425","fg0367","fg0377","fg0449","fg0622","fg0181","fg0528","fg0566"
"fq002906","vx_5d55124dae2a8324","fg0728","13","fg0102","fg0648","fg0801","fg0941","fg0945","fg0722","fg0501","fg0043","fg0192","fg0910","fg0136","fg0996","fg0728","fg0956","fg0193","fg0471","fg0610","fg0385","fg0984","fg0634"
"fq002907","vx_5d55124dae2a8324","fg0728","1","fg0728","fg0193","fg0984","fg0932","fg0634","fg0005","fg0268","fg0425","fg0443","fg0631","fg0409","fg0701","fg0117","fg0181","fg0531","fg0055","fg0668","fg0528","fg0622","fg0126"
"fq002908","vx_5d55124dae2a8324","fg0728","1","fg0728","fg0193","fg0984","fg0932","fg0005","fg0634","fg0425","fg0631","fg0268","fg0443","fg0409","fg0701","fg0117","fg0181","fg0531","fg0055","fg0528","fg0126","fg0622","fg0668"
"fq002909","vx_5d55124dae2a8324","fg0728","1","fg0728","fg0837","fg0193","fg0634","fg0722","fg0984","fg0136","fg0648","fg0522","fg0159","fg0102","fg0308","fg0941","fg0945","fg0192","fg0156","fg0801","fg0932","fg0385","fg0956"
"fq002910","vx_5d55124dae2a8324","fg0728","1","fg0728","fg0193","fg0984","fg0634","fg0005","fg0932","fg0425","fg0443","fg0268","fg0023","fg0701","fg0631","fg0668","fg0055","fg0622","fg0181","fg0409","fg0327","fg0727","fg0566"
"fq002911","vx_5d55124dae2a8324","fg0728","1","fg0728","fg0193","fg0984","fg0932","fg0634","fg0005","fg0268","fg0631","fg0117","fg0409","fg0443","fg0425","fg0449","fg0701","fg0377","fg0531","fg0367","fg0528","fg0126","fg0751"
"fq002912","vx_5d55124dae2a8324","fg0728","1","fg0728","fg0193","fg0984","fg0932","fg0005","fg0268","fg0425","fg0634","fg0631","fg0443","fg0409","fg0055","fg0117","fg0701","fg0181","fg0531","fg0622","fg0367","fg0449","fg0528"
"fq002913","vx_5d55124dae2a8324","fg0728","1","fg0728","fg0193","fg0984","fg0634","fg0932","fg0005","fg0268","fg0443","fg0425","fg0701","fg0751","fg0023","fg0631","fg0181","fg0622","fg0449","fg0377","fg0055","fg0409","fg0566"
"fq002914","vx_5d55124dae2a8324","fg0728","1","fg0728","fg0193","fg0984","fg0932","fg0634","fg0005","fg0268","fg0631","fg0425","fg0443","fg0409","fg0117","fg0751","fg0377","fg0449","fg0367","fg0531","fg0528","fg0126","fg0622"
"fq002915","vx_5d55124dae2a8324","fg0728","1","fg0728","fg0193","fg0932","fg0984","fg0268","fg0005","fg0425","fg0634","fg0631","fg0443","fg0409","fg0117","fg0701","fg0531","fg0055","fg0181","fg0367","fg0622","fg0528","fg0668"
"fq002916","vx_5d55124dae2a8324","fg0728","1","fg0728","fg0193","fg0932","fg0984","fg0631","fg0268","fg0005","fg0634","fg0425","fg0443","fg0409","fg0117","fg0531","fg0701","fg0622","fg0367","fg0528","fg0055","fg0126","fg0377"
"fq002917","vx_5d55124dae2a8324","fg0728","1","fg0728","fg0193","fg0984","fg0932","fg0005","fg0634","fg0425","fg0443","fg0631","fg0268","fg0409","fg0701","fg0117","fg0181","fg0622","fg0055","fg0668","fg0023","fg0751","fg0126"
"fq002918","vx_5d55124dae2a8324","fg0728","1","fg0728","fg0193","fg0932","fg0984","fg0634","fg0268","fg0005","fg0631","fg0443","fg0409","fg0117","fg0425","fg0701","fg0367","fg0531","fg0905","fg0528","fg0181","fg0126","fg0449"
"fq002919","vx_5d55124dae2a8324","fg0728","1","fg0728","fg0193","fg0984","fg0005","fg0634","fg0932","fg0443","fg0023","fg0701","fg0566","fg0181","fg0668","fg0425","fg0924","fg0268","fg0727","fg0435","fg0622","fg0327","fg0449"
"fq002920","vx_5d55124dae2a8324","fg0728","1","fg0728","fg0193","fg0984","fg0932","fg0634","fg0005","fg0268","fg0409","fg0631","fg0443","fg0425","fg0701","fg0117","fg0181","fg0668","fg0023","fg0531","fg0367","fg0622","fg0449"
"fq002921","vx_5d55124dae2a8324","fg0728","1","fg0728","fg0193","fg0984","fg0634","fg0932","fg0005","fg0268","fg0443","fg0425","fg0631","fg0409","fg0055","fg0023","fg0701","fg0117","fg0622","fg0181","fg0668","fg0566","fg0751"
"fq002922","vx_5d55124dae2a8324","fg0728","1","fg0728","fg0193","fg0984","fg0932","fg0634","fg0005","fg0268","fg0443","fg0631","fg0409","fg0425","fg0449","fg0377","fg0117","fg0055","fg0622","fg0751","fg0701","fg0181","fg0126"
"fq002923","vx_5d55124dae2a8324","fg0728","1","fg0728","fg0193","fg0984","fg0634","fg0005","fg0521","fg0305","fg0980","fg0761","fg0701","fg0443","fg0566","fg0932","fg0377","fg0181","fg0751","fg0509","fg0622","fg0667","fg0449"
"fq002924","vx_5d55124dae2a8324","fg0728","1","fg0728","fg0193","fg0984","fg0426","fg0005","fg0443","fg0425","fg0634","fg0932","fg0491","fg0667","fg0411","fg0631","fg0362","fg0316","fg0701","fg0841","fg0260","fg0996","fg0622"
"fq002925","vx_5d55124dae2a8324","fg0728","1","fg0728","fg0193","fg0634","fg0984","fg0005","fg0932","fg0425","fg0023","fg0443","fg0701","fg0268","fg0924","fg0452","fg0181","fg0668","fg0359","fg0727","fg0440","fg0281","fg0055"
"fq002926","vx_5d55124dae2a8324","fg0728","1","fg0728","fg0193","fg0984","fg0634","fg0932","fg0005","fg0751","fg0268","fg0443","fg0425","fg0631","fg0622","fg0023","fg0377","fg0409","fg0449","fg0701","fg0055","fg0668","fg0566"
"fq002927","vx_5d55124dae2a8324","fg0728","1","fg0728","fg0193","fg0984","fg0932","fg0005","fg0634","fg0268","fg0425","fg0409","fg0443","fg0631","fg0117","fg0701","fg0531","fg0181","fg0055","fg0668","fg0528","fg0023","fg0126"
"fq002928","vx_5d55124dae2a8324","fg0728","1","fg0728","fg0193","fg0984","fg0634","fg0932","fg0005","fg0268","fg0443","fg0425","fg0701","fg0023","fg0181","fg0631","fg0055","fg0668","fg0409","fg0622","fg0566","fg0117","fg0751"
"fq002929","vx_5d55124dae2a8324","fg0728","1","fg0728","fg0193","fg0984","fg0005","fg0634","fg0932","fg0701","fg0631","fg0268","fg0443","fg0425","fg0181","fg0622","fg0055","fg0449","fg0377","fg0566","fg0117","fg0409","fg0751"
"fq002930","vx_5d55124dae2a8324","fg0728","1","fg0728","fg0193","fg0984","fg0005","fg0634","fg0932","fg0980","fg0631","fg0443","fg0425","fg0751","fg0268","fg0377","fg0701","fg0409","fg0449","fg0622","fg0055","fg0517","fg0117"
"fq002931","vx_5d55124dae2a8324","fg0728","1","fg0728","fg0193","fg0984","fg0932","fg0005","fg0634","fg0425","fg0443","fg0268","fg0631","fg0409","fg0701","fg0117","fg0055","fg0622","fg0181","fg0668","fg0023","fg0126","fg0566"
"fq002932","vx_5d55124dae2a8324","fg0728","1","fg0728","fg0193","fg0984","fg0932","fg0005","fg0634","fg0443","fg0425","fg0631","fg0268","fg0622","fg0055","fg0701","fg0181","fg0023","fg0751","fg0668","fg0566","fg0449","fg0727"
"fq002933","vx_5d55124dae2a8324","fg0728","7","fg0648","fg0722","fg0941","fg0102","fg0945","fg0801","fg0728","fg0501","fg0192","fg0043","fg0136","fg0910","fg0193","fg0984","fg0932","fg0634","fg0956","fg0996","fg0005","fg0610"
"fq002934","vx_5d55124dae2a8324","fg0728","1","fg0728","fg0193","fg0984","fg0932","fg0634","fg0005","fg0268","fg0425","fg0631","fg0443","fg0409","fg0117","fg0751","fg0622","fg0055","fg0701","fg0367","fg0377","fg0449","fg0126"
"fq002935","vx_5d55124dae2a8324","fg0728","1","fg0728","fg0193","fg0932","fg0984","fg0631","fg0268","fg0425","fg0409","fg0443","fg0117","fg0634","fg0005","fg0531","fg0055","fg0126","fg0528","fg0701","fg0367","fg0622","fg0449"
"fq002936","vx_5d55124dae2a8324","fg0728","1","fg0728","fg0193","fg0984","fg0634","fg0005","fg0980","fg0181","fg0737","fg0701","fg0527","fg0377","fg0932","fg0561","fg0449","fg0751","fg0506","fg0541","fg0049","fg0443","fg0268"
"fq002937","vx_5d55124dae2a8324","fg0728","1","fg0728","fg0193","fg0932","fg0984","fg0005","fg0631","fg0268","fg0634","fg0443","fg0409","fg0425","fg0117","fg0531","fg0701","fg0528","fg0126","fg0367","fg0181","fg0668","fg0449"
"fq002938","vx_5d55124dae2a8324","fg0728","1","fg0728","fg0193","fg0984","fg0634","fg0005","fg0751","fg0980","fg0932","fg0443","fg0622","fg0566","fg0701","fg0449","fg0377","fg0425","fg0055","fg0268","fg0181","fg0023","fg0506"
"fq002939","vx_5d55124dae2a8324","fg0728","8","fg0722","fg0648","fg0102","fg0941","fg0945","fg0801","fg0501","fg0728","fg0192","fg0043","fg0136","fg0910","fg0193","fg0996","fg0956","fg0932","fg0984","fg0610","fg0471","fg0634"
"fq002940","vx_5d55124dae2a8324","fg0728","1","fg0728","fg0193","fg0932","fg0984","fg0268","fg0634","fg0631","fg0005","fg0425","fg0409","fg0443","fg0117","fg0531","fg0701","fg0528","fg0126","fg0367","fg0055","fg0622","fg0449"
"fq002941","vx_5d55124dae2a8324","fg0728","1","fg0728","fg0193","fg0984","fg0932","fg0883","fg0927","fg0005","fg0634","fg0028","fg0412","fg0169","fg0268","fg0425","fg0435","fg0443","fg0622","fg0701","fg0181","fg0566","fg0631"
"fq002942","vx_5d55124dae2a8324","fg0728","1","fg0728","fg0193","fg0984","fg0634","fg0932","fg0005","fg0268","fg0425","fg0443","fg0631","fg0181","fg0023","fg0701","fg0055","fg0409","fg0668","fg0117","fg0622","fg0566","fg0751"
"fq002943","vx_5d55124dae2a8324","fg0728","9","fg0722","fg0648","fg0102","fg0941","fg0801","fg0945","fg0501","fg0192","fg0728","fg0043","fg0136","fg0910","fg0996","fg0932","fg0956","fg0193","fg0471","fg0385","fg0610","fg0984"
"fq002944","vx_5d55124dae2a8324","fg0728","1","fg0728","fg0193","fg0932","fg0984","fg0005","fg0631","fg0425","fg0443","fg0268","fg0634","fg0409","fg0117","fg0531","fg0701","fg0181","fg0126","fg0528","fg0225","fg0668","fg0367"
"fq002945","vx_5d55124dae2a8324","fg0728","1","fg0728","fg0193","fg0984","fg0023","fg0634","fg0005","fg0932","fg0321","fg0443","fg0268","fg0425","fg0262","fg0055","fg0474","fg0181","fg0693","fg0233","fg0749","fg0350","fg0433"
"fq002946","vx_5d55124dae2a8324","fg0728","1","fg0728","fg0193","fg0984","fg0005","fg0932","fg0634","fg0425","fg0443","fg0631","fg0268","fg0701","fg0181","fg0566","fg0622","fg0409","fg0117","fg0225","fg0435","fg0449","fg0668"
"fq002947","vx_5d55124dae2a8324","fg0728","1","fg0728","fg0193","fg0984","fg0932","fg0634","fg0005","fg0268","fg0443","fg0425","fg0631","fg0701","fg0409","fg0117","fg0023","fg0055","fg0622","fg0668","fg0181","fg0367","fg0751"
"fq002948","vx_5d55124dae2a8324","fg0728","1","fg0728","fg0193","fg0984","fg0932","fg0634","fg0005","fg0425","fg0443","fg0268","fg0023","fg0055","fg0701","fg0631","fg0622","fg0751","fg0668","fg0409","fg0181","fg0359","fg0566"
"fq002949","vx_5d55124dae2a8324","fg0728","1","fg0728","fg0193","fg0984","fg0841","fg0932","fg0362","fg0040","fg0316","fg0005","fg0996","fg0411","fg0260","fg0634","fg0426","fg0631","fg0443","fg0425","fg0268","fg0491","fg0409"
"fq002950","vx_5d55124dae2a8324","fg0728","8","fg0722","fg0648","fg0102","fg0801","fg0941","fg0945","fg0501","fg0728","fg0192","fg0043","fg0136","fg0910","fg0996","fg0956","fg0932","fg0193","fg0471","fg0984","fg0610","fg0385"
"fq002951","vx_5d55124dae2a8324","fg0728","1","fg0728","fg0193","fg0984","fg0932","fg0634","fg0005","fg0268","fg0631","fg0409","fg0443","fg0117","fg0701","fg0425","fg0531","fg0181","fg0924","fg0449","fg0566","fg0528","fg0622"
"fq002952","vx_5d55124dae2a8324","fg0728","1","fg0728","fg0193","fg0984","fg0932","fg0634","fg0005","fg0268","fg0425","fg0443","fg0631","fg0409","fg0055","fg0701","fg0622","fg0117","fg0023","fg0751","fg0668","fg0181","fg0566"
"fq002953","vx_5d55124dae2a8324","fg0728","12","fg0648","fg0722","fg0102","fg0941","fg0801","fg0945","fg0501","fg0192","fg0043","fg0136","fg0910","fg0728","fg0996","fg0932","fg0956","fg0193","fg0385","fg0471","fg0610","fg0984"
"fq002954","vx_5d55124dae2a8324","fg0728","18","fg0031","fg0665","fg0522","fg0837","fg0218","fg0496","fg0791","fg0933","fg0990","fg0703","fg0159","fg0308","fg0878","fg0814","fg0118","fg0430","fg0140","fg0728","fg0984","fg0267"
"fq002955","vx_5d55124dae2a8324","fg0728","1","fg0728","fg0193","fg0984","fg0932","fg0005","fg0634","fg0268","fg0443","fg0631","fg0425","fg0409","fg0117","fg0377","fg0449","fg0701","fg0055","fg0751","fg0367","fg0980","fg0181"
"fq002956","vx_5d55124dae2a8324","fg0728","1","fg0728","fg0193","fg0984","fg0932","fg0634","fg0005","fg0268","fg0631","fg0409","fg0443","fg0425","fg0701","fg0117","fg0531","fg0181","fg0055","fg0668","fg0566","fg0528","fg0367"
"fq002957","vx_5d55124dae2a8324","fg0728","1","fg0728","fg0193","fg0984","fg0932","fg0634","fg0268","fg0005","fg0443","fg0409","fg0631","fg0425","fg0117","fg0701","fg0531","fg0181","fg0528","fg0622","fg0927","fg0449","fg0377"
"fq002958","vx_5d55124dae2a8324","fg0728","1","fg0728","fg0193","fg0984","fg0005","fg0932","fg0425","fg0634","fg0268","fg0443","fg0631","fg0409","fg0701","fg0117","fg0181","fg0531","fg0055","fg0449","fg0528","fg0622","fg0668"
"fq002959","vx_5d55124dae2a8324","fg0728","1","fg0728","fg0193","fg0984","fg0005","fg0634","fg0932","fg0443","fg0435","fg0181","fg0566","fg0023","fg0622","fg0631","fg0701","fg0268","fg0668","fg0425","fg0883","fg0449","fg0161"
"fq002960","vx_5d55124dae2a8324","fg0728","1","fg0728","fg0193","fg0984","fg0932","fg0005","fg0634","fg0425","fg0268","fg0443","fg0631","fg0409","fg0701","fg0117","fg0622","fg0055","fg0668","fg0023","fg0181","fg0566","fg0751"
"fq002961","vx_5d55124dae2a8324","fg0728","1","fg0728","fg0193","fg0984","fg0634","fg0932","fg0268","fg0005","fg0409","fg0443","fg0631","fg0425","fg0531","fg0117","fg0701","fg0023","fg0181","fg0924","fg0727","fg0055","fg0668"
"fq002962","vx_03b490c3bac85f55","fg0729","1","fg0729","fg0081","fg0099","fg0013","fg0897","fg0911","fg0721","fg0773","fg0695","fg0114","fg0525","fg0652","fg0671","fg0906","fg0152","fg0538","fg0046","fg0621","fg0775","fg0144"
"fq002963","vx_03b490c3bac85f55","fg0729","1","fg0729","fg0081","fg0911","fg0773","fg0099","fg0013","fg0897","fg0721","fg0525","fg0671","fg0538","fg0939","fg0695","fg0026","fg0780","fg0890","fg0264","fg0621","fg0382","fg0959"
"fq002964","vx_03b490c3bac85f55","fg0729","1","fg0729","fg0081","fg0131","fg0667","fg0301","fg0355","fg0099","fg0160","fg0687","fg0013","fg0863","fg0773","fg0911","fg0671","fg0695","fg0957","fg0491","fg0897","fg0264","fg0382"
"fq002965","vx_03b490c3bac85f55","fg0729","1","fg0729","fg0081","fg0099","fg0013","fg0911","fg0695","fg0897","fg0114","fg0721","fg0773","fg0652","fg0906","fg0671","fg0152","fg0775","fg0525","fg0538","fg0144","fg0603","fg0939"
"fq002966","vx_03b490c3bac85f55","fg0729","1","fg0729","fg0081","fg0099","fg0013","fg0897","fg0721","fg0773","fg0671","fg0775","fg0911","fg0695","fg0114","fg0652","fg0119","fg0046","fg0525","fg0144","fg0152","fg0906","fg0971"
"fq002967","vx_03b490c3bac85f55","fg0729","1","fg0729","fg0081","fg0099","fg0013","fg0911","fg0897","fg0721","fg0773","fg0695","fg0525","fg0114","fg0906","fg0671","fg0066","fg0836","fg0959","fg0538","fg0026","fg0939","fg0678"
"fq002968","vx_03b490c3bac85f55","fg0729","1","fg0729","fg0081","fg0099","fg0013","fg0897","fg0721","fg0911","fg0773","fg0695","fg0671","fg0525","fg0538","fg0114","fg0046","fg0959","fg0621","fg0652","fg0775","fg0152","fg0906"
"fq002969","vx_bae31469f6b9f45f","fg0730","1","fg0730","fg0151","fg0651","fg0397","fg0672","fg0754","fg0497","fg0657","fg0508","fg0228","fg0328","fg0291","fg0006","fg0347","fg0914","fg0578","fg0080","fg0412","fg0836","fg0981"
"fq002970","vx_4c37d4efc3856a80","fg0731","406","fg0246","fg0835","fg0545","fg0517","fg0241","fg0221","fg0367","fg0462","fg0524","fg0044","fg0091","fg0793","fg0258","fg0904","fg0757","fg0390","fg0781","fg0752","fg0024","fg0632"
"fq002971","vx_4c37d4efc3856a80","fg0731","15","fg0246","fg0702","fg0244","fg0532","fg0475","fg0402","fg0674","fg0024","fg0939","fg0835","fg0917","fg0306","fg0241","fg0537","fg0731","fg0619","fg0488","fg0344","fg0517","fg0790"
"fq002972","vx_4c37d4efc3856a80","fg0731","586","fg0246","fg0835","fg0241","fg0524","fg0617","fg0757","fg0601","fg0390","fg0258","fg0545","fg0221","fg0044","fg0591","fg0091","fg0517","fg0367","fg0680","fg0277","fg0462","fg0632"
"fq002973","vx_e5eb5bc973b9e08a","fg0732","346","fg0194","fg0052","fg0983","fg0084","fg0205","fg0509","fg0896","fg0505","fg0315","fg0758","fg0875","fg0980","fg0384","fg0656","fg0513","fg0305","fg0825","fg0828","fg0328","fg0259"
"fq002974","vx_a60621b1a6eda9d0","fg0733","84","fg0130","fg0968","fg0810","fg0569","fg0734","fg0525","fg0690","fg0653","fg0327","fg0936","fg0885","fg0857","fg0778","fg0333","fg0624","fg0466","fg0768","fg0551","fg0906","fg0127"
"fq002975","vx_ca52002561760aea","fg0734","1","fg0734","fg0745","fg0299","fg0958","fg0857","fg0778","fg0551","fg0385","fg0521","fg0490","fg0976","fg0024","fg0127","fg0880","fg0460","fg0936","fg0405","fg0308","fg0156","fg0133"
"fq002976","vx_3e9a1bee0164290d","fg0735","1","fg0735","fg0448","fg0467","fg0210","fg0896","fg0006","fg0607","fg0721","fg0508","fg0769","fg0978","fg0478","fg0815","fg0173","fg0830","fg0029","fg0713","fg0272","fg0715","fg0431"
"fq002977","vx_8bce3d68f1002579","fg0736","1","fg0736","fg0399","fg0080","fg0710","fg0197","fg0919","fg0381","fg0284","fg0370","fg0063","fg0489","fg0678","fg0046","fg0845","fg0455","fg0818","fg0850","fg0836","fg0947","fg0183"
"fq002978","vx_8bce3d68f1002579","fg0736","1","fg0736","fg0399","fg0080","fg0381","fg0710","fg0919","fg0197","fg0370","fg0284","fg0489","fg0063","fg0678","fg0845","fg0850","fg0836","fg0598","fg0818","fg0947","fg0183","fg0575"
"fq002979","vx_8bce3d68f1002579","fg0736","1","fg0736","fg0399","fg0080","fg0284","fg0710","fg0370","fg0489","fg0919","fg0197","fg0678","fg0381","fg0575","fg0845","fg0136","fg0063","fg0228","fg0836","fg0850","fg0349","fg0046"
"fq002980","vx_8bce3d68f1002579","fg0736","1","fg0736","fg0399","fg0136","fg0722","fg0648","fg0941","fg0102","fg0945","fg0192","fg0501","fg0801","fg0080","fg0910","fg0471","fg0043","fg0228","fg0956","fg0710","fg0610","fg0381"
"fq002981","vx_3bdbe43b0106bfaa","fg0737","130","fg0320","fg0894","fg0708","fg0804","fg0778","fg0073","fg0574","fg0133","fg0318","fg0958","fg0780","fg0684","fg0372","fg0169","fg0560","fg0889","fg0345","fg0308","fg0568","fg0328"
"fq002982","vx_884d806bdc60887b","fg0738","1","fg0738","fg0795","fg0875","fg0045","fg0905","fg0274","fg0931","fg0464","fg0890","fg0014","fg0888","fg0741","fg0487","fg0436","fg0221","fg0865","fg0247","fg0565","fg0904","fg0848"
"fq002983","vx_59d13a8d776abda5","fg0739","1","fg0739","fg0763","fg0308","fg0242","fg0745","fg0612","fg0217","fg0483","fg0174","fg0033","fg0976","fg0561","fg0506","fg0513","fg0529","fg0408","fg0396","fg0828","fg0904","fg0481"
"fq002984","vx_59d13a8d776abda5","fg0739","2","fg0763","fg0739","fg0869","fg0032","fg0174","fg0847","fg0150","fg0986","fg0860","fg0718","fg0090","fg0103","fg0583","fg0242","fg0786","fg0745","fg0470","fg0258","fg0308","fg0122"
"fq002985","vx_59d13a8d776abda5","fg0739","2","fg0763","fg0739","fg0174","fg0470","fg0020","fg0718","fg0242","fg0150","fg0786","fg0032","fg0391","fg0186","fg0860","fg0847","fg0986","fg0170","fg0901","fg0119","fg0869","fg0205"
"fq002986","vx_59d13a8d776abda5","fg0739","1","fg0739","fg0763","fg0174","fg0470","fg0242","fg0020","fg0119","fg0391","fg0186","fg0901","fg0170","fg0408","fg0529","fg0681","fg0158","fg0570","fg0830","fg0469","fg0205","fg0121"
"fq002987","vx_59d13a8d776abda5","fg0739","1","fg0739","fg0763","fg0174","fg0470","fg0020","fg0242","fg0391","fg0186","fg0901","fg0119","fg0170","fg0786","fg0718","fg0529","fg0885","fg0818","fg0033","fg0158","fg0943","fg0150"
"fq002988","vx_d670e125bc96387c","fg0740","1","fg0740","fg0046","fg0881","fg0995","fg0919","fg0579","fg0284","fg0633","fg0710","fg0016","fg0349","fg0197","fg0859","fg0485","fg0833","fg0373","fg0916","fg0196","fg0048","fg0896"
"fq002989","vx_2229fa83f1e11f11","fg0741","2","fg0225","fg0741","fg0452","fg0359","fg0543","fg0651","fg0440","fg0854","fg0927","fg0169","fg0896","fg0384","fg0883","fg0798","fg0930","fg0412","fg0800","fg0813","fg0822","fg0353"
"fq002990","vx_b9c04b10b4d95fdd","fg0742","1","fg0742","fg0469","fg0217","fg0612","fg0797","fg0256","fg0251","fg0483","fg0038","fg0704","fg0168","fg0772","fg0014","fg0931","fg0851","fg0498","fg0181","fg0717","fg0247","fg0343"
"fq002991","vx_b4805d8bef77fe82","fg0743","1","fg0743","fg0799","fg0118","fg0462","fg0313","fg0633","fg0288","fg0567","fg0828","fg0025","fg0589","fg0330","fg0212","fg0042","fg0012","fg0981","fg0311","fg0348","fg0627","fg0044"
"fq002992","vx_3d4562014e15140c","fg0744","1","fg0744","fg0083","fg0352","fg0622","fg0247","fg0902","fg0689","fg0337","fg0564","fg0071","fg0728","fg0477","fg0712","fg0377","fg0805","fg0049","fg0193","fg0002","fg0363","fg0449"
"fq002993","vx_41165c0142250970","fg0745","1","fg0745","fg0778","fg0857","fg0551","fg0385","fg0308","fg0490","fg0868","fg0156","fg0506","fg0958","fg0024","fg0426","fg0936","fg0980","fg0175","fg0976","fg0527","fg0460","fg0521"
"fq002994","vx_0f4543fe146493cc","fg0746","19","fg0156","fg0513","fg0745","fg0308","fg0886","fg0767","fg0426","fg0506","fg0978","fg0896","fg0955","fg0815","fg0713","fg0490","fg0483","fg0857","fg0977","fg0194","fg0746","fg0814"
"fq002995","vx_3ae60f2672e7c2bd","fg0747","1","fg0747","fg0278","fg0723","fg0928","fg0831","fg0809","fg0214","fg0438","fg0334","fg0019","fg0191","fg0709","fg0195","fg0907","fg0211","fg0591","fg0517","fg0106","fg0264","fg0992"
"fq002996","vx_25360b118ffaa57d","fg0748","1","fg0748","fg0099","fg0682","fg0242","fg0897","fg0408","fg0013","fg0127","fg0721","fg0567","fg0525","fg0529","fg0229","fg0734","fg0158","fg0439","fg0859","fg0425","fg0731","fg0810"
"fq002997","vx_25360b118ffaa57d","fg0748","1","fg0748","fg0099","fg0897","fg0525","fg0682","fg0013","fg0127","fg0567","fg0721","fg0810","fg0734","fg0242","fg0081","fg0775","fg0635","fg0439","fg0528","fg0961","fg0408","fg0878"
"fq002998","vx_0121da5c158eb906","fg0749","322","fg0945","fg0722","fg0102","fg0648","fg0941","fg0801","fg0501","fg0043","fg0192","fg0136","fg0910","fg0471","fg0996","fg0385","fg0552","fg0956","fg0610","fg0075","fg0549","fg0272"
"fq002999","vx_0121da5c158eb906","fg0749","32","fg0977","fg0767","fg0613","fg0457","fg0075","fg0262","fg0552","fg0272","fg0549","fg0798","fg0315","fg0814","fg0638","fg0830","fg0681","fg0536","fg0423","fg0538","fg0541","fg0781"
"fq003000","vx_0121da5c158eb906","fg0749","50","fg0613","fg0767","fg0814","fg0258","fg0121","fg0798","fg0869","fg0457","fg0090","fg0619","fg0707","fg0977","fg0315","fg0150","fg0271","fg0860","fg0986","fg0847","fg0032","fg0103"
"fq003001","vx_0121da5c158eb906","fg0749","88","fg0869","fg0032","fg0847","fg0150","fg0986","fg0272","fg0457","fg0090","fg0549","fg0860","fg0075","fg0830","fg0552","fg0103","fg0718","fg0781","fg0471","fg0638","fg0681","fg0258"
"fq003002","vx_0121da5c158eb906","fg0749","154","fg0457","fg0549","fg0075","fg0272","fg0552","fg0830","fg0781","fg0681","fg0638","fg0471","fg0536","fg0847","fg0150","fg0986","fg0718","fg0538","fg0032","fg0869","fg0090","fg0860"
"fq003003","vx_0121da5c158eb906","fg0749","175","fg0457","fg0075","fg0549","fg0830","fg0536","fg0552","fg0781","fg0272","fg0681","fg0638","fg0471","fg0538","fg0469","fg0718","fg0382","fg0190","fg0934","fg0150","fg0090","fg0869"
"fq003004","vx_0121da5c158eb906","fg0749","125","fg0457","fg0549","fg0075","fg0781","fg0980","fg0681","fg0718","fg0536","fg0830","fg0552","fg0272","fg0986","fg0190","fg0538","fg0847","fg0869","fg0032","fg0090","fg0150","fg0506"
"fq003005","vx_0121da5c158eb906","fg0749","271","fg0980","fg0506","fg0745","fg0767","fg0145","fg0957","fg0896","fg0305","fg0828","fg0175","fg0499","fg0809","fg0778","fg0457","fg0766","fg0949","fg0656","fg0853","fg0541","fg0561"
"fq003006","vx_0121da5c158eb906","fg0749","515","fg0980","fg0506","fg0745","fg0551","fg0175","fg0809","fg0896","fg0056","fg0957","fg0656","fg0766","fg0038","fg0949","fg0831","fg0305","fg0145","fg0751","fg0390","fg0857","fg0778"
"fq003007","vx_0121da5c158eb906","fg0749","400","fg0549","fg0457","fg0075","fg0272","fg0830","fg0552","fg0638","fg0471","fg0536","fg0681","fg0781","fg0538","fg0745","fg0469","fg0190","fg0382","fg0541","fg0506","fg0105","fg0121"
"fq003008","vx_0121da5c158eb906","fg0749","61","fg0075","fg0549","fg0272","fg0681","fg0457","fg0552","fg0638","fg0781","fg0830","fg0471","fg0536","fg0538","fg0382","fg0413","fg0469","fg0121","fg0318","fg1000","fg0248","fg0105"
"fq003009","vx_0121da5c158eb906","fg0749","51","fg0031","fg0218","fg0869","fg0090","fg0665","fg0103","fg0032","fg0986","fg0150","fg0847","fg0258","fg0860","fg0583","fg0718","fg0613","fg0767","fg0777","fg0837","fg0535","fg0270"
"fq003010","vx_0121da5c158eb906","fg0749","360","fg0549","fg0075","fg0272","fg0681","fg0552","fg0457","fg0980","fg0781","fg0830","fg0638","fg0536","fg0471","fg0506","fg0538","fg0382","fg0541","fg0469","fg0949","fg0767","fg0318"
"fq003011","vx_67b0bb9c2ae43fdd","fg0750","1","fg0750","fg0425","fg0650","fg0516","fg0711","fg0880","fg0375","fg0694","fg0707","fg0020","fg0818","fg0033","fg0393","fg0546","fg0325","fg0428","fg0752","fg0581","fg0608","fg0242"
"fq003012","vx_67b0bb9c2ae43fdd","fg0750","1","fg0750","fg0425","fg0650","fg0711","fg0516","fg0694","fg0818","fg0707","fg0033","fg0880","fg0375","fg0020","fg0581","fg0529","fg0546","fg0242","fg0325","fg0229","fg0428","fg0393"
"fq003013","vx_c3f756b94c56cd27","fg0751","1","fg0751","fg0021","fg0496","fg0030","fg0798","fg0049","fg0787","fg0073","fg0331","fg0414","fg0333","fg0980","fg0120","fg0056","fg0421","fg0991","fg0175","fg0887","fg0556","fg0366"
"fq003014","vx_c3f756b94c56cd27","fg0751","722","fg0990","fg0522","fg0814","fg0767","fg0432","fg0159","fg0791","fg0837","fg0665","fg0703","fg0613","fg0140","fg0315","fg0496","fg0031","fg0321","fg0402","fg0085","fg0932","fg0868"
"fq003015","vx_0386e576f047f8f1","fg0752","1","fg0752","fg0406","fg0511","fg0917","fg0445","fg0570","fg0680","fg0232","fg0643","fg0870","fg0202","fg0375","fg0920","fg0457","fg0309","fg0654","fg0274","fg0158","fg0792","fg0390"
"fq003016","vx_0386e576f047f8f1","fg0752","1","fg0752","fg0406","fg0917","fg0232","fg0570","fg0546","fg0643","fg0375","fg0309","fg0511","fg0870","fg0445","fg0654","fg0457","fg0753","fg0158","fg0576","fg0226","fg0202","fg0095"
"fq003017","vx_ff43ca7cd2d6fac5","fg0753","1","fg0753","fg0440","fg0830","fg0206","fg0854","fg0741","fg0407","fg0650","fg0870","fg0315","fg0846","fg0543","fg0225","fg0786","fg0119","fg0701","fg0752","fg0190","fg0946","fg0033"
"fq003018","vx_a0a6b11b377800a2","fg0754","1","fg0754","fg0151","fg0651","fg0730","fg0672","fg0342","fg0397","fg0492","fg0497","fg0981","fg0982","fg0164","fg0185","fg0110","fg0383","fg0536","fg0791","fg0075","fg0781","fg0867"
"fq003019","vx_a0a6b11b377800a2","fg0754","1","fg0754","fg0651","fg0151","fg0342","fg0672","fg0730","fg0497","fg0492","fg1000","fg0397","fg0933","fg0164","fg0786","fg0110","fg0847","fg0903","fg0185","fg0090","fg0715","fg0922"
"fq003020","vx_a0a6b11b377800a2","fg0754","1","fg0754","fg0651","fg0342","fg0151","fg0672","fg0730","fg0110","fg0397","fg0492","fg0497","fg0509","fg0982","fg0715","fg0560","fg0162","fg0185","fg0383","fg1000","fg0973","fg0075"
"fq003021","vx_a0a6b11b377800a2","fg0754","1","fg0754","fg0651","fg0151","fg0342","fg0672","fg0730","fg0497","fg0397","fg0492","fg0110","fg0164","fg1000","fg0786","fg0867","fg0715","fg0994","fg0383","fg0847","fg0090","fg0933"
"fq003022","vx_57229125091ace18","fg0755","1","fg0755","fg0572","fg0369","fg0880","fg0796","fg0499","fg0838","fg0844","fg0127","fg0637","fg0734","fg0810","fg0567","fg0806","fg0470","fg0897","fg0074","fg0904","fg0525","fg0705"
"fq003023","vx_57229125091ace18","fg0755","12","fg0073","fg0423","fg0496","fg0583","fg0751","fg0869","fg0499","fg0837","fg0866","fg0333","fg0749","fg0755","fg0572","fg0103","fg0525","fg0090","fg0574","fg0120","fg0798","fg0095"
"fq003024","vx_57229125091ace18","fg0755","1","fg0755","fg0504","fg0897","fg0682","fg0572","fg0369","fg0721","fg0099","fg0127","fg0838","fg0567","fg0796","fg0880","fg0499","fg0844","fg0013","fg0143","fg0637","fg0748","fg0734"
"fq003025","vx_57229125091ace18","fg0755","1","fg0755","fg0572","fg0499","fg0796","fg0369","fg0880","fg0207","fg0292","fg0246","fg0844","fg0127","fg0024","fg0838","fg0637","fg0705","fg0055","fg0898","fg0202","fg0806","fg0632"
"fq003026","vx_e24628bc94e4cf90","fg0756","1","fg0756","fg0122","fg0782","fg0121","fg0454","fg0874","fg0972","fg0889","fg0915","fg0705","fg0059","fg0984","fg0633","fg0719","fg0023","fg0263","fg0514","fg0859","fg0770","fg0349"
"fq003027","vx_49597d48221d8ad6","fg0757","1","fg0757","fg0835","fg0241","fg0258","fg0182","fg0537","fg0662","fg0668","fg0367","fg0033","fg0181","fg0517","fg0865","fg0793","fg0334","fg0932","fg0246","fg0809","fg0470","fg0041"
"fq003028","vx_49597d48221d8ad6","fg0757","1","fg0757","fg0835","fg0258","fg0241","fg0812","fg0182","fg0537","fg0668","fg0367","fg0033","fg0662","fg0793","fg0181","fg0041","fg0517","fg0865","fg0246","fg0300","fg0121","fg0508"
"fq003029","vx_49597d48221d8ad6","fg0757","23","fg0018","fg0180","fg0379","fg0062","fg0037","fg0588","fg0547","fg0533","fg0679","fg0724","fg0894","fg0541","fg0822","fg0262","fg0665","fg0745","fg0980","fg0073","fg0811","fg0031"
"fq003030","vx_21164434c17abc06","fg0758","1","fg0758","fg0084","fg0194","fg0052","fg0678","fg0836","fg0489","fg0066","fg0845","fg0850","fg0370","fg0065","fg0228","fg0364","fg0626","fg0578","fg0381","fg0871","fg0330","fg0575"
"fq003031","vx_efa42e8a9315183f","fg0759","1","fg0759","fg0923","fg0026","fg0461","fg0940","fg0804","fg0545","fg0216","fg0909","fg0796","fg0265","fg0780","fg0762","fg0274","fg0557","fg0106","fg0092","fg0825","fg0838","fg0369"
"fq003032","vx_efa42e8a9315183f","fg0759","1","fg0759","fg0923","fg0026","fg0461","fg0545","fg0940","fg0804","fg0909","fg0216","fg0796","fg0274","fg0825","fg0780","fg0800","fg0838","fg0859","fg0106","fg0557","fg0265","fg0056"
"fq003033","vx_efa42e8a9315183f","fg0759","1","fg0759","fg0026","fg0923","fg0461","fg0804","fg0940","fg0545","fg0216","fg0780","fg0909","fg0796","fg0265","fg0557","fg0729","fg0278","fg0500","fg0838","fg0274","fg0106","fg0519"
"fq003034","vx_efa42e8a9315183f","fg0759","1","fg0759","fg0923","fg0026","fg0461","fg0940","fg0804","fg0545","fg0780","fg0216","fg0557","fg0239","fg0265","fg0838","fg0909","fg0796","fg0729","fg0494","fg0500","fg0742","fg0153"
"fq003035","vx_efa42e8a9315183f","fg0759","1","fg0759","fg0026","fg0923","fg0461","fg0804","fg0545","fg0940","fg0909","fg0796","fg0274","fg0216","fg0353","fg0265","fg0762","fg0288","fg0369","fg0092","fg0325","fg0711","fg0780"
"fq003036","vx_efa42e8a9315183f","fg0759","13","fg0847","fg0869","fg0986","fg0032","fg0090","fg0583","fg0545","fg0860","fg0909","fg0150","fg0103","fg0417","fg0759","fg0258","fg0679","fg0494","fg0997","fg0796","fg0371","fg0203"
"fq003037","vx_f1cf8304e907df78","fg0760","16","fg0156","fg0778","fg0745","fg0308","fg0857","fg0405","fg0868","fg0483","fg0385","fg0790","fg0506","fg0490","fg0175","fg0225","fg0976","fg0760","fg0815","fg0955","fg0761","fg0936"
"fq003038","vx_024059e8de7f2c8f","fg0761","4","fg0747","fg0264","fg0978","fg0761","fg0398","fg0133","fg0308","fg0175","fg0156","fg0809","fg0483","fg0637","fg0980","fg0653","fg0506","fg0024","fg0372","fg0157","fg0402","fg0511"
"fq003039","vx_0332a5dfa59cebe3","fg0762","1","fg0762","fg0265","fg0089","fg0938","fg0628","fg0973","fg0881","fg0641","fg0220","fg0441","fg0383","fg0339","fg0963","fg0995","fg0539","fg0950","fg0908","fg0042","fg0606","fg0663"
"fq003040","vx_cb5d65f036ba8926","fg0763","137","fg0665","fg0031","fg0837","fg0811","fg0218","fg0062","fg0379","fg0180","fg0018","fg0547","fg0588","fg0533","fg0496","fg0724","fg0037","fg0522","fg0894","fg0822","fg0411","fg0027"
"fq003041","vx_cb5d65f036ba8926","fg0763","69","fg0062","fg0180","fg0018","fg0588","fg0547","fg0379","fg0533","fg0811","fg0037","fg0822","fg0724","fg0894","fg0411","fg0665","fg0027","fg0262","fg0679","fg0990","fg0070","fg0031"
"fq003042","vx_cb5d65f036ba8926","fg0763","2","fg0739","fg0763","fg0174","fg0886","fg0483","fg0612","fg0306","fg0024","fg0790","fg0619","fg0470","fg0020","fg0121","fg0242","fg0112","fg0271","fg0725","fg0033","fg0186","fg0707"
"fq003043","vx_e05ddb8c8d5d9498","fg0764","54","fg0619","fg0790","fg0306","fg0857","fg0551","fg0984","fg0024","fg0731","fg0635","fg0116","fg0132","fg0271","fg0393","fg0347","fg0612","fg0176","fg0483","fg0745","fg0415","fg0634"
"fq003044","vx_ba5f7002d79db0b6","fg0765","1","fg0765","fg0008","fg0487","fg0348","fg0464","fg0007","fg0045","fg0345","fg0372","fg0451","fg0226","fg0580","fg0307","fg0183","fg0414","fg0313","fg0758","fg0462","fg0166","fg0016"
"fq003045","vx_be975616144bbcf3","fg0766","2","fg0366","fg0766","fg0203","fg0494","fg0484","fg0271","fg0035","fg0159","fg0576","fg0371","fg0423","fg0950","fg0406","fg0279","fg0942","fg0331","fg0402","fg0445","fg0124","fg0997"
"fq003046","vx_ee41f5b19981b41a","fg0767","380","fg0272","fg0471","fg0536","fg0549","fg0075","fg0638","fg0681","fg0382","fg1000","fg0552","fg0830","fg0781","fg0492","fg0457","fg0538","fg0446","fg0318","fg0413","fg0469","fg0825"
"fq003047","vx_ee41f5b19981b41a","fg0767","31","fg0536","fg0549","fg0471","fg0075","fg0681","fg0272","fg0382","fg1000","fg0638","fg0781","fg0552","fg0830","fg0492","fg0538","fg0457","fg0318","fg0413","fg0446","fg0248","fg0300"
"fq003048","vx_3a4b737891925260","fg0768","9","fg0270","fg0184","fg0423","fg0035","fg0734","fg0392","fg0682","fg0299","fg0768","fg0321","fg0618","fg0055","fg0279","fg0528","fg0778","fg0977","fg0334","fg0025","fg0976","fg0961"
"fq003049","vx_3a4b737891925260","fg0768","1","fg0768","fg0734","fg0611","fg0555","fg0525","fg0810","fg0714","fg0240","fg0823","fg0880","fg0419","fg0275","fg0906","fg0114","fg0299","fg0127","fg0142","fg0707","fg0998","fg0528"
"fq003050","vx_3a4b737891925260","fg0768","4","fg0734","fg0438","fg0528","fg0768","fg0211","fg0299","fg0334","fg0025","fg0106","fg0907","fg0502","fg0976","fg0388","fg0977","fg0024","fg0641","fg0195","fg0490","fg0556","fg0055"
"fq003051","vx_3a4b737891925260","fg0768","16","fg0745","fg0308","fg0778","fg0976","fg0156","fg0734","fg0506","fg0958","fg0334","fg0106","fg0385","fg0857","fg0809","fg0299","fg0175","fg0768","fg0527","fg0490","fg0438","fg0907"
"fq003052","vx_3a4b737891925260","fg0768","9","fg0907","fg0106","fg0334","fg0745","fg0707","fg0388","fg0438","fg0211","fg0768","fg0976","fg0308","fg0142","fg0195","fg0747","fg0513","fg0778","fg0156","fg0938","fg0198","fg0558"
"fq003053","vx_3a4b737891925260","fg0768","1","fg0768","fg0611","fg0555","fg0823","fg0714","fg0240","fg0419","fg0998","fg0373","fg0446","fg0525","fg0114","fg0810","fg0275","fg0880","fg0734","fg0592","fg0906","fg0013","fg0388"
"fq003054","vx_3a4b737891925260","fg0768","4","fg0734","fg0130","fg0778","fg0768","fg0299","fg0968","fg0618","fg0690","fg0958","fg0275","fg0193","fg0745","fg0055","fg0936","fg0142","fg0885","fg0569","fg0707","fg0327","fg0279"
"fq003055","vx_3a4b737891925260","fg0768","1","fg0768","fg0734","fg0528","fg0555","fg0714","fg0823","fg0611","fg0042","fg0025","fg0240","fg0872","fg0775","fg0299","fg0275","fg0880","fg0419","fg0876","fg0502","fg0127","fg0663"
"fq003056","vx_415e4add05392152","fg0769","705","fg0267","fg0430","fg0327","fg0668","fg0727","fg0925","fg0023","fg0647","fg0325","fg0277","fg0893","fg0936","fg0386","fg0853","fg0104","fg0138","fg0443","fg0130","fg0466","fg0005"
"fq003057","vx_a6eb6146784a1054","fg0770","5","fg0052","fg0194","fg0983","fg0084","fg0770","fg0758","fg0505","fg0509","fg0065","fg0708","fg0147","fg0041","fg0581","fg0686","fg0886","fg0296","fg0419","fg0668","fg0875","fg0864"
"fq003058","vx_a6eb6146784a1054","fg0770","640","fg0978","fg0405","fg0156","fg0955","fg0896","fg0225","fg0218","fg0811","fg0930","fg0798","fg0761","fg0886","fg0816","fg0106","fg0120","fg0432","fg0381","fg0421","fg0308","fg0703"
"fq003059","vx_951af45b815550fb","fg0771","1","fg0771","fg0137","fg0353","fg0434","fg0234","fg0009","fg0189","fg0815","fg0804","fg0111","fg0571","fg0266","fg0887","fg0812","fg0912","fg0964","fg0625","fg0612","fg0560","fg0551"
"fq003060","vx_16632370f6b1f31c","fg0772","1","fg0772","fg0943","fg0251","fg0717","fg0954","fg0038","fg0552","fg0396","fg0666","fg0793","fg0078","fg0469","fg0190","fg0097","fg0718","fg0286","fg0808","fg0583","fg0959","fg0340"
"fq003061","vx_81f3e63ea098cf1e","fg0773","1","fg0773","fg0621","fg0959","fg0264","fg0395","fg0911","fg0483","fg0695","fg0729","fg0061","fg0943","fg0703","fg0485","fg0193","fg0355","fg0252","fg0133","fg0289","fg0934","fg0190"
"fq003062","vx_f043b251e08e5ea5","fg0774","1","fg0774","fg0186","fg0076","fg0688","fg0901","fg0805","fg0170","fg0437","fg0885","fg0488","fg0289","fg0480","fg0084","fg0800","fg0879","fg0391","fg0636","fg0669","fg0205","fg0601"
"fq003063","vx_f4460662b653ee4c","fg0775","1","fg0775","fg0099","fg0013","fg0695","fg0876","fg0042","fg0947","fg0596","fg0963","fg0726","fg0081","fg0118","fg0119","fg0734","fg0897","fg0764","fg0948","fg0683","fg0356","fg0441"
"fq003064","vx_b8a3aeeee8698818","fg0776","167","fg0242","fg0529","fg0731","fg0408","fg0158","fg0748","fg0739","fg0961","fg0763","fg0581","fg0818","fg0925","fg0949","fg0033","fg0116","fg0300","fg0626","fg0870","fg0707","fg0295"
"fq003065","vx_b8a3aeeee8698818","fg0776","160","fg0665","fg0031","fg0791","fg0321","fg0837","fg0522","fg0496","fg0933","fg0218","fg0990","fg0392","fg0159","fg0521","fg0184","fg0703","fg0687","fg0505","fg0423","fg0118","fg0308"
"fq003066","vx_b8a3aeeee8698818","fg0776","166","fg0242","fg0529","fg0806","fg0731","fg0158","fg0637","fg0408","fg0074","fg0748","fg0818","fg0116","fg0739","fg0870","fg0581","fg0925","fg0763","fg0680","fg0844","fg0300","fg0005"
"fq003067","vx_b8a3aeeee8698818","fg0776","138","fg0242","fg0529","fg0408","fg0158","fg0748","fg0731","fg0033","fg0581","fg0818","fg0961","fg0925","fg0750","fg0626","fg0425","fg0739","fg0116","fg0694","fg0005","fg0870","fg0949"
"fq003068","vx_b8a3aeeee8698818","fg0776","234","fg0242","fg0745","fg0541","fg0980","fg0175","fg0778","fg0506","fg0021","fg0414","fg0949","fg0527","fg0073","fg0049","fg0751","fg0561","fg0857","fg0529","fg0385","fg0551","fg0308"
"fq003069","vx_b8a3aeeee8698818","fg0776","150","fg0242","fg0529","fg0731","fg0158","fg0408","fg0748","fg0818","fg0806","fg0870","fg0116","fg0637","fg0739","fg0925","fg0626","fg0961","fg0005","fg0763","fg0581","fg0707","fg0033"
"fq003070","vx_b8a3aeeee8698818","fg0776","602","fg0242","fg0529","fg0408","fg0731","fg0158","fg0961","fg0121","fg0748","fg0818","fg0707","fg0870","fg0425","fg0626","fg0541","fg0581","fg0739","fg0750","fg0925","fg0033","fg0005"
"fq003071","vx_b8a3aeeee8698818","fg0776","185","fg0242","fg0529","fg0731","fg0158","fg0408","fg0748","fg0806","fg0116","fg0818","fg0870","fg0739","fg0581","fg0637","fg0005","fg0925","fg0300","fg0074","fg0763","fg0961","fg0295"
"fq003072","vx_b8a3aeeee8698818","fg0776","94","fg0242","fg0529","fg0408","fg0731","fg0158","fg0748","fg0961","fg0581","fg0818","fg0925","fg0033","fg0739","fg0949","fg0750","fg0626","fg0763","fg0005","fg0425","fg0870","fg0295"
"fq003073","vx_b8a3aeeee8698818","fg0776","653","fg0242","fg0778","fg0745","fg0551","fg0385","fg0857","fg0529","fg0158","fg0408","fg0806","fg0731","fg0868","fg0818","fg0679","fg0024","fg0958","fg0073","fg0707","fg0961","fg0870"
"fq003074","vx_b8a3aeeee8698818","fg0776","367","fg0242","fg0529","fg0158","fg0731","fg0408","fg0806","fg0818","fg0870","fg0961","fg0074","fg0748","fg0116","fg0739","fg0637","fg0581","fg0763","fg0300","fg0033","fg0541","fg0626"
"fq003075","vx_b8a3aeeee8698818","fg0776","63","fg0242","fg0529","fg0175","fg0024","fg0408","fg0731","fg0158","fg0818","fg0551","fg0980","fg0707","fg0745","fg0121","fg0385","fg0506","fg0739","fg0748","fg0857","fg0949","fg0521"
"fq003076","vx_b8a3aeeee8698818","fg0776","231","fg0040","fg0362","fg0242","fg0316","fg0841","fg0260","fg0996","fg0079","fg0426","fg0411","fg0522","fg0491","fg0529","fg0408","fg0158","fg0961","fg0672","fg0050","fg0731","fg0694"
"fq003077","vx_b8a3aeeee8698818","fg0776","208","fg0242","fg0529","fg0158","fg0408","fg0731","fg0748","fg0818","fg0961","fg0581","fg0806","fg0116","fg0739","fg0925","fg0626","fg0870","fg0033","fg0005","fg0949","fg0763","fg0707"
"fq003078","vx_b8a3aeeee8698818","fg0776","74","fg0242","fg0529","fg0270","fg0158","fg0408","fg0961","fg0731","fg0818","fg0423","fg0748","fg0184","fg0116","fg0035","fg0626","fg0870","fg0581","fg0739","fg0033","fg0005","fg0707"
"fq003079","vx_b8a3aeeee8698818","fg0776","83","fg0242","fg0529","fg0158","fg0731","fg0408","fg0748","fg0806","fg0116","fg0637","fg0739","fg0074","fg0818","fg0870","fg0581","fg0763","fg0300","fg0925","fg0626","fg0295","fg0005"
"fq003080","vx_b8a3aeeee8698818","fg0776","523","fg0242","fg0551","fg0857","fg0778","fg0024","fg0707","fg0745","fg0529","fg0408","fg0158","fg0121","fg0731","fg0806","fg0521","fg0175","fg0300","fg0818","fg0748","fg0116","fg0490"
"fq003081","vx_b8a3aeeee8698818","fg0776","164","fg0242","fg0529","fg0731","fg0158","fg0408","fg0748","fg0806","fg0637","fg0116","fg0074","fg0818","fg0739","fg0870","fg0581","fg0300","fg0763","fg0005","fg0626","fg0925","fg0961"
"fq003082","vx_b8a3aeeee8698818","fg0776","134","fg0242","fg0731","fg0529","fg0408","fg0158","fg0748","fg0818","fg0739","fg0707","fg0925","fg0870","fg0121","fg0763","fg0581","fg0033","fg0024","fg0005","fg0617","fg0750","fg0116"
"fq003083","vx_b8a3aeeee8698818","fg0776","175","fg0242","fg0722","fg0945","fg0102","fg0648","fg0941","fg0801","fg0501","fg0043","fg0529","fg0192","fg0731","fg0408","fg0136","fg0910","fg0158","fg0385","fg0818","fg0996","fg0739"
"fq003084","vx_b8a3aeeee8698818","fg0776","190","fg0242","fg0529","fg0158","fg0731","fg0408","fg0748","fg0739","fg0870","fg0116","fg0763","fg0581","fg0818","fg0961","fg0806","fg0300","fg0033","fg0925","fg0637","fg0295","fg0626"
"fq003085","vx_aec4e117e0c5476a","fg0777","1","fg0777","fg0632","fg0705","fg0535","fg0406","fg0935","fg0486","fg0991","fg0782","fg0488","fg0731","fg0958","fg0396","fg0020","fg0325","fg0386","fg0787","fg0741","fg0669","fg0055"
"fq003086","vx_aec4e117e0c5476a","fg0777","1","fg0777","fg0535","fg0396","fg0483","fg0612","fg0343","fg0412","fg0798","fg0028","fg0700","fg0169","fg0742","fg0927","fg0869","fg0159","fg0958","fg0883","fg0878","fg0942","fg0822"
"fq003087","vx_aec4e117e0c5476a","fg0777","1","fg0777","fg0632","fg0535","fg0366","fg0271","fg0406","fg0396","fg0705","fg0997","fg0782","fg0935","fg0486","fg0679","fg0153","fg0541","fg0121","fg0020","fg0260","fg0488","fg0888"
"fq003088","vx_aec4e117e0c5476a","fg0777","1","fg0777","fg0175","fg0980","fg0987","fg0551","fg0745","fg0121","fg0270","fg0887","fg0641","fg0021","fg0619","fg0366","fg0176","fg0751","fg0506","fg0258","fg0973","fg0260","fg0541"
"fq003089","vx_aec4e117e0c5476a","fg0777","1","fg0777","fg0535","fg0024","fg0121","fg0271","fg0632","fg0958","fg0619","fg0551","fg0133","fg0886","fg0705","fg0521","fg0396","fg0987","fg0782","fg0790","fg0857","fg0406","fg0490"
"fq003090","vx_aec4e117e0c5476a","fg0777","1","fg0777","fg0632","fg0406","fg0366","fg0980","fg0535","fg0705","fg0133","fg0506","fg0056","fg0486","fg0809","fg0020","fg0396","fg0997","fg0021","fg0942","fg0949","fg0092","fg0390"
"fq003091","vx_aec4e117e0c5476a","fg0777","1","fg0777","fg0535","fg0396","fg0483","fg0958","fg0790","fg0299","fg0641","fg0973","fg0612","fg0121","fg0987","fg0271","fg0383","fg0306","fg0176","fg0619","fg0782","fg0869","fg0938"
"fq003092","vx_aec4e117e0c5476a","fg0777","1","fg0777","fg0159","fg0535","fg0942","fg0402","fg0679","fg0700","fg0583","fg0133","fg0888","fg0366","fg0423","fg0396","fg0406","fg0591","fg0522","fg0055","fg0837","fg0188","fg0997"
"fq003093","vx_aec4e117e0c5476a","fg0777","1","fg0777","fg0632","fg0705","fg0406","fg0486","fg0935","fg0731","fg0488","fg0535","fg0396","fg0991","fg0020","fg0386","fg0325","fg0238","fg0246","fg0624","fg0208","fg0344","fg0787"
"fq003094","vx_3ac03f426dd6fe30","fg0778","2","fg0490","fg0778","fg0857","fg0936","fg0001","fg0551","fg0745","fg0503","fg0241","fg0460","fg0385","fg0275","fg0123","fg0024","fg0958","fg0156","fg0388","fg0521","fg0175","fg0707"
"fq003095","vx_e92a78517b4295e5","fg0779","1","fg0779","fg0587","fg0642","fg0327","fg0826","fg0277","fg0209","fg0023","fg0668","fg0095","fg0466","fg0169","fg0647","fg0925","fg0842","fg0727","fg0333","fg0893","fg0048","fg0634"
"fq003096","vx_ec49949cc6267a4d","fg0780","75","fg0801","fg0945","fg0722","fg0648","fg0102","fg0501","fg0941","fg0192","fg0996","fg0043","fg0910","fg0136","fg0956","fg0471","fg0316","fg0362","fg0610","fg0491","fg0385","fg0260"
"fq003097","vx_ec49949cc6267a4d","fg0780","188","fg0597","fg0449","fg0409","fg0377","fg0517","fg0056","fg0728","fg0879","fg0390","fg0570","fg0600","fg0747","fg0820","fg0158","fg0809","fg0443","fg0375","fg0980","fg0968","fg1000"
"fq003098","vx_ec49949cc6267a4d","fg0780","8","fg0423","fg0035","fg0184","fg0392","fg0270","fg0990","fg0073","fg0780","fg0366","fg0961","fg0494","fg0591","fg0321","fg0866","fg0574","fg0271","fg0120","fg0445","fg0687","fg0496"
"fq003099","vx_ec49949cc6267a4d","fg0780","632","fg0875","fg0738","fg0890","fg0931","fg0888","fg0014","fg0848","fg0250","fg0396","fg0597","fg0205","fg0339","fg0607","fg0669","fg0469","fg0325","fg0210","fg0546","fg0208","fg0366"
"fq003100","vx_5cd0e0335e7b5302","fg0781","2","fg0246","fg0781","fg0044","fg0091","fg0270","fg0514","fg0423","fg0632","fg0949","fg0390","fg0462","fg0549","fg0221","fg0946","fg0538","fg0184","fg0616","fg0075","fg0934","fg0457"
"fq003101","vx_5cd0e0335e7b5302","fg0781","1","fg0781","fg0549","fg0075","fg0681","fg0536","fg0457","fg0830","fg0552","fg0382","fg0272","fg0471","fg0638","fg0538","fg0246","fg0413","fg0044","fg0632","fg0091","fg0462","fg0934"
"fq003102","vx_5cd0e0335e7b5302","fg0781","162","fg0018","fg0062","fg0588","fg0180","fg0547","fg0379","fg0037","fg0533","fg0724","fg0894","fg0822","fg0811","fg0411","fg0665","fg0262","fg0027","fg0679","fg0541","fg0031","fg0745"
"fq003103","vx_5cd0e0335e7b5302","fg0781","2","fg0549","fg0781","fg0075","fg0681","fg0272","fg0457","fg0382","fg0830","fg0536","fg0552","fg0471","fg0538","fg0638","fg0413","fg0153","fg1000","fg0492","fg0997","fg0121","fg0469"
"fq003104","vx_14c0bf8a39856735","fg0782","1","fg0782","fg0556","fg0545","fg0224","fg0022","fg0325","fg0668","fg0926","fg0792","fg0944","fg0314","fg0261","fg0909","fg0317","fg0750","fg0178","fg0796","fg0231","fg0777","fg0105"
"fq003105","vx_14c0bf8a39856735","fg0782","1","fg0782","fg0556","fg0517","fg0224","fg0022","fg0792","fg0049","fg0751","fg0545","fg0317","fg0294","fg0983","fg0701","fg0073","fg0030","fg0805","fg0021","fg0697","fg0039","fg0662"
"fq003106","vx_14c0bf8a39856735","fg0782","1","fg0782","fg0556","fg0224","fg0545","fg0517","fg0022","fg0317","fg0792","fg0751","fg0073","fg0798","fg0707","fg0121","fg0662","fg0812","fg0997","fg0049","fg0697","fg0349","fg0072"
"fq003107","vx_14c0bf8a39856735","fg0782","1","fg0782","fg0556","fg0224","fg0545","fg0792","fg0022","fg0668","fg0325","fg0314","fg0926","fg0261","fg0805","fg0944","fg0178","fg0317","fg0122","fg0698","fg0210","fg0777","fg0239"
"fq003108","vx_14c0bf8a39856735","fg0782","1","fg0782","fg0556","fg0224","fg0545","fg0022","fg0668","fg0325","fg0317","fg0792","fg0314","fg0261","fg0105","fg0049","fg0751","fg0274","fg0694","fg0617","fg0909","fg0750","fg0697"
"fq003109","vx_14c0bf8a39856735","fg0782","1","fg0782","fg0556","fg0224","fg0122","fg0792","fg0545","fg0517","fg0022","fg0751","fg0698","fg0178","fg0317","fg0805","fg0049","fg0239","fg0798","fg0756","fg0983","fg0030","fg0039"
"fq003110","vx_14c0bf8a39856735","fg0782","1","fg0782","fg0556","fg0545","fg0792","fg0224","fg0022","fg0668","fg0317","fg0325","fg0261","fg0314","fg0750","fg0805","fg0105","fg0697","fg0701","fg0210","fg0178","fg0751","fg0617"
"fq003111","vx_14c0bf8a39856735","fg0782","1","fg0782","fg0556","fg0224","fg0022","fg0545","fg0792","fg0517","fg0314","fg0325","fg0030","fg0261","fg0039","fg0294","fg0274","fg0049","fg0317","fg0983","fg0668","fg0751","fg0697"
"fq003112","vx_14c0bf8a39856735","fg0782","3","fg0835","fg0757","fg0782","fg0499","fg0258","fg0926","fg0121","fg0572","fg0756","fg0944","fg0232","fg0840","fg0246","fg0341","fg0122","fg0241","fg0932","fg0041","fg0915","fg0161"
"fq003113","vx_2e19cf26d13b37f8","fg0783","1","fg0783","fg0689","fg0564","fg0002","fg0337","fg0083","fg0128","fg0690","fg0569","fg0624","fg0458","fg0029","fg0245","fg0686","fg0623","fg0746","fg0622","fg0287","fg0744","fg0639"
"fq003114","vx_2e19cf26d13b37f8","fg0783","12","fg0018","fg0180","fg0062","fg0037","fg0379","fg0588","fg0547","fg0724","fg0533","fg0894","fg0822","fg0783","fg0411","fg0811","fg0665","fg0679","fg0262","fg0499","fg0027","fg0031"
"fq003115","vx_2e19cf26d13b37f8","fg0783","1","fg0783","fg0689","fg0128","fg0002","fg0564","fg0337","fg0083","fg0746","fg0686","fg0447","fg0458","fg0624","fg0287","fg0718","fg0569","fg0622","fg0558","fg0065","fg0029","fg0744"
"fq003116","vx_2e19cf26d13b37f8","fg0783","1","fg0783","fg0002","fg0689","fg0128","fg0564","fg0337","fg0447","fg0083","fg0079","fg0907","fg0798","fg0667","fg0790","fg0287","fg0458","fg0558","fg0805","fg0003","fg0065","fg0718"
"fq003117","vx_2e19cf26d13b37f8","fg0783","1","fg0783","fg0689","fg0002","fg0128","fg0564","fg0337","fg0083","fg0447","fg0622","fg0458","fg0746","fg0287","fg0686","fg0744","fg0969","fg0029","fg0690","fg0805","fg0065","fg0453"
"fq003118","vx_2e19cf26d13b37f8","fg0783","1","fg0783","fg0689","fg0128","fg0002","fg0564","fg0337","fg0083","fg0447","fg0458","fg0746","fg0287","fg0686","fg0969","fg0065","fg0622","fg0558","fg0690","fg0029","fg0711","fg0805"
"fq003119","vx_2e19cf26d13b37f8","fg0783","1","fg0783","fg0689","fg0128","fg0002","fg0564","fg0337","fg0083","fg0458","fg0746","fg0569","fg0686","fg0065","fg0287","fg0624","fg0447","fg0690","fg0936","fg0622","fg0805","fg0029"
"fq003120","vx_2e19cf26d13b37f8","fg0783","1","fg0783","fg0689","fg0002","fg0128","fg0564","fg0337","fg0083","fg0447","fg0287","fg0718","fg0558","fg0458","fg0898","fg0746","fg0172","fg0733","fg0711","fg0805","fg0209","fg0624"
"fq003121","vx_2e19cf26d13b37f8","fg0783","1","fg0783","fg0689","fg0002","fg0128","fg0564","fg0337","fg0083","fg0447","fg0746","fg0287","fg0458","fg0969","fg0686","fg0591","fg0690","fg0065","fg0029","fg0624","fg0805","fg0679"
"fq003122","vx_2e19cf26d13b37f8","fg0783","1","fg0783","fg0128","fg0689","fg0002","fg0447","fg0564","fg0337","fg0287","fg0746","fg0686","fg0969","fg0083","fg0624","fg0458","fg0690","fg0569","fg0805","fg0065","fg0936","fg0554"
"fq003123","vx_2e19cf26d13b37f8","fg0783","1","fg0783","fg0037","fg0018","fg0547","fg0533","fg0062","fg0180","fg0588","fg0724","fg0811","fg0379","fg0822","fg0411","fg0894","fg0689","fg0665","fg0679","fg0002","fg0128","fg0027"
"fq003124","vx_2e19cf26d13b37f8","fg0783","1","fg0783","fg0689","fg0128","fg0002","fg0337","fg0564","fg0083","fg0447","fg0746","fg0458","fg0287","fg0686","fg0969","fg0558","fg0079","fg0065","fg0624","fg0711","fg0744","fg0029"
"fq003125","vx_2e19cf26d13b37f8","fg0783","1","fg0783","fg0689","fg0128","fg0002","fg0564","fg0458","fg0447","fg0337","fg0746","fg0083","fg0686","fg0690","fg0554","fg0065","fg0287","fg0969","fg0624","fg0805","fg0569","fg0622"
"fq003126","vx_2e19cf26d13b37f8","fg0783","1","fg0783","fg0689","fg0002","fg0128","fg0564","fg0083","fg0337","fg0447","fg0458","fg0622","fg0746","fg0287","fg0744","fg0805","fg0969","fg0029","fg0686","fg0690","fg0065","fg0554"
"fq003127","vx_2e19cf26d13b37f8","fg0783","1","fg0783","fg0689","fg0128","fg0002","fg0564","fg0337","fg0447","fg0287","fg0083","fg0686","fg0746","fg0969","fg0458","fg0065","fg0690","fg0029","fg0711","fg0558","fg0624","fg0569"
"fq003128","vx_2e19cf26d13b37f8","fg0783","1","fg0783","fg0689","fg0128","fg0002","fg0564","fg0337","fg0447","fg0083","fg0287","fg0746","fg0458","fg0686","fg0711","fg0969","fg0065","fg0591","fg0690","fg0554","fg0558","fg0718"
"fq003129","vx_2e19cf26d13b37f8","fg0783","1","fg0783","fg0128","fg0689","fg0002","fg0447","fg0287","fg0558","fg0337","fg0679","fg0554","fg0172","fg0624","fg0746","fg0969","fg0083","fg0079","fg0727","fg0805","fg0458","fg0564"
"fq003130","vx_2e19cf26d13b37f8","fg0783","102","fg0533","fg0411","fg0588","fg0547","fg0062","fg0180","fg0037","fg0379","fg0724","fg0018","fg0822","fg0811","fg0894","fg0491","fg0027","fg0316","fg0362","fg0426","fg0665","fg0040"
"fq003131","vx_50fabd48be1ccff7","fg0784","3","fg0499","fg0246","fg0784","fg0834","fg0835","fg0241","fg0200","fg0033","fg0632","fg0943","fg0091","fg0949","fg0034","fg0044","fg0884","fg0616","fg0548","fg0757","fg0537","fg0442"
"fq003132","vx_50fabd48be1ccff7","fg0784","122","fg0483","fg0217","fg0954","fg0794","fg0396","fg0509","fg0557","fg0238","fg0772","fg0444","fg0246","fg0742","fg0155","fg0314","fg0949","fg0499","fg0632","fg0666","fg0780","fg0152"
"fq003133","vx_aa8cbf4508d4ad3b","fg0785","1","fg0785","fg0273","fg0011","fg0643","fg0215","fg0261","fg0654","fg0623","fg0590","fg0445","fg0387","fg0806","fg0480","fg0808","fg0259","fg0015","fg0294","fg0456","fg0154","fg0286"
"fq003134","vx_0ab0e26009fbbfe1","fg0786","804","fg0553","fg0696","fg0039","fg0701","fg0181","fg0167","fg0918","fg0879","fg0076","fg0013","fg0036","fg0046","fg0049","fg0289","fg0497","fg0861","fg0142","fg0728","fg0005","fg0584"
"fq003135","vx_0ab0e26009fbbfe1","fg0786","997","fg0076","fg0181","fg0701","fg0289","fg0879","fg0039","fg0605","fg0821","fg0802","fg0013","fg0861","fg0049","fg0662","fg0142","fg0572","fg0124","fg0796","fg0728","fg0388","fg0531"
"fq003136","vx_0ab0e26009fbbfe1","fg0786","1","fg0786","fg0368","fg0032","fg0097","fg0155","fg0847","fg0150","fg0986","fg0599","fg0860","fg0794","fg0954","fg0090","fg0869","fg0666","fg0763","fg0830","fg0103","fg0583","fg0184"
"fq003137","vx_0ab0e26009fbbfe1","fg0786","973","fg0039","fg0861","fg0605","fg0564","fg0819","fg0689","fg0701","fg0553","fg0289","fg0013","fg0337","fg0109","fg0049","fg0076","fg0046","fg0821","fg0967","fg0475","fg0879","fg0312"
"fq003138","vx_a3dd0da4d5539015","fg0787","1","fg0787","fg0991","fg0030","fg0021","fg0798","fg0049","fg0987","fg0496","fg0751","fg0396","fg0017","fg0983","fg0777","fg0122","fg0883","fg0406","fg0556","fg0066","fg0927","fg0482"
"fq003139","vx_a3dd0da4d5539015","fg0787","2","fg0991","fg0787","fg0030","fg0935","fg0021","fg0325","fg0597","fg0406","fg0386","fg0969","fg0777","fg0020","fg0798","fg0909","fg0447","fg0920","fg0336","fg0396","fg0049","fg0079"
"fq003140","vx_a3dd0da4d5539015","fg0787","1","fg0787","fg0991","fg0030","fg0021","fg0798","fg0049","fg0987","fg0496","fg0017","fg0983","fg0396","fg0777","fg0751","fg0930","fg0405","fg0790","fg0869","fg0907","fg0447","fg0003"
"fq003141","vx_a3dd0da4d5539015","fg0787","1","fg0787","fg0030","fg0991","fg0021","fg0798","fg0049","fg0496","fg0321","fg0987","fg0270","fg0751","fg0392","fg0693","fg0474","fg0482","fg0233","fg0433","fg0836","fg0066","fg0416"
"fq003142","vx_a3dd0da4d5539015","fg0787","3","fg0021","fg0426","fg0787","fg0030","fg0079","fg0362","fg0491","fg0991","fg0316","fg0407","fg0687","fg0798","fg0040","fg0411","fg0778","fg0841","fg0073","fg0745","fg0308","fg0017"
"fq003143","vx_a3dd0da4d5539015","fg0787","2","fg0991","fg0787","fg0030","fg0021","fg0935","fg0325","fg0597","fg0406","fg0386","fg0777","fg0969","fg0020","fg0909","fg0798","fg0447","fg0049","fg0079","fg0336","fg0059","fg0396"
"fq003144","vx_a3dd0da4d5539015","fg0787","1","fg0787","fg0991","fg0030","fg0021","fg0798","fg0049","fg0496","fg0987","fg0751","fg0777","fg0935","fg0869","fg0533","fg0396","fg0150","fg0406","fg0032","fg0017","fg0325","fg0090"
"fq003145","vx_a3dd0da4d5539015","fg0787","2","fg0030","fg0787","fg0021","fg0991","fg0798","fg0049","fg0496","fg0987","fg0837","fg0017","fg0961","fg0556","fg0751","fg0066","fg0073","fg0749","fg0450","fg0150","fg0440","fg0804"
"fq003146","vx_a3dd0da4d5539015","fg0787","2","fg0991","fg0787","fg0722","fg0648","fg0102","fg0801","fg0941","fg0945","fg0192","fg0501","fg0043","fg0030","fg0910","fg0136","fg0021","fg0996","fg0610","fg0956","fg0798","fg0385"
"fq003147","vx_a3dd0da4d5539015","fg0787","1","fg0787","fg0030","fg0991","fg0021","fg0798","fg0049","fg0751","fg0987","fg0496","fg0066","fg0017","fg0777","fg0983","fg0836","fg0556","fg0360","fg0500","fg0450","fg0370","fg0845"
"fq003148","vx_a3dd0da4d5539015","fg0787","2","fg0991","fg0787","fg0030","fg0021","fg0798","fg0049","fg0935","fg0777","fg0751","fg0325","fg0909","fg0447","fg0987","fg0597","fg0406","fg0969","fg0496","fg0128","fg0020","fg0068"
"fq003149","vx_a3dd0da4d5539015","fg0787","15","fg0927","fg0028","fg0883","fg0412","fg0169","fg0122","fg0482","fg0878","fg0435","fg0396","fg0822","fg0379","fg0030","fg0021","fg0787","fg0991","fg0798","fg0511","fg0321","fg0672"
"fq003150","vx_a3dd0da4d5539015","fg0787","2","fg0991","fg0787","fg0030","fg0021","fg0798","fg0049","fg0597","fg0969","fg0935","fg0987","fg0777","fg0325","fg0336","fg0406","fg0496","fg0447","fg0983","fg0396","fg0128","fg0909"
"fq003151","vx_a3dd0da4d5539015","fg0787","2","fg0991","fg0787","fg0935","fg0325","fg0722","fg0910","fg0043","fg0386","fg0192","fg0406","fg0597","fg0648","fg0945","fg0136","fg0102","fg0020","fg0941","fg0801","fg0030","fg0501"
"fq003152","vx_a3dd0da4d5539015","fg0787","2","fg0991","fg0787","fg0030","fg0935","fg0021","fg0325","fg0597","fg0910","fg0722","fg0406","fg0386","fg0969","fg0798","fg0192","fg0043","fg0945","fg0648","fg0020","fg0869","fg0103"
"fq003153","vx_a3dd0da4d5539015","fg0787","2","fg0991","fg0787","fg0030","fg0021","fg0798","fg0049","fg0935","fg0597","fg0325","fg0969","fg0987","fg0777","fg0406","fg0447","fg0751","fg0909","fg0496","fg0386","fg0336","fg0034"
"fq003154","vx_a3dd0da4d5539015","fg0787","2","fg0991","fg0787","fg0030","fg0021","fg0969","fg0597","fg0935","fg0798","fg0325","fg0336","fg0447","fg0777","fg0049","fg0079","fg0909","fg0987","fg0068","fg0470","fg0406","fg0920"
"fq003155","vx_a3dd0da4d5539015","fg0787","1","fg0787","fg0030","fg0991","fg0021","fg0798","fg0749","fg0384","fg0426","fg0527","fg0049","fg0079","fg0574","fg0496","fg0405","fg0976","fg0085","fg0023","fg0625","fg0916","fg0491"
"fq003156","vx_a3dd0da4d5539015","fg0787","1","fg0787","fg0991","fg0030","fg0021","fg0798","fg0049","fg0987","fg0777","fg0496","fg0935","fg0406","fg0751","fg0396","fg0983","fg0270","fg0017","fg0325","fg0128","fg0066","fg0836"
"fq003157","vx_a3dd0da4d5539015","fg0787","2","fg0021","fg0787","fg0030","fg0991","fg0798","fg0927","fg0028","fg0869","fg0883","fg0032","fg0122","fg0090","fg0412","fg0150","fg0103","fg0986","fg0169","fg0049","fg0396","fg0987"
"fq003158","vx_a3dd0da4d5539015","fg0787","2","fg0991","fg0787","fg0030","fg0021","fg0935","fg0325","fg0597","fg0406","fg0777","fg0386","fg0798","fg0447","fg0020","fg0969","fg0049","fg0909","fg0987","fg0128","fg0920","fg0396"
"fq003159","vx_a3dd0da4d5539015","fg0787","1","fg0787","fg0030","fg0991","fg0021","fg0798","fg0049","fg0987","fg0496","fg0017","fg0423","fg0983","fg0438","fg0066","fg0477","fg0762","fg0195","fg0751","fg0597","fg0777","fg0836"
"fq003160","vx_a3dd0da4d5539015","fg0787","2","fg0991","fg0787","fg0030","fg0722","fg0648","fg0102","fg0801","fg0945","fg0941","fg0192","fg0501","fg0021","fg0910","fg0043","fg0136","fg0996","fg0798","fg0956","fg0610","fg0385"
"fq003161","vx_a3dd0da4d5539015","fg0787","1","fg0787","fg0991","fg0030","fg0021","fg0798","fg0049","fg0270","fg0406","fg0987","fg0935","fg0325","fg0777","fg0496","fg0128","fg0482","fg0597","fg0751","fg0020","fg0447","fg0386"
"fq003162","vx_a3dd0da4d5539015","fg0787","2","fg0991","fg0787","fg0030","fg0021","fg0935","fg0798","fg0049","fg0597","fg0969","fg0777","fg0325","fg0406","fg0447","fg0987","fg0336","fg0386","fg0059","fg0128","fg0909","fg0396"
"fq003163","vx_a3dd0da4d5539015","fg0787","2","fg0991","fg0787","fg0325","fg0935","fg0406","fg0597","fg0386","fg0020","fg0418","fg0865","fg0777","fg0425","fg0482","fg0969","fg0447","fg0662","fg0909","fg0470","fg0030","fg0608"
"fq003164","vx_a3dd0da4d5539015","fg0787","2","fg0991","fg0787","fg0030","fg0935","fg0325","fg0021","fg0406","fg0386","fg0597","fg0777","fg0020","fg0909","fg0798","fg0128","fg0447","fg0396","fg0969","fg0049","fg0034","fg0920"
"fq003165","vx_a3dd0da4d5539015","fg0787","2","fg0991","fg0787","fg0030","fg0021","fg0935","fg0597","fg0325","fg0969","fg0447","fg0798","fg0049","fg0777","fg0406","fg0336","fg0909","fg0386","fg0020","fg0068","fg0128","fg0079"
"fq003166","vx_c331bd7fcad105ff","fg0788","1","fg0788","fg0554","fg0007","fg0891","fg0950","fg0211","fg0096","fg0494","fg0298","fg0371","fg0472","fg0704","fg0668","fg0429","fg0337","fg0818","fg0924","fg0035","fg0820","fg0237"
"fq003167","vx_c331bd7fcad105ff","fg0788","660","fg0778","fg0857","fg0745","fg0490","fg0868","fg0551","fg0385","fg0308","fg0156","fg0936","fg0506","fg0958","fg0175","fg0760","fg0980","fg0334","fg0460","fg0024","fg0591","fg0426"
"fq003168","vx_c331bd7fcad105ff","fg0788","1","fg0788","fg0554","fg0007","fg0891","fg0950","fg0211","fg0494","fg0298","fg0704","fg0472","fg0818","fg0096","fg0035","fg0668","fg0203","fg0429","fg0924","fg0378","fg0438","fg0008"
"fq003169","vx_c331bd7fcad105ff","fg0788","1","fg0788","fg0554","fg0007","fg0950","fg0891","fg0211","fg0096","fg0494","fg0298","fg0429","fg0818","fg0704","fg0820","fg0035","fg0237","fg0668","fg0203","fg0601","fg0378","fg0472"
"fq003170","vx_c331bd7fcad105ff","fg0788","1","fg0788","fg0554","fg0007","fg0891","fg0950","fg0211","fg0298","fg0096","fg0494","fg0704","fg0337","fg0472","fg0429","fg0818","fg0237","fg0668","fg0924","fg0008","fg0371","fg0035"
"fq003171","vx_c331bd7fcad105ff","fg0788","1","fg0788","fg0554","fg0891","fg0007","fg0950","fg0211","fg0298","fg0096","fg0494","fg0472","fg0429","fg0113","fg0907","fg0704","fg0371","fg0237","fg0203","fg0689","fg0818","fg0438"
"fq003172","vx_983315053e89c3a8","fg0789","75","fg0379","fg0018","fg0062","fg0776","fg0180","fg0474","fg0433","fg0233","fg0037","fg0822","fg0588","fg0547","fg0533","fg0693","fg0350","fg0724","fg0894","fg0665","fg0416","fg0499"
"fq003173","vx_63d004df8489746e","fg0790","6","fg0551","fg0857","fg0778","fg0024","fg0490","fg0790","fg0745","fg0641","fg0619","fg0521","fg0958","fg0460","fg0936","fg0938","fg0912","fg0334","fg0679","fg0385","fg0886","fg0997"
"fq003174","vx_63d004df8489746e","fg0790","9","fg0551","fg0857","fg0024","fg0778","fg0490","fg0745","fg0521","fg0619","fg0790","fg0385","fg0460","fg0886","fg0175","fg0958","fg0936","fg0707","fg0868","fg0308","fg0679","fg0271"
"fq003175","vx_a702852c8dee0450","fg0791","185","fg0967","fg0312","fg0819","fg0282","fg0039","fg0215","fg0674","fg0426","fg0263","fg0261","fg0936","fg0841","fg0340","fg0585","fg0040","fg0154","fg0362","fg0079","fg0785","fg0420"
"fq003176","vx_a702852c8dee0450","fg0791","2","fg0722","fg0791","fg0192","fg0945","fg0648","fg0102","fg0941","fg0801","fg0136","fg0501","fg0043","fg0910","fg0956","fg0996","fg0471","fg0610","fg0385","fg0228","fg0672","fg0990"
"fq003177","vx_a702852c8dee0450","fg0791","90","fg0215","fg0263","fg0340","fg0420","fg0011","fg0785","fg0261","fg0282","fg0309","fg0967","fg0312","fg0437","fg0936","fg0422","fg0154","fg0456","fg0112","fg0833","fg0643","fg0273"
"fq003178","vx_c7ef7b00b23f4674","fg0792","1","fg0792","fg0680","fg0072","fg0232","fg0457","fg0706","fg0882","fg0844","fg0324","fg0770","fg0099","fg0309","fg0176","fg0591","fg0002","fg0170","fg0558","fg0782","fg0224","fg0796"
"fq003179","vx_6f9fb3a4b9ff9a8b","fg0793","8","fg0826","fg0095","fg0466","fg0277","fg0327","fg0842","fg0569","fg0793","fg0048","fg0650","fg0458","fg0334","fg0088","fg0936","fg0692","fg0605","fg0130","fg0294","fg0893","fg0805"
"fq003180","vx_363273b4b4bf3f6b","fg0794","2","fg0441","fg0794","fg0954","fg0599","fg0632","fg0368","fg0097","fg0155","fg0169","fg0085","fg0396","fg0412","fg0666","fg0786","fg0028","fg0883","fg0927","fg0659","fg0544","fg0981"
"fq003181","vx_363273b4b4bf3f6b","fg0794","1","fg0794","fg0599","fg0954","fg0666","fg0155","fg0097","fg0368","fg0724","fg0786","fg0037","fg0894","fg0588","fg0557","fg0152","fg0027","fg0062","fg0180","fg0018","fg0533","fg0547"
"fq003182","vx_363273b4b4bf3f6b","fg0794","162","fg0925","fg0668","fg0138","fg0327","fg0727","fg0182","fg0869","fg0972","fg0986","fg0322","fg0032","fg0150","fg0090","fg0847","fg0860","fg0662","fg0583","fg0529","fg0181","fg0962"
"fq003183","vx_363273b4b4bf3f6b","fg0794","2","fg0954","fg0794","fg0666","fg0155","fg0368","fg0599","fg0097","fg0786","fg0925","fg0798","fg0652","fg0772","fg0038","fg0396","fg0943","fg0667","fg0225","fg0161","fg0469","fg0878"
"fq003184","vx_921dae9f0fc5d2f9","fg0795","1","fg0795","fg0905","fg0045","fg0274","fg0738","fg0464","fg0487","fg0580","fg0307","fg0832","fg0187","fg0345","fg0374","fg0383","fg0987","fg0323","fg0765","fg0628","fg0599","fg0098"
"fq003185","vx_b2fe6f325a2b32a2","fg0796","1","fg0796","fg0909","fg0824","fg0545","fg0325","fg0287","fg0369","fg0572","fg0842","fg0209","fg0314","fg0462","fg0044","fg0711","fg0880","fg0091","fg0274","fg0222","fg0838","fg0119"
"fq003186","vx_848b1409e129792b","fg0797","24","fg0242","fg0961","fg0859","fg0949","fg0686","fg0670","fg0059","fg0920","fg0408","fg0581","fg0748","fg0121","fg0425","fg0783","fg0746","fg0158","fg0554","fg0116","fg0415","fg0041"
"fq003187","vx_a529b17f672d3076","fg0798","9","fg0031","fg0218","fg0665","fg0837","fg0496","fg0977","fg0522","fg0283","fg0798","fg0543","fg0767","fg0452","fg0814","fg0315","fg0663","fg0085","fg0777","fg0732","fg0359","fg0305"
"fq003188","vx_a529b17f672d3076","fg0798","53","fg0523","fg0057","fg0699","fg0092","fg0706","fg0930","fg0711","fg0904","fg0375","fg0920","fg0970","fg0199","fg0005","fg0659","fg0880","fg0750","fg0116","fg0898","fg0425","fg0159"
"fq003189","vx_33bf7e1bcee66d3c","fg0799","557","fg0037","fg0547","fg0588","fg0822","fg0018","fg0533","fg0062","fg0379","fg0180","fg0724","fg0262","fg0990","fg0411","fg0027","fg0169","fg0665","fg0811","fg0031","fg0894","fg0703"
"fq003190","vx_570e3431e8799377","fg0800","1","fg0800","fg0415","fg0074","fg0056","fg0669","fg0617","fg0393","fg0443","fg0306","fg0853","fg0369","fg0820","fg0344","fg0570","fg0223","fg0805","fg0748","fg0229","fg0076","fg0670"
"fq003191","vx_a5e5168aab86fda3","fg0801","82","fg0088","fg0048","fg0277","fg0826","fg0524","fg0493","fg0462","fg0466","fg0891","fg0946","fg0095","fg0221","fg0458","fg0246","fg0893","fg0281","fg0634","fg0390","fg0925","fg0531"
"fq003192","vx_1aafd44245351c5b","fg0802","1","fg0802","fg0605","fg0820","fg0104","fg0701","fg0734","fg0068","fg0670","fg0043","fg0237","fg0317","fg0181","fg0880","fg0610","fg0449","fg0127","fg0277","fg0135","fg0377","fg0800"
"fq003193","vx_2c98c62d8690091a","fg0803","1","fg0803","fg0657","fg0303","fg0518","fg0070","fg0454","fg0573","fg0889","fg0346","fg0874","fg0687","fg0715","fg0252","fg0427","fg0771","fg0978","fg0448","fg0353","fg0592","fg0159"
"fq003194","vx_7c4596aa6e958ccb","fg0804","1","fg0804","fg0625","fg0778","fg0551","fg0912","fg0276","fg0857","fg0940","fg0461","fg0328","fg0353","fg0629","fg0201","fg0571","fg0640","fg0263","fg0985","fg0619","fg0288","fg0866"
"fq003195","vx_7c4596aa6e958ccb","fg0804","1","fg0804","fg0353","fg0771","fg0571","fg0625","fg0320","fg0708","fg0450","fg0560","fg0288","fg0227","fg0603","fg0551","fg0889","fg0132","fg0282","fg0026","fg0024","fg0778","fg0940"
"fq003196","vx_7c4596aa6e958ccb","fg0804","1","fg0804","fg0353","fg0771","fg0571","fg0625","fg0708","fg0026","fg0450","fg0320","fg0940","fg0227","fg0560","fg0607","fg0282","fg0603","fg0288","fg0263","fg0889","fg0328","fg0902"
"fq003197","vx_08ea1595783a5540","fg0805","3","fg0815","fg0434","fg0805","fg0812","fg0887","fg0771","fg0631","fg0612","fg0112","fg0223","fg0200","fg0486","fg0306","fg0956","fg0692","fg0935","fg0343","fg0134","fg0622","fg0483"
"fq003198","vx_08ea1595783a5540","fg0805","1","fg0805","fg0692","fg0622","fg0134","fg0705","fg0534","fg0113","fg0793","fg0617","fg0744","fg0774","fg0688","fg0083","fg0949","fg0223","fg0310","fg0701","fg0581","fg0254","fg0387"
"fq003199","vx_08ea1595783a5540","fg0805","1","fg0805","fg0156","fg0949","fg0432","fg0513","fg0955","fg0745","fg0811","fg0134","fg0572","fg0692","fg0581","fg0393","fg0898","fg0612","fg0961","fg0617","fg0930","fg0200","fg0499"
"fq003200","vx_08ea1595783a5540","fg0805","1","fg0805","fg0622","fg0692","fg0617","fg0223","fg0134","fg0815","fg0774","fg0534","fg0849","fg0701","fg0310","fg0898","fg0744","fg0306","fg0113","fg0581","fg0949","fg0812","fg0324"
"fq003201","vx_438fe7da97948071","fg0806","1","fg0806","fg0074","fg0990","fg0637","fg0273","fg0445","fg0785","fg0654","fg0680","fg0261","fg0643","fg0703","fg0844","fg0335","fg0669","fg0547","fg0343","fg0838","fg0572","fg0308"
"fq003202","vx_6164d6f54cbc576f","fg0807","1","fg0807","fg0593","fg0059","fg0894","fg0859","fg0949","fg0121","fg0545","fg0835","fg0435","fg0369","fg0915","fg0904","fg0909","fg0847","fg0972","fg0797","fg0118","fg0242","fg0942"
"fq003203","vx_6164d6f54cbc576f","fg0807","3","fg0545","fg0593","fg0807","fg0059","fg0859","fg0121","fg0835","fg0904","fg0894","fg0697","fg0274","fg0435","fg0570","fg0915","fg0752","fg0369","fg0797","fg0805","fg0078","fg0932"
"fq003204","vx_1cabc88df7d1f4e1","fg0808","1","fg0808","fg0286","fg0387","fg0259","fg0520","fg0675","fg0003","fg0772","fg0473","fg0319","fg0785","fg0638","fg0137","fg0097","fg0471","fg0912","fg0049","fg0642","fg0272","fg0140"
"fq003205","vx_1cabc88df7d1f4e1","fg0808","1","fg0808","fg0286","fg0387","fg0259","fg0520","fg0675","fg0137","fg0772","fg0912","fg0785","fg0140","fg0003","fg0552","fg0473","fg0049","fg0272","fg0471","fg0348","fg0642","fg0666"
"fq003206","vx_1cabc88df7d1f4e1","fg0808","1","fg0808","fg0286","fg0387","fg0259","fg0520","fg0675","fg0912","fg0140","fg0003","fg0137","fg0049","fg0772","fg0785","fg0473","fg0272","fg0552","fg0642","fg0471","fg0207","fg0319"
"fq003207","vx_1cabc88df7d1f4e1","fg0808","1","fg0808","fg0286","fg0387","fg0259","fg0520","fg0675","fg0772","fg0137","fg0003","fg0552","fg0140","fg0785","fg0912","fg0642","fg0771","fg0251","fg0049","fg0207","fg0234","fg0830"
"fq003208","vx_1cabc88df7d1f4e1","fg0808","1","fg0808","fg0286","fg0387","fg0259","fg0520","fg0675","fg0983","fg0049","fg0052","fg0473","fg0638","fg0785","fg0552","fg0471","fg0003","fg0272","fg0319","fg0137","fg0348","fg0140"
"fq003209","vx_1cabc88df7d1f4e1","fg0808","1","fg0808","fg0286","fg0387","fg0259","fg0520","fg0675","fg0137","fg0772","fg0785","fg0666","fg0140","fg0552","fg0473","fg0003","fg0912","fg0097","fg0049","fg0642","fg0353","fg0272"
"fq003210","vx_1cabc88df7d1f4e1","fg0808","1","fg0808","fg0286","fg0387","fg0259","fg0520","fg0140","fg0772","fg0552","fg0675","fg0003","fg0912","fg0471","fg0348","fg0785","fg0638","fg0272","fg0549","fg0049","fg0473","fg0137"
"fq003211","vx_1cabc88df7d1f4e1","fg0808","1","fg0808","fg0286","fg0387","fg0259","fg0520","fg0772","fg0003","fg0675","fg0140","fg0137","fg0912","fg0785","fg0642","fg0272","fg0097","fg0666","fg0552","fg0049","fg0473","fg0638"
"fq003212","vx_1cabc88df7d1f4e1","fg0808","1","fg0808","fg0286","fg0387","fg0259","fg0520","fg0675","fg0137","fg0772","fg0003","fg0140","fg0552","fg0912","fg0785","fg0642","fg0473","fg0097","fg0049","fg0666","fg0638","fg0272"
"fq003213","vx_1cabc88df7d1f4e1","fg0808","1","fg0808","fg0286","fg0387","fg0259","fg0520","fg0772","fg0675","fg0003","fg0137","fg0785","fg0140","fg0097","fg0642","fg0912","fg0552","fg0049","fg0473","fg0272","fg0666","fg0319"
"fq003214","vx_1cabc88df7d1f4e1","fg0808","1","fg0808","fg0286","fg0387","fg0259","fg0722","fg0102","fg0941","fg0945","fg0648","fg0801","fg0501","fg0910","fg0043","fg0471","fg0192","fg0136","fg0956","fg0610","fg0552","fg0520"
"fq003215","vx_1cabc88df7d1f4e1","fg0808","1","fg0808","fg0286","fg0387","fg0259","fg0520","fg0675","fg0003","fg0772","fg0049","fg0097","fg0473","fg0785","fg0140","fg0319","fg0642","fg0912","fg0272","fg0137","fg0471","fg0638"
"fq003216","vx_1cabc88df7d1f4e1","fg0808","1","fg0808","fg0286","fg0387","fg0259","fg0520","fg0003","fg0772","fg0272","fg0912","fg0140","fg0675","fg0638","fg0598","fg0473","fg0471","fg0207","fg0319","fg0642","fg0269","fg0785"
"fq003217","vx_1cabc88df7d1f4e1","fg0808","1","fg0808","fg0286","fg0387","fg0259","fg0520","fg0675","fg0772","fg0049","fg0140","fg0003","fg0785","fg0473","fg0137","fg0552","fg0097","fg0319","fg0642","fg0272","fg0471","fg0638"
"fq003218","vx_1cabc88df7d1f4e1","fg0808","1","fg0808","fg0286","fg0259","fg0387","fg0003","fg0520","fg0598","fg0772","fg0272","fg0675","fg0140","fg0269","fg0912","fg0207","fg0049","fg0486","fg0606","fg0473","fg0319","fg0642"
"fq003219","vx_1cabc88df7d1f4e1","fg0808","1","fg0808","fg0286","fg0387","fg0259","fg0598","fg0003","fg0140","fg0520","fg0772","fg0272","fg0912","fg0606","fg0269","fg0675","fg0207","fg0486","fg0666","fg0049","fg0638","fg0450"
"fq003220","vx_1cabc88df7d1f4e1","fg0808","1","fg0808","fg0286","fg0387","fg0259","fg0520","fg0983","fg0552","fg0194","fg0052","fg0348","fg0471","fg0638","fg0049","fg0137","fg0140","fg0549","fg0675","fg0912","fg0272","fg0772"
"fq003221","vx_1cabc88df7d1f4e1","fg0808","1","fg0808","fg0286","fg0387","fg0259","fg0779","fg0587","fg0642","fg0207","fg0003","fg0675","fg0006","fg0444","fg0520","fg0912","fg0292","fg0252","fg0272","fg0773","fg0125","fg0218"
"fq003222","vx_1cabc88df7d1f4e1","fg0808","1","fg0808","fg0286","fg0387","fg0259","fg0520","fg0675","fg0772","fg0003","fg0140","fg0912","fg0272","fg0471","fg0473","fg0049","fg0137","fg0785","fg0552","fg0319","fg0638","fg0666"
"fq003223","vx_7f52f84295cd9461","fg0809","1","fg0809","fg0523","fg0057","fg0699","fg0092","fg0153","fg0997","fg0930","fg0970","fg0747","fg0706","fg0438","fg0195","fg0090","fg0334","fg0869","fg0907","fg0538","fg0847","fg0388"
"fq003224","vx_2f9a4cd7d4e414e7","fg0810","1","fg0810","fg0906","fg0525","fg0127","fg0567","fg0897","fg0114","fg0611","fg0099","fg0768","fg0880","fg0721","fg0555","fg0682","fg0734","fg0748","fg0240","fg0920","fg0152","fg0027"
"fq003225","vx_2f9a4cd7d4e414e7","fg0810","1","fg0810","fg0525","fg0906","fg0734","fg0385","fg0722","fg0611","fg0136","fg0567","fg0721","fg0156","fg0192","fg0956","fg0114","fg0945","fg0801","fg0648","fg0102","fg0941","fg0127"
"fq003226","vx_2f9a4cd7d4e414e7","fg0810","1","fg0810","fg0525","fg0906","fg0567","fg0897","fg0127","fg0099","fg0114","fg0721","fg0611","fg0734","fg0880","fg0682","fg0768","fg0748","fg0152","fg0555","fg0275","fg0013","fg0027"
"fq003227","vx_ce21c48a5eae9209","fg0811","1","fg0811","fg0547","fg0062","fg0588","fg0180","fg0533","fg0037","fg0018","fg0379","fg0724","fg0822","fg0411","fg0665","fg0894","fg0027","fg0679","fg0070","fg0857","fg0262","fg0886"
"fq003228","vx_1bfeb62d2ca9f87a","fg0812","2","fg0486","fg0812","fg0508","fg0006","fg0600","fg0205","fg0560","fg0757","fg0922","fg0259","fg0549","fg0300","fg0584","fg0208","fg0830","fg0777","fg0272","fg0238","fg0028","fg0400"
"fq003229","vx_1bfeb62d2ca9f87a","fg0812","2","fg0486","fg0812","fg0600","fg0205","fg0815","fg0238","fg0259","fg0935","fg0208","fg0820","fg0757","fg0777","fg0508","fg0579","fg0887","fg0675","fg0177","fg0802","fg0028","fg0006"
"fq003230","vx_9a5adc50da1f88bb","fg0813","132","fg0018","fg0385","fg0945","fg0533","fg0547","fg0192","fg0722","fg0043","fg0102","fg0131","fg0471","fg0412","fg0648","fg0379","fg0679","fg0941","fg0801","fg0745","fg0328","fg0263"
"fq003231","vx_9a5adc50da1f88bb","fg0813","1","fg0813","fg0192","fg0945","fg0648","fg0043","fg0102","fg0801","fg0941","fg0501","fg0722","fg0910","fg0862","fg0749","fg0136","fg0291","fg0604","fg0060","fg0262","fg0541","fg0471"
"fq003232","vx_f59d5e8b91e9a107","fg0814","1","fg0814","fg0767","fg0315","fg0798","fg0977","fg0335","fg0745","fg0613","fg0778","fg0506","fg0513","fg0156","fg0868","fg0308","fg0734","fg0811","fg0837","fg0225","fg0565","fg0810"
"fq003233","vx_f59d5e8b91e9a107","fg0814","1","fg0814","fg0767","fg0333","fg0980","fg0506","fg0021","fg0957","fg0112","fg0896","fg0866","fg0766","fg0978","fg0783","fg0499","fg0018","fg0315","fg0798","fg0745","fg0846","fg0434"
"fq003234","vx_d6ec50939a763cc9","fg0815","1","fg0815","fg0156","fg0745","fg0778","fg0385","fg0812","fg0857","fg0868","fg0434","fg0551","fg0955","fg0490","fg0308","fg0675","fg0978","fg0887","fg0200","fg0467","fg0612","fg0432"
"fq003235","vx_a98917b389347ae8","fg0816","1","fg0816","fg0293","fg0846","fg0440","fg0358","fg0173","fg0659","fg0054","fg0970","fg0930","fg0058","fg0402","fg0091","fg0925","fg0727","fg0753","fg0598","fg0159","fg0737","fg0837"
"fq003236","vx_5938b40458f2f8d2","fg0817","9","fg0366","fg0958","fg0271","fg0133","fg0780","fg0551","fg0901","fg0778","fg0817","fg0857","fg0423","fg0888","fg0509","fg0035","fg0483","fg0470","fg0494","fg0073","fg0490","fg0396"
"fq003237","vx_5938b40458f2f8d2","fg0817","256","fg0667","fg0687","fg0131","fg0491","fg0301","fg0355","fg0160","fg0423","fg0863","fg0574","fg0527","fg0761","fg0133","fg0541","fg0780","fg0414","fg0947","fg0509","fg0749","fg0183"
"fq003238","vx_5938b40458f2f8d2","fg0817","9","fg0133","fg0958","fg0509","fg0271","fg0780","fg0366","fg0888","fg0483","fg0817","fg0551","fg0777","fg0901","fg0024","fg0905","fg0857","fg0535","fg0396","fg0264","fg0159","fg0650"
"fq003239","vx_24f30e2209aa3769","fg0818","1","fg0818","fg0710","fg0919","fg0197","fg0284","fg0063","fg0242","fg0455","fg0529","fg0574","fg0932","fg0568","fg0581","fg0750","fg0739","fg0748","fg0428","fg0425","fg0788","fg0763"
"fq003240","vx_24f30e2209aa3769","fg0818","1","fg0818","fg0710","fg0919","fg0197","fg0284","fg0063","fg0242","fg0455","fg0529","fg0581","fg0932","fg0750","fg0739","fg0748","fg0788","fg0425","fg0428","fg0435","fg0670","fg0763"
"fq003241","vx_24f30e2209aa3769","fg0818","1","fg0818","fg0197","fg0710","fg0919","fg0284","fg0242","fg0063","fg0529","fg0455","fg0581","fg0748","fg0739","fg0932","fg0750","fg0223","fg0763","fg0435","fg0425","fg0408","fg0174"
"fq003242","vx_6561f52e6d03b9c2","fg0819","1","fg0819","fg0312","fg0967","fg0039","fg0282","fg0674","fg0244","fg0357","fg0532","fg0711","fg0585","fg0475","fg0206","fg0861","fg0939","fg0880","fg0750","fg0144","fg0650","fg0702"
"fq003243","vx_6561f52e6d03b9c2","fg0819","1","fg0819","fg0312","fg0039","fg0967","fg0282","fg0674","fg0244","fg0532","fg0357","fg0475","fg0711","fg0861","fg0585","fg0939","fg0206","fg0880","fg0750","fg0046","fg0144","fg0590"
"fq003244","vx_6561f52e6d03b9c2","fg0819","1","fg0819","fg0312","fg0039","fg0967","fg0553","fg0046","fg0282","fg0674","fg0661","fg0812","fg0791","fg0070","fg0486","fg0307","fg0357","fg0744","fg0436","fg0580","fg0585","fg0696"
"fq003245","vx_6561f52e6d03b9c2","fg0819","1","fg0819","fg0312","fg0967","fg0039","fg0674","fg0282","fg0244","fg0532","fg0475","fg0939","fg0357","fg0585","fg0702","fg0206","fg0711","fg0880","fg0861","fg0978","fg0750","fg0037"
"fq003246","vx_6561f52e6d03b9c2","fg0819","1","fg0819","fg0312","fg0039","fg0967","fg0674","fg0282","fg0244","fg0532","fg0722","fg0475","fg0501","fg0136","fg0206","fg0941","fg0357","fg0102","fg0648","fg0801","fg0939","fg0192"
"fq003247","vx_6561f52e6d03b9c2","fg0819","1","fg0819","fg0039","fg0967","fg0811","fg0312","fg0661","fg0156","fg0674","fg0532","fg0411","fg0070","fg0978","fg0244","fg0960","fg0671","fg0711","fg0663","fg0580","fg0955","fg0696"
"fq003248","vx_6561f52e6d03b9c2","fg0819","1","fg0819","fg0312","fg0967","fg0811","fg0039","fg0674","fg0978","fg0156","fg0282","fg0532","fg0244","fg0880","fg0125","fg0939","fg0711","fg0637","fg0896","fg0475","fg0211","fg0750"
"fq003249","vx_6561f52e6d03b9c2","fg0819","1","fg0819","fg0312","fg0967","fg0039","fg0282","fg0674","fg0244","fg0357","fg0532","fg0711","fg0585","fg0206","fg0475","fg0939","fg0880","fg0861","fg0750","fg0144","fg0650","fg0702"
"fq003250","vx_6561f52e6d03b9c2","fg0819","1","fg0819","fg0312","fg0967","fg0039","fg0282","fg0674","fg0244","fg0357","fg0532","fg0585","fg0711","fg0475","fg0206","fg0861","fg0939","fg0880","fg0750","fg0144","fg0650","fg0746"
"fq003251","vx_6561f52e6d03b9c2","fg0819","1","fg0819","fg0039","fg0312","fg0967","fg0282","fg0674","fg0244","fg0357","fg0532","fg0475","fg0711","fg0861","fg0206","fg0585","fg0939","fg0880","fg0750","fg0144","fg0046","fg0590"
"fq003252","vx_6561f52e6d03b9c2","fg0819","1","fg0819","fg0039","fg0312","fg0967","fg0282","fg0674","fg0244","fg0357","fg0532","fg0475","fg0861","fg0711","fg0585","fg0206","fg0880","fg0939","fg0046","fg0750","fg0590","fg0144"
"fq003253","vx_6561f52e6d03b9c2","fg0819","1","fg0819","fg0312","fg0039","fg0967","fg0674","fg0244","fg0532","fg0282","fg0475","fg0939","fg0357","fg0702","fg0585","fg0711","fg0206","fg0861","fg0880","fg0156","fg0750","fg0144"
"fq003254","vx_6561f52e6d03b9c2","fg0819","1","fg0819","fg0312","fg0967","fg0039","fg0282","fg0674","fg0244","fg0357","fg0711","fg0532","fg0475","fg0861","fg0206","fg0585","fg0880","fg0939","fg0750","fg0144","fg0650","fg0865"
"fq003255","vx_6561f52e6d03b9c2","fg0819","1","fg0819","fg0156","fg0039","fg0244","fg0532","fg0674","fg0475","fg0070","fg0661","fg0967","fg0312","fg0978","fg0811","fg0553","fg0939","fg0702","fg0896","fg0857","fg0006","fg0778"
"fq003256","vx_6561f52e6d03b9c2","fg0819","1","fg0819","fg0312","fg0967","fg0039","fg0282","fg0674","fg0244","fg0357","fg0532","fg0711","fg0475","fg0585","fg0206","fg0861","fg0939","fg0880","fg0663","fg0046","fg0553","fg0750"
"fq003257","vx_6561f52e6d03b9c2","fg0819","1","fg0819","fg0312","fg0967","fg0039","fg0674","fg0282","fg0244","fg0532","fg0357","fg0475","fg0711","fg0939","fg0585","fg0206","fg0861","fg0880","fg0750","fg0702","fg0650","fg0144"
"fq003258","vx_6561f52e6d03b9c2","fg0819","1","fg0819","fg0312","fg0967","fg0039","fg0674","fg0282","fg0244","fg0532","fg0475","fg0357","fg0939","fg0585","fg0711","fg0206","fg0880","fg0861","fg0702","fg0750","fg0886","fg0144"
"fq003259","vx_6561f52e6d03b9c2","fg0819","1","fg0819","fg0312","fg0967","fg0039","fg0282","fg0674","fg0357","fg0244","fg0711","fg0532","fg0206","fg0585","fg0475","fg0861","fg0880","fg0750","fg0144","fg0939","fg0650","fg0215"
"fq003260","vx_6561f52e6d03b9c2","fg0819","1","fg0819","fg0312","fg0967","fg0039","fg0282","fg0674","fg0244","fg0357","fg0711","fg0585","fg0532","fg0475","fg0206","fg0861","fg0880","fg0939","fg0750","fg0016","fg0650","fg0746"
"fq003261","vx_6561f52e6d03b9c2","fg0819","1","fg0819","fg0312","fg0967","fg0039","fg0282","fg0674","fg0357","fg0244","fg0711","fg0532","fg0475","fg0861","fg0206","fg0585","fg0880","fg0939","fg0750","fg0144","fg0650","fg0016"
"fq003262","vx_146920966b8200ed","fg0820","12","fg0159","fg0402","fg0942","fg0133","fg0778","fg0535","fg0522","fg0857","fg0888","fg0837","fg0978","fg0820","fg0188","fg0915","fg0958","fg0308","fg0583","fg0283","fg0695","fg0777"
"fq003263","vx_78ac6abb6c7186fa","fg0821","1","fg0821","fg0124","fg0620","fg0590","fg0623","fg0686","fg0418","fg0456","fg0015","fg0892","fg0279","fg0404","fg0785","fg0662","fg0534","fg0071","fg0281","fg0600","fg0852","fg0634"
"fq003264","vx_78ac6abb6c7186fa","fg0821","3","fg0838","fg0130","fg0821","fg0124","fg0569","fg0686","fg0279","fg0418","fg0192","fg0885","fg0620","fg0722","fg0385","fg0294","fg0942","fg0402","fg0936","fg0968","fg0102","fg0136"
"fq003265","vx_86763de1bbf854d6","fg0822","1","fg0822","fg0533","fg0379","fg0547","fg0037","fg0588","fg0062","fg0180","fg0018","fg0724","fg0894","fg0811","fg0411","fg0027","fg0679","fg0665","fg0262","fg0927","fg0318","fg0499"
"fq003266","vx_0abe2279e1528eca","fg0823","17","fg0722","fg0102","fg0801","fg0945","fg0648","fg0941","fg0501","fg0192","fg0043","fg0910","fg0136","fg0996","fg0471","fg0385","fg0956","fg0610","fg0823","fg0228","fg0240","fg0156"
"fq003267","vx_0abe2279e1528eca","fg0823","1","fg0823","fg0555","fg0611","fg0240","fg0714","fg0768","fg0419","fg0998","fg0373","fg0446","fg0114","fg0592","fg0880","fg0995","fg0525","fg0013","fg0128","fg0092","fg0699","fg0632"
"fq003268","vx_0abe2279e1528eca","fg0823","1","fg0823","fg0555","fg0611","fg0240","fg0714","fg0768","fg0419","fg0373","fg0998","fg0446","fg0114","fg0592","fg0128","fg0013","fg0084","fg0831","fg0506","fg0896","fg0499","fg0552"
"fq003269","vx_0abe2279e1528eca","fg0823","47","fg0980","fg0506","fg0896","fg0957","fg0112","fg0145","fg0561","fg0305","fg0175","fg0499","fg0745","fg0949","fg0766","fg0056","fg0828","fg0021","fg0133","fg0831","fg0656","fg0809"
"fq003270","vx_0abe2279e1528eca","fg0823","1","fg0823","fg0555","fg0240","fg0768","fg0611","fg0714","fg0998","fg0419","fg0373","fg0446","fg0114","fg0880","fg0592","fg0246","fg0525","fg0013","fg0810","fg0128","fg0200","fg0906"
"fq003271","vx_0abe2279e1528eca","fg0823","1","fg0823","fg0611","fg0555","fg0419","fg0240","fg0768","fg0714","fg0373","fg0998","fg0246","fg0880","fg0114","fg0650","fg0632","fg0013","fg0200","fg0525","fg0949","fg0446","fg0128"
"fq003272","vx_0abe2279e1528eca","fg0823","1","fg0823","fg0555","fg0768","fg0240","fg0611","fg0714","fg0419","fg0998","fg0373","fg0446","fg0114","fg0525","fg0880","fg0013","fg0592","fg0246","fg0810","fg0128","fg0200","fg0906"
"fq003273","vx_0abe2279e1528eca","fg0823","1","fg0823","fg0611","fg0555","fg0419","fg0240","fg0714","fg0768","fg0373","fg0998","fg0446","fg0592","fg0194","fg0996","fg0114","fg0128","fg0525","fg0772","fg0471","fg0552","fg0013"
"fq003274","vx_0abe2279e1528eca","fg0823","1","fg0823","fg0555","fg0611","fg0714","fg0240","fg0419","fg0768","fg0998","fg0373","fg0446","fg0114","fg0592","fg0525","fg0128","fg0013","fg0995","fg0075","fg0403","fg0552","fg0681"
"fq003275","vx_0abe2279e1528eca","fg0823","1","fg0823","fg0555","fg0240","fg0611","fg0768","fg0714","fg0419","fg0998","fg0373","fg0880","fg0114","fg0711","fg0446","fg0525","fg0013","fg0246","fg0128","fg0200","fg0909","fg0650"
"fq003276","vx_0abe2279e1528eca","fg0823","1","fg0823","fg0555","fg0611","fg0419","fg0768","fg0714","fg0240","fg0373","fg0998","fg0525","fg0114","fg0013","fg0880","fg0522","fg0734","fg0846","fg0128","fg0446","fg0500","fg0896"
"fq003277","vx_0abe2279e1528eca","fg0823","1","fg0823","fg0555","fg0240","fg0768","fg0611","fg0714","fg0419","fg0998","fg0373","fg0114","fg0446","fg0525","fg0592","fg0013","fg0880","fg0128","fg0810","fg0246","fg0995","fg0552"
"fq003278","vx_0abe2279e1528eca","fg0823","1","fg0823","fg0555","fg0611","fg0240","fg0768","fg0419","fg0714","fg0373","fg0998","fg0446","fg0114","fg0592","fg0525","fg0013","fg0896","fg0980","fg0084","fg0128","fg0831","fg0995"
"fq003279","vx_0abe2279e1528eca","fg0823","1","fg0823","fg0555","fg0611","fg0768","fg0240","fg0714","fg0419","fg0998","fg0373","fg0446","fg0114","fg0525","fg0592","fg0013","fg0810","fg0880","fg0128","fg0995","fg0649","fg0212"
"fq003280","vx_0abe2279e1528eca","fg0823","1","fg0823","fg0555","fg0611","fg0768","fg0419","fg0714","fg0240","fg0998","fg0373","fg0446","fg0114","fg0525","fg0592","fg0013","fg0880","fg0810","fg0995","fg0128","fg0194","fg0896"
"fq003281","vx_0abe2279e1528eca","fg0823","1","fg0823","fg0240","fg0555","fg0611","fg0768","fg0714","fg0419","fg0998","fg0373","fg0446","fg0114","fg0592","fg0246","fg0880","fg0128","fg0013","fg0525","fg0200","fg0995","fg0781"
"fq003282","vx_0abe2279e1528eca","fg0823","1","fg0823","fg0555","fg0768","fg0611","fg0240","fg0714","fg0419","fg0998","fg0373","fg0114","fg0446","fg0525","fg0880","fg0810","fg0592","fg0013","fg0128","fg0246","fg0995","fg0906"
"fq003283","vx_0abe2279e1528eca","fg0823","1","fg0823","fg0555","fg0768","fg0240","fg0611","fg0714","fg0998","fg0419","fg0373","fg0114","fg0446","fg0880","fg0246","fg0525","fg0013","fg0592","fg0810","fg0200","fg0711","fg0128"
"fq003284","vx_d922d81fc0dc518e","fg0824","1","fg0824","fg0297","fg0888","fg0159","fg0190","fg0855","fg0298","fg0796","fg0129","fg0905","fg0396","fg0522","fg0535","fg0543","fg0795","fg0402","fg0652","fg0942","fg0630","fg0738"
"fq003285","vx_d922d81fc0dc518e","fg0824","1","fg0824","fg0297","fg0796","fg0795","fg0190","fg0298","fg0905","fg0044","fg0855","fg0091","fg0129","fg0159","fg0543","fg0274","fg0738","fg0045","fg0671","fg0652","fg0108","fg0888"
"fq003286","vx_d922d81fc0dc518e","fg0824","8","fg0297","fg0129","fg0855","fg0840","fg0231","fg0926","fg0364","fg0824","fg0341","fg0944","fg0659","fg0022","fg0038","fg0918","fg0630","fg0308","fg0868","fg0828","fg0259","fg0125"
"fq003287","vx_33ada0b0477c7d85","fg0825","12","fg0426","fg0362","fg0316","fg0040","fg0411","fg0841","fg0491","fg0260","fg0996","fg0079","fg0194","fg0825","fg0896","fg0607","fg0735","fg0956","fg0978","fg0667","fg0811","fg0509"
"fq003288","vx_33ada0b0477c7d85","fg0825","1","fg0825","fg0139","fg0190","fg0230","fg0096","fg0883","fg0194","fg0122","fg0028","fg0535","fg0210","fg0543","fg0735","fg0927","fg0538","fg0412","fg0252","fg0471","fg0993","fg0212"
"fq003289","vx_6ac4556955fc3a00","fg0826","1","fg0826","fg0095","fg0277","fg0842","fg0327","fg0466","fg0048","fg0893","fg0647","fg0458","fg0445","fg0605","fg0829","fg0634","fg0023","fg0925","fg0261","fg0668","fg0332","fg0273"
"fq003290","vx_6ac4556955fc3a00","fg0826","1","fg0826","fg0095","fg0277","fg0842","fg0466","fg0327","fg0048","fg0893","fg0605","fg0458","fg0647","fg0634","fg0829","fg0088","fg0281","fg0925","fg0023","fg0924","fg0806","fg0668"
"fq003291","vx_6ac4556955fc3a00","fg0826","1","fg0826","fg0095","fg0277","fg0842","fg0466","fg0048","fg0327","fg0605","fg0893","fg0458","fg0829","fg0647","fg0088","fg0634","fg0023","fg0281","fg0925","fg0668","fg0488","fg0924"
"fq003292","vx_6ac4556955fc3a00","fg0826","96","fg0980","fg0837","fg0522","fg0021","fg0896","fg0561","fg0308","fg0160","fg0506","fg0133","fg0243","fg0112","fg0760","fg0499","fg0766","fg0433","fg0828","fg0949","fg0778","fg0804"
"fq003293","vx_6ac4556955fc3a00","fg0826","1","fg0826","fg0095","fg0277","fg0842","fg0466","fg0048","fg0327","fg0605","fg0445","fg0893","fg0458","fg0273","fg0829","fg0261","fg0088","fg0634","fg0647","fg0281","fg0654","fg0785"
"fq003294","vx_9f6573e59968b400","fg0827","1","fg0827","fg0577","fg0974","fg0921","fg0363","fg0479","fg0510","fg0708","fg0439","fg0515","fg0929","fg0903","fg0943","fg0613","fg0732","fg0365","fg0182","fg0087","fg0962","fg0950"
"fq003295","vx_9f6573e59968b400","fg0827","1","fg0827","fg0577","fg0974","fg0921","fg0613","fg0708","fg0479","fg0515","fg0943","fg0903","fg0767","fg0510","fg0439","fg0732","fg0283","fg0562","fg0717","fg0828","fg0251","fg0834"
"fq003296","vx_9f6573e59968b400","fg0827","1","fg0827","fg0577","fg0921","fg0974","fg0708","fg0613","fg0479","fg0510","fg0515","fg0943","fg0439","fg0903","fg0732","fg0087","fg0562","fg0283","fg0363","fg0365","fg0060","fg0236"
"fq003297","vx_9f6573e59968b400","fg0827","1","fg0827","fg0577","fg0921","fg0974","fg0613","fg0708","fg0479","fg0439","fg0515","fg0903","fg0510","fg0087","fg0060","fg0943","fg0732","fg0283","fg0562","fg0884","fg0365","fg0363"
"fq003298","vx_7cd6fab6de4e628d","fg0828","3","fg0119","fg0315","fg0828","fg0820","fg0013","fg0068","fg0739","fg0099","fg0971","fg0668","fg0802","fg0114","fg0763","fg0796","fg0152","fg0216","fg0976","fg0096","fg0436","fg0081"
"fq003299","vx_5373106118d2d494","fg0829","1","fg0829","fg0064","fg0924","fg0826","fg0281","fg0088","fg0634","fg0070","fg0962","fg0893","fg0095","fg0007","fg0466","fg0193","fg0458","fg0891","fg0048","fg0336","fg0303","fg0984"
"fq003300","vx_8ab7f75156a9f7ca","fg0830","1","fg0830","fg0549","fg0075","fg0552","fg0849","fg0471","fg0638","fg0457","fg0272","fg0786","fg0753","fg0681","fg0536","fg0538","fg0781","fg0901","fg0697","fg0105","fg0482","fg0870"
"fq003301","vx_8ab7f75156a9f7ca","fg0830","1","fg0830","fg0786","fg0849","fg0901","fg0470","fg0753","fg0549","fg0170","fg0391","fg0697","fg0552","fg0075","fg0638","fg0205","fg0105","fg0272","fg0471","fg0774","fg0186","fg0870"
"fq003302","vx_cc6aad705ff2b7b2","fg0831","2","fg0191","fg0831","fg0591","fg0334","fg0195","fg0907","fg0438","fg0747","fg0211","fg0106","fg0025","fg0117","fg0388","fg0476","fg0073","fg0498","fg0256","fg0055","fg0448","fg0423"
"fq003303","vx_cc6aad705ff2b7b2","fg0831","2","fg0191","fg0831","fg0591","fg0334","fg0195","fg0907","fg0438","fg0747","fg0106","fg0211","fg0476","fg0117","fg0388","fg0256","fg0498","fg0168","fg0376","fg0025","fg0517","fg0513"
"fq003304","vx_cc6aad705ff2b7b2","fg0831","2","fg0191","fg0831","fg0591","fg0334","fg0195","fg0907","fg0747","fg0438","fg0211","fg0106","fg0117","fg0517","fg0513","fg0388","fg0025","fg0476","fg0256","fg0498","fg0168","fg0367"
"fq003305","vx_cc6aad705ff2b7b2","fg0831","2","fg0191","fg0831","fg0591","fg0195","fg0334","fg0907","fg0747","fg0438","fg0211","fg0106","fg0117","fg0388","fg0517","fg0513","fg0476","fg0025","fg0256","fg0498","fg0793","fg0376"
"fq003306","vx_cc6aad705ff2b7b2","fg0831","2","fg0191","fg0831","fg0334","fg0591","fg0747","fg0195","fg0438","fg0907","fg0211","fg0117","fg0106","fg0517","fg0388","fg0367","fg0126","fg0476","fg0855","fg0256","fg0513","fg0297"
"fq003307","vx_cc6aad705ff2b7b2","fg0831","2","fg0191","fg0831","fg0591","fg0334","fg0907","fg0195","fg0438","fg0747","fg0106","fg0211","fg0117","fg0388","fg0517","fg0367","fg0667","fg0025","fg0126","fg0793","fg0537","fg0513"
"fq003308","vx_cc6aad705ff2b7b2","fg0831","2","fg0191","fg0831","fg0334","fg0591","fg0195","fg0907","fg0747","fg0438","fg0211","fg0106","fg0517","fg0117","fg0388","fg0513","fg0367","fg0025","fg0675","fg0631","fg0224","fg0126"
"fq003309","vx_cc6aad705ff2b7b2","fg0831","2","fg0191","fg0831","fg0591","fg0334","fg0747","fg0195","fg0107","fg0438","fg0230","fg0429","fg0165","fg0907","fg0420","fg0616","fg0117","fg0211","fg0215","fg0139","fg0106","fg0459"
"fq003310","vx_cc6aad705ff2b7b2","fg0831","2","fg0191","fg0831","fg0591","fg0334","fg0195","fg0747","fg0907","fg0438","fg0211","fg0117","fg0106","fg0517","fg0476","fg0256","fg0388","fg0498","fg0168","fg0376","fg0513","fg0025"
"fq003311","vx_cc6aad705ff2b7b2","fg0831","2","fg0191","fg0831","fg0591","fg0334","fg0195","fg0747","fg0117","fg0907","fg0749","fg0438","fg0262","fg0023","fg0211","fg0085","fg0388","fg0106","fg0025","fg0517","fg0515","fg0837"
"fq003312","vx_483699392835807f","fg0832","1","fg0832","fg0323","fg0257","fg0187","fg0183","fg0795","fg0347","fg0464","fg0269","fg0596","fg0003","fg0353","fg0045","fg0797","fg0051","fg0667","fg0947","fg0255","fg0204","fg0738"
"fq003313","vx_483699392835807f","fg0832","1","fg0832","fg0323","fg0257","fg0795","fg0187","fg0353","fg0464","fg0347","fg0183","fg0173","fg0660","fg0045","fg0989","fg0051","fg0797","fg0905","fg0738","fg0291","fg0269","fg0255"
"fq003314","vx_b241b093d82eb0cf","fg0833","1","fg0833","fg0253","fg0222","fg0459","fg0602","fg0165","fg0616","fg0107","fg0427","fg0429","fg0067","fg0157","fg0398","fg0215","fg0437","fg0899","fg0229","fg0011","fg0262","fg0209"
"fq003315","vx_3828d01afa758bac","fg0834","1","fg0834","fg0548","fg0784","fg0884","fg0283","fg0976","fg0034","fg0562","fg0196","fg0912","fg0024","fg0121","fg0521","fg0866","fg0886","fg0313","fg0995","fg0490","fg0551","fg0479"
"fq003316","vx_183bb4bce0dd1240","fg0835","1","fg0835","fg0241","fg0757","fg0258","fg0367","fg0246","fg0041","fg0182","fg0793","fg0809","fg0121","fg0537","fg0033","fg0517","fg0617","fg0859","fg0932","fg0668","fg0059","fg0460"
"fq003317","vx_183bb4bce0dd1240","fg0835","1","fg0835","fg0241","fg0757","fg0258","fg0041","fg0367","fg0809","fg0121","fg0246","fg0793","fg0932","fg0617","fg0859","fg0460","fg0033","fg0537","fg0182","fg0059","fg0517","fg0334"
"fq003318","vx_183bb4bce0dd1240","fg0835","181","fg0938","fg0547","fg0396","fg0894","fg0533","fg0588","fg0180","fg0699","fg0018","fg0062","fg0411","fg0037","fg0382","fg0379","fg0211","fg0822","fg0811","fg0483","fg0120","fg0724"
"fq003319","vx_b90d545f92338244","fg0836","1","fg0836","fg0489","fg0066","fg0370","fg0678","fg0850","fg0845","fg0228","fg0575","fg0578","fg0871","fg0080","fg0381","fg0324","fg0604","fg0399","fg0030","fg0758","fg0736","fg0729"
"fq003320","vx_88417ebac05a2b38","fg0837","79","fg0375","fg0582","fg0546","fg0020","fg0750","fg0861","fg0158","fg0570","fg0290","fg0517","fg0920","fg0857","fg0271","fg0731","fg0176","fg0325","fg0011","fg0551","fg0406","fg0004"
"fq003321","vx_3e8907ea778928ac","fg0838","2","fg0369","fg0838","fg0796","fg0074","fg0909","fg0728","fg0545","fg0806","fg0755","fg0268","fg0287","fg0531","fg0161","fg0116","fg0261","fg0325","fg0800","fg0631","fg0932","fg0546"
"fq003322","vx_3e8907ea778928ac","fg0838","2","fg0369","fg0838","fg0074","fg0796","fg0441","fg0637","fg0909","fg0755","fg0728","fg0545","fg0806","fg0631","fg0915","fg0268","fg0116","fg0531","fg0632","fg0844","fg0287","fg0161"
"fq003323","vx_3e8907ea778928ac","fg0838","2","fg0369","fg0838","fg0909","fg0796","fg0074","fg0545","fg0755","fg0116","fg0806","fg0728","fg0287","fg0531","fg0268","fg0325","fg0216","fg0161","fg0261","fg0637","fg0844","fg0546"
"fq003324","vx_3e8907ea778928ac","fg0838","10","fg0521","fg0024","fg0551","fg0886","fg0490","fg0619","fg0857","fg0369","fg0806","fg0838","fg0271","fg0790","fg0074","fg0761","fg0778","fg0175","fg0631","fg0305","fg0509","fg0405"
"fq003325","vx_3e8907ea778928ac","fg0838","2","fg0369","fg0838","fg0074","fg0796","fg0909","fg0755","fg0806","fg0116","fg0728","fg0637","fg0545","fg0844","fg0287","fg0268","fg0800","fg0055","fg0161","fg0216","fg0105","fg0261"
"fq003326","vx_3e8907ea778928ac","fg0838","2","fg0369","fg0838","fg0909","fg0796","fg0545","fg0074","fg0755","fg0287","fg0806","fg0728","fg0116","fg0325","fg0216","fg0531","fg0261","fg0268","fg0161","fg0546","fg0200","fg0055"
"fq003327","vx_3e8907ea778928ac","fg0838","2","fg0369","fg0838","fg0909","fg0796","fg0074","fg0728","fg0545","fg0268","fg0755","fg0531","fg0806","fg0287","fg0116","fg0932","fg0800","fg0631","fg0637","fg0409","fg0055","fg0844"
"fq003328","vx_3e8907ea778928ac","fg0838","2","fg0369","fg0838","fg0909","fg0796","fg0074","fg0545","fg0728","fg0755","fg0806","fg0287","fg0116","fg0268","fg0531","fg0325","fg0216","fg0261","fg0546","fg0055","fg0844","fg0608"
"fq003329","vx_3e8907ea778928ac","fg0838","2","fg0369","fg0838","fg0796","fg0074","fg0909","fg0545","fg0755","fg0806","fg0116","fg0800","fg0728","fg0491","fg0527","fg0287","fg0216","fg0325","fg0844","fg0631","fg0055","fg0423"
"fq003330","vx_0f016d0a95d6800d","fg0839","1","fg0839","fg0534","fg0692","fg0502","fg0793","fg0113","fg0663","fg0025","fg0403","fg0572","fg0915","fg0528","fg0921","fg0299","fg0387","fg0981","fg0661","fg0866","fg0951","fg0326"
"fq003331","vx_0f016d0a95d6800d","fg0839","744","fg0050","fg0672","fg0379","fg0789","fg0062","fg0180","fg0894","fg0588","fg0411","fg0018","fg0724","fg0547","fg0822","fg0533","fg0665","fg0811","fg0878","fg0154","fg0037","fg0627"
"fq003332","vx_0b0eb3b367d30a7e","fg0840","1","fg0840","fg0341","fg0231","fg0926","fg0944","fg0364","fg0589","fg0535","fg0875","fg0178","fg0749","fg0931","fg0508","fg0698","fg0262","fg0291","fg0902","fg0269","fg0239","fg0023"
"fq003333","vx_9c7cc959b432fe3c","fg0841","6","fg0334","fg0835","fg0224","fg0809","fg0905","fg0841","fg0757","fg0517","fg0367","fg0055","fg0537","fg0747","fg0900","fg0679","fg0728","fg0073","fg0153","fg0591","fg0631","fg0780"
"fq003334","vx_9c7cc959b432fe3c","fg0841","31","fg0075","fg0681","fg0549","fg0781","fg0382","fg0536","fg0538","fg0457","fg1000","fg0224","fg0830","fg0492","fg0638","fg0552","fg0471","fg0905","fg0367","fg0272","fg0900","fg0248"
"fq003335","vx_29e5cde94e4ab815","fg0842","1","fg0842","fg0246","fg0511","fg0650","fg0091","fg0632","fg0202","fg0366","fg0044","fg0095","fg0925","fg0462","fg0524","fg0203","fg0200","fg0271","fg0917","fg0972","fg0423","fg0545"
"fq003336","vx_29e5cde94e4ab815","fg0842","4","fg0366","fg0203","fg0271","fg0842","fg0494","fg0509","fg0035","fg0396","fg0950","fg0894","fg0423","fg0978","fg0484","fg0037","fg0811","fg0371","fg0018","fg0502","fg0027","fg0724"
"fq003337","vx_29e5cde94e4ab815","fg0842","1","fg0842","fg0650","fg0246","fg0511","fg0091","fg0202","fg0524","fg0925","fg0277","fg0044","fg0632","fg0917","fg0327","fg0020","fg0095","fg0462","fg0200","fg0514","fg0826","fg0545"
"fq003338","vx_29e5cde94e4ab815","fg0842","1","fg0842","fg0366","fg0271","fg0203","fg0888","fg0095","fg0035","fg0494","fg0277","fg0650","fg0396","fg0423","fg0826","fg0484","fg0327","fg0950","fg0925","fg0502","fg0509","fg0632"
"fq003339","vx_29e5cde94e4ab815","fg0842","1","fg0842","fg0277","fg0650","fg0925","fg0826","fg0095","fg0327","fg0091","fg0246","fg0044","fg0668","fg0511","fg0465","fg0202","fg0203","fg0972","fg0632","fg0462","fg0647","fg0514"
"fq003340","vx_b53c13d2fa541aad","fg0843","1","fg0843","fg0071","fg0656","fg0855","fg0198","fg0513","fg0295","fg0506","fg0980","fg0732","fg0297","fg0828","fg0831","fg0529","fg0365","fg0624","fg0177","fg0852","fg0280","fg0558"
"fq003341","vx_b53c13d2fa541aad","fg0843","1","fg0843","fg0071","fg0198","fg0513","fg0656","fg0391","fg0295","fg0028","fg0352","fg0529","fg0883","fg0169","fg0732","fg0927","fg0412","fg0365","fg0907","fg0955","fg0855","fg0247"
"fq003342","vx_b53c13d2fa541aad","fg0843","1","fg0843","fg0071","fg0198","fg0365","fg0732","fg0656","fg0352","fg0852","fg0295","fg0015","fg0247","fg0337","fg0154","fg0622","fg0744","fg0529","fg0391","fg0558","fg0083","fg0712"
"fq003343","vx_b53c13d2fa541aad","fg0843","1","fg0843","fg0071","fg0855","fg0198","fg0656","fg0513","fg0980","fg0828","fg0732","fg0907","fg0295","fg0297","fg0211","fg0365","fg0529","fg0352","fg0129","fg0106","fg0558","fg0831"
"fq003344","vx_b53c13d2fa541aad","fg0843","1","fg0843","fg0071","fg0198","fg0656","fg0295","fg0732","fg0365","fg0352","fg0852","fg0513","fg0529","fg0855","fg0247","fg0558","fg0015","fg0337","fg0622","fg0744","fg0280","fg0391"
"fq003345","vx_b53c13d2fa541aad","fg0843","1","fg0843","fg0071","fg0198","fg0855","fg0513","fg0295","fg0656","fg0732","fg0529","fg0352","fg0365","fg0297","fg0907","fg0624","fg0280","fg0852","fg0558","fg0824","fg0718","fg0744"
"fq003346","vx_b53c13d2fa541aad","fg0843","1","fg0843","fg0855","fg0513","fg0907","fg0071","fg0198","fg0297","fg0106","fg0211","fg0129","fg0195","fg0955","fg0747","fg0828","fg0824","fg0529","fg0191","fg0438","fg0295","fg0656"
"fq003347","vx_b53c13d2fa541aad","fg0843","1","fg0843","fg0071","fg0198","fg0656","fg0722","fg0295","fg0352","fg0648","fg0941","fg0192","fg0945","fg0102","fg0801","fg0732","fg0136","fg0365","fg0852","fg0471","fg0501","fg0996"
"fq003348","vx_b53c13d2fa541aad","fg0843","1","fg0843","fg0071","fg0198","fg0656","fg0295","fg0352","fg0732","fg0365","fg0852","fg0529","fg0247","fg0855","fg0513","fg0558","fg0391","fg0744","fg0015","fg0622","fg0337","fg0718"
"fq003349","vx_b53c13d2fa541aad","fg0843","1","fg0843","fg0071","fg0198","fg0295","fg0656","fg0855","fg0352","fg0732","fg0365","fg0529","fg0558","fg0297","fg0852","fg0513","fg0824","fg0247","fg0744","fg0391","fg0280","fg0129"
"fq003350","vx_b53c13d2fa541aad","fg0843","1","fg0843","fg0071","fg0198","fg0855","fg0295","fg0513","fg0656","fg0732","fg0297","fg0828","fg0529","fg0352","fg0365","fg0778","fg0129","fg0558","fg0852","fg0624","fg0177","fg0824"
"fq003351","vx_b53c13d2fa541aad","fg0843","1","fg0843","fg0071","fg0198","fg0656","fg0295","fg0732","fg0365","fg0352","fg0513","fg0852","fg0855","fg0529","fg0907","fg0280","fg0558","fg0391","fg0337","fg0015","fg0247","fg0824"
"fq003352","vx_b53c13d2fa541aad","fg0843","1","fg0843","fg0071","fg0198","fg0656","fg0295","fg0732","fg0365","fg0352","fg0852","fg0855","fg0529","fg0247","fg0558","fg0015","fg0744","fg0513","fg0337","fg0297","fg0824","fg0622"
"fq003353","vx_b53c13d2fa541aad","fg0843","1","fg0843","fg0071","fg0198","fg0656","fg0295","fg0732","fg0365","fg0352","fg0852","fg0529","fg0015","fg0247","fg0391","fg0337","fg0558","fg0622","fg0513","fg0744","fg0855","fg0280"
"fq003354","vx_b53c13d2fa541aad","fg0843","1","fg0843","fg0071","fg0198","fg0295","fg0855","fg0656","fg0513","fg0529","fg0732","fg0352","fg0365","fg0852","fg0558","fg0624","fg0280","fg0824","fg0907","fg0744","fg0297","fg0955"
"fq003355","vx_b53c13d2fa541aad","fg0843","1","fg0843","fg0071","fg0198","fg0656","fg0295","fg0352","fg0732","fg0365","fg0852","fg0529","fg0247","fg0015","fg0391","fg0622","fg0558","fg0744","fg0337","fg0154","fg0513","fg0083"
"fq003356","vx_b53c13d2fa541aad","fg0843","551","fg0500","fg0227","fg0846","fg0878","fg0450","fg0816","fg0603","fg0522","fg0278","fg0173","fg0927","fg0940","fg0026","fg0837","fg0379","fg0723","fg0822","fg0907","fg0054","fg0106"
"fq003357","vx_b53c13d2fa541aad","fg0843","1","fg0843","fg0071","fg0198","fg0656","fg0352","fg0295","fg0732","fg0365","fg0855","fg0852","fg0247","fg0529","fg0744","fg0513","fg0558","fg0622","fg0337","fg0015","fg0297","fg0391"
"fq003358","vx_b53c13d2fa541aad","fg0843","1","fg0843","fg0071","fg0198","fg0656","fg0295","fg0352","fg0732","fg0365","fg0852","fg0391","fg0513","fg0855","fg0247","fg0529","fg0558","fg0744","fg0015","fg0622","fg0337","fg0824"
"fq003359","vx_b53c13d2fa541aad","fg0843","172","fg0980","fg0385","fg0506","fg0305","fg0778","fg0828","fg0133","fg0499","fg0957","fg0745","fg0766","fg0896","fg0747","fg0334","fg0513","fg0433","fg0857","fg0809","fg0949","fg0831"
"fq003360","vx_b53c13d2fa541aad","fg0843","1","fg0843","fg0071","fg0198","fg0855","fg0513","fg0656","fg0732","fg0295","fg0297","fg0365","fg0718","fg0360","fg0129","fg0824","fg0352","fg0529","fg0558","fg0907","fg0335","fg0594"
"fq003361","vx_b53c13d2fa541aad","fg0843","1","fg0843","fg0071","fg0198","fg0656","fg0295","fg0352","fg0732","fg0365","fg0852","fg0855","fg0529","fg0558","fg0513","fg0247","fg0015","fg0744","fg0337","fg0622","fg0280","fg0824"
"fq003362","vx_b53c13d2fa541aad","fg0843","1","fg0843","fg0071","fg0198","fg0656","fg0732","fg0365","fg0352","fg0852","fg0295","fg0015","fg0247","fg0529","fg0622","fg0337","fg0744","fg0391","fg0558","fg0154","fg0083","fg0712"
"fq003363","vx_b53c13d2fa541aad","fg0843","1","fg0843","fg0270","fg0198","fg0071","fg0184","fg0855","fg0423","fg0513","fg0392","fg0295","fg0035","fg0656","fg0682","fg0529","fg0961","fg0907","fg0280","fg0732","fg0624","fg0321"
"fq003364","vx_b53c13d2fa541aad","fg0843","1","fg0843","fg0071","fg0198","fg0656","fg0365","fg0732","fg0295","fg0352","fg0852","fg0015","fg0391","fg0247","fg0529","fg0855","fg0337","fg0558","fg0744","fg0622","fg0513","fg0154"
"fq003365","vx_b53c13d2fa541aad","fg0843","14","fg0828","fg0513","fg0745","fg0527","fg0855","fg0980","fg0907","fg0334","fg0778","fg0211","fg0195","fg0831","fg0747","fg0843","fg0106","fg0438","fg0506","fg0976","fg0388","fg0857"
"fq003366","vx_b53c13d2fa541aad","fg0843","1","fg0843","fg0071","fg0198","fg0295","fg0656","fg0855","fg0732","fg0365","fg0513","fg0352","fg0529","fg0852","fg0558","fg0297","fg0824","fg0247","fg0624","fg0744","fg0280","fg0391"
"fq003367","vx_b53c13d2fa541aad","fg0843","1","fg0843","fg0071","fg0198","fg0855","fg0513","fg0295","fg0297","fg0656","fg0529","fg0391","fg0732","fg0907","fg0824","fg0365","fg0624","fg0352","fg0129","fg0955","fg0718","fg0280"
"fq003368","vx_b53c13d2fa541aad","fg0843","2","fg0855","fg0843","fg0513","fg0828","fg0907","fg0624","fg0980","fg0297","fg0071","fg0656","fg0831","fg0205","fg0747","fg0280","fg0198","fg0195","fg0129","fg0211","fg0529","fg0295"
"fq003369","vx_b53c13d2fa541aad","fg0843","1","fg0843","fg0071","fg0198","fg0855","fg0513","fg0295","fg0656","fg0297","fg0732","fg0529","fg0365","fg0352","fg0824","fg0558","fg0280","fg0129","fg0391","fg0907","fg0852","fg0718"
"fq003370","vx_b53c13d2fa541aad","fg0843","388","fg0533","fg0667","fg0907","fg0761","fg0106","fg0211","fg0547","fg0822","fg0379","fg0438","fg0491","fg0037","fg0195","fg0405","fg0018","fg0308","fg0027","fg0724","fg0527","fg0062"
"fq003371","vx_b53c13d2fa541aad","fg0843","2","fg0855","fg0843","fg0513","fg0907","fg0195","fg0211","fg0438","fg0191","fg0198","fg0071","fg0106","fg0297","fg0624","fg0334","fg0280","fg0529","fg0388","fg0955","fg0732","fg0828"
"fq003372","vx_b53c13d2fa541aad","fg0843","1","fg0843","fg0071","fg0198","fg0855","fg0513","fg0295","fg0297","fg0656","fg0907","fg0955","fg0529","fg0732","fg0824","fg0365","fg0352","fg0106","fg0129","fg0828","fg0558","fg0718"
"fq003373","vx_b53c13d2fa541aad","fg0843","1","fg0843","fg0855","fg0071","fg0198","fg0297","fg0513","fg0129","fg0295","fg0529","fg0656","fg0732","fg0624","fg0828","fg0365","fg0558","fg0824","fg0907","fg0955","fg0280","fg0852"
"fq003374","vx_b53c13d2fa541aad","fg0843","1","fg0843","fg0071","fg0198","fg0656","fg0295","fg0732","fg0365","fg0352","fg0855","fg0852","fg0529","fg0558","fg0513","fg0280","fg0391","fg0824","fg0247","fg0015","fg0744","fg0337"
"fq003375","vx_b53c13d2fa541aad","fg0843","1","fg0843","fg0071","fg0198","fg0855","fg0295","fg0732","fg0656","fg0365","fg0297","fg0513","fg0352","fg0529","fg0852","fg0824","fg0129","fg0558","fg0744","fg0391","fg0247","fg0177"
"fq003376","vx_b53c13d2fa541aad","fg0843","1","fg0843","fg0071","fg0198","fg0855","fg0295","fg0732","fg0365","fg0656","fg0297","fg0352","fg0513","fg0852","fg0529","fg0824","fg0129","fg0558","fg0280","fg0247","fg0744","fg0718"
"fq003377","vx_b53c13d2fa541aad","fg0843","68","fg0722","fg0102","fg0648","fg0941","fg0801","fg0945","fg0501","fg0192","fg0043","fg0136","fg0910","fg0385","fg0996","fg0956","fg0471","fg0610","fg0628","fg0156","fg0849","fg0659"
"fq003378","vx_b53c13d2fa541aad","fg0843","1","fg0843","fg0071","fg0513","fg0855","fg0198","fg0907","fg0106","fg0955","fg0295","fg0529","fg0297","fg0195","fg0391","fg0656","fg0365","fg0732","fg0211","fg0824","fg0718","fg0624"
"fq003379","vx_b53c13d2fa541aad","fg0843","14","fg0855","fg0513","fg0412","fg0927","fg0028","fg0883","fg0907","fg0122","fg0169","fg0828","fg0195","fg0211","fg0482","fg0843","fg0106","fg0878","fg0297","fg0624","fg0438","fg0388"
"fq003380","vx_b53c13d2fa541aad","fg0843","1","fg0843","fg0071","fg0907","fg0513","fg0855","fg0106","fg0722","fg0198","fg0195","fg0192","fg0211","fg0136","fg0648","fg0956","fg0656","fg0955","fg0945","fg0941","fg0801","fg0102"
"fq003381","vx_b53c13d2fa541aad","fg0843","1","fg0843","fg0071","fg0198","fg0656","fg0855","fg0295","fg0352","fg0297","fg0513","fg0558","fg0732","fg0529","fg0129","fg0824","fg0744","fg0365","fg0391","fg0247","fg0828","fg0852"
"fq003382","vx_b53c13d2fa541aad","fg0843","39","fg0778","fg0745","fg0857","fg0521","fg0513","fg0334","fg0976","fg0490","fg0385","fg0211","fg0308","fg0907","fg0855","fg0828","fg0936","fg0438","fg0156","fg0527","fg0195","fg0305"
"fq003383","vx_b53c13d2fa541aad","fg0843","1","fg0843","fg0071","fg0198","fg0656","fg0365","fg0352","fg0732","fg0852","fg0295","fg0247","fg0015","fg0154","fg0855","fg0337","fg0622","fg0744","fg0529","fg0558","fg0391","fg0824"
"fq003384","vx_b53c13d2fa541aad","fg0843","1","fg0843","fg0071","fg0198","fg0656","fg0513","fg0855","fg0295","fg0624","fg0529","fg0732","fg0980","fg0365","fg0828","fg0907","fg0280","fg0955","fg0558","fg0852","fg0352","fg0499"
"fq003385","vx_b53c13d2fa541aad","fg0843","1","fg0843","fg0071","fg0855","fg0198","fg0513","fg0297","fg0295","fg0656","fg0732","fg0529","fg0365","fg0129","fg0624","fg0824","fg0352","fg0558","fg0280","fg0852","fg0828","fg0907"
"fq003386","vx_b53c13d2fa541aad","fg0843","69","fg0722","fg0801","fg0102","fg0648","fg0941","fg0945","fg0501","fg0192","fg0043","fg0910","fg0136","fg0996","fg0956","fg0471","fg0610","fg0385","fg0156","fg0628","fg0228","fg0849"
"fq003387","vx_b53c13d2fa541aad","fg0843","1","fg0843","fg0071","fg0198","fg0656","fg0513","fg0855","fg0295","fg0624","fg0529","fg0828","fg0980","fg0907","fg0280","fg0955","fg0177","fg0558","fg0732","fg0391","fg0106","fg0831"
"fq003388","vx_b53c13d2fa541aad","fg0843","1","fg0843","fg0071","fg0198","fg0656","fg0295","fg0352","fg0732","fg0365","fg0855","fg0852","fg0529","fg0247","fg0297","fg0824","fg0558","fg0744","fg0622","fg0513","fg0391","fg0280"
"fq003389","vx_b53c13d2fa541aad","fg0843","555","fg0500","fg0878","fg0227","fg0927","fg0667","fg0450","fg0435","fg0761","fg0161","fg0491","fg0379","fg0822","fg0250","fg0603","fg0846","fg0800","fg0940","fg0522","fg0657","fg0896"
"fq003390","vx_b53c13d2fa541aad","fg0843","1","fg0843","fg0071","fg0198","fg0656","fg0295","fg0732","fg0365","fg0352","fg0852","fg0391","fg0529","fg0247","fg0015","fg0558","fg0855","fg0513","fg0337","fg0622","fg0744","fg0280"
"fq003391","vx_b53c13d2fa541aad","fg0843","1","fg0843","fg0071","fg0198","fg0656","fg0352","fg0295","fg0732","fg0365","fg0855","fg0852","fg0247","fg0558","fg0529","fg0744","fg0513","fg0622","fg0297","fg0824","fg0337","fg0015"
"fq003392","vx_b53c13d2fa541aad","fg0843","1","fg0843","fg0071","fg0198","fg0656","fg0295","fg0352","fg0732","fg0365","fg0852","fg0529","fg0513","fg0247","fg0015","fg0558","fg0391","fg0622","fg0855","fg0337","fg0280","fg0744"
"fq003393","vx_b53c13d2fa541aad","fg0843","1","fg0843","fg0071","fg0198","fg0656","fg0855","fg0352","fg0297","fg0295","fg0129","fg0732","fg0365","fg0391","fg0824","fg0247","fg0513","fg0529","fg0852","fg0744","fg0154","fg0558"
"fq003394","vx_b53c13d2fa541aad","fg0843","1","fg0843","fg0071","fg0198","fg0656","fg0295","fg0732","fg0365","fg0352","fg0855","fg0852","fg0513","fg0529","fg0558","fg0744","fg0824","fg0247","fg0297","fg0337","fg0828","fg0015"
"fq003395","vx_b53c13d2fa541aad","fg0843","1","fg0843","fg0071","fg0198","fg0732","fg0365","fg0656","fg0295","fg0352","fg0852","fg0015","fg0529","fg0247","fg0337","fg0855","fg0391","fg0558","fg0744","fg0622","fg0154","fg0824"
"fq003396","vx_b53c13d2fa541aad","fg0843","273","fg0907","fg0106","fg0405","fg0438","fg0195","fg0747","fg0955","fg0388","fg0211","fg0790","fg0225","fg0761","fg0831","fg0896","fg0667","fg0191","fg0025","fg0290","fg0513","fg0432"
"fq003397","vx_b53c13d2fa541aad","fg0843","1","fg0843","fg0855","fg0907","fg0195","fg0071","fg0513","fg0211","fg0198","fg0297","fg0438","fg0106","fg0334","fg0191","fg0388","fg0129","fg0828","fg0732","fg0295","fg0591","fg0824"
"fq003398","vx_b53c13d2fa541aad","fg0843","1","fg0843","fg0722","fg0945","fg0648","fg0941","fg0102","fg0071","fg0801","fg0043","fg0192","fg0136","fg0198","fg0501","fg0956","fg0910","fg0996","fg0471","fg0513","fg0295","fg0855"
"fq003399","vx_b53c13d2fa541aad","fg0843","1","fg0843","fg0071","fg0198","fg0855","fg0513","fg0295","fg0907","fg0656","fg0529","fg0211","fg0297","fg0732","fg0824","fg0352","fg0106","fg0391","fg0365","fg0195","fg0961","fg0955"
"fq003400","vx_b53c13d2fa541aad","fg0843","1","fg0843","fg0071","fg0198","fg0656","fg0352","fg0295","fg0732","fg0365","fg0852","fg0529","fg0247","fg0513","fg0391","fg0015","fg0337","fg0622","fg0907","fg0558","fg0154","fg0744"
"fq003401","vx_b53c13d2fa541aad","fg0843","1","fg0843","fg0071","fg0198","fg0365","fg0732","fg0656","fg0295","fg0352","fg0852","fg0855","fg0015","fg0529","fg0247","fg0337","fg0744","fg0513","fg0391","fg0824","fg0297","fg0622"
"fq003402","vx_b53c13d2fa541aad","fg0843","1","fg0843","fg0071","fg0198","fg0365","fg0732","fg0656","fg0352","fg0295","fg0852","fg0855","fg0247","fg0015","fg0297","fg0391","fg0744","fg0529","fg0622","fg0824","fg0337","fg0129"
"fq003403","vx_b53c13d2fa541aad","fg0843","178","fg0761","fg0523","fg0699","fg0527","fg0057","fg0521","fg0092","fg0706","fg0667","fg0384","fg0930","fg0961","fg0423","fg0491","fg0687","fg0500","fg0405","fg0305","fg0444","fg0438"
"fq003404","vx_b53c13d2fa541aad","fg0843","1","fg0843","fg0071","fg0198","fg0656","fg0295","fg0855","fg0352","fg0513","fg0732","fg0365","fg0529","fg0907","fg0391","fg0852","fg0744","fg0558","fg0824","fg0247","fg0211","fg0280"
"fq003405","vx_b53c13d2fa541aad","fg0843","56","fg0297","fg0129","fg0855","fg0308","fg0828","fg0778","fg0745","fg0416","fg0195","fg0385","fg0561","fg0014","fg0438","fg0553","fg0424","fg0513","fg0156","fg0388","fg0177","fg0506"
"fq003406","vx_b53c13d2fa541aad","fg0843","1","fg0843","fg0071","fg0198","fg0656","fg0295","fg0513","fg0855","fg0352","fg0529","fg0527","fg0732","fg0365","fg0558","fg0280","fg0907","fg0852","fg0391","fg0744","fg0824","fg0718"
"fq003407","vx_b53c13d2fa541aad","fg0843","1","fg0843","fg0071","fg0198","fg0656","fg0352","fg0365","fg0732","fg0295","fg0852","fg0247","fg0529","fg0015","fg0855","fg0622","fg0744","fg0391","fg0337","fg0154","fg0558","fg0513"
"fq003408","vx_b53c13d2fa541aad","fg0843","1","fg0843","fg0071","fg0198","fg0656","fg0295","fg0732","fg0365","fg0352","fg0852","fg0529","fg0015","fg0247","fg0558","fg0744","fg0337","fg0391","fg0513","fg0622","fg0855","fg0824"
"fq003409","vx_b53c13d2fa541aad","fg0843","1","fg0843","fg0071","fg0198","fg0656","fg0365","fg0732","fg0295","fg0352","fg0852","fg0015","fg0855","fg0247","fg0391","fg0529","fg0744","fg0337","fg0622","fg0513","fg0558","fg0824"
"fq003410","vx_b53c13d2fa541aad","fg0843","124","fg0927","fg0028","fg0883","fg0412","fg0169","fg0122","fg0482","fg0878","fg0396","fg0379","fg0522","fg0722","fg0321","fg0822","fg0825","fg0672","fg0435","fg0339","fg0039","fg0050"
"fq003411","vx_b53c13d2fa541aad","fg0843","1","fg0843","fg0071","fg0198","fg0855","fg0656","fg0295","fg0513","fg0352","fg0732","fg0558","fg0297","fg0360","fg0529","fg0824","fg0365","fg0907","fg0335","fg0718","fg0129","fg0744"
"fq003412","vx_b53c13d2fa541aad","fg0843","1","fg0843","fg0071","fg0198","fg0656","fg0513","fg0295","fg0352","fg0907","fg0855","fg0529","fg0699","fg0365","fg0732","fg0523","fg0955","fg0106","fg0391","fg0624","fg0057","fg0558"
"fq003413","vx_b53c13d2fa541aad","fg0843","1","fg0843","fg0855","fg0297","fg0513","fg0907","fg0071","fg0129","fg0198","fg0828","fg0365","fg0824","fg0955","fg0295","fg0553","fg0732","fg0195","fg0177","fg0529","fg0106","fg0436"
"fq003414","vx_b53c13d2fa541aad","fg0843","1","fg0843","fg0855","fg0513","fg0071","fg0907","fg0198","fg0297","fg0195","fg0106","fg0211","fg0129","fg0955","fg0824","fg0732","fg0529","fg0365","fg0191","fg0927","fg0122","fg0177"
"fq003415","vx_b53c13d2fa541aad","fg0843","1","fg0843","fg0071","fg0198","fg0656","fg0295","fg0732","fg0365","fg0352","fg0852","fg0015","fg0529","fg0391","fg0247","fg0855","fg0558","fg0513","fg0337","fg0622","fg0744","fg0280"
"fq003416","vx_b53c13d2fa541aad","fg0843","1","fg0843","fg0071","fg0198","fg0656","fg0295","fg0732","fg0352","fg0365","fg0852","fg0529","fg0513","fg0855","fg0558","fg0391","fg0247","fg0280","fg0015","fg0337","fg0744","fg0622"
"fq003417","vx_b53c13d2fa541aad","fg0843","1","fg0843","fg0071","fg0198","fg0656","fg0352","fg0295","fg0732","fg0365","fg0852","fg0247","fg0855","fg0622","fg0529","fg0558","fg0744","fg0391","fg0015","fg0337","fg0513","fg0280"
"fq003418","vx_b53c13d2fa541aad","fg0843","1","fg0843","fg0071","fg0198","fg0656","fg0855","fg0295","fg0513","fg0732","fg0828","fg0365","fg0980","fg0352","fg0529","fg0852","fg0177","fg0907","fg0558","fg0297","fg0824","fg0280"
"fq003419","vx_b53c13d2fa541aad","fg0843","1","fg0843","fg0071","fg0198","fg0656","fg0352","fg0295","fg0732","fg0365","fg0855","fg0852","fg0529","fg0558","fg0513","fg0247","fg0744","fg0622","fg0824","fg0297","fg0391","fg0280"
"fq003420","vx_b53c13d2fa541aad","fg0843","1","fg0843","fg0071","fg0198","fg0656","fg0352","fg0295","fg0365","fg0732","fg0852","fg0513","fg0907","fg0855","fg0211","fg0247","fg0529","fg0337","fg0744","fg0015","fg0622","fg0106"
"fq003421","vx_b53c13d2fa541aad","fg0843","1","fg0843","fg0071","fg0513","fg0855","fg0907","fg0198","fg0295","fg0195","fg0106","fg0211","fg0529","fg0656","fg0624","fg0280","fg0365","fg0732","fg0955","fg0438","fg0824","fg0352"
"fq003422","vx_b53c13d2fa541aad","fg0843","1","fg0843","fg0071","fg0198","fg0656","fg0732","fg0365","fg0295","fg0352","fg0852","fg0015","fg0247","fg0529","fg0622","fg0391","fg0337","fg0558","fg0744","fg0154","fg0855","fg0083"
"fq003423","vx_b53c13d2fa541aad","fg0843","1","fg0843","fg0071","fg0198","fg0656","fg0295","fg0365","fg0352","fg0732","fg0852","fg0855","fg0391","fg0529","fg0247","fg0513","fg0015","fg0744","fg0337","fg0622","fg0558","fg0824"
"fq003424","vx_b53c13d2fa541aad","fg0843","1","fg0843","fg0071","fg0198","fg0656","fg0295","fg0732","fg0352","fg0365","fg0529","fg0852","fg0513","fg0855","fg0558","fg0744","fg0337","fg0247","fg0015","fg0824","fg0622","fg0280"
"fq003425","vx_b53c13d2fa541aad","fg0843","1","fg0843","fg0071","fg0198","fg0295","fg0656","fg0732","fg0352","fg0365","fg0852","fg0247","fg0529","fg0855","fg0558","fg0744","fg0824","fg0015","fg0337","fg0513","fg0622","fg0391"
"fq003426","vx_b53c13d2fa541aad","fg0843","1","fg0843","fg0071","fg0198","fg0365","fg0732","fg0656","fg0295","fg0852","fg0352","fg0015","fg0391","fg0247","fg0529","fg0337","fg0622","fg0744","fg0558","fg0154","fg0146","fg0824"
"fq003427","vx_b53c13d2fa541aad","fg0843","1","fg0843","fg0071","fg0198","fg0295","fg0855","fg0656","fg0732","fg0365","fg0513","fg0352","fg0852","fg0529","fg0297","fg0558","fg0824","fg0280","fg0015","fg0744","fg0624","fg0129"
"fq003428","vx_b53c13d2fa541aad","fg0843","19","fg0907","fg0513","fg0106","fg0362","fg0841","fg0316","fg0996","fg0411","fg0211","fg0040","fg0195","fg0426","fg0955","fg0438","fg0855","fg0672","fg0527","fg0260","fg0843","fg0334"
"fq003429","vx_b53c13d2fa541aad","fg0843","1","fg0843","fg0071","fg0198","fg0656","fg0732","fg0365","fg0352","fg0852","fg0295","fg0391","fg0015","fg0247","fg0154","fg0622","fg0337","fg0744","fg0529","fg0558","fg0083","fg0340"
"fq003430","vx_b53c13d2fa541aad","fg0843","1","fg0843","fg0071","fg0198","fg0656","fg0295","fg0352","fg0732","fg0855","fg0365","fg0513","fg0529","fg0852","fg0558","fg0391","fg0824","fg0247","fg0297","fg0744","fg0718","fg0280"
"fq003431","vx_b53c13d2fa541aad","fg0843","13","fg0102","fg0722","fg0941","fg0648","fg0801","fg0945","fg0501","fg0192","fg0043","fg0136","fg0910","fg0385","fg0843","fg0471","fg0996","fg0956","fg0610","fg0156","fg0071","fg0228"
"fq003432","vx_b53c13d2fa541aad","fg0843","1","fg0843","fg0071","fg0198","fg0656","fg0365","fg0732","fg0295","fg0352","fg0852","fg0015","fg0855","fg0247","fg0391","fg0529","fg0337","fg0744","fg0622","fg0297","fg0558","fg0154"
"fq003433","vx_b53c13d2fa541aad","fg0843","1","fg0843","fg0071","fg0198","fg0855","fg0513","fg0656","fg0295","fg0828","fg0732","fg0297","fg0529","fg0365","fg0177","fg0624","fg0852","fg0558","fg0352","fg0824","fg0129","fg0280"
"fq003434","vx_b53c13d2fa541aad","fg0843","1","fg0843","fg0071","fg0198","fg0656","fg0295","fg0732","fg0365","fg0352","fg0852","fg0529","fg0015","fg0558","fg0391","fg0247","fg0744","fg0513","fg0337","fg0622","fg0855","fg0280"
"fq003435","vx_b53c13d2fa541aad","fg0843","1","fg0843","fg0071","fg0198","fg0656","fg0365","fg0732","fg0352","fg0852","fg0295","fg0015","fg0391","fg0247","fg0529","fg0622","fg0337","fg0154","fg0744","fg0558","fg0083","fg0712"
"fq003436","vx_b53c13d2fa541aad","fg0843","1","fg0843","fg0071","fg0198","fg0656","fg0295","fg0352","fg0732","fg0365","fg0529","fg0855","fg0391","fg0852","fg0513","fg0558","fg0247","fg0744","fg0622","fg0280","fg0824","fg0205"
"fq003437","vx_b53c13d2fa541aad","fg0843","1","fg0843","fg0071","fg0198","fg0656","fg0352","fg0295","fg0732","fg0365","fg0852","fg0529","fg0391","fg0247","fg0558","fg0015","fg0622","fg0744","fg0337","fg0513","fg0855","fg0154"
"fq003438","vx_b53c13d2fa541aad","fg0843","1","fg0843","fg0071","fg0198","fg0656","fg0295","fg0732","fg0365","fg0352","fg0852","fg0015","fg0529","fg0558","fg0247","fg0391","fg0337","fg0855","fg0744","fg0622","fg0513","fg0280"
"fq003439","vx_b53c13d2fa541aad","fg0843","1","fg0843","fg0071","fg0198","fg0656","fg0732","fg0365","fg0352","fg0295","fg0852","fg0015","fg0247","fg0622","fg0337","fg0529","fg0391","fg0744","fg0558","fg0154","fg0083","fg0280"
"fq003440","vx_b53c13d2fa541aad","fg0843","1","fg0843","fg0491","fg0855","fg0513","fg0316","fg0362","fg0907","fg0996","fg0426","fg0411","fg0040","fg0841","fg0211","fg0667","fg0106","fg0761","fg0195","fg0198","fg0956","fg0438"
"fq003441","vx_b53c13d2fa541aad","fg0843","1","fg0843","fg0855","fg0513","fg0071","fg0828","fg0297","fg0980","fg0198","fg0129","fg0211","fg0907","fg0656","fg0499","fg0732","fg0747","fg0195","fg0295","fg0624","fg0831","fg0438"
"fq003442","vx_b53c13d2fa541aad","fg0843","1","fg0843","fg0071","fg0855","fg0513","fg0198","fg0295","fg0656","fg0529","fg0624","fg0907","fg0732","fg0297","fg0365","fg0828","fg0280","fg0955","fg0352","fg0852","fg0558","fg0391"
"fq003443","vx_b53c13d2fa541aad","fg0843","1","fg0843","fg0071","fg0198","fg0656","fg0365","fg0732","fg0352","fg0295","fg0852","fg0513","fg0529","fg0855","fg0391","fg0015","fg0247","fg0558","fg0337","fg0907","fg0744","fg0622"
"fq003444","vx_b53c13d2fa541aad","fg0843","1","fg0843","fg0907","fg0855","fg0513","fg0195","fg0211","fg0106","fg0438","fg0071","fg0198","fg0191","fg0955","fg0527","fg0388","fg0491","fg0297","fg0828","fg0129","fg0624","fg0747"
"fq003445","vx_b53c13d2fa541aad","fg0843","15","fg0513","fg0980","fg0907","fg0195","fg0211","fg0855","fg0438","fg0828","fg0747","fg0896","fg0831","fg0106","fg0745","fg0499","fg0843","fg0955","fg0506","fg0156","fg0169","fg0177"
"fq003446","vx_b53c13d2fa541aad","fg0843","5","fg0907","fg0513","fg0855","fg0106","fg0843","fg0195","fg0955","fg0211","fg0438","fg0624","fg0033","fg0198","fg0432","fg0191","fg0529","fg0388","fg0405","fg0280","fg0071","fg0334"
"fq003447","vx_b53c13d2fa541aad","fg0843","46","fg0426","fg0195","fg0438","fg0907","fg0211","fg0513","fg0527","fg0855","fg0106","fg0362","fg0025","fg0491","fg0316","fg0828","fg0334","fg0411","fg0260","fg0040","fg0747","fg0079"
"fq003448","vx_b53c13d2fa541aad","fg0843","1","fg0843","fg0071","fg0198","fg0656","fg0295","fg0732","fg0365","fg0855","fg0352","fg0513","fg0529","fg0852","fg0558","fg0280","fg0391","fg0744","fg0907","fg0824","fg0247","fg0624"
"fq003449","vx_b53c13d2fa541aad","fg0843","1","fg0843","fg0071","fg0198","fg0855","fg0295","fg0656","fg0513","fg0732","fg0365","fg0529","fg0352","fg0852","fg0280","fg0558","fg0624","fg0297","fg0391","fg0907","fg0824","fg0744"
"fq003450","vx_b53c13d2fa541aad","fg0843","8","fg0722","fg0102","fg0941","fg0648","fg0801","fg0945","fg0501","fg0843","fg0192","fg0043","fg0136","fg0910","fg0071","fg0385","fg0996","fg0471","fg0956","fg0610","fg0198","fg0156"
"fq003451","vx_b53c13d2fa541aad","fg0843","36","fg0980","fg0527","fg0761","fg0506","fg0745","fg0561","fg0305","fg0426","fg0831","fg0541","fg0896","fg0145","fg0747","fg0112","fg0175","fg0308","fg0499","fg0313","fg0071","fg0656"
"fq003452","vx_b53c13d2fa541aad","fg0843","1","fg0843","fg0071","fg0855","fg0198","fg0513","fg0295","fg0297","fg0656","fg0732","fg0907","fg0365","fg0529","fg0352","fg0824","fg0129","fg0558","fg0280","fg0211","fg0718","fg0852"
"fq003453","vx_b53c13d2fa541aad","fg0843","86","fg0687","fg0491","fg0426","fg0667","fg0527","fg0761","fg0079","fg0131","fg0362","fg0195","fg0828","fg0301","fg0907","fg0077","fg0745","fg0316","fg0423","fg0106","fg0505","fg0513"
"fq003454","vx_b53c13d2fa541aad","fg0843","1","fg0843","fg0071","fg0198","fg0656","fg0352","fg0295","fg0732","fg0365","fg0855","fg0852","fg0529","fg0558","fg0247","fg0513","fg0622","fg0744","fg0280","fg0015","fg0337","fg0824"
"fq003455","vx_b53c13d2fa541aad","fg0843","1","fg0843","fg0071","fg0198","fg0656","fg0295","fg0732","fg0365","fg0352","fg0852","fg0529","fg0391","fg0015","fg0558","fg0247","fg0513","fg0622","fg0744","fg0337","fg0855","fg0280"
"fq003456","vx_b53c13d2fa541aad","fg0843","1","fg0843","fg0071","fg0198","fg0656","fg0352","fg0732","fg0295","fg0365","fg0852","fg0247","fg0529","fg0855","fg0558","fg0622","fg0015","fg0391","fg0744","fg0337","fg0154","fg0513"
"fq003457","vx_b53c13d2fa541aad","fg0843","1","fg0843","fg0071","fg0198","fg0855","fg0656","fg0352","fg0295","fg0732","fg0365","fg0297","fg0129","fg0852","fg0529","fg0513","fg0247","fg0824","fg0744","fg0558","fg0391","fg0718"
"fq003458","vx_b53c13d2fa541aad","fg0843","1","fg0843","fg0071","fg0198","fg0656","fg0295","fg0732","fg0352","fg0365","fg0852","fg0855","fg0529","fg0247","fg0513","fg0558","fg0015","fg0744","fg0622","fg0337","fg0391","fg0280"
"fq003459","vx_b53c13d2fa541aad","fg0843","336","fg0527","fg0451","fg0414","fg0541","fg0313","fg0947","fg0980","fg0262","fg0506","fg0896","fg0183","fg0112","fg0749","fg0561","fg0831","fg0145","fg0672","fg0025","fg0747","fg0589"
"fq003460","vx_b53c13d2fa541aad","fg0843","5","fg0513","fg0855","fg0828","fg0907","fg0843","fg0211","fg0195","fg0438","fg0490","fg0778","fg0745","fg0297","fg0334","fg0624","fg0747","fg0106","fg0980","fg0499","fg0955","fg0129"
"fq003461","vx_b53c13d2fa541aad","fg0843","3","fg0907","fg0855","fg0843","fg0195","fg0513","fg0211","fg0438","fg0106","fg0297","fg0129","fg0071","fg0191","fg0388","fg0198","fg0747","fg0824","fg0828","fg0955","fg0831","fg0365"
"fq003462","vx_b53c13d2fa541aad","fg0843","105","fg0722","fg0801","fg0102","fg0648","fg0945","fg0941","fg0192","fg0956","fg0996","fg0501","fg0043","fg0907","fg0195","fg0136","fg0910","fg0438","fg0211","fg0106","fg0610","fg0491"
"fq003463","vx_b53c13d2fa541aad","fg0843","1","fg0843","fg0071","fg0855","fg0198","fg0513","fg0297","fg0295","fg0656","fg0280","fg0529","fg0732","fg0352","fg0129","fg0778","fg0558","fg0624","fg0907","fg0828","fg0824","fg0365"
"fq003464","vx_b53c13d2fa541aad","fg0843","174","fg0102","fg0801","fg0722","fg0648","fg0941","fg0945","fg0192","fg0501","fg0043","fg0910","fg0136","fg0996","fg0956","fg0471","fg0385","fg0610","fg0838","fg0628","fg0156","fg0228"
"fq003465","vx_b53c13d2fa541aad","fg0843","1","fg0843","fg0071","fg0198","fg0656","fg0732","fg0365","fg0352","fg0295","fg0852","fg0015","fg0391","fg0247","fg0529","fg0622","fg0337","fg0744","fg0154","fg0558","fg0513","fg0083"
"fq003466","vx_b53c13d2fa541aad","fg0843","3","fg0722","fg0801","fg0843","fg0102","fg0648","fg0945","fg0941","fg0192","fg0956","fg0136","fg0996","fg0501","fg0043","fg0513","fg0855","fg0907","fg0910","fg0471","fg0385","fg0610"
"fq003467","vx_b53c13d2fa541aad","fg0843","1","fg0843","fg0071","fg0198","fg0295","fg0656","fg0732","fg0365","fg0855","fg0852","fg0352","fg0529","fg0297","fg0513","fg0558","fg0824","fg0015","fg0337","fg0744","fg0718","fg0247"
"fq003468","vx_b53c13d2fa541aad","fg0843","48","fg0362","fg0316","fg0040","fg0841","fg0260","fg0996","fg0411","fg0426","fg0491","fg0079","fg0673","fg0956","fg0077","fg0513","fg0855","fg0211","fg0907","fg0195","fg0607","fg0334"
"fq003469","vx_b53c13d2fa541aad","fg0843","1","fg0843","fg0071","fg0198","fg0656","fg0732","fg0295","fg0855","fg0352","fg0513","fg0558","fg0529","fg0365","fg0778","fg0280","fg0852","fg0315","fg0247","fg0744","fg0828","fg0211"
"fq003470","vx_b53c13d2fa541aad","fg0843","1","fg0843","fg0071","fg0198","fg0513","fg0855","fg0295","fg0529","fg0624","fg0656","fg0280","fg0732","fg0365","fg0558","fg0955","fg0718","fg0852","fg0322","fg0828","fg0033","fg0907"
"fq003471","vx_b53c13d2fa541aad","fg0843","1","fg0843","fg0071","fg0513","fg0198","fg0907","fg0855","fg0106","fg0656","fg0955","fg0295","fg0529","fg0195","fg0624","fg0211","fg0280","fg0732","fg0365","fg0352","fg0033","fg0558"
"fq003472","vx_b53c13d2fa541aad","fg0843","4","fg0513","fg0855","fg0778","fg0843","fg0907","fg0195","fg0334","fg0211","fg0857","fg0624","fg0191","fg0438","fg0280","fg0591","fg0106","fg0529","fg0745","fg0388","fg0308","fg0198"
"fq003473","vx_b53c13d2fa541aad","fg0843","7","fg0855","fg0778","fg0513","fg0195","fg0297","fg0334","fg0843","fg0828","fg0745","fg0907","fg0857","fg0129","fg0591","fg0191","fg0211","fg0308","fg0388","fg0438","fg0106","fg0200"
"fq003474","vx_b53c13d2fa541aad","fg0843","1","fg0843","fg0071","fg0198","fg0855","fg0732","fg0656","fg0352","fg0365","fg0295","fg0297","fg0852","fg0513","fg0529","fg0247","fg0824","fg0129","fg0744","fg0558","fg0015","fg0622"
"fq003475","vx_b53c13d2fa541aad","fg0843","135","fg0426","fg0907","fg0195","fg0491","fg0362","fg0211","fg0438","fg0513","fg0316","fg0106","fg0040","fg0079","fg0411","fg0260","fg0191","fg0334","fg0667","fg0996","fg0841","fg0745"
"fq003476","vx_b53c13d2fa541aad","fg0843","1","fg0843","fg0071","fg0198","fg0513","fg0855","fg0295","fg0529","fg0656","fg0624","fg0732","fg0558","fg0365","fg0490","fg0280","fg0955","fg0852","fg0033","fg0718","fg0200","fg0352"
"fq003477","vx_b53c13d2fa541aad","fg0843","1","fg0843","fg0855","fg0071","fg0513","fg0198","fg0297","fg0129","fg0295","fg0529","fg0732","fg0778","fg0624","fg0828","fg0280","fg0824","fg0907","fg0365","fg0177","fg0334","fg0955"
"fq003478","vx_b53c13d2fa541aad","fg0843","1","fg0843","fg0071","fg0198","fg0656","fg0352","fg0295","fg0855","fg0732","fg0365","fg0513","fg0529","fg0391","fg0852","fg0247","fg0744","fg0622","fg0558","fg0280","fg0907","fg0824"
"fq003479","vx_b53c13d2fa541aad","fg0843","1","fg0843","fg0071","fg0198","fg0656","fg0732","fg0352","fg0365","fg0295","fg0852","fg0015","fg0529","fg0247","fg0622","fg0391","fg0558","fg0337","fg0744","fg0154","fg0280","fg0083"
"fq003480","vx_b53c13d2fa541aad","fg0843","33","fg0837","fg0693","fg0474","fg0433","fg0233","fg0776","fg0350","fg0321","fg0416","fg0761","fg0438","fg0513","fg0156","fg0855","fg0496","fg0778","fg0211","fg0385","fg0937","fg0936"
"fq003481","vx_b53c13d2fa541aad","fg0843","1","fg0843","fg0071","fg0198","fg0656","fg0980","fg0360","fg0855","fg0335","fg0594","fg0506","fg0831","fg0828","fg0907","fg0295","fg0106","fg0145","fg0352","fg0513","fg0129","fg0211"
"fq003482","vx_b53c13d2fa541aad","fg0843","1","fg0843","fg0513","fg0855","fg0907","fg0211","fg0195","fg0438","fg0106","fg0412","fg0169","fg0927","fg0198","fg0955","fg0071","fg0883","fg0122","fg0028","fg0828","fg0191","fg0624"
"fq003483","vx_b53c13d2fa541aad","fg0843","1","fg0843","fg0071","fg0198","fg0656","fg0295","fg0732","fg0365","fg0352","fg0529","fg0513","fg0852","fg0855","fg0391","fg0558","fg0624","fg0280","fg0015","fg0247","fg0337","fg0744"
"fq003484","vx_b53c13d2fa541aad","fg0843","1","fg0843","fg0071","fg0198","fg0855","fg0513","fg0907","fg0656","fg0352","fg0295","fg0732","fg0365","fg0391","fg0195","fg0211","fg0529","fg0297","fg0106","fg0824","fg0852","fg0558"
"fq003485","vx_b53c13d2fa541aad","fg0843","1","fg0843","fg0071","fg0198","fg0656","fg0352","fg0732","fg0365","fg0295","fg0852","fg0247","fg0391","fg0855","fg0529","fg0744","fg0015","fg0622","fg0297","fg0558","fg0824","fg0337"
"fq003486","vx_b53c13d2fa541aad","fg0843","1","fg0843","fg0071","fg0198","fg0656","fg0295","fg0352","fg0732","fg0365","fg0855","fg0529","fg0391","fg0513","fg0852","fg0247","fg0558","fg0744","fg0824","fg0297","fg0622","fg0718"
"fq003487","vx_b53c13d2fa541aad","fg0843","1","fg0843","fg0855","fg0198","fg0513","fg0907","fg0071","fg0195","fg0297","fg0211","fg0106","fg0955","fg0529","fg0824","fg0624","fg0295","fg0558","fg0129","fg0280","fg0828","fg0365"
"fq003488","vx_b53c13d2fa541aad","fg0843","1","fg0843","fg0198","fg0071","fg0855","fg0297","fg0513","fg0295","fg0129","fg0529","fg0824","fg0732","fg0365","fg0907","fg0718","fg0656","fg0558","fg0624","fg0955","fg0852","fg0352"
"fq003489","vx_b53c13d2fa541aad","fg0843","11","fg0907","fg0195","fg0513","fg0855","fg0211","fg0106","fg0191","fg0438","fg0388","fg0334","fg0843","fg0831","fg0025","fg0828","fg0745","fg0961","fg0976","fg0177","fg0778","fg0591"
"fq003490","vx_b53c13d2fa541aad","fg0843","1","fg0843","fg0071","fg0198","fg0855","fg0656","fg0295","fg0352","fg0732","fg0365","fg0297","fg0529","fg0513","fg0852","fg0558","fg0824","fg0129","fg0280","fg0247","fg0624","fg0391"
"fq003491","vx_b53c13d2fa541aad","fg0843","1","fg0843","fg0071","fg0198","fg0656","fg0722","fg0295","fg0352","fg0941","fg0192","fg0945","fg0648","fg0102","fg0801","fg0365","fg0136","fg0732","fg0471","fg0852","fg0501","fg0855"
"fq003492","vx_b53c13d2fa541aad","fg0843","13","fg0722","fg0648","fg0941","fg0102","fg0945","fg0801","fg0192","fg0501","fg0043","fg0136","fg0910","fg0956","fg0843","fg0996","fg0471","fg0385","fg0610","fg0156","fg0071","fg0513"
"fq003493","vx_b53c13d2fa541aad","fg0843","1","fg0843","fg0071","fg0198","fg0656","fg0352","fg0732","fg0365","fg0295","fg0855","fg0852","fg0297","fg0247","fg0529","fg0744","fg0129","fg0824","fg0594","fg0558","fg0015","fg0513"
"fq003494","vx_b53c13d2fa541aad","fg0843","15","fg0513","fg0211","fg0855","fg0438","fg0837","fg0907","fg0195","fg0778","fg0745","fg0321","fg0308","fg0085","fg0828","fg0747","fg0843","fg0334","fg0961","fg0814","fg0388","fg0106"
"fq003495","vx_b53c13d2fa541aad","fg0843","1","fg0843","fg0071","fg0198","fg0656","fg0295","fg0732","fg0365","fg0352","fg0852","fg0391","fg0247","fg0015","fg0529","fg0622","fg0558","fg0744","fg0154","fg0337","fg0083","fg0513"
"fq003496","vx_b53c13d2fa541aad","fg0843","1","fg0843","fg0071","fg0198","fg0656","fg0732","fg0365","fg0352","fg0295","fg0852","fg0247","fg0015","fg0529","fg0622","fg0744","fg0337","fg0154","fg0558","fg0391","fg0855","fg0083"
"fq003497","vx_b53c13d2fa541aad","fg0843","1","fg0843","fg0071","fg0198","fg0656","fg0295","fg0732","fg0513","fg0352","fg0529","fg0365","fg0558","fg0855","fg0852","fg0718","fg0527","fg0744","fg0824","fg0337","fg0211","fg0247"
"fq003498","vx_b53c13d2fa541aad","fg0843","1","fg0843","fg0071","fg0198","fg0656","fg0295","fg0513","fg0732","fg0855","fg0529","fg0365","fg0624","fg0352","fg0852","fg0558","fg0391","fg0280","fg0828","fg0955","fg0824","fg0177"
"fq003499","vx_b53c13d2fa541aad","fg0843","1","fg0843","fg0071","fg0198","fg0855","fg0656","fg0295","fg0352","fg0297","fg0732","fg0558","fg0365","fg0824","fg0513","fg0129","fg0529","fg0744","fg0852","fg0907","fg0247","fg0360"
"fq003500","vx_b53c13d2fa541aad","fg0843","1","fg0843","fg0071","fg0198","fg0656","fg0295","fg0352","fg0732","fg0365","fg0852","fg0529","fg0247","fg0558","fg0391","fg0622","fg0513","fg0744","fg0337","fg0015","fg0824","fg0083"
"fq003501","vx_b53c13d2fa541aad","fg0843","1","fg0843","fg0071","fg0198","fg0656","fg0732","fg0352","fg0365","fg0855","fg0295","fg0852","fg0297","fg0828","fg0513","fg0744","fg0558","fg0247","fg0129","fg0529","fg0015","fg0337"
"fq003502","vx_b53c13d2fa541aad","fg0843","2","fg0513","fg0843","fg0855","fg0907","fg0955","fg0198","fg0624","fg0106","fg0195","fg0529","fg0211","fg0033","fg0280","fg0956","fg0071","fg0438","fg0828","fg0295","fg0527","fg0961"
"fq003503","vx_b53c13d2fa541aad","fg0843","1","fg0843","fg0071","fg0198","fg0656","fg0295","fg0352","fg0732","fg0365","fg0529","fg0852","fg0855","fg0513","fg0247","fg0558","fg0391","fg0744","fg0824","fg0622","fg0177","fg0280"
"fq003504","vx_b53c13d2fa541aad","fg0843","4","fg0855","fg0907","fg0513","fg0843","fg0828","fg0438","fg0412","fg0195","fg0106","fg0815","fg0177","fg0343","fg0211","fg0205","fg0297","fg0761","fg0883","fg0169","fg0391","fg0388"
"fq003505","vx_b53c13d2fa541aad","fg0843","1","fg0843","fg0071","fg0198","fg0656","fg0352","fg0295","fg0732","fg0365","fg0852","fg0247","fg0622","fg0015","fg0337","fg0558","fg0744","fg0529","fg0083","fg0154","fg0513","fg0391"
"fq003506","vx_b53c13d2fa541aad","fg0843","1","fg0843","fg0071","fg0198","fg0656","fg0295","fg0352","fg0732","fg0855","fg0365","fg0529","fg0513","fg0852","fg0247","fg0558","fg0744","fg0622","fg0280","fg0297","fg0824","fg0391"
"fq003507","vx_b53c13d2fa541aad","fg0843","1","fg0843","fg0071","fg0198","fg0513","fg0855","fg0656","fg0907","fg0295","fg0980","fg0828","fg0195","fg0211","fg0529","fg0106","fg0955","fg0297","fg0747","fg0831","fg0732","fg0438"
"fq003508","vx_b53c13d2fa541aad","fg0843","1","fg0843","fg0071","fg0198","fg0656","fg0352","fg0295","fg0732","fg0365","fg0852","fg0391","fg0247","fg0529","fg0015","fg0513","fg0622","fg0558","fg0744","fg0337","fg0855","fg0154"
"fq003509","vx_b53c13d2fa541aad","fg0843","1","fg0843","fg0071","fg0198","fg0855","fg0513","fg0732","fg0656","fg0907","fg0295","fg0211","fg0365","fg0352","fg0195","fg0824","fg0297","fg0529","fg0852","fg0558","fg0438","fg0106"
"fq003510","vx_b53c13d2fa541aad","fg0843","17","fg0722","fg0102","fg0648","fg0941","fg0801","fg0945","fg0501","fg0192","fg0043","fg0910","fg0136","fg0996","fg0956","fg0471","fg0385","fg0610","fg0843","fg0156","fg0228","fg0628"
"fq003511","vx_b53c13d2fa541aad","fg0843","13","fg0195","fg0907","fg0513","fg0855","fg0334","fg0211","fg0438","fg0778","fg0191","fg0591","fg0106","fg0388","fg0843","fg0857","fg0624","fg0280","fg0831","fg0747","fg0868","fg0955"
"fq003512","vx_b53c13d2fa541aad","fg0843","1","fg0843","fg0855","fg0513","fg0198","fg0297","fg0071","fg0624","fg0529","fg0280","fg0828","fg0907","fg0295","fg0732","fg0778","fg0955","fg0129","fg0195","fg0961","fg0824","fg0322"
"fq003513","vx_b53c13d2fa541aad","fg0843","4","fg0907","fg0855","fg0195","fg0843","fg0211","fg0438","fg0513","fg0106","fg0191","fg0388","fg0334","fg0747","fg0297","fg0831","fg0071","fg0198","fg0591","fg0828","fg0280","fg0824"
"fq003514","vx_b53c13d2fa541aad","fg0843","1","fg0843","fg0071","fg0198","fg0656","fg0352","fg0365","fg0732","fg0295","fg0852","fg0247","fg0391","fg0015","fg0154","fg0529","fg0622","fg0744","fg0558","fg0337","fg0855","fg0083"
"fq003515","vx_b53c13d2fa541aad","fg0843","1","fg0843","fg0071","fg0198","fg0656","fg0295","fg0732","fg0352","fg0365","fg0852","fg0529","fg0391","fg0513","fg0247","fg0855","fg0558","fg0015","fg0622","fg0744","fg0280","fg0337"
"fq003516","vx_b53c13d2fa541aad","fg0843","1","fg0843","fg0071","fg0198","fg0855","fg0513","fg0295","fg0656","fg0732","fg0529","fg0365","fg0828","fg0352","fg0624","fg0297","fg0852","fg0280","fg0558","fg0177","fg0718","fg0824"
"fq003517","vx_b53c13d2fa541aad","fg0843","43","fg0907","fg0195","fg0855","fg0211","fg0513","fg0438","fg0106","fg0388","fg0191","fg0822","fg0412","fg0828","fg0169","fg0122","fg0334","fg0297","fg0547","fg0927","fg0379","fg0955"
"fq003518","vx_b53c13d2fa541aad","fg0843","1","fg0843","fg0071","fg0198","fg0855","fg0513","fg0656","fg0295","fg0722","fg0907","fg0956","fg0801","fg0102","fg0945","fg0192","fg0529","fg0941","fg0365","fg0136","fg0648","fg0732"
"fq003519","vx_b53c13d2fa541aad","fg0843","1","fg0843","fg0071","fg0198","fg0656","fg0732","fg0365","fg0352","fg0295","fg0852","fg0015","fg0529","fg0247","fg0622","fg0391","fg0558","fg0337","fg0744","fg0154","fg0280","fg0513"
"fq003520","vx_b53c13d2fa541aad","fg0843","1","fg0843","fg0071","fg0198","fg0656","fg0732","fg0295","fg0352","fg0365","fg0852","fg0529","fg0391","fg0247","fg0015","fg0855","fg0558","fg0513","fg0744","fg0622","fg0337","fg0280"
"fq003521","vx_b53c13d2fa541aad","fg0843","1","fg0843","fg0071","fg0198","fg0295","fg0656","fg0732","fg0365","fg0852","fg0352","fg0529","fg0513","fg0391","fg0015","fg0558","fg0247","fg0337","fg0744","fg0855","fg0622","fg0824"
"fq003522","vx_b53c13d2fa541aad","fg0843","1","fg0843","fg0071","fg0198","fg0656","fg0352","fg0732","fg0365","fg0295","fg0852","fg0855","fg0529","fg0513","fg0247","fg0015","fg0744","fg0622","fg0558","fg0391","fg0337","fg0280"
"fq003523","vx_b53c13d2fa541aad","fg0843","1","fg0843","fg0071","fg0198","fg0295","fg0656","fg0732","fg0365","fg0855","fg0352","fg0529","fg0852","fg0513","fg0558","fg0391","fg0824","fg0247","fg0744","fg0297","fg0280","fg0015"
"fq003524","vx_b53c13d2fa541aad","fg0843","1","fg0843","fg0071","fg0198","fg0295","fg0656","fg0513","fg0732","fg0855","fg0365","fg0529","fg0852","fg0558","fg0352","fg0624","fg0824","fg0280","fg0828","fg0744","fg0015","fg0297"
"fq003525","vx_b53c13d2fa541aad","fg0843","74","fg0941","fg0102","fg0801","fg0648","fg0945","fg0501","fg0722","fg0043","fg0192","fg0910","fg0136","fg0996","fg0471","fg0385","fg0956","fg0610","fg0628","fg0659","fg0228","fg0604"
"fq003526","vx_b53c13d2fa541aad","fg0843","1","fg0843","fg0071","fg0198","fg0855","fg0295","fg0656","fg0732","fg0297","fg0352","fg0365","fg0558","fg0529","fg0513","fg0852","fg0824","fg0129","fg0744","fg0247","fg0624","fg0828"
"fq003527","vx_b53c13d2fa541aad","fg0843","1","fg0843","fg0071","fg0198","fg0656","fg0295","fg0732","fg0365","fg0513","fg0352","fg0855","fg0529","fg0852","fg0391","fg0558","fg0280","fg0624","fg0744","fg0015","fg0824","fg0247"
"fq003528","vx_b53c13d2fa541aad","fg0843","1","fg0843","fg0071","fg0198","fg0656","fg0365","fg0732","fg0352","fg0295","fg0852","fg0391","fg0015","fg0247","fg0529","fg0622","fg0744","fg0337","fg0558","fg0154","fg0855","fg0513"
"fq003529","vx_b53c13d2fa541aad","fg0843","7","fg0907","fg0513","fg0106","fg0195","fg0855","fg0955","fg0843","fg0432","fg0211","fg0405","fg0438","fg0828","fg0334","fg0033","fg0388","fg0191","fg0225","fg0529","fg0290","fg0624"
"fq003530","vx_b53c13d2fa541aad","fg0843","1","fg0843","fg0071","fg0198","fg0656","fg0365","fg0732","fg0352","fg0295","fg0852","fg0855","fg0015","fg0247","fg0337","fg0744","fg0622","fg0529","fg0558","fg0391","fg0824","fg0154"
"fq003531","vx_b53c13d2fa541aad","fg0843","1","fg0843","fg0071","fg0198","fg0656","fg0732","fg0365","fg0295","fg0352","fg0852","fg0015","fg0247","fg0529","fg0558","fg0337","fg0622","fg0391","fg0744","fg0855","fg0513","fg0154"
"fq003532","vx_b53c13d2fa541aad","fg0843","1","fg0843","fg0071","fg0198","fg0295","fg0732","fg0656","fg0365","fg0352","fg0852","fg0855","fg0529","fg0513","fg0247","fg0015","fg0297","fg0824","fg0337","fg0744","fg0558","fg0622"
"fq003533","vx_b53c13d2fa541aad","fg0843","1","fg0843","fg0071","fg0198","fg0855","fg0295","fg0656","fg0297","fg0513","fg0529","fg0732","fg0365","fg0352","fg0129","fg0828","fg0558","fg0852","fg0824","fg0744","fg0391","fg0624"
"fq003534","vx_b53c13d2fa541aad","fg0843","1","fg0843","fg0855","fg0513","fg0071","fg0198","fg0907","fg0195","fg0280","fg0624","fg0529","fg0295","fg0211","fg0732","fg0828","fg0106","fg0656","fg0955","fg0365","fg0527","fg0961"
"fq003535","vx_b53c13d2fa541aad","fg0843","41","fg0426","fg0527","fg0491","fg0521","fg0362","fg0761","fg0316","fg0996","fg0513","fg0211","fg0907","fg0040","fg0411","fg0841","fg0956","fg0195","fg0106","fg0079","fg0855","fg0334"
"fq003536","vx_b53c13d2fa541aad","fg0843","1","fg0843","fg0071","fg0198","fg0656","fg0352","fg0295","fg0732","fg0365","fg0852","fg0247","fg0529","fg0391","fg0015","fg0622","fg0744","fg0337","fg0558","fg0154","fg0083","fg0513"
"fq003537","vx_b53c13d2fa541aad","fg0843","1","fg0843","fg0071","fg0198","fg0855","fg0513","fg0295","fg0656","fg0732","fg0529","fg0280","fg0365","fg0352","fg0624","fg0558","fg0852","fg0391","fg0907","fg0297","fg0824","fg0718"
"fq003538","vx_b53c13d2fa541aad","fg0843","17","fg0513","fg0907","fg0855","fg0211","fg0438","fg0195","fg0527","fg0106","fg0426","fg0491","fg0749","fg0828","fg0624","fg0499","fg0955","fg0334","fg0843","fg0956","fg0976","fg0687"
"fq003539","vx_b53c13d2fa541aad","fg0843","1","fg0843","fg0071","fg0198","fg0365","fg0732","fg0656","fg0295","fg0852","fg0352","fg0015","fg0529","fg0391","fg0247","fg0337","fg0154","fg0622","fg0744","fg0558","fg0855","fg0513"
"fq003540","vx_b53c13d2fa541aad","fg0843","1","fg0843","fg0855","fg0198","fg0071","fg0513","fg0297","fg0270","fg0184","fg0295","fg0778","fg0423","fg0732","fg0129","fg0656","fg0828","fg0907","fg0961","fg0529","fg0558","fg0365"
"fq003541","vx_b53c13d2fa541aad","fg0843","1","fg0843","fg0071","fg0855","fg0513","fg0198","fg0907","fg0295","fg0624","fg0732","fg0529","fg0280","fg0365","fg0656","fg0211","fg0195","fg0955","fg0106","fg0391","fg0852","fg0558"
"fq003542","vx_b53c13d2fa541aad","fg0843","1","fg0843","fg0513","fg0907","fg0955","fg0855","fg0106","fg0198","fg0071","fg0195","fg0529","fg0033","fg0624","fg0432","fg0828","fg0280","fg0365","fg0297","fg0290","fg0732","fg0295"
"fq003543","vx_b53c13d2fa541aad","fg0843","1","fg0843","fg0071","fg0198","fg0656","fg0732","fg0365","fg0295","fg0352","fg0852","fg0015","fg0529","fg0247","fg0391","fg0337","fg0622","fg0558","fg0744","fg0154","fg0855","fg0513"
"fq003544","vx_b53c13d2fa541aad","fg0843","1","fg0843","fg0071","fg0198","fg0656","fg0295","fg0732","fg0365","fg0352","fg0852","fg0529","fg0513","fg0558","fg0855","fg0015","fg0391","fg0824","fg0744","fg0247","fg0337","fg0718"
"fq003545","vx_b53c13d2fa541aad","fg0843","1","fg0843","fg0071","fg0198","fg0656","fg0295","fg0352","fg0513","fg0732","fg0365","fg0907","fg0529","fg0855","fg0391","fg0852","fg0247","fg0558","fg0106","fg0211","fg0195","fg0622"
"fq003546","vx_b53c13d2fa541aad","fg0843","1","fg0843","fg0071","fg0198","fg0365","fg0656","fg0732","fg0352","fg0295","fg0852","fg0015","fg0247","fg0337","fg0622","fg0744","fg0529","fg0391","fg0154","fg0558","fg0855","fg0083"
"fq003547","vx_b53c13d2fa541aad","fg0843","114","fg0648","fg0941","fg0801","fg0102","fg0945","fg0722","fg0501","fg0192","fg0043","fg0910","fg0136","fg0996","fg0956","fg0471","fg0610","fg0385","fg0628","fg0228","fg0156","fg0838"
"fq003548","vx_b53c13d2fa541aad","fg0843","1","fg0843","fg0071","fg0198","fg0656","fg0732","fg0295","fg0365","fg0352","fg0852","fg0015","fg0529","fg0247","fg0391","fg0337","fg0622","fg0558","fg0744","fg0513","fg0855","fg0280"
"fq003549","vx_b53c13d2fa541aad","fg0843","33","fg0362","fg0040","fg0316","fg0841","fg0260","fg0996","fg0411","fg0079","fg0426","fg0491","fg0956","fg0513","fg0979","fg0907","fg0211","fg0334","fg0522","fg0195","fg0672","fg0191"
"fq003550","vx_b53c13d2fa541aad","fg0843","78","fg0776","fg0474","fg0433","fg0233","fg0693","fg0350","fg0416","fg0837","fg0321","fg0980","fg0438","fg0896","fg0496","fg0831","fg0974","fg0211","fg0907","fg0513","fg0243","fg0855"
"fq003551","vx_b53c13d2fa541aad","fg0843","66","fg0491","fg0316","fg0362","fg0667","fg0996","fg0411","fg0761","fg0040","fg0841","fg0426","fg0260","fg0533","fg0079","fg0077","fg0907","fg0956","fg0513","fg0855","fg0500","fg0112"
"fq003552","vx_b53c13d2fa541aad","fg0843","1","fg0843","fg0071","fg0198","fg0656","fg0295","fg0732","fg0352","fg0365","fg0529","fg0852","fg0513","fg0855","fg0558","fg0280","fg0624","fg0391","fg0247","fg0015","fg0744","fg0337"
"fq003553","vx_b53c13d2fa541aad","fg0843","5","fg0855","fg0513","fg0907","fg0297","fg0843","fg0195","fg0828","fg0129","fg0955","fg0106","fg0211","fg0624","fg0438","fg0033","fg0388","fg0280","fg0405","fg0553","fg0191","fg0177"
"fq003554","vx_b53c13d2fa541aad","fg0843","1","fg0843","fg0071","fg0198","fg0656","fg0732","fg0295","fg0365","fg0352","fg0852","fg0015","fg0247","fg0529","fg0558","fg0337","fg0622","fg0391","fg0744","fg0855","fg0154","fg0513"
"fq003555","vx_b53c13d2fa541aad","fg0843","1","fg0843","fg0071","fg0198","fg0855","fg0295","fg0656","fg0732","fg0513","fg0297","fg0365","fg0824","fg0718","fg0129","fg0529","fg0558","fg0852","fg0828","fg0907","fg0352","fg0177"
"fq003556","vx_b53c13d2fa541aad","fg0843","5","fg0980","fg0513","fg0385","fg0778","fg0843","fg0745","fg0506","fg0855","fg0837","fg0828","fg0211","fg0440","fg0747","fg0846","fg0561","fg0831","fg0334","fg0656","fg0961","fg0624"
"fq003557","vx_b53c13d2fa541aad","fg0843","1","fg0843","fg0071","fg0198","fg0656","fg0295","fg0855","fg0513","fg0732","fg0365","fg0352","fg0980","fg0529","fg0558","fg0852","fg0907","fg0280","fg0828","fg0177","fg0624","fg0211"
"fq003558","vx_b53c13d2fa541aad","fg0843","92","fg0703","fg0907","fg0195","fg0106","fg0211","fg0438","fg0334","fg0191","fg0521","fg0513","fg0028","fg0405","fg0990","fg0388","fg0482","fg0591","fg0308","fg0791","fg0412","fg0883"
"fq003559","vx_b53c13d2fa541aad","fg0843","1","fg0843","fg0071","fg0722","fg0198","fg0996","fg0801","fg0192","fg0945","fg0102","fg0648","fg0941","fg0136","fg0501","fg0956","fg0656","fg0513","fg0043","fg0855","fg0471","fg0295"
"fq003560","vx_b53c13d2fa541aad","fg0843","1","fg0843","fg0071","fg0513","fg0855","fg0198","fg0907","fg0195","fg0295","fg0656","fg0529","fg0106","fg0297","fg0955","fg0211","fg0365","fg0732","fg0624","fg0280","fg0824","fg0828"
"fq003561","vx_b53c13d2fa541aad","fg0843","1","fg0843","fg0071","fg0198","fg0513","fg0907","fg0855","fg0295","fg0656","fg0211","fg0195","fg0106","fg0365","fg0732","fg0529","fg0352","fg0955","fg0852","fg0280","fg0824","fg0411"
"fq003562","vx_b53c13d2fa541aad","fg0843","1","fg0843","fg0855","fg0828","fg0513","fg0297","fg0656","fg0071","fg0980","fg0129","fg0198","fg0385","fg0831","fg0506","fg0907","fg0624","fg0955","fg0177","fg0499","fg0956","fg0295"
"fq003563","vx_b53c13d2fa541aad","fg0843","1","fg0843","fg0071","fg0198","fg0656","fg0352","fg0295","fg0732","fg0365","fg0852","fg0247","fg0529","fg0622","fg0744","fg0558","fg0391","fg0015","fg0855","fg0083","fg0337","fg0154"
"fq003564","vx_b53c13d2fa541aad","fg0843","10","fg0722","fg0648","fg0102","fg0941","fg0801","fg0945","fg0192","fg0501","fg0136","fg0843","fg0043","fg0910","fg0471","fg0996","fg0956","fg0385","fg0071","fg0610","fg0855","fg0156"
"fq003565","vx_b53c13d2fa541aad","fg0843","15","fg0301","fg0491","fg0131","fg0160","fg0863","fg0667","fg0355","fg0687","fg0362","fg0316","fg0426","fg0996","fg0040","fg0079","fg0843","fg0260","fg0841","fg0411","fg0533","fg0077"
"fq003566","vx_b53c13d2fa541aad","fg0843","12","fg0426","fg0316","fg0491","fg0362","fg0411","fg0040","fg0996","fg0841","fg0260","fg0079","fg0761","fg0843","fg0667","fg0513","fg0533","fg0956","fg0077","fg0499","fg0521","fg0527"
"fq003567","vx_b53c13d2fa541aad","fg0843","1","fg0843","fg0071","fg0855","fg0513","fg0198","fg0907","fg0280","fg0529","fg0295","fg0624","fg0732","fg0211","fg0778","fg0195","fg0656","fg0334","fg0365","fg0828","fg0955","fg0106"
"fq003568","vx_b53c13d2fa541aad","fg0843","1","fg0843","fg0071","fg0198","fg0656","fg0732","fg0365","fg0352","fg0295","fg0852","fg0855","fg0529","fg0247","fg0391","fg0015","fg0297","fg0744","fg0513","fg0558","fg0622","fg0824"
"fq003569","vx_b53c13d2fa541aad","fg0843","1","fg0843","fg0071","fg0198","fg0656","fg0295","fg0513","fg0855","fg0732","fg0529","fg0365","fg0352","fg0558","fg0624","fg0852","fg0280","fg0828","fg0907","fg0718","fg0211","fg0824"
"fq003570","vx_b53c13d2fa541aad","fg0843","1","fg0843","fg0071","fg0198","fg0656","fg0365","fg0732","fg0295","fg0352","fg0852","fg0015","fg0247","fg0337","fg0391","fg0154","fg0622","fg0529","fg0744","fg0855","fg0558","fg0712"
"fq003571","vx_b53c13d2fa541aad","fg0843","17","fg0722","fg0648","fg0102","fg0941","fg0801","fg0945","fg0192","fg0501","fg0043","fg0136","fg0910","fg0996","fg0956","fg0471","fg0610","fg0385","fg0843","fg0156","fg0513","fg0228"
"fq003572","vx_b53c13d2fa541aad","fg0843","1","fg0843","fg0071","fg0198","fg0656","fg0295","fg0732","fg0365","fg0352","fg0852","fg0529","fg0558","fg0855","fg0513","fg0247","fg0015","fg0337","fg0391","fg0622","fg0744","fg0280"
"fq003573","vx_b53c13d2fa541aad","fg0843","1","fg0843","fg0071","fg0198","fg0656","fg0295","fg0352","fg0732","fg0365","fg0852","fg0855","fg0529","fg0558","fg0247","fg0513","fg0744","fg0622","fg0015","fg0337","fg0280","fg0824"
"fq003574","vx_b53c13d2fa541aad","fg0843","4","fg0778","fg0513","fg0855","fg0843","fg0334","fg0857","fg0828","fg0195","fg0745","fg0521","fg0907","fg0211","fg0591","fg0490","fg0308","fg0624","fg0191","fg0527","fg0438","fg0071"
"fq003575","vx_b53c13d2fa541aad","fg0843","1","fg0843","fg0071","fg0198","fg0297","fg0855","fg0656","fg0295","fg0828","fg0513","fg0129","fg0529","fg0980","fg0732","fg0624","fg0824","fg0558","fg0177","fg0352","fg0365","fg0955"
"fq003576","vx_b53c13d2fa541aad","fg0843","1","fg0843","fg0071","fg0198","fg0656","fg0855","fg0352","fg0295","fg0732","fg0513","fg0558","fg0365","fg0529","fg0297","fg0391","fg0247","fg0744","fg0824","fg0852","fg0622","fg0129"
"fq003577","vx_b53c13d2fa541aad","fg0843","1","fg0843","fg0071","fg0198","fg0656","fg0732","fg0365","fg0295","fg0352","fg0852","fg0015","fg0855","fg0391","fg0247","fg0529","fg0337","fg0622","fg0513","fg0558","fg0744","fg0280"
"fq003578","vx_b53c13d2fa541aad","fg0843","8","fg0907","fg0513","fg0195","fg0106","fg0211","fg0855","fg0438","fg0843","fg0955","fg0388","fg0191","fg0334","fg0290","fg0831","fg0591","fg0432","fg0747","fg0828","fg0790","fg0033"
"fq003579","vx_b53c13d2fa541aad","fg0843","1","fg0843","fg0071","fg0855","fg0513","fg0198","fg0907","fg0211","fg0295","fg0195","fg0106","fg0732","fg0365","fg0280","fg0529","fg0438","fg0656","fg0824","fg0624","fg0297","fg0955"
"fq003580","vx_b53c13d2fa541aad","fg0843","1","fg0843","fg0071","fg0198","fg0295","fg0656","fg0352","fg0732","fg0855","fg0365","fg0529","fg0852","fg0513","fg0744","fg0247","fg0558","fg0297","fg0391","fg0824","fg0622","fg0280"
"fq003581","vx_b53c13d2fa541aad","fg0843","1","fg0843","fg0071","fg0198","fg0656","fg0295","fg0732","fg0352","fg0365","fg0855","fg0852","fg0529","fg0558","fg0513","fg0247","fg0744","fg0280","fg0824","fg0622","fg0015","fg0337"
"fq003582","vx_b53c13d2fa541aad","fg0843","1","fg0843","fg0071","fg0198","fg0656","fg0295","fg0352","fg0732","fg0365","fg0852","fg0529","fg0855","fg0247","fg0513","fg0558","fg0744","fg0622","fg0391","fg0015","fg0280","fg0337"
"fq003583","vx_b53c13d2fa541aad","fg0843","42","fg0513","fg0907","fg0195","fg0855","fg0388","fg0177","fg0211","fg0961","fg0438","fg0955","fg0527","fg0952","fg0719","fg0169","fg0553","fg0822","fg0106","fg0828","fg0394","fg0191"
"fq003584","vx_b53c13d2fa541aad","fg0843","140","fg0334","fg0195","fg0907","fg0308","fg0527","fg0831","fg0438","fg0106","fg0191","fg0778","fg0211","fg0745","fg0747","fg0591","fg0388","fg0025","fg0857","fg0976","fg0513","fg0561"
"fq003585","vx_b53c13d2fa541aad","fg0843","25","fg0907","fg0195","fg0855","fg0211","fg0438","fg0106","fg0513","fg0412","fg0191","fg0334","fg0388","fg0883","fg0927","fg0028","fg0297","fg0169","fg0482","fg0122","fg0831","fg0747"
"fq003586","vx_8a3711baff15aae6","fg0844","1","fg0844","fg0170","fg0806","fg0309","fg0540","fg0680","fg0980","fg0792","fg0669","fg0074","fg0056","fg0516","fg0701","fg0369","fg0800","fg0949","fg0755","fg0224","fg0617","fg0334"
"fq003587","vx_af9d2beebf1f7ed4","fg0845","1","fg0845","fg0489","fg0850","fg0836","fg0370","fg0066","fg0678","fg0575","fg0228","fg0578","fg0871","fg0080","fg0381","fg0324","fg0604","fg0399","fg0736","fg0758","fg0027","fg0942"
"fq003588","vx_84425ec2a734b5fc","fg0846","38","fg0886","fg0024","fg0037","fg0490","fg0857","fg0778","fg0521","fg0551","fg0679","fg0745","fg0062","fg0811","fg0133","fg0619","fg0814","fg0547","fg0334","fg0180","fg0588","fg0018"
"fq003589","vx_1dd6e5c828f9524b","fg0847","1","fg0847","fg0032","fg0986","fg0150","fg0860","fg0869","fg0090","fg0103","fg0583","fg0718","fg0258","fg0417","fg0786","fg0763","fg0922","fg0624","fg0859","fg0807","fg0281","fg0855"
"fq003590","vx_1dd6e5c828f9524b","fg0847","1","fg0847","fg0032","fg0986","fg0150","fg0869","fg0860","fg0090","fg0103","fg0583","fg0718","fg0258","fg0417","fg0786","fg0763","fg0922","fg0624","fg0281","fg0807","fg0679","fg0280"
"fq003591","vx_7c31dc5388757f48","fg0848","1","fg0848","fg0890","fg0014","fg0875","fg0351","fg0047","fg0738","fg0888","fg0436","fg0563","fg0307","fg0019","fg0992","fg0580","fg0413","fg0897","fg0954","fg0369","fg0495","fg0964"
"fq003592","vx_7c31dc5388757f48","fg0848","1","fg0848","fg0890","fg0014","fg0875","fg0351","fg0047","fg0888","fg0738","fg0307","fg0436","fg0580","fg0897","fg0563","fg0019","fg0413","fg0699","fg0403","fg0167","fg0992","fg0016"
"fq003593","vx_f3e0ac6e743393cb","fg0849","10","fg0722","fg0102","fg0648","fg0941","fg0801","fg0945","fg0501","fg0192","fg0043","fg0849","fg0910","fg0136","fg0996","fg0956","fg0385","fg0471","fg0610","fg0697","fg0228","fg0628"
"fq003594","vx_f3e0ac6e743393cb","fg0849","11","fg0722","fg0648","fg0102","fg0801","fg0941","fg0945","fg0501","fg0192","fg0136","fg0043","fg0849","fg0910","fg0996","fg0956","fg0610","fg0385","fg0471","fg0156","fg0228","fg0672"
"fq003595","vx_f3e0ac6e743393cb","fg0849","1","fg0849","fg0426","fg0745","fg0306","fg0112","fg0815","fg0869","fg0612","fg0812","fg0103","fg0935","fg0090","fg0790","fg0176","fg0483","fg0996","fg0385","fg0841","fg0405","fg0786"
"fq003596","vx_f3e0ac6e743393cb","fg0849","1","fg0849","fg0105","fg0830","fg0786","fg0805","fg0004","fg0106","fg0405","fg0725","fg0393","fg0901","fg0935","fg0601","fg0955","fg0432","fg0199","fg0697","fg0482","fg0237","fg0232"
"fq003597","vx_919450e7290fea72","fg0850","1","fg0850","fg0489","fg0836","fg0575","fg0845","fg0066","fg0370","fg0678","fg0228","fg0578","fg0080","fg0871","fg0381","fg0324","fg0604","fg0399","fg0758","fg0736","fg0098","fg0026"
"fq003598","vx_919450e7290fea72","fg0850","104","fg0958","fg0552","fg0471","fg0549","fg0272","fg0075","fg0638","fg0830","fg0681","fg0457","fg0536","fg0318","fg0781","fg0508","fg0248","fg0902","fg0684","fg0745","fg0133","fg0538"
"fq003599","vx_919450e7290fea72","fg0850","4","fg0575","fg0228","fg0836","fg0850","fg0066","fg0489","fg0578","fg0845","fg0370","fg0678","fg0080","fg0871","fg0381","fg0324","fg0006","fg0922","fg0604","fg0399","fg0758","fg0098"
"fq003600","vx_919450e7290fea72","fg0850","2","fg0575","fg0850","fg0836","fg0489","fg0228","fg0845","fg0066","fg0578","fg0370","fg0678","fg0871","fg0080","fg0381","fg0324","fg0604","fg0006","fg0399","fg0922","fg0758","fg0561"
"fq003601","vx_919450e7290fea72","fg0850","1","fg0850","fg0836","fg0575","fg0489","fg0845","fg0066","fg0370","fg0228","fg0678","fg0578","fg0080","fg0871","fg0381","fg0324","fg0604","fg0758","fg0399","fg0006","fg0355","fg0021"
"fq003602","vx_0b05e04f0a0ef3c3","fg0851","3","fg0931","fg0565","fg0851","fg0875","fg0738","fg0469","fg0210","fg0014","fg0797","fg0607","fg0937","fg0888","fg0467","fg0956","fg0247","fg0890","fg0886","fg0896","fg0509","fg0627"
"fq003603","vx_08329ee93524f706","fg0852","1","fg0852","fg0365","fg0732","fg0015","fg0337","fg0453","fg0843","fg0712","fg0071","fg0688","fg0417","fg0456","fg0910","fg0268","fg0870","fg0821","fg0545","fg0229","fg0577","fg0371"
"fq003604","vx_b11ccac75f007c6c","fg0853","1","fg0853","fg0200","fg0415","fg0635","fg0295","fg0116","fg0800","fg0984","fg0322","fg0955","fg0344","fg0317","fg0237","fg0013","fg0513","fg0570","fg0917","fg0572","fg0138","fg0005"
"fq003605","vx_b11ccac75f007c6c","fg0853","1","fg0853","fg0200","fg0415","fg0980","fg0635","fg0116","fg0800","fg0295","fg0766","fg0561","fg0984","fg0317","fg0237","fg0344","fg0802","fg0506","fg0955","fg0917","fg0511","fg0686"
"fq003606","vx_b11ccac75f007c6c","fg0853","1","fg0853","fg0200","fg0415","fg0635","fg0295","fg0116","fg0800","fg0322","fg0317","fg0955","fg0344","fg0984","fg0138","fg0237","fg0013","fg0572","fg0005","fg0513","fg0727","fg0917"
"fq003607","vx_2160f4946dd8a525","fg0854","1","fg0854","fg0407","fg0691","fg0359","fg0741","fg0753","fg0452","fg0225","fg0440","fg0543","fg0304","fg0846","fg0478","fg0189","fg0864","fg0989","fg0078","fg0883","fg0651","fg0649"
"fq003608","vx_a0d7bee718ab367e","fg0855","1","fg0855","fg0297","fg0129","fg0513","fg0280","fg0907","fg0828","fg0859","fg0870","fg0195","fg0417","fg0624","fg0847","fg0025","fg0824","fg0211","fg0545","fg0360","fg0537","fg0388"
"fq003609","vx_a0d7bee718ab367e","fg0855","1","fg0855","fg0280","fg0513","fg0624","fg0907","fg0211","fg0033","fg0297","fg0859","fg0847","fg0025","fg0195","fg0828","fg0106","fg0438","fg0388","fg0164","fg0976","fg0279","fg0870"
"fq003610","vx_410585b5d418d18a","fg0856","1","fg0856","fg0590","fg0623","fg0595","fg0167","fg0931","fg0014","fg0195","fg0404","fg0288","fg0469","fg0456","fg0227","fg0875","fg0015","fg0797","fg0848","fg0257","fg0329","fg0061"
"fq003611","vx_410585b5d418d18a","fg0856","685","fg0243","fg0588","fg0533","fg0411","fg0062","fg0724","fg0665","fg0180","fg0547","fg0379","fg0990","fg0566","fg0037","fg0933","fg0018","fg0894","fg0811","fg0966","fg0140","fg0027"
"fq003612","vx_410585b5d418d18a","fg0856","1","fg0856","fg0595","fg0590","fg0167","fg0623","fg0014","fg0931","fg0469","fg0937","fg0797","fg0404","fg0288","fg0875","fg0195","fg0227","fg0061","fg0257","fg0168","fg0655","fg0251"
"fq003613","vx_bc94ac78684f3035","fg0857","245","fg0588","fg0533","fg0062","fg0180","fg0547","fg0037","fg0018","fg0379","fg0724","fg0822","fg0811","fg0411","fg0894","fg0665","fg0027","fg0679","fg0262","fg0990","fg0031","fg0541"
"fq003614","vx_bc94ac78684f3035","fg0857","1","fg0857","fg0551","fg0745","fg0778","fg0308","fg0024","fg0490","fg0508","fg0912","fg0006","fg0619","fg0460","fg0958","fg0757","fg0400","fg0385","fg0521","fg0300","fg0812","fg0613"
"fq003615","vx_8c9b25a1d5bc3367","fg0858","200","fg0676","fg0100","fg0036","fg0204","fg0709","fg0975","fg0655","fg0019","fg0214","fg0644","fg0235","fg0700","fg0737","fg0928","fg0723","fg0086","fg0278","fg0401","fg0664","fg0951"
"fq003616","vx_8c9b25a1d5bc3367","fg0858","158","fg0676","fg0100","fg0036","fg0204","fg0709","fg0655","fg0975","fg0235","fg0644","fg0019","fg0214","fg0086","fg0928","fg0737","fg0965","fg0401","fg0700","fg0723","fg0594","fg0278"
"fq003617","vx_8c9b25a1d5bc3367","fg0858","209","fg0676","fg0100","fg0709","fg0036","fg0204","fg0214","fg0019","fg0644","fg0975","fg0655","fg0235","fg0737","fg0928","fg0700","fg0723","fg0278","fg0086","fg0561","fg0664","fg0506"
"fq003618","vx_8c9b25a1d5bc3367","fg0858","170","fg0676","fg0100","fg0036","fg0204","fg0655","fg0975","fg0709","fg0644","fg0019","fg0214","fg0235","fg0737","fg0700","fg0086","fg0664","fg0928","fg0951","fg0401","fg0723","fg0561"
"fq003619","vx_ed10bfccec227dbd","fg0859","1","fg0859","fg0121","fg0681","fg0873","fg0707","fg0781","fg0537","fg0056","fg0549","fg0075","fg0686","fg0457","fg0552","fg0513","fg0172","fg0638","fg0059","fg0272","fg0538","fg0536"
"fq003620","vx_ed10bfccec227dbd","fg0859","1","fg0859","fg0873","fg0707","fg0537","fg0121","fg0686","fg0056","fg0835","fg0932","fg0041","fg0059","fg0172","fg0268","fg0417","fg0855","fg0545","fg0513","fg0984","fg0558","fg0728"
"fq003621","vx_ed10bfccec227dbd","fg0859","61","fg0062","fg0180","fg0018","fg0588","fg0037","fg0533","fg0547","fg0724","fg0379","fg0894","fg0822","fg0665","fg0811","fg0411","fg0679","fg0027","fg0262","fg0541","fg0031","fg0499"
"fq003622","vx_8275e35e4c01e800","fg0860","1","fg0860","fg0032","fg0150","fg0847","fg0986","fg0869","fg0090","fg0103","fg0718","fg0583","fg0258","fg0417","fg0428","fg0763","fg0310","fg0786","fg0172","fg0922","fg0807","fg0707"
"fq003623","vx_8275e35e4c01e800","fg0860","1","fg0860","fg0032","fg0986","fg0150","fg0847","fg0869","fg0090","fg0103","fg0718","fg0583","fg0258","fg0417","fg0763","fg0786","fg0428","fg0922","fg0807","fg0310","fg0342","fg0894"
"fq003624","vx_8275e35e4c01e800","fg0860","1","fg0860","fg0032","fg0847","fg0150","fg0986","fg0869","fg0090","fg0103","fg0718","fg0583","fg0258","fg0417","fg0763","fg0786","fg0428","fg0310","fg0922","fg0807","fg0172","fg0525"
"fq003625","vx_8275e35e4c01e800","fg0860","1","fg0860","fg0032","fg0150","fg0986","fg0847","fg0869","fg0090","fg0583","fg0103","fg0718","fg0258","fg0417","fg0763","fg0786","fg0428","fg0310","fg0922","fg0807","fg0707","fg0342"
"fq003626","vx_8275e35e4c01e800","fg0860","1","fg0860","fg0032","fg0150","fg0986","fg0847","fg0869","fg0090","fg0103","fg0718","fg0583","fg0258","fg0417","fg0763","fg0786","fg0428","fg0922","fg0310","fg0807","fg0894","fg0342"
"fq003627","vx_277010f73c90a2d8","fg0861","1","fg0861","fg0039","fg0582","fg0819","fg0689","fg0282","fg0950","fg0564","fg0494","fg0203","fg0158","fg0484","fg0288","fg0967","fg0312","fg0329","fg0063","fg0035","fg0375","fg0271"
"fq003628","vx_277010f73c90a2d8","fg0861","1","fg0861","fg0039","fg0582","fg0819","fg0689","fg0158","fg0282","fg0375","fg0564","fg0063","fg0288","fg0312","fg0329","fg0967","fg0750","fg0590","fg0046","fg0013","fg0740","fg0664"
"fq003629","vx_277010f73c90a2d8","fg0861","1","fg0861","fg0039","fg0582","fg0819","fg0689","fg0158","fg0063","fg0375","fg0282","fg0564","fg0288","fg0329","fg0046","fg0664","fg0013","fg0312","fg0750","fg0740","fg0354","fg0590"
"fq003630","vx_277010f73c90a2d8","fg0861","1","fg0861","fg0582","fg0039","fg0689","fg0819","fg0158","fg0564","fg0282","fg0063","fg0329","fg0288","fg0375","fg0475","fg0013","fg0046","fg0590","fg0494","fg0950","fg0842","fg0750"
"fq003631","vx_277010f73c90a2d8","fg0861","1","fg0861","fg0039","fg0582","fg0689","fg0564","fg0819","fg0158","fg0288","fg0282","fg0375","fg0063","fg0329","fg0475","fg0046","fg0590","fg0312","fg0013","fg0750","fg0623","fg0967"
"fq003632","vx_13c9641e2669341b","fg0862","1","fg0862","fg0291","fg0060","fg0462","fg0137","fg0116","fg0002","fg0356","fg0006","fg0813","fg0111","fg0993","fg0346","fg0236","fg0009","fg0178","fg0234","fg0212","fg0642","fg0149"
"fq003633","vx_49247a827ae36eb6","fg0863","77","fg0893","fg0303","fg0668","fg0138","fg0518","fg0727","fg0322","fg0792","fg0327","fg0925","fg0647","fg0488","fg0324","fg0536","fg0542","fg0826","fg0135","fg0091","fg0770","fg0280"
"fq003634","vx_49247a827ae36eb6","fg0863","126","fg0303","fg0324","fg0893","fg0091","fg0518","fg0792","fg0229","fg0514","fg0041","fg0138","fg0386","fg0344","fg0653","fg0482","fg0044","fg0668","fg0322","fg0849","fg0460","fg0246"
"fq003635","vx_78cba185fb9e3979","fg0864","1","fg0864","fg0296","fg0988","fg0932","fg0059","fg0435","fg0697","fg0984","fg0418","fg0086","fg0194","fg0041","fg0058","fg0084","fg0336","fg0281","fg0436","fg0634","fg0702","fg0758"
"fq003636","vx_78cba185fb9e3979","fg0864","8","fg0980","fg0084","fg0828","fg0896","fg0506","fg0058","fg0345","fg0864","fg0760","fg0988","fg0194","fg0291","fg0440","fg0666","fg0815","fg0486","fg0509","fg0328","fg0985","fg0656"
"fq003637","vx_78cba185fb9e3979","fg0864","1","fg0864","fg0988","fg0296","fg0086","fg0550","fg0951","fg0225","fg0543","fg0194","fg0338","fg0440","fg0452","fg0741","fg0931","fg0709","fg0436","fg0058","fg0084","fg0471","fg0666"
"fq003638","vx_78cba185fb9e3979","fg0864","1","fg0864","fg0988","fg0296","fg0225","fg0932","fg0086","fg0058","fg0291","fg0440","fg0194","fg0436","fg0084","fg0951","fg0666","fg0464","fg0815","fg0543","fg0550","fg0828","fg0652"
"fq003639","vx_78cba185fb9e3979","fg0864","1","fg0864","fg0296","fg0988","fg0086","fg0550","fg0951","fg0543","fg0225","fg0452","fg0194","fg0697","fg0084","fg0374","fg0298","fg0478","fg0436","fg0338","fg0918","fg0440","fg0741"
"fq003640","vx_78cba185fb9e3979","fg0864","1","fg0864","fg0296","fg0988","fg0932","fg0291","fg0058","fg0225","fg0436","fg0194","fg0435","fg0652","fg0084","fg0464","fg0059","fg0666","fg0440","fg0984","fg0697","fg0758","fg0338"
"fq003641","vx_78cba185fb9e3979","fg0864","1","fg0864","fg0296","fg0988","fg0932","fg0086","fg0697","fg0194","fg0058","fg0722","fg0550","fg0225","fg0043","fg0951","fg0102","fg0059","fg0648","fg0435","fg0543","fg0941","fg0910"
"fq003642","vx_78cba185fb9e3979","fg0864","78","fg0321","fg0433","fg0693","fg0350","fg0233","fg0474","fg0776","fg0416","fg0225","fg0687","fg0194","fg0058","fg0426","fg0930","fg0440","fg0084","fg0405","fg0505","fg0291","fg0392"
"fq003643","vx_78cba185fb9e3979","fg0864","1","fg0864","fg0086","fg0550","fg0988","fg0296","fg0951","fg0452","fg0543","fg0225","fg0722","fg0697","fg0648","fg0102","fg0741","fg0941","fg0043","fg0192","fg0359","fg0932","fg0945"
"fq003644","vx_78cba185fb9e3979","fg0864","11","fg0932","fg0984","fg0418","fg0059","fg0634","fg0435","fg0041","fg0281","fg0697","fg0835","fg0864","fg0336","fg0055","fg0702","fg0224","fg0829","fg0915","fg0909","fg0121","fg0905"
"fq003645","vx_78cba185fb9e3979","fg0864","1","fg0864","fg0988","fg0296","fg0086","fg0084","fg0550","fg0951","fg0194","fg0225","fg0896","fg0758","fg0338","fg0666","fg0543","fg0452","fg0058","fg0931","fg0436","fg0595","fg0978"
"fq003646","vx_78cba185fb9e3979","fg0864","1","fg0864","fg0296","fg0988","fg0225","fg0086","fg0543","fg0194","fg0452","fg0338","fg0741","fg0440","fg0058","fg0084","fg0436","fg0550","fg0951","fg0003","fg0478","fg0932","fg0291"
"fq003647","vx_78cba185fb9e3979","fg0864","1","fg0864","fg0086","fg0988","fg0296","fg0550","fg0951","fg0543","fg0225","fg0452","fg0440","fg0194","fg0436","fg0741","fg0947","fg0338","fg0932","fg0058","fg0709","fg0291","fg0854"
"fq003648","vx_78cba185fb9e3979","fg0864","96","fg0491","fg0362","fg0316","fg0426","fg0040","fg0996","fg0079","fg0841","fg0260","fg0667","fg0411","fg0687","fg0321","fg0956","fg0131","fg0077","fg0301","fg0225","fg0592","fg0990"
"fq003649","vx_78cba185fb9e3979","fg0864","1","fg0864","fg0296","fg0988","fg0086","fg0225","fg0543","fg0452","fg0550","fg0440","fg0932","fg0741","fg0194","fg0436","fg0951","fg0058","fg0478","fg0697","fg0359","fg0084","fg0338"
"fq003650","vx_78cba185fb9e3979","fg0864","16","fg0225","fg0003","fg0667","fg0291","fg0058","fg0440","fg0883","fg0194","fg0405","fg0543","fg0666","fg0886","fg0896","fg0444","fg0490","fg0864","fg0006","fg0269","fg0790","fg0868"
"fq003651","vx_78cba185fb9e3979","fg0864","1","fg0864","fg0296","fg0988","fg0225","fg0543","fg0440","fg0452","fg0932","fg0478","fg0741","fg0194","fg0086","fg0436","fg0058","fg0697","fg0359","fg0084","fg0374","fg0918","fg0854"
"fq003652","vx_78cba185fb9e3979","fg0864","1","fg0864","fg0932","fg0988","fg0058","fg0291","fg0296","fg0435","fg0225","fg0666","fg0464","fg0059","fg0440","fg0652","fg0003","fg0984","fg0418","fg0121","fg0495","fg0336","fg0883"
"fq003653","vx_78cba185fb9e3979","fg0864","1","fg0864","fg0988","fg0296","fg0084","fg0194","fg0086","fg0758","fg0896","fg0338","fg0225","fg0951","fg0433","fg0156","fg0298","fg0405","fg0233","fg0816","fg0550","fg0955","fg0776"
"fq003654","vx_78cba185fb9e3979","fg0864","1","fg0864","fg0296","fg0988","fg0086","fg0951","fg0932","fg0550","fg0697","fg0059","fg0984","fg0435","fg0041","fg0225","fg0418","fg0543","fg0835","fg0440","fg0666","fg0338","fg0336"
"fq003655","vx_78cba185fb9e3979","fg0864","1","fg0864","fg0296","fg0988","fg0225","fg0086","fg0550","fg0452","fg0543","fg0338","fg0741","fg0951","fg0440","fg0194","fg0436","fg0084","fg0359","fg0058","fg0478","fg0918","fg0374"
"fq003656","vx_78cba185fb9e3979","fg0864","1","fg0864","fg0988","fg0296","fg0225","fg0291","fg0440","fg0194","fg0932","fg0058","fg0543","fg0084","fg0003","fg0436","fg0741","fg0666","fg0338","fg0535","fg0758","fg0006","fg0464"
"fq003657","vx_78cba185fb9e3979","fg0864","1","fg0864","fg0086","fg0296","fg0988","fg0951","fg0550","fg0225","fg0543","fg0932","fg0452","fg0440","fg0741","fg0697","fg0059","fg0359","fg0435","fg0984","fg0947","fg0671","fg0854"
"fq003658","vx_78cba185fb9e3979","fg0864","1","fg0864","fg0225","fg0988","fg0296","fg0194","fg0291","fg0058","fg0666","fg0003","fg0440","fg0084","fg0883","fg0006","fg0932","fg0436","fg0535","fg0464","fg0868","fg0815","fg0811"
"fq003659","vx_78cba185fb9e3979","fg0864","1","fg0864","fg0296","fg0988","fg0225","fg0543","fg0452","fg0440","fg0741","fg0338","fg0194","fg0003","fg0086","fg0084","fg0359","fg0405","fg0886","fg0269","fg0758","fg0951","fg0203"
"fq003660","vx_78cba185fb9e3979","fg0864","2","fg0932","fg0864","fg0984","fg0059","fg0418","fg0435","fg0697","fg0041","fg0296","fg0281","fg0634","fg0336","fg0121","fg0702","fg0835","fg0915","fg0859","fg0988","fg0055","fg0905"
"fq003661","vx_78cba185fb9e3979","fg0864","1","fg0864","fg0296","fg0988","fg0086","fg0932","fg0550","fg0084","fg0951","fg0194","fg0697","fg0059","fg0058","fg0435","fg0436","fg0338","fg0931","fg0225","fg0984","fg0758","fg0666"
"fq003662","vx_78cba185fb9e3979","fg0864","71","fg0648","fg0941","fg0801","fg0945","fg0102","fg0722","fg0501","fg0192","fg0043","fg0910","fg0136","fg0996","fg0471","fg0956","fg0385","fg0610","fg0228","fg0628","fg0156","fg0131"
"fq003663","vx_78cba185fb9e3979","fg0864","1","fg0864","fg0932","fg0296","fg0059","fg0988","fg0435","fg0984","fg0418","fg0058","fg0041","fg0697","fg0336","fg0291","fg0121","fg0281","fg0702","fg0634","fg0835","fg0464","fg0666"
"fq003664","vx_78cba185fb9e3979","fg0864","1","fg0864","fg0886","fg0024","fg0490","fg0551","fg0857","fg0619","fg0521","fg0194","fg0296","fg0084","fg0988","fg0778","fg0121","fg0508","fg0509","fg0385","fg0258","fg0758","fg0932"
"fq003665","vx_78cba185fb9e3979","fg0864","1","fg0864","fg0086","fg0951","fg0550","fg0886","fg0156","fg0509","fg0832","fg0978","fg0225","fg0490","fg0385","fg0290","fg0177","fg0508","fg0194","fg0812","fg0896","fg0084","fg0421"
"fq003666","vx_78cba185fb9e3979","fg0864","1","fg0864","fg0883","fg0225","fg0927","fg0028","fg0412","fg0988","fg0122","fg0296","fg0543","fg0440","fg0169","fg0482","fg0435","fg0452","fg0741","fg0086","fg0058","fg0194","fg0815"
"fq003667","vx_78cba185fb9e3979","fg0864","1","fg0864","fg0296","fg0988","fg0086","fg0550","fg0225","fg0951","fg0194","fg0084","fg0543","fg0338","fg0436","fg0452","fg0478","fg0374","fg0918","fg0058","fg0298","fg0741","fg0931"
"fq003668","vx_78cba185fb9e3979","fg0864","1","fg0864","fg0296","fg0225","fg0988","fg0086","fg0951","fg0452","fg0440","fg0543","fg0741","fg0550","fg0359","fg0932","fg0697","fg0947","fg0854","fg0435","fg0478","fg0059","fg0269"
"fq003669","vx_78cba185fb9e3979","fg0864","112","fg0941","fg0801","fg0648","fg0102","fg0945","fg0501","fg0722","fg0192","fg0043","fg0910","fg0136","fg0996","fg0471","fg0956","fg0610","fg0385","fg0228","fg0628","fg0838","fg0604"
"fq003670","vx_78cba185fb9e3979","fg0864","1","fg0864","fg0988","fg0296","fg0225","fg0086","fg0084","fg0194","fg0440","fg0058","fg0543","fg0550","fg0452","fg0741","fg0436","fg0291","fg0932","fg0666","fg0951","fg0854","fg0338"
"fq003671","vx_78cba185fb9e3979","fg0864","5","fg0084","fg0980","fg0988","fg0058","fg0864","fg0506","fg0194","fg0828","fg0666","fg0296","fg0291","fg0561","fg0932","fg0345","fg0145","fg0760","fg0464","fg0652","fg0896","fg0436"
"fq003672","vx_78cba185fb9e3979","fg0864","1","fg0864","fg0988","fg0296","fg0722","fg0102","fg0648","fg0043","fg0945","fg0192","fg0941","fg0086","fg0801","fg0225","fg0136","fg0501","fg0550","fg0910","fg0543","fg0471","fg0956"
"fq003673","vx_78cba185fb9e3979","fg0864","1","fg0864","fg0296","fg0988","fg0086","fg0932","fg0550","fg0059","fg0697","fg0951","fg0435","fg0084","fg0194","fg0984","fg0666","fg0058","fg0758","fg0338","fg0041","fg0418","fg0931"
"fq003674","vx_78cba185fb9e3979","fg0864","1","fg0864","fg0296","fg0988","fg0440","fg0225","fg0452","fg0543","fg0086","fg0741","fg0084","fg0951","fg0932","fg0359","fg0194","fg0550","fg0058","fg0854","fg0666","fg0291","fg0758"
"fq003675","vx_78cba185fb9e3979","fg0864","16","fg0291","fg0225","fg0003","fg0440","fg0675","fg0314","fg0444","fg0868","fg0367","fg0238","fg0652","fg0345","fg0666","fg0883","fg0932","fg0864","fg0464","fg0058","fg0269","fg0778"
"fq003676","vx_78cba185fb9e3979","fg0864","4","fg0316","fg0362","fg0040","fg0864","fg0996","fg0841","fg0491","fg0411","fg0426","fg0260","fg0988","fg0079","fg0296","fg0086","fg0194","fg0956","fg0084","fg0951","fg0550","fg0156"
"fq003677","vx_78cba185fb9e3979","fg0864","1","fg0864","fg0296","fg0988","fg0932","fg0084","fg0194","fg0058","fg0059","fg0697","fg0435","fg0436","fg0086","fg0758","fg0464","fg0291","fg0984","fg0666","fg0440","fg0225","fg0951"
"fq003678","vx_78cba185fb9e3979","fg0864","1","fg0864","fg0932","fg0059","fg0984","fg0435","fg0296","fg0988","fg0121","fg0418","fg0225","fg0697","fg0291","fg0041","fg0835","fg0440","fg0194","fg0058","fg0336","fg0675","fg0281"
"fq003679","vx_78cba185fb9e3979","fg0864","1","fg0864","fg0988","fg0086","fg0296","fg0550","fg0951","fg0932","fg0084","fg0697","fg0440","fg0059","fg0194","fg0225","fg0058","fg0666","fg0435","fg0543","fg0828","fg0452","fg0931"
"fq003680","vx_78cba185fb9e3979","fg0864","6","fg0722","fg0102","fg0648","fg0941","fg0945","fg0864","fg0801","fg0192","fg0501","fg0136","fg0043","fg0910","fg0086","fg0988","fg0471","fg0956","fg0385","fg0996","fg0550","fg0296"
"fq003681","vx_78cba185fb9e3979","fg0864","10","fg0722","fg0648","fg0102","fg0941","fg0945","fg0801","fg0192","fg0136","fg0501","fg0864","fg0988","fg0043","fg0910","fg0956","fg0296","fg0996","fg0471","fg0610","fg0225","fg0385"
"fq003682","vx_78cba185fb9e3979","fg0864","1","fg0864","fg0932","fg0722","fg0988","fg0102","fg0648","fg0043","fg0945","fg0941","fg0910","fg0192","fg0801","fg0697","fg0296","fg0501","fg0136","fg0059","fg0435","fg0471","fg0984"
"fq003683","vx_78cba185fb9e3979","fg0864","1","fg0864","fg0296","fg0988","fg0194","fg0225","fg0084","fg0436","fg0440","fg0338","fg0543","fg0758","fg0086","fg0452","fg0291","fg0058","fg0374","fg0918","fg0478","fg0741","fg0298"
"fq003684","vx_78cba185fb9e3979","fg0864","1","fg0864","fg0988","fg0086","fg0296","fg0550","fg0932","fg0951","fg0697","fg0059","fg0984","fg0435","fg0418","fg0041","fg0835","fg0194","fg0058","fg0084","fg0281","fg0702","fg0241"
"fq003685","vx_78cba185fb9e3979","fg0864","1","fg0864","fg0225","fg0296","fg0988","fg0440","fg0543","fg0452","fg0086","fg0741","fg0932","fg0359","fg0550","fg0951","fg0291","fg0003","fg0854","fg0697","fg0058","fg0883","fg0436"
"fq003686","vx_78cba185fb9e3979","fg0864","1","fg0864","fg0296","fg0988","fg0086","fg0550","fg0951","fg0722","fg0648","fg0102","fg0941","fg0543","fg0043","fg0192","fg0945","fg0801","fg0697","fg0136","fg0452","fg0225","fg0501"
"fq003687","vx_78cba185fb9e3979","fg0864","1","fg0864","fg0296","fg0988","fg0086","fg0932","fg0225","fg0543","fg0440","fg0452","fg0194","fg0951","fg0741","fg0697","fg0550","fg0058","fg0436","fg0059","fg0291","fg0084","fg0478"
"fq003688","vx_78cba185fb9e3979","fg0864","1","fg0864","fg0296","fg0988","fg0086","fg0194","fg0932","fg0084","fg0059","fg0697","fg0984","fg0951","fg0435","fg0758","fg0338","fg0550","fg0374","fg0918","fg0418","fg0041","fg0543"
"fq003689","vx_78cba185fb9e3979","fg0864","1","fg0864","fg0225","fg0932","fg0666","fg0988","fg0296","fg0440","fg0058","fg0980","fg0086","fg0550","fg0435","fg0741","fg0345","fg0291","fg0543","fg0084","fg0828","fg0728","fg0452"
"fq003690","vx_78cba185fb9e3979","fg0864","1","fg0864","fg0988","fg0296","fg0086","fg0951","fg0225","fg0666","fg0471","fg0932","fg0464","fg0058","fg0550","fg0272","fg0194","fg0291","fg0830","fg0552","fg0549","fg0952","fg0435"
"fq003691","vx_78cba185fb9e3979","fg0864","2","fg0225","fg0864","fg0440","fg0988","fg0291","fg0003","fg0296","fg0058","fg0666","fg0932","fg0464","fg0194","fg0652","fg0741","fg0883","fg0436","fg0543","fg0159","fg0006","fg0867"
"fq003692","vx_78cba185fb9e3979","fg0864","1","fg0864","fg0988","fg0296","fg0932","fg0059","fg0058","fg0086","fg0697","fg0435","fg0194","fg0084","fg0984","fg0464","fg0436","fg0666","fg0951","fg0291","fg0041","fg0440","fg0418"
"fq003693","vx_78cba185fb9e3979","fg0864","1","fg0864","fg0296","fg0988","fg0225","fg0194","fg0084","fg0543","fg0338","fg0932","fg0058","fg0086","fg0452","fg0440","fg0741","fg0436","fg0758","fg0918","fg0298","fg0291","fg0931"
"fq003694","vx_78cba185fb9e3979","fg0864","1","fg0864","fg0296","fg0988","fg0086","fg0932","fg0084","fg0951","fg0550","fg0194","fg0697","fg0059","fg0058","fg0435","fg0225","fg0436","fg0666","fg0984","fg0440","fg0931","fg0828"
"fq003695","vx_78cba185fb9e3979","fg0864","1","fg0864","fg0296","fg0932","fg0988","fg0059","fg0435","fg0984","fg0697","fg0086","fg0418","fg0041","fg0058","fg0291","fg0281","fg0194","fg0336","fg0835","fg0702","fg0909","fg0634"
"fq003696","vx_78cba185fb9e3979","fg0864","1","fg0864","fg0296","fg0988","fg0086","fg0550","fg0225","fg0543","fg0951","fg0452","fg0932","fg0697","fg0440","fg0194","fg0741","fg0338","fg0084","fg0436","fg0298","fg0374","fg0478"
"fq003697","vx_78cba185fb9e3979","fg0864","146","fg0883","fg0412","fg0927","fg0028","fg0169","fg0350","fg0474","fg0482","fg0233","fg0321","fg0433","fg0722","fg0776","fg0122","fg0693","fg0102","fg0416","fg0945","fg0941","fg0648"
"fq003698","vx_78cba185fb9e3979","fg0864","1","fg0864","fg0296","fg0988","fg0932","fg0225","fg0086","fg0440","fg0543","fg0291","fg0059","fg0984","fg0697","fg0435","fg0951","fg0550","fg0452","fg0741","fg0058","fg0436","fg0194"
"fq003699","vx_78cba185fb9e3979","fg0864","1","fg0864","fg0932","fg0984","fg0059","fg0418","fg0435","fg0041","fg0697","fg0296","fg0281","fg0336","fg0835","fg0121","fg0634","fg0702","fg0988","fg0859","fg0915","fg0905","fg0829"
"fq003700","vx_78cba185fb9e3979","fg0864","1","fg0864","fg0296","fg0988","fg0086","fg0225","fg0543","fg0194","fg0452","fg0550","fg0084","fg0951","fg0932","fg0741","fg0436","fg0440","fg0338","fg0298","fg0697","fg0478","fg0374"
"fq003701","vx_78cba185fb9e3979","fg0864","1","fg0864","fg0296","fg0988","fg0932","fg0084","fg0059","fg0435","fg0194","fg0058","fg0984","fg0697","fg0436","fg0418","fg0758","fg0828","fg0041","fg0666","fg0291","fg0634","fg0464"
"fq003702","vx_78cba185fb9e3979","fg0864","1","fg0864","fg0988","fg0296","fg0932","fg0059","fg0435","fg0058","fg0086","fg0697","fg0666","fg0984","fg0418","fg0084","fg0194","fg0550","fg0041","fg0634","fg0336","fg0909","fg0951"
"fq003703","vx_78cba185fb9e3979","fg0864","1","fg0864","fg0988","fg0296","fg0932","fg0084","fg0980","fg0059","fg0058","fg0435","fg0666","fg0984","fg0828","fg0194","fg0418","fg0697","fg0041","fg0634","fg0121","fg0291","fg0751"
"fq003704","vx_78cba185fb9e3979","fg0864","1","fg0864","fg0296","fg0988","fg0225","fg0932","fg0440","fg0452","fg0543","fg0741","fg0359","fg0435","fg0697","fg0291","fg0059","fg0058","fg0984","fg0854","fg0883","fg0086","fg0003"
"fq003705","vx_78cba185fb9e3979","fg0864","2","fg0932","fg0864","fg0980","fg0058","fg0828","fg0435","fg0988","fg0666","fg0059","fg0084","fg0984","fg0418","fg0728","fg0291","fg0296","fg0486","fg0336","fg0634","fg0652","fg0909"
"fq003706","vx_78cba185fb9e3979","fg0864","1","fg0864","fg0296","fg0988","fg0932","fg0059","fg0984","fg0058","fg0435","fg0194","fg0697","fg0418","fg0041","fg0291","fg0436","fg0084","fg0464","fg0336","fg0758","fg0281","fg0440"
"fq003707","vx_78cba185fb9e3979","fg0864","1","fg0864","fg0296","fg0988","fg0086","fg0550","fg0951","fg0194","fg0932","fg0084","fg0697","fg0543","fg0059","fg0338","fg0435","fg0374","fg0225","fg0436","fg0758","fg0478","fg0058"
"fq003708","vx_78cba185fb9e3979","fg0864","1","fg0864","fg0932","fg0296","fg0086","fg0984","fg0059","fg0988","fg0951","fg0697","fg0435","fg0418","fg0835","fg0041","fg0550","fg0634","fg0241","fg0281","fg0336","fg0829","fg0702"
"fq003709","vx_78cba185fb9e3979","fg0864","39","fg0722","fg0956","fg0996","fg0156","fg0102","fg0648","fg0801","fg0136","fg0385","fg0501","fg0941","fg0945","fg0192","fg0610","fg0043","fg0955","fg0316","fg0910","fg0362","fg0218"
"fq003710","vx_78cba185fb9e3979","fg0864","1","fg0864","fg0988","fg0296","fg0086","fg0550","fg0951","fg0084","fg0697","fg0932","fg0059","fg0194","fg0931","fg0436","fg0435","fg0758","fg0338","fg0828","fg0058","fg0709","fg0595"
"fq003711","vx_78cba185fb9e3979","fg0864","1","fg0864","fg0296","fg0988","fg0086","fg0932","fg0550","fg0951","fg0059","fg0697","fg0435","fg0058","fg0464","fg0194","fg0666","fg0225","fg0984","fg0436","fg0084","fg0338","fg0478"
"fq003712","vx_78cba185fb9e3979","fg0864","1","fg0864","fg0988","fg0296","fg0194","fg0225","fg0084","fg0086","fg0058","fg0758","fg0471","fg0338","fg0543","fg0436","fg0722","fg0951","fg0666","fg0648","fg0102","fg0550","fg0043"
"fq003713","vx_78cba185fb9e3979","fg0864","1","fg0864","fg0932","fg0225","fg0440","fg0291","fg0435","fg0058","fg0666","fg0984","fg0059","fg0296","fg0988","fg0728","fg0652","fg0464","fg0909","fg0418","fg0634","fg0003","fg0697"
"fq003714","vx_78cba185fb9e3979","fg0864","183","fg0776","fg0233","fg0474","fg0433","fg0693","fg0350","fg0416","fg0321","fg0980","fg0438","fg0837","fg0974","fg0243","fg0496","fg0424","fg0767","fg0084","fg0085","fg0931","fg0401"
"fq003715","vx_78cba185fb9e3979","fg0864","8","fg0058","fg0666","fg0980","fg0988","fg0084","fg0828","fg0932","fg0864","fg0444","fg0896","fg0506","fg0464","fg0652","fg0345","fg0145","fg0433","fg0291","fg0318","fg0314","fg0952"
"fq003716","vx_78cba185fb9e3979","fg0864","3","fg0225","fg0440","fg0864","fg0003","fg0543","fg0291","fg0452","fg0868","fg0741","fg0883","fg0932","fg0359","fg0296","fg0159","fg0338","fg0930","fg0058","fg0269","fg0345","fg0006"
"fq003717","vx_78cba185fb9e3979","fg0864","1","fg0864","fg0296","fg0988","fg0225","fg0194","fg0084","fg0338","fg0058","fg0440","fg0405","fg0543","fg0930","fg0758","fg0955","fg0436","fg0086","fg0298","fg0918","fg0006","fg0291"
"fq003718","vx_78cba185fb9e3979","fg0864","2","fg0988","fg0864","fg0296","fg0194","fg0084","fg0058","fg0464","fg0815","fg0444","fg0996","fg0227","fg0952","fg0156","fg0978","fg0758","fg0471","fg0666","fg0450","fg0761","fg0603"
"fq003719","vx_78cba185fb9e3979","fg0864","1","fg0864","fg0932","fg0291","fg0225","fg0440","fg0984","fg0194","fg0296","fg0059","fg0058","fg0435","fg0418","fg0988","fg0697","fg0543","fg0084","fg0634","fg0535","fg0121","fg0041"
"fq003720","vx_78cba185fb9e3979","fg0864","1","fg0864","fg0296","fg0988","fg0932","fg0225","fg0086","fg0058","fg0194","fg0440","fg0436","fg0543","fg0084","fg0478","fg0697","fg0918","fg0338","fg0059","fg0374","fg0550","fg0298"
"fq003721","vx_78cba185fb9e3979","fg0864","1","fg0864","fg0296","fg0988","fg0086","fg0550","fg0084","fg0225","fg0194","fg0338","fg0951","fg0452","fg0543","fg0436","fg0374","fg0918","fg0758","fg0298","fg0478","fg0931","fg0697"
"fq003722","vx_78cba185fb9e3979","fg0864","1","fg0864","fg0988","fg0296","fg0086","fg0550","fg0951","fg0084","fg0194","fg0436","fg0709","fg0947","fg0758","fg0543","fg0697","fg0338","fg0225","fg0931","fg0932","fg0595","fg0058"
"fq003723","vx_62cfc0eb76ea8295","fg0865","1","fg0865","fg0662","fg0470","fg0537","fg0181","fg0418","fg0182","fg0517","fg0163","fg0757","fg0528","fg0880","fg0962","fg0033","fg0920","fg0835","fg0898","fg0334","fg0943","fg0241"
"fq003724","vx_3ba9315bd7ba5d1d","fg0866","1","fg0866","fg0528","fg0663","fg0502","fg0734","fg0025","fg0958","fg0679","fg0333","fg0331","fg0641","fg0413","fg0210","fg0561","fg0777","fg0868","fg0556","fg0559","fg0515","fg0461"
"fq003725","vx_0ece9bf4112a0f8e","fg0867","1","fg0867","fg0973","fg0383","fg0641","fg0987","fg0514","fg0628","fg0138","fg0431","fg0938","fg0430","fg0487","fg0219","fg0895","fg0267","fg0708","fg0270","fg0290","fg0985","fg0535"
"fq003726","vx_0ece9bf4112a0f8e","fg0867","1","fg0867","fg0973","fg0383","fg0987","fg0641","fg0138","fg0514","fg0628","fg0938","fg0431","fg0219","fg0270","fg0708","fg0487","fg0538","fg0290","fg0320","fg0895","fg0547","fg0994"
"fq003727","vx_9ebc3232e03e6d1e","fg0868","24","fg0831","fg0191","fg0907","fg0438","fg0334","fg0747","fg0106","fg0591","fg0211","fg0195","fg0175","fg0483","fg0147","fg0343","fg0976","fg0388","fg0790","fg0025","fg0798","fg0435"
"fq003728","vx_9ebc3232e03e6d1e","fg0868","54","fg0517","fg0334","fg0747","fg0367","fg0117","fg0528","fg0831","fg0147","fg0537","fg0191","fg0865","fg0126","fg0662","fg0631","fg0793","fg0591","fg0728","fg0142","fg0175","fg0544"
"fq003729","vx_9ebc3232e03e6d1e","fg0868","133","fg0147","fg0831","fg0747","fg0175","fg0191","fg0334","fg0517","fg0591","fg0117","fg0367","fg0528","fg0126","fg0195","fg0809","fg0537","fg0438","fg0980","fg0142","fg0505","fg0865"
"fq003730","vx_acfd933036260f59","fg0869","5","fg0986","fg0032","fg0150","fg0847","fg0869","fg0090","fg0860","fg0103","fg0583","fg0718","fg0258","fg0417","fg0786","fg0763","fg0922","fg0281","fg0342","fg0442","fg0858","fg0807"
"fq003731","vx_acfd933036260f59","fg0869","2","fg0090","fg0869","fg0103","fg0986","fg0150","fg0847","fg0032","fg0583","fg0860","fg0258","fg0718","fg0417","fg0763","fg0786","fg0798","fg0745","fg0003","fg0591","fg0675","fg0593"
"fq003732","vx_acfd933036260f59","fg0869","4","fg0986","fg0032","fg0150","fg0869","fg0847","fg0090","fg0860","fg0103","fg0583","fg0718","fg0258","fg0417","fg0786","fg0763","fg0922","fg0807","fg0525","fg0858","fg0281","fg0593"
"fq003733","vx_acfd933036260f59","fg0869","1","fg0869","fg0986","fg0032","fg0090","fg0150","fg0847","fg0980","fg0258","fg0103","fg0860","fg0583","fg0718","fg0021","fg0417","fg0957","fg0506","fg0896","fg0751","fg0656","fg0786"
"fq003734","vx_acfd933036260f59","fg0869","2","fg0090","fg0869","fg0986","fg0103","fg0032","fg0150","fg0847","fg0860","fg0583","fg0718","fg0258","fg0417","fg0786","fg0763","fg0922","fg0442","fg0281","fg0525","fg0593","fg0430"
"fq003735","vx_acfd933036260f59","fg0869","3","fg0090","fg0103","fg0869","fg0986","fg0032","fg0150","fg0847","fg0860","fg0583","fg0718","fg0258","fg0417","fg0786","fg0763","fg0922","fg0442","fg0281","fg0593","fg0224","fg0878"
"fq003736","vx_acfd933036260f59","fg0869","2","fg0032","fg0869","fg0986","fg0150","fg0847","fg0722","fg0945","fg0090","fg0648","fg0860","fg0102","fg0941","fg0103","fg0501","fg0801","fg0192","fg0910","fg0043","fg0136","fg0718"
"fq003737","vx_acfd933036260f59","fg0869","3","fg0986","fg0032","fg0869","fg0090","fg0150","fg0847","fg0103","fg0860","fg0583","fg0718","fg0258","fg0417","fg0786","fg0763","fg0922","fg0442","fg0281","fg0525","fg0858","fg0593"
"fq003738","vx_acfd933036260f59","fg0869","1","fg0869","fg0090","fg0103","fg0150","fg0986","fg0847","fg0032","fg0583","fg0860","fg0258","fg0718","fg0745","fg0417","fg0525","fg0786","fg0763","fg0778","fg0073","fg0591","fg0021"
"fq003739","vx_0d9540d6efc9819c","fg0870","1","fg0870","fg0898","fg0417","fg0158","fg0537","fg0545","fg0056","fg0242","fg0360","fg0570","fg0809","fg0121","fg0153","fg0335","fg0904","fg0024","fg0243","fg0859","fg0408","fg0997"
"fq003740","vx_0d9540d6efc9819c","fg0870","237","fg0801","fg0648","fg0102","fg0945","fg0941","fg0722","fg0501","fg0192","fg0043","fg0910","fg0136","fg0996","fg0956","fg0471","fg0610","fg0385","fg0838","fg0228","fg0156","fg0604"
"fq003741","vx_0d9540d6efc9819c","fg0870","1","fg0870","fg0898","fg0417","fg0242","fg0158","fg0809","fg0056","fg0545","fg0537","fg0335","fg0360","fg0653","fg0300","fg0025","fg0408","fg0243","fg0980","fg0904","fg0923","fg0859"
"fq003742","vx_0d9540d6efc9819c","fg0870","1","fg0870","fg0722","fg0102","fg0648","fg0941","fg0501","fg0801","fg0945","fg0910","fg0192","fg0043","fg0136","fg0996","fg0956","fg0898","fg0385","fg0471","fg0417","fg0158","fg0610"
"fq003743","vx_0d9540d6efc9819c","fg0870","1","fg0870","fg0923","fg0898","fg0026","fg0759","fg0242","fg0461","fg0158","fg0417","fg0809","fg0333","fg0940","fg0056","fg0021","fg0408","fg0751","fg0626","fg0537","fg0300","fg0545"
"fq003744","vx_0d9540d6efc9819c","fg0870","1","fg0870","fg0878","fg0898","fg0417","fg0997","fg0158","fg0809","fg0500","fg0537","fg0056","fg0798","fg0761","fg0545","fg0242","fg0161","fg0904","fg0153","fg0243","fg0333","fg0731"
"fq003745","vx_0d9540d6efc9819c","fg0870","1","fg0870","fg0898","fg0158","fg0417","fg0545","fg0360","fg0537","fg0268","fg0242","fg0335","fg0056","fg0653","fg0855","fg0904","fg0025","fg0731","fg0408","fg0859","fg0752","fg0243"
"fq003746","vx_0d9540d6efc9819c","fg0870","1","fg0870","fg0898","fg0158","fg0417","fg0242","fg0545","fg0809","fg0904","fg0360","fg0752","fg0537","fg0408","fg0056","fg0268","fg0653","fg0570","fg0300","fg0626","fg0335","fg0855"
"fq003747","vx_0d9540d6efc9819c","fg0870","1","fg0870","fg0898","fg0158","fg0417","fg0242","fg0537","fg0408","fg0545","fg0809","fg0335","fg0360","fg0300","fg0904","fg0997","fg0268","fg0056","fg0753","fg0025","fg0731","fg0153"
"fq003748","vx_0d9540d6efc9819c","fg0870","1","fg0870","fg0898","fg0417","fg0461","fg0242","fg0923","fg0940","fg0158","fg0537","fg0026","fg0625","fg0201","fg0759","fg0408","fg0268","fg0855","fg0300","fg0640","fg0859","fg0335"
"fq003749","vx_0d9540d6efc9819c","fg0870","1","fg0870","fg0898","fg0158","fg0417","fg0809","fg0545","fg0360","fg0242","fg0537","fg0904","fg0153","fg0855","fg0268","fg0056","fg0335","fg0025","fg0653","fg0997","fg0300","fg0859"
"fq003750","vx_0d9540d6efc9819c","fg0870","1","fg0870","fg0923","fg0461","fg0026","fg0333","fg0242","fg0898","fg0417","fg0759","fg0940","fg0980","fg0021","fg0499","fg0056","fg0809","fg0859","fg0158","fg0751","fg0408","fg0653"
"fq003751","vx_0d9540d6efc9819c","fg0870","52","fg0722","fg0648","fg0102","fg0801","fg0941","fg0945","fg0501","fg0192","fg0043","fg0136","fg0910","fg0996","fg0956","fg0385","fg0610","fg0471","fg0923","fg0333","fg0672","fg0751"
"fq003752","vx_0d9540d6efc9819c","fg0870","1","fg0870","fg0809","fg0153","fg0997","fg0898","fg0923","fg0333","fg0026","fg0759","fg0056","fg0461","fg0417","fg0751","fg0242","fg0158","fg0021","fg0940","fg0408","fg0300","fg0980"
"fq003753","vx_0d9540d6efc9819c","fg0870","1","fg0870","fg0898","fg0158","fg0417","fg0809","fg0242","fg0360","fg0545","fg0904","fg0335","fg0537","fg0268","fg0153","fg0056","fg0300","fg0855","fg0025","fg0997","fg0408","fg0752"
"fq003754","vx_0d9540d6efc9819c","fg0870","1","fg0870","fg0898","fg0158","fg0956","fg0722","fg0910","fg0242","fg0648","fg0417","fg0102","fg0501","fg0809","fg0941","fg0945","fg0801","fg0192","fg0136","fg0996","fg0335","fg0545"
"fq003755","vx_0d9540d6efc9819c","fg0870","4","fg0333","fg0923","fg0461","fg0870","fg0021","fg0866","fg0759","fg0073","fg0026","fg0940","fg0017","fg0997","fg0809","fg0898","fg0423","fg0153","fg0798","fg0417","fg0751","fg0679"
"fq003756","vx_0d9540d6efc9819c","fg0870","1","fg0870","fg0898","fg0417","fg0360","fg0545","fg0158","fg0537","fg0242","fg0904","fg0335","fg0056","fg0268","fg0855","fg0025","fg0300","fg0608","fg0274","fg0243","fg0653","fg0809"
"fq003757","vx_0d9540d6efc9819c","fg0870","1","fg0870","fg0898","fg0242","fg0417","fg0158","fg0537","fg0809","fg0545","fg0153","fg0408","fg0056","fg0859","fg0653","fg0121","fg0904","fg0731","fg0360","fg0335","fg0333","fg0626"
"fq003758","vx_0d9540d6efc9819c","fg0870","1","fg0870","fg0898","fg0417","fg0809","fg0158","fg0545","fg0056","fg0360","fg0242","fg0537","fg0335","fg0153","fg0997","fg0904","fg0025","fg0855","fg0300","fg0653","fg0751","fg0859"
"fq003759","vx_0d9540d6efc9819c","fg0870","1","fg0870","fg0898","fg0417","fg0158","fg0545","fg0360","fg0809","fg0537","fg0056","fg0904","fg0335","fg0242","fg0855","fg0025","fg0300","fg0268","fg0153","fg0859","fg0274","fg0243"
"fq003760","vx_0d9540d6efc9819c","fg0870","1","fg0870","fg0898","fg0158","fg0242","fg0417","fg0809","fg0537","fg0408","fg0545","fg0904","fg0360","fg0056","fg0300","fg0731","fg0153","fg0335","fg0752","fg0997","fg0753","fg0653"
"fq003761","vx_0d9540d6efc9819c","fg0870","1","fg0870","fg0898","fg0158","fg0417","fg0242","fg0809","fg0545","fg0537","fg0904","fg0360","fg0408","fg0300","fg0056","fg0997","fg0153","fg0335","fg0626","fg0855","fg0731","fg0268"
"fq003762","vx_0d9540d6efc9819c","fg0870","1","fg0870","fg0333","fg0809","fg0417","fg0898","fg0073","fg0153","fg0997","fg0021","fg0923","fg0461","fg0242","fg0545","fg0460","fg0751","fg0360","fg0335","fg0798","fg0158","fg0537"
"fq003763","vx_0d9540d6efc9819c","fg0870","1","fg0870","fg0898","fg0158","fg0417","fg0242","fg0545","fg0809","fg0537","fg0904","fg0360","fg0056","fg0408","fg0335","fg0153","fg0300","fg0025","fg0731","fg0855","fg0653","fg0268"
"fq003764","vx_0d9540d6efc9819c","fg0870","1","fg0870","fg0898","fg0158","fg0242","fg0417","fg0056","fg0537","fg0809","fg0545","fg0360","fg0408","fg0335","fg0753","fg0300","fg0731","fg0243","fg0904","fg0025","fg0752","fg0980"
"fq003765","vx_0d9540d6efc9819c","fg0870","1","fg0870","fg0898","fg0417","fg0242","fg0158","fg0809","fg0545","fg0537","fg0300","fg0056","fg0360","fg0904","fg0335","fg0268","fg0997","fg0408","fg0153","fg0855","fg0025","fg0859"
"fq003766","vx_0d9540d6efc9819c","fg0870","1","fg0870","fg0898","fg0158","fg0809","fg0417","fg0545","fg0242","fg0360","fg0153","fg0904","fg0056","fg0335","fg0855","fg0997","fg0653","fg0537","fg0025","fg0268","fg0859","fg0300"
"fq003767","vx_0d9540d6efc9819c","fg0870","1","fg0870","fg0056","fg0809","fg0417","fg0243","fg0335","fg0545","fg0980","fg0025","fg0360","fg0898","fg0158","fg0537","fg0751","fg0522","fg0904","fg0153","fg0333","fg0274","fg0859"
"fq003768","vx_0d9540d6efc9819c","fg0870","1","fg0870","fg0898","fg0158","fg0417","fg0242","fg0360","fg0545","fg0537","fg0268","fg0335","fg0904","fg0855","fg0809","fg0056","fg0025","fg0653","fg0300","fg0408","fg0752","fg0731"
"fq003769","vx_bb5c4b4abd7327d9","fg0871","1","fg0871","fg0678","fg0370","fg0066","fg0836","fg0489","fg0850","fg0578","fg0845","fg0228","fg0575","fg0080","fg0171","fg0324","fg0381","fg0953","fg0604","fg0715","fg0758","fg0769"
"fq003770","vx_bb5c4b4abd7327d9","fg0871","1","fg0871","fg0678","fg0066","fg0370","fg0836","fg0489","fg0578","fg0850","fg0845","fg0228","fg0575","fg0080","fg0171","fg0324","fg0381","fg0953","fg0604","fg0715","fg0006","fg0399"
"fq003771","vx_8aedf6e1b5753b13","fg0872","1","fg0872","fg0042","fg0963","fg0876","fg0726","fg0311","fg0683","fg0412","fg0775","fg0720","fg0185","fg0028","fg0971","fg0012","fg0122","fg0162","fg0756","fg0465","fg0298","fg0883"
"fq003772","vx_8aedf6e1b5753b13","fg0872","447","fg0423","fg0392","fg0961","fg0073","fg0184","fg0990","fg0270","fg0345","fg0372","fg0487","fg0964","fg0574","fg0035","fg0169","fg0765","fg0837","fg0348","fg0778","fg0527","fg0807"
"fq003773","vx_8aedf6e1b5753b13","fg0872","101","fg0980","fg0506","fg0837","fg0561","fg0949","fg0896","fg0433","fg0021","fg0308","fg0589","fg0328","fg0828","fg0133","fg0175","fg0776","fg0778","fg0345","fg0145","fg0073","fg0263"
"fq003774","vx_8aedf6e1b5753b13","fg0872","8","fg0345","fg0487","fg0778","fg0440","fg0308","fg0868","fg0169","fg0872","fg0372","fg0073","fg0857","fg0225","fg0938","fg0290","fg0398","fg0157","fg0745","fg0652","fg0432","fg0958"
"fq003775","vx_8aedf6e1b5753b13","fg0872","28","fg0308","fg0405","fg0745","fg0225","fg0175","fg0483","fg0156","fg0761","fg0958","fg0778","fg0868","fg0857","fg0976","fg0790","fg0977","fg0978","fg0955","fg0561","fg0106","fg0444"
"fq003776","vx_8aedf6e1b5753b13","fg0872","17","fg0722","fg0102","fg0648","fg0941","fg0945","fg0801","fg0501","fg0192","fg0043","fg0136","fg0910","fg0996","fg0956","fg0385","fg0471","fg0610","fg0872","fg0838","fg0156","fg0628"
"fq003777","vx_8aedf6e1b5753b13","fg0872","1","fg0872","fg0963","fg0042","fg0298","fg0311","fg0726","fg0633","fg0683","fg0988","fg0876","fg0263","fg0065","fg0185","fg0330","fg0349","fg0649","fg0756","fg0012","fg0084","fg0290"
"fq003778","vx_8aedf6e1b5753b13","fg0872","23","fg0761","fg0667","fg0687","fg0350","fg0131","fg0233","fg0161","fg0521","fg0433","fg0405","fg0444","fg0693","fg0790","fg0863","fg0776","fg0299","fg0133","fg0392","fg0403","fg0305"
"fq003779","vx_8aedf6e1b5753b13","fg0872","1","fg0872","fg0042","fg0963","fg0726","fg0683","fg0876","fg0263","fg0311","fg0185","fg0298","fg0012","fg0719","fg0649","fg0328","fg0349","fg0988","fg0065","fg0756","fg0633","fg0290"
"fq003780","vx_8aedf6e1b5753b13","fg0872","1","fg0872","fg0876","fg0963","fg0042","fg0726","fg0311","fg0683","fg0775","fg0971","fg0185","fg0465","fg0162","fg0012","fg0720","fg0908","fg0839","fg0649","fg0756","fg0502","fg0557"
"fq003781","vx_8aedf6e1b5753b13","fg0872","1","fg0872","fg0876","fg0042","fg0726","fg0963","fg0683","fg0775","fg0311","fg0012","fg0299","fg0734","fg0649","fg0958","fg0263","fg0981","fg0185","fg0719","fg0839","fg0308","fg0971"
"fq003782","vx_8aedf6e1b5753b13","fg0872","1","fg0872","fg0042","fg0963","fg0876","fg0726","fg0311","fg0683","fg0185","fg0971","fg0775","fg0012","fg0720","fg0162","fg0465","fg0756","fg0908","fg0649","fg0839","fg0618","fg0263"
"fq003783","vx_8aedf6e1b5753b13","fg0872","1","fg0872","fg0963","fg0042","fg0876","fg0726","fg0311","fg0683","fg0775","fg0012","fg0185","fg0971","fg0756","fg0162","fg0908","fg0839","fg0465","fg0649","fg0988","fg0290","fg0432"
"fq003784","vx_8aedf6e1b5753b13","fg0872","1","fg0872","fg0042","fg0963","fg0726","fg0876","fg0683","fg0311","fg0012","fg0263","fg0185","fg0649","fg0719","fg0029","fg0298","fg0756","fg0988","fg0639","fg0775","fg0949","fg0349"
"fq003785","vx_8aedf6e1b5753b13","fg0872","56","fg0837","fg0980","fg0506","fg0749","fg0433","fg0085","fg0896","fg0776","fg0846","fg0561","fg0233","fg0145","fg0308","fg0474","fg0496","fg0262","fg0305","fg0949","fg0816","fg0175"
"fq003786","vx_8aedf6e1b5753b13","fg0872","18","fg0722","fg0102","fg0648","fg0801","fg0945","fg0941","fg0192","fg0501","fg0136","fg0043","fg0996","fg0910","fg0956","fg0471","fg0385","fg0610","fg0156","fg0872","fg0849","fg0672"
"fq003787","vx_8aedf6e1b5753b13","fg0872","1","fg0872","fg0042","fg0876","fg0726","fg0963","fg0683","fg0311","fg0012","fg0649","fg0185","fg0775","fg0298","fg0263","fg0633","fg0299","fg0290","fg0988","fg0958","fg0756","fg0651"
"fq003788","vx_8aedf6e1b5753b13","fg0872","1","fg0872","fg0963","fg0042","fg0876","fg0726","fg0311","fg0683","fg0185","fg0971","fg0775","fg0162","fg0465","fg0012","fg0756","fg0720","fg0908","fg0839","fg0649","fg0298","fg0988"
"fq003789","vx_8aedf6e1b5753b13","fg0872","1","fg0872","fg0042","fg0963","fg0876","fg0726","fg0311","fg0683","fg0633","fg0298","fg0185","fg0012","fg0330","fg0649","fg0988","fg0065","fg0084","fg0756","fg0349","fg0270","fg0908"
"fq003790","vx_8aedf6e1b5753b13","fg0872","1","fg0872","fg0963","fg0042","fg0876","fg0726","fg0311","fg0683","fg0185","fg0298","fg0633","fg0012","fg0988","fg0330","fg0756","fg0065","fg0649","fg0349","fg0908","fg0084","fg0171"
"fq003791","vx_8aedf6e1b5753b13","fg0872","1","fg0872","fg0876","fg0683","fg0963","fg0042","fg0726","fg0311","fg0720","fg0971","fg0162","fg0775","fg0185","fg0012","fg0465","fg0649","fg0029","fg0618","fg0756","fg0298","fg0633"
"fq003792","vx_8aedf6e1b5753b13","fg0872","67","fg0722","fg0102","fg0801","fg0648","fg0945","fg0043","fg0941","fg0501","fg0192","fg0136","fg0910","fg0385","fg0956","fg0996","fg0471","fg0610","fg0156","fg0131","fg0849","fg0838"
"fq003793","vx_8aedf6e1b5753b13","fg0872","1","fg0872","fg0876","fg0726","fg0683","fg0042","fg0121","fg0761","fg0299","fg0308","fg0963","fg0790","fg0405","fg0958","fg0490","fg0778","fg0857","fg0483","fg0886","fg0977","fg0175"
"fq003794","vx_8aedf6e1b5753b13","fg0872","1","fg0872","fg0042","fg0963","fg0876","fg0726","fg0311","fg0683","fg0012","fg0185","fg0649","fg0988","fg0298","fg0633","fg0330","fg0065","fg0756","fg0349","fg0908","fg0162","fg0290"
"fq003795","vx_8aedf6e1b5753b13","fg0872","1","fg0872","fg0042","fg0963","fg0311","fg0876","fg0726","fg0683","fg0298","fg0012","fg0185","fg0988","fg0649","fg0162","fg0756","fg0633","fg0971","fg0065","fg0349","fg0720","fg0330"
"fq003796","vx_8aedf6e1b5753b13","fg0872","1","fg0872","fg0876","fg0963","fg0042","fg0726","fg0311","fg0683","fg0775","fg0971","fg0405","fg0432","fg0185","fg0162","fg0839","fg0290","fg0012","fg0106","fg0121","fg0465","fg0521"
"fq003797","vx_8aedf6e1b5753b13","fg0872","1","fg0872","fg0876","fg0726","fg0963","fg0683","fg0042","fg0311","fg0775","fg0980","fg0957","fg0185","fg0971","fg0012","fg0720","fg0162","fg0839","fg0299","fg0756","fg0133","fg0341"
"fq003798","vx_8aedf6e1b5753b13","fg0872","1","fg0872","fg0876","fg0963","fg0726","fg0042","fg0683","fg0311","fg0345","fg0775","fg0487","fg0971","fg0185","fg0720","fg0839","fg0372","fg0756","fg0270","fg0162","fg0765","fg0938"
"fq003799","vx_8aedf6e1b5753b13","fg0872","149","fg0722","fg0102","fg0648","fg0801","fg0941","fg0945","fg0501","fg0192","fg0043","fg0136","fg0910","fg0996","fg0956","fg0385","fg0610","fg0471","fg0156","fg0849","fg0228","fg0407"
"fq003800","vx_8aedf6e1b5753b13","fg0872","1","fg0872","fg0963","fg0042","fg0876","fg0726","fg0311","fg0683","fg0185","fg0775","fg0012","fg0908","fg0971","fg0756","fg0649","fg0633","fg0298","fg0330","fg0988","fg0263","fg0065"
"fq003801","vx_8aedf6e1b5753b13","fg0872","3","fg0405","fg0225","fg0872","fg0726","fg0955","fg0435","fg0156","fg0761","fg0672","fg0308","fg0483","fg0876","fg0930","fg0290","fg0963","fg0775","fg0345","fg0106","fg0790","fg0299"
"fq003802","vx_8aedf6e1b5753b13","fg0872","197","fg0745","fg0778","fg0308","fg0857","fg0958","fg0551","fg0405","fg0561","fg0385","fg0169","fg0073","fg0122","fg0734","fg0426","fg0868","fg0028","fg0980","fg0412","fg0815","fg0883"
"fq003803","vx_8aedf6e1b5753b13","fg0872","1","fg0872","fg0963","fg0042","fg0876","fg0726","fg0311","fg0683","fg0185","fg0775","fg0012","fg0971","fg0720","fg0756","fg0908","fg0465","fg0162","fg0649","fg0988","fg0839","fg0110"
"fq003804","vx_8aedf6e1b5753b13","fg0872","14","fg0778","fg0745","fg0263","fg0426","fg0328","fg0719","fg0423","fg0958","fg0868","fg0804","fg0270","fg0837","fg0040","fg0872","fg0184","fg0990","fg0841","fg0073","fg0308","fg0551"
"fq003805","vx_8aedf6e1b5753b13","fg0872","18","fg0441","fg0085","fg0632","fg0659","fg0915","fg0188","fg0878","fg0667","fg0637","fg0131","fg0405","fg0981","fg0403","fg0749","fg0775","fg0522","fg0613","fg0872","fg0539","fg0017"
"fq003806","vx_8aedf6e1b5753b13","fg0872","1","fg0872","fg0749","fg0085","fg0412","fg0262","fg0963","fg0876","fg0683","fg0311","fg0726","fg0042","fg0028","fg0927","fg0813","fg0883","fg0775","fg0263","fg0160","fg0589","fg0992"
"fq003807","vx_8aedf6e1b5753b13","fg0872","83","fg0837","fg0749","fg0321","fg0980","fg0085","fg0776","fg0474","fg0433","fg0440","fg0496","fg0159","fg0345","fg0262","fg0896","fg0233","fg0506","fg0846","fg0308","fg0949","fg0133"
"fq003808","vx_8aedf6e1b5753b13","fg0872","1","fg0872","fg0963","fg0042","fg0876","fg0726","fg0311","fg0683","fg0298","fg0185","fg0012","fg0649","fg0633","fg0270","fg0775","fg0988","fg0756","fg0263","fg0908","fg0720","fg0719"
"fq003809","vx_a8ac76c8bf328dab","fg0873","1","fg0873","fg0859","fg0423","fg0687","fg0558","fg0707","fg0961","fg0527","fg0308","fg0172","fg0073","fg0778","fg0686","fg0761","fg0445","fg0198","fg0444","fg0837","fg0505","fg0653"
"fq003810","vx_a8ac76c8bf328dab","fg0873","1","fg0873","fg0707","fg0558","fg0859","fg0172","fg0198","fg0734","fg0439","fg0748","fg0686","fg0128","fg0778","fg0242","fg0127","fg0745","fg0308","fg0088","fg0310","fg0193","fg0958"
"fq003811","vx_a8ac76c8bf328dab","fg0873","1","fg0873","fg0417","fg0859","fg0335","fg0243","fg0707","fg0073","fg0537","fg0558","fg0545","fg0870","fg0290","fg0360","fg0056","fg0453","fg0855","fg0184","fg0025","fg0268","fg0594"
"fq003812","vx_a8ac76c8bf328dab","fg0873","1","fg0873","fg0859","fg0558","fg0707","fg0172","fg0686","fg0198","fg0128","fg0748","fg0056","fg0184","fg0310","fg0088","fg0876","fg0377","fg0624","fg0486","fg0449","fg0653","fg0059"
"fq003813","vx_c795d8c56532390e","fg0874","1","fg0874","fg0889","fg0454","fg0320","fg0149","fg0568","fg0346","fg0356","fg0574","fg0780","fg0345","fg0705","fg0599","fg0144","fg0794","fg0915","fg0064","fg0606","fg0208","fg0607"
"fq003814","vx_4d0974e9de5c42dc","fg0875","1","fg0875","fg0931","fg0983","fg0014","fg0052","fg0738","fg0194","fg0890","fg0210","fg0888","fg0509","fg0469","fg0937","fg0565","fg0247","fg0513","fg0848","fg0369","fg0200","fg0529"
"fq003815","vx_c1c248db2cfa94ff","fg0876","481","fg0722","fg0501","fg0801","fg0102","fg0648","fg0941","fg0945","fg0996","fg0192","fg0043","fg0136","fg0910","fg0956","fg0316","fg0260","fg0362","fg0841","fg0471","fg0040","fg0610"
"fq003816","vx_c1c248db2cfa94ff","fg0876","6","fg0873","fg0511","fg0558","fg0423","fg0366","fg0876","fg0396","fg0035","fg0202","fg0271","fg0917","fg0382","fg0632","fg0502","fg0888","fg0172","fg0707","fg0653","fg0128","fg0842"
"fq003817","vx_23c2c8340bb25c94","fg0877","1","fg0877","fg0994","fg0069","fg0254","fg0431","fg0245","fg0078","fg0514","fg0349","fg0331","fg0278","fg0189","fg0560","fg0937","fg0723","fg0973","fg0566","fg0928","fg0628","fg0915"
"fq003818","vx_9b9704f284a64cff","fg0878","1","fg0878","fg0798","fg0927","fg0343","fg0538","fg0028","fg0997","fg0483","fg0522","fg0612","fg0822","fg0412","fg0435","fg0790","fg0500","fg0308","fg0883","fg0169","fg0379","fg0153"
"fq003819","vx_86646817e9b5aa21","fg0879","1","fg0879","fg0076","fg0289","fg0885","fg0186","fg0901","fg0624","fg0020","fg0570","fg0636","fg0174","fg0726","fg0391","fg0440","fg0943","fg0753","fg0142","fg0774","fg0449","fg0353"
"fq003820","vx_f832e65171fa5b7b","fg0880","1","fg0880","fg0711","fg0650","fg0734","fg0750","fg0245","fg0114","fg0810","fg0528","fg0967","fg0556","fg0545","fg0920","fg0755","fg0312","fg0127","fg0796","fg0152","fg0768","fg0865"
"fq003821","vx_f832e65171fa5b7b","fg0880","1","fg0880","fg0711","fg0650","fg0750","fg0967","fg0528","fg0312","fg0545","fg0556","fg0746","fg0425","fg0819","fg0796","fg0039","fg0920","fg0865","fg0393","fg0055","fg0020","fg0734"
"fq003822","vx_f832e65171fa5b7b","fg0880","1","fg0880","fg0711","fg0650","fg0734","fg0556","fg0750","fg0528","fg0967","fg0920","fg0055","fg0039","fg0865","fg0746","fg0312","fg0898","fg0545","fg0796","fg0425","fg0819","fg0866"
"fq003823","vx_f832e65171fa5b7b","fg0880","4","fg0057","fg0523","fg0699","fg0880","fg0092","fg0711","fg0930","fg0706","fg0650","fg0970","fg0556","fg0750","fg0967","fg0734","fg0312","fg0920","fg0598","fg0898","fg0039","fg0819"
"fq003824","vx_f832e65171fa5b7b","fg0880","1","fg0880","fg0711","fg0650","fg0750","fg0967","fg0312","fg0920","fg0819","fg0039","fg0810","fg0545","fg0746","fg0734","fg0245","fg0796","fg0865","fg0898","fg0755","fg0556","fg0127"
"fq003825","vx_f832e65171fa5b7b","fg0880","1","fg0880","fg0711","fg0650","fg0750","fg0967","fg0312","fg0556","fg0734","fg0528","fg0819","fg0039","fg0920","fg0865","fg0545","fg0898","fg0746","fg0425","fg0055","fg0796","fg0866"
"fq003826","vx_f832e65171fa5b7b","fg0880","1","fg0880","fg0711","fg0650","fg0750","fg0967","fg0734","fg0810","fg0312","fg0245","fg0920","fg0039","fg0114","fg0545","fg0819","fg0746","fg0556","fg0755","fg0865","fg0898","fg0425"
"fq003827","vx_f832e65171fa5b7b","fg0880","1","fg0880","fg0711","fg0650","fg0734","fg0750","fg0556","fg0967","fg0312","fg0819","fg0545","fg0920","fg0528","fg0039","fg0796","fg0865","fg0425","fg0746","fg0898","fg0245","fg0127"
"fq003828","vx_f832e65171fa5b7b","fg0880","1","fg0880","fg0711","fg0650","fg0750","fg0967","fg0556","fg0734","fg0865","fg0796","fg0039","fg0312","fg0545","fg0819","fg0528","fg0898","fg0746","fg0020","fg0920","fg0425","fg0055"
"fq003829","vx_f832e65171fa5b7b","fg0880","1","fg0880","fg0711","fg0650","fg0750","fg0967","fg0545","fg0312","fg0796","fg0020","fg0746","fg0920","fg0819","fg0039","fg0898","fg0425","fg0865","fg0528","fg0842","fg0393","fg0556"
"fq003830","vx_f832e65171fa5b7b","fg0880","1","fg0880","fg0711","fg0650","fg0734","fg0750","fg0810","fg0967","fg0114","fg0545","fg0245","fg0312","fg0796","fg0556","fg0768","fg0920","fg0865","fg0819","fg0039","fg0755","fg0425"
"fq003831","vx_049fb44e1b550100","fg0881","25","fg0423","fg0687","fg0392","fg0961","fg0761","fg0321","fg0990","fg0837","fg0270","fg0035","fg0184","fg0798","fg0444","fg0482","fg0527","fg0693","fg0308","fg0350","fg0787","fg0416"
"fq003832","vx_049fb44e1b550100","fg0881","11","fg0360","fg0242","fg0300","fg0198","fg0482","fg0600","fg0068","fg0154","fg0594","fg0529","fg0881","fg0766","fg0135","fg0460","fg0142","fg0279","fg0128","fg0408","fg0335","fg0158"
"fq003833","vx_049fb44e1b550100","fg0881","4","fg0083","fg0744","fg0242","fg0881","fg0352","fg0622","fg0300","fg0902","fg0247","fg0408","fg0529","fg0154","fg0707","fg0689","fg0713","fg0340","fg0279","fg0748","fg0172","fg0870"
"fq003834","vx_049fb44e1b550100","fg0881","13","fg0083","fg0744","fg0352","fg0622","fg0247","fg0902","fg0360","fg0689","fg0198","fg0300","fg0154","fg0337","fg0881","fg0071","fg0482","fg0564","fg0843","fg0340","fg0242","fg0279"
"fq003835","vx_049fb44e1b550100","fg0881","25","fg0083","fg0744","fg0352","fg0622","fg0247","fg0902","fg0689","fg0564","fg0722","fg0002","fg0648","fg0337","fg0300","fg0102","fg0941","fg0425","fg0945","fg0910","fg0192","fg0801"
"fq003836","vx_049fb44e1b550100","fg0881","41","fg0184","fg0242","fg0083","fg0778","fg0305","fg0426","fg0521","fg0868","fg0744","fg0527","fg0444","fg0300","fg0314","fg0352","fg0360","fg0789","fg0247","fg0745","fg0707","fg0172"
"fq003837","vx_049fb44e1b550100","fg0881","7","fg0083","fg0352","fg0744","fg0622","fg0247","fg0902","fg0881","fg0314","fg0071","fg0689","fg0154","fg0564","fg0340","fg0337","fg0300","fg0444","fg0367","fg0843","fg0279","fg0482"
"fq003838","vx_eb70d7dcdd3cda81","fg0882","1","fg0882","fg0999","fg0680","fg0463","fg0512","fg0792","fg0166","fg0072","fg0215","fg0048","fg0199","fg0705","fg0232","fg0457","fg0011","fg0731","fg0632","fg0387","fg0468","fg0972"
"fq003839","vx_eb70d7dcdd3cda81","fg0882","1","fg0882","fg0999","fg0463","fg0512","fg0680","fg0792","fg0166","fg0048","fg0199","fg0072","fg0215","fg0475","fg0011","fg0705","fg0468","fg0387","fg0457","fg0232","fg0067","fg0088"
"fq003840","vx_eb70d7dcdd3cda81","fg0882","1","fg0882","fg0999","fg0463","fg0512","fg0792","fg0680","fg0166","fg0048","fg0199","fg0072","fg0215","fg0232","fg0705","fg0475","fg0457","fg0067","fg0468","fg0011","fg0972","fg0344"
"fq003841","vx_eb70d7dcdd3cda81","fg0882","1","fg0882","fg0999","fg0463","fg0512","fg0680","fg0792","fg0166","fg0048","fg0215","fg0199","fg0011","fg0072","fg0705","fg0232","fg0387","fg0344","fg0475","fg0731","fg0457","fg0088"
"fq003842","vx_eb70d7dcdd3cda81","fg0882","1","fg0882","fg0999","fg0463","fg0512","fg0166","fg0048","fg0680","fg0215","fg0792","fg0199","fg0011","fg0705","fg0387","fg0088","fg0520","fg0632","fg0731","fg0468","fg0072","fg0067"
"fq003843","vx_eb70d7dcdd3cda81","fg0882","1","fg0882","fg0999","fg0463","fg0512","fg0048","fg0166","fg0215","fg0011","fg0199","fg0705","fg0520","fg0088","fg0387","fg0680","fg0632","fg0731","fg0468","fg0792","fg0344","fg0422"
"fq003844","vx_eb70d7dcdd3cda81","fg0882","1","fg0882","fg0999","fg0463","fg0512","fg0680","fg0792","fg0166","fg0048","fg0199","fg0215","fg0072","fg0705","fg0232","fg0011","fg0475","fg0457","fg0344","fg0387","fg0468","fg0731"
"fq003845","vx_b883c0b4ed9af243","fg0883","29","fg0440","fg0952","fg0291","fg0003","fg0225","fg0269","fg0345","fg0506","fg0308","fg0394","fg0173","fg0132","fg0341","fg0177","fg0445","fg0526","fg0896","fg0932","fg0561","fg0929"
"fq003846","vx_cb457cbe3ce3bee5","fg0884","30","fg0389","fg0216","fg0333","fg0976","fg0968","fg0653","fg0130","fg0115","fg0327","fg0545","fg0690","fg0113","fg0181","fg0733","fg0796","fg0466","fg0885","fg0569","fg0670","fg0283"
"fq003847","vx_cb457cbe3ce3bee5","fg0884","1","fg0884","fg0834","fg0976","fg0784","fg0548","fg0283","fg0034","fg0562","fg0798","fg0196","fg0479","fg0539","fg0313","fg0977","fg0583","fg0515","fg0439","fg0432","fg0225","fg0385"
"fq003848","vx_cb457cbe3ce3bee5","fg0884","11","fg0216","fg0389","fg0976","fg0333","fg0283","fg0130","fg0968","fg0653","fg0834","fg0885","fg0884","fg0545","fg0466","fg0548","fg0569","fg0690","fg0327","fg0670","fg0784","fg0796"
"fq003849","vx_cb457cbe3ce3bee5","fg0884","3","fg0283","fg0834","fg0884","fg0784","fg0548","fg0034","fg0976","fg0562","fg0196","fg0479","fg0313","fg0243","fg0957","fg0433","fg0439","fg0539","fg0828","fg0159","fg0980","fg0760"
"fq003850","vx_cb457cbe3ce3bee5","fg0884","69","fg0506","fg0980","fg0175","fg0656","fg0561","fg0957","fg0737","fg0745","fg0426","fg0499","fg0831","fg0112","fg0976","fg0751","fg0305","fg0034","fg0834","fg0767","fg0521","fg0145"
"fq003851","vx_cb457cbe3ce3bee5","fg0884","1","fg0884","fg0834","fg0784","fg0976","fg0548","fg0283","fg0034","fg0562","fg0479","fg0196","fg0722","fg0385","fg0313","fg0136","fg0102","fg0801","fg0977","fg0648","fg0945","fg0956"
"fq003852","vx_cb457cbe3ce3bee5","fg0884","5","fg0283","fg0976","fg0389","fg0834","fg0884","fg0784","fg0034","fg0548","fg0659","fg0562","fg0115","fg0313","fg0113","fg0961","fg0104","fg0601","fg0181","fg0333","fg0572","fg0196"
"fq003853","vx_cb457cbe3ce3bee5","fg0884","211","fg0275","fg0130","fg0123","fg0389","fg0001","fg0333","fg0968","fg0466","fg0653","fg0885","fg0569","fg0327","fg0690","fg0503","fg0962","fg0936","fg0572","fg0388","fg0796","fg0531"
"fq003854","vx_cb457cbe3ce3bee5","fg0884","6","fg0834","fg0283","fg0784","fg0034","fg0976","fg0884","fg0548","fg0562","fg0196","fg0313","fg0521","fg0159","fg0439","fg0024","fg0479","fg0583","fg0977","fg0402","fg0749","fg0308"
"fq003855","vx_cb457cbe3ce3bee5","fg0884","434","fg0745","fg0426","fg0761","fg0308","fg0958","fg0405","fg0385","fg0846","fg0778","fg0527","fg0521","fg0551","fg0878","fg0499","fg0857","fg0073","fg0547","fg0980","fg0161","fg0411"
"fq003856","vx_cb457cbe3ce3bee5","fg0884","1","fg0884","fg0834","fg0283","fg0784","fg0548","fg0976","fg0034","fg0562","fg0479","fg0196","fg0313","fg0515","fg0439","fg0539","fg0216","fg0749","fg0977","fg0916","fg0652","fg0097"
"fq003857","vx_cb457cbe3ce3bee5","fg0884","5","fg0834","fg0283","fg0784","fg0034","fg0884","fg0548","fg0976","fg0562","fg0196","fg0957","fg0506","fg0159","fg0980","fg0313","fg0479","fg0243","fg0837","fg0539","fg0433","fg0964"
"fq003858","vx_cb457cbe3ce3bee5","fg0884","3","fg0976","fg0283","fg0884","fg0333","fg0968","fg0548","fg0834","fg0466","fg0690","fg0130","fg0784","fg0653","fg0034","fg0583","fg0389","fg0327","fg0308","fg0562","fg0181","fg0837"
"fq003859","vx_cb457cbe3ce3bee5","fg0884","2","fg0834","fg0884","fg0784","fg0283","fg0976","fg0548","fg0034","fg0562","fg0196","fg0479","fg0313","fg0439","fg0583","fg0085","fg0977","fg0515","fg0749","fg0159","fg0573","fg0675"
"fq003860","vx_cb457cbe3ce3bee5","fg0884","6","fg0834","fg0283","fg0275","fg0784","fg0123","fg0884","fg0001","fg0976","fg0548","fg0034","fg0503","fg0388","fg0562","fg0962","fg0389","fg0196","fg0583","fg0466","fg0936","fg0885"
"fq003861","vx_cb457cbe3ce3bee5","fg0884","7","fg0834","fg0976","fg0283","fg0784","fg0548","fg0034","fg0884","fg0562","fg0196","fg0389","fg0521","fg0313","fg0490","fg0977","fg0479","fg0506","fg0333","fg0024","fg0886","fg0733"
"fq003862","vx_32bba36dafb972cc","fg0885","1","fg0885","fg0130","fg0569","fg0968","fg0466","fg0690","fg0294","fg0936","fg0653","fg0327","fg0333","fg0001","fg0275","fg0241","fg0503","fg0123","fg0389","fg0624","fg0879","fg0186"
"fq003863","vx_32bba36dafb972cc","fg0885","1","fg0885","fg0569","fg0130","fg0186","fg0076","fg0879","fg0294","fg0968","fg0289","fg0466","fg0936","fg0690","fg0774","fg0653","fg0174","fg0470","fg0624","fg0241","fg0001","fg0901"
"fq003864","vx_1d28ecdd74238731","fg0886","3","fg0619","fg0790","fg0886","fg0024","fg0306","fg0176","fg0857","fg0271","fg0490","fg0551","fg0612","fg0639","fg0421","fg0509","fg0513","fg0955","fg0157","fg0483","fg0521","fg0121"
"fq003865","vx_bebc6bb49f370280","fg0887","1","fg0887","fg0434","fg0815","fg0266","fg0812","fg0771","fg0612","fg0421","fg0912","fg0009","fg0305","fg0120","fg0551","fg0493","fg0234","fg0271","fg0631","fg0112","fg0189","fg0366"
"fq003866","vx_aa08d5ebf4ed3166","fg0888","333","fg0667","fg0432","fg0031","fg0160","fg0218","fg0990","fg0522","fg0355","fg0665","fg0118","fg0878","fg0863","fg0500","fg0301","fg0837","fg0152","fg0491","fg0798","fg0496","fg0883"
"fq003867","vx_aa08d5ebf4ed3166","fg0888","1","fg0888","fg0133","fg0366","fg0250","fg0875","fg0509","fg0396","fg0607","fg0699","fg0890","fg0271","fg0942","fg0522","fg0155","fg0902","fg0603","fg0159","fg0535","fg0402","fg0666"
"fq003868","vx_aa08d5ebf4ed3166","fg0888","1","fg0888","fg0250","fg0875","fg0603","fg0522","fg0607","fg0942","fg0366","fg0133","fg0178","fg0396","fg0902","fg0271","fg0890","fg0535","fg0699","fg0159","fg0402","fg0738","fg0878"
"fq003869","vx_aa08d5ebf4ed3166","fg0888","3","fg0396","fg0366","fg0888","fg0535","fg0212","fg0271","fg0875","fg0155","fg0494","fg0133","fg0544","fg0203","fg0607","fg0250","fg0484","fg0890","fg0995","fg0950","fg0599","fg0509"
"fq003870","vx_aa08d5ebf4ed3166","fg0888","3","fg0396","fg0366","fg0888","fg0155","fg0509","fg0544","fg0133","fg0978","fg0875","fg0159","fg0212","fg0535","fg0271","fg0938","fg0995","fg0483","fg0413","fg0699","fg0890","fg0713"
"fq003871","vx_9cca2c6f38b131eb","fg0889","1","fg0889","fg0874","fg0454","fg0320","fg0568","fg0574","fg0902","fg0345","fg0584","fg0705","fg0599","fg0606","fg0144","fg0603","fg0939","fg0985","fg0756","fg0598","fg0064","fg0888"
"fq003872","vx_202e2022ec125f87","fg0890","14","fg0776","fg0233","fg0474","fg0693","fg0433","fg0350","fg0416","fg0321","fg0875","fg0438","fg0974","fg0980","fg0931","fg0890","fg0243","fg0509","fg0227","fg0500","fg0014","fg0450"
"fq003873","vx_f76e0a82ee6d6f60","fg0891","1","fg0891","fg0165","fg0429","fg0107","fg0472","fg0459","fg0616","fg0230","fg0253","fg0602","fg0554","fg0788","fg0615","fg0700","fg0215","fg0833","fg0524","fg0135","fg0298","fg0109"
"fq003874","vx_793939f2d0d17570","fg0892","1","fg0892","fg0952","fg0394","fg0124","fg0821","fg0236","fg0620","fg0686","fg0698","fg0239","fg0129","fg0177","fg0418","fg0600","fg0587","fg0122","fg0926","fg0944","fg0779","fg0756"
"fq003875","vx_793939f2d0d17570","fg0892","1","fg0892","fg0952","fg0124","fg0821","fg0394","fg0620","fg0236","fg0686","fg0698","fg0239","fg0944","fg0587","fg0926","fg0418","fg0122","fg0364","fg0178","fg0779","fg0177","fg0756"
"fq003876","vx_793939f2d0d17570","fg0892","1","fg0892","fg0952","fg0394","fg0124","fg0821","fg0128","fg0600","fg0129","fg0236","fg0310","fg0482","fg0360","fg0317","fg0172","fg0706","fg0620","fg0340","fg0686","fg0587","fg0779"
"fq003877","vx_793939f2d0d17570","fg0892","1","fg0892","fg0952","fg0124","fg0394","fg0821","fg0236","fg0620","fg0698","fg0686","fg0239","fg0418","fg0944","fg0587","fg0926","fg0122","fg0600","fg0756","fg0129","fg0779","fg0364"
"fq003878","vx_70a3003d38a2625b","fg0893","1","fg0893","fg0826","fg0327","fg0208","fg0363","fg0095","fg0466","fg0277","fg0477","fg0647","fg0339","fg0048","fg0524","fg0668","fg0925","fg0488","fg0303","fg0727","fg0465","fg0570"
"fq003879","vx_39c1b751910a79fb","fg0894","1","fg0894","fg0018","fg0180","fg0588","fg0062","fg0547","fg0665","fg0533","fg0379","fg0724","fg0037","fg0822","fg0888","fg0031","fg0811","fg0411","fg0027","fg0699","fg0837","fg0218"
"fq003880","vx_39c1b751910a79fb","fg0894","3","fg0807","fg0593","fg0894","fg0078","fg0603","fg0904","fg0320","fg0860","fg0118","fg0450","fg0227","fg0749","fg0889","fg0607","fg0254","fg0245","fg0150","fg0664","fg0190","fg0069"
"fq003881","vx_39c1b751910a79fb","fg0894","1","fg0894","fg0588","fg0180","fg0062","fg0533","fg0018","fg0037","fg0547","fg0379","fg0807","fg0724","fg0822","fg0811","fg0027","fg0411","fg0318","fg0665","fg0593","fg0262","fg0679"
"fq003882","vx_39c1b751910a79fb","fg0894","3","fg0807","fg0593","fg0894","fg0078","fg0190","fg0889","fg0320","fg0381","fg0118","fg0664","fg0904","fg0749","fg0603","fg0347","fg0874","fg0953","fg0607","fg0860","fg0254","fg0677"
"fq003883","vx_dededf8bf05f1c8a","fg0895","1","fg0895","fg0410","fg0126","fg0633","fg0185","fg0474","fg0867","fg0416","fg0973","fg0693","fg0574","fg0085","fg0588","fg0518","fg0350","fg0571","fg0233","fg0618","fg0303","fg0462"
"fq003884","vx_dededf8bf05f1c8a","fg0895","1","fg0895","fg0410","fg0126","fg0633","fg0867","fg0185","fg0474","fg0693","fg0416","fg0973","fg0574","fg0588","fg0233","fg0518","fg0676","fg0350","fg0618","fg0085","fg0411","fg0571"
"fq003885","vx_dededf8bf05f1c8a","fg0895","1","fg0895","fg0410","fg0126","fg0633","fg0535","fg0777","fg0574","fg0185","fg0618","fg0840","fg0085","fg1000","fg0518","fg0799","fg0928","fg0676","fg0641","fg0462","fg0326","fg0663"
"fq003886","vx_dededf8bf05f1c8a","fg0895","1","fg0895","fg0410","fg0126","fg0722","fg0136","fg0192","fg0996","fg0945","fg0633","fg0801","fg0102","fg0648","fg0941","fg0910","fg0501","fg0628","fg0973","fg0610","fg0350","fg0471"
"fq003887","vx_dededf8bf05f1c8a","fg0895","1","fg0895","fg0410","fg0126","fg0131","fg0350","fg0533","fg0667","fg0996","fg0411","fg0574","fg0491","fg0693","fg0301","fg0547","fg0973","fg0474","fg0426","fg0085","fg0633","fg0687"
"fq003888","vx_dededf8bf05f1c8a","fg0895","1","fg0895","fg0410","fg0126","fg0633","fg0185","fg0867","fg0474","fg0693","fg0574","fg0588","fg0560","fg0518","fg0085","fg0233","fg0303","fg0676","fg0416","fg0180","fg0350","fg0618"
"fq003889","vx_d2ada97d2338fe0d","fg0896","1","fg0896","fg0448","fg0210","fg0467","fg0735","fg0225","fg0842","fg0796","fg0572","fg0091","fg0200","fg0873","fg0044","fg0006","fg0514","fg0194","fg0632","fg0003","fg0436","fg0440"
"fq003890","vx_647362945d3c77da","fg0897","1","fg0897","fg0682","fg0721","fg0099","fg0567","fg0127","fg0748","fg0504","fg0755","fg0525","fg0810","fg0734","fg0519","fg0310","fg0081","fg0013","fg0439","fg0563","fg0729","fg0495"
"fq003891","vx_647362945d3c77da","fg0897","1","fg0897","fg0682","fg0099","fg0721","fg0567","fg0127","fg0748","fg0504","fg0755","fg0525","fg0310","fg0810","fg0734","fg0081","fg0519","fg0013","fg0439","fg0563","fg0555","fg0729"
"fq003892","vx_afbcc2d67ccbc43e","fg0898","1","fg0898","fg0870","fg0917","fg0242","fg0202","fg0158","fg0408","fg0132","fg0517","fg0865","fg0626","fg0920","fg0537","fg0805","fg0731","fg0835","fg0367","fg0809","fg0182","fg0327"
"fq003893","vx_afbcc2d67ccbc43e","fg0898","1","fg0898","fg0870","fg0917","fg0202","fg0423","fg0242","fg0392","fg0270","fg0184","fg0158","fg0035","fg0541","fg0408","fg0961","fg0511","fg0626","fg0321","fg0805","fg0570","fg0920"
"fq003894","vx_2446d3789ecc9196","fg0899","2","fg0157","fg0899","fg0398","fg0427","fg0452","fg0359","fg0169","fg0927","fg0543","fg0222","fg0253","fg0028","fg0120","fg0978","fg0412","fg0700","fg0372","fg0396","fg0822","fg0784"
"fq003895","vx_68302e60d8fcb687","fg0900","1","fg0900","fg0224","fg0248","fg0055","fg0480","fg0741","fg0371","fg0337","fg0259","fg0083","fg0620","fg0205","fg0101","fg0374","fg0166","fg0679","fg0087","fg0972","fg0116","fg0909"
"fq003896","vx_4ad97dc54577b8cd","fg0901","1","fg0901","fg0470","fg0391","fg0170","fg0186","fg0774","fg0020","fg0174","fg0205","fg0830","fg0786","fg0289","fg0105","fg0725","fg0763","fg0885","fg0879","fg0849","fg0002","fg0480"
"fq003897","vx_4ad97dc54577b8cd","fg0901","1","fg0901","fg0470","fg0391","fg0573","fg0170","fg0846","fg0020","fg0749","fg0186","fg0118","fg0515","fg0786","fg0105","fg0914","fg0535","fg0205","fg0359","fg0816","fg0593","fg0780"
"fq003898","vx_0cece4c9f2bc9044","fg0902","1","fg0902","fg0083","fg0744","fg0352","fg0622","fg0247","fg0133","fg0689","fg0071","fg0564","fg0958","fg0320","fg0337","fg0154","fg0843","fg0905","fg0603","fg0340","fg0535","fg0631"
"fq003899","vx_feaddddaa454086c","fg0903","1","fg0903","fg0974","fg0827","fg0510","fg0708","fg0463","fg0251","fg0999","fg0512","fg0526","fg0797","fg0439","fg0515","fg0468","fg0604","fg0754","fg0979","fg0595","fg0605","fg0934"
"fq003900","vx_feaddddaa454086c","fg0903","1","fg0903","fg0708","fg0974","fg0827","fg0510","fg0605","fg0604","fg0797","fg0577","fg0526","fg0515","fg0463","fg0700","fg0646","fg0999","fg0943","fg0439","fg0599","fg0058","fg0219"
"fq003901","vx_feaddddaa454086c","fg0903","1","fg0903","fg0708","fg0974","fg0827","fg0510","fg0439","fg0526","fg0463","fg0604","fg0515","fg0251","fg0512","fg0999","fg0797","fg0943","fg0605","fg0468","fg0700","fg0595","fg0754"
"fq003902","vx_feaddddaa454086c","fg0903","1","fg0903","fg0974","fg0827","fg0510","fg0708","fg0526","fg0251","fg0515","fg0797","fg0439","fg0463","fg0604","fg0468","fg0999","fg0512","fg0700","fg0605","fg0595","fg0717","fg0754"
"fq003903","vx_feaddddaa454086c","fg0903","1","fg0903","fg0974","fg0827","fg0510","fg0708","fg0526","fg0604","fg0797","fg0463","fg0439","fg0468","fg0515","fg0251","fg0999","fg0512","fg0064","fg0544","fg0605","fg0700","fg0754"
"fq003904","vx_feaddddaa454086c","fg0903","1","fg0903","fg0974","fg0827","fg0510","fg0708","fg0604","fg0526","fg0515","fg0797","fg0463","fg0439","fg0605","fg0064","fg0251","fg0700","fg0934","fg0512","fg0468","fg0999","fg0646"
"fq003905","vx_feaddddaa454086c","fg0903","1","fg0903","fg0974","fg0827","fg0708","fg0510","fg0797","fg0604","fg0605","fg0577","fg0463","fg0439","fg0251","fg0515","fg0526","fg0646","fg0999","fg0599","fg0754","fg0943","fg0479"
"fq003906","vx_feaddddaa454086c","fg0903","1","fg0903","fg0974","fg0827","fg0708","fg0510","fg0463","fg0526","fg0797","fg0512","fg0999","fg0251","fg0515","fg0439","fg0468","fg0604","fg0754","fg0934","fg0979","fg0053","fg0064"
"fq003907","vx_feaddddaa454086c","fg0903","1","fg0903","fg0974","fg0827","fg0510","fg0708","fg0797","fg0526","fg0515","fg0605","fg0604","fg0439","fg0251","fg0700","fg0934","fg0463","fg0382","fg0064","fg0943","fg0754","fg0544"
"fq003908","vx_feaddddaa454086c","fg0903","1","fg0903","fg0974","fg0827","fg0510","fg0708","fg0797","fg0604","fg0526","fg0515","fg0251","fg0463","fg0605","fg0468","fg0999","fg0544","fg0439","fg0979","fg0754","fg0512","fg0577"
"fq003909","vx_feaddddaa454086c","fg0903","1","fg0903","fg0974","fg0827","fg0708","fg0510","fg0515","fg0797","fg0526","fg0439","fg0463","fg0604","fg0605","fg0934","fg0251","fg0999","fg0064","fg0512","fg0468","fg0943","fg0700"
"fq003910","vx_feaddddaa454086c","fg0903","1","fg0903","fg0974","fg0827","fg0510","fg0708","fg0604","fg0463","fg0646","fg0468","fg0999","fg0512","fg0526","fg0797","fg0439","fg0515","fg0605","fg0979","fg0382","fg0064","fg0577"
"fq003911","vx_feaddddaa454086c","fg0903","1","fg0903","fg0974","fg0827","fg0510","fg0708","fg0526","fg0604","fg0797","fg0515","fg0439","fg0251","fg0605","fg0463","fg0577","fg0754","fg0646","fg0700","fg0058","fg0468","fg0999"
"fq003912","vx_feaddddaa454086c","fg0903","1","fg0903","fg0974","fg0827","fg0510","fg0708","fg0605","fg0797","fg0604","fg0251","fg0526","fg0515","fg0463","fg0700","fg0577","fg0439","fg0468","fg0646","fg0544","fg0999","fg0716"
"fq003913","vx_feaddddaa454086c","fg0903","1","fg0903","fg0974","fg0827","fg0708","fg0510","fg0463","fg0526","fg0251","fg0797","fg0512","fg0468","fg0999","fg0439","fg0604","fg0515","fg0700","fg0754","fg0605","fg0979","fg0934"
"fq003914","vx_feaddddaa454086c","fg0903","1","fg0903","fg0974","fg0827","fg0510","fg0708","fg0604","fg0703","fg0382","fg0535","fg0599","fg0538","fg0934","fg0219","fg0990","fg0754","fg0791","fg0626","fg0577","fg0439","fg0440"
"fq003915","vx_feaddddaa454086c","fg0903","1","fg0903","fg0974","fg0827","fg0708","fg0510","fg0463","fg0999","fg0797","fg0512","fg0468","fg0439","fg0526","fg0604","fg0251","fg0605","fg0515","fg0646","fg0754","fg0577","fg0979"
"fq003916","vx_feaddddaa454086c","fg0903","1","fg0903","fg0974","fg0827","fg0510","fg0708","fg0251","fg0515","fg0463","fg0797","fg0604","fg0526","fg0439","fg0943","fg0999","fg0605","fg0512","fg0754","fg0934","fg0064","fg0577"
"fq003917","vx_feaddddaa454086c","fg0903","1","fg0903","fg0974","fg0827","fg0708","fg0510","fg0515","fg0526","fg0251","fg0439","fg0463","fg0797","fg0604","fg0999","fg0512","fg0468","fg0605","fg0943","fg0700","fg0934","fg0717"
"fq003918","vx_feaddddaa454086c","fg0903","1","fg0903","fg0974","fg0827","fg0708","fg0510","fg0251","fg0604","fg0526","fg0463","fg0515","fg0439","fg0797","fg0943","fg0999","fg0512","fg0468","fg0605","fg0577","fg0717","fg0754"
"fq003919","vx_feaddddaa454086c","fg0903","1","fg0903","fg0974","fg0827","fg0510","fg0708","fg0604","fg0797","fg0463","fg0526","fg0605","fg0999","fg0512","fg0515","fg0468","fg0439","fg0251","fg0754","fg0646","fg0979","fg0382"
"fq003920","vx_f72731771f74c531","fg0904","1","fg0904","fg0447","fg0199","fg0280","fg0435","fg0802","fg0820","fg0711","fg0593","fg0469","fg0976","fg0322","fg0870","fg0920","fg0652","fg0406","fg0251","fg0880","fg0209","fg0807"
"fq003921","vx_7086d1fda3a625bd","fg0905","1","fg0905","fg0795","fg0274","fg0738","fg0045","fg0932","fg0366","fg0133","fg0464","fg0958","fg0888","fg0396","fg0571","fg0271","fg0494","fg0942","fg0250","fg0557","fg0187","fg0323"
"fq003922","vx_196d71be1c15b064","fg0906","1","fg0906","fg0810","fg0525","fg0240","fg0611","fg0027","fg0455","fg0724","fg0114","fg0202","fg0989","fg0768","fg0381","fg0822","fg0588","fg0823","fg0660","fg0275","fg0721","fg0373"
"fq003923","vx_0416a2375de6999c","fg0907","1","fg0907","fg0438","fg0195","fg0211","fg0334","fg0106","fg0831","fg0191","fg0747","fg0025","fg0591","fg0388","fg0513","fg0855","fg0980","fg0809","fg0938","fg0145","fg0030","fg0766"
"fq003924","vx_0416a2375de6999c","fg0907","2","fg0513","fg0907","fg0195","fg0334","fg0106","fg0391","fg0529","fg0020","fg0191","fg0438","fg0174","fg0739","fg0211","fg0955","fg0109","fg0763","fg0170","fg0223","fg0961","fg0831"
"fq003925","vx_0416a2375de6999c","fg0907","1","fg0907","fg0831","fg0334","fg0438","fg0195","fg0211","fg0191","fg0747","fg0106","fg0591","fg0980","fg0513","fg0025","fg0388","fg0809","fg0506","fg0855","fg0030","fg0938","fg0056"
"fq003926","vx_42d2ba6edd93a450","fg0908","1","fg0908","fg0535","fg0872","fg0957","fg0652","fg0378","fg0373","fg0756","fg0673","fg0046","fg0990","fg0726","fg0963","fg0762","fg0948","fg0240","fg0777","fg0782","fg0042","fg0876"
"fq003927","vx_51278ccc3ddad30a","fg0909","1","fg0909","fg0949","fg0796","fg0506","fg0369","fg0435","fg0175","fg0561","fg0216","fg0656","fg0545","fg0980","fg0222","fg0059","fg0751","fg0831","fg0820","fg0145","fg0991","fg0287"
"fq003928","vx_a3615dc8ee941e45","fg0910","2","fg0453","fg0910","fg0712","fg0417","fg0645","fg0646","fg0059","fg0969","fg0852","fg0317","fg0229","fg0336","fg0274","fg0594","fg0335","fg0079","fg0437","fg0447","fg0942","fg0243"
"fq003929","vx_60c0d1a9aa7fa719","fg0911","1","fg0911","fg0249","fg0101","fg0285","fg0473","fg0319","fg0773","fg0695","fg0395","fg0264","fg0959","fg0621","fg0729","fg0947","fg0535","fg0451","fg0252","fg0183","fg0483","fg0185"
"fq003930","vx_60c0d1a9aa7fa719","fg0911","1","fg0911","fg0695","fg0101","fg0285","fg0249","fg0773","fg0473","fg0319","fg0395","fg0264","fg0959","fg0621","fg0729","fg0252","fg0963","fg0174","fg0775","fg0535","fg0533","fg0451"
"fq003931","vx_019fa25a6be5bb59","fg0912","1","fg0912","fg0201","fg0640","fg0629","fg0995","fg0276","fg0625","fg0461","fg0940","fg0771","fg0713","fg0266","fg0353","fg0070","fg0137","fg0881","fg0006","fg0571","fg0057","fg0189"
"fq003932","vx_019fa25a6be5bb59","fg0912","1","fg0912","fg0625","fg0629","fg0276","fg0201","fg0640","fg0940","fg0461","fg0353","fg0771","fg0985","fg0571","fg0995","fg0804","fg0713","fg0070","fg0137","fg0508","fg0057","fg0282"
"fq003933","vx_03c88db730c88e4b","fg0913","1","fg0913","fg0468","fg0413","fg0032","fg0847","fg0860","fg0103","fg0986","fg0869","fg0583","fg0150","fg0090","fg0718","fg0756","fg0417","fg0763","fg0122","fg0839","fg0687","fg0492"
"fq003934","vx_d340fdf77af53023","fg0914","1","fg0914","fg0657","fg0573","fg0037","fg0679","fg0533","fg0547","fg0062","fg0180","fg0018","fg0515","fg0588","fg0822","fg0379","fg0665","fg0724","fg0886","fg0411","fg0031","fg0427"
"fq003935","vx_d340fdf77af53023","fg0914","1","fg0914","fg0657","fg0573","fg0047","fg0159","fg0515","fg0522","fg0933","fg0427","fg0576","fg0396","fg0942","fg0837","fg0402","fg0366","fg0151","fg0218","fg0784","fg0424","fg0505"
"fq003936","vx_ae3b451efa8414e3","fg0915","842","fg0366","fg0203","fg0271","fg0494","fg0950","fg0035","fg0484","fg0371","fg0502","fg0509","fg0423","fg0396","fg0510","fg0007","fg0888","fg0104","fg0938","fg0997","fg0374","fg0978"
"fq003937","vx_ae3b451efa8414e3","fg0915","1","fg0915","fg0909","fg0949","fg0059","fg0200","fg0121","fg0925","fg0859","fg0972","fg0072","fg0984","fg0036","fg0369","fg0435","fg0616","fg0241","fg0222","fg0511","fg0680","fg0942"
"fq003938","vx_8a55a9825709bc03","fg0916","1","fg0916","fg0456","fg0982","fg0548","fg0708","fg0884","fg0562","fg0319","fg0283","fg0834","fg0285","fg0479","fg0296","fg0034","fg0515","fg0630","fg0586","fg0976","fg0784","fg0301"
"fq003939","vx_8a55a9825709bc03","fg0916","1","fg0916","fg0456","fg0982","fg0708","fg0548","fg0630","fg0319","fg0283","fg0884","fg0562","fg0296","fg0704","fg0285","fg0479","fg0586","fg0034","fg0834","fg0301","fg0085","fg0143"
"fq003940","vx_8a55a9825709bc03","fg0916","1","fg0916","fg0456","fg0982","fg0548","fg0630","fg0562","fg0708","fg0884","fg0283","fg0479","fg0319","fg0296","fg0834","fg0704","fg0034","fg0285","fg0143","fg0586","fg0740","fg0784"
"fq003941","vx_8a55a9825709bc03","fg0916","1","fg0916","fg0456","fg0982","fg0548","fg0630","fg0283","fg0562","fg0884","fg0479","fg0704","fg0834","fg0034","fg0708","fg0319","fg0296","fg0740","fg0285","fg0239","fg0918","fg0784"
"fq003942","vx_8a55a9825709bc03","fg0916","1","fg0916","fg0548","fg0982","fg0456","fg0708","fg0562","fg0884","fg0479","fg0283","fg0515","fg0834","fg0034","fg0573","fg0319","fg0085","fg0784","fg0976","fg0749","fg0586","fg0704"
"fq003943","vx_8a55a9825709bc03","fg0916","1","fg0916","fg0456","fg0548","fg0479","fg0982","fg0562","fg0834","fg0708","fg0283","fg0034","fg0884","fg0296","fg0704","fg0630","fg0319","fg0515","fg0301","fg0285","fg0784","fg0740"
"fq003944","vx_b596082123d0a3b9","fg0917","1","fg0917","fg0511","fg0202","fg0650","fg0898","fg0752","fg0024","fg0572","fg0246","fg0558","fg0617","fg0842","fg0128","fg0581","fg0725","fg0570","fg0223","fg0059","fg0375","fg0445"
"fq003945","vx_8e03614a6d4c06e5","fg0918","1","fg0918","fg0630","fg0696","fg0497","fg0118","fg0297","fg0553","fg0129","fg0764","fg0348","fg0036","fg0824","fg0159","fg0178","fg0864","fg0100","fg0775","fg0832","fg0671","fg0364"
"fq003946","vx_8e03614a6d4c06e5","fg0918","1","fg0918","fg0630","fg0696","fg0553","fg0775","fg0118","fg0671","fg0297","fg0434","fg0006","fg0497","fg0812","fg0188","fg0364","fg0178","fg0764","fg0036","fg0543","fg0046","fg0292"
"fq003947","vx_8e03614a6d4c06e5","fg0918","334","fg0591","fg0005","fg0675","fg0224","fg0334","fg0191","fg0741","fg0679","fg0106","fg0805","fg0223","fg0844","fg0426","fg0815","fg0434","fg0831","fg0306","fg0747","fg0242","fg0055"
"fq003948","vx_8e03614a6d4c06e5","fg0918","142","fg0756","fg0122","fg0162","fg0720","fg0218","fg0110","fg0874","fg0683","fg0311","fg0454","fg0782","fg0908","fg0465","fg0177","fg0649","fg0031","fg0012","fg0345","fg0872","fg0889"
"fq003949","vx_8e03614a6d4c06e5","fg0918","43","fg0815","fg0812","fg0805","fg0434","fg0900","fg0486","fg0306","fg0224","fg0675","fg0513","fg0741","fg0591","fg0223","fg0005","fg0120","fg0553","fg0809","fg0796","fg0747","fg0739"
"fq003950","vx_8e03614a6d4c06e5","fg0918","58","fg0756","fg0122","fg0782","fg0177","fg0908","fg0110","fg0162","fg0720","fg0272","fg0874","fg0649","fg0454","fg0471","fg0236","fg0465","fg0012","fg0633","fg0349","fg0683","fg0889"
"fq003951","vx_8e03614a6d4c06e5","fg0918","55","fg0996","fg0722","fg0801","fg0192","fg0362","fg0648","fg0102","fg0945","fg0941","fg0316","fg0501","fg0043","fg0956","fg0040","fg0910","fg0841","fg0260","fg0136","fg0756","fg0411"
"fq003952","vx_8e03614a6d4c06e5","fg0918","1","fg0918","fg0553","fg0224","fg0630","fg0005","fg0675","fg0900","fg0242","fg0741","fg0805","fg0591","fg0116","fg0696","fg0158","fg0434","fg0844","fg0815","fg0739","fg0961","fg0408"
"fq003953","vx_8e03614a6d4c06e5","fg0918","1","fg0918","fg0630","fg0756","fg0696","fg0122","fg0118","fg0297","fg0497","fg0553","fg0129","fg0775","fg0764","fg0006","fg0658","fg0782","fg0508","fg0328","fg0178","fg0364","fg0188"
"fq003954","vx_8e03614a6d4c06e5","fg0918","1","fg0918","fg0630","fg0696","fg0297","fg0553","fg0118","fg0129","fg0764","fg0036","fg0100","fg0497","fg0824","fg0916","fg0220","fg0022","fg0178","fg0400","fg0864","fg0159","fg0671"
"fq003955","vx_8e03614a6d4c06e5","fg0918","1","fg0918","fg0630","fg0696","fg0118","fg0297","fg0553","fg0497","fg0129","fg0764","fg0022","fg0348","fg0671","fg0178","fg0916","fg0824","fg0100","fg0584","fg0036","fg0081","fg0188"
"fq003956","vx_81bca3e5c2eba677","fg0919","1","fg0919","fg0284","fg0197","fg0710","fg0818","fg0063","fg0455","fg0736","fg0740","fg0073","fg0230","fg0263","fg0965","fg0022","fg0064","fg0825","fg0330","fg0986","fg0595","fg0482"
"fq003957","vx_81bca3e5c2eba677","fg0919","2","fg0197","fg0919","fg0284","fg0710","fg0818","fg0063","fg0455","fg0350","fg0131","fg0355","fg0863","fg0687","fg0667","fg0160","fg0233","fg0693","fg0416","fg0301","fg0474","fg0776"
"fq003958","vx_cae2457437b98374","fg0920","1","fg0920","fg0406","fg0746","fg0955","fg0375","fg0005","fg0935","fg0513","fg0386","fg0898","fg0390","fg0727","fg0290","fg0458","fg0542","fg0904","fg0325","fg0686","fg0322","fg0443"
"fq003959","vx_cae2457437b98374","fg0920","1","fg0920","fg0406","fg0746","fg0375","fg0898","fg0955","fg0880","fg0935","fg0005","fg0390","fg0917","fg0904","fg0527","fg0969","fg0513","fg0458","fg0542","fg0711","fg0752","fg0259"
"fq003960","vx_3bb98161a6ceaaa7","fg0921","1","fg0921","fg0577","fg0613","fg0827","fg0659","fg0058","fg0775","fg0072","fg0125","fg0970","fg0556","fg0661","fg0183","fg0375","fg0880","fg0839","fg0441","fg0876","fg0437","fg0188"
"fq003961","vx_02bf779aa0a7cb40","fg0922","1","fg0922","fg0584","fg0560","fg0400","fg0006","fg0508","fg0032","fg0847","fg0578","fg0150","fg0986","fg0860","fg0568","fg0718","fg0869","fg0090","fg0258","fg0583","fg0894","fg0248"
"fq003962","vx_02bf779aa0a7cb40","fg0922","1","fg0922","fg0584","fg0560","fg0006","fg0400","fg0508","fg0894","fg0807","fg0593","fg0578","fg0032","fg0568","fg0320","fg0847","fg0346","fg0860","fg0150","fg0869","fg0986","fg0248"
"fq003963","vx_02bf779aa0a7cb40","fg0922","1","fg0922","fg0584","fg0560","fg0400","fg0006","fg0508","fg0032","fg0847","fg0986","fg0150","fg0860","fg0090","fg0718","fg0869","fg0578","fg0103","fg0258","fg0763","fg0583","fg0568"
"fq003964","vx_02bf779aa0a7cb40","fg0922","1","fg0922","fg0584","fg0560","fg0400","fg0006","fg0508","fg0032","fg0578","fg0847","fg0986","fg0150","fg0860","fg0718","fg0869","fg0090","fg0568","fg0763","fg0103","fg0258","fg0583"
"fq003965","vx_02bf779aa0a7cb40","fg0922","1","fg0922","fg0560","fg0584","fg0006","fg0508","fg0400","fg0894","fg0471","fg0320","fg0549","fg0578","fg0328","fg0902","fg0346","fg0896","fg0032","fg0939","fg0869","fg0603","fg0552"
"fq003966","vx_02bf779aa0a7cb40","fg0922","1","fg0922","fg0584","fg0560","fg0400","fg0006","fg0508","fg0032","fg0847","fg0986","fg0150","fg0860","fg0869","fg0090","fg0718","fg0578","fg0103","fg0258","fg0583","fg0763","fg0568"
"fq003967","vx_02bf779aa0a7cb40","fg0922","1","fg0922","fg0584","fg0560","fg0006","fg0508","fg0400","fg0136","fg0032","fg0847","fg0471","fg0578","fg0722","fg0860","fg0869","fg0150","fg0986","fg0718","fg0192","fg0103","fg0228"
"fq003968","vx_923480dff8eaa118","fg0923","1","fg0923","fg0759","fg0461","fg0026","fg0940","fg0625","fg0201","fg0804","fg0640","fg0866","fg0780","fg0995","fg0276","fg0629","fg0057","fg0742","fg0881","fg0557","fg0477","fg0017"
"fq003969","vx_923480dff8eaa118","fg0923","1","fg0923","fg0192","fg0749","fg0379","fg0026","fg0822","fg0837","fg0759","fg0894","fg0180","fg0724","fg0533","fg0018","fg0547","fg0440","fg0461","fg0588","fg0838","fg0037","fg0846"
"fq003970","vx_923480dff8eaa118","fg0923","19","fg0941","fg0945","fg0648","fg0801","fg0102","fg0043","fg0501","fg0722","fg0192","fg0910","fg0136","fg0996","fg0385","fg0471","fg0956","fg0610","fg0659","fg0838","fg0923","fg0131"
"fq003971","vx_923480dff8eaa118","fg0923","9","fg0461","fg0201","fg0640","fg0276","fg0940","fg0625","fg0629","fg0995","fg0923","fg0912","fg0759","fg0881","fg0985","fg0866","fg0017","fg0026","fg0070","fg0715","fg0171","fg0057"
"fq003972","vx_923480dff8eaa118","fg0923","1","fg0923","fg0759","fg0026","fg0461","fg0940","fg0625","fg0804","fg0780","fg0021","fg0866","fg0201","fg0017","fg0742","fg0278","fg0640","fg0227","fg0787","fg0057","fg0276","fg0629"
"fq003973","vx_923480dff8eaa118","fg0923","1","fg0923","fg0461","fg0759","fg0026","fg0940","fg0625","fg0201","fg0640","fg0804","fg0276","fg0629","fg0995","fg0866","fg0780","fg0057","fg0419","fg0912","fg0881","fg0477","fg0742"
"fq003974","vx_923480dff8eaa118","fg0923","8","fg0461","fg0201","fg0940","fg0640","fg0625","fg0276","fg0629","fg0923","fg0995","fg0759","fg0912","fg0881","fg0985","fg0866","fg0017","fg0026","fg0171","fg0057","fg0715","fg0070"
"fq003975","vx_a7690caa69f3a1d5","fg0924","4","fg0281","fg0634","fg0418","fg0924","fg0984","fg0702","fg0193","fg0023","fg0829","fg0065","fg0821","fg0209","fg0534","fg0728","fg0826","fg0458","fg0770","fg0865","fg0121","fg0697"
"fq003976","vx_a7690caa69f3a1d5","fg0924","771","fg0457","fg0792","fg0196","fg0680","fg0309","fg0099","fg0562","fg0366","fg0752","fg0072","fg0406","fg0232","fg0271","fg0479","fg0844","fg0396","fg0647","fg0217","fg0423","fg0035"
"fq003977","vx_a7690caa69f3a1d5","fg0924","230","fg0547","fg0588","fg0037","fg0062","fg0180","fg0018","fg0533","fg0379","fg0724","fg0822","fg0811","fg0894","fg0411","fg0665","fg0457","fg0027","fg0679","fg0752","fg0262","fg0680"
"fq003978","vx_a7690caa69f3a1d5","fg0924","515","fg0379","fg0547","fg0018","fg0822","fg0180","fg0062","fg0533","fg0588","fg0037","fg0811","fg0238","fg0894","fg0665","fg0411","fg0977","fg0724","fg0752","fg0444","fg0457","fg0242"
"fq003979","vx_a7690caa69f3a1d5","fg0924","622","fg0309","fg0170","fg0844","fg0516","fg0752","fg0879","fg0425","fg0457","fg0917","fg0176","fg0680","fg0792","fg0223","fg0393","fg0540","fg0072","fg0422","fg0375","fg0406","fg0357"
"fq003980","vx_a7690caa69f3a1d5","fg0924","575","fg0309","fg0844","fg0457","fg0792","fg0752","fg0680","fg0170","fg0072","fg0232","fg0879","fg0516","fg0917","fg0176","fg0099","fg0600","fg0406","fg0425","fg0410","fg0375","fg0820"
"fq003981","vx_a7690caa69f3a1d5","fg0924","624","fg0309","fg0844","fg0680","fg0792","fg0752","fg0170","fg0457","fg0072","fg0176","fg0879","fg0232","fg0516","fg0917","fg0406","fg0600","fg0099","fg0410","fg0425","fg0540","fg0393"
"fq003982","vx_a7690caa69f3a1d5","fg0924","615","fg0680","fg0792","fg0457","fg0309","fg0752","fg0072","fg0844","fg0232","fg0176","fg0917","fg0406","fg0879","fg0170","fg0238","fg0099","fg0600","fg0820","fg0511","fg0486","fg0410"
"fq003983","vx_a7690caa69f3a1d5","fg0924","4","fg0634","fg0281","fg0418","fg0924","fg0984","fg0193","fg0702","fg0023","fg0829","fg0728","fg0065","fg0209","fg0826","fg0534","fg0458","fg0821","fg0770","fg0268","fg0697","fg0865"
"fq003984","vx_a7690caa69f3a1d5","fg0924","256","fg0309","fg0457","fg0792","fg0844","fg0752","fg0680","fg0170","fg0072","fg0879","fg0516","fg0406","fg0099","fg0232","fg0820","fg0917","fg0366","fg0600","fg0425","fg0237","fg0396"
"fq003985","vx_a7690caa69f3a1d5","fg0924","625","fg0792","fg0680","fg0457","fg0309","fg0752","fg0072","fg0844","fg0232","fg0170","fg0176","fg0879","fg0917","fg0099","fg0600","fg0406","fg0516","fg0820","fg0511","fg0410","fg0105"
"fq003986","vx_a7690caa69f3a1d5","fg0924","715","fg0680","fg0309","fg0792","fg0457","fg0752","fg0844","fg0072","fg0170","fg0232","fg0879","fg0406","fg0778","fg0917","fg0130","fg0600","fg0516","fg0820","fg0857","fg0176","fg0099"
"fq003987","vx_a7690caa69f3a1d5","fg0924","846","fg0196","fg0562","fg0557","fg0366","fg0271","fg0217","fg0479","fg0396","fg0494","fg0099","fg0035","fg0203","fg0484","fg0548","fg0780","fg0423","fg0310","fg0834","fg0144","fg0574"
"fq003988","vx_a7690caa69f3a1d5","fg0924","564","fg0309","fg0844","fg0792","fg0457","fg0680","fg0170","fg0752","fg0072","fg0176","fg0516","fg0232","fg0879","fg0917","fg0099","fg0406","fg0425","fg0600","fg0410","fg0105","fg0820"
"fq003989","vx_a7690caa69f3a1d5","fg0924","655","fg0309","fg0844","fg0170","fg0752","fg0792","fg0457","fg0680","fg0516","fg0879","fg0072","fg0176","fg0917","fg0425","fg0540","fg0223","fg0393","fg0232","fg0406","fg0099","fg0357"
"fq003990","vx_a7690caa69f3a1d5","fg0924","541","fg0680","fg0792","fg0309","fg0457","fg0752","fg0072","fg0844","fg0232","fg0170","fg0176","fg0879","fg0917","fg0099","fg0406","fg0600","fg0820","fg0516","fg0511","fg0410","fg0105"
"fq003991","vx_a7690caa69f3a1d5","fg0924","691","fg0309","fg0792","fg0680","fg0457","fg0752","fg0844","fg0072","fg0170","fg0232","fg0099","fg0879","fg0406","fg0917","fg0516","fg0600","fg0820","fg0511","fg0176","fg0410","fg0105"
"fq003992","vx_a7690caa69f3a1d5","fg0924","640","fg0309","fg0792","fg0680","fg0844","fg0457","fg0752","fg0170","fg0072","fg0879","fg0232","fg0176","fg0917","fg0516","fg0600","fg0406","fg0375","fg0099","fg0820","fg0410","fg0425"
"fq003993","vx_a7690caa69f3a1d5","fg0924","55","fg0533","fg0547","fg0588","fg0180","fg0018","fg0062","fg0379","fg0811","fg0037","fg0724","fg0822","fg0411","fg0894","fg0665","fg0027","fg0192","fg0699","fg0523","fg0070","fg0057"
"fq003994","vx_a7690caa69f3a1d5","fg0924","4","fg0281","fg0634","fg0418","fg0924","fg0984","fg0702","fg0193","fg0023","fg0829","fg0065","fg0534","fg0826","fg0209","fg0728","fg0458","fg0821","fg0121","fg0770","fg0697","fg0865"
"fq003995","vx_a7690caa69f3a1d5","fg0924","738","fg0309","fg0457","fg0680","fg0792","fg0844","fg0752","fg0170","fg0072","fg0176","fg0516","fg0232","fg0879","fg0917","fg0393","fg0425","fg0099","fg0406","fg0820","fg0600","fg0415"
"fq003996","vx_a7690caa69f3a1d5","fg0924","4","fg0281","fg0634","fg0418","fg0924","fg0984","fg0702","fg0193","fg0023","fg0829","fg0065","fg0209","fg0821","fg0534","fg0770","fg0458","fg0865","fg0121","fg0826","fg0728","fg0268"
"fq003997","vx_a7690caa69f3a1d5","fg0924","808","fg0457","fg0792","fg0309","fg0271","fg0366","fg0680","fg0196","fg0752","fg0099","fg0072","fg0406","fg0232","fg0217","fg0396","fg0844","fg0035","fg0203","fg0562","fg0423","fg0170"
"fq003998","vx_a7690caa69f3a1d5","fg0924","504","fg0309","fg0792","fg0680","fg0844","fg0752","fg0457","fg0170","fg0072","fg0176","fg0879","fg0406","fg0600","fg0099","fg0232","fg0410","fg0375","fg0917","fg0570","fg0237","fg0393"
"fq003999","vx_a7690caa69f3a1d5","fg0924","569","fg0444","fg0238","fg0680","fg0457","fg0792","fg0314","fg0309","fg0752","fg0072","fg0844","fg0675","fg0367","fg0176","fg0232","fg0217","fg0170","fg0343","fg0884","fg0486","fg0789"
"fq004000","vx_a7690caa69f3a1d5","fg0924","529","fg0457","fg0792","fg0680","fg0072","fg0176","fg0232","fg0752","fg0309","fg0844","fg0619","fg0258","fg0099","fg0917","fg0879","fg0170","fg0790","fg0551","fg0105","fg0121","fg0511"
"fq004001","vx_a7690caa69f3a1d5","fg0924","831","fg0196","fg0562","fg0479","fg0188","fg0423","fg0679","fg0271","fg0366","fg0557","fg0133","fg0035","fg0217","fg0099","fg0203","fg0548","fg0484","fg0658","fg0494","fg0780","fg0310"
"fq004002","vx_a7690caa69f3a1d5","fg0924","528","fg0792","fg0457","fg0680","fg0309","fg0752","fg0072","fg0844","fg0232","fg0170","fg0099","fg0176","fg0917","fg0879","fg0600","fg0406","fg0410","fg0105","fg0516","fg0820","fg0511"
"fq004003","vx_a7690caa69f3a1d5","fg0924","376","fg0792","fg0680","fg0457","fg0309","fg0752","fg0072","fg0844","fg0232","fg0170","fg0099","fg0879","fg0600","fg0917","fg0406","fg0176","fg0410","fg0886","fg0516","fg0820","fg0105"
"fq004004","vx_a7690caa69f3a1d5","fg0924","720","fg0309","fg0844","fg0170","fg0457","fg0792","fg0752","fg0680","fg0072","fg0879","fg0238","fg0176","fg0232","fg0516","fg0406","fg0600","fg0314","fg0917","fg0444","fg0099","fg0820"
"fq004005","vx_a7690caa69f3a1d5","fg0924","808","fg0196","fg0217","fg0557","fg0366","fg0562","fg0310","fg0271","fg0479","fg0894","fg0469","fg0035","fg0188","fg0797","fg0494","fg0203","fg0834","fg0509","fg0318","fg0331","fg0262"
"fq004006","vx_a7690caa69f3a1d5","fg0924","526","fg0309","fg0844","fg0170","fg0752","fg0680","fg0792","fg0457","fg0072","fg0176","fg0879","fg0232","fg0516","fg0917","fg0099","fg0406","fg0600","fg0375","fg0820","fg0393","fg0410"
"fq004007","vx_a7690caa69f3a1d5","fg0924","730","fg0457","fg0792","fg0099","fg0680","fg0196","fg0309","fg0072","fg0752","fg0217","fg0271","fg0366","fg0562","fg0396","fg0406","fg0557","fg0232","fg0844","fg0310","fg0035","fg0479"
"fq004008","vx_a7690caa69f3a1d5","fg0924","604","fg0680","fg0309","fg0792","fg0176","fg0752","fg0457","fg0844","fg0072","fg0170","fg0232","fg0917","fg0879","fg0619","fg0406","fg0516","fg0600","fg0393","fg0099","fg0375","fg0790"
"fq004009","vx_a7690caa69f3a1d5","fg0924","62","fg0588","fg0062","fg0180","fg0533","fg0547","fg0037","fg0018","fg0379","fg0724","fg0822","fg0811","fg0411","fg0894","fg0665","fg0027","fg0679","fg0262","fg0031","fg0990","fg0192"
"fq004010","vx_a7690caa69f3a1d5","fg0924","741","fg0680","fg0309","fg0792","fg0457","fg0844","fg0752","fg0072","fg0232","fg0170","fg0176","fg0879","fg0406","fg0917","fg0600","fg0099","fg0516","fg0511","fg0820","fg0410","fg0105"
"fq004011","vx_a7690caa69f3a1d5","fg0924","569","fg0680","fg0792","fg0457","fg0309","fg0752","fg0072","fg0844","fg0232","fg0170","fg0176","fg0917","fg0879","fg0099","fg0516","fg0600","fg0511","fg0406","fg0820","fg0410","fg0105"
"fq004012","vx_a7690caa69f3a1d5","fg0924","47","fg0547","fg0588","fg0533","fg0180","fg0062","fg0379","fg0018","fg0037","fg0822","fg0811","fg0724","fg0411","fg0665","fg0894","fg0027","fg0262","fg0679","fg0990","fg0070","fg0031"
"fq004013","vx_a7690caa69f3a1d5","fg0924","162","fg0062","fg0180","fg0588","fg0533","fg0018","fg0379","fg0547","fg0724","fg0037","fg0894","fg0822","fg0027","fg0411","fg0811","fg0665","fg0262","fg0679","fg0990","fg0318","fg0509"
"fq004014","vx_a7690caa69f3a1d5","fg0924","62","fg0533","fg0547","fg0588","fg0180","fg0062","fg0379","fg0018","fg0037","fg0724","fg0811","fg0411","fg0822","fg0894","fg0192","fg0665","fg0027","fg0945","fg0722","fg0648","fg0801"
"fq004015","vx_a7690caa69f3a1d5","fg0924","584","fg0309","fg0457","fg0680","fg0792","fg0844","fg0752","fg0170","fg0072","fg0232","fg0879","fg0176","fg0516","fg0917","fg0099","fg0406","fg0600","fg0541","fg0410","fg0820","fg0105"
"fq004016","vx_a7690caa69f3a1d5","fg0924","440","fg0457","fg0680","fg0309","fg0792","fg0844","fg0752","fg0176","fg0072","fg0232","fg0170","fg0879","fg0516","fg0917","fg0619","fg0612","fg0099","fg0393","fg0406","fg0410","fg0511"
"fq004017","vx_a7690caa69f3a1d5","fg0924","334","fg0680","fg0457","fg0792","fg0547","fg0752","fg0072","fg0588","fg0062","fg0037","fg0180","fg0309","fg0533","fg0018","fg0379","fg0232","fg0811","fg0844","fg0724","fg0411","fg0665"
"fq004018","vx_a7690caa69f3a1d5","fg0924","459","fg0309","fg0792","fg0457","fg0680","fg0099","fg0752","fg0072","fg0844","fg0406","fg0170","fg0271","fg0232","fg0196","fg0366","fg0879","fg0217","fg0562","fg0396","fg0647","fg0820"
"fq004019","vx_a7690caa69f3a1d5","fg0924","43","fg0547","fg0533","fg0588","fg0180","fg0062","fg0379","fg0018","fg0037","fg0811","fg0822","fg0724","fg0411","fg0665","fg0894","fg0027","fg0679","fg0262","fg0990","fg0070","fg0192"
"fq004020","vx_c8ce5abef2347980","fg0925","1","fg0925","fg0668","fg0972","fg0091","fg0327","fg0727","fg0842","fg0044","fg0023","fg0109","fg0277","fg0524","fg0514","fg0138","fg0529","fg0770","fg0033","fg0386","fg0647","fg0826"
"fq004021","vx_c8ce5abef2347980","fg0925","1","fg0925","fg0668","fg0033","fg0529","fg0091","fg0972","fg0109","fg0327","fg0727","fg0635","fg0280","fg0524","fg0842","fg0044","fg0023","fg0277","fg0514","fg0949","fg0138","fg0036"
"fq004022","vx_c8ce5abef2347980","fg0925","1","fg0925","fg0668","fg0091","fg0109","fg0529","fg0972","fg0033","fg0327","fg0044","fg0727","fg0842","fg0524","fg0514","fg0635","fg0949","fg0023","fg0138","fg0277","fg0280","fg0036"
"fq004023","vx_c8ce5abef2347980","fg0925","1","fg0925","fg0668","fg0327","fg0972","fg0109","fg0091","fg0842","fg0727","fg0277","fg0529","fg0033","fg0524","fg0044","fg0023","fg0138","fg0514","fg0770","fg0635","fg0891","fg0280"
"fq004024","vx_6dc39228edc79823","fg0926","1","fg0926","fg0944","fg0364","fg0698","fg0231","fg0239","fg0341","fg0840","fg0178","fg0250","fg0109","fg0782","fg0108","fg0892","fg0982","fg0280","fg0361","fg0568","fg0226","fg0696"
"fq004025","vx_3a1a8eb9c1010a94","fg0927","496","fg0881","fg0605","fg0995","fg0109","fg0277","fg0713","fg0810","fg0925","fg0938","fg0299","fg0912","fg0866","fg0068","fg0734","fg0525","fg0327","fg0403","fg0125","fg0524","fg0641"
"fq004026","vx_3a1a8eb9c1010a94","fg0927","714","fg0881","fg0995","fg0713","fg0912","fg0762","fg0125","fg0046","fg0866","fg0070","fg0220","fg0938","fg0299","fg0111","fg0057","fg0189","fg0641","fg0579","fg0740","fg0201","fg0655"
"fq004027","vx_d4b2fae56a6b521c","fg0928","1","fg0928","fg0278","fg0723","fg0214","fg0019","fg0709","fg0500","fg0747","fg0227","fg0506","fg0737","fg0751","fg0175","fg0561","fg0450","fg0026","fg0583","fg0036","fg0069","fg0235"
"fq004028","vx_d4b2fae56a6b521c","fg0928","1","fg0928","fg0278","fg0723","fg0214","fg0019","fg0709","fg0506","fg0500","fg0737","fg0747","fg0227","fg0175","fg0751","fg0583","fg0561","fg0869","fg0090","fg0036","fg0432","fg0150"
"fq004029","vx_d4b2fae56a6b521c","fg0928","1","fg0928","fg0278","fg0723","fg0214","fg0019","fg0709","fg0500","fg0506","fg0737","fg0747","fg0227","fg0175","fg0235","fg0751","fg0992","fg0026","fg0561","fg0583","fg0450","fg0090"
"fq004030","vx_d4b2fae56a6b521c","fg0928","1","fg0928","fg0278","fg0723","fg0214","fg0019","fg0709","fg0500","fg0227","fg0506","fg0737","fg0175","fg0450","fg0235","fg0751","fg0561","fg0012","fg0036","fg0583","fg0676","fg0944"
"fq004031","vx_d4b2fae56a6b521c","fg0928","5","fg0632","fg0511","fg0308","fg0961","fg0928","fg0506","fg0955","fg0980","fg0561","fg0777","fg0202","fg0527","fg0917","fg0745","fg0232","fg0406","fg0175","fg0073","fg0778","fg0705"
"fq004032","vx_d4b2fae56a6b521c","fg0928","1","fg0928","fg0278","fg0723","fg0214","fg0019","fg0709","fg0500","fg0506","fg0227","fg0737","fg0175","fg0751","fg0235","fg0561","fg0676","fg0450","fg0747","fg0036","fg0254","fg0069"
"fq004033","vx_bcde1be3b8609a23","fg0929","1","fg0929","fg0397","fg0974","fg0363","fg0952","fg0828","fg0267","fg0526","fg0430","fg0784","fg0785","fg0098","fg0964","fg0733","fg0396","fg0093","fg0291","fg0196","fg0424","fg0436"
"fq004034","vx_bcde1be3b8609a23","fg0929","1","fg0929","fg0397","fg0267","fg0430","fg0052","fg0194","fg0983","fg0363","fg0952","fg0828","fg0936","fg0544","fg0396","fg0529","fg0561","fg0294","fg0670","fg0733","fg0960","fg0785"
"fq004035","vx_054c4c52a571101e","fg0930","2","fg0606","fg0930","fg0598","fg0269","fg0003","fg0291","fg0970","fg0440","fg0568","fg0450","fg0225","fg0169","fg0111","fg0358","fg0293","fg0816","fg0173","fg0227","fg0574","fg0236"
"fq004036","vx_054c4c52a571101e","fg0930","1","fg0930","fg0440","fg0606","fg0358","fg0173","fg0291","fg0970","fg0169","fg0054","fg0598","fg0450","fg0816","fg0293","fg0003","fg0215","fg0505","fg0833","fg0345","fg0321","fg0165"
"fq004037","vx_054c4c52a571101e","fg0930","1","fg0930","fg0606","fg0598","fg0970","fg0269","fg0003","fg0440","fg0225","fg0291","fg0816","fg0358","fg0111","fg0450","fg0568","fg0169","fg0293","fg0173","fg0955","fg0432","fg0405"
"fq004038","vx_054c4c52a571101e","fg0930","1","fg0930","fg0606","fg0440","fg0450","fg0358","fg0173","fg0598","fg0970","fg0227","fg0054","fg0291","fg0225","fg0868","fg0169","fg0816","fg0003","fg0293","fg0603","fg0111","fg0269"
"fq004039","vx_c59016c5c6ef5555","fg0931","1","fg0931","fg0886","fg0978","fg0210","fg0396","fg0125","fg0896","fg0637","fg0152","fg0814","fg0977","fg0483","fg0811","fg0509","fg0469","fg0797","fg0607","fg0666","fg0194","fg0603"
"fq004040","vx_59e6c86168f4709e","fg0932","1","fg0932","fg0728","fg0367","fg0631","fg0984","fg0905","fg0409","fg0268","fg0224","fg0697","fg0041","fg0193","fg0517","fg0117","fg0531","fg0835","fg0859","fg0622","fg0126","fg0055"
"fq004041","vx_68fc43199e3b7e16","fg0933","1","fg0933","fg0958","fg0159","fg0621","fg0012","fg0964","fg0522","fg0299","fg0914","fg0942","fg0402","fg0666","fg0140","fg0703","fg0959","fg0055","fg0791","fg0824","fg0773","fg0684"
"fq004042","vx_68fc43199e3b7e16","fg0933","1","fg0933","fg0958","fg0159","fg0621","fg0522","fg0402","fg0964","fg0914","fg0942","fg0978","fg0703","fg0839","fg0381","fg0999","fg0959","fg0173","fg0837","fg0824","fg0791","fg0299"
"fq004043","vx_68fc43199e3b7e16","fg0933","1","fg0933","fg0136","fg0159","fg0722","fg0648","fg0102","fg0914","fg0941","fg0522","fg0945","fg0958","fg0801","fg0192","fg0910","fg0501","fg0996","fg0299","fg0043","fg0381","fg0573"
"fq004044","vx_68fc43199e3b7e16","fg0933","1","fg0933","fg0159","fg0522","fg0958","fg0914","fg0136","fg0299","fg0381","fg0791","fg0839","fg0942","fg0402","fg0837","fg0573","fg0964","fg0657","fg0621","fg0996","fg0140","fg0025"
"fq004045","vx_68fc43199e3b7e16","fg0933","1","fg0933","fg0159","fg0958","fg0522","fg0133","fg0942","fg0621","fg0402","fg0837","fg0964","fg0914","fg0487","fg0791","fg0140","fg0381","fg0666","fg0055","fg0703","fg0573","fg0657"
"fq004046","vx_68fc43199e3b7e16","fg0933","1","fg0933","fg0958","fg0272","fg0286","fg0808","fg0347","fg0471","fg0965","fg0381","fg0621","fg0830","fg0299","fg0638","fg0098","fg0235","fg0959","fg0075","fg0586","fg0964","fg0561"
"fq004047","vx_68fc43199e3b7e16","fg0933","1","fg0933","fg0958","fg0914","fg0621","fg0978","fg0159","fg0942","fg0839","fg0299","fg0012","fg0964","fg0703","fg0959","fg0754","fg0573","fg0381","fg0522","fg0402","fg0666","fg0676"
"fq004048","vx_f647366b059c3504","fg0934","1","fg0934","fg0997","fg0382","fg0153","fg0538","fg0055","fg0104","fg0695","fg0551","fg0400","fg0868","fg0771","fg0809","fg0304","fg0679","fg0835","fg0133","fg0658","fg0619","fg0460"
"fq004049","vx_f647366b059c3504","fg0934","1","fg0934","fg0997","fg0382","fg0153","fg0809","fg0538","fg0466","fg0590","fg0133","fg0623","fg0483","fg0695","fg0980","fg0104","fg0619","fg0305","fg0912","fg0887","fg0400","fg0460"
"fq004050","vx_f647366b059c3504","fg0934","1","fg0934","fg0483","fg0137","fg0308","fg0745","fg0997","fg0695","fg0009","fg0234","fg0299","fg0444","fg0912","fg0551","fg0958","fg0111","fg0977","fg0857","fg0382","fg0367","fg0189"
"fq004051","vx_f647366b059c3504","fg0934","1","fg0934","fg0382","fg0997","fg0538","fg1000","fg0605","fg0104","fg0055","fg0695","fg0492","fg0153","fg0781","fg0536","fg0075","fg0237","fg0272","fg0125","fg0549","fg0809","fg0457"
"fq004052","vx_f647366b059c3504","fg0934","2","fg0444","fg0934","fg0314","fg0238","fg0675","fg0367","fg0483","fg0156","fg0896","fg0722","fg0112","fg0648","fg0102","fg0801","fg0941","fg0945","fg0956","fg0887","fg0789","fg0996"
"fq004053","vx_f647366b059c3504","fg0934","1","fg0934","fg0997","fg0382","fg0153","fg0538","fg0809","fg0695","fg0483","fg0104","fg0133","fg0466","fg0980","fg0234","fg0299","fg0264","fg0137","fg0590","fg0887","fg0331","fg0859"
"fq004054","vx_2c9212f4a03988cc","fg0935","1","fg0935","fg0322","fg0955","fg0513","fg0853","fg0486","fg0200","fg0815","fg0654","fg0386","fg0406","fg0675","fg0135","fg0447","fg0238","fg0812","fg0820","fg0608","fg0138","fg0529"
"fq004055","vx_d552ca43574ada00","fg0936","3","fg0778","fg0405","fg0936","fg0745","fg0868","fg0432","fg0308","fg0857","fg0955","fg0106","fg0156","fg0225","fg0385","fg0527","fg0907","fg0490","fg0930","fg0569","fg0980","fg0885"
"fq004056","vx_5a7641f0ec28b949","fg0937","1","fg0937","fg0078","fg0469","fg0931","fg0247","fg0014","fg0704","fg0331","fg0938","fg0875","fg0369","fg0565","fg0593","fg0814","fg0111","fg0837","fg0251","fg0245","fg0855","fg0513"
"fq004057","vx_9aad6152a85ee7f4","fg0938","1","fg0938","fg0562","fg0834","fg0976","fg0548","fg0479","fg0641","fg0884","fg0034","fg0196","fg0784","fg0980","fg0760","fg0283","fg0506","fg0628","fg0828","fg0433","fg0175","fg0056"
"fq004058","vx_9aad6152a85ee7f4","fg0938","22","fg0835","fg0241","fg0757","fg0033","fg0258","fg0707","fg0121","fg0551","fg0641","fg0857","fg0535","fg0270","fg0460","fg0190","fg0745","fg0182","fg0777","fg0668","fg0624","fg0958"
"fq004059","vx_be6b833b09a7cafd","fg0939","1","fg0939","fg0320","fg0603","fg0894","fg0532","fg0889","fg0244","fg0807","fg0450","fg0674","fg0475","fg0593","fg0874","fg0227","fg0902","fg0607","fg0318","fg0437","fg0922","fg0568"
"fq004060","vx_01ee7817f0997ba0","fg0940","582","fg0891","fg0472","fg0088","fg0788","fg0277","fg0925","fg0109","fg0524","fg0924","fg0510","fg0007","fg0668","fg0829","fg0327","fg0605","fg0211","fg0962","fg0728","fg0826","fg0893"
"fq004061","vx_01ee7817f0997ba0","fg0940","390","fg0008","fg0765","fg0007","fg0348","fg0464","fg0788","fg0487","fg0345","fg0950","fg0045","fg0493","fg0812","fg0815","fg0366","fg0887","fg0203","fg0554","fg0035","fg0494","fg0211"
"fq004062","vx_7bb3494179a7e09b","fg0941","17","fg0316","fg0362","fg0040","fg0996","fg0841","fg0426","fg0260","fg0411","fg0079","fg0491","fg0722","fg0956","fg0801","fg0102","fg0648","fg0501","fg0941","fg0385","fg0192","fg0136"
"fq004063","vx_7bb3494179a7e09b","fg0941","381","fg0553","fg0778","fg0745","fg0177","fg0385","fg0857","fg0551","fg0156","fg0490","fg0308","fg0958","fg0828","fg0744","fg0868","fg0175","fg0806","fg0936","fg0334","fg0719","fg0394"
"fq004064","vx_97e5f6880b86b6a7","fg0942","78","fg0665","fg0031","fg0837","fg0496","fg0522","fg0218","fg0037","fg0724","fg0180","fg0588","fg0062","fg0018","fg0159","fg0533","fg0118","fg0547","fg0379","fg0933","fg0894","fg0140"
"fq004065","vx_97e5f6880b86b6a7","fg0942","3","fg0059","fg0697","fg0942","fg0279","fg0581","fg0435","fg0202","fg0725","fg0223","fg0121","fg0859","fg0984","fg0511","fg0932","fg0686","fg0770","fg0917","fg0336","fg0317","fg0915"
"fq004066","vx_ea5f19520272424b","fg0943","1","fg0943","fg0470","fg0772","fg0717","fg0251","fg0174","fg0289","fg0393","fg0885","fg0186","fg0879","fg0901","fg0954","fg0865","fg0763","fg0344","fg0324","fg0741","fg0739","fg0793"
"fq004067","vx_c4e6199e9b324948","fg0944","2","fg0926","fg0944","fg0364","fg0231","fg0341","fg0840","fg0698","fg0239","fg0178","fg0250","fg0109","fg0782","fg0977","fg0108","fg0280","fg0982","fg0892","fg0696","fg0262","fg0145"
"fq004068","vx_c4e6199e9b324948","fg0944","1","fg0944","fg0926","fg0364","fg0239","fg0698","fg0231","fg0178","fg0840","fg0341","fg0122","fg0756","fg0782","fg0977","fg0109","fg0169","fg0250","fg0006","fg0892","fg0798","fg0444"
"fq004069","vx_c4e6199e9b324948","fg0944","1","fg0944","fg0926","fg0364","fg0341","fg0231","fg0262","fg0840","fg0698","fg0239","fg0085","fg0767","fg0178","fg0506","fg0023","fg0977","fg0541","fg0745","fg0814","fg0145","fg0315"
"fq004070","vx_c4e6199e9b324948","fg0944","2","fg0926","fg0944","fg0231","fg0364","fg0840","fg0341","fg0698","fg0239","fg0178","fg0109","fg0250","fg0782","fg0697","fg0280","fg0892","fg0023","fg0108","fg0568","fg0982","fg0932"
"fq004071","vx_c4e6199e9b324948","fg0944","1","fg0944","fg0926","fg0698","fg0239","fg0364","fg0231","fg0178","fg0341","fg0840","fg0250","fg0108","fg0782","fg0109","fg0032","fg0583","fg0847","fg0122","fg0006","fg0280","fg0892"
"fq004072","vx_c4e6199e9b324948","fg0944","2","fg0926","fg0944","fg0231","fg0364","fg0341","fg0840","fg0698","fg0239","fg0178","fg0250","fg0109","fg0782","fg0108","fg0982","fg0280","fg0892","fg0696","fg0908","fg0226","fg0568"
"fq004073","vx_c4e6199e9b324948","fg0944","25","fg0102","fg0941","fg0648","fg0801","fg0722","fg0945","fg0501","fg0192","fg0043","fg0910","fg0136","fg0996","fg0385","fg0956","fg0471","fg0610","fg0838","fg0926","fg0849","fg0095"
"fq004074","vx_c4e6199e9b324948","fg0944","2","fg0926","fg0944","fg0364","fg0231","fg0698","fg0341","fg0840","fg0239","fg0178","fg0250","fg0109","fg0782","fg0108","fg0892","fg0696","fg0280","fg0908","fg0098","fg0124","fg0226"
"fq004075","vx_c4e6199e9b324948","fg0944","2","fg0926","fg0944","fg0364","fg0698","fg0239","fg0231","fg0840","fg0178","fg0341","fg0109","fg0250","fg0782","fg0280","fg0108","fg0892","fg0697","fg0361","fg0982","fg0696","fg0568"
"fq004076","vx_c4e6199e9b324948","fg0944","2","fg0926","fg0944","fg0364","fg0698","fg0239","fg0231","fg0341","fg0840","fg0178","fg0109","fg0697","fg0984","fg0782","fg0280","fg0281","fg0059","fg0932","fg0023","fg0418","fg0121"
"fq004077","vx_c4e6199e9b324948","fg0944","2","fg0926","fg0944","fg0364","fg0231","fg0840","fg0341","fg0698","fg0239","fg0178","fg0109","fg0250","fg0782","fg0697","fg0280","fg0108","fg0982","fg0696","fg0892","fg0023","fg0059"
"fq004078","vx_c4e6199e9b324948","fg0944","1","fg0944","fg0926","fg0698","fg0239","fg0364","fg0178","fg0231","fg0341","fg0840","fg0250","fg0108","fg0782","fg0109","fg0982","fg0892","fg0697","fg0696","fg0280","fg0213","fg0006"
"fq004079","vx_c4e6199e9b324948","fg0944","5","fg0926","fg0231","fg0840","fg0341","fg0944","fg0364","fg0698","fg0239","fg0178","fg0121","fg0010","fg0932","fg0109","fg0697","fg0782","fg0647","fg0847","fg0220","fg0280","fg0023"
"fq004080","vx_c4e6199e9b324948","fg0944","2","fg0926","fg0944","fg0364","fg0231","fg0840","fg0341","fg0239","fg0698","fg0178","fg0109","fg0782","fg0892","fg0124","fg0118","fg0775","fg0122","fg0982","fg0176","fg0756","fg0280"
"fq004081","vx_c4e6199e9b324948","fg0944","2","fg0926","fg0944","fg0231","fg0364","fg0840","fg0341","fg0698","fg0239","fg0178","fg0847","fg0032","fg0583","fg0150","fg0109","fg0986","fg0124","fg0782","fg0860","fg0892","fg0280"
"fq004082","vx_c4e6199e9b324948","fg0944","2","fg0926","fg0944","fg0231","fg0840","fg0341","fg0364","fg0698","fg0239","fg0178","fg0109","fg0250","fg0782","fg0982","fg0908","fg0280","fg0226","fg0606","fg0928","fg0598","fg0098"
"fq004083","vx_c4e6199e9b324948","fg0944","2","fg0926","fg0944","fg0341","fg0231","fg0840","fg0364","fg0698","fg0239","fg0178","fg0109","fg0280","fg0023","fg0506","fg0782","fg0697","fg0980","fg0957","fg0038","fg0634","fg0250"
"fq004084","vx_c4e6199e9b324948","fg0944","5","fg0121","fg0364","fg0926","fg0984","fg0944","fg0859","fg0281","fg0778","fg0418","fg0932","fg0634","fg0041","fg0745","fg0506","fg0059","fg0231","fg0814","fg0023","fg0698","fg0490"
"fq004085","vx_c4e6199e9b324948","fg0944","2","fg0926","fg0944","fg0364","fg0231","fg0840","fg0341","fg0698","fg0239","fg0178","fg0109","fg0782","fg0250","fg0982","fg0892","fg0280","fg0908","fg0122","fg0108","fg0696","fg0922"
"fq004086","vx_2c7b26aecdae6beb","fg0945","25","fg0272","fg0075","fg0536","fg0322","fg0552","fg0471","fg0638","fg0830","fg0549","fg0138","fg0681","fg0457","fg0781","fg0382","fg0538","fg0925","fg0668","fg0469","fg0529","fg1000"
"fq004087","vx_2c7b26aecdae6beb","fg0945","17","fg0272","fg0471","fg0075","fg0638","fg0552","fg0549","fg0830","fg0681","fg0536","fg0457","fg0781","fg0538","fg0382","fg0469","fg0248","fg0262","fg0945","fg0318","fg0413","fg0105"
"fq004088","vx_2c7b26aecdae6beb","fg0945","78","fg0037","fg0886","fg0018","fg0062","fg0262","fg0679","fg0822","fg0588","fg0180","fg0547","fg0533","fg0318","fg0724","fg0811","fg0024","fg0894","fg0541","fg0521","fg0075","fg0121"
"fq004089","vx_2c7b26aecdae6beb","fg0945","35","fg0322","fg0138","fg0536","fg0075","fg0272","fg0552","fg0471","fg0830","fg0549","fg0638","fg0681","fg0457","fg0781","fg0538","fg0668","fg0382","fg0529","fg0925","fg0447","fg0727"
"fq004090","vx_4efa168b4c69ba7c","fg0946","910","fg0014","fg0875","fg0890","fg0247","fg0469","fg0931","fg0851","fg0738","fg0797","fg0937","fg0888","fg0904","fg0369","fg0217","fg0704","fg0760","fg0251","fg0565","fg0250","fg0848"
"fq004091","vx_29ad834996aa95e1","fg0947","328","fg0863","fg0131","fg0667","fg0160","fg0301","fg0790","fg0355","fg0299","fg0734","fg0491","fg0350","fg0687","fg0443","fg0775","fg0483","fg0302","fg0559","fg0500","fg0133","fg0618"
"fq004092","vx_29ad834996aa95e1","fg0947","687","fg0980","fg0506","fg0561","fg0297","fg0828","fg0734","fg0831","fg0175","fg0656","fg0949","fg0672","fg0747","fg0021","fg0129","fg0896","fg0641","fg0778","fg0751","fg0030","fg0145"
"fq004093","vx_d3d0aef95e15e5e8","fg0948","1","fg0948","fg0960","fg0378","fg0485","fg0579","fg0046","fg0052","fg0963","fg0858","fg0164","fg0614","fg0144","fg0029","fg0384","fg0148","fg0550","fg0042","fg0775","fg0086","fg0283"
"fq004094","vx_d3d0aef95e15e5e8","fg0948","1","fg0948","fg0960","fg0378","fg0485","fg0579","fg0046","fg0144","fg0963","fg0164","fg0614","fg0671","fg0775","fg0858","fg0908","fg0148","fg0550","fg0052","fg0086","fg0029","fg0559"
"fq004095","vx_d3d0aef95e15e5e8","fg0948","1","fg0948","fg0960","fg0378","fg0046","fg0579","fg0485","fg0858","fg0052","fg0614","fg0024","fg0775","fg0963","fg0029","fg0384","fg0908","fg0144","fg0164","fg0042","fg0559","fg0148"
"fq004096","vx_d3d0aef95e15e5e8","fg0948","1","fg0948","fg0960","fg0378","fg0046","fg0579","fg0485","fg0858","fg0052","fg0614","fg0963","fg0029","fg0775","fg0384","fg0148","fg0144","fg0164","fg0559","fg0908","fg0042","fg0571"
"fq004097","vx_d3d0aef95e15e5e8","fg0948","1","fg0948","fg0960","fg0378","fg0485","fg0579","fg0046","fg0963","fg0858","fg0052","fg0144","fg0164","fg0029","fg0614","fg0384","fg0148","fg0550","fg0283","fg0775","fg0086","fg0639"
"fq004098","vx_d3d0aef95e15e5e8","fg0948","1","fg0948","fg0960","fg0671","fg0378","fg0957","fg0775","fg0046","fg0951","fg0839","fg0667","fg0024","fg0579","fg0086","fg0051","fg0364","fg0790","fg0144","fg0661","fg0663","fg0361"
"fq004099","vx_d3d0aef95e15e5e8","fg0948","1","fg0948","fg0960","fg0378","fg0046","fg0579","fg0485","fg0052","fg0858","fg0963","fg0614","fg0029","fg0775","fg0384","fg0164","fg0042","fg0908","fg0144","fg0571","fg0639","fg0024"
"fq004100","vx_d3d0aef95e15e5e8","fg0948","1","fg0948","fg0960","fg0046","fg0378","fg0858","fg0579","fg0052","fg0485","fg0614","fg0384","fg0775","fg0029","fg0164","fg0963","fg0144","fg0990","fg0559","fg0639","fg0908","fg0148"
"fq004101","vx_d3d0aef95e15e5e8","fg0948","1","fg0948","fg0960","fg0378","fg0579","fg0485","fg0046","fg0144","fg0614","fg0283","fg0671","fg0963","fg0164","fg0804","fg0908","fg0775","fg0957","fg0148","fg0778","fg0051","fg0740"
"fq004102","vx_d3d0aef95e15e5e8","fg0948","1","fg0948","fg0960","fg0378","fg0046","fg0579","fg0485","fg0858","fg0052","fg0614","fg0029","fg0963","fg0775","fg0164","fg0384","fg0042","fg0024","fg0571","fg0148","fg0908","fg0144"
"fq004103","vx_d3d0aef95e15e5e8","fg0948","1","fg0948","fg0960","fg0046","fg0378","fg0579","fg0052","fg0858","fg0485","fg0614","fg0029","fg0963","fg0775","fg0384","fg0908","fg0042","fg0804","fg0990","fg0164","fg0148","fg0144"
"fq004104","vx_d3d0aef95e15e5e8","fg0948","1","fg0948","fg0960","fg0046","fg0378","fg0579","fg0775","fg0485","fg0963","fg0614","fg0029","fg0858","fg0052","fg0908","fg0042","fg0559","fg0148","fg0144","fg0302","fg0957","fg0671"
"fq004105","vx_91b6399ace8ebf09","fg0949","1","fg0949","fg0909","fg0369","fg0581","fg0805","fg0044","fg0223","fg0670","fg0961","fg0616","fg0750","fg0617","fg0796","fg0425","fg0202","fg0091","fg0200","fg0036","fg0701","fg0013"
"fq004106","vx_a87ca59eaae66e02","fg0950","1","fg0950","fg0203","fg0494","fg0035","fg0484","fg0366","fg0371","fg0271","fg0007","fg0510","fg0423","fg0502","fg0788","fg0442","fg0365","fg0554","fg0997","fg0104","fg0196","fg0417"
"fq004107","vx_db11155f82792015","fg0951","1","fg0951","fg0086","fg0550","fg0720","fg0864","fg0110","fg0162","fg0691","fg0407","fg0854","fg0465","fg0342","fg0311","fg0971","fg0683","fg0626","fg0644","fg0676","fg0100","fg0089"
"fq004108","vx_6c9edea811466e02","fg0952","1","fg0952","fg0394","fg0892","fg0722","fg0136","fg0177","fg0719","fg0648","fg0910","fg0102","fg0945","fg0192","fg0941","fg0801","fg0501","fg0132","fg0236","fg0471","fg0122","fg0685"
"fq004109","vx_6c9edea811466e02","fg0952","1","fg0952","fg0394","fg0722","fg0892","fg0136","fg0648","fg0102","fg0945","fg0192","fg0941","fg0801","fg0501","fg0910","fg0043","fg0177","fg0956","fg0385","fg0471","fg0610","fg0236"
"fq004110","vx_8c85d57de0c57f1d","fg0953","1","fg0953","fg0764","fg0118","fg0871","fg0171","fg0257","fg0807","fg0985","fg0093","fg0966","fg0328","fg0454","fg0921","fg0566","fg0758","fg0874","fg0086","fg0951","fg0864","fg0481"
"fq004111","vx_8c85d57de0c57f1d","fg0953","1","fg0953","fg0764","fg0118","fg0871","fg0171","fg0257","fg0966","fg0807","fg0328","fg0093","fg0566","fg0985","fg0454","fg0921","fg0758","fg0086","fg0874","fg0951","fg0864","fg0481"
"fq004112","vx_60d4e715c145c580","fg0954","1","fg0954","fg0794","fg0599","fg0368","fg0097","fg0666","fg0155","fg0786","fg0772","fg0943","fg0469","fg0557","fg0251","fg0396","fg0114","fg0717","fg0152","fg0217","fg0797","fg0014"
"fq004113","vx_b9357f1c018ab745","fg0955","15","fg0876","fg0683","fg0311","fg0042","fg0963","fg0726","fg0971","fg0872","fg0720","fg0465","fg0162","fg0775","fg0502","fg0110","fg0955","fg0981","fg0908","fg0342","fg0441","fg0839"
"fq004114","vx_58078bae6660b6ff","fg0956","2","fg0565","fg0956","fg0851","fg0809","fg0153","fg0815","fg0460","fg0797","fg0120","fg0538","fg0747","fg0937","fg0014","fg0189","fg0333","fg0607","fg0771","fg0434","fg0968","fg0045"
"fq004115","vx_58078bae6660b6ff","fg0956","2","fg0565","fg0956","fg0851","fg0809","fg0153","fg0538","fg0747","fg0350","fg0084","fg0797","fg0815","fg0460","fg0607","fg0045","fg0321","fg0875","fg0120","fg0169","fg0433","fg0931"
"fq004116","vx_58078bae6660b6ff","fg0956","2","fg0565","fg0956","fg0851","fg0809","fg0153","fg0538","fg0607","fg0815","fg0460","fg0797","fg0747","fg0084","fg0760","fg0120","fg0955","fg0931","fg0875","fg0968","fg0937","fg0997"
"fq004117","vx_58078bae6660b6ff","fg0956","2","fg0565","fg0956","fg0851","fg0809","fg0153","fg0815","fg0931","fg0607","fg0460","fg0747","fg0538","fg0738","fg0797","fg0875","fg0120","fg0760","fg0210","fg0997","fg0084","fg0014"
"fq004118","vx_58078bae6660b6ff","fg0956","1","fg0956","fg0565","fg0851","fg0722","fg0136","fg0648","fg0941","fg0102","fg0801","fg0809","fg0945","fg0192","fg0501","fg0043","fg0910","fg0385","fg0610","fg0156","fg0471","fg0153"
"fq004119","vx_58078bae6660b6ff","fg0956","2","fg0565","fg0956","fg0851","fg0157","fg0809","fg0899","fg0398","fg0153","fg0460","fg0543","fg0427","fg0393","fg0452","fg0631","fg0738","fg0815","fg0538","fg0875","fg0931","fg0432"
"fq004120","vx_58078bae6660b6ff","fg0956","3","fg0565","fg0851","fg0956","fg0809","fg0153","fg0747","fg0797","fg0460","fg0538","fg0014","fg0760","fg0120","fg0247","fg0997","fg0931","fg0937","fg0333","fg0815","fg0738","fg0875"
"fq004121","vx_58078bae6660b6ff","fg0956","3","fg0565","fg0851","fg0956","fg0809","fg0153","fg0747","fg0797","fg0014","fg0460","fg0937","fg0931","fg0247","fg0120","fg0815","fg0997","fg0760","fg0333","fg0968","fg0607","fg0875"
"fq004122","vx_58078bae6660b6ff","fg0956","7","fg0722","fg0648","fg0102","fg0801","fg0941","fg0945","fg0956","fg0192","fg0501","fg0043","fg0136","fg0910","fg0996","fg0471","fg0610","fg0385","fg0156","fg0628","fg0849","fg0228"
"fq004123","vx_a8a4a19122f1974b","fg0957","1","fg0957","fg0671","fg0046","fg0652","fg0013","fg0128","fg0444","fg0240","fg0555","fg0948","fg0283","fg0611","fg0373","fg0906","fg0810","fg0884","fg0823","fg0034","fg0976","fg0419"
"fq004124","vx_a8a4a19122f1974b","fg0957","1","fg0957","fg0671","fg0652","fg0046","fg0444","fg0128","fg0024","fg0824","fg0013","fg0108","fg0269","fg0906","fg0834","fg0099","fg0810","fg0225","fg0976","fg0884","fg0003","fg0886"
"fq004125","vx_572f838c0e56ad64","fg0958","3","fg0176","fg0790","fg0958","fg0619","fg0680","fg0306","fg0792","fg0072","fg0612","fg0857","fg0752","fg0745","fg0483","fg0299","fg0551","fg0853","fg0457","fg0415","fg0488","fg0237"
"fq004126","vx_572f838c0e56ad64","fg0958","2","fg0745","fg0958","fg0778","fg0857","fg0426","fg0551","fg0308","fg0037","fg0133","fg0262","fg0385","fg0679","fg0977","fg0527","fg0483","fg0541","fg0490","fg0506","fg0814","fg0588"
"fq004127","vx_572f838c0e56ad64","fg0958","1","fg0958","fg0551","fg0133","fg0857","fg0778","fg0024","fg0734","fg0274","fg0299","fg0490","fg0571","fg0619","fg0777","fg0877","fg0964","fg0217","fg0933","fg0745","fg0905","fg0902"
"fq004128","vx_f9bae9b6fd92a270","fg0959","1","fg0959","fg0621","fg0773","fg0264","fg0395","fg0703","fg0483","fg0911","fg0595","fg0193","fg0252","fg0695","fg0289","fg0729","fg0381","fg0871","fg0780","fg0779","fg0943","fg0772"
"fq004129","vx_f9bae9b6fd92a270","fg0959","1","fg0959","fg0621","fg0264","fg0773","fg0395","fg0703","fg0483","fg0911","fg0193","fg0595","fg0252","fg0729","fg0561","fg0943","fg0772","fg0780","fg0673","fg0695","fg0289","fg0381"
"fq004130","vx_f9bae9b6fd92a270","fg0959","1","fg0959","fg0264","fg0621","fg0773","fg0823","fg0611","fg0483","fg0395","fg0703","fg0768","fg0240","fg0555","fg0373","fg0193","fg0595","fg0419","fg0525","fg0906","fg0714","fg0108"
"fq004131","vx_98bb0fae66383b7c","fg0960","1","fg0960","fg0948","fg0929","fg0432","fg0828","fg0363","fg0052","fg0148","fg0442","fg0007","fg0658","fg0740","fg0388","fg0775","fg0452","fg0559","fg0983","fg0144","fg0804","fg0516"
"fq004132","vx_56ea78988a5fed7d","fg0961","1","fg0961","fg0529","fg0513","fg0949","fg0955","fg0581","fg0406","fg0635","fg0242","fg0617","fg0036","fg0731","fg0013","fg0091","fg0514","fg0570","fg0344","fg0109","fg0390","fg0616"
"fq004133","vx_56ea78988a5fed7d","fg0961","1","fg0961","fg0529","fg0949","fg0513","fg0955","fg0091","fg0581","fg0036","fg0635","fg0013","fg0044","fg0514","fg0033","fg0617","fg0499","fg0109","fg0616","fg0731","fg0242","fg0406"
"fq004134","vx_56ea78988a5fed7d","fg0961","24","fg0102","fg0722","fg0801","fg0648","fg0941","fg0945","fg0501","fg0192","fg0043","fg0910","fg0136","fg0996","fg0956","fg0610","fg0471","fg0385","fg0156","fg0228","fg0628","fg0838"
"fq004135","vx_56ea78988a5fed7d","fg0961","1","fg0961","fg0513","fg0121","fg0529","fg0949","fg0059","fg0859","fg0242","fg0406","fg0041","fg0317","fg0955","fg0835","fg0681","fg0581","fg0036","fg0246","fg0200","fg0617","fg0731"
"fq004136","vx_56ea78988a5fed7d","fg0961","8","fg0776","fg0233","fg0474","fg0693","fg0433","fg0350","fg0416","fg0961","fg0949","fg0321","fg0529","fg0581","fg0499","fg0242","fg0617","fg0036","fg0514","fg0513","fg0121","fg0438"
"fq004137","vx_56ea78988a5fed7d","fg0961","1","fg0961","fg0529","fg0513","fg0949","fg0955","fg0581","fg0635","fg0091","fg0406","fg0617","fg0242","fg0036","fg0514","fg0013","fg0044","fg0731","fg0033","fg0246","fg0121","fg0109"
"fq004138","vx_56ea78988a5fed7d","fg0961","1","fg0961","fg0529","fg0949","fg0513","fg0581","fg0635","fg0955","fg0617","fg0242","fg0731","fg0091","fg0036","fg0514","fg0109","fg0044","fg0406","fg0624","fg0013","fg0033","fg0059"
"fq004139","vx_56ea78988a5fed7d","fg0961","1","fg0961","fg0949","fg0529","fg0635","fg0013","fg0513","fg0581","fg0036","fg0731","fg0810","fg0242","fg0617","fg0906","fg0033","fg0091","fg0748","fg0514","fg0317","fg0955","fg0616"
"fq004140","vx_56ea78988a5fed7d","fg0961","232","fg0941","fg0801","fg0945","fg0648","fg0102","fg0501","fg0043","fg0722","fg0192","fg0910","fg0136","fg0996","fg0471","fg0956","fg0385","fg0610","fg0659","fg0058","fg0628","fg0131"
"fq004141","vx_56ea78988a5fed7d","fg0961","1","fg0961","fg0949","fg0581","fg0529","fg0242","fg0635","fg0513","fg0617","fg0955","fg0036","fg0731","fg0121","fg0013","fg0033","fg0059","fg0616","fg0317","fg0406","fg0044","fg0091"
"fq004142","vx_56ea78988a5fed7d","fg0961","1","fg0961","fg0949","fg0513","fg0529","fg0955","fg0522","fg0121","fg0499","fg0837","fg0242","fg0059","fg0800","fg0406","fg0390","fg0859","fg0942","fg0980","fg0581","fg0681","fg0878"
"fq004143","vx_56ea78988a5fed7d","fg0961","1","fg0961","fg0949","fg0529","fg0036","fg0635","fg0200","fg0581","fg0731","fg0013","fg0616","fg0513","fg0091","fg0242","fg0909","fg0617","fg0033","fg0514","fg0925","fg0246","fg0344"
"fq004144","vx_56ea78988a5fed7d","fg0961","1","fg0961","fg0529","fg0513","fg0949","fg0955","fg0581","fg0242","fg0406","fg0617","fg0091","fg0109","fg0635","fg0624","fg0044","fg0514","fg0499","fg0731","fg0390","fg0344","fg0033"
"fq004145","vx_56ea78988a5fed7d","fg0961","1","fg0961","fg0529","fg0949","fg0581","fg0513","fg0635","fg0242","fg0617","fg0955","fg0731","fg0091","fg0036","fg0925","fg0514","fg0044","fg0033","fg0624","fg0109","fg0406","fg0013"
"fq004146","vx_56ea78988a5fed7d","fg0961","1","fg0961","fg0529","fg0949","fg0513","fg0810","fg0013","fg0635","fg0955","fg0731","fg0581","fg0906","fg0406","fg0525","fg0242","fg0748","fg0036","fg0617","fg0611","fg0091","fg0514"
"fq004147","vx_56ea78988a5fed7d","fg0961","12","fg0722","fg0102","fg0648","fg0941","fg0945","fg0801","fg0192","fg0501","fg0136","fg0043","fg0910","fg0961","fg0385","fg0956","fg0996","fg0610","fg0471","fg0156","fg0672","fg0932"
"fq004148","vx_56ea78988a5fed7d","fg0961","1","fg0961","fg0529","fg0513","fg0949","fg0955","fg0013","fg0581","fg0406","fg0635","fg0617","fg0810","fg0242","fg0731","fg0611","fg0906","fg0036","fg0525","fg0570","fg0091","fg0390"
"fq004149","vx_56ea78988a5fed7d","fg0961","8","fg0722","fg0102","fg0192","fg0945","fg0648","fg0801","fg0941","fg0961","fg0136","fg0501","fg0043","fg0910","fg0949","fg0385","fg0956","fg0996","fg0529","fg0610","fg0471","fg0581"
"fq004150","vx_56ea78988a5fed7d","fg0961","1","fg0961","fg0529","fg0513","fg0949","fg0955","fg0581","fg0635","fg0406","fg0013","fg0242","fg0617","fg0731","fg0906","fg0091","fg0514","fg0036","fg0109","fg0748","fg0044","fg0344"
"fq004151","vx_56ea78988a5fed7d","fg0961","1","fg0961","fg0949","fg0529","fg0513","fg0581","fg0242","fg0617","fg0036","fg0731","fg0635","fg0499","fg0616","fg0909","fg0059","fg0514","fg0013","fg0121","fg0317","fg0980","fg0091"
"fq004152","vx_56ea78988a5fed7d","fg0961","1","fg0961","fg0949","fg0529","fg0513","fg0980","fg0499","fg0955","fg0242","fg0121","fg0581","fg0390","fg0617","fg0514","fg0091","fg0406","fg0059","fg0681","fg0036","fg0056","fg0616"
"fq004153","vx_56ea78988a5fed7d","fg0961","1","fg0961","fg0529","fg0949","fg0513","fg0242","fg0635","fg0406","fg0581","fg0955","fg0013","fg0617","fg0036","fg0731","fg0091","fg0514","fg0246","fg0344","fg0616","fg0748","fg0044"
"fq004154","vx_56ea78988a5fed7d","fg0961","1","fg0961","fg0529","fg0513","fg0949","fg0955","fg0406","fg0581","fg0242","fg0635","fg0617","fg0731","fg0013","fg0091","fg0036","fg0390","fg0514","fg0570","fg0246","fg0344","fg0044"
"fq004155","vx_56ea78988a5fed7d","fg0961","12","fg0722","fg0102","fg0941","fg0648","fg0801","fg0945","fg0501","fg0192","fg0043","fg0910","fg0136","fg0961","fg0996","fg0956","fg0610","fg0385","fg0471","fg0529","fg0955","fg0513"
"fq004156","vx_56ea78988a5fed7d","fg0961","1","fg0961","fg0949","fg0529","fg0513","fg0121","fg0499","fg0955","fg0581","fg0242","fg0059","fg0980","fg0617","fg0681","fg0506","fg0514","fg0091","fg0731","fg0390","fg0624","fg0056"
"fq004157","vx_56ea78988a5fed7d","fg0961","31","fg0980","fg0527","fg0561","fg0506","fg0308","fg0541","fg0896","fg0837","fg0828","fg0073","fg0305","fg0745","fg0761","fg0414","fg0687","fg0145","fg0791","fg0949","fg0262","fg0345"
"fq004158","vx_56ea78988a5fed7d","fg0961","54","fg0722","fg0102","fg0801","fg0648","fg0941","fg0945","fg0501","fg0192","fg0043","fg0136","fg0910","fg0385","fg0996","fg0956","fg0471","fg0610","fg0156","fg0228","fg0659","fg0896"
"fq004159","vx_56ea78988a5fed7d","fg0961","16","fg0491","fg0667","fg0761","fg0316","fg0996","fg0362","fg0798","fg0426","fg0977","fg0411","fg0956","fg0079","fg0499","fg0131","fg0814","fg0961","fg0533","fg0841","fg0112","fg0260"
"fq004160","vx_56ea78988a5fed7d","fg0961","58","fg0301","fg0160","fg0131","fg0863","fg0687","fg0355","fg0667","fg0350","fg0491","fg0474","fg0776","fg0693","fg0412","fg0233","fg0627","fg0085","fg0433","fg0505","fg0443","fg0761"
"fq004161","vx_56ea78988a5fed7d","fg0961","1","fg0961","fg0949","fg0529","fg0513","fg0581","fg0242","fg0617","fg0036","fg0731","fg0635","fg0091","fg0514","fg0013","fg0616","fg0044","fg0925","fg0955","fg0624","fg0033","fg0499"
"fq004162","vx_56ea78988a5fed7d","fg0961","1","fg0961","fg0949","fg0529","fg0513","fg0242","fg0581","fg0617","fg0036","fg0499","fg0731","fg0635","fg0514","fg0955","fg0013","fg0091","fg0344","fg0024","fg0200","fg0616","fg0121"
"fq004163","vx_56ea78988a5fed7d","fg0961","16","fg0980","fg0506","fg0175","fg0527","fg0521","fg0305","fg0761","fg0949","fg0499","fg0656","fg0121","fg0896","fg0745","fg0112","fg0561","fg0961","fg0056","fg0828","fg0853","fg0145"
"fq004164","vx_4136f2208bb73bbd","fg0962","1","fg0962","fg0182","fg0123","fg0275","fg0001","fg0503","fg0388","fg0181","fg0662","fg0668","fg0829","fg0950","fg0167","fg0115","fg0281","fg0005","fg0466","fg0865","fg0033","fg0826"
"fq004165","vx_ee304c2c8a3392a8","fg0963","1","fg0963","fg0042","fg0876","fg0311","fg0726","fg0872","fg0683","fg0775","fg0708","fg0971","fg0174","fg0465","fg0162","fg0265","fg0720","fg0117","fg0089","fg0762","fg0061","fg0908"
"fq004166","vx_ee304c2c8a3392a8","fg0963","1","fg0963","fg0042","fg0876","fg0311","fg0726","fg0872","fg0683","fg0775","fg0708","fg0971","fg0174","fg0465","fg0720","fg0162","fg0265","fg0762","fg0117","fg0089","fg0061","fg0185"
"fq004167","vx_ee304c2c8a3392a8","fg0963","1","fg0963","fg0042","fg0876","fg0726","fg0311","fg0683","fg0872","fg0708","fg0775","fg0971","fg0174","fg0320","fg0465","fg0162","fg0720","fg0265","fg0762","fg0117","fg0089","fg0908"
"fq004168","vx_ee304c2c8a3392a8","fg0963","1","fg0963","fg0042","fg0876","fg0726","fg0311","fg0872","fg0683","fg0708","fg0775","fg0971","fg0465","fg0174","fg0320","fg0720","fg0162","fg0265","fg0762","fg0117","fg0908","fg0089"
"fq004169","vx_ba67483795f6829e","fg0964","71","fg0722","fg0648","fg0102","fg0941","fg0801","fg0945","fg0501","fg0192","fg0043","fg0910","fg0136","fg0996","fg0956","fg0385","fg0471","fg0610","fg0550","fg0228","fg0156","fg0849"
"fq004170","vx_ba67483795f6829e","fg0964","1","fg0964","fg0262","fg0392","fg0416","fg0321","fg0693","fg0085","fg0474","fg0837","fg0233","fg0423","fg0350","fg0433","fg0776","fg0977","fg0749","fg0961","fg0541","fg0055","fg0318"
"fq004171","vx_ba67483795f6829e","fg0964","1","fg0964","fg0392","fg0098","fg0571","fg0771","fg0093","fg0299","fg0526","fg0055","fg0961","fg0424","fg0691","fg0353","fg0495","fg0304","fg0376","fg0189","fg0168","fg0539","fg0958"
"fq004172","vx_ba67483795f6829e","fg0964","1","fg0964","fg0392","fg0055","fg0771","fg0304","fg0571","fg0526","fg0299","fg0376","fg0961","fg0189","fg0663","fg0104","fg0292","fg0691","fg0098","fg0205","fg0093","fg0266","fg0405"
"fq004173","vx_ba67483795f6829e","fg0964","1","fg0964","fg0392","fg0771","fg0571","fg0299","fg0055","fg0098","fg0093","fg0353","fg0958","fg0961","fg0526","fg0376","fg0304","fg0691","fg0539","fg0432","fg0104","fg0804","fg0189"
"fq004174","vx_7501c108bed27fae","fg0965","1","fg0965","fg0381","fg0098","fg0586","fg0235","fg0093","fg0598","fg0568","fg0269","fg0561","fg0919","fg0291","fg0703","fg0710","fg0063","fg0003","fg0290","fg0197","fg0284","fg0818"
"fq004175","vx_74529bd09fb47cf7","fg0966","1","fg0966","fg0566","fg0280","fg0051","fg0985","fg0243","fg0171","fg0953","fg0140","fg0598","fg0580","fg0185","fg0374","fg0614","fg0307","fg0758","fg0900","fg0740","fg0447","fg0909"
"fq004176","vx_33ace8a73a62c3da","fg0967","1","fg0967","fg0312","fg0819","fg0282","fg0039","fg0674","fg0711","fg0585","fg0750","fg0920","fg0880","fg0037","fg0886","fg0650","fg0357","fg0161","fg0499","fg0969","fg0215","fg0206"
"fq004177","vx_d833c39988646065","fg0968","1","fg0968","fg0690","fg0130","fg0569","fg0885","fg0327","fg0389","fg0653","fg0466","fg0333","fg0624","fg0437","fg0936","fg0294","fg0113","fg0115","fg0153","fg0480","fg0326","fg0443"
"fq004178","vx_d833c39988646065","fg0968","1","fg0968","fg0333","fg0130","fg0809","fg0690","fg0466","fg0153","fg0569","fg0885","fg0980","fg0327","fg0997","fg0506","fg0653","fg0460","fg0656","fg0561","fg0936","fg0541","fg0624"
"fq004179","vx_d833c39988646065","fg0968","1","fg0968","fg0690","fg0130","fg0153","fg0333","fg0466","fg0809","fg0569","fg0997","fg0327","fg0885","fg0653","fg0460","fg0624","fg0389","fg0936","fg0956","fg0382","fg0934","fg0878"
"fq004180","vx_21f76e22999fde3e","fg0969","1","fg0969","fg0079","fg0336","fg0447","fg0317","fg0059","fg0746","fg0585","fg0635","fg0686","fg0116","fg0600","fg0802","fg0597","fg0783","fg0287","fg0920","fg0104","fg0991","fg0158"
"fq004181","vx_f0abfc1c1261c413","fg0970","1","fg0970","fg0659","fg0058","fg0291","fg0930","fg0523","fg0092","fg0606","fg0707","fg0706","fg0057","fg0598","fg0863","fg0310","fg0375","fg0816","fg0345","fg0859","fg0293","fg0003"
"fq004182","vx_f0abfc1c1261c413","fg0970","1","fg0970","fg0659","fg0291","fg0598","fg0058","fg0272","fg0003","fg0606","fg0549","fg0638","fg0153","fg0830","fg0382","fg0075","fg0681","fg0930","fg0781","fg0538","fg0471","fg0997"
"fq004183","vx_f0abfc1c1261c413","fg0970","1","fg0970","fg0659","fg0058","fg0291","fg0930","fg0606","fg0523","fg0092","fg0057","fg0345","fg0598","fg0706","fg0310","fg0293","fg0863","fg0816","fg0003","fg0375","fg0440","fg0169"
"fq004184","vx_f0abfc1c1261c413","fg0970","1","fg0970","fg0722","fg0945","fg0659","fg0648","fg0102","fg0043","fg0941","fg0192","fg0801","fg0501","fg0136","fg0910","fg0291","fg0956","fg0058","fg0606","fg0003","fg0471","fg0598"
"fq004185","vx_3a68f37c10b3f79e","fg0971","1","fg0971","fg0119","fg0683","fg0465","fg0315","fg0720","fg0876","fg0162","fg0311","fg0796","fg0068","fg0726","fg0237","fg0963","fg0802","fg0145","fg0601","fg0206","fg0775","fg0209"
"fq004186","vx_bf4c432b5b053fea","fg0972","3","fg0050","fg0925","fg0972","fg0672","fg0079","fg0727","fg0996","fg0362","fg0316","fg0154","fg0656","fg0023","fg0327","fg0040","fg0422","fg0260","fg0411","fg0668","fg0458","fg0287"
"fq004187","vx_99e98264a6ecd771","fg0973","1","fg0973","fg0867","fg0641","fg0383","fg0987","fg0628","fg0138","fg0514","fg0938","fg0835","fg0535","fg0182","fg0426","fg0431","fg0895","fg0411","fg0994","fg0762","fg0260","fg0241"
"fq004188","vx_bac0fde46771b510","fg0974","1","fg0974","fg0827","fg0577","fg0828","fg0929","fg0363","fg0515","fg0658","fg0943","fg0477","fg0903","fg0330","fg0439","fg0510","fg0772","fg0744","fg0562","fg0604","fg0708","fg0479"
"fq004189","vx_9303807e6d4f9fbe","fg0975","14","fg0654","fg0156","fg0955","fg0445","fg0343","fg0273","fg0261","fg0432","fg0643","fg0815","fg0405","fg0218","fg0308","fg0975","fg0675","fg0306","fg0204","fg0631","fg0106","fg0930"
"fq004190","vx_37d94417547acdf4","fg0976","1","fg0976","fg0778","fg0820","fg0334","fg0435","fg0280","fg0760","fg0857","fg0745","fg0283","fg0855","fg0548","fg0884","fg0904","fg0802","fg0935","fg0562","fg0106","fg0670","fg0591"
"fq004191","vx_0f3caccfda5017b8","fg0977","2","fg0164","fg0977","fg0193","fg0559","fg0064","fg0701","fg0404","fg0211","fg0302","fg0144","fg0266","fg0607","fg0734","fg0792","fg0148","fg0680","fg0897","fg0802","fg0336","fg0676"
"fq004192","vx_0f3caccfda5017b8","fg0977","55","fg0411","fg0533","fg0547","fg0062","fg0588","fg0180","fg0018","fg0037","fg0379","fg0811","fg0724","fg0822","fg0362","fg0316","fg0894","fg0027","fg0426","fg0040","fg0665","fg0841"
"fq004193","vx_0f3caccfda5017b8","fg0977","2","fg0164","fg0977","fg0193","fg0064","fg0680","fg0144","fg0404","fg0559","fg0701","fg0792","fg0607","fg0378","fg0211","fg0148","fg0336","fg0948","fg0302","fg0309","fg0574","fg0266"
"fq004194","vx_0f3caccfda5017b8","fg0977","3","fg0164","fg0193","fg0977","fg0701","fg0559","fg0309","fg0924","fg0540","fg0844","fg0148","fg0144","fg0404","fg0181","fg0802","fg0566","fg0211","fg0663","fg0680","fg0005","fg0574"
"fq004195","vx_0f3caccfda5017b8","fg0977","3","fg0164","fg0193","fg0977","fg0701","fg0064","fg0144","fg0211","fg0559","fg0005","fg0924","fg0566","fg0404","fg0181","fg0644","fg0302","fg0802","fg0574","fg0728","fg0336","fg0820"
"fq004196","vx_0f3caccfda5017b8","fg0977","2","fg0164","fg0977","fg0193","fg0211","fg0559","fg0701","fg0064","fg0404","fg0025","fg0302","fg0148","fg0144","fg0170","fg0005","fg0844","fg0607","fg0566","fg0309","fg0181","fg0574"
"fq004197","vx_0f3caccfda5017b8","fg0977","3","fg0164","fg0193","fg0977","fg0064","fg0701","fg0144","fg0559","fg0211","fg0181","fg0728","fg0148","fg0574","fg0566","fg0302","fg0924","fg0005","fg0644","fg0902","fg0889","fg0404"
"fq004198","vx_0f3caccfda5017b8","fg0977","2","fg0164","fg0977","fg0193","fg0559","fg0144","fg0064","fg0404","fg0680","fg0211","fg0701","fg0309","fg0302","fg0170","fg0844","fg0792","fg0148","fg0055","fg0025","fg0279","fg0574"
"fq004199","vx_0f3caccfda5017b8","fg0977","4","fg0164","fg0193","fg0701","fg0977","fg0211","fg0181","fg0005","fg0462","fg0566","fg0170","fg0728","fg0540","fg0844","fg0644","fg0144","fg0064","fg0984","fg0924","fg0559","fg0390"
"fq004200","vx_0f3caccfda5017b8","fg0977","2","fg0164","fg0977","fg0193","fg0701","fg0064","fg0559","fg0144","fg0404","fg0302","fg0958","fg0055","fg0734","fg0680","fg0170","fg0148","fg0618","fg0802","fg0574","fg0336","fg0844"
"fq004201","vx_0f3caccfda5017b8","fg0977","2","fg0164","fg0977","fg0193","fg0701","fg0211","fg0559","fg0064","fg0144","fg0005","fg0404","fg0924","fg0302","fg0181","fg0886","fg0077","fg0269","fg0676","fg0574","fg0266","fg0566"
"fq004202","vx_0f3caccfda5017b8","fg0977","2","fg0164","fg0977","fg0193","fg0064","fg0701","fg0559","fg0144","fg0404","fg0302","fg0211","fg0336","fg0148","fg0181","fg0566","fg0170","fg0055","fg0802","fg0574","fg0844","fg0607"
"fq004203","vx_0f3caccfda5017b8","fg0977","2","fg0164","fg0977","fg0193","fg0559","fg0064","fg0144","fg0701","fg0302","fg0211","fg0309","fg0148","fg0170","fg0404","fg0844","fg0574","fg0792","fg0607","fg0924","fg0025","fg0680"
"fq004204","vx_0f3caccfda5017b8","fg0977","3","fg0164","fg0193","fg0977","fg0211","fg0701","fg0566","fg0005","fg0064","fg0144","fg0559","fg0644","fg0170","fg0924","fg0309","fg0984","fg0181","fg0844","fg0728","fg0302","fg0025"
"fq004205","vx_0f3caccfda5017b8","fg0977","2","fg0164","fg0977","fg0193","fg0064","fg0559","fg0302","fg0144","fg0055","fg0701","fg0958","fg0644","fg0618","fg0279","fg0025","fg0734","fg0211","fg0148","fg0802","fg0680","fg0607"
"fq004206","vx_0f3caccfda5017b8","fg0977","2","fg0164","fg0977","fg0574","fg0667","fg0491","fg0499","fg0404","fg0527","fg0313","fg0161","fg0721","fg0193","fg0112","fg0064","fg0541","fg0761","fg0077","fg0148","fg0250","fg0559"
"fq004207","vx_0f3caccfda5017b8","fg0977","2","fg0164","fg0977","fg0193","fg0064","fg0559","fg0701","fg0211","fg0144","fg0607","fg0404","fg0302","fg0148","fg0802","fg0574","fg0924","fg0266","fg0181","fg0566","fg0540","fg0077"
"fq004208","vx_0f3caccfda5017b8","fg0977","3","fg0164","fg0193","fg0977","fg0559","fg0701","fg0302","fg0211","fg0148","fg0144","fg0064","fg0566","fg0005","fg0924","fg0309","fg0181","fg0025","fg0170","fg0984","fg0462","fg0844"
"fq004209","vx_0f3caccfda5017b8","fg0977","2","fg0164","fg0977","fg0193","fg0064","fg0701","fg0144","fg0211","fg0644","fg0559","fg0404","fg0266","fg0005","fg0170","fg0844","fg0676","fg0924","fg0566","fg0948","fg0302","fg0607"
"fq004210","vx_0f3caccfda5017b8","fg0977","18","fg0499","fg0426","fg0112","fg0411","fg0724","fg0318","fg0133","fg0037","fg0667","fg0980","fg0392","fg0533","fg0062","fg0561","fg0894","fg0260","fg0018","fg0977","fg0180","fg0077"
"fq004211","vx_0f3caccfda5017b8","fg0977","3","fg0164","fg0193","fg0977","fg0701","fg0844","fg0181","fg0211","fg0170","fg0566","fg0005","fg0540","fg0924","fg0309","fg0064","fg0559","fg0462","fg0644","fg0728","fg0144","fg0984"
"fq004212","vx_0f3caccfda5017b8","fg0977","2","fg0164","fg0977","fg0978","fg0144","fg0055","fg0559","fg0302","fg0721","fg0980","fg0695","fg0064","fg0148","fg0734","fg0299","fg0269","fg0957","fg0535","fg0404","fg0279","fg0025"
"fq004213","vx_0f3caccfda5017b8","fg0977","2","fg0164","fg0977","fg0813","fg0193","fg0426","fg0607","fg0404","fg0211","fg0025","fg0574","fg0701","fg0144","fg0064","fg0299","fg0680","fg0960","fg0559","fg0077","fg0302","fg0148"
"fq004214","vx_0f3caccfda5017b8","fg0977","20","fg0722","fg0136","fg0102","fg0648","fg0945","fg0192","fg0941","fg0801","fg0043","fg0501","fg0910","fg0164","fg0996","fg0956","fg0471","fg0610","fg0385","fg0849","fg0156","fg0977"
"fq004215","vx_0f3caccfda5017b8","fg0977","2","fg0193","fg0977","fg0701","fg0211","fg0728","fg0005","fg0181","fg0566","fg0924","fg0170","fg0844","fg0443","fg0309","fg0846","fg0462","fg0695","fg0984","fg0667","fg0816","fg0159"
"fq004216","vx_0f3caccfda5017b8","fg0977","3","fg0164","fg0193","fg0977","fg0701","fg0181","fg0309","fg0749","fg0211","fg0844","fg0566","fg0924","fg0170","fg0005","fg0025","fg0589","fg0540","fg0728","fg0644","fg0680","fg0802"
"fq004217","vx_0f3caccfda5017b8","fg0977","2","fg0164","fg0977","fg0144","fg0559","fg0064","fg0055","fg0302","fg0978","fg0734","fg0535","fg0148","fg0269","fg0607","fg0574","fg0695","fg0407","fg0404","fg0279","fg0889","fg0025"
"fq004218","vx_0f3caccfda5017b8","fg0977","3","fg0164","fg0136","fg0977","fg0192","fg0043","fg0722","fg0193","fg0910","fg0102","fg0996","fg0945","fg0648","fg0501","fg0801","fg0941","fg0610","fg0077","fg0144","fg0064","fg0404"
"fq004219","vx_0f3caccfda5017b8","fg0977","3","fg0164","fg0193","fg0977","fg0309","fg0844","fg0170","fg0540","fg0924","fg0701","fg0559","fg0211","fg0792","fg0566","fg0005","fg0064","fg0680","fg0404","fg0181","fg0336","fg0144"
"fq004220","vx_0f3caccfda5017b8","fg0977","2","fg0164","fg0977","fg0193","fg0064","fg0144","fg0701","fg0559","fg0644","fg0404","fg0211","fg0302","fg0181","fg0574","fg0148","fg0889","fg0566","fg0025","fg0902","fg0792","fg0055"
"fq004221","vx_0f3caccfda5017b8","fg0977","2","fg0164","fg0977","fg0193","fg0792","fg0309","fg0844","fg0559","fg0540","fg0680","fg0144","fg0404","fg0064","fg0701","fg0886","fg0574","fg0232","fg0148","fg0170","fg0072","fg0269"
"fq004222","vx_0f3caccfda5017b8","fg0977","2","fg0164","fg0977","fg0193","fg0844","fg0701","fg0144","fg0309","fg0540","fg0574","fg0792","fg0404","fg0680","fg0802","fg0924","fg0663","fg0706","fg0181","fg0170","fg0889","fg0064"
"fq004223","vx_39359b4ec16e6026","fg0978","6","fg0888","fg0535","fg0942","fg0250","fg0607","fg0978","fg0603","fg0902","fg0133","fg0320","fg0875","fg0055","fg0144","fg0159","fg0271","fg0467","fg0402","fg0522","fg0178","fg0366"
"fq004224","vx_39359b4ec16e6026","fg0978","2","fg0535","fg0978","fg0543","fg0942","fg0700","fg0888","fg0509","fg0159","fg0177","fg0133","fg0777","fg0952","fg0157","fg0394","fg0402","fg0271","fg0899","fg0483","fg0297","fg0055"
"fq004225","vx_943bb0a2f3c13f2f","fg0979","1","fg0979","fg0040","fg0362","fg0841","fg0260","fg0316","fg0079","fg0491","fg0411","fg0996","fg0522","fg0878","fg0947","fg0426","fg0053","fg0500","fg0737","fg0603","fg0450","fg0927"
"fq004226","vx_cb6b8eebeb7eda71","fg0980","383","fg0941","fg0102","fg0648","fg0801","fg0945","fg0501","fg0722","fg0043","fg0192","fg0910","fg0136","fg0385","fg0996","fg0471","fg0956","fg0610","fg0628","fg0838","fg0659","fg0228"
"fq004227","vx_f2c64d991295d456","fg0981","1","fg0981","fg0403","fg0839","fg0775","fg0441","fg0651","fg0947","fg0012","fg0876","fg0348","fg0695","fg0963","fg0730","fg0151","fg0681","fg0921","fg0911","fg0743","fg0781","fg0649"
"fq004228","vx_39ed64b4036ef11f","fg0982","1","fg0982","fg0397","fg0730","fg0239","fg0916","fg0380","fg0828","fg0698","fg0944","fg0807","fg0178","fg0926","fg0195","fg0477","fg0151","fg0226","fg0082","fg0118","fg0356","fg0109"
"fq004229","vx_39ed64b4036ef11f","fg0982","1","fg0982","fg0397","fg0730","fg0828","fg0632","fg0499","fg0842","fg0436","fg0138","fg0202","fg0217","fg0380","fg0151","fg0514","fg0764","fg0572","fg0091","fg0036","fg0718","fg0118"
"fq004230","vx_39ed64b4036ef11f","fg0982","1","fg0982","fg0632","fg0397","fg0499","fg0091","fg0828","fg0730","fg0514","fg0842","fg0200","fg0044","fg0246","fg0915","fg0624","fg0949","fg0513","fg0036","fg0925","fg0138","fg0109"
"fq004231","vx_39ed64b4036ef11f","fg0982","1","fg0982","fg0397","fg0730","fg0356","fg0149","fg0828","fg0916","fg0346","fg0380","fg0239","fg0780","fg0217","fg0226","fg0477","fg0082","fg0151","fg0698","fg0338","fg0009","fg0596"
"fq004232","vx_39ed64b4036ef11f","fg0982","1","fg0982","fg0397","fg0730","fg0380","fg0916","fg0151","fg0499","fg0828","fg0632","fg0138","fg0239","fg0513","fg0226","fg0514","fg0109","fg0925","fg0842","fg0091","fg0036","fg0949"
"fq004233","vx_39ed64b4036ef11f","fg0982","1","fg0982","fg0397","fg0730","fg0842","fg0632","fg0138","fg0091","fg0322","fg0499","fg0246","fg0044","fg0828","fg0514","fg0109","fg0364","fg0380","fg0513","fg0151","fg0955","fg0200"
"fq004234","vx_39ed64b4036ef11f","fg0982","1","fg0982","fg0397","fg0730","fg0828","fg0151","fg0886","fg0121","fg0380","fg0521","fg0133","fg0297","fg0916","fg0707","fg0958","fg0745","fg0814","fg0499","fg0976","fg0513","fg0024"
"fq004235","vx_39ed64b4036ef11f","fg0982","1","fg0982","fg0397","fg0730","fg0916","fg0380","fg0239","fg0151","fg0338","fg0054","fg0319","fg0698","fg0742","fg0419","fg0754","fg0356","fg0178","fg0250","fg0082","fg0101","fg0217"
"fq004236","vx_c1bd402ac1d0c9bf","fg0983","1","fg0983","fg0931","fg0052","fg0194","fg0509","fg0210","fg0875","fg0469","fg0467","fg0738","fg0607","fg0896","fg0555","fg0014","fg0714","fg0396","fg0363","fg0828","fg0735","fg0419"
"fq004237","vx_60bc9fbc40e42e30","fg0984","1","fg0984","fg0728","fg0634","fg0193","fg0435","fg0500","fg0635","fg0116","fg0932","fg0055","fg0005","fg0227","fg0161","fg0697","fg0686","fg0751","fg0250","fg0379","fg0443","fg0268"
"fq004238","vx_60bc9fbc40e42e30","fg0984","1","fg0984","fg0634","fg0116","fg0635","fg0728","fg0193","fg0686","fg0932","fg0005","fg0859","fg0697","fg0281","fg0751","fg0418","fg0853","fg0542","fg0518","fg0766","fg0520","fg0268"
"fq004239","vx_60bc9fbc40e42e30","fg0984","1","fg0984","fg0634","fg0116","fg0635","fg0193","fg0686","fg0728","fg0281","fg0932","fg0859","fg0418","fg0697","fg0520","fg0542","fg0821","fg0766","fg0915","fg0853","fg0005","fg0518"
"fq004240","vx_5d4d4e67b03d1ff4","fg0985","1","fg0985","fg0084","fg0292","fg0207","fg0156","fg0509","fg0535","fg0133","fg0952","fg0980","fg0896","fg0194","fg0006","fg0603","fg0450","fg0288","fg0421","fg0329","fg0912","fg0305"
"fq004241","vx_88a07b0a26e175d6","fg0986","1","fg0986","fg0032","fg0150","fg0847","fg0869","fg0860","fg0090","fg0103","fg0718","fg0583","fg0258","fg0417","fg0786","fg0763","fg0922","fg0858","fg0807","fg0281","fg0442","fg0430"
"fq004242","vx_41335fde2f320b7c","fg0987","21","fg0301","fg0160","fg0131","fg0863","fg0355","fg0017","fg0687","fg0667","fg0029","fg0639","fg0869","fg0021","fg0866","fg0790","fg0491","fg0350","fg0986","fg0396","fg0032","fg0627"
"fq004243","vx_41335fde2f320b7c","fg0987","1","fg0987","fg0021","fg0383","fg0017","fg0138","fg0867","fg0787","fg0973","fg0030","fg0938","fg0073","fg0029","fg0866","fg0639","fg0270","fg0641","fg0798","fg0778","fg0949","fg0679"
"fq004244","vx_41335fde2f320b7c","fg0987","1","fg0987","fg0383","fg0973","fg0867","fg0641","fg0138","fg0021","fg0938","fg0628","fg0514","fg0215","fg0787","fg0270","fg0017","fg0165","fg0121","fg0679","fg0616","fg0263","fg0107"
"fq004245","vx_41335fde2f320b7c","fg0987","4","fg0017","fg0029","fg0639","fg0987","fg0383","fg0138","fg0021","fg0973","fg0641","fg0938","fg0949","fg0073","fg0270","fg0790","fg0628","fg0798","fg0867","fg0866","fg0396","fg0787"
"fq004246","vx_9ce80e86f0beb382","fg0988","1","fg0988","fg0864","fg0296","fg0436","fg0828","fg0734","fg0338","fg0978","fg0194","fg0952","fg0609","fg0290","fg0083","fg0114","fg0381","fg0744","fg0922","fg0872","fg0298","fg0213"
"fq004247","vx_ffc7a105e4b7863c","fg0989","1","fg0989","fg0660","fg0455","fg0022","fg0596","fg0428","fg0696","fg0342","fg0691","fg0004","fg0407","fg0854","fg0051","fg0287","fg0053","fg0078","fg0063","fg0505","fg0919","fg0284"
"fq004248","vx_ffc7a105e4b7863c","fg0989","1","fg0989","fg0353","fg0691","fg0407","fg0660","fg0854","fg0771","fg0455","fg0804","fg0666","fg0269","fg0428","fg0022","fg0347","fg0266","fg0291","fg0250","fg0745","fg0137","fg0708"
"fq004249","vx_ee6071fe4d24ee8d","fg0990","29","fg0037","fg0062","fg0547","fg0588","fg0180","fg0533","fg0018","fg0379","fg0724","fg0811","fg0822","fg0679","fg0411","fg0665","fg0894","fg0027","fg0262","fg0886","fg0857","fg0745"
"fq004250","vx_ee6071fe4d24ee8d","fg0990","54","fg0037","fg0588","fg0062","fg0073","fg0180","fg0547","fg0018","fg0533","fg0745","fg0724","fg0379","fg0894","fg0679","fg0822","fg0811","fg0857","fg0778","fg0541","fg0308","fg0027"
"fq004251","vx_ee6071fe4d24ee8d","fg0990","219","fg0583","fg0258","fg0090","fg0869","fg0103","fg0032","fg0948","fg0986","fg0847","fg0860","fg0579","fg0176","fg0485","fg0150","fg0417","fg0378","fg0551","fg0718","fg0331","fg0960"
"fq004252","vx_ee6071fe4d24ee8d","fg0990","73","fg0863","fg0131","fg0301","fg0355","fg0160","fg0667","fg0350","fg0073","fg0491","fg0687","fg0790","fg0443","fg0188","fg0533","fg0085","fg0176","fg0258","fg0385","fg0866","fg0583"
"fq004253","vx_c4440a7bc84ad4ab","fg0991","4","fg0021","fg0787","fg0030","fg0991","fg0798","fg0405","fg0987","fg0907","fg0930","fg0396","fg0049","fg0955","fg0432","fg0106","fg0790","fg0017","fg0435","fg0869","fg0003","fg0816"
"fq004254","vx_c4440a7bc84ad4ab","fg0991","1","fg0991","fg0787","fg0030","fg0021","fg0935","fg0597","fg0325","fg0969","fg0798","fg0909","fg0447","fg0336","fg0777","fg0386","fg0059","fg0068","fg0079","fg0049","fg0020","fg0396"
"fq004255","vx_c4440a7bc84ad4ab","fg0991","1","fg0991","fg0787","fg0030","fg0021","fg0798","fg0935","fg0049","fg0969","fg0597","fg0447","fg0325","fg0777","fg0909","fg0336","fg0751","fg0987","fg0406","fg0020","fg0470","fg0059"
"fq004256","vx_c4440a7bc84ad4ab","fg0991","1","fg0991","fg0787","fg0030","fg0021","fg0325","fg0935","fg0597","fg0969","fg0777","fg0406","fg0386","fg0798","fg0049","fg0336","fg0447","fg0020","fg0987","fg0909","fg0920","fg0079"
"fq004257","vx_c4440a7bc84ad4ab","fg0991","1","fg0991","fg0722","fg0648","fg0102","fg0945","fg0941","fg0787","fg0801","fg0192","fg0910","fg0501","fg0043","fg0136","fg0996","fg0956","fg0610","fg0385","fg0935","fg0471","fg0325"
"fq004258","vx_c4440a7bc84ad4ab","fg0991","1","fg0991","fg0787","fg0325","fg0935","fg0406","fg0030","fg0386","fg0597","fg0020","fg0447","fg0777","fg0969","fg0021","fg0909","fg0396","fg0594","fg0482","fg0470","fg0418","fg0865"
"fq004259","vx_c4440a7bc84ad4ab","fg0991","4","fg0030","fg0021","fg0787","fg0991","fg0049","fg0798","fg0751","fg0980","fg0987","fg0496","fg0949","fg0556","fg0017","fg0831","fg0026","fg0066","fg0414","fg0499","fg0506","fg0747"
"fq004260","vx_c4440a7bc84ad4ab","fg0991","1","fg0991","fg0787","fg0935","fg0325","fg0597","fg0969","fg0386","fg0406","fg0909","fg0020","fg0777","fg0447","fg0336","fg0418","fg0079","fg0482","fg0300","fg0865","fg0425","fg0470"
"fq004261","vx_c4440a7bc84ad4ab","fg0991","1","fg0991","fg0787","fg0935","fg0325","fg0969","fg0597","fg0447","fg0336","fg0777","fg0909","fg0386","fg0406","fg0030","fg0079","fg0020","fg0059","fg0482","fg0418","fg0021","fg0470"
"fq004262","vx_c4440a7bc84ad4ab","fg0991","1","fg0991","fg0787","fg0030","fg0021","fg0325","fg0935","fg0597","fg0969","fg0406","fg0777","fg0798","fg0386","fg0049","fg0020","fg0447","fg0909","fg0336","fg0987","fg0920","fg0128"
"fq004263","vx_c4440a7bc84ad4ab","fg0991","2","fg0787","fg0991","fg0030","fg0021","fg0798","fg0049","fg0751","fg0987","fg0496","fg0777","fg0597","fg0969","fg0935","fg0325","fg0406","fg0983","fg0066","fg0909","fg0017","fg0336"
"fq004264","vx_c4440a7bc84ad4ab","fg0991","1","fg0991","fg0787","fg0030","fg0021","fg0935","fg0325","fg0798","fg0406","fg0386","fg0777","fg0597","fg0020","fg0910","fg0722","fg0396","fg0043","fg0192","fg0969","fg0447","fg0909"
"fq004265","vx_c4440a7bc84ad4ab","fg0991","2","fg0787","fg0991","fg0030","fg0021","fg0798","fg0049","fg0270","fg0987","fg0935","fg0597","fg0325","fg0496","fg0777","fg0751","fg0969","fg0406","fg0447","fg0336","fg0360","fg0386"
"fq004266","vx_c4440a7bc84ad4ab","fg0991","3","fg0030","fg0787","fg0991","fg0021","fg0798","fg0049","fg0987","fg0496","fg0017","fg0477","fg0983","fg0751","fg0066","fg0029","fg0128","fg0777","fg0639","fg0360","fg0291","fg0836"
"fq004267","vx_c4440a7bc84ad4ab","fg0991","2","fg0787","fg0991","fg0030","fg0021","fg0798","fg0935","fg0447","fg0049","fg0777","fg0987","fg0325","fg0751","fg0909","fg0406","fg0969","fg0128","fg0068","fg0597","fg0920","fg0333"
"fq004268","vx_c4440a7bc84ad4ab","fg0991","1","fg0991","fg0787","fg0030","fg0935","fg0325","fg0969","fg0021","fg0597","fg0447","fg0777","fg0336","fg0386","fg0909","fg0406","fg0079","fg0020","fg0059","fg0920","fg0798","fg0068"
"fq004269","vx_c4440a7bc84ad4ab","fg0991","11","fg0790","fg0798","fg0021","fg0907","fg0787","fg0405","fg0030","fg0483","fg0553","fg0106","fg0991","fg0955","fg0306","fg0432","fg0930","fg0658","fg0308","fg0225","fg0868","fg0156"
"fq004270","vx_c4440a7bc84ad4ab","fg0991","3","fg0787","fg0030","fg0991","fg0021","fg0798","fg0049","fg0987","fg0017","fg0496","fg0396","fg0066","fg0983","fg0751","fg0511","fg0412","fg0406","fg0160","fg0762","fg0379","fg0883"
"fq004271","vx_c4440a7bc84ad4ab","fg0991","1","fg0991","fg0787","fg0030","fg0021","fg0798","fg0969","fg0597","fg0049","fg0935","fg0336","fg0325","fg0777","fg0447","fg0987","fg0909","fg0079","fg0406","fg0059","fg0751","fg0470"
"fq004272","vx_c4440a7bc84ad4ab","fg0991","6","fg0021","fg0308","fg0798","fg0787","fg0790","fg0991","fg0030","fg0405","fg0837","fg0218","fg0333","fg0987","fg0432","fg0522","fg0156","fg0561","fg0878","fg0938","fg0118","fg0483"
"fq004273","vx_c4440a7bc84ad4ab","fg0991","4","fg0030","fg0787","fg0021","fg0991","fg0798","fg0049","fg0987","fg0496","fg0017","fg0679","fg0751","fg0983","fg0591","fg0029","fg0556","fg0003","fg0334","fg0066","fg0073","fg0639"
"fq004274","vx_eaca14329ddf79ba","fg0992","1","fg0992","fg0413","fg0041","fg0162","fg0311","fg0720","fg0278","fg0432","fg0747","fg0085","fg0683","fg0723","fg0726","fg0673","fg0405","fg0876","fg0618","fg0094","fg0465","fg0963"
"fq004275","vx_327ed01c996b8a2c","fg0993","1","fg0993","fg0684","fg0378","fg0347","fg0177","fg0084","fg0758","fg0579","fg0061","fg0825","fg0598","fg0485","fg0060","fg0862","fg0756","fg0194","fg0606","fg0291","fg0719","fg0122"
"fq004276","vx_a36080eef14951ee","fg0994","2","fg0069","fg0994","fg0254","fg0877","fg0431","fg0568","fg0574","fg0245","fg0980","fg0133","fg0514","fg0328","fg0949","fg0560","fg0867","fg0073","fg0957","fg0804","fg0973","fg0078"
"fq004277","vx_a36080eef14951ee","fg0994","1","fg0994","fg0069","fg0254","fg0877","fg0431","fg0245","fg0514","fg0078","fg0973","fg0867","fg0560","fg0278","fg0723","fg0928","fg0568","fg0328","fg0455","fg0398","fg0641","fg0383"
"fq004278","vx_a36080eef14951ee","fg0994","1","fg0994","fg0069","fg0254","fg0877","fg0431","fg0245","fg0514","fg0078","fg0560","fg0973","fg0867","fg0278","fg0568","fg0723","fg0928","fg0641","fg0189","fg0328","fg0234","fg0508"
"fq004279","vx_18512ce98f7052d4","fg0995","1","fg0995","fg0881","fg0201","fg0640","fg0713","fg0125","fg0461","fg0695","fg0912","fg0189","fg0055","fg0637","fg0407","fg0173","fg0276","fg0579","fg0803","fg0237","fg0721","fg0442"
"fq004280","vx_18512ce98f7052d4","fg0995","1","fg0995","fg0201","fg0881","fg0640","fg0461","fg0276","fg0912","fg0629","fg0713","fg0625","fg0940","fg0189","fg0329","fg0125","fg0579","fg0288","fg0442","fg0057","fg0762","fg0240"
"fq004281","vx_2afccf8c19a6b042","fg0996","11","fg0980","fg0506","fg0175","fg0751","fg0056","fg0896","fg0561","fg0012","fg0656","fg0831","fg0996","fg0666","fg0649","fg0112","fg0318","fg0133","fg0471","fg0382","fg0305","fg0766"
"fq004282","vx_2afccf8c19a6b042","fg0996","10","fg0649","fg0012","fg0299","fg0872","fg1000","fg0471","fg0492","fg0272","fg0846","fg0996","fg0383","fg0987","fg0055","fg0830","fg0536","fg0978","fg0382","fg0958","fg0318","fg0638"
"fq004283","vx_2afccf8c19a6b042","fg0996","10","fg0506","fg0980","fg0561","fg0175","fg0012","fg0656","fg0831","fg0299","fg0751","fg0996","fg0649","fg0958","fg0426","fg0737","fg0056","fg1000","fg0318","fg0745","fg0957","fg0896"
"fq004284","vx_8da4e11bf76ba2b5","fg0997","1","fg0997","fg0153","fg0934","fg0382","fg0271","fg0483","fg0619","fg0299","fg0510","fg0790","fg0695","fg0809","fg0055","fg0306","fg0538","fg0466","fg0881","fg0104","fg0176","fg0995"
"fq004285","vx_f645c7b8578c4dcb","fg0998","1","fg0998","fg0714","fg0555","fg0446","fg0240","fg0823","fg0611","fg0768","fg0419","fg0373","fg0592","fg0615","fg0114","fg0380","fg0700","fg0152","fg0128","fg0155","fg0599","fg0636"
"fq004286","vx_64169135366fd3e0","fg0999","1","fg0999","fg0463","fg0512","fg0166","fg0199","fg0053","fg0882","fg0468","fg0979","fg0497","fg0141","fg0012","fg0737","fg0903","fg0649","fg0368","fg0989","fg0595","fg0016","fg0026"
"fq004287","vx_64169135366fd3e0","fg0999","1","fg0999","fg0463","fg0512","fg0166","fg0199","fg0053","fg0468","fg0882","fg0979","fg0497","fg0141","fg0012","fg0737","fg0126","fg0903","fg0595","fg0042","fg0649","fg0368","fg0016"
"fq004288","vx_64169135366fd3e0","fg0999","1","fg0999","fg0463","fg0512","fg0166","fg0199","fg0053","fg0468","fg0882","fg0979","fg0497","fg0141","fg0737","fg0012","fg0903","fg0595","fg0649","fg0016","fg0026","fg0368","fg0214"
"fq004289","vx_64169135366fd3e0","fg0999","1","fg0999","fg0463","fg0512","fg0166","fg0199","fg0053","fg0747","fg0468","fg0650","fg0728","fg0631","fg0979","fg0012","fg0882","fg0306","fg0556","fg0637","fg0984","fg0528","fg0786"
"fq004290","vx_64169135366fd3e0","fg0999","1","fg0999","fg0463","fg0512","fg0166","fg0199","fg0053","fg0882","fg0468","fg0979","fg0497","fg0141","fg0012","fg0737","fg0903","fg0595","fg0649","fg0368","fg0016","fg0989","fg0126"
"fq004291","vx_64169135366fd3e0","fg0999","580","fg0533","fg0547","fg0588","fg0037","fg0062","fg0180","fg0379","fg0018","fg0822","fg0811","fg0724","fg0411","fg0665","fg0131","fg0894","fg0262","fg0027","fg0863","fg0679","fg0687"
"fq004292","vx_64169135366fd3e0","fg0999","45","fg0790","fg0483","fg0958","fg0299","fg0306","fg0747","fg0857","fg0133","fg0619","fg0637","fg0915","fg0745","fg0308","fg0978","fg0125","fg0650","fg0156","fg0551","fg0385","fg0761"
"fq004293","vx_64169135366fd3e0","fg0999","1","fg0999","fg0463","fg0512","fg0166","fg0199","fg0053","fg0468","fg0882","fg0979","fg0497","fg0141","fg0903","fg0737","fg0012","fg0126","fg0595","fg0368","fg0016","fg0989","fg0649"
"fq004294","vx_64169135366fd3e0","fg0999","1","fg0999","fg0463","fg0512","fg0166","fg0199","fg0053","fg0882","fg0468","fg0979","fg0141","fg0497","fg0012","fg0737","fg0903","fg0026","fg0595","fg0649","fg0492","fg0016","fg0928"
"fq004295","vx_7bb5806a5926e963","fg1000","1","fg1000","fg0382","fg0492","fg0536","fg0538","fg0681","fg0781","fg0446","fg0318","fg0471","fg0272","fg0075","fg0549","fg0934","fg0997","fg0638","fg0012","fg0830","fg0081","fg0216"
